<?xml version="1.0" encoding="utf-8"?>
<COLLADA xmlns="http://www.collada.org/2005/11/COLLADASchema" version="1.4.1" xmlns:xsi="http://www.w3.org/2001/XMLSchema-instance">
  <asset>
    <contributor>
      <author>Blender User</author>
      <authoring_tool>Blender 4.0.2 commit date:2023-12-05, commit time:07:41, hash:9be62e85b727</authoring_tool>
    </contributor>
    <created>2025-10-30T10:43:54</created>
    <modified>2025-10-30T10:43:54</modified>
    <unit name="meter" meter="1"/>
    <up_axis>Z_UP</up_axis>
  </asset>
  <library_effects>
    <effect id="m_2-effect">
      <profile_COMMON>
        <technique sid="common">
          <lambert>
            <emission>
              <color sid="emission">0 0 0 1</color>
            </emission>
            <diffuse>
              <color sid="diffuse">0.6 0.6 0.6 1</color>
            </diffuse>
            <reflectivity>
              <float sid="specular">1</float>
            </reflectivity>
            <index_of_refraction>
              <float sid="ior">1.45</float>
            </index_of_refraction>
          </lambert>
        </technique>
      </profile_COMMON>
    </effect>
    <effect id="m_1-effect">
      <profile_COMMON>
        <technique sid="common">
          <lambert>
            <emission>
              <color sid="emission">0 0 0 1</color>
            </emission>
            <diffuse>
              <color sid="diffuse">0.2 0.2 0.17 1</color>
            </diffuse>
            <reflectivity>
              <float sid="specular">1</float>
            </reflectivity>
            <index_of_refraction>
              <float sid="ior">1.45</float>
            </index_of_refraction>
          </lambert>
        </technique>
      </profile_COMMON>
    </effect>
  </library_effects>
  <library_images/>
  <library_materials>
    <material id="m_2-material" name="m_2">
      <instance_effect url="#m_2-effect"/>
    </material>
    <material id="m_1-material" name="m_1">
      <instance_effect url="#m_1-effect"/>
    </material>
  </library_materials>
  <library_geometries>
    <geometry id="link_5_1-mesh" name="link_5_1">
      <mesh>
        <source id="link_5_1-mesh-positions">
          <float_array id="link_5_1-mesh-positions-array" count="4668">-0.01295 0.009495496 -0.007330715 -0.01295 0.008839726 -0.008399963 -0.01295 0.01009994 -0.008399963 -0.01295 0.009799957 -0.005799949 -0.01295 0.01009994 0.0097 -0.01295 0.009799957 0.0097 -0.01295 -0.01009994 0.0097 -0.01295 -0.009799957 0.0097 -0.02999997 -0.009799957 0.0097 -0.0129525 0.01009994 0.0097 -0.02999997 0.009799957 0.0097 -0.03099995 0.01009994 0.0097 -0.03125 0.009465038 0.0097 -0.032 0.009832024 0.0097 -0.03216505 0.008549988 0.0097 -0.032732 0.00909996 0.0097 -0.03249996 0.007299959 0.0097 -0.03299999 0.008099973 0.0097 -0.03249996 -0.007299959 0.0097 -0.03299999 -0.008099973 0.0097 -0.03216505 -0.008549988 0.0097 -0.032732 -0.00909996 0.0097 -0.03125 -0.009465038 0.0097 -0.032 -0.009832024 0.0097 -0.03099995 -0.01009994 0.0097 -0.01889604 0.01009994 0.04247498 -0.01968157 0.01009994 0.04211038 -0.0129525 0.01009994 0.03972244 -0.03099995 0.01009994 0.02219998 -0.02364873 0.01009994 0.03981053 -0.02784049 0.01009994 0.0379514 -0.0322082 0.01009994 0.03655475 -0.03444749 0.01009994 0.02219998 -0.03444749 0.01009994 0.03377467 -0.03413736 0.01009994 0.03498548 -0.03334307 0.01009994 0.03597944 -0.01386249 0.01009994 0.0417546 -0.01482391 0.01009994 0.04238063 -0.01320636 0.01009994 0.0408135 -0.01594996 0.01009994 0.04259997 -0.0180391 0.01009994 0.04259997 -0.01295 -0.01009994 0.03959995 -0.03099995 -0.01009994 0.02219998 -0.03416621 -0.01009994 0.03492569 -0.0333687 -0.01009994 0.03595834 -0.03444999 -0.01009994 0.03365218 -0.0322082 -0.01009994 0.03655475 -0.03444999 -0.01009994 0.02219998 -0.01889604 -0.01009994 0.04247498 -0.0180391 -0.01009994 0.04259997 -0.02784049 -0.01009994 0.0379514 -0.02364873 -0.01009994 0.03981053 -0.01968157 -0.01009994 0.04211038 -0.01382863 -0.01009994 0.04172128 -0.01317834 -0.01009994 0.040748 -0.01480191 -0.01009994 0.04237163 -0.01594996 -0.01009994 0.04259997 -0.03299999 0.008099973 0.02219998 -0.03299999 -0.008099973 0.02219998 -0.032732 -0.00909996 0.02219998 -0.032 -0.009832024 0.02219998 -0.032732 0.00909996 0.02219998 -0.032 0.009832024 0.02219998 -0.03444999 0.00999999 0.02219998 -0.01694995 0.01199996 -0.01239997 -0.01694995 -0.01891678 -0.01239997 -0.02171063 -0.01750868 -0.01239997 -0.02340662 -0.01669114 -0.01239997 -0.02379369 -0.01638084 -0.01239997 -0.02477556 -0.01500606 -0.01239997 -0.02487534 -0.0146889 -0.01239997 -0.02494996 -0.01409149 -0.01239997 -0.02250838 -0.01721042 -0.01239997 -0.02329027 -0.01677238 -0.01239997 -0.02432185 -0.01581192 -0.01239997 -0.0244674 -0.01560562 -0.01239997 -0.02225059 0.01199996 -0.01239997 -0.02454781 -0.0154764 -0.01239997 -0.02296173 0.0119313 -0.01239997 -0.02325063 0.01186114 -0.01239997 -0.02409255 0.01146948 -0.01239997 -0.02384066 0.01162266 -0.01239997 -0.02494996 0.00999999 -0.01239997 -0.02487331 0.01047724 -0.01239997 -0.02484697 0.01055192 -0.01239997 -0.02460533 0.01098507 -0.01239997 -0.02450829 0.01110392 -0.01239997 -0.03244996 0.01199996 0.01065629 -0.03244996 0.01199996 0.0364806 -0.0322082 0.01199996 0.03655475 -0.03239184 0.01199996 0.008623719 -0.01541924 0.01199996 -0.01209551 -0.02784049 0.01199996 0.0379514 -0.01494997 0.01199996 -0.01186406 -0.02364873 0.01199996 0.03981053 -0.01968157 0.01199996 0.04211038 -0.01889604 0.01199996 0.04247498 -0.0180391 0.01199996 0.04259997 -0.01594996 0.01199996 0.04259997 -0.01494997 0.01199996 0.04242837 -0.0246728 0.01199996 -0.009605705 -0.02689588 0.01199996 -0.006538212 -0.0288403 0.01199996 -0.003286957 -0.03049099 0.01199996 1.22811e-4 -0.03127628 0.01199996 0.002221524 -0.03185367 0.01199996 0.004386663 -0.03221756 0.01199996 0.006597757 -0.01295 -0.01809996 0.03959995 -0.01295 -0.01809996 -0.008399963 -0.01295 -0.009799957 -0.005799949 -0.01295 -0.009495496 -0.007330715 -0.01295 -0.008839726 -0.008399963 -0.03444999 -0.01116442 0.01065629 -0.03444999 0.00999999 0.01065629 -0.03438353 -0.01119059 0.00842303 -0.03438854 0.00999999 0.008509397 -0.03420454 -0.01126044 0.006369471 -0.03420454 0.00999999 0.006369471 -0.03444999 -0.01116442 0.03365218 -0.01968157 -0.01810884 0.04211038 -0.02364873 -0.0169354 0.03981053 -0.02713209 -0.01590502 0.03822815 -0.03002643 -0.01495206 0.03718745 -0.0322082 -0.0141009 0.03655475 -0.0180391 -0.01859468 0.04259997 -0.01594996 -0.0192126 0.04259997 -0.01889604 -0.01834118 0.04247498 -0.03232777 -0.01192086 -6.6852e-4 -0.03232777 0.00999999 -6.6852e-4 -0.03125065 -0.01228797 -0.002985358 -0.0306003 0.00999999 -0.004236876 -0.03004378 -0.01266884 -0.00523734 -0.0285654 0.00999999 -0.007639348 -0.02880126 -0.01302826 -0.007278025 -0.0278086 0.00999999 -0.008750319 -0.02780783 -0.0133025 -0.008751451 -0.02623903 0.00999999 -0.01084947 -0.02661979 -0.0136305 -0.01036322 -0.03296691 -0.01170408 9.71557e-4 -0.03318136 0.00999999 0.001612663 -0.03351241 -0.01151245 0.002739131 -0.03352385 0.00999999 0.002781748 -0.03392505 -0.01136338 0.004538357 -0.03380894 0.00999999 0.003966093 -0.03435313 0.01061475 0.03440827 -0.03429776 0.01076531 0.01065629 -0.03418201 0.01099997 0.01065629 -0.03261977 0.01199275 0.03641468 -0.03344994 0.01173204 0.01065629 -0.03345429 0.01172953 0.03588438 -0.03321534 0.01184773 0.01065629 -0.03328537 0.01181715 0.03602522 -0.0330798 0.01189821 0.03617084 -0.03422808 0.01091563 0.03478455 -0.0341832 0.01099795 0.03488892 -0.0338642 0.01141417 0.01065629 -0.03395038 0.01132237 0.03530985 -0.03369021 0.01156896 0.03564745 -0.03315591 0.01184773 0.008579969 -0.03380376 0.01141417 0.008542895 -0.03423655 0.01076531 0.008518099 -0.03297793 0.01184773 0.006510376 -0.03362256 0.01141417 0.006436347 -0.03405326 0.01076531 0.006386876 -0.03260189 0.01184773 0.00422573 -0.03323626 0.01141417 0.004089295 -0.03366011 0.01076531 0.00399816 -0.03200536 0.01184773 0.00198853 -0.03119391 0.01184773 -1.80019e-4 -0.03262341 0.01141417 0.001791 -0.03178977 0.01141417 -4.36745e-4 -0.03303635 0.01076531 0.001659035 -0.03218793 0.01076531 -6.08284e-4 -0.02611976 0.01076531 -0.01075482 -0.02578026 0.01141417 -0.01048517 -0.02527219 0.01184773 -0.01008164 -0.02753478 0.01184773 -0.006959557 -0.02807641 0.01141417 -0.007316827 -0.02843832 0.01076531 -0.007555484 -0.02951377 0.01184773 -0.003650426 -0.03008478 0.01141417 -0.003958642 -0.03046631 0.01076531 -0.004164576 -0.01299297 0.01041245 0.04010605 -0.01325315 0.01105868 -0.00992757 -0.01317191 0.01091563 0.04073232 -0.0129525 0.01009994 -0.008541405 -0.01299649 0.0104289 -0.009008347 -0.0131672 0.01090651 -0.009700298 -0.01346999 0.0113452 -0.01037216 -0.01383537 0.01166057 -0.01090979 -0.01387435 0.01168608 0.04176604 -0.01397645 0.01174706 -0.01107543 -0.01397544 0.01174646 0.04185855 -0.01370972 0.01156896 0.04159528 -0.01334875 0.01119834 0.04109448 -0.01325136 0.01105576 0.04091048 -0.01432019 0.01189821 0.04211866 -0.01414746 0.01183187 -0.01125407 -0.01447141 0.0119419 0.04221034 -0.01459485 0.01196819 -0.01163315 -0.02713209 -0.01590502 -0.005650401 -0.02509605 -0.01650726 -0.008529901 -0.0144934 -0.01964342 -0.0115568 -0.01541924 -0.0193696 -0.01209551 -0.0144934 -0.01964342 0.04222267 -0.01480191 -0.01955217 0.04237163 -0.02836579 -0.01552271 -0.003745734 -0.0326308 -0.01392227 0.01065629 -0.0326308 -0.01392227 0.03640997 -0.02956414 -0.01511752 -0.001643896 -0.03256577 -0.01395004 0.008601427 -0.03063362 -0.01472699 5.18476e-4 -0.03212893 -0.01413393 0.005100548 -0.03174263 -0.01429247 0.00351721 -0.03151541 -0.01438403 0.0036152 -0.03123193 -0.01449638 0.001961708 -0.03239053 -0.01402437 0.0067119 -0.03422611 -0.0123015 0.01065629 -0.03422611 -0.0123015 0.03478926 -0.03358799 -0.01326888 0.01065629 -0.03358799 -0.01326888 0.03575664 -0.03337979 -0.01346135 0.03594911 -0.03416097 -0.01232928 0.00846523 -0.03398537 -0.01240354 0.006450057 -0.0335232 -0.01329743 0.008527815 -0.03334867 -0.01337379 0.006570279 -0.03156799 -0.01410359 1.43749e-5 -0.0321663 -0.0131126 -4.04825e-4 -0.03217536 -0.01386356 0.001544892 -0.03278684 -0.01287943 0.001195907 -0.03269302 -0.01365178 0.003192186 -0.03308403 -0.01348727 0.004867136 -0.03331565 -0.01267367 0.002918481 -0.03371512 -0.01251387 0.004669606 -0.02990281 -0.01391249 -0.004925608 -0.02866822 -0.01429903 -0.006949305 -0.02930676 -0.01492625 -0.004395723 -0.02807348 -0.01532405 -0.006369352 -0.03109979 -0.0135045 -0.002695679 -0.03050255 -0.01450657 -0.00222063 -0.02598291 -0.01593607 -0.009344995 -0.02652662 -0.01490956 -0.009999155 -0.01412153 -0.01927155 -0.01122838 -0.01362407 -0.01877409 -0.01062226 -0.01325446 -0.01840448 -0.009930729 -0.01302683 -0.01817685 -0.009180307 -0.01317834 -0.0183283 0.040748 -0.01382863 -0.01897865 0.04172128 -0.01300764 -0.0181576 0.04018527 -0.01320296 -0.005799949 -0.009799957 -0.01317512 -0.006580471 -0.009723067 -0.01301628 0.008023083 -0.009125292 -0.01310294 0.007330715 -0.009495496 -0.01317489 0.006583809 -0.009722411 -0.01320296 0.005799949 -0.009799957 -0.01295655 -0.008627891 -0.008628904 -0.01301681 -0.008018851 -0.009128093 -0.01310294 -0.007330715 -0.009495496 -0.0129565 0.008628427 -0.008628427 -0.005072772 -0.00276488 -0.009799957 -0.006011068 -0.003151357 -0.009799957 -0.004391372 0.002584815 -0.009799957 -0.01249998 -0.005799949 -0.009799957 -0.01249998 -0.005549967 -0.009799957 -0.008613944 0.005549967 -0.009799957 -0.01249998 0.005549967 -0.009799957 -0.01249998 0.005799949 -0.009799957 -0.007809996 0.004497826 -0.009799957 -0.006809473 0.003630459 -0.009799957 -0.008613944 -0.005549967 -0.009799957 -0.005653977 0.002983868 -0.009799957 -0.008314251 -0.005104064 -0.009799957 -0.007651805 -0.004335343 -0.009799957 -0.006877779 -0.003679096 -0.009799957 0.002388536 5.45176e-4 -0.009799957 0.002449989 0 -0.009799957 0 0.002449989 -0.009799957 0.002388536 -5.45176e-4 -0.009799957 0.002207338 -0.001062989 -0.009799957 0.001527547 0.001915454 -0.009799957 0.001915454 0.001527547 -0.009799957 0.001062989 0.002207338 -0.009799957 5.45176e-4 0.002388536 -0.009799957 0.002207338 0.001062989 -0.009799957 0.001915454 -0.001527547 -0.009799957 0.001527547 -0.001915454 -0.009799957 0.001062989 -0.002207338 -0.009799957 5.45176e-4 -0.002388536 -0.009799957 0 -0.002449989 -0.009799957 -0.003074109 0.002449989 -0.009799957 -0.003074109 -0.002449989 -0.009799957 -0.004085779 -0.002529203 -0.009799957 -0.01249998 0.009799957 -0.005799949 -0.01249998 0.009495496 -0.007330715 -0.01249998 0.007330715 -0.009495496 -0.01249998 0.008628427 -0.008628427 -0.01249998 -0.009799957 -0.005799949 -0.01249998 -0.008628427 -0.008628427 -0.01249998 -0.007330715 -0.009495496 -0.01249998 -0.009495496 -0.007330715 -0.03249996 -0.007299959 0.02219998 -0.03249996 -0.004699945 0.02219998 -0.03249996 0.007299959 0.0187 -0.03249996 0.002999961 0.0187 -0.03249996 0.002999961 0.03069996 -0.03249996 -0.004699945 0.03069996 -0.02985113 -0.009799957 0.02543604 -0.02999997 -0.009799957 0.02532249 -0.01889997 -0.009799957 0.009799957 -0.01249998 -0.009799957 0.009799957 -0.02016389 -0.009799957 0.02600419 -0.019584 -0.009799957 0.02576398 -0.01889997 -0.009799957 0.02532249 -0.02077424 -0.009799957 0.0261507 -0.02139997 -0.009799957 0.02619999 -0.02749997 -0.009799957 0.02619999 -0.0281257 -0.009799957 0.0261507 -0.02873605 -0.009799957 0.02600419 -0.02931594 -0.009799957 0.02576398 -0.01904881 0.009799957 0.02193605 -0.01889997 0.009799957 0.02182245 -0.01889997 0.009799957 0.009799957 -0.01249998 0.009799957 0.009799957 -0.0281257 0.009799957 0.02265071 -0.02749997 0.009799957 0.02269995 -0.02139997 0.009799957 0.02269995 -0.02077424 0.009799957 0.02265071 -0.02999997 0.009799957 0.02182245 -0.02931594 0.009799957 0.022264 -0.02873605 0.009799957 0.02250421 -0.02016389 0.009799957 0.02250421 -0.019584 0.009799957 0.022264 -0.03146648 0.009324669 0.02083921 -0.03125351 0.009463012 0.02102887 -0.03059172 0.009728908 0.02150154 -0.03090184 0.009631633 0.02129834 -0.0321663 0.008547723 0.01994955 -0.03186637 0.008963286 0.02040195 -0.03247612 0.007644295 0.01903784 -0.03246384 0.007723331 0.01911568 -0.03225153 0.008386552 0.01978182 -0.03249996 0.007309496 0.01871168 -0.0321663 -0.008547723 0.02344954 -0.03225153 -0.008386552 0.02328181 -0.03246384 -0.007723331 0.02261573 -0.03249996 -0.007310986 0.02221077 -0.03247612 -0.007644295 0.02253782 -0.03186637 -0.008963286 0.02390193 -0.03146648 -0.009324669 0.02433919 -0.03059172 -0.009728908 0.02500152 -0.03090184 -0.009631633 0.02479833 -0.03125351 -0.009463012 0.02452886 -0.01249998 -0.006799995 0.009465038 -0.01249998 -0.005549967 0.009799957 -0.01249998 -0.006799995 -0.009465038 -0.01249998 -0.008049964 -0.007299959 -0.01249998 -0.008049964 0.007299959 -0.01249998 -0.007715046 0.008549988 -0.01249998 -0.007715046 -0.008549988 -0.01249998 0.005549967 0.009799957 -0.01249998 0.006799995 0.009465038 -0.01249998 0.006799995 -0.009465038 -0.01249998 0.007715046 -0.008549988 -0.01249998 0.008049964 -0.007299959 -0.01249998 0.007715046 0.008549988 -0.01249998 0.008049964 0.007299959 -0.01639997 -0.007299959 0.009799957 -0.01673489 -0.008549988 0.009799957 -0.01764994 -0.009465038 0.009799957 -0.007364213 -0.005549967 0.009799957 -0.01764994 0.009465038 0.009799957 -0.01673489 0.008549988 0.009799957 -0.01639997 0.007299959 0.009799957 -0.002290606 0.00444442 0.009799957 -0.003180265 -0.00411266 0.009799957 -0.00150299 0.004768729 0.009799957 -6.71808e-4 0.004954636 0.009799957 -0.006692886 -0.00487864 0.009799957 -0.006071567 -0.004401922 0.009799957 -0.007364213 0.005549967 0.009799957 -0.005348026 -0.00410217 0.009799957 -0.006692886 0.00487864 0.009799957 -0.006238281 0.004505574 0.009799957 1.78899e-4 0.004996776 0.009799957 -0.002290606 -0.00444442 0.009799957 0.001024365 0.004893898 0.009799957 -0.00150299 -0.004768729 0.009799957 -6.71808e-4 -0.004954636 0.009799957 1.78899e-4 -0.004996776 0.009799957 0.001024365 -0.004893898 0.009799957 0.001840174 -0.004649043 0.009799957 0.003880798 -0.003152608 0.009799957 0.004359602 -0.002448141 0.009799957 0.004711866 -0.001672625 0.009799957 0.004927396 -8.48654e-4 0.009799957 0.002602577 -0.004269242 0.009799957 0.003289401 -0.003765523 0.009799957 -0.003180265 0.00411266 0.009799957 -0.004123091 0.003999948 0.009799957 -0.004123091 -0.003999948 0.009799957 -0.004571557 -0.003999948 0.009799957 0.004999995 0 0.009799957 0.004927396 8.48654e-4 0.009799957 0.004711866 0.001672625 0.009799957 -0.004571557 0.003999948 0.009799957 -0.005156815 0.004057586 0.009799957 -0.005719602 0.004228353 0.009799957 0.004359602 0.002448141 0.009799957 0.003880798 0.003152608 0.009799957 0.001840174 0.004649043 0.009799957 0.003289401 0.003765523 0.009799957 0.002602577 0.004269242 0.009799957 -0.01639997 0.007299959 0.0187 -0.01639997 0.002999961 0.0187 -0.01639997 -0.007299959 0.02219998 -0.01639997 -0.004699945 0.02219998 -0.01639997 -0.004699945 0.03069996 -0.01639997 0.002999961 0.03069996 -0.02749997 0.00879997 0.02369999 -0.02749997 0.004499971 0.02369999 -0.02139997 0.00879997 0.02369999 -0.02139997 0.004499971 0.02369999 -0.01673364 0.008547723 0.01994955 -0.01664847 0.008386552 0.01978182 -0.0164361 0.007723331 0.01911568 -0.01639997 0.007309496 0.01871168 -0.01642382 0.007644295 0.01903784 -0.01703357 0.008963286 0.02040195 -0.01743346 0.009324669 0.02083921 -0.01830822 0.009728908 0.02150154 -0.01799809 0.009631633 0.02129834 -0.01764643 0.009463012 0.02102887 -0.02139997 -0.00879997 0.02719998 -0.02139997 -0.006199955 0.02719998 -0.02749997 -0.00879997 0.02719998 -0.02749997 -0.006199955 0.02719998 -0.01743346 -0.009324669 0.02433919 -0.01764643 -0.009463012 0.02452886 -0.01830822 -0.009728908 0.02500152 -0.01799809 -0.009631633 0.02479833 -0.01673364 -0.008547723 0.02344954 -0.01703357 -0.008963286 0.02390193 -0.01642382 -0.007644295 0.02253782 -0.0164361 -0.007723331 0.02261573 -0.01664847 -0.008386552 0.02328181 -0.01639997 -0.007310986 0.02221077 -0.01657587 -0.004699945 0.03237366 -0.01657587 0.002999961 0.03237366 -0.01672607 -0.004699945 0.03296792 -0.01672607 0.002999961 0.03296792 -0.01709592 -0.004699945 0.03397423 -0.01709592 0.002999961 0.03397423 -0.0176779 -0.004699945 0.03505212 -0.0176779 0.002999961 0.03505212 -0.01793736 -0.004699945 0.03543162 -0.01793736 0.002999961 0.03543162 -0.01906347 -0.004699945 0.0366823 -0.01906347 0.002999961 0.0366823 -0.01917833 -0.004699945 0.03678375 -0.01917833 0.002999961 0.03678375 -0.02042496 -0.004699945 0.0376715 -0.02042496 0.002999961 0.0376715 -0.02110588 -0.004699945 0.03802251 -0.02110588 0.002999961 0.03802251 -0.0219624 -0.004699945 0.038356 -0.0219624 0.002999961 0.038356 -0.02330434 -0.004699945 0.03866803 -0.02330434 0.002999961 0.03866803 -0.0236085 -0.004699945 0.03870588 -0.0236085 0.002999961 0.03870588 -0.02529144 -0.004699945 0.03870588 -0.02529144 0.002999961 0.03870588 -0.0255956 -0.004699945 0.03866803 -0.0255956 0.002999961 0.03866803 -0.02693754 -0.004699945 0.038356 -0.02693754 0.002999961 0.038356 -0.02779406 -0.004699945 0.03802251 -0.02779406 0.002999961 0.03802251 -0.02847498 -0.004699945 0.0376715 -0.02847498 0.002999961 0.0376715 -0.02972161 -0.004699945 0.03678375 -0.02972161 0.002999961 0.03678375 -0.02983647 -0.004699945 0.0366823 -0.02983647 0.002999961 0.0366823 -0.03096258 -0.004699945 0.03543162 -0.03096258 0.002999961 0.03543162 -0.03122204 -0.004699945 0.03505212 -0.03122204 0.002999961 0.03505212 -0.03180402 -0.004699945 0.03397423 -0.03180402 0.002999961 0.03397423 -0.03217387 -0.004699945 0.03296792 -0.03217387 0.002999961 0.03296792 -0.03232407 -0.004699945 0.03237366 -0.03232407 0.002999961 0.03237366 -0.02376532 -0.006199955 0.0372141 -0.02445 -0.006199955 0.03319996 -0.02242588 -0.006199955 0.03692936 -0.02319997 -0.006199955 0.03286504 -0.02117496 -0.006199955 0.03637242 -0.03099995 -0.006199955 0.03069996 -0.03099995 -0.006199955 0.02577066 -0.03043889 -0.006199955 0.02624505 -0.02006715 -0.006199955 0.03556758 -0.02228492 -0.006199955 0.03194999 -0.01915091 -0.006199955 0.03454995 -0.02228492 -0.006199955 0.02944999 -0.01789999 -0.006199955 0.03069996 -0.02195 -0.006199955 0.03069996 -0.0180431 -0.006199955 0.03206181 -0.01846623 -0.006199955 0.03336411 -0.01789999 -0.006199955 0.02577066 -0.01846104 -0.006199955 0.02624505 -0.0198549 -0.006199955 0.02695524 -0.02661502 -0.006199955 0.03194999 -0.02569997 -0.006199955 0.03286504 -0.02883279 -0.006199955 0.03556758 -0.02513462 -0.006199955 0.0372141 -0.02647405 -0.006199955 0.03692936 -0.02772498 -0.006199955 0.03637242 -0.03085684 -0.006199955 0.03206181 -0.02695 -0.006199955 0.03069996 -0.03043371 -0.006199955 0.03336411 -0.02974903 -0.006199955 0.03454995 -0.02319997 -0.006199955 0.02853488 -0.02445 -0.006199955 0.02819997 -0.02569997 -0.006199955 0.02853488 -0.02904504 -0.006199955 0.02695524 -0.02661502 -0.006199955 0.02944999 -0.03099995 0.004499971 0.03069996 -0.02695 0.004499971 0.03069996 -0.03099995 0.004499971 0.02227067 -0.02661502 0.004499971 0.02944999 -0.02883279 0.004499971 0.03556758 -0.02569997 0.004499971 0.03286504 -0.02661502 0.004499971 0.03194999 -0.03085684 0.004499971 0.03206181 -0.03043371 0.004499971 0.03336411 -0.02974903 0.004499971 0.03454995 -0.02117496 0.004499971 0.03637242 -0.02319997 0.004499971 0.03286504 -0.02242588 0.004499971 0.03692936 -0.02445 0.004499971 0.03319996 -0.02376532 0.004499971 0.0372141 -0.02772498 0.004499971 0.03637242 -0.02647405 0.004499971 0.03692936 -0.02513462 0.004499971 0.0372141 -0.02006715 0.004499971 0.03556758 -0.01915091 0.004499971 0.03454995 -0.02228492 0.004499971 0.03194999 -0.02319997 0.004499971 0.02853488 -0.02445 0.004499971 0.02819997 -0.02569997 0.004499971 0.02853488 -0.02904504 0.004499971 0.02345526 -0.03043889 0.004499971 0.02274507 -0.02228492 0.004499971 0.02944999 -0.01846104 0.004499971 0.02274507 -0.0198549 0.004499971 0.02345526 -0.01846623 0.004499971 0.03336411 -0.0180431 0.004499971 0.03206181 -0.02195 0.004499971 0.03069996 -0.01789999 0.004499971 0.03069996 -0.01789999 0.004499971 0.02227067 -0.02061778 -0.00879997 0.02713841 -0.01639997 -0.00470674 0.02221238 -0.01647001 -0.005153059 0.02303409 -0.01639997 -0.007308065 0.02221256 -0.01660001 -0.005448341 0.0236001 -0.0198549 -0.00879997 0.02695524 -0.01913005 -0.00879997 0.02665501 -0.01827496 -0.00879997 0.02610307 -0.01783114 -0.008757352 0.02570194 -0.01766091 -0.006180822 0.02551949 -0.01759856 -0.00869894 0.02544796 -0.01726752 -0.006060123 0.02501475 -0.01717507 -0.008514761 0.02487403 -0.01714652 -0.005997002 0.02482831 -0.01687514 -0.00829792 0.02432745 -0.01693546 -0.005848765 0.02445125 -0.0165863 -0.007951915 0.02355229 -0.01665341 -0.005534291 0.02377164 -0.01642704 -0.007553994 0.02271962 -0.01641786 -0.007506549 0.02262228 -0.03231364 -0.007951915 0.02355229 -0.03224653 -0.005534291 0.02377164 -0.0324729 -0.007553994 0.02271962 -0.03230005 -0.005448162 0.02359974 -0.03248208 -0.007506549 0.02262228 -0.03249996 -0.007308065 0.02221256 -0.03244227 -0.005112111 0.02295756 -0.03249996 -0.00470674 0.02221238 -0.0310688 -0.008757352 0.02570194 -0.03062498 -0.00879997 0.02610307 -0.03130137 -0.00869894 0.02544796 -0.03143239 -0.006136298 0.02528804 -0.03172487 -0.008514761 0.02487403 -0.03163242 -0.006060123 0.02501475 -0.0320248 -0.00829792 0.02432745 -0.03175419 -0.005996584 0.02482706 -0.03201103 -0.005808055 0.02435648 -0.03043889 -0.00879997 0.02624505 -0.02976995 -0.00879997 0.02665501 -0.02828216 -0.00879997 0.02713841 -0.02904504 -0.00879997 0.02695524 -0.01659989 0.003748178 0.02009975 -0.01665341 0.003834307 0.02027165 -0.01639997 0.007306575 0.01871347 -0.01641786 0.007506549 0.0191223 -0.01642704 0.007553994 0.01921963 -0.0165863 0.007951915 0.02005231 -0.01645773 0.003412127 0.01945757 -0.01639997 0.003006756 0.0187124 -0.01783114 0.008757352 0.02220195 -0.01827496 0.00879997 0.02260309 -0.01759856 0.00869894 0.02194792 -0.01746761 0.004436314 0.02178806 -0.01717507 0.008514761 0.02137398 -0.01726752 0.004360139 0.02151477 -0.01687514 0.00829792 0.02082747 -0.01714575 0.004296541 0.02132701 -0.01688891 0.004108011 0.02085649 -0.01846104 0.00879997 0.02274507 -0.01913005 0.00879997 0.02315503 -0.02061778 0.00879997 0.02363842 -0.0198549 0.00879997 0.02345526 -0.02828216 0.00879997 0.02363842 -0.02904504 0.00879997 0.02345526 -0.02976995 0.00879997 0.02315503 -0.03062498 0.00879997 0.02260309 -0.03231364 0.007951915 0.02005231 -0.03175342 0.004297018 0.02132833 -0.0320248 0.00829792 0.02082747 -0.03163242 0.004360139 0.02151477 -0.03172487 0.008514761 0.02137398 -0.03123903 0.004480779 0.0220195 -0.03130137 0.00869894 0.02194792 -0.0310688 0.008757352 0.02220195 -0.03249996 0.003006756 0.0187124 -0.0324729 0.007553994 0.01921963 -0.03224653 0.003834307 0.02027165 -0.03196448 0.004148781 0.02095127 -0.03242993 0.003453075 0.01953405 -0.03229993 0.003748357 0.02010011 -0.03249996 0.007306575 0.01871347 -0.03248208 0.007506549 0.0191223 -0.01724994 -0.00911653 0.02455079 -0.01641893 -0.007598638 0.02256613 -0.0164287 -0.007667303 0.02265053 -0.01659888 -0.008249163 0.02337574 -0.01691365 -0.008771657 0.02405941 -0.0164169 -0.007552683 0.02259427 -0.01642566 -0.007610738 0.02268522 -0.01657795 -0.008102774 0.02346682 -0.01685947 -0.008544147 0.0242049 -0.01716017 -0.008835196 0.02473658 -0.01760196 -0.009104132 0.02531111 -0.01785457 -0.009201169 0.02557289 -0.0183587 -0.009299993 0.02599853 -0.01774376 -0.009435236 0.02508056 -0.01802581 -0.009549915 0.02532148 -0.01858747 -0.009666025 0.02571278 -0.01935702 -0.009666025 0.02620953 -0.01919084 -0.009299993 0.02653563 -0.01989626 -0.009299993 0.02682781 -0.02063876 -0.009299993 0.02700608 -0.02139997 -0.009299993 0.02706599 -0.02000939 -0.009666025 0.02647972 -0.02069604 -0.009666025 0.02664458 -0.02139997 -0.009666025 0.02669996 -0.02749997 -0.009666025 0.02669996 -0.02749997 -0.009299993 0.02706599 -0.0282039 -0.009666025 0.02664458 -0.02826118 -0.009299993 0.02700608 -0.02900367 -0.009299993 0.02682781 -0.0297091 -0.009299993 0.02653563 -0.03036016 -0.009299993 0.02613669 -0.03054124 -0.009299993 0.02599853 -0.02889055 -0.009666025 0.02647972 -0.02954292 -0.009666025 0.02620953 -0.03014498 -0.009666025 0.02584058 -0.03031247 -0.009666025 0.02571278 -0.03248101 -0.007598638 0.02256613 -0.03247123 -0.007667303 0.02265053 -0.03230106 -0.008249163 0.02337574 -0.03198629 -0.008771657 0.02405941 -0.03115618 -0.009435236 0.02508056 -0.03165 -0.00911653 0.02455079 -0.03087413 -0.009549915 0.02532148 -0.03248304 -0.007552683 0.02259427 -0.03247427 -0.007610738 0.02268522 -0.03232198 -0.008102774 0.02346682 -0.03204047 -0.008544147 0.0242049 -0.03173977 -0.008835196 0.02473658 -0.03129798 -0.009104132 0.02531111 -0.03104537 -0.009201169 0.02557289 -0.03165 0.00911653 0.02105075 -0.03248101 0.007598638 0.01906609 -0.03247123 0.007667303 0.01915055 -0.03230106 0.008249163 0.01987576 -0.03198629 0.008771657 0.02055943 -0.03248304 0.007552683 0.01909428 -0.03247427 0.007610738 0.01918524 -0.03232198 0.008102774 0.01996678 -0.03204047 0.008544147 0.02070492 -0.03173977 0.008835196 0.02123659 -0.03129798 0.009104132 0.02181112 -0.03104537 0.009201169 0.02207285 -0.03054124 0.009299993 0.02249848 -0.03115618 0.009435236 0.02158057 -0.03087413 0.009549915 0.02182143 -0.03031247 0.009666025 0.0222128 -0.02954292 0.009666025 0.02270948 -0.0297091 0.009299993 0.02303564 -0.02900367 0.009299993 0.02332782 -0.02826118 0.009299993 0.0235061 -0.02749997 0.009299993 0.023566 -0.02889055 0.009666025 0.02297973 -0.0282039 0.009666025 0.0231446 -0.02749997 0.009666025 0.02319997 -0.02139997 0.009666025 0.02319997 -0.02139997 0.009299993 0.023566 -0.02069604 0.009666025 0.0231446 -0.02063876 0.009299993 0.0235061 -0.01989626 0.009299993 0.02332782 -0.01919084 0.009299993 0.02303564 -0.01853978 0.009299993 0.02263665 -0.0183587 0.009299993 0.02249848 -0.02000939 0.009666025 0.02297973 -0.01935702 0.009666025 0.02270948 -0.01875495 0.009666025 0.02234053 -0.01858747 0.009666025 0.0222128 -0.01641893 0.007598638 0.01906609 -0.0164287 0.007667303 0.01915055 -0.01659888 0.008249163 0.01987576 -0.01691365 0.008771657 0.02055943 -0.01774376 0.009435236 0.02158057 -0.01724994 0.00911653 0.02105075 -0.01802581 0.009549915 0.02182143 -0.0164169 0.007552683 0.01909428 -0.01642566 0.007610738 0.01918524 -0.01657795 0.008102774 0.01996678 -0.01685947 0.008544147 0.02070492 -0.01716017 0.008835196 0.02123659 -0.01760196 0.009104132 0.02181112 -0.01785457 0.009201169 0.02207285 -0.01714998 0.004298985 0.03069996 -0.01732593 0.004385769 0.03069996 -0.01660096 0.003749966 0.03069996 -0.01683932 0.004060626 0.03069996 -0.01651418 0.003574013 0.03069996 -0.03087019 0.003574013 0.0353645 -0.02841788 0.003574013 0.03757262 -0.02690225 0.003574013 0.0382474 -0.01748162 0.004385769 0.03218114 -0.03141832 0.004385769 0.03218114 -0.01794183 0.004385769 0.03359758 -0.01868653 0.004385769 0.03488737 -0.01968306 0.004385769 0.03599417 -0.01700562 0.004060626 0.03228229 -0.0174973 0.004060626 0.03379553 -0.01829284 0.004060626 0.03517341 -0.01935744 0.004060626 0.03635579 -0.03021341 0.004385769 0.03488737 -0.03095811 0.004385769 0.03359758 -0.0306071 0.004060626 0.03517341 -0.03140264 0.004060626 0.03379553 -0.03189432 0.004060626 0.03228229 -0.01668757 0.003574013 0.03234994 -0.01720023 0.003574013 0.03392773 -0.01802974 0.003574013 0.0353645 -0.01913988 0.003574013 0.03659743 -0.02088797 0.004385769 0.03686958 -0.0222485 0.004385769 0.03747534 -0.02064466 0.004060626 0.03729099 -0.02209812 0.004060626 0.03793811 -0.02048206 0.003574013 0.03757262 -0.02199769 0.003574013 0.0382474 -0.0237053 0.004385769 0.03778499 -0.02365446 0.004060626 0.03826892 -0.02362048 0.003574013 0.03859233 -0.02519464 0.004385769 0.03778499 -0.02524548 0.004060626 0.03826892 -0.02527952 0.003574013 0.03859233 -0.03157401 0.004385769 0.03069996 -0.03174996 0.004298985 0.03069996 -0.03206062 0.004060626 0.03069996 -0.03229904 0.003749966 0.03069996 -0.03169971 0.003574013 0.03392773 -0.03221237 0.003574013 0.03234994 -0.03238576 0.003574013 0.03069996 -0.02680182 0.004060626 0.03793811 -0.02665144 0.004385769 0.03747534 -0.02825528 0.004060626 0.03729099 -0.02801197 0.004385769 0.03686958 -0.02976006 0.003574013 0.03659743 -0.0295425 0.004060626 0.03635579 -0.02921688 0.004385769 0.03599417 -0.03174996 -0.005999028 0.03069996 -0.03157401 -0.006085813 0.03069996 -0.03229904 -0.00544995 0.03069996 -0.03206062 -0.00576061 0.03069996 -0.03238576 -0.005273997 0.03069996 -0.01802974 -0.005273997 0.0353645 -0.02048206 -0.005273997 0.03757262 -0.02199769 -0.005273997 0.0382474 -0.03141832 -0.006085813 0.03218114 -0.01748162 -0.006085813 0.03218114 -0.03095811 -0.006085813 0.03359758 -0.03021341 -0.006085813 0.03488737 -0.02921688 -0.006085813 0.03599417 -0.03189432 -0.00576061 0.03228229 -0.03140264 -0.00576061 0.03379553 -0.0306071 -0.00576061 0.03517341 -0.0295425 -0.00576061 0.03635579 -0.01868653 -0.006085813 0.03488737 -0.01794183 -0.006085813 0.03359758 -0.01829284 -0.00576061 0.03517341 -0.0174973 -0.00576061 0.03379553 -0.01700562 -0.00576061 0.03228229 -0.03221237 -0.005273997 0.03234994 -0.03169971 -0.005273997 0.03392773 -0.03087019 -0.005273997 0.0353645 -0.02976006 -0.005273997 0.03659743 -0.02801197 -0.006085813 0.03686958 -0.02665144 -0.006085813 0.03747534 -0.02825528 -0.00576061 0.03729099 -0.02680182 -0.00576061 0.03793811 -0.02841788 -0.005273997 0.03757262 -0.02690225 -0.005273997 0.0382474 -0.02519464 -0.006085813 0.03778499 -0.02524548 -0.00576061 0.03826892 -0.02527952 -0.005273997 0.03859233 -0.0237053 -0.006085813 0.03778499 -0.02365446 -0.00576061 0.03826892 -0.02362048 -0.005273997 0.03859233 -0.01732593 -0.006085813 0.03069996 -0.01714998 -0.005999028 0.03069996 -0.01683932 -0.00576061 0.03069996 -0.01660096 -0.00544995 0.03069996 -0.01720023 -0.005273997 0.03392773 -0.01668757 -0.005273997 0.03234994 -0.01651418 -0.005273997 0.03069996 -0.02209812 -0.00576061 0.03793811 -0.0222485 -0.006085813 0.03747534 -0.02064466 -0.00576061 0.03729099 -0.02088797 -0.006085813 0.03686958 -0.01913988 -0.005273997 0.03659743 -0.01935744 -0.00576061 0.03635579 -0.01968306 -0.006085813 0.03599417 -0.005985736 -0.00558573 0.005427837 -0.006554067 -0.00615406 0.005115509 -0.005985736 -0.00558573 0.004899978 -0.007337927 -0.006937921 0.005087256 -0.008157074 -0.007757067 0.004899978 -0.008035242 -0.007635235 0.005446374 -0.008157074 -0.007757067 0.005568683 -0.005985736 0.00558573 0.00879997 -0.005985736 0.00558573 0.007772088 -0.006657063 0.006257057 0.00879997 -0.006554067 0.00615406 0.008084475 -0.00738269 0.006982684 0.008612811 -0.007337927 0.006937921 0.008112668 -0.007923901 0.007523953 0.008103132 -0.008035242 0.007635235 0.007753551 -0.008106827 0.00770682 0.007685065 -0.009499967 -0.008049964 0.004899978 -0.008864164 -0.008049964 0.004899978 -0.009499967 -0.008049964 -0.006052255 -0.009499967 -0.008049964 -0.007147669 -0.009290218 -0.008049964 -0.007299959 -0.009290218 -0.008049964 -0.007147669 -0.008864164 -0.008049964 0.006052255 -0.008864164 -0.008049964 0.007147669 -0.008864164 -0.008049964 0.007299959 -0.008864164 0.008049964 0.006052255 -0.008864164 0.008049964 0.004899978 -0.009499967 0.008049964 0.004899978 -0.009290218 0.008049964 -0.007147669 -0.009290218 0.008049964 -0.007299959 -0.009499967 0.008049964 -0.007147669 -0.008864164 0.008049964 0.007299959 -0.008864164 0.008049964 0.007147669 -0.009499967 0.008049964 -0.006052255 -0.002526462 -0.005442142 0.005569517 -0.002748727 -0.005333304 0.005706608 -0.002748727 -0.005333304 0.004899978 0.003123104 0.005123078 0.007070362 0.00286442 0.00527203 0.007399439 0.003123104 0.005123078 0.00879997 0.002526462 0.005442142 0.007630467 0.002208232 0.005578815 0.00879997 0.001903176 0.005690097 0.007854819 0.001229286 0.005872666 0.00879997 0.001229286 0.005872666 0.007968723 2.14679e-4 0.005996108 0.00879997 2.17738e-4 0.005996048 0.008027493 -8.06169e-4 0.005945563 0.00879997 -8.06169e-4 0.005945563 0.008005023 -0.001803576 0.005722463 0.00879997 -0.001697182 0.005754947 0.007899343 -0.002748727 0.005333304 0.00879997 -0.002526462 0.005442142 0.007630467 -0.002748727 0.005333304 0.007493317 0.00323981 0.005050063 0.006584465 0.00317198 0.005092978 0.006962478 0.00465697 0.003783106 0.00879997 0.003947317 0.004518628 0.00879997 0.002483248 0.00546199 0.005547642 0.002846956 0.005281507 0.005784988 0.003123104 0.005123078 0.004899978 0.003132522 0.005117297 0.006148099 0.00465697 0.003783106 0.004899978 0.003160417 0.005100131 0.006208777 -8.06169e-4 0.005945563 0.004899978 2.14383e-4 0.005996167 0.005172431 0.001229286 0.005872666 0.004899978 0.001229286 0.005872666 0.005231201 0.001877963 0.005698502 0.005339086 -0.002748727 0.005333304 0.005706608 -0.002483248 0.00546199 0.005547642 -0.002748727 0.005333304 0.004899978 -0.001675963 0.005761146 0.005296587 -8.06169e-4 0.005945563 0.005194902 0.001229286 -0.005872666 0.004899978 2.17738e-4 -0.005996048 0.005172491 -8.06169e-4 -0.005945563 0.004899978 -8.06169e-4 -0.005945563 0.005194902 -0.001697182 -0.005754947 0.005300581 0.00286442 -0.00527203 0.005800545 0.002526462 -0.005442142 0.005569517 0.003123104 -0.005123078 0.004899978 0.001903176 -0.005690097 0.005345106 0.001229286 -0.005872666 0.005231201 0.003160417 -0.005100131 0.006991147 0.00323981 -0.005050063 0.006615459 0.00465697 -0.003783106 0.004899978 0.00317198 -0.005092978 0.006237447 0.003123104 -0.005123078 0.006129562 0.002483248 -0.00546199 0.007652342 0.003123104 -0.005123078 0.00879997 0.001877963 -0.005698502 0.007860839 0.002208232 -0.005578815 0.00879997 0.001229286 -0.005872666 0.007968723 0.001229286 -0.005872666 0.00879997 2.14383e-4 -0.005996167 0.008027493 2.14679e-4 -0.005996108 0.00879997 -8.06169e-4 -0.005945563 0.008005023 -8.06169e-4 -0.005945563 0.00879997 -0.001675963 -0.005761146 0.007903397 -0.001803576 -0.005722463 0.00879997 -0.002483248 -0.00546199 0.007652342 -0.002748727 -0.005333304 0.00879997 -0.002748727 -0.005333304 0.007493317 0.005231559 0.002937793 0.00879997 0.005654275 0.002007186 0.004899978 0.005654275 0.002007186 0.00879997 0.005912899 0.001018345 0.00879997 0.005999982 0 0.004899978 0.005999982 0 0.00879997 0.005912899 -0.001018345 0.00879997 0.005654275 -0.002007186 0.004899978 0.002846956 -0.005281507 0.007414937 0.003132522 -0.005117297 0.007051825 0.003947317 -0.004518628 0.00879997 0.00465697 -0.003783106 0.00879997 0.005231559 -0.002937793 0.00879997 0.005654275 -0.002007186 0.00879997 -0.006292641 0.004490017 -0.006399989 -0.006965219 0.005062937 -0.006399989 -0.008499979 0.005062937 -0.006399989 -0.008499979 -0.005062937 -0.006399989 -0.002165019 -0.001249969 -0.006399989 -0.002499997 0 -0.006399989 -0.002165019 0.001249969 -0.006399989 -0.004765272 0.003716409 -0.006399989 -0.003074109 0.003449976 -0.006399989 -0.001249969 0.002165019 -0.006399989 0 0.003449976 -0.006399989 0 0.002499997 -0.006399989 0.001496851 0.003108322 -0.006399989 0.001249969 0.002165019 -0.006399989 0.002697288 0.002151012 -0.006399989 0.002165019 0.001249969 -0.006399989 0.00336349 7.67697e-4 -0.006399989 0.002499997 0 -0.006399989 0.00336349 -7.67697e-4 -0.006399989 0.002697288 -0.002151012 -0.006399989 0.002165019 -0.001249969 -0.006399989 0.001496851 -0.003108322 -0.006399989 0.001249969 -0.002165019 -0.006399989 0 -0.003449976 -0.006399989 0 -0.002499997 -0.006399989 -0.003074109 -0.003449976 -0.006399989 -0.001249969 -0.002165019 -0.006399989 -0.004765272 -0.003716409 -0.006399989 -0.006292641 -0.004490017 -0.006399989 -0.006965219 -0.005062937 -0.006399989 -0.008125901 -0.006775259 -0.008549451 -0.007996976 -0.006497383 -0.008146584 -0.00818479 -0.006917417 -0.008419871 -0.008176386 -0.006896495 -0.008121371 -0.008258461 -0.007113575 -0.008158981 -0.008280813 -0.007177948 -0.008038163 -0.006995558 -0.005093514 -0.006964802 -0.006292641 -0.004490017 -0.00879997 -0.00713396 -0.005239486 -0.007342696 -0.007326483 -0.005461812 -0.007652163 -0.008003413 -0.006510376 -0.008708119 -0.007934331 -0.006375432 -0.008756756 -0.007789075 -0.006118178 -0.00807321 -0.007761657 -0.006073057 -0.00879997 -0.007508099 -0.00569576 -0.007858872 -0.007508099 -0.00569576 -0.00879997 -0.006947517 -0.005045294 -0.00879997 -0.005559265 -0.004043459 -0.00879997 -0.003074109 -0.003449976 -0.00879997 -0.003930151 -0.003516972 -0.00879997 -0.004765272 -0.003716409 -0.00879997 -0.006995558 0.005093514 -0.006964802 -0.008172452 0.00688672 -0.008451223 -0.00824964 0.00708878 -0.008199393 -0.00817418 0.006891071 -0.008122384 -0.008271515 0.007150769 -0.008092284 -0.008280813 0.007177948 -0.008038163 -0.008138298 0.006804287 -0.008526027 -0.007997572 0.006498515 -0.008146643 -0.00802046 0.006545066 -0.008692383 -0.007789075 0.006118178 -0.00807321 -0.00781089 0.006154835 -0.00879687 -0.007973909 0.006451547 -0.008731722 -0.007133722 0.005239248 -0.007342219 -0.006234824 0.004448831 -0.00879997 -0.007329583 0.005465567 -0.007656216 -0.007081389 0.005182802 -0.00879997 -0.007508099 0.00569576 -0.007858872 -0.007508099 0.00569576 -0.00879997 -0.007761657 0.006073057 -0.00879997 -0.00525707 0.00390172 -0.00879997 -0.004765272 0.003716409 -0.00879997 -0.004188716 0.003564119 -0.00879997 -0.003074109 0.003449976 -0.00879997 -0.004123091 -0.004999995 0.004899978 -0.003381967 -0.005092978 0.006237447 -0.003563582 -0.005052626 0.006509542 -0.003576993 -0.005050122 0.006619572 -0.004123091 -0.004999995 0.00879997 -0.003550052 -0.005055189 0.006727218 -0.00335431 -0.005100131 0.006991147 -0.003496289 -0.005066156 0.006823539 -0.003415942 -0.005084514 0.00879997 -0.003415942 0.005084514 0.00879997 -0.003381967 0.005092978 0.006962478 -0.004123091 0.004999995 0.00879997 -0.003563582 0.005052626 0.006690382 -0.003576993 0.005050122 0.006580412 -0.004123091 0.004999995 0.004899978 -0.003550052 0.005055189 0.006472706 -0.00335431 0.005100131 0.006208777 -0.003496289 0.005066156 0.006376385 -0.008499979 0.007049977 0.004899978 -0.008499979 -0.007049977 0.004899978 -0.008499979 0.005497515 -0.005510389 -0.008499979 0.00616759 -0.005111515 -0.008499979 0.0069471 -0.005089342 -0.008499979 0.007049977 -0.00511676 -0.008499979 -0.005106508 -0.006185114 -0.008499979 0.005106508 -0.006185114 -0.008499979 -0.005497515 -0.005510389 -0.008499979 -0.00616759 -0.005111515 -0.008499979 -0.0069471 -0.005089342 -0.008499979 -0.007049977 -0.00511676 -0.004571557 -0.004999995 0.005427837 -0.004571557 -0.004999995 0.004899978 -0.004803359 -0.004999995 0.00688976 -0.004757225 -0.004999995 0.006226658 -0.00463885 -0.004999995 0.005924582 -0.004591524 -0.004999995 0.005702853 -0.004571557 -0.004999995 0.00879997 -0.004571557 -0.004999995 0.007772088 -0.004604995 -0.004999995 0.007418036 -0.004665315 -0.004999995 0.007190346 -0.004955291 -0.004999995 0.006674528 -0.004942059 -0.004999995 0.006508827 -0.004776298 -0.004999995 0.00626266 -0.005004286 -0.004999995 0.006593704 -0.004999816 -0.004999995 0.006584703 -0.004993736 -0.004999995 0.006575226 -0.005004703 -0.004999995 0.006604909 -0.005005538 -0.004999995 0.006599247 -0.005000412 -0.004999995 0.006614148 -0.004571557 0.004999995 0.007772088 -0.004571557 0.004999995 0.00879997 -0.004757225 0.004999995 0.006973326 -0.00463885 0.004999995 0.007275342 -0.004803359 0.004999995 0.006310164 -0.004591524 0.004999995 0.007497072 -0.004571557 0.004999995 0.004899978 -0.004571557 0.004999995 0.005427837 -0.004604995 0.004999995 0.005781888 -0.004665315 0.004999995 0.006009578 -0.004955291 0.004999995 0.006525397 -0.004942059 0.004999995 0.006691157 -0.004776298 0.004999995 0.006937325 -0.005004703 0.004999995 0.006604969 -0.004999816 0.004999995 0.006615221 -0.004993736 0.004999995 0.006624758 -0.005004703 0.004999995 0.006595015 -0.005005538 0.004999995 0.006600677 -0.005000412 0.004999995 0.006585776 0 0.002499997 0.004899978 -0.001249969 0.002165019 0.004899978 -0.008999943 0.007915973 0.004899978 -0.002499997 0 0.004899978 -0.00533694 -0.005152225 0.004899978 -0.002165019 -0.001249969 0.004899978 -0.002165019 0.001249969 0.004899978 -0.008633971 -0.007549941 0.004899978 -0.008481502 -0.007973849 0.004899978 -0.008999943 -0.007915973 0.004899978 -0.008633971 0.007549941 0.004899978 -0.001249969 -0.002165019 0.004899978 0 -0.002499997 0.004899978 0.001249969 -0.002165019 0.004899978 0.002165019 -0.001249969 0.004899978 0.002499997 0 0.004899978 0.002165019 0.001249969 0.004899978 0.001249969 0.002165019 0.004899978 -0.008481502 0.007973849 0.004899978 -0.008157074 0.007757067 0.004899978 -0.005985736 0.00558573 0.004899978 -0.00533694 0.005152225 0.004899978 0 0.003449976 -0.00879997 0 -0.003449976 -0.00879997 7.67697e-4 -0.00336349 -0.00879997 0.001496851 -0.003108322 -0.00879997 0.002151012 -0.002697288 -0.00879997 0.002697288 -0.002151012 -0.00879997 0.003108322 -0.001496851 -0.00879997 0.00336349 -7.67697e-4 -0.00879997 0.003449976 0 -0.00879997 0.00336349 7.67697e-4 -0.00879997 0.003108322 0.001496851 -0.00879997 0.002697288 0.002151012 -0.00879997 0.002151012 0.002697288 -0.00879997 7.67697e-4 0.00336349 -0.00879997 0.001496851 0.003108322 -0.00879997 -0.008157074 0.007757067 0.005568683 -0.008035242 0.007635235 0.005446374 -0.007337927 0.006937921 0.005087256 -0.006554067 0.00615406 0.005115509 -0.005985736 0.00558573 0.005427837 -0.005985736 -0.00558573 0.007772088 -0.005985736 -0.00558573 0.00879997 -0.006554067 -0.00615406 0.008084475 -0.006657063 -0.006257057 0.00879997 -0.007337927 -0.006937921 0.008112668 -0.007101714 -0.006701707 0.008732557 -0.007688581 -0.007288575 0.008388996 -0.008035242 -0.007635235 0.007753551 -0.008045792 -0.007645785 0.007866919 -0.008106827 -0.00770682 0.007685065 -0.008672118 0.005711078 -0.009794771 -0.00886476 0.006295502 -0.009686231 -0.009216487 0.007672727 -0.00862056 -0.009190618 0.007550656 -0.008799016 -0.009099423 0.007152616 -0.009218692 -0.009059071 0.006990253 -0.009343385 -0.009009182 0.006799101 -0.009465515 -0.008919775 0.00647974 -0.009620666 -0.009277522 0.007981657 -0.007880389 -0.009265899 0.007920444 -0.00809431 -0.009225189 0.007714986 -0.008550107 -0.00923264 -0.007751524 -0.008484542 -0.009274601 -0.007966101 -0.00794214 -0.009284079 -0.008016705 -0.007706403 -0.009044408 -0.006933152 -0.009382486 -0.009113967 -0.007213175 -0.009166479 -0.009201049 -0.007599472 -0.008731603 -0.009225189 -0.007714986 -0.008550047 -0.00881803 -0.006145596 -0.009727954 -0.008899688 -0.006411373 -0.009646892 -0.009009182 -0.006799221 -0.009465456 -0.008110046 -0.006793022 0.009469032 -0.007808804 -0.006291031 0.009687602 -0.008752942 -0.007864534 0.008244872 -0.008660912 -0.007711231 0.008556544 -0.008395671 -0.007269144 0.00911504 -0.008847832 0.008022785 0.007667779 -0.008662581 0.007713973 0.008551836 -0.00863105 0.007661402 0.00863862 -0.008113384 0.006798624 0.009465813 -0.00808978 0.006759345 0.009487986 2.05842e-4 0.005194127 0.005947232 -3.0265e-4 0.005574941 0.005437314 2.11623e-4 0.005187988 0.007239282 -6.48588e-4 0.005642354 0.007818758 2.05842e-4 -0.005194127 0.007252693 -3.0265e-4 -0.005574941 0.00776261 2.11623e-4 -0.005187988 0.005960643 -6.48588e-4 -0.005642354 0.005381166 -0.008670628 -0.00803107 0.007195353 -0.008504152 -0.007982909 0.007299959 -0.008864164 -0.007635235 0.007753551 -0.008453369 -0.007961452 0.007340848 -0.008864164 -0.00615406 0.008084475 -0.008864164 -0.006937921 0.008112668 -0.008864164 -0.005484402 0.007676064 -0.005648434 -0.005248427 0.007358789 -0.005677461 -0.005277454 0.00740838 -0.008864164 -0.005100429 0.006992161 -0.005795001 -0.005394995 0.007574915 -0.005872368 -0.005472362 0.007663488 -0.005888521 -0.005488514 0.007680356 -0.005478441 -0.005078434 0.006304323 -0.005459785 -0.005059778 0.006425917 -0.005457043 -0.005057036 0.006452023 -0.00544995 -0.005049943 0.006599962 -0.005500376 -0.005100429 0.006992161 -0.005713164 -0.005313158 0.005735874 -0.005698204 -0.005298197 0.005758583 -0.008864164 -0.005100429 0.006207764 -0.005648434 -0.005248427 0.005841135 -0.005500376 -0.005100429 0.006207764 -0.005494654 -0.005094647 0.006230592 -0.008864164 -0.005484402 0.00552386 -0.005884408 -0.005484402 0.00552386 -0.005824565 -0.005424559 0.005589544 -0.008864164 -0.007635235 0.005446374 -0.008864164 -0.006937921 0.005087256 -0.008864164 -0.00615406 0.005115509 -0.008656799 -0.008028209 0.005997836 -0.008481502 -0.007973849 0.005882382 -0.008656859 0.008028268 0.005997896 -0.008481502 0.007973849 0.005882382 -0.008864164 0.007635235 0.005446374 -0.008864164 0.00615406 0.005115509 -0.008864164 0.006937921 0.005087256 -0.008864164 0.005484402 0.00552386 -0.005648434 0.005248427 0.005841135 -0.005677461 0.005277454 0.005791604 -0.008864164 0.005100429 0.006207764 -0.005795001 0.005394995 0.005625009 -0.005872368 0.005472362 0.005536437 -0.005888521 0.005488514 0.005519568 -0.005478441 0.005078434 0.006895601 -0.005459785 0.005059778 0.006774067 -0.005457043 0.005057036 0.006747901 -0.00544995 0.005049943 0.006599962 -0.005500376 0.005100429 0.006207764 -0.005713164 0.005313158 0.007464051 -0.005698204 0.005298197 0.007441341 -0.008864164 0.005100429 0.006992161 -0.005648434 0.005248427 0.007358789 -0.005500376 0.005100429 0.006992161 -0.005494654 0.005094647 0.006969392 -0.008864164 0.005484402 0.007676064 -0.005884408 0.005484402 0.007676064 -0.005824565 0.005424559 0.00761038 -0.008864164 0.007635235 0.007753551 -0.008864164 0.006937921 0.008112668 -0.008864164 0.00615406 0.008084475 -0.00818932 0.007784605 0.007599592 -0.008670628 0.00803107 0.007195353 -0.008504152 0.007982909 0.007299959 -0.0084697 0.007582545 -0.007798731 -0.008750498 0.007886826 -0.007463991 -0.009499967 0.007599771 -0.007784426 -0.008930146 0.007982909 -0.007299959 -0.009096682 0.00803107 -0.007195353 -0.009499967 0.006896495 -0.008121371 -0.009499967 0.006118178 -0.00807321 -0.009499967 0.005461812 -0.007652163 -0.009499967 0.005093514 -0.006964802 -0.009499967 0.005106508 -0.006185114 -0.009499967 0.005497515 -0.005510389 -0.009499967 0.00616759 -0.005111515 -0.009499967 0.0069471 -0.005089342 -0.008536756 0.007318615 -0.005226612 -0.009499967 0.007638692 -0.005449533 -0.008633971 0.007549941 -0.005375206 -0.009353339 0.008039176 -0.006024479 -0.008999943 0.007915973 -0.005781054 -0.008999943 -0.007915973 -0.005781054 -0.009222686 -0.008010745 -0.005957961 -0.009499967 -0.007638692 -0.005449533 -0.009353995 -0.008039236 -0.006024718 -0.008536458 -0.007317602 -0.005226135 -0.009499967 -0.0069471 -0.005089342 -0.008635759 -0.00755316 -0.005377709 -0.008691668 -0.007638692 -0.005449533 -0.009499967 -0.005093514 -0.006964802 -0.009499967 -0.005106508 -0.006185114 -0.009499967 -0.005497515 -0.005510389 -0.009499967 -0.00616759 -0.005111515 -0.009499967 -0.005461812 -0.007652163 -0.009499967 -0.006118178 -0.00807321 -0.008485198 -0.007606387 -0.007778823 -0.0084697 -0.007582545 -0.007798731 -0.009499967 -0.007599771 -0.007784426 -0.009499967 -0.006896495 -0.008121371 -0.008750498 -0.007886826 -0.007463991 -0.008610606 -0.007765114 -0.007622182 -0.008524596 -0.007662355 -0.007728576 -0.008930146 -0.007982909 -0.007299959 -0.009096682 -0.00803107 -0.007195353 -0.005682706 0.005337059 0.00879997 -0.00533694 0.005152225 0.007772088 -0.004961729 0.00503838 0.00879997 -0.00533694 0.005152225 0.00879997 -0.00525546 0.005075991 0.007199287 -0.005255103 0.005079865 0.00722891 -0.005265951 0.005109071 0.007452547 -0.005289793 0.005128681 0.007600247 -0.005260229 0.005041718 0.006944 -0.005247175 0.005023777 0.006799161 -0.005241513 0.005019664 0.006756842 -0.005233764 0.005014955 0.0066908 -0.005232512 0.0050143 0.006676971 -0.005229234 0.005012571 0.006612479 -0.005232453 0.00501424 0.006523728 -0.005240738 0.005019187 0.006449103 -0.005259096 0.005038142 0.006282448 -0.005256414 0.005070567 0.006041407 -0.005260288 0.005101263 0.005807042 -0.005279779 0.005121767 0.005651235 -0.00533694 0.005152225 0.005427837 -0.00533694 -0.005152225 0.005427837 -0.00525546 -0.005075991 0.006000638 -0.005255103 -0.005079865 0.005971074 -0.005265951 -0.005109071 0.005747437 -0.005289793 -0.005128681 0.005599677 -0.005260229 -0.005041718 0.006255924 -0.005247175 -0.005023777 0.006400823 -0.005241513 -0.005019664 0.006443083 -0.005233764 -0.005014955 0.006509184 -0.005232512 -0.0050143 0.006522953 -0.005229234 -0.005012571 0.006587505 -0.005232453 -0.00501424 0.006676197 -0.005240738 -0.005019187 0.006750881 -0.005259096 -0.005038142 0.006917476 -0.005256414 -0.005070567 0.007158577 -0.005260288 -0.005101263 0.007392883 -0.005279779 -0.005121767 0.007548749 -0.00533694 -0.005152225 0.007772088 -0.005571544 -0.005267918 0.00879997 -0.005089163 -0.005068123 0.00879997 -0.008525073 -0.007652282 -0.007796108 -0.00887227 -0.007932305 -0.007671475 -0.008863151 -0.007888436 -0.007887125 -0.008822441 -0.007703006 -0.008383929 -0.008791506 -0.007571995 -0.008611083 -0.00870496 -0.007240235 -0.009014308 -0.008634924 -0.007000386 -0.009218275 -0.008486986 -0.00655359 -0.009477972 -0.008402407 -0.006325662 -0.009564399 -0.00818783 -0.005811512 -0.009666025 -0.00848633 -0.007504105 -0.008215844 -0.008456885 -0.007399499 -0.008407771 -0.008374154 -0.007134974 -0.008748531 -0.00830698 -0.006944 -0.008920848 -0.008164703 -0.006589233 -0.009140431 -0.008083164 -0.006408691 -0.009213566 -0.007875859 -0.006002962 -0.009299993 -0.007616102 -0.005616486 -0.009299993 -0.007911145 -0.005399882 -0.009666025 -0.007299661 -0.004690349 -0.009666025 -0.00658518 -0.004084587 -0.009666025 -0.005785167 -0.003597378 -0.009666025 -0.004919052 -0.003240644 -0.009666025 -0.004007935 -0.003023087 -0.009666025 -0.003074109 -0.002949953 -0.009666025 -0.007041871 -0.004950165 -0.009299993 -0.006371021 -0.004381358 -0.009299993 -0.005619764 -0.003923892 -0.009299993 -0.004806518 -0.003588974 -0.009299993 -0.003951013 -0.003384649 -0.009299993 -0.003074109 -0.003315985 -0.009299993 0 -0.002949953 -0.009666025 0 -0.003315985 -0.009299993 0 0.002949953 -0.009666025 6.56437e-4 0.002875983 -0.009666025 0 0.003315985 -0.009299993 7.37885e-4 0.003232836 -0.009299993 0.001438736 0.002987623 -0.009299993 0.002067506 0.002592563 -0.009299993 0.002592563 0.002067506 -0.009299993 0.002987623 0.001438736 -0.009299993 0.003232836 7.37885e-4 -0.009299993 0.003315985 0 -0.009299993 0.003232836 -7.37885e-4 -0.009299993 0.002987623 -0.001438736 -0.009299993 0.002592563 -0.002067506 -0.009299993 0.002067506 -0.002592563 -0.009299993 0.001438736 -0.002987623 -0.009299993 7.37885e-4 -0.003232836 -0.009299993 0.00127995 0.00265783 -0.009666025 0.00183928 0.002306401 -0.009666025 0.002306401 0.00183928 -0.009666025 0.00265783 0.00127995 -0.009666025 0.002875983 6.56437e-4 -0.009666025 0.002949953 0 -0.009666025 0.002875983 -6.56437e-4 -0.009666025 0.00265783 -0.00127995 -0.009666025 0.002306401 -0.00183928 -0.009666025 0.00183928 -0.002306401 -0.009666025 0.00127995 -0.00265783 -0.009666025 6.56437e-4 -0.002875983 -0.009666025 -0.003074109 0.002949953 -0.009666025 -0.003074109 0.003315985 -0.009299993 -0.004215836 0.003432869 -0.009299993 -0.004290044 0.003074467 -0.009666025 -0.005455493 0.003442823 -0.009666025 -0.006522119 0.004039645 -0.009666025 -0.007445693 0.004840314 -0.009666025 -0.005310237 0.003778755 -0.009299993 -0.006311774 0.004339218 -0.009299993 -0.007179021 0.005091011 -0.009299993 -0.007875859 0.006002962 -0.009299993 -0.00818783 0.005811512 -0.009666025 -0.008527755 0.007663071 -0.007748305 -0.00847131 0.007449865 -0.008321404 -0.008517086 0.007620692 -0.007913708 -0.008865952 0.007901906 -0.007830619 -0.008854746 0.007848918 -0.008026361 -0.008249461 0.005951166 -0.009650409 -0.008450925 0.006454288 -0.00951904 -0.008507728 0.006612181 -0.00945121 -0.008649706 0.007049262 -0.009181082 -0.008447051 0.007366001 -0.008460342 -0.008360147 0.007093608 -0.008789896 -0.008321166 0.006982922 -0.008889436 -0.008184671 0.006635665 -0.009117722 -0.008129954 0.006510496 -0.009175121 -0.007935464 0.006112933 -0.009286642 -0.008690357 0.007188379 -0.009063303 -0.008781194 0.007530033 -0.00867325 -0.008806586 0.007635116 -0.008508861 -0.00860536 0.008015871 0.007299959 -0.007010638 0.005903542 0.009666025 -0.007791757 0.006948053 0.009290218 -0.008347034 0.007897496 0.007574677 -0.008588373 0.007993757 0.007624864 -0.008361876 0.007698237 0.008491337 -0.00811845 0.007650911 0.00830698 -0.00754249 0.007026791 0.008981704 -0.006751835 0.006162345 0.009299993 -0.006080508 0.005491018 0.009299993 -0.006339311 0.005232214 0.009666025 -0.005757093 0.005225658 0.009299993 -0.005960464 0.004921317 0.009666025 -0.005528271 0.004690289 0.009666025 -0.005059242 0.004548013 0.009666025 -0.004571557 0.004499971 0.009666025 -0.0053882 0.005028426 0.009299993 -0.004987835 0.004907011 0.009299993 -0.004571557 0.004866003 0.009299993 -0.004123091 0.004499971 0.009666025 -0.004123091 0.004866003 0.009299993 -0.003298103 0.004598557 0.009666025 -0.003384411 0.004954278 0.009299993 -0.002519667 0.004888832 0.009666025 -0.002687335 0.005214214 0.009299993 -0.002519667 -0.004888832 0.009666025 -0.001653313 -0.005245566 0.009666025 -0.002687335 -0.005214214 0.009299993 -0.001763343 -0.00559467 0.009299993 -7.88168e-4 -0.005812823 0.009299993 2.09885e-4 -0.005862236 0.009299993 0.001201808 -0.005741536 0.009299993 0.00215888 -0.005454242 0.009299993 0.003053367 -0.005008697 0.009299993 0.003859162 -0.004417777 0.009299993 0.00455302 -0.003698647 0.009299993 0.005114734 -0.002872169 0.009299993 0.005528032 -0.001962363 0.009299993 0.005780875 -9.95645e-4 0.009299993 0.005865991 0 0.009299993 0.005780875 9.95645e-4 0.009299993 0.005528032 0.001962363 0.009299993 0.005114734 0.002872169 0.009299993 0.00455302 0.003698647 0.009299993 0.003859162 0.004417777 0.009299993 0.003053367 0.005008697 0.009299993 0.00215888 0.005454242 0.009299993 0.001201808 0.005741536 0.009299993 2.09885e-4 0.005862236 0.009299993 -7.88168e-4 0.005812823 0.009299993 -0.001763343 0.00559467 0.009299993 -7.38989e-4 -0.005450069 0.009666025 1.96789e-4 -0.005496442 0.009666025 0.001126825 -0.005383312 0.009666025 0.002024173 -0.005113899 0.009666025 0.002862811 -0.00469613 0.009666025 0.003618359 -0.004142105 0.009666025 0.004268884 -0.003467857 0.009666025 0.004795551 -0.002692937 0.009666025 0.0051831 -0.001839935 0.009666025 0.005420148 -9.3352e-4 0.009666025 0.005499958 0 0.009666025 0.005420148 9.3352e-4 0.009666025 0.0051831 0.001839935 0.009666025 0.004795551 0.002692937 0.009666025 0.004268884 0.003467857 0.009666025 0.003618359 0.004142105 0.009666025 0.002862811 0.00469613 0.009666025 0.002024173 0.005113899 0.009666025 0.001126825 0.005383312 0.009666025 1.96789e-4 0.005496442 0.009666025 -7.38989e-4 0.005450069 0.009666025 -0.001653313 0.005245566 0.009666025 -0.003298103 -0.004598557 0.009666025 -0.003384411 -0.004954278 0.009299993 -0.004123091 -0.004499971 0.009666025 -0.004123091 -0.004866003 0.009299993 -0.004571557 -0.004499971 0.009666025 -0.004571557 -0.004866003 0.009299993 -0.005218565 -0.004585146 0.009666025 -0.005123853 -0.004938721 0.009299993 -0.005821526 -0.00483489 0.009666025 -0.005638539 -0.005151867 0.009299993 -0.006339311 -0.005232214 0.009666025 -0.006080508 -0.005491018 0.009299993 -0.006751835 -0.006162345 0.009299993 -0.007010638 -0.005903542 0.009666025 -0.008247077 -0.007789731 0.008007824 -0.007492184 -0.006549894 0.009501576 -0.008114933 -0.007374405 0.008929729 -0.00848931 -0.007864654 0.008137345 -0.007869064 -0.0073812 0.008677303 -0.00723946 -0.006696701 0.00916022 -0.00860536 -0.008015871 0.007299959 0.002499997 0 -0.007399976 0.002165019 0.001249969 -0.007399976 0.001249969 0.002165019 -0.007399976 0 0.002499997 -0.007399976 -0.001249969 0.002165019 -0.007399976 -0.002165019 0.001249969 -0.007399976 -0.002499997 0 -0.007399976 -0.002165019 -0.001249969 -0.007399976 -0.001249969 -0.002165019 -0.007399976 0 -0.002499997 -0.007399976 0.001249969 -0.002165019 -0.007399976 0.002165019 -0.001249969 -0.007399976 0 0 -0.007399976 -0.002499997 0 0.005899965 -0.002165019 0.001249969 0.005899965 -0.001249969 0.002165019 0.005899965 0 0.002499997 0.005899965 0.001249969 0.002165019 0.005899965 0.002165019 0.001249969 0.005899965 0.002499997 0 0.005899965 0.002165019 -0.001249969 0.005899965 0.001249969 -0.002165019 0.005899965 0 -0.002499997 0.005899965 -0.001249969 -0.002165019 0.005899965 -0.002165019 -0.001249969 0.005899965 0 0 0.005899965</float_array>
          <technique_common>
            <accessor source="#link_5_1-mesh-positions-array" count="1556" stride="3">
              <param name="X" type="float"/>
              <param name="Y" type="float"/>
              <param name="Z" type="float"/>
            </accessor>
          </technique_common>
        </source>
        <source id="link_5_1-mesh-normals">
          <float_array id="link_5_1-mesh-normals-array" count="8241">1 0 0 1 5.81671e-6 0 1 5.35983e-6 0 0 0 1 1.11227e-6 0 1 2.54632e-6 0 1 4.44908e-7 0 1 -3.20273e-7 0 1 0 -1 0 0 -1 1.80761e-7 0 -1 0 0 -1 2.711e-6 0 -1 6.05164e-7 0 -1 -1.75937e-6 0 1 0 0 1 -8.95443e-7 0 1 0 0 1 -2.26882e-6 0 1 -1.53212e-7 0 1 1.64385e-6 0 1 9.13641e-7 0 1 1.16091e-6 0.9659255 0.2588205 0 0.9659267 0.2588163 0 0.7071081 0.7071055 0 0.7071058 0.7071078 0 0.2588181 0.9659261 0 0.2588193 0.9659258 0 0.9659255 -0.2588205 0 0.9659267 -0.2588163 0 0.7071081 -0.7071055 0 0.7071059 -0.7071077 0 0.2588182 -0.9659261 0 0.2588192 -0.9659258 0 2.47798e-6 0 1 -2.22455e-7 0 -1 0 0 -1 -1.07952e-6 0 -1 4.17884e-6 0 -1 -4.32751e-6 0 -1 -2.5408e-6 0 -1 6.56204e-7 0 -1 1.42177e-6 0 -1 -4.55084e-6 0 -1 3.30808e-5 0 -1 -2.04977e-5 0 -1 2.08122e-5 0 -1 -6.11342e-6 0 -1 0 1 0 0 1 3.65707e-7 0 1 0 0 1 0 0 1 0 0 1 4.16292e-7 0 1 4.27994e-7 0 1 1.95754e-7 0 1 -4.06564e-7 0 1 6.91475e-7 1 -2.24862e-7 0 1 -2.69545e-7 0 -0.9995576 0 -0.02974385 -0.9995911 -1.20857e-4 -0.02859425 -0.9962222 1.16614e-4 -0.08684152 -0.9963219 0 -0.08568918 -1 0 0 -1 -4.75589e-6 0 -0.5015493 0 0.8651291 -0.5015512 0 0.865128 -0.4054204 0 0.9141303 -0.415372 -0.007325828 0.9096221 -0.3372664 0.003720045 0.9414019 -0.3045515 -0.01275247 0.9524105 -0.2785171 0 0.9604313 -3.27992e-6 0 1 -0.1443235 0 0.9895306 -0.1443415 0 0.989528 -0.4209709 0 0.9070742 -0.4209796 0 0.9070702 -0.9067921 0 -0.4215783 -0.9000725 0.001796543 -0.4357366 -0.8814593 -7.97555e-4 -0.4722592 -0.8582288 0.001582562 -0.5132651 -0.8540884 5.85749e-4 -0.5201277 -0.8264706 -3.69951e-4 -0.5629799 -0.8291519 -1.18053e-6 -0.5590234 -0.8008683 1.78688e-6 -0.5988405 -0.8048769 7.57572e-4 -0.5934416 -0.7689588 -7.64904e-4 -0.6392979 -0.7733283 0 -0.6340059 -0.9317552 0 -0.3630874 -0.9365787 0.001096427 -0.3504558 -0.9555466 -7.33947e-4 -0.2948391 -0.9596728 4.83523e-5 -0.2811197 -0.9746995 -7.42176e-5 -0.2235198 -0.9722277 -9.84801e-4 -0.2340354 -0.9885416 0.001329183 -0.1509433 -0.9867244 0 -0.1624042 -0.5015498 0 0.8651288 -0.5015507 0 0.8651283 -0.4054217 0 0.9141297 -0.4054235 0 0.914129 -0.3045758 0 0.9524882 -0.3045743 0 0.9524886 -0.144324 0 0.9895306 -0.1443415 0 0.989528 -0.4209702 0 0.9070746 -0.4209778 0 0.9070709 -0.983621 0.1802493 0 -0.9807868 0.1950829 0 -0.9996197 0.02505123 -0.0115261 -0.896787 0.4422456 0.01385867 -0.9688152 0.247767 -0.002961277 -0.04249471 0.9990968 0 -0.4422845 0.8968749 1.31601e-5 -0.4602998 0.8877636 -2.00309e-4 -0.1950924 0.9807847 6.44286e-4 -0.3636332 0.9315274 -0.005261063 -0.2007595 0.97964 -0.001048803 -0.9231963 0.3843287 -4.17858e-4 -0.8780734 0.4785261 -2.351e-6 -0.7933573 0.6087565 1.24003e-5 -0.8120526 0.5835839 -6.66143e-4 -0.6087577 0.7933559 8.25776e-4 -0.6866715 0.7269655 -0.001858294 -0.5625729 0.8267477 -1.43352e-5 -0.1950876 0.98077 -0.005581259 -0.1950877 0.9807699 -0.005580425 -0.4422492 0.896803 -0.0126518 -0.554636 0.8314696 -0.03220641 -0.8305295 0.5555526 -0.03977668 -0.7931558 0.608596 -0.0226888 -0.6086655 0.793236 -0.01741081 -0.9803996 0.1950132 -0.02804517 -0.9804013 0.195005 -0.02804684 -0.8965666 0.442166 -0.02564799 -0.194448 0.9807703 -0.01672428 -0.1944516 0.9807695 -0.01672464 -0.5536804 0.8313665 -0.04761976 -0.5536831 0.8313648 -0.04762017 -0.8285153 0.5554143 -0.07125765 -0.8285194 0.5554081 -0.07125759 -0.977193 0.1950136 -0.08404427 -0.977193 0.1950143 -0.08404427 -0.1927197 0.9807412 -0.03171896 -0.1927199 0.980741 -0.03172045 -0.5486434 0.8311656 -0.09030091 -0.5486488 0.831162 -0.09030139 -0.820732 0.5551139 -0.1350836 -0.8207313 0.5551151 -0.1350831 -0.9678083 0.1948692 -0.1592898 -0.1829271 0.9807407 -0.06844973 -0.1829254 0.9807412 -0.06844884 -0.5207613 0.8311657 -0.1948626 -0.5207616 0.8311655 -0.1948629 -0.7790257 0.5551085 -0.2915024 -0.7790175 0.5551216 -0.2914994 -0.9251069 0.2659689 -0.2709945 -0.9535578 0.1950345 -0.2295413 -0.967808 0.1948693 -0.1592912 -0.1887199 0.9807407 -0.05032294 -0.1887186 0.980741 -0.05032259 -0.5372558 0.831163 -0.1432633 -0.5372553 0.8311635 -0.1432622 -0.8036881 0.5551194 -0.2143085 -0.8036965 0.5551063 -0.2143111 -0.947713 0.1948738 -0.2527142 -0.9186269 0.1948544 -0.3437387 -0.9186236 0.1948716 -0.3437381 -0.7631633 0.1225376 -0.6344814 -0.7023897 0.3918011 -0.5942564 -0.6473955 0.555562 -0.5217567 -0.6591933 0.5382574 -0.5251125 -0.5760338 0.6551623 -0.4888225 -0.4768686 0.7838591 -0.397695 -0.4330115 0.8314661 -0.3480879 -0.3567101 0.8826967 -0.3059484 -0.2314413 0.9528376 -0.1963046 -0.1547378 0.9807804 -0.1188539 -0.09577691 0.9919344 -0.08302438 -0.1581172 0.9807488 -0.1145897 -0.1581172 0.9807491 -0.1145871 -0.4501606 0.8312205 -0.326233 -0.4501605 0.8312206 -0.3262328 -0.6734631 0.5551968 -0.4880616 -0.6734617 0.5551986 -0.4880616 -0.175761 0.9807488 -0.08508843 -0.1757597 0.9807492 -0.08508652 -0.50039 0.8312202 -0.2422458 -0.5003884 0.8312217 -0.242244 -0.7486073 0.5551999 -0.3624089 -0.748606 0.5552003 -0.3624108 -0.882813 0.1949031 -0.4273805 -0.8828121 0.1949037 -0.4273819 -0.1675891 0.980749 -0.1002275 -0.1675885 0.9807491 -0.1002262 -0.4771268 0.8312202 -0.2853471 -0.4771258 0.8312213 -0.2853457 -0.7138062 0.5551964 -0.4268932 -0.7138055 0.5551975 -0.4268929 -0.8417701 0.1949076 -0.5034225 -0.8417705 0.1949074 -0.503422 -0.7460781 0.2637019 -0.6114154 -0.7650057 0.1950837 -0.613766 -0.7941951 0.1949078 -0.5755565 -0.7720174 0.2659906 -0.577268 -0.8105927 0.1950733 -0.5521649 0.991707 0.1285195 0 0.962549 0.2711035 -0.001504123 0.9419853 0.335654 -5.63468e-4 0.9911572 0.1326938 0 0.9398914 0.3414526 0.003791213 0.8632617 0.5046274 0.01142334 0.6533287 0.7570744 1.16865e-4 0.522499 0.8526399 -2.62456e-5 0.5127614 0.8585311 -6.22065e-7 0.5791314 0.8152338 -8.38977e-4 0.716595 0.6974895 3.02307e-4 0.7975456 0.6032586 -1.5727e-4 0.8257362 0.5640566 2.84879e-6 0.8698785 0.4932662 -2.79025e-6 0.4028831 0.9152514 2.09819e-6 0.4442458 0.895905 3.24363e-4 0.277137 0.9608305 -2.97071e-4 0.1199234 0.9927823 -0.001315355 0.2903612 0.9569163 0.001344799 0.08913153 0.9960199 0 -0.2836428 -0.9589301 0 -0.2836431 -0.9589299 0 -0.2836424 -0.9589301 -2.97835e-7 -0.2836431 -0.95893 0 -0.2836422 -0.9589302 0 -0.2836427 -0.95893 0 -0.2836427 -0.95893 0 -0.2836421 -0.9589302 0 -0.283644 -0.9589297 0 -0.2836419 -0.9589303 0 -0.2836425 -0.9589301 0 -0.2467973 -0.9684517 0.03453344 -0.3893977 -0.9210698 0 -0.3415951 -0.9398468 -9.09543e-4 -0.3624975 -0.9319773 -0.00375986 -0.3127312 -0.9498417 0 -0.2855479 -0.958114 0.0219112 -0.3587128 -0.9334471 0.001272857 -0.3138319 -0.9493399 0.01622962 -0.3741616 -0.9273622 0.001579046 -0.3732365 -0.9277358 -9.43059e-4 -0.3533855 -0.9354731 0.002982854 -0.3049259 -0.9521938 0.0186364 -0.3749041 -0.9270621 0.001707136 -0.3717371 -0.928334 0.002753078 -0.9811702 -0.193145 0 -0.9811689 -0.1931517 0 -0.8347499 -0.5506293 0 -0.8347533 -0.5506244 0 -0.6787289 -0.734389 0 -0.5637611 -0.8259364 -0.001643121 -0.5240999 -0.8516569 0 -0.9778413 -0.1940187 -0.07863336 -0.9780901 -0.1929784 -0.07809728 -0.8324084 -0.5517005 -0.05218142 -0.8318697 -0.5524699 -0.05263 -0.562193 -0.8268127 -0.01788103 -0.5597069 -0.8284657 -0.01930874 -0.9808134 -0.193081 -0.02692675 -0.9808941 -0.1926977 -0.02673083 -0.8346189 -0.550539 -0.01784461 -0.8344282 -0.5508223 -0.01801568 -0.5637512 -0.8259223 -0.006085753 -0.5628597 -0.8265259 -0.006637454 -0.5225585 -0.8487467 -0.08100378 -0.7896165 -0.5713604 -0.2237259 -0.923322 -0.1979357 -0.3290863 -0.5311836 -0.8436145 -0.07847738 -0.5357181 -0.8418486 -0.06555265 -0.5430067 -0.8373638 -0.06297367 -0.5466011 -0.8359204 -0.04964321 -0.5520715 -0.8324625 -0.04715132 -0.5546749 -0.831391 -0.03354102 -0.5582956 -0.8290441 -0.03149497 -0.7904603 -0.5703443 -0.2233377 -0.8054531 -0.5644937 -0.180533 -0.8061481 -0.5636179 -0.1801676 -0.8180239 -0.5588484 -0.1361084 -0.818525 -0.558195 -0.1357764 -0.8269939 -0.5547118 -0.09152048 -0.8273229 -0.5542643 -0.0912584 -0.9209173 -0.2044331 -0.3318412 -0.9438332 -0.1954486 -0.2664183 -0.9419285 -0.201146 -0.2689073 -0.9601591 -0.1937984 -0.2013376 -0.9588166 -0.198171 -0.2034679 -0.9718254 -0.1928015 -0.1355842 -0.9710025 -0.1957939 -0.1371824 -0.8503379 -0.2165898 -0.4795983 -0.8516418 -0.2130376 -0.4788749 -0.7284203 -0.6005951 -0.3296808 -0.7234899 -0.6064187 -0.3298768 -0.4717891 -0.8736815 -0.1187253 -0.4550036 -0.8826987 -0.1175372 -0.8758701 -0.2118218 -0.4335705 -0.8771762 -0.2079051 -0.4328251 -0.7521917 -0.5886922 -0.2960562 -0.747586 -0.5944131 -0.2962911 -0.4958246 -0.8618959 -0.1062707 -0.4794437 -0.871222 -0.1053866 -0.8992673 -0.2070948 -0.3852664 -0.9005047 -0.2031895 -0.3844546 -0.7734581 -0.5774905 -0.2612802 -0.7694054 -0.582679 -0.2617263 -0.517283 -0.850723 -0.09321469 -0.5023643 -0.8596168 -0.09321624 -0.3494718 -0.9347696 -0.06383991 -0.6741912 -0.6259326 -0.3920137 -0.5931919 -0.7398607 -0.3173792 -0.4357578 -0.8878054 -0.148043 -0.5601004 -0.8023036 -0.2063896 -0.4819632 -0.8603327 -0.1659497 -0.8064725 -0.215449 -0.5506214 -0.7779412 -0.2237673 -0.5871419 -0.8152437 -0.1018523 -0.5700912 -0.7874671 -0.2476943 -0.5643963 -0.7584303 -0.3672863 -0.5384092 -0.6726472 -0.6167917 -0.4087956 -0.7660356 -0.476393 -0.4315547 -0.7401118 -0.522269 -0.4236386 -0.4481724 -0.8841521 -0.1319725 -0.4460861 -0.885304 -0.1313169 -0.7032258 -0.6076683 -0.3690702 -0.6987571 -0.6135423 -0.3678375 -0.8160066 -0.2435405 -0.5242339 -0.8272972 -0.2202903 -0.5167703 0.7071049 -0.7071087 9.63978e-7 0.7071071 -0.7071065 0 0.7071091 -0.7071045 -1.84574e-6 0.7071073 -0.7071064 1.81026e-6 0.7071068 -0.7071068 -5.36126e-6 0.7071004 -0.7071133 6.43661e-6 0.7071121 -0.7071015 -4.22058e-6 0.7071068 -0.7071068 3.42007e-6 0.7071068 -0.7071068 0 0.4704952 0.1808533 0.8636703 0.9951847 0 0.09801727 0.98076 0.007154047 0.1950861 0.9569408 0 0.2902834 0.8314704 0 0.5555691 0.8314691 0 0.555571 0.5555705 0 0.8314695 0.555568 0 0.8314712 0.1950898 0 0.9807854 0.1950911 0 0.9807852 0.9393652 -2.79945e-4 -0.3429183 0.9691063 0.01049607 -0.2464202 0.9508498 0.002432525 -0.3096431 0.9384378 5.73122e-4 -0.3454479 0.9995901 0 -0.02862817 0.9951996 -0.001676261 -0.09785288 0.9927363 -3.61418e-4 -0.1203103 0.9568941 5.48219e-4 -0.2904369 0.9718916 -0.004048407 -0.2353942 0.9521841 -0.001022696 -0.3055235 0.9998437 0 -0.01768296 0.9996201 -0.001108646 -0.02754151 0.9957558 0.002713918 -0.09199559 0.9931939 -0.00250262 -0.1164464 0.9714465 0.003545939 -0.2372325 0.9295043 -0.02472245 -0.367982 0.9306137 0 -0.3660029 0.9305236 -1.99788e-6 -0.3662319 0.8988243 7.05155e-6 -0.4383094 0.8820548 -6.01655e-4 -0.4711465 0.8271796 4.32982e-4 -0.5619378 0.7610813 -8.45252e-4 -0.648656 0.5450291 -0.001968145 -0.838415 0.7218907 -0.001941204 -0.6920044 0.7729619 1.20136e-4 -0.6344526 0.6464256 -9.13756e-5 -0.7629772 0.6617197 3.11816e-4 -0.7497513 0.5028318 -4.75049e-4 -0.8643842 0.4422876 0 -0.8968734 0.1950917 0 -0.980785 0.1950906 0 -0.9807853 -0.3240792 0 0.94603 -0.4570353 0.01684898 0.8892891 -0.8247326 0.02110433 0.5651292 -0.6786282 2.11214e-4 0.7344821 -0.5243771 -6.17061e-4 0.851486 -0.7913317 -0.01635509 0.6111683 -0.9759856 0.0130791 0.2174423 -0.9811695 0 0.193149 0.1690962 0 0.9855996 0.1911911 -0.01199889 0.9814795 0.415146 0.004666268 0.9097428 0.5141643 -0.01910763 0.8574789 0.8042672 -0.01922482 0.5939568 0.7200192 3.85105e-4 0.6939541 0.5456553 -0.00195825 0.8380075 0.6426944 -0.08995974 0.7608227 0.588301 -0.0471962 0.8072636 0.962911 -0.1503018 0.2240797 0.9588038 -0.01229184 0.2838033 0.8201114 0.02222657 0.5717721 0.8656277 -0.1253879 0.4847337 0.8510801 -0.08690476 0.5177938 -0.9609253 -0.1267579 0.2460793 -0.9430348 -0.0230534 0.3318943 -0.7061775 -0.006891489 0.7080013 -0.7765648 -0.04145956 0.6286718 -0.7803548 -0.0460965 0.6236357 -0.877297 0.006877303 0.4798986 -0.9175526 -0.00403279 0.3975942 -0.2933225 0 0.9560136 -0.3614152 -0.009591102 0.9323558 -0.4624674 -0.03499585 0.8859454 -0.451985 -0.02871948 0.8915631 -0.5773959 -0.00235933 0.8164609 -0.6407238 0.001063406 0.7677709 1.86484e-6 0 -1 1.28815e-7 0 -1 -9.26864e-7 0 -1 8.86614e-7 0 -1 -1.46217e-6 0 -1 -3.06954e-6 0 -1 1.22394e-6 0 -1 5.11061e-7 0 -1 1.4656e-6 0 -1 -1.01991e-6 0 -1 -3.97832e-6 0 -1 2.38974e-6 0 -1 -2.85136e-6 0 -1 1.12726e-6 0 -1 -1.31229e-7 0 -1 -1.06588e-6 0 -1 0 0.9807854 -0.19509 0 0.4715059 -0.881863 0.1472373 0.5495153 -0.8224075 0 0.2907053 -0.9568126 0.1131429 0.1938381 -0.9744873 0 0.09845596 -0.9951415 0 0.6344876 -0.7729331 0 0.7340807 -0.6790624 0.1077913 0.8266252 -0.5523331 0 0.8524494 -0.5228099 0 0.9807854 -0.1950898 0 -0.9807852 -0.195091 -6.31293e-5 -0.7340182 -0.6791299 3.21647e-4 -0.5555706 -0.8314693 0.2555299 -0.5976257 -0.7599659 0 -0.4709451 -0.8821625 0 -0.195091 -0.9807852 0.2008832 -0.2666251 -0.9426331 0 -0.09803515 -0.995183 0.1336932 -0.8447977 -0.5181151 0 -0.8314689 -0.5555713 0 -0.9807856 -0.1950888 -1 -1.07295e-6 0 0 -1 -1.70697e-5 0 -1 0 0 -1 0 0 -1 0 0 -1 0 0 -1 1.86261e-7 0 -1 0 0 -1 0 0 1 1.13687e-5 0 1 -1.70697e-5 0 1 0 0 1 0 0 1 0 0 1 -1.27712e-7 0 1 2.38414e-7 0 1 2.40335e-7 0 1 -1.2876e-7 0 1 1.41091e-7 -0.544682 0.8386427 -1.88109e-5 -0.1191964 0.9928708 0 -0.2588195 0.9659257 9.39235e-5 -0.4201281 0.9072554 -0.01950079 -0.2939839 0.9557682 -0.008986949 -0.7071053 0.7071083 6.51404e-5 -0.8012323 0.5980795 -0.01810675 -0.6683099 0.7438743 -0.003615021 -0.9854151 0.1693751 -0.0164116 -0.9514356 0.3078316 -0.003169775 -0.88416 0.4671844 -9.60929e-6 -0.9659264 0.2588168 0 -0.9986603 0.04102593 -0.03153491 -0.9952661 0.09417188 -0.02402549 -0.8841629 -0.4671791 -7.16365e-6 -0.9516734 -0.3071031 -0.002363264 -0.9999986 -0.001691818 0 -0.9659251 -0.2588219 -2.26051e-4 -0.9959021 -0.08865237 -0.01788008 -0.9861692 -0.1652902 -0.01223742 -0.8108316 -0.5852796 1.89063e-5 -0.7070949 -0.7070958 -0.005707204 -0.6688203 -0.7434191 -0.002762734 -0.1191963 -0.9928707 0 -0.2951871 -0.955414 -0.006979465 -0.2588153 -0.9659156 -0.00469011 -0.4324218 -0.9016715 2.12262e-5 -0.5446923 -0.8386359 -1.43684e-5 1 -2.84773e-7 0 1 -1.2027e-6 0 1 6.66297e-7 0 1 1.2027e-6 0 1 -1.06607e-6 0 3.18432e-7 0 1 -5.11132e-7 0 1 8.77944e-7 0 1 3.09564e-7 0 1 -1.33511e-6 0 1 2.06522e-6 0 1 3.59577e-7 0 1 -4.06359e-6 0 1 2.95964e-7 0 1 1.76671e-6 0 1 -2.53539e-6 0 1 1.47096e-6 0 1 -1.72217e-6 0 1 1.12646e-6 0 1 2.16416e-6 0 1 -5.27462e-7 0 1 1.63359e-6 0 1 -3.83689e-6 0 1 2.69432e-6 0 1 -2.37515e-6 0 1 -5.86394e-7 0 1 1.92933e-6 0 1 -1.95121e-6 0 1 6.02543e-7 0 1 3.10368e-6 0 1 1.67538e-6 0 1 -2.30389e-6 0 1 -2.11403e-6 0 1 3.34236e-6 0 1 -4.21832e-6 0 1 -7.7175e-7 0 1 2.5227e-6 0 1 2.48607e-6 0 1 -7.3861e-6 0 1 1 2.78293e-7 0 1 -4.44672e-7 0 0.884158 0.467188 -9.51968e-6 0.9514251 0.3078637 -0.003200769 0.9999979 0.0020563 0 0.9659256 0.2588199 -2.75114e-4 0.9952372 0.09441626 -0.02426141 0.9854025 0.1694322 -0.01657396 0.8108355 0.5852742 2.57857e-5 0.7070857 0.7070866 -0.007645189 0.6682861 0.7438955 -0.003647267 0.1191962 0.9928707 0 0.2939344 0.9557827 -0.009061276 0.258814 0.9659076 -0.00615859 0.4324272 0.9016689 2.81335e-5 0.5446954 0.838634 -1.88144e-5 0.5446999 -0.8386312 -1.44053e-5 0.1191966 -0.9928707 0 0.258819 -0.9659259 7.22421e-5 0.422827 -0.9060821 -0.01525557 0.295156 -0.9554232 -0.007024228 0.7071068 -0.7071067 4.89146e-5 0.8034749 -0.5951754 -0.01394301 0.6688101 -0.7434281 -0.002781569 0.9861527 -0.1653814 -0.01232749 0.9516683 -0.3071187 -0.00238043 0.8841643 -0.4671761 -7.07912e-6 0.9659256 -0.2588203 0 0.9993683 -0.02587008 -0.02436703 0.9958868 -0.08879899 -0.01801079 0.9945219 0 0.1045287 0.994522 0 0.1045285 0.9695235 0 0.2449987 0.9695227 0 0.2450016 0.9386028 0 0.3449999 0.9386035 0 0.3449977 0.8799492 0 0.4750678 0.8799506 0 0.4750652 0.8254733 0 0.5644414 0.8254733 0 0.5644413 0.7431456 0 0.6691298 0.7431436 0 0.669132 0.6620038 0 0.7495005 0.6620315 0 0.7494761 0.5800604 0 0.8145735 0.5800538 0 0.8145782 0.4582226 0 0.8888374 0.4582305 0 0.8888334 0.3628025 0 0.9318661 0.3628169 0 0.9318605 0.2264992 0 0.9740114 0.226494 0 0.9740126 0.1234562 0 0.9923501 0.1234076 0 0.9923561 -0.1234076 0 0.9923561 -0.1234562 0 0.9923501 -0.226494 0 0.9740126 -0.2264992 0 0.9740114 -0.3628168 0 0.9318606 -0.3628026 0 0.9318661 -0.4582315 0 0.888833 -0.4582237 0 0.8888369 -0.5800532 0 0.8145786 -0.5800598 0 0.814574 -0.6620315 0 0.7494761 -0.6620038 0 0.7495005 -0.7431441 0 0.6691315 -0.7431461 0 0.6691292 -0.8254733 0 0.5644414 -0.8254733 0 0.5644413 -0.8799506 0 0.4750652 -0.8799492 0 0.4750678 -0.9386036 0 0.3449977 -0.9386028 0 0.345 -0.9695227 0 0.2450016 -0.9695235 0 0.2449986 -0.994522 0 0.1045285 -0.9945219 0 0.1045287 0 -1 -3.29803e-7 0 -1 3.40654e-7 0 -1 -6.52969e-7 0 -1 -1.23676e-7 0 -1 -2.44864e-7 0 -1 4.96393e-7 0 -1 3.26485e-7 0 -1 -1.70327e-7 0 -1 3.29803e-7 0 -1 -3.46674e-7 0 -1 -3.10766e-7 0 -1 6.59606e-7 0 1 3.17168e-7 0 1 -1.70327e-7 0 1 -4.8171e-7 0 1 0 0 1 1.63242e-7 0 1 0 0 1 3.29803e-7 0 1 1.6057e-7 0 1 3.46674e-7 0 1 2.73674e-7 0 1 -2.35952e-7 0 1 -1.37181e-7 0 1 2.3344e-7 0 1 -3.776e-7 0 1 1.93321e-7 0 1 1.29375e-7 0 1 1.63243e-7 0 1 0 0 1 2.3344e-7 0.0784614 0 0.9969173 0.1563876 0.02366966 0.9874122 0.9999994 0 0.001201152 0.9964045 -3.99592e-4 0.08472377 0.9995114 0.02568787 0.01781183 0.9785083 -0.04491478 0.2012565 0.2334509 0 0.9723687 0.3826787 0 0.9238816 0.4538618 0.02366936 0.8907577 0.5422981 -0.007062613 0.8401564 0.6456352 0.004510462 0.7636327 0.6706799 -0.001902461 0.7417445 0.7243123 9.46143e-4 0.6894714 0.7375566 -9.33671e-4 0.6752846 0.7885293 0.002040505 0.6149938 0.8052364 -0.003675222 0.5929425 0.8387391 3.62367e-4 0.5445336 0.8768774 -0.001228153 0.4807125 0.8731303 -0.003142714 0.4874768 0.9362671 0.005298674 0.3512492 0.9250088 -0.008793771 0.3798441 0.9812736 0.009776353 0.1923714 0.9593678 -0.03809875 0.2795746 0.9931889 0.03513133 0.1110933 0.9960354 0.05490303 0.06999421 -0.9812732 0.009776353 0.1923732 -0.9593786 -0.03810346 0.2795372 -0.9931905 0.0351268 0.1110806 -0.9960387 0.05486392 0.06997919 -0.9798203 -0.04064404 0.1957047 -0.9996638 0.02128553 0.01480937 -0.9970297 -3.61316e-4 0.0770179 -0.9999994 0 0.001201212 -0.6706795 -0.001900672 0.7417449 -0.6456352 0.004511415 0.7636328 -0.7372667 0.001668214 0.6755997 -0.7445635 0.003590643 0.667542 -0.8053093 -0.004177033 0.5928403 -0.8073934 -0.003426074 0.5900036 -0.8757727 0.005303323 0.4826949 -0.8415474 -0.01825368 0.5398749 -0.9319701 0.03115665 0.3611938 -0.8848469 -0.04888898 0.4633095 -0.9288436 -0.007831394 0.3703897 -0.6065527 0 0.7950434 -0.5225014 0 0.8526386 -0.4538618 0.02366977 0.8907576 -0.0784614 0 0.9969173 -0.1563877 0.0236696 0.9874121 -0.2334515 0 0.9723685 -0.3826777 0 0.9238819 0.9607218 0.05325973 0.2723547 0.9977886 -0.05911958 0.03037846 0.9969385 -0.0436486 0.06487351 0.993647 -0.02977782 0.1085306 0.9816573 -0.005842566 0.1905646 0.9787361 0.02513527 0.203578 0.9970234 2.19599e-4 0.07710039 0.9999993 0 0.001201391 0.6706412 0.001143634 0.7417811 0.6456365 -0.002727448 0.7636401 0.7373435 -0.001005887 0.6755173 0.7446637 -0.002151131 0.6674364 0.8050576 0.002488851 0.5931915 0.8072062 0.002035558 0.5902662 0.8761393 -0.003163397 0.4820477 0.8404915 0.01080387 0.5417171 0.9341386 -0.01866388 0.3564224 0.8822412 0.0288558 0.4699127 0.9283535 0.004672944 0.3716695 0.6065551 0 0.7950415 0.5224951 0 0.8526424 0.453944 -0.01431423 0.8909153 0.07846289 0 0.9969171 0.1564173 -0.01431447 0.9875873 0.2334477 0 0.9723694 0.3826838 0 0.9238794 -0.07846289 0 0.9969171 -0.1564174 -0.01431435 0.9875874 -0.2334482 0 0.9723693 -0.3826829 0 0.9238798 -0.453944 -0.01431393 0.8909153 -0.5423024 0.004270493 0.8401725 -0.6456365 -0.002727866 0.76364 -0.9341281 -0.01873153 0.356446 -0.8404114 0.01083177 0.5418409 -0.8761394 -0.003163039 0.4820476 -0.7891382 0.003249704 0.6142073 -0.8043994 -0.001806318 0.5940864 -0.7243821 9.91126e-4 0.6893981 -0.7373409 -0.001004636 0.6755201 -0.6706427 0.001142919 0.7417797 -0.9999993 0 0.001201391 -0.981657 -0.005843043 0.1905666 -0.9244545 0.005248665 0.3812565 -0.877541 0.0325126 0.478398 -0.9963973 2.41097e-4 0.08480906 -0.9773188 0.02771961 0.2099516 -0.9986158 -0.04667496 0.02425158 -0.9606373 0.05231875 0.2728344 -0.9969389 -0.04364442 0.06486952 -0.9936472 -0.02977114 0.108532 0.710776 -0.6997546 0.07170104 0.9954459 -0.09273689 -0.02208274 0.9928505 -0.1178387 0.01902663 0.9900982 -0.139628 0.01448458 0.979757 -0.1816087 0.08422845 0.9452712 -0.3254946 -0.02270853 0.9159434 -0.3912996 0.08906334 0.8974411 -0.3336479 0.2885804 0.851068 -0.5249715 -0.009394943 0.7925148 -0.597285 0.1231706 0.9991443 -0.005092263 0.0410453 0.9963608 -0.02895283 0.08016836 0.9964773 -0.02442234 0.08022832 0.9854258 -0.07000738 0.1550322 0.9851779 -0.03994148 0.1668215 0.9465905 -0.1176541 0.3002066 0.9474672 -0.0920794 0.3063128 0.8907352 -0.1557441 0.4270069 0.892883 -0.1417168 0.4274066 0.8180996 -0.1940686 0.5413414 0.8192506 -0.1895906 0.5411877 0.7440968 -0.2193075 0.6310501 0.7414172 -0.2231074 0.6328694 0.663457 -0.2409502 0.7083558 0.6522817 -0.2582827 0.7126141 0.9999974 -0.002278983 -2.12847e-4 0.9992967 -0.02155911 0.03068172 0.9986398 -0.05070036 0.01216506 0.996113 -0.07315886 0.04905807 0.9954209 -0.08263015 0.0480594 0.9857639 -0.1229533 0.1146833 0.9789128 -0.1886529 0.07835835 0.9435142 -0.2614716 0.2035028 0.9273113 -0.3316851 0.1734325 0.8766174 -0.3894581 0.2826031 0.8523332 -0.449006 0.2681825 0.7849863 -0.4957595 0.3715093 0.7447856 -0.5656401 0.3540422 0.6779207 -0.5930082 0.4344707 0.6357451 -0.6318207 0.4434309 0.5618293 -0.6472542 0.5151796 0.4976058 -0.705231 0.5050126 0.6420379 -0.7460006 0.1768344 0.6455894 -0.7484855 0.1516042 0.5094206 -0.850225 0.1326958 0.4860633 -0.85916 0.1599584 0.3905877 -0.9061563 0.162241 0.3384608 -0.9163328 0.2139593 0.2058978 -0.9643622 0.1661682 0.1410444 -0.9655878 0.2185103 0.3844693 -0.7052612 0.5956425 0.5240117 -0.2575621 0.8118335 0.5240162 -0.2575654 0.8118295 0.3697192 -0.2580736 0.8925838 0.369722 -0.2580738 0.8925825 0.225535 -0.2580745 0.9394315 0.225536 -0.2580762 0.9394308 0.07580542 -0.2580754 0.9631463 0.07580316 -0.2580751 0.9631465 0.3844698 -0.7052638 0.5956392 0.2710149 -0.7060151 0.6542887 0.2710166 -0.7060133 0.6542899 0.165323 -0.7060109 0.6886342 0.1653273 -0.7060166 0.6886274 0.05556815 -0.706016 0.7060125 0.05556285 -0.7060145 0.7060145 0.1410428 -0.9655872 0.218514 0.09933096 -0.9657253 0.2398087 0.09933245 -0.9657259 0.2398053 0.06059294 -0.9657257 0.2523934 0.06059467 -0.9657257 0.2523933 0.02036488 -0.9657257 0.2587649 0.02036708 -0.9657248 0.2587678 0 -0.9659253 0.258821 0 -0.9659259 0.2588189 0 -0.7071082 0.7071053 0 -0.7071074 0.7071062 0 -0.2588193 0.9659258 0 -0.258818 0.9659261 -0.02036619 -0.9657255 0.2587656 -0.05556827 -0.7060148 0.7060137 -0.07580548 -0.2580738 0.9631466 -0.0758031 -0.2580772 0.9631459 -0.2255397 -0.2580758 0.9394301 -0.2255316 -0.2580741 0.9394325 -0.369722 -0.2580748 0.8925822 -0.3697188 -0.2580748 0.8925837 -0.5047965 -0.2580808 0.8237566 -0.504803 -0.2580736 0.8237549 -0.5858991 -0.2587538 0.7679641 -0.5858981 -0.2587526 0.7679652 -0.05556285 -0.7060146 0.7060143 -0.165327 -0.7060126 0.6886314 -0.1653233 -0.706016 0.6886289 -0.2710162 -0.7060139 0.6542894 -0.271016 -0.7060142 0.6542891 -0.3700297 -0.706016 0.6038373 -0.3700363 -0.7060111 0.603839 -0.4289524 -0.7070077 0.5622633 -0.428963 -0.7070131 0.5622485 -0.02036559 -0.9657254 0.2587658 -0.06059455 -0.9657252 0.2523949 -0.0605933 -0.9657255 0.252394 -0.09933078 -0.965726 0.2398057 -0.09933239 -0.9657257 0.2398059 -0.1356224 -0.9657253 0.2213173 -0.1356212 -0.9657264 0.2213129 -0.1570312 -0.9659075 0.2058255 -0.1570285 -0.9659093 0.2058187 -0.9954543 -0.09264475 -0.02208292 -0.9917609 -0.1245445 0.02998483 -0.9909492 -0.1341232 0.005554199 -0.9735864 -0.198556 0.112717 -0.9472225 -0.3188216 -0.03350108 -0.9159374 -0.3913134 0.08906549 -0.9154134 -0.3808121 0.1303856 -0.8311116 -0.5545382 0.04172551 -0.7605316 -0.6238802 0.1799032 -0.6287029 -0.7631661 0.1493654 -0.6521647 -0.7404416 0.1625654 -0.735374 -0.6770803 0.02805894 -0.5094164 -0.8502271 0.1326993 -0.4242024 -0.8764597 0.2277521 -0.4479903 -0.8882528 0.1015466 -0.2640975 -0.922097 0.2828246 -0.2735013 -0.9556692 0.1090574 -0.9999962 -0.002762377 -3.19135e-4 -0.9991446 -0.02329003 0.03417092 -0.9986542 -0.05046606 0.01196342 -0.9956772 -0.07590484 0.05352991 -0.9957795 -0.08028995 0.04446119 -0.9834123 -0.1299949 0.1264973 -0.9797758 -0.1859782 0.07383447 -0.9360309 -0.2724358 0.2227667 -0.9319151 -0.3249113 0.161143 -0.8622572 -0.4021672 0.3078539 -0.863492 -0.439211 0.2479421 -0.760698 -0.5088195 0.4030402 -0.7642425 -0.5555387 0.3275823 -0.6455773 -0.6029745 0.4686703 -0.6653456 -0.6230984 0.4111735 -0.5192764 -0.6526751 0.5516949 -0.5348922 -0.7017027 0.4706418 -0.9991444 -0.005199134 0.04103022 -0.9965593 -0.02772003 0.07811105 -0.9963169 -0.02548485 0.08187443 -0.9864143 -0.06691622 0.1500309 -0.9848029 -0.04105156 0.1687549 -0.9490408 -0.1138964 0.2938524 -0.9459199 -0.09420102 0.3104221 -0.8937244 -0.152929 0.4217457 -0.8905109 -0.1436702 0.4316819 -0.8194334 -0.1932751 0.5396053 -0.8181602 -0.190074 0.5426656 -0.7413891 -0.2202552 0.6339006 -0.7439155 -0.2224534 0.6301621 -0.6531382 -0.2429743 0.7171987 -0.6613937 -0.2580718 0.7042424 -0.7107778 0.6997525 0.07170313 -0.9954488 0.09263646 -0.02236664 -0.9928456 0.1178817 0.01901268 -0.9901093 0.1395505 0.01446396 -0.9797531 0.1816373 0.08421349 -0.9452706 0.3254962 -0.02270847 -0.9159415 0.3913043 0.08906316 -0.8974421 0.3336425 0.2885836 -0.8510704 0.5249674 -0.009400546 -0.792516 0.5972835 0.1231699 -0.9991419 0.005273818 0.0410816 -0.9963585 0.02907025 0.08015513 -0.9964793 0.02439075 0.08021342 -0.9854287 0.06998032 0.1550262 -0.9851784 0.03992879 0.1668211 -0.9465893 0.1176554 0.3002099 -0.9474688 0.09205913 0.3063139 -0.8907355 0.1557341 0.4270095 -0.8928805 0.1417299 0.4274073 -0.8181001 0.1940759 0.5413382 -0.8192514 0.189588 0.5411871 -0.7440902 0.2193026 0.6310596 -0.7414276 0.2231094 0.6328566 -0.6634528 0.2409573 0.7083573 -0.6522794 0.2582885 0.712614 -0.9999993 5.52257e-4 0.001062393 -0.9993204 0.01862448 0.03181076 -0.998649 0.05054038 0.01207494 -0.996115 0.07312005 0.04907763 -0.9954318 0.08248609 0.04807966 -0.9857602 0.1229529 0.1147158 -0.9789125 0.1886506 0.07836556 -0.9435096 0.2614852 0.2035073 -0.9273073 0.3316965 0.1734317 -0.8766224 0.3894429 0.2826087 -0.8523286 0.449015 0.2681818 -0.7849797 0.4957709 0.3715078 -0.744794 0.5656247 0.3540489 -0.6779238 0.5930052 0.4344699 -0.6357482 0.6318187 0.4434294 -0.5618305 0.6472489 0.5151848 -0.4976087 0.7052305 0.5050104 -0.6420329 0.7460057 0.1768311 -0.6455915 0.7484844 0.1516009 -0.5094197 0.850225 0.132699 -0.4860543 0.8591655 0.1599563 -0.390596 0.9061529 0.1622396 -0.3384535 0.9163365 0.2139546 -0.2058988 0.9643617 0.166169 -0.1410438 0.9655876 0.2185114 -0.3844703 0.7052595 0.5956441 -0.5240147 0.2575585 0.8118328 -0.5240135 0.2575675 0.8118305 -0.369722 0.2580748 0.8925822 -0.369719 0.2580726 0.8925842 -0.2255357 0.2580719 0.939432 -0.2255402 0.258078 0.9394292 -0.07580101 0.2580749 0.9631468 -0.07580316 0.2580762 0.9631462 -0.3844672 0.7052668 0.5956372 -0.2710162 0.7060139 0.6542894 -0.271016 0.7060142 0.6542891 -0.165327 0.7060126 0.6886314 -0.1653233 0.7060158 0.688629 -0.05556827 0.7060148 0.7060137 -0.05556285 0.7060145 0.7060145 -0.1410428 0.9655872 0.218514 -0.09933143 0.9657256 0.2398069 -0.09933215 0.9657254 0.2398073 -0.06059294 0.965725 0.252396 -0.06059503 0.9657252 0.2523946 -0.02036619 0.9657255 0.2587656 -0.02036559 0.9657253 0.2587664 0 0.9659253 0.258821 0 0.9659259 0.2588189 0 0.7071086 0.7071051 0 0.7071071 0.7071065 0 0.2588191 0.9659258 0 0.2588181 0.9659262 0.02036499 0.9657254 0.2587661 0.05556356 0.7060161 0.7060127 0.07580101 0.2580744 0.9631469 0.0758031 0.2580761 0.9631463 0.2255392 0.2580752 0.9394302 0.2255359 0.2580749 0.9394312 0.3697189 0.2580757 0.8925833 0.3697224 0.2580706 0.8925833 0.5047968 0.258072 0.8237593 0.5047985 0.2580817 0.823755 0.5859109 0.2587562 0.7679543 0.5858985 0.2587528 0.7679648 0.05556774 0.7060157 0.7060129 0.1653271 0.7060121 0.688632 0.165323 0.7060145 0.6886305 0.2710158 0.7060129 0.6542908 0.2710155 0.7060155 0.654288 0.3700327 0.7060102 0.6038423 0.370032 0.7060124 0.6038402 0.4289624 0.7070103 0.5622524 0.4289665 0.7070105 0.562249 0.0203669 0.9657258 0.2587644 0.06059449 0.9657253 0.2523946 0.06059294 0.965726 0.2523919 0.0993312 0.9657257 0.2398063 0.09933102 0.9657259 0.239806 0.1356219 0.9657256 0.221316 0.1356219 0.965726 0.2213142 0.157034 0.9659074 0.2058237 0.1570299 0.9659087 0.2058205 0.9954506 0.09261804 -0.02236318 0.9917555 0.1245877 0.02998584 0.990949 0.1341232 0.005585789 0.9735886 0.1985331 0.1127389 0.9472247 0.3188148 -0.03350204 0.9159435 0.3912988 0.08906716 0.9153968 0.3808534 0.1303825 0.8311253 0.5545175 0.04172867 0.7605289 0.623882 0.1799086 0.6287097 0.7631603 0.149367 0.6521682 0.740438 0.162568 0.7353648 0.6770906 0.02805304 0.5094221 0.8502243 0.132695 0.4241979 0.8764621 0.2277513 0.4479943 0.8882507 0.1015477 0.264096 0.9220958 0.28283 0.2735007 0.9556694 0.1090572 0.9999989 0.001035451 0.001062393 0.9991229 0.02212506 0.03555297 0.998659 0.05040425 0.01181805 0.995674 0.07594949 0.05352663 0.9957751 0.08036363 0.04442805 0.9834169 0.1299955 0.1264613 0.9797757 0.1859815 0.07382911 0.9360409 0.2724041 0.2227633 0.9319138 0.324914 0.1611452 0.8622613 0.4021595 0.3078529 0.8634893 0.4392174 0.2479405 0.7606954 0.5088244 0.4030388 0.7642397 0.5555449 0.3275784 0.6455821 0.6029712 0.4686677 0.6653391 0.6231021 0.4111785 0.5192742 0.6526749 0.5516972 0.5348933 0.7017052 0.4706368 0.9991418 0.005166947 0.04110014 0.9965576 0.02772104 0.07813102 0.9963177 0.02542078 0.08188396 0.9864082 0.06697434 0.1500446 0.9848027 0.04105329 0.1687549 0.9490386 0.113918 0.2938511 0.9459184 0.09422188 0.3104204 0.8937249 0.1529389 0.4217411 0.890513 0.14366 0.4316809 0.8194344 0.1932686 0.5396059 0.8181579 0.1900764 0.5426682 0.7413908 0.2202427 0.6339029 0.7439189 0.2224544 0.6301578 0.6531388 0.2429751 0.717198 0.6613906 0.2580626 0.7042486 0.2588171 0 0.9659264 0.258821 0 0.9659254 0.7071064 0 0.7071073 0.9659258 0 0.2588192 0.9659258 0 0.2588192 0.9659258 0 -0.2588192 0.9659258 0 -0.2588192 0.7071043 0 -0.7071093 0.7071064 0 -0.7071073 0.2588171 0 -0.9659264 0.2588249 0 -0.9659243 -0.2588245 0 -0.9659245 -0.2588167 0 -0.9659265 -0.7071064 0 -0.7071073 -0.7071043 0 -0.7071093 -0.9659261 0 -0.2588179 -0.9659262 0 -0.2588179 -0.9659261 0 0.2588179 -0.9659262 0 0.2588179 -0.7071064 0 0.7071073 -0.2588206 0 0.9659255 -0.2588167 0 0.9659265 0.1456838 0.9893313 0 0.4626888 0.8865208 -2.30564e-5 0.3577924 0.9337998 0.00163412 0.4422833 0.8968733 -0.001946032 0.1950892 0.9807825 0.002457976 0.7595632 0.6504321 0.00143665 0.8493633 0.5278086 -6.41734e-6 0.5918357 0.8060586 5.63902e-5 0.6087599 0.7933543 7.51577e-4 0.7933538 0.6087599 -0.001067459 0.9900355 0.1408181 7.85832e-5 0.9999969 0.002498984 0 0.9209672 0.3896401 2.38134e-5 0.8968677 0.442295 -0.001865625 0.9807826 0.1950925 0.002115368 -0.8096233 0.1950135 0.5536065 -0.5690084 0.1942309 0.7990643 -0.3558599 0.1947822 0.9140152 0.4418089 0.8959066 0.04643565 -0.1950481 0.9805794 0.0205003 0.1950487 0.9805794 0.0205006 0.1950496 0.9805792 0.02050036 0.1865236 0.9805794 0.0606051 0.1865255 0.9805791 0.06060594 0.169849 0.980579 0.09806209 0.169846 0.9805796 0.09806191 0.14575 0.9805791 0.1312314 0.145748 0.9805793 0.1312323 0.7906061 0.6066607 0.08309537 0.6075192 0.7917344 0.06385248 0.5515887 0.8307526 0.07483381 0.5303852 0.8300561 0.1723324 0.5303869 0.8300547 0.1723338 0.4829646 0.8300563 0.2788399 0.4829658 0.8300559 0.2788391 0.4144354 0.8300564 0.3731617 0.414439 0.8300555 0.3731599 -0.1698476 0.9805793 0.09806144 -0.1698485 0.9805791 0.09806263 -0.4829661 0.8300558 0.2788391 -0.482964 0.8300565 0.2788406 -0.7212886 0.5534647 0.4164369 -0.1865236 0.9805794 0.06060516 -0.1865241 0.9805793 0.06060546 -0.5303892 0.830053 0.1723349 -0.5303856 0.830056 0.1723318 0.8260893 0.5541431 0.1024785 0.7921108 0.5534612 0.2573738 0.7921128 0.5534586 0.2573729 0.7212941 0.553458 0.4164363 0.7212912 0.55346 0.4164386 0.6189453 0.553463 0.557302 0.6189479 0.5534587 0.5573033 0.07977044 0.9805793 0.1791672 0.07977122 0.9805789 0.179169 0.2268304 0.8300565 0.5094646 0.22683 0.8300544 0.5094683 0.3387596 0.5534639 0.7608678 0.3387647 0.5534628 0.7608664 0.04077661 0.9805794 0.1918367 0.04077523 0.9805789 0.1918396 0.1159483 0.8300546 0.5454956 0.1159474 0.8300572 0.5454919 0.1731618 0.5534637 0.8146735 0.1731641 0.553461 0.814675 0 0.9805793 0.1961231 0 0.9805789 0.196125 0 0.8300569 0.5576787 0 0.8300557 0.5576804 0 0.5534601 0.8328757 0 0.5534611 0.8328751 -0.1950469 0.9805796 0.0205003 -0.4418238 0.8958993 0.0464372 -0.5515886 0.8307526 0.07483363 -0.6075192 0.7917345 0.0638532 -0.7906116 0.6066532 0.08309686 -0.7212933 0.5534573 0.4164386 -0.7921109 0.5534613 0.2573732 -0.7921108 0.5534619 0.2573722 -0.8260837 0.5541518 0.102478 -0.8929246 0.4403159 0.09384948 0.9756153 0.194062 0.1025414 0.9756158 0.1940588 0.1025421 0.8929069 0.4403519 0.0938487 0.6492726 0.195088 0.7351093 0.7290174 0.194065 0.6564088 0.7290163 0.1940632 0.6564106 0.8096221 0.19502 0.5536057 0.8384133 0.2505062 0.4840556 0.8631371 0.1945475 0.4659889 0.9329754 0.194069 0.3031407 0.8968921 0.2947915 0.3296707 0.9509202 0.1949535 0.2402999 0.5690084 0.1942355 0.7990633 0.5736707 0.2178458 0.7895855 0.4895503 0.5534622 0.6738101 0.4895531 0.5534612 0.673809 0.3277955 0.8300555 0.4511741 0.3277933 0.8300564 0.451174 0.1152781 0.9805791 0.1586683 0.1152791 0.9805793 0.1586666 -0.1210838 0.1950553 0.9732894 0 0.1940602 0.9809896 0 0.1940605 0.9809896 0.1210837 0.1950564 0.9732891 0.2020052 0.2366049 0.9503747 0.222173 0.1944036 0.95543 0.3990039 0.1940625 0.8961784 0.3439093 0.3185906 0.8833044 0.449438 0.1948764 0.8717963 -0.222173 0.1944025 0.9554302 -0.2020048 0.236605 0.9503747 -0.1731634 0.5534663 0.8146715 -0.1731628 0.5534584 0.8146769 -0.1159485 0.8300536 0.5454971 -0.1159477 0.830057 0.5454919 -0.04077631 0.980579 0.1918388 -0.04077559 0.9805792 0.1918382 -0.4494397 0.1948711 0.8717967 -0.3922795 0.2642675 0.8810672 -0.3387639 0.5534651 0.7608649 -0.33876 0.5534626 0.7608686 -0.2268288 0.8300561 0.5094659 -0.2268308 0.8300547 0.5094674 -0.0797705 0.9805789 0.1791698 -0.0797711 0.9805793 0.1791672 -0.6492726 0.195088 0.7351093 -0.5736705 0.2178462 0.7895855 -0.489555 0.5534577 0.6738104 -0.4895503 0.5534614 0.6738109 -0.3277953 0.8300551 0.4511749 -0.3277935 0.8300561 0.4511744 -0.1152781 0.9805791 0.1586683 -0.1152794 0.9805791 0.1586669 -0.1457489 0.9805793 0.1312309 -0.1457484 0.9805792 0.1312323 -0.4144434 0.8300516 0.3731637 -0.414434 0.8300583 0.3731592 -0.6189419 0.5534673 0.5573015 -0.6189488 0.5534608 0.5573002 -0.7290204 0.1940512 0.6564096 -0.7290162 0.1940666 0.6564097 -0.8471707 0.2704029 0.4573664 -0.8495619 0.1940588 0.4904956 -0.9206447 0.1946738 0.3384015 -0.9184259 0.2596986 0.2984133 -0.9509211 0.1949489 0.2402999 -0.9756162 0.1940582 0.1025406 -0.9756137 0.1940698 0.1025417 -0.8968755 0.4422833 1.12332e-5 -0.914732 0.4040604 -7.62398e-4 -0.9807858 0.1950802 0.001762032 -0.987928 0.1549134 8.6557e-5 -0.9999973 0.002344191 0 -0.1950899 0.9807854 0 -0.08778721 0.9961109 0.007514536 -0.4422765 0.8968495 -0.00725013 -0.2962731 0.9550999 0.002563297 -0.4624155 0.8866633 -1.87641e-5 -0.6087575 0.7933565 5.48334e-5 -0.5768055 0.8168798 0.00169599 -0.7933507 0.6087605 -0.002321779 -0.7461822 0.6657399 0.001627862 -0.8493383 0.527849 -5.88613e-6 -0.1456831 -0.9893314 0 -0.4626653 -0.8865331 -3.68121e-5 -0.3589428 -0.933356 0.002611219 -0.4423061 -0.8968585 -0.003204703 -0.1950873 -0.9807776 0.00404787 -0.7603139 -0.6495524 0.002146184 -0.8493609 -0.5278126 -9.58231e-6 -0.5918737 -0.8060309 8.97937e-5 -0.6087654 -0.7933496 0.001166164 -0.7933474 -0.6087669 -0.001656591 -0.9900432 -0.1407645 1.10922e-4 -0.999998 -0.002016007 0 -0.9209661 -0.3896428 3.55137e-5 -0.8968855 -0.4422546 -0.002708435 -0.980782 -0.1950825 0.003072142 0.8096224 -0.1950201 0.5536054 0.569011 -0.1942355 0.7990614 0.3558601 -0.1947831 0.9140148 -0.4418238 -0.8958993 0.0464372 0.195051 -0.9805788 0.02050107 -0.1950498 -0.9805791 0.02050083 -0.1950473 -0.9805796 0.02049952 -0.1865242 -0.9805793 0.06060564 -0.186526 -0.9805789 0.06060612 -0.1698483 -0.9805791 0.09806221 -0.1698486 -0.980579 0.09806388 -0.1457506 -0.9805787 0.1312343 -0.1457471 -0.9805796 0.131231 -0.7906116 -0.6066532 0.08309721 -0.6075192 -0.7917345 0.0638532 -0.5515868 -0.8307539 0.07483381 -0.5303833 -0.8300573 0.1723323 -0.530389 -0.8300536 0.172333 -0.482963 -0.8300576 0.2788389 -0.4829679 -0.8300539 0.2788417 -0.4144371 -0.8300557 0.3731612 -0.4144385 -0.8300554 0.3731607 0.1698479 -0.9805792 0.09806239 0.1698482 -0.9805791 0.09806197 0.4829663 -0.8300554 0.2788396 0.4829629 -0.830058 0.278838 0.7212955 -0.5534552 0.4164376 0.1865261 -0.9805788 0.06060636 0.1865253 -0.980579 0.0606057 0.5303837 -0.830057 0.1723331 0.5303886 -0.830054 0.1723327 -0.8260826 -0.5541535 0.1024777 -0.792111 -0.5534614 0.2573727 -0.7921107 -0.5534625 0.2573714 -0.7212889 -0.5534649 0.4164361 -0.7212919 -0.5534589 0.4164387 -0.618947 -0.5534605 0.5573025 -0.6189459 -0.5534635 0.5573009 -0.07977157 -0.9805787 0.1791706 -0.0797711 -0.9805793 0.1791671 -0.2268308 -0.8300547 0.5094676 -0.2268291 -0.8300552 0.5094674 -0.3387599 -0.5534625 0.7608686 -0.338764 -0.5534634 0.7608661 -0.04077661 -0.9805791 0.191838 -0.04077637 -0.9805789 0.1918395 -0.1159484 -0.8300533 0.5454975 -0.1159475 -0.830058 0.5454905 -0.1731621 -0.5534652 0.8146725 -0.1731641 -0.5534592 0.8146761 0 -0.9805794 0.1961227 0 -0.9805786 0.1961271 0 -0.8300569 0.5576787 0 -0.8300572 0.5576784 0 -0.5534597 0.832876 0 -0.5534605 0.8328754 0.1950496 -0.9805792 0.02050036 0.4418089 -0.8959066 0.04643607 0.5515872 -0.8307537 0.07483351 0.6075192 -0.7917345 0.06385213 0.7906061 -0.6066607 0.0830959 0.7212901 -0.5534619 0.4164379 0.7921122 -0.5534595 0.2573732 0.7921125 -0.5534591 0.2573732 0.8260889 -0.5541439 0.102478 0.892907 -0.4403519 0.09384834 -0.9756168 -0.1940549 0.1025415 -0.9756134 -0.1940726 0.1025405 -0.8929246 -0.4403159 0.0938493 -0.6492969 -0.195078 0.7350906 -0.7290171 -0.1940622 0.65641 -0.7290195 -0.1940556 0.6564092 -0.8096239 -0.1950103 0.5536065 -0.8384118 -0.2505069 0.484058 -0.8631386 -0.1945467 0.4659864 -0.9329754 -0.194066 0.3031424 -0.8968946 -0.2947848 0.3296696 -0.9509211 -0.1949486 0.2402998 -0.5690116 -0.1942311 0.7990621 -0.5736675 -0.2178475 0.7895873 -0.4895499 -0.5534636 0.6738094 -0.4895537 -0.5534589 0.6738104 -0.3277946 -0.8300571 0.4511719 -0.3277941 -0.8300553 0.4511756 -0.1152778 -0.9805791 0.1586681 -0.1152805 -0.9805789 0.1586675 0.1210839 -0.1950553 0.9732893 0 -0.1940604 0.9809896 0 -0.1940606 0.9809896 -0.1210839 -0.1950541 0.9732896 -0.202008 -0.2366039 0.9503743 -0.2221686 -0.1944049 0.9554307 -0.3990067 -0.194062 0.8961772 -0.3439042 -0.3185903 0.8833065 -0.4494393 -0.1948709 0.8717969 0.2221687 -0.1944027 0.9554312 0.2020084 -0.2366039 0.9503743 0.1731603 -0.5534628 0.8146745 0.173166 -0.5534622 0.8146737 0.1159481 -0.8300548 0.5454953 0.1159476 -0.8300562 0.5454934 0.04077613 -0.9805794 0.191837 0.04077672 -0.9805788 0.1918398 0.4494381 -0.1948744 0.8717966 0.3922797 -0.2642676 0.8810672 0.338761 -0.5534629 0.7608679 0.3387633 -0.5534616 0.7608678 0.2268298 -0.8300558 0.5094661 0.2268305 -0.8300558 0.5094658 0.07977157 -0.980579 0.1791687 0.07977104 -0.980579 0.1791689 0.6492962 -0.1950829 0.7350898 0.5736675 -0.2178465 0.7895875 0.4895537 -0.55346 0.6738095 0.4895493 -0.5534642 0.6738094 0.3277956 -0.8300559 0.4511734 0.327793 -0.8300568 0.4511736 0.1152791 -0.980579 0.1586683 0.1152789 -0.9805792 0.1586673 0.1457482 -0.9805793 0.131232 0.1457492 -0.980579 0.131233 0.4144389 -0.8300549 0.3731611 0.4144343 -0.8300578 0.37316 0.6189453 -0.553463 0.557302 0.6189482 -0.5534575 0.5573043 0.7290161 -0.1940622 0.6564109 0.7290174 -0.1940659 0.6564084 0.8471711 -0.270403 0.4573659 0.8495622 -0.1940588 0.4904948 0.9206424 -0.1946849 0.338401 0.9184257 -0.2596986 0.2984138 0.9509204 -0.1949527 0.2402999 0.975616 -0.1940582 0.1025418 0.9756153 -0.194062 0.1025414 0.8968665 -0.4423015 1.70562e-5 0.9144816 -0.404626 -0.001121044 0.9807821 -0.1950895 0.002566516 0.9879393 -0.1548418 1.22206e-4 0.9999985 -0.001803874 0 0.1950909 -0.9807853 0 0.09273672 -0.9956152 0.01226288 0.4422608 -0.8968042 -0.01214796 0.29807 -0.9545353 0.004098176 0.4624017 -0.8866706 -2.99595e-5 0.608762 -0.7933531 8.75196e-5 0.5778993 -0.8161039 0.002618074 0.7933441 -0.6087626 -0.003622055 0.7470474 -0.6647663 0.002431809 0.8493225 -0.5278744 -8.55144e-6 0.7071071 -0.7071065 0 0.7071074 -0.7071062 3.47659e-6 0.7071064 -0.7071072 -3.16284e-6 0.7071076 -0.7071061 0 0.7071088 -0.7071049 0 0.7071073 0.7071063 0 0.7071059 0.7071077 0 0.7071071 0.7071065 0 0.7071067 0.707107 0 0.7071065 0.7071071 0 0.7071068 0.7071068 3.15549e-6 0.7071276 0.707086 -9.24024e-6 0 -1 1.78813e-6 0 1 5.47589e-7 -0.4396936 -0.8981478 0 0.499118 0.8665341 0 0.4552326 0.8903092 0.01063293 0.4458374 0.8949583 0.016694 0.3669402 0.9302021 -0.008892595 0.2874488 0.9575876 0.01998347 0.2614869 0.965207 0 0.1207705 0.9926806 0 0.1210427 0.9926473 3.38587e-4 -0.04947102 0.9987756 -3.39803e-4 -0.04921603 0.9987882 0 -0.2182757 0.9758872 0 -0.2103853 0.9775636 0.01037079 -0.3807209 0.9246166 -0.0116598 -0.3582 0.9334562 0.01877206 -0.4396938 0.8981478 0 0.6414088 0.7666827 0.0281496 0.5246002 0.8513488 0 0.5913508 0.8064105 0.002511858 0.7169592 0.6917494 -0.08632713 0.453741 0.8909532 -0.01793372 0.4982562 0.86703 2.37921e-4 0.6578896 0.753113 -0.001498281 0.6253523 0.7774401 -0.06724137 0.6433038 0.7648534 -0.03405272 0.03408223 0.9519438 -0.3043705 0.1207455 0.9926836 0 0.3680396 0.9298101 0 0.295863 0.8949838 -0.3338697 0.3902231 0.9159346 -0.09375435 -0.4361334 0.8998821 0 -0.3577973 0.9329975 -0.0386883 -0.2938408 0.9322928 -0.2109215 -0.2074173 0.9782526 0 -0.04949527 0.9987744 0 0.03408282 -0.9519613 -0.3043158 -0.04921609 -0.9987882 0 -0.3006036 -0.9537492 0 -0.2351756 -0.9102782 -0.3407141 -0.3616558 -0.9317837 -0.03137212 0.457871 -0.8888829 -0.01554346 0.3945028 -0.915005 -0.08446043 0.3624789 -0.9157609 -0.1731788 0.2614873 -0.9652069 0 0.1210235 -0.9926497 0 0.7006192 -0.7115432 0.05328196 0.6461457 -0.7626455 -0.02945816 0.6578738 -0.7530949 -0.007083058 0.5245971 -0.8513507 0 0.4991181 -0.8665341 0 0.3811588 -0.9225658 0.05991983 0.4454926 -0.8942659 -0.04271906 0.2638865 -0.9640856 0.03004831 0.2875061 -0.9577788 0 0.1207456 -0.9926836 0 0.1207703 -0.9926806 -3.22547e-5 -0.04949605 -0.9987744 3.22642e-5 -0.04947102 -0.9987756 0 -0.2074169 -0.9782527 0 -0.2182626 -0.9758279 0.01102048 -0.3451224 -0.9385179 -0.008646011 -0.3807008 -0.9245669 0.01558959 -0.436133 -0.8998823 0 0.6664895 0.7455145 0 0.8270552 0.5621207 0 0.871711 0.4895119 -0.02231669 0.910464 0.4135884 0 0.9674524 0.2530531 0 0.9852451 0.1696883 -0.02231681 0.996366 0.08517539 0 0.996366 -0.08517539 0 0.9852451 -0.1696883 -0.02231681 0.4508026 -0.8925399 0.01222676 0.498321 -0.8669927 -1.69391e-4 0.5913526 -0.8064129 5.33454e-4 0.5597699 -0.8283357 0.02275699 0.7167575 -0.6915544 -0.08950513 0.6606346 -0.7507077 0 0.8270552 -0.5621207 0 0.871711 -0.489512 -0.02231669 0.910464 -0.4135884 0 0.9674524 -0.2530531 0 0 0 1 5.93422e-7 0 1 -7.59941e-7 0 1 -5.22942e-7 0 1 0 0 1 -3.4024e-7 0 1 -1.88085e-6 0 1 8.35097e-7 0 1 -1.07824e-6 0 1 0.9174043 -0.3974839 -0.01938879 0.9121701 -0.4097997 0.003145277 0.9354393 -0.3534845 -0.001457035 0.9360711 -0.3515284 -0.01410347 0.6593553 -0.7518127 0.005323708 0.6901966 -0.7231342 0.02656584 0.7156072 -0.6963326 0.05502098 0.9075342 -0.4199779 -7.09788e-4 0.8900907 -0.4557834 3.18551e-4 0.8773059 -0.4798966 -0.005811333 0.8685349 -0.4956243 0.001968204 0.8332855 -0.5528354 -0.002913594 0.8299387 -0.5578546 0 0.7899516 -0.6131693 0 0.7574637 -0.6527438 0.01320612 0.6454051 -0.7612253 -0.06315404 0.6484261 -0.7612777 0 0.5200995 -0.8541057 0 0.4516667 -0.89175 -0.02791643 0.07805883 -0.9969488 0 0.1555804 -0.9874288 -0.02791607 0.2322737 -0.9726505 0 0.3808279 -0.9246461 0 0.6484124 0.7612622 0.006423115 0.9342811 0.3565372 2.82836e-4 0.9358779 0.3520977 -0.01264387 0.9357248 0.3523836 -0.01565539 0.9238559 0.3827406 -1.23543e-4 0.9117413 0.4107015 -0.007215738 0.9096819 0.4152966 -0.002755403 0.8770732 0.4803522 -0.002116739 0.8761633 0.4820034 -0.003253281 0.8952208 0.4456228 4.38902e-4 0.7121844 0.6994283 0.05994516 0.6543883 0.7548403 -0.04463165 0.7831455 0.6216266 0.01623874 0.7688018 0.6394872 0 0.8326073 0.5538639 0 0.829935 0.5578503 -0.00335139 0.8567951 0.515657 2.8253e-4 0.6863931 0.7266409 0.02928471 0.6501808 0.7597751 0.002632498 0.4883224 0.8726575 -0.003201246 0.4517157 0.8918471 -0.02370059 0.3525971 0.9357753 0 0.2554473 0.9668231 0 0.1555913 0.9874974 -0.02530235 0.101857 0.9947991 0 -0.2357023 -0.9718254 0 -0.2852281 -0.954061 0.09172087 -0.1754621 -0.9840646 0.02881103 -0.1175164 -0.9930356 0.008375763 -0.09140008 -0.9958143 0 -0.1393827 -0.9901642 -0.0121473 -0.3592958 -0.9332238 0 -0.1660565 -0.9859207 -0.01963448 -0.1986963 -0.9795959 -0.03019654 -0.1186888 -0.9929212 0.004543244 -0.3493798 -0.9369736 -0.003803431 -0.3493822 0.9369803 0 -0.3532158 0.9355392 -0.002231538 -0.1186897 0.9929286 0.002375602 -0.1825682 0.9829028 -0.02389603 -0.122565 0.9924303 -0.007745504 -0.0914002 0.9958143 0 -0.1332063 0.9909933 0.01372992 -0.3592957 0.9332239 0 -0.2352201 0.9698372 0.06393355 -0.1909087 0.9809082 0.03705751 -0.1594538 0.9869272 0.02343571 1 4.57876e-6 0 1 -1.25234e-6 0 1 -1.13074e-5 0 1 -2.49959e-7 0 1 1.86938e-6 0 1 1.41204e-5 0 0 -1 -1.76189e-6 0 -1 -8.63155e-7 0 -1 -6.30012e-7 0 -1 1.37104e-6 0 -1 -1.08633e-6 0 -1 2.37259e-7 0 -1 3.55341e-5 0 -1 -4.10004e-5 0 1 1.76188e-6 0 1 1.34761e-6 0 1 6.91255e-7 0 1 -1.20848e-6 0 1 9.74047e-7 0 1 -2.07386e-7 0 1 3.17783e-5 0 1 -4.65419e-5 1.72166e-6 0 -1 -5.17557e-7 0 -1 -1.62914e-7 0 -1 1.5929e-6 0 -1 -4.57873e-7 0 -1 0 0 -1 2.34948e-7 0 -1 1.53101e-7 0 -1 -1.33308e-6 0 -1 5.3893e-7 0 -1 9.227e-7 0 -1 -3.23656e-6 0 -1 0 0 -1 2.48877e-7 0 -1 0 0 -1 -2.58111e-7 0 -1 1.97067e-7 0 -1 -4.7406e-7 0 -1 3.24538e-7 0 -1 1.25885e-7 0 -1 -1.70841e-6 0 -1 -6.85539e-7 0 -1 1.57243e-6 0 -1 4.08659e-7 0 -1 0.1119644 -0.9937123 0 0.2223767 -0.9742954 0.03601753 0.3302788 -0.9438835 0 0.5320323 -0.846724 0 0.6230853 -0.7813243 0.03601759 0.7071065 -0.7071071 0 0.8467243 -0.532032 0 0.9003843 -0.4336023 0.03601777 0.9438836 -0.3302783 0 0.9937123 -0.1119648 0 0.9993512 0 0.03601771 0.9937123 0.1119648 0 0.9438836 0.3302783 0 0.9003843 0.4336023 0.03601777 0.8467243 0.532032 0 0.6230853 0.7813243 0.03601759 0.1119644 0.9937123 0 0.2223767 0.9742954 0.03601753 0.3302788 0.9438835 0 0.5320323 0.846724 0 0.7071078 0.7071058 0 0.7071076 0.7071061 0 0.7071064 0.7071072 -3.16284e-6 0.7071074 0.7071062 3.47659e-6 0.7071071 0.7071065 0 0.7071074 -0.7071062 0 0.7071062 -0.7071075 0 0.7071074 -0.7071062 0 0.7071049 -0.7071086 -2.47646e-6 0.7071068 -0.7071068 0 0.7071079 -0.7071058 1.00922e-6 0.7071068 -0.7071068 0 0.7071228 -0.7070909 -9.09488e-6 0 0.03223711 -0.9994803 -0.006266295 0.1806185 -0.9835333 -0.006085455 0.7070937 -0.7070937 -0.0709728 0.8185643 -0.5700135 -0.0248959 0.7226102 -0.6908073 -0.005574345 0.6082199 -0.793749 1.29232e-5 0.5384384 -0.8426648 -7.32838e-5 0.2588189 -0.9659259 -0.06412994 0.4214066 -0.9046015 -0.03712713 0.325213 -0.9449117 0 0.9659258 -0.2588195 -0.05752158 0.9913548 -0.1179282 -0.0220955 0.9608285 -0.2762615 4.72181e-6 0.9116566 -0.410953 -4.2273e-7 0.8576624 -0.5142133 -0.003011226 -0.9297972 -0.3680599 -0.02640038 -0.9655895 -0.2587276 -0.01650351 -0.9774377 -0.2105782 0 -0.9966688 -0.08155548 -0.00458163 -0.610077 -0.7923289 -0.03194725 -0.7440423 -0.6673684 -0.01415967 -0.707036 -0.7070358 -6.45224e-7 -0.8436838 -0.5368406 4.62811e-7 -0.8734136 -0.4869793 0 -0.1199918 -0.992775 -0.02721709 -0.2840855 -0.9584127 -0.02084779 -0.2587625 -0.965716 -2.09925e-5 -0.4236781 -0.9058129 7.44312e-6 -0.5267518 -0.8500192 -4.69714e-4 -0.2588186 0.9659259 -0.03785026 -0.3797562 0.9243121 0 -0.1499019 0.9887009 0 -0.9659258 0.2588192 -0.02322566 -0.980495 0.1951673 1.34614e-4 -0.8973437 0.4413326 -5.09295e-4 -0.7071067 0.7071067 -0.03488796 -0.7754775 0.6304106 2.14587e-4 -0.5967451 0.8024309 0 0.9972759 0.07376241 -0.01886773 0.9657539 0.2587732 1.03796e-4 0.9440692 0.3297476 -1.13885e-5 0.8552579 0.5182027 -0.006392955 0.707092 0.7070927 8.33767e-5 0.6921091 0.7217929 -3.44466e-6 0.4916185 0.8708108 -0.002643764 0.2588177 0.9659227 0 0.2497898 0.9683002 -0.2240798 0.9745577 0.005049347 0.007650136 0.9034186 0.4286914 0.009985089 0.8033732 0.5953922 0.006407141 0.6325979 0.7744539 -0.01302438 0.7878526 0.6157261 0 0.8306626 0.5567762 0 0.6986674 0.7154467 -0.003237426 0.6566486 0.7541897 0.006888091 0.5449565 0.8384361 0.01381391 0.520094 0.8539974 -0.008203685 0.5395277 0.841928 -0.01430135 0.5336414 0.84559 -0.01329898 0.9942898 0.1058823 0.005831599 0.9937186 -0.1117559 -0.003693163 0.9806756 0.1956061 0 0.9912263 0.1321761 0 0.9411073 0.3381083 0.006807386 0.9630812 0.2691254 -0.004609167 0.9097759 0.4150744 -0.008901834 0.9989395 0.04517686 0 0.9937663 -0.1114838 0 0.9458431 -0.3246244 0.009503364 0.8118687 -0.5837629 -0.003794789 0.9098535 -0.4149124 0.006029605 0.963867 -0.2663158 0.009323775 0.4911512 -0.8710244 0.009256362 0.6376424 -0.7702769 -0.009858608 0.5197204 -0.8542796 -0.006976187 0.5208236 -0.8536359 0.00843048 0.907124 -0.4207792 -0.01323038 0.7936162 -0.6082749 0 0.8385369 -0.544845 0 0.685113 -0.7284368 -0.001992762 0.6681604 -0.7440147 0.001938223 0.5345242 -0.845151 -0.2240798 -0.9745577 -0.005049347 0.007650136 -0.9034186 -0.4286914 0.009984791 -0.8033732 -0.5953922 0.006407141 -0.6325979 -0.7744539 -0.01302438 -0.7878526 -0.6157261 0 -0.8306626 -0.5567762 0 -0.6986674 -0.7154467 -0.003237426 -0.6566486 -0.7541897 0.006888091 -0.5449565 -0.8384361 0.01381468 -0.520094 -0.8539974 -0.008203804 -0.5395274 -0.8419282 -0.01430177 -0.5336405 -0.8455905 -0.01329892 -0.9942898 -0.1058823 0.005831599 -0.9937186 0.1117559 -0.003693222 -0.9806756 -0.1956061 0 -0.9912263 -0.1321761 0 -0.9411073 -0.3381083 0.006807625 -0.9630812 -0.2691254 -0.004609167 -0.9097759 -0.4150744 -0.008901834 -0.9989395 -0.04517686 0 -0.9937663 0.1114838 0 -0.9458431 0.3246244 0.009503364 -0.8118692 0.5837623 -0.00379461 -0.9098532 0.4149129 0.006029486 -0.963867 0.2663158 0.009324669 -0.4911512 0.8710244 0.009257376 -0.6376413 0.7702777 -0.009857952 -0.5197216 0.8542789 -0.006977975 -0.5208244 0.8536354 0.00843048 -0.907124 0.4207792 -0.01323056 -0.7936162 0.6082749 0 -0.8385369 0.544845 0 -0.685113 0.7284368 -0.001992881 -0.6681604 0.7440147 0.001937806 -0.5345242 0.845151 0.02299773 0.8937347 -0.4480061 0.08489203 0.8221958 -0.5628388 0.09791994 0.8258626 -0.5553042 0 -0.03599506 -0.999352 0 0.4578664 -0.889021 0 0.4578668 -0.8890208 0 0.6913496 -0.7225205 0.02009409 0.7939946 -0.6075927 0.01014572 -0.5206138 -0.8537321 0 -0.4816622 -0.8763571 0 -0.03599512 -0.999352 0.01689809 -0.8669213 -0.4981587 0.02766901 -0.8258634 -0.5631911 0.04631161 -0.7718791 -0.6340802 0.001441001 -0.8719622 -0.4895711 -1.10283e-5 -0.7222921 -0.6915882 8.96113e-5 -0.6863797 -0.7272434 0.03610497 -0.988605 0.1461389 0.02864557 -0.9944914 0.1008284 0.02012926 -0.998701 0.0468105 0 -0.9918323 -0.1275494 0 -0.9272856 -0.3743549 0.02387356 -0.8419579 0.5390151 0.01831567 -0.8610241 0.5082343 0 -0.9272856 0.3743549 0.0541864 -0.9711257 0.2323331 0.04785358 -0.9777332 0.2043233 0.01178574 -0.4906537 0.871275 0 -0.6877249 0.7259715 0 -0.8719632 0.4895714 0.05045104 -0.7608371 0.646979 0.03369629 -0.8074108 0.5890266 0 0.7083142 0.7058973 0 0.4578674 0.8890206 0 0.4578661 0.8890212 0 -0.03599506 0.999352 0 -0.03599512 0.999352 0 -0.5206415 0.8537756 0.06159937 0.8236069 0.5638061 0.1056717 0.8281408 0.5504693 0.03605347 0.8043348 0.5930816 0.02765214 -0.8875032 0.459971 0.08630114 -0.8220941 0.5627731 0 0.03599506 0.999352 0 -0.4578664 0.889021 0 -0.4578668 0.8890208 0 -0.7083134 0.7058981 0.03605347 -0.8043348 0.5930816 0.01014572 0.5206138 0.8537321 0 0.4816622 0.8763571 0 0.03599512 0.999352 0.01689928 0.8669213 0.4981587 0.02766901 0.8258634 0.5631911 0.04631131 0.7718791 0.6340802 0.001441121 0.8719622 0.4895711 -1.10283e-5 0.7222921 0.6915882 8.98967e-5 0.6863797 0.7272434 0.03610497 0.988605 -0.1461389 0.02864569 0.9944912 -0.1008298 0.0201292 0.998701 -0.04681038 0 0.9918323 0.1275494 0 0.9272856 0.3743549 0.02387356 0.8419579 -0.5390151 0.01831567 0.8610241 -0.5082343 0 0.9272856 -0.3743549 0.0541864 0.9711257 -0.2323331 0.0478537 0.9777332 -0.2043233 0.0117858 0.4906537 -0.871275 0 0.6877249 -0.7259715 0 0.8719632 -0.4895714 0.05044972 0.7608371 -0.646979 0.03369647 0.8074108 -0.5890266 0 -0.4578661 -0.8890212 0 0.03599506 -0.999352 0 0.03599512 -0.999352 0 0.5206415 -0.8537756 0.008279442 -0.735669 -0.6772907 0 -0.6913496 -0.7225205 0 -0.4578674 -0.8890206 0.05838346 -0.8237644 -0.5639182 0.1062992 -0.8281202 -0.5503794 0.04591971 -0.8100935 -0.5844997 -0.003061473 -0.7412638 0.6712068 0.07426822 -0.822835 0.5634065 0.0996198 -0.8341207 0.5425114 0.05824565 -0.8240716 0.5634834 0 -0.81651 0.5773314 0.003485977 -0.5080733 0.8613068 0.03819715 -0.4317479 0.9011853 -3.95541e-4 -0.281797 0.9594741 5.33851e-4 -0.0614472 0.9981102 0.03314894 0.06171256 0.9975434 0 0.1896228 0.9818571 0 0.4524129 0.8918087 0.02394163 0.5397714 0.8414712 2.5519e-4 0.6609811 0.7504026 -3.11697e-4 0.8111398 0.5848523 0.02104067 0.8812506 0.4721808 0 0.9328743 0.3602024 0 0.9985369 0.05407571 0 0.9985368 0.05407685 0.1408719 0.9702578 -0.1968631 0 0.999861 -0.01668167 0 0.8651996 -0.5014278 0 0.8652006 -0.5014259 0 0.5115473 -0.8592551 0 0.5115476 -0.859255 0 0.02841651 -0.9995962 0 0.02841651 -0.9995962 0 -0.257286 -0.9663353 0.01342308 -0.3770376 -0.9261007 0.0516715 -0.4612902 -0.8857434 0.01764214 -0.5350559 -0.8446325 0.04591906 -0.8251596 -0.5630304 0.09236103 -0.8279526 -0.5531401 -0.02044063 -0.7515528 -0.6593563 0.08976155 0.8264531 -0.5558041 0.1003972 0.8282388 -0.5513083 0.04574418 0.825165 -0.5630366 0.01338511 0.376713 -0.9262333 0.07745873 0.5162619 -0.8529208 0.02798128 0.4617265 -0.886581 0 0.6429747 -0.7658874 0 0.7670975 -0.6415306 0 -0.9985368 0.05407685 0 -0.9985369 0.05407571 0.03997486 -0.9990617 -0.01666831 0 -0.9800308 -0.198846 0 -0.8652001 -0.5014267 0 -0.8652001 -0.5014269 0 -0.5115482 -0.8592546 0 -0.5115468 -0.8592554 0 -0.02841657 -0.9995962 0 -0.02841645 -0.9995962 0 0.257286 -0.9663353 0 -0.9328161 0.3603529 0.02104115 -0.8812501 0.4721817 0 -0.8121716 0.5834187 0 -0.5399266 0.8417122 0.03613901 -0.4711324 0.8813218 0 -0.6622026 0.7493249 -6.18939e-5 0.641668 0.7669826 0.003485977 0.5080729 0.861307 0.03819715 0.4317477 0.9011853 0 0.2833688 0.959011 0 -0.06174635 0.9980919 0.05803304 0.03697317 0.9976298 0 -0.1899934 0.9817854 0.03059047 0.7789894 0.6262906 0.006121039 0.7168872 0.6971623 2.29122e-4 0.6674504 0.7446542 0 0.81651 0.5773314 0.07426714 0.8228345 0.5634073 0.08178412 0.8262801 0.5572905 0.02299779 0.8937256 0.4480243 0.6343939 0.77301 0 0.5551819 0.8308895 0.03736066 0.09801769 0.9951847 0 0.1949544 0.9801006 0.03736096 0.290284 0.9569405 0 0.4713981 0.8819206 0 0.1950707 0.9806867 -0.01417499 0.3988109 0.9085431 -0.1244969 0.1635558 0.8409917 -0.5157348 0.4698156 0.8779637 -0.09194183 0.342978 0.8286665 -0.442355 0.5101865 0.8594878 -0.03147441 0.433559 0.8091918 -0.3965291 0.555162 0.8308554 0.03840118 0.1960735 0.96122 -0.1939366 0.1664763 0.9358487 -0.3106007 0.3533213 0.9262871 -0.1309829 0.2282605 0.8884581 -0.3981699 0.1933596 0.8729984 -0.4477568 0.2086766 0.9726986 -0.1015459 0.2348605 0.9700286 -0.06233036 0.1332712 0.9737207 -0.1846804 0.2160417 0.9753897 -0.04405677 0.1472747 0.9807946 -0.1278765 0.1827797 0.9826157 -0.0325281 0.1600772 0.9833512 -0.08599925 0.1817495 0.9831934 -0.01726073 0.1691455 0.9848185 -0.03902041 0.1664013 0.9859736 0.01291632 0.1771916 0.9831463 0.04501801 0.2134447 0.9720718 0.09755963 0.2238054 0.9708326 0.08599537 0.1423438 0.9364624 0.3205878 0.3545016 0.9261791 0.1285349 0.1963344 0.8918046 0.4075995 0.3829376 0.9167447 0.1137461 0.3513338 0.8636536 0.3614791 0.4654123 0.8831968 0.0579214 0.4232696 0.8324489 0.3575915 0.1678768 0.9818254 -0.08852297 0.175758 0.9837178 -0.03752964 0.140865 0.9841635 -0.107607 0.1545107 0.9861352 -0.06053131 0.09458947 0.9877017 -0.1244921 0.1248873 0.9899607 -0.06619036 0.08507698 0.987733 -0.1309409 0.1148144 0.9903734 -0.07732009 0.02387624 0.9907659 -0.1334656 0.08061867 0.9947699 -0.06271755 0.009316265 0.9924936 -0.1219416 0.06492304 0.9970176 -0.04172456 0.02683192 0.9953252 -0.09277778 0.06363934 0.9975128 -0.03030538 0.04051727 0.9969809 -0.06623989 0.0483911 0.9978003 -0.045309 0.05911326 0.9981855 -0.01146513 0.0548923 0.9982027 -0.02404916 0.05661106 0.9983624 0.008230745 0.05728113 0.9982122 0.01707482 0.05470037 0.9981836 0.02524822 0.04520183 0.9971395 0.06057941 0.0559147 0.99756 0.04180568 0.0376352 0.9933192 0.109091 0.07996922 0.9951975 0.05645418 0.07468044 0.9881961 0.1337586 0.1214037 0.991036 0.05575656 0.1243982 0.9840885 0.1268659 0.1542088 0.9871935 0.04084807 0.1559916 0.9816617 0.1095771 0.1745306 0.9845136 0.01649558 0.1944103 0.9773662 0.08342665 0.4100061 0.8222509 0.3947135 0.5185445 0.8548983 -0.01613843 0.5332469 0.7980613 0.2806174 0.5555701 0.8314697 0 0.5555707 0.8314694 0 0.1950903 0.9807853 0 0.5555701 -0.8314697 0 0.5555707 -0.8314694 0 0.1950903 -0.9807853 0 0.1950707 -0.9806867 0.01417499 0.3988236 -0.9085376 0.1244962 0.1635489 -0.8409928 0.5157355 0.4698193 -0.8779616 0.09194159 0.3429674 -0.82867 0.4423569 0.5101898 -0.8594858 0.03147435 0.4335544 -0.8091937 0.39653 0.5551643 -0.8308538 -0.03840112 0.1960836 -0.9612181 0.1939362 0.1664751 -0.935849 0.3106008 0.3533213 -0.9262871 0.1309829 0.2282586 -0.8884586 0.3981702 0.1933708 -0.8729964 0.4477558 0.2086751 -0.9726989 0.1015459 0.2348716 -0.970026 0.06232923 0.1332641 -0.9737216 0.1846806 0.2160428 -0.9753894 0.04405707 0.1472768 -0.9807941 0.1278765 0.1827568 -0.9826199 0.03252828 0.1600837 -0.9833502 0.08599746 0.1817539 -0.9831926 0.01726055 0.1691429 -0.9848188 0.03902059 0.1664023 -0.9859734 -0.01291638 0.1771916 -0.9831463 -0.04501801 0.2134447 -0.9720718 -0.09755963 0.2238048 -0.9708328 -0.08599537 0.1423438 -0.9364624 -0.3205878 0.3545032 -0.9261783 -0.1285347 0.1963487 -0.891802 -0.4075983 0.3829367 -0.916745 -0.1137462 0.3513338 -0.8636536 -0.3614791 0.4654124 -0.8831968 -0.0579214 0.4232696 -0.8324489 -0.3575915 0.1678768 -0.9818254 0.08852297 0.1757574 -0.9837179 0.03752964 0.1408663 -0.9841634 0.107607 0.1545107 -0.9861352 0.06053131 0.09458845 -0.9877018 0.1244921 0.1248903 -0.9899603 0.06618934 0.08508092 -0.9877326 0.1309409 0.1148142 -0.9903734 0.07732021 0.02387619 -0.9907659 0.1334652 0.08061909 -0.9947699 0.06271785 0.009316265 -0.9924936 0.1219416 0.06492304 -0.9970176 0.04172456 0.02683156 -0.9953254 0.09277671 0.06309837 -0.9975192 0.03120923 0.04081624 -0.9969708 0.06620651 0.04856365 -0.9977936 0.04527187 0.05848151 -0.998199 0.01336818 0.05489301 -0.9982026 0.02404904 0.05661106 -0.9983624 -0.008230745 0.05728077 -0.998212 -0.01707494 0.05470037 -0.9981836 -0.02524822 0.04520183 -0.9971395 -0.06057941 0.0559144 -0.99756 -0.04180544 0.03763639 -0.993319 -0.1090909 0.07996833 -0.9951975 -0.0564543 0.07468146 -0.9881961 -0.1337586 0.1214033 -0.9910361 -0.05575656 0.124399 -0.9840884 -0.1268658 0.154208 -0.9871937 -0.04084807 0.1559926 -0.9816615 -0.1095771 0.1745306 -0.9845136 -0.01649558 0.1944097 -0.9773663 -0.08342671 0.4100443 -0.8222354 -0.394706 0.5185447 -0.8548983 0.01613843 0.5332469 -0.7980613 -0.2806174 0.6087614 -0.7933533 0 0.5552636 -0.8310114 0.03320288 0.382631 -0.9237514 -0.01664376 0.194983 -0.9802445 0.03320294 0.1305267 -0.9914449 0 0.09724277 -0.9952607 0 0.1807931 -0.9705761 -0.1590475 0.7695745 -0.6307192 -0.09974205 0.1825733 -0.9801372 -0.07744765 0.4308833 -0.9006969 -0.05554163 0.551961 -0.8213438 -0.1439915 0.2079444 -0.973002 -0.1001315 0.21287 -0.9570209 -0.1969704 0.2062309 -0.9605347 -0.1866601 0.2183714 -0.9131026 -0.3443219 0.1901507 -0.9247916 -0.3295503 0.2141453 -0.8632997 -0.4570071 0.2173957 -0.8580545 -0.4652758 0.20502 -0.8378686 -0.5059081 0.2325356 -0.7497786 -0.6194831 0.172944 -0.7784535 -0.6034076 0.2339306 -0.6296135 -0.7408531 0.1802701 -0.6672049 -0.7227312 0.2292664 -0.5555904 -0.7992224 0.2374282 -0.5457683 -0.803595 0.1957282 -0.4602844 -0.8659266 0.248177 -0.3516935 -0.9026184 0.1771233 -0.4056997 -0.8966801 0.2785076 -0.2087187 -0.9374806 0.1471212 -0.2504498 -0.9568857 0.5530404 -0.776291 -0.3025208 0.5934934 -0.7932224 -0.1362499 0.5904232 -0.797589 -0.1234999 0.5984351 -0.7654361 -0.2366076 0.5769144 -0.7854935 -0.2239862 0.5986901 -0.7264345 -0.3374361 0.5801942 -0.7493116 -0.3192287 0.6050783 -0.6736094 -0.4244178 0.5625688 -0.7135767 -0.417522 0.6048375 -0.6109622 -0.5107806 0.5674328 -0.6527191 -0.5019741 0.6149766 -0.538496 -0.5760434 0.5535502 -0.5873497 -0.5904258 0.6137494 -0.4686266 -0.6353745 0.5690642 -0.5163297 -0.6399764 0.6309426 -0.3952214 -0.6676164 0.5594874 -0.4359948 -0.7048989 0.773035 -0.619049 -0.1385478 0.7719004 -0.6184977 -0.1470727 0.8686922 -0.4793792 -0.1247784 0.868964 -0.4782633 -0.1271451 0.8584547 -0.5013232 -0.1083078 0.8694363 -0.4695765 -0.153553 0.8453356 -0.5135486 -0.1472263 0.8625317 -0.4708028 -0.1854292 0.8411625 -0.510612 -0.1781045 0.8582354 -0.4707372 -0.2045447 0.830494 -0.5133802 -0.2161494 0.848706 -0.4763818 -0.2296925 0.8288675 -0.5085952 -0.2330443 0.8429405 -0.4817178 -0.2395817 0.8224442 -0.506556 -0.2588179 0.801705 -0.538877 -0.2586132 0.5871059 -0.394631 -0.7068048 0.2149754 -0.144499 -0.9658705 0.2149736 -0.1444985 -0.9658709 0.1966218 -0.1694395 -0.9657279 0.1966235 -0.169439 -0.9657275 0.1678582 -0.1979767 -0.9657271 0.1678534 -0.1979777 -0.9657278 0.1349974 -0.2216899 -0.9657273 0.1349944 -0.2216896 -0.9657279 0.09884655 -0.2399989 -0.9657277 0.09884738 -0.2399988 -0.9657276 0.0602892 -0.2524592 -0.9657275 0.06028687 -0.2524585 -0.9657278 0.02026146 -0.2587656 -0.9657276 0.02025926 -0.2587656 -0.9657278 0.5871087 -0.3946287 -0.7068039 0.5364719 -0.4623057 -0.706025 0.5364742 -0.4623034 -0.7060247 0.4579792 -0.5401687 -0.7060261 0.4579829 -0.5401673 -0.7060248 0.3683253 -0.6048661 -0.7060266 0.3683302 -0.6048651 -0.7060248 0.2696949 -0.6548221 -0.706026 0.269699 -0.6548212 -0.7060253 0.1644918 -0.6888188 -0.7060249 0.1644939 -0.6888182 -0.7060251 0.05527985 -0.706026 -0.7060251 0.05527979 -0.7060258 -0.7060253 0.8017075 -0.5388739 -0.2586119 0.731867 -0.6306861 -0.2580812 0.7318676 -0.630685 -0.2580819 0.6247862 -0.7369093 -0.2580834 0.6247877 -0.7369089 -0.2580807 0.5024804 -0.8251713 -0.2580814 0.5024809 -0.8251708 -0.2580814 0.3679258 -0.8933221 -0.2580817 0.3679269 -0.8933218 -0.2580814 0.2244046 -0.9397004 -0.258081 0.2244055 -0.9396997 -0.2580827 0.07541376 -0.9631753 -0.2580818 0.07541424 -0.9631752 -0.2580823 0 -0.2588187 -0.9659259 0 -0.2588189 -0.9659259 0 -0.7071069 -0.7071068 0 -0.9659259 -0.2588186 0.0291503 0.2587088 -0.9655155 0.07942152 0.704873 -0.7048733 0.108195 0.9602555 -0.2572999 0.1081948 0.960256 -0.2572983 0.3191592 0.9121043 -0.2573 0.3191587 0.9121046 -0.2572993 0.5141207 0.8182159 -0.2572993 0.5141186 0.8182167 -0.2573009 0.6833009 0.6832986 -0.2572995 0.6832989 0.6833003 -0.2573001 0.8182174 0.5141181 -0.2572994 0.8182154 0.5141207 -0.2573002 0.912105 0.3191573 -0.2572995 0.9121038 0.3191605 -0.2573002 0.9602557 0.1081947 -0.2572993 0.9602556 0.1081949 -0.2572999 0.9602558 -0.1081948 -0.2572989 0.9602554 -0.108195 -0.2573005 0.9121047 -0.3191584 -0.2572992 0.912104 -0.3191596 -0.2573006 0.8182169 -0.514119 -0.2572993 0.818216 -0.5141199 -0.2573005 0.6833009 -0.6832986 -0.2572995 0.6832981 -0.6833011 -0.2573002 0.5141198 -0.8182163 -0.2572994 0.514119 -0.8182163 -0.2573007 0.319159 -0.9121044 -0.2572998 0.3191589 -0.9121045 -0.2572996 0.1081944 -0.9602556 -0.2572999 0.1081953 -0.9602558 -0.2572988 0.07941955 0.7048734 -0.7048732 0.2342787 0.6695283 -0.7048726 0.2342765 0.6695282 -0.7048735 0.3773899 0.6006094 -0.7048726 0.3773886 0.6006106 -0.7048722 0.5015764 0.5015743 -0.704872 0.5015738 0.5015745 -0.7048736 0.600611 0.3773885 -0.7048719 0.6006092 0.3773885 -0.7048734 0.6695289 0.2342773 -0.7048726 0.6695274 0.2342786 -0.7048735 0.7048741 0.07942003 -0.7048724 0.7048726 0.07942092 -0.7048738 0.7048741 -0.07942062 -0.7048723 0.7048727 -0.07942026 -0.7048737 0.6695288 -0.2342779 -0.7048724 0.6695281 -0.2342779 -0.7048731 0.600611 -0.3773882 -0.7048721 0.6006097 -0.3773888 -0.7048729 0.5015762 -0.5015738 -0.7048724 0.5015738 -0.5015748 -0.7048733 0.37739 -0.6006096 -0.7048723 0.3773873 -0.6006106 -0.704873 0.2342787 -0.6695283 -0.7048726 0.2342765 -0.6695283 -0.7048733 0.07942152 -0.704873 -0.7048733 0.07941955 -0.7048734 -0.7048732 0.02914774 0.2587093 -0.9655154 0.08598762 0.2457363 -0.9655154 0.08598709 0.245736 -0.9655154 0.1385132 0.220441 -0.9655154 0.1385129 0.220441 -0.9655154 0.1840923 0.1840925 -0.9655155 0.1840919 0.1840923 -0.9655156 0.2204433 0.1385121 -0.965515 0.2204412 0.1385125 -0.9655154 0.2457346 0.08598673 -0.9655158 0.2457383 0.08598691 -0.9655148 0.2587079 0.02914965 -0.9655157 0.2587088 0.02914935 -0.9655155 0.2587078 -0.02914965 -0.9655158 0.2587097 -0.02914935 -0.9655153 0.2457373 -0.08598673 -0.9655151 0.245736 -0.08598691 -0.9655155 0.2204409 -0.1385123 -0.9655156 0.2204426 -0.1385123 -0.9655151 0.1840897 -0.1840924 -0.965516 0.1840934 -0.1840924 -0.9655152 0.1385105 -0.2204409 -0.9655157 0.1385162 -0.2204411 -0.965515 0.08598619 -0.245736 -0.9655156 0.08598721 -0.2457363 -0.9655154 0.02914768 -0.258709 -0.9655154 0.02915096 -0.2587089 -0.9655154 0 0.2588187 -0.9659259 0 0.2588189 -0.9659259 0 0.7071069 -0.7071068 0 0.9659259 -0.2588186 0.0984202 0.9612364 -0.2575621 0.07221072 0.7052614 -0.7052603 0.02649044 0.258728 -0.965587 0.02649188 0.2587277 -0.965587 0.07837301 0.2479908 -0.9655871 0.07837373 0.2479912 -0.9655869 0.1270037 0.2269621 -0.965587 0.1270038 0.2269626 -0.9655869 0.1703656 0.1965155 -0.9655866 0.1703621 0.1965149 -0.9655873 0.07221192 0.7052613 -0.7052602 0.2136369 0.6759933 -0.7052606 0.2136374 0.6759939 -0.7052597 0.3461962 0.6186718 -0.7052612 0.3461992 0.6186723 -0.7052593 0.4643907 0.5356757 -0.7052608 0.4643916 0.5356765 -0.7052597 0.7426973 0.6177727 -0.258375 0.6329416 0.7301009 -0.2575612 0.6329407 0.7301005 -0.257564 0.4718503 0.843219 -0.2575638 0.4718491 0.8432198 -0.2575635 0.3406085 0.9039587 -0.2585428 0.2949367 0.9332409 -0.205119 0.2467675 0.9339711 -0.2584642 0.09842091 0.9612362 -0.2575625 0.8017076 0.5388741 -0.2586109 0.7773905 0.5940402 -0.2068338 0.5633138 0.4304485 -0.70526 0.5633105 0.4304512 -0.705261 0.2066531 0.1579131 -0.9655869 0.2066535 0.1579124 -0.9655869 0.8489053 0.385786 0.361288 0.8688994 0.479147 -0.1242257 0.8107906 0.5667634 -0.1462801 0.7720326 0.6258748 -0.1106634 0.4045106 0.9100992 -0.08994871 0.1819911 0.9770137 -0.1110112 0.2031308 0.9713131 -0.1236487 0.2128084 0.9461256 -0.2440475 0.2328619 0.1152319 -0.9656588 0.2127206 0.2004443 -0.9563327 0.1892875 0.2392755 -0.9523222 0.2399916 0.3341285 -0.9114615 0.2153974 0.3839288 -0.8978879 0.2124105 0.4493137 -0.8677552 0.2008135 0.4728617 -0.8579487 0.2332398 0.5649463 -0.7914764 0.8614277 0.4976544 -0.1014025 0.8631657 0.4930111 -0.1090192 0.8642577 0.4829605 -0.1407411 0.8613899 0.4910249 -0.1300077 0.8554729 0.4867485 -0.1767547 0.8495088 0.5012414 -0.1645968 0.856342 0.4777089 -0.1961445 0.846778 0.5005262 -0.1801131 0.8474728 0.4809411 -0.2246901 0.8352691 0.5062346 -0.2145976 0.8466576 0.4777281 -0.2344073 0.8321653 0.5066226 -0.2254655 0.8386497 0.4815626 -0.2544886 0.8246313 0.5059338 -0.2530106 0.8357251 0.4843729 -0.2587403 0.2321205 0.5660371 -0.7910261 0.2070968 0.6277481 -0.7503622 0.2130539 0.6668779 -0.7140603 0.1848129 0.7327911 -0.6548751 0.2261082 0.7582093 -0.6115503 0.204889 0.821521 -0.532094 0.2138077 0.8377656 -0.5024293 0.2097688 0.8498141 -0.4835422 0.2093063 0.901575 -0.3786203 0.2194932 0.8966261 -0.3845577 0.2068718 0.9434993 -0.2588689 0.5948032 0.7888072 -0.1548948 0.5953473 0.7867122 -0.1632351 0.591278 0.7863302 -0.1790958 0.5982052 0.7608551 -0.251496 0.5796098 0.7648811 -0.281086 0.5927286 0.7310634 -0.3379632 0.5883015 0.7195606 -0.3689634 0.5990063 0.687591 -0.410378 0.5746768 0.6772453 -0.4594403 0.5885231 0.645133 -0.4872822 0.5891106 0.6154747 -0.5235837 0.5990535 0.590864 -0.5403839 0.5766208 0.5568462 -0.5978552 0.5875225 0.5352562 -0.6068922 0.5967246 0.4883077 -0.6367696 0.603348 0.4747735 -0.6407506 0.5883771 0.416563 -0.693028 0.594489 0.4064646 -0.6938079 0.6145994 0.3500459 -0.7069197 0.1807929 0.9705751 -0.1590532 0.09724277 0.9952607 0 0.09724313 0.9952607 0 0.1302738 0.9895278 0.06215679 0.309399 0.9493175 -0.05539739 0.01031124 0.3452981 0.9384365 0.589066 0.8033718 -0.0871495 0.3095094 0.9496573 0.04852896 0.1302287 0.9891917 0.06738239 0.1209 0.990776 0.06120574 0.1544478 0.9423653 0.2968057 0.1090816 0.9491792 0.2952288 0.1410344 0.8686076 0.4750053 0.2401332 0.7430325 0.624691 0.02546238 0.7377717 0.67457 0.1789531 0.5629199 0.8069059 0.3110924 0.4080718 0.8583118 0.3817976 0.921726 0.06820571 0.3986846 0.8947942 0.2009821 0.3343276 0.919808 0.205374 0.4624696 0.7867948 0.4087491 0.3291329 0.8165232 0.4743009 0.5332377 0.6097233 0.5864257 0.3814216 0.6059004 0.6981421 0.5473358 0.8104144 0.2089306 0.5959548 0.7987238 0.08293461 0.603995 0.7927023 0.08254289 0.6434252 0.751487 0.1458472 0.6107936 0.7728583 0.1721084 0.6812757 0.7008847 0.2112444 0.6489084 0.7155981 0.258529 0.6830137 0.6830123 0.2588176 0.6830126 0.6830126 0.2588201 0.4999994 0.4999994 0.7071076 0.5000014 0.5000005 0.7071055 0.1830119 0.1830126 0.9659261 0.1830131 0.1830126 0.9659258 0.6129722 0.7469125 0.2576565 0.449664 0.5479189 0.7053987 0.164934 0.2009723 0.9656122 0.1649313 0.2009725 0.9656127 0.122559 0.2292873 0.9656121 0.1225587 0.2292872 0.9656122 0.07547014 0.248792 0.9656122 0.07546836 0.248791 0.9656125 0.02548319 0.258735 0.9656122 0.02548259 0.2587347 0.9656124 0.449665 0.5479193 0.7053978 0.3341291 0.6251153 0.7053997 0.3341344 0.6251148 0.7053976 0.2057564 0.6782913 0.7053972 0.2057588 0.6782901 0.7053977 0.06947368 0.7053992 0.7053974 0.06947797 0.7053981 0.7053981 0.6129749 0.7469105 0.257656 0.4554802 0.8521452 0.2576556 0.4554827 0.852144 0.2576555 0.2804821 0.9246314 0.2576559 0.2804839 0.9246306 0.2576571 0.09470814 0.961584 0.2576563 0.09470844 0.9615845 0.2576544 0 0.2588188 0.965926 0 0.2588192 0.9659259 0 0.7071068 0.7071068 0 0.7071073 0.7071063 0 0.9659256 0.2588201 0 0.965926 0.2588183 -0.03092265 0.2586954 0.9654639 -0.03092283 0.2586945 0.9654642 -0.08422458 0.7045946 0.704594 -0.08422309 0.7045945 0.7045943 -0.1146998 0.9595511 0.2571104 -0.1146997 0.9595511 0.2571106 -0.09102612 0.2441173 0.9654641 -0.09102737 0.2441178 0.9654639 -0.2479245 0.6648921 0.7045935 -0.2479265 0.6648908 0.704594 -0.337636 0.9054815 0.2571095 -0.3376362 0.9054809 0.2571116 -0.09887909 -0.2401385 0.9656896 -0.2697191 -0.6550358 0.7058185 -0.367863 -0.893388 0.2579429 -0.3678634 -0.8933893 0.2579384 -0.2108889 -0.9428638 0.2579414 -0.2108892 -0.9428637 0.2579418 -0.04779702 -0.964978 0.2579398 -0.04779678 -0.9649773 0.2579423 0.1166836 -0.9590892 0.2579398 0.1166837 -0.9590893 0.2579395 0.2777769 -0.9253687 0.2579398 0.2777764 -0.9253681 0.257942 0.4308099 -0.8647938 0.2579429 0.4308099 -0.8647947 0.25794 0.571344 -0.779123 0.257941 0.5713406 -0.779125 0.2579421 0.6952936 -0.6708449 0.2579421 0.6952925 -0.6708462 0.2579412 0.7990693 -0.5430971 0.2579418 0.7990675 -0.5431002 0.2579407 0.8796543 -0.3995932 0.2579415 0.8796547 -0.3995931 0.2579405 0.9347149 -0.2444888 0.2579405 0.9347143 -0.2444899 0.2579417 0.9626497 -0.08229297 0.2579411 0.9626498 -0.08229255 0.2579409 0.9626498 0.08229213 0.2579406 0.9626494 0.08229351 0.2579417 0.9347146 0.2444896 0.2579407 0.9347146 0.2444891 0.2579415 0.8796549 0.3995927 0.2579402 0.8796545 0.3995929 0.2579413 0.7990695 0.5430973 0.2579406 0.799067 0.5431002 0.2579419 0.6952947 0.6708444 0.2579401 0.6952919 0.6708464 0.2579424 0.5713428 0.7791237 0.2579412 0.5713416 0.7791246 0.2579411 0.43081 0.8647943 0.2579413 0.4308093 0.8647944 0.2579416 0.277777 0.9253687 0.2579398 0.2777763 0.9253681 0.2579422 0.1166836 0.9590892 0.2579398 0.1166837 0.9590893 0.2579394 -0.04779678 0.9649772 0.257943 -0.04779684 0.964978 0.2579399 -0.2108889 0.9428639 0.2579414 -0.2108892 0.9428632 0.2579433 -0.3678629 0.8933882 0.2579428 -0.367863 0.8933891 0.2579395 -0.269717 -0.6550358 0.7058193 -0.1546252 -0.6913123 0.7058175 -0.1546257 -0.6913114 0.7058184 -0.0350455 -0.7075244 0.7058194 -0.03504341 -0.7075254 0.7058186 0.08555251 -0.7032058 0.7058203 0.08555239 -0.7032077 0.7058184 0.2036684 -0.6784843 0.7058176 0.2036671 -0.6784827 0.7058194 0.3158721 -0.6340711 0.7058179 0.3158718 -0.6340699 0.705819 0.4189105 -0.5712565 0.7058187 0.4189097 -0.5712575 0.7058184 0.5097935 -0.4918652 0.7058182 0.5097916 -0.4918673 0.7058181 0.5858812 -0.3982021 0.7058176 0.5858795 -0.3982029 0.7058184 0.6449676 -0.2929826 0.7058173 0.6449661 -0.2929834 0.7058183 0.6853374 -0.1792601 0.7058177 0.6853358 -0.1792615 0.7058188 0.7058181 -0.06033772 0.7058188 0.7058181 -0.06033736 0.7058189 0.7058194 0.06033754 0.7058175 0.7058174 0.06033754 0.7058196 0.6853376 0.179261 0.7058172 0.6853355 0.1792604 0.7058193 0.6449651 0.2929835 0.7058191 0.6449671 0.2929829 0.7058176 0.5858814 0.3982021 0.7058173 0.5858791 0.398203 0.7058187 0.5097941 0.4918658 0.7058174 0.5097911 0.4918668 0.7058188 0.4189105 0.5712565 0.7058187 0.4189096 0.5712574 0.7058186 0.3158728 0.6340692 0.7058191 0.3158715 0.6340709 0.7058182 0.2036689 0.6784834 0.7058182 0.2036665 0.6784836 0.7058188 0.08555275 0.7032076 0.7058187 0.08555132 0.7032068 0.7058196 -0.03504467 0.7075254 0.7058185 -0.03504437 0.7075252 0.7058187 -0.1546256 0.6913139 0.7058159 -0.1546244 0.69131 0.70582 -0.2697179 0.6550351 0.7058196 -0.2697183 0.6550366 0.7058181 -0.0988785 -0.2401388 0.9656896 -0.0566864 -0.2534375 0.9656895 -0.05668669 -0.2534372 0.9656896 -0.01284736 -0.2593817 0.9656895 -0.01284748 -0.2593817 0.9656895 0.0313642 -0.2577988 0.9656895 0.03136426 -0.2577983 0.9656897 0.07466477 -0.2487343 0.9656896 0.07466536 -0.2487345 0.9656896 0.1157984 -0.2324528 0.9656897 0.1158013 -0.2324524 0.9656894 0.153573 -0.2094252 0.9656897 0.1535727 -0.2094247 0.9656898 0.1868915 -0.1803199 0.9656896 0.1868931 -0.1803197 0.9656894 0.2147855 -0.1459823 0.9656897 0.2147851 -0.1459824 0.9656897 0.2364436 -0.1074083 0.9656904 0.2364473 -0.1074087 0.9656894 0.2512484 -0.06571763 0.9656891 0.2512472 -0.06571763 0.9656895 0.2587562 -0.02211999 0.9656894 0.2587549 -0.02211958 0.9656898 0.2587563 0.02211976 0.9656893 0.2587531 0.02211982 0.9656902 0.2512448 0.06571763 0.9656901 0.2512485 0.06571763 0.9656891 0.2364437 0.1074084 0.9656904 0.2364482 0.1074087 0.9656893 0.2147854 0.1459823 0.9656896 0.2147852 0.1459825 0.9656897 0.1868915 0.1803197 0.9656896 0.186893 0.1803199 0.9656893 0.1535727 0.2094249 0.9656897 0.153574 0.2094249 0.9656896 0.1157984 0.2324528 0.9656897 0.1158013 0.2324524 0.9656894 0.07466477 0.2487343 0.9656896 0.0746653 0.2487344 0.9656897 0.03136509 0.2577983 0.9656896 0.03136432 0.2577986 0.9656895 -0.01284736 0.2593817 0.9656894 -0.01284748 0.2593814 0.9656895 -0.05668634 0.2534371 0.9656896 -0.05668669 0.2534372 0.9656896 -0.09887927 0.240139 0.9656895 -0.09887844 0.2401386 0.9656897 -0.09102624 -0.2441177 0.965464 -0.09102731 -0.2441176 0.9654639 -0.2479233 -0.6648916 0.7045944 -0.2479264 -0.6648909 0.704594 -0.3376358 -0.9054813 0.2571105 -0.3376365 -0.9054809 0.257111 -0.03092259 -0.2586947 0.9654641 -0.03092288 -0.2586952 0.9654639 -0.08422362 -0.7045952 0.7045936 -0.08422422 -0.704594 0.7045946 -0.1146993 -0.9595511 0.2571104 -0.1147003 -0.9595509 0.2571107 0 -0.2588188 0.965926 0 -0.2588192 0.9659259 0 -0.7071063 0.7071073 0 -0.7071078 0.7071058 0 -0.9659256 0.2588201 0 -0.965926 0.2588183 0.03405207 -0.2586691 0.9653657 0.03405326 -0.258668 0.9653659 0.09269219 -0.704064 0.7040612 0.09269154 -0.7040619 0.7040634 0.1261506 -0.9582092 0.2567516 0.1261508 -0.9582093 0.2567511 0.09984368 -0.2410411 0.9653655 0.09984523 -0.2410411 0.9653654 0.2717561 -0.6560828 0.7040625 0.2717595 -0.6560804 0.7040635 0.3698543 -0.8929088 0.2567521 0.3698551 -0.892909 0.2567507 0.1588258 -0.2069866 0.9653658 0.1588253 -0.2069863 0.9653658 0.4323047 -0.5633901 0.7040627 0.4323046 -0.563391 0.7040621 0.5883542 -0.766758 0.256752 0.5883549 -0.766758 0.2567506 0.6830141 -0.6830118 0.2588179 0.6830119 -0.6830137 0.2588187 0.4999998 -0.4999998 0.7071071 0.5000008 -0.4999999 0.7071064 0.1830127 -0.1830122 0.9659259 0.1830113 -0.1830129 0.9659261 0.5684201 -0.8219588 0.03581029 0.1369478 -0.2283125 0.963908 0.2117893 -0.3861657 0.897787 0.1360673 -0.4630074 0.8758481 0.2236386 -0.663842 0.7136523 0.222109 -0.6640728 0.7139152 0.0216906 -0.8547745 0.5185462 0.3867171 -0.8035893 0.4524313 0.1614544 -0.9035961 0.3967955 0.3551159 -0.9259408 0.1285549 0.4201043 -0.8605765 0.2879593 0.3524073 -0.8611904 0.3662789 0.4603589 -0.7540112 0.4685477 0.3900643 -0.705213 0.5920512 0.4889671 -0.609441 0.6240937 0.4695687 -0.5295328 0.7064703 0.6086164 -0.7911003 0.06120872 0.6249321 -0.7739893 0.1019829 0.6108234 -0.7807599 0.1315631 0.6470263 -0.7441847 0.1659709 0.6388249 -0.7388651 0.2144322 0.6717881 -0.7058523 0.2246627 0.6788237 -0.6871782 0.2588139 0.3078761 -0.9446569 0.1132954 0.3036134 -0.944099 0.1284371 0.1288683 -0.9788426 0.1589347 0.07442414 -0.9801782 0.1836076 0.1305269 -0.9914448 0 0.07271844 -0.9924777 0.09848964 0.309399 -0.9493175 -0.05539739 0.07350343 0.997295 0 0.3269916 0.945021 0.003453552 0.2588183 0.9659261 0 0.7071081 0.7071055 0 0.7071087 0.7071049 0 0.9659258 0.2588191 0 0.9903953 0.1381193 0.006352186 0.9219169 0.3873879 0 0.9908365 -0.1350675 0 0.9659205 -0.2588174 0.003360748 0.707106 -0.7071045 0.002120733 0.837333 -0.5466935 1.90002e-5 0.9214174 -0.3885742 -4.49721e-5 0.07318431 -0.9973185 0 0.2112111 -0.9774387 0.001863777 0.2588176 -0.9659212 0.003121197 0.3915279 -0.9201663 0 0.668688 -0.7435431 0 0.104253 -0.9945509 0 0.276139 -0.9605463 -0.03313916 0.1950899 -0.9807854 0 0.5555703 -0.8314697 0 0.5555719 -0.8314686 0 0.5555719 0.8314686 0 0.5555703 0.8314697 0 0.2962478 0.9551112 0 0.1950606 0.9806364 -0.01742804 0.1042209 0.9945542 0 1 -3.94143e-7 0 1 -5.88762e-7 0 1 2.23642e-6 0 1 -1.53581e-6 0 1 1.05508e-6 0 1 -3.54451e-6 0 1 2.01885e-6 0 1 4.62898e-7 0 1 3.94143e-7 0 1 2.7737e-6 0 1 -1.71988e-6 0 1 -9.58787e-7 0 1 -1.90096e-6 0 1 -6.31037e-7 0 1 4.57446e-7 0 1 3.90809e-7 0 1 9.58788e-7 0 1 1.90096e-6 0 1 3.30146e-6 0 -0.9659259 -0.2588189 0 -0.9659258 -0.2588193 0 -0.7071071 -0.7071065 0 -0.7071067 -0.7071069 0 -0.2588189 -0.9659259 0 0.2588189 -0.9659259 0 0.7071067 -0.7071069 0 0.9659259 -0.2588189 0 0.9659258 -0.2588193 0 0.9659259 0.2588189 0 0.9659258 0.2588193 0 0.7071067 0.7071069 0 0.2588189 0.9659259 0 -0.2588189 0.9659259 0 -0.7071071 0.7071065 0 -0.7071067 0.7071069 0 -0.9659259 0.2588189 0 -0.9659258 0.2588193 0 0.2588192 -0.9659259 0 -0.2588192 -0.9659259 0 -0.2588192 0.9659259 0 0.2588192 0.9659259 0 -2.91038e-7 0 -1 2.91038e-7 0 -1</float_array>
          <technique_common>
            <accessor source="#link_5_1-mesh-normals-array" count="2747" stride="3">
              <param name="X" type="float"/>
              <param name="Y" type="float"/>
              <param name="Z" type="float"/>
            </accessor>
          </technique_common>
        </source>
        <vertices id="link_5_1-mesh-vertices">
          <input semantic="POSITION" source="#link_5_1-mesh-positions"/>
        </vertices>
        <triangles material="m_2-material" count="526">
          <input semantic="VERTEX" source="#link_5_1-mesh-vertices" offset="0"/>
          <input semantic="NORMAL" source="#link_5_1-mesh-normals" offset="1"/>
          <p>0 0 1 0 2 0 0 1 2 1 3 1 3 2 2 2 4 2 3 0 4 0 5 0 6 3 7 3 8 3 5 3 4 3 9 3 5 3 9 3 10 3 10 3 9 3 11 3 10 3 11 3 12 3 12 3 11 3 13 3 12 3 13 3 14 3 14 4 13 4 15 4 14 3 15 3 16 3 16 3 15 3 17 3 16 3 17 3 18 3 18 3 17 3 19 3 18 3 19 3 20 3 20 5 19 5 21 5 20 6 21 6 22 6 22 3 21 3 23 3 22 7 23 7 8 7 8 3 23 3 24 3 8 3 24 3 6 3 25 8 26 8 27 8 27 9 26 9 28 9 27 8 28 8 9 8 9 8 28 8 11 8 26 8 29 8 28 8 28 8 29 8 30 8 28 8 30 8 31 8 32 8 28 8 33 8 33 10 28 10 31 10 33 8 31 8 34 8 34 11 31 11 35 11 36 8 37 8 38 8 38 8 37 8 39 8 38 8 39 8 27 8 27 12 39 12 40 12 27 13 40 13 25 13 6 14 24 14 41 14 41 14 24 14 42 14 43 14 44 14 45 14 45 15 44 15 46 15 45 14 46 14 47 14 47 16 46 16 42 16 48 17 49 17 41 17 46 14 50 14 42 14 42 14 50 14 51 14 42 18 51 18 41 18 41 14 51 14 52 14 41 19 52 19 48 19 53 14 54 14 55 14 55 20 54 20 41 20 55 14 41 14 56 14 56 21 41 21 49 21 17 0 57 0 19 0 19 0 57 0 58 0 19 22 58 22 21 22 21 23 58 23 59 23 21 24 59 24 23 24 23 25 59 25 60 25 23 26 60 26 24 26 24 27 60 27 42 27 57 28 17 28 61 28 61 29 17 29 15 29 61 30 15 30 62 30 62 31 15 31 13 31 62 32 13 32 28 32 28 33 13 33 11 33 62 3 28 3 32 3 47 3 42 3 60 3 60 3 59 3 47 3 47 3 59 3 58 3 47 3 58 3 63 3 63 34 58 34 57 34 63 3 57 3 32 3 32 3 57 3 61 3 32 3 61 3 62 3 64 35 65 35 66 35 64 36 67 36 68 36 69 36 70 36 71 36 66 36 72 36 64 36 64 37 72 37 73 37 64 38 73 38 67 38 68 36 74 36 64 36 64 39 74 39 75 39 64 36 75 36 76 36 76 40 75 40 77 40 76 36 77 36 78 36 78 36 77 36 79 36 80 36 81 36 82 36 82 41 81 41 79 41 82 42 79 42 71 42 71 43 79 43 77 43 71 36 77 36 69 36 82 44 83 44 84 44 84 45 85 45 82 45 82 46 85 46 86 46 82 47 86 47 80 47 87 14 88 14 89 14 90 14 87 14 64 14 64 48 87 48 89 48 64 49 89 49 91 49 91 50 89 50 92 50 91 14 92 14 93 14 92 14 94 14 93 14 93 14 94 14 95 14 93 51 95 51 96 51 96 14 97 14 93 14 93 52 97 52 98 52 93 14 98 14 99 14 76 14 100 14 64 14 64 53 100 53 101 53 101 14 102 14 64 14 64 54 102 54 103 54 64 55 103 55 104 55 104 14 105 14 64 14 64 56 105 56 106 56 64 57 106 57 90 57 41 0 107 0 6 0 6 0 107 0 108 0 7 0 6 0 109 0 109 58 6 58 108 58 109 59 108 59 110 59 110 0 108 0 111 0 112 60 113 60 114 60 114 61 113 61 115 61 114 62 115 62 116 62 116 63 115 63 117 63 118 64 45 64 47 64 63 64 113 64 47 64 47 64 113 64 112 64 47 65 112 65 118 65 119 66 52 66 51 66 119 67 51 67 120 67 120 68 51 68 50 68 120 69 50 69 121 69 121 70 50 70 122 70 122 71 50 71 46 71 122 72 46 72 123 72 124 73 125 73 49 73 49 3 125 3 56 3 124 74 49 74 48 74 124 75 48 75 126 75 126 76 48 76 52 76 126 77 52 77 119 77 127 78 128 78 129 78 129 79 128 79 130 79 129 80 130 80 131 80 131 81 130 81 132 81 131 82 132 82 133 82 133 83 132 83 134 83 133 84 134 84 135 84 135 85 134 85 136 85 135 86 136 86 137 86 137 87 136 87 82 87 137 88 82 88 71 88 128 89 127 89 138 89 128 90 138 90 139 90 139 91 138 91 140 91 139 92 140 92 141 92 141 93 140 93 142 93 141 94 142 94 143 94 143 95 142 95 116 95 143 96 116 96 117 96 40 3 39 3 97 3 97 3 39 3 98 3 26 97 95 97 29 97 29 98 95 98 94 98 29 99 94 99 30 99 30 100 94 100 92 100 30 101 92 101 31 101 31 102 92 102 89 102 40 103 97 103 96 103 40 104 96 104 25 104 25 105 96 105 95 105 25 106 95 106 26 106 32 107 33 107 144 107 113 108 63 108 145 108 145 109 63 109 32 109 145 110 32 110 146 110 146 111 32 111 144 111 147 112 88 112 87 112 148 113 149 113 150 113 150 114 149 114 151 114 150 115 151 115 87 115 87 116 151 116 152 116 87 117 152 117 147 117 144 118 153 118 146 118 146 119 153 119 154 119 146 120 154 120 155 120 155 121 154 121 156 121 155 122 156 122 148 122 148 123 156 123 157 123 148 124 157 124 149 124 87 125 90 125 150 125 150 126 90 126 158 126 150 127 158 127 148 127 148 128 158 128 159 128 160 129 146 129 159 129 159 130 146 130 155 130 159 131 155 131 148 131 115 132 113 132 160 132 160 133 113 133 145 133 160 134 145 134 146 134 90 135 106 135 158 135 158 136 106 136 161 136 158 137 161 137 159 137 159 138 161 138 162 138 159 139 162 139 160 139 160 140 162 140 163 140 160 141 163 141 115 141 115 142 163 142 117 142 106 143 105 143 161 143 161 144 105 144 164 144 161 145 164 145 162 145 162 146 164 146 165 146 162 147 165 147 163 147 163 148 165 148 166 148 163 149 166 149 117 149 104 150 103 150 167 150 167 151 103 151 168 151 167 152 168 152 169 152 169 153 168 153 170 153 169 154 170 154 171 154 171 155 170 155 172 155 139 156 141 156 166 156 166 157 141 157 143 157 166 158 143 158 117 158 105 159 104 159 164 159 164 160 104 160 167 160 164 161 167 161 165 161 165 162 167 162 169 162 165 163 169 163 166 163 166 164 169 164 171 164 166 165 171 165 139 165 139 166 171 166 172 166 139 167 172 167 128 167 83 168 82 168 136 168 84 169 173 169 85 169 85 170 173 170 174 170 85 171 174 171 86 171 86 172 174 172 80 172 80 173 174 173 81 173 81 174 174 174 175 174 81 175 175 175 79 175 79 176 175 176 78 176 78 177 175 177 100 177 78 178 100 178 76 178 101 179 100 179 176 179 176 180 100 180 175 180 176 181 175 181 177 181 177 182 175 182 174 182 177 183 174 183 178 183 178 184 174 184 173 184 103 185 102 185 168 185 168 186 102 186 179 186 168 187 179 187 170 187 170 188 179 188 180 188 170 189 180 189 172 189 172 190 180 190 181 190 172 191 181 191 128 191 128 192 181 192 130 192 102 193 101 193 179 193 179 194 101 194 176 194 179 195 176 195 180 195 180 196 176 196 177 196 180 197 177 197 181 197 181 198 177 198 178 198 181 199 178 199 130 199 130 200 178 200 132 200 84 201 83 201 173 201 173 202 83 202 136 202 173 203 136 203 178 203 178 204 136 204 134 204 178 205 134 205 132 205 27 206 9 206 182 206 182 207 9 207 183 207 182 208 183 208 184 208 185 209 186 209 9 209 9 210 186 210 187 210 9 211 187 211 183 211 188 212 189 212 190 212 190 213 189 213 191 213 190 214 191 214 192 214 190 215 193 215 188 215 188 216 193 216 194 216 188 217 194 217 183 217 183 218 194 218 195 218 183 219 195 219 184 219 192 220 191 220 196 220 196 221 191 221 197 221 196 222 197 222 198 222 198 223 197 223 99 223 99 224 197 224 199 224 99 225 199 225 93 225 121 226 200 226 120 226 120 227 200 227 201 227 124 228 126 228 202 228 202 229 126 229 119 229 202 230 119 230 120 230 203 231 202 231 65 231 65 231 202 231 120 231 65 232 120 232 66 232 66 233 120 233 201 233 204 234 205 234 202 234 202 235 205 235 125 235 202 236 125 236 124 236 206 237 200 237 207 237 208 238 207 238 123 238 123 239 207 239 200 239 123 240 200 240 122 240 122 241 200 241 121 241 206 242 207 242 209 242 209 243 207 243 210 243 209 244 210 244 211 244 212 245 213 245 214 245 214 246 213 246 215 246 214 247 215 247 211 247 211 248 210 248 214 248 214 249 210 249 216 249 214 250 216 250 212 250 118 251 112 251 217 251 118 252 217 252 218 252 218 253 217 253 219 253 218 254 219 254 220 254 220 255 219 255 221 255 221 256 219 256 207 256 221 257 207 257 208 257 114 258 116 258 222 258 222 259 116 259 223 259 222 260 223 260 224 260 224 261 223 261 225 261 224 262 225 262 210 262 210 263 225 263 216 263 112 264 114 264 217 264 217 265 114 265 222 265 217 266 222 266 219 266 219 267 222 267 224 267 219 268 224 268 207 268 207 269 224 269 210 269 226 270 211 270 215 270 227 271 226 271 228 271 127 272 227 272 229 272 226 273 215 273 228 273 228 274 215 274 213 274 228 275 213 275 230 275 230 276 213 276 212 276 230 277 212 277 231 277 231 278 212 278 216 278 231 279 216 279 225 279 227 280 228 280 229 280 229 281 228 281 230 281 229 282 230 282 232 282 232 283 230 283 231 283 232 284 231 284 233 284 233 285 231 285 225 285 233 286 225 286 223 286 127 287 229 287 138 287 138 288 229 288 232 288 138 289 232 289 140 289 140 290 232 290 233 290 140 291 233 291 142 291 142 292 233 292 223 292 142 293 223 293 116 293 131 294 133 294 234 294 234 295 133 295 235 295 234 296 235 296 236 296 236 297 235 297 237 297 236 298 237 298 206 298 206 299 237 299 200 299 129 300 131 300 238 300 238 301 131 301 234 301 238 302 234 302 239 302 239 303 234 303 236 303 239 304 236 304 209 304 209 305 236 305 206 305 127 306 129 306 227 306 227 307 129 307 238 307 227 308 238 308 226 308 226 309 238 309 239 309 226 310 239 310 211 310 211 311 239 311 209 311 72 312 66 312 201 312 74 313 68 313 240 313 240 314 68 314 67 314 240 315 67 315 201 315 201 316 67 316 73 316 201 317 73 317 72 317 135 318 137 318 241 318 241 319 137 319 71 319 241 320 71 320 70 320 70 321 69 321 241 321 241 322 69 322 77 322 241 323 77 323 240 323 240 324 77 324 75 324 240 325 75 325 74 325 201 326 200 326 240 326 240 327 200 327 237 327 240 328 237 328 241 328 241 329 237 329 235 329 241 330 235 330 135 330 135 331 235 331 133 331 108 332 202 332 242 332 202 333 108 333 204 333 242 334 243 334 108 334 108 335 243 335 244 335 108 336 244 336 245 336 246 337 247 337 248 337 248 338 247 338 204 338 248 339 204 339 107 339 107 340 204 340 108 340 205 341 204 341 247 341 107 342 41 342 248 342 248 343 41 343 54 343 248 344 54 344 246 344 246 345 54 345 53 345 246 346 53 346 247 346 247 347 53 347 55 347 247 348 55 348 205 348 205 349 55 349 56 349 205 350 56 350 125 350 249 351 250 351 244 351 251 352 252 352 183 352 183 353 252 353 253 353 183 354 253 354 254 354 111 355 108 355 255 355 255 356 108 356 245 356 255 357 245 357 256 357 256 358 245 358 244 358 256 359 244 359 257 359 257 360 244 360 250 360 2 361 1 361 185 361 185 362 1 362 258 362 185 363 258 363 186 363 186 364 258 364 251 364 186 365 251 365 187 365 187 366 251 366 183 366 254 367 249 367 183 367 183 368 249 368 244 368 183 369 244 369 188 369 188 370 244 370 243 370 188 371 243 371 189 371 189 372 243 372 191 372 203 373 93 373 199 373 191 374 243 374 197 374 197 375 243 375 242 375 197 376 242 376 199 376 199 377 242 377 202 377 199 378 202 378 203 378 93 379 203 379 91 379 91 380 203 380 65 380 91 381 65 381 64 381 123 382 46 382 208 382 208 383 46 383 44 383 218 384 220 384 44 384 44 385 220 385 221 385 44 386 221 386 208 386 44 387 43 387 218 387 218 388 43 388 45 388 218 389 45 389 118 389 98 390 39 390 99 390 99 391 39 391 37 391 99 392 37 392 198 392 198 393 37 393 196 393 194 394 193 394 36 394 36 395 193 395 190 395 36 396 190 396 37 396 37 397 190 397 192 397 37 398 192 398 196 398 27 399 182 399 38 399 38 400 182 400 184 400 38 401 184 401 36 401 36 402 184 402 195 402 36 403 195 403 194 403 33 404 34 404 144 404 144 405 34 405 153 405 149 406 157 406 35 406 35 407 157 407 156 407 35 408 156 408 34 408 34 409 156 409 154 409 34 410 154 410 153 410 31 411 89 411 88 411 88 412 147 412 31 412 31 413 147 413 152 413 31 414 152 414 35 414 35 415 152 415 151 415 35 416 151 416 149 416 185 14 9 14 2 14 2 14 9 14 4 14 308 456 8 456 7 456 321 465 5 465 10 465 644 752 436 752 441 752 442 755 646 755 443 755 649 764 580 764 650 764 414 777 565 777 445 777 645 780 649 780 650 780 680 862 346 862 344 862 300 878 345 878 587 878 587 879 345 879 680 879 302 935 642 935 341 935 341 936 642 936 699 936 730 1020 426 1020 424 1020 412 1036 425 1036 605 1036 605 1037 425 1037 730 1037 1083 1605 1084 1605 1080 1605 1080 8 1084 8 1085 8 1086 8 1087 8 1083 8 1083 1606 1080 1606 1088 1606 1083 8 1088 8 1086 8 1102 1613 1103 1613 1099 1613 1099 14 1103 14 1104 14 1099 14 1104 14 1100 14 1105 14 1106 14 1102 14 1102 1614 1099 1614 1107 1614 1102 14 1107 14 1105 14 1295 1930 1296 1930 1297 1930 1253 1958 1252 1958 1312 1958 1313 1994 1104 1994 1103 1994 1316 1999 1102 1999 1106 1999 1317 2001 1106 2001 1105 2001 1222 2032 1221 2032 1330 2032 1213 2042 1333 2042 1334 2042 1331 2068 1085 2068 1084 2068 1335 2075 1087 2075 1086 2075 1210 2089 1341 2089 1211 2089</p>
        </triangles>
        <triangles material="m_1-material" count="2586">
          <input semantic="VERTEX" source="#link_5_1-mesh-vertices" offset="0"/>
          <input semantic="NORMAL" source="#link_5_1-mesh-normals" offset="1"/>
          <p>259 36 260 36 261 36 262 36 249 36 263 36 263 36 249 36 254 36 264 36 263 36 265 36 265 417 263 417 254 417 265 36 254 36 266 36 264 36 267 36 263 36 263 418 267 418 268 418 263 36 268 36 269 36 269 419 268 419 270 419 269 36 270 36 271 36 271 36 270 36 272 36 261 36 260 36 270 36 270 420 260 420 273 420 270 421 273 421 272 421 274 422 275 422 276 422 276 423 275 423 277 423 276 424 277 424 278 424 279 36 280 36 281 36 281 36 280 36 282 36 282 36 280 36 276 36 276 425 280 425 283 425 276 426 283 426 274 426 278 36 284 36 276 36 276 427 284 427 285 427 276 428 285 428 286 428 286 36 287 36 276 36 276 429 287 429 288 429 276 36 288 36 289 36 289 36 288 36 290 36 289 430 290 430 261 430 261 431 290 431 291 431 261 432 291 432 259 432 3 433 292 433 293 433 294 434 252 434 251 434 294 435 251 435 295 435 252 436 294 436 253 436 253 437 294 437 266 437 253 438 266 438 254 438 251 439 258 439 295 439 295 440 258 440 1 440 295 441 1 441 293 441 293 442 1 442 0 442 293 443 0 443 3 443 296 444 109 444 110 444 111 445 255 445 297 445 297 446 255 446 298 446 255 447 256 447 298 447 298 448 256 448 257 448 298 449 257 449 262 449 262 450 257 450 250 450 262 451 250 451 249 451 111 452 297 452 110 452 110 453 297 453 299 453 110 454 299 454 296 454 18 64 300 64 16 64 16 64 300 64 301 64 302 64 16 64 303 64 303 455 16 455 301 455 303 64 301 64 304 64 304 64 301 64 305 64 306 8 307 8 8 8 109 8 296 8 7 8 7 8 296 8 309 8 7 8 309 8 308 8 310 457 308 457 311 457 311 8 308 8 312 8 310 8 313 8 308 8 308 458 313 458 314 458 308 8 314 8 8 8 8 459 314 459 315 459 8 460 315 460 316 460 316 461 317 461 8 461 8 462 317 462 318 462 8 463 318 463 306 463 319 14 320 14 321 14 292 14 3 14 322 14 322 14 3 14 5 14 322 464 5 464 321 464 323 14 324 14 10 14 10 466 324 466 321 466 321 467 324 467 325 467 321 468 325 468 326 468 327 14 328 14 10 14 10 469 328 469 329 469 10 470 329 470 323 470 326 471 330 471 321 471 321 472 330 472 331 472 321 473 331 473 319 473 332 474 333 474 12 474 334 475 327 475 10 475 12 476 333 476 10 476 10 477 333 477 335 477 10 478 335 478 334 478 14 479 336 479 12 479 12 480 336 480 337 480 12 481 337 481 332 481 338 482 339 482 14 482 14 483 339 483 340 483 14 484 340 484 336 484 16 485 302 485 14 485 14 486 302 486 341 486 14 487 341 487 338 487 342 488 343 488 20 488 20 489 343 489 344 489 300 490 18 490 345 490 345 491 18 491 20 491 345 492 20 492 346 492 346 493 20 493 344 493 342 494 20 494 347 494 347 495 20 495 22 495 347 496 22 496 348 496 307 497 349 497 8 497 8 498 349 498 350 498 8 499 350 499 22 499 22 500 350 500 351 500 22 501 351 501 348 501 352 0 353 0 309 0 262 0 263 0 354 0 355 502 356 502 309 502 309 503 356 503 357 503 309 0 357 0 352 0 309 504 296 504 355 504 355 0 296 0 299 0 355 0 299 0 358 0 358 0 299 0 297 0 358 0 297 0 354 0 354 0 297 0 298 0 354 0 298 0 262 0 322 0 359 0 360 0 265 0 266 0 361 0 361 0 266 0 294 0 361 0 294 0 362 0 362 0 294 0 295 0 362 0 295 0 363 0 360 0 364 0 322 0 322 505 364 505 365 505 322 506 365 506 292 506 292 0 365 0 363 0 292 0 363 0 293 0 293 0 363 0 295 0 366 507 367 507 309 507 309 3 367 3 368 3 309 3 368 3 308 3 359 3 353 3 369 3 321 3 370 3 322 3 322 3 370 3 371 3 366 508 309 508 372 508 372 509 309 509 353 509 372 3 353 3 371 3 371 510 353 510 359 510 371 3 359 3 322 3 373 3 374 3 375 3 375 3 374 3 376 3 369 511 377 511 359 511 359 512 377 512 378 512 359 3 378 3 379 3 379 513 378 513 380 513 379 3 380 3 381 3 381 514 380 514 382 514 376 3 374 3 383 3 383 515 374 515 384 515 383 516 384 516 385 516 385 517 384 517 386 517 385 518 386 518 387 518 387 519 388 519 385 519 385 520 388 520 389 520 385 521 389 521 390 521 391 3 392 3 385 3 385 522 392 522 393 522 385 523 393 523 394 523 390 524 395 524 385 524 385 525 395 525 396 525 385 526 396 526 391 526 373 3 397 3 374 3 374 527 397 527 398 527 374 528 398 528 399 528 399 3 398 3 400 3 394 529 401 529 385 529 385 530 401 530 402 530 385 531 402 531 403 531 398 3 404 3 400 3 400 532 404 532 405 532 400 533 405 533 380 533 380 534 405 534 406 534 380 535 406 535 382 535 403 536 407 536 385 536 385 537 407 537 408 537 385 538 408 538 409 538 409 539 408 539 410 539 409 540 410 540 411 540 372 0 412 0 366 0 366 0 412 0 413 0 414 0 366 0 415 0 415 541 366 541 413 541 415 542 413 542 416 542 416 0 413 0 417 0 418 3 419 3 420 3 420 3 419 3 421 3 422 543 423 543 371 543 371 544 423 544 424 544 412 545 372 545 425 545 425 546 372 546 371 546 425 547 371 547 426 547 426 548 371 548 424 548 422 549 371 549 427 549 427 550 371 550 370 550 427 551 370 551 428 551 320 552 429 552 321 552 321 553 429 553 430 553 321 554 430 554 370 554 370 555 430 555 431 555 370 556 431 556 428 556 432 3 433 3 434 3 434 3 433 3 435 3 436 557 437 557 368 557 438 558 312 558 308 558 368 559 437 559 308 559 308 560 437 560 439 560 308 561 439 561 438 561 367 562 440 562 368 562 368 563 440 563 441 563 368 564 441 564 436 564 442 565 443 565 367 565 367 566 443 566 444 566 367 567 444 567 440 567 366 568 414 568 367 568 367 569 414 569 445 569 367 570 445 570 442 570 416 571 417 571 446 571 446 572 417 572 447 572 446 573 447 573 448 573 448 574 447 574 449 574 448 575 449 575 450 575 450 576 449 576 451 576 450 577 451 577 452 577 452 578 451 578 453 578 452 579 453 579 454 579 454 580 453 580 455 580 454 581 455 581 456 581 456 582 455 582 457 582 456 583 457 583 458 583 458 584 457 584 459 584 458 585 459 585 460 585 460 586 459 586 461 586 460 587 461 587 462 587 462 588 461 588 463 588 462 589 463 589 464 589 464 590 463 590 465 590 464 591 465 591 466 591 466 592 465 592 467 592 466 593 467 593 468 593 468 594 467 594 469 594 468 3 469 3 470 3 470 3 469 3 471 3 470 595 471 595 472 595 472 596 471 596 473 596 472 597 473 597 474 597 474 598 473 598 475 598 474 599 475 599 476 599 476 600 475 600 477 600 476 601 477 601 478 601 478 602 477 602 479 602 478 603 479 603 480 603 480 604 479 604 481 604 480 605 481 605 482 605 482 606 481 606 483 606 482 607 483 607 484 607 484 608 483 608 485 608 484 609 485 609 486 609 486 610 485 610 487 610 486 611 487 611 488 611 488 612 487 612 489 612 488 613 489 613 490 613 490 614 489 614 491 614 490 615 491 615 492 615 492 616 491 616 493 616 492 617 493 617 305 617 305 618 493 618 304 618 494 8 495 8 496 8 496 8 495 8 497 8 496 619 497 619 498 619 499 8 500 8 501 8 498 8 497 8 502 8 502 620 497 620 503 620 502 621 503 621 504 621 505 8 506 8 507 8 507 622 506 622 508 622 507 8 508 8 503 8 503 623 508 623 509 623 503 624 509 624 504 624 510 8 506 8 511 8 511 8 506 8 505 8 511 8 505 8 512 8 512 8 505 8 433 8 513 8 514 8 515 8 494 8 516 8 495 8 495 625 516 625 517 625 495 626 517 626 514 626 514 8 517 8 518 8 514 627 518 627 515 627 519 8 520 8 521 8 521 628 520 628 513 628 521 8 513 8 522 8 522 8 513 8 515 8 505 8 523 8 433 8 433 8 523 8 524 8 433 8 524 8 435 8 435 8 524 8 525 8 435 8 525 8 526 8 526 8 525 8 527 8 526 8 527 8 501 8 501 629 527 629 520 629 501 8 520 8 499 8 499 630 520 630 519 630 528 14 529 14 530 14 530 631 529 631 531 631 532 632 533 632 534 632 528 14 535 14 529 14 529 633 535 633 536 633 529 14 536 14 534 14 534 634 536 634 537 634 534 635 537 635 532 635 538 636 539 636 540 636 540 14 539 14 541 14 540 14 541 14 542 14 532 637 543 637 533 637 533 14 543 14 544 14 533 14 544 14 541 14 541 14 544 14 545 14 541 14 545 14 542 14 538 14 546 14 539 14 539 638 546 638 547 638 539 639 547 639 548 639 549 14 421 14 550 14 550 14 421 14 419 14 550 640 419 640 551 640 551 14 419 14 552 14 551 641 552 641 531 641 531 642 552 642 553 642 531 643 553 643 530 643 554 644 555 644 549 644 549 645 555 645 556 645 549 646 556 646 421 646 547 14 557 14 548 14 548 647 557 647 558 647 548 14 558 14 559 14 559 648 558 648 560 648 559 14 560 14 554 14 554 14 560 14 561 14 554 649 561 649 555 649 433 650 432 650 562 650 433 651 562 651 512 651 415 652 563 652 414 652 414 653 563 653 564 653 414 654 564 654 565 654 565 655 564 655 566 655 562 656 567 656 512 656 512 657 567 657 568 657 512 658 568 658 511 658 511 659 568 659 569 659 511 660 569 660 510 660 510 661 569 661 570 661 510 662 570 662 571 662 571 663 570 663 572 663 571 664 572 664 573 664 573 665 572 665 574 665 573 666 574 666 575 666 575 667 574 667 576 667 575 668 576 668 577 668 577 669 576 669 578 669 577 670 578 670 579 670 579 671 578 671 580 671 579 672 580 672 566 672 566 673 580 673 581 673 566 674 581 674 565 674 582 675 583 675 584 675 584 676 583 676 585 676 584 677 585 677 586 677 586 678 585 678 587 678 587 679 585 679 588 679 587 680 588 680 300 680 300 681 588 681 589 681 300 682 589 682 301 682 590 683 591 683 500 683 500 684 591 684 501 684 590 685 500 685 592 685 592 686 500 686 593 686 592 687 593 687 594 687 594 688 593 688 595 688 594 689 595 689 596 689 596 690 595 690 597 690 596 691 597 691 582 691 582 692 597 692 598 692 582 693 598 693 583 693 591 694 599 694 501 694 501 695 599 695 600 695 501 696 600 696 526 696 434 697 435 697 601 697 601 698 435 698 526 698 601 699 526 699 602 699 602 700 526 700 600 700 603 701 412 701 604 701 604 702 412 702 605 702 605 703 606 703 604 703 604 704 606 704 607 704 604 705 607 705 608 705 603 706 609 706 412 706 412 707 609 707 610 707 412 708 610 708 413 708 611 709 612 709 561 709 561 710 612 710 555 710 611 711 561 711 613 711 613 712 561 712 614 712 613 713 614 713 615 713 615 714 614 714 616 714 615 715 616 715 617 715 617 716 616 716 618 716 617 717 618 717 608 717 608 718 618 718 619 718 608 719 619 719 604 719 612 720 620 720 555 720 555 721 620 721 621 721 555 722 621 722 556 722 420 723 421 723 622 723 622 724 421 724 556 724 622 725 556 725 623 725 623 726 556 726 621 726 418 727 624 727 419 727 419 728 624 728 552 728 624 729 625 729 552 729 552 730 625 730 626 730 552 731 626 731 553 731 553 732 626 732 627 732 553 733 627 733 530 733 628 734 629 734 630 734 630 735 629 735 631 735 630 736 631 736 632 736 632 737 631 737 633 737 632 738 633 738 634 738 634 739 633 739 530 739 634 740 530 740 635 740 635 741 530 741 627 741 302 742 303 742 636 742 637 743 638 743 628 743 628 744 638 744 639 744 628 745 639 745 629 745 636 746 640 746 302 746 302 747 640 747 641 747 302 748 641 748 642 748 642 749 641 749 638 749 642 750 638 750 643 750 643 751 638 751 637 751 445 753 645 753 442 753 442 754 645 754 646 754 443 756 646 756 647 756 443 757 647 757 444 757 444 758 647 758 440 758 440 759 647 759 441 759 441 760 647 760 648 760 441 761 648 761 644 761 565 762 581 762 649 762 649 763 581 763 580 763 650 765 580 765 578 765 650 766 578 766 651 766 651 767 578 767 576 767 651 768 576 768 652 768 652 769 576 769 574 769 652 770 574 770 653 770 653 771 574 771 572 771 653 772 572 772 654 772 654 773 572 773 570 773 654 774 570 774 655 774 655 775 570 775 569 775 655 776 569 776 656 776 445 778 565 778 649 778 445 779 649 779 645 779 645 781 650 781 646 781 646 782 650 782 651 782 646 783 651 783 647 783 647 784 651 784 652 784 647 785 652 785 648 785 648 786 652 786 653 786 648 787 653 787 644 787 644 788 653 788 654 788 644 789 654 789 657 789 657 790 654 790 655 790 657 791 655 791 658 791 658 792 655 792 656 792 658 793 656 793 659 793 436 794 644 794 437 794 437 795 644 795 657 795 437 796 657 796 439 796 439 797 657 797 658 797 439 798 658 798 438 798 438 799 658 799 659 799 438 800 659 800 312 800 312 801 659 801 660 801 659 802 656 802 661 802 656 803 569 803 568 803 656 804 568 804 661 804 661 805 568 805 567 805 661 806 567 806 662 806 662 807 567 807 562 807 662 808 562 808 663 808 663 809 562 809 432 809 663 810 432 810 664 810 659 811 661 811 660 811 660 812 661 812 662 812 660 813 662 813 665 813 665 814 662 814 663 814 665 815 663 815 666 815 666 816 663 816 664 816 666 817 664 817 667 817 312 818 660 818 311 818 311 819 660 819 665 819 311 820 665 820 310 820 310 821 665 821 666 821 310 822 666 822 313 822 313 823 666 823 667 823 313 824 667 824 314 824 315 825 314 825 667 825 315 826 667 826 668 826 668 827 667 827 664 827 668 828 664 828 669 828 669 829 664 829 432 829 669 830 432 830 434 830 315 831 668 831 670 831 668 832 669 832 671 832 669 833 434 833 601 833 669 834 601 834 671 834 671 835 601 835 602 835 671 836 602 836 672 836 672 837 602 837 600 837 672 838 600 838 673 838 673 839 600 839 599 839 673 840 599 840 674 840 674 841 599 841 591 841 674 842 591 842 675 842 668 843 671 843 670 843 670 844 671 844 672 844 670 845 672 845 676 845 676 846 672 846 673 846 676 847 673 847 677 847 677 848 673 848 674 848 677 849 674 849 678 849 678 850 674 850 675 850 678 851 675 851 679 851 315 852 670 852 316 852 316 853 670 853 676 853 316 854 676 854 317 854 317 855 676 855 677 855 317 856 677 856 318 856 318 857 677 857 678 857 318 858 678 858 306 858 306 859 678 859 679 859 306 860 679 860 307 860 345 861 346 861 680 861 680 863 344 863 681 863 681 864 344 864 343 864 681 865 343 865 682 865 682 866 343 866 342 866 682 867 342 867 683 867 683 868 342 868 347 868 683 869 347 869 348 869 351 870 684 870 348 870 348 871 684 871 685 871 348 872 685 872 683 872 351 873 350 873 684 873 684 874 350 874 349 874 684 875 349 875 686 875 686 876 349 876 307 876 686 877 307 877 679 877 587 880 680 880 687 880 687 881 680 881 681 881 687 882 681 882 688 882 688 883 681 883 682 883 688 884 682 884 689 884 689 885 682 885 683 885 689 886 683 886 690 886 690 887 683 887 685 887 690 888 685 888 691 888 691 889 685 889 684 889 691 890 684 890 692 890 692 891 684 891 686 891 692 892 686 892 693 892 693 893 686 893 679 893 693 894 679 894 675 894 587 895 687 895 586 895 586 896 687 896 688 896 586 897 688 897 584 897 584 898 688 898 689 898 584 899 689 899 582 899 582 900 689 900 690 900 582 901 690 901 596 901 596 902 690 902 691 902 596 903 691 903 594 903 594 904 691 904 692 904 594 905 692 905 592 905 592 906 692 906 693 906 592 907 693 907 590 907 590 908 693 908 675 908 590 909 675 909 591 909 694 910 332 910 337 910 341 911 695 911 338 911 338 912 695 912 696 912 338 913 696 913 339 913 339 914 696 914 697 914 339 915 697 915 340 915 340 916 697 916 336 916 336 917 697 917 337 917 337 918 697 918 698 918 337 919 698 919 694 919 642 920 643 920 699 920 699 921 643 921 637 921 699 922 637 922 700 922 700 923 637 923 628 923 700 924 628 924 701 924 701 925 628 925 630 925 701 926 630 926 702 926 702 927 630 927 632 927 702 928 632 928 703 928 703 929 632 929 634 929 703 930 634 930 704 930 704 931 634 931 635 931 704 932 635 932 705 932 705 933 635 933 627 933 705 934 627 934 706 934 341 937 699 937 695 937 695 938 699 938 700 938 695 939 700 939 696 939 696 940 700 940 701 940 696 941 701 941 697 941 697 942 701 942 702 942 697 943 702 943 698 943 698 944 702 944 703 944 698 945 703 945 694 945 694 946 703 946 704 946 694 947 704 947 707 947 707 948 704 948 705 948 707 949 705 949 708 949 708 950 705 950 706 950 708 951 706 951 709 951 332 952 694 952 333 952 333 953 694 953 707 953 333 954 707 954 335 954 335 955 707 955 708 955 335 956 708 956 334 956 334 957 708 957 709 957 334 958 709 958 327 958 327 959 709 959 710 959 709 960 706 960 711 960 706 961 627 961 626 961 706 962 626 962 711 962 711 963 626 963 625 963 711 964 625 964 712 964 712 965 625 965 624 965 712 966 624 966 713 966 713 967 624 967 418 967 713 968 418 968 714 968 709 969 711 969 710 969 710 970 711 970 712 970 710 971 712 971 715 971 715 972 712 972 713 972 715 973 713 973 716 973 716 974 713 974 714 974 716 975 714 975 717 975 327 976 710 976 328 976 328 977 710 977 715 977 328 978 715 978 329 978 329 979 715 979 716 979 329 980 716 980 323 980 323 981 716 981 717 981 323 982 717 982 324 982 325 983 324 983 717 983 325 984 717 984 718 984 718 985 717 985 714 985 718 986 714 986 719 986 719 987 714 987 418 987 719 988 418 988 420 988 325 989 718 989 720 989 718 990 719 990 721 990 719 991 420 991 622 991 719 992 622 992 721 992 721 993 622 993 623 993 721 994 623 994 722 994 722 995 623 995 621 995 722 996 621 996 723 996 723 997 621 997 620 997 723 998 620 998 724 998 724 999 620 999 612 999 724 1000 612 1000 725 1000 718 1001 721 1001 720 1001 720 1002 721 1002 722 1002 720 1003 722 1003 726 1003 726 1004 722 1004 723 1004 726 1005 723 1005 727 1005 727 1006 723 1006 724 1006 727 1007 724 1007 728 1007 728 1008 724 1008 725 1008 728 1009 725 1009 729 1009 325 1010 720 1010 326 1010 326 1011 720 1011 726 1011 326 1012 726 1012 330 1012 330 1013 726 1013 727 1013 330 1014 727 1014 331 1014 331 1015 727 1015 728 1015 331 1016 728 1016 319 1016 319 1017 728 1017 729 1017 319 1018 729 1018 320 1018 425 1019 426 1019 730 1019 730 1021 424 1021 731 1021 731 1022 424 1022 423 1022 731 1023 423 1023 732 1023 732 1024 423 1024 422 1024 732 1025 422 1025 733 1025 733 1026 422 1026 427 1026 733 1027 427 1027 428 1027 431 1028 734 1028 428 1028 428 1029 734 1029 735 1029 428 1030 735 1030 733 1030 431 1031 430 1031 734 1031 734 1032 430 1032 429 1032 734 1033 429 1033 736 1033 736 1034 429 1034 320 1034 736 1035 320 1035 729 1035 605 1038 730 1038 737 1038 737 1039 730 1039 731 1039 737 1040 731 1040 738 1040 738 1041 731 1041 732 1041 738 1042 732 1042 739 1042 739 1043 732 1043 733 1043 739 1044 733 1044 740 1044 740 1045 733 1045 735 1045 740 1046 735 1046 741 1046 741 1047 735 1047 734 1047 741 1048 734 1048 742 1048 742 1049 734 1049 736 1049 742 1050 736 1050 743 1050 743 1051 736 1051 729 1051 743 1052 729 1052 725 1052 605 1053 737 1053 606 1053 606 1054 737 1054 738 1054 606 1055 738 1055 607 1055 607 1056 738 1056 739 1056 607 1057 739 1057 608 1057 608 1058 739 1058 740 1058 608 1059 740 1059 617 1059 617 1060 740 1060 741 1060 617 1061 741 1061 615 1061 615 1062 741 1062 742 1062 615 1063 742 1063 613 1063 613 1064 742 1064 743 1064 613 1065 743 1065 611 1065 611 1066 743 1066 725 1066 611 1067 725 1067 612 1067 524 1068 550 1068 525 1068 525 1069 550 1069 551 1069 525 1070 551 1070 527 1070 527 1070 551 1070 531 1070 527 1071 531 1071 520 1071 520 1072 531 1072 529 1072 520 1073 529 1073 513 1073 513 1074 529 1074 534 1074 513 1075 534 1075 514 1075 514 1076 534 1076 533 1076 514 1077 533 1077 495 1077 495 1078 533 1078 541 1078 495 1079 541 1079 497 1079 497 1080 541 1080 539 1080 497 1081 539 1081 503 1081 503 1082 539 1082 548 1082 503 1083 548 1083 507 1083 507 1084 548 1084 559 1084 507 1085 559 1085 505 1085 505 1086 559 1086 554 1086 505 1087 554 1087 523 1087 523 1087 554 1087 549 1087 523 1088 549 1088 524 1088 524 1089 549 1089 550 1089 614 1090 561 1090 560 1090 618 1091 616 1091 744 1091 744 1092 616 1092 614 1092 744 1093 614 1093 745 1093 745 1094 614 1094 560 1094 619 1095 746 1095 604 1095 604 1096 746 1096 603 1096 618 1097 744 1097 619 1097 619 1098 744 1098 747 1098 619 1099 747 1099 746 1099 609 1100 417 1100 610 1100 610 1101 417 1101 413 1101 603 1102 746 1102 609 1102 609 1103 746 1103 748 1103 609 1104 748 1104 417 1104 487 1105 485 1105 749 1105 481 1106 479 1106 750 1106 477 1107 475 1107 751 1107 744 1108 745 1108 752 1108 753 1109 535 1109 528 1109 745 1110 560 1110 558 1110 745 1111 558 1111 752 1111 752 1112 558 1112 557 1112 752 1113 557 1113 754 1113 754 1114 557 1114 547 1114 754 1115 547 1115 755 1115 755 1116 547 1116 546 1116 755 1117 546 1117 756 1117 746 1118 747 1118 757 1118 757 1119 747 1119 744 1119 744 1120 752 1120 757 1120 757 1121 752 1121 754 1121 757 1122 754 1122 758 1122 758 1123 754 1123 755 1123 758 1124 755 1124 759 1124 759 1125 755 1125 756 1125 759 1126 756 1126 760 1126 537 1127 536 1127 761 1127 761 1128 536 1128 762 1128 761 1129 762 1129 763 1129 763 1130 762 1130 764 1130 763 1131 764 1131 749 1131 536 1132 535 1132 762 1132 762 1133 535 1133 753 1133 762 1134 753 1134 764 1134 764 1135 753 1135 765 1135 746 1136 757 1136 766 1136 766 1137 757 1137 758 1137 766 1138 758 1138 767 1138 767 1139 758 1139 759 1139 767 1140 759 1140 768 1140 768 1141 759 1141 760 1141 768 1142 760 1142 769 1142 538 1143 540 1143 770 1143 770 1144 540 1144 771 1144 770 1145 771 1145 772 1145 772 1146 771 1146 773 1146 772 1147 773 1147 774 1147 774 1148 773 1148 775 1148 540 1149 542 1149 771 1149 771 1150 542 1150 776 1150 771 1151 776 1151 773 1151 773 1152 776 1152 777 1152 773 1153 777 1153 775 1153 775 1154 777 1154 778 1154 542 1155 545 1155 776 1155 776 1156 545 1156 779 1156 776 1157 779 1157 777 1157 777 1158 779 1158 780 1158 777 1159 780 1159 778 1159 778 1160 780 1160 781 1160 528 1161 782 1161 753 1161 753 1162 782 1162 783 1162 753 1163 783 1163 765 1163 765 1164 783 1164 784 1164 765 1165 784 1165 785 1165 749 1166 764 1166 786 1166 786 1167 764 1167 765 1167 786 1168 765 1168 787 1168 787 1169 765 1169 785 1169 787 1170 785 1170 788 1170 447 1171 417 1171 766 1171 766 1172 417 1172 748 1172 766 1173 748 1173 746 1173 459 1174 457 1174 769 1174 769 1175 457 1175 455 1175 769 1176 455 1176 768 1176 768 1177 455 1177 453 1177 768 1178 453 1178 767 1178 767 1179 453 1179 451 1179 767 1180 451 1180 766 1180 766 1181 451 1181 449 1181 766 1182 449 1182 447 1182 461 1183 459 1183 774 1183 774 1184 459 1184 769 1184 774 1185 769 1185 772 1185 772 1186 769 1186 760 1186 772 1187 760 1187 770 1187 770 1188 760 1188 756 1188 770 1189 756 1189 538 1189 538 1190 756 1190 546 1190 473 1191 471 1191 781 1191 781 1192 471 1192 469 1192 781 1193 469 1193 778 1193 778 1194 469 1194 467 1194 778 1195 467 1195 775 1195 775 1196 467 1196 465 1196 775 1197 465 1197 774 1197 774 1198 465 1198 463 1198 774 1199 463 1199 461 1199 475 1200 473 1200 751 1200 751 1201 473 1201 781 1201 751 1202 781 1202 789 1202 789 1203 781 1203 780 1203 789 1204 780 1204 790 1204 790 1205 780 1205 779 1205 790 1206 779 1206 544 1206 544 1207 779 1207 545 1207 479 1208 477 1208 750 1208 750 1209 477 1209 751 1209 750 1210 751 1210 791 1210 791 1211 751 1211 789 1211 791 1212 789 1212 792 1212 792 1213 789 1213 790 1213 792 1214 790 1214 543 1214 543 1215 790 1215 544 1215 483 1216 481 1216 793 1216 793 1217 481 1217 750 1217 793 1218 750 1218 794 1218 794 1219 750 1219 791 1219 794 1220 791 1220 795 1220 795 1221 791 1221 792 1221 795 1222 792 1222 532 1222 532 1223 792 1223 543 1223 532 1224 537 1224 795 1224 795 1225 537 1225 761 1225 795 1226 761 1226 794 1226 794 1227 761 1227 763 1227 794 1228 763 1228 793 1228 793 1229 763 1229 749 1229 793 1230 749 1230 483 1230 483 1231 749 1231 485 1231 487 1232 749 1232 489 1232 489 1233 749 1233 786 1233 489 1234 786 1234 491 1234 491 1235 786 1235 787 1235 491 1236 787 1236 493 1236 493 1237 787 1237 788 1237 493 1238 788 1238 304 1238 785 1239 641 1239 788 1239 788 1240 641 1240 640 1240 788 1241 640 1241 304 1241 304 1242 640 1242 636 1242 304 1243 636 1243 303 1243 528 1244 530 1244 782 1244 782 1245 530 1245 633 1245 782 1246 633 1246 783 1246 633 1247 631 1247 783 1247 783 1248 631 1248 629 1248 783 1249 629 1249 784 1249 784 1250 629 1250 639 1250 784 1251 639 1251 785 1251 785 1252 639 1252 638 1252 785 1253 638 1253 641 1253 593 1254 500 1254 499 1254 597 1255 595 1255 796 1255 796 1256 595 1256 593 1256 796 1257 593 1257 797 1257 797 1258 593 1258 499 1258 598 1259 798 1259 583 1259 583 1260 798 1260 585 1260 597 1261 796 1261 598 1261 598 1262 796 1262 799 1262 598 1263 799 1263 798 1263 588 1264 305 1264 589 1264 589 1265 305 1265 301 1265 585 1266 798 1266 588 1266 588 1267 798 1267 800 1267 588 1268 800 1268 305 1268 452 1269 454 1269 801 1269 458 1270 460 1270 802 1270 462 1271 464 1271 803 1271 796 1272 797 1272 804 1272 805 1273 508 1273 506 1273 797 1274 499 1274 519 1274 797 1275 519 1275 804 1275 804 1276 519 1276 521 1276 804 1277 521 1277 806 1277 806 1278 521 1278 522 1278 806 1279 522 1279 807 1279 807 1280 522 1280 515 1280 807 1281 515 1281 808 1281 798 1282 799 1282 809 1282 809 1283 799 1283 796 1283 796 1284 804 1284 809 1284 809 1285 804 1285 806 1285 809 1286 806 1286 810 1286 810 1287 806 1287 807 1287 810 1288 807 1288 811 1288 811 1289 807 1289 808 1289 811 1290 808 1290 812 1290 504 1291 509 1291 813 1291 813 1292 509 1292 814 1292 813 1293 814 1293 815 1293 815 1294 814 1294 816 1294 815 1295 816 1295 801 1295 509 1296 508 1296 814 1296 814 1297 508 1297 805 1297 814 1298 805 1298 816 1298 816 1299 805 1299 817 1299 798 1300 809 1300 818 1300 818 1301 809 1301 810 1301 818 1302 810 1302 819 1302 819 1303 810 1303 811 1303 819 1304 811 1304 820 1304 820 1305 811 1305 812 1305 820 1306 812 1306 821 1306 518 1307 517 1307 822 1307 822 1308 517 1308 823 1308 822 1309 823 1309 824 1309 824 1310 823 1310 825 1310 824 1311 825 1311 826 1311 826 1312 825 1312 827 1312 517 1313 516 1313 823 1313 823 1314 516 1314 828 1314 823 1315 828 1315 825 1315 825 1316 828 1316 829 1316 825 1317 829 1317 827 1317 827 1318 829 1318 830 1318 516 1319 494 1319 828 1319 828 1320 494 1320 831 1320 828 1321 831 1321 829 1321 829 1322 831 1322 832 1322 829 1323 832 1323 830 1323 830 1324 832 1324 833 1324 506 1325 834 1325 805 1325 805 1326 834 1326 835 1326 805 1327 835 1327 817 1327 817 1328 835 1328 836 1328 817 1329 836 1329 837 1329 801 1330 816 1330 838 1330 838 1331 816 1331 817 1331 838 1332 817 1332 839 1332 839 1333 817 1333 837 1333 839 1334 837 1334 840 1334 492 1335 305 1335 818 1335 818 1336 305 1336 800 1336 818 1337 800 1337 798 1337 480 1338 482 1338 821 1338 821 1339 482 1339 484 1339 821 1340 484 1340 820 1340 820 1341 484 1341 486 1341 820 1342 486 1342 819 1342 819 1343 486 1343 488 1343 819 1344 488 1344 818 1344 818 1345 488 1345 490 1345 818 1346 490 1346 492 1346 478 1347 480 1347 826 1347 826 1348 480 1348 821 1348 826 1349 821 1349 824 1349 824 1350 821 1350 812 1350 824 1351 812 1351 822 1351 822 1352 812 1352 808 1352 822 1353 808 1353 518 1353 518 1354 808 1354 515 1354 466 1355 468 1355 833 1355 833 1356 468 1356 470 1356 833 1357 470 1357 830 1357 830 1358 470 1358 472 1358 830 1359 472 1359 827 1359 827 1360 472 1360 474 1360 827 1361 474 1361 826 1361 826 1362 474 1362 476 1362 826 1363 476 1363 478 1363 464 1364 466 1364 803 1364 803 1365 466 1365 833 1365 803 1366 833 1366 841 1366 841 1367 833 1367 832 1367 841 1368 832 1368 842 1368 842 1369 832 1369 831 1369 842 1370 831 1370 496 1370 496 1371 831 1371 494 1371 460 1372 462 1372 802 1372 802 1373 462 1373 803 1373 802 1374 803 1374 843 1374 843 1375 803 1375 841 1375 843 1376 841 1376 844 1376 844 1377 841 1377 842 1377 844 1378 842 1378 498 1378 498 1379 842 1379 496 1379 456 1380 458 1380 845 1380 845 1381 458 1381 802 1381 845 1382 802 1382 846 1382 846 1383 802 1383 843 1383 846 1384 843 1384 847 1384 847 1385 843 1385 844 1385 847 1386 844 1386 502 1386 502 1387 844 1387 498 1387 502 1388 504 1388 847 1388 847 1389 504 1389 813 1389 847 1390 813 1390 846 1390 846 1391 813 1391 815 1391 846 1392 815 1392 845 1392 845 1393 815 1393 801 1393 845 1394 801 1394 456 1394 456 1395 801 1395 454 1395 452 1396 801 1396 450 1396 450 1397 801 1397 838 1397 450 1398 838 1398 448 1398 448 1399 838 1399 839 1399 448 1400 839 1400 446 1400 446 1401 839 1401 840 1401 446 1402 840 1402 416 1402 837 1403 566 1403 840 1403 840 1404 566 1404 564 1404 840 1405 564 1405 416 1405 416 1406 564 1406 563 1406 416 1407 563 1407 415 1407 506 1408 510 1408 834 1408 834 1409 510 1409 571 1409 834 1410 571 1410 835 1410 571 1411 573 1411 835 1411 835 1412 573 1412 575 1412 835 1413 575 1413 836 1413 836 1414 575 1414 577 1414 836 1415 577 1415 837 1415 837 1416 577 1416 579 1416 837 1417 579 1417 566 1417 848 1418 849 1418 850 1418 850 1419 849 1419 851 1419 850 1420 851 1420 852 1420 852 1421 851 1421 853 1421 852 1422 853 1422 854 1422 855 1423 856 1423 857 1423 857 1424 856 1424 858 1424 857 1425 858 1425 859 1425 859 1426 858 1426 860 1426 859 1427 860 1427 861 1427 861 1428 860 1428 862 1428 861 1429 862 1429 863 1429 356 1430 864 1430 865 1430 864 8 356 8 866 8 866 8 356 8 355 8 866 8 355 8 867 8 867 8 355 8 868 8 867 8 868 8 869 8 865 8 870 8 356 8 356 8 870 8 871 8 356 8 871 8 872 8 873 14 874 14 875 14 876 14 877 14 878 14 878 14 877 14 363 14 365 14 879 14 880 14 880 14 873 14 365 14 365 1431 873 1431 875 1431 365 14 875 14 363 14 363 14 875 14 881 14 363 14 881 14 878 14 882 1432 883 1432 884 1432 885 1433 886 1433 887 1433 887 1434 886 1434 888 1434 887 1435 888 1435 889 1435 889 1436 888 1436 890 1436 889 1437 890 1437 891 1437 891 1438 890 1438 892 1438 891 1439 892 1439 893 1439 893 1440 892 1440 894 1440 893 1441 894 1441 895 1441 895 1442 894 1442 896 1442 895 1443 896 1443 897 1443 897 1444 896 1444 898 1444 897 1445 898 1445 899 1445 899 1446 898 1446 900 1446 899 1447 900 1447 901 1447 902 1448 903 1448 904 1448 885 1449 887 1449 903 1449 903 1450 887 1450 905 1450 903 1451 905 1451 904 1451 906 1452 907 1452 908 1452 908 1453 907 1453 909 1453 908 1454 909 1454 910 1454 910 1455 909 1455 911 1455 910 1456 911 1456 902 1456 912 1457 913 1457 914 1457 914 1458 913 1458 915 1458 914 1459 915 1459 908 1459 908 1460 915 1460 916 1460 908 1461 916 1461 906 1461 917 1462 918 1462 919 1462 919 1463 918 1463 920 1463 919 1464 920 1464 912 1464 912 1465 920 1465 921 1465 912 1466 921 1466 913 1466 922 1467 923 1467 924 1467 924 1468 923 1468 925 1468 924 1469 925 1469 884 1469 884 1470 925 1470 926 1470 884 1471 926 1471 882 1471 927 1472 928 1472 929 1472 929 1473 928 1473 930 1473 929 1474 930 1474 922 1474 922 1475 930 1475 931 1475 922 1476 931 1476 923 1476 932 1477 933 1477 934 1477 934 1478 933 1478 935 1478 934 1479 935 1479 929 1479 929 1480 935 1480 936 1480 929 1481 936 1481 927 1481 937 1482 938 1482 939 1482 939 1483 938 1483 940 1483 939 1484 940 1484 941 1484 941 1485 940 1485 942 1485 941 1486 942 1486 943 1486 943 1487 942 1487 944 1487 943 1488 944 1488 945 1488 945 1489 944 1489 946 1489 945 1490 946 1490 947 1490 947 1491 946 1491 948 1491 947 1492 948 1492 949 1492 949 1493 948 1493 950 1493 949 1494 950 1494 951 1494 902 1495 904 1495 910 1495 910 1496 904 1496 952 1496 910 1497 952 1497 953 1497 952 1498 954 1498 953 1498 953 1499 954 1499 955 1499 953 1500 955 1500 956 1500 955 1501 957 1501 956 1501 956 1502 957 1502 958 1502 956 1503 958 1503 959 1503 937 1504 960 1504 938 1504 938 1505 960 1505 961 1505 938 1506 961 1506 962 1506 962 1507 961 1507 932 1507 962 1508 932 1508 963 1508 963 1509 932 1509 934 1509 963 1510 934 1510 964 1510 964 1511 934 1511 959 1511 964 1512 959 1512 965 1512 965 1513 959 1513 958 1513 966 3 967 3 968 3 968 1514 969 1514 970 1514 970 3 971 3 968 3 968 1515 971 1515 972 1515 968 1516 972 1516 966 1516 966 3 972 3 973 3 973 1517 972 1517 974 1517 974 3 972 3 975 3 974 3 975 3 976 3 976 3 975 3 977 3 976 3 977 3 978 3 978 3 977 3 979 3 978 1518 979 1518 980 1518 980 3 979 3 981 3 980 1519 981 1519 982 1519 982 3 981 3 983 3 982 3 983 3 984 3 984 3 983 3 985 3 985 1520 983 1520 986 1520 985 3 986 3 987 3 987 1521 986 1521 988 1521 987 3 988 3 989 3 989 3 988 3 990 3 989 3 990 3 991 3 991 3 990 3 992 3 991 1522 992 1522 993 1522 993 3 992 3 970 3 993 3 970 3 994 3 994 1516 970 1516 969 1516 994 3 969 3 995 3 996 1523 997 1523 998 1523 998 1524 997 1524 999 1524 998 1525 999 1525 1000 1525 1000 1526 999 1526 1001 1526 995 1527 1002 1527 1003 1527 1003 1528 1002 1528 1004 1528 1003 1529 1004 1529 1005 1529 996 1530 1006 1530 997 1530 997 1531 1006 1531 1007 1531 997 1532 1007 1532 1008 1532 1008 1533 1007 1533 1009 1533 1008 1534 1009 1534 1010 1534 1010 1535 1009 1535 1011 1535 1010 1536 1011 1536 1005 1536 1005 1537 1011 1537 1012 1537 1005 1538 1012 1538 1003 1538 995 1539 1003 1539 994 1539 994 1540 1003 1540 1013 1540 994 1541 1013 1541 993 1541 1014 1542 991 1542 1015 1542 1015 1543 991 1543 993 1543 1015 1544 993 1544 1016 1544 1016 1545 993 1545 1013 1545 1017 1546 967 1546 966 1546 1018 1547 1019 1547 1020 1547 1020 1548 1019 1548 1021 1548 1020 1549 1021 1549 1022 1549 1018 1550 1020 1550 1023 1550 1023 1551 1020 1551 1024 1551 1023 1552 1024 1552 1025 1552 1026 1553 1027 1553 1024 1553 1024 1554 1027 1554 1028 1554 1024 1555 1028 1555 1025 1555 1029 1556 1030 1556 1031 1556 1031 1557 1030 1557 1032 1557 1031 1558 1032 1558 1033 1558 1033 1559 1032 1559 1034 1559 1033 1560 1034 1560 1026 1560 1026 1561 1034 1561 1035 1561 1026 1562 1035 1562 1027 1562 1029 1563 1017 1563 1030 1563 1030 1564 1017 1564 966 1564 1030 1565 966 1565 1036 1565 1036 1566 966 1566 973 1566 1036 1567 973 1567 1037 1567 1037 1568 973 1568 1038 1568 1038 1569 973 1569 974 1569 1038 1570 974 1570 1039 1570 884 1571 883 1571 1040 1571 1040 1572 883 1572 1041 1572 1041 1573 1042 1573 1040 1573 1040 1574 1042 1574 1043 1574 1040 1575 1043 1575 1044 1575 1044 1576 1043 1576 1045 1576 1046 1577 951 1577 950 1577 1045 1578 1047 1578 1044 1578 1044 1579 1047 1579 1046 1579 1044 1580 1046 1580 1048 1580 1048 1581 1046 1581 950 1581 899 1582 901 1582 1049 1582 1049 1583 901 1583 1050 1583 1049 1584 1050 1584 1051 1584 1050 1585 1052 1585 1051 1585 1051 1586 1052 1586 1053 1586 1051 1587 1053 1587 1054 1587 1054 1588 1053 1588 1055 1588 917 1589 919 1589 1056 1589 1056 1590 919 1590 1054 1590 1056 1591 1054 1591 1057 1591 1057 1592 1054 1592 1055 1592 1058 0 1059 0 1060 0 1060 1593 1061 1593 1058 1593 1058 1594 1061 1594 1062 1594 1058 1595 1062 1595 1063 1595 969 0 968 0 1064 0 1064 0 968 0 1065 0 1064 0 1065 0 1066 0 1066 0 1065 0 1060 0 1066 0 1060 0 1067 0 1067 1596 1060 1596 1059 1596 1067 1597 1059 1597 1068 1597 1068 1598 1059 1598 1069 1598 1070 8 1071 8 1040 8 1072 1599 1073 1599 1074 1599 1072 8 1074 8 1040 8 1040 1600 1074 1600 1075 1600 1040 1601 1075 1601 1070 1601 1076 8 1077 8 1044 8 1044 1602 1077 1602 1078 1602 1044 8 1078 8 1040 8 1040 1603 1078 1603 1079 1603 1040 1604 1079 1604 1072 1604 1080 8 1081 8 1072 8 1072 8 1081 8 1082 8 1072 8 1082 8 1073 8 1080 8 1085 8 1081 8 1089 14 1090 14 1051 14 1091 1607 1092 1607 1093 1607 1093 14 1092 14 1051 14 1051 1608 1092 1608 1094 1608 1051 1609 1094 1609 1089 1609 1095 14 1096 14 1054 14 1054 1610 1096 1610 1097 1610 1054 14 1097 14 1051 14 1051 1611 1097 1611 1098 1611 1051 1612 1098 1612 1093 1612 1099 14 1100 14 1093 14 1093 14 1100 14 1101 14 1093 14 1101 14 1091 14 1108 36 1109 36 919 36 1110 36 875 36 874 36 850 1615 1111 1615 1112 1615 1112 1616 1111 1616 1113 1616 1112 36 1113 36 1071 36 1071 36 1113 36 1040 36 1058 1617 1114 1617 1059 1617 1059 1618 1114 1618 1111 1618 1059 36 1111 36 1115 36 1115 1619 1111 1619 850 1619 922 36 924 36 1113 36 1113 1620 924 1620 884 1620 1113 1621 884 1621 1040 1621 850 1622 852 1622 1115 1622 1115 1623 852 1623 1116 1623 1115 1624 1116 1624 1117 1624 1117 1625 1116 1625 865 1625 1117 36 865 36 864 36 1110 36 874 36 1118 36 1113 1626 1119 1626 922 1626 922 1627 1119 1627 1120 1627 922 1628 1120 1628 929 1628 929 1629 1120 1629 1121 1629 929 1630 1121 1630 934 1630 934 36 1121 36 1122 36 934 36 1122 36 959 36 959 1631 1122 1631 1123 1631 1124 36 953 36 1123 36 1123 36 953 36 956 36 1123 36 956 36 959 36 919 36 1109 36 1054 36 1054 36 1109 36 1114 36 1054 36 1114 36 1095 36 919 36 912 36 1108 36 1108 1632 912 1632 914 1632 1108 36 914 36 1125 36 1125 1633 914 1633 908 1633 1125 36 908 36 1124 36 1124 1634 908 1634 910 1634 1124 36 910 36 953 36 874 36 1126 36 1118 36 1118 1623 1126 1623 1127 1623 1118 1635 1127 1635 1058 1635 1058 36 1127 36 1128 36 1058 1636 1128 1636 1114 1636 1114 1637 1128 1637 1129 1637 1114 1638 1129 1638 1095 1638 1039 14 974 14 1130 14 1130 14 974 14 976 14 1131 8 989 8 1014 8 1014 8 989 8 991 8 989 1639 1131 1639 1132 1639 989 1640 1132 1640 987 1640 1132 1641 1133 1641 987 1641 987 1642 1133 1642 1134 1642 987 1643 1134 1643 985 1643 1134 1644 1135 1644 985 1644 985 1645 1135 1645 1136 1645 985 1646 1136 1646 984 1646 1136 1647 1137 1647 984 1647 984 1648 1137 1648 1138 1648 984 1649 1138 1649 982 1649 1138 1650 1139 1650 982 1650 982 1651 1139 1651 1140 1651 982 1652 1140 1652 980 1652 1140 1653 1141 1653 980 1653 980 1427 1141 1427 1142 1427 980 1654 1142 1654 978 1654 1130 1655 976 1655 1143 1655 1143 1656 976 1656 978 1656 1143 1657 978 1657 1144 1657 1144 1658 978 1658 1142 1658 1145 1659 1146 1659 1127 1659 1127 1660 1146 1660 1147 1660 1127 1661 1147 1661 1128 1661 1128 1662 1147 1662 1148 1662 1128 1663 1148 1663 1149 1663 1150 1664 1151 1664 1152 1664 1152 1665 1151 1665 1153 1665 1152 1666 1153 1666 1154 1666 1153 1667 1155 1667 1154 1667 1154 1668 1155 1668 1156 1668 1154 1669 1156 1669 1157 1669 1157 1670 1156 1670 1158 1670 1157 1671 1158 1671 1159 1671 1160 1672 264 1672 265 1672 1160 1673 265 1673 1161 1673 362 1674 1162 1674 361 1674 361 1675 1162 1675 1163 1675 361 1676 1163 1676 1164 1676 1164 1677 1165 1677 361 1677 361 1678 1165 1678 1166 1678 361 1679 1166 1679 265 1679 265 1680 1166 1680 1167 1680 265 1681 1167 1681 1161 1681 363 1682 877 1682 362 1682 362 1683 877 1683 1168 1683 1168 1684 1169 1684 362 1684 362 1685 1169 1685 1170 1685 362 1686 1170 1686 1162 1686 1171 1687 1172 1687 358 1687 358 1688 1172 1688 355 1688 355 1689 1172 1689 1173 1689 355 1690 1173 1690 868 1690 1174 1691 1175 1691 354 1691 354 1692 1175 1692 1176 1692 354 1693 1176 1693 358 1693 358 1694 1176 1694 1177 1694 358 1695 1177 1695 1171 1695 269 1696 1178 1696 263 1696 263 1697 1178 1697 1179 1697 263 1698 1179 1698 354 1698 354 1699 1179 1699 1180 1699 354 1700 1180 1700 1174 1700 352 1701 1181 1701 353 1701 353 1702 1181 1702 1182 1702 353 1703 1182 1703 369 1703 357 1704 356 1704 872 1704 872 1705 1183 1705 357 1705 357 1706 1183 1706 1184 1706 357 1707 1184 1707 352 1707 352 1708 1184 1708 1185 1708 352 1709 1185 1709 1181 1709 879 1710 365 1710 1186 1710 1186 1711 365 1711 364 1711 1186 1712 364 1712 1187 1712 1187 1713 364 1713 1188 1713 1188 1714 364 1714 360 1714 1188 1715 360 1715 1189 1715 1189 1716 360 1716 1190 1716 1190 1717 360 1717 359 1717 1190 1718 359 1718 379 1718 1053 1719 1052 1719 1050 1719 1191 1720 917 1720 1056 1720 907 1721 906 1721 1191 1721 920 1722 918 1722 1192 1722 917 1723 1191 1723 918 1723 918 1724 1191 1724 906 1724 918 1725 906 1725 1192 1725 1192 1726 906 1726 916 1726 1192 1727 916 1727 915 1727 915 1728 913 1728 1192 1728 1192 1729 913 1729 921 1729 1192 1730 921 1730 920 1730 1055 1731 903 1731 1057 1731 1057 1732 903 1732 902 1732 1057 1733 902 1733 1056 1733 1056 1734 902 1734 911 1734 1056 1735 911 1735 1191 1735 1191 1736 911 1736 909 1736 1191 1737 909 1737 907 1737 1055 1738 1053 1738 903 1738 903 1739 1053 1739 1050 1739 903 1740 1050 1740 1193 1740 888 1741 886 1741 1193 1741 1193 1742 886 1742 885 1742 1193 1743 885 1743 903 1743 894 1744 892 1744 1194 1744 900 1745 898 1745 1194 1745 1194 1746 898 1746 896 1746 1194 1747 896 1747 894 1747 1050 1748 901 1748 1193 1748 1193 1749 901 1749 900 1749 1193 1750 900 1750 888 1750 888 1751 900 1751 1194 1751 888 1752 1194 1752 890 1752 890 1753 1194 1753 892 1753 1043 1754 1042 1754 1041 1754 1195 1755 951 1755 1046 1755 960 1756 937 1756 1195 1756 947 1757 949 1757 1196 1757 951 1758 1195 1758 949 1758 949 1759 1195 1759 937 1759 949 1760 937 1760 1196 1760 1196 1761 937 1761 939 1761 1196 1762 939 1762 941 1762 941 1763 943 1763 1196 1763 1196 1764 943 1764 945 1764 1196 1765 945 1765 947 1765 1045 1766 935 1766 1047 1766 1047 1767 935 1767 933 1767 1047 1768 933 1768 1046 1768 1046 1769 933 1769 932 1769 1046 1770 932 1770 1195 1770 1195 1771 932 1771 961 1771 1195 1772 961 1772 960 1772 1045 1773 1043 1773 935 1773 935 1774 1043 1774 1041 1774 935 1775 1041 1775 1197 1775 928 1776 927 1776 1197 1776 1197 1777 927 1777 936 1777 1197 1778 936 1778 935 1778 923 1779 931 1779 1198 1779 882 1780 926 1780 1198 1780 1198 1781 926 1781 925 1781 1198 1782 925 1782 923 1782 1041 1783 883 1783 1197 1783 1197 1784 883 1784 882 1784 1197 1785 882 1785 928 1785 928 1786 882 1786 1198 1786 928 1787 1198 1787 930 1787 930 1788 1198 1788 931 1788 1199 1789 871 1789 1200 1789 1200 1790 871 1790 1201 1790 1200 1791 1201 1791 1202 1791 1203 1792 1154 1792 1204 1792 1204 1793 1154 1793 1157 1793 1204 1794 1157 1794 1201 1794 1201 1795 1157 1795 1159 1795 1201 1796 1159 1796 1202 1796 1205 1797 1150 1797 1203 1797 1203 1798 1150 1798 1152 1798 1203 1799 1152 1799 1154 1799 1206 1800 1207 1800 1208 1800 1207 1801 1209 1801 1208 1801 1208 1802 1209 1802 1210 1802 1208 1803 1210 1803 1205 1803 1205 1804 1210 1804 1211 1804 1205 1805 1211 1805 1150 1805 1212 1806 1213 1806 1208 1806 1208 1807 1213 1807 1214 1807 1214 1808 1215 1808 1208 1808 1208 1809 1215 1809 1216 1809 1208 1810 1216 1810 1206 1810 1217 1811 1218 1811 1219 1811 1218 1812 1220 1812 1219 1812 1219 1813 1220 1813 1221 1813 1219 8 1221 8 1208 8 1208 1814 1221 1814 1222 1814 1208 1815 1222 1815 1212 1815 849 1816 848 1816 1223 1816 1223 1817 848 1817 1224 1817 1223 1818 1224 1818 1219 1818 1219 1819 1224 1819 1225 1819 1219 1820 1225 1820 1217 1820 854 1821 853 1821 1226 1821 1226 1822 853 1822 851 1822 1226 1823 851 1823 1227 1823 1227 1824 851 1824 849 1824 1227 1825 849 1825 1228 1825 1228 1826 849 1826 1223 1826 870 1827 1229 1827 1226 1827 1226 1828 1229 1828 1230 1828 1226 1829 1230 1829 854 1829 1231 1830 873 1830 1232 1830 1232 1831 873 1831 1233 1831 1234 1832 1147 1832 1235 1832 1235 1833 1147 1833 1146 1833 1235 1834 1146 1834 1233 1834 1233 1835 1146 1835 1145 1835 1233 1836 1145 1836 1232 1836 1236 1837 1149 1837 1234 1837 1234 1838 1149 1838 1148 1838 1234 1839 1148 1839 1147 1839 1237 1840 1238 1840 1239 1840 1238 1841 1240 1841 1239 1841 1239 1842 1240 1842 1241 1842 1239 1843 1241 1843 1236 1843 1236 1844 1241 1844 1242 1844 1236 1845 1242 1845 1149 1845 1243 1846 1244 1846 1239 1846 1239 1847 1244 1847 1245 1847 1245 1848 1246 1848 1239 1848 1239 1849 1246 1849 1247 1849 1239 1850 1247 1850 1237 1850 1248 1851 1249 1851 1250 1851 1249 1852 1251 1852 1250 1852 1250 1853 1251 1853 1252 1853 1250 14 1252 14 1239 14 1239 1854 1252 1854 1253 1854 1239 1855 1253 1855 1243 1855 858 1856 856 1856 1254 1856 1254 1857 856 1857 1255 1857 1254 1858 1255 1858 1250 1858 1250 1859 1255 1859 1256 1859 1250 1860 1256 1860 1248 1860 1257 1861 860 1861 1258 1861 1258 1862 860 1862 858 1862 1258 1863 858 1863 1259 1863 1259 1864 858 1864 1254 1864 1260 1865 863 1865 1257 1865 1257 1866 863 1866 862 1866 1257 1867 862 1867 860 1867 880 1868 1261 1868 1257 1868 1257 1869 1261 1869 1262 1869 1257 1870 1262 1870 1260 1870 1263 1871 1264 1871 1265 1871 1265 1872 1264 1872 1266 1872 1266 1873 1267 1873 1265 1873 1265 1874 1267 1874 876 1874 1265 1875 876 1875 878 1875 1263 1876 1265 1876 1022 1876 1022 1877 1265 1877 1268 1877 1022 1878 1268 1878 1020 1878 1020 1879 1268 1879 1024 1879 1024 1880 1268 1880 1269 1880 1024 1881 1269 1881 1026 1881 1026 1882 1269 1882 1033 1882 1033 1883 1269 1883 1270 1883 1033 1884 1270 1884 1031 1884 1031 1885 1270 1885 1029 1885 1029 1886 1270 1886 1271 1886 1029 1887 1271 1887 1017 1887 967 1888 1017 1888 968 1888 968 1889 1017 1889 1271 1889 968 1890 1271 1890 1065 1890 1065 1891 1271 1891 1272 1891 1065 1892 1272 1892 1060 1892 1060 1893 1272 1893 1273 1893 1060 1894 1273 1894 1061 1894 1061 1895 1273 1895 1274 1895 1061 1896 1274 1896 1062 1896 1062 1897 1274 1897 1275 1897 1062 1898 1275 1898 1063 1898 1063 1899 1275 1899 1276 1899 1276 1900 1275 1900 1277 1900 1276 1901 1277 1901 1278 1901 881 1902 1279 1902 1277 1902 1277 1903 1279 1903 1280 1903 1277 1904 1280 1904 1278 1904 1281 1905 1282 1905 1283 1905 1283 1906 1282 1906 1284 1906 1283 1907 1284 1907 866 1907 1069 1908 1285 1908 1286 1908 1286 1909 1285 1909 1287 1909 1286 1910 1287 1910 1283 1910 1283 1911 1287 1911 1288 1911 1283 1912 1288 1912 1281 1912 1002 1913 995 1913 1289 1913 1289 1914 995 1914 969 1914 1289 1915 969 1915 1290 1915 1290 1916 969 1916 1064 1916 1290 1917 1064 1917 1291 1917 1291 1918 1064 1918 1066 1918 1291 1919 1066 1919 1292 1919 1292 1920 1066 1920 1067 1920 1292 1921 1067 1921 1286 1921 1286 1922 1067 1922 1068 1922 1286 1923 1068 1923 1069 1923 1002 1924 1289 1924 1004 1924 1004 1925 1289 1925 1293 1925 1004 1926 1293 1926 1005 1926 1294 1927 1008 1927 1293 1927 1293 1928 1008 1928 1010 1928 1293 1929 1010 1929 1005 1929 1297 1931 1296 1931 1001 1931 1297 1932 1001 1932 1298 1932 1298 1933 1001 1933 999 1933 1298 1934 999 1934 1294 1934 1294 1935 999 1935 997 1935 1294 1936 997 1936 1008 1936 1299 1937 1300 1937 1297 1937 1297 1938 1300 1938 1301 1938 1297 1939 1301 1939 1295 1939 1297 1940 867 1940 869 1940 1299 1941 1297 1941 1302 1941 1302 1942 1297 1942 869 1942 1302 1943 869 1943 1303 1943 855 1944 1304 1944 856 1944 856 1945 1304 1945 1305 1945 1090 1946 1089 1946 1306 1946 1306 1947 1089 1947 1305 1947 1306 1948 1305 1948 1307 1948 1307 1949 1305 1949 1304 1949 1305 1950 1089 1950 1094 1950 1308 1951 1248 1951 1309 1951 1309 1952 1248 1952 1256 1952 1309 1953 1256 1953 1310 1953 1310 1954 1256 1954 1255 1954 1310 1955 1255 1955 1311 1955 1311 1956 1255 1956 856 1956 1311 1957 856 1957 1305 1957 1312 1959 1252 1959 1251 1959 1312 1960 1251 1960 1308 1960 1308 1961 1251 1961 1249 1961 1308 1962 1249 1962 1248 1962 1312 1963 1313 1963 1253 1963 1253 1964 1313 1964 1314 1964 1253 1965 1314 1965 1243 1965 1243 1966 1314 1966 1315 1966 1243 1967 1315 1967 1244 1967 1244 1968 1315 1968 1316 1968 1244 1969 1316 1969 1245 1969 1245 1970 1316 1970 1317 1970 1245 1971 1317 1971 1246 1971 1317 1972 1318 1972 1246 1972 1246 1973 1318 1973 1319 1973 1246 1974 1319 1974 1247 1974 1247 1975 1319 1975 1320 1975 1247 1976 1320 1976 1237 1976 1237 1977 1320 1977 1321 1977 1237 1978 1321 1978 1238 1978 1238 1979 1321 1979 1322 1979 1238 1980 1322 1980 1240 1980 1240 1981 1322 1981 1323 1981 1240 1982 1323 1982 1241 1982 1305 1983 1094 1983 1311 1983 1311 1984 1094 1984 1092 1984 1311 1985 1092 1985 1310 1985 1310 1986 1092 1986 1091 1986 1310 1987 1091 1987 1309 1987 1309 1988 1091 1988 1101 1988 1309 1989 1101 1989 1308 1989 1308 1990 1101 1990 1100 1990 1308 1991 1100 1991 1312 1991 1312 1992 1100 1992 1104 1992 1312 1993 1104 1993 1313 1993 1313 1995 1103 1995 1314 1995 1314 1996 1103 1996 1102 1996 1314 1997 1102 1997 1315 1997 1315 1998 1102 1998 1316 1998 1316 2000 1106 2000 1317 2000 1317 2002 1105 2002 1318 2002 1318 2003 1105 2003 1107 2003 1318 2004 1107 2004 1319 2004 1319 2005 1107 2005 1099 2005 1319 2006 1099 2006 1320 2006 1320 2007 1099 2007 1093 2007 1320 2008 1093 2008 1321 2008 1321 2009 1093 2009 1098 2009 1321 2010 1098 2010 1322 2010 1322 2011 1098 2011 1097 2011 1322 2012 1097 2012 1323 2012 1323 2013 1097 2013 1096 2013 1323 2014 1096 2014 1324 2014 1241 2015 1323 2015 1242 2015 1242 2016 1323 2016 1324 2016 1242 2017 1324 2017 1149 2017 1128 2018 1149 2018 1129 2018 1129 2019 1149 2019 1324 2019 1129 2020 1324 2020 1095 2020 1095 2020 1324 2020 1096 2020 848 2021 850 2021 1325 2021 1325 2022 850 2022 1112 2022 1325 2023 1112 2023 1070 2023 1070 2023 1112 2023 1071 2023 1325 2024 1070 2024 1075 2024 1326 2025 1217 2025 1327 2025 1327 2026 1217 2026 1225 2026 1327 2027 1225 2027 1328 2027 1328 2028 1225 2028 1224 2028 1328 2029 1224 2029 1329 2029 1329 2030 1224 2030 848 2030 1329 2031 848 2031 1325 2031 1330 2033 1221 2033 1220 2033 1330 2034 1220 2034 1326 2034 1326 2035 1220 2035 1218 2035 1326 2036 1218 2036 1217 2036 1330 2037 1331 2037 1222 2037 1222 2038 1331 2038 1332 2038 1222 2039 1332 2039 1212 2039 1212 2040 1332 2040 1333 2040 1212 2041 1333 2041 1213 2041 1213 2043 1334 2043 1214 2043 1214 2044 1334 2044 1335 2044 1214 2045 1335 2045 1215 2045 1335 2046 1336 2046 1215 2046 1215 2047 1336 2047 1337 2047 1215 2048 1337 2048 1216 2048 1216 2049 1337 2049 1338 2049 1216 2050 1338 2050 1206 2050 1206 2051 1338 2051 1339 2051 1206 2052 1339 2052 1207 2052 1207 2053 1339 2053 1340 2053 1207 2054 1340 2054 1209 2054 1209 2055 1340 2055 1341 2055 1209 2056 1341 2056 1210 2056 1325 2057 1075 2057 1329 2057 1329 2058 1075 2058 1074 2058 1329 2059 1074 2059 1328 2059 1328 2060 1074 2060 1073 2060 1328 2061 1073 2061 1327 2061 1327 2062 1073 2062 1082 2062 1327 2063 1082 2063 1326 2063 1326 2064 1082 2064 1081 2064 1326 2065 1081 2065 1330 2065 1330 2066 1081 2066 1085 2066 1330 2067 1085 2067 1331 2067 1331 2069 1084 2069 1332 2069 1332 2070 1084 2070 1083 2070 1332 2071 1083 2071 1333 2071 1333 2072 1083 2072 1334 2072 1334 2073 1083 2073 1087 2073 1334 2074 1087 2074 1335 2074 1335 2076 1086 2076 1336 2076 1336 2077 1086 2077 1088 2077 1336 2078 1088 2078 1337 2078 1337 2079 1088 2079 1080 2079 1337 2080 1080 2080 1338 2080 1338 2081 1080 2081 1072 2081 1338 2082 1072 2082 1339 2082 1339 2083 1072 2083 1079 2083 1339 2084 1079 2084 1340 2084 1340 2085 1079 2085 1078 2085 1340 2086 1078 2086 1341 2086 1341 2087 1078 2087 1077 2087 1341 2088 1077 2088 1342 2088 1211 2090 1341 2090 1342 2090 1211 2091 1342 2091 1150 2091 1151 2092 1150 2092 1343 2092 1343 2093 1150 2093 1342 2093 1343 2094 1342 2094 1344 2094 1344 2095 1342 2095 1077 2095 1344 2096 1077 2096 1076 2096 869 2097 868 2097 1303 2097 1303 2098 868 2098 1302 2098 1301 2099 1345 2099 1295 2099 1302 2100 868 2100 1173 2100 1302 2101 1346 2101 1299 2101 1299 2102 1346 2102 1300 2102 1302 2103 1173 2103 1346 2103 1346 2104 1173 2104 1172 2104 1346 2105 1172 2105 1347 2105 1347 2106 1172 2106 1171 2106 1347 2107 1171 2107 1348 2107 1348 2108 1171 2108 1177 2108 1348 2109 1177 2109 1349 2109 1177 2110 1176 2110 1349 2110 1349 2111 1176 2111 1175 2111 1349 2112 1175 2112 1350 2112 1350 2113 1175 2113 1174 2113 1350 2114 1174 2114 1351 2114 1351 2115 1174 2115 1180 2115 1351 2116 1180 2116 1352 2116 1180 2117 1179 2117 1352 2117 1352 2118 1179 2118 1178 2118 1352 2119 1178 2119 1353 2119 1353 2120 1178 2120 269 2120 1353 2121 269 2121 1354 2121 1300 2122 1346 2122 1301 2122 1301 2123 1346 2123 1347 2123 1301 2124 1347 2124 1345 2124 1345 2125 1347 2125 1348 2125 1345 2126 1348 2126 1355 2126 1355 2127 1348 2127 1349 2127 1355 2128 1349 2128 1356 2128 1356 2129 1349 2129 1350 2129 1356 2130 1350 2130 1357 2130 1357 2131 1350 2131 1351 2131 1357 2132 1351 2132 1358 2132 1358 2133 1351 2133 1352 2133 1358 2134 1352 2134 1359 2134 1359 2135 1352 2135 1353 2135 1359 2136 1353 2136 1360 2136 1360 2137 1353 2137 1354 2137 1360 2138 1354 2138 1361 2138 1295 2139 1345 2139 1296 2139 1296 2140 1345 2140 1355 2140 1296 2141 1355 2141 1001 2141 1001 2142 1355 2142 1356 2142 1001 2143 1356 2143 1000 2143 1000 2144 1356 2144 1357 2144 1000 2145 1357 2145 998 2145 998 2146 1357 2146 1358 2146 998 2147 1358 2147 996 2147 996 2148 1358 2148 1359 2148 996 2149 1359 2149 1006 2149 1006 2150 1359 2150 1360 2150 1006 2151 1360 2151 1007 2151 1007 2152 1360 2152 1361 2152 1007 2153 1361 2153 1009 2153 1009 2154 1361 2154 1362 2154 1361 2155 1354 2155 1363 2155 1354 2156 269 2156 271 2156 1354 2157 271 2157 1363 2157 1363 2158 271 2158 272 2158 1363 2159 272 2159 1364 2159 1364 2160 272 2160 273 2160 1364 2161 273 2161 1365 2161 1365 2162 273 2162 260 2162 1365 2163 260 2163 1366 2163 1366 2164 260 2164 259 2164 1366 2165 259 2165 1367 2165 1367 2166 259 2166 291 2166 1367 2167 291 2167 1368 2167 1368 2168 291 2168 290 2168 1368 2169 290 2169 1369 2169 1361 2170 1363 2170 1362 2170 1362 2171 1363 2171 1364 2171 1362 2172 1364 2172 1370 2172 1370 2173 1364 2173 1365 2173 1370 2174 1365 2174 1371 2174 1371 2175 1365 2175 1366 2175 1371 2176 1366 2176 1372 2176 1372 2177 1366 2177 1367 2177 1372 2178 1367 2178 1373 2178 1373 2179 1367 2179 1368 2179 1373 2180 1368 2180 1374 2180 1374 2181 1368 2181 1369 2181 1374 2182 1369 2182 1375 2182 1009 2183 1362 2183 1011 2183 1011 2184 1362 2184 1370 2184 1011 2185 1370 2185 1012 2185 1012 2186 1370 2186 1371 2186 1012 2187 1371 2187 1003 2187 1003 2188 1371 2188 1372 2188 1003 2189 1372 2189 1013 2189 1013 2190 1372 2190 1373 2190 1013 2191 1373 2191 1016 2191 1016 2192 1373 2192 1374 2192 1016 2193 1374 2193 1015 2193 1015 2194 1374 2194 1375 2194 1015 2195 1375 2195 1014 2195 290 2196 288 2196 1376 2196 290 2197 1376 2197 1369 2197 1369 2198 1376 2198 1377 2198 1369 2198 1377 2198 1375 2198 1375 2199 1377 2199 1131 2199 1375 2199 1131 2199 1014 2199 276 2200 1378 2200 1379 2200 1378 2201 1380 2201 1381 2201 1380 2202 1130 2202 1143 2202 1380 2203 1143 2203 1381 2203 1381 2204 1143 2204 1144 2204 1381 2205 1144 2205 1382 2205 1382 2206 1144 2206 1142 2206 1382 2207 1142 2207 1383 2207 1383 2208 1142 2208 1141 2208 1383 2209 1141 2209 1384 2209 1384 2210 1141 2210 1140 2210 1384 2211 1140 2211 1385 2211 1385 2212 1140 2212 1139 2212 1385 2213 1139 2213 1386 2213 1386 2214 1139 2214 1138 2214 1386 2215 1138 2215 1387 2215 1387 2216 1138 2216 1137 2216 1387 2217 1137 2217 1388 2217 1388 2218 1137 2218 1136 2218 1388 2219 1136 2219 1389 2219 1389 2220 1136 2220 1135 2220 1389 2221 1135 2221 1390 2221 1390 2222 1135 2222 1134 2222 1390 2223 1134 2223 1391 2223 1391 2224 1134 2224 1133 2224 1391 2225 1133 2225 1392 2225 1392 2226 1133 2226 1132 2226 1392 2227 1132 2227 1393 2227 1393 2228 1132 2228 1131 2228 1393 2229 1131 2229 1377 2229 1378 2230 1381 2230 1379 2230 1379 2231 1381 2231 1382 2231 1379 2232 1382 2232 1394 2232 1394 2233 1382 2233 1383 2233 1394 2234 1383 2234 1395 2234 1395 2235 1383 2235 1384 2235 1395 2236 1384 2236 1396 2236 1396 2237 1384 2237 1385 2237 1396 2238 1385 2238 1397 2238 1397 2239 1385 2239 1386 2239 1397 2240 1386 2240 1398 2240 1398 2241 1386 2241 1387 2241 1398 2242 1387 2242 1399 2242 1399 2243 1387 2243 1388 2243 1399 2244 1388 2244 1400 2244 1400 2245 1388 2245 1389 2245 1400 2246 1389 2246 1401 2246 1401 2247 1389 2247 1390 2247 1401 2248 1390 2248 1402 2248 1402 2249 1390 2249 1391 2249 1402 2250 1391 2250 1403 2250 1403 2251 1391 2251 1392 2251 1403 2252 1392 2252 1404 2252 1404 2253 1392 2253 1393 2253 1404 2254 1393 2254 1405 2254 1405 2255 1393 2255 1377 2255 1405 2256 1377 2256 1376 2256 276 2257 1379 2257 282 2257 282 2258 1379 2258 1394 2258 282 2259 1394 2259 281 2259 281 2260 1394 2260 1395 2260 281 2261 1395 2261 279 2261 279 2262 1395 2262 1396 2262 279 2263 1396 2263 280 2263 280 2264 1396 2264 1397 2264 280 2265 1397 2265 283 2265 283 2266 1397 2266 1398 2266 283 2267 1398 2267 274 2267 274 2268 1398 2268 1399 2268 274 2269 1399 2269 275 2269 275 2270 1399 2270 1400 2270 275 2271 1400 2271 277 2271 277 2272 1400 2272 1401 2272 277 2273 1401 2273 278 2273 278 2274 1401 2274 1402 2274 278 2275 1402 2275 284 2275 284 2276 1402 2276 1403 2276 284 2277 1403 2277 285 2277 285 2278 1403 2278 1404 2278 285 2279 1404 2279 286 2279 286 2280 1404 2280 1405 2280 286 2281 1405 2281 287 2281 287 2282 1405 2282 1376 2282 287 2283 1376 2283 288 2283 276 2284 289 2284 1406 2284 276 2285 1406 2285 1378 2285 1378 2286 1406 2286 1407 2286 1378 2286 1407 2286 1380 2286 1380 2287 1407 2287 1039 2287 1380 2287 1039 2287 1130 2287 1039 2288 1407 2288 1408 2288 1407 2289 1406 2289 1409 2289 1406 2290 289 2290 261 2290 1406 2291 261 2291 1409 2291 1409 2292 261 2292 270 2292 1409 2293 270 2293 1410 2293 1410 2294 270 2294 268 2294 1410 2295 268 2295 1411 2295 1411 2296 268 2296 267 2296 1411 2297 267 2297 1412 2297 1407 2298 1409 2298 1408 2298 1408 2299 1409 2299 1410 2299 1408 2300 1410 2300 1413 2300 1413 2301 1410 2301 1411 2301 1413 2302 1411 2302 1414 2302 1414 2303 1411 2303 1412 2303 1414 2304 1412 2304 1415 2304 1034 2305 1032 2305 1415 2305 1415 2306 1032 2306 1030 2306 1415 2307 1030 2307 1414 2307 1414 2308 1030 2308 1036 2308 1414 2309 1036 2309 1413 2309 1413 2310 1036 2310 1037 2310 1413 2311 1037 2311 1408 2311 1408 2312 1037 2312 1038 2312 1408 2313 1038 2313 1039 2313 1035 2314 1034 2314 1416 2314 1416 2315 1034 2315 1415 2315 1416 2316 1415 2316 1417 2316 1417 2317 1415 2317 1412 2317 1417 2318 1412 2318 264 2318 264 2319 1412 2319 267 2319 1263 2320 1418 2320 1264 2320 1022 2321 1419 2321 1263 2321 1263 2322 1419 2322 1420 2322 1263 2323 1420 2323 1418 2323 1421 2324 1266 2324 1264 2324 877 2325 1266 2325 1168 2325 1168 2326 1266 2326 1421 2326 1168 2327 1421 2327 1422 2327 1417 2328 264 2328 1160 2328 1417 2329 1160 2329 1423 2329 1423 2330 1160 2330 1161 2330 1423 2331 1161 2331 1424 2331 1424 2332 1161 2332 1167 2332 1424 2333 1167 2333 1425 2333 1425 2334 1167 2334 1166 2334 1425 2335 1166 2335 1426 2335 1022 2336 1021 2336 1419 2336 1419 2337 1021 2337 1019 2337 1419 2338 1019 2338 1427 2338 1427 2339 1019 2339 1018 2339 1427 2340 1018 2340 1428 2340 1428 2341 1018 2341 1023 2341 1428 2342 1023 2342 1429 2342 1429 2343 1023 2343 1025 2343 1429 2344 1025 2344 1430 2344 1430 2345 1025 2345 1028 2345 1430 2346 1028 2346 1431 2346 1431 2347 1028 2347 1027 2347 1431 2348 1027 2348 1432 2348 1432 2349 1027 2349 1035 2349 1432 2350 1035 2350 1416 2350 1166 2351 1165 2351 1426 2351 1426 2352 1165 2352 1164 2352 1426 2353 1164 2353 1433 2353 1433 2354 1164 2354 1163 2354 1433 2355 1163 2355 1434 2355 1434 2356 1163 2356 1162 2356 1434 2357 1162 2357 1435 2357 1435 2358 1162 2358 1170 2358 1435 2359 1170 2359 1422 2359 1422 2360 1170 2360 1169 2360 1422 2361 1169 2361 1168 2361 1264 2362 1418 2362 1421 2362 1421 2363 1418 2363 1420 2363 1421 2364 1420 2364 1422 2364 1422 2365 1420 2365 1419 2365 1422 2366 1419 2366 1435 2366 1435 2367 1419 2367 1427 2367 1435 2368 1427 2368 1434 2368 1434 2369 1427 2369 1428 2369 1434 2370 1428 2370 1433 2370 1433 2371 1428 2371 1429 2371 1433 2372 1429 2372 1426 2372 1426 2373 1429 2373 1430 2373 1426 2374 1430 2374 1425 2374 1425 2375 1430 2375 1431 2375 1425 2376 1431 2376 1424 2376 1424 2377 1431 2377 1432 2377 1424 2378 1432 2378 1423 2378 1423 2379 1432 2379 1416 2379 1423 2380 1416 2380 1417 2380 1266 2381 877 2381 1267 2381 1267 2382 877 2382 876 2382 880 2383 879 2383 1261 2383 1261 2384 879 2384 1436 2384 1261 2385 1436 2385 1262 2385 379 2386 1437 2386 1438 2386 1262 2387 1439 2387 1260 2387 1262 2388 1436 2388 1440 2388 1436 2389 879 2389 1186 2389 1436 2390 1186 2390 1440 2390 1440 2391 1186 2391 1187 2391 1440 2392 1187 2392 1441 2392 1187 2393 1188 2393 1441 2393 1441 2394 1188 2394 1189 2394 1441 2395 1189 2395 1438 2395 1438 2396 1189 2396 1190 2396 1438 2397 1190 2397 379 2397 1262 2398 1440 2398 1439 2398 1439 2399 1440 2399 1441 2399 1439 2400 1441 2400 1442 2400 1442 2401 1441 2401 1438 2401 1442 2402 1438 2402 1443 2402 1443 2403 1438 2403 1437 2403 1443 2404 1437 2404 1444 2404 1260 2405 1439 2405 863 2405 863 2406 1439 2406 1442 2406 863 2407 1442 2407 861 2407 861 2408 1442 2408 1443 2408 861 2409 1443 2409 859 2409 859 2410 1443 2410 1444 2410 859 2411 1444 2411 857 2411 855 2412 857 2412 1444 2412 855 2413 1444 2413 1445 2413 1445 2414 1444 2414 1437 2414 1445 2415 1437 2415 1446 2415 1446 2416 1437 2416 379 2416 1446 2417 379 2417 381 2417 855 2418 1445 2418 1447 2418 1445 2419 1446 2419 1448 2419 1446 2420 381 2420 382 2420 1446 2421 382 2421 1448 2421 1448 2422 382 2422 406 2422 1448 2423 406 2423 1449 2423 1449 2424 406 2424 405 2424 1449 2425 405 2425 1450 2425 1450 2426 405 2426 404 2426 1450 2427 404 2427 1451 2427 1445 2428 1448 2428 1447 2428 1447 2429 1448 2429 1449 2429 1447 2430 1449 2430 1452 2430 1452 2431 1449 2431 1450 2431 1452 2432 1450 2432 1453 2432 1453 2433 1450 2433 1451 2433 1453 2434 1451 2434 1454 2434 855 2435 1447 2435 1304 2435 1304 2436 1447 2436 1452 2436 1304 2437 1452 2437 1307 2437 1307 2438 1452 2438 1453 2438 1307 2439 1453 2439 1306 2439 1306 2440 1453 2440 1454 2440 1306 2441 1454 2441 1090 2441 404 2442 398 2442 1455 2442 404 2443 1455 2443 1451 2443 1451 2444 1455 2444 1456 2444 1451 2445 1456 2445 1454 2445 1454 2446 1456 2446 1051 2446 1454 2447 1051 2447 1090 2447 398 2448 397 2448 1455 2448 1455 2449 397 2449 1457 2449 1455 2450 1457 2450 1456 2450 1456 2451 1457 2451 1458 2451 1456 2452 1458 2452 1051 2452 1051 2453 1458 2453 1049 2453 397 2454 373 2454 1457 2454 1457 2455 373 2455 1459 2455 1457 2456 1459 2456 1458 2456 1458 2457 1459 2457 1460 2457 1458 2458 1460 2458 1049 2458 1049 2459 1460 2459 899 2459 384 2460 1461 2460 1462 2460 1461 2461 1463 2461 1464 2461 1463 2462 950 2462 948 2462 1463 2463 948 2463 1464 2463 1464 2464 948 2464 946 2464 1464 2465 946 2465 1465 2465 1465 2466 946 2466 944 2466 1465 2467 944 2467 1466 2467 1466 2468 944 2468 942 2468 1466 2469 942 2469 1467 2469 1467 2470 942 2470 940 2470 1467 2471 940 2471 1468 2471 1468 2472 940 2472 938 2472 1468 2473 938 2473 1469 2473 1469 2474 938 2474 962 2474 1469 2475 962 2475 1470 2475 1470 2476 962 2476 963 2476 1470 2477 963 2477 1471 2477 1471 2478 963 2478 964 2478 1471 2479 964 2479 1472 2479 1472 2480 964 2480 965 2480 1472 2481 965 2481 1473 2481 1473 2482 965 2482 958 2482 1473 2483 958 2483 1474 2483 1474 2484 958 2484 957 2484 1474 2485 957 2485 1475 2485 1475 2486 957 2486 955 2486 1475 2487 955 2487 1476 2487 1476 2488 955 2488 954 2488 1476 2489 954 2489 1477 2489 1477 2490 954 2490 952 2490 1477 2491 952 2491 1478 2491 1478 2492 952 2492 904 2492 1478 2493 904 2493 1479 2493 1479 2494 904 2494 905 2494 1479 2495 905 2495 1480 2495 1480 2496 905 2496 887 2496 1480 2497 887 2497 1481 2497 1481 2498 887 2498 889 2498 1481 2499 889 2499 1482 2499 1482 2500 889 2500 891 2500 1482 2501 891 2501 1483 2501 1483 2502 891 2502 893 2502 1483 2503 893 2503 1484 2503 1484 2504 893 2504 895 2504 1484 2505 895 2505 1485 2505 1485 2506 895 2506 897 2506 1485 2507 897 2507 1486 2507 1486 2508 897 2508 899 2508 1486 2509 899 2509 1460 2509 1461 2510 1464 2510 1462 2510 1462 2511 1464 2511 1465 2511 1462 2512 1465 2512 1487 2512 1487 2513 1465 2513 1466 2513 1487 2514 1466 2514 1488 2514 1488 2515 1466 2515 1467 2515 1488 2516 1467 2516 1489 2516 1489 2517 1467 2517 1468 2517 1489 2518 1468 2518 1490 2518 1490 2519 1468 2519 1469 2519 1490 2520 1469 2520 1491 2520 1491 2521 1469 2521 1470 2521 1491 2522 1470 2522 1492 2522 1492 2523 1470 2523 1471 2523 1492 2524 1471 2524 1493 2524 1493 2525 1471 2525 1472 2525 1493 2526 1472 2526 1494 2526 1494 2527 1472 2527 1473 2527 1494 2528 1473 2528 1495 2528 1495 2529 1473 2529 1474 2529 1495 2530 1474 2530 1496 2530 1496 2531 1474 2531 1475 2531 1496 2532 1475 2532 1497 2532 1497 2533 1475 2533 1476 2533 1497 2534 1476 2534 1498 2534 1498 2535 1476 2535 1477 2535 1498 2536 1477 2536 1499 2536 1499 2537 1477 2537 1478 2537 1499 2538 1478 2538 1500 2538 1500 2539 1478 2539 1479 2539 1500 2540 1479 2540 1501 2540 1501 2541 1479 2541 1480 2541 1501 2542 1480 2542 1502 2542 1502 2543 1480 2543 1481 2543 1502 2544 1481 2544 1503 2544 1503 2545 1481 2545 1482 2545 1503 2546 1482 2546 1504 2546 1504 2547 1482 2547 1483 2547 1504 2548 1483 2548 1505 2548 1505 2549 1483 2549 1484 2549 1505 2550 1484 2550 1506 2550 1506 2551 1484 2551 1485 2551 1506 2552 1485 2552 1507 2552 1507 2553 1485 2553 1486 2553 1507 2554 1486 2554 1508 2554 1508 2555 1486 2555 1460 2555 1508 2556 1460 2556 1459 2556 384 2557 1462 2557 386 2557 386 2558 1462 2558 1487 2558 386 2559 1487 2559 387 2559 387 2560 1487 2560 1488 2560 387 2561 1488 2561 388 2561 388 2562 1488 2562 1489 2562 388 2563 1489 2563 389 2563 389 2564 1489 2564 1490 2564 389 2565 1490 2565 390 2565 390 2566 1490 2566 1491 2566 390 2567 1491 2567 395 2567 395 2568 1491 2568 1492 2568 395 2569 1492 2569 396 2569 396 2570 1492 2570 1493 2570 396 2571 1493 2571 391 2571 391 2572 1493 2572 1494 2572 391 2573 1494 2573 392 2573 392 2574 1494 2574 1495 2574 392 2575 1495 2575 393 2575 393 2576 1495 2576 1496 2576 393 2577 1496 2577 394 2577 394 2578 1496 2578 1497 2578 394 2579 1497 2579 401 2579 401 2580 1497 2580 1498 2580 401 2581 1498 2581 402 2581 402 2582 1498 2582 1499 2582 402 2583 1499 2583 403 2583 403 2584 1499 2584 1500 2584 403 2585 1500 2585 407 2585 407 2586 1500 2586 1501 2586 407 2587 1501 2587 408 2587 408 2588 1501 2588 1502 2588 408 2589 1502 2589 410 2589 410 2590 1502 2590 1503 2590 410 2591 1503 2591 411 2591 411 2592 1503 2592 1504 2592 411 2593 1504 2593 409 2593 409 2594 1504 2594 1505 2594 409 2595 1505 2595 385 2595 385 2596 1505 2596 1506 2596 385 2597 1506 2597 383 2597 383 2598 1506 2598 1507 2598 383 2599 1507 2599 376 2599 376 2600 1507 2600 1508 2600 376 2601 1508 2601 375 2601 375 2602 1508 2602 1459 2602 375 2603 1459 2603 373 2603 384 2604 374 2604 1461 2604 1461 2605 374 2605 1509 2605 1461 2606 1509 2606 1463 2606 1463 2607 1509 2607 1510 2607 1463 2608 1510 2608 950 2608 950 2609 1510 2609 1048 2609 374 2610 399 2610 1509 2610 1509 2611 399 2611 1511 2611 1509 2612 1511 2612 1510 2612 1510 2613 1511 2613 1512 2613 1510 2614 1512 2614 1048 2614 1048 2615 1512 2615 1044 2615 399 2616 400 2616 1513 2616 399 2617 1513 2617 1511 2617 1511 2618 1513 2618 1514 2618 1511 2619 1514 2619 1512 2619 1512 2620 1514 2620 1076 2620 1512 2621 1076 2621 1044 2621 400 2622 380 2622 1513 2622 1513 2623 380 2623 1515 2623 1513 2624 1515 2624 1514 2624 1514 2625 1515 2625 1516 2625 1514 2626 1516 2626 1076 2626 1076 2627 1516 2627 1344 2627 380 2628 378 2628 1515 2628 1515 2629 378 2629 1517 2629 1515 2630 1517 2630 1516 2630 1516 2631 1517 2631 1518 2631 1516 2632 1518 2632 1344 2632 1344 2633 1518 2633 1343 2633 378 2634 377 2634 1517 2634 1517 2635 377 2635 1519 2635 1517 2636 1519 2636 1518 2636 1518 2637 1519 2637 1520 2637 1518 2638 1520 2638 1343 2638 1343 2639 1520 2639 1151 2639 1153 2640 1151 2640 1520 2640 1153 2641 1520 2641 1521 2641 1521 2642 1520 2642 1519 2642 1521 2643 1519 2643 1522 2643 1522 2644 1519 2644 377 2644 1522 2645 377 2645 369 2645 1523 2646 1202 2646 1159 2646 1522 2647 369 2647 1182 2647 1522 2648 1182 2648 1524 2648 1524 2649 1182 2649 1181 2649 1524 2650 1181 2650 1525 2650 1525 2651 1181 2651 1185 2651 1525 2652 1185 2652 1526 2652 1526 2653 1185 2653 1184 2653 1526 2654 1184 2654 1183 2654 1202 2655 1523 2655 1526 2655 1526 2656 1523 2656 1527 2656 1526 2657 1527 2657 1525 2657 1525 2658 1527 2658 1528 2658 1525 2659 1528 2659 1524 2659 1524 2660 1528 2660 1521 2660 1524 2661 1521 2661 1522 2661 1159 2662 1158 2662 1523 2662 1523 2663 1158 2663 1156 2663 1523 2664 1156 2664 1527 2664 1527 2665 1156 2665 1155 2665 1527 2666 1155 2666 1528 2666 1528 2667 1155 2667 1153 2667 1528 2668 1153 2668 1521 2668 1200 2669 1202 2669 1529 2669 1529 2670 1202 2670 1526 2670 1529 2671 1526 2671 872 2671 872 2672 1526 2672 1183 2672 872 2673 871 2673 1529 2673 1529 2674 871 2674 1199 2674 1529 2675 1199 2675 1200 2675 1279 2676 881 2676 875 2676 1279 2677 875 2677 1280 2677 875 2678 1110 2678 1280 2678 1280 2679 1110 2679 1118 2679 1280 2680 1118 2680 1278 2680 1058 2681 1063 2681 1118 2681 1118 2682 1063 2682 1276 2682 1118 2683 1276 2683 1278 2683 1069 2684 1059 2684 1285 2684 1285 2685 1059 2685 1115 2685 1117 2686 1288 2686 1115 2686 1115 2687 1288 2687 1287 2687 1115 2688 1287 2688 1285 2688 866 2689 1284 2689 864 2689 864 2690 1284 2690 1282 2690 864 2691 1282 2691 1117 2691 1117 2692 1282 2692 1281 2692 1117 2693 1281 2693 1288 2693 1229 2694 870 2694 865 2694 1229 2695 865 2695 1230 2695 865 2696 1116 2696 1230 2696 1230 2697 1116 2697 852 2697 1230 2698 852 2698 854 2698 1127 2699 1126 2699 1145 2699 1145 2700 1126 2700 1232 2700 1232 2701 1126 2701 1231 2701 1231 2702 1126 2702 874 2702 1231 2703 874 2703 873 2703 1294 0 1293 0 1283 0 1283 2704 1293 2704 1289 2704 1286 0 1283 0 1292 0 1292 2705 1283 2705 1289 2705 1292 2706 1289 2706 1291 2706 1291 0 1289 0 1290 0 1298 2707 1294 2707 1297 2707 1297 2708 1294 2708 1283 2708 1297 2709 1283 2709 867 2709 867 2710 1283 2710 866 2710 1277 0 1270 0 1269 0 1275 0 1274 0 1277 0 1277 0 1274 0 1273 0 1273 0 1272 0 1277 0 1277 2711 1272 2711 1271 2711 1277 2712 1271 2712 1270 2712 878 0 881 0 1265 0 1265 2713 881 2713 1277 2713 1265 0 1277 0 1268 0 1268 2714 1277 2714 1269 2714 1257 2715 1236 2715 1234 2715 1258 0 1259 0 1257 0 1257 0 1259 0 1254 0 873 0 880 0 1233 0 1233 2716 880 2716 1257 2716 1233 0 1257 0 1235 0 1235 0 1257 0 1234 0 1254 2717 1250 2717 1257 2717 1257 2718 1250 2718 1239 2718 1257 2719 1239 2719 1236 2719 1227 0 1205 0 1226 0 1226 2720 1205 2720 1203 2720 871 0 870 0 1201 0 1201 2721 870 2721 1226 2721 1201 0 1226 0 1204 0 1204 0 1226 0 1203 0 1219 0 1208 0 1223 0 1223 2722 1208 2722 1205 2722 1223 0 1205 0 1228 0 1228 0 1205 0 1227 0 1530 2723 983 2723 1531 2723 1531 2724 983 2724 981 2724 1531 2725 981 2725 1532 2725 1532 2726 981 2726 979 2726 1532 2727 979 2727 1533 2727 1533 2727 979 2727 977 2727 1533 2728 977 2728 1534 2728 1534 2728 977 2728 975 2728 1534 1418 975 1418 1535 1418 1535 2729 975 2729 972 2729 1535 2730 972 2730 1536 2730 1536 2731 972 2731 971 2731 1536 2732 971 2732 1537 2732 1537 2733 971 2733 970 2733 1537 1663 970 1663 1538 1663 1538 2734 970 2734 992 2734 1538 2735 992 2735 1539 2735 1539 2735 992 2735 990 2735 1539 2736 990 2736 1540 2736 1540 2736 990 2736 988 2736 1540 2737 988 2737 1541 2737 1541 2738 988 2738 986 2738 1541 2739 986 2739 1530 2739 1530 2740 986 2740 983 2740 1540 3 1541 3 1542 3 1542 3 1541 3 1530 3 1542 3 1530 3 1531 3 1537 3 1538 3 1542 3 1542 3 1538 3 1539 3 1542 3 1539 3 1540 3 1534 3 1535 3 1542 3 1542 3 1535 3 1536 3 1542 3 1536 3 1537 3 1531 3 1532 3 1542 3 1542 3 1532 3 1533 3 1542 3 1533 3 1534 3 1543 2730 1111 2730 1544 2730 1544 2730 1111 2730 1114 2730 1544 2729 1114 2729 1545 2729 1545 2729 1114 2729 1109 2729 1545 2741 1109 2741 1546 2741 1546 2728 1109 2728 1108 2728 1546 2742 1108 2742 1547 2742 1547 2727 1108 2727 1125 2727 1547 2726 1125 2726 1548 2726 1548 2726 1125 2726 1124 2726 1548 2723 1124 2723 1549 2723 1549 2723 1124 2723 1123 2723 1549 2739 1123 2739 1550 2739 1550 2739 1123 2739 1122 2739 1550 2738 1122 2738 1551 2738 1551 2738 1122 2738 1121 2738 1551 2743 1121 2743 1552 2743 1552 2736 1121 2736 1120 2736 1552 2744 1120 2744 1553 2744 1553 2735 1120 2735 1119 2735 1553 2734 1119 2734 1554 2734 1554 2734 1119 2734 1113 2734 1554 2732 1113 2732 1543 2732 1543 2732 1113 2732 1111 2732 1553 2745 1554 2745 1555 2745 1555 36 1554 36 1543 36 1555 36 1543 36 1544 36 1550 36 1551 36 1555 36 1555 2745 1551 2745 1552 2745 1555 2746 1552 2746 1553 2746 1547 2746 1548 2746 1555 2746 1555 36 1548 36 1549 36 1555 36 1549 36 1550 36 1544 36 1545 36 1555 36 1555 2746 1545 2746 1546 2746 1555 2745 1546 2745 1547 2745</p>
        </triangles>
      </mesh>
    </geometry>
  </library_geometries>
  <library_visual_scenes>
    <visual_scene id="Scene" name="Scene">
      <node id="link_5_1" name="link_5_1" type="NODE">
        <matrix sid="transform">0 1 0 0 -1 0 0 0 0 0 1 0 0 0 0 1</matrix>
        <instance_geometry url="#link_5_1-mesh" name="link_5_1">
          <bind_material>
            <technique_common>
              <instance_material symbol="m_2-material" target="#m_2-material"/>
              <instance_material symbol="m_1-material" target="#m_1-material"/>
            </technique_common>
          </bind_material>
        </instance_geometry>
      </node>
    </visual_scene>
  </library_visual_scenes>
  <scene>
    <instance_visual_scene url="#Scene"/>
  </scene>
</COLLADA>