<?xml version="1.0" encoding="utf-8"?>
<COLLADA xmlns="http://www.collada.org/2005/11/COLLADASchema" version="1.4.1" xmlns:xsi="http://www.w3.org/2001/XMLSchema-instance">
  <asset>
    <contributor>
      <author>Blender User</author>
      <authoring_tool>Blender 4.0.2 commit date:2023-12-05, commit time:07:41, hash:9be62e85b727</authoring_tool>
    </contributor>
    <created>2025-10-29T18:19:23</created>
    <modified>2025-10-29T18:19:23</modified>
    <unit name="meter" meter="1"/>
    <up_axis>Z_UP</up_axis>
  </asset>
  <library_effects>
    <effect id="Material_001-effect">
      <profile_COMMON>
        <technique sid="common">
          <lambert>
            <emission>
              <color sid="emission">0 0 0 1</color>
            </emission>
            <diffuse>
              <color sid="diffuse">0.2 0.2 0.17 1</color>
            </diffuse>
            <reflectivity>
              <float sid="specular">1</float>
            </reflectivity>
            <index_of_refraction>
              <float sid="ior">1.45</float>
            </index_of_refraction>
          </lambert>
        </technique>
      </profile_COMMON>
    </effect>
  </library_effects>
  <library_images/>
  <library_materials>
    <material id="Material_001-material" name="Material.001">
      <instance_effect url="#Material_001-effect"/>
    </material>
  </library_materials>
  <library_geometries>
    <geometry id="link_1_3-mesh" name="link_1_3">
      <mesh>
        <source id="link_1_3-mesh-positions">
          <float_array id="link_1_3-mesh-positions-array" count="4359">0.02732843 0.009799957 -0.004401922 0.02670711 0.009799957 -0.00487864 0.02732843 0.009799957 0.004401922 0.02603578 0.009799957 -0.005549967 0.02670711 0.009799957 0.00487864 0.008877456 0.009799957 -0.005549967 0.008398354 0.009799957 -0.004790127 0.02882838 0.009799957 -0.003999948 0.02805197 0.009799957 -0.00410217 0.02882838 0.009799957 0.003999948 0.008100807 0.009799957 -0.003942549 0.007999956 0.009799957 -0.003049969 0.007999956 0.009799957 0.003049969 0.008877456 0.009799957 0.005549967 0.02603578 0.009799957 0.005549967 0.008398354 0.009799957 0.004790127 0.008100807 0.009799957 0.003942549 0.02805197 0.009799957 0.00410217 0.03306746 0.009799957 0.004988908 0.03408837 0.009799957 0.004952371 0.03508055 0.009799957 -0.004709064 0.03206044 0.009799957 -0.004817187 0.03110933 0.009799957 -0.00444442 0.03021967 0.009799957 0.00411266 0.03021967 0.009799957 -0.00411266 0.02927684 0.009799957 -0.003999948 0.03306746 0.009799957 -0.004988908 0.03110933 0.009799957 0.00444442 0.03408837 0.009799957 -0.004952371 0.03206044 0.009799957 0.004817187 0.03508055 0.009799957 0.004709064 0.03600257 0.009799957 0.004269242 0.03681594 0.009799957 0.003651142 0.02927684 0.009799957 0.003999948 0.03748673 0.009799957 0.002880692 0.03798687 0.009799957 0.00198996 0.03829562 0.009799957 0.001016199 0.03681594 0.009799957 -0.003651142 0.03829562 0.009799957 -0.001016199 0.03748673 0.009799957 -0.002880692 0.03798687 0.009799957 -0.00198996 0.03839999 0.009799957 0 0.03600257 0.009799957 -0.004269242 0.02453577 0.007147669 0.008049964 0.02453577 0.007299959 0.008049964 0.01199996 0.007299959 0.008049964 0.01199996 0.002999961 0.008049964 0 0.002999961 0.008049964 0 -0.004699945 0.008049964 0.02389997 0.004899978 0.008049964 0.02453577 0.004899978 0.008049964 0.02453577 0.006052255 0.008049964 0.008499979 -0.004699945 0.008049964 0.02389997 -0.006052255 0.008049964 0.008499979 -0.007299959 0.008049964 0.02389997 -0.007147669 0.008049964 0.02410972 -0.007299959 0.008049964 0.02410972 -0.007147669 0.008049964 0.006999969 0.00879997 -0.003049969 0.006999969 0.004499971 -0.003049969 0.006999969 0.00879997 0.003049969 0.006999969 0.004499971 0.003049969 0.02453577 0.007299959 -0.008049964 0.01199996 0.007299959 -0.008049964 0.02460801 0.008066594 -0.007929563 0.01198828 0.007309496 -0.008049964 0.01166212 0.007644295 -0.008026123 0.01138228 0.007927238 -0.007969975 0.0110526 0.008255183 -0.007860302 0.01082491 0.008476495 -0.007755815 0.02490842 0.0089491 -0.007428884 0.02465105 0.008261203 -0.007857799 0.01029801 0.008963286 -0.007416367 0.0102241 0.009027659 -0.007356941 0.02497702 0.009070873 -0.007314562 0.0254153 0.009576082 -0.006584048 0.009787261 0.009379863 -0.006937026 0.009401619 0.009631633 -0.006451845 0.009146511 0.009748399 -0.006055295 0.02592855 0.009793579 0.005728662 0.009146511 0.009748399 0.006055295 0.02546328 0.009610712 0.006504118 0.009401619 0.009631633 0.006451845 0.02534496 0.00951904 0.00670135 0.009787261 0.009379863 0.006937026 0.02497696 0.009070813 0.007314622 0.0102241 0.009027659 0.007356941 0.0248993 0.008931636 0.007444083 0.01029801 0.008963286 0.007416367 0.01082491 0.008476495 0.007755815 0.02462828 0.008164405 0.007895767 0.0110526 0.008255183 0.007860302 0.01138228 0.007927238 0.007969975 0.01198828 0.007309496 0.008049964 0.01166212 0.007644295 0.008026123 0.02453577 0.007147669 -0.008049964 0.02453577 0.006052255 -0.008049964 0.02453577 0.004899978 -0.008049964 0.02389997 0.004899978 -0.008049964 0.01199996 0.002999961 -0.008049964 0.02389997 -0.006052255 -0.008049964 0.02389997 -0.007147669 -0.008049964 0.02410972 -0.007147669 -0.008049964 0.02410972 -0.007299959 -0.008049964 0.008499979 -0.007299959 -0.008049964 0.008499979 -0.004699945 -0.008049964 0 0.002999961 -0.008049964 0 -0.004699945 -0.008049964 0.0271517 -0.009799957 0.003277659 0.02478599 -0.009799957 -0.005549967 0.02544128 -0.009799957 -0.00466144 0.005377471 -0.009799957 -0.005549967 0.004600822 -0.009799957 0.003942549 0.004499971 -0.009799957 0.003049969 0.02544128 -0.009799957 0.00466144 0.004499971 -0.009799957 -0.003049969 0.004600822 -0.009799957 -0.003942549 0.02478599 -0.009799957 0.005549967 0.005377471 -0.009799957 0.005549967 0.004898309 -0.009799957 0.004790127 0.02623754 -0.009799957 0.003896653 0.004898309 -0.009799957 -0.004790127 0.02623754 -0.009799957 -0.003896653 0.0271517 -0.009799957 -0.003277659 0.02815747 -0.009799957 0.002822339 0.02922576 -0.009799957 0.002543747 0.02815747 -0.009799957 -0.002822339 0.02922576 -0.009799957 -0.002543747 0.03032582 -0.009799957 0.002449989 0.03032582 -0.009799957 -0.002449989 0.03339999 -0.009799957 0.002449989 0.03339999 -0.009799957 -0.002449989 0.03403407 -0.009799957 -0.002366483 0.03462499 -0.009799957 -0.002121746 0.0351324 -0.009799957 -0.001732409 0.03552174 -0.009799957 -0.001224994 0.03576648 -0.009799957 -6.34107e-4 0.03403407 -0.009799957 0.002366483 0.03552174 -0.009799957 0.001224994 0.03576648 -0.009799957 6.34107e-4 0.03584998 -0.009799957 0 0.0351324 -0.009799957 0.001732409 0.03462499 -0.009799957 0.002121746 0.003499984 -0.00879997 0.003049969 0.003499984 -0.006199955 0.003049969 0.003499984 -0.00879997 -0.003049969 0.003499984 -0.006199955 -0.003049969 0.02417397 -0.00854361 -0.007718682 0.02420932 -0.008799016 -0.007550656 0.006724119 -0.009027659 -0.007356941 0.02428442 -0.009160578 -0.007219791 0.006287276 -0.009379863 -0.006937026 0.02434086 -0.009343385 -0.006990253 0.005901575 -0.009631633 -0.006451845 0.0244565 -0.009586095 -0.006561696 0.005646526 -0.009748399 -0.006055295 0.02453517 -0.009686231 -0.006295502 0.02469599 -0.009787261 -0.005801916 0.02411878 -0.007792115 -0.008001029 0.007552623 -0.008255183 -0.007860302 0.007882297 -0.007927238 -0.007969975 0.008489191 -0.007310986 -0.008049964 0.008162081 -0.007644295 -0.008026123 0.006797969 -0.008963286 -0.007416367 0.007324934 -0.008476495 -0.007755815 0.02414578 -0.008256852 -0.007859587 0.02413403 -0.00809431 -0.007920444 0.02414578 -0.008256852 0.007859587 0.02413004 -0.008029103 0.007941246 0.007552623 -0.008255183 0.007860302 0.02411586 -0.007706403 0.008016705 0.007882297 -0.007927238 0.007969975 0.008162081 -0.007644295 0.008026123 0.008489191 -0.007310986 0.008049964 0.02428597 -0.009166479 0.007213175 0.02421021 -0.008804678 0.007546424 0.006724119 -0.009027659 0.007356941 0.02416729 -0.008484542 0.007751524 0.006797969 -0.008963286 0.007416367 0.007324934 -0.008476495 0.007755815 0.005901575 -0.009631633 0.006451845 0.02447241 -0.009609878 0.006506204 0.02437555 -0.009431481 0.006856381 0.006287276 -0.009379863 0.006937026 0.02461159 -0.009748756 0.006053328 0.02450025 -0.009646892 0.006411373 0.005646526 -0.009748399 0.006055295 -0.001397848 0.002999961 -0.007927656 -0.001397848 -0.004699945 -0.007927656 -0.001926481 0.002999961 -0.007816076 -0.001926481 -0.004699945 -0.007816076 -0.002753257 0.002999961 -0.007564485 -0.002753257 -0.004699945 -0.007564485 -0.003740966 0.002999961 -0.007127881 -0.003740966 -0.004699945 -0.007127881 -0.004024982 0.002999961 -0.006971478 -0.004024982 -0.004699945 -0.006971478 -0.005174398 0.002999961 -0.006166636 -0.005174398 -0.004699945 -0.006166636 -0.005338132 0.002999961 -0.006025493 -0.005338132 -0.004699945 -0.006025493 -0.006166636 0.002999961 -0.005174398 -0.006166636 -0.004699945 -0.005174398 -0.006624996 0.002999961 -0.004572868 -0.006624996 -0.004699945 -0.004572868 -0.006971478 0.002999961 -0.004024982 -0.006971478 -0.004699945 -0.004024982 -0.007526874 0.002999961 -0.002854526 -0.007526874 -0.004699945 -0.002854526 -0.007564485 0.002999961 -0.002753257 -0.007564485 -0.004699945 -0.002753257 -0.007927656 0.002999961 -0.001397848 -0.007927656 -0.004699945 -0.001397848 -0.007991254 0.002999961 -9.7032e-4 -0.007991254 -0.004699945 -9.7032e-4 -0.008049964 0.002999961 0 -0.008049964 -0.004699945 0 -0.007991254 0.002999961 9.7032e-4 -0.007991254 -0.004699945 9.7032e-4 -0.007927656 0.002999961 0.001397848 -0.007927656 -0.004699945 0.001397848 -0.007564485 0.002999961 0.002753257 -0.007564485 -0.004699945 0.002753257 -0.007526874 0.002999961 0.002854526 -0.007526874 -0.004699945 0.002854526 -0.006971478 0.002999961 0.004024982 -0.006971478 -0.004699945 0.004024982 -0.006624996 0.002999961 0.004572868 -0.006624996 -0.004699945 0.004572868 -0.006166636 0.002999961 0.005174398 -0.006166636 -0.004699945 0.005174398 -0.005338132 0.002999961 0.006025493 -0.005338132 -0.004699945 0.006025493 -0.005174398 0.002999961 0.006166636 -0.005174398 -0.004699945 0.006166636 -0.004024982 0.002999961 0.006971478 -0.004024982 -0.004699945 0.006971478 -0.003740966 0.002999961 0.007127881 -0.003740966 -0.004699945 0.007127881 -0.002753257 0.002999961 0.007564485 -0.002753257 -0.004699945 0.007564485 -0.001926481 0.002999961 0.007816076 -0.001926481 -0.004699945 0.007816076 -0.001397848 0.002999961 0.007927656 -0.001397848 -0.004699945 0.007927656 0.002252399 -0.006199955 -0.001084685 0.001558721 -0.006199955 -0.001954555 0.003744661 -0.006199955 -0.004595041 0.00445491 -0.006199955 0.005988895 0.004929244 -0.006199955 0.006549954 0 -0.006199955 0.006549954 0.002499997 -0.006199955 0 0 -0.006199955 -0.006549954 5.56302e-4 -0.006199955 -0.002437293 -0.001137375 -0.006199955 -0.006450474 -5.56302e-4 -0.006199955 -0.002437293 -0.005017578 -0.006199955 -0.004210233 -0.001558721 -0.006199955 -0.001954555 -0.002252399 -0.006199955 -0.001084685 -0.001137375 -0.006199955 0.006450474 -0.00224018 -0.006199955 0.006154954 -5.56302e-4 -0.006199955 0.002437293 -0.003274977 -0.006199955 0.005672454 -0.001558721 -0.006199955 0.001954555 0.00445491 -0.006199955 -0.005988895 0.004929244 -0.006199955 -0.006549954 -0.006549954 -0.006199955 0 -0.006450474 -0.006199955 -0.001137375 -0.002499997 -0.006199955 0 -0.006154954 -0.006199955 -0.00224018 -0.005672454 -0.006199955 -0.003274977 -0.004210233 -0.006199955 0.005017578 -0.005017578 -0.006199955 0.004210233 -0.002252399 -0.006199955 0.001084685 5.56302e-4 -0.006199955 0.002437293 0.001558721 -0.006199955 0.001954555 -0.004210233 -0.006199955 -0.005017578 -0.003274977 -0.006199955 -0.005672454 -0.00224018 -0.006199955 -0.006154954 -0.005672454 -0.006199955 0.003274977 -0.006154954 -0.006199955 0.00224018 -0.006450474 -0.006199955 0.001137375 0.003744661 -0.006199955 0.004595041 0.002252399 -0.006199955 0.001084685 -0.001558721 0.004499971 -0.001954555 -0.004210233 0.004499971 -0.005017578 -0.005017578 0.004499971 -0.004210233 -0.005672454 0.004499971 0.003274977 -0.005017578 0.004499971 0.004210233 -0.002252399 0.004499971 0.001084685 -0.001558721 0.004499971 0.001954555 -0.002252399 0.004499971 -0.001084685 -0.003274977 0.004499971 -0.005672454 -5.56302e-4 0.004499971 -0.002437293 -0.00224018 0.004499971 -0.006154954 -0.004210233 0.004499971 0.005017578 -0.003274977 0.004499971 0.005672454 -5.56302e-4 0.004499971 0.002437293 -0.006450474 0.004499971 -0.001137375 -0.002499997 0.004499971 0 -0.006154954 0.004499971 -0.00224018 -0.005672454 0.004499971 -0.003274977 -0.006549954 0.004499971 0 -0.006450474 0.004499971 0.001137375 -0.006154954 0.004499971 0.00224018 0.007244706 0.004499971 -0.004595041 0.001558721 0.004499971 -0.001954555 0.007954895 0.004499971 -0.005988895 0.008429229 0.004499971 -0.006549954 5.56302e-4 0.004499971 -0.002437293 0 0.004499971 -0.006549954 -0.001137375 0.004499971 -0.006450474 0.002252399 0.004499971 -0.001084685 0.002499997 0.004499971 0 0.002252399 0.004499971 0.001084685 0.007244706 0.004499971 0.004595041 0.001558721 0.004499971 0.001954555 0.007954895 0.004499971 0.005988895 -0.00224018 0.004499971 0.006154954 -0.001137375 0.004499971 0.006450474 5.56302e-4 0.004499971 0.002437293 0 0.004499971 0.006549954 0.008429229 0.004499971 0.006549954 0.003626048 -0.00879997 0.004165709 0.003744661 -0.00879997 0.004595041 0.003997921 -0.00879997 0.005225181 0.00445491 -0.00879997 0.005988895 0.004596829 -0.00879997 0.006174981 0.006955564 -0.008040606 0.007805466 0.006928324 -0.005534291 0.007796525 0.006352186 -0.00580424 0.00756514 0.006372511 -0.00829792 0.007574796 0.005868077 -0.005998313 0.007301211 0.005812168 -0.006017982 0.007266104 0.006280124 -0.008336603 0.007530212 0.00568515 -0.006060123 0.007182419 0.005734086 -0.008547902 0.007215261 0.005562126 -0.006097137 0.007095813 0.005562245 -0.008606553 0.007095932 0.005255818 -0.006168723 0.006854653 0.005252003 -0.00869894 0.006851375 0.004933178 -0.008769035 0.006553947 0.008487582 -0.00470674 0.008049964 0.007792294 -0.005085289 0.007999658 0.008487403 -0.007308065 0.008049964 0.007115006 -0.005440652 0.007854342 0.007031142 -0.008005857 0.007829368 0.007727861 -0.007676303 0.007990002 0.008077621 -0.007506549 0.008032083 0.008487582 -0.00470674 -0.008049964 0.008077621 -0.007506549 -0.008032083 0.007727861 -0.007676303 -0.007990002 0.007099628 -0.00544846 -0.007849872 0.006928324 -0.005534291 -0.007796525 0.008487403 -0.007308065 -0.008049964 0.007615983 -0.005179643 -0.007971227 0.008326113 -0.004795193 -0.008046925 0.006240069 -0.005852401 -0.007510125 0.006955564 -0.008040606 -0.007805466 0.005871474 -0.005997061 -0.007303357 0.006372511 -0.00829792 -0.007574796 0.00568515 -0.006060123 -0.007182419 0.007031142 -0.008005857 -0.007829368 0.006848454 -0.005573511 -0.007769346 0.004596829 -0.00879997 -0.006174981 0.006280124 -0.008336603 -0.007530212 0.005734086 -0.008547902 -0.007215261 0.005561828 -0.006097197 -0.007095634 0.005562245 -0.008606553 -0.007095932 0.005334436 -0.006153523 -0.006920337 0.005252003 -0.00869894 -0.006851375 0.004933178 -0.008769035 -0.006553947 0.00445491 -0.00879997 -0.005988895 0.003997921 -0.00879997 -0.005225181 0.003626048 -0.00879997 -0.004165709 0.003744661 -0.00879997 -0.004595041 0.01059961 0.003748476 0.007849872 0.01111602 0.003479659 0.007971227 0.0104283 0.003834307 0.007796525 0.01198649 0.007306575 0.008049964 0.0115776 0.007506549 0.008032083 0.01122784 0.007676303 0.007990002 0.01182609 0.003095149 0.008046925 0.01198756 0.003006756 0.008049964 0.009780168 0.008336603 0.007530212 0.009061872 0.004397213 0.007095634 0.009872496 0.00829792 0.007574796 0.009185194 0.004360139 0.007182419 0.01045554 0.008040606 0.007805466 0.009371519 0.004297077 0.007303357 0.009740054 0.004152417 0.007510125 0.01053118 0.008005857 0.007829368 0.01034849 0.003873527 0.007769346 0.008096873 0.00879997 0.006174981 0.00923407 0.008547902 0.007215261 0.00906223 0.008606553 0.007095932 0.008834481 0.004453539 0.006920337 0.008751988 0.00869894 0.006851375 0.008433163 0.008769035 0.006553947 0.007954895 0.00879997 0.005988895 0.007497906 0.00879997 0.005225181 0.007126033 0.00879997 0.004165709 0.007244706 0.00879997 0.004595041 0.007126033 0.00879997 -0.004165709 0.007244706 0.00879997 -0.004595041 0.007497906 0.00879997 -0.005225181 0.008751988 0.00869894 -0.006851375 0.008755862 0.004468679 -0.006854653 0.00906223 0.008606553 -0.007095932 0.009062111 0.004397153 -0.007095813 0.007954895 0.00879997 -0.005988895 0.008096873 0.00879997 -0.006174981 0.008433163 0.008769035 -0.006553947 0.00985217 0.004104256 -0.00756514 0.009368062 0.004298269 -0.007301211 0.01045554 0.008040606 -0.007805466 0.009312212 0.004317998 -0.007266104 0.009872496 0.00829792 -0.007574796 0.009185194 0.004360139 -0.007182419 0.009780168 0.008336603 -0.007530212 0.00923407 0.008547902 -0.007215261 0.01198756 0.003006756 -0.008049964 0.0104283 0.003834307 -0.007796525 0.01053118 0.008005857 -0.007829368 0.01122784 0.007676303 -0.007990002 0.01129233 0.003385305 -0.007999658 0.01061499 0.003740668 -0.007854342 0.01198649 0.007306575 -0.008049964 0.0115776 0.007506549 -0.008032083 0.005059301 -0.009222567 0.006523609 0.005388796 -0.009104132 0.006847977 0.008133828 -0.007598638 0.00803101 0.007830142 -0.007844984 0.007986307 0.008105635 -0.007552683 0.008033037 0.007778465 -0.007761061 0.007992982 0.007123053 -0.008170485 0.007838964 0.006494998 -0.008544147 0.007590472 0.006406009 -0.00859487 0.007546365 0.005872726 -0.008881449 0.00722891 0.004656255 -0.009182631 0.006127417 0.004701435 -0.009299993 0.006091237 0.004825472 -0.00950706 0.005991935 0.007222175 -0.008329272 0.007814168 0.006640553 -0.008771657 0.007536292 0.006558179 -0.008831739 0.007486939 0.006065487 -0.009171366 0.007131993 0.005619406 -0.009435236 0.006706178 0.005316138 -0.009575188 0.006344079 0.00498718 -0.009666025 0.005862474 0.003700256 -0.009182631 0.004148721 0.003576099 -0.009182631 0.003049969 0.003633916 -0.009299993 0.003049969 0.003911554 -0.00950706 0.004100382 0.004066467 -0.009182631 0.005192101 0.004261672 -0.00950706 0.005097746 0.004553735 -0.009723842 0.004956662 0.004227817 -0.009723842 0.004027962 0.003792881 -0.00950706 0.003049969 0.003999948 -0.009666025 0.003049969 0.00411731 -0.009723842 0.003049969 0.003576099 -0.009182631 -0.003049969 0.003633916 -0.009299993 -0.003049969 0.003792881 -0.00950706 -0.003049969 0.003999948 -0.009666025 -0.003049969 0.00411731 -0.009723842 -0.003049969 0.004656255 -0.009182631 -0.006127417 0.004066467 -0.009182631 -0.005192101 0.003700256 -0.009182631 -0.004148721 0.003911554 -0.00950706 -0.004100382 0.004701435 -0.009299993 -0.006091237 0.004261672 -0.00950706 -0.005097746 0.004227817 -0.009723842 -0.004027962 0.004553735 -0.009723842 -0.004956662 0.004825472 -0.00950706 -0.005991935 0.00498718 -0.009666025 -0.005862474 0.007222175 -0.008329272 -0.007814168 0.008133828 -0.007598638 -0.00803101 0.008105635 -0.007552683 -0.008033037 0.007830142 -0.007844984 -0.007986307 0.007778465 -0.007761061 -0.007992982 0.007123053 -0.008170485 -0.007838964 0.006640553 -0.008771657 -0.007536292 0.006558179 -0.008831739 -0.007486939 0.006494998 -0.008544147 -0.007590472 0.006406009 -0.00859487 -0.007546365 0.006065487 -0.009171366 -0.007131993 0.005872726 -0.008881449 -0.00722891 0.005619406 -0.009435236 -0.006706178 0.005316138 -0.009575188 -0.006344079 0.005388796 -0.009104132 -0.006847977 0.005059301 -0.009222567 -0.006523609 0.008559346 0.009222567 -0.006523609 0.00888884 0.009104132 -0.006847977 0.01163381 0.007598638 -0.00803101 0.01133012 0.007844984 -0.007986307 0.01160567 0.007552683 -0.008033037 0.01127851 0.007761061 -0.007992982 0.01062309 0.008170485 -0.007838964 0.009995043 0.008544147 -0.007590472 0.009905993 0.00859487 -0.007546365 0.009372711 0.008881449 -0.00722891 0.008156239 0.009182631 -0.006127417 0.00820142 0.009299993 -0.006091237 0.008325517 0.00950706 -0.005991935 0.01072216 0.008329272 -0.007814168 0.01014053 0.008771657 -0.007536292 0.01005816 0.008831739 -0.007486939 0.009565472 0.009171366 -0.007131993 0.009119391 0.009435236 -0.006706178 0.008816182 0.009575188 -0.006344079 0.008487164 0.009666025 -0.005862474 0.007200241 0.009182631 -0.004148721 0.007076084 0.009182631 -0.003049969 0.00713396 0.009299993 -0.003049969 0.007411539 0.00950706 -0.004100382 0.007566452 0.009182631 -0.005192101 0.007761657 0.00950706 -0.005097746 0.008053779 0.009723842 -0.004956662 0.007727801 0.009723842 -0.004027962 0.007292866 0.00950706 -0.003049969 0.007499992 0.009666025 -0.003049969 0.007617294 0.009723842 -0.003049969 0.007617294 0.009723842 0.003049969 0.007499992 0.009666025 0.003049969 0.007292866 0.00950706 0.003049969 0.00713396 0.009299993 0.003049969 0.007076084 0.009182631 0.003049969 0.008156239 0.009182631 0.006127417 0.007566452 0.009182631 0.005192101 0.007200241 0.009182631 0.004148721 0.007411539 0.00950706 0.004100382 0.00820142 0.009299993 0.006091237 0.007761657 0.00950706 0.005097746 0.007727801 0.009723842 0.004027962 0.008053779 0.009723842 0.004956662 0.008325517 0.00950706 0.005991935 0.008487164 0.009666025 0.005862474 0.01072216 0.008329272 0.007814168 0.01163381 0.007598638 0.00803101 0.01160567 0.007552683 0.008033037 0.01133012 0.007844984 0.007986307 0.01127851 0.007761061 0.007992982 0.01062309 0.008170485 0.007838964 0.01014053 0.008771657 0.007536292 0.01005816 0.008831739 0.007486939 0.009995043 0.008544147 0.007590472 0.009905993 0.00859487 0.007546365 0.009565472 0.009171366 0.007131993 0.009372711 0.008881449 0.00722891 0.009119391 0.009435236 0.006706178 0.008816182 0.009575188 0.006344079 0.00888884 0.009104132 0.006847977 0.008559346 0.009222567 0.006523609 0 0.004298985 0.007299959 0 0.004385769 0.007124006 0 0.003749966 0.007849037 0 0.004060626 0.007610619 0 0.003574013 0.007935762 -0.002714157 0.003574013 -0.007457196 -0.006872594 0.003574013 0.003967881 -0.006079137 0.003574013 0.005101025 -0.001237034 0.004385769 0.007015764 -0.001237034 0.004385769 -0.007015764 -0.002436518 0.004385769 0.006694376 -0.003561973 0.004385769 0.006169557 -0.004579186 0.004385769 0.005457282 -0.001321554 0.004060626 0.007494986 -0.002602994 0.004060626 0.007151663 -0.003805279 0.004060626 0.006591022 -0.004891991 0.004060626 0.005830049 0 0.004385769 -0.007124006 0 0.004298985 -0.007299959 -0.001321554 0.004060626 -0.007494986 -0.001377999 0.003574013 0.007815241 -0.002714157 0.003574013 0.007457196 -0.003967881 0.003574013 0.006872594 -0.005101025 0.003574013 0.006079137 -0.007015764 0.004385769 0.001237034 -0.007124006 0.004385769 0 -0.007494986 0.004060626 0.001321554 -0.007610619 0.004060626 0 -0.007815241 0.003574013 0.001377999 -0.007935762 0.003574013 0 -0.007015764 0.004385769 -0.001237034 -0.007494986 0.004060626 -0.001321554 -0.007815241 0.003574013 -0.001377999 -0.006694376 0.004385769 -0.002436518 -0.007151663 0.004060626 -0.002602994 -0.007457196 0.003574013 -0.002714157 -0.006169557 0.004385769 -0.003561973 -0.005457282 0.004385769 -0.004579186 -0.006591022 0.004060626 -0.003805279 -0.005830049 0.004060626 -0.004891991 -0.006872594 0.003574013 -0.003967881 -0.006079137 0.003574013 -0.005101025 -0.004579186 0.004385769 -0.005457282 -0.004891991 0.004060626 -0.005830049 -0.005101025 0.003574013 -0.006079137 -0.003561973 0.004385769 -0.006169557 -0.003805279 0.004060626 -0.006591022 -0.003967881 0.003574013 -0.006872594 -0.005830049 0.004060626 0.004891991 -0.005457282 0.004385769 0.004579186 -0.006591022 0.004060626 0.003805279 -0.006169557 0.004385769 0.003561973 -0.007457196 0.003574013 0.002714157 -0.007151663 0.004060626 0.002602994 -0.006694376 0.004385769 0.002436518 -0.002602994 0.004060626 -0.007151663 -0.002436518 0.004385769 -0.006694376 -0.001377999 0.003574013 -0.007815241 0 0.004060626 -0.007610619 0 0.003749966 -0.007849037 0 0.003574013 -0.007935762 0 -0.005999028 -0.007299959 0 -0.006085813 -0.007124006 0 -0.00544995 -0.007849037 0 -0.00576061 -0.007610619 0 -0.005273997 -0.007935762 -0.002714157 -0.005273997 0.007457196 -0.006872594 -0.005273997 -0.003967881 -0.006079137 -0.005273997 -0.005101025 -0.001237034 -0.006085813 -0.007015764 -0.001237034 -0.006085813 0.007015764 -0.002436518 -0.006085813 -0.006694376 -0.003561973 -0.006085813 -0.006169557 -0.004579186 -0.006085813 -0.005457282 -0.001321554 -0.00576061 -0.007494986 -0.002602994 -0.00576061 -0.007151663 -0.003805279 -0.00576061 -0.006591022 -0.004891991 -0.00576061 -0.005830049 0 -0.006085813 0.007124006 0 -0.005999028 0.007299959 -0.001321554 -0.00576061 0.007494986 -0.001377999 -0.005273997 -0.007815241 -0.002714157 -0.005273997 -0.007457196 -0.003967881 -0.005273997 -0.006872594 -0.005101025 -0.005273997 -0.006079137 -0.007015764 -0.006085813 -0.001237034 -0.007124006 -0.006085813 0 -0.007494986 -0.00576061 -0.001321554 -0.007610619 -0.00576061 0 -0.007815241 -0.005273997 -0.001377999 -0.007935762 -0.005273997 0 -0.007015764 -0.006085813 0.001237034 -0.007494986 -0.00576061 0.001321554 -0.007815241 -0.005273997 0.001377999 -0.006694376 -0.006085813 0.002436518 -0.007151663 -0.00576061 0.002602994 -0.007457196 -0.005273997 0.002714157 -0.006169557 -0.006085813 0.003561973 -0.005457282 -0.006085813 0.004579186 -0.006591022 -0.00576061 0.003805279 -0.005830049 -0.00576061 0.004891991 -0.006872594 -0.005273997 0.003967881 -0.006079137 -0.005273997 0.005101025 -0.004579186 -0.006085813 0.005457282 -0.004891991 -0.00576061 0.005830049 -0.005101025 -0.005273997 0.006079137 -0.003561973 -0.006085813 0.006169557 -0.003805279 -0.00576061 0.006591022 -0.003967881 -0.005273997 0.006872594 -0.005830049 -0.00576061 -0.004891991 -0.005457282 -0.006085813 -0.004579186 -0.006591022 -0.00576061 -0.003805279 -0.006169557 -0.006085813 -0.003561973 -0.007457196 -0.005273997 -0.002714157 -0.007151663 -0.00576061 -0.002602994 -0.006694376 -0.006085813 -0.002436518 -0.002602994 -0.00576061 0.007151663 -0.002436518 -0.006085813 0.006694376 -0.001377999 -0.005273997 0.007815241 0 -0.00576061 0.007610619 0 -0.00544995 0.007849037 0 -0.005273997 0.007935762 0.02524286 0.005568683 0.007757067 0.02524286 0.004899978 0.007757067 0.02536469 0.005446374 0.007635235 0.02569025 0.005221962 0.007309675 0.0274142 0.005427837 0.00558573 0.02684587 0.005115509 0.00615406 0.0274142 0.004899978 0.00558573 0.02645576 0.005050957 0.006544172 0.02606201 0.005087256 0.006937921 0.02674287 0.00879997 -0.006257057 0.0274142 0.00879997 -0.00558573 0.0274142 0.007772088 -0.00558573 0.02684587 0.008084475 -0.00615406 0.02645576 0.008148968 -0.006544172 0.02612239 0.008665621 -0.006877541 0.02606201 0.008112668 -0.006937921 0.02561551 0.008289456 -0.007384419 0.02569025 0.007977962 -0.007309675 0.0253151 0.007759928 -0.007684826 0.02536469 0.007753551 -0.007635235 0.02529317 0.007685065 -0.00770682 0.03087347 0.005569517 0.005442142 0.03065121 0.005706608 0.005333304 0.03065121 0.004899978 0.005333304 0.03087347 0.007630467 -0.005442142 0.03065121 0.007493317 -0.005333304 0.03065121 0.00879997 -0.005333304 0.03156459 0.007870674 -0.00571233 0.03179258 0.00879997 -0.005780637 0.03230512 0.007982552 -0.00589925 0.03230512 0.00879997 -0.00589925 0.03317648 0.008027374 -0.00599581 0.033001 0.00879997 -0.00598669 0.03405195 0.008013665 -0.005964457 0.03627806 0.005812942 -0.005264639 0.03723603 0.004899978 -0.004613459 0.03588324 0.005547642 -0.00546199 0.03574347 0.004899978 -0.005523383 0.03574347 0.005484879 -0.005523383 0.03656041 0.006208777 -0.005100131 0.0366398 0.006584465 -0.005050063 0.03723603 0.00879997 -0.004613459 0.03405195 0.00879997 -0.005964457 0.03422605 0.00879997 -0.005942821 0.03492456 0.007929384 -0.005803048 0.03541666 0.00879997 -0.005650877 0.03574347 0.007715046 -0.005523383 0.03574347 0.00879997 -0.005523383 0.03592646 0.007630467 -0.005442142 0.0365231 0.00879997 -0.005123078 0.0363059 0.007360398 -0.005249321 0.03657197 0.006962478 -0.005092978 0.03230512 0.004899978 -0.00589925 0.0331788 0.00517255 -0.005995869 0.03405195 0.004899978 -0.005964457 0.03405195 0.005186259 -0.005964457 0.03492468 0.00527054 -0.005802989 0.03065121 0.005706608 -0.005333304 0.03091669 0.005547642 -0.00546199 0.03065121 0.004899978 -0.005333304 0.03158682 0.005324363 -0.005719423 0.03230512 0.005217432 -0.00589925 0.03405195 0.004899978 0.005964457 0.03317648 0.00517255 0.00599581 0.03230512 0.004899978 0.00589925 0.03230512 0.005217432 0.00589925 0.03156459 0.00532931 0.00571233 0.03574347 0.004899978 0.005523383 0.03492456 0.00527054 0.005803048 0.03405195 0.005186259 0.005964457 0.03627806 0.007386982 0.005264639 0.03656041 0.006991147 0.005100131 0.03723603 0.00879997 0.004613459 0.03588324 0.007652342 0.00546199 0.0365231 0.00879997 0.005123078 0.03574347 0.007715046 0.005523383 0.03574347 0.00879997 0.005523383 0.03492468 0.007929384 0.005802989 0.03723603 0.004899978 0.004613459 0.0366398 0.006615459 0.005050063 0.03657197 0.006237447 0.005092978 0.0363059 0.005839526 0.005249321 0.03592646 0.005569517 0.005442142 0.03574347 0.005484879 0.005523383 0.03541666 0.00879997 0.005650877 0.03422605 0.00879997 0.005942821 0.03405195 0.008013665 0.005964457 0.03405195 0.00879997 0.005964457 0.0331788 0.008027434 0.005995869 0.033001 0.00879997 0.00598669 0.03230512 0.007982552 0.00589925 0.03230512 0.00879997 0.00589925 0.03158682 0.007875561 0.005719423 0.03179258 0.00879997 0.005780637 0.03091669 0.007652342 0.00546199 0.03065121 0.00879997 0.005333304 0.03065121 0.007493317 0.005333304 0.03749912 0.00879997 -0.004381418 0.03830409 0.00879997 -0.00345683 0.03840303 0.004899978 -0.003311991 0.03840303 0.00879997 -0.003311991 0.0389043 0.00879997 -0.002388 0.03914535 0.004899978 -0.001729369 0.03914535 0.00879997 -0.001729369 0.03927475 0.00879997 -0.001219451 0.03939998 0.004899978 0 0.03939998 0.00879997 0 0.03927475 0.00879997 0.001219451 0.03914535 0.004899978 0.001729369 0.03840303 0.00879997 0.003311991 0.03840303 0.004899978 0.003311991 0.0389043 0.00879997 0.002388 0.03914535 0.00879997 0.001729369 0.03749912 0.00879997 0.004381418 0.03830409 0.00879997 0.00345683 0.02489995 -0.006399989 0.005062937 0.03114753 -0.006399989 0.001084685 0.02489995 -0.006399989 -0.005062937 0.0309 -0.006399989 0 0.03114753 -0.006399989 -0.001084685 0.03589999 -0.006399989 0 0.03679758 -0.006399989 -5.99086e-4 0.03565239 -0.006399989 -0.001084685 0.03638774 -0.006399989 -0.001724958 0.03495872 -0.006399989 -0.001954555 0.03561758 -0.006399989 -0.00264281 0.03395628 -0.006399989 -0.002437293 0.03457993 -0.006399989 -0.003241896 0.03284364 -0.006399989 -0.002437293 0.03339999 -0.006399989 -0.003449976 0.03184127 -0.006399989 -0.001954555 0.03032582 -0.006399989 -0.003449976 0.02896487 -0.006399989 -0.003620982 0.02768856 -0.006399989 -0.004123508 0.02657634 -0.006399989 -0.004926145 0.02643471 -0.006399989 -0.005062937 0.02643471 -0.006399989 0.005062937 0.02657634 -0.006399989 0.004926145 0.02768856 -0.006399989 0.004123508 0.02896487 -0.006399989 0.003620982 0.03184127 -0.006399989 0.001954555 0.03032582 -0.006399989 0.003449976 0.03284364 -0.006399989 0.002437293 0.03339999 -0.006399989 0.003449976 0.03395628 -0.006399989 0.002437293 0.03457993 -0.006399989 0.003241896 0.03495872 -0.006399989 0.001954555 0.03561758 -0.006399989 0.00264281 0.03565239 -0.006399989 0.001084685 0.03638774 -0.006399989 0.001724958 0.03679758 -0.006399989 5.99086e-4 0.02563828 -0.00879997 0.006073057 0.02561199 -0.008072555 0.00611633 0.0254907 -0.008769273 0.006328582 0.02540296 -0.008146584 0.006497383 0.02539652 -0.008708119 0.006510376 0.02511912 -0.008038163 0.007177948 0.02515107 -0.008202791 0.007086634 0.02522355 -0.008121371 0.006896495 0.0252152 -0.008419871 0.006917417 0.02529096 -0.008578836 0.006736338 0.02644532 -0.006685376 0.005052328 0.02640438 -0.006964802 0.005093514 0.02657634 -0.00879997 0.004926145 0.02626597 -0.007342696 0.005239486 0.02607345 -0.007652163 0.005461812 0.02619278 -0.00879997 0.005321204 0.02588689 -0.007863759 0.005702555 0.02569723 -0.008020162 0.00597912 0.02686649 -0.00879997 0.004674077 0.02764004 -0.00879997 0.004150331 0.02849107 -0.00879997 0.003765046 0.03032582 -0.00879997 0.003449976 0.02939504 -0.00879997 0.00352931 0.02896487 -0.00879997 0.003620982 0.02644538 -0.006684601 -0.005052268 0.02561086 -0.00807321 -0.006118178 0.02588766 -0.007862985 -0.005701482 0.02619278 -0.00879997 -0.005321204 0.02657634 -0.00879997 -0.004926145 0.02607345 -0.007652163 -0.005461812 0.02626621 -0.007342219 -0.005239248 0.02640438 -0.006964802 -0.005093514 0.02521383 -0.008416295 -0.006920814 0.02515029 -0.008199393 -0.00708878 0.02522355 -0.008121371 -0.006896495 0.02512043 -0.00804615 -0.007174074 0.02511912 -0.008038163 -0.007177948 0.02526164 -0.008526027 -0.006804287 0.02540236 -0.008146643 -0.006498515 0.02535945 -0.008671641 -0.00658667 0.02563828 -0.00879997 -0.006073057 0.0255621 -0.00879234 -0.006200969 0.02542603 -0.008731722 -0.006451547 0.02686649 -0.00879997 -0.004674077 0.02764004 -0.00879997 -0.004150331 0.02849107 -0.00879997 -0.003765046 0.02896487 -0.00879997 -0.003620982 0.02939504 -0.00879997 -0.00352931 0.03032582 -0.00879997 -0.003449976 0.03004562 0.006991147 0.005100131 0.02998399 0.00879997 0.005084514 0.02927684 0.00879997 0.004999995 0.02927684 0.004899978 0.004999995 0.02982228 0.006599485 0.005049943 0.02983677 0.006691575 0.005052685 0.02987444 0.00677675 0.005060076 0.02998399 0.006925284 0.005084514 0.02998399 0.004899978 0.005084514 0.03032898 0.00595504 0.005190491 0.03001803 0.006237447 0.005092978 0.02987468 0.006422758 0.005060136 0.03004562 0.006208777 -0.005100131 0.02998399 0.004899978 -0.005084514 0.02927684 0.004899978 -0.004999995 0.02927684 0.00879997 -0.004999995 0.02982228 0.006600499 -0.005049943 0.02983677 0.00650835 -0.005052685 0.02987444 0.006423175 -0.005060076 0.02998399 0.00627464 -0.005084514 0.02998399 0.00879997 -0.005084514 0.03032898 0.007244884 -0.005190491 0.03001803 0.006962478 -0.005092978 0.02987468 0.006777167 -0.005060136 0.02489995 -0.005089342 -0.0069471 0.02489995 -0.00511676 -0.007049977 0.02489995 0.004899978 -0.007049977 0.02489995 0.004899978 0.007049977 0.02489995 -0.00511676 0.007049977 0.02489995 -0.005089342 0.0069471 0.02489995 -0.005111515 0.00616759 0.02489995 -0.005510389 -0.005497515 0.02489995 -0.005111515 -0.00616759 0.02489995 -0.006185114 0.005106508 0.02489995 -0.005510389 0.005497515 0.02489995 -0.006185114 -0.005106508 0.02864271 0.006226658 0.004999995 0.02874881 0.005966007 0.004999995 0.02880841 0.005702853 0.004999995 0.02882838 0.005427837 0.004999995 0.02882838 0.004899978 0.004999995 0.02882838 0.00879997 0.004999995 0.02882838 0.007772088 0.004999995 0.02880454 0.007472157 0.004999995 0.02873462 0.007190346 0.004999995 0.02862161 0.006933569 0.004999995 0.02845788 0.006508827 0.004999995 0.0284692 0.006705462 0.004999995 0.02844911 0.006519854 0.004999995 0.02844464 0.006674528 0.004999995 0.02839565 0.006593704 0.004999995 0.0283991 0.006586492 0.004999995 0.0284062 0.006575226 0.004999995 0.02839523 0.006604909 0.004999995 0.0283944 0.006599247 0.004999995 0.02839505 0.006595611 0.004999995 0.02839952 0.006614148 0.004999995 0.02882838 0.004899978 -0.004999995 0.02882838 0.005427837 -0.004999995 0.02864271 0.006973326 -0.004999995 0.02874881 0.007233917 -0.004999995 0.02880841 0.007497072 -0.004999995 0.02882838 0.007772088 -0.004999995 0.02882838 0.00879997 -0.004999995 0.02880454 0.005727827 -0.004999995 0.02873462 0.006009578 -0.004999995 0.02862161 0.006266355 -0.004999995 0.02845788 0.006691157 -0.004999995 0.0284692 0.006494462 -0.004999995 0.02844911 0.00668013 -0.004999995 0.02844464 0.006525397 -0.004999995 0.02839565 0.006606221 -0.004999995 0.0283991 0.006613433 -0.004999995 0.0284062 0.006624758 -0.004999995 0.02839523 0.006595015 -0.004999995 0.0283944 0.006600677 -0.004999995 0.02839505 0.006604313 -0.004999995 0.02839952 0.006585776 -0.004999995 0.02439999 0.004899978 -0.007915973 0.02476602 0.004899978 -0.007549941 0.02476602 0.004899978 0.007549941 0.02491843 0.004899978 0.007973849 0.02439999 0.004899978 0.007915973 0.03284364 0.004899978 0.002437293 0.03395628 0.004899978 0.002437293 0.03495872 0.004899978 0.001954555 0.03565239 0.004899978 0.001084685 0.03589999 0.004899978 0 0.03565239 0.004899978 -0.001084685 0.03495872 0.004899978 -0.001954555 0.03395628 0.004899978 -0.002437293 0.03114753 0.004899978 -0.001084685 0.0309 0.004899978 0 0.03284364 0.004899978 -0.002437293 0.03184127 0.004899978 -0.001954555 0.03114753 0.004899978 0.001084685 0.02806305 0.004899978 0.005152225 0.03184127 0.004899978 0.001954555 0.02491843 0.004899978 -0.007973849 0.02524286 0.004899978 -0.007757067 0.0274142 0.004899978 -0.00558573 0.02806305 0.004899978 -0.005152225 0.03339999 -0.00879997 -0.003449976 0.03339999 -0.00879997 0.003449976 0.03429287 -0.00879997 0.003332436 0.03457993 -0.00879997 0.003241896 0.03512495 -0.00879997 0.002987742 0.03561758 -0.00879997 0.00264281 0.03583949 -0.00879997 0.002439498 0.03638774 -0.00879997 0.001724958 0.03673243 -0.00879997 8.92926e-4 0.03679758 -0.00879997 5.99086e-4 0.03684997 -0.00879997 0 0.03679758 -0.00879997 -5.99086e-4 0.03673243 -0.00879997 -8.92926e-4 0.03638774 -0.00879997 -0.001724958 0.03583949 -0.00879997 -0.002439498 0.03561758 -0.00879997 -0.00264281 0.03512495 -0.00879997 -0.002987742 0.03429287 -0.00879997 -0.003332436 0.03457993 -0.00879997 -0.003241896 0.02569025 0.005221962 -0.007309675 0.02536988 0.005441784 -0.00763005 0.02524286 0.005568683 -0.007757067 0.02606201 0.005087256 -0.006937921 0.02645576 0.005050957 -0.006544172 0.02684587 0.005115509 -0.00615406 0.0274142 0.005427837 -0.00558573 0.0274142 0.007772088 0.00558573 0.0274142 0.00879997 0.00558573 0.02684587 0.008084475 0.00615406 0.02674287 0.00879997 0.006257057 0.02645576 0.008148968 0.006544172 0.02663564 0.008796155 0.006364285 0.02606201 0.008112668 0.006937921 0.02605205 0.008631408 0.006947875 0.02569025 0.007977962 0.007309675 0.02560639 0.008278965 0.007393538 0.02536767 0.007756173 0.007632255 0.02533537 0.007818639 0.007664561 0.02529317 0.007685065 0.00770682 0.03360581 0.005947232 -0.005194127 0.03333008 0.005515813 -0.00549221 0.03361159 0.007239282 -0.005187988 0.0333085 0.007673501 -0.005481958 0.03360581 0.007252693 0.005194127 0.03333008 0.007684111 0.00549221 0.03361159 0.005960643 0.005187988 0.0333085 0.005526423 0.005481958 0.02453577 0.005446374 0.007635235 0.02453577 0.007753551 0.007635235 0.02472931 0.007195353 0.00803107 0.02489578 0.007299959 0.007982909 0.02503573 0.007421553 0.007914304 0.02453577 0.008112668 0.006937921 0.02453577 0.008084475 0.00615406 0.02453577 0.007676064 0.005484402 0.02750986 0.007681906 0.005490064 0.0277515 0.007358789 0.005248427 0.02770334 0.007438898 0.005296647 0.02453577 0.006992161 0.005100429 0.02760493 0.007574915 0.005394995 0.02751141 0.007680356 0.005488514 0.02790528 0.006230592 0.005094647 0.02789956 0.006207764 0.005100429 0.02453577 0.006207764 0.005100429 0.0277515 0.005841135 0.005248427 0.02792495 0.006322681 0.005074977 0.02794015 0.006425917 0.005059778 0.02794426 0.006467223 0.005055665 0.02794998 0.006599962 0.005049943 0.02789956 0.006992161 0.005100429 0.02453577 0.00552386 0.005484402 0.02453577 0.005115509 0.00615406 0.02751553 0.00552386 0.005484402 0.02758967 0.005606412 0.005410254 0.02453577 0.005087256 0.006937921 0.02474313 0.005997836 0.008028209 0.02491843 0.005882382 0.007973849 0.02474308 0.005997896 -0.008028268 0.02491843 0.005882382 -0.007973849 0.02453577 0.005446374 -0.007635235 0.02453577 0.005087256 -0.006937921 0.02453577 0.005115509 -0.00615406 0.02453577 0.00552386 -0.005484402 0.02750986 0.005518019 -0.005490064 0.0277515 0.005841135 -0.005248427 0.02770334 0.005761027 -0.005296647 0.02453577 0.006207764 -0.005100429 0.02760493 0.005625009 -0.005394995 0.02751141 0.005519568 -0.005488514 0.02792495 0.006877243 -0.005074977 0.02794015 0.006774067 -0.005059778 0.02794426 0.006732702 -0.005055665 0.02794998 0.006599962 -0.005049943 0.02789956 0.006207764 -0.005100429 0.02453577 0.007676064 -0.005484402 0.02751553 0.007676064 -0.005484402 0.02453577 0.006992161 -0.005100429 0.02758967 0.007593512 -0.005410254 0.0277515 0.007358789 -0.005248427 0.02789956 0.006992161 -0.005100429 0.02790528 0.006969392 -0.005094647 0.02453577 0.008084475 -0.00615406 0.02453577 0.008112668 -0.006937921 0.02516633 0.007553339 -0.007822096 0.02453577 0.007753551 -0.007635235 0.02472931 0.007195353 -0.00803107 0.02489578 0.007299959 -0.007982909 0.02493023 -0.007798731 -0.007582545 0.02472335 -0.007544815 -0.007828652 0.02389997 -0.007784426 -0.007599771 0.02452659 -0.007346153 -0.007958531 0.02446979 -0.007299959 -0.007982909 0.02430331 -0.007195353 -0.00803107 0.0249747 -0.00785619 -0.007507979 0.02389997 -0.008121371 -0.006896495 0.02389997 -0.00807321 -0.006118178 0.02389997 -0.007652163 -0.005461812 0.02389997 -0.006964802 -0.005093514 0.02389997 -0.006185114 -0.005106508 0.02389997 -0.005510389 -0.005497515 0.02389997 -0.005111515 -0.00616759 0.02389997 -0.005089342 -0.0069471 0.02486324 -0.005226612 -0.007318615 0.02389997 -0.005449533 -0.007638692 0.02404659 -0.006024479 -0.008039176 0.02439999 -0.005781054 -0.007915973 0.02470827 -0.005449533 -0.007638692 0.02476602 -0.005375206 -0.007549941 0.02439999 -0.005781054 0.007915973 0.02417731 -0.005957961 0.008010745 0.02389997 -0.005449533 0.007638692 0.02404594 -0.006024718 0.008039236 0.02486348 -0.005226135 0.007317602 0.02389997 -0.005089342 0.0069471 0.02476418 -0.005377709 0.00755316 0.02470827 -0.005449533 0.007638692 0.02389997 -0.006964802 0.005093514 0.02389997 -0.006185114 0.005106508 0.02389997 -0.005510389 0.005497515 0.02389997 -0.005111515 0.00616759 0.02389997 -0.007652163 0.005461812 0.02389997 -0.00807321 0.006118178 0.02389997 -0.008121371 0.006896495 0.02389997 -0.007784426 0.007599771 0.02508628 -0.007998466 0.007268369 0.0246495 -0.007463991 0.007886826 0.02487325 -0.007725954 0.007665157 0.02493023 -0.007798731 0.007582545 0.02446979 -0.007299959 0.007982909 0.02430331 -0.007195353 0.00803107 0.02782839 0.00879997 -0.005267918 0.02806305 0.007772088 -0.005152225 0.02831077 0.00879997 -0.005068123 0.02806305 0.00879997 -0.005152225 0.0281592 0.006449103 -0.005019187 0.02811014 0.007600247 -0.005128681 0.02813702 0.007423758 -0.005105316 0.02814489 0.00722891 -0.005079865 0.02813971 0.006944 -0.005041718 0.02814036 0.006926774 -0.005039393 0.02815276 0.006799161 -0.005023777 0.02815979 0.00674659 -0.00501883 0.02816617 0.0066908 -0.005014955 0.02816808 0.006668984 -0.005013942 0.0281707 0.006612479 -0.005012571 0.02816748 0.006523728 -0.00501424 0.02814084 0.006282448 -0.005038142 0.02813923 0.006235241 -0.005044519 0.02814441 0.006003797 -0.005075573 0.02813965 0.005807042 -0.005101263 0.02811348 0.00561583 -0.005126476 0.02806305 0.005427837 -0.005152225 0.02806305 0.005427837 0.005152225 0.0281592 0.006750881 0.005019187 0.02811014 0.005599677 0.005128681 0.02813702 0.005776226 0.005105316 0.02814489 0.005971074 0.005079865 0.02813971 0.006255924 0.005041718 0.02814036 0.00627321 0.005039393 0.02815276 0.006400823 0.005023777 0.02815979 0.006453335 0.00501883 0.02816617 0.006509184 0.005014955 0.02816808 0.00653094 0.005013942 0.0281707 0.006587505 0.005012571 0.02816748 0.006676197 0.00501424 0.02814084 0.006917476 0.005038142 0.02813923 0.006964683 0.005044519 0.02814441 0.007196187 0.005075573 0.02813965 0.007392883 0.005101263 0.02811348 0.007584095 0.005126476 0.02806305 0.007772088 0.005152225 0.02782839 0.00879997 0.005267918 0.02806305 0.00879997 0.005152225 0.02831077 0.00879997 0.005068123 0.02502846 -0.009588241 0.006246328 0.02491295 -0.009477972 0.00655359 0.02452766 -0.007671475 0.007932305 0.02487915 -0.007863342 0.007635116 0.02454131 -0.007966697 0.007866978 0.02457755 -0.008383929 0.007703006 0.02461969 -0.008678436 0.007526397 0.02469497 -0.009014308 0.007240235 0.02478533 -0.009265184 0.006934642 0.0252121 -0.009666025 0.005811512 0.02538865 -0.00950706 0.005919814 0.0249136 -0.008215844 0.007504105 0.02495378 -0.008464694 0.00736308 0.02502578 -0.008748531 0.007134974 0.0251125 -0.008960545 0.006891727 0.02523523 -0.009140431 0.006589233 0.02534663 -0.009233713 0.006345987 0.02552407 -0.009299993 0.006002962 0.03032582 -0.009299993 0.003315985 0.03032582 -0.009182631 0.003373861 0.02938216 -0.009182631 0.003454267 0.02572888 -0.009723842 0.004913926 0.02647823 -0.009723842 0.0041942 0.02733862 -0.009723842 0.003611624 0.02828514 -0.009723842 0.003183066 0.02929055 -0.009723842 0.002920866 0.02597266 -0.00950706 0.005127966 0.03032582 -0.009723842 0.002832651 0.03032582 -0.009666025 0.002949953 0.02668231 -0.00950706 0.004446387 0.02749705 -0.00950706 0.003894746 0.02839338 -0.00950706 0.003488898 0.02934545 -0.00950706 0.003240644 0.03032582 -0.00950706 0.003157079 0.02613556 -0.009182631 0.005271017 0.02681863 -0.009182631 0.004614949 0.02760285 -0.009182631 0.004083931 0.02846568 -0.009182631 0.003693282 0.03339999 -0.009723842 0.002832651 0.03339999 -0.009666025 0.002949953 0.03339999 -0.00950706 0.003157079 0.03339999 -0.009299993 0.003315985 0.03339999 -0.009182631 0.003373861 0.03339999 -0.009299993 -0.003315985 0.03339999 -0.009182631 -0.003373861 0.0342732 -0.009182631 -0.003258883 0.0342732 -0.009182631 0.003258883 0.03578567 -0.009182631 -0.002385675 0.03508692 -0.009182631 -0.002921819 0.03632181 -0.009182631 -0.00168693 0.03665888 -0.009182631 -8.73224e-4 0.03677386 -0.009182631 0 0.03665888 -0.009182631 8.73224e-4 0.03632181 -0.009182631 0.00168693 0.03578567 -0.009182631 0.002385675 0.03508692 -0.009182631 0.002921819 0.03339999 -0.009666025 -0.002949953 0.03339999 -0.00950706 -0.003157079 0.03421711 -0.00950706 -0.003049492 0.0349785 -0.00950706 -0.002734124 0.03563237 -0.00950706 -0.002232372 0.03613412 -0.00950706 -0.001578509 0.03644949 -0.00950706 -8.17119e-4 0.03655707 -0.00950706 0 0.03644949 -0.00950706 8.17119e-4 0.03613412 -0.00950706 0.001578509 0.03563237 -0.00950706 0.002232372 0.0349785 -0.00950706 0.002734124 0.03421711 -0.00950706 0.003049492 0.03339999 -0.009723842 -0.002832651 0.03413313 -0.009723842 -0.002736151 0.03481632 -0.009723842 -0.002453148 0.03540301 -0.009723842 -0.002002954 0.03585314 -0.009723842 -0.001416325 0.03613615 -0.009723842 -7.33152e-4 0.03623265 -0.009723842 0 0.03613615 -0.009723842 7.33152e-4 0.03585314 -0.009723842 0.001416325 0.03540301 -0.009723842 0.002002954 0.03481632 -0.009723842 0.002453148 0.03413313 -0.009723842 0.002736151 0.03032582 -0.009723842 -0.002832651 0.03032582 -0.009666025 -0.002949953 0.03032582 -0.00950706 -0.003157079 0.03032582 -0.009299993 -0.003315985 0.03032582 -0.009182631 -0.003373861 0.0252121 -0.009666025 -0.005811512 0.02929055 -0.009723842 -0.002920866 0.02938216 -0.009182631 -0.003454267 0.02934545 -0.00950706 -0.003240644 0.02828514 -0.009723842 -0.003183066 0.02733862 -0.009723842 -0.003611624 0.02839338 -0.00950706 -0.003488898 0.02749705 -0.00950706 -0.003894746 0.02846568 -0.009182631 -0.003693282 0.02760285 -0.009182631 -0.004083931 0.02647823 -0.009723842 -0.0041942 0.02668231 -0.00950706 -0.004446387 0.02681863 -0.009182631 -0.004614949 0.02572888 -0.009723842 -0.004913926 0.02597266 -0.00950706 -0.005127966 0.02613556 -0.009182631 -0.005271017 0.02538865 -0.00950706 -0.005919814 0.02552407 -0.009299993 -0.006002962 0.02453047 -0.007749915 -0.007918715 0.02454519 -0.008026361 -0.007848918 0.02511692 -0.009637832 -0.006029665 0.0249198 -0.00826168 -0.007481515 0.02488285 -0.007913708 -0.007620692 0.02495288 -0.008460342 -0.007366001 0.02502429 -0.008743822 -0.007139444 0.02507877 -0.008889436 -0.006982922 0.0251919 -0.009088337 -0.006691336 0.02527004 -0.009175121 -0.006510496 0.02543205 -0.009275853 -0.006174862 0.02458405 -0.008438169 -0.007674753 0.02461874 -0.00867325 -0.007530033 0.02469342 -0.009008765 -0.007245898 0.02475023 -0.009181082 -0.007049262 0.02486795 -0.009416401 -0.006682395 0.02494907 -0.00951904 -0.006454288 0.02479457 0.007299959 -0.008015871 0.0263893 0.009666025 -0.005903542 0.02571994 0.009380459 -0.006799876 0.02511179 0.007873535 -0.007834017 0.02486991 0.007978379 -0.007917761 0.02518427 0.008775293 -0.007506728 0.02542918 0.008546829 -0.00749129 0.02597051 0.009057879 -0.006903827 0.02664816 0.009299993 -0.006162345 0.02736037 0.009182631 -0.005531907 0.02731943 0.009299993 -0.005491018 0.02720707 0.00950706 -0.005378663 0.02706062 0.009666025 -0.005232214 0.02697765 0.009723842 -0.005149245 0.02815097 0.009723842 -0.004471838 0.02751976 0.009723842 -0.004733324 0.02779036 0.009182631 -0.005201995 0.02768194 0.00950706 -0.00501424 0.02823495 0.00950706 -0.00478518 0.02829104 0.009182631 -0.004994571 0.02882838 0.009723842 -0.004382669 0.02882838 0.009666025 -0.004499971 0.02882838 0.00950706 -0.004707098 0.02882838 0.009299993 -0.004866003 0.02882838 0.009182631 -0.00492388 0.02927684 0.009723842 -0.004382669 0.02927684 0.009666025 -0.004499971 0.02927684 0.00950706 -0.004707098 0.02927684 0.009299993 -0.004866003 0.02927684 0.009182631 -0.00492388 0.03012949 0.009723842 -0.004484593 0.03000193 0.009182631 -0.005010545 0.03005301 0.00950706 -0.004799842 0.03093403 0.009723842 -0.004784584 0.03078544 0.00950706 -0.005072951 0.03068614 0.009182631 -0.005265653 0.03093403 0.009723842 0.004784584 0.03195792 0.009723842 0.005185902 0.03078544 0.00950706 0.005072951 0.03187102 0.00950706 0.005498468 0.03068614 0.009182631 0.005265653 0.03181296 0.009182631 0.005707323 0.03300607 0.009182631 0.005910754 0.03421556 0.009182631 0.005867421 0.03539109 0.009182631 0.005579233 0.03648346 0.009182631 0.005058109 0.03744709 0.009182631 0.004325807 0.03824186 0.009182631 0.003412961 0.03883445 0.009182631 0.002357661 0.03920018 0.009182631 0.001203954 0.03932386 0.009182631 0 0.03920018 0.009182631 -0.001203954 0.03883445 0.009182631 -0.002357661 0.03824186 0.009182631 -0.003412961 0.03744709 0.009182631 -0.004325807 0.03648346 0.009182631 -0.005058109 0.03539109 0.009182631 -0.005579233 0.03421556 0.009182631 -0.005867421 0.03300607 0.009182631 -0.005910754 0.03181296 0.009182631 -0.005707323 0.03302049 0.00950706 0.005694448 0.03418576 0.00950706 0.005652725 0.03531819 0.00950706 0.005375027 0.03637063 0.00950706 0.004872977 0.03729903 0.00950706 0.004167497 0.03806465 0.00950706 0.00328809 0.03863561 0.00950706 0.002271413 0.03898799 0.00950706 0.001159906 0.03910708 0.00950706 0 0.03898799 0.00950706 -0.001159906 0.03863561 0.00950706 -0.002271413 0.03806465 0.00950706 -0.00328809 0.03729903 0.00950706 -0.004167497 0.03637063 0.00950706 -0.004872977 0.03531819 0.00950706 -0.005375027 0.03418576 0.00950706 -0.005652725 0.03302049 0.00950706 -0.005694448 0.03187102 0.00950706 -0.005498468 0.03304201 0.009723842 0.005370736 0.03414106 0.009723842 0.005331397 0.03520917 0.009723842 0.005069494 0.03620177 0.009723842 0.004595994 0.03707736 0.009723842 0.003930628 0.03779947 0.009723842 0.00310117 0.03833794 0.009723842 0.00214225 0.0386703 0.009723842 0.001093983 0.03878265 0.009723842 0 0.0386703 0.009723842 -0.001093983 0.03833794 0.009723842 -0.00214225 0.03779947 0.009723842 -0.00310117 0.03707736 0.009723842 -0.003930628 0.03620177 0.009723842 -0.004595994 0.03520917 0.009723842 -0.005069494 0.03414106 0.009723842 -0.005331397 0.03304201 0.009723842 -0.005370736 0.03195792 0.009723842 -0.005185902 0.03012949 0.009723842 0.004484593 0.02927684 0.009723842 0.004382669 0.02927684 0.009666025 0.004499971 0.03005301 0.00950706 0.004799842 0.02927684 0.00950706 0.004707098 0.03000193 0.009182631 0.005010545 0.02927684 0.009299993 0.004866003 0.02927684 0.009182631 0.00492388 0.02882838 0.009723842 0.004382669 0.02882838 0.009666025 0.004499971 0.02882838 0.00950706 0.004707098 0.02882838 0.009299993 0.004866003 0.02882838 0.009182631 0.00492388 0.02751976 0.009723842 0.004733324 0.02815097 0.009723842 0.004471838 0.02829104 0.009182631 0.004994571 0.02823495 0.00950706 0.00478518 0.02697765 0.009723842 0.005149245 0.02706062 0.009666025 0.005232214 0.02768194 0.00950706 0.00501424 0.02720707 0.00950706 0.005378663 0.02779036 0.009182631 0.005201995 0.02731943 0.009299993 0.005491018 0.02736037 0.009182631 0.005531907 0.02664816 0.009299993 0.006162345 0.0263893 0.009666025 0.005903542 0.02589482 0.009008228 0.0069862 0.02513313 0.007947146 0.007811009 0.02479457 0.007299959 0.008015871 0.02489107 0.008065521 0.007890164 0.02652943 0.00928086 0.00629276 0.02627217 0.009643733 0.006061553 0.02564513 0.009321689 0.006899118 0.02517473 0.00875914 0.007519245 0.02541947 0.008533179 0.00750178 0.03589999 -0.007399976 0 0.03565239 -0.007399976 -0.001084685 0.03495872 -0.007399976 -0.001954555 0.03395628 -0.007399976 -0.002437293 0.03284364 -0.007399976 -0.002437293 0.03184127 -0.007399976 -0.001954555 0.03114753 -0.007399976 -0.001084685 0.0309 -0.007399976 0 0.03114753 -0.007399976 0.001084685 0.03184127 -0.007399976 0.001954555 0.03284364 -0.007399976 0.002437293 0.03395628 -0.007399976 0.002437293 0.03495872 -0.007399976 0.001954555 0.03565239 -0.007399976 0.001084685 0.03339999 -0.007399976 0 0.0309 0.005899965 0 0.03114753 0.005899965 -0.001084685 0.03184127 0.005899965 -0.001954555 0.03284364 0.005899965 -0.002437293 0.03395628 0.005899965 -0.002437293 0.03495872 0.005899965 -0.001954555 0.03565239 0.005899965 -0.001084685 0.03589999 0.005899965 0 0.03565239 0.005899965 0.001084685 0.03495872 0.005899965 0.001954555 0.03395628 0.005899965 0.002437293 0.03284364 0.005899965 0.002437293 0.03184127 0.005899965 0.001954555 0.03114753 0.005899965 0.001084685 0.03339999 0.005899965 0</float_array>
          <technique_common>
            <accessor source="#link_1_3-mesh-positions-array" count="1453" stride="3">
              <param name="X" type="float"/>
              <param name="Y" type="float"/>
              <param name="Z" type="float"/>
            </accessor>
          </technique_common>
        </source>
        <source id="link_1_3-mesh-normals">
          <float_array id="link_1_3-mesh-normals-array" count="7878">0 1 0 0 1 1.56454e-7 0 1 -1.33757e-7 0 1 -1.61848e-6 0 1 1.58219e-6 0 1 -4.02831e-7 0 1 -2.23236e-6 0 1 4.56572e-6 0 1 -1.87866e-6 0 1 3.7497e-7 0 1 3.57139e-7 0 1 -1.79888e-7 0 1 3.06251e-7 0 1 0 0 1 -2.89902e-6 0 1 2.14401e-6 0 1 2.36699e-7 0 0 1 0 0 1 0 0 1 0 0 1 -1 0 0 0 0.1552009 -0.987883 0.008774101 0.01279652 -0.9998797 0.004970431 0.07574731 -0.9971147 9.40445e-4 0.195534 -0.9806965 -4.36383e-4 0.3168563 -0.9484735 0.006427228 0.432249 -0.9017314 -7.8557e-5 0.5291004 -0.8485593 1.92646e-5 0.3458674 -0.9382835 -1.48778e-4 0.5718967 -0.8203257 2.7601e-5 0.6783035 -0.7347819 8.75787e-5 0.6843711 -0.7291339 -7.79149e-4 0.8227032 -0.5684708 0.004800617 0.7685785 -0.6397375 -7.27868e-4 0.8873982 -0.4610032 0.001634776 0.977149 -0.2125498 0.005419254 0.9602222 -0.2791846 0 0.9948264 -0.10159 0 0.9993609 0.03574687 -6.95347e-4 0.9947887 0.101957 0.001865983 0.9730588 0.2305497 3.29556e-4 0.9593548 0.2822025 -1.91393e-4 0.9068719 0.4214063 -9.5137e-4 0.8873223 0.461149 0.001731693 0.806864 0.5907349 -3.9854e-4 0.7659287 0.6429256 1.06435e-4 0.6809628 0.732318 7.49282e-5 0.6783379 0.7347502 -3.18631e-4 0.5717732 0.8204118 0.002713322 0.5066145 0.8621685 4.94215e-4 0.4272739 0.9041222 -3.59291e-4 0.3169263 0.9484501 0 0.002049863 0.999998 1.319e-4 0.1756046 0.9844608 0.006911039 0.07762753 0.9969586 0.00197643 0.1965195 0.980498 0 0 -1 0 0 -1 0 0 -1 -2.79076e-7 0 -1 0 0 -1 1.19933e-6 0 -1 0 -1 -7.40825e-7 0 -1 0 0 -1 0 0 -1 1.91526e-6 0 -1 -1.27693e-6 0 -1 1.5497e-7 0 -1 -1.44525e-6 0 -1 1.43909e-6 0 -1 -3.70427e-7 0 -1 6.3358e-7 0 -1 -1.51673e-6 0 -1 9.53438e-7 0 -1 -6.74187e-7 -0.002067267 -0.5497638 -0.8353177 6.53013e-4 -0.6751073 -0.7377194 -7.71705e-4 -0.7657399 -0.64315 -2.55535e-4 -0.7821789 -0.623054 4.37432e-4 -0.8877755 -0.4602766 -7.81531e-4 -0.8702334 -0.4926391 6.84321e-4 -0.9594143 -0.2819999 -0.001392185 -0.9361257 -0.3516629 0.001995086 -0.9949322 -0.100528 -0.00196141 -0.9798136 -0.1999037 0 -0.998727 -0.05044358 8.3314e-4 -0.3180025 -0.9480895 0 -0.002199351 -0.9999976 6.82808e-5 -0.09891402 -0.995096 9.00543e-4 -0.07210719 -0.9973965 -2.5819e-4 -0.194393 -0.9809238 0.003689825 -0.6805875 -0.7326575 -4.68959e-4 -0.5716622 -0.8204891 2.21169e-4 -0.4409849 -0.8975146 -5.2629e-6 -0.426851 -0.904322 3.79006e-6 -0.3504543 -0.9365798 -0.001001954 -0.2578517 -0.9661841 5.26761e-6 -0.3376038 0.9412884 -0.001652002 -0.2276872 0.9737329 0.001607954 -0.3187032 0.9478533 -1.77054e-4 -0.1944708 0.9809084 0 -0.08155584 0.9966689 0.002017915 -0.004179954 0.9999893 3.11257e-4 -0.07153165 0.9974384 6.67189e-4 -0.6774544 0.7355645 -0.002242505 -0.5396261 0.8419019 0.004648327 -0.6811793 0.732102 -5.49165e-6 -0.4288299 0.9033852 2.74036e-5 -0.4268801 0.9043083 -6.32562e-5 -0.5719575 0.8202834 -2.84291e-4 -0.8910686 0.4538687 -0.001467049 -0.8029513 0.596043 6.77863e-4 -0.7664803 0.6422675 -4.76019e-4 -0.8874746 0.4608563 0 -0.994867 0.1011918 -0.004567503 -0.9621738 0.2723984 2.72879e-5 -0.9315512 0.3636102 -1.72052e-4 -0.9592661 0.2825043 0.003471732 -0.9950064 0.09975117 -0.08715635 0 -0.9961947 -0.08715498 0 -0.9961948 -0.2065998 0 -0.9784256 -0.2065982 0 -0.9784259 -0.2910869 0 -0.9566967 -0.2910889 0 -0.9566961 -0.4042823 0 -0.9146344 -0.4042816 0 -0.9146345 -0.4824604 0 -0.8759178 -0.4824582 0 -0.875919 -0.5735769 0 -0.8191518 -0.5735759 0 -0.8191524 -0.6530159 0 -0.7573443 -0.6530159 0 -0.7573444 -0.7165359 0 -0.6975503 -0.7953925 0 -0.6060947 -0.7953922 0 -0.6060953 -0.84519 0 -0.5344661 -0.9034506 0 -0.4286924 -0.9034506 0 -0.4286924 -0.9373753 0 -0.3483211 -0.9659258 0 -0.2588193 -0.989115 0 -0.1471447 -0.989115 0 -0.1471449 -0.9981756 0 -0.06037873 -0.9981756 0 -0.06037873 -0.9981756 0 0.06037873 -0.9981756 0 0.06037873 -0.989115 0 0.1471449 -0.989115 0 0.1471447 -0.9659258 0 0.2588193 -0.9373753 0 0.3483211 -0.9034506 0 0.4286924 -0.9034506 0 0.4286924 -0.84519 0 0.5344661 -0.7953922 0 0.6060953 -0.7953925 0 0.6060947 -0.7165359 0 0.6975503 -0.6530159 0 0.7573443 -0.6530159 0 0.7573444 -0.5735759 0 0.8191524 -0.5735769 0 0.8191518 -0.4824582 0 0.875919 -0.4824604 0 0.8759178 -0.4042816 0 0.9146345 -0.4042823 0 0.9146344 -0.2910889 0 0.9566961 -0.2910869 0 0.9566967 -0.2065982 0 0.9784259 -0.2065998 0 0.9784256 -0.08715498 0 0.9961948 -0.08715635 0 0.9961947 0 -1 2.63079e-6 0 -1 2.84681e-7 0 -1 -3.84312e-7 0 -1 4.07382e-7 0 -1 3.90387e-7 0 -1 -3.99303e-7 0 -1 0 0 -1 -2.63079e-6 0 -1 7.89757e-7 0 -1 -5.81413e-7 0 -1 3.92616e-7 0 -1 0 0 -1 2.35982e-7 0 -1 -1.97667e-7 0 -1 -3.90387e-7 0 -1 -1.9782e-7 0 -1 -7.85233e-7 0 -1 5.81413e-7 0 -1 -5.67638e-7 0 -1 -1.28447e-7 0 -1 -3.70754e-7 0 1 0 0 1 -3.92616e-7 0 1 -3.95335e-7 0 1 3.99303e-7 0 1 -1.95193e-7 0 1 1.97667e-7 0 1 -3.99303e-7 0 1 2.51562e-7 0 1 3.92616e-7 0 1 2.96159e-7 0 1 2.93679e-7 0 1 -2.17198e-6 0 1 2.09882e-7 0 1 -1.9782e-7 0 1 2.01705e-7 0 1 -2.01705e-7 0 1 2.68375e-7 0 1 1.95193e-7 0 1 1.9782e-7 0 1 -2.03691e-7 0 1 2.35982e-7 0 1 -1.87834e-7 0 1 2.17198e-6 -0.9936762 0 0.1122845 -0.9875057 0.01923292 0.1564055 -0.9638771 0 0.2663474 -0.9278751 0 0.3728911 -0.8907658 0.02323973 0.4538682 -0.858118 0 0.5134526 -0.7950389 0 0.6065585 -0.7636362 0.0045107 0.645631 -0.3723676 -7.39194e-4 0.9280851 -0.3681364 5.83678e-4 0.9297717 -0.4785405 -5.15814e-4 0.8780654 -0.5281609 -0.01485586 0.8490144 -0.439332 0.01363497 0.8982214 -0.546783 -0.01500666 0.8371399 -0.5000355 0.001619637 0.8660035 -0.575232 -4.93685e-4 0.8179903 -0.5704869 1.69347e-6 0.8213067 -0.618669 -3.02155e-6 0.7856518 -0.6190374 -7.74907e-5 0.7853615 -0.6821706 8.81371e-5 0.731193 -0.682139 9.55187e-5 0.7312225 -0.7479501 -1.08635e-4 0.6637549 -0.001240789 0 0.9999992 -0.07200157 -3.38237e-4 0.9974045 -0.01310282 0.01848173 0.9997434 -0.1907917 -0.03745764 0.9809157 -0.3013734 1.22789e-4 0.9535063 -0.2262483 0.003522694 0.9740634 -0.2863246 -0.02036118 0.9579163 -0.1310603 0.02421391 0.9910787 -0.06928831 0.05343568 0.9961646 -0.001240789 0 -0.9999992 -0.131546 0.02523636 -0.9909889 -0.287635 -0.02088594 -0.9575124 -0.07000398 0.05492866 -0.9960333 -0.2048862 -0.04771322 -0.9776223 -0.01988667 0.02882558 -0.9993866 -0.1028729 -0.0059399 -0.9946768 -0.01858758 -8.28137e-5 -0.9998273 -0.4776341 -0.03769683 -0.8777498 -0.3780109 0.02686274 -0.9254114 -0.5399986 -0.01831138 -0.8414668 -0.2262482 0.003522753 -0.9740633 -0.3013804 1.22789e-4 -0.9535041 -0.322269 -1.28668e-4 -0.9466481 -0.3906486 -0.003478467 -0.9205334 -0.7636362 0.0045107 -0.645631 -0.4419389 0.02150827 -0.8967873 -0.5000354 0.001619577 -0.8660036 -0.5752575 -4.94191e-4 -0.8179723 -0.5704835 4.11439e-6 -0.8213091 -0.6106122 -5.36422e-6 -0.7919298 -0.6188271 -0.001226544 -0.7855263 -0.674755 0.001871168 -0.7380394 -0.6821384 9.55663e-5 -0.7312232 -0.7479497 -1.08635e-4 -0.6637554 -0.7950389 0 -0.6065585 -0.858118 0 -0.5134526 -0.8907658 0.02323973 -0.4538682 -0.9936762 0 -0.1122845 -0.9875057 0.01923304 -0.1564055 -0.9638771 0 -0.2663474 -0.9278751 0 -0.3728911 -0.2141177 0.02941477 0.9763649 -0.2724048 0.05327999 0.9607065 -0.03031682 -0.05919563 0.997786 -0.06487345 -0.04364669 0.9969385 -0.1303793 -0.02277791 0.9912025 -0.1041311 0.003590524 0.9945572 -0.01861506 5.00631e-5 0.9998267 -0.001160621 0 0.9999994 -0.4409691 -0.018579 0.89733 -0.5716332 0.01803499 0.8203111 -0.3777951 -0.02628064 0.9255163 -0.5340918 0.04140031 0.8444122 -0.4824936 0.02227103 0.8756164 -0.225611 -0.002103984 0.9742153 -0.3013761 -7.33965e-5 0.9535053 -0.3223061 7.68311e-5 0.9466356 -0.3911921 0.002075076 0.9203067 -0.7636414 -0.002727568 0.645635 -0.5007723 -0.004170894 0.865569 -0.5704825 -2.32371e-6 0.8213098 -0.6106132 3.19787e-6 0.791929 -0.6189188 7.32363e-4 0.7854547 -0.6747093 -0.00112009 0.7380828 -0.682134 -5.7152e-5 0.7312272 -0.7479516 6.53782e-5 0.6637534 -0.7950388 0 0.6065587 -0.8581181 0 0.5134525 -0.8909185 -0.01405459 0.4539459 -0.9936762 0 0.1122845 -0.9876216 -0.01163053 0.1564236 -0.9638773 0 0.2663468 -0.9278748 0 0.372892 -0.9936762 0 -0.1122845 -0.9876216 -0.01163035 -0.1564236 -0.9638773 0 -0.2663468 -0.9278748 0 -0.372892 -0.8909185 -0.01405459 -0.4539459 -0.6821691 -5.25324e-5 -0.7311945 -0.6190433 4.62731e-5 -0.785357 -0.6186708 1.74676e-6 -0.7856504 -0.8581181 0 -0.5134525 -0.7950388 0 -0.6065587 -0.7636414 -0.002727568 -0.645635 -0.7479516 6.53782e-5 -0.6637534 -0.682134 -5.7152e-5 -0.7312272 -0.4728271 0.01869595 -0.880957 -0.5222504 0.03696125 -0.8519909 -0.3751122 -0.01906788 -0.9267833 -0.5474612 0.01217925 -0.8367424 -0.4390807 -0.01287841 -0.8983554 -0.5724666 0.01394981 -0.8198094 -0.5007706 -0.004163026 -0.86557 -0.5704819 -9.31151e-7 -0.8213102 -0.001160621 0 -0.9999994 -0.3724876 4.41371e-4 -0.9280371 -0.3013761 -7.33965e-5 -0.9535053 -0.2256109 -0.002103984 -0.9742153 -0.07207357 2.04589e-4 -0.9973993 -0.1980531 0.02320373 -0.9799166 -0.02371662 -0.04566091 -0.9986755 -0.2715679 0.05172491 -0.9610283 -0.06487423 -0.04364657 -0.9969385 -0.1303793 -0.02277785 -0.9912026 -0.6405216 -0.2272624 0.7335421 0.02208125 -0.09274941 0.9954447 -0.03995013 -0.1306298 0.990626 -2.83429e-4 -0.1943726 0.9809278 -0.04104286 -0.005127549 0.9991443 -0.09980827 -0.04095244 0.9941636 -0.1042585 -0.02735239 0.9941741 -0.1886507 -0.07831633 0.9789165 -0.1970007 -0.05287694 0.9789764 -0.2621631 -0.09031158 0.9607884 -0.2939983 -0.1351417 0.9462038 -0.3264861 -0.1026114 0.9396157 -0.3850381 -0.1334314 0.9132041 -0.3807684 -0.1282877 0.9157281 -0.4452154 -0.161878 0.8806695 -0.445394 -0.1490106 0.8828477 -0.5185282 -0.1813424 0.8356097 -0.540286 -0.2168237 0.8130674 -0.5694437 -0.1989484 0.7975923 -0.6386364 -0.2217997 0.7368504 -0.7256872 -0.1947208 0.6598955 -0.6927254 -0.2382493 0.6807119 -0.6509875 -0.4410254 0.6178284 -0.556128 -0.6059217 0.5688415 -6.90344e-5 -0.002212285 0.9999976 -0.03057324 -0.02109193 0.99931 -0.01219356 -0.0506525 0.9986419 -0.06780606 -0.0845738 0.9941075 -0.0547232 -0.1127229 0.9921185 -0.1309098 -0.1585419 0.9786354 -0.1028838 -0.2159452 0.97097 -0.2071736 -0.2759828 0.9385694 -0.1842148 -0.3375825 0.9230942 -0.237424 -0.3660672 0.8997915 -0.2517521 -0.3844056 0.8881741 -0.2958549 -0.4067553 0.8643031 -0.2815483 -0.4674478 0.8379876 -0.3756281 -0.508807 0.7746091 -0.3654886 -0.5698448 0.7359994 -0.4443213 -0.5959885 0.6688619 -0.4468649 -0.642477 0.6225233 -0.4991376 -0.6533823 0.569169 -0.4253801 -0.7909686 0.4397959 -0.08053779 -0.2424635 0.9668119 -0.08063441 -0.2424061 0.9668182 -0.04035931 -0.3922556 0.9189705 -0.1034452 -0.427924 0.8978753 -0.03133481 -0.5486816 0.8354441 -0.07282978 -0.5714846 0.8173746 -0.102339 -0.6088041 0.786692 -0.1283199 -0.6215789 0.7727702 -0.07664263 -0.7231811 0.6863929 -0.1561191 -0.758032 0.6332571 -0.1121736 -0.8427815 0.5264375 -0.1709066 -0.8624314 0.4764484 -0.1564807 -0.9156755 0.3702056 -0.2082394 -0.9253492 0.3168048 -0.1769484 -0.9651578 0.1927686 -0.8818793 -0.3109403 0.3544081 -0.9453923 -0.1949033 0.26124 -0.9748167 -0.1939037 0.1101538 -0.9748169 -0.1939032 0.1101537 -0.8923037 -0.4400314 0.1008294 -0.8254387 -0.5538781 0.1089496 -0.7797703 -0.1950384 0.5949105 -0.8202075 -0.2444365 0.5172141 -0.7595739 -0.4400318 0.4789776 -0.712451 -0.5538796 0.4308491 -0.6726427 -0.6063316 0.4241626 -0.4720005 -0.8298351 0.2976397 -0.5321265 -0.7898057 0.3050383 -0.1511687 -0.9792643 0.1348688 -0.2202254 -0.965513 0.1388723 -0.8417565 -0.1943455 0.5036627 -0.9256558 -0.1939032 0.3249045 -0.7860749 -0.5531359 0.2759111 -0.7860762 -0.5531323 0.2759149 -0.5265153 -0.8298361 0.1848078 -0.5265159 -0.8298361 0.184806 -0.1852074 -0.9805469 0.06500852 -0.1852073 -0.980547 0.06500762 -0.7901844 -0.60633 0.08929008 -0.6073261 -0.7914832 0.06862699 -0.551199 -0.8305998 0.07926982 -0.4417354 -0.8957558 0.04991549 -0.1950435 -0.980547 0.02203875 -0.1950441 -0.9805468 0.02204173 -0.9807854 -0.1950898 0 -0.8968735 -0.442287 0 -0.8968718 -0.4422907 0 -0.7933537 -0.6087609 0 -0.7933527 -0.6087624 0 -0.6087628 -0.7933524 0 -0.6087617 -0.7933531 0 -0.4422885 -0.8968728 0 -0.4422849 -0.8968746 0 -0.195091 -0.9807851 0 -0.7797707 -0.1950391 -0.5949096 -0.9101261 -0.1946571 -0.3657584 -0.8417561 -0.1943449 -0.5036635 -0.9748167 -0.1939038 -0.1101535 -0.974817 -0.1939024 -0.1101533 -0.8923037 -0.4400314 -0.1008294 -0.8254387 -0.5538781 -0.1089497 -0.8202069 -0.2444373 -0.5172148 -0.7595718 -0.4400337 -0.4789794 -0.7124509 -0.5538802 -0.4308485 -0.551199 -0.8305999 -0.07926982 -0.6073261 -0.7914832 -0.06862699 -0.7901844 -0.60633 -0.08929008 -0.1950438 -0.980547 -0.02204036 -0.1950438 -0.9805469 -0.02204 -0.4417354 -0.8957558 -0.04991549 -0.9453923 -0.1949033 -0.2612397 -0.9093929 -0.26668 -0.3191964 -0.7860755 -0.5531345 -0.2759125 -0.7860757 -0.5531333 -0.275914 -0.5265142 -0.829837 -0.1848065 -0.5265169 -0.8298351 -0.1848075 -0.1852074 -0.9805469 -0.0650084 -0.1852073 -0.980547 -0.06500762 -0.6726427 -0.6063316 -0.4241626 -0.516988 -0.7914808 -0.3260084 -0.4798232 -0.8305994 -0.282621 -0.20401 -0.9659216 -0.1592972 -0.1660305 -0.9805467 -0.1047009 -0.04035931 -0.3922556 -0.9189705 -6.90344e-5 -0.002212285 -0.9999976 -0.03436267 -0.02327847 -0.9991383 -0.01195186 -0.05051273 -0.9986519 -0.07445436 -0.08861309 -0.9932796 -0.051086 -0.1105209 -0.99256 -0.04104286 -0.005127549 -0.9991443 -0.096807 -0.03912007 -0.9945341 -0.1059024 -0.0283423 -0.9939725 -0.08063948 -0.2423742 -0.9668257 0.02208125 -0.09274941 -0.9954447 -0.05626279 -0.1404894 -0.9884823 0.008604943 -0.1889414 -0.9819507 -0.0805729 -0.2424781 -0.9668052 -0.1437841 -0.1662183 -0.9755499 -0.09610587 -0.2119629 -0.9725407 -0.1833839 -0.07512027 -0.980167 -0.3052597 -0.1512231 -0.9401853 -0.2621631 -0.09031158 -0.9607884 -0.1997954 -0.05447584 -0.9783222 -0.1198635 -0.5956671 -0.7942377 -0.0574764 -0.5854064 -0.8087 -0.2580993 -0.376858 -0.8895859 -0.2319181 -0.3741063 -0.897919 -0.1868605 -0.6482083 -0.7381796 -0.0313251 -0.7001463 -0.7133119 -0.3221128 -0.4196853 -0.8485916 -0.2602882 -0.4574292 -0.8502991 -0.148747 -0.4522302 -0.8794102 -8.4897e-4 -0.5310649 -0.8473308 -0.2265062 -0.2868378 -0.9308164 -0.1708231 -0.3302581 -0.9283044 -0.3157618 -0.09700083 -0.9438673 -0.3795758 -0.1305439 -0.9159042 -0.3860312 -0.1310057 -0.9131361 -0.440311 -0.1593039 -0.8835998 -0.5551702 -0.2420146 -0.7957481 -0.5185282 -0.1813424 -0.8356097 -0.4494172 -0.1507794 -0.8805055 -0.4790283 -0.6057765 -0.6352691 -0.414551 -0.6342476 -0.6525931 -0.2761358 -0.9301505 -0.2420109 -0.09672302 -0.8984693 -0.4282494 -0.2396078 -0.8787385 -0.4128038 -0.1190109 -0.9577162 -0.2619469 -0.4253801 -0.7909686 -0.4397959 -0.4991376 -0.6533823 -0.569169 -0.556128 -0.6059217 -0.5688415 -0.6509875 -0.4410254 -0.6178284 -0.2227869 -0.7816104 -0.5826246 -0.0580691 -0.8202381 -0.5690672 -0.4072317 -0.5215215 -0.7497852 -0.3381025 -0.5596141 -0.7566497 -0.5506664 -0.1927284 -0.8121715 -0.6420603 -0.2229288 -0.7335267 -0.6373105 -0.2265689 -0.7365473 -0.6927254 -0.2382493 -0.6807119 -0.7256872 -0.1947208 -0.6598955 -0.6405209 0.2272601 -0.7335433 0.02237826 0.09257584 -0.9954541 -0.03995013 0.1306325 -0.9906257 -2.83429e-4 0.194374 -0.9809274 -0.04110777 0.005159139 -0.9991415 -0.09980827 0.04095518 -0.9941635 -0.1042587 0.02735257 -0.9941741 -0.1886507 0.07831633 -0.9789165 -0.1970007 0.0528773 -0.9789764 -0.2621647 0.09031563 -0.9607877 -0.294 0.1351425 -0.9462033 -0.3264846 0.1026098 -0.9396165 -0.3850382 0.1334295 -0.9132043 -0.3807684 0.1282873 -0.9157281 -0.4452152 0.1618803 -0.8806692 -0.445393 0.1490097 -0.8828483 -0.5185272 0.1813392 -0.835611 -0.5402858 0.2168254 -0.8130671 -0.5694438 0.1989471 -0.7975925 -0.6386374 0.2218013 -0.7368491 -0.7256875 0.1947183 -0.6598958 -0.6927263 0.2382496 -0.680711 -0.6509877 0.4410248 -0.6178286 -0.5561289 0.6059228 -0.5688394 -0.001104712 8.95007e-4 -0.9999991 -0.03174692 0.01971441 -0.9993016 -0.01206332 0.05058276 -0.998647 -0.06780463 0.08457201 -0.9941077 -0.05472385 0.1127222 -0.9921185 -0.1309098 0.1585448 -0.9786349 -0.1028835 0.215944 -0.9709702 -0.2071748 0.2759845 -0.9385688 -0.1842153 0.337585 -0.9230933 -0.2374258 0.366068 -0.8997907 -0.2517541 0.3844049 -0.8881738 -0.2958546 0.4067573 -0.8643024 -0.2815485 0.4674485 -0.8379871 -0.3756281 0.508807 -0.7746091 -0.3654887 0.5698425 -0.7360011 -0.4443213 0.5959885 -0.6688619 -0.4468647 0.6424773 -0.6225231 -0.4991377 0.6533808 -0.5691707 -0.4253771 0.7909712 -0.4397943 -0.08053779 0.2424635 -0.9668119 -0.08063441 0.2424079 -0.9668177 -0.04035931 0.3922548 -0.9189709 -0.1034446 0.4279217 -0.8978765 -0.03133481 0.5486803 -0.8354449 -0.07283037 0.5714856 -0.8173738 -0.1023383 0.6088108 -0.786687 -0.1283201 0.6215775 -0.7727713 -0.07664239 0.7231797 -0.6863943 -0.1561184 0.7580343 -0.6332544 -0.1121733 0.8427805 -0.5264392 -0.1709064 0.8624328 -0.4764458 -0.1564804 0.9156758 -0.3702049 -0.2082408 0.9253482 -0.3168067 -0.1769477 0.9651581 -0.1927679 -0.8818783 0.3109433 -0.3544077 -0.9453923 0.1949046 -0.2612388 -0.9748179 0.1938977 -0.1101534 -0.9748165 0.1939052 -0.1101531 -0.8923012 0.4400364 -0.1008298 -0.8254397 0.5538766 -0.1089508 -0.7797698 0.1950408 -0.5949102 -0.8202074 0.2444375 -0.5172141 -0.7595739 0.4400318 -0.4789776 -0.7124513 0.5538784 -0.4308504 -0.672644 0.6063296 -0.4241634 -0.472 0.8298355 -0.2976394 -0.5321251 0.7898071 -0.3050374 -0.1511693 0.9792641 -0.1348693 -0.220225 0.9655132 -0.138872 -0.8417562 0.1943461 -0.5036626 -0.9256551 0.1939051 -0.3249053 -0.7860777 0.5531315 -0.275912 -0.7860749 0.5531349 -0.2759133 -0.5265153 0.8298361 -0.1848078 -0.5265145 0.829837 -0.1848055 -0.1852079 0.9805468 -0.06500869 -0.1852071 0.9805471 -0.06500756 -0.7901859 0.6063279 -0.08929026 -0.6073244 0.7914842 -0.06862843 -0.5512001 0.8305991 -0.07926994 -0.4417354 0.8957558 -0.04991549 -0.1950435 0.980547 -0.02203875 -0.1950436 0.980547 -0.02204036 -0.1950905 0.9807853 0 -0.195091 0.9807851 0 -0.4422885 0.8968728 0 -0.4422849 0.8968746 0 -0.6087617 0.7933531 0 -0.6087639 0.7933515 0 -0.7933527 0.6087624 0 -0.8968753 0.4422834 0 -0.8968718 0.4422907 0 -0.9807857 0.1950883 0 -0.9807852 0.1950913 0 -0.7797704 0.1950409 0.5949094 -0.9101251 0.1946593 0.3657597 -0.8417561 0.1943449 0.5036635 -0.9748172 0.1939018 0.1101536 -0.9748172 0.1939016 0.1101531 -0.8923012 0.4400364 0.1008298 -0.8254396 0.5538765 0.1089509 -0.8202069 0.2444373 0.5172148 -0.7595728 0.4400315 0.47898 -0.7124511 0.5538783 0.4308508 -0.5512 0.8305992 0.07927054 -0.6073244 0.7914842 0.06862843 -0.7901859 0.6063279 0.08929026 -0.1950442 0.9805468 0.02203911 -0.1950429 0.9805471 0.02203994 -0.4417354 0.8957558 0.04991549 -0.9453923 0.1949046 0.2612391 -0.9093924 0.2666819 0.3191962 -0.7860766 0.5531332 0.2759118 -0.7860754 0.5531345 0.2759127 -0.5265161 0.8298355 0.1848075 -0.5265134 0.8298376 0.1848062 -0.1852083 0.9805467 0.06500869 -0.1852064 0.9805471 0.06500732 -0.672644 0.6063296 0.4241634 -0.5169866 0.7914825 0.3260068 -0.4798222 0.8306 0.2826205 -0.2040105 0.9659214 0.1592977 -0.1660301 0.9805468 0.1047007 -0.04035931 0.3922548 0.9189709 -0.001104712 8.95007e-4 0.9999991 -0.03580749 0.02197939 0.9991171 -0.01180344 0.05043905 0.9986574 -0.07445597 0.08861231 0.9932795 -0.05108541 0.1105176 0.9925604 -0.04110777 0.005159139 0.9991415 -0.09680908 0.03911823 0.994534 -0.1059038 0.02834433 0.9939723 -0.08063858 0.2423766 0.9668253 0.02237826 0.09257584 0.9954541 -0.05626279 0.1404894 0.9884823 0.008604943 0.1889443 0.9819502 -0.08057391 0.2424781 0.9668052 -0.1437842 0.1662155 0.9755504 -0.09610551 0.2119647 0.9725403 -0.1833838 0.07512319 0.9801669 -0.3052608 0.1512197 0.9401853 -0.2621647 0.09031563 0.9607877 -0.1997954 0.05447429 0.9783223 -0.1198636 0.5956606 0.7942426 -0.0574764 0.5854167 0.8086927 -0.2581018 0.3768617 0.8895835 -0.2319182 0.3741048 0.8979195 -0.1868608 0.6482069 0.7381808 -0.03132498 0.700146 0.7133123 -0.3221122 0.4196844 0.8485922 -0.2602884 0.45743 0.8502987 -0.1487476 0.452229 0.8794107 -8.48964e-4 0.5310623 0.8473324 -0.2265071 0.2868452 0.9308139 -0.1708238 0.3302568 0.9283049 -0.3157604 0.09700268 0.9438675 -0.3795758 0.1305439 0.9159042 -0.3860313 0.1310025 0.9131365 -0.4403108 0.1593061 0.8835994 -0.5551702 0.2420146 0.7957481 -0.5185272 0.1813392 0.835611 -0.4494158 0.150778 0.8805065 -0.4790296 0.6057738 0.6352708 -0.4145505 0.6342484 0.6525925 -0.2761353 0.9301507 0.2420105 -0.09672296 0.8984705 0.428247 -0.239607 0.8787392 0.4128025 -0.1190113 0.9577159 0.2619476 -0.4253771 0.7909712 0.4397943 -0.4991377 0.6533808 0.5691707 -0.5561289 0.6059228 0.5688394 -0.6509877 0.4410248 0.6178286 -0.2227858 0.7816106 0.5826247 -0.0580691 0.8202379 0.5690677 -0.4072315 0.5215194 0.7497867 -0.3381031 0.5596143 0.7566493 -0.550666 0.1927282 0.8121718 -0.6420593 0.2229285 0.7335277 -0.6373112 0.2265674 0.7365471 -0.6927263 0.2382496 0.680711 -0.7256875 0.1947183 0.6598958 -0.974928 0 0.2225208 -0.7818316 0 0.6234898 -0.7818316 0 0.6234897 -0.4338835 0 0.900969 -0.433884 0 0.9009688 0.433884 0 0.9009688 0.4338835 0 0.900969 0.7818316 0 0.6234897 0.7818316 0 0.6234898 0.974928 0 0.2225208 0.974928 0 -0.2225208 0.7818316 0 -0.6234898 0.7818316 0 -0.6234897 0.4338835 0 -0.900969 0.433884 0 -0.9009688 -0.433884 0 -0.9009688 -0.4338835 0 -0.900969 -0.7818316 0 -0.6234897 -0.7818316 0 -0.6234898 -0.974928 0 -0.2225208 1.84198e-5 0.8866777 0.4623881 0 0.9922304 0.1244148 -0.001070141 0.9190338 0.3941775 -0.003316462 0.9507929 0.3098094 0.003319799 0.8968676 0.4422866 -0.003022909 0.9807813 0.1950874 5.09762e-6 0.5279155 0.8492971 -4.59194e-4 0.5687417 0.822516 -0.002436935 0.6779848 0.735072 -3.54057e-5 0.8193882 0.5732393 -0.001193583 0.7933513 0.608763 0.002451121 0.6087604 0.7933503 0 0.002330541 0.9999973 -1.80993e-5 0.03398329 0.9994224 -0.001286506 0.1909874 0.9815917 -1.60034e-5 0.4113613 0.9114725 8.96535e-4 0.4422891 0.8968722 -0.001468956 0.195091 0.9807841 -0.2855101 0.1948199 -0.9383652 -0.8862001 0.194481 0.4205074 -0.7801418 0.1948829 0.5944742 -0.03866636 0.8962017 0.4419586 -0.01706576 0.9806428 -0.1950605 -0.01706558 0.9806425 0.1950618 -0.01706582 0.9806424 0.1950623 -0.05067861 0.9806426 0.1891344 -0.05067849 0.9806424 0.1891354 -0.08275157 0.9806427 0.1774602 -0.08275139 0.9806423 0.1774623 -0.1123104 0.9806426 0.1603956 -0.1123101 0.9806424 0.1603964 -0.06924307 0.6072998 0.7914496 -0.05318433 0.792229 0.6079019 -0.06847494 0.8311356 0.5518377 -0.1441708 0.8304888 0.5380552 -0.1441714 0.830489 0.5380544 -0.2354134 0.8304889 0.5048453 -0.235413 0.8304893 0.5048449 -0.3195019 0.8304891 0.4562966 -0.3195021 0.830489 0.4562965 -0.01706564 0.9806423 -0.1950631 -0.03866636 0.8962017 -0.4419586 -0.06847524 0.8311358 -0.5518373 -0.09111601 0.554764 0.8270035 -0.2154532 0.5541067 0.8040807 -0.2154523 0.5541061 0.8040813 -0.3518073 0.5541063 0.7544521 -0.3518067 0.554105 0.7544533 -0.477472 0.5541058 0.6818997 -0.4774707 0.5541071 0.6818996 -0.1950618 0.9806426 0.01706612 -0.1950618 0.9806426 0.01706564 -0.5549152 0.8304892 0.04854911 -0.5549153 0.830489 0.04854863 -0.8292781 0.5541068 0.07255214 -0.8292783 0.5541063 0.07255244 -0.1950612 0.9806426 -0.0170654 -0.1950622 0.9806424 -0.01706635 -0.5549151 0.8304892 -0.04854881 -0.5549155 0.8304889 -0.04854863 -0.829278 0.5541068 -0.07255256 -0.8292785 0.5541059 -0.0725522 -0.1891347 0.9806425 -0.0506792 -0.1891347 0.9806426 -0.05067831 -0.5380543 0.8304893 -0.1441709 -0.5380545 0.830489 -0.1441714 -0.804082 0.5541052 -0.2154527 -0.8040806 0.5541068 -0.2154533 -0.1603956 0.9806427 -0.1123089 -0.1603956 0.9806424 -0.1123114 -0.4562961 0.8304893 -0.319502 -0.456296 0.8304896 -0.3195012 -0.6818997 0.5541056 -0.4774724 -0.6819001 0.5541066 -0.4774707 -0.1384564 0.9806427 -0.1384552 -0.1384565 0.9806423 -0.1384575 -0.3938829 0.8304891 -0.3938835 -0.3938829 0.8304895 -0.3938826 -0.5886281 0.5541065 -0.5886281 -0.5886277 0.5541066 -0.5886284 -0.1123102 0.9806426 -0.1603956 -0.1123102 0.9806424 -0.160396 -0.3195024 0.8304894 -0.4562955 -0.3195018 0.8304889 -0.4562969 -0.4774706 0.5541068 -0.6818999 -0.4774718 0.5541061 -0.6818997 -0.08549368 0.1943761 0.9771943 -0.08549338 0.1943766 0.9771943 -0.07822471 0.4409351 0.8941237 -0.6404723 0.1950722 0.7427935 -0.5626363 0.1943759 0.8035288 -0.5626365 0.1943758 0.8035287 -0.4731932 0.1950522 0.8590942 -0.4113156 0.2297284 0.8820682 -0.3965468 0.1946678 0.8971372 -0.253884 0.1943764 0.9475024 -0.2803434 0.269178 0.9213852 -0.2026324 0.1949846 0.9596464 -0.7028403 0.1945785 0.6842183 -0.6897225 0.2203782 0.6897219 -0.5886282 0.5541056 0.5886288 -0.5886279 0.5541073 0.5886275 -0.3938826 0.8304897 0.3938826 -0.3938832 0.8304893 0.3938829 -0.1384567 0.9806424 0.1384569 -0.1384562 0.9806426 0.138456 -0.8289754 0.1949375 0.524213 -0.7944687 0.2436352 0.5562928 -0.6819001 0.5541062 0.4774712 -0.6819003 0.5541054 0.4774718 -0.4562966 0.8304891 0.3195019 -0.4562958 0.8304894 0.3195021 -0.1603954 0.9806424 0.1123107 -0.1603958 0.9806424 0.1123104 -0.9193647 0.1950854 0.341629 -0.8863679 0.208612 0.4133197 -0.7544521 0.5541063 0.3518072 -0.7544514 0.5541081 0.3518061 -0.5048463 0.8304885 0.2354131 -0.5048448 0.8304894 0.2354126 -0.1774613 0.9806424 0.08275204 -0.1774614 0.9806426 0.08275157 -0.1891344 0.9806426 0.05067813 -0.1891349 0.9806424 0.05067896 -0.5380544 0.8304892 0.1441712 -0.5380543 0.8304892 0.1441708 -0.8040819 0.554105 0.215453 -0.8040807 0.5541066 0.2154535 -0.9475027 0.1943768 0.2538827 -0.947503 0.194375 0.2538831 -0.9193643 0.1950862 -0.3416293 -0.9475025 0.1943776 -0.2538828 -0.9475032 0.1943741 -0.253883 -0.9701225 0.1950235 -0.1443194 -0.9678861 0.2366982 -0.0846787 -0.9790635 0.1947495 -0.05922263 -0.9771943 0.1943767 0.08549302 -0.9652887 0.2545753 0.05838948 -0.9701225 0.1950235 0.1443194 -0.8862004 0.1944804 -0.4205074 -0.8863679 0.2086117 -0.4133197 -0.7544521 0.5541063 -0.3518072 -0.7544515 0.5541078 -0.3518062 -0.5048455 0.8304887 -0.2354137 -0.5048457 0.8304889 -0.2354125 -0.1774611 0.9806425 -0.08275169 -0.1774615 0.9806424 -0.08275163 -0.4731932 0.1950522 -0.8590943 -0.5626369 0.194376 -0.8035283 -0.5626361 0.1943759 -0.803529 -0.6404723 0.1950722 -0.7427935 -0.6897225 0.2203783 -0.689722 -0.7028402 0.1945798 -0.6842181 -0.8035287 0.1943746 -0.5626367 -0.7627383 0.2835886 -0.5812125 -0.8289754 0.1949375 -0.524213 -0.3965468 0.1946678 -0.8971372 -0.4113156 0.2297284 -0.8820682 -0.351807 0.5541058 -0.7544525 -0.3518069 0.5541055 -0.7544529 -0.2354134 0.830489 -0.504845 -0.235413 0.8304892 -0.504845 -0.08275145 0.9806424 -0.1774618 -0.08275151 0.9806426 -0.1774609 -0.2026324 0.1949846 -0.9596464 -0.2511706 0.2413269 -0.9373765 -0.2154523 0.5541064 -0.8040811 -0.2154531 0.5541064 -0.8040809 -0.1441712 0.830489 -0.5380548 -0.1441709 0.8304889 -0.5380548 -0.05067861 0.9806423 -0.1891362 -0.05067849 0.9806428 -0.1891336 -0.05318433 0.792229 -0.6079019 -0.06924307 0.6072998 -0.7914496 -0.09111601 0.554764 -0.8270036 -0.07822471 0.4409351 -0.8941237 -0.08549338 0.1943759 -0.9771944 -0.08549368 0.1943768 -0.9771943 0 0.002330541 -0.9999973 -6.24175e-5 0.4422917 -0.8968713 0.004463195 0.1950888 -0.9807755 -0.008298993 0.3648474 -0.9310303 -7.33423e-5 0.1316384 -0.9912978 0 0.9807856 -0.1950892 -0.006074488 0.9940743 -0.1085334 0.005112707 0.8968597 -0.4422858 -0.003854453 0.9573206 -0.2890027 -0.001069188 0.9190092 -0.3942347 -1.82984e-4 0.8930435 -0.4499704 1.9595e-6 0.8721963 -0.4891563 -2.01444e-5 0.793354 -0.6087607 -8.23859e-4 0.8049544 -0.5933364 9.67627e-4 0.6087598 -0.7933541 -0.001419305 0.6490306 -0.7607611 3.33522e-5 0.5254033 -0.8508533 2.92676e-5 -0.886685 -0.4623741 0 -0.9922308 -0.1244111 -0.00170958 -0.9187087 -0.3949323 -0.005304217 -0.9500217 -0.3121391 0.005497932 -0.8968592 -0.442282 -0.005006194 -0.9807729 -0.1950891 7.61177e-6 -0.5279253 -0.8492908 -6.85734e-4 -0.5684231 -0.8227362 -0.003641664 -0.6765668 -0.7363723 -5.6531e-5 -0.8193672 -0.5732689 -0.001863002 -0.793352 -0.6087604 0.003826081 -0.6087573 -0.7933473 0 -0.002330303 -0.9999973 -2.5401e-5 -0.03396999 -0.9994229 -0.001816451 -0.1900447 -0.9817738 -2.38961e-5 -0.4113471 -0.9114789 0.0013085 -0.4422898 -0.8968713 -0.002144038 -0.1950905 -0.9807829 -0.2855101 -0.1948199 0.9383652 -0.8862006 -0.194481 -0.4205066 -0.780142 -0.1948829 -0.594474 -0.0386663 -0.8962003 -0.4419617 -0.01706576 -0.9806423 0.1950631 -0.01706576 -0.9806425 -0.1950618 -0.01706582 -0.9806423 -0.1950625 -0.05067873 -0.9806426 -0.1891345 -0.05067867 -0.9806423 -0.1891356 -0.08275187 -0.9806425 -0.1774615 -0.08275187 -0.9806423 -0.177462 -0.1123107 -0.9806422 -0.1603969 -0.1123105 -0.9806424 -0.1603961 -0.06924295 -0.607299 -0.7914502 -0.05318492 -0.7922315 -0.6078986 -0.06847488 -0.8311352 -0.5518383 -0.1441708 -0.8304892 -0.5380542 -0.1441709 -0.8304895 -0.5380538 -0.2354129 -0.830489 -0.5048454 -0.2354131 -0.8304898 -0.504844 -0.3195013 -0.8304892 -0.4562966 -0.319502 -0.8304896 -0.4562956 -0.01706582 -0.9806425 0.1950618 -0.0386663 -0.8962003 0.4419617 -0.06847488 -0.8311353 0.5518382 -0.09111589 -0.5547634 -0.827004 -0.2154532 -0.5541067 -0.8040807 -0.2154529 -0.5541061 -0.8040813 -0.3518068 -0.5541064 -0.7544522 -0.3518072 -0.554105 -0.754453 -0.4774721 -0.5541053 -0.6819002 -0.4774708 -0.5541072 -0.6818996 -0.1950625 -0.9806423 -0.01706612 -0.1950625 -0.9806423 -0.01706564 -0.5549146 -0.8304895 -0.04854881 -0.5549148 -0.8304894 -0.04854923 -0.8292781 -0.5541066 -0.07255256 -0.8292785 -0.5541061 -0.07255214 -0.195062 -0.9806424 0.01706606 -0.1950629 -0.9806423 0.01706504 -0.5549146 -0.8304896 0.04854947 -0.554915 -0.8304892 0.04854863 -0.8292781 -0.5541065 0.07255196 -0.8292786 -0.5541058 0.07255244 -0.1891354 -0.9806424 0.0506792 -0.1891354 -0.9806424 0.05067831 -0.5380537 -0.8304896 0.144171 -0.5380539 -0.8304894 0.1441715 -0.804082 -0.5541048 0.2154532 -0.8040806 -0.5541068 0.215453 -0.1603962 -0.9806423 0.1123116 -0.1603963 -0.9806424 0.1123095 -0.4562956 -0.8304895 0.3195021 -0.4562953 -0.83049 0.3195016 -0.6819 -0.5541059 0.4774715 -0.6819002 -0.5541061 0.4774711 -0.138457 -0.9806426 0.1384552 -0.138457 -0.9806423 0.1384566 -0.3938824 -0.8304893 0.3938837 -0.3938828 -0.8304898 0.3938822 -0.5886285 -0.5541063 0.5886279 -0.5886275 -0.5541064 0.5886289 -0.1123107 -0.9806422 0.1603969 -0.1123105 -0.9806423 0.1603963 -0.3195019 -0.8304891 0.4562966 -0.3195016 -0.8304899 0.4562951 -0.4774715 -0.5541071 0.6818991 -0.4774714 -0.5541056 0.6819005 -0.08549362 -0.1943759 -0.9771944 -0.0854935 -0.1943768 -0.9771942 -0.07822471 -0.4409351 -0.8941237 -0.6404721 -0.1950722 -0.7427936 -0.5626369 -0.194376 -0.8035283 -0.5626361 -0.1943758 -0.803529 -0.4731965 -0.1950516 -0.8590925 -0.411315 -0.2297281 -0.8820686 -0.3965468 -0.1946678 -0.8971372 -0.2538837 -0.1943761 -0.9475024 -0.2803439 -0.2691785 -0.921385 -0.2026323 -0.1949844 -0.9596465 -0.7028407 -0.1945785 -0.684218 -0.6897224 -0.2203782 -0.6897221 -0.5886284 -0.5541053 -0.588629 -0.5886277 -0.554107 -0.5886279 -0.3938825 -0.8304902 -0.3938817 -0.3938826 -0.8304893 -0.3938835 -0.1384574 -0.9806423 -0.1384569 -0.1384567 -0.9806426 -0.1384556 -0.8289754 -0.1949375 -0.524213 -0.7944688 -0.2436351 -0.5562925 -0.6818997 -0.5541059 -0.477472 -0.6819009 -0.5541054 -0.4774709 -0.4562959 -0.8304894 -0.3195021 -0.4562953 -0.8304896 -0.3195025 -0.1603961 -0.9806424 -0.1123098 -0.1603963 -0.9806423 -0.112311 -0.919364 -0.195086 -0.3416305 -0.8863677 -0.2086119 -0.41332 -0.7544523 -0.5541061 -0.3518073 -0.7544513 -0.5541079 -0.3518062 -0.5048459 -0.8304889 -0.2354124 -0.5048443 -0.8304896 -0.235413 -0.1774621 -0.9806423 -0.08275198 -0.1774621 -0.9806424 -0.08275228 -0.1891351 -0.9806424 -0.05067849 -0.1891357 -0.9806424 -0.05067896 -0.5380538 -0.8304895 -0.1441713 -0.5380537 -0.8304895 -0.1441715 -0.804082 -0.5541049 -0.2154529 -0.804081 -0.5541065 -0.2154531 -0.9475027 -0.1943767 -0.253883 -0.947503 -0.1943749 -0.253883 -0.9193635 -0.1950868 0.3416312 -0.9475026 -0.1943776 0.2538824 -0.9475031 -0.194374 0.2538833 -0.9701226 -0.1950235 0.1443192 -0.9678862 -0.2366981 0.08467876 -0.9790635 -0.1947495 0.05922263 -0.9771943 -0.1943767 -0.08549314 -0.9652886 -0.2545751 -0.05838942 -0.9701226 -0.1950235 -0.1443192 -0.8862006 -0.1944803 0.4205067 -0.8863677 -0.2086116 0.41332 -0.7544519 -0.554106 0.3518081 -0.7544519 -0.5541076 0.3518058 -0.5048452 -0.8304892 0.2354127 -0.5048452 -0.8304892 0.2354127 -0.1774618 -0.9806424 0.08275288 -0.1774622 -0.9806424 0.08275163 -0.4731968 -0.1950517 0.8590924 -0.5626365 -0.1943761 0.8035286 -0.5626364 -0.1943758 0.8035287 -0.6404718 -0.1950721 0.7427939 -0.6897225 -0.2203783 0.689722 -0.7028402 -0.1945797 0.6842182 -0.8035287 -0.1943746 0.5626367 -0.7627387 -0.2835884 0.5812121 -0.8289754 -0.1949375 0.524213 -0.3965468 -0.1946678 0.8971372 -0.4113152 -0.2297281 0.8820685 -0.351807 -0.5541058 0.7544525 -0.351807 -0.5541056 0.7544528 -0.235413 -0.8304897 0.5048443 -0.235413 -0.8304892 0.504845 -0.08275192 -0.9806427 0.1774605 -0.08275187 -0.9806424 0.1774619 -0.2026323 -0.1949844 0.9596465 -0.2511705 -0.2413268 0.9373766 -0.2154529 -0.5541064 0.804081 -0.2154531 -0.5541064 0.8040809 -0.1441708 -0.83049 0.5380531 -0.1441709 -0.8304888 0.5380551 -0.05067878 -0.9806427 0.1891337 -0.05067861 -0.9806423 0.1891366 -0.05318492 -0.7922315 0.6078986 -0.06924295 -0.607299 0.7914502 -0.09111601 -0.554764 0.8270036 -0.07822471 -0.4409351 0.8941237 -0.08549338 -0.1943759 0.9771944 -0.08549368 -0.1943768 0.9771943 -9.31624e-5 -0.4422917 0.8968713 0.001655638 -0.3811527 0.9245107 -0.003311395 -0.1950897 0.9807798 -1.03543e-4 -0.1315845 0.9913051 0 -0.002330303 0.9999973 0 -0.9807854 0.1950898 -0.009904146 -0.9935924 0.1125886 0.008517146 -0.8968381 0.4422768 -0.006166696 -0.9564927 0.291691 -0.001707911 -0.9186801 0.3949987 -2.92342e-4 -0.8929798 0.4500966 3.12858e-6 -0.8721836 0.4891789 -3.20604e-5 -0.7933538 0.6087609 -0.001271247 -0.8045629 0.5938661 0.001500546 -0.6087577 0.7933548 -0.002120256 -0.6481655 0.7614966 4.98005e-5 -0.5254256 0.8508396 0.7071019 0 0.7071117 0.7071068 -6.26697e-6 0.7071068 0.7071065 0 0.7071071 0.7071067 0 0.707107 0.7071059 -1.56914e-5 0.7071077 0.7071072 2.48624e-5 0.7071064 0.7071059 -7.14613e-6 0.7071077 0.7071059 0 -0.7071077 0.7071067 2.57612e-6 -0.7071069 0.7071072 0 -0.7071065 0.7071081 3.5205e-6 -0.7071055 0.7071048 0 -0.7071089 0.7071081 4.9936e-6 -0.7071056 0.7071056 0 -0.7071081 0.707108 -9.65915e-6 -0.7071056 0.7071008 9.73985e-5 -0.7071129 0.7071173 0 -0.7070964 -0.4396923 0 0.8981486 -0.439691 0 -0.8981492 -0.3690525 0.01631981 -0.9292654 -0.3648405 0.02109897 -0.930831 -0.2430074 -0.01166498 -0.9699544 -0.2254028 0 -0.9742658 -0.1101568 0 -0.9939143 -0.1246798 -0.01661187 -0.992058 0.0361092 0.0199908 -0.999148 0.4956762 -0.0955556 -0.8632348 0.5202627 -0.03135383 -0.8534306 0.4022686 0 -0.9155217 0.5389685 -0.03469282 -0.8416112 0.570225 -0.0110659 -0.8214141 0.5907831 0 -0.8068304 0.02116608 0 -0.9997761 0.1231828 0 -0.992384 0.1806553 -0.01296919 -0.983461 0.2379997 0.03509873 -0.9706309 0.3196069 -0.01508605 -0.9474303 0.3635038 0 -0.9315927 0.4058921 0 -0.913921 0.4567492 0.009652316 -0.8895432 0.4579687 0.008860111 -0.8889242 0.581408 -0.01638263 -0.8134472 0.5357486 0.02659559 -0.8439586 0.5691133 0.008867621 -0.8222113 -0.03631216 -0.2285997 -0.9728431 0.03600025 0 -0.9993519 0.2523171 0 -0.9676446 0.2002321 -0.268575 -0.942218 0.3231908 0 -0.9463339 -0.4361322 0 -0.8998827 -0.3682237 -0.03364658 -0.9291283 -0.3203005 -0.1455923 -0.9360612 -0.2427951 0 -0.9700776 -0.1099596 0 -0.9939361 -0.03631252 -0.2285717 0.9728497 -0.1101559 0 0.9939144 -0.3237503 0 0.9461426 -0.2717632 -0.2438033 0.9309699 -0.3722385 -0.02720499 0.9277384 0.248638 -0.1701639 0.953532 0.1818816 0 0.9833205 0.03580355 0 0.9993588 0.532769 0.02853959 0.8457794 0.4847256 0.07302922 0.8716123 0.5794473 -0.08366668 0.8107039 0.415714 0.03659659 0.9087589 0.4567699 0 0.889585 0.3231912 0 0.9463338 0.5724096 -0.009720802 0.8199102 0.5416997 -0.032148 0.8399571 0.5001891 -0.08778643 0.8614548 0.5201302 -0.03859424 0.8532145 0.4058942 0 0.9139201 0.3231818 0 0.9463369 0.3631752 -0.0426113 0.9307461 0.2379982 0.03509801 0.9706313 0.1806628 -0.01296991 0.9834597 0.1231828 0 0.992384 0.03600037 0 0.9993519 0.02116394 0.01678103 0.9996353 -0.109275 -0.01331287 0.9939224 -0.1246968 0 0.9921949 -0.2427951 0 0.9700776 -0.2253792 -0.01432985 0.9741658 -0.3642463 0.019432 0.9310999 -0.364849 0.01996159 0.9308527 -0.436133 0 0.8998822 0.6615496 0 -0.7499015 0.7541639 -0.01179838 -0.6565803 0.7445231 -0.005901694 -0.6675707 0.8256833 0 -0.5641339 0.8789924 0 -0.4768359 0.9052459 -0.0157513 -0.424596 0.9390785 0 -0.3437029 0.969276 0 -0.2459757 0.989239 -0.01377809 -0.145658 0.9947685 0 -0.1021559 0.9947685 0 0.1021559 0.989239 -0.01377862 0.145658 0.8789924 0 0.4768359 0.9052459 -0.01575082 0.424596 0.9390785 0 0.3437029 0.969276 0 0.2459757 0.5666879 0.009990394 0.823872 0.590783 0 0.8068305 0.6615496 0 0.7499015 0.7444953 -0.0104959 0.6675451 0.7542055 -0.005247175 0.6566176 0.8256833 0 0.5641339 0 1 4.32702e-7 0 1 -2.92941e-7 0 1 -7.52559e-7 0 1 -2.03188e-6 0 1 6.9391e-7 0 1 -3.86103e-7 0 1 -5.90868e-7 0 1 6.96318e-7 0 1 1.52418e-6 0 1 2.16645e-6 0 1 -1.52418e-6 0 1 -6.96319e-7 0 1 1.02421e-6 0 1 4.03603e-7 0 1 4.10555e-7 0 1 2.43478e-7 0 1 3.62027e-7 0.8660913 0.001553535 0.4998835 0.8772616 -0.006453096 0.4799693 0.8878935 4.39154e-4 0.460049 0.9361966 -0.01299113 0.3512369 0.9346163 -0.001266062 0.3556554 0.9121687 0.003147006 0.4098029 0.9169023 -0.0170961 0.3987456 0.9059328 -6.08844e-4 0.423421 0.7047633 0.001325368 0.7094414 0.6947178 -8.73046e-4 0.7192819 0.720225 0.004209578 0.6937279 0.7451763 0.01533514 0.6666912 0.7174577 -0.01073098 0.6965195 0.787668 0.006421744 0.6160665 0.8046033 0.02117621 0.5934351 0.8230581 0.006173253 0.5679237 0.849523 -6.84921e-4 0.5275512 0.6937381 0 0.7202274 0.6557509 0 0.7549774 0.5851222 -0.01440572 0.8108172 0.5606706 -0.00207901 0.8280364 0.4124491 0.001846492 0.9109788 0.3662819 -0.01648455 0.930358 0.08492547 0 0.9963874 0.1246808 -0.01556104 0.9920749 0.2085078 0 0.9780207 0.2908148 0 0.9567794 0.6947132 -8.76528e-4 -0.7192864 0.8233429 0.03829574 -0.5662508 0.7166374 -0.0489912 -0.6957232 0.7715393 0.04175937 -0.6348097 0.7451607 0.01532238 -0.666709 0.6861295 0.006688237 -0.7274487 0.9347118 -0.001488566 -0.3554037 0.9361724 -0.01297259 -0.3513018 0.9358621 -0.01603746 -0.3520013 0.925417 7.61277e-4 -0.3789496 0.9119403 -0.007660806 -0.4102515 0.9107843 -0.005124092 -0.4128506 0.8047666 -0.006518542 -0.5935557 0.8593019 6.32887e-4 -0.5114684 0.8772372 -0.004194319 -0.480039 0.8785039 -0.00281769 -0.4777271 0.8971559 8.34678e-4 -0.4417132 0.7202099 0.00420624 -0.6937435 0.6975288 0 -0.7165567 0.6557509 0 -0.7549774 0.5851222 -0.01440572 -0.8108172 0.5606706 -0.00207901 -0.8280364 0.4124491 0.001846492 -0.9109788 0.3662819 -0.01648426 -0.9303579 0.2908148 0 -0.9567794 0.2085078 0 -0.9780207 0.1246808 -0.01556104 -0.9920749 0.08492547 0 -0.9963874 -0.3592947 0 0.9332242 -0.3493812 -0.003803431 0.936973 -0.09128826 0 0.9958245 -0.1277393 -0.009128153 0.9917658 -0.1561867 -0.01678937 0.9875848 -0.1186886 -0.005552411 0.992916 -0.2174775 0 0.9760654 -0.2459903 0 0.9692723 -0.3493825 0 0.9369803 -0.3836964 0.03273391 0.922879 -0.2980406 0.001542329 0.9545519 -0.1186897 -0.003263711 0.992926 -0.1825605 0.03284394 0.9826459 -0.1394433 0.01562398 0.9901069 -0.3592973 0 -0.9332233 -0.3493776 0.005256414 -0.9369673 -0.09128826 0 -0.9958246 -0.1222075 0.01001709 -0.9924541 -0.1497294 0.0197286 -0.9885302 -0.1186869 0.007374942 -0.9929044 -0.2174811 0 -0.9760645 -0.2459953 0 -0.9692711 -0.3493831 0 -0.93698 -0.3896809 -0.02368873 -0.9206452 -0.2983816 -0.001129448 -0.954446 -0.1186902 0.002375602 -0.9929285 -0.1899166 -0.02693641 -0.9814307 -0.1458371 -0.01367819 -0.9892141 1 0 0 1 -4.99918e-7 0 1 1.48704e-7 0 1 -5.72343e-7 0 1 6.86568e-6 0 1 -2.65239e-5 0 4.15087e-6 0 1 4.43063e-6 0 1 -1.49346e-6 0 1 4.0321e-6 0 1 4.13388e-6 0 1 -2.43568e-6 0 1 8.30337e-6 0 1 -6.136e-5 0 1 -1.44171e-5 0 1 1.24517e-5 0 1 8.90274e-6 0 1 1.85908e-4 0 1 -1.63518e-6 0 -1 4.42408e-6 0 -1 8.3033e-6 0 -1 -1.44171e-5 0 -1 1.24524e-5 0 -1 8.90274e-6 0 -1 1.85908e-4 0 -1 0 -1 -3.69076e-6 0 -1 0 0 -1 3.02743e-7 0 -1 -2.30967e-7 0 -1 -6.0567e-7 0 -1 5.75857e-7 0 -1 -5.75857e-7 0 -1 3.02835e-7 0 -1 2.37745e-7 0 -1 -1.79753e-7 0 -1 1.65288e-7 0 -1 2.29589e-7 0 -1 -3.84288e-7 0 -1 1.33184e-6 0 -1 -5.75584e-7 0 -1 1.04789e-6 0 -1 1.49524e-7 0 -1 -2.29589e-7 0 -1 6.2185e-7 0 -1 -1.04789e-6 0 -1 1.72023e-7 0 -1 5.75584e-7 0 -1 -1.72023e-7 0 -1 -6.2185e-7 0.1305263 0 0.991445 0.1736247 0.01636642 0.984676 0.3007048 0 0.9537174 0.4226199 0 0.9063071 0.499881 0.02183383 0.8658188 0.5735767 0 0.819152 0.6755912 0 0.7372764 0.7659418 0.01636457 0.6427016 0.7933531 0 0.6087617 0.9238797 0 0.3826832 0.9395663 0.01636648 0.3419756 0.9762949 0 0.2164444 0.9961945 0 0.08715832 0.9997617 0.02183318 0 0.9961945 0 -0.08715832 0.9762949 0 -0.2164444 0.9395664 0.01636707 -0.3419755 0.9238797 0 -0.3826832 0.7933531 0 -0.6087617 0.7659418 0.01636421 -0.6427016 0.6755912 0 -0.7372764 0.5735767 0 -0.819152 0.499881 0.02183383 -0.8658188 0.1305263 0 -0.991445 0.1736248 0.01636642 -0.9846759 0.3007048 0 -0.9537174 0.4226199 0 -0.9063071 0.707108 -3.19145e-6 -0.7071056 0.707104 0 -0.7071096 0.707105 0 -0.7071086 0.7071072 2.48624e-5 -0.7071064 0.7071059 -1.56914e-5 -0.7071077 0.7071067 0 -0.707107 0.7071065 0 -0.7071071 0.7071068 0 0.7071068 0.7071062 0 0.7071075 0.7071083 4.6812e-6 0.7071053 0.7071055 5.18034e-6 0.7071081 0.7071052 0 0.7071085 0.7071098 7.85664e-6 0.7071039 0.7071061 -1.11153e-5 0.7071075 0.7071118 0 0.7071018 0.7071155 0 0.7070981 0.007650434 0.4286911 -0.9034187 0.008253812 0.5887892 -0.8082445 0.001808166 0.7578579 -0.6524174 -0.01755523 0.8269177 -0.5620489 0.0211485 0.8347399 -0.5502384 0.007371127 0.8252722 -0.5646873 -0.0192784 0.8288547 -0.5591316 -0.01302433 0.6157242 -0.7878542 0 0.5567769 -0.8306621 0 0.6892648 -0.7245095 -2.50551e-4 0.6997405 -0.7143971 0.002229928 0.7905312 -0.6124177 -0.004905641 0.3867228 -0.922183 0 0.3381078 -0.9411074 0 0.1321771 -0.9912262 -0.005492925 0.2263075 -0.9740405 0.01030766 -0.110955 -0.993772 -0.01692807 0.1499687 -0.9885458 -0.01146012 0.08157718 -0.9966012 -0.007876992 0.02816945 -0.9995722 -0.003331959 -0.05642932 -0.9984011 0 -0.1744191 -0.9846716 0 -0.3264973 -0.9451982 1.83849e-4 -0.3228607 -0.9464465 -0.004612684 -0.3683993 -0.9296563 0.007172822 -0.5743381 -0.8185868 0.00750488 -0.8226883 -0.5684434 0.02191174 -0.8326967 -0.5532956 0.002470254 -0.7505374 -0.6608235 -0.01836121 -0.8241207 -0.5661168 -0.01995515 -0.8258366 -0.5635564 -1.76339e-4 -0.4981745 -0.8670768 -0.0132308 -0.6082751 -0.7936161 0 -0.5448461 -0.8385362 0 -0.6788369 -0.7342892 -4.39536e-4 -0.6931082 -0.7208335 0.003023326 -0.7894052 -0.6138653 0.007650434 -0.4286914 0.9034186 0.008253872 -0.588791 0.8082432 0.001808166 -0.7578589 0.652416 -0.01755559 -0.8269163 0.5620511 0.02114742 -0.8347392 0.5502394 0.007372021 -0.8252738 0.5646849 -0.01927864 -0.8288563 0.5591294 -0.01302438 -0.6157268 0.7878521 0 -0.5567762 0.8306626 0 -0.689269 0.7245056 -2.50551e-4 -0.6997395 0.7143982 0.002229928 -0.7905312 0.6124177 -0.004905641 -0.3867228 0.922183 0 -0.3381078 0.9411074 0 -0.1321771 0.9912262 -0.005492866 -0.2263057 0.9740409 0.01030766 0.1109553 0.993772 -0.01692813 -0.1499689 0.9885458 -0.01146 -0.08157634 0.9966012 -0.007876992 -0.02816945 0.9995722 -0.003331959 0.05642926 0.9984011 0 0.1744195 0.9846715 0 0.3264973 0.9451982 1.83849e-4 0.3228619 0.9464461 -0.004612982 0.3684003 0.9296559 0.007172763 0.5743346 0.8185893 0.007504045 0.8226898 0.568441 0.02191299 0.8326975 0.5532946 0.002470254 0.7505374 0.6608235 -0.01836121 0.8241213 0.5661157 -0.01995521 0.8258366 0.5635564 -1.76338e-4 0.4981728 0.8670778 -0.01323074 0.6082741 0.7936168 0 0.5448454 0.8385365 0 0.67884 0.7342863 -4.39536e-4 0.6931082 0.7208335 0.003023326 0.7894042 0.6138665 0 0.7058997 -0.7083118 -1.51758e-4 -0.723321 -0.690512 0.02300596 -0.448006 -0.8937346 0.08489054 -0.5628405 -0.8221948 0.08558177 -0.5624445 -0.8223942 0.01664167 -0.6285875 -0.7775609 6.06953e-4 -0.8243628 -0.5660615 0.04364317 -0.888174 -0.4574301 0 -0.9401597 -0.3407342 0 -0.9957806 -0.09176647 0.02625876 -0.9990074 0.03598153 0 -0.9865983 0.1631682 0 -0.8763574 0.4816617 0.01014596 -0.8537324 0.5206132 1.23255e-4 -0.727717 0.6858776 0.01820945 -0.5074818 0.8614701 0.0297988 -0.5714809 0.8200743 0.009265482 -0.4895498 0.8719263 -8.69004e-5 -0.6637371 0.747966 5.38532e-6 -0.6974587 0.716625 0.05417811 0.2323901 0.9711126 0 0.3743529 0.9272863 0.0466457 0.1989544 0.9788981 0.03518211 0.1405244 0.9894519 0.0278775 0.09620982 0.9949707 0.01958245 0.04201859 0.9989249 0 -0.1275513 0.9918321 0 -0.3743531 0.9272863 0 0.8537756 0.5206413 0.01178592 0.8712746 0.4906543 0 0.7259736 0.6877226 0 0.4895712 0.8719634 0.04894393 0.6425657 0.7646659 0.02511161 0.5557194 0.8309907 0 0.8890211 -0.4578662 0.06781864 0.8518639 -0.5193541 0 0.9401606 -0.3407315 0 0.999352 0.03599566 0.04339855 0.997877 -0.04856091 0 0.9865984 0.1631672 0.06159669 0.5638089 -0.8236051 0.1056716 0.5504646 -0.8281438 0.03605359 0.5930811 -0.8043352 0.02766263 0.459971 0.887503 0.08630073 0.5627719 0.822095 0.03605395 0.5930795 0.8043363 -4.65587e-4 0.7072454 0.706968 0.001065909 0.8251202 0.5649564 0.04364311 0.8881732 0.4574317 0 0.9401606 0.3407315 0 0.9957806 0.09176647 0.02625876 0.9990075 -0.03598272 0 0.9865983 -0.1631682 0 0.8763568 -0.4816626 0.01014596 0.8537321 -0.5206138 1.23255e-4 0.727717 -0.6858776 0.01820963 0.5074868 -0.8614671 0.02979892 0.571483 -0.8200727 0.009265422 0.4895491 -0.8719266 -8.69008e-5 0.66374 -0.7479634 4.84761e-6 0.6975765 -0.7165104 0.03518253 -0.1405259 -0.9894518 0.02787709 -0.09620845 -0.9949708 0.01958245 -0.04201859 -0.9989249 0 0.1275514 -0.991832 0 0.3743526 -0.9272865 0 -0.4895719 -0.871963 0.04894405 -0.6425678 -0.7646641 0.02511161 -0.5557187 -0.8309912 0 -0.3743531 -0.9272863 0.05418062 -0.2323848 -0.9711137 0.0466448 -0.1989529 -0.9788984 0 -0.999352 -0.03599715 0.04339855 -0.9978768 0.04856389 0 -0.9865984 -0.1631677 0 -0.8537756 -0.5206413 0.01178592 -0.8712751 -0.4906535 0 -0.7259685 -0.6877279 0.01055836 -0.6643143 0.7473788 0 -0.7225191 0.6913511 0 -0.8890218 0.4578651 0.06781864 -0.8518645 0.5193529 0 -0.9401599 0.3407335 0.05837357 -0.5639185 0.8237648 0.1063058 -0.5503821 0.8281176 0.05764281 -0.5781202 0.8139131 -0.002356886 0.6950517 0.7189559 0.05522459 0.5840214 0.8098577 0.09086966 0.5498201 0.8303257 0.09962511 0.542508 0.8341224 0.05824118 0.5634857 0.8240703 0 0.5773342 0.816508 8.2696e-4 0.7925409 0.6098182 0.02330237 0.9015977 0.4319473 0.04741245 0.8833065 0.4663922 0.033149 0.9975433 -0.06171244 0 0.9979845 0.06345981 0 0.9590108 0.2833693 0.02417176 0.8414667 -0.539768 0 0.8928395 -0.4503751 0 0.9818567 -0.1896251 0 0.145588 -0.9893453 0 0.3602008 -0.9328749 0.02104091 0.4721812 -0.8812504 0 0.5832843 -0.8122681 0 0.7508319 -0.6604933 0 -0.03738081 -0.9993011 0.01270914 0.03162366 -0.9994191 0.1408711 -0.1968633 -0.9702578 0 -0.0166819 -0.999861 0 -0.5014276 -0.8651996 0 -0.5014264 -0.8652004 0 -0.859255 -0.5115476 0 -0.9995962 -0.02841579 0 -0.9995962 -0.02841705 0 -0.9663364 0.257282 0.01342296 -0.9261021 0.3770344 0.04592365 -0.5630222 0.8251649 0.09236025 -0.5531373 0.8279545 0 -0.6415332 0.7670953 0 -0.8869284 0.4619071 0.1395576 -0.8020075 0.5807819 0.07724148 -0.8533356 0.5156084 0.08976155 -0.555802 -0.8264545 0.1003996 -0.5512934 -0.8282485 0.04574406 -0.5630415 -0.8251618 0.01338595 -0.9262335 -0.3767128 0.07745802 -0.8529225 -0.5162593 0.0279814 -0.8865811 -0.461726 0 -0.7658836 -0.6429793 0 -0.6415332 -0.7670953 0.03997492 -0.01666861 0.9990617 0 -0.198846 0.9800308 0 -0.5014259 0.8652006 0 -0.5014281 0.8651994 0 -0.859255 0.5115476 0 -0.9995962 0.02841591 0 -0.9995962 0.02841693 0 -0.9663364 -0.257282 0 0.7511164 0.6601699 0 0.5834175 0.8121725 0.02104169 0.472181 0.8812505 0 0.360354 0.9328157 0 0.05407708 0.9985368 0.03283977 0.1410542 0.9894571 0 -0.03712123 0.9993109 0 0.9980919 0.0617454 0.05803442 0.9976298 -0.03696906 -1.42083e-4 0.9816799 0.1905378 2.86467e-4 0.8417127 0.5399258 0.07368946 0.9155629 0.3953663 0.03017473 0.8609883 0.5077289 0.04197645 0.9010483 -0.4316829 0.02816009 0.9188897 -0.3935086 0 0.9590108 -0.2833693 0.01181495 0.6517281 -0.7583607 -6.23374e-4 0.7501932 -0.6612185 0.002794504 0.8445587 -0.5354557 0 0.5773342 -0.816508 0.07426714 0.5634073 -0.8228345 0.08178311 0.5572876 -0.8262821 0.02301502 0.4480093 -0.8937327 0.6087614 0 -0.7933533 0.555265 0.03320348 -0.8310105 0.1305265 0 -0.9914449 0.1949827 0.03320294 -0.9802445 0.3214389 0 -0.9469304 0.4422864 0 -0.8968739 0.2134422 0.09755963 -0.9720723 0.1950716 -0.01417469 -0.9806867 0.5551618 0.0383861 -0.8308563 0.4335622 -0.3965172 -0.8091959 0.5096659 -0.03615862 -0.8596124 0.3204385 -0.4571295 -0.8296697 0.4614048 -0.09661805 -0.8819131 0.2256029 -0.4428095 -0.8677691 0.3537901 -0.130489 -0.9261777 0.374548 -0.1085054 -0.9208369 0.1511249 -0.3169877 -0.936312 0.2194373 -0.09749448 -0.9707431 0.131391 -0.2122324 -0.968346 0.2363708 -0.06008321 -0.9698035 0.1332136 -0.1795753 -0.9746831 0.2097802 -0.04292058 -0.9768061 0.1493373 -0.122487 -0.9811705 0.1833701 -0.03088456 -0.9825587 0.160051 -0.08193576 -0.9837023 0.1788791 -0.01587235 -0.983743 0.1689514 -0.03501385 -0.9850023 0.1664041 0.01291918 -0.9859731 0.1771922 0.04501938 -0.9831461 0.2238067 0.08599621 -0.9708322 0.2121462 0.1225638 -0.9695217 0.1833801 0.3034538 -0.9350335 0.3527625 0.1323155 -0.9263106 0.2258647 0.3989259 -0.8887313 0.396493 0.1095491 -0.9114782 0.3462511 0.3723018 -0.8611049 0.1678729 -0.08851855 -0.9818265 0.1754271 -0.0397436 -0.9836899 0.135578 -0.1095685 -0.9846895 0.1508579 -0.06138592 -0.9866477 0.09420102 -0.125242 -0.9876441 0.1188694 -0.07787394 -0.9898514 0.02410948 -0.1331718 -0.9907997 0.07990437 -0.06365793 -0.9947679 0.02129739 -0.1317642 -0.9910523 0.07850611 -0.06078022 -0.9950591 0.01035743 -0.1204509 -0.9926652 0.06528586 -0.04124259 -0.997014 0.02806758 -0.09040004 -0.99551 0.0621345 -0.02945709 -0.997633 0.04176753 -0.06363302 -0.9970991 0.05822551 -0.01905834 -0.9981216 0.0491361 -0.04315423 -0.9978595 0.05852103 -0.01043975 -0.9982316 0.05500435 -0.0219419 -0.998245 0.05661529 0.008280158 -0.9983618 0.05727612 0.01706326 -0.9982126 0.05469214 0.02529996 -0.9981827 0.04521226 0.06057983 -0.9971389 0.05591499 0.04180866 -0.9975598 0.03763794 0.1090968 -0.9933183 0.07650125 0.0607773 -0.9952155 0.03017807 0.1317578 -0.9908226 0.08797633 0.05877828 -0.9943869 0.08246463 0.1344186 -0.9874874 0.1263074 0.05558818 -0.9904324 0.1248186 0.1256784 -0.9841876 0.1550145 0.03847026 -0.9871629 0.162245 0.1071128 -0.9809197 0.1778652 0.01414233 -0.9839533 0.1944417 0.08151465 -0.9775214 0.2937794 0.475216 -0.8293753 0.5097051 0.0435701 -0.8592453 0.4326199 0.3754073 -0.8197009 0.5184745 -0.02224665 -0.8548037 0.5331801 0.2810083 -0.7979683 0.5555701 0 -0.8314697 0.1950898 0 -0.9807854 0.195091 0 -0.9807851 0.5555701 0 0.8314697 0.19509 0 0.9807854 0.1950908 0 0.9807852 0.2134423 -0.09755969 0.9720723 0.1950716 0.01417469 0.9806866 0.5551608 -0.03838604 0.8308569 0.4335595 0.3965148 0.8091984 0.5096672 0.03615868 0.8596116 0.3204385 0.4571295 0.8296697 0.4614021 0.09661746 0.8819145 0.2256039 0.4428116 0.8677677 0.3537901 0.130489 0.9261777 0.3745236 0.1084983 0.9208475 0.1511257 0.3169893 0.9363113 0.2194363 0.09749406 0.9707433 0.131391 0.2122324 0.968346 0.2363685 0.06008261 0.9698042 0.1332151 0.1795774 0.9746825 0.2097796 0.04292041 0.9768063 0.1493358 0.1224858 0.9811708 0.1833584 0.03088313 0.9825609 0.1600549 0.08193778 0.9837015 0.17888 0.01587247 0.9837428 0.1689523 0.03501385 0.9850022 0.1664012 -0.01291918 0.9859736 0.1771926 -0.0450195 0.983146 0.2238054 -0.08599573 0.9708326 0.2121488 -0.1225653 0.9695208 0.1833793 -0.3034523 0.9350341 0.3527631 -0.1323156 0.9263104 0.2258613 -0.3989198 0.8887349 0.3964936 -0.1095493 0.9114779 0.3462511 -0.3723018 0.8611049 0.1678729 0.08851855 0.9818265 0.1754267 0.03974354 0.98369 0.1355775 0.109568 0.9846897 0.1508582 0.06138604 0.9866476 0.09420102 0.125242 0.9876441 0.1188682 0.07787394 0.9898515 0.02411192 0.1331718 0.9907996 0.07987958 0.06365388 0.9947701 0.02129739 0.1317642 0.9910523 0.07850641 0.06078046 0.995059 0.01035749 0.1204518 0.9926651 0.06528788 0.04124391 0.9970138 0.02806758 0.09040004 0.99551 0.06213289 0.02945637 0.9976332 0.04176753 0.06363302 0.9970991 0.05823665 0.01906198 0.9981209 0.04913151 0.04315018 0.9978598 0.05853909 0.01044297 0.9982305 0.05500531 0.02194231 0.998245 0.0565871 -0.008277714 0.9983634 0.05727738 -0.01706361 0.9982125 0.05469292 -0.02530038 0.9981827 0.04521226 -0.06057983 0.9971389 0.05591404 -0.041808 0.9975599 0.0376327 -0.1090958 0.9933186 0.07650995 -0.06077837 0.9952147 0.03017896 -0.1317617 0.990822 0.08797651 -0.0587784 0.9943869 0.08246427 -0.1344181 0.9874875 0.1263074 -0.05558812 0.9904325 0.1248182 -0.125678 0.9841877 0.1550149 -0.03847038 0.9871629 0.1622439 -0.1071121 0.98092 0.1778655 -0.01414233 0.9839532 0.1944417 -0.08151465 0.9775214 0.2937841 -0.4752237 0.8293694 0.509705 -0.04357004 0.8592454 0.4326438 -0.3752275 0.8197705 0.5184719 0.02224653 0.8548053 0.5331885 -0.2810143 0.7979606 0.6087614 0 0.7933533 0.555265 0.03320401 0.8310105 0.4422864 0 0.8968739 0.3214389 0 0.9469304 0.1949827 0.03320294 0.9802445 0.1305265 0 0.9914449 0.09725189 0 0.9952599 0.180788 -0.1590424 0.9705778 0.1690004 -0.9058206 0.3884947 0.1825772 -0.07744729 0.9801365 0.2079391 -0.1001342 0.9730029 0.4308898 -0.05554157 0.9006938 0.5857523 -0.1701501 0.7924289 0.5901157 -0.148217 0.7935965 0.7739285 -0.1033492 0.6247829 0.2149813 -0.3164955 0.9239121 0.2312234 -0.3383442 0.9121726 0.2044788 -0.4039379 0.8916405 0.2223742 -0.5045934 0.8342274 0.1911949 -0.4845895 0.853591 0.2312084 -0.6325439 0.7392097 0.1778398 -0.614785 0.768383 0.2382026 -0.7500801 0.6169598 0.1732465 -0.7354246 0.655085 0.2445748 -0.8349336 0.4930203 0.1913044 -0.8283153 0.5265895 0.220772 -0.8848992 0.4101382 0.2547179 -0.9063423 0.3371384 0.274548 -0.9424188 0.190972 0.1558043 -0.9588564 0.2373175 0.497673 -0.7927328 0.3519893 0.2135045 -0.2134671 0.9533351 0.2038149 -0.2025707 0.9578229 0.5900513 -0.1483687 0.7936159 0.5985904 -0.2474287 0.7618849 0.5791131 -0.2336432 0.7810499 0.600045 -0.3465684 0.7209968 0.576549 -0.3303689 0.7472937 0.6041982 -0.4339121 0.66833 0.5659909 -0.4245116 0.7067137 0.6071932 -0.5165674 0.6037172 0.5628976 -0.5131196 0.6479619 0.6135813 -0.5839218 0.5315575 0.5580347 -0.5938915 0.5795604 0.6171541 -0.6377971 0.4607989 0.5651314 -0.6499857 0.5080798 0.5821595 -0.6570695 0.4789052 0.6510329 -0.6080952 0.4542868 0.81689 -0.2080633 0.5379596 0.8475324 -0.1101386 0.5191902 0.8749542 -0.2372813 0.4220817 0.8692788 -0.1299189 0.476944 0.8562963 -0.1131789 0.5039317 0.8682991 -0.1577152 0.4703008 0.8461828 -0.1489856 0.5116426 0.8628587 -0.1862184 0.4698912 0.8389018 -0.1836952 0.5123474 0.8567375 -0.2085911 0.4716892 0.8311659 -0.216633 0.5120874 0.8486096 -0.229607 0.4765948 0.8274262 -0.237681 0.5087963 0.8415706 -0.2430573 0.4823714 0.8227083 -0.2588083 0.5061318 0.0762214 -0.4409984 0.8942654 0.1959414 -0.9648741 0.1750004 0.1575523 -0.9806497 0.1162048 0.1356139 -0.9806504 0.1411873 0.1356154 -0.9806494 0.1411931 0.1097642 -0.9806499 0.162104 0.1097637 -0.98065 0.162104 0.08074635 -0.9806499 0.1783423 0.08074504 -0.98065 0.1783427 0.04939842 -0.98065 0.1894341 0.04939854 -0.9806495 0.1894373 0.4910423 -0.792284 0.3621653 0.016626 -0.9806501 0.1950613 0.016626 -0.9806499 0.1950629 0.03767073 -0.8962352 0.4419768 0.4588885 -0.8297606 0.3176773 0.3858187 -0.8305388 0.4016832 0.3858162 -0.8305405 0.401682 0.312271 -0.8305411 0.4611814 0.3122732 -0.8305371 0.4611872 0.229718 -0.8305405 0.5073779 0.2297192 -0.8305377 0.5073817 0.1405363 -0.8305379 0.53894 0.140536 -0.8305413 0.5389348 0.03071832 -0.8297635 0.5572692 0.05181735 -0.7922866 0.6079449 0.6544011 -0.6082595 0.4491988 0.6698948 -0.5541875 0.4940822 0.576617 -0.5541805 0.6003306 0.5766214 -0.5541768 0.60033 0.4667012 -0.5541818 0.6892551 0.4667043 -0.5541766 0.6892572 0.3433215 -0.5541762 0.7583002 0.3433231 -0.5541787 0.7582976 0.2100355 -0.554182 0.8054611 0.2100372 -0.5541803 0.8054618 0.07069158 -0.5541796 0.8293899 0.04054439 -0.6082633 0.7926992 0.7775496 -0.2579422 0.5734827 0.7678698 -0.19487 0.6102473 0.7037449 -0.1948509 0.6832103 0.6852639 -0.1463282 0.7134433 0.6431651 -0.1949743 0.7404889 0.5499756 -0.1944159 0.8122373 0.5499734 -0.1944133 0.8122393 0.4045823 -0.1944119 0.8935979 0.4045792 -0.1944134 0.893599 0.285236 -0.1948981 0.9384323 0.2496635 -0.1449062 0.9574291 0.2045081 -0.1949387 0.9592578 0.08330595 -0.194413 0.9773759 0.08330488 -0.1944124 0.9773762 0 -0.9807851 0.1950915 0 -0.9807852 0.1950909 0 -0.8968741 0.4422861 0 -0.8968747 0.4422848 0 -0.7933512 0.6087644 0 -0.7933537 0.608761 0 -0.6087582 0.7933558 0 -0.6087662 0.7933498 0 -0.442287 0.8968737 0 -0.4422848 0.8968746 0 -0.1950907 0.9807853 0 -0.1950908 0.9807853 0.1172605 -0.4392253 -0.8906913 0.1280592 -0.1934871 0.9727095 0.5496034 -0.2860713 -0.78492 0.5972617 -0.1934725 -0.7783616 0.4145569 -0.1943732 -0.889023 0.369848 -0.256839 -0.8928864 0.2949366 -0.1949102 -0.9354264 0.1280602 -0.1934856 -0.9727097 0.1280592 -0.1934837 -0.9727101 0.6626335 -0.1949072 -0.7231376 0.7783617 -0.1934795 -0.5972594 0.7783632 -0.1934884 -0.5972547 0.9064216 -0.1934797 -0.375454 0.9064198 -0.1934925 -0.3754515 0.9575704 -0.1949107 -0.2122943 0.9581825 -0.2568527 -0.1261467 0.9771947 -0.1943734 -0.085496 0.9727084 -0.1934922 0.1280594 0.9545617 -0.286072 0.08351582 0.9575706 -0.1949097 0.2122943 0.906422 -0.1934798 0.3754529 0.9064189 -0.1934967 0.3754518 0.77836 -0.1934896 0.5972583 0.7783644 -0.1934813 0.5972554 0.6626345 -0.1949036 0.7231377 0.588342 -0.256839 0.7667382 0.5626361 -0.1943653 0.8035314 0.3754545 -0.1934834 0.9064205 0.4049569 -0.2860646 0.8684336 0.2949364 -0.19491 0.9354265 0.07988882 -0.790817 -0.6068166 0.1038812 -0.6054636 -0.7890643 0.1281681 -0.5533574 -0.823024 0.3190299 -0.5522716 -0.7702051 0.319027 -0.5522743 -0.7702045 0.5075014 -0.55228 -0.6613843 0.5075052 -0.5522608 -0.6613973 0.6613987 -0.5522571 -0.5075076 0.6613881 -0.5522759 -0.5075008 0.77021 -0.5522639 -0.3190316 0.7702032 -0.5522762 -0.3190267 0.8265421 -0.5522566 -0.108816 0.8265264 -0.5522795 -0.1088182 0.8265324 -0.5522714 0.1088154 0.8265343 -0.5522677 0.1088193 0.77021 -0.552264 0.3190317 0.7702081 -0.5522683 0.3190287 0.6613948 -0.5522645 0.5075047 0.6613933 -0.5522661 0.5075048 0.5075044 -0.5522726 0.6613882 0.5075026 -0.5522665 0.6613946 0.319029 -0.5522753 0.7702029 0.3190274 -0.5522722 0.7702059 0.02567559 -0.9804617 -0.1950269 0.05812978 -0.8953591 -0.441535 0.1280603 -0.193482 0.9727103 0.1172603 -0.4392285 0.8906898 0.1281687 -0.5533559 0.8230249 0.1038812 -0.6054636 0.7890643 0.07988893 -0.7908163 0.6068176 0.09462112 -0.8303984 -0.5490768 0.2138708 -0.8292533 -0.5163316 0.2138704 -0.8292555 -0.5163283 0.3402161 -0.829257 -0.4433803 0.3402185 -0.8292567 -0.4433788 0.4433832 -0.8292547 -0.3402177 0.443383 -0.8292527 -0.3402228 0.5163353 -0.8292506 -0.213872 0.516335 -0.8292512 -0.213871 0.5540959 -0.8292504 -0.07295 0.5540854 -0.8292576 -0.07294732 0.5540959 -0.8292505 0.07295 0.554087 -0.8292566 0.0729475 0.5163353 -0.8292506 0.213872 0.5163364 -0.8292502 0.2138716 0.443387 -0.8292503 0.3402234 0.4433763 -0.8292591 0.3402161 0.3402162 -0.8292568 0.4433802 0.3402167 -0.829259 0.4433758 0.2138704 -0.8292562 0.516327 0.2138711 -0.8292532 0.5163316 0.09462064 -0.8303988 0.5490765 0.05812978 -0.8953591 0.441535 0.02567583 -0.9804621 -0.1950254 0.07527726 -0.980462 -0.1817353 0.07527685 -0.9804612 -0.1817391 0.1197508 -0.9804611 -0.1560639 0.1197507 -0.9804613 -0.1560618 0.1560586 -0.9804623 -0.1197482 0.1560595 -0.980462 -0.1197488 0.1817362 -0.9804617 -0.07527858 0.1817355 -0.980462 -0.07527726 0.1950296 -0.9804613 -0.02567559 0.1950222 -0.9804627 -0.02567678 0.1950247 -0.9804622 0.02567654 0.1950268 -0.9804618 0.02567553 0.181734 -0.9804621 0.07527762 0.1817364 -0.9804618 0.07527762 0.1560586 -0.9804623 0.1197482 0.1560589 -0.9804621 0.1197484 0.1197508 -0.9804611 0.1560639 0.1197499 -0.9804617 0.1560607 0.07527726 -0.9804614 0.1817384 0.07527691 -0.9804618 0.1817365 0.02567559 -0.9804624 0.1950239 0.02567577 -0.9804615 0.1950281 0 -0.9807852 -0.1950909 0 -0.9807851 -0.1950915 0 -0.8968747 -0.4422848 0 -0.8968741 -0.4422861 0 -0.7933516 -0.6087638 0 -0.7933533 -0.6087615 0 -0.6087597 -0.7933548 0 -0.6087648 -0.7933508 0 -0.4422884 -0.8968729 0 -0.4422835 -0.8968754 0 -0.1950914 -0.9807851 0 -0.1950901 -0.9807853 0.2089978 -0.9656909 -0.1541463 0.016626 -0.9806501 -0.1950613 0.016626 -0.9806495 -0.1950648 0.08330535 -0.1944119 -0.9773762 0.07622134 -0.4409999 -0.8942647 0.05301201 -0.5533959 -0.8312298 0.06746542 -0.6073728 -0.7915471 0.04730057 -0.8305399 -0.5549472 0.02722716 -0.7930582 -0.6085372 0.03767073 -0.8962352 -0.4419768 0.08074569 -0.9806494 -0.1783453 0.08074587 -0.98065 -0.178342 0.2297186 -0.8305391 -0.5073797 0.2297184 -0.8305386 -0.5073806 0.343321 -0.5541778 -0.7582992 0.3433227 -0.554178 -0.7582984 0.1097643 -0.9806498 -0.1621047 0.1097634 -0.9806497 -0.1621055 0.3122722 -0.8305369 -0.4611884 0.3122728 -0.8305394 -0.4611834 0.4667029 -0.5541824 -0.6892535 0.4667028 -0.5541765 -0.6892582 0.1356143 -0.9806496 -0.141192 0.1356153 -0.9806497 -0.1411906 0.3858162 -0.8305424 -0.4016783 0.3858181 -0.8305375 -0.4016864 0.5766177 -0.5541765 -0.6003338 0.5766203 -0.5541782 -0.6003295 0.2893754 -0.09926599 -0.9520547 0.2045083 -0.1949388 -0.9592577 0.08330547 -0.1944124 -0.9773761 0.04939854 -0.9806492 -0.1894388 0.04939854 -0.9806498 -0.189436 0.1405361 -0.8305385 -0.5389393 0.1405365 -0.8305392 -0.5389381 0.2100362 -0.5541803 -0.805462 0.2100361 -0.5541815 -0.8054612 0.2475138 -0.1944109 -0.9491794 0.4045797 -0.1944206 -0.8935973 0.4045802 -0.1944089 -0.8935995 0.5499761 -0.1944112 -0.812238 0.5499733 -0.1944139 -0.8122392 0.6795027 -0.1944158 -0.7074452 0.7130267 -0.1114712 -0.6922191 0.6431654 -0.1949759 -0.7404881 0.1355583 -0.9806485 -0.1412537 0.5044074 -0.7930573 -0.3415166 0.4482368 -0.8305361 -0.3305957 0.6393303 -0.6073757 -0.4715418 0.6807147 -0.553399 -0.4799761 0.7614958 -0.2572805 -0.594921 0.7894271 -0.1944208 -0.5822417 0.2133851 -0.2284983 -0.9498713 0.51381 -0.7933153 -0.3265733 0.8732926 -0.1484494 -0.464029 0.80207 -0.1463097 -0.5790314 0.8009243 -0.136849 -0.5829176 0.4909306 -0.0808345 -0.8674405 0.6077057 -0.2389975 -0.7573467 0.6238172 -0.1599953 -0.7650187 0.3302829 -0.08948677 -0.9396304 0.2058072 -0.1109327 -0.9722846 0.1823139 -0.09393876 -0.9787427 0.2245104 -0.9658986 -0.1289772 0.863249 -0.09692955 -0.4953845 0.8648509 -0.1046425 -0.491002 0.8635724 -0.1381011 -0.4849441 0.8610566 -0.1288068 -0.4919252 0.8572033 -0.1720417 -0.4853907 0.8515605 -0.1594032 -0.4994351 0.8557497 -0.1951133 -0.4791904 0.8466021 -0.1798303 -0.5009252 0.8489746 -0.2208033 -0.4800917 0.8369507 -0.2095705 -0.5055629 0.846478 -0.234294 -0.4781019 0.8322473 -0.2255097 -0.506468 0.8397707 -0.2518455 -0.480998 0.8255159 -0.2493857 -0.5062906 0.8360262 -0.2587377 -0.4838543 0.5474503 0.05141925 -0.8352571 0.5975064 -0.2422 -0.7644117 0.5827476 -0.2693099 -0.7667317 0.5946958 -0.3277771 -0.7340975 0.5858845 -0.3602979 -0.725896 0.5973177 -0.4034759 -0.6931226 0.5783035 -0.4484482 -0.6815125 0.5913798 -0.4775293 -0.6497966 0.5858126 -0.5181046 -0.6232104 0.5965442 -0.5360876 -0.5972815 0.5800895 -0.5882099 -0.5634762 0.5904988 -0.597904 -0.5420535 0.5927754 -0.6343699 -0.4961777 0.6001186 -0.6388257 -0.481414 0.5911178 -0.6852511 -0.4254537 0.5967946 -0.6862883 -0.415746 0.5301905 -0.5908201 -0.6081362 0.2193186 -0.950886 -0.2184378 0.1964045 -0.9460737 -0.2576236 0.2339394 -0.9083592 -0.3466352 0.2083822 -0.8935512 -0.3976721 0.2180582 -0.8586591 -0.4638482 0.1897736 -0.8315047 -0.5220979 0.2280625 -0.7846055 -0.5765256 0.2017011 -0.7412749 -0.6401783 0.2172665 -0.7022241 -0.6779947 0.1903715 -0.6410245 -0.7435364 0.223207 -0.6005308 -0.7678162 0.2012628 -0.5187478 -0.8308996 0.2162536 -0.4884093 -0.8453938 0.2020245 -0.4158326 -0.8867183 0.2320955 -0.3602703 -0.9035138 0.2142883 -0.3286612 -0.9198166 0.2050072 -0.2426552 -0.9482039 0.180788 -0.1590439 -0.9705776 0.09725189 0 -0.9952599 0.1302724 0.0621488 -0.9895285 0.3093848 -0.05541795 -0.9493208 0.03267568 0.9450038 -0.3254232 0.4200545 0.2796328 -0.8633422 0.3082322 0.1025854 -0.9457638 0.655825 0.02896171 -0.7543573 0.1292006 0.1420037 -0.9813981 0.08916467 0.1328995 -0.9871107 0.1476486 0.3131672 -0.9381504 0.2336632 0.3713421 -0.8986138 0.0770148 0.506606 -0.8587311 0.1747282 0.6197503 -0.7651011 0.2382301 0.6411541 -0.7294985 0.0849049 0.7949613 -0.6006894 0.3012392 0.8784413 -0.3709391 0.3340259 0.297775 -0.8942912 0.4745122 0.4579841 -0.7517238 0.3502307 0.5225728 -0.7773393 0.533533 0.6049187 -0.5911143 0.3980662 0.7003952 -0.592444 0.4355695 0.1025009 -0.8943002 0.3354987 0.02202826 -0.9417831 0.6171813 0.0759226 -0.7831495 0.62441 0.1000115 -0.7746677 0.6020284 0.107331 -0.791228 0.6507107 0.1632031 -0.7415797 0.6205269 0.189279 -0.7609993 0.6838845 0.2181615 -0.6962096 0.6544792 0.2586176 -0.7104745 0.6935186 0.1950911 -0.6935211 0.6637662 0.2587262 -0.7017657 0.6341866 0.442289 -0.6341829 0.5609813 0.6087667 -0.5609841 0.4743172 0.7066519 -0.5250393 0.4304589 0.793352 -0.4304625 0.3127416 0.8968762 -0.3127393 0.1639465 0.9655777 -0.2019441 0.1379493 0.9807853 -0.1379505 0.02567583 0.9804611 -0.1950307 0.1197488 0.980462 -0.1560598 0.1197509 0.9804611 -0.1560631 0.5320906 0.5501748 -0.6435738 0.4844911 0.6054708 -0.6314059 0.3402208 0.8292521 -0.4433857 0.4000629 0.7926418 -0.4600749 0.2711108 0.895358 -0.353317 0.07527792 0.9804618 -0.1817358 0.07527703 0.9804622 -0.181734 0.2138698 0.829257 -0.5163261 0.2138714 0.8292551 -0.5163286 0.3190305 0.5522708 -0.7702056 0.3190293 0.5522761 -0.7702023 0.02567571 0.9804623 -0.1950244 0.05813014 0.8953564 -0.4415404 0.04741954 0.8273825 -0.5596337 0.07988792 0.7908156 -0.6068184 0.1088138 0.5522693 -0.8265338 0.05686402 0.6077841 -0.7920638 0.1172611 0.4392411 -0.8906835 0.5972558 0.1934849 -0.7783631 0.5972586 0.1934853 -0.7783609 0.5468914 0.4392396 -0.7127262 0.4338289 0.194689 -0.8797094 0.3783112 0.1507583 -0.9133196 0.3152877 0.1946856 -0.9288117 0.1280609 0.1934832 -0.97271 0.1280583 0.1934836 -0.9727102 0 0.9807857 -0.1950885 0 0.9807851 -0.1950915 0 0.8968757 -0.4422827 0 0.8968712 -0.4422922 0 0.7933524 -0.6087628 0 0.7933552 -0.608759 0 0.6087541 -0.7933591 0 0.6087628 -0.7933524 0 0.442289 -0.8968726 0 0.4422921 -0.8968711 0 0.19509 -0.9807854 0 0.195089 -0.9807856 -0.02331387 0.9805191 -0.195036 -0.02331387 0.9805179 -0.1950415 -0.07635533 0.5514495 -0.8307065 -0.09441 0.606042 -0.78981 -0.06626427 0.8296449 -0.5543452 -0.04279804 0.7926242 -0.6082067 -0.05279576 0.8956264 -0.4416627 -0.1164394 0.1937625 -0.974114 -0.1164414 0.1937632 -0.9741135 -0.1065978 0.4397691 -0.8917623 -0.06862789 0.9805198 -0.1840413 -0.06862777 0.9805186 -0.1840481 -0.1950587 0.82964 -0.5231154 -0.1950584 0.8296425 -0.5231115 -0.2911354 0.5528441 -0.7807711 -0.2911351 0.5528461 -0.78077 -0.3427623 0.1937627 -0.9192226 -0.34276 0.1937663 -0.9192226 -0.07155305 0.9805876 0.1825604 -0.2034728 0.8301222 0.5191299 -0.3039113 0.5535542 0.775381 -0.3579795 0.1941033 0.9133316 -0.3579819 0.1941153 0.9133281 -0.2210785 0.1949113 0.9555805 -0.1619294 0.2680391 0.949702 -0.1223087 0.1947676 0.9731939 0.02076315 0.1943678 0.9807089 0.03480708 0.2315588 0.972198 0.1208227 0.1950729 0.9733183 0.2336151 0.1941115 0.9527565 0.2336167 0.1941083 0.9527567 0.3565238 0.1950063 0.9137086 0.416222 0.255993 0.8724831 0.4480378 0.1945839 0.872582 0.593512 0.194109 0.7810668 0.5583533 0.2792551 0.7811903 0.6488491 0.1950064 0.7355049 0.7398717 0.1940965 0.6441401 0.739871 0.1941116 0.6441364 0.8098183 0.1950882 0.5532948 0.8482307 0.2315562 0.4763259 0.8622295 0.1943585 0.4677445 0.935114 0.1941092 0.2964516 0.8898468 0.319534 0.325685 0.9506841 0.1949202 0.241259 0.9758533 0.1940819 0.1002132 0.9758449 0.1941239 0.1002138 0.9758475 0.1941112 -0.1002132 0.97585 0.1940982 -0.1002141 0.9506858 0.1949123 -0.2412589 0.918366 0.26803 -0.2911421 0.9210937 0.1947704 -0.3371217 0.8622295 0.1943585 -0.4677445 0.8482292 0.2315635 -0.476325 0.8098188 0.195085 -0.5532952 0.7398717 0.1940965 -0.6441401 0.7398703 0.1941129 -0.6441367 0.6488499 0.1950066 -0.7355041 0.5848628 0.2559791 -0.7696819 0.5703697 0.1945996 -0.7980034 0.4223811 0.1941023 -0.8853918 0.4385951 0.2792683 -0.8541917 0.3565231 0.1950093 -0.9137082 0.2336162 0.1941078 -0.9527569 0.2336156 0.1941101 -0.9527566 0.1208227 0.1950713 -0.9733186 0.03480714 0.2315596 -0.9721978 0.02076315 0.1943678 -0.9807089 -0.164883 0.1941061 -0.9670245 -0.1181585 0.3195534 -0.9401724 -0.221078 0.1949109 -0.9555805 -0.3579803 0.1941033 -0.9133313 -0.3579805 0.1941141 -0.913329 -0.3039099 0.5535529 0.7753825 -0.1399784 0.5535593 0.8209618 -0.1399785 0.5535527 0.8209662 0.02979761 0.5535587 0.832277 0.02979749 0.5535525 0.8322811 0.1983306 0.5535565 0.8088513 0.1983304 0.5535542 0.8088527 0.3585827 0.5535595 0.7516584 0.3585817 0.5535577 0.7516602 0.5038672 0.5535669 0.6630851 0.5038683 0.5535542 0.6630947 0.6281169 0.5535653 0.5468407 0.6281228 0.5535466 0.5468529 0.7261533 0.5535532 0.4077748 0.7261511 0.5535586 0.4077715 0.7938752 0.5535541 0.2516746 0.7938624 0.5535719 0.2516758 0.8284567 0.5535535 0.08507776 0.828445 0.5535711 0.08507633 0.8284567 0.5535534 -0.08507776 0.8284456 0.5535701 -0.08507645 0.7938752 0.5535538 -0.2516754 0.7938621 0.5535725 -0.2516754 0.7261534 0.5535531 -0.4077747 0.7261492 0.5535614 -0.4077711 0.6281272 0.5535431 -0.5468512 0.6281138 0.5535651 -0.5468445 0.503868 0.5535601 -0.66309 0.5038671 0.5535589 -0.6630916 0.3585843 0.5535542 -0.7516617 0.3585802 0.5535594 -0.7516597 0.1983289 0.5535619 -0.8088479 0.1983316 0.5535487 -0.8088563 0.02979761 0.5535574 -0.8322779 0.02979749 0.5535534 -0.8322805 -0.1399788 0.5535592 -0.8209617 -0.1399779 0.5535526 -0.8209664 -0.3039116 0.5535567 -0.7753792 -0.3039092 0.5535515 -0.7753838 -0.2034775 0.8301177 0.5191354 -0.09371852 0.8301213 0.5496504 -0.09371781 0.8301185 0.5496547 0.01995021 0.8301224 0.5572242 0.01995021 0.8301187 0.5572298 0.1327857 0.8301195 0.5415437 0.1327855 0.8301215 0.5415406 0.2400814 0.8301167 0.5032568 0.2400779 0.8301185 0.5032554 0.3373466 0.8301244 0.4439489 0.3373535 0.8301162 0.4439591 0.4205344 0.8301236 0.3661223 0.4205403 0.8301188 0.3661264 0.4861754 0.8301193 0.2730121 0.4861736 0.8301201 0.2730128 0.5315158 0.830119 0.1685038 0.5315206 0.8301156 0.1685058 0.5546694 0.830119 0.0569604 0.5546694 0.830119 0.05696016 0.5546768 0.830114 -0.05696117 0.5546646 0.8301222 -0.05695962 0.5315228 0.8301139 -0.168507 0.5315178 0.8301175 -0.1685049 0.4861751 0.8301188 -0.273014 0.4861754 0.830119 -0.2730127 0.420535 0.8301242 -0.3661205 0.4205427 0.8301157 -0.3661309 0.3373483 0.8301205 -0.443955 0.3373525 0.830118 -0.4439566 0.2400804 0.8301151 -0.5032598 0.2400788 0.8301199 -0.5032525 0.1327859 0.8301202 -0.5415427 0.1327854 0.8301217 -0.5415406 0.01995021 0.8301224 -0.5572242 0.01995027 0.8301194 -0.5572286 -0.09371811 0.8301183 -0.549655 -0.09371846 0.8301197 -0.5496526 -0.2034742 0.8301197 -0.5191333 -0.2034758 0.8301195 -0.5191332 -0.07155245 0.9805889 0.1825532 -0.03295582 0.9805883 0.1932891 -0.03295677 0.9805887 0.1932865 0.007015526 0.9805886 0.1959514 0.007015824 0.9805881 0.1959539 0.04669469 0.9805883 0.1904375 0.04669487 0.9805883 0.190437 0.08442485 0.9805887 0.17697 0.08442527 0.9805886 0.17697 0.1186298 0.9805887 0.1561176 0.1186311 0.9805883 0.1561191 0.1478846 0.9805885 0.1287492 0.1478859 0.9805885 0.1287478 0.1709654 0.9805884 0.09600692 0.1709665 0.9805884 0.09600561 0.1869094 0.9805884 0.05925554 0.1869103 0.9805883 0.05925488 0.1950548 0.9805879 0.02003014 0.1950489 0.980589 0.0200318 0.1950548 0.9805878 -0.02003121 0.1950489 0.980589 -0.02003061 0.1869063 0.9805891 -0.05925452 0.1869133 0.9805877 -0.05925577 0.1709682 0.980588 -0.09600645 0.1709638 0.9805887 -0.09600633 0.1478845 0.9805885 -0.1287492 0.1478859 0.9805884 -0.1287489 0.1186317 0.9805881 -0.1561202 0.1186292 0.980589 -0.1561163 0.08442413 0.980589 -0.1769685 0.08442562 0.9805882 -0.1769725 0.04669469 0.9805883 -0.1904375 0.04669487 0.9805878 -0.1904397 0.007015645 0.9805894 -0.1959472 0.007015705 0.9805877 -0.1959555 -0.03295624 0.9805887 -0.1932866 -0.03295648 0.9805884 -0.1932878 -0.07155311 0.9805883 -0.1825563 -0.07155245 0.9805887 -0.1825543 -0.02331399 0.980519 0.1950358 -0.02331376 0.9805184 0.195039 -0.05279576 0.8956264 0.4416627 -0.04612272 0.8283331 0.5583342 -0.07257509 0.7912632 0.6071536 -0.09890234 0.5528479 0.8273921 -0.0686286 0.9805184 0.1840486 -0.06862723 0.9805193 0.1840441 -0.1950595 0.8296384 0.5231178 -0.1950581 0.8296414 0.5231134 -0.2911354 0.5528441 0.7807711 -0.2911354 0.5528468 0.7807692 -0.3427603 0.193772 0.9192214 -0.3427618 0.1937598 0.9192234 -0.05953019 0.6076833 0.7919452 -0.1065978 0.4397691 0.8917623 -0.1164386 0.1937658 0.9741134 -0.1164423 0.1937613 0.9741138 0 0.9807861 0.1950865 0 0.9807847 0.1950935 0 0.8968772 0.4422797 0 0.8968696 0.4422953 0 0.7933552 0.608759 0 0.7933524 0.6087628 0 0.608759 0.7933552 0 0.6087579 0.7933561 0 0.4422921 0.8968711 0 0.442289 0.8968726 0 0.19509 0.9807854 0 0.195089 0.9807856 0.1197497 0.9804611 0.1560645 0.02567547 0.980462 0.1950264 0.02567613 0.9804614 0.1950285 0.1280599 0.1934832 0.9727101 0.1172611 0.4392411 0.8906835 0.07883244 0.5501753 0.8313199 0.1038812 0.6054669 0.7890619 0.0729466 0.8292516 0.5540945 0.04243463 0.7926414 0.6082096 0.05813014 0.8953564 0.4415404 0.1197497 0.980462 0.1560593 0.2711108 0.895358 0.353317 0.3621897 0.8273813 0.4292538 0.3725948 0.7908174 0.4855729 0.5075017 0.5522738 0.6613893 0.51987 0.6077767 0.6002855 0.5468914 0.4392396 0.7127262 0.4398367 0.1052649 0.8918874 0.3152875 0.1946855 0.9288118 0.1280593 0.1934835 0.9727101 0.0752772 0.9804617 0.1817371 0.07527703 0.9804621 0.1817349 0.2138712 0.8292546 0.5163294 0.2138715 0.8292554 0.5163279 0.3190294 0.5522695 0.7702069 0.3190308 0.5522743 0.770203 0.3754525 0.193488 0.9064204 0.5972595 0.1934814 0.7783612 0.5972558 0.1934893 0.778362 0.6935186 0.1950911 0.6935211 0.663766 0.2587262 0.701766 0.6341866 0.442289 0.6341829 0.5609835 0.6087635 0.5609853 0.4743177 0.7066515 0.5250394 0.1379487 0.9807858 0.1379474 0.1639465 0.9655777 0.2019441 0.3127416 0.8968762 0.3127393 0.4304607 0.793348 0.430468 0.6630252 0.2034105 0.7204316 0.597657 0.04655468 0.8003991 0.6092826 0.05744153 0.79087 0.6217262 0.09190297 0.7778241 0.1291543 0.1448202 0.9809926 0.3077818 0.1162894 0.9443237 0.2070456 0.9653609 0.1587783 0.6952307 0.2587772 0.6705884 0.4838317 0.6878226 0.5411165 0.4344885 0.682527 0.5876876 0.516905 0.7068986 0.4828081 0.1659858 0.9519987 0.2571908 0.03407382 0.9240391 0.3807764 0.3837407 0.8204979 0.4237055 0.2095649 0.8325819 0.512728 0.02903747 0.7292664 0.6836135 0.3853293 0.5189192 0.7630493 0.4826343 0.5693318 0.6655263 0.6635321 0.249462 0.7053325 0.6800395 0.2506595 0.6889964 0.3317228 0.6556978 0.6782481 0.1761355 0.6158517 0.7679213 0.06825411 0.4881312 0.8700973 0.3551647 0.1145654 0.9277569 0.3592433 0.1154196 0.9260792 0.412382 0.2593634 0.8733109 0.6104695 0.115226 0.7836135 0.6384341 0.1478289 0.7553468 0.6306424 0.18655 0.7533188 0.4425989 0.4180885 0.7932895 0.3593798 0.3215216 0.8760538 0.1728116 0.4085907 0.8962086 0.08347946 0.1663368 0.9825291 0.1305304 0 0.9914444 0.07272243 0.09848082 0.9924782 0.3093848 -0.05541795 0.9493208 0.2588185 0 -0.9659261 0.3269914 0.003453433 -0.945021 0.07350403 0 -0.997295 0.9659259 0 -0.258819 0.9903945 0.006352126 -0.1381241 0.9219202 0 -0.3873799 0.7071067 0 -0.7071068 0.8344178 0.01009505 -0.5510401 0.6686863 0 -0.7435447 0.9908368 0 0.1350651 0.9659203 0.003360867 0.2588179 0.7071049 0.002120792 0.7071055 0.837339 1.86215e-5 0.5466842 0.9214152 -4.4669e-5 0.3885796 0.07316994 0 0.9973195 0.2112086 0.001863718 0.9774394 0.2588189 0.003121197 0.9659208 0.3915349 0 0.9201633 0.6686863 0 0.7435447 0.1042556 0 0.9945506 0.2761368 -0.03313755 0.9605469 0.1950899 0 0.9807854 0.5555706 0 0.8314695 0.5555715 0 0.8314688 0.5555715 0 -0.8314688 0.5555706 0 -0.8314695 0.2962516 0 -0.95511 0.1950625 -0.01742804 -0.980636 0.104217 0 -0.9945546 1 1.22864e-5 0 1 1.22864e-5 0 1 -1.77225e-6 0 1 -1.82987e-6 0 1 3.08003e-6 0 1 -1.18696e-6 0 1 1.22864e-5 0 1 -3.15315e-6 0 1 1.54001e-6 0 1 -1.84913e-6 0 1 1.67732e-6 0 1 1.53406e-6 0 1 -3.44889e-6 0 -0.9749277 0 0.2225219 -0.9749277 0 0.2225221 -0.7818315 0 0.6234899 -0.7818319 0 0.6234894 -0.4338843 0 0.9009686 -0.4338847 0 0.9009684 0.4338834 0 0.9009691 0.4338831 0 0.9009693 0.7818323 0 0.6234889 0.7818326 0 0.6234884 0.9749277 0 0.2225219 0.9749277 0 0.2225221 0.9749277 0 -0.2225219 0.9749277 0 -0.2225221 0.7818323 0 -0.6234889 0.7818326 0 -0.6234884 0.4338828 0 -0.9009694 0.4338838 0 -0.9009689 -0.433885 0 -0.9009683 -0.4338841 0 -0.9009688 -0.7818315 0 -0.6234899 -0.7818319 0 -0.6234894 -0.9749277 0 -0.2225219 -0.9749277 0 -0.2225221 0 1 -3.3539e-7 0 1 -3.35386e-7 0 1 3.35386e-7 0 1 -3.35386e-7 0 1 -5.86928e-7 0 1 6.7077e-7 0 1 3.3539e-7 0.7818325 0 0.6234886 -0.433885 0 0.9009683 -0.4338841 0 0.9009688 -0.7818316 0 0.6234896 -0.7818316 0 -0.6234896 -0.4338843 0 -0.9009686 -0.4338847 0 -0.9009684 0.7818325 0 -0.6234886 0 -1 1.67693e-7 0 -1 0</float_array>
          <technique_common>
            <accessor source="#link_1_3-mesh-normals-array" count="2626" stride="3">
              <param name="X" type="float"/>
              <param name="Y" type="float"/>
              <param name="Z" type="float"/>
            </accessor>
          </technique_common>
        </source>
        <vertices id="link_1_3-mesh-vertices">
          <input semantic="POSITION" source="#link_1_3-mesh-positions"/>
        </vertices>
        <triangles material="Material_001-material" count="2906">
          <input semantic="VERTEX" source="#link_1_3-mesh-vertices" offset="0"/>
          <input semantic="NORMAL" source="#link_1_3-mesh-normals" offset="1"/>
          <p>0 0 1 0 2 0 2 1 1 1 3 1 2 2 3 2 4 2 4 0 3 0 5 0 4 3 5 3 6 3 7 0 8 0 9 0 6 4 10 4 4 4 4 5 10 5 11 5 4 0 11 0 12 0 13 6 14 6 15 6 15 7 14 7 4 7 15 8 4 8 16 8 16 0 4 0 12 0 0 0 2 0 8 0 8 0 2 0 17 0 8 0 17 0 9 0 18 0 19 0 20 0 21 0 22 0 23 0 23 0 22 0 24 0 23 0 24 0 25 0 21 0 23 0 26 0 26 0 23 0 27 0 26 9 27 9 28 9 28 0 27 0 20 0 20 10 27 10 29 10 20 11 29 11 18 11 19 0 30 0 20 0 20 0 30 0 31 0 20 0 31 0 32 0 7 0 9 0 25 0 25 0 9 0 33 0 25 0 33 0 23 0 32 0 34 0 20 0 20 12 34 12 35 12 20 13 35 13 36 13 37 14 38 14 39 14 39 15 38 15 40 15 36 0 41 0 20 0 20 16 41 16 38 16 20 0 38 0 42 0 42 0 38 0 37 0 43 17 44 17 45 17 46 17 47 17 48 17 49 17 50 17 51 17 49 18 52 18 53 18 53 19 52 19 54 19 53 17 54 17 55 17 55 17 54 17 56 17 55 17 56 17 57 17 48 17 52 17 46 17 46 17 52 17 49 17 46 20 49 20 45 20 45 17 49 17 51 17 45 17 51 17 43 17 58 21 59 21 60 21 60 21 59 21 61 21 62 22 63 22 64 22 64 23 63 23 65 23 65 24 66 24 64 24 64 25 66 25 67 25 64 26 67 26 68 26 69 27 70 27 68 27 68 28 70 28 71 28 68 29 71 29 64 29 69 30 72 30 70 30 70 31 72 31 73 31 70 32 73 32 74 32 74 33 73 33 75 33 73 34 76 34 75 34 75 35 76 35 77 35 75 36 77 36 3 36 3 37 77 37 78 37 3 38 78 38 5 38 14 39 13 39 79 39 79 40 13 40 80 40 79 41 80 41 81 41 81 42 80 42 82 42 81 43 82 43 83 43 83 44 82 44 84 44 83 45 84 45 85 45 85 46 84 46 86 46 85 47 86 47 87 47 86 48 88 48 87 48 87 49 88 49 89 49 87 50 89 50 90 50 90 51 89 51 91 51 90 52 91 52 92 52 45 53 44 53 93 53 93 54 44 54 90 54 93 55 90 55 94 55 94 56 90 56 92 56 63 57 62 57 95 57 96 57 97 57 98 57 95 57 96 57 63 57 63 57 96 57 98 57 63 58 98 58 99 58 99 59 98 59 100 59 99 60 100 60 101 60 102 57 103 57 101 57 101 57 103 57 104 57 101 61 104 61 99 61 99 62 104 62 105 62 99 57 105 57 106 57 106 57 105 57 107 57 108 63 109 63 110 63 109 64 108 64 111 64 112 64 113 64 114 64 114 64 113 64 115 64 114 65 115 65 116 65 117 64 118 64 114 64 114 66 118 66 119 66 114 67 119 67 112 67 108 64 120 64 111 64 111 68 120 68 114 68 111 69 114 69 121 69 121 70 114 70 116 70 110 64 122 64 108 64 108 64 122 64 123 64 108 64 123 64 124 64 124 64 123 64 125 64 123 71 126 71 125 71 125 64 126 64 127 64 125 64 127 64 128 64 128 64 127 64 129 64 128 64 129 64 130 64 130 64 129 64 131 64 131 64 132 64 130 64 130 64 132 64 133 64 130 64 133 64 134 64 134 64 135 64 130 64 130 72 135 72 136 72 130 64 136 64 137 64 138 64 136 64 139 64 139 64 136 64 140 64 138 73 141 73 136 73 136 74 141 74 142 74 136 75 142 75 137 75 143 21 144 21 145 21 145 21 144 21 146 21 147 76 148 76 149 76 149 77 148 77 150 77 149 78 150 78 151 78 151 79 150 79 152 79 151 80 152 80 153 80 153 81 152 81 154 81 153 82 154 82 155 82 155 83 154 83 156 83 155 84 156 84 111 84 111 85 156 85 157 85 111 86 157 86 109 86 158 87 159 87 160 87 104 88 103 88 161 88 161 89 103 89 158 89 161 90 158 90 162 90 162 91 158 91 160 91 149 92 163 92 147 92 147 93 163 93 164 93 147 94 164 94 165 94 165 95 164 95 159 95 165 96 159 96 166 96 166 97 159 97 158 97 167 98 168 98 169 98 169 99 168 99 170 99 169 100 170 100 171 100 171 101 170 101 172 101 56 102 54 102 170 102 170 103 54 103 173 103 170 104 173 104 172 104 174 105 175 105 176 105 176 106 175 106 177 106 176 107 177 107 178 107 167 108 169 108 177 108 177 109 169 109 179 109 177 110 179 110 178 110 180 111 181 111 182 111 174 112 176 112 182 112 182 113 176 113 183 113 182 114 183 114 180 114 117 115 184 115 118 115 118 116 184 116 185 116 181 117 180 117 185 117 185 118 180 118 186 118 185 119 186 119 118 119 106 120 107 120 187 120 187 121 107 121 188 121 187 122 188 122 189 122 189 123 188 123 190 123 189 124 190 124 191 124 191 125 190 125 192 125 191 126 192 126 193 126 193 127 192 127 194 127 193 128 194 128 195 128 195 129 194 129 196 129 195 130 196 130 197 130 197 131 196 131 198 131 197 132 198 132 199 132 199 133 198 133 200 133 199 134 200 134 201 134 201 134 200 134 202 134 201 135 202 135 203 135 203 136 202 136 204 136 203 137 204 137 205 137 205 137 204 137 206 137 205 138 206 138 207 138 207 139 206 139 208 139 207 140 208 140 209 140 209 140 208 140 210 140 209 141 210 141 211 141 211 141 210 141 212 141 211 142 212 142 213 142 213 143 212 143 214 143 213 144 214 144 215 144 215 145 214 145 216 145 215 146 216 146 217 146 217 147 216 147 218 147 217 148 218 148 219 148 219 149 218 149 220 149 219 150 220 150 221 150 221 150 220 150 222 150 221 151 222 151 223 151 223 151 222 151 224 151 223 152 224 152 225 152 225 153 224 153 226 153 225 154 226 154 227 154 227 154 226 154 228 154 227 155 228 155 229 155 229 156 228 156 230 156 229 157 230 157 231 157 231 157 230 157 232 157 231 158 232 158 233 158 233 159 232 159 234 159 233 160 234 160 235 160 235 161 234 161 236 161 235 162 236 162 237 162 237 163 236 163 238 163 237 164 238 164 239 164 239 165 238 165 240 165 239 166 240 166 241 166 241 167 240 167 242 167 241 168 242 168 243 168 243 169 242 169 244 169 243 170 244 170 47 170 47 171 244 171 48 171 245 64 246 64 247 64 248 172 249 172 250 172 245 64 247 64 251 64 251 173 247 173 146 173 251 64 146 64 144 64 252 174 253 174 254 174 254 175 253 175 255 175 256 64 257 64 258 64 259 64 260 64 261 64 261 176 260 176 262 176 261 177 262 177 263 177 246 64 253 64 247 64 247 178 253 178 252 178 247 64 252 64 264 64 264 179 252 179 265 179 266 180 267 180 268 180 268 181 267 181 269 181 268 64 269 64 258 64 258 64 269 64 270 64 258 182 270 182 256 182 262 64 271 64 263 64 263 64 271 64 272 64 263 64 272 64 273 64 259 183 261 183 250 183 250 64 261 64 274 64 250 184 274 184 275 184 256 64 276 64 257 64 257 185 276 185 277 185 257 64 277 64 255 64 255 186 277 186 278 186 255 187 278 187 254 187 272 188 279 188 273 188 273 64 279 64 280 64 273 64 280 64 268 64 268 189 280 189 281 189 268 190 281 190 266 190 248 64 250 64 282 64 282 191 250 191 275 191 282 64 275 64 144 64 144 64 275 64 283 64 144 192 283 192 251 192 284 193 285 193 286 193 287 194 288 194 289 194 289 0 288 0 290 0 284 0 286 0 291 0 285 195 284 195 292 195 292 196 284 196 293 196 292 197 293 197 294 197 288 0 295 0 290 0 290 198 295 198 296 198 290 199 296 199 297 199 298 0 299 0 300 0 300 200 299 200 291 200 300 0 291 0 301 0 301 201 291 201 286 201 298 0 302 0 299 0 299 202 302 202 303 202 299 0 303 0 289 0 289 203 303 203 304 203 289 0 304 0 287 0 59 0 305 0 306 0 305 0 307 0 306 0 306 204 307 204 308 204 306 0 308 0 309 0 309 205 308 205 310 205 309 0 310 0 293 0 293 0 310 0 311 0 293 206 311 206 294 206 306 0 312 0 59 0 59 207 312 207 313 207 59 0 313 0 61 0 61 208 313 208 314 208 61 0 314 0 315 0 315 209 314 209 316 209 315 0 316 0 317 0 296 210 318 210 297 210 297 211 318 211 319 211 297 212 319 212 320 212 320 0 319 0 321 0 320 213 321 213 316 213 316 214 321 214 322 214 316 215 322 215 317 215 143 216 323 216 144 216 144 217 323 217 282 217 323 218 324 218 282 218 282 219 324 219 325 219 282 220 325 220 248 220 325 221 326 221 248 221 248 222 326 222 327 222 248 223 327 223 249 223 328 224 329 224 330 224 328 225 330 225 331 225 330 226 332 226 331 226 331 227 332 227 333 227 331 228 333 228 334 228 334 229 333 229 335 229 334 230 335 230 336 230 336 231 335 231 337 231 336 232 337 232 338 232 338 233 337 233 339 233 338 234 339 234 340 234 340 235 339 235 249 235 340 236 249 236 341 236 341 237 249 237 327 237 52 238 342 238 54 238 54 239 342 239 343 239 54 240 343 240 344 240 344 241 343 241 345 241 328 242 346 242 329 242 329 243 346 243 347 243 329 244 347 244 345 244 345 245 347 245 348 245 345 246 348 246 344 246 349 247 105 247 104 247 350 248 351 248 352 248 352 249 351 249 353 249 350 250 352 250 354 250 354 251 352 251 355 251 354 252 355 252 104 252 104 253 355 253 356 253 104 254 356 254 349 254 357 255 358 255 359 255 359 256 358 256 360 256 359 257 360 257 361 257 351 258 362 258 353 258 353 259 362 259 358 259 353 260 358 260 363 260 363 261 358 261 357 261 364 262 264 262 265 262 360 263 365 263 361 263 361 264 365 264 366 264 361 265 366 265 367 265 367 266 366 266 368 266 367 267 368 267 369 267 369 268 368 268 370 268 369 269 370 269 265 269 265 270 370 270 371 270 265 271 371 271 364 271 364 272 372 272 264 272 264 273 372 273 373 273 264 274 373 274 247 274 145 275 146 275 374 275 374 276 146 276 247 276 374 277 247 277 375 277 375 278 247 278 373 278 376 279 377 279 45 279 376 280 45 280 378 280 45 281 379 281 378 281 378 282 379 282 380 282 378 283 380 283 381 283 377 284 382 284 45 284 45 285 382 285 383 285 45 286 383 286 46 286 384 287 385 287 386 287 386 288 385 288 387 288 386 289 387 289 388 289 388 290 387 290 389 290 388 291 389 291 390 291 381 292 391 292 378 292 378 293 391 293 388 293 378 294 388 294 392 294 392 295 388 295 390 295 393 296 317 296 322 296 384 297 394 297 385 297 385 298 394 298 395 298 385 299 395 299 396 299 396 300 395 300 397 300 396 301 397 301 322 301 322 302 397 302 398 302 322 303 398 303 393 303 393 304 399 304 317 304 317 305 399 305 400 305 317 306 400 306 315 306 60 307 61 307 401 307 401 308 61 308 315 308 401 309 315 309 402 309 402 310 315 310 400 310 58 311 403 311 59 311 59 312 403 312 305 312 403 313 404 313 305 313 305 314 404 314 405 314 305 315 405 315 307 315 308 316 406 316 407 316 407 317 406 317 408 317 407 318 408 318 409 318 405 319 410 319 307 319 307 320 410 320 411 320 307 321 411 321 308 321 308 322 411 322 412 322 308 323 412 323 406 323 413 324 414 324 415 324 415 325 414 325 416 325 415 326 416 326 417 326 417 327 416 327 418 327 417 328 418 328 419 328 419 329 418 329 409 329 419 330 409 330 420 330 420 331 409 331 408 331 63 332 99 332 421 332 413 333 415 333 422 333 422 334 415 334 423 334 422 335 423 335 424 335 421 336 425 336 63 336 63 337 425 337 426 337 63 338 426 338 427 338 427 339 426 339 422 339 427 340 422 340 428 340 428 341 422 341 424 341 341 342 429 342 430 342 173 343 431 343 172 343 172 344 431 344 432 344 172 345 432 345 171 345 344 346 348 346 433 346 433 347 348 347 347 347 433 348 347 348 434 348 434 349 347 349 346 349 434 350 346 350 435 350 435 351 346 351 328 351 435 352 328 352 436 352 328 353 331 353 436 353 436 354 331 354 334 354 436 355 334 355 437 355 437 356 334 356 336 356 437 357 336 357 438 357 438 358 336 358 338 358 438 359 338 359 430 359 430 360 338 360 340 360 430 361 340 361 341 361 341 362 327 362 439 362 341 363 439 363 429 363 429 364 439 364 440 364 429 365 440 365 441 365 54 366 344 366 173 366 173 367 344 367 433 367 173 368 433 368 431 368 431 369 433 369 434 369 431 370 434 370 432 370 432 371 434 371 435 371 432 372 435 372 442 372 442 373 435 373 436 373 442 374 436 374 443 374 443 375 436 375 437 375 443 376 437 376 444 376 444 377 437 377 438 377 444 378 438 378 445 378 445 379 438 379 430 379 445 380 430 380 446 380 446 381 430 381 429 381 446 382 429 382 447 382 447 383 429 383 441 383 447 384 441 384 448 384 171 385 432 385 169 385 169 386 432 386 442 386 169 387 442 387 179 387 179 388 442 388 443 388 179 389 443 389 178 389 178 390 443 390 444 390 178 391 444 391 176 391 176 392 444 392 445 392 176 393 445 393 183 393 183 394 445 394 446 394 183 395 446 395 180 395 180 396 446 396 447 396 180 397 447 397 186 397 186 398 447 398 448 398 186 399 448 399 118 399 325 400 324 400 449 400 449 401 324 401 323 401 449 402 323 402 143 402 143 403 450 403 449 403 449 404 450 404 451 404 449 405 451 405 452 405 327 406 326 406 439 406 439 407 326 407 453 407 439 408 453 408 440 408 440 409 453 409 454 409 440 410 454 410 441 410 441 411 454 411 455 411 441 412 455 412 448 412 448 413 455 413 119 413 448 414 119 414 118 414 326 415 325 415 453 415 453 416 325 416 449 416 453 417 449 417 454 417 454 418 449 418 452 418 454 419 452 419 455 419 455 420 452 420 456 420 455 421 456 421 119 421 119 422 456 422 112 422 451 423 457 423 452 423 452 424 457 424 458 424 452 425 458 425 456 425 456 426 458 426 459 426 456 427 459 427 112 427 112 428 459 428 113 428 143 429 145 429 450 429 450 429 145 429 460 429 450 430 460 430 451 430 451 431 460 431 461 431 451 432 461 432 457 432 457 433 461 433 462 433 457 434 462 434 458 434 458 435 462 435 463 435 458 436 463 436 459 436 459 437 463 437 464 437 459 438 464 438 113 438 113 438 464 438 115 438 372 439 364 439 465 439 375 440 373 440 466 440 466 441 373 441 372 441 145 442 374 442 460 442 460 443 374 443 467 443 460 444 467 444 461 444 461 445 467 445 468 445 372 446 465 446 466 446 466 447 465 447 469 447 466 448 469 448 470 448 471 449 463 449 468 449 468 450 463 450 462 450 468 451 462 451 461 451 116 452 115 452 471 452 471 453 115 453 464 453 471 454 464 454 463 454 374 455 375 455 467 455 467 456 375 456 466 456 467 457 466 457 468 457 468 458 466 458 470 458 468 459 470 459 471 459 471 460 470 460 472 460 471 461 472 461 116 461 116 462 472 462 121 462 469 463 473 463 470 463 470 464 473 464 474 464 470 465 474 465 472 465 472 466 474 466 111 466 472 467 111 467 121 467 159 468 164 468 475 468 104 469 161 469 354 469 354 470 161 470 476 470 354 471 476 471 477 471 477 472 476 472 478 472 477 473 478 473 479 473 354 474 477 474 350 474 350 475 477 475 479 475 350 476 479 476 351 476 159 477 475 477 160 477 161 478 162 478 476 478 476 479 162 479 160 479 476 480 160 480 478 480 478 481 160 481 475 481 478 482 475 482 479 482 479 483 475 483 480 483 479 484 480 484 351 484 360 485 358 485 480 485 480 486 358 486 362 486 480 487 362 487 351 487 163 488 149 488 481 488 481 489 149 489 482 489 481 490 482 490 483 490 483 491 482 491 484 491 149 492 151 492 482 492 482 493 151 493 485 493 482 494 485 494 484 494 484 495 485 495 486 495 164 496 163 496 475 496 475 497 163 497 481 497 475 498 481 498 480 498 480 499 481 499 483 499 480 500 483 500 360 500 360 501 483 501 484 501 360 502 484 502 365 502 365 503 484 503 486 503 370 504 368 504 486 504 486 505 368 505 366 505 486 506 366 506 365 506 487 507 488 507 489 507 489 508 488 508 490 508 111 509 488 509 155 509 155 510 488 510 487 510 155 511 487 511 153 511 111 512 474 512 488 512 488 513 474 513 473 513 488 514 473 514 490 514 490 515 473 515 469 515 490 516 469 516 465 516 151 517 153 517 485 517 485 518 153 518 487 518 485 519 487 519 486 519 486 520 487 520 489 520 486 521 489 521 370 521 370 522 489 522 490 522 370 523 490 523 371 523 371 524 490 524 465 524 371 525 465 525 364 525 412 526 491 526 492 526 65 527 493 527 66 527 66 528 493 528 494 528 66 529 494 529 67 529 427 530 428 530 495 530 495 531 428 531 424 531 495 532 424 532 496 532 496 533 424 533 423 533 496 534 423 534 497 534 497 535 423 535 415 535 497 536 415 536 498 536 415 537 417 537 498 537 498 538 417 538 419 538 498 539 419 539 499 539 499 540 419 540 420 540 499 541 420 541 500 541 500 542 420 542 408 542 500 543 408 543 492 543 492 544 408 544 406 544 492 545 406 545 412 545 412 546 411 546 501 546 412 547 501 547 491 547 491 548 501 548 502 548 491 549 502 549 503 549 63 550 427 550 65 550 65 551 427 551 495 551 65 552 495 552 493 552 493 553 495 553 496 553 493 554 496 554 494 554 494 555 496 555 497 555 494 556 497 556 504 556 504 557 497 557 498 557 504 558 498 558 505 558 505 559 498 559 499 559 505 560 499 560 506 560 506 561 499 561 500 561 506 562 500 562 507 562 507 563 500 563 492 563 507 564 492 564 508 564 508 565 492 565 491 565 508 566 491 566 509 566 509 567 491 567 503 567 509 568 503 568 510 568 67 569 494 569 68 569 68 570 494 570 504 570 68 571 504 571 69 571 69 572 504 572 505 572 69 573 505 573 72 573 72 574 505 574 506 574 72 575 506 575 73 575 73 576 506 576 507 576 73 577 507 577 76 577 76 578 507 578 508 578 76 579 508 579 77 579 77 580 508 580 509 580 77 581 509 581 78 581 78 582 509 582 510 582 78 583 510 583 5 583 405 584 404 584 511 584 511 585 404 585 403 585 511 586 403 586 58 586 58 587 512 587 511 587 511 588 512 588 513 588 511 589 513 589 514 589 411 590 410 590 501 590 501 591 410 591 515 591 501 592 515 592 502 592 502 593 515 593 516 593 502 594 516 594 503 594 503 595 516 595 517 595 503 596 517 596 510 596 510 597 517 597 6 597 510 598 6 598 5 598 410 599 405 599 515 599 515 600 405 600 511 600 515 601 511 601 516 601 516 602 511 602 514 602 516 603 514 603 517 603 517 604 514 604 518 604 517 605 518 605 6 605 6 606 518 606 10 606 513 607 519 607 514 607 514 608 519 608 520 608 514 609 520 609 518 609 518 610 520 610 521 610 518 611 521 611 10 611 10 612 521 612 11 612 12 613 11 613 522 613 522 614 11 614 521 614 522 615 521 615 523 615 523 616 521 616 520 616 523 617 520 617 524 617 524 618 520 618 519 618 524 619 519 619 525 619 525 619 519 619 513 619 525 620 513 620 526 620 526 621 513 621 512 621 526 622 512 622 60 622 60 623 512 623 58 623 399 624 393 624 527 624 402 625 400 625 528 625 528 626 400 626 399 626 60 627 401 627 526 627 526 628 401 628 529 628 526 629 529 629 525 629 525 630 529 630 530 630 399 631 527 631 528 631 528 632 527 632 531 632 528 633 531 633 532 633 533 634 523 634 530 634 530 635 523 635 524 635 530 636 524 636 525 636 16 637 12 637 533 637 533 638 12 638 522 638 533 639 522 639 523 639 401 640 402 640 529 640 529 641 402 641 528 641 529 642 528 642 530 642 530 643 528 643 532 643 530 644 532 644 533 644 533 645 532 645 534 645 533 646 534 646 16 646 16 647 534 647 15 647 531 648 535 648 532 648 532 649 535 649 536 649 532 650 536 650 534 650 534 651 536 651 13 651 534 652 13 652 15 652 91 653 89 653 537 653 45 654 93 654 379 654 379 655 93 655 538 655 379 656 538 656 539 656 539 657 538 657 540 657 539 658 540 658 541 658 379 659 539 659 380 659 380 660 539 660 541 660 380 661 541 661 381 661 91 662 537 662 92 662 93 663 94 663 538 663 538 664 94 664 92 664 538 665 92 665 540 665 540 666 92 666 537 666 540 667 537 667 541 667 541 668 537 668 542 668 541 669 542 669 381 669 386 670 388 670 542 670 542 671 388 671 391 671 542 672 391 672 381 672 88 673 86 673 543 673 543 674 86 674 544 674 543 675 544 675 545 675 545 676 544 676 546 676 86 677 84 677 544 677 544 678 84 678 547 678 544 679 547 679 546 679 546 680 547 680 548 680 89 681 88 681 537 681 537 682 88 682 543 682 537 683 543 683 542 683 542 684 543 684 545 684 542 685 545 685 386 685 386 686 545 686 546 686 386 687 546 687 384 687 384 688 546 688 548 688 397 689 395 689 548 689 548 690 395 690 394 690 548 691 394 691 384 691 549 692 550 692 551 692 551 693 550 693 552 693 13 694 550 694 80 694 80 695 550 695 549 695 80 696 549 696 82 696 13 697 536 697 550 697 550 698 536 698 535 698 550 699 535 699 552 699 552 700 535 700 531 700 552 701 531 701 527 701 84 702 82 702 547 702 547 703 82 703 549 703 547 704 549 704 548 704 548 705 549 705 551 705 548 706 551 706 397 706 397 707 551 707 552 707 397 708 552 708 398 708 398 709 552 709 527 709 398 710 527 710 393 710 251 711 313 711 245 711 245 711 313 711 312 711 245 712 312 712 246 712 246 713 312 713 306 713 246 714 306 714 253 714 253 715 306 715 309 715 253 17 309 17 255 17 255 17 309 17 293 17 255 716 293 716 257 716 257 717 293 717 284 717 257 718 284 718 258 718 258 719 284 719 291 719 258 720 291 720 268 720 268 720 291 720 299 720 268 721 299 721 273 721 273 721 299 721 289 721 273 722 289 722 263 722 263 723 289 723 290 723 263 724 290 724 261 724 261 725 290 725 297 725 261 57 297 57 274 57 274 57 297 57 320 57 274 726 320 726 275 726 275 727 320 727 316 727 275 728 316 728 283 728 283 729 316 729 314 729 283 730 314 730 251 730 251 730 314 730 313 730 553 731 389 731 387 731 396 732 322 732 321 732 387 733 385 733 553 733 553 734 385 734 396 734 553 735 396 735 554 735 554 736 396 736 321 736 376 737 378 737 555 737 555 738 378 738 392 738 555 739 392 739 390 739 389 740 553 740 390 740 390 741 553 741 556 741 390 742 556 742 555 742 46 743 383 743 47 743 47 744 383 744 382 744 47 745 382 745 377 745 376 746 555 746 377 746 377 747 555 747 557 747 377 748 557 748 47 748 189 749 191 749 558 749 223 750 225 750 559 750 227 751 229 751 560 751 553 752 554 752 561 752 562 753 311 753 310 753 554 754 321 754 319 754 554 755 319 755 561 755 561 756 319 756 318 756 561 757 318 757 563 757 563 758 318 758 296 758 563 759 296 759 564 759 564 760 296 760 295 760 564 761 295 761 565 761 555 762 556 762 566 762 566 763 556 763 553 763 553 764 561 764 566 764 566 765 561 765 563 765 566 766 563 766 567 766 567 767 563 767 564 767 567 768 564 768 568 768 568 769 564 769 565 769 568 770 565 770 569 770 310 771 570 771 562 771 562 772 570 772 571 772 562 773 571 773 572 773 555 774 566 774 573 774 573 775 566 775 567 775 573 776 567 776 574 776 574 777 567 777 568 777 574 778 568 778 575 778 575 779 568 779 569 779 575 780 569 780 576 780 303 781 302 781 577 781 577 782 302 782 578 782 577 783 578 783 579 783 579 784 578 784 580 784 579 785 580 785 581 785 581 786 580 786 582 786 302 787 298 787 578 787 578 788 298 788 583 788 578 789 583 789 580 789 580 790 583 790 584 790 580 791 584 791 582 791 582 792 584 792 585 792 298 793 300 793 583 793 583 794 300 794 586 794 583 795 586 795 584 795 584 796 586 796 587 796 584 797 587 797 585 797 585 798 587 798 588 798 301 799 286 799 589 799 589 800 286 800 590 800 589 801 590 801 591 801 591 802 590 802 592 802 591 803 592 803 593 803 593 804 592 804 594 804 286 805 285 805 590 805 590 806 285 806 595 806 590 807 595 807 592 807 592 808 595 808 596 808 592 809 596 809 594 809 594 810 596 810 597 810 285 811 292 811 595 811 595 812 292 812 598 812 595 813 598 813 596 813 596 814 598 814 599 814 596 815 599 815 597 815 597 816 599 816 600 816 243 817 47 817 573 817 573 818 47 818 557 818 573 819 557 819 555 819 231 820 233 820 576 820 576 821 233 821 235 821 576 822 235 822 575 822 575 823 235 823 237 823 575 824 237 824 574 824 574 825 237 825 239 825 574 826 239 826 573 826 573 827 239 827 241 827 573 828 241 828 243 828 229 829 231 829 560 829 560 830 231 830 576 830 560 831 576 831 601 831 601 832 576 832 569 832 601 833 569 833 602 833 602 834 569 834 565 834 602 835 565 835 288 835 288 836 565 836 295 836 225 837 227 837 559 837 559 838 227 838 560 838 559 839 560 839 603 839 603 840 560 840 601 840 603 841 601 841 604 841 604 842 601 842 602 842 604 843 602 843 287 843 287 844 602 844 288 844 221 845 223 845 605 845 605 846 223 846 559 846 605 847 559 847 606 847 606 848 559 848 603 848 606 849 603 849 607 849 607 850 603 850 604 850 607 851 604 851 304 851 304 852 604 852 287 852 304 853 303 853 607 853 607 854 303 854 577 854 607 855 577 855 606 855 606 856 577 856 579 856 606 857 579 857 605 857 605 858 579 858 581 858 605 859 581 859 221 859 221 860 581 860 219 860 207 861 209 861 588 861 588 862 209 862 211 862 588 863 211 863 585 863 585 864 211 864 213 864 585 865 213 865 582 865 582 866 213 866 215 866 582 867 215 867 581 867 581 868 215 868 217 868 581 869 217 869 219 869 205 870 207 870 593 870 593 871 207 871 588 871 593 872 588 872 591 872 591 873 588 873 587 873 591 874 587 874 589 874 589 875 587 875 586 875 589 876 586 876 301 876 301 877 586 877 300 877 193 878 195 878 600 878 600 879 195 879 197 879 600 880 197 880 597 880 597 881 197 881 199 881 597 882 199 882 594 882 594 883 199 883 201 883 594 884 201 884 593 884 593 885 201 885 203 885 593 886 203 886 205 886 191 887 193 887 558 887 558 888 193 888 600 888 558 889 600 889 608 889 608 890 600 890 599 890 608 891 599 891 609 891 609 892 599 892 598 892 609 893 598 893 294 893 294 894 598 894 292 894 187 895 189 895 610 895 610 896 189 896 558 896 610 897 558 897 572 897 572 898 558 898 608 898 572 899 608 899 562 899 562 900 608 900 609 900 562 901 609 901 311 901 311 902 609 902 294 902 571 903 611 903 572 903 572 904 611 904 612 904 572 905 612 905 610 905 610 906 612 906 613 906 610 907 613 907 187 907 187 908 613 908 106 908 421 909 99 909 106 909 613 910 612 910 426 910 613 911 426 911 106 911 106 912 426 912 425 912 106 913 425 913 421 913 310 914 308 914 570 914 570 915 308 915 407 915 570 916 407 916 571 916 571 917 407 917 409 917 571 918 409 918 418 918 418 919 416 919 571 919 571 920 416 920 414 920 571 921 414 921 611 921 611 922 414 922 413 922 611 923 413 923 612 923 612 924 413 924 422 924 612 925 422 925 426 925 614 926 359 926 361 926 369 927 265 927 252 927 361 928 367 928 614 928 614 929 367 929 369 929 614 930 369 930 615 930 615 931 369 931 252 931 352 932 353 932 616 932 616 933 353 933 363 933 616 934 363 934 357 934 359 935 614 935 357 935 357 936 614 936 617 936 357 937 617 937 616 937 105 938 349 938 107 938 107 939 349 939 356 939 107 940 356 940 355 940 352 941 616 941 355 941 355 942 616 942 618 942 355 943 618 943 107 943 242 944 240 944 619 944 208 945 206 945 620 945 204 946 202 946 621 946 614 947 615 947 622 947 623 948 259 948 250 948 615 949 252 949 254 949 615 950 254 950 622 950 622 951 254 951 278 951 622 952 278 952 624 952 624 953 278 953 277 953 624 954 277 954 625 954 625 955 277 955 276 955 625 956 276 956 626 956 616 957 617 957 627 957 627 958 617 958 614 958 614 959 622 959 627 959 627 960 622 960 624 960 627 961 624 961 628 961 628 962 624 962 625 962 628 963 625 963 629 963 629 964 625 964 626 964 629 965 626 965 630 965 250 966 631 966 623 966 623 967 631 967 632 967 623 968 632 968 633 968 616 969 627 969 634 969 634 970 627 970 628 970 634 971 628 971 635 971 635 972 628 972 629 972 635 973 629 973 636 973 636 974 629 974 630 974 636 975 630 975 637 975 267 976 266 976 638 976 638 977 266 977 639 977 638 978 639 978 640 978 640 979 639 979 641 979 640 980 641 980 642 980 642 981 641 981 643 981 266 982 281 982 639 982 639 983 281 983 644 983 639 984 644 984 641 984 641 985 644 985 645 985 641 986 645 986 643 986 643 987 645 987 646 987 281 988 280 988 644 988 644 989 280 989 647 989 644 990 647 990 645 990 645 991 647 991 648 991 645 992 648 992 646 992 646 993 648 993 649 993 279 994 272 994 650 994 650 995 272 995 651 995 650 996 651 996 652 996 652 997 651 997 653 997 652 998 653 998 654 998 654 999 653 999 655 999 272 1000 271 1000 651 1000 651 1001 271 1001 656 1001 651 1002 656 1002 653 1002 653 1003 656 1003 657 1003 653 1004 657 1004 655 1004 655 1005 657 1005 658 1005 271 1006 262 1006 656 1006 656 1007 262 1007 659 1007 656 1008 659 1008 657 1008 657 1009 659 1009 660 1009 657 1010 660 1010 658 1010 658 1011 660 1011 661 1011 188 1012 107 1012 634 1012 634 1013 107 1013 618 1013 634 1014 618 1014 616 1014 200 1015 198 1015 637 1015 637 1016 198 1016 196 1016 637 1017 196 1017 636 1017 636 1018 196 1018 194 1018 636 1019 194 1019 635 1019 635 1020 194 1020 192 1020 635 1021 192 1021 634 1021 634 1022 192 1022 190 1022 634 1023 190 1023 188 1023 202 1024 200 1024 621 1024 621 1025 200 1025 637 1025 621 1026 637 1026 662 1026 662 1027 637 1027 630 1027 662 1028 630 1028 663 1028 663 1029 630 1029 626 1029 663 1030 626 1030 256 1030 256 1031 626 1031 276 1031 206 1032 204 1032 620 1032 620 1033 204 1033 621 1033 620 1034 621 1034 664 1034 664 1035 621 1035 662 1035 664 1036 662 1036 665 1036 665 1037 662 1037 663 1037 665 1038 663 1038 270 1038 270 1039 663 1039 256 1039 210 1040 208 1040 666 1040 666 1041 208 1041 620 1041 666 1042 620 1042 667 1042 667 1043 620 1043 664 1043 667 1044 664 1044 668 1044 668 1045 664 1045 665 1045 668 1046 665 1046 269 1046 269 1047 665 1047 270 1047 269 1048 267 1048 668 1048 668 1049 267 1049 638 1049 668 1050 638 1050 667 1050 667 1051 638 1051 640 1051 667 1052 640 1052 666 1052 666 1053 640 1053 642 1053 666 1054 642 1054 210 1054 210 1055 642 1055 212 1055 224 1056 222 1056 649 1056 649 1057 222 1057 220 1057 649 1058 220 1058 646 1058 646 1059 220 1059 218 1059 646 1060 218 1060 643 1060 643 1061 218 1061 216 1061 643 1062 216 1062 642 1062 642 1063 216 1063 214 1063 642 1064 214 1064 212 1064 226 1065 224 1065 654 1065 654 1066 224 1066 649 1066 654 1067 649 1067 652 1067 652 1068 649 1068 648 1068 652 1069 648 1069 650 1069 650 1070 648 1070 647 1070 650 1071 647 1071 279 1071 279 1072 647 1072 280 1072 238 1073 236 1073 661 1073 661 1074 236 1074 234 1074 661 1075 234 1075 658 1075 658 1076 234 1076 232 1076 658 1077 232 1077 655 1077 655 1078 232 1078 230 1078 655 1079 230 1079 654 1079 654 1080 230 1080 228 1080 654 1081 228 1081 226 1081 240 1082 238 1082 619 1082 619 1083 238 1083 661 1083 619 1084 661 1084 669 1084 669 1085 661 1085 660 1085 669 1086 660 1086 670 1086 670 1087 660 1087 659 1087 670 1088 659 1088 260 1088 260 1089 659 1089 262 1089 244 1090 242 1090 671 1090 671 1091 242 1091 619 1091 671 1092 619 1092 633 1092 633 1093 619 1093 669 1093 633 1094 669 1094 623 1094 623 1095 669 1095 670 1095 623 1096 670 1096 259 1096 259 1097 670 1097 260 1097 632 1098 672 1098 633 1098 633 1099 672 1099 673 1099 633 1100 673 1100 671 1100 671 1101 673 1101 674 1101 671 1102 674 1102 244 1102 244 1103 674 1103 48 1103 673 1104 345 1104 674 1104 674 1105 345 1105 343 1105 674 1106 343 1106 48 1106 48 1107 343 1107 342 1107 48 1108 342 1108 52 1108 250 1109 249 1109 631 1109 631 1110 249 1110 339 1110 631 1111 339 1111 632 1111 632 1112 339 1112 337 1112 632 1113 337 1113 335 1113 335 1114 333 1114 632 1114 632 1115 333 1115 332 1115 632 1116 332 1116 672 1116 672 1117 332 1117 330 1117 672 1118 330 1118 673 1118 673 1119 330 1119 329 1119 673 1120 329 1120 345 1120 675 1121 676 1121 677 1121 677 1122 676 1122 678 1122 679 1123 680 1123 681 1123 681 1124 680 1124 682 1124 681 1125 682 1125 676 1125 676 1126 682 1126 683 1126 676 1127 683 1127 678 1127 684 1128 685 1128 686 1128 686 1129 687 1129 684 1129 684 1130 687 1130 688 1130 684 1131 688 1131 689 1131 689 1132 688 1132 690 1132 689 1133 690 1133 691 1133 691 1134 690 1134 692 1134 691 1135 692 1135 693 1135 693 1136 692 1136 694 1136 693 1137 694 1137 695 1137 696 1138 697 1138 698 1138 699 1139 700 1139 701 1139 699 1140 701 1140 702 1140 702 1141 701 1141 703 1141 702 1142 703 1142 704 1142 704 1143 703 1143 705 1143 704 1144 705 1144 706 1144 706 1145 705 1145 707 1145 706 1146 707 1146 708 1146 709 1147 710 1147 711 1147 711 1148 710 1148 712 1148 711 1149 712 1149 713 1149 709 1150 714 1150 710 1150 710 1151 714 1151 715 1151 710 1152 715 1152 716 1152 707 1153 717 1153 708 1153 708 1154 717 1154 718 1154 708 1155 718 1155 719 1155 719 1156 718 1156 720 1156 719 1157 720 1157 721 1157 721 1158 720 1158 722 1158 721 1159 722 1159 723 1159 723 1160 722 1160 724 1160 723 1161 724 1161 725 1161 725 1162 724 1162 716 1162 725 1163 716 1163 726 1163 726 1164 716 1164 715 1164 727 1165 728 1165 729 1165 729 1166 728 1166 730 1166 729 1167 730 1167 712 1167 712 1168 730 1168 731 1168 712 1169 731 1169 713 1169 732 1170 733 1170 734 1170 734 1171 733 1171 735 1171 734 1172 735 1172 727 1172 727 1173 735 1173 736 1173 727 1174 736 1174 728 1174 737 1175 738 1175 739 1175 739 1176 738 1176 740 1176 739 1177 740 1177 698 1177 698 1178 740 1178 741 1178 698 1179 741 1179 696 1179 742 1180 743 1180 737 1180 737 1181 743 1181 744 1181 737 1182 744 1182 738 1182 745 1183 746 1183 747 1183 745 1184 747 1184 748 1184 748 1185 747 1185 749 1185 748 1186 749 1186 750 1186 750 1187 749 1187 751 1187 750 1188 751 1188 752 1188 753 1189 754 1189 755 1189 755 1190 756 1190 753 1190 753 1191 756 1191 757 1191 753 1192 757 1192 742 1192 742 1193 757 1193 758 1193 742 1194 758 1194 743 1194 751 1195 759 1195 752 1195 752 1196 759 1196 760 1196 752 1197 760 1197 761 1197 761 1198 760 1198 762 1198 761 1199 762 1199 763 1199 763 1200 762 1200 764 1200 763 1201 764 1201 765 1201 765 1202 764 1202 766 1202 765 1203 766 1203 767 1203 767 1204 766 1204 768 1204 767 1205 768 1205 769 1205 769 1206 768 1206 770 1206 769 1207 770 1207 771 1207 716 1208 772 1208 710 1208 710 1209 772 1209 773 1209 710 1210 773 1210 774 1210 773 1211 775 1211 774 1211 774 1212 775 1212 776 1212 774 1213 776 1213 777 1213 776 1214 778 1214 777 1214 777 1215 778 1215 779 1215 777 1216 779 1216 780 1216 779 1217 781 1217 780 1217 780 1218 781 1218 782 1218 780 1219 782 1219 783 1219 784 1220 785 1220 786 1220 786 1221 785 1221 783 1221 786 1222 783 1222 787 1222 787 1223 783 1223 782 1223 746 1224 754 1224 747 1224 747 1225 754 1225 753 1225 747 1226 753 1226 788 1226 788 1227 753 1227 785 1227 788 1228 785 1228 789 1228 789 1229 785 1229 784 1229 790 0 791 0 792 0 792 1230 791 1230 793 1230 792 1231 793 1231 794 1231 795 0 796 0 797 0 797 0 796 0 798 0 797 0 798 0 799 0 799 0 798 0 800 0 799 0 800 0 801 0 801 1232 800 1232 802 1232 801 1233 802 1233 803 1233 803 1234 802 1234 804 1234 803 0 804 0 805 0 805 0 804 0 806 0 805 1235 806 1235 794 1235 806 1236 807 1236 794 1236 794 0 807 0 808 0 794 1237 808 1237 792 1237 792 1238 808 1238 809 1238 792 1239 809 1239 810 1239 811 0 812 0 790 0 790 1240 812 1240 813 1240 790 1241 813 1241 791 1241 791 0 813 0 814 0 791 0 814 0 815 0 815 1242 814 1242 816 1242 815 0 816 0 817 0 817 0 816 0 818 0 817 1243 818 1243 819 1243 819 0 818 0 820 0 819 1244 820 1244 821 1244 821 0 820 0 822 0 821 1245 822 1245 823 1245 823 0 822 0 824 0 823 0 824 0 795 0 795 1246 824 1246 825 1246 795 0 825 0 796 0 826 1247 827 1247 828 1247 828 1248 827 1248 829 1248 828 1249 829 1249 830 1249 831 1250 832 1250 833 1250 833 1251 832 1251 834 1251 833 1252 834 1252 829 1252 829 1253 834 1253 835 1253 829 1254 835 1254 830 1254 836 1255 837 1255 838 1255 812 1256 811 1256 836 1256 837 1257 839 1257 838 1257 838 1258 839 1258 840 1258 838 1259 840 1259 841 1259 841 1260 840 1260 842 1260 841 1261 842 1261 826 1261 826 1262 842 1262 843 1262 826 1263 843 1263 827 1263 836 1264 838 1264 812 1264 812 1265 838 1265 844 1265 812 1266 844 1266 813 1266 844 1267 845 1267 813 1267 813 1268 845 1268 846 1268 813 1269 846 1269 814 1269 847 1270 816 1270 848 1270 848 1271 816 1271 814 1271 848 1272 814 1272 849 1272 849 1273 814 1273 846 1273 850 1274 810 1274 809 1274 851 1275 852 1275 853 1275 853 1276 852 1276 854 1276 854 1277 852 1277 855 1277 854 1278 855 1278 856 1278 850 1279 809 1279 857 1279 858 1280 859 1280 860 1280 860 1281 859 1281 861 1281 860 1282 861 1282 862 1282 858 1283 860 1283 863 1283 863 1284 860 1284 864 1284 863 1285 864 1285 865 1285 853 1286 866 1286 851 1286 851 1287 866 1287 867 1287 851 1288 867 1288 864 1288 864 1289 867 1289 868 1289 864 1290 868 1290 865 1290 856 1291 857 1291 854 1291 854 1292 857 1292 809 1292 854 1293 809 1293 869 1293 869 1294 809 1294 808 1294 869 1295 808 1295 870 1295 870 1296 808 1296 871 1296 871 1297 808 1297 807 1297 871 1298 807 1298 872 1298 872 1299 807 1299 873 1299 873 1300 807 1300 806 1300 873 1301 806 1301 874 1301 771 1302 770 1302 875 1302 875 1303 770 1303 876 1303 877 1304 878 1304 879 1304 879 1305 880 1305 877 1305 877 1306 880 1306 881 1306 877 1307 881 1307 876 1307 876 1308 881 1308 882 1308 876 1309 882 1309 875 1309 883 1310 698 1310 697 1310 697 1311 884 1311 883 1311 883 1312 884 1312 885 1312 883 1313 885 1313 878 1313 878 1314 885 1314 886 1314 878 1315 886 1315 879 1315 732 1316 734 1316 887 1316 887 1317 734 1317 888 1317 889 1318 890 1318 891 1318 891 1319 892 1319 889 1319 889 1320 892 1320 893 1320 889 1321 893 1321 888 1321 888 1322 893 1322 894 1322 888 1323 894 1323 887 1323 895 1324 701 1324 700 1324 700 1325 896 1325 895 1325 895 1326 896 1326 897 1326 895 1327 897 1327 890 1327 890 1328 897 1328 898 1328 890 1329 898 1329 891 1329 899 1330 900 1330 901 1330 902 1330 903 1330 904 1330 904 1330 905 1330 902 1330 902 1331 905 1331 906 1331 902 1332 906 1332 901 1332 901 1333 906 1333 907 1333 901 1330 907 1330 899 1330 908 1330 790 1330 792 1330 905 1330 909 1330 906 1330 906 1334 909 1334 908 1334 906 1330 908 1330 910 1330 910 1335 908 1335 792 1335 911 1336 912 1336 877 1336 877 1337 912 1337 913 1337 877 1338 913 1338 878 1338 878 1339 913 1339 914 1339 878 17 914 17 915 17 916 17 917 17 877 17 877 1340 917 1340 918 1340 877 1341 918 1341 911 1341 918 17 919 17 911 17 911 17 919 17 920 17 911 17 920 17 921 17 921 1342 920 1342 922 1342 921 1343 922 1343 923 1343 923 1344 922 1344 924 1344 925 17 926 17 924 17 924 1345 926 1345 927 1345 924 1346 927 1346 923 1346 928 17 929 17 930 17 925 17 924 17 930 17 930 17 924 17 931 17 930 1347 931 1347 928 1347 889 57 932 57 933 57 934 57 935 57 889 57 889 1348 935 1348 936 1348 889 57 936 57 890 57 890 1349 936 1349 937 1349 890 57 937 57 938 57 933 57 939 57 889 57 889 57 939 57 940 57 889 57 940 57 934 57 934 57 940 57 941 57 934 57 941 57 942 57 942 1350 941 1350 943 1350 942 57 943 57 944 57 944 1351 943 1351 945 1351 946 57 947 57 945 57 945 1352 947 1352 948 1352 945 1353 948 1353 944 1353 949 57 950 57 951 57 946 57 945 57 951 57 951 57 945 57 952 57 951 1354 952 1354 949 1354 953 64 98 64 97 64 953 64 97 64 954 64 955 64 956 64 957 64 957 1355 956 1355 50 1355 957 64 50 64 49 64 958 1356 959 1356 737 1356 737 1357 959 1357 742 1357 742 64 959 64 960 64 742 64 960 64 753 64 753 64 960 64 785 64 785 1358 960 1358 961 1358 785 1359 961 1359 783 1359 783 1360 961 1360 962 1360 783 64 962 64 780 64 780 64 962 64 777 64 777 1361 962 1361 963 1361 777 1362 963 1362 774 1362 774 64 963 64 710 64 710 1363 963 1363 964 1363 710 64 964 64 712 64 712 64 964 64 965 64 712 1364 965 1364 729 1364 901 1365 966 1365 967 1365 901 64 967 64 902 64 729 64 965 64 727 64 727 64 965 64 968 64 727 64 968 64 734 64 734 1366 968 1366 969 1366 734 64 969 64 888 64 966 1367 932 1367 969 1367 969 1368 932 1368 889 1368 969 1369 889 1369 888 1369 970 1370 971 1370 681 1370 737 1371 739 1371 958 1371 958 64 739 64 698 64 958 1372 698 1372 972 1372 97 64 973 64 954 64 954 64 973 64 974 64 954 64 974 64 901 64 901 64 974 64 975 64 901 1373 975 1373 966 1373 966 1374 975 1374 976 1374 966 1375 976 1375 932 1375 698 64 883 64 972 64 972 1376 883 1376 878 1376 972 64 878 64 970 64 970 64 878 64 915 64 970 1377 915 1377 971 1377 967 64 970 64 902 64 902 1378 970 1378 681 1378 902 64 681 64 955 64 955 64 681 64 676 64 955 64 676 64 956 64 874 57 806 57 977 57 977 57 806 57 804 57 978 17 818 17 847 17 847 17 818 17 816 17 978 1379 979 1379 818 1379 818 1380 979 1380 820 1380 979 1381 980 1381 820 1381 820 1382 980 1382 981 1382 820 1383 981 1383 822 1383 981 1384 982 1384 822 1384 822 1385 982 1385 983 1385 822 1386 983 1386 824 1386 983 1387 984 1387 824 1387 824 1388 984 1388 985 1388 824 1389 985 1389 825 1389 985 1390 986 1390 825 1390 825 1391 986 1391 987 1391 825 1392 987 1392 796 1392 987 1393 988 1393 796 1393 796 1394 988 1394 989 1394 796 1395 989 1395 798 1395 989 1396 990 1396 798 1396 798 1397 990 1397 991 1397 798 1398 991 1398 800 1398 991 1399 992 1399 800 1399 800 1400 992 1400 993 1400 800 1401 993 1401 802 1401 977 1402 804 1402 994 1402 994 1403 804 1403 802 1403 994 1404 802 1404 995 1404 995 1405 802 1405 993 1405 996 1406 974 1406 997 1406 997 1407 974 1407 998 1407 996 1408 999 1408 974 1408 974 1409 999 1409 1000 1409 974 1410 1000 1410 975 1410 975 1411 1000 1411 1001 1411 975 1412 1001 1412 1002 1412 1003 1413 1004 1413 1005 1413 1005 1414 1004 1414 1006 1414 1005 1413 1006 1413 1007 1413 1007 1415 1006 1415 1008 1415 1007 1416 1008 1416 1009 1416 1009 1123 1008 1123 1010 1123 1009 1417 1010 1417 1011 1417 1011 1418 1010 1418 1012 1418 1011 1419 1012 1419 1013 1419 1013 1420 1012 1420 1014 1420 1013 1421 1014 1421 1015 1421 1016 1422 732 1422 887 1422 709 1423 711 1423 1016 1423 733 1424 1017 1424 735 1424 735 1425 1017 1425 736 1425 731 1426 730 1426 1017 1426 1017 1427 730 1427 728 1427 1017 1428 728 1428 736 1428 732 1429 1016 1429 733 1429 733 1430 1016 1430 711 1430 733 1431 711 1431 1017 1431 1017 1432 711 1432 713 1432 1017 1433 713 1433 731 1433 709 1434 1016 1434 714 1434 714 1435 1016 1435 887 1435 714 1436 887 1436 715 1436 715 1437 887 1437 894 1437 715 1438 894 1438 726 1438 726 1439 894 1439 893 1439 726 1440 893 1440 892 1440 892 1441 891 1441 726 1441 726 1442 891 1442 898 1442 726 1443 898 1443 897 1443 897 1444 896 1444 726 1444 726 1445 896 1445 1018 1445 726 1446 1018 1446 725 1446 725 1447 1018 1447 723 1447 706 1448 708 1448 1019 1448 1019 1449 708 1449 719 1449 699 1450 702 1450 1019 1450 1019 1451 702 1451 704 1451 1019 1452 704 1452 706 1452 896 1453 700 1453 1018 1453 1018 1454 700 1454 699 1454 1018 1455 699 1455 723 1455 723 1456 699 1456 1019 1456 723 1457 1019 1457 721 1457 721 1458 1019 1458 719 1458 1020 1459 771 1459 875 1459 745 1460 748 1460 1020 1460 769 1461 1021 1461 767 1461 767 1462 1021 1462 765 1462 752 1463 761 1463 1021 1463 1021 1464 761 1464 763 1464 1021 1465 763 1465 765 1465 771 1466 1020 1466 769 1466 769 1467 1020 1467 748 1467 769 1468 748 1468 1021 1468 1021 1469 748 1469 750 1469 1021 1470 750 1470 752 1470 745 1471 1020 1471 746 1471 746 1472 1020 1472 875 1472 746 1473 875 1473 754 1473 754 1474 875 1474 882 1474 754 1475 882 1475 755 1475 755 1476 882 1476 881 1476 755 1477 881 1477 880 1477 880 1478 879 1478 755 1478 755 1479 879 1479 886 1479 755 1480 886 1480 885 1480 885 1481 884 1481 755 1481 755 1482 884 1482 1022 1482 755 1483 1022 1483 756 1483 756 1484 1022 1484 757 1484 738 1485 744 1485 1023 1485 1023 1486 744 1486 743 1486 696 1487 741 1487 1023 1487 1023 1488 741 1488 740 1488 1023 1489 740 1489 738 1489 884 1490 697 1490 1022 1490 1022 1491 697 1491 696 1491 1022 1492 696 1492 757 1492 757 1493 696 1493 1023 1493 757 1494 1023 1494 758 1494 758 1495 1023 1495 743 1495 675 1496 677 1496 1024 1496 1025 1497 1013 1497 1015 1497 1026 1498 43 1498 1027 1498 1027 1499 43 1499 1025 1499 1027 1500 1025 1500 1028 1500 1028 1501 1025 1501 1015 1501 1013 1502 1025 1502 1011 1502 1011 1503 1025 1503 1029 1503 1011 1504 1029 1504 1009 1504 1009 1505 1029 1505 1007 1505 1007 1506 1029 1506 1030 1506 1007 1507 1030 1507 1005 1507 1005 1508 1030 1508 1003 1508 1003 1509 1030 1509 1031 1509 1003 1510 1031 1510 1032 1510 1033 1511 1034 1511 1035 1511 1035 1512 1034 1512 1036 1512 1035 1513 1036 1513 1031 1513 1031 1514 1036 1514 1037 1514 1031 1515 1037 1515 1032 1515 1038 1516 1035 1516 1039 1516 1039 17 1035 17 1040 17 1039 1517 1040 1517 1041 1517 1038 1518 1042 1518 1035 1518 1035 1519 1042 1519 1043 1519 1035 1520 1043 1520 1044 1520 1044 1521 1045 1521 1035 1521 1035 1522 1045 1522 1046 1522 1035 1523 1046 1523 1033 1523 1047 1524 1048 1524 680 1524 680 1525 679 1525 1047 1525 1047 1526 679 1526 1049 1526 1047 1527 1049 1527 1040 1527 1040 1528 1049 1528 1050 1528 1040 1529 1050 1529 1041 1529 1024 1530 677 1530 1051 1530 677 1531 678 1531 1051 1531 1051 1532 678 1532 683 1532 1051 1533 683 1533 1048 1533 1048 1534 683 1534 682 1534 1048 1535 682 1535 680 1535 51 1536 1052 1536 1024 1536 1024 1537 1052 1537 1053 1537 1024 1538 1053 1538 675 1538 1054 1539 96 1539 1055 1539 1055 1540 96 1540 1056 1540 1055 1541 1056 1541 998 1541 998 1542 1056 1542 997 1542 997 1543 1056 1543 996 1543 996 1544 1056 1544 1057 1544 996 1545 1057 1545 999 1545 999 1546 1057 1546 1000 1546 1000 1547 1057 1547 1058 1547 1000 1548 1058 1548 1001 1548 1001 1549 1058 1549 1002 1549 1002 1550 1058 1550 1059 1550 1002 1551 1059 1551 1060 1551 1061 1552 1062 1552 1063 1552 1063 1553 1062 1553 1064 1553 1063 1554 1064 1554 1059 1554 1059 1555 1064 1555 1065 1555 1059 1556 1065 1556 1060 1556 1066 1557 1067 1557 1063 1557 1063 1558 1067 1558 1068 1558 1068 1559 1069 1559 1063 1559 1063 1560 1069 1560 1070 1560 1063 1561 1070 1561 1061 1561 1071 1562 1072 1562 1073 1562 1073 1563 1072 1563 1074 1563 1074 1564 1075 1564 1073 1564 1073 1565 1075 1565 1076 1565 1073 57 1076 57 1063 57 1063 1566 1076 1566 1077 1566 1063 1567 1077 1567 1066 1567 1078 1568 1079 1568 690 1568 690 1569 688 1569 1078 1569 1078 1570 688 1570 687 1570 1078 1571 687 1571 1071 1571 1071 1572 687 1572 686 1572 1071 1573 686 1573 1072 1573 1080 1574 695 1574 1081 1574 1081 1575 695 1575 694 1575 1081 1576 694 1576 1079 1576 1079 1577 694 1577 692 1577 1079 1578 692 1578 690 1578 95 1579 1082 1579 1081 1579 1081 1580 1082 1580 1083 1580 1081 1581 1083 1581 1080 1581 1084 1582 1085 1582 1086 1582 1086 1583 1085 1583 1087 1583 1086 1584 1087 1584 1088 1584 1088 1585 1089 1585 1086 1585 1086 1586 1089 1586 102 1586 1086 1587 102 1587 101 1587 1084 1588 1086 1588 1090 1588 1090 1589 1086 1589 1091 1589 1090 1590 1091 1590 862 1590 1092 1591 864 1591 1091 1591 1091 1592 864 1592 860 1592 1091 1593 860 1593 862 1593 1093 1594 852 1594 1092 1594 1092 1595 852 1595 851 1595 1092 1596 851 1596 864 1596 850 1597 857 1597 1094 1597 1094 1598 857 1598 856 1598 1094 1599 856 1599 1093 1599 1093 1600 856 1600 855 1600 1093 1601 855 1601 852 1601 810 1602 850 1602 792 1602 792 1603 850 1603 1094 1603 792 1604 1094 1604 910 1604 910 1605 1094 1605 1095 1605 910 1606 1095 1606 906 1606 906 1607 1095 1607 1096 1607 906 1608 1096 1608 907 1608 907 1608 1096 1608 1097 1608 907 1609 1097 1609 899 1609 899 1610 1097 1610 1098 1610 899 1611 1098 1611 900 1611 900 1612 1098 1612 1099 1612 1100 1613 100 1613 1101 1613 1101 1614 1102 1614 1100 1614 1100 1615 1102 1615 1103 1615 1100 1616 1103 1616 1098 1616 1098 1617 1103 1617 1104 1617 1098 1618 1104 1618 1099 1618 1105 1619 1106 1619 1107 1619 1107 1620 1106 1620 1108 1620 1107 1621 1108 1621 53 1621 903 1622 1109 1622 1110 1622 1110 1623 1109 1623 1111 1623 1110 1624 1111 1624 1107 1624 1107 1625 1111 1625 1112 1625 1107 1626 1112 1626 1105 1626 1113 1627 790 1627 1114 1627 1114 1628 790 1628 908 1628 1114 1629 908 1629 1115 1629 1115 1630 908 1630 909 1630 1115 1631 909 1631 1116 1631 1116 1631 909 1631 905 1631 1116 1632 905 1632 1110 1632 1110 1633 905 1633 904 1633 1110 1634 904 1634 903 1634 842 1635 840 1635 1117 1635 1117 1636 840 1636 839 1636 1117 1637 839 1637 1113 1637 1113 1638 839 1638 837 1638 1113 1639 837 1639 790 1639 790 1640 837 1640 836 1640 790 1641 836 1641 811 1641 1118 1642 1119 1642 833 1642 833 1643 829 1643 1118 1643 1118 1644 829 1644 827 1644 1118 1645 827 1645 1117 1645 1117 1646 827 1646 843 1646 1117 1647 843 1647 842 1647 1120 1648 1121 1648 1119 1648 1119 1649 1121 1649 831 1649 1119 1650 831 1650 833 1650 1122 1651 1123 1651 1120 1651 1120 1652 1123 1652 1124 1652 1120 1653 1124 1653 1121 1653 1120 1654 55 1654 57 1654 1122 1655 1120 1655 1125 1655 1125 1656 1120 1656 57 1656 1125 1657 57 1657 1126 1657 685 1658 1127 1658 686 1658 686 1659 1127 1659 1128 1659 938 1660 937 1660 1129 1660 1129 1661 937 1661 1128 1661 1129 1662 1128 1662 1130 1662 1130 1663 1128 1663 1127 1663 1131 1664 1070 1664 1069 1664 1128 1665 937 1665 936 1665 686 1666 1128 1666 1132 1666 686 1667 1132 1667 1072 1667 1072 1668 1132 1668 1133 1668 1072 1669 1133 1669 1074 1669 1074 1670 1133 1670 1134 1670 1074 1671 1134 1671 1075 1671 1134 1672 1135 1672 1075 1672 1075 1673 1135 1673 1136 1673 1075 1674 1136 1674 1076 1674 1076 1675 1136 1675 1137 1675 1076 1676 1137 1676 1077 1676 1077 1677 1137 1677 1138 1677 1077 1678 1138 1678 1066 1678 1066 1679 1138 1679 1139 1679 1066 1680 1139 1680 1067 1680 1067 1681 1139 1681 1140 1681 1067 1682 1140 1682 1068 1682 1068 1683 1140 1683 1141 1683 1068 1684 1141 1684 1069 1684 1069 1685 1141 1685 1142 1685 1069 1686 1142 1686 1131 1686 1131 1687 1143 1687 1070 1687 1070 1688 1143 1688 1144 1688 1070 1689 1144 1689 1061 1689 1061 1690 1144 1690 1145 1690 1061 1691 1145 1691 1062 1691 1062 1692 1145 1692 1146 1692 1062 1693 1146 1693 1064 1693 1128 1694 936 1694 1132 1694 1132 1695 936 1695 935 1695 1132 1696 935 1696 1133 1696 1133 1697 935 1697 934 1697 1133 1698 934 1698 1134 1698 1134 1699 934 1699 942 1699 1134 1700 942 1700 1135 1700 1135 1701 942 1701 944 1701 1135 1702 944 1702 1136 1702 1136 1703 944 1703 948 1703 1136 1704 948 1704 1137 1704 1137 1705 948 1705 947 1705 1137 1706 947 1706 1138 1706 1138 1707 947 1707 946 1707 1138 1708 946 1708 1139 1708 1139 1709 946 1709 951 1709 1139 1710 951 1710 1140 1710 1140 1711 951 1711 950 1711 1140 1712 950 1712 1141 1712 1141 1713 950 1713 949 1713 1141 1714 949 1714 1142 1714 1142 1715 949 1715 952 1715 1142 1716 952 1716 1131 1716 1131 1717 952 1717 945 1717 1131 1718 945 1718 1143 1718 1143 1719 945 1719 943 1719 1143 1720 943 1720 1144 1720 1144 1721 943 1721 941 1721 1144 1722 941 1722 1145 1722 1145 1723 941 1723 940 1723 1145 1724 940 1724 1146 1724 1146 1725 940 1725 939 1725 1146 1726 939 1726 1147 1726 1147 1727 939 1727 933 1727 1147 1728 933 1728 1148 1728 1064 1729 1146 1729 1065 1729 1065 1730 1146 1730 1147 1730 1065 1731 1147 1731 1060 1731 1060 1732 1147 1732 1148 1732 1060 1733 1148 1733 1002 1733 975 1734 1002 1734 976 1734 976 1734 1002 1734 1148 1734 976 1735 1148 1735 932 1735 932 1736 1148 1736 933 1736 679 1737 681 1737 1149 1737 1149 1737 681 1737 971 1737 1149 1738 971 1738 914 1738 914 1739 971 1739 915 1739 1150 1740 1046 1740 1045 1740 1149 1741 914 1741 913 1741 679 1742 1149 1742 1151 1742 679 1743 1151 1743 1049 1743 1049 1744 1151 1744 1152 1744 1049 1745 1152 1745 1050 1745 1050 1746 1152 1746 1153 1746 1050 1747 1153 1747 1041 1747 1153 1748 1154 1748 1041 1748 1041 1749 1154 1749 1155 1749 1041 1750 1155 1750 1039 1750 1039 1751 1155 1751 1156 1751 1039 1752 1156 1752 1038 1752 1038 1753 1156 1753 1157 1753 1038 1754 1157 1754 1042 1754 1042 1755 1157 1755 1158 1755 1042 1756 1158 1756 1043 1756 1043 1757 1158 1757 1159 1757 1043 1758 1159 1758 1044 1758 1044 1759 1159 1759 1160 1759 1044 1760 1160 1760 1045 1760 1045 1761 1160 1761 1161 1761 1045 1762 1161 1762 1150 1762 1150 1763 1162 1763 1046 1763 1046 1764 1162 1764 1163 1764 1046 1765 1163 1765 1033 1765 1033 1766 1163 1766 1164 1766 1033 1767 1164 1767 1034 1767 1034 1768 1164 1768 1165 1768 1034 1769 1165 1769 1036 1769 1149 1770 913 1770 1151 1770 1151 1771 913 1771 912 1771 1151 1772 912 1772 1152 1772 1152 1773 912 1773 911 1773 1152 1774 911 1774 1153 1774 1153 1775 911 1775 921 1775 1153 1776 921 1776 1154 1776 1154 1777 921 1777 923 1777 1154 1778 923 1778 1155 1778 1155 1779 923 1779 927 1779 1155 1780 927 1780 1156 1780 1156 1781 927 1781 926 1781 1156 1782 926 1782 1157 1782 1157 1783 926 1783 925 1783 1157 1784 925 1784 1158 1784 1158 1785 925 1785 930 1785 1158 1786 930 1786 1159 1786 1159 1787 930 1787 929 1787 1159 1788 929 1788 1160 1788 1160 1789 929 1789 928 1789 1160 1790 928 1790 1161 1790 1161 1791 928 1791 931 1791 1161 1792 931 1792 1150 1792 1150 1793 931 1793 924 1793 1150 1794 924 1794 1162 1794 1162 1795 924 1795 922 1795 1162 1796 922 1796 1163 1796 1163 1797 922 1797 920 1797 1163 1798 920 1798 1164 1798 1164 1799 920 1799 919 1799 1164 1800 919 1800 1165 1800 1165 1801 919 1801 918 1801 1165 1802 918 1802 1166 1802 1166 1803 918 1803 917 1803 1166 1804 917 1804 1167 1804 1036 1805 1165 1805 1037 1805 1037 1806 1165 1806 1166 1806 1037 1807 1166 1807 1032 1807 1032 1808 1166 1808 1167 1808 1032 1809 1167 1809 1003 1809 1004 1810 1003 1810 1168 1810 1168 1811 1003 1811 1167 1811 1168 1812 1167 1812 1169 1812 1169 1813 1167 1813 1170 1813 1170 1814 1167 1814 917 1814 1170 1815 917 1815 916 1815 57 1816 56 1816 1126 1816 1126 1817 56 1817 1125 1817 184 1818 1171 1818 1172 1818 56 1819 170 1819 1125 1819 1125 1820 170 1820 1173 1820 1125 1821 1173 1821 1122 1821 1122 1822 1173 1822 1123 1822 1123 1823 1173 1823 1174 1823 1123 1824 1174 1824 1124 1824 168 1825 167 1825 1175 1825 1175 1826 167 1826 1176 1826 167 1827 177 1827 1176 1827 1176 1828 177 1828 175 1828 1176 1829 175 1829 1177 1829 1177 1830 175 1830 174 1830 1177 1831 174 1831 1178 1831 1178 1832 174 1832 182 1832 1178 1833 182 1833 1179 1833 1179 1834 182 1834 181 1834 1179 1835 181 1835 1172 1835 1172 1836 181 1836 185 1836 1172 1837 185 1837 184 1837 184 1838 117 1838 1171 1838 1171 1839 117 1839 1180 1839 1171 1840 1180 1840 1181 1840 170 1841 168 1841 1173 1841 1173 1842 168 1842 1175 1842 1173 1843 1175 1843 1174 1843 1174 1844 1175 1844 1176 1844 1174 1845 1176 1845 1182 1845 1182 1846 1176 1846 1177 1846 1182 1847 1177 1847 1183 1847 1183 1848 1177 1848 1178 1848 1183 1849 1178 1849 1184 1849 1184 1850 1178 1850 1179 1850 1184 1851 1179 1851 1185 1851 1185 1852 1179 1852 1172 1852 1185 1853 1172 1853 1186 1853 1186 1854 1172 1854 1171 1854 1186 1855 1171 1855 1187 1855 1187 1856 1171 1856 1181 1856 1187 1857 1181 1857 1188 1857 1124 1858 1174 1858 1121 1858 1121 1859 1174 1859 1182 1859 1121 1860 1182 1860 831 1860 831 1861 1182 1861 1183 1861 831 1862 1183 1862 832 1862 832 1863 1183 1863 1184 1863 832 1864 1184 1864 834 1864 834 1865 1184 1865 1185 1865 834 1866 1185 1866 835 1866 835 1867 1185 1867 1186 1867 835 1868 1186 1868 830 1868 830 1869 1186 1869 1187 1869 830 1870 1187 1870 828 1870 828 1871 1187 1871 1188 1871 828 1872 1188 1872 826 1872 1189 1873 1190 1873 1191 1873 1192 1874 1180 1874 117 1874 117 1875 114 1875 1192 1875 1192 1876 114 1876 120 1876 1192 1877 120 1877 1193 1877 1193 1878 120 1878 108 1878 1193 1879 108 1879 1194 1879 1194 1880 108 1880 124 1880 1194 1881 124 1881 1195 1881 1195 1882 124 1882 125 1882 1195 1883 125 1883 1196 1883 1197 1884 1181 1884 1180 1884 125 1885 128 1885 1196 1885 1196 1886 128 1886 1198 1886 1196 1887 1198 1887 1199 1887 1180 1888 1192 1888 1197 1888 1197 1889 1192 1889 1193 1889 1197 1890 1193 1890 1200 1890 1200 1891 1193 1891 1194 1891 1200 1892 1194 1892 1201 1892 1201 1893 1194 1893 1195 1893 1201 1894 1195 1894 1202 1894 1202 1895 1195 1895 1196 1895 1202 1896 1196 1896 1203 1896 1203 1897 1196 1897 1199 1897 1203 1898 1199 1898 1204 1898 1205 1899 1188 1899 1181 1899 1181 1900 1197 1900 1205 1900 1205 1901 1197 1901 1200 1901 1205 1902 1200 1902 1206 1902 1206 1903 1200 1903 1201 1903 1206 1904 1201 1904 1207 1904 1207 1905 1201 1905 1202 1905 1207 1906 1202 1906 1208 1906 1208 1907 1202 1907 1203 1907 1208 1908 1203 1908 1191 1908 1191 1909 1203 1909 1204 1909 1191 1910 1204 1910 1189 1910 826 1911 1188 1911 841 1911 841 1912 1188 1912 1205 1912 841 1913 1205 1913 838 1913 838 1914 1205 1914 1206 1914 838 1915 1206 1915 844 1915 844 1916 1206 1916 1207 1916 844 1917 1207 1917 845 1917 845 1918 1207 1918 1208 1918 845 1919 1208 1919 846 1919 846 1920 1208 1920 849 1920 849 1921 1208 1921 1191 1921 849 1922 1191 1922 848 1922 848 1923 1191 1923 1190 1923 848 1924 1190 1924 847 1924 128 1925 130 1925 1198 1925 1198 1926 130 1926 1209 1926 1198 1927 1209 1927 1199 1927 1199 1928 1209 1928 1210 1928 1199 1929 1210 1929 1204 1929 1204 1930 1210 1930 1211 1930 1204 1931 1211 1931 1189 1931 1189 1932 1211 1932 1212 1932 1189 1933 1212 1933 1190 1933 1190 1934 1212 1934 1213 1934 1190 1935 1213 1935 847 1935 847 1936 1213 1936 978 1936 1214 1937 1215 1937 1216 1937 1217 1938 979 1938 978 1938 992 1939 1218 1939 993 1939 993 1940 1218 1940 1219 1940 993 1941 1219 1941 995 1941 995 1942 1219 1942 1216 1942 995 1943 1216 1943 994 1943 994 1944 1216 1944 1215 1944 994 1945 1215 1945 977 1945 992 1946 991 1946 1218 1946 1218 1947 991 1947 990 1947 1218 1948 990 1948 1220 1948 1220 1949 990 1949 989 1949 1220 1950 989 1950 1221 1950 1221 1951 989 1951 988 1951 1221 1952 988 1952 1222 1952 1222 1953 988 1953 987 1953 1222 1954 987 1954 1223 1954 1223 1955 987 1955 986 1955 986 1956 985 1956 1223 1956 1223 1957 985 1957 984 1957 1223 1958 984 1958 1224 1958 1224 1959 984 1959 983 1959 1224 1960 983 1960 1225 1960 1225 1961 983 1961 982 1961 1225 1962 982 1962 1226 1962 1226 1963 982 1963 981 1963 1226 1964 981 1964 1217 1964 1217 1965 981 1965 980 1965 1217 1966 980 1966 979 1966 1227 1967 1228 1967 1229 1967 1229 1968 1228 1968 1214 1968 1214 1969 1216 1969 1229 1969 1229 1970 1216 1970 1219 1970 1229 1971 1219 1971 1230 1971 1230 1972 1219 1972 1218 1972 1230 1973 1218 1973 1231 1973 1231 1974 1218 1974 1220 1974 1231 1975 1220 1975 1232 1975 1232 1976 1220 1976 1221 1976 1232 1977 1221 1977 1233 1977 1233 1978 1221 1978 1222 1978 1233 1979 1222 1979 1234 1979 1234 1980 1222 1980 1223 1980 1234 1981 1223 1981 1235 1981 1235 1982 1223 1982 1224 1982 1235 1983 1224 1983 1236 1983 1236 1984 1224 1984 1225 1984 1236 1985 1225 1985 1237 1985 1237 1986 1225 1986 1226 1986 1237 1987 1226 1987 1238 1987 1238 1988 1226 1988 1217 1988 1238 1989 1217 1989 1239 1989 131 1990 1240 1990 1241 1990 1241 1991 1240 1991 1227 1991 978 1992 1213 1992 1217 1992 1217 1993 1213 1993 1212 1993 1217 1994 1212 1994 1239 1994 1239 1995 1212 1995 1211 1995 1239 1996 1211 1996 1210 1996 1227 1997 1229 1997 1241 1997 1241 1998 1229 1998 1230 1998 1241 1999 1230 1999 1242 1999 1242 2000 1230 2000 1231 2000 1242 2001 1231 2001 1243 2001 1243 2002 1231 2002 1232 2002 1243 2003 1232 2003 1244 2003 1244 2004 1232 2004 1233 2004 1244 2005 1233 2005 1245 2005 1245 2006 1233 2006 1234 2006 1245 2007 1234 2007 1246 2007 1246 2008 1234 2008 1235 2008 1246 2009 1235 2009 1247 2009 1247 2010 1235 2010 1236 2010 1247 2011 1236 2011 1248 2011 1248 2012 1236 2012 1237 2012 1248 2013 1237 2013 1249 2013 1249 2014 1237 2014 1238 2014 1249 2015 1238 2015 1250 2015 1250 2016 1238 2016 1239 2016 1250 2017 1239 2017 1251 2017 1251 2018 1239 2018 1210 2018 1251 2019 1210 2019 1209 2019 131 2020 1241 2020 132 2020 132 2021 1241 2021 1242 2021 132 2022 1242 2022 133 2022 133 2023 1242 2023 1243 2023 133 2024 1243 2024 134 2024 134 2025 1243 2025 1244 2025 134 2026 1244 2026 135 2026 135 2027 1244 2027 1245 2027 135 2028 1245 2028 136 2028 136 2029 1245 2029 1246 2029 136 2030 1246 2030 140 2030 140 2031 1246 2031 1247 2031 140 2032 1247 2032 139 2032 139 2033 1247 2033 1248 2033 139 2034 1248 2034 138 2034 138 2035 1248 2035 1249 2035 138 2036 1249 2036 141 2036 141 2037 1249 2037 1250 2037 141 2038 1250 2038 142 2038 142 2039 1250 2039 1251 2039 142 2040 1251 2040 137 2040 137 2041 1251 2041 1209 2041 137 2042 1209 2042 130 2042 131 2043 129 2043 1240 2043 1240 2044 129 2044 1252 2044 1240 2045 1252 2045 1227 2045 1227 2046 1252 2046 1253 2046 1227 2047 1253 2047 1228 2047 1228 2048 1253 2048 1254 2048 1228 2049 1254 2049 1214 2049 1214 2050 1254 2050 1255 2050 1214 2051 1255 2051 1215 2051 1215 2052 1255 2052 1256 2052 1215 2053 1256 2053 977 2053 977 2054 1256 2054 874 2054 110 2055 109 2055 1257 2055 129 2056 127 2056 1252 2056 1252 2057 127 2057 1258 2057 874 2058 1256 2058 1259 2058 1259 2059 1256 2059 1255 2059 1259 2060 1255 2060 1260 2060 1260 2061 1255 2061 1254 2061 1260 2062 1254 2062 1258 2062 1258 2063 1254 2063 1253 2063 1258 2064 1253 2064 1252 2064 126 2065 123 2065 1261 2065 1261 2066 123 2066 1262 2066 1261 2067 1262 2067 1263 2067 1263 2068 1262 2068 1264 2068 1263 2069 1264 2069 1265 2069 1265 2070 1264 2070 1266 2070 123 2071 122 2071 1262 2071 1262 2072 122 2072 1267 2072 1262 2073 1267 2073 1264 2073 1264 2074 1267 2074 1268 2074 1264 2075 1268 2075 1266 2075 1266 2076 1268 2076 1269 2076 122 2077 110 2077 1267 2077 1267 2078 110 2078 1270 2078 1267 2079 1270 2079 1268 2079 1268 2080 1270 2080 1271 2080 1268 2081 1271 2081 1269 2081 1269 2082 1271 2082 1272 2082 871 2083 872 2083 1259 2083 1259 2084 872 2084 873 2084 1259 2085 873 2085 874 2085 127 2086 126 2086 1258 2086 1258 2087 126 2087 1261 2087 1258 2088 1261 2088 1260 2088 1260 2089 1261 2089 1263 2089 1260 2090 1263 2090 1259 2090 1259 2091 1263 2091 1265 2091 1259 2092 1265 2092 871 2092 871 2093 1265 2093 1266 2093 871 2094 1266 2094 870 2094 870 2095 1266 2095 1269 2095 870 2096 1269 2096 869 2096 1272 2097 853 2097 1269 2097 1269 2098 853 2098 854 2098 1269 2099 854 2099 869 2099 110 2100 1257 2100 1270 2100 1270 2101 1257 2101 1273 2101 1270 2102 1273 2102 1271 2102 1271 2103 1273 2103 1274 2103 1271 2104 1274 2104 1272 2104 1272 2105 1274 2105 866 2105 1272 2106 866 2106 853 2106 158 2107 1275 2107 1276 2107 1273 2108 1257 2108 1277 2108 862 2109 1278 2109 1090 2109 1090 2110 1278 2110 1279 2110 1090 2111 1279 2111 1084 2111 1087 2112 1085 2112 1275 2112 1275 2113 1085 2113 1084 2113 1275 2114 1084 2114 1276 2114 1087 2115 1275 2115 1088 2115 1088 2116 1275 2116 158 2116 1088 2117 158 2117 103 2117 1257 2118 109 2118 157 2118 862 2119 861 2119 1278 2119 1278 2120 861 2120 859 2120 1278 2121 859 2121 1280 2121 1280 2122 859 2122 858 2122 1280 2123 858 2123 1281 2123 1281 2124 858 2124 863 2124 1281 2125 863 2125 1282 2125 1282 2126 863 2126 865 2126 1282 2127 865 2127 1283 2127 1283 2128 865 2128 868 2128 1283 2129 868 2129 1284 2129 1284 2130 868 2130 867 2130 1284 2131 867 2131 1285 2131 1285 2132 867 2132 866 2132 1285 2133 866 2133 1274 2133 1084 2134 1279 2134 1276 2134 1276 2135 1279 2135 1278 2135 1276 2136 1278 2136 1286 2136 1286 2137 1278 2137 1280 2137 1286 2138 1280 2138 1287 2138 1287 2139 1280 2139 1281 2139 1287 2140 1281 2140 1288 2140 1288 2141 1281 2141 1282 2141 1288 2142 1282 2142 1289 2142 1289 2143 1282 2143 1283 2143 1289 2144 1283 2144 1290 2144 1290 2145 1283 2145 1284 2145 1290 2146 1284 2146 1291 2146 1291 2147 1284 2147 1285 2147 1291 2148 1285 2148 1277 2148 1277 2149 1285 2149 1274 2149 1277 2150 1274 2150 1273 2150 1257 2151 157 2151 1277 2151 1277 2152 157 2152 156 2152 1277 2153 156 2153 1291 2153 1291 2154 156 2154 154 2154 1291 2155 154 2155 1290 2155 1290 2156 154 2156 152 2156 1290 2157 152 2157 1289 2157 1289 2158 152 2158 150 2158 1289 2159 150 2159 1288 2159 1288 2160 150 2160 148 2160 1288 2161 148 2161 1287 2161 1287 2162 148 2162 147 2162 1287 2163 147 2163 1286 2163 1286 2164 147 2164 165 2164 1286 2165 165 2165 1276 2165 1276 2166 165 2166 166 2166 1276 2167 166 2167 158 2167 1088 2168 103 2168 1089 2168 1089 2169 103 2169 102 2169 95 2169 62 2169 1082 2169 1082 2170 62 2170 1292 2170 1082 2171 1292 2171 1083 2171 3 2172 1293 2172 1294 2172 1295 2173 1296 2173 1297 2173 1083 2174 1292 2174 1296 2174 693 2175 695 2175 1080 2175 1292 2176 62 2176 64 2176 1292 2177 64 2177 1296 2177 1296 2178 64 2178 71 2178 1296 2179 71 2179 1297 2179 71 2180 70 2180 1297 2180 1297 2181 70 2181 74 2181 1297 2182 74 2182 1294 2182 1294 2183 74 2183 75 2183 1294 2184 75 2184 3 2184 1295 2185 1297 2185 1298 2185 1298 2186 1297 2186 1294 2186 1298 2187 1294 2187 1299 2187 1299 2188 1294 2188 1293 2188 1299 2189 1293 2189 1300 2189 1083 2190 1296 2190 1080 2190 1080 2191 1296 2191 1295 2191 1080 2192 1295 2192 693 2192 693 2193 1295 2193 1298 2193 693 2194 1298 2194 691 2194 691 2195 1298 2195 1299 2195 691 2196 1299 2196 689 2196 689 2197 1299 2197 1300 2197 689 2198 1300 2198 684 2198 685 2199 684 2199 1301 2199 1301 2200 684 2200 1300 2200 1301 2201 1300 2201 1302 2201 1302 2202 1300 2202 1303 2202 1303 2203 1300 2203 1293 2203 1303 2204 1293 2204 1304 2204 1304 2205 1293 2205 1305 2205 1305 2206 1293 2206 3 2206 1305 2207 3 2207 1 2207 1306 2208 8 2208 7 2208 1 2209 0 2209 1305 2209 1305 2210 0 2210 1307 2210 1308 2211 1302 2211 1309 2211 1309 2212 1302 2212 1303 2212 1309 2213 1303 2213 1307 2213 1307 2214 1303 2214 1304 2214 1307 2215 1304 2215 1305 2215 0 2216 8 2216 1307 2216 1307 2217 8 2217 1306 2217 1307 2218 1306 2218 1309 2218 1309 2219 1306 2219 1310 2219 1309 2220 1310 2220 1308 2220 1308 2221 1310 2221 1311 2221 7 2222 1312 2222 1306 2222 1306 2223 1312 2223 1313 2223 1306 2224 1313 2224 1310 2224 1310 2225 1313 2225 1314 2225 1310 2226 1314 2226 1311 2226 1311 2227 1314 2227 1315 2227 1311 2228 1315 2228 1316 2228 1127 2229 685 2229 1308 2229 1308 2230 685 2230 1301 2230 1308 2231 1301 2231 1302 2231 1127 2232 1308 2232 1130 2232 1130 2233 1308 2233 1311 2233 1130 2234 1311 2234 1129 2234 1129 2235 1311 2235 1316 2235 1129 2236 1316 2236 938 2236 7 2237 25 2237 1312 2237 1312 2238 25 2238 1317 2238 1312 2239 1317 2239 1313 2239 1313 2240 1317 2240 1318 2240 1313 2241 1318 2241 1314 2241 1314 2242 1318 2242 1319 2242 1314 2243 1319 2243 1315 2243 1315 2244 1319 2244 1320 2244 1315 2245 1320 2245 1316 2245 1316 2246 1320 2246 1321 2246 1316 2247 1321 2247 938 2247 938 2248 1321 2248 890 2248 25 2249 24 2249 1317 2249 1317 2250 24 2250 1322 2250 1323 2251 1320 2251 1324 2251 1324 2252 1320 2252 1319 2252 1324 2253 1319 2253 1322 2253 1322 2254 1319 2254 1318 2254 1322 2255 1318 2255 1317 2255 895 2256 890 2256 1323 2256 1323 2257 890 2257 1321 2257 1323 2258 1321 2258 1320 2258 24 2259 22 2259 1322 2259 1322 2260 22 2260 1325 2260 1322 2261 1325 2261 1324 2261 1324 2262 1325 2262 1326 2262 1324 2263 1326 2263 1323 2263 1323 2264 1326 2264 1327 2264 1323 2265 1327 2265 895 2265 895 2266 1327 2266 701 2266 27 2267 1328 2267 1329 2267 1328 2268 1330 2268 1331 2268 1330 2269 1332 2269 1333 2269 1332 2270 770 2270 768 2270 1332 2271 768 2271 1333 2271 1333 2272 768 2272 766 2272 1333 2273 766 2273 1334 2273 766 2274 764 2274 1334 2274 1334 2275 764 2275 762 2275 1334 2276 762 2276 1335 2276 762 2277 760 2277 1335 2277 1335 2278 760 2278 759 2278 1335 2279 759 2279 1336 2279 1336 2280 759 2280 751 2280 1336 2281 751 2281 1337 2281 1337 2282 751 2282 749 2282 1337 2283 749 2283 1338 2283 1338 2284 749 2284 747 2284 747 2285 788 2285 1338 2285 1338 2286 788 2286 789 2286 1338 2287 789 2287 1339 2287 1339 2288 789 2288 784 2288 1339 2289 784 2289 1340 2289 1340 2290 784 2290 786 2290 1340 2291 786 2291 1341 2291 1341 2292 786 2292 787 2292 787 2293 782 2293 1341 2293 1341 2294 782 2294 781 2294 1341 2295 781 2295 1342 2295 1342 2296 781 2296 779 2296 1342 2297 779 2297 1343 2297 1343 2298 779 2298 778 2298 1343 2299 778 2299 1344 2299 778 2300 776 2300 1344 2300 1344 2301 776 2301 775 2301 1344 2302 775 2302 1345 2302 775 2303 773 2303 1345 2303 1345 2304 773 2304 772 2304 1345 2305 772 2305 1346 2305 1346 2306 772 2306 716 2306 1346 2307 716 2307 1347 2307 1347 2308 716 2308 724 2308 1347 2309 724 2309 1348 2309 1348 2310 724 2310 722 2310 722 2311 720 2311 1348 2311 1348 2312 720 2312 718 2312 1348 2313 718 2313 1349 2313 1349 2314 718 2314 717 2314 1349 2315 717 2315 1350 2315 1350 2316 717 2316 707 2316 1350 2317 707 2317 1351 2317 1351 2318 707 2318 705 2318 705 2319 703 2319 1351 2319 1351 2320 703 2320 701 2320 1351 2321 701 2321 1327 2321 1330 2322 1333 2322 1331 2322 1331 2323 1333 2323 1334 2323 1331 2324 1334 2324 1352 2324 1352 2325 1334 2325 1335 2325 1352 2326 1335 2326 1353 2326 1353 2327 1335 2327 1336 2327 1353 2328 1336 2328 1354 2328 1354 2329 1336 2329 1337 2329 1354 2330 1337 2330 1355 2330 1355 2331 1337 2331 1338 2331 1355 2332 1338 2332 1356 2332 1356 2333 1338 2333 1339 2333 1356 2334 1339 2334 1357 2334 1357 2335 1339 2335 1340 2335 1357 2336 1340 2336 1358 2336 1358 2337 1340 2337 1341 2337 1358 2338 1341 2338 1359 2338 1359 2339 1341 2339 1342 2339 1359 2340 1342 2340 1360 2340 1360 2341 1342 2341 1343 2341 1360 2342 1343 2342 1361 2342 1361 2343 1343 2343 1344 2343 1361 2344 1344 2344 1362 2344 1362 2345 1344 2345 1345 2345 1362 2346 1345 2346 1363 2346 1363 2347 1345 2347 1346 2347 1363 2348 1346 2348 1364 2348 1364 2349 1346 2349 1347 2349 1364 2350 1347 2350 1365 2350 1365 2351 1347 2351 1348 2351 1365 2352 1348 2352 1366 2352 1366 2353 1348 2353 1349 2353 1366 2354 1349 2354 1367 2354 1367 2355 1349 2355 1350 2355 1367 2356 1350 2356 1368 2356 1368 2357 1350 2357 1351 2357 1368 2358 1351 2358 1369 2358 1369 2359 1351 2359 1327 2359 1369 2360 1327 2360 1326 2360 1328 2361 1331 2361 1329 2361 1329 2362 1331 2362 1352 2362 1329 2363 1352 2363 1370 2363 1370 2364 1352 2364 1353 2364 1370 2365 1353 2365 1371 2365 1371 2366 1353 2366 1354 2366 1371 2367 1354 2367 1372 2367 1372 2368 1354 2368 1355 2368 1372 2369 1355 2369 1373 2369 1373 2370 1355 2370 1356 2370 1373 2371 1356 2371 1374 2371 1374 2372 1356 2372 1357 2372 1374 2373 1357 2373 1375 2373 1375 2374 1357 2374 1358 2374 1375 2375 1358 2375 1376 2375 1376 2376 1358 2376 1359 2376 1376 2377 1359 2377 1377 2377 1377 2378 1359 2378 1360 2378 1377 2379 1360 2379 1378 2379 1378 2380 1360 2380 1361 2380 1378 2381 1361 2381 1379 2381 1379 2382 1361 2382 1362 2382 1379 2383 1362 2383 1380 2383 1380 2384 1362 2384 1363 2384 1380 2385 1363 2385 1381 2385 1381 2386 1363 2386 1364 2386 1381 2387 1364 2387 1382 2387 1382 2388 1364 2388 1365 2388 1382 2389 1365 2389 1383 2389 1383 2390 1365 2390 1366 2390 1383 2391 1366 2391 1384 2391 1384 2392 1366 2392 1367 2392 1384 2393 1367 2393 1385 2393 1385 2394 1367 2394 1368 2394 1385 2395 1368 2395 1386 2395 1386 2396 1368 2396 1369 2396 1386 2397 1369 2397 1387 2397 1387 2398 1369 2398 1326 2398 1387 2399 1326 2399 1325 2399 27 2400 1329 2400 29 2400 29 2401 1329 2401 1370 2401 29 2402 1370 2402 18 2402 18 2403 1370 2403 1371 2403 18 2404 1371 2404 19 2404 19 2405 1371 2405 1372 2405 19 2406 1372 2406 30 2406 30 2407 1372 2407 1373 2407 30 2408 1373 2408 31 2408 31 2409 1373 2409 1374 2409 31 2410 1374 2410 32 2410 32 2411 1374 2411 1375 2411 32 2412 1375 2412 34 2412 34 2413 1375 2413 1376 2413 34 2414 1376 2414 35 2414 35 2415 1376 2415 1377 2415 35 2416 1377 2416 36 2416 36 2417 1377 2417 1378 2417 36 2418 1378 2418 41 2418 41 2419 1378 2419 1379 2419 41 2420 1379 2420 38 2420 38 2421 1379 2421 1380 2421 38 2422 1380 2422 40 2422 40 2423 1380 2423 1381 2423 40 2424 1381 2424 39 2424 39 2425 1381 2425 1382 2425 39 2426 1382 2426 37 2426 37 2427 1382 2427 1383 2427 37 2428 1383 2428 42 2428 42 2429 1383 2429 1384 2429 42 2430 1384 2430 20 2430 20 2431 1384 2431 1385 2431 20 2432 1385 2432 28 2432 28 2433 1385 2433 1386 2433 28 2434 1386 2434 26 2434 26 2435 1386 2435 1387 2435 26 2436 1387 2436 21 2436 21 2437 1387 2437 1325 2437 21 2438 1325 2438 22 2438 1388 2439 23 2439 33 2439 33 2440 1389 2440 1388 2440 1388 2441 1389 2441 1390 2441 1388 2442 1390 2442 1391 2442 1391 2443 1390 2443 1392 2443 1391 2444 1392 2444 1393 2444 27 2445 23 2445 1328 2445 1328 2446 23 2446 1388 2446 1328 2447 1388 2447 1330 2447 1330 2448 1388 2448 1391 2448 1330 2449 1391 2449 1332 2449 1332 2450 1391 2450 1393 2450 1332 2451 1393 2451 770 2451 770 2452 1393 2452 876 2452 1392 2453 1394 2453 1393 2453 1393 2454 1394 2454 1395 2454 1393 2455 1395 2455 876 2455 876 2456 1395 2456 877 2456 33 2457 9 2457 1389 2457 1389 2458 9 2458 1396 2458 1389 2459 1396 2459 1390 2459 1390 2460 1396 2460 1397 2460 1390 2461 1397 2461 1392 2461 1392 2462 1397 2462 1398 2462 1392 2463 1398 2463 1394 2463 1394 2464 1398 2464 1399 2464 1394 2465 1399 2465 1395 2465 1395 2466 1399 2466 1400 2466 1395 2467 1400 2467 877 2467 877 2468 1400 2468 916 2468 1401 2469 2 2469 4 2469 9 2470 17 2470 1396 2470 1396 2471 17 2471 1402 2471 916 2472 1400 2472 1403 2472 1403 2473 1400 2473 1399 2473 1403 2474 1399 2474 1404 2474 1404 2475 1399 2475 1398 2475 1404 2476 1398 2476 1402 2476 1402 2477 1398 2477 1397 2477 1402 2478 1397 2478 1396 2478 4 2479 1405 2479 1401 2479 1401 2480 1405 2480 1406 2480 1401 2481 1406 2481 1407 2481 1407 2482 1406 2482 1408 2482 1407 2483 1408 2483 1409 2483 1409 2484 1408 2484 1410 2484 1409 2485 1410 2485 1411 2485 1168 2486 1169 2486 1403 2486 1403 2487 1169 2487 1170 2487 1403 2488 1170 2488 916 2488 17 2489 2 2489 1402 2489 1402 2490 2 2490 1401 2490 1402 2491 1401 2491 1404 2491 1404 2492 1401 2492 1407 2492 1404 2493 1407 2493 1403 2493 1403 2494 1407 2494 1409 2494 1403 2495 1409 2495 1168 2495 1168 2496 1409 2496 1411 2496 1168 2497 1411 2497 1004 2497 1004 2498 1411 2498 1006 2498 1006 2499 1411 2499 1412 2499 1411 2500 1410 2500 1412 2500 1412 2501 1410 2501 1408 2501 1412 2502 1408 2502 1413 2502 4 2503 14 2503 1405 2503 1405 2504 14 2504 1413 2504 1405 2505 1413 2505 1406 2505 1406 2506 1413 2506 1408 2506 1414 2507 1010 2507 1008 2507 1028 2508 1015 2508 1415 2508 1415 2509 1015 2509 1014 2509 1415 2510 1014 2510 1012 2510 44 2511 1416 2511 1417 2511 1417 2512 1416 2512 1027 2512 1413 2513 14 2513 79 2513 1006 2514 1412 2514 1418 2514 1418 2515 1412 2515 1419 2515 1418 2516 1419 2516 1420 2516 1412 2517 1413 2517 1419 2517 1419 2518 1413 2518 79 2518 1419 2519 79 2519 1420 2519 1420 2520 79 2520 81 2520 1420 2521 81 2521 83 2521 83 2522 1421 2522 1420 2522 1420 2523 1421 2523 1414 2523 1420 2524 1414 2524 1418 2524 1418 2525 1414 2525 1008 2525 1418 2526 1008 2526 1006 2526 83 2527 85 2527 1421 2527 1421 2528 85 2528 87 2528 1421 2529 87 2529 90 2529 1027 2530 1028 2530 1417 2530 1417 2531 1028 2531 1415 2531 1417 2532 1415 2532 1422 2532 1422 2533 1415 2533 1012 2533 1422 2534 1012 2534 1010 2534 1010 2535 1414 2535 1422 2535 1422 2536 1414 2536 1421 2536 1422 2537 1421 2537 1417 2537 1417 2538 1421 2538 90 2538 1417 2539 90 2539 44 2539 44 2540 43 2540 1416 2540 1416 2541 43 2541 1026 2541 1416 2542 1026 2542 1027 2542 953 2543 1102 2543 98 2543 98 2544 1102 2544 1101 2544 98 2545 1101 2545 100 2545 954 2546 901 2546 900 2546 900 2547 1099 2547 954 2547 954 2548 1099 2548 1104 2548 954 2549 1104 2549 953 2549 953 2550 1104 2550 1103 2550 953 2551 1103 2551 1102 2551 903 2552 902 2552 1109 2552 1109 2553 902 2553 955 2553 957 2554 1112 2554 955 2554 955 2555 1112 2555 1111 2555 955 2556 1111 2556 1109 2556 53 2557 1108 2557 49 2557 49 2558 1108 2558 1106 2558 49 2559 1106 2559 957 2559 957 2560 1106 2560 1105 2560 957 2561 1105 2561 1112 2561 1052 2562 51 2562 50 2562 1052 2563 50 2563 1053 2563 50 2564 956 2564 1053 2564 1053 2565 956 2565 676 2565 1053 2566 676 2566 675 2566 974 2567 973 2567 998 2567 998 2568 973 2568 1055 2568 1055 2569 973 2569 1054 2569 1054 2570 973 2570 97 2570 1054 2571 97 2571 96 2571 1116 2572 1110 2572 1107 2572 1114 2573 1115 2573 1116 2573 1114 1330 1116 1330 1113 1330 53 1330 55 1330 1107 1330 1107 2574 55 2574 1120 2574 1113 1330 1116 1330 1117 1330 1117 2575 1116 2575 1107 2575 1117 2576 1107 2576 1118 2576 1118 2577 1107 2577 1120 2577 1118 2578 1120 2578 1119 2578 1094 2579 1093 2579 1100 2579 1100 2580 1093 2580 1092 2580 101 1330 100 1330 1086 1330 1086 2581 100 2581 1100 2581 1086 1330 1100 1330 1091 1330 1091 1330 1100 1330 1092 1330 1096 1330 1095 1330 1097 1330 1097 2582 1095 2582 1094 2582 1097 1330 1094 1330 1098 1330 1098 1330 1094 1330 1100 1330 1081 2583 1059 2583 1058 2583 1078 1330 1071 1330 1073 1330 96 1330 95 1330 1056 1330 1056 1330 95 1330 1081 1330 1056 1330 1081 1330 1057 1330 1057 2584 1081 2584 1058 2584 1081 1330 1079 1330 1059 1330 1059 1330 1079 1330 1078 1330 1059 1330 1078 1330 1063 1330 1063 1330 1078 1330 1073 1330 43 1330 51 1330 1025 1330 1025 1330 51 1330 1024 1330 1025 1330 1024 1330 1051 1330 1031 1330 1030 1330 1035 1330 1035 1330 1030 1330 1029 1330 1051 2584 1048 2584 1025 2584 1025 2583 1048 2583 1047 2583 1025 1330 1047 1330 1029 1330 1029 1330 1047 1330 1040 1330 1029 1330 1040 1330 1035 1330 1423 2585 795 2585 1424 2585 1424 2586 795 2586 797 2586 1424 2587 797 2587 1425 2587 1425 2588 797 2588 799 2588 1425 2589 799 2589 1426 2589 1426 2590 799 2590 801 2590 1426 17 801 17 1427 17 1427 17 801 17 803 17 1427 2591 803 2591 1428 2591 1428 2592 803 2592 805 2592 1428 2593 805 2593 1429 2593 1429 2594 805 2594 794 2594 1429 2595 794 2595 1430 2595 1430 2596 794 2596 793 2596 1430 2597 793 2597 1431 2597 1431 2598 793 2598 791 2598 1431 2599 791 2599 1432 2599 1432 2600 791 2600 815 2600 1432 2601 815 2601 1433 2601 1433 2602 815 2602 817 2602 1433 57 817 57 1434 57 1434 57 817 57 819 57 1434 2603 819 2603 1435 2603 1435 2604 819 2604 821 2604 1435 2605 821 2605 1436 2605 1436 2606 821 2606 823 2606 1436 2607 823 2607 1423 2607 1423 2608 823 2608 795 2608 1423 0 1424 0 1437 0 1423 0 1437 0 1436 0 1433 0 1434 0 1437 0 1437 2609 1434 2609 1435 2609 1437 2610 1435 2610 1436 2610 1430 0 1431 0 1437 0 1437 2611 1431 2611 1432 2611 1437 0 1432 0 1433 0 1427 0 1428 0 1437 0 1437 2612 1428 2612 1429 2612 1437 2613 1429 2613 1430 2613 1424 2614 1425 2614 1437 2614 1437 2615 1425 2615 1426 2615 1437 0 1426 0 1427 0 1438 2596 967 2596 1439 2596 1439 2595 967 2595 966 2595 1439 2616 966 2616 1440 2616 1440 2616 966 2616 969 2616 1440 2592 969 2592 1441 2592 1441 2591 969 2591 968 2591 1441 17 968 17 1442 17 1442 17 968 17 965 17 1442 2617 965 2617 1443 2617 1443 2618 965 2618 964 2618 1443 2619 964 2619 1444 2619 1444 2619 964 2619 963 2619 1444 2586 963 2586 1445 2586 1445 2585 963 2585 962 2585 1445 2608 962 2608 1446 2608 1446 2607 962 2607 961 2607 1446 2620 961 2620 1447 2620 1447 2620 961 2620 960 2620 1447 2621 960 2621 1448 2621 1448 2622 960 2622 959 2622 1448 57 959 57 1449 57 1449 57 959 57 958 57 1449 2602 958 2602 1450 2602 1450 2601 958 2601 972 2601 1450 2623 972 2623 1451 2623 1451 2623 972 2623 970 2623 1451 2598 970 2598 1438 2598 1438 2597 970 2597 967 2597 1438 64 1439 64 1452 64 1438 64 1452 64 1451 64 1448 2624 1449 2624 1452 2624 1452 64 1449 64 1450 64 1452 64 1450 64 1451 64 1445 64 1446 64 1452 64 1452 64 1446 64 1447 64 1452 64 1447 64 1448 64 1442 64 1443 64 1452 64 1452 64 1443 64 1444 64 1452 2625 1444 2625 1445 2625 1439 64 1440 64 1452 64 1452 64 1440 64 1441 64 1452 64 1441 64 1442 64</p>
        </triangles>
      </mesh>
    </geometry>
  </library_geometries>
  <library_visual_scenes>
    <visual_scene id="Scene" name="Scene">
      <node id="link_1_3" name="link_1_3" type="NODE">
        <matrix sid="transform">0 1 0 0 -1 0 0 0 0 0 1 0 0 0 0 1</matrix>
        <instance_geometry url="#link_1_3-mesh" name="link_1_3">
          <bind_material>
            <technique_common>
              <instance_material symbol="Material_001-material" target="#Material_001-material"/>
            </technique_common>
          </bind_material>
        </instance_geometry>
      </node>
    </visual_scene>
  </library_visual_scenes>
  <scene>
    <instance_visual_scene url="#Scene"/>
  </scene>
</COLLADA>