<?xml version="1.0" encoding="utf-8"?>
<COLLADA xmlns="http://www.collada.org/2005/11/COLLADASchema" version="1.4.1" xmlns:xsi="http://www.w3.org/2001/XMLSchema-instance">
  <asset>
    <contributor>
      <author>Blender User</author>
      <authoring_tool>Blender 4.0.2 commit date:2023-12-05, commit time:07:41, hash:9be62e85b727</authoring_tool>
    </contributor>
    <created>2025-10-30T10:31:43</created>
    <modified>2025-10-30T10:31:43</modified>
    <unit name="meter" meter="1"/>
    <up_axis>Z_UP</up_axis>
  </asset>
  <library_effects>
    <effect id="m_1-effect">
      <profile_COMMON>
        <technique sid="common">
          <lambert>
            <emission>
              <color sid="emission">0 0 0 1</color>
            </emission>
            <diffuse>
              <color sid="diffuse">0.2 0.2 0.17 1</color>
            </diffuse>
            <reflectivity>
              <float sid="specular">1</float>
            </reflectivity>
            <index_of_refraction>
              <float sid="ior">1.45</float>
            </index_of_refraction>
          </lambert>
        </technique>
      </profile_COMMON>
    </effect>
  </library_effects>
  <library_images/>
  <library_materials>
    <material id="m_1-material" name="m_1">
      <instance_effect url="#m_1-effect"/>
    </material>
  </library_materials>
  <library_geometries>
    <geometry id="link_2_4-mesh" name="link_2_4">
      <mesh>
        <source id="link_2_4-mesh-positions">
          <float_array id="link_2_4-mesh-positions-array" count="3594">0.00575 -0.005999982 0.01999998 0.00575 -0.005999982 0.01749998 0.006515324 -0.005847752 0.01749998 0.006515324 -0.005847752 0.01999998 0.00716418 -0.005414187 0.01749998 0.00716418 -0.005414187 0.01999998 0.007597744 -0.004765331 0.01749998 0.007597744 -0.004765331 0.01999998 0.007749974 -0.003999948 0.01749998 0.007749974 -0.003999948 0.01999998 0.007749974 0.003999948 0.01999998 0.007749974 0.003999948 0.01749998 0.007597744 0.004765331 0.01749998 0.007597744 0.004765331 0.01999998 0.00716418 0.005414187 0.01749998 0.00716418 0.005414187 0.01999998 0.006515324 0.005847752 0.01749998 0.006515324 0.005847752 0.01999998 0.00575 0.005999982 0.01749998 0.00575 0.005999982 0.01999998 -0.00575 0.005999982 0.01999998 -0.00575 0.005999982 0.01749998 -0.006515324 0.005847752 0.01749998 -0.006515324 0.005847752 0.01999998 -0.00716418 0.005414187 0.01749998 -0.00716418 0.005414187 0.01999998 -0.007597744 0.004765331 0.01749998 -0.007597744 0.004765331 0.01999998 -0.007749974 0.003999948 0.01749998 -0.007749974 0.003999948 0.01999998 -0.007749974 -0.003999948 0.01999998 -0.007749974 -0.003999948 0.01749998 -0.007597744 -0.004765331 0.01749998 -0.007597744 -0.004765331 0.01999998 -0.00716418 -0.005414187 0.01749998 -0.00716418 -0.005414187 0.01999998 -0.006515324 -0.005847752 0.01749998 -0.006515324 -0.005847752 0.01999998 -0.00575 -0.005999982 0.01749998 -0.00575 -0.005999982 0.01999998 0.007249951 0.003999948 0.0205 0.007135808 0.004574 0.0205 0.006810605 0.005060613 0.0205 -0.00575 -0.005499958 0.0205 0.00575 -0.005499958 0.0205 0.007249951 -0.003999948 0.0205 0.00575 0.005499958 0.0205 -0.00575 0.005499958 0.0205 -0.007249951 0.003999948 0.0205 -0.006323993 0.005385816 0.0205 -0.006810605 0.005060613 0.0205 -0.007135808 0.004574 0.0205 0.006323993 -0.005385816 0.0205 0.006810605 -0.005060613 0.0205 0.007135808 -0.004574 0.0205 -0.006810605 -0.005060613 0.0205 -0.006323993 -0.005385816 0.0205 -0.007135808 -0.004574 0.0205 -0.007249951 -0.003999948 0.0205 0.006323993 0.005385816 0.0205 0.009799957 0.005549967 0.01749998 0.009711384 0.006209671 0.01749998 0.007299959 0.008049964 0.01749998 0.007959663 0.007961392 0.01749998 0.008737504 0.00759536 0.01749998 0.009345352 0.006987512 0.01749998 0.009799957 -0.005549967 0.01749998 0.009677588 -0.006322503 0.01749998 0.009322524 -0.00701946 0.01749998 0.008769452 -0.007572531 0.01749998 -0.007299959 -0.008049964 0.01749998 -0.008072495 -0.007927596 0.01749998 -0.009799957 -0.005549967 0.01749998 -0.009677588 -0.006322503 0.01749998 -0.009322524 -0.00701946 0.01749998 -0.008769452 -0.007572531 0.01749998 -0.009799957 0.005549967 0.01749998 -0.008769452 0.007572531 0.01749998 -0.008072495 0.007927596 0.01749998 -0.007299959 0.008049964 0.01749998 0.008072495 -0.007927596 0.01749998 0.007299959 -0.008049964 0.01749998 -0.009677588 0.006322503 0.01749998 -0.009322524 0.00701946 0.01749998 -0.006052255 0.008049964 0.009499967 -0.007299959 0.008049964 0.009499967 0.007299959 0.008049964 0.008999943 0.004899978 0.008049964 0.008999943 0.007299959 0.008049964 0.01545631 0.004899978 0.008049964 0.009499967 0.007299721 0.008049964 0.01550012 -0.009799957 0.002449989 0 -0.009799957 -0.002449989 0 -0.009799957 0.002449989 0.003074109 -0.009799957 -0.002449989 0.003074109 -0.009799957 0.002518892 0.004018187 -0.009799957 -0.002518892 0.004018187 -0.009799957 0.00272423 0.004942297 -0.009799957 -0.003523886 0.006652832 -0.009799957 -0.003061592 0.005826771 -0.009799957 0.005549967 0.008613944 -0.009799957 0.004781365 0.008061349 -0.009799957 -0.005549967 0.008613944 -0.009799957 -0.004781365 0.008061349 -0.009799957 -0.004101216 0.007403016 -0.009799957 -0.001527547 -0.001915454 -0.009799957 -0.001915454 -0.001527547 -0.009799957 0.004101216 0.007403016 -0.009799957 0.003523886 0.006652832 -0.009799957 0.003061592 0.005826771 -0.009799957 0.002388536 -5.45176e-4 -0.009799957 0.002207338 -0.001062989 -0.009799957 -5.45176e-4 -0.002388536 -0.009799957 0.001915454 -0.001527547 -0.009799957 0.001527547 -0.001915454 -0.009799957 0.001062989 -0.002207338 -0.009799957 5.45176e-4 -0.002388536 -0.009799957 0 -0.002449989 -0.009799957 -0.001062989 -0.002207338 -0.009799957 -0.002207338 -0.001062989 -0.009799957 -0.002388536 -5.45176e-4 -0.009799957 -0.00272423 0.004942297 0.004899978 -0.008049964 0.008999943 0.007299959 -0.008049964 0.008999943 0.004899978 -0.008049964 0.009499967 -0.006052255 -0.008049964 0.009499967 -0.007299959 -0.008049964 0.009499967 0.009799957 -0.005549967 0.007364213 0.009799957 -0.00487864 0.006692886 0.009799957 -0.004505574 0.006238281 0.009799957 0.005549967 0.007364213 0.009799957 -0.004228353 0.005719602 0.009799957 0.00487864 0.006692886 0.009799957 -0.004057586 0.005156815 0.009799957 0.004505574 0.006238281 0.009799957 0.004228353 0.005719602 0.009799957 0.004057586 0.005156815 0.009799957 -0.003999948 0.004571557 0.009799957 0.003999948 0.004571557 0.009799957 0.00444442 0.002290606 0.009799957 -0.004050195 0.003491222 0.009799957 0.004768729 0.00150299 0.009799957 -0.004199564 0.002875208 0.009799957 0.004954636 6.71808e-4 0.009799957 0.004199564 0.002875208 0.009799957 0.004050195 0.003491222 0.009799957 0.003999948 0.004123091 0.009799957 -0.004768729 0.00150299 0.009799957 0.004649043 -0.001840174 0.009799957 -0.00444442 0.002290606 0.009799957 0.004893898 -0.001024365 0.009799957 0.004996776 -1.78899e-4 0.009799957 -0.004954636 6.71808e-4 0.009799957 -0.004996776 -1.78899e-4 0.009799957 -0.004893898 -0.001024365 0.009799957 -0.003999948 0.004123091 0.009799957 -0.004649043 -0.001840174 0.009799957 -0.004269242 -0.002602577 0.009799957 -0.003765523 -0.003289401 0.009799957 -0.002448141 -0.004359602 0.009799957 -0.001672625 -0.004711866 0.009799957 -8.48654e-4 -0.004927396 0.009799957 0 -0.004999995 0.009799957 0.002448141 -0.004359602 0.009799957 0.003152608 -0.003880798 0.009799957 -0.003152608 -0.003880798 0.009799957 8.48654e-4 -0.004927396 0.009799957 0.001672625 -0.004711866 0.009799957 0.003765523 -0.003289401 0.009799957 0.004269242 -0.002602577 -0.008469223 0.00775969 0.009234309 -0.008799016 0.007550656 0.009190618 -0.009686231 0.006295502 0.00886476 -0.009777069 0.005887806 0.008733391 -0.009103238 0.007281482 0.00913012 -0.009343385 0.006990253 0.009059071 -0.009550631 0.006638348 0.008965134 -0.007308423 0.008049964 0.009494602 -0.00809431 0.007920444 0.009265899 -0.007708013 0.008016467 0.009284019 -0.007639586 0.008026778 0.009285926 0.007309079 0.008049964 0.00899589 0.007962107 0.007960677 0.008810639 0.007796645 0.008000135 0.008834302 0.007637381 0.008027076 0.008850455 0.008553445 0.007713019 0.008661985 0.00874114 0.007592797 0.008589863 0.009206891 0.007166624 0.008334159 0.009347558 0.006984353 0.008224785 0.009646415 0.006412625 0.00788176 -0.007308423 -0.008049964 0.009494602 -0.007639586 -0.008026778 0.009285926 -0.007706403 -0.008016705 0.009284079 -0.008873164 -0.007492959 0.009178042 -0.008537828 -0.00772202 0.00922662 -0.008484542 -0.007751524 0.00923264 -0.008111 -0.007914781 0.009264826 -0.009166479 -0.007213175 0.009113967 -0.009245812 -0.007119536 0.009091317 -0.009475111 -0.006782352 0.009004652 -0.009646892 -0.006411373 0.008899688 -0.009765088 -0.005966007 0.008759617 0.009324967 -0.007016062 0.008243858 0.009577751 -0.006580412 0.007982432 0.009678304 -0.006320357 0.007826447 0.009791016 -0.005761504 0.007491111 0.008075058 -0.007926762 0.008790254 0.008536875 -0.007722556 0.008667707 0.00877285 -0.007570028 0.008576214 0.009131848 -0.007251262 0.008384943 0.007309079 -0.008049964 0.00899589 0.007637381 -0.008027076 0.008850455 0.007856428 -0.00798726 0.008826553 -0.008083224 0.007049977 0.008499979 -0.008034825 0.007186293 0.008509278 -0.00511676 0.007049977 0.008499979 -0.007940411 0.00737822 0.008555352 -0.005226612 0.007318615 0.008536756 -0.005375206 0.007549941 0.008633971 -0.007824718 0.007549941 0.008633971 -0.005571663 0.007759749 0.008795499 -0.007675409 0.007716178 0.008754193 -0.005781054 0.007915973 0.008999943 -0.00741887 0.007915973 0.008999943 -0.005957603 0.008010625 0.009222149 -0.006024479 0.008039176 0.009353339 -0.00727576 0.00799489 0.009172677 -0.007167041 0.008042514 0.009378015 -0.007249772 0.008044183 0.009392678 -0.007454931 0.008041739 0.009371936 -0.007675409 -0.007716178 0.008754193 -0.007824718 -0.007549941 0.008633971 -0.005572497 -0.007760524 0.008796334 -0.00803554 -0.007184445 0.008509039 -0.008083224 -0.007049977 0.008499979 -0.00511676 -0.007049977 0.008499979 -0.007940351 -0.007378339 0.008555412 -0.005226135 -0.007317602 0.008536458 -0.005375206 -0.007549941 0.008633971 -0.007556498 -0.008035778 0.00933212 -0.007366359 -0.008044004 0.00939083 -0.007167041 -0.008042514 0.009378015 -0.005957961 -0.008010745 0.009222686 -0.006024718 -0.008039236 0.009353995 -0.00741887 -0.007915973 0.008999943 -0.005781054 -0.007915973 0.008999943 -0.007275879 -0.00799483 0.009172499 0.005568683 -0.007757067 0.008157074 0.004899978 -0.007757067 0.008157074 0.005491793 -0.007683694 0.008083701 0.005270481 -0.007396757 0.007796764 0.005170822 -0.005999922 0.006399929 0.004899978 -0.00558573 0.005985736 0.005346834 -0.005687773 0.006087779 0.005427837 -0.00558573 0.005985736 0.005070567 -0.006348192 0.006748199 0.005053877 -0.006710231 0.007110238 0.005121767 -0.007066249 0.007466256 0.007714152 0.007677555 0.008077502 0.007685065 0.00770682 0.008106827 0.008052051 0.007554888 0.007954895 0.007772088 0.00558573 0.005985736 0.007848501 0.005681514 0.006081521 0.00879997 0.00558573 0.005985736 0.008026123 0.005992829 0.006392836 0.00879997 0.006257057 0.006657063 0.008128106 0.006340384 0.006740391 0.008707821 0.006774663 0.00717467 0.008146584 0.006702184 0.007102191 0.00844413 0.007227063 0.007627069 0.008080661 0.007058382 0.007458329 0.007933795 0.007389485 0.007789492 0.005188107 -0.005960285 6.88876e-4 0.005251944 -0.005834937 0.001397609 0.004899978 -0.005834937 0.001397609 0.005506038 -0.005501866 0.002393543 0.005706608 -0.005333304 0.002748727 0.004899978 -0.005333304 0.002748727 0.005485892 0.00552231 -0.002345919 0.005753219 0.005301654 -0.002809226 0.004899978 0.005301654 -0.002809226 0.007729768 0.005538761 0.002306818 0.007493317 0.005333304 0.002748727 0.00879997 0.005333304 0.002748727 0.007864534 0.005703687 0.001862108 0.00879997 0.005722463 0.001803576 0.007947981 0.005834937 0.001397609 0.00879997 0.005834937 0.001397609 0.008011937 0.005960524 6.86839e-4 0.00879997 0.005945563 8.06169e-4 0.008029103 0.005999863 -3.41349e-5 0.00879997 0.005999863 -3.41349e-5 0.00879997 0.005996108 -2.14679e-4 0.008008062 0.00595206 -7.56913e-4 0.00879997 0.005872666 -0.001229286 0.007938623 0.005818665 -0.00146389 0.00879997 0.005818665 -0.00146389 0.007856965 0.005693078 -0.001894235 0.00879997 0.005578815 -0.002208232 0.007729768 0.005538761 -0.002306818 0.00879997 0.005301654 -0.002809226 0.007607817 0.005422353 -0.002568602 0.006284832 0.005082368 -0.003188967 0.006611347 0.005050003 -0.00323987 0.004899978 0.004478812 -0.003992438 0.006000161 0.005170702 -0.003043532 0.00879997 0.005123078 -0.003123104 0.007220685 0.005179703 -0.003028273 0.007446706 0.005301654 -0.002809226 0.006937444 0.005087137 -0.003181278 0.00879997 0.004478812 -0.003992438 0.00879997 0.004518628 -0.003947317 0.004899978 0.005818665 -0.00146389 0.005261301 0.005818665 -0.00146389 0.005348086 0.005685985 -0.001915454 0.004899978 0.005834937 0.001397609 0.005188047 0.005960404 6.87984e-4 0.004899978 0.005999863 -3.41349e-5 0.005170822 0.005999863 -3.41349e-5 0.005191981 0.005951821 -7.58648e-4 0.005706608 0.005333304 0.002748727 0.005485892 0.00552231 0.002345919 0.004899978 0.005333304 0.002748727 0.005340874 0.005695998 0.001885473 0.005251944 0.005834937 0.001397609 0.005346834 -0.005687713 0.001910269 0.005170822 -0.005999863 -3.41349e-5 0.004899978 -0.005999863 -3.41349e-5 0.005191802 -0.005952179 -7.55626e-4 0.004899978 -0.005818665 -0.00146389 0.005261301 -0.005818665 -0.00146389 0.005354702 -0.005677044 -0.001941859 0.004899978 -0.005301654 -0.002809226 0.005506038 -0.005501866 -0.002393543 0.007244884 -0.005190491 -0.003009676 0.006965458 -0.005093693 -0.003170788 0.00879997 -0.004478812 -0.003992438 0.006638586 -0.00505048 -0.003239214 0.0063138 -0.005076646 -0.003198027 0.004899978 -0.004478812 -0.003992438 0.006026089 -0.005160152 -0.003061473 0.005753219 -0.005301654 -0.002809226 0.00879997 -0.004518628 -0.003947317 0.00879997 -0.005123078 -0.003123104 0.007446706 -0.005301654 -0.002809226 0.00879997 -0.005301654 -0.002809226 0.007619261 -0.005432248 -0.002547562 0.007747232 -0.005557715 -0.002260804 0.007862746 -0.005701124 -0.001869976 0.00879997 -0.005578815 -0.002208232 0.007938623 -0.005818665 -0.00146389 0.00879997 -0.005818665 -0.00146389 0.008008301 -0.005952537 -7.5305e-4 0.00879997 -0.005872666 -0.001229286 0.00879997 -0.005996108 -2.14679e-4 0.008029103 -0.005999863 -3.41349e-5 0.00879997 -0.005999863 -3.41349e-5 0.008011937 -0.005960583 6.86202e-4 0.00879997 -0.005945563 8.06169e-4 0.007947981 -0.005834937 0.001397609 0.00879997 -0.005834937 0.001397609 0.007870197 -0.005711674 0.001837432 0.00879997 -0.005722463 0.001803576 0.007747232 -0.005557715 0.002260804 0.00879997 -0.005333304 0.002748727 0.007493317 -0.005333304 0.002748727 0.00879997 0.003783106 -0.00465697 0.004899978 0.003397524 -0.004945337 0.00879997 0.002120256 -0.00561285 0.004899978 0.002120256 -0.00561285 0.00879997 0.002937793 -0.005231559 0.00879997 0.003397524 -0.004945337 0.00879997 0.002007186 -0.005654275 0.00879997 0.001018345 -0.005912899 0.004899978 7.20613e-4 -0.00595653 0.00879997 -7.20613e-4 -0.00595653 0.004899978 -7.20613e-4 -0.00595653 0.00879997 0 -0.005999982 0.00879997 7.20613e-4 -0.00595653 0.00879997 -0.001018345 -0.005912899 0.00879997 -0.002007186 -0.005654275 0.004899978 -0.002120256 -0.00561285 0.00879997 -0.002120256 -0.00561285 0.00879997 -0.002937793 -0.005231559 0.004899978 -0.003397524 -0.004945337 0.00879997 -0.003783106 -0.00465697 0.00879997 -0.003397524 -0.004945337 -0.006399989 -0.00131607 0.002125501 -0.006399989 -4.59374e-4 0.00245738 -0.006399989 -0.005062937 0.008499979 -0.006399989 0.005062937 0.008499979 -0.006399989 4.59374e-4 0.00245738 -0.006399989 0.00131607 0.002125501 -0.006399989 0.001995027 0.001506567 -0.006399989 0.003449976 0.003074109 -0.006399989 0.003449976 0 -0.006399989 -0.002237856 -0.001114308 -0.006399989 -0.002489328 -2.30671e-4 -0.006399989 -0.003449976 0 -0.006399989 -0.00240451 6.84157e-4 -0.006399989 -0.003449976 0.003074109 -0.006399989 -0.001995027 0.001506567 -0.006399989 -0.003620982 0.004435062 -0.006399989 -0.004123508 0.005711376 -0.006399989 -0.004926145 0.006823658 -0.006399989 -0.005062937 0.006965219 -0.006399989 0.003620982 0.004435062 -0.006399989 0.004123508 0.005711376 -0.006399989 0.004926145 0.006823658 -0.006399989 0.005062937 0.006965219 -0.006399989 0.002237856 -0.001114308 -0.006399989 0.003281116 -0.001066088 -0.006399989 0.002489328 -2.30671e-4 -0.006399989 0.00240451 6.84157e-4 -0.006399989 -0.003281116 -0.001066088 -0.006399989 -0.002791106 -0.002027809 -0.006399989 -0.001684188 -0.001847505 -0.006399989 -0.002027809 -0.002791106 -0.006399989 -9.03104e-4 -0.002331137 -0.006399989 -0.001066088 -0.003281116 -0.006399989 0 -0.002499997 -0.006399989 0 -0.003449976 -0.006399989 9.03104e-4 -0.002331137 -0.006399989 0.001066088 -0.003281116 -0.006399989 0.001684188 -0.001847505 -0.006399989 0.002027809 -0.002791106 -0.006399989 0.002791106 -0.002027809 -0.008127033 -0.006865739 0.008163869 -0.008038163 -0.007177948 0.008280813 -0.008042693 -0.007175743 0.008280098 -0.008243858 -0.007059454 0.008238971 -0.008419871 -0.006917417 0.00818479 -0.008149266 -0.006552338 0.008023977 -0.008467495 -0.006869912 0.008165597 -0.008605062 -0.006698727 0.008092284 -0.006725251 -0.005055069 0.006957352 -0.00879997 -0.004926145 0.006823658 -0.007040202 -0.00511378 0.007015407 -0.007345795 -0.005241215 0.00713551 -0.008708119 -0.006510376 0.008003413 -0.008779048 -0.006284236 0.007884919 -0.008111417 -0.006256401 0.007869422 -0.00879997 -0.006073057 0.007761657 -0.008019685 -0.005977928 0.007701933 -0.00879997 -0.00597912 0.007702708 -0.007996976 -0.005928456 0.007669806 -0.00879997 -0.005422711 0.007294118 -0.00782907 -0.005655586 0.007478296 -0.007604837 -0.00541979 0.007291674 -0.00879997 -0.004123508 0.005711376 -0.00879997 -0.004358649 0.006102263 -0.00879997 -0.004847168 0.006737053 -0.00879997 -0.003967523 0.00540328 -0.00879997 -0.003682017 0.004654884 -0.00879997 -0.003449976 0.003074109 -0.00879997 -0.003508269 0.00387299 -0.00879997 -0.003620982 0.004435062 -0.006725847 0.005055069 0.006957411 -0.007345497 0.005241036 0.007135391 -0.007040202 0.00511378 0.007015407 -0.00879997 0.004926145 0.006823658 -0.007604837 0.00541979 0.007291674 -0.008038163 0.007177948 0.008280813 -0.008126676 0.006867647 0.008164644 -0.008199393 0.00708878 0.00824964 -0.008381962 0.006952106 0.00819844 -0.008526027 0.006804287 0.008138298 -0.008149266 0.006552338 0.008023977 -0.008650362 0.006625592 0.008058845 -0.008111715 0.006257653 0.007870078 -0.008786201 0.00624454 0.007862687 -0.008731722 0.006451547 0.007973909 -0.007828772 0.005655229 0.007478058 -0.00879997 0.005422711 0.007294118 -0.008020162 0.00597912 0.007702708 -0.00879997 0.00597912 0.007702708 -0.00879997 0.006073057 0.007761657 -0.00879997 0.004847168 0.006737053 -0.00879997 0.004358649 0.006102263 -0.00879997 0.003620982 0.004435062 -0.00879997 0.003682017 0.004654884 -0.00879997 0.003967523 0.00540328 -0.00879997 0.004123508 0.005711376 -0.00879997 0.003508269 0.00387299 -0.00879997 0.003449976 0.003074109 0.00879997 -0.005037665 0.003649175 0.006925284 -0.005084514 0.003415942 0.007244884 -0.005190491 0.00307101 0.00879997 -0.005149662 0.003187179 0.006794035 -0.005062162 0.003515362 0.00879997 -0.004999995 0.004123091 0.006638586 -0.00505048 0.003575026 0.004899978 -0.004999995 0.004123091 0.006536066 -0.005051314 0.003570556 0.004899978 -0.005084514 0.003415942 0.006026089 -0.005160152 0.003155946 0.00627464 -0.005084514 0.003415942 0.006439864 -0.005058288 0.003534555 0.006000161 0.005170702 0.003125369 0.004899978 0.005084514 0.003415942 0.004899978 0.004999995 0.004123091 0.00879997 0.004999995 0.004123091 0.006611347 0.005050003 0.003577411 0.006516158 0.005052208 0.003565549 0.006427943 0.00505954 0.003528177 0.00627464 0.005084514 0.003415942 0.00879997 0.005149662 0.003187179 0.007220685 0.005179703 0.003100335 0.00879997 0.005037665 0.003649175 0.006925284 0.005084514 0.003415942 0.006781816 0.005060672 0.003522634 -0.008149266 0.006552338 0.008499979 -0.008149266 -0.006552338 0.008499979 0.004899978 0.007049977 0.008499979 -0.007040202 -0.00511378 0.008499979 -0.007604837 -0.00541979 0.008499979 -0.007996976 -0.005928456 0.008499979 0.004899978 -0.007049977 0.008499979 -0.007996976 0.005928456 0.008499979 -0.007604837 0.00541979 0.008499979 -0.007040202 0.00511378 0.008499979 0.00879997 -0.004999995 0.004571557 0.007772088 -0.004999995 0.004571557 0.007523596 -0.004999995 0.004587829 0.007285416 -0.004999995 0.004636049 0.006017684 -0.004999995 0.004668116 0.005793273 -0.004999995 0.00460726 0.005702853 -0.004999995 0.004591524 0.005427837 -0.004999995 0.004571557 0.004899978 -0.004999995 0.004571557 0.007190346 -0.004999995 0.004665315 0.006977796 -0.004999995 0.0047549 0.006784677 -0.004999995 0.004871487 0.006226658 -0.004999995 0.004757225 0.006674528 -0.004999995 0.004955291 0.006508827 -0.004999995 0.004942059 0.00627166 -0.004999995 0.004781246 0.006576895 -0.004999995 0.004994869 0.006575226 -0.004999995 0.004993736 0.0065189 -0.004999995 0.004950106 0.006614148 -0.004999995 0.005000412 0.006604909 -0.004999995 0.005004703 0.006600081 -0.004999995 0.005005538 0.006596505 -0.004999995 0.005005121 0.006593704 -0.004999995 0.005004286 0.00658816 -0.004999995 0.005001723 0.007772088 0.004999995 0.004571557 0.00879997 0.004999995 0.004571557 0.006009578 0.004999995 0.004665315 0.006222128 0.004999995 0.0047549 0.006973326 0.004999995 0.004757225 0.00718224 0.004999995 0.004668116 0.006415247 0.004999995 0.004871487 0.004899978 0.004999995 0.004571557 0.005427837 0.004999995 0.004571557 0.005676329 0.004999995 0.004587829 0.005914509 0.004999995 0.004636049 0.007406711 0.004999995 0.00460726 0.007497072 0.004999995 0.004591524 0.006525397 0.004999995 0.004955291 0.006691157 0.004999995 0.004942059 0.006928324 0.004999995 0.004781246 0.006623029 0.004999995 0.004994869 0.006624758 0.004999995 0.004993736 0.006681084 0.004999995 0.004950106 0.006585776 0.004999995 0.005000412 0.006595015 0.004999995 0.005004703 0.006600677 0.004999995 0.005005538 0.006603419 0.004999995 0.005005121 0.006606221 0.004999995 0.005004286 0.006611824 0.004999995 0.005001723 0.004899978 0.007915973 0.008999943 0.004899978 -0.007915973 0.008999943 0.004899978 -0.008046805 0.008943736 0.004899978 -0.007988333 0.008518576 0.004899978 -0.007549941 0.008633971 0.004899978 0.002489328 2.30671e-4 0.004899978 0.002237856 0.001114308 0.004899978 0.005152225 0.00533694 0.004899978 0.00558573 0.005985736 0.004899978 0.007549941 0.008633971 0.004899978 0 0.002499997 0.004899978 -0.005152225 0.00533694 0.004899978 0.008046805 0.008943736 0.004899978 0.001684188 0.001847505 0.004899978 9.03104e-4 0.002331137 0.004899978 0.007757067 0.008157074 0.004899978 0.007988333 0.008518576 0.004899978 -0.001995027 -0.001506567 0.004899978 -0.00240451 -6.84157e-4 0.004899978 -0.002489328 2.30671e-4 0.004899978 0.00131607 -0.002125501 0.004899978 4.59374e-4 -0.00245738 0.004899978 -4.59374e-4 -0.00245738 0.004899978 -9.03104e-4 0.002331137 0.004899978 -0.001684188 0.001847505 0.004899978 -0.00131607 -0.002125501 0.004899978 0.00240451 -6.84157e-4 0.004899978 -0.002237856 0.001114308 0.004899978 0.001995027 -0.001506567 -0.00879997 0.003449976 0 -0.00879997 -0.003449976 0 -0.00879997 -0.00336349 -7.67697e-4 -0.00879997 -0.002791106 -0.002027809 -0.00879997 -0.003108322 -0.001496851 -0.00879997 -0.003281116 -0.001066088 -0.00879997 -0.002697288 -0.002151012 -0.00879997 -0.002151012 -0.002697288 -0.00879997 -0.002027809 -0.002791106 -0.00879997 -0.001496851 -0.003108322 -0.00879997 -0.001066088 -0.003281116 -0.00879997 -7.67697e-4 -0.00336349 -0.00879997 0 -0.003449976 -0.00879997 7.67697e-4 -0.00336349 -0.00879997 0.002027809 -0.002791106 -0.00879997 0.001496851 -0.003108322 -0.00879997 0.001066088 -0.003281116 -0.00879997 0.002151012 -0.002697288 -0.00879997 0.002697288 -0.002151012 -0.00879997 0.002791106 -0.002027809 -0.00879997 0.003108322 -0.001496851 -0.00879997 0.00336349 -7.67697e-4 -0.00879997 0.003281116 -0.001066088 0.005270719 0.007397174 0.007797181 0.00548923 0.007681071 0.008081078 0.005568683 0.007757067 0.008157074 0.005427837 0.00558573 0.005985736 0.005348384 0.005685627 0.006085634 0.005170345 0.006001055 0.006401062 0.005121946 0.007066905 0.007466912 0.005053937 0.006711125 0.007111132 0.005070388 0.006349265 0.006749212 0.008128583 -0.006343543 0.00674355 0.008027255 -0.005995571 0.006395578 0.00879997 -0.00558573 0.005985736 0.007847905 -0.00568068 0.006080627 0.007772088 -0.00558573 0.005985736 0.007685065 -0.00770682 0.008106827 0.007712423 -0.007679283 0.00807929 0.008042097 -0.00756061 0.007960617 0.007931947 -0.007392704 0.007792711 0.008399069 -0.007277846 0.007677853 0.008079588 -0.007061719 0.007461726 0.008666634 -0.006875336 0.007275342 0.008146345 -0.006705522 0.007105529 0.008794605 -0.006384015 0.006784021 0.00879997 -0.006257057 0.006657063 0.005849003 0.005244076 -1.47409e-4 0.005414187 0.005601763 2.15237e-4 0.007360875 0.005249619 -1.39782e-4 0.00779587 0.005613863 2.06286e-4 0.007372379 -0.005256175 -1.30487e-4 0.007807135 -0.005627691 1.95422e-4 0.005861282 -0.00523734 -1.56378e-4 0.005427122 -0.005586624 2.2584e-4 0.005983948 -0.008022308 0.008835911 0.00604391 -0.008046805 0.008943736 0.006050407 -0.008049309 0.00882703 0.00716263 -0.008044242 0.008924484 0.00729984 -0.007982969 0.008749961 0.007172286 -0.008040428 0.008750438 0.007178246 -0.008038043 0.008728802 0.007581055 -0.007799983 0.008566975 0.007340848 -0.007961452 0.008453369 0.007232546 -0.008015036 0.008604943 0.007709383 -0.007682442 0.008517861 0.007468342 -0.007883906 0.008316516 0.008128583 -0.006343543 0.008499979 0.008079588 -0.007061719 0.008499979 0.007824718 -0.007549941 0.008499979 0.007847905 -0.00568068 0.008499979 0.007316768 -0.005225658 0.005625665 0.007466793 -0.005315005 0.005715012 0.007298052 -0.005216062 0.008499979 0.007574915 -0.005394995 0.005795001 0.007614374 -0.005428016 0.005828022 0.007698774 -0.005506753 0.00590676 0.006597578 -0.005049943 0.008499979 0.006604373 -0.005050003 0.00544995 0.00674647 -0.005056917 0.005456924 0.006884932 -0.005076408 0.005476415 0.00695759 -0.005091786 0.005491793 0.007298052 -0.005216062 0.005616068 0.006034195 -0.005156934 0.005556941 0.006237745 -0.005092918 0.005492866 0.006241738 -0.005091965 0.005491912 0.006341338 -0.005071699 0.005471706 0.006425917 -0.005059778 0.005459785 0.00649029 -0.005053877 0.005453884 0.006597578 -0.005049943 0.00544995 0.005509734 -0.00549817 0.005898177 0.00554043 -0.005468666 0.005868613 0.0058977 -0.005218207 0.008499979 0.005628585 -0.005392134 0.00579214 0.005735874 -0.005313158 0.005713164 0.005764544 -0.005294382 0.005694389 0.0058977 -0.005218207 0.005618214 0.006013631 -0.005165159 0.005565166 0.005349218 -0.005684494 0.008499979 0.005070567 -0.006348192 0.008499979 0.00561887 -0.007799983 0.008566975 0.005493879 -0.00768578 0.008518755 0.005375206 -0.007549941 0.008499979 0.005121767 -0.007066249 0.008499979 0.005900144 -0.007982969 0.008749961 0.006023406 -0.008038759 0.008714854 0.005910873 -0.007988333 0.008518576 0.005742847 -0.007891416 0.008323848 0.008128106 0.006340384 0.008499979 0.006050467 0.008049309 0.008827388 0.00604391 0.008046805 0.008943736 0.005983829 0.008022248 0.008835792 0.005494117 0.007686018 0.008518815 0.00561887 0.007799983 0.008566975 0.005742311 0.007891058 0.008323311 0.005900144 0.007982969 0.008749961 0.005910873 0.007988333 0.008518576 0.006023406 0.008038759 0.008714854 0.005070388 0.006349265 0.008499979 0.005121946 0.007066905 0.008499979 0.005375206 0.007549941 0.008499979 0.005348384 0.005685627 0.008499979 0.005896091 0.005218982 0.008499979 0.005896091 0.005218982 0.005618989 0.005883157 0.005225658 0.005625665 0.005733132 0.005315005 0.005715012 0.005625009 0.005394995 0.005795001 0.005585551 0.005428016 0.005828022 0.005501151 0.005506753 0.00590676 0.006235837 0.005093336 0.005493342 0.006595492 0.005050003 0.008499979 0.006595492 0.005050003 0.00544995 0.007165729 0.005156934 0.005556941 0.006969392 0.005094647 0.005494654 0.006955385 0.005091249 0.005491256 0.006858587 0.005071699 0.005471706 0.006774067 0.005059778 0.005459785 0.006709635 0.005053877 0.005453884 0.006624102 0.005050182 0.005450129 0.007690191 0.00549817 0.005898177 0.007659494 0.005468666 0.005868613 0.007295846 0.005214929 0.008499979 0.007571339 0.005392134 0.00579214 0.007464051 0.005313158 0.005713164 0.007435381 0.005294382 0.005694389 0.007295846 0.005214929 0.005614936 0.007186293 0.005165159 0.005565166 0.007846236 0.005678355 0.008499979 0.008080661 0.007058382 0.008499979 0.007824718 0.007549941 0.008499979 0.007712125 0.007679641 0.008517086 0.007581055 0.007799983 0.008566975 0.007454395 0.007893204 0.008330523 0.00729984 0.007982969 0.008749961 0.007193267 0.008031904 0.008685886 0.007276594 0.007994472 0.008535981 0.00716263 0.008044242 0.008924484 0.007159292 0.008045554 0.008831322 0.007178246 0.008038043 0.008728981 -0.00767368 0.007717847 0.008568465 -0.007798731 0.007582545 0.0084697 -0.007892668 0.00745517 0.008396983 -0.007158815 0.008045732 0.009266436 -0.00720179 0.008028388 0.009092509 -0.007290184 0.007987797 0.0089432 -0.007463991 0.007886826 0.008750498 -0.007590949 0.007791817 0.008636891 -0.007682442 -0.007709383 0.008561432 -0.007798731 -0.007582545 0.0084697 -0.007968723 -0.007327258 0.008337497 -0.007158815 -0.008045732 0.009266436 -0.00720179 -0.008028388 0.009092509 -0.007290184 -0.007987797 0.0089432 -0.007463991 -0.007886826 0.008750498 0.00879997 0.005337059 0.005682706 0.007772088 0.005152225 0.00533694 0.00879997 0.00503838 0.004961729 0.00879997 0.005152225 0.00533694 0.007600247 0.005128681 0.005289793 0.007541239 0.005120813 0.005278468 0.007387101 0.005100548 0.005259871 0.00722891 0.005079865 0.005255103 0.007191717 0.005074977 0.005255579 0.006944 0.005041718 0.005260229 0.006928324 0.005039572 0.005259633 0.006799161 0.005023777 0.005247175 0.006792604 0.005023121 0.005246341 0.006736338 0.005017995 0.005238831 0.0066908 0.005014955 0.005233764 0.006656885 0.005013465 0.005231022 0.006612479 0.005012571 0.005229234 0.006597697 0.005012512 0.005229175 0.006523728 0.00501424 0.005232453 0.006449103 0.005019187 0.005240738 0.006282448 0.005038142 0.005259096 0.006141364 0.005057215 0.005259692 0.005967378 0.005080342 0.005255043 0.005807042 0.005101263 0.005260288 0.005740463 0.005110025 0.005266726 0.00558263 0.005130946 0.005293488 0.005427837 0.005152225 0.00533694 0.005427837 -0.005152225 0.00533694 0.006008207 -0.005074977 0.005255579 0.005971074 -0.005079865 0.005255103 0.005812823 -0.005100548 0.005259871 0.005658745 -0.005120813 0.005278468 0.005599677 -0.005128681 0.005289793 0.006255924 -0.005041718 0.005260229 0.00627166 -0.005039572 0.005259633 0.006400823 -0.005023777 0.005247175 0.00640738 -0.005023121 0.005246341 0.006463646 -0.005017995 0.005238831 0.006509184 -0.005014955 0.005233764 0.00654304 -0.005013465 0.005231022 0.006587505 -0.005012571 0.005229234 0.006602227 -0.005012512 0.005229175 0.006676197 -0.00501424 0.005232453 0.006750881 -0.005019187 0.005240738 0.006917476 -0.005038142 0.005259096 0.00705856 -0.005057215 0.005259692 0.007232546 -0.005080342 0.005255043 0.007392883 -0.005101263 0.005260288 0.007459461 -0.005110025 0.005266726 0.007617294 -0.005130946 0.005293488 0.007772088 -0.005152225 0.00533694 0.00879997 -0.005337059 0.005682706 0.00879997 -0.005152225 0.00533694 0.00879997 -0.00503838 0.004961729 -0.007902741 -0.007562458 0.008468508 -0.008004844 -0.0077793 0.008721232 -0.008330285 -0.007647991 0.008690416 -0.007653117 -0.007861554 0.008739531 -0.007691025 -0.007993102 0.009058773 -0.008080482 -0.007897853 0.009039938 -0.008440494 -0.007745504 0.009008169 -0.008491933 -0.007717967 0.009002208 -0.008816182 -0.007504582 0.008953988 -0.00910151 -0.007244408 0.008889853 -0.009179234 -0.007157444 0.008867084 -0.00940603 -0.006844222 0.008779585 -0.009580671 -0.00649935 0.008672773 -0.009709477 -0.006084382 0.008529007 -0.009760916 -0.005694687 0.008378207 -0.007299959 -0.008024215 0.009064793 -0.008376836 -0.007624268 0.008684635 -0.008670628 -0.007440686 0.008637368 -0.008930206 -0.007217347 0.008574187 -0.009001255 -0.007142782 0.008551657 -0.00920993 -0.006874501 0.008464455 -0.009373664 -0.006579518 0.008357286 -0.009499728 -0.006224691 0.00821197 -0.009558022 -0.005891084 0.00805813 -0.008180916 -0.00745517 0.008439123 -0.008220732 -0.007435798 0.00843364 -0.008471548 -0.007285833 0.008388638 -0.008692741 -0.007103383 0.008328557 -0.00875312 -0.007042527 0.008307099 -0.008930027 -0.006823658 0.008224248 -0.009067654 -0.006583333 0.008122563 -0.009171605 -0.006295144 0.007984817 -0.009216964 -0.006025373 0.007839322 -0.009723842 -0.0028975 0.003962635 -0.009723842 -0.005026817 0.007767736 -0.00950706 -0.005234837 0.007518827 -0.009182631 -0.005373895 0.00735253 -0.009723842 -0.004386663 0.007148146 -0.00950706 -0.004628658 0.006932079 -0.009182631 -0.004790365 0.006787717 -0.009723842 -0.003843307 0.006442129 -0.00950706 -0.004114151 0.006263494 -0.009182631 -0.00429511 0.006144165 -0.009723842 -0.003408253 0.005664706 -0.009723842 -0.003090739 0.004832327 -0.00950706 -0.003702163 0.005527317 -0.00950706 -0.003401517 0.004739046 -0.009182631 -0.003898561 0.005435526 -0.009182631 -0.00360912 0.004676759 -0.009723842 -0.002832651 0.003074109 -0.009666025 -0.002949953 0.003074109 -0.00950706 -0.003218531 0.003915488 -0.00950706 -0.003157079 0.003074109 -0.009182631 -0.003432989 0.003884017 -0.009299993 -0.003315985 0.003074109 -0.009182631 -0.003373861 0.003074109 -0.009723842 -0.002832651 0 -0.009666025 -0.002949953 0 -0.00950706 -0.003157079 0 -0.009299993 -0.003315985 0 -0.009182631 -0.003373861 0 -0.009299993 0.003315985 0 -0.009182631 0.003373861 0 -0.009182631 0.003289282 -7.50759e-4 -0.009182631 -0.003289282 -7.50759e-4 -0.009182631 0.003039717 -0.00146383 -0.009182631 0.002637803 -0.002103567 -0.009182631 0.002103567 -0.002637803 -0.009182631 0.00146383 -0.003039717 -0.009182631 7.50759e-4 -0.003289282 -0.009182631 0 -0.003373861 -0.009182631 -7.50759e-4 -0.003289282 -0.009182631 -0.00146383 -0.003039717 -0.009182631 -0.002103567 -0.002637803 -0.009182631 -0.002637803 -0.002103567 -0.009182631 -0.003039717 -0.00146383 -0.009666025 0.002949953 0 -0.00950706 0.003157079 0 -0.00950706 0.003077924 -7.02522e-4 -0.00950706 0.002844452 -0.001369774 -0.00950706 0.002468287 -0.001968383 -0.00950706 0.001968383 -0.002468287 -0.00950706 0.001369774 -0.002844452 -0.00950706 7.02522e-4 -0.003077924 -0.00950706 0 -0.003157079 -0.00950706 -7.02522e-4 -0.003077924 -0.00950706 -0.001369774 -0.002844452 -0.00950706 -0.001968383 -0.002468287 -0.00950706 -0.002468287 -0.001968383 -0.00950706 -0.002844452 -0.001369774 -0.00950706 -0.003077924 -7.02522e-4 -0.009723842 0.002832651 0 -0.009723842 0.002761662 -6.30331e-4 -0.009723842 0.002552151 -0.001229047 -0.009723842 0.00221467 -0.001766145 -0.009723842 0.001766145 -0.00221467 -0.009723842 0.001229047 -0.002552151 -0.009723842 6.30331e-4 -0.002761662 -0.009723842 0 -0.002832651 -0.009723842 -6.30331e-4 -0.002761662 -0.009723842 -0.001229047 -0.002552151 -0.009723842 -0.001766145 -0.00221467 -0.009723842 -0.00221467 -0.001766145 -0.009723842 -0.002552151 -0.001229047 -0.009723842 -0.002761662 -6.30331e-4 -0.009723842 0.002832651 0.003074109 -0.009666025 0.002949953 0.003074109 -0.00950706 0.003157079 0.003074109 -0.009299993 0.003315985 0.003074109 -0.009182631 0.003373861 0.003074109 -0.009182631 0.005373895 0.00735253 -0.009760737 0.005695104 0.008377492 -0.009723842 0.0028975 0.003962635 -0.009723842 0.003090739 0.004832327 -0.009723842 0.003408253 0.005664706 -0.009723842 0.003843307 0.006442129 -0.009723842 0.004386663 0.007148146 -0.009723842 0.005026817 0.007767736 -0.009557664 0.005891323 0.008057773 -0.00950706 0.003218531 0.003915488 -0.00950706 0.003401517 0.004739046 -0.00950706 0.003702163 0.005527317 -0.00950706 0.004114151 0.006263494 -0.00950706 0.004628658 0.006932079 -0.00950706 0.005234837 0.007518827 -0.009216725 0.006025433 0.007839202 -0.009182631 0.003432989 0.003884017 -0.009182631 0.003898561 0.005435526 -0.009182631 0.00360912 0.004676759 -0.009182631 0.00429511 0.006144165 -0.009182631 0.004790365 0.006787717 -0.007299959 0.008024096 0.009064137 -0.007890284 0.007566034 0.008469402 -0.008169412 0.007460415 0.008440494 -0.008415818 0.007323443 0.008400201 -0.007654428 0.007861137 0.008739113 -0.007990241 0.007783651 0.008721888 -0.007692515 0.007992744 0.009058117 -0.008064329 0.007902979 0.009040296 -0.008425593 0.007753014 0.009009122 -0.00874418 0.007558286 0.008965849 -0.00903958 0.007307946 0.00890541 -0.009274959 0.007037401 0.008833944 -0.009481728 0.006710588 0.008738815 -0.009621798 0.006391823 0.008636355 -0.009723782 0.006011664 0.008501291 -0.0086447 0.007147789 0.008343636 -0.008827686 0.006958425 0.008276283 -0.008989453 0.006730258 0.008186042 -0.009100377 0.006508409 0.00808829 -0.009183585 0.00624454 0.00795865 -0.008316814 0.007654309 0.008691608 -0.008605301 0.00748676 0.008649289 -0.008873701 0.007271707 0.008589804 -0.009088993 0.007039725 0.008518993 -0.009280323 0.006760001 0.008423984 -0.009412944 0.006487429 0.008320927 -0.00951451 0.006162345 0.008184075 0.007716894 0.007951259 0.008489668 0.007768929 0.00799632 0.008701384 0.008487999 0.007737278 0.008524835 0.009121716 0.007240712 0.00818789 0.009570717 0.006546437 0.007720112 0.00755155 0.008036851 0.008886158 0.007337152 0.008046627 0.008942246 0.007658958 0.007860004 0.008295059 0.008359074 0.007731318 0.008308291 0.008933544 0.007308125 0.007960915 0.009356021 0.006711781 0.007475793 0.009765028 0.005735278 0.007178843 0.009666025 0.005903542 0.007010638 0.009564578 0.006005704 0.006908416 0.009299993 0.006162345 0.006751835 0.008210599 0.00766921 0.008114159 0.008700549 0.007303416 0.007768094 0.009055018 0.006791412 0.007285535 0.009221553 0.006191194 0.006722986 0.009723842 0.005149245 0.006422281 0.009666025 0.005232214 0.006339311 0.00950706 0.005378663 0.006192862 0.009299993 0.005491018 0.006080508 0.009182631 0.005531907 0.006039559 0.009299993 0.004866003 0.004571557 0.009182631 0.00492388 0.004571557 0.009182631 0.004963755 0.00497657 0.00950706 0.005093514 0.005845427 0.009723842 0.004823744 0.006025671 0.009723842 0.004581868 0.005573153 0.009723842 0.004432916 0.00508213 0.009723842 0.004382669 0.004571557 0.009666025 0.004499971 0.004571557 0.00950706 0.00488162 0.005448997 0.00950706 0.004751145 0.005018889 0.00950706 0.004707098 0.004571557 0.009182631 0.005273759 0.005724966 0.009182631 0.005081892 0.005366027 0.009723842 0.004382669 0.004123091 0.009666025 0.004499971 0.004123091 0.00950706 0.004707098 0.004123091 0.009299993 0.004866003 0.004123091 0.009182631 0.00492388 0.004123091 0.009723842 0.004428088 0.003551661 0.009182631 0.004962444 0.003637135 0.00950706 0.004748404 0.003602921 0.009723842 0.004563152 0.002994596 0.00950706 0.004871428 0.003095805 0.009182631 0.005077362 0.003163456 0.009723842 0.004784584 0.002465903 0.00950706 0.005072951 0.002614498 0.009182631 0.005265653 0.002713859 0.009723842 -0.004784584 0.002465903 0.009723842 -0.005133688 0.001618027 0.00950706 -0.005072951 0.002614498 0.00950706 -0.005443096 0.00171554 0.009182631 -0.005265653 0.002713859 0.009182631 -0.005649864 0.001780688 0.009182631 -0.005870163 7.95942e-4 0.009182631 -0.005920052 -2.11955e-4 0.009182631 -0.005798161 -0.001213669 0.009182631 -0.005508065 -0.002180218 0.009182631 -0.005058109 -0.003083467 0.009182631 -0.004461348 -0.003897249 0.009182631 -0.003735125 -0.004597902 0.009182631 -0.002900481 -0.005165159 0.009182631 -0.001981735 -0.005582511 0.009182631 -0.001005411 -0.005837917 0.009182631 0 -0.005923867 0.009182631 0.001005411 -0.005837917 0.009182631 0.001981735 -0.005582511 0.009182631 0.002900481 -0.005165159 0.009182631 0.003735125 -0.004597902 0.009182631 0.004461348 -0.003897249 0.009182631 0.005058109 -0.003083467 0.009182631 0.005508065 -0.002180218 0.009182631 0.005798161 -0.001213669 0.009182631 0.005920052 -2.11955e-4 0.009182631 0.005870163 7.95942e-4 0.009182631 0.005649864 0.001780688 0.00950706 -0.005655348 7.66816e-4 0.00950706 -0.005703449 -2.04199e-4 0.00950706 -0.005586028 -0.001169264 0.00950706 -0.005306482 -0.002100408 0.00950706 -0.004872977 -0.002970635 0.00950706 -0.00429809 -0.003754615 0.00950706 -0.003598451 -0.004429638 0.00950706 -0.002794384 -0.004976153 0.00950706 -0.001909196 -0.005378246 0.00950706 -9.68672e-4 -0.005624294 0.00950706 0 -0.005707085 0.00950706 9.68672e-4 -0.005624294 0.00950706 0.001909196 -0.005378246 0.00950706 0.002794384 -0.004976153 0.00950706 0.003598451 -0.004429638 0.00950706 0.00429809 -0.003754615 0.00950706 0.004872977 -0.002970635 0.00950706 0.005306482 -0.002100408 0.00950706 0.005586028 -0.001169264 0.00950706 0.005703449 -2.04199e-4 0.00950706 0.005655348 7.66816e-4 0.00950706 0.005443096 0.00171554 0.009723842 -0.00533384 7.23226e-4 0.009723842 -0.005379199 -1.92591e-4 0.009723842 -0.005268454 -0.001102805 0.009723842 -0.005004823 -0.001981019 0.009723842 -0.004595994 -0.002801775 0.009723842 -0.004053771 -0.003541171 0.009723842 -0.003393888 -0.004177868 0.009723842 -0.002635538 -0.004693269 0.009723842 -0.001800656 -0.005072534 0.009723842 -9.13607e-4 -0.005304574 0.009723842 0 -0.005382657 0.009723842 9.13607e-4 -0.005304574 0.009723842 0.001800656 -0.005072534 0.009723842 0.002635538 -0.004693269 0.009723842 0.003393888 -0.004177868 0.009723842 0.004053771 -0.003541171 0.009723842 0.004595994 -0.002801775 0.009723842 0.005004823 -0.001981019 0.009723842 0.005268454 -0.001102805 0.009723842 0.005379199 -1.92591e-4 0.009723842 0.00533384 7.23226e-4 0.009723842 0.005133688 0.001618027 0.009723842 -0.004428088 0.003551661 0.009723842 -0.004563152 0.002994596 0.00950706 -0.004871428 0.003095805 0.009182631 -0.005077362 0.003163456 0.00950706 -0.004748404 0.003602921 0.009182631 -0.004962444 0.003637135 0.009723842 -0.004382669 0.004123091 0.009666025 -0.004499971 0.004123091 0.00950706 -0.004707098 0.004123091 0.009299993 -0.004866003 0.004123091 0.009182631 -0.00492388 0.004123091 0.009723842 -0.004382669 0.004571557 0.009666025 -0.004499971 0.004571557 0.00950706 -0.004707098 0.004571557 0.009299993 -0.004866003 0.004571557 0.009182631 -0.00492388 0.004571557 0.009299993 -0.005491018 0.006080508 0.009182631 -0.005531907 0.006039559 0.009182631 -0.005273759 0.005724966 0.00950706 -0.004751145 0.005018889 0.009723842 -0.004432916 0.00508213 0.009723842 -0.004581868 0.005573153 0.009723842 -0.004823744 0.006025671 0.009723842 -0.005149245 0.006422281 0.009666025 -0.005232214 0.006339311 0.00950706 -0.00488162 0.005448997 0.00950706 -0.005093514 0.005845427 0.00950706 -0.005378663 0.006192862 0.009182631 -0.004963755 0.00497657 0.009182631 -0.005081892 0.005366027 0.009221494 -0.006191194 0.006722986 0.009299993 -0.006162345 0.006751835 0.009564459 -0.006005764 0.006908357 0.009666025 -0.005903542 0.007010638 0.009764969 -0.005735397 0.007178723 0.007702231 -0.007851481 0.008286952 0.00819838 -0.007675588 0.008120179 0.00776714 -0.007941424 0.008481502 0.007825434 -0.007984757 0.008693397 0.007213056 -0.008045852 0.008935749 0.007385194 -0.008045852 0.008936047 0.008472084 -0.007745862 0.008530616 0.009047687 -0.00731796 0.008240103 0.009497344 -0.006702005 0.00782442 0.00974363 -0.005936324 0.007312238 0.009200334 -0.006340205 0.006862282 0.008642971 -0.007360339 0.007821857 0.008996129 -0.006906211 0.007393479 0.008344769 -0.007738649 0.008314251 0.008865654 -0.007374107 0.008014857 0.009284913 -0.006845951 0.007584393 0.009535968 -0.006181836 0.007049083 0.005899965 0 0.002499997 0.005899965 9.03104e-4 0.002331137 0.005899965 0.001684188 0.001847505 0.005899965 0.002237856 0.001114308 0.005899965 0.002489328 2.30671e-4 0.005899965 0.00240451 -6.84157e-4 0.005899965 0.001995027 -0.001506567 0.005899965 0.00131607 -0.002125501 0.005899965 4.59374e-4 -0.00245738 0.005899965 -4.59374e-4 -0.00245738 0.005899965 -0.00131607 -0.002125501 0.005899965 -0.001995027 -0.001506567 0.005899965 -0.00240451 -6.84157e-4 0.005899965 -0.002489328 2.30671e-4 0.005899965 -0.002237856 0.001114308 0.005899965 -0.001684188 0.001847505 0.005899965 -9.03104e-4 0.002331137 0.005899965 0 0 -0.007399976 0 -0.002499997 -0.007399976 9.03104e-4 -0.002331137 -0.007399976 0.001684188 -0.001847505 -0.007399976 0.002237856 -0.001114308 -0.007399976 0.002489328 -2.30671e-4 -0.007399976 0.00240451 6.84157e-4 -0.007399976 0.001995027 0.001506567 -0.007399976 0.00131607 0.002125501 -0.007399976 4.59374e-4 0.00245738 -0.007399976 -4.59374e-4 0.00245738 -0.007399976 -0.00131607 0.002125501 -0.007399976 -0.001995027 0.001506567 -0.007399976 -0.00240451 6.84157e-4 -0.007399976 -0.002489328 -2.30671e-4 -0.007399976 -0.002237856 -0.001114308 -0.007399976 -0.001684188 -0.001847505 -0.007399976 -9.03104e-4 -0.002331137 -0.007399976 0 0</float_array>
          <technique_common>
            <accessor source="#link_2_4-mesh-positions-array" count="1198" stride="3">
              <param name="X" type="float"/>
              <param name="Y" type="float"/>
              <param name="Z" type="float"/>
            </accessor>
          </technique_common>
        </source>
        <source id="link_2_4-mesh-normals">
          <float_array id="link_2_4-mesh-normals-array" count="6450">0.1950901 -0.9807854 0 0.1950906 -0.9807853 0 0.5555707 -0.8314693 0 0.5555694 -0.8314702 0 0.8314698 -0.5555701 0 0.9807854 -0.1950901 0 0.9807854 -0.1950904 0 1 0 0 0.9807854 0.1950901 0 0.9807854 0.1950904 0 0.8314698 0.5555701 0 0.5555707 0.8314693 0 0.5555694 0.8314702 0 0.1950908 0.9807852 0 0.1950899 0.9807854 0 0 1 0 -0.1950901 0.9807854 0 -0.1950906 0.9807853 0 -0.5555707 0.8314693 0 -0.5555694 0.8314702 0 -0.8314698 0.5555701 0 -0.9807854 0.1950901 0 -0.9807854 0.1950904 0 -1 0 0 -0.9807854 -0.1950901 0 -0.9807854 -0.1950904 0 -0.8314698 -0.5555701 0 -0.5555707 -0.8314693 0 -0.5555694 -0.8314702 0 -0.1950908 -0.9807852 0 -0.1950899 -0.9807854 0 0 -1 0 -1.38764e-5 0 1 0 0 1 -5.27421e-6 0 1 1.38764e-5 0 1 5.27421e-6 0 1 2.77529e-5 0 1 -1.21818e-6 0 1 -1.05484e-5 0 1 3.9035e-6 0 1 0 0.7071076 0.7071061 -0.1392813 0.7002153 0.7002137 -0.1392824 0.700215 0.7002139 -0.3966419 0.5936132 0.7002133 -0.3966395 0.5936147 0.7002134 -0.5936138 0.3966398 0.7002139 -0.5936144 0.3966405 0.700213 -0.7002174 0.1392811 0.7002118 -0.7002146 0.1392812 0.7002146 0.7002174 0.1392803 0.7002118 0.7002133 0.1392825 0.7002155 0.5936163 0.3966392 0.7002121 0.5936123 0.3966405 0.7002148 0.3966422 0.5936136 0.7002128 0.3966394 0.5936145 0.7002136 0.1392815 0.7002149 0.7002141 0.1392822 0.7002155 0.7002133 -0.7071069 0 0.7071068 0.7071069 0 0.7071068 -0.7002174 -0.1392803 0.7002118 -0.7002133 -0.1392825 0.7002155 -0.5936163 -0.3966392 0.7002121 -0.5936123 -0.3966405 0.7002148 -0.3966422 -0.5936136 0.7002128 -0.3966394 -0.5936145 0.7002136 -0.1392815 -0.7002149 0.7002141 -0.1392822 -0.7002155 0.7002133 0.1392813 -0.7002153 0.7002137 0.1392824 -0.700215 0.7002139 0.3966419 -0.5936132 0.7002133 0.3966395 -0.5936147 0.7002134 0.5936138 -0.3966398 0.7002139 0.5936144 -0.3966405 0.700213 0.7002174 -0.1392811 0.7002118 0.7002146 -0.1392812 0.7002146 0 -0.7071076 0.7071061 -9.10587e-7 0 1 4.22598e-7 0 1 8.9843e-7 0 1 -4.0482e-6 0 1 8.9843e-7 0 1 -1.77214e-6 0 1 1.74772e-6 0 1 -1.31543e-6 0 1 -4.0482e-6 0 1 2.51941e-6 0 1 -2.51941e-6 0 1 1.77462e-6 0 1 -8.9843e-7 0 1 4.0482e-6 0 1 -8.87312e-7 0 1 -8.9843e-7 0 1 0 1 0 -1 -1.16323e-6 0 -1 3.47604e-7 0 -1 2.13068e-6 0 -1 1.11343e-6 0 -1 -2.03769e-7 0 -1 -1.01991e-6 0 -1 5.90218e-7 0 -1 -2.44788e-6 0 -1 1.27765e-7 0 -1 6.65223e-7 0 -1 3.49216e-7 0 1 1.02076e-6 0 1 -2.17706e-6 0 1 0 0 1 -3.29076e-7 0 1 1.71881e-7 0 1 2.19599e-7 0 1 -5.05311e-7 0 1 1.94649e-7 0 1 -8.55832e-7 0 1 4.31555e-7 0 1 4.49695e-7 0 1 4.30543e-7 0 1 1.9398e-6 0 1 -1.80763e-6 0 1 1.55078e-7 0 1 -2.52269e-6 0 1 -7.71751e-7 0 1 1.95121e-6 0 1 -1.021e-6 0 1 1.75821e-7 0 1 -3.84904e-7 0 1 1.19903e-7 0 -0.5352727 0.8446793 -3.13372e-4 -0.9876882 0.1564354 4.95263e-4 -0.9764513 0.2156608 0.005756497 -0.9977044 0.06772071 0 -0.7071053 0.707108 6.60569e-4 -0.6633219 0.7483098 0.00605297 -0.7715094 0.636218 -2.90873e-4 -0.8910064 0.4539904 6.35051e-4 -0.8623686 0.5062467 0.005902707 -0.92989 0.3678378 -2.23803e-4 -0.156435 0.9876883 0 -0.01077598 0.9998404 0.0142579 -0.3944856 0.9188793 0.006479859 -0.4539917 0.8910059 4.23367e-4 -0.2412369 0.9704663 -2.09396e-4 -0.08717936 0.9961687 0.006903171 -0.1518557 0.9795082 0.132302 0.001836419 0.9999983 0 0.2318984 0.9727401 -9.69367e-6 0.1670374 0.9859498 0.001269161 0.07162916 0.9974192 0.004911124 0.1325597 0.991175 1.84275e-4 0.1307453 0.9914157 7.78687e-4 0.1331219 0.9910997 -1.73792e-5 0.3863187 0.9223654 3.77143e-5 0.4257773 0.9048225 0.003181457 0.5394592 0.8420118 -2.17623e-5 0.6750401 0.7377812 6.36374e-5 0.7071028 0.7071039 0.003140747 0.7917404 0.6108578 -1.8874e-5 0.9048266 0.4257805 7.11776e-5 0.8871347 0.4614954 0.003748595 0.9910921 0.1331221 -0.00388199 0.9845262 0.1752378 0 -0.001762986 -0.9999985 0 -0.1564352 -0.9876883 1.63407e-4 -0.07483416 -0.9971632 0.008096575 -0.149325 -0.9887799 0.004068911 -0.5639909 -0.8257806 -8.67702e-4 -0.4847148 -0.8746694 0.002235174 -0.453988 -0.8910003 0.003647148 -0.4004731 -0.9163085 4.41483e-4 -0.2443199 -0.9696947 -3.71197e-4 -0.6903979 -0.7234279 0.001686632 -0.7071027 -0.7071038 0.003176987 -0.7628005 -0.6466337 7.44215e-4 -0.8268522 -0.5624186 -8.43036e-4 -0.8910011 -0.4539891 0.003334939 -0.9075663 -0.4199077 0.001095294 -0.9664621 -0.2568079 -7.99826e-4 -0.9876822 -0.1564343 0.003506779 -0.9965079 -0.08349955 0 0.8910064 -0.4539908 6.99047e-5 0.8661025 -0.4998468 0.004455029 0.9326668 -0.3607389 -1.28169e-5 0.9876884 -0.1564338 3.63161e-5 0.9806392 -0.1957963 0.003259718 0.9991027 -0.04235231 0 0.4539898 -0.8910069 4.80645e-5 0.4055351 -0.9140667 0.004849195 0.5427979 -0.8398634 -2.60301e-5 0.7071064 -0.7071072 7.33599e-5 0.665509 -0.7463728 0.005058526 0.7727921 -0.6346592 -2.70476e-5 0.1564348 -0.9876883 0 0.007950067 -0.9998749 0.01367759 0.07290226 -0.9973086 0.007802844 0.179196 -0.9838107 0.002300798 0.26658 -0.9638129 -1.36944e-5 0 0.06830483 -0.9976645 0.007624387 0.2298645 -0.9731928 -0.00386697 0.1340165 -0.9909716 0.002203643 0.3885849 -0.9214103 0 0.4159849 -0.9093715 0 0.6102472 -0.7922111 0.003855109 0.583924 -0.8117992 -0.004414439 0.7922949 -0.6101225 0 0.7759168 -0.6308353 0 0.9200599 -0.3917777 -0.02859783 0.9735928 -0.2264937 0.03123468 0.89911 -0.436607 -0.023997 0.9966644 -0.07800245 0.01925253 0.9716857 -0.2354913 0 0.998133 -0.06107914 0.01185494 0.9987664 -0.04822146 0.02486622 0.9988049 -0.04207575 -0.005911111 0.9981934 -0.0597915 -0.1111152 0.9915944 0.06628793 0.003945469 -0.5838748 -0.8118342 0 -0.06738984 -0.9977267 0.007526397 -0.2290877 -0.9733768 -0.003939867 -0.1334835 -0.9910433 0.00291115 -0.4144251 -0.9100788 0 -0.386909 -0.9221179 0 -0.6106835 -0.7918749 -0.3314815 -0.8383623 0.4327454 -0.03071922 -0.9987208 -0.0401656 0.05307441 -0.9948065 -0.08685135 0.00380367 -0.9983683 -0.05697524 0 -0.9981332 -0.06107616 -0.02871322 -0.9737188 -0.2259365 -0.003811717 -0.7778555 -0.6284318 0 -0.7948257 -0.6068378 0 -0.9201636 -0.3915342 0.001301705 -0.9973353 -0.07294344 -0.001962065 -0.9743607 -0.2249829 0.03145051 -0.8989828 -0.4368534 0 -0.7071114 -0.7071023 -3.45623e-6 -0.7071077 -0.7071059 0 -0.7071068 -0.7071068 0 -0.7071112 -0.7071023 4.73366e-6 -0.7071051 -0.7071086 0 -0.7071086 -0.707105 -7.6967e-6 -0.7071073 -0.7071063 2.55511e-6 -0.7071081 -0.7071055 3.65358e-6 -0.7071064 -0.7071073 0 0.7071322 -0.7070814 0 0.7071089 -0.7071048 0 0.7071071 -0.7071065 0 0.7071062 -0.7071074 0 0.7071073 -0.7071063 0 0.7071068 -0.7071068 -1.59423e-6 0.7071064 -0.7071073 -2.35539e-6 0.707108 -0.7071056 2.28707e-6 0.7071038 -0.7071098 -4.56793e-6 0.7071068 -0.7071068 0 -0.9847124 0.1741887 0 -0.90342 0.4287568 0 0.902833 -0.4299915 0 0.9067611 0.4216449 0.03227609 0.9338922 0.3560951 0.005262434 0.9246663 0.3807422 -0.002334177 0.9624412 0.2714805 0 0.9637147 0.2669346 0 0.9847418 0.1740222 -0.009178817 0.9829074 0.1838718 0.01067006 0.9984436 0.0547403 0 0.9979181 0.06449449 0 0.999785 -0.02073693 -0.01054805 0.9977818 -0.06572932 0.02741104 0.9923076 -0.1207249 -0.01146614 0.9828019 -0.184307 0 0.9744797 -0.2244758 0 0.9599872 -0.2800439 0.01323515 0.9517341 -0.3066383 -0.002850353 0.9369115 -0.3495554 0.004603266 0.9080868 -0.4187567 0.0095371 0.9119945 -0.4100915 -0.01160335 0.8090257 -0.5876589 0 0.8209898 -0.5709431 -0.06466829 0.8405278 -0.5378949 -0.03209704 0.8249477 -0.5642972 0.001461029 0.8691266 -0.4945876 0 0.8736436 -0.4865663 0 0.893899 -0.4482684 0.01205539 0.8130626 -0.5820516 0.02905738 0.8305746 -0.5561489 -0.07103133 0.7479216 -0.6599757 -0.006595492 0.8063957 -0.5913397 0 0.9334554 -0.3586935 -0.183303 0.9331203 -0.3093323 -0.05620807 0.9271363 -0.370485 -0.1490612 0.9823302 0.113173 0 0.9985091 0.05458694 0 0.9920623 -0.1257477 -0.2656918 0.9614011 -0.07152557 0 0.9826356 -0.1855462 0 0.9052641 0.4248493 -0.04838448 0.9294315 0.3658089 -0.08941721 0.9337211 0.3466548 0 0.961775 0.2738414 0 0.9847254 0.1741154 0 -0.9374759 0.3480502 -0.1769772 -0.936831 0.3017063 -0.04100346 -0.9279553 0.3704292 -0.2725136 -0.9603362 0.05908256 0 -0.9934289 0.1144518 0 -0.9978242 -0.06593209 -0.1471916 -0.9812567 -0.1243785 0 -0.9826826 -0.1852971 0 -0.9588063 -0.2840609 -0.08601766 -0.9299955 -0.3573646 -0.04840183 -0.9256738 -0.3752139 0.03090828 -0.8321446 -0.5536966 -0.009755373 -0.8072653 -0.5901082 -0.02988225 -0.8235114 -0.5665122 -0.02468669 -0.8207399 -0.5707685 0 -0.8720772 -0.4893683 0 -0.9009668 -0.4338881 -0.07479441 -0.747702 -0.6598088 -0.008154153 -0.8063859 -0.5913335 0.002375483 -0.8734953 -0.486827 0 -0.8691295 -0.4945847 0 -0.8947659 -0.4465355 0.01134353 -0.9142215 -0.4050559 0.04215115 -0.933879 -0.3550963 -0.03262138 -0.9076133 -0.418538 0.0233922 -0.9591422 -0.2819563 0 -0.9518178 -0.3066644 0 -0.9827225 -0.1850848 -0.03674298 -0.9738205 -0.2243291 0.0274437 -0.9923067 -0.1207242 -0.01047313 -0.9978035 -0.06541007 0 -0.999785 -0.02073693 0 -0.9985173 0.0544371 0.009223997 -0.9978756 0.06449306 -0.007589817 -0.9848396 0.1733016 0 -0.9829488 0.1838797 0 -0.9629197 0.2697882 -0.00145471 -0.9637144 0.2669318 0.001563429 -0.9396373 0.3421688 0.02065551 -0.9244816 0.3806668 0 -0.9085005 0.4178839 0 0.7965474 -0.604576 0 0.6907227 -0.7231198 -0.009896934 0.6611225 -0.7502128 0 0.4227018 -0.9062689 -0.01043868 0.4631473 -0.8862199 0 0.5284858 -0.8489423 0 0.5988751 -0.8008426 0 0.3439745 -0.938979 -0.002937793 0.253052 -0.9674482 -0.00734359 0.2384593 -0.9711247 0 -0.06016004 -0.9981887 -0.01113533 0 -0.999938 0 0.06016004 -0.9981887 0 0.1449621 -0.9894373 0 -0.1449621 -0.9894373 -0.008498668 -0.253044 -0.9674175 -0.003399908 -0.2384644 -0.9711454 0 -0.3439745 -0.938979 0 -0.4227018 -0.9062689 -0.01043868 -0.4631473 -0.8862199 0.01353073 -0.8148291 -0.5795434 0 -0.7965888 -0.6045216 0 -0.6907227 -0.7231198 -0.009896874 -0.6611225 -0.7502128 0 -0.5988751 -0.8008426 0 -0.5284858 -0.8489423 1 2.71305e-7 0 1 4.06684e-7 0 1 1.01235e-6 0 1 -1.13198e-6 0 1 9.89365e-7 0 1 -2.12498e-6 0 1 3.03695e-7 0 1 1.63131e-6 0 1 -1.52418e-6 0 1 6.63403e-7 0 1 -1.02114e-6 0 1 -1.63131e-6 0 1 7.62091e-7 0 1 -1.01235e-6 0 1 -1.54458e-7 0 1 5.0345e-7 0 1 -6.73498e-7 0 1 -2.18568e-7 0 1 -8.45349e-7 0 -0.01771152 -0.3553043 -0.934583 -0.0137189 -0.3541599 -0.9350844 -0.002945899 -0.3598563 -0.9330031 0.006816148 -0.4072269 -0.9133017 -0.01966059 -0.390688 -0.9203132 -0.008876085 -0.3998149 -0.916553 -5.79668e-4 -0.7192857 -0.6947142 0 -0.7199878 -0.6939868 0.001627206 -0.7072482 -0.7069635 0.004853427 -0.692122 -0.7217643 0.001281797 -0.4259387 -0.9047511 -0.002354383 -0.4648239 -0.8854001 -0.001316249 -0.4629143 -0.8864021 9.22339e-4 -0.5039301 -0.863744 -0.00290203 -0.5145771 -0.8574393 -1.83874e-5 -0.5316451 -0.8469673 9.88576e-6 -0.5448859 -0.8385103 0.004308402 -0.5919013 -0.8059991 0.01517885 -0.5806154 -0.8140366 -0.02724099 -0.6875383 -0.725637 0.03561317 -0.6408534 -0.7668368 0.01414865 -0.6697215 -0.7424776 0 -0.8569014 -0.5154806 -0.01585823 -0.8107992 -0.5851097 -0.004075169 -0.7924729 -0.6098935 0 -0.7388275 -0.6738947 0 -0.8921623 -0.4517152 -0.01497536 -0.9342304 -0.3563557 -0.009894371 -0.9304389 -0.3663135 0 -0.9973454 -0.07281666 -0.01739084 -0.992045 -0.124677 0 -0.9804813 -0.1966125 0 -0.9635612 -0.2674878 -5.74184e-4 0.7192865 -0.6947135 0.004851698 0.6921344 -0.7217524 0.01413995 0.6697309 -0.7424694 -0.01495361 0.354253 -0.9350302 -0.005308866 0.3570631 -0.9340652 0.001684486 0.3753195 -0.926894 -0.004373431 0.4077246 -0.9130946 -0.003689348 0.4085761 -0.9127169 7.03946e-4 0.463003 -0.8863565 -0.006393611 0.4744763 -0.8802452 0.001550793 0.4379148 -0.8990153 0.03559213 0.6408814 -0.7668144 -0.02717864 0.6875401 -0.7256377 0.01668703 0.5765277 -0.8169072 0 0.5919079 -0.8060057 0 0.5150585 -0.857155 -0.009188354 0.5316234 -0.8469311 -4.37585e-4 0.5075966 -0.8615949 0.001628696 0.7072435 -0.7069681 0 0.7199822 -0.6939926 0 0.7388275 -0.6738947 -0.005573213 0.8108888 -0.5851739 -0.02168577 0.792293 -0.6097554 0 0.9635612 -0.2674878 -0.008886456 0.9342983 -0.3563815 -0.01345014 0.9304003 -0.3662984 0 0.8921623 -0.4517152 0 0.8569014 -0.5154806 0 0.9804813 -0.1966125 -0.01739084 0.992045 -0.124677 0 0.9973454 -0.07281666 -0.01137506 -0.9587366 0.2840683 0 -0.9142691 0.4051074 -0.004653275 -0.9223814 0.3862528 0.007895052 -0.9717951 0.2356947 -0.002472937 -0.9763784 0.2160536 0.006905138 -0.9968325 0.07923072 -0.01572185 -0.9880989 0.1530144 0 -0.9957842 0.09172707 0.003611147 -0.9946715 0.1030325 0 -0.9369804 0.349382 0.02433389 -0.9267163 0.3749729 0 -0.9601969 0.2793242 0 -0.9929314 0.1186899 0.02997517 -0.9839538 0.1758875 0.01771008 -0.9893686 0.1443471 0 0.9181337 0.3962706 0.01883512 0.9368139 0.3493207 0 0.9958211 0.09132534 0.00850135 0.9930111 0.117715 0.01916456 0.9887642 0.1482505 0.007496416 0.9929034 0.1186875 0 0.976165 0.2170298 0 0.9586763 0.2844989 0 0.9223918 0.3862556 -0.004426896 0.9176144 0.3974475 0.005496978 0.9718111 0.2356968 -0.01076918 0.960093 0.2794733 0.01505875 0.9967432 0.07922345 -0.02551519 0.9823931 0.1850751 -0.01428639 0.9888859 0.1479889 0 0 -1 -1.27556e-6 0 -1 4.62185e-7 0 -1 0 0 -1 -2.72016e-6 0 -1 0 -1 -2.40036e-6 0 -1 9.58251e-7 0 -1 -1.67486e-5 0 -1 3.05955e-5 0 -1 -4.0321e-6 0 -1 3.54836e-6 0 -1 1.76626e-6 0 -1 -1.75987e-5 0 -1 1.7186e-5 0 -1 5.94114e-5 0 -1 1.48933e-5 0 -1 6.38655e-6 0 -1 1.67554e-4 0 1 -2.21056e-6 0 1 8.6981e-7 0 1 -4.26698e-6 0 1 5.83715e-6 0 1 2.59934e-5 0 1 -4.42408e-6 0 1 1.7186e-5 0 1 5.94103e-5 0 1 -4.30107e-4 0 1 1.48947e-5 0 1 6.38614e-6 0 1 1.88376e-4 -1 -7.72086e-6 0 -1 1.12182e-6 0 -1 -2.45597e-6 0 -1 -3.2147e-7 0 -1 -1.00027e-6 0 -1 6.03628e-5 0 -1 -1.76989e-6 0 -1 0 0 -1 1.46871e-7 0 -1 2.17075e-5 0 -1 0 0 -1 -2.0444e-7 0 -1 -8.42875e-7 0 -1 5.89034e-6 0 -1 0 0 -1 0 0 -1 0 0 -1 -3.64436e-7 0 -1 1.13584e-6 0 -1 -5.39791e-7 0 -1 1.82466e-7 0 -1 3.83325e-7 0 -1 -1.56275e-6 0 -1 1.34611e-7 0 -1 3.42027e-7 0 -1 9.71547e-7 0 -1 -1.60147e-7 0 -1 -1.82466e-7 0 -1 5.63993e-7 0 -1 -1.80728e-7 0 -1 3.64436e-7 0 -1 0 0 0 -0.9937123 -0.1119648 0.01444041 -0.9875854 -0.1564183 0 -0.8584489 -0.5128993 0.0173335 -0.8908729 -0.453922 0 -0.928115 -0.3722938 0 -0.963963 -0.2660366 0 -0.7956254 -0.605789 0.008659005 -0.70708 -0.7070806 0.008659005 -0.7070806 -0.70708 0 -0.6057883 -0.7956259 0 -0.5128995 -0.8584486 0.01733338 -0.4539223 -0.8908727 0 -0.3722933 -0.9281152 0 -0.2660369 -0.9639629 0.01444017 -0.1564183 -0.9875854 0 -0.1119644 -0.9937123 0 0.1119644 -0.9937123 0.01444029 0.1564183 -0.9875854 0 0.5128995 -0.8584486 0.01733338 0.4539224 -0.8908727 0 0.3722933 -0.9281152 0 0.2660369 -0.9639629 0 0.6057883 -0.7956259 0.008659005 0.7070803 -0.7070803 0.008659064 0.7070804 -0.7070802 0 0.7956254 -0.605789 0 0.8584489 -0.5128993 0.01733356 0.8908729 -0.453922 0 0.9937123 -0.1119648 0.01444041 0.9875854 -0.1564183 0 0.963963 -0.2660366 0 0.928115 -0.3722938 -1.74882e-6 0.707106 -0.7071076 0 0.7071163 -0.7070974 0 0.7071053 -0.7071083 2.01931e-6 0.7071068 -0.7071068 3.65441e-6 0.7071045 -0.7071091 -1.02137e-5 0.7071071 -0.7071065 0 0.7071084 -0.7071052 -8.66653e-6 0.707104 -0.7071096 -2.37037e-6 0.7071089 -0.7071048 1.03595e-6 -0.7071073 -0.7071063 0 -0.7071063 -0.7071073 0 -0.7071132 -0.7071004 -1.3815e-5 -0.7071068 -0.7071068 0 -0.7071103 -0.7071033 0 -0.7071051 -0.7071086 0 -0.7071062 -0.7071074 0 -0.7071055 -0.7071081 1.63506e-6 -0.7071076 -0.707106 0 -0.7071063 -0.7071073 0 -0.7071039 -0.7071096 -1.42692e-6 -0.7071068 -0.7071068 0.02337205 0.9997268 0 0.4874027 0.8731724 -0.002952396 0.6304343 0.7762205 -0.005869209 0.8545621 0.5191359 0.01489186 0.8334599 0.5525535 0.005408585 0.7703984 0.6375591 -0.002154529 0.6420162 0.7666501 0.007930159 0.6083004 0.793707 0 0.7423455 0.6700174 0 0.7670738 0.6415571 0.001574754 0.8308296 0.5565142 -0.00376296 0.8591791 0.5115306 -0.01215368 0.8557974 0.5172269 -0.009333312 0.8508559 0.5253317 0.008422374 0.4701611 0.8825779 0.00219798 0.4363821 0.8997615 0 0.2965111 0.9550295 0 0.2995782 0.9540718 1.5159e-4 0.09850984 0.9951362 -1.72337e-4 0.158553 0.9873463 0.00290507 0.082201 0.9966155 8.23661e-4 -0.06242007 0.99805 0 -0.1619524 0.9867954 0.002526879 -0.1131892 0.9935735 1.91666e-4 -0.3104279 0.9505969 -1.88224e-4 -0.6725897 0.739848 -0.01575219 -0.3067117 0.9518025 0 -0.4462493 0.8949088 0 -0.4763803 0.8792374 0.001841723 -0.5961501 0.8028655 -0.003498792 -0.8611931 0.5081519 -0.01132506 -0.7767435 0.6298142 -0.001928627 -0.8358712 0.5489038 0.004910826 -0.857108 0.5149487 0.01392328 -0.8536126 0.5208455 0.0080989 -0.8583125 0.5130491 -0.008967697 -0.4934358 0.8697785 -0.002583742 -0.6478031 0.7617698 0.007623195 -0.6169918 0.7869697 0 -0.7506103 0.6607452 0 -0.7733722 0.6339508 0.001400291 -0.8329664 0.5533133 -0.003375291 -0.5004678 -0.8657524 -0.002183079 -0.6811779 -0.731938 -0.01624119 -0.6004528 -0.7996544 -0.003062069 -0.8599435 -0.5102279 0.01283514 -0.8384688 -0.5449326 0.004336476 -0.7836461 -0.6212053 -0.001670956 -0.6543859 -0.7561263 0.007218658 -0.6268482 -0.7791415 0 -0.7598208 -0.6501325 0 -0.7804108 -0.625266 0.001210331 -0.8353355 -0.5497327 -0.002953648 -0.863442 -0.5043409 -0.01040434 -0.8611181 -0.5083333 -0.008542776 -0.8567042 -0.5157501 0.007740974 -0.4836214 -0.8752761 0.001463949 -0.4576943 -0.8891097 0 -0.3274336 -0.9448743 0 -0.3154228 -0.9489511 -6.00706e-4 -0.1312248 -0.9913524 5.82354e-4 -0.1661406 -0.9860998 0.002113103 -0.07515245 -0.9971721 0 0.008165955 -0.9999668 0 0.07194489 -0.9974082 9.60842e-4 0.1544406 -0.9879963 0.003391385 0.08021241 -0.9967775 -7.12441e-4 0.2789717 -0.9602993 5.07403e-4 0.2910985 -0.9566931 0 0.4241544 -0.9055899 0 0.4624844 -0.8866234 0.002678453 0.6228256 -0.7823348 -0.006380081 0.8566076 -0.515799 -0.01322376 0.8305342 -0.5569339 0.006139218 0.762665 -0.646789 -0.002487123 0.8512908 -0.5244464 0.01612627 0.8473419 -0.5309746 0.008824944 0.8525678 -0.5225257 -0.009750664 0.4799681 -0.8772792 -0.003436565 0.6347264 -0.772693 0.008255481 0.5973 -0.8020179 0 0.7317373 -0.6815868 0 0.7589889 -0.6511011 0.001808047 0.8280784 -0.5605962 -0.004274368 0.3762392 0.9265217 0.001246809 -0.4107981 0.9117218 -0.002886652 -0.4107733 0.9116456 -0.01294243 -0.5526285 0.8332754 -0.01593393 -0.4381106 0.898909 0.004666149 -0.411129 0.9115153 -0.01061874 -0.6761775 0.7367296 -0.003685593 -0.6222477 0.7826181 0.01779735 -0.5462357 0.8369162 -0.03461092 -0.9972185 0.06806635 -0.03037041 -0.9828765 0.1842657 0 -0.8864802 0.4627668 0 -0.9332867 0.3535923 -0.06283581 -0.7515835 0.658833 0.0325824 -0.7944805 0.6072888 -0.001176834 -0.70889 0.7053191 1.11062e-4 -0.9206571 -0.3898529 -0.02012974 -0.9601153 -0.2796044 0 -0.9987983 -0.04901218 0 -0.5114571 -0.8593087 -4.60375e-4 -0.5912294 -0.8064715 -0.007171034 -0.6348947 -0.7724738 -0.01389181 -0.6715762 -0.7406448 -0.02075636 -0.7161843 -0.6971529 -0.03252625 -0.6453601 -0.7638212 -0.009368479 -0.7812638 -0.6242009 0 -0.8689442 -0.49491 0 -0.04872965 -0.998812 -1.0715e-4 -0.1386916 -0.9903253 -0.004526555 -0.2051108 -0.9786776 -0.01094245 -0.2307047 -0.9729219 -0.01408308 -0.3428999 -0.9393721 0 -0.4564085 -0.8897704 0 0.2938355 -0.9556137 -0.02152448 0.2293024 -0.9732611 -0.01354146 0.197205 -0.9803148 -0.009654521 0.1389901 -0.9902828 -0.004656016 0.09138256 -0.995814 -0.001949608 0.03616869 -0.9993457 0 -6.86694e-4 -0.9999998 0 0.6817853 -0.7311918 -0.02296853 0.6478319 -0.7616266 -0.01546156 0.589429 -0.8077924 -0.006691515 0.5467901 -0.8372637 -0.003212571 0.4966377 -0.8679581 0 0.2337008 -0.9723086 0 0.3991333 -0.9158618 -0.04347395 0.3593479 -0.9325504 -0.03491443 0.9220312 -0.3871159 0 0.9507037 -0.3081792 -0.03446859 0.8710136 -0.491259 -1.98037e-4 0.6477202 -0.7618783 3.96229e-4 0.7588404 -0.6495901 -0.04684048 0.7141993 -0.6992451 -0.03123629 0.6754608 0.7373745 -0.005627572 0.6904459 0.723384 2.22413e-4 0.7531843 0.6578096 -3.84248e-4 0.7823099 0.622597 0.01908326 0.8853499 0.4639012 -0.03084254 0.9119701 0.4102569 0 0.997466 0.07114619 0 0.9889456 0.140169 -0.04836696 0.9989436 -0.04595547 0 0.3813724 0.9230515 0.05031013 0.4090549 0.9124196 -0.01282745 0.4116267 0.9113502 -0.002090215 0.542842 0.839816 0.00564599 0.536587 0.8427271 -0.04342257 0.6051982 0.7960228 0.009119212 -0.9986927 0.05111771 0 0.3762586 -0.9265138 0.001286149 0.6753838 -0.7374451 -0.005612015 0.6053862 -0.7958801 0.009081304 0.5577865 -0.8295254 -0.02760732 0.49742 -0.867505 0.002904415 0.4257766 -0.9048275 -0.001288115 0.4000222 -0.9164866 0.00588417 0.3757405 -0.9267184 -0.003476679 0.9969632 -0.07166886 -0.0304628 0.9822146 -0.1877619 0 0.8856685 -0.4643183 0 0.9313957 -0.3589483 -0.06048297 0.7505143 -0.6600849 0.03187954 0.793327 -0.6087928 -0.001899957 0.6911495 -0.7227117 5.32504e-4 0.9221491 0.3863087 -0.0201627 0.9611669 0.2759678 0 0.9989716 0.04533994 0 0.4582923 0.8888016 0 0.5115201 0.8592712 -3.07945e-4 0.5914092 0.8063428 -0.006807327 0.6351339 0.7722858 -0.01340401 0.6718789 0.7403864 -0.02017271 0.7165681 0.6967912 -0.03181385 0.6484646 0.7611826 -0.009736895 0.782504 0.6226457 0 0.8708658 0.491521 0 0.3468838 0.9379082 0 0.2348897 0.9719201 -0.01407682 0.1197229 0.9928074 0 -0.2957448 0.9549996 -0.02260231 -0.2305492 0.9729568 -0.01422291 -0.1962131 0.9805102 -0.01001369 -0.1389485 0.9902872 -0.004969418 -0.0913639 0.9958152 -0.002155125 -0.0431658 0.9990679 -3.45918e-4 -0.006347179 0.9999799 0 -0.681423 0.7315077 -0.02365046 -0.6475369 0.7618653 -0.01603937 -0.5892335 0.8079319 -0.007093489 -0.546651 0.8373534 -0.003486573 -0.4946224 0.869108 0 -0.2292901 0.9733582 0 -0.3969073 0.9168072 -0.04392403 -0.3590686 0.9326289 -0.03568136 -0.9200865 0.3917155 0 -0.9491918 0.3128187 -0.03434473 -0.8685499 0.4956017 -1.85989e-4 -0.6440828 0.7649557 3.72654e-4 -0.7570188 0.6516799 -0.04728448 -0.7137778 0.6996396 -0.0320242 -0.9896544 -0.1351713 -0.04809236 -0.997824 -0.06593602 0 -0.9141708 -0.4053291 0 -0.8865561 -0.4615201 -0.03189814 -0.7857365 -0.61827 0.01898658 -0.7550085 -0.6557149 -3.61692e-4 -0.7094649 -0.7047408 8.18851e-5 -0.677183 -0.7358032 -0.00410068 -0.6166198 -0.7870084 0.0199517 -0.4785011 -0.8680034 0.1326907 -0.5304116 -0.8435546 -0.08413869 -0.5344561 -0.8439155 -0.04651057 -0.4057843 -0.9139671 0.001819074 -0.4112685 -0.9114639 -0.0095824 -0.4107134 -0.9116654 -0.01345199 0.9581215 -0.2847216 0.03060632 0.9897048 -0.1313238 -0.05690813 0.997451 -0.07135576 0 0.7340916 -0.6790502 7.52096e-4 0.7485494 -0.6629498 -0.01309072 0.8023912 -0.5967375 0.008544743 0.8329411 -0.5530793 -0.01767772 0.879048 -0.4755263 0.03390347 0.8971216 -0.4417747 0.002857506 0.942372 -0.3345623 -0.001727819 0.3718952 -0.9282745 7.37022e-4 0.4082574 -0.912856 -0.004446029 0.4141255 -0.9102176 0.002048373 0.4861373 -0.8738751 -0.003594458 0.4916321 -0.8707076 0.01289963 0.6276357 -0.7781819 -0.02250868 0.6267114 -0.7776443 -0.05002343 0.6666611 -0.7453609 -4.65615e-4 0.9919841 0.1263635 0 0.9701151 0.236793 -0.05296909 0.9486672 0.3161856 -0.00756061 0.8629673 0.5052123 0.006945788 0.7915386 0.6102336 -0.03288775 0.724529 0.6892443 0 0.5675787 0.8233192 0 0.4763448 0.8789139 -0.02462142 0.384696 0.9230434 0 0.1835827 0.9830043 0 0.07918876 0.9966214 -0.02179259 -0.02405101 0.9997108 0 0.9087436 -0.4173549 0 -0.0242421 -0.9997062 0 0.07918882 -0.9966214 -0.02179241 0.1833935 -0.9830396 0 0.3847914 -0.9230036 0 0.4763453 -0.8789135 -0.02462297 0.5676636 -0.8232607 0 0.7919676 -0.6105633 0 0.8325085 -0.551225 -0.05550539 0.7246271 -0.6891412 0 0.9647784 0.2211679 -0.1424341 0.9974949 0.07073932 0 0.9714793 -0.2371245 0 0.981131 -0.1717638 -0.08876538 0.9484401 -0.316871 -0.007357835 0.7452126 0.6668173 -0.003591895 0.742453 0.6697214 -0.01539528 0.8252157 0.5645135 0.01853501 0.8262357 0.5628006 0.02429175 0.8989235 0.4378665 -0.01446962 0.9065244 0.4221504 0.001583456 0.9425812 0.3339745 -0.001350224 0.9834288 0.1304906 0.1258577 0.3967075 0.9179407 0.002857863 0.4045016 0.9144962 -0.008683562 0.4463426 0.8940282 0.03862696 0.4730828 0.8800616 -0.0410403 0.5269498 0.8395097 0.1324669 0.6188329 0.7701851 -0.1544693 0.6280845 0.7781316 0.004597961 0 0.77301 -0.6343939 0.03736096 0.830889 -0.5551826 0 0.9951847 -0.09801799 0.03736096 0.9801006 -0.1949541 0 0.9569408 -0.2902833 0 0.8819211 -0.4713971 -0.01417523 0.9806867 -0.1950716 -0.0885173 0.9818264 -0.1678742 -0.03073662 0.9837718 -0.1767719 -0.1010918 0.9824787 -0.1565764 -0.04558199 0.9847154 -0.1681013 -0.113995 0.9852057 -0.127965 -0.06234443 0.9872888 -0.1461983 -0.1261848 0.987571 -0.09370714 -0.06659644 0.9899594 -0.1246815 -0.1311111 0.9878546 -0.08338522 -0.1250784 0.908584 -0.3985356 -0.4936475 0.8508493 -0.17991 -0.1022313 0.8869082 -0.4504916 -0.4677138 0.8333335 -0.2946169 -0.05334192 0.8648965 -0.499108 -0.4023973 0.8216553 -0.4036821 -0.01517874 0.855605 -0.5174068 -0.4026197 0.8075543 -0.4309915 0.03839778 0.8308571 -0.5551596 -0.2930326 0.9165608 -0.2721183 -0.3727932 0.8960626 -0.2410338 -0.4500684 0.8732627 -0.1866837 -0.06366425 0.9947675 -0.07990461 -0.1317955 0.9910415 -0.02160269 -0.06096124 0.9950326 -0.07870066 -0.1206002 0.9926482 -0.01026153 -0.04339444 0.9970188 -0.0638011 -0.1004045 0.9946624 -0.02378672 -0.03967434 0.9970993 -0.06495255 -0.08647781 0.9957949 -0.03023666 -0.02783268 0.9977372 -0.06120336 -0.06100517 0.9972222 -0.04273629 -0.01799732 0.9981203 -0.05858492 -0.03987997 0.9979387 -0.05027925 -0.008584856 0.9982993 -0.05766236 -0.01871097 0.998301 -0.05518358 -0.002753019 0.9984256 -0.05602568 -0.07715123 0.9905058 -0.11378 -0.1335313 0.9907585 -0.02381449 -0.1329758 0.9509422 -0.279332 -0.1157608 0.9492726 -0.2923715 -0.3338285 0.9369762 -0.1031227 -0.08679884 0.9484038 -0.3049531 -0.2771484 0.9571993 -0.08341765 -0.0704081 0.9707571 -0.2295071 -0.2004307 0.970116 -0.1367573 -0.05743426 0.9710048 -0.2320586 -0.169844 0.9760447 -0.1359776 -0.04168397 0.9781363 -0.203745 -0.1170626 0.9815156 -0.1514053 -0.02843493 0.9824693 -0.184243 -0.07574081 0.9841489 -0.1603569 -0.01366686 0.9844549 -0.1751047 -0.03542423 0.9855091 -0.1658825 -0.002057492 0.9858354 -0.1677033 -0.005193591 0.9858872 -0.1673305 0.02529996 0.9981827 -0.05469214 0.06058067 0.9971389 -0.04521161 0.04180902 0.9975599 -0.05591547 0.1090916 0.993319 -0.03763765 0.05917477 0.995212 -0.07779043 0.1334235 0.9897037 -0.05181568 0.06199079 0.9927825 -0.1026649 0.1336346 0.9868866 -0.0905357 0.05519509 0.9898502 -0.1309589 0.124477 0.9842867 -0.1252408 0.04683268 0.9872425 -0.1521812 0.1152064 0.9834557 -0.1397945 0.03301101 0.9860845 -0.1629347 0.1015501 0.980457 -0.1684981 0.01184582 0.9834194 -0.1809588 0.07972824 0.9776629 -0.1944702 0.008171319 0.9984034 -0.05589199 0.02107268 0.9982069 -0.05602759 0.0158708 0.9858107 -0.1671088 0.04512178 0.9832944 -0.1763414 0.09234619 0.9737637 -0.207982 0.08760094 0.9733635 -0.2118721 0.2878922 0.9433509 -0.1649461 0.1246526 0.9338012 -0.3353762 0.3969359 0.9074583 -0.1377012 0.1329627 0.9326166 -0.3354806 0.3724568 0.8896485 -0.2642001 0.1050298 0.9064764 -0.408986 0.3825674 0.858555 -0.3413586 0.07115107 0.8842855 -0.4614941 0.3968388 0.8412713 -0.3671264 0.03358483 0.8735153 -0.4856369 0.3387565 0.8216104 -0.4584762 -0.03051525 0.8504384 -0.525189 0.2849734 0.796993 -0.5325339 0 0.8314697 -0.5555701 0 0.8314694 -0.5555707 0 0.9807854 -0.1950898 0 0.9807853 -0.1950907 0 -0.8314694 -0.5555707 0 -0.8314697 -0.5555701 0 -0.9807855 -0.1950896 0 -0.9807852 -0.1950908 0.01417523 -0.9806866 -0.1950716 0.1250757 -0.9085882 -0.3985269 0.4936535 -0.8508455 -0.1799122 0.1022309 -0.8869093 -0.4504896 0.4677183 -0.8333299 -0.2946197 0.05334192 -0.8648965 -0.499108 0.4023861 -0.8216662 -0.4036709 0.01517903 -0.8555991 -0.5174167 0.4026133 -0.807561 -0.4309846 -0.03839778 -0.8308571 -0.5551596 0.2946701 -0.9160682 -0.2720087 0.3754774 -0.895428 -0.2392188 0.4500775 -0.8732571 -0.1866875 0.1329765 -0.9509418 -0.2793335 0.1157534 -0.9492792 -0.2923529 0.3337965 -0.9369887 -0.1031128 0.0867986 -0.948404 -0.3049525 0.2736781 -0.9578068 -0.08778756 0.07088422 -0.9715099 -0.2261506 0.199061 -0.970229 -0.137951 0.05721956 -0.9706797 -0.2334672 0.1707541 -0.9759554 -0.135478 0.04168504 -0.9781351 -0.2037503 0.1170626 -0.9815152 -0.1514084 0.02843409 -0.9824677 -0.1842524 0.07574087 -0.9841495 -0.1603531 0.01366662 -0.9844565 -0.1750962 0.02956628 -0.9852788 -0.1683797 0.002058207 -0.985917 -0.1672227 -5.98793e-4 -0.985912 -0.1672642 -0.01587104 -0.9858099 -0.1671137 -0.03948587 -0.9838501 -0.1745848 -0.04556691 -0.9839209 -0.1726943 -0.1132933 -0.9783658 -0.1731038 0.0885173 -0.9818264 -0.1678742 0.03073662 -0.9837719 -0.1767719 0.1010941 -0.9824779 -0.15658 0.04558193 -0.9847154 -0.1681011 0.1139944 -0.9852058 -0.1279644 0.06234431 -0.9872889 -0.1461981 0.1261848 -0.987571 -0.09370714 0.06659621 -0.9899594 -0.1246812 0.1311144 -0.9878541 -0.08338731 0.07715117 -0.9905061 -0.1137784 0.1335321 -0.9907584 -0.02381742 0.0636599 -0.9947715 -0.07985597 0.1317954 -0.9910405 -0.02165055 0.06096225 -0.9950329 -0.07869797 0.1206002 -0.9926482 -0.01026153 0.04339647 -0.9970185 -0.06380409 0.1003894 -0.994664 -0.02378314 0.03967308 -0.9970995 -0.06495052 0.08647936 -0.9957947 -0.03023719 0.02783542 -0.9977368 -0.06120932 0.06100517 -0.9972222 -0.04273629 0.01799321 -0.9981206 -0.0585789 0.03987878 -0.9979389 -0.05027776 0.006972789 -0.9982839 -0.05814391 0.01871246 -0.9983047 -0.05511498 0.002753436 -0.998426 -0.05601787 -0.00977391 -0.9983881 -0.05590832 -0.02107268 -0.9982069 -0.05602759 -0.02530056 -0.9981827 -0.05469334 -0.06058067 -0.9971389 -0.04521161 -0.04180878 -0.9975598 -0.05591511 -0.1090916 -0.9933192 -0.03763276 -0.05917501 -0.9952119 -0.07779288 -0.1334235 -0.989704 -0.05181157 -0.06199109 -0.9927824 -0.1026654 -0.133634 -0.9868867 -0.09053522 -0.05519485 -0.9898502 -0.1309585 -0.1244781 -0.9842864 -0.125242 -0.04683285 -0.9872423 -0.1521818 -0.1152064 -0.9834557 -0.1397945 -0.03301101 -0.9860845 -0.1629346 -0.1015501 -0.980457 -0.1684981 -0.01184588 -0.9834191 -0.18096 -0.07972824 -0.9776629 -0.1944702 -0.1778688 -0.9746835 -0.1354805 -0.08794349 -0.9738914 -0.2092881 -0.2830278 -0.9441414 -0.168797 -0.1247848 -0.9347075 -0.3327926 -0.3941062 -0.9083313 -0.1400521 -0.1329622 -0.9326171 -0.3354794 -0.3724595 -0.8896467 -0.2642021 -0.1050295 -0.9064769 -0.4089848 -0.3825703 -0.8585526 -0.3413612 -0.07115191 -0.8842827 -0.4614993 -0.3968238 -0.8412844 -0.3671125 -0.03358495 -0.8735144 -0.4856386 -0.3387565 -0.8216104 -0.4584762 0.03051525 -0.8504381 -0.5251895 -0.2849768 -0.7969874 -0.5325404 0 -0.77301 -0.6343939 0.03736096 -0.830889 -0.5551826 0 -0.8819211 -0.4713971 0 -0.9569408 -0.2902833 0.03736096 -0.9801006 -0.1949541 0 -0.9951847 -0.09801799 -0.2160732 -0.696151 -0.6846067 -0.2004343 -0.8972274 -0.3934581 -0.1451763 -0.9829519 -0.1128256 -0.2374092 -0.9643188 -0.1171598 -0.2315883 -0.9672188 -0.1041868 -0.3886705 -0.9133389 -0.1214386 -0.3803682 -0.919483 -0.09935426 -0.4712257 -0.8743558 -0.1159671 -0.4591335 -0.8815554 -0.1098023 -0.5469342 -0.8275197 -0.1267842 -0.5376134 -0.8380331 -0.09312653 -0.6689059 -0.7315237 -0.1320532 -0.6604039 -0.7458025 -0.08743828 -0.7419993 -0.6589845 -0.1231932 -0.7284102 -0.6775091 -0.101981 -0.8016965 -0.5810964 -0.1400349 -0.7966375 -0.5991483 -0.07993859 -0.8810901 -0.4495377 -0.1469559 -0.8800379 -0.4689758 -0.07479935 -0.9408692 -0.2995319 -0.1582586 -0.9463145 -0.3164888 -0.06575745 -0.9765738 -0.1392608 -0.1640433 -0.9854405 -0.1561397 -0.06728625 -0.01483321 -0.995303 -0.09566712 -0.02916443 -0.9897072 -0.1401039 -0.07697904 -0.9901841 -0.1166602 -0.02296984 -0.9976112 -0.06514799 -0.05063599 -0.9962121 -0.07069385 0.009358286 -0.999523 0.02943229 -0.1916253 -0.9041751 -0.3817687 -0.3278643 -0.8573994 -0.3967009 -0.3157609 -0.87084 -0.3767398 -0.398341 -0.8290013 -0.3925322 -0.3802353 -0.840608 -0.3857455 -0.4613101 -0.7916115 -0.40068 -0.4486514 -0.8133445 -0.3703817 -0.564798 -0.7191379 -0.4047763 -0.5545714 -0.7477959 -0.3650369 -0.629549 -0.6668233 -0.3987665 -0.611115 -0.6959113 -0.3771551 -0.6796317 -0.6071433 -0.4116769 -0.6764765 -0.6429514 -0.3591561 -0.7513418 -0.5102469 -0.4184897 -0.7558715 -0.549107 -0.3565669 -0.8095377 -0.4000591 -0.4296529 -0.8266438 -0.4382489 -0.3529843 -0.8528068 -0.2825772 -0.4391708 -0.8766933 -0.3192129 -0.3598778 -0.2046745 -0.7140311 -0.6695282 -0.2633853 -0.6833674 -0.6809092 -0.2452933 -0.6958195 -0.6750307 -0.3033074 -0.661798 -0.6855859 -0.2928811 -0.6887422 -0.6632156 -0.3710564 -0.6254554 -0.6863839 -0.3645623 -0.6588981 -0.6579877 -0.4160536 -0.6021252 -0.6814284 -0.4002535 -0.6308947 -0.6646572 -0.4472604 -0.5714884 -0.6880111 -0.4492768 -0.6100323 -0.6526952 -0.4966082 -0.5263892 -0.6901412 -0.5064058 -0.5655747 -0.650906 -0.5389908 -0.4760978 -0.6948524 -0.5603585 -0.5129516 -0.6502916 -0.5753839 -0.4233384 -0.6997987 -0.600802 -0.4554134 -0.65699 0.03977292 -0.9580754 -0.2837425 -0.07140868 -0.9539188 -0.2914443 -0.1001577 -0.9155994 -0.3894177 -0.09968835 -0.9157712 -0.3891341 -0.06475102 -0.7638444 -0.642144 -0.1459836 -0.7638027 -0.6287242 -0.197668 -0.686908 -0.699346 -0.1321818 -0.7252511 -0.6756767 -0.08739477 -0.5034323 -0.8596034 -0.1048451 -0.5063054 -0.855957 -0.1742314 -0.4191191 -0.891057 -0.09862095 -0.4546807 -0.8851776 -0.07947647 -0.465799 -0.8813143 -0.1093427 -0.4488074 -0.8869139 -0.09818893 -0.4782541 -0.8727154 -0.1319411 -0.4509448 -0.8827461 -0.1250966 -0.4853574 -0.8653203 -0.1500921 -0.457349 -0.8765298 -0.1355255 -0.4842643 -0.8643616 -0.1568078 -0.4578395 -0.8750968 -0.1578624 -0.4933316 -0.8553966 -0.173131 -0.4663695 -0.8674821 -0.1798396 -0.4983467 -0.8481205 -0.1873766 -0.4777755 -0.8582662 -0.1999597 -0.5033519 -0.8406265 -0.202025 -0.491048 -0.8473829 -0.2134248 -0.508067 -0.8344566 -0.9806866 -0.1950672 -0.01424217 -0.9806857 -0.1141765 -0.1588066 -0.9900914 -0.0607329 -0.1266119 -0.8314337 -0.3489837 -0.4323524 -0.8797184 -0.2592562 -0.3985999 -0.555122 -0.5019315 -0.663253 -0.6007155 -0.4579784 -0.6552838 -0.9806857 -0.1360315 -0.1405384 -0.9806859 -0.1360297 -0.1405388 -0.8307867 -0.3871035 -0.3999306 -0.8307851 -0.3871058 -0.3999316 -0.5545511 -0.5787524 -0.5979287 -0.5545511 -0.5787496 -0.5979316 -0.980686 -0.1550002 -0.11929 -0.9806858 -0.1550002 -0.1192904 -0.8307857 -0.441089 -0.3394639 -0.8307869 -0.4410865 -0.3394643 -0.5545493 -0.6594625 -0.5075278 -0.5545514 -0.6594609 -0.5075275 -0.9806859 -0.1827459 -0.06970745 -0.980686 -0.1827459 -0.06970757 -0.8307847 -0.5200458 -0.1983665 -0.8307868 -0.5200427 -0.1983661 -0.5545481 -0.7775088 -0.2965747 -0.5545505 -0.7775072 -0.2965747 -0.1945922 -0.9164748 -0.3495827 -0.9806854 -0.1950725 -0.01424223 -0.8964058 -0.4420576 -0.03227466 -0.8299702 -0.557407 -0.02114009 -0.7925716 -0.6081601 -0.04440253 -0.5545474 -0.8299432 -0.06059521 -0.6085519 -0.7930747 -0.0264039 -0.4413415 -0.8949572 -0.06534135 -0.1949304 -0.8404636 -0.5055916 -0.1945926 -0.7773314 -0.5982389 -0.1945913 -0.7773308 -0.5982401 -0.1950743 -0.7246294 -0.6609526 -0.1765202 -0.6845681 -0.7072533 -0.1947263 -0.6746258 -0.7120125 -0.1947185 -0.5805057 -0.7906314 -0.1945509 -0.5805987 -0.7906042 -0.21342 -0.5193979 -0.8274526 -0.1949974 -0.8750358 -0.4430446 -0.1589154 -0.8615721 -0.4821197 -0.5545529 -0.7261835 -0.4063603 -0.5545474 -0.7261882 -0.4063593 -0.8307867 -0.4857157 -0.2717975 -0.8307862 -0.4857162 -0.2717981 -0.9806856 -0.1706848 -0.09551131 -0.980686 -0.1706828 -0.09551185 -0.1528144 -0.9689653 -0.1943041 -0.1950492 -0.9450551 -0.2623484 -0.1945913 -0.9164754 -0.3495816 -0.9806855 -0.1909345 -0.04242473 -0.980686 -0.1909325 -0.04242491 -0.8307861 -0.5433409 -0.120728 -0.8307861 -0.5433408 -0.1207281 -0.5545496 -0.8123391 -0.180499 -0.5545501 -0.8123389 -0.1804988 -0.1945918 -0.9575319 -0.2127596 -0.1945927 -0.9782803 -0.07142543 -0.1945919 -0.9782804 -0.07142424 -0.9807852 -0.1950911 0 -0.8968744 -0.4422854 0 -0.7933534 -0.6087614 0 -0.7933513 -0.6087642 0 -0.6087613 -0.7933534 0 -0.6087635 -0.7933519 0 -0.4422876 -0.8968734 0 -0.195091 -0.9807852 0 -0.1950898 -0.9807854 0 -0.440047 0.8923285 -0.1005414 -0.19391 -0.974851 -0.1098397 -0.19391 0.974851 -0.1098397 -0.1939102 0.974851 -0.1098392 -0.1949015 0.9454767 -0.2609359 -0.2444317 0.9152523 -0.3202601 -0.1946648 0.91036 -0.3651714 -0.1943344 0.8420836 -0.5031197 -0.2277781 0.8244664 -0.5180467 -0.1950429 0.7803429 -0.5941575 -0.1939101 0.6936858 -0.693685 -0.1939102 0.6936862 -0.6936846 -0.1950431 0.5941563 -0.7803438 -0.2277779 0.5180464 -0.8244666 -0.1943343 0.5031216 -0.8420825 -0.1939085 0.3240097 -0.9259684 -0.2758953 0.3578446 -0.8920925 -0.1949018 0.2609358 -0.9454765 -0.1939095 0.1098397 -0.974851 -0.19391 0.1098387 -0.974851 -0.1939095 -0.1098394 -0.9748511 -0.1939097 -0.1098391 -0.974851 -0.1949013 -0.2609359 -0.9454767 -0.244431 -0.3202594 -0.9152528 -0.1946646 -0.365172 -0.9103599 -0.1943343 -0.5031216 -0.8420825 -0.2277782 -0.5180463 -0.8244665 -0.1950431 -0.5941563 -0.7803438 -0.1939098 -0.6936875 -0.6936834 -0.1939099 -0.6936855 -0.6936855 -0.1950426 -0.7803438 -0.5941567 -0.2277783 -0.824466 -0.5180472 -0.1943344 -0.8420836 -0.5031197 -0.1939103 -0.9259676 -0.3240109 -0.2758952 -0.8920932 -0.3578432 -0.1949015 -0.9454767 -0.2609359 -0.7914929 0.6073356 -0.06843 -0.6063437 0.7902027 -0.08903461 -0.5541933 0.824272 -0.1159549 -0.5531499 0.7863313 -0.2751515 -0.5531466 0.7863346 -0.2751486 -0.5531499 0.7053892 -0.4432284 -0.5531468 0.7053934 -0.4432256 -0.5531494 0.5890761 -0.58908 -0.5531482 0.5890793 -0.589078 -0.5531494 0.4432246 -0.705392 -0.5531467 0.4432294 -0.7053911 -0.5531483 0.2751491 -0.7863333 -0.5531488 0.2751498 -0.7863327 -0.5531482 0.09327548 -0.8278448 -0.5531478 0.0932765 -0.8278449 -0.5531482 -0.09327471 -0.8278447 -0.5531479 -0.0932765 -0.8278448 -0.5531494 -0.2751488 -0.7863326 -0.5531477 -0.2751501 -0.7863334 -0.5531483 -0.4432259 -0.705392 -0.5531477 -0.4432281 -0.7053911 -0.5531492 -0.589076 -0.5890802 -0.553148 -0.5890795 -0.5890778 -0.5531489 -0.7053908 -0.4432271 -0.5531475 -0.7053923 -0.4432264 -0.55315 -0.7863315 -0.2751508 -0.5531463 -0.7863346 -0.2751492 -0.9805483 0.1950439 -0.02197599 -0.8957621 0.4417387 -0.04977178 -0.1939105 -0.9748508 -0.1098393 -0.440047 -0.8923285 -0.1005414 -0.554193 -0.8242722 -0.1159549 -0.6063437 -0.7902027 -0.08903461 -0.7914929 -0.6073356 -0.06843 -0.8309141 0.5494142 -0.08789724 -0.8298466 0.5266788 -0.1842937 -0.8298447 0.5266819 -0.1842936 -0.829846 0.4724655 -0.2968705 -0.8298449 0.4724674 -0.2968706 -0.8298448 0.3945624 -0.394561 -0.8298453 0.3945612 -0.3945612 -0.8298456 0.2968697 -0.4724668 -0.8298456 0.29687 -0.4724665 -0.8298453 0.1842934 -0.5266808 -0.8298449 0.1842948 -0.5266812 -0.8298456 0.06247556 -0.5544847 -0.8298454 0.06247538 -0.554485 -0.8298457 -0.06247395 -0.5544848 -0.8298451 -0.06247729 -0.5544853 -0.8298451 -0.1842935 -0.5266813 -0.8298453 -0.1842947 -0.5266807 -0.8298454 -0.2968696 -0.4724669 -0.8298457 -0.2968701 -0.4724664 -0.8298447 -0.3945624 -0.3945612 -0.8298455 -0.3945611 -0.3945608 -0.8298442 -0.4724686 -0.2968708 -0.8298457 -0.4724663 -0.2968701 -0.8298451 -0.5266811 -0.1842938 -0.8298454 -0.526681 -0.1842932 -0.8309134 -0.5494152 -0.08789718 -0.8957621 -0.4417387 -0.04977178 -0.9805481 0.1950449 -0.02197623 -0.9805481 0.1852651 -0.06482648 -0.9805483 0.1852641 -0.0648266 -0.9805486 0.1661919 -0.1044263 -0.980548 0.1661953 -0.104426 -0.9805485 0.1387888 -0.1387895 -0.9805482 0.138791 -0.1387895 -0.9805484 0.1044263 -0.1661933 -0.9805484 0.1044257 -0.1661934 -0.9805485 0.06482487 -0.1852635 -0.9805483 0.06482595 -0.1852635 -0.9805483 0.02197641 -0.1950436 -0.9805482 0.02197772 -0.195044 -0.9805483 -0.02197641 -0.1950438 -0.9805483 -0.02197772 -0.1950439 -0.9805485 -0.06482487 -0.1852635 -0.9805484 -0.06482601 -0.1852635 -0.9805483 -0.1044262 -0.1661931 -0.9805483 -0.1044257 -0.1661936 -0.9805484 -0.1387889 -0.1387895 -0.9805482 -0.1387909 -0.1387895 -0.9805486 -0.1661919 -0.1044262 -0.9805484 -0.1661931 -0.1044262 -0.9805481 -0.185265 -0.06482654 -0.9805483 -0.1852636 -0.06482654 -0.9805483 -0.1950439 -0.02197611 -0.9805482 -0.1950443 -0.02197605 -0.9807852 0.1950911 0 -0.8968744 0.4422854 0 -0.7933534 0.6087614 0 -0.7933513 0.6087642 0 -0.6087613 0.7933534 0 -0.6087635 0.7933519 0 -0.4422876 0.8968734 0 -0.195091 0.9807852 0 -0.1950898 0.9807854 0 -0.1947196 0.580578 -0.7905779 -0.9900858 0.0819956 -0.1140477 -0.9806855 0.1909348 -0.04242479 -0.9806862 0.1909316 -0.04242485 -0.9806864 0.1827434 -0.06970745 -0.9806857 0.1827471 -0.06970757 -0.9806861 0.1706816 -0.09551173 -0.9806858 0.170684 -0.09551173 -0.9806863 0.1549977 -0.1192904 -0.9806855 0.1550028 -0.11929 -0.9806862 0.1360282 -0.1405388 -0.9806855 0.1360322 -0.1405388 -0.980298 0.1008751 -0.1698243 -0.8781508 0.2950985 -0.3765209 -0.9806866 0.1950674 -0.01424223 -0.9806852 0.1950736 -0.01424211 -0.8964058 0.4420576 -0.03227466 -0.7932554 0.6086861 -0.01572299 -0.8307865 0.5551137 -0.04052913 -0.8307851 0.5433425 -0.120728 -0.8307865 0.5433402 -0.1207278 -0.8307849 0.5200455 -0.1983664 -0.8307874 0.5200417 -0.1983662 -0.8307863 0.4857162 -0.2717977 -0.8307866 0.4857156 -0.2717978 -0.8307867 0.4410869 -0.3394643 -0.8307859 0.4410887 -0.3394639 -0.830785 0.3871065 -0.399931 -0.8307866 0.3871027 -0.3999313 -0.8302402 0.3140648 -0.460505 -0.5994291 0.4797806 -0.6406992 -0.1945927 0.9782803 -0.07142472 -0.4413415 0.8949572 -0.06534135 -0.1945912 0.9164745 -0.3495838 -0.1950492 0.9450551 -0.2623484 -0.1650204 0.9628089 -0.2139328 -0.1948348 0.9616915 -0.1928441 -0.1945921 0.9782803 -0.07142496 -0.1309844 0.84952 -0.5110371 -0.1949974 0.8750358 -0.4430446 -0.1945927 0.9164752 -0.3495809 -0.1945925 0.8559798 -0.4789909 -0.1945922 0.7773296 -0.5982413 -0.1945917 0.7773326 -0.5982376 -0.1945894 0.6821927 -0.7048037 -0.1732543 0.677393 -0.7149278 -0.1950743 0.7246294 -0.6609526 -0.213283 0.5194122 -0.827479 -0.194449 0.580485 -0.7907128 -0.5542616 0.4793149 -0.6804788 -0.5545508 0.5787508 -0.5979306 -0.5545495 0.5787522 -0.5979304 -0.5545511 0.6594608 -0.507528 -0.5545495 0.6594626 -0.5075274 -0.5545506 0.7261852 -0.4063603 -0.5545485 0.7261874 -0.4063593 -0.5545518 0.7775055 -0.2965764 -0.5545473 0.7775101 -0.2965728 -0.5545498 0.812339 -0.1804993 -0.55455 0.8123391 -0.1804985 -0.5537321 0.831737 -0.0399307 -0.6077408 0.7920274 -0.05782544 -0.005867004 0.9981679 -0.06021898 0.04025453 0.9579824 -0.2839884 -0.1149966 0.6528034 -0.7487481 -0.09542524 0.5457112 -0.8325224 -0.3613549 0.5152552 -0.7771324 -0.08309483 0.4609372 -0.883534 -0.1060575 0.451599 -0.8858951 -0.1002691 0.9156271 -0.3893239 -0.07316642 0.8037946 -0.5903906 -0.1470371 0.7738915 -0.616013 -0.1509397 0.7568004 -0.63598 -0.07167398 0.9537838 -0.291821 -0.01580858 0.9953097 -0.09544044 -0.08350521 0.9953418 -0.04818391 0.02579206 0.9991977 0.03063714 -0.0437293 0.9959034 -0.07914674 -0.07694882 0.988534 -0.1299211 -0.1454844 0.9828709 -0.1131331 -0.2277194 0.9666638 -0.1170683 -0.2352142 0.9661594 -0.1058793 -0.3717719 0.9204694 -0.1205066 -0.3847197 0.917401 -0.1018151 -0.5052443 0.8541222 -0.1233026 -0.5232834 0.846385 -0.09902977 -0.6261255 0.7693531 -0.1267396 -0.6489765 0.7548397 -0.09511369 -0.7311429 0.6700344 -0.1283903 -0.7566329 0.646961 -0.09459602 -0.8197265 0.5572 -0.1325777 -0.8473082 0.5232448 -0.09101504 -0.8910049 0.4341534 -0.1327448 -0.9160581 0.3898512 -0.0940935 -0.9430646 0.302348 -0.1386184 -0.9653922 0.2443913 -0.0910539 -0.9767035 0.1667318 -0.1350962 -0.9895375 0.1029064 -0.1011227 -0.09347099 0.4752244 -0.8748857 -0.1038235 0.4675731 -0.8778361 -0.1389202 0.4630338 -0.8753862 -0.1259286 0.4765564 -0.8700782 -0.1606329 0.464916 -0.8706609 -0.1462844 0.4852712 -0.8620399 -0.1795241 0.4692557 -0.8646214 -0.167379 0.4944053 -0.8529641 -0.1933098 0.4747465 -0.8586309 -0.1847359 0.5023412 -0.8447048 -0.2055524 0.4830411 -0.8511285 -0.2020586 0.5090808 -0.8366655 -0.2132464 0.4923474 -0.843872 -0.183686 0.7075139 -0.6824102 -0.1955215 0.7033063 -0.6834703 -0.2173795 0.7066322 -0.6733626 -0.2666712 0.6807188 -0.6822818 -0.296391 0.6796571 -0.6709834 -0.3325677 0.6526277 -0.6807906 -0.3691978 0.6457088 -0.668396 -0.3930401 0.6209976 -0.6781457 -0.432318 0.6053776 -0.6682958 -0.44691 0.5846661 -0.6770797 -0.4888836 0.561236 -0.6678375 -0.4964883 0.545557 -0.6751792 -0.5342391 0.5135704 -0.6714419 -0.537738 0.502285 -0.6771615 -0.5745605 0.4635782 -0.6745187 -0.5754638 0.4569092 -0.6782886 -0.6010618 0.4142506 -0.6834626 -0.1000659 0.9155187 -0.3896312 -0.1874933 0.8999404 -0.3936416 -0.1992174 0.9014898 -0.3842249 -0.3061784 0.8658214 -0.3957375 -0.326366 0.8652008 -0.3806743 -0.4168052 0.8177596 -0.3969168 -0.4446665 0.8117624 -0.3785676 -0.5180954 0.7568787 -0.3983866 -0.5531265 0.7433979 -0.376046 -0.6083573 0.6863514 -0.3985263 -0.6470996 0.6626152 -0.3770983 -0.6869078 0.606081 -0.4010283 -0.7293029 0.5710875 -0.3767976 -0.7548302 0.5188134 -0.4013279 -0.7941945 0.4719477 -0.3827803 -0.808946 0.4241973 -0.4070174 -0.8474522 0.3645719 -0.3858914 -0.8529074 0.3258751 -0.4078657 -0.8794022 0.2587972 -0.3995946 0.2691046 0.9263758 -0.2634592 0.7480666 0.6281015 -0.2142079 0.8808049 0.4730148 -0.0209704 0.9365593 0.287231 -0.2008859 0.5257118 0.8212949 -0.2215898 0.6705079 0.7417547 -0.0148046 0.7536367 0.6478957 -0.1107385 0.287475 0.9360649 -0.2028319 0.3821585 0.9238999 -0.01908266 0.5115029 0.8542242 -0.09309035 0.04326939 0.9853332 -0.1650649 0.1605114 0.9851111 -0.0615819 0.2212514 0.9724118 -0.07391321 -0.01517879 0.999779 0.01455259 0.03028118 0.9978396 -0.05830436 0.03148633 0.9972541 -0.06702828 0.06312918 0.9878162 -0.142246 0.06444209 0.9908319 -0.1187415 0.08318239 0.9205078 -0.3817673 0.2706033 0.9443563 -0.1869896 0.4798107 0.8214659 -0.308181 0.5128459 0.8403179 -0.1756563 0.6607241 0.6636347 -0.3507603 0.7237828 0.6643933 -0.186333 0.9763799 0.2139941 0.02981388 0.9176015 0.3479976 -0.1921074 0.7885716 0.5046508 -0.351401 0.8119824 0.4920662 -0.3139358 0.6405613 0.587001 -0.4950869 0.06590098 0.9761 -0.207089 0.07180845 0.9717938 -0.2246342 0.04266196 0.8996847 -0.4344506 0.1689856 0.8721358 -0.4591546 0.1719306 0.8924726 -0.4170523 0.3030059 0.8157094 -0.4927532 0.3320658 0.8437381 -0.4217091 0.4248467 0.7330953 -0.5311089 0.4816401 0.7541629 -0.446387 0.5177922 0.6616888 -0.5422723 0.4602858 0.6717083 -0.5804697 0.01684141 0.7766285 -0.6297338 0.0644142 0.7783372 -0.6245335 0.06446331 0.7792014 -0.62345 0.1061881 0.7547107 -0.647407 0.116967 0.7687066 -0.6288155 0.148776 0.7308348 -0.6661429 0.1701974 0.7446276 -0.6454166 0.186777 0.6988812 -0.6904199 0.215806 0.7093818 -0.6709734 0.991221 0.09349179 -0.09348994 0.9806311 0.1253827 -0.1504722 0.9231914 0.2779054 -0.2654923 0.8968738 0.3127423 -0.3127455 0.8185001 0.4062389 -0.4062362 0.7933278 0.4248607 -0.4360327 0.6418746 0.5504146 -0.5338922 0.6087631 0.5609833 -0.5609861 0.4612455 0.6273954 -0.6273975 0.4422873 0.6327841 -0.6355835 0.2158772 0.6965793 -0.6842327 0.1950912 0.6935217 -0.693518 0.4405714 0.8933949 -0.08799201 0.606913 0.6143652 -0.5041946 0.9806045 0.1728534 -0.09239292 0.9806041 0.172856 -0.09239339 0.9806044 0.1875584 -0.05689525 0.980604 0.1875598 -0.05689573 0.980604 0.1515104 -0.1243402 0.9806044 0.1515075 -0.1243404 0.8960235 0.3432232 -0.2816734 0.793312 0.4374951 -0.423384 0.9806039 0.1950564 -0.01921069 0.9806042 0.1950551 -0.01921147 0.8960212 0.4418734 -0.04352104 0.8302275 0.4308955 -0.3536263 0.8302279 0.4916048 -0.2627668 0.8302273 0.4916056 -0.2627676 0.8302272 0.533423 -0.1618114 0.8302284 0.5334212 -0.1618111 0.828144 0.5601476 -0.02030307 0.7919302 0.6076714 -0.05985009 0.1941862 0.7582968 -0.6223165 0.440573 0.6939463 -0.5695034 0.5514208 0.6184058 -0.5599191 0.5537151 0.7343813 -0.3925351 0.5537176 0.7343791 -0.3925356 0.5537163 0.7968499 -0.2417203 0.553718 0.7968479 -0.2417228 0.5537159 0.828696 -0.08161896 0.608694 0.7932609 -0.01513087 0.1941865 0.758296 -0.6223174 0.1941882 0.865133 -0.4624241 0.1941854 0.8651332 -0.4624248 0.1941867 0.9387252 -0.2847573 0.1941861 0.9387247 -0.2847592 0.1941866 0.976241 -0.09615188 0.1941862 0.9762409 -0.09615266 0.980786 0.1950873 0 0.9807848 0.1950924 0 0.896876 0.442282 0 0.89687 0.4422945 0 0.7933534 0.6087613 0 0.7933539 0.6087609 0 0.608759 0.7933552 0 0.6087622 0.7933529 0 0.4422906 0.8968719 0 0.1950903 0.9807854 0 0.195089 0.9807856 0 0.9806674 0.1950667 0.01550406 0.9806673 0.1950673 0.015504 0.5527817 0.8327166 0.03186881 0.6075539 0.7917816 0.06293082 0.8306596 0.5550304 0.04411327 0.7933475 0.6087577 0.003723025 0.8963171 0.44202 0.03513169 0.1944998 0.9778187 0.0777195 0.1945008 0.9778187 0.07771819 0.4411665 0.8946041 0.07110345 0.9806676 0.190168 0.04612278 0.9806677 0.1901673 0.0461229 0.8306593 0.541094 0.1312347 0.8306602 0.5410926 0.131235 0.5543596 0.8088286 0.1961684 0.5543633 0.8088257 0.1961696 0.1944997 0.9532667 0.2311978 0.1944992 0.9532659 0.2312018 0.980668 0.1804926 0.07558351 0.9806671 0.1804974 0.07558333 0.83066 0.5135697 0.2150588 0.8306606 0.5135688 0.2150585 0.5543593 0.7676858 0.3214721 0.5543615 0.7676845 0.3214715 0.1945005 0.904776 0.3788799 0.1944997 0.9047767 0.3788784 0.9806485 -0.1810308 0.07454091 0.8305338 -0.5150169 0.2120642 0.5541725 -0.7697046 0.316935 0.194407 -0.9070377 0.373482 0.1944088 -0.9070371 0.3734822 0.1949743 -0.9452191 0.2618128 0.2456284 -0.9459898 0.2115896 0.1948536 -0.9641081 0.1803547 0.1946271 -0.9788352 0.06326127 0.2253528 -0.9730843 0.04819917 0.1950688 -0.9805786 -0.020343 0.1944083 -0.9737408 -0.1184662 0.1944076 -0.9737411 -0.1184651 0.1950507 -0.9557623 -0.2201673 0.2326285 -0.9315026 -0.2796193 0.1946915 -0.933604 -0.3007971 0.1944091 -0.8780052 -0.4373924 0.2678105 -0.8749251 -0.4034644 0.195005 -0.8524442 -0.4850897 0.194408 -0.7910277 -0.5800696 0.1944094 -0.7910264 -0.580071 0.19509 -0.7353982 -0.6489449 0.206269 -0.679408 -0.7041718 0.1944859 -0.6775345 -0.7093111 0.1949399 -0.587387 -0.7854777 0.2470647 -0.544694 -0.801416 0.1948961 -0.5183528 -0.8326619 0.1945582 -0.4146239 -0.8889511 0.2165751 -0.4037717 -0.8888553 0.1950793 -0.3373668 -0.9209385 0.1944103 -0.2482252 -0.9489937 0.1944074 -0.2482236 -0.9489946 0.1950333 -0.1421781 -0.9704368 0.2384201 -0.08271849 -0.967633 0.1947505 -0.05900847 -0.9790763 0.1944089 0.08355009 -0.977356 0.2558724 0.05815744 -0.9649596 0.1950331 0.1421786 -0.9704368 0.1944081 0.2482253 -0.9489941 0.194408 0.2482239 -0.9489945 0.1950805 0.3373667 -0.9209383 0.2165752 0.403771 -0.8888556 0.1945582 0.4146239 -0.8889511 0.1944046 0.5513956 -0.8112767 0.2913033 0.5055676 -0.8121232 0.1949397 0.587387 -0.7854777 0.1944864 0.6775345 -0.709311 0.206269 0.679408 -0.7041718 0.19509 0.7353982 -0.6489449 0.1944092 0.7910279 -0.5800691 0.1944086 0.7910265 -0.5800711 0.1950052 0.8524439 -0.48509 0.2427498 0.8683095 -0.4325634 0.1948041 0.8906999 -0.4107372 0.1944096 0.9395043 -0.2820225 0.243811 0.9230947 -0.2974097 0.1950507 0.9557623 -0.2201673 0.1944072 0.9737411 -0.1184662 0.1944078 0.9737411 -0.1184647 0.1950691 0.9805786 -0.02034306 0.2253524 0.9730845 0.04819905 0.1946271 0.9788352 0.06326127 0.1944084 0.9572681 0.2141105 0.2796231 0.9437384 0.1765473 0.1949742 0.9452192 0.2618128 0.1944079 0.9070379 0.3734809 0.1944085 0.9070364 0.373484 0.5541719 -0.7697055 0.3169338 0.5541737 -0.8123294 0.1816933 0.5541712 -0.8123313 0.181693 0.5541723 -0.8313828 0.04117959 0.5541717 -0.8313832 0.04117929 0.5541743 -0.8263078 -0.1005297 0.5541707 -0.8263105 -0.1005291 0.554173 -0.7972564 -0.2393208 0.5541703 -0.7972583 -0.2393208 0.5541723 -0.7450691 -0.3711673 0.5541719 -0.745069 -0.3711681 0.5541719 -0.6712597 -0.4922438 0.554172 -0.6712607 -0.4922425 0.5541734 -0.5779685 -0.5990362 0.5541698 -0.5779747 -0.5990335 0.554173 -0.4679092 -0.6884428 0.5541723 -0.4679118 -0.6884415 0.5541726 -0.3442712 -0.7578721 0.5541729 -0.3442716 -0.7578716 0.5541727 -0.2106403 -0.8053094 0.5541695 -0.2106447 -0.8053106 0.5541725 -0.07089978 -0.8293769 0.5541732 -0.07089841 -0.8293766 0.5541725 0.07089924 -0.829377 0.5541732 0.0708996 -0.8293766 0.5541724 0.2106425 -0.8053091 0.5541698 0.2106424 -0.8053109 0.5541724 0.344271 -0.7578723 0.5541727 0.3442714 -0.7578719 0.5541743 0.4679083 -0.6884422 0.554171 0.4679117 -0.6884425 0.5541728 0.5779703 -0.599035 0.5541709 0.577973 -0.5990343 0.5541731 0.6712597 -0.4922426 0.5541712 0.6712605 -0.4922435 0.554173 0.7450685 -0.3711676 0.554171 0.74507 -0.3711673 0.5541721 0.7972568 -0.239322 0.5541709 0.7972583 -0.2393193 0.5541745 0.8263077 -0.1005297 0.5541707 0.8263104 -0.1005292 0.5541744 0.8313814 0.04117971 0.5541695 0.8313848 0.04117912 0.5541734 0.8123297 0.1816933 0.5541713 0.8123311 0.1816928 0.5541725 0.7697046 0.316935 0.5541732 0.7697043 0.3169345 0.8305345 -0.5150155 0.2120651 0.8305335 -0.5435388 0.1215722 0.8305346 -0.543537 0.1215729 0.830533 -0.5562876 0.02755343 0.8305342 -0.5562857 0.02755379 0.8305351 -0.5528897 -0.06726461 0.8305345 -0.5528904 -0.06726592 0.8305338 -0.5334528 -0.1601312 0.8305339 -0.533452 -0.1601322 0.8305338 -0.4985326 -0.2483523 0.830533 -0.4985342 -0.2483518 0.830534 -0.4491459 -0.3293649 0.8305324 -0.4491487 -0.3293651 0.8305343 -0.3867239 -0.400821 0.8305329 -0.3867287 -0.4008196 0.8305335 -0.3130814 -0.4606454 0.8305333 -0.3130858 -0.4606427 0.8305329 -0.2303572 -0.5071004 0.8305342 -0.230354 -0.5070997 0.8305346 -0.1409426 -0.5388391 0.8305333 -0.1409426 -0.5388411 0.8305324 -0.04743915 -0.5549463 0.8305331 -0.04744172 -0.5549452 0.8305324 0.04744035 -0.5549463 0.8305331 0.04744046 -0.5549453 0.8305341 0.1409417 -0.5388401 0.8305338 0.1409436 -0.5388401 0.8305329 0.2303572 -0.5071002 0.8305339 0.2303553 -0.5070996 0.8305331 0.3130851 -0.4606435 0.8305333 0.313084 -0.4606441 0.8305336 0.3867273 -0.4008192 0.8305334 0.3867258 -0.400821 0.8305329 0.4491481 -0.3293647 0.8305339 0.4491458 -0.3293653 0.8305338 0.498533 -0.2483519 0.8305329 0.4985343 -0.2483522 0.8305336 0.5334529 -0.1601312 0.8305344 0.5334515 -0.1601322 0.8305351 0.5528895 -0.0672658 0.8305343 0.5528908 -0.06726467 0.8305332 0.5562872 0.02755343 0.8305332 0.5562873 0.02755379 0.8305333 0.543539 0.1215729 0.8305341 0.5435379 0.1215721 0.8305315 0.5150207 0.2120643 0.8305349 0.5150151 0.2120645 0.9806491 -0.1810279 0.07454079 0.9806485 -0.1910563 0.04273295 0.9806492 -0.1910532 0.04273277 0.9806488 -0.1955358 0.009685218 0.9806483 -0.1955381 0.009685218 0.9806488 -0.1943421 -0.02364385 0.9806484 -0.1943442 -0.02364397 0.9806486 -0.1875104 -0.05628651 0.9806485 -0.187511 -0.05628645 0.9806488 -0.1752349 -0.087296 0.9806488 -0.1752354 -0.08729606 0.9806485 -0.1578776 -0.1157722 0.9806492 -0.1578734 -0.115772 0.980649 -0.1359338 -0.1408888 0.9806489 -0.1359347 -0.1408888 0.9806492 -0.110046 -0.1619169 0.9806486 -0.1100512 -0.1619169 0.9806488 -0.0809707 -0.1782463 0.9806488 -0.08096969 -0.1782464 0.9806488 -0.04954081 -0.1894032 0.9806488 -0.04954278 -0.1894035 0.980649 -0.01667499 -0.1950633 0.9806489 -0.01667535 -0.1950638 0.9806489 0.0166763 -0.1950632 0.9806488 0.01667392 -0.1950637 0.9806488 0.04954212 -0.1894032 0.9806488 0.04954141 -0.1894035 0.9806488 0.0809707 -0.1782463 0.9806488 0.080971 -0.1782462 0.9806488 0.1100487 -0.1619171 0.9806489 0.1100484 -0.1619167 0.980649 0.1359338 -0.1408888 0.9806488 0.1359348 -0.1408889 0.9806485 0.1578776 -0.115772 0.9806488 0.1578761 -0.1157722 0.9806488 0.175235 -0.08729606 0.9806488 0.1752352 -0.08729594 0.9806487 0.1875103 -0.05628651 0.9806486 0.1875109 -0.05628651 0.9806488 0.194342 -0.02364397 0.9806484 0.1943443 -0.02364379 0.9806488 0.1955359 0.009685277 0.9806481 0.1955389 0.009685218 0.9806485 0.1910561 0.04273277 0.9806491 0.1910533 0.04273301 0.9806485 0.1810307 0.07454097 0.9806489 0.1810294 0.07454067 0.9806668 -0.19507 0.015504 0.9806671 -0.1804968 0.07558369 0.9806674 -0.1804959 0.07558315 0.8306592 -0.5135711 0.2150586 0.8306615 -0.5135672 0.2150587 0.5543587 -0.7676867 0.3214713 0.5543614 -0.7676844 0.3214719 0.1945009 -0.9047756 0.3788807 0.9806682 -0.1901646 0.04612284 0.9806672 -0.1901698 0.04612284 0.8306594 -0.5410937 0.1312347 0.8306596 -0.5410935 0.131235 0.5543594 -0.8088283 0.1961694 0.5543639 -0.8088254 0.1961686 0.980668 -0.1950641 0.01550406 0.8963171 -0.44202 0.03513169 0.8291373 -0.558879 0.01362395 0.7924273 -0.6080492 0.04832667 0.5543619 -0.8296595 0.06594151 0.6087294 -0.793308 0.01053738 0.4411665 -0.8946041 0.07110345 0.1944999 -0.9047769 0.3788781 0.1944995 -0.953266 0.2312012 0.1944998 -0.9532664 0.231199 0.1945011 -0.9778185 0.07771939 0.1944996 -0.977819 0.07771825 0.9807859 -0.1950875 0 0.980785 -0.1950922 0 0.896876 -0.442282 0 0.89687 -0.4422945 0 0.7933539 -0.6087609 0 0.7933534 -0.6087613 0 0.6087584 -0.7933558 0 0.6087628 -0.7933524 0 0.4422906 -0.8968719 0 0.19509 -0.9807854 0 0.1950893 -0.9807855 0 0.4405734 -0.6939443 -0.5695054 0.6069129 -0.7909414 -0.07790064 0.9806044 -0.1875582 -0.05689543 0.9806042 -0.1875587 -0.05689543 0.9806045 -0.1728534 -0.09239321 0.9806042 -0.1728549 -0.0923931 0.9806038 -0.1950566 -0.01921099 0.9806043 -0.1950547 -0.01921117 0.896021 -0.4418738 -0.0435211 0.7933138 -0.6087314 -0.009979903 0.9806042 -0.1515093 -0.1243404 0.9806045 -0.1515077 -0.1243403 0.8960226 -0.3432252 -0.2816736 0.8302283 -0.5547397 -0.05463683 0.8302275 -0.5334228 -0.1618102 0.8302281 -0.5334212 -0.1618126 0.8302271 -0.4916058 -0.2627673 0.8302285 -0.4916035 -0.2627672 0.8281415 -0.4104436 -0.3817299 0.79193 -0.4720093 -0.3873683 0.1941857 -0.9762411 -0.09615188 0.4405714 -0.8933949 -0.08799201 0.5514209 -0.8332015 -0.0413565 0.553716 -0.7968494 -0.2417227 0.5537165 -0.7968497 -0.24172 0.5537158 -0.7343804 -0.3925359 0.5537178 -0.7343791 -0.3925354 0.553716 -0.6436924 -0.52826 0.6086935 -0.5716156 -0.5502254 0.1941869 -0.9762409 -0.09615266 0.1941872 -0.9387242 -0.2847598 0.1941859 -0.9387255 -0.2847564 0.1941869 -0.8651332 -0.4624242 0.1941862 -0.8651331 -0.4624247 0.1941872 -0.7582952 -0.6223181 0.1941857 -0.7582975 -0.6223157 0.2158592 -0.6904364 -0.6904364 0.1950806 -0.7003105 -0.686665 0.4612239 -0.62534 -0.6294621 0.4422881 -0.6341841 -0.6341859 0.6418775 -0.5422139 -0.5422154 0.6086914 -0.5718149 -0.5500205 0.8184152 -0.3979886 -0.4144897 0.793352 -0.4304625 -0.4304589 0.9231969 -0.271758 -0.2717632 0.89674 -0.3248997 -0.3004956 0.9908719 -0.0750308 -0.111997 0.9807851 -0.1379511 -0.1379499 0.06780844 -0.8937523 -0.4434059 0.02847641 -0.7780405 -0.6275684 0.06354367 -0.7751495 -0.6285744 0.06411886 -0.9544156 -0.291513 0.07291907 -0.9857979 -0.151279 -0.02634501 -0.9993825 -0.02325475 0.08000093 -0.9960917 -0.03743594 0.1241136 -0.9140471 -0.3861528 0.04926961 -0.9941159 -0.0964685 0.04623758 -0.9955476 -0.08214056 -1.76832e-4 -0.9995789 -0.02901864 0.6022878 -0.7980829 0.01770222 0.5119508 -0.7853376 -0.3480681 0.5133116 -0.8526579 -0.09739524 0.345687 -0.9383431 -0.003613233 0.3217512 -0.9013937 -0.2897682 0.2538483 -0.9641518 -0.07728087 0.957011 -0.2886273 0.02871 0.8376211 -0.3951816 -0.3771237 0.8962426 -0.4242743 -0.1293854 0.8164274 -0.5767396 0.02859979 0.684207 -0.6237348 -0.3779097 0.7322143 -0.6710771 -0.1162664 0.991203 -0.09641408 -0.090671 0.9811554 -0.1677997 -0.09579831 0.9231817 -0.2758448 -0.2676666 0.4611417 -0.6400994 -0.6145088 0.06365674 -0.779116 -0.6236395 0.09494405 -0.7612845 -0.6414295 0.1161752 -0.7642041 -0.6344254 0.1348103 -0.7440238 -0.6544118 0.1639631 -0.7413487 -0.6507828 0.1741544 -0.7186102 -0.6732531 0.2067121 -0.7081851 -0.6750882 0.2077499 -0.6960676 -0.6872625 0.2158471 -0.6830229 -0.6977749 0.08266639 -0.9716601 -0.2214567 0.2519662 -0.9321729 -0.259936 0.2936075 -0.9338997 -0.2040249 0.4346532 -0.8545297 -0.2843511 0.5138465 -0.8323088 -0.2079035 0.606863 -0.7327386 -0.3079148 0.7080966 -0.669139 -0.2255045 0.7584277 -0.558089 -0.3366367 0.8561364 -0.4478446 -0.2578095 0.8639336 -0.3922882 -0.3157985 0.8036278 -0.5329431 -0.2648659 0.07105439 -0.896178 -0.4379683 0.1567899 -0.8755167 -0.4570419 0.186473 -0.8842966 -0.4280741 0.2723854 -0.8355991 -0.4770538 0.3306112 -0.8344416 -0.4409123 0.3868625 -0.7738585 -0.5014783 0.4658859 -0.7511047 -0.4677525 0.4967826 -0.6824482 -0.5361638 0.5825567 -0.6321032 -0.5109533 0.5816397 -0.6387695 -0.5036556 0.6418752 -0.5394713 -0.5449469 0 0.9659261 -0.258818 0.006568551 0.9219123 -0.3873431 0.0018754 0.9773156 -0.21178 0 0.997295 -0.07350403 0 0.258819 -0.9659259 0.006352126 0.1381176 -0.9903956 0 0.3873862 -0.9219175 0 0.7071051 -0.7071086 0.006249904 0.6139031 -0.7893567 0 0.7944889 -0.6072788 0 -0.1350651 -0.9908368 0.003360867 -0.2588179 -0.9659203 0.003252446 -0.7071032 -0.7071029 0 -0.6106827 -0.7918756 0 -0.3869099 -0.9221177 0 -0.9973195 -0.07316946 0.001863658 -0.977439 -0.21121 0.003121137 -0.965921 -0.2588185 0 -0.9201639 -0.3915335 0 -0.7948263 -0.6068372 0 -0.9997743 0.02124941 0 -0.8423667 -0.538905 -0.04587727 -0.8007985 -0.5971744 0 -0.8952243 -0.4456161 0 -0.9906836 -0.1361846 -0.0393483 -0.9730271 -0.2273104 -0.01134616 -0.9958153 -0.09068214 0 0.7785496 -0.6275831 -0.02764004 0.8420459 -0.5386975 0 0.9997705 0.02142518 -0.01131111 0.9958321 -0.0905019 -0.02065056 0.9904726 -0.1361537 0 0.9685689 -0.2487459 0 0.8950811 -0.4459034 -3.88524e-6 0 -1 4.28186e-7 0 -1 -1.74426e-6 0 -1 -2.63487e-7 0 -1 -4.14151e-7 0 -1 0 0 -1 3.89074e-6 0 -1 2.63726e-7 0 -1 -1.56601e-6 0 -1 -1.39728e-6 0 -1 0.3816547 0.4876504 0.7851986 0.03402644 0.9984459 -0.04413688 -0.03368306 0.9962937 -0.07914763 -0.007301032 0.9980176 -0.06251233 0 0.9971295 -0.07571518 0 0.9984135 -0.05630904 0.002029597 0.9998847 -0.01505392 -0.001574516 0.9752843 -0.2209484 0.006918907 0.9452195 -0.3263624 0 0.9093487 -0.4160348 0 0.7071008 -0.7071127 0 0.7071055 -0.7071081 0 0.1373591 -0.9905213 0 0.3890531 -0.9212154 3.70967e-4 0.3832727 -0.9236352 -4.12572e-4 0.1304288 -0.9914577 0 -0.7071008 -0.7071127 0 -0.9984137 -0.05630397 0 -0.9984135 -0.05630904 0 -0.9094073 -0.4159067 0.01411128 -0.9733054 -0.2290796 -0.003591716 -0.942663 -0.3337271 9.48732e-4 -0.9969975 -0.07742875 -0.024562 -0.9992089 -0.03127831 -0.01680785 -0.9989962 -0.04152172 -1.08459e-4 -0.9976672 -0.06826627 0.08977574 -0.9948866 0.04626947 0 -0.1371201 -0.9905545 -2.16844e-4 -0.1334578 -0.9910545 2.00922e-4 -0.3886389 -0.9213901 0 -0.3855929 -0.9226691 0 -0.7071073 -0.7071064 0 -0.1837494 -0.9829732 0 -0.1837496 -0.9829732 0 -0.5264322 -0.8502172 0 -0.5264317 -0.8502174 0 -0.7980173 -0.6026347 0 -0.7980175 -0.6026343 0 -0.9618257 -0.2736629 0 -0.9618256 -0.2736633 0 -0.9957342 0.0922687 0 -0.9957342 0.09226834 0 -0.8951634 0.4457384 0 -0.8951635 0.445738 0 -0.6736958 0.7390088 0 -0.6736955 0.739009 0 -0.3612415 0.9324723 0 -0.3612416 0.9324723 0 0.3612416 0.9324723 0 0.3612415 0.9324723 0 0.6736958 0.7390088 0 0.6736955 0.739009 0 0.8951634 0.4457384 0 0.8951635 0.445738 0 0.9957343 0.09226822 0 0.9957342 0.09226882 0 0.9618256 -0.2736633 0 0.9618257 -0.2736629 0 0.7980174 -0.6026346 0 0.7980174 -0.6026345 0 0.5264321 -0.8502172 0 0.5264319 -0.8502175 0 0.1837494 -0.9829732 0 0.1837496 -0.9829732 -1 2.01415e-7 0 0 -0.1837493 0.9829732 0 -0.1837496 0.9829732 0 -0.5264322 0.8502172 0 -0.5264317 0.8502174 0 -0.7980173 0.6026347 0 -0.7980177 0.6026341 0 -0.9618257 0.2736629 0 -0.9618256 0.2736633 0 -0.9957342 -0.0922687 0 -0.9957342 -0.09226834 0 -0.8951635 -0.445738 0 -0.8951634 -0.4457384 0 -0.6736958 -0.7390088 0 -0.3612413 -0.9324724 0 -0.3612418 -0.9324722 0 0.3612414 -0.9324724 0 0.3612418 -0.9324723 0 0.6736958 -0.7390088 0 0.8951635 -0.445738 0 0.8951634 -0.4457384 0 0.9957343 -0.09226822 0 0.9957342 -0.09226882 0 0.9618256 0.2736633 0 0.9618257 0.2736629 0 0.7980174 0.6026346 0 0.7980176 0.6026343 0 0.5264321 0.8502172 0 0.5264319 0.8502175 0 0.1837493 0.9829732 0 0.1837496 0.9829732 1 -4.0283e-7 0 1 1.61132e-6 0 1 -1.40991e-6 0 1 -4.0283e-7 0 1 8.05661e-7 0</float_array>
          <technique_common>
            <accessor source="#link_2_4-mesh-normals-array" count="2150" stride="3">
              <param name="X" type="float"/>
              <param name="Y" type="float"/>
              <param name="Z" type="float"/>
            </accessor>
          </technique_common>
        </source>
        <vertices id="link_2_4-mesh-vertices">
          <input semantic="POSITION" source="#link_2_4-mesh-positions"/>
        </vertices>
        <triangles material="m_1-material" count="2392">
          <input semantic="VERTEX" source="#link_2_4-mesh-vertices" offset="0"/>
          <input semantic="NORMAL" source="#link_2_4-mesh-normals" offset="1"/>
          <p>0 0 1 0 2 0 0 1 2 1 3 1 3 2 2 2 4 2 3 3 4 3 5 3 5 4 4 4 6 4 5 4 6 4 7 4 7 5 6 5 8 5 7 6 8 6 9 6 9 7 8 7 10 7 10 7 8 7 11 7 10 8 11 8 12 8 10 9 12 9 13 9 13 10 12 10 14 10 13 10 14 10 15 10 15 11 14 11 16 11 15 12 16 12 17 12 17 13 16 13 18 13 17 14 18 14 19 14 19 15 18 15 20 15 20 15 18 15 21 15 20 16 21 16 22 16 20 17 22 17 23 17 23 18 22 18 24 18 23 19 24 19 25 19 25 20 24 20 26 20 25 20 26 20 27 20 27 21 26 21 28 21 27 22 28 22 29 22 29 23 28 23 30 23 30 23 28 23 31 23 30 24 31 24 32 24 30 25 32 25 33 25 33 26 32 26 34 26 33 26 34 26 35 26 35 27 34 27 36 27 35 28 36 28 37 28 37 29 36 29 38 29 37 30 38 30 39 30 39 31 38 31 0 31 0 31 38 31 1 31 40 32 41 32 42 32 43 33 44 33 45 33 46 33 47 33 48 33 47 34 49 34 48 34 48 33 49 33 50 33 48 35 50 35 51 35 44 36 52 36 45 36 45 33 52 33 53 33 45 32 53 32 54 32 55 37 56 37 57 37 57 38 56 38 43 38 57 39 43 39 58 39 58 33 43 33 45 33 58 33 45 33 48 33 48 33 45 33 40 33 48 33 40 33 46 33 46 40 40 40 42 40 46 33 42 33 59 33 20 41 47 41 19 41 19 41 47 41 46 41 47 42 20 42 23 42 47 43 23 43 49 43 49 44 23 44 25 44 49 45 25 45 50 45 50 46 25 46 27 46 50 47 27 47 51 47 51 48 27 48 29 48 51 49 29 49 48 49 40 50 10 50 13 50 40 51 13 51 41 51 41 52 13 52 15 52 41 53 15 53 42 53 42 54 15 54 17 54 42 55 17 55 59 55 59 56 17 56 19 56 59 57 19 57 46 57 30 58 58 58 29 58 29 58 58 58 48 58 45 59 9 59 40 59 40 59 9 59 10 59 58 60 30 60 33 60 58 61 33 61 57 61 57 62 33 62 35 62 57 63 35 63 55 63 55 64 35 64 37 64 55 65 37 65 56 65 56 66 37 66 39 66 56 67 39 67 43 67 44 68 0 68 3 68 44 69 3 69 52 69 52 70 3 70 5 70 52 71 5 71 53 71 53 72 5 72 7 72 53 73 7 73 54 73 54 74 7 74 9 74 54 75 9 75 45 75 0 76 44 76 39 76 39 76 44 76 43 76 60 33 61 33 14 33 62 33 16 33 63 33 63 77 16 77 14 77 63 33 14 33 64 33 64 78 14 78 61 78 64 33 61 33 65 33 66 33 6 33 67 33 67 79 6 79 4 79 67 33 4 33 68 33 68 33 4 33 69 33 70 80 36 80 71 80 71 81 36 81 34 81 72 82 73 82 34 82 73 33 74 33 34 33 34 83 74 83 75 83 34 84 75 84 71 84 34 33 32 33 72 33 72 33 32 33 31 33 72 33 31 33 76 33 77 33 24 33 78 33 78 81 24 81 22 81 78 85 22 85 79 85 79 86 22 86 21 86 79 33 21 33 62 33 62 33 21 33 18 33 62 87 18 87 16 87 14 33 12 33 60 33 60 33 12 33 11 33 60 33 11 33 66 33 66 88 11 88 8 88 66 33 8 33 6 33 69 33 4 33 80 33 80 89 4 89 2 89 80 90 2 90 81 90 81 87 2 87 1 87 81 33 1 33 70 33 70 33 1 33 38 33 70 86 38 86 36 86 31 91 28 91 76 91 76 33 28 33 26 33 76 33 26 33 82 33 82 92 26 92 24 92 82 33 24 33 83 33 83 33 24 33 77 33 84 15 85 15 79 15 86 15 87 15 88 15 88 15 87 15 89 15 89 15 84 15 88 15 88 93 84 93 79 93 88 15 79 15 90 15 90 15 79 15 62 15 91 23 92 23 93 23 93 23 92 23 94 23 93 23 94 23 95 23 95 23 94 23 96 23 95 23 96 23 97 23 98 94 76 94 99 94 99 23 76 23 100 23 99 95 100 95 101 95 102 96 72 96 103 96 103 23 72 23 76 23 103 23 76 23 104 23 104 97 76 97 98 97 105 23 106 23 91 23 101 23 107 23 99 23 99 98 107 98 108 98 99 23 108 23 109 23 110 23 111 23 112 23 112 99 111 99 113 99 112 23 113 23 114 23 114 100 115 100 112 100 112 23 115 23 116 23 112 23 116 23 117 23 110 101 112 101 91 101 91 102 112 102 118 102 91 103 118 103 105 103 106 23 119 23 91 23 91 104 119 104 120 104 91 23 120 23 92 23 97 23 96 23 109 23 109 23 96 23 121 23 109 23 121 23 99 23 122 31 123 31 124 31 124 31 123 31 81 31 124 31 81 31 125 31 125 31 81 31 70 31 125 31 70 31 126 31 60 7 66 7 127 7 127 105 128 105 60 105 60 106 128 106 129 106 60 107 129 107 130 107 130 108 129 108 131 108 130 7 131 7 132 7 132 109 131 109 133 109 132 7 133 7 134 7 134 110 133 110 135 110 135 7 133 7 136 7 136 7 133 7 137 7 136 7 137 7 138 7 139 7 140 7 141 7 141 7 140 7 142 7 141 111 142 111 143 111 139 112 144 112 140 112 140 7 144 7 145 7 140 7 145 7 146 7 147 113 148 113 149 113 149 114 148 114 150 114 149 7 150 7 142 7 142 115 150 115 151 115 142 7 151 7 143 7 147 116 152 116 148 116 148 7 152 7 153 7 148 7 153 7 154 7 138 7 137 7 146 7 146 7 137 7 155 7 146 7 155 7 140 7 156 7 157 7 158 7 159 7 160 7 154 7 154 117 160 117 161 117 154 118 161 118 162 118 154 119 163 119 164 119 156 7 158 7 154 7 154 120 158 120 165 120 154 121 165 121 159 121 162 122 166 122 154 122 154 123 166 123 167 123 154 124 167 124 163 124 164 7 168 7 154 7 154 125 168 125 169 125 154 126 169 126 148 126 170 127 171 127 77 127 82 128 172 128 76 128 76 129 172 129 173 129 76 130 173 130 100 130 77 131 171 131 83 131 171 132 174 132 83 132 83 133 174 133 175 133 83 134 175 134 82 134 82 135 175 135 176 135 82 136 176 136 172 136 79 137 85 137 78 137 78 138 85 138 177 138 170 139 77 139 178 139 178 140 77 140 78 140 178 141 78 141 179 141 179 142 78 142 177 142 179 143 177 143 180 143 181 144 86 144 88 144 182 145 183 145 63 145 63 146 183 146 184 146 63 147 184 147 181 147 181 148 88 148 63 148 63 149 88 149 90 149 63 150 90 150 62 150 182 151 63 151 185 151 185 152 63 152 64 152 185 153 64 153 186 153 186 154 64 154 187 154 187 155 64 155 65 155 187 156 65 156 188 156 188 157 65 157 61 157 188 158 61 158 189 158 189 159 61 159 60 159 189 160 60 160 130 160 126 161 70 161 190 161 190 162 70 162 71 162 190 163 71 163 191 163 191 164 71 164 192 164 193 165 194 165 75 165 75 166 194 166 195 166 75 167 195 167 71 167 71 168 195 168 196 168 71 169 196 169 192 169 193 170 75 170 197 170 197 171 75 171 74 171 197 172 74 172 198 172 198 173 74 173 199 173 199 174 74 174 73 174 199 175 73 175 200 175 200 176 73 176 201 176 201 177 73 177 72 177 201 178 72 178 102 178 67 179 68 179 202 179 202 180 203 180 67 180 67 181 203 181 204 181 67 182 204 182 66 182 66 183 204 183 205 183 66 184 205 184 127 184 69 185 80 185 206 185 206 186 207 186 69 186 69 187 207 187 208 187 69 188 208 188 68 188 68 189 208 189 209 189 68 190 209 190 202 190 81 191 123 191 80 191 80 192 123 192 210 192 210 193 211 193 80 193 80 194 211 194 212 194 80 195 212 195 206 195 213 196 214 196 215 196 215 197 214 197 216 197 215 198 216 198 217 198 217 199 216 199 218 199 218 200 216 200 219 200 218 201 219 201 220 201 220 202 219 202 221 202 220 203 221 203 222 203 222 204 221 204 223 204 222 205 223 205 224 205 224 206 223 206 225 206 225 207 223 207 226 207 225 208 226 208 84 208 84 209 226 209 227 209 84 210 227 210 85 210 85 211 227 211 228 211 85 212 228 212 177 212 177 213 228 213 229 213 177 214 229 214 180 214 230 215 231 215 232 215 233 216 234 216 235 216 233 217 235 217 236 217 236 218 235 218 237 218 236 219 237 219 231 219 231 220 237 220 238 220 231 221 238 221 232 221 191 222 239 222 190 222 190 223 239 223 240 223 190 224 240 224 126 224 126 225 240 225 241 225 126 226 241 226 125 226 242 227 243 227 244 227 230 228 232 228 244 228 244 229 232 229 245 229 244 230 245 230 242 230 125 231 241 231 243 231 243 232 241 232 246 232 243 233 246 233 244 233 247 234 248 234 249 234 249 235 248 235 250 235 251 236 252 236 253 236 253 237 252 237 254 237 251 238 255 238 252 238 252 239 255 239 256 239 252 240 256 240 248 240 248 241 256 241 257 241 248 242 257 242 250 242 258 243 259 243 260 243 261 244 262 244 263 244 263 245 262 245 264 245 263 246 264 246 265 246 265 247 264 247 266 247 265 248 266 248 267 248 267 249 266 249 268 249 267 250 268 250 269 250 269 251 268 251 270 251 269 248 270 248 260 248 260 248 270 248 271 248 260 252 271 252 258 252 272 253 273 253 274 253 275 254 276 254 277 254 278 255 279 255 280 255 281 256 282 256 283 256 281 257 283 257 284 257 284 258 283 258 285 258 284 259 285 259 286 259 286 260 285 260 287 260 286 261 287 261 288 261 288 262 287 262 289 262 288 263 289 263 290 263 289 264 291 264 290 264 290 265 291 265 292 265 290 266 292 266 293 266 293 267 292 267 294 267 293 268 294 268 295 268 295 269 294 269 296 269 295 270 296 270 297 270 297 271 296 271 298 271 297 272 298 272 299 272 299 273 298 273 300 273 299 274 300 274 301 274 302 275 303 275 304 275 280 276 279 276 304 276 304 277 279 277 305 277 304 278 305 278 302 278 306 279 307 279 300 279 300 280 307 280 308 280 300 281 308 281 301 281 303 282 309 282 310 282 310 283 309 283 307 283 310 284 307 284 311 284 311 285 307 285 306 285 312 286 313 286 280 286 280 287 313 287 314 287 280 288 314 288 278 288 315 289 316 289 317 289 317 290 316 290 318 290 317 291 318 291 312 291 312 292 318 292 319 292 312 293 319 293 313 293 320 294 321 294 322 294 322 295 321 295 323 295 322 296 323 296 315 296 315 297 323 297 324 297 315 298 324 298 316 298 274 299 273 299 277 299 277 300 273 300 325 300 277 301 325 301 275 301 272 302 274 302 326 302 326 303 274 303 327 303 326 304 327 304 328 304 328 305 327 305 329 305 328 306 329 306 330 306 330 307 329 307 331 307 331 308 329 308 332 308 331 309 332 309 333 309 334 310 335 310 336 310 337 311 338 311 339 311 339 312 338 312 340 312 339 313 340 313 332 313 332 314 340 314 341 314 332 315 341 315 333 315 336 316 342 316 334 316 334 317 342 317 343 317 334 318 343 318 344 318 344 319 343 319 345 319 344 320 345 320 346 320 346 321 345 321 347 321 347 322 345 322 348 322 348 323 345 323 349 323 348 324 349 324 350 324 350 325 349 325 351 325 350 326 351 326 352 326 351 327 353 327 352 327 352 328 353 328 354 328 352 329 354 329 355 329 355 330 354 330 356 330 355 331 356 331 357 331 357 332 356 332 358 332 357 333 358 333 359 333 359 334 358 334 360 334 359 335 360 335 361 335 361 336 360 336 362 336 361 337 362 337 363 337 363 338 362 338 364 338 363 339 364 339 365 339 303 340 310 340 304 340 304 341 310 341 366 341 304 342 366 342 367 342 368 343 369 343 370 343 370 344 369 344 367 344 370 345 367 345 371 345 371 346 367 346 366 346 368 347 372 347 369 347 369 348 372 348 373 348 369 349 373 349 374 349 375 350 376 350 377 350 377 351 376 351 374 351 377 352 374 352 378 352 378 353 374 353 373 353 375 354 379 354 376 354 376 355 379 355 380 355 376 356 380 356 381 356 380 357 382 357 381 357 381 358 382 358 383 358 381 359 383 359 384 359 335 360 337 360 336 360 336 361 337 361 339 361 336 362 339 362 385 362 385 363 339 363 384 363 385 364 384 364 386 364 386 365 384 365 383 365 387 7 388 7 389 7 389 7 388 7 390 7 390 7 388 7 391 7 390 366 391 366 392 366 392 7 393 7 394 7 394 367 393 367 395 367 396 7 397 7 398 7 398 368 397 368 399 368 398 369 399 369 400 369 400 370 399 370 401 370 400 371 401 371 402 371 402 372 401 372 387 372 402 7 387 7 403 7 403 373 387 373 389 373 403 374 389 374 404 374 404 7 389 7 405 7 394 375 406 375 392 375 392 376 406 376 407 376 392 377 407 377 390 377 390 378 407 378 408 378 390 7 408 7 409 7 410 7 411 7 412 7 412 7 411 7 395 7 412 379 395 379 413 379 413 7 395 7 393 7 398 380 414 380 396 380 396 7 414 7 415 7 396 7 415 7 416 7 416 7 415 7 417 7 416 381 417 381 418 381 418 7 417 7 419 7 418 7 419 7 420 7 420 382 419 382 421 382 420 7 421 7 422 7 422 383 421 383 423 383 422 7 423 7 424 7 424 384 423 384 425 384 424 7 425 7 410 7 410 7 425 7 426 7 410 7 426 7 411 7 427 385 428 385 429 385 429 386 430 386 427 386 427 387 430 387 431 387 427 388 431 388 432 388 432 389 431 389 433 389 432 390 433 390 434 390 404 391 405 391 435 391 404 392 435 392 436 392 436 393 435 393 437 393 436 394 437 394 438 394 434 395 439 395 432 395 432 396 439 396 440 396 432 397 440 397 441 397 441 398 440 398 442 398 441 399 442 399 443 399 443 400 442 400 444 400 443 401 444 401 445 401 445 402 444 402 446 402 445 403 446 403 447 403 447 404 446 404 436 404 447 405 436 405 448 405 448 406 436 406 438 406 449 407 403 407 450 407 450 408 403 408 404 408 450 409 404 409 451 409 451 410 404 410 436 410 449 411 452 411 403 411 403 412 452 412 453 412 403 413 453 413 402 413 454 414 400 414 455 414 455 415 400 415 402 415 455 416 402 416 456 416 456 417 402 417 453 417 457 418 409 418 408 418 458 419 459 419 460 419 458 420 460 420 461 420 462 421 463 421 464 421 464 422 463 422 465 422 465 423 463 423 466 423 466 424 463 424 467 424 466 425 467 425 468 425 469 426 470 426 467 426 467 427 470 427 471 427 467 428 471 428 468 428 461 429 460 429 472 429 472 430 460 430 473 430 472 431 473 431 474 431 474 432 473 432 475 432 474 433 475 433 469 433 469 434 475 434 476 434 469 435 476 435 470 435 459 436 457 436 460 436 460 437 457 437 408 437 460 438 408 438 477 438 477 439 408 439 407 439 477 440 407 440 478 440 479 441 480 441 406 441 406 442 480 442 481 442 406 443 481 443 407 443 407 444 481 444 482 444 407 445 482 445 478 445 479 446 406 446 483 446 483 447 406 447 394 447 483 448 394 448 484 448 485 449 486 449 487 449 365 450 364 450 487 450 487 451 364 451 488 451 487 452 488 452 485 452 486 453 485 453 489 453 489 454 485 454 490 454 489 455 490 455 491 455 491 456 490 456 492 456 491 457 492 457 493 457 494 458 277 458 276 458 276 459 495 459 494 459 494 460 495 460 496 460 494 461 496 461 492 461 492 462 496 462 497 462 492 463 497 463 493 463 320 464 322 464 498 464 498 465 322 465 499 465 500 466 501 466 502 466 502 467 503 467 500 467 500 468 503 468 504 468 500 469 504 469 499 469 499 470 504 470 505 470 499 471 505 471 498 471 283 472 282 472 506 472 506 473 282 473 507 473 506 474 507 474 508 474 508 475 507 475 509 475 508 476 509 476 501 476 501 477 509 477 510 477 501 478 510 478 502 478 511 479 213 479 215 479 235 479 234 479 512 479 390 479 215 479 513 479 514 479 389 479 515 479 515 480 389 480 235 480 515 479 235 479 516 479 516 481 235 481 512 481 390 479 513 479 389 479 389 482 513 482 517 482 389 479 517 479 235 479 518 479 511 479 519 479 519 479 511 479 215 479 519 479 215 479 520 479 520 483 215 483 390 483 521 31 522 31 490 31 490 484 522 484 523 484 490 31 523 31 492 31 492 485 523 485 524 485 525 486 526 486 492 486 526 487 527 487 492 487 492 488 527 488 528 488 492 31 528 31 529 31 524 31 530 31 492 31 492 489 530 489 531 489 492 31 531 31 525 31 525 490 531 490 532 490 525 491 532 491 533 491 534 31 535 31 532 31 532 31 535 31 536 31 532 492 536 492 533 492 537 31 538 31 534 31 534 31 538 31 539 31 534 493 539 493 535 493 540 31 541 31 542 31 543 31 544 31 534 31 534 494 544 494 545 494 534 495 545 495 537 495 540 31 542 31 534 31 534 496 542 496 543 496 546 15 547 15 501 15 548 15 549 15 501 15 550 15 551 15 552 15 553 15 554 15 500 15 500 497 554 497 555 497 500 15 555 15 501 15 501 498 555 498 556 498 501 499 556 499 548 499 552 15 551 15 549 15 549 500 551 500 557 500 549 15 557 15 501 15 501 501 557 501 558 501 501 502 558 502 546 502 559 15 560 15 552 15 552 15 560 15 561 15 552 503 561 503 550 503 562 15 563 15 559 15 559 15 563 15 564 15 559 504 564 504 560 504 565 505 566 505 567 505 568 15 569 15 559 15 559 506 569 506 570 506 559 507 570 507 562 507 565 15 567 15 559 15 559 508 567 508 568 508 571 23 89 23 87 23 124 23 572 23 122 23 122 23 572 23 573 23 573 509 572 509 574 509 574 510 572 510 575 510 574 511 575 511 248 511 248 23 575 23 252 23 252 512 575 512 517 512 252 23 517 23 513 23 576 513 577 513 578 513 578 514 577 514 579 514 571 23 87 23 580 23 580 23 87 23 581 23 580 515 581 515 513 515 513 516 581 516 582 516 513 517 582 517 252 517 583 518 584 518 87 518 87 519 584 519 585 519 87 520 585 520 581 520 577 23 584 23 579 23 579 23 584 23 583 23 579 521 583 521 586 521 586 522 583 522 587 522 588 23 332 23 589 23 589 23 332 23 329 23 589 23 329 23 590 23 591 23 369 23 592 23 592 523 369 523 374 523 592 23 374 23 593 23 581 23 594 23 582 23 582 524 594 524 595 524 582 23 595 23 529 23 529 23 595 23 492 23 374 23 376 23 593 23 593 525 376 525 381 525 593 23 381 23 596 23 596 526 381 526 384 526 596 527 384 527 588 527 588 528 384 528 339 528 588 529 339 529 332 529 576 23 578 23 597 23 597 530 578 530 553 530 597 531 553 531 500 531 329 532 327 532 590 532 590 23 327 23 274 23 590 23 274 23 598 23 598 23 274 23 277 23 598 23 277 23 595 23 595 533 277 533 494 533 595 23 494 23 492 23 500 23 499 23 597 23 597 534 499 534 322 534 597 535 322 535 315 535 597 23 280 23 599 23 599 536 280 536 304 536 599 537 304 537 591 537 591 538 304 538 367 538 591 539 367 539 369 539 315 540 317 540 597 540 597 23 317 23 312 23 597 23 312 23 280 23 484 15 394 15 600 15 600 15 394 15 395 15 601 31 398 31 454 31 454 31 398 31 400 31 601 541 602 541 398 541 398 542 602 542 414 542 603 543 415 543 604 543 604 544 415 544 414 544 604 545 414 545 605 545 605 546 414 546 602 546 603 547 606 547 415 547 415 548 606 548 607 548 415 549 607 549 417 549 607 550 608 550 417 550 417 551 608 551 609 551 417 552 609 552 419 552 609 553 610 553 419 553 419 554 610 554 611 554 419 555 611 555 421 555 611 556 612 556 421 556 421 557 612 557 613 557 421 558 613 558 423 558 614 559 425 559 615 559 615 560 425 560 423 560 615 561 423 561 616 561 616 562 423 562 613 562 614 563 617 563 425 563 425 564 617 564 618 564 425 565 618 565 426 565 618 566 619 566 426 566 426 567 619 567 620 567 426 568 620 568 411 568 600 569 395 569 621 569 621 570 395 570 411 570 621 571 411 571 622 571 622 572 411 572 620 572 623 573 586 573 624 573 624 574 586 574 625 574 626 575 579 575 627 575 627 576 579 576 628 576 623 577 629 577 586 577 586 578 629 578 630 578 586 579 630 579 579 579 579 580 630 580 631 580 579 581 631 581 628 581 632 582 633 582 634 582 634 583 633 583 635 583 634 584 635 584 636 584 637 585 638 585 639 585 639 586 638 586 640 586 639 587 640 587 641 587 641 588 640 588 642 588 641 589 642 589 643 589 643 590 642 590 644 590 643 236 644 236 645 236 645 591 644 591 632 591 645 592 632 592 646 592 646 593 632 593 634 593 503 594 502 594 303 594 647 595 320 595 498 595 279 596 278 596 647 596 316 597 324 597 648 597 648 598 324 598 323 598 648 599 323 599 321 599 320 600 647 600 321 600 321 601 647 601 278 601 321 602 278 602 648 602 648 603 278 603 314 603 648 604 314 604 313 604 313 605 319 605 648 605 648 606 319 606 318 606 648 607 318 607 316 607 279 608 647 608 305 608 305 609 647 609 498 609 305 610 498 610 302 610 302 611 498 611 505 611 302 612 505 612 303 612 303 613 505 613 504 613 303 614 504 614 503 614 502 615 510 615 303 615 303 616 510 616 509 616 303 617 509 617 309 617 309 618 509 618 307 618 649 619 299 619 301 619 509 620 507 620 307 620 307 621 507 621 649 621 307 622 649 622 308 622 308 623 649 623 301 623 293 624 295 624 650 624 281 625 284 625 650 625 650 626 284 626 286 626 286 627 288 627 650 627 650 628 288 628 290 628 650 629 290 629 293 629 507 630 282 630 649 630 649 631 282 631 281 631 649 632 281 632 299 632 299 633 281 633 650 633 299 634 650 634 297 634 297 635 650 635 295 635 651 636 365 636 487 636 346 637 347 637 651 637 346 638 651 638 344 638 357 639 359 639 652 639 652 640 359 640 361 640 652 641 361 641 363 641 365 642 651 642 363 642 363 643 651 643 347 643 363 644 347 644 652 644 652 645 347 645 348 645 652 646 348 646 350 646 350 647 352 647 652 647 652 648 352 648 355 648 652 649 355 649 357 649 344 650 651 650 334 650 334 651 651 651 487 651 334 652 487 652 335 652 335 653 487 653 486 653 335 654 486 654 337 654 486 655 489 655 337 655 337 656 489 656 491 656 337 657 491 657 493 657 493 658 497 658 337 658 337 659 497 659 496 659 337 660 496 660 338 660 338 661 496 661 340 661 496 662 495 662 340 662 340 663 495 663 653 663 340 664 653 664 341 664 341 665 653 665 333 665 328 666 330 666 654 666 273 667 654 667 325 667 325 668 654 668 275 668 273 669 272 669 654 669 654 670 272 670 326 670 654 671 326 671 328 671 495 672 276 672 653 672 653 673 276 673 275 673 653 674 275 674 333 674 333 675 275 675 654 675 333 676 654 676 331 676 331 677 654 677 330 677 655 678 656 678 657 678 658 679 659 679 660 679 660 680 659 680 661 680 662 681 663 681 659 681 659 682 663 682 664 682 659 683 664 683 661 683 665 684 637 684 662 684 662 685 637 685 666 685 662 686 666 686 663 686 667 687 644 687 668 687 668 688 644 688 642 688 668 689 642 689 669 689 669 690 642 690 640 690 669 691 640 691 665 691 665 692 640 692 638 692 665 693 638 693 637 693 670 694 633 694 667 694 667 695 633 695 632 695 667 696 632 696 644 696 671 697 672 697 673 697 673 698 672 698 674 698 673 699 674 699 675 699 675 700 676 700 673 700 673 701 676 701 636 701 673 702 636 702 670 702 670 703 636 703 635 703 670 704 635 704 633 704 677 705 678 705 679 705 679 706 680 706 677 706 677 707 680 707 681 707 677 708 681 708 673 708 673 709 681 709 682 709 673 710 682 710 671 710 683 711 684 711 677 711 684 712 685 712 677 712 677 713 685 713 686 713 677 714 686 714 687 714 687 715 688 715 677 715 677 716 688 716 689 716 677 717 689 717 678 717 690 718 691 718 692 718 692 719 691 719 693 719 692 720 693 720 694 720 694 721 695 721 692 721 692 722 695 722 696 722 692 723 696 723 677 723 677 724 696 724 697 724 677 725 697 725 683 725 698 726 699 726 255 726 255 727 251 727 698 727 698 728 251 728 253 728 698 729 253 729 692 729 692 730 253 730 254 730 692 731 254 731 690 731 700 732 247 732 701 732 701 733 247 733 249 733 701 734 249 734 702 734 702 735 249 735 250 735 702 736 250 736 703 736 703 737 250 737 257 737 703 738 257 738 699 738 699 739 257 739 256 739 699 740 256 740 255 740 655 741 657 741 704 741 657 742 705 742 704 742 704 743 705 743 706 743 704 744 706 744 700 744 700 745 706 745 707 745 700 746 707 746 247 746 268 747 266 747 708 747 709 748 710 748 711 748 712 749 625 749 713 749 713 750 625 750 714 750 713 751 714 751 715 751 715 752 714 752 716 752 715 753 716 753 711 753 711 754 716 754 717 754 711 755 717 755 709 755 718 756 630 756 719 756 719 757 630 757 629 757 719 758 629 758 720 758 720 759 629 759 623 759 720 760 623 760 712 760 712 761 623 761 624 761 712 762 624 762 625 762 721 763 628 763 718 763 718 764 628 764 631 764 718 765 631 765 630 765 722 766 723 766 724 766 724 767 725 767 722 767 722 768 725 768 726 768 722 769 726 769 727 769 727 770 728 770 722 770 722 771 728 771 626 771 722 772 626 772 721 772 721 773 626 773 627 773 721 774 627 774 628 774 723 775 722 775 729 775 729 776 722 776 730 776 729 777 730 777 731 777 732 778 733 778 730 778 733 779 734 779 730 779 730 780 734 780 735 780 730 781 735 781 736 781 736 782 737 782 730 782 730 783 737 783 738 783 730 784 738 784 731 784 739 785 740 785 741 785 741 786 740 786 742 786 741 787 742 787 743 787 743 788 744 788 741 788 741 789 744 789 745 789 741 790 745 790 730 790 730 791 745 791 746 791 730 792 746 792 732 792 708 793 266 793 747 793 266 794 264 794 747 794 747 795 264 795 262 795 747 796 262 796 741 796 741 797 262 797 261 797 741 798 261 798 739 798 268 799 708 799 270 799 270 800 708 800 748 800 270 801 748 801 271 801 271 802 748 802 749 802 271 803 749 803 258 803 258 804 749 804 750 804 258 805 750 805 259 805 259 806 750 806 751 806 259 807 751 807 752 807 753 808 754 808 751 808 751 809 754 809 755 809 751 810 755 810 752 810 756 811 757 811 753 811 753 812 757 812 758 812 753 813 758 813 754 813 462 814 213 814 463 814 463 815 213 815 511 815 463 816 511 816 467 816 759 817 221 817 760 817 760 818 221 818 219 818 760 819 219 819 761 819 761 820 219 820 216 820 761 821 216 821 462 821 462 822 216 822 214 822 462 823 214 823 213 823 762 824 227 824 763 824 763 825 227 825 226 825 763 826 226 826 764 826 764 827 226 827 223 827 764 828 223 828 765 828 765 829 223 829 221 829 765 830 221 830 766 830 766 831 221 831 759 831 467 832 511 832 469 832 469 833 511 833 518 833 469 834 518 834 474 834 474 835 518 835 472 835 472 836 518 836 519 836 472 837 519 837 461 837 461 838 519 838 458 838 458 839 519 839 520 839 458 840 520 840 459 840 459 841 520 841 457 841 457 842 520 842 390 842 457 843 390 843 409 843 443 844 445 844 516 844 405 845 389 845 435 845 435 846 389 846 514 846 435 847 514 847 437 847 437 848 514 848 438 848 438 849 514 849 515 849 438 850 515 850 448 850 516 851 445 851 515 851 515 852 445 852 447 852 515 853 447 853 448 853 428 854 427 854 512 854 512 855 427 855 432 855 512 856 432 856 516 856 516 857 432 857 441 857 516 858 441 858 443 858 230 859 767 859 231 859 231 860 767 860 768 860 231 861 768 861 236 861 236 862 768 862 769 862 236 863 769 863 233 863 233 864 769 864 428 864 233 865 428 865 234 865 234 866 428 866 512 866 241 867 770 867 246 867 246 868 770 868 771 868 246 869 771 869 244 869 244 870 771 870 772 870 244 871 772 871 230 871 230 872 772 872 773 872 230 873 773 873 767 873 261 874 263 874 774 874 261 875 774 875 775 875 547 876 546 876 776 876 776 877 546 877 775 877 776 878 775 878 777 878 777 879 775 879 774 879 775 880 546 880 558 880 775 881 558 881 778 881 778 882 558 882 557 882 778 883 557 883 779 883 779 884 557 884 551 884 779 885 551 885 780 885 780 886 551 886 550 886 780 887 550 887 781 887 781 888 550 888 561 888 781 889 561 889 782 889 782 890 743 890 781 890 781 891 743 891 742 891 781 892 742 892 780 892 780 893 742 893 740 893 780 894 740 894 779 894 779 895 740 895 739 895 779 896 739 896 778 896 778 897 739 897 261 897 778 898 261 898 775 898 746 899 745 899 782 899 782 900 745 900 744 900 782 901 744 901 743 901 783 902 560 902 564 902 783 903 564 903 784 903 784 904 564 904 563 904 784 905 563 905 785 905 785 906 563 906 562 906 785 907 562 907 786 907 786 908 562 908 570 908 786 909 570 909 787 909 787 910 570 910 569 910 787 911 569 911 788 911 788 912 569 912 568 912 788 913 568 913 789 913 789 914 568 914 567 914 789 915 567 915 790 915 790 916 567 916 791 916 561 917 560 917 782 917 782 918 560 918 783 918 782 919 783 919 746 919 746 920 783 920 784 920 746 921 784 921 732 921 732 922 784 922 785 922 732 923 785 923 733 923 733 924 785 924 786 924 733 925 786 925 734 925 734 926 786 926 787 926 734 927 787 927 735 927 735 928 787 928 788 928 735 929 788 929 736 929 736 930 788 930 789 930 736 931 789 931 737 931 737 932 789 932 790 932 737 933 790 933 738 933 738 934 790 934 791 934 738 935 791 935 731 935 792 936 566 936 565 936 792 937 565 937 793 937 793 938 565 938 559 938 793 939 559 939 794 939 794 940 559 940 552 940 794 941 552 941 795 941 795 942 552 942 549 942 795 943 549 943 796 943 796 944 549 944 548 944 796 945 548 945 797 945 797 946 548 946 556 946 797 947 556 947 798 947 798 948 556 948 555 948 798 949 555 949 799 949 799 950 555 950 554 950 799 951 554 951 800 951 567 952 566 952 791 952 791 953 566 953 792 953 791 954 792 954 731 954 731 955 792 955 793 955 731 956 793 956 729 956 729 957 793 957 794 957 729 958 794 958 723 958 723 959 794 959 795 959 723 960 795 960 724 960 724 961 795 961 796 961 724 962 796 962 725 962 725 963 796 963 797 963 725 964 797 964 726 964 726 965 797 965 798 965 726 966 798 966 727 966 727 967 798 967 799 967 727 968 799 968 728 968 728 969 799 969 800 969 728 970 800 970 626 970 579 971 626 971 578 971 578 972 626 972 800 972 578 973 800 973 553 973 553 974 800 974 554 974 254 975 252 975 801 975 801 976 252 976 582 976 801 977 582 977 528 977 528 978 582 978 529 978 801 979 528 979 527 979 802 980 694 980 803 980 803 981 694 981 693 981 803 982 693 982 804 982 804 983 693 983 691 983 804 984 691 984 805 984 805 985 691 985 690 985 805 986 690 986 806 986 806 987 690 987 254 987 806 988 254 988 801 988 697 989 696 989 802 989 802 990 696 990 695 990 802 991 695 991 694 991 802 992 807 992 697 992 697 993 807 993 808 993 697 994 808 994 683 994 683 995 808 995 809 995 683 996 809 996 684 996 684 997 809 997 810 997 684 998 810 998 685 998 685 999 810 999 811 999 685 1000 811 1000 686 1000 686 1001 811 1001 812 1001 686 1002 812 1002 687 1002 687 1003 812 1003 813 1003 687 1004 813 1004 688 1004 688 1005 813 1005 814 1005 688 1006 814 1006 689 1006 689 1007 814 1007 815 1007 689 1008 815 1008 678 1008 678 1009 815 1009 816 1009 678 1010 816 1010 679 1010 679 1011 816 1011 817 1011 679 1012 817 1012 680 1012 801 1013 527 1013 806 1013 806 1014 527 1014 526 1014 806 1015 526 1015 805 1015 805 1016 526 1016 525 1016 805 1017 525 1017 804 1017 804 1018 525 1018 533 1018 804 1019 533 1019 803 1019 803 1020 533 1020 536 1020 803 1021 536 1021 802 1021 802 1022 536 1022 535 1022 802 1023 535 1023 807 1023 807 1024 535 1024 539 1024 807 1025 539 1025 808 1025 808 1026 539 1026 538 1026 808 1027 538 1027 809 1027 809 1028 538 1028 537 1028 809 1029 537 1029 810 1029 810 1030 537 1030 545 1030 810 1031 545 1031 811 1031 811 1032 545 1032 544 1032 811 1033 544 1033 812 1033 812 1034 544 1034 543 1034 812 1035 543 1035 813 1035 813 1036 543 1036 542 1036 813 1037 542 1037 814 1037 814 1038 542 1038 815 1038 815 1039 542 1039 541 1039 815 1040 541 1040 816 1040 816 1041 541 1041 540 1041 816 1042 540 1042 817 1042 817 1043 540 1043 534 1043 817 1044 534 1044 818 1044 818 1045 534 1045 532 1045 818 1046 532 1046 819 1046 819 1047 532 1047 531 1047 819 1048 531 1048 820 1048 820 1049 531 1049 530 1049 820 1050 530 1050 821 1050 821 1051 530 1051 524 1051 821 1052 524 1052 822 1052 822 1053 524 1053 523 1053 822 1054 523 1054 823 1054 823 1055 523 1055 522 1055 823 1056 522 1056 824 1056 680 1057 817 1057 681 1057 681 1058 817 1058 818 1058 681 1059 818 1059 682 1059 682 1060 818 1060 819 1060 682 1061 819 1061 671 1061 671 1062 819 1062 820 1062 671 1063 820 1063 672 1063 672 1064 820 1064 821 1064 672 1065 821 1065 674 1065 674 1066 821 1066 822 1066 674 1067 822 1067 675 1067 675 1068 822 1068 823 1068 675 1069 823 1069 676 1069 676 1070 823 1070 824 1070 676 1071 824 1071 636 1071 634 1072 636 1072 825 1072 825 1073 636 1073 824 1073 825 1074 824 1074 826 1074 826 1075 824 1075 827 1075 827 1076 824 1076 522 1076 827 1077 522 1077 521 1077 828 1078 829 1078 830 1078 831 1079 832 1079 833 1079 191 1080 192 1080 832 1080 832 1081 192 1081 196 1081 832 1082 196 1082 833 1082 833 1083 196 1083 195 1083 833 1084 195 1084 834 1084 834 1085 195 1085 194 1085 834 1086 194 1086 835 1086 835 1087 194 1087 193 1087 835 1088 193 1088 836 1088 836 1089 193 1089 197 1089 836 1090 197 1090 837 1090 837 1091 197 1091 198 1091 837 1092 198 1092 838 1092 838 1093 198 1093 199 1093 838 1094 199 1094 839 1094 839 1095 199 1095 200 1095 839 1096 200 1096 840 1096 840 1097 200 1097 201 1097 840 1098 201 1098 841 1098 841 1099 201 1099 102 1099 841 1100 102 1100 842 1100 843 1101 771 1101 770 1101 191 1102 832 1102 239 1102 239 1103 832 1103 843 1103 239 1104 843 1104 240 1104 240 1105 843 1105 770 1105 240 1106 770 1106 241 1106 831 1107 833 1107 829 1107 829 1108 833 1108 834 1108 829 1109 834 1109 830 1109 830 1110 834 1110 835 1110 830 1111 835 1111 844 1111 844 1112 835 1112 836 1112 844 1113 836 1113 845 1113 845 1114 836 1114 837 1114 845 1115 837 1115 846 1115 846 1116 837 1116 838 1116 846 1117 838 1117 847 1117 847 1118 838 1118 839 1118 847 1119 839 1119 848 1119 848 1120 839 1120 840 1120 848 1121 840 1121 849 1121 849 1122 840 1122 841 1122 849 1123 841 1123 850 1123 850 1124 841 1124 842 1124 850 1125 842 1125 851 1125 828 1126 830 1126 852 1126 852 1127 830 1127 844 1127 852 1128 844 1128 853 1128 853 1129 844 1129 845 1129 853 1130 845 1130 854 1130 854 1131 845 1131 846 1131 854 1132 846 1132 855 1132 855 1133 846 1133 847 1133 855 1134 847 1134 856 1134 856 1135 847 1135 848 1135 856 1136 848 1136 857 1136 857 1137 848 1137 849 1137 857 1138 849 1138 858 1138 858 1139 849 1139 850 1139 858 1140 850 1140 859 1140 859 1141 850 1141 851 1141 859 1142 851 1142 860 1142 771 1143 843 1143 772 1143 772 1144 843 1144 832 1144 772 1145 832 1145 773 1145 773 1146 832 1146 831 1146 773 1147 831 1147 767 1147 767 1148 831 1148 829 1148 767 1149 829 1149 768 1149 768 1150 829 1150 828 1150 768 1151 828 1151 769 1151 769 1152 828 1152 852 1152 769 1153 852 1153 428 1153 428 1154 852 1154 853 1154 428 1155 853 1155 429 1155 429 1156 853 1156 854 1156 429 1157 854 1157 430 1157 430 1158 854 1158 855 1158 430 1159 855 1159 431 1159 431 1160 855 1160 856 1160 431 1161 856 1161 433 1161 433 1162 856 1162 857 1162 433 1163 857 1163 434 1163 434 1164 857 1164 858 1164 434 1165 858 1165 439 1165 439 1166 858 1166 859 1166 439 1167 859 1167 440 1167 440 1168 859 1168 860 1168 440 1169 860 1169 442 1169 861 1170 96 1170 94 1170 102 1171 103 1171 862 1171 102 1172 862 1172 842 1172 842 1173 862 1173 863 1173 842 1174 863 1174 851 1174 851 1175 863 1175 864 1175 851 1176 864 1176 860 1176 103 1177 104 1177 862 1177 862 1178 104 1178 865 1178 862 1179 865 1179 863 1179 863 1180 865 1180 866 1180 863 1181 866 1181 864 1181 864 1182 866 1182 867 1182 104 1183 98 1183 865 1183 865 1184 98 1184 868 1184 865 1185 868 1185 866 1185 866 1186 868 1186 869 1186 866 1187 869 1187 867 1187 867 1188 869 1188 870 1188 99 1189 121 1189 871 1189 871 1190 121 1190 872 1190 871 1191 872 1191 873 1191 873 1192 872 1192 874 1192 873 1193 874 1193 875 1193 875 1194 874 1194 876 1194 875 1195 876 1195 452 1195 94 1196 877 1196 861 1196 861 1197 877 1197 878 1197 861 1198 878 1198 879 1198 879 1199 878 1199 880 1199 879 1200 880 1200 881 1200 881 1201 880 1201 882 1201 881 1202 882 1202 883 1202 449 1203 450 1203 870 1203 870 1204 450 1204 451 1204 870 1205 451 1205 867 1205 867 1206 451 1206 436 1206 867 1207 436 1207 864 1207 864 1208 436 1208 446 1208 864 1209 446 1209 860 1209 860 1210 446 1210 444 1210 860 1211 444 1211 442 1211 452 1212 449 1212 875 1212 875 1213 449 1213 870 1213 875 1214 870 1214 873 1214 873 1215 870 1215 869 1215 873 1216 869 1216 871 1216 871 1217 869 1217 868 1217 871 1218 868 1218 99 1218 99 1219 868 1219 98 1219 455 1220 456 1220 876 1220 876 1221 456 1221 453 1221 876 1222 453 1222 452 1222 121 1223 96 1223 872 1223 872 1224 96 1224 861 1224 872 1225 861 1225 874 1225 874 1226 861 1226 879 1226 874 1227 879 1227 876 1227 876 1228 879 1228 881 1228 876 1229 881 1229 455 1229 455 1230 881 1230 883 1230 455 1231 883 1231 454 1231 94 1232 92 1232 877 1232 877 1232 92 1232 884 1232 877 1233 884 1233 878 1233 878 1233 884 1233 885 1233 878 1234 885 1234 880 1234 880 1235 885 1235 886 1235 880 1236 886 1236 882 1236 882 1237 886 1237 887 1237 882 1238 887 1238 883 1238 883 1238 887 1238 888 1238 883 1239 888 1239 454 1239 454 1240 888 1240 601 1240 889 1241 890 1241 891 1241 892 1242 602 1242 601 1242 890 1243 600 1243 621 1243 890 1244 621 1244 891 1244 891 1245 621 1245 622 1245 891 1246 622 1246 893 1246 622 1247 620 1247 893 1247 893 1248 620 1248 619 1248 893 1249 619 1249 894 1249 619 1250 618 1250 894 1250 894 1251 618 1251 617 1251 894 1252 617 1252 895 1252 895 1253 617 1253 614 1253 895 1254 614 1254 896 1254 896 1255 614 1255 615 1255 896 1256 615 1256 897 1256 897 1257 615 1257 616 1257 616 1258 613 1258 897 1258 897 1259 613 1259 612 1259 897 1260 612 1260 898 1260 898 1261 612 1261 611 1261 898 1262 611 1262 899 1262 899 1263 611 1263 610 1263 899 1264 610 1264 900 1264 610 1265 609 1265 900 1265 900 1266 609 1266 608 1266 900 1267 608 1267 901 1267 608 1268 607 1268 901 1268 901 1269 607 1269 606 1269 901 1270 606 1270 902 1270 902 1271 606 1271 603 1271 902 1272 603 1272 903 1272 903 1273 603 1273 604 1273 903 1274 604 1274 892 1274 892 1275 604 1275 605 1275 892 1276 605 1276 602 1276 904 1277 905 1277 906 1277 906 1278 905 1278 889 1278 889 1279 891 1279 906 1279 906 1280 891 1280 893 1280 906 1281 893 1281 907 1281 907 1282 893 1282 894 1282 907 1283 894 1283 908 1283 908 1284 894 1284 895 1284 908 1285 895 1285 909 1285 909 1286 895 1286 896 1286 909 1287 896 1287 910 1287 910 1288 896 1288 897 1288 910 1289 897 1289 911 1289 911 1290 897 1290 898 1290 911 1291 898 1291 912 1291 912 1292 898 1292 899 1292 912 1293 899 1293 913 1293 913 1294 899 1294 900 1294 913 1295 900 1295 914 1295 914 1296 900 1296 901 1296 914 1297 901 1297 915 1297 915 1298 901 1298 902 1298 915 1299 902 1299 916 1299 916 1300 902 1300 903 1300 916 1301 903 1301 917 1301 917 1302 903 1302 892 1302 917 1303 892 1303 918 1303 91 1304 919 1304 920 1304 920 1305 919 1305 904 1305 601 1306 888 1306 892 1306 892 1307 888 1307 887 1307 892 1308 887 1308 918 1308 918 1309 887 1309 886 1309 918 1310 886 1310 885 1310 904 1311 906 1311 920 1311 920 1312 906 1312 907 1312 920 1313 907 1313 921 1313 921 1314 907 1314 908 1314 921 1315 908 1315 922 1315 922 1316 908 1316 909 1316 922 1317 909 1317 923 1317 923 1318 909 1318 910 1318 923 1319 910 1319 924 1319 924 1320 910 1320 911 1320 924 1321 911 1321 925 1321 925 1322 911 1322 912 1322 925 1323 912 1323 926 1323 926 1324 912 1324 913 1324 926 1325 913 1325 927 1325 927 1326 913 1326 914 1326 927 1327 914 1327 928 1327 928 1328 914 1328 915 1328 928 1329 915 1329 929 1329 929 1330 915 1330 916 1330 929 1331 916 1331 930 1331 930 1332 916 1332 917 1332 930 1333 917 1333 931 1333 931 1334 917 1334 918 1334 931 1335 918 1335 932 1335 932 1336 918 1336 885 1336 932 1337 885 1337 884 1337 91 1338 920 1338 110 1338 110 1339 920 1339 921 1339 110 1340 921 1340 111 1340 111 1341 921 1341 922 1341 111 1342 922 1342 113 1342 113 1343 922 1343 923 1343 113 1344 923 1344 114 1344 114 1345 923 1345 924 1345 114 1346 924 1346 115 1346 115 1347 924 1347 925 1347 115 1348 925 1348 116 1348 116 1349 925 1349 926 1349 116 1350 926 1350 117 1350 117 1351 926 1351 927 1351 117 1352 927 1352 112 1352 112 1353 927 1353 928 1353 112 1354 928 1354 118 1354 118 1355 928 1355 929 1355 118 1356 929 1356 105 1356 105 1357 929 1357 930 1357 105 1358 930 1358 106 1358 106 1359 930 1359 931 1359 106 1360 931 1360 119 1360 119 1361 931 1361 932 1361 119 1362 932 1362 120 1362 120 1363 932 1363 884 1363 120 1364 884 1364 92 1364 91 1365 93 1365 919 1365 919 1365 93 1365 933 1365 919 1366 933 1366 904 1366 904 1366 933 1366 934 1366 904 1367 934 1367 905 1367 905 1368 934 1368 935 1368 905 1369 935 1369 889 1369 889 1370 935 1370 936 1370 889 1371 936 1371 890 1371 890 1371 936 1371 937 1371 890 1372 937 1372 600 1372 600 1373 937 1373 484 1373 475 1374 473 1374 938 1374 101 1375 100 1375 939 1375 940 1376 95 1376 97 1376 940 1377 97 1377 941 1377 941 1378 97 1378 109 1378 941 1379 109 1379 942 1379 942 1380 109 1380 108 1380 942 1381 108 1381 943 1381 943 1382 108 1382 107 1382 943 1383 107 1383 944 1383 944 1384 107 1384 101 1384 944 1385 101 1385 945 1385 945 1386 101 1386 939 1386 945 1387 939 1387 946 1387 93 1388 95 1388 933 1388 933 1389 95 1389 940 1389 933 1390 940 1390 934 1390 934 1391 940 1391 935 1391 935 1392 940 1392 947 1392 947 1393 940 1393 941 1393 947 1394 941 1394 948 1394 948 1395 941 1395 942 1395 948 1396 942 1396 949 1396 949 1397 942 1397 943 1397 949 1398 943 1398 950 1398 950 1399 943 1399 944 1399 950 1400 944 1400 951 1400 951 1401 944 1401 945 1401 951 1402 945 1402 952 1402 952 1403 945 1403 946 1403 952 1404 946 1404 953 1404 484 1405 937 1405 954 1405 954 1406 937 1406 936 1406 955 1407 480 1407 956 1407 956 1408 480 1408 479 1408 956 1409 479 1409 954 1409 954 1410 479 1410 483 1410 954 1411 483 1411 484 1411 478 1412 482 1412 955 1412 955 1413 482 1413 481 1413 955 1414 481 1414 480 1414 955 1415 957 1415 478 1415 478 1416 957 1416 958 1416 478 1417 958 1417 477 1417 938 1418 473 1418 958 1418 958 1419 473 1419 460 1419 958 1420 460 1420 477 1420 476 1421 475 1421 953 1421 953 1422 475 1422 938 1422 953 1423 938 1423 952 1423 952 1424 938 1424 958 1424 952 1425 958 1425 951 1425 951 1426 958 1426 957 1426 951 1427 957 1427 950 1427 950 1428 957 1428 955 1428 950 1429 955 1429 949 1429 949 1430 955 1430 956 1430 949 1431 956 1431 948 1431 948 1432 956 1432 954 1432 948 1433 954 1433 947 1433 947 1434 954 1434 936 1434 947 1435 936 1435 935 1435 229 1436 228 1436 959 1436 764 1437 959 1437 763 1437 759 1438 760 1438 960 1438 760 1439 761 1439 960 1439 960 1440 761 1440 462 1440 960 1441 462 1441 961 1441 961 1442 462 1442 962 1442 764 1443 765 1443 963 1443 963 1444 765 1444 766 1444 963 1445 766 1445 964 1445 964 1446 766 1446 759 1446 959 1447 764 1447 965 1447 763 1448 959 1448 762 1448 762 1449 959 1449 228 1449 762 1450 228 1450 227 1450 229 1451 959 1451 180 1451 180 1452 959 1452 965 1452 180 1453 965 1453 179 1453 179 1454 965 1454 966 1454 179 1455 966 1455 178 1455 178 1456 966 1456 967 1456 178 1457 967 1457 170 1457 170 1458 967 1458 968 1458 170 1459 968 1459 171 1459 171 1460 968 1460 969 1460 171 1461 969 1461 174 1461 174 1462 969 1462 970 1462 174 1463 970 1463 175 1463 175 1464 970 1464 971 1464 175 1465 971 1465 176 1465 176 1466 971 1466 972 1466 176 1467 972 1467 172 1467 172 1468 972 1468 973 1468 172 1469 973 1469 173 1469 173 1470 973 1470 939 1470 173 1471 939 1471 100 1471 462 1472 464 1472 962 1472 962 1473 464 1473 465 1473 962 1474 465 1474 974 1474 974 1475 465 1475 466 1475 974 1476 466 1476 975 1476 975 1477 466 1477 468 1477 975 1478 468 1478 976 1478 976 1479 468 1479 471 1479 976 1480 471 1480 977 1480 977 1481 471 1481 470 1481 977 1482 470 1482 978 1482 978 1483 470 1483 476 1483 978 1484 476 1484 953 1484 759 1485 960 1485 964 1485 964 1486 960 1486 961 1486 964 1487 961 1487 979 1487 979 1488 961 1488 962 1488 979 1489 962 1489 980 1489 980 1490 962 1490 974 1490 980 1491 974 1491 981 1491 981 1492 974 1492 975 1492 981 1493 975 1493 982 1493 982 1494 975 1494 976 1494 982 1495 976 1495 983 1495 983 1496 976 1496 977 1496 983 1497 977 1497 984 1497 984 1498 977 1498 978 1498 984 1499 978 1499 985 1499 985 1500 978 1500 953 1500 985 1501 953 1501 946 1501 764 1502 963 1502 965 1502 965 1503 963 1503 964 1503 965 1504 964 1504 966 1504 966 1505 964 1505 979 1505 966 1506 979 1506 967 1506 967 1507 979 1507 980 1507 967 1508 980 1508 968 1508 968 1509 980 1509 981 1509 968 1510 981 1510 969 1510 969 1511 981 1511 982 1511 969 1512 982 1512 970 1512 970 1513 982 1513 983 1513 970 1514 983 1514 971 1514 971 1515 983 1515 984 1515 971 1516 984 1516 972 1516 972 1517 984 1517 985 1517 972 1518 985 1518 973 1518 973 1519 985 1519 946 1519 973 1520 946 1520 939 1520 986 1521 987 1521 988 1521 989 1522 188 1522 990 1522 990 1523 188 1523 189 1523 990 1524 189 1524 130 1524 988 1525 186 1525 989 1525 989 1526 186 1526 187 1526 989 1527 187 1527 188 1527 987 1528 182 1528 988 1528 988 1529 182 1529 185 1529 988 1530 185 1530 186 1530 991 1531 184 1531 987 1531 987 1532 184 1532 183 1532 987 1533 183 1533 182 1533 756 1534 992 1534 757 1534 757 1535 992 1535 991 1535 757 1536 991 1536 758 1536 758 1537 991 1537 987 1537 758 1538 987 1538 754 1538 993 1539 752 1539 755 1539 986 1540 988 1540 994 1540 994 1541 988 1541 989 1541 994 1542 989 1542 995 1542 995 1543 989 1543 990 1543 995 1544 990 1544 996 1544 130 1545 997 1545 990 1545 990 1546 997 1546 998 1546 990 1547 998 1547 996 1547 996 1548 998 1548 999 1548 996 1549 999 1549 1000 1549 754 1550 987 1550 755 1550 755 1551 987 1551 986 1551 755 1552 986 1552 993 1552 993 1553 986 1553 994 1553 993 1554 994 1554 1001 1554 1001 1555 994 1555 995 1555 1001 1556 995 1556 1002 1556 1002 1557 995 1557 996 1557 1002 1558 996 1558 1003 1558 1003 1559 996 1559 1000 1559 1003 1560 1000 1560 1004 1560 752 1561 993 1561 259 1561 259 1562 993 1562 1001 1562 259 1563 1001 1563 260 1563 260 1564 1001 1564 1002 1564 260 1565 1002 1565 269 1565 269 1566 1002 1566 1003 1566 269 1567 1003 1567 267 1567 267 1568 1003 1568 1004 1568 267 1569 1004 1569 265 1569 130 1570 132 1570 997 1570 997 1571 132 1571 1005 1571 997 1572 1005 1572 998 1572 998 1573 1005 1573 1006 1573 998 1574 1006 1574 999 1574 999 1575 1006 1575 1007 1575 999 1576 1007 1576 1000 1576 1000 1577 1007 1577 1008 1577 1000 1578 1008 1578 1004 1578 1004 1579 1008 1579 1009 1579 1004 1580 1009 1580 265 1580 265 1581 1009 1581 263 1581 1010 1582 1011 1582 1012 1582 1008 1583 1007 1583 1013 1583 1014 1584 134 1584 135 1584 1014 1585 135 1585 1015 1585 1015 1586 135 1586 136 1586 1015 1587 136 1587 1016 1587 132 1588 134 1588 1005 1588 1005 1589 134 1589 1014 1589 1005 1590 1014 1590 1006 1590 1006 1591 1014 1591 1007 1591 136 1592 138 1592 1016 1592 1016 1593 138 1593 1017 1593 1016 1594 1017 1594 1018 1594 1007 1595 1014 1595 1013 1595 1013 1596 1014 1596 1015 1596 1013 1597 1015 1597 1019 1597 1019 1598 1015 1598 1016 1598 1019 1599 1016 1599 1020 1599 1020 1600 1016 1600 1018 1600 1020 1601 1018 1601 1021 1601 263 1602 1009 1602 1022 1602 1022 1603 1009 1603 1008 1603 1008 1604 1013 1604 1022 1604 1022 1605 1013 1605 1019 1605 1022 1606 1019 1606 1023 1606 1023 1607 1019 1607 1020 1607 1023 1608 1020 1608 1012 1608 1012 1609 1020 1609 1021 1609 1012 1610 1021 1610 1010 1610 263 1611 1022 1611 774 1611 774 1612 1022 1612 1023 1612 774 1613 1023 1613 777 1613 777 1614 1023 1614 1012 1614 777 1615 1012 1615 776 1615 776 1616 1012 1616 1011 1616 776 1617 1011 1617 547 1617 138 1618 146 1618 1017 1618 1017 1619 146 1619 1024 1619 1017 1620 1024 1620 1018 1620 1018 1621 1024 1621 1025 1621 1018 1622 1025 1622 1021 1622 1021 1623 1025 1623 1026 1623 1021 1624 1026 1624 1010 1624 1010 1625 1026 1625 1027 1625 1010 1626 1027 1626 1011 1626 1011 1626 1027 1626 1028 1626 1011 1627 1028 1627 547 1627 547 1628 1028 1628 501 1628 146 1629 145 1629 1024 1629 1024 1630 145 1630 1029 1630 1030 1631 1027 1631 1031 1631 1031 1632 1027 1632 1026 1632 1031 1633 1026 1633 1029 1633 1029 1634 1026 1634 1025 1634 1029 1635 1025 1635 1024 1635 508 1636 501 1636 1030 1636 1030 1637 501 1637 1028 1637 1030 1638 1028 1638 1027 1638 145 1639 144 1639 1029 1639 1029 1640 144 1640 1032 1640 1029 1641 1032 1641 1031 1641 1031 1642 1032 1642 1033 1642 1031 1643 1033 1643 1030 1643 1030 1644 1033 1644 1034 1644 1030 1645 1034 1645 508 1645 508 1646 1034 1646 506 1646 144 1647 139 1647 1032 1647 1032 1648 139 1648 1035 1648 1032 1649 1035 1649 1033 1649 1033 1650 1035 1650 1036 1650 1033 1651 1036 1651 1034 1651 1034 1652 1036 1652 1037 1652 1034 1653 1037 1653 506 1653 506 1654 1037 1654 283 1654 149 1655 1038 1655 1039 1655 1038 1656 1040 1656 1041 1656 1040 1657 1042 1657 1043 1657 1042 1658 364 1658 362 1658 1042 1659 362 1659 1043 1659 1043 1660 362 1660 360 1660 1043 1661 360 1661 1044 1661 360 1662 358 1662 1044 1662 1044 1663 358 1663 356 1663 1044 1664 356 1664 1045 1664 356 1665 354 1665 1045 1665 1045 1666 354 1666 353 1666 1045 1667 353 1667 1046 1667 1046 1668 353 1668 351 1668 1046 1669 351 1669 1047 1669 1047 1670 351 1670 349 1670 1047 1671 349 1671 1048 1671 1048 1672 349 1672 345 1672 345 1673 343 1673 1048 1673 1048 1674 343 1674 342 1674 1048 1675 342 1675 1049 1675 1049 1676 342 1676 336 1676 1049 1677 336 1677 1050 1677 336 1678 385 1678 1050 1678 1050 1679 385 1679 386 1679 1050 1680 386 1680 1051 1680 386 1681 383 1681 1051 1681 1051 1682 383 1682 382 1682 1051 1683 382 1683 1052 1683 382 1684 380 1684 1052 1684 1052 1685 380 1685 379 1685 1052 1686 379 1686 1053 1686 1053 1687 379 1687 375 1687 1053 1688 375 1688 1054 1688 1054 1689 375 1689 377 1689 1054 1690 377 1690 1055 1690 1055 1691 377 1691 378 1691 378 1692 373 1692 1055 1692 1055 1693 373 1693 372 1693 1055 1694 372 1694 1056 1694 1056 1695 372 1695 368 1695 1056 1696 368 1696 1057 1696 1057 1697 368 1697 370 1697 1057 1698 370 1698 1058 1698 1058 1699 370 1699 371 1699 371 1700 366 1700 1058 1700 1058 1701 366 1701 310 1701 1058 1702 310 1702 1059 1702 310 1703 311 1703 1059 1703 1059 1704 311 1704 306 1704 1059 1705 306 1705 1060 1705 1060 1706 306 1706 300 1706 1060 1707 300 1707 1061 1707 1061 1708 300 1708 298 1708 1061 1709 298 1709 1062 1709 1062 1710 298 1710 296 1710 296 1711 294 1711 1062 1711 1062 1712 294 1712 292 1712 1062 1713 292 1713 1063 1713 1063 1714 292 1714 291 1714 1063 1715 291 1715 1064 1715 1064 1716 291 1716 289 1716 1064 1717 289 1717 1065 1717 1065 1718 289 1718 287 1718 287 1719 285 1719 1065 1719 1065 1720 285 1720 283 1720 1065 1721 283 1721 1037 1721 1040 1722 1043 1722 1041 1722 1041 1723 1043 1723 1044 1723 1041 1724 1044 1724 1066 1724 1066 1725 1044 1725 1045 1725 1066 1726 1045 1726 1067 1726 1067 1727 1045 1727 1046 1727 1067 1728 1046 1728 1068 1728 1068 1729 1046 1729 1047 1729 1068 1730 1047 1730 1069 1730 1069 1731 1047 1731 1048 1731 1069 1732 1048 1732 1070 1732 1070 1733 1048 1733 1049 1733 1070 1734 1049 1734 1071 1734 1071 1735 1049 1735 1050 1735 1071 1736 1050 1736 1072 1736 1072 1737 1050 1737 1051 1737 1072 1738 1051 1738 1073 1738 1073 1739 1051 1739 1052 1739 1073 1740 1052 1740 1074 1740 1074 1741 1052 1741 1053 1741 1074 1742 1053 1742 1075 1742 1075 1743 1053 1743 1054 1743 1075 1744 1054 1744 1076 1744 1076 1745 1054 1745 1055 1745 1076 1746 1055 1746 1077 1746 1077 1747 1055 1747 1056 1747 1077 1748 1056 1748 1078 1748 1078 1749 1056 1749 1057 1749 1078 1750 1057 1750 1079 1750 1079 1751 1057 1751 1058 1751 1079 1752 1058 1752 1080 1752 1080 1753 1058 1753 1059 1753 1080 1754 1059 1754 1081 1754 1081 1755 1059 1755 1060 1755 1081 1756 1060 1756 1082 1756 1082 1757 1060 1757 1061 1757 1082 1758 1061 1758 1083 1758 1083 1759 1061 1759 1062 1759 1083 1760 1062 1760 1084 1760 1084 1761 1062 1761 1063 1761 1084 1762 1063 1762 1085 1762 1085 1763 1063 1763 1064 1763 1085 1764 1064 1764 1086 1764 1086 1765 1064 1765 1065 1765 1086 1766 1065 1766 1087 1766 1087 1767 1065 1767 1037 1767 1087 1768 1037 1768 1036 1768 1038 1769 1041 1769 1039 1769 1039 1770 1041 1770 1066 1770 1039 1771 1066 1771 1088 1771 1088 1772 1066 1772 1067 1772 1088 1773 1067 1773 1089 1773 1089 1774 1067 1774 1068 1774 1089 1775 1068 1775 1090 1775 1090 1776 1068 1776 1069 1776 1090 1777 1069 1777 1091 1777 1091 1778 1069 1778 1070 1778 1091 1779 1070 1779 1092 1779 1092 1780 1070 1780 1071 1780 1092 1781 1071 1781 1093 1781 1093 1782 1071 1782 1072 1782 1093 1783 1072 1783 1094 1783 1094 1784 1072 1784 1073 1784 1094 1785 1073 1785 1095 1785 1095 1786 1073 1786 1074 1786 1095 1787 1074 1787 1096 1787 1096 1788 1074 1788 1075 1788 1096 1789 1075 1789 1097 1789 1097 1790 1075 1790 1076 1790 1097 1791 1076 1791 1098 1791 1098 1792 1076 1792 1077 1792 1098 1793 1077 1793 1099 1793 1099 1794 1077 1794 1078 1794 1099 1795 1078 1795 1100 1795 1100 1796 1078 1796 1079 1796 1100 1797 1079 1797 1101 1797 1101 1798 1079 1798 1080 1798 1101 1799 1080 1799 1102 1799 1102 1800 1080 1800 1081 1800 1102 1801 1081 1801 1103 1801 1103 1802 1081 1802 1082 1802 1103 1803 1082 1803 1104 1803 1104 1804 1082 1804 1083 1804 1104 1805 1083 1805 1105 1805 1105 1806 1083 1806 1084 1806 1105 1807 1084 1807 1106 1807 1106 1808 1084 1808 1085 1808 1106 1809 1085 1809 1107 1809 1107 1810 1085 1810 1086 1810 1107 1811 1086 1811 1108 1811 1108 1812 1086 1812 1087 1812 1108 1813 1087 1813 1109 1813 1109 1814 1087 1814 1036 1814 1109 1815 1036 1815 1035 1815 149 1816 1039 1816 147 1816 147 1817 1039 1817 1088 1817 147 1818 1088 1818 152 1818 152 1819 1088 1819 1089 1819 152 1820 1089 1820 153 1820 153 1821 1089 1821 1090 1821 153 1822 1090 1822 154 1822 154 1823 1090 1823 1091 1823 154 1824 1091 1824 156 1824 156 1825 1091 1825 1092 1825 156 1826 1092 1826 157 1826 157 1827 1092 1827 1093 1827 157 1828 1093 1828 158 1828 158 1829 1093 1829 1094 1829 158 1830 1094 1830 165 1830 165 1831 1094 1831 1095 1831 165 1832 1095 1832 159 1832 159 1833 1095 1833 1096 1833 159 1834 1096 1834 160 1834 160 1835 1096 1835 1097 1835 160 1836 1097 1836 161 1836 161 1837 1097 1837 1098 1837 161 1838 1098 1838 162 1838 162 1839 1098 1839 1099 1839 162 1840 1099 1840 166 1840 166 1841 1099 1841 1100 1841 166 1842 1100 1842 167 1842 167 1843 1100 1843 1101 1843 167 1844 1101 1844 163 1844 163 1845 1101 1845 1102 1845 163 1846 1102 1846 164 1846 164 1847 1102 1847 1103 1847 164 1848 1103 1848 168 1848 168 1849 1103 1849 1104 1849 168 1850 1104 1850 169 1850 169 1851 1104 1851 1105 1851 169 1852 1105 1852 148 1852 148 1853 1105 1853 1106 1853 148 1854 1106 1854 150 1854 150 1855 1106 1855 1107 1855 150 1856 1107 1856 151 1856 151 1857 1107 1857 1108 1857 151 1858 1108 1858 143 1858 143 1859 1108 1859 1109 1859 143 1860 1109 1860 141 1860 141 1861 1109 1861 1035 1861 141 1862 1035 1862 139 1862 1110 1863 140 1863 155 1863 149 1864 142 1864 1038 1864 1038 1865 142 1865 1111 1865 1038 1866 1111 1866 1040 1866 1040 1867 1111 1867 1112 1867 1040 1868 1112 1868 1042 1868 1042 1869 1112 1869 1113 1869 1042 1870 1113 1870 364 1870 142 1871 140 1871 1111 1871 1111 1872 140 1872 1110 1872 1111 1873 1110 1873 1112 1873 1112 1874 1110 1874 1114 1874 1112 1875 1114 1875 1113 1875 1113 1876 1114 1876 1115 1876 155 1877 1116 1877 1110 1877 1110 1878 1116 1878 1117 1878 1110 1879 1117 1879 1114 1879 1114 1880 1117 1880 1118 1880 1114 1881 1118 1881 1115 1881 1115 1882 1118 1882 1119 1882 1115 1883 1119 1883 1120 1883 364 1884 1113 1884 488 1884 488 1885 1113 1885 1115 1885 488 1886 1115 1886 485 1886 485 1887 1115 1887 1120 1887 485 1888 1120 1888 490 1888 155 1889 137 1889 1116 1889 1116 1890 137 1890 1121 1890 1116 1891 1121 1891 1117 1891 1117 1892 1121 1892 1122 1892 1117 1893 1122 1893 1118 1893 1118 1894 1122 1894 1123 1894 1118 1895 1123 1895 1119 1895 1119 1896 1123 1896 1124 1896 1119 1897 1124 1897 1120 1897 1120 1897 1124 1897 1125 1897 1120 1898 1125 1898 490 1898 490 1899 1125 1899 521 1899 1126 1900 1127 1900 1128 1900 1124 1901 1123 1901 1129 1901 1130 1902 133 1902 131 1902 1130 1903 131 1903 1131 1903 1131 1904 131 1904 129 1904 1131 1905 129 1905 1132 1905 137 1906 133 1906 1121 1906 1121 1907 133 1907 1130 1907 1121 1908 1130 1908 1122 1908 1122 1909 1130 1909 1123 1909 129 1910 128 1910 1132 1910 1132 1911 128 1911 1133 1911 1132 1912 1133 1912 1134 1912 1123 1913 1130 1913 1129 1913 1129 1914 1130 1914 1131 1914 1129 1915 1131 1915 1135 1915 1135 1916 1131 1916 1132 1916 1135 1917 1132 1917 1136 1917 1136 1918 1132 1918 1134 1918 1136 1919 1134 1919 1137 1919 521 1920 1125 1920 1138 1920 1138 1921 1125 1921 1124 1921 1124 1922 1129 1922 1138 1922 1138 1923 1129 1923 1135 1923 1138 1924 1135 1924 1139 1924 1139 1925 1135 1925 1136 1925 1139 1926 1136 1926 1128 1926 1128 1927 1136 1927 1137 1927 1128 1928 1137 1928 1126 1928 521 1929 1138 1929 827 1929 827 1930 1138 1930 1139 1930 827 1931 1139 1931 826 1931 826 1932 1139 1932 1128 1932 826 1933 1128 1933 825 1933 825 1934 1128 1934 1127 1934 825 1935 1127 1935 634 1935 646 1936 634 1936 1140 1936 1140 1937 634 1937 1127 1937 1140 1938 1127 1938 1141 1938 1141 1939 1127 1939 1126 1939 1141 1940 1126 1940 1142 1940 1142 1941 1126 1941 1137 1941 1142 1942 1137 1942 1143 1942 1143 1943 1137 1943 1134 1943 1143 1944 1134 1944 1144 1944 1144 1945 1134 1945 1133 1945 1144 1946 1133 1946 127 1946 127 1947 1133 1947 128 1947 663 1948 666 1948 1145 1948 1145 1949 666 1949 637 1949 1145 1950 637 1950 1146 1950 1147 1951 664 1951 663 1951 1148 1952 661 1952 664 1952 1149 1953 658 1953 660 1953 1148 1954 212 1954 661 1954 661 1955 212 1955 211 1955 661 1956 211 1956 660 1956 660 1957 211 1957 1150 1957 660 1958 1150 1958 1149 1958 1151 1959 1152 1959 209 1959 209 1960 208 1960 1151 1960 1151 1961 208 1961 207 1961 1151 1962 207 1962 1148 1962 1148 1963 207 1963 206 1963 1148 1964 206 1964 212 1964 1153 1965 1154 1965 205 1965 205 1966 204 1966 1153 1966 1153 1967 204 1967 203 1967 1153 1968 203 1968 1152 1968 1152 1969 203 1969 202 1969 1152 1970 202 1970 209 1970 127 1971 205 1971 1144 1971 1144 1972 205 1972 1154 1972 1144 1973 1154 1973 1143 1973 1155 1974 1140 1974 1141 1974 637 1975 639 1975 1146 1975 1146 1976 639 1976 641 1976 1146 1977 641 1977 1156 1977 1156 1978 641 1978 643 1978 1156 1979 643 1979 1157 1979 1157 1980 643 1980 645 1980 1157 1981 645 1981 1155 1981 1155 1982 645 1982 646 1982 1155 1983 646 1983 1140 1983 664 1984 1147 1984 1148 1984 1148 1985 1147 1985 1158 1985 1148 1986 1158 1986 1151 1986 1151 1987 1158 1987 1159 1987 1151 1988 1159 1988 1152 1988 1152 1989 1159 1989 1160 1989 1152 1990 1160 1990 1153 1990 1153 1991 1160 1991 1161 1991 1153 1992 1161 1992 1154 1992 1154 1993 1161 1993 1142 1993 1154 1994 1142 1994 1143 1994 663 1995 1145 1995 1147 1995 1147 1996 1145 1996 1146 1996 1147 1997 1146 1997 1158 1997 1158 1998 1146 1998 1156 1998 1158 1999 1156 1999 1159 1999 1159 2000 1156 2000 1157 2000 1159 2001 1157 2001 1160 2001 1160 2002 1157 2002 1155 2002 1160 2003 1155 2003 1161 2003 1161 2004 1155 2004 1141 2004 1161 2005 1141 2005 1142 2005 89 2006 571 2006 222 2006 222 2007 224 2007 89 2007 89 2008 224 2008 225 2008 89 2009 225 2009 84 2009 580 2010 513 2010 215 2010 215 2011 217 2011 580 2011 580 2012 217 2012 218 2012 580 2013 218 2013 571 2013 571 2014 218 2014 220 2014 571 2015 220 2015 222 2015 235 2016 517 2016 237 2016 237 2017 517 2017 575 2017 572 2018 232 2018 575 2018 575 2019 232 2019 238 2019 575 2020 238 2020 237 2020 125 2021 243 2021 124 2021 124 2022 243 2022 242 2022 124 2023 242 2023 572 2023 572 2024 242 2024 245 2024 572 2025 245 2025 232 2025 657 2026 656 2026 573 2026 574 2027 248 2027 247 2027 247 2028 707 2028 574 2028 574 2029 707 2029 706 2029 574 2030 706 2030 573 2030 573 2031 706 2031 705 2031 573 2032 705 2032 657 2032 625 2033 586 2033 714 2033 714 2034 586 2034 587 2034 710 2035 709 2035 583 2035 583 2036 709 2036 717 2036 583 2037 717 2037 587 2037 587 2038 717 2038 716 2038 587 2039 716 2039 714 2039 677 2040 673 2040 670 2040 669 479 702 479 668 479 668 479 702 479 703 479 668 2041 703 2041 667 2041 698 479 692 479 699 479 699 2042 692 2042 677 2042 699 479 677 479 703 479 703 2043 677 2043 670 2043 703 2044 670 2044 667 2044 747 479 741 479 730 479 708 2045 719 2045 748 2045 748 479 719 479 720 479 748 479 720 479 749 479 730 2046 722 2046 721 2046 708 479 747 479 719 479 719 2047 747 2047 730 2047 719 2048 730 2048 718 2048 718 2049 730 2049 721 2049 184 2050 991 2050 181 2050 181 2051 991 2051 992 2051 181 2052 992 2052 86 2052 86 2053 992 2053 756 2053 86 2054 756 2054 87 2054 583 2055 87 2055 710 2055 710 2056 87 2056 756 2056 710 2057 756 2057 711 2057 711 2058 756 2058 753 2058 711 2059 753 2059 715 2059 715 2060 753 2060 751 2060 715 2061 751 2061 713 2061 749 2062 720 2062 712 2062 713 2063 751 2063 712 2063 712 2064 751 2064 750 2064 712 2065 750 2065 749 2065 659 2066 704 2066 700 2066 123 2067 122 2067 656 2067 656 2068 122 2068 573 2068 704 2069 659 2069 655 2069 655 2070 659 2070 656 2070 656 2071 659 2071 658 2071 656 2072 658 2072 123 2072 123 2073 658 2073 1149 2073 123 2074 1149 2074 210 2074 210 2075 1149 2075 1150 2075 210 2076 1150 2076 211 2076 702 2077 669 2077 701 2077 701 2078 669 2078 665 2078 701 2079 665 2079 700 2079 700 2080 665 2080 662 2080 700 2081 662 2081 659 2081 1162 2082 581 2082 1163 2082 1163 2083 581 2083 585 2083 1163 2084 585 2084 1164 2084 1164 2085 585 2085 584 2085 1164 2086 584 2086 1165 2086 1165 2087 584 2087 577 2087 1165 2088 577 2088 1166 2088 1166 2089 577 2089 576 2089 1166 2090 576 2090 1167 2090 1167 2091 576 2091 597 2091 1167 2092 597 2092 1168 2092 1168 2093 597 2093 599 2093 1168 2094 599 2094 1169 2094 1169 2095 599 2095 591 2095 1169 2096 591 2096 1170 2096 1170 2097 591 2097 592 2097 1170 33 592 33 1171 33 1171 33 592 33 593 33 1171 2098 593 2098 1172 2098 1172 2099 593 2099 596 2099 1172 2100 596 2100 1173 2100 1173 2101 596 2101 588 2101 1173 2102 588 2102 1174 2102 1174 2103 588 2103 589 2103 1174 2104 589 2104 1175 2104 1175 2105 589 2105 590 2105 1175 2106 590 2106 1176 2106 1176 2107 590 2107 598 2107 1176 2108 598 2108 1177 2108 1177 2109 598 2109 595 2109 1177 2110 595 2110 1178 2110 1178 2111 595 2111 594 2111 1178 2112 594 2112 1162 2112 1162 2113 594 2113 581 2113 1162 23 1163 23 1179 23 1162 23 1179 23 1178 23 1175 23 1176 23 1179 23 1179 23 1176 23 1177 23 1179 23 1177 23 1178 23 1172 23 1173 23 1179 23 1179 23 1173 23 1174 23 1179 23 1174 23 1175 23 1169 23 1170 23 1179 23 1179 23 1170 23 1171 23 1179 2114 1171 2114 1172 2114 1166 23 1167 23 1179 23 1179 23 1167 23 1168 23 1179 23 1168 23 1169 23 1163 23 1164 23 1179 23 1179 23 1164 23 1165 23 1179 23 1165 23 1166 23 1180 2115 420 2115 1181 2115 1181 2116 420 2116 422 2116 1181 2117 422 2117 1182 2117 1182 2118 422 2118 424 2118 1182 2119 424 2119 1183 2119 1183 2120 424 2120 410 2120 1183 2121 410 2121 1184 2121 1184 2122 410 2122 412 2122 1184 2123 412 2123 1185 2123 1185 2124 412 2124 413 2124 1185 2125 413 2125 1186 2125 1186 2126 413 2126 393 2126 1186 2127 393 2127 1187 2127 1187 2127 393 2127 392 2127 1187 2128 392 2128 1188 2128 1188 2129 392 2129 391 2129 1188 479 391 479 1189 479 1189 479 391 479 388 479 1189 2130 388 2130 1190 2130 1190 2131 388 2131 387 2131 1190 2132 387 2132 1191 2132 1191 2132 387 2132 401 2132 1191 2133 401 2133 1192 2133 1192 2134 401 2134 399 2134 1192 2135 399 2135 1193 2135 1193 2136 399 2136 397 2136 1193 2137 397 2137 1194 2137 1194 2138 397 2138 396 2138 1194 2139 396 2139 1195 2139 1195 2140 396 2140 416 2140 1195 2141 416 2141 1196 2141 1196 2142 416 2142 418 2142 1196 2143 418 2143 1180 2143 1180 2144 418 2144 420 2144 1180 7 1181 7 1197 7 1180 7 1197 7 1196 7 1193 7 1194 7 1197 7 1197 7 1194 7 1195 7 1197 2145 1195 2145 1196 2145 1190 7 1191 7 1197 7 1197 7 1191 7 1192 7 1197 7 1192 7 1193 7 1187 2146 1188 2146 1197 2146 1197 7 1188 7 1189 7 1197 2147 1189 2147 1190 2147 1184 7 1185 7 1197 7 1197 7 1185 7 1186 7 1197 2148 1186 2148 1187 2148 1181 2149 1182 2149 1197 2149 1197 7 1182 7 1183 7 1197 7 1183 7 1184 7</p>
        </triangles>
      </mesh>
    </geometry>
  </library_geometries>
  <library_visual_scenes>
    <visual_scene id="Scene" name="Scene">
      <node id="link_2_4" name="link_2_4" type="NODE">
        <matrix sid="transform">0 1 0 0 -1 0 0 0 0 0 1 0 0 0 0 1</matrix>
        <instance_geometry url="#link_2_4-mesh" name="link_2_4">
          <bind_material>
            <technique_common>
              <instance_material symbol="m_1-material" target="#m_1-material"/>
            </technique_common>
          </bind_material>
        </instance_geometry>
      </node>
    </visual_scene>
  </library_visual_scenes>
  <scene>
    <instance_visual_scene url="#Scene"/>
  </scene>
</COLLADA>