<?xml version="1.0" encoding="utf-8"?>
<COLLADA xmlns="http://www.collada.org/2005/11/COLLADASchema" version="1.4.1" xmlns:xsi="http://www.w3.org/2001/XMLSchema-instance">
  <asset>
    <contributor>
      <author>Blender User</author>
      <authoring_tool>Blender 4.0.2 commit date:2023-12-05, commit time:07:41, hash:9be62e85b727</authoring_tool>
    </contributor>
    <created>2025-10-30T10:48:28</created>
    <modified>2025-10-30T10:48:28</modified>
    <unit name="meter" meter="1"/>
    <up_axis>Z_UP</up_axis>
  </asset>
  <library_effects>
    <effect id="m_1-effect">
      <profile_COMMON>
        <technique sid="common">
          <lambert>
            <emission>
              <color sid="emission">0 0 0 1</color>
            </emission>
            <diffuse>
              <color sid="diffuse">0.2 0.2 0.17 1</color>
            </diffuse>
            <reflectivity>
              <float sid="specular">1</float>
            </reflectivity>
            <index_of_refraction>
              <float sid="ior">1.45</float>
            </index_of_refraction>
          </lambert>
        </technique>
      </profile_COMMON>
    </effect>
  </library_effects>
  <library_images/>
  <library_materials>
    <material id="m_1-material" name="m_1">
      <instance_effect url="#m_1-effect"/>
    </material>
  </library_materials>
  <library_geometries>
    <geometry id="link_5_3-mesh" name="link_5_3">
      <mesh>
        <source id="link_5_3-mesh-positions">
          <float_array id="link_5_3-mesh-positions-array" count="4359">0.009799957 -0.004790127 0.008398354 0.009799957 -0.003942549 0.008100807 0.009799957 0.00487864 0.02670711 0.009799957 -0.003049969 0.007999956 0.009799957 0.003049969 0.007999956 0.009799957 -0.004401922 0.02732843 0.009799957 -0.00487864 0.02670711 0.009799957 0.00410217 0.02805197 0.009799957 -0.005549967 0.02603578 0.009799957 0.004401922 0.02732843 0.009799957 -0.005549967 0.008877456 0.009799957 0.005549967 0.008877456 0.009799957 0.005549967 0.02603578 0.009799957 0.004790127 0.008398354 0.009799957 0.003942549 0.008100807 0.009799957 -0.00410217 0.02805197 0.009799957 0.003999948 0.02882838 0.009799957 -0.003999948 0.02882838 0.009799957 -0.004817187 0.03206044 0.009799957 -0.00444442 0.03110933 0.009799957 0.00411266 0.03021967 0.009799957 -0.00411266 0.03021967 0.009799957 -0.003999948 0.02927684 0.009799957 -0.004988908 0.03306746 0.009799957 0.00444442 0.03110933 0.009799957 -0.004952371 0.03408837 0.009799957 0.002880692 0.03748673 0.009799957 0.00198996 0.03798687 0.009799957 0.001016199 0.03829562 0.009799957 0 0.03839999 0.009799957 -0.001016199 0.03829562 0.009799957 -0.00198996 0.03798687 0.009799957 -0.002880692 0.03748673 0.009799957 -0.003651142 0.03681594 0.009799957 0.003999948 0.02927684 0.009799957 0.004709064 0.03508055 0.009799957 0.004269242 0.03600257 0.009799957 0.004952371 0.03408837 0.009799957 0.003651142 0.03681594 0.009799957 0.004988908 0.03306746 0.009799957 -0.004269242 0.03600257 0.009799957 -0.004709064 0.03508055 0.009799957 0.004817187 0.03206044 0.002999961 0.008049964 0 -0.004699945 0.008049964 0 0.002999961 0.008049964 0.01199996 -0.004699945 0.008049964 0.008499979 0.007299959 0.008049964 0.02453577 0.007299959 0.008049964 0.01199996 0.007147669 0.008049964 0.02453577 0.006052255 0.008049964 0.02453577 -0.007299959 0.008049964 0.008499979 -0.007299959 0.008049964 0.02410972 -0.007147669 0.008049964 0.02389997 -0.007147669 0.008049964 0.02410972 0.004899978 0.008049964 0.02453577 0.004899978 0.008049964 0.02389997 -0.006052255 0.008049964 0.02389997 0.00879997 -0.003049969 0.006999969 0.004499971 -0.003049969 0.006999969 0.00879997 0.003049969 0.006999969 0.004499971 0.003049969 0.006999969 0.007299959 -0.008049964 0.02453577 0.007299959 -0.008049964 0.01199996 0.008066594 -0.007929563 0.02460801 0.007310986 -0.008049964 0.01198917 0.007644295 -0.008026123 0.01166212 0.007927238 -0.007969975 0.01138228 0.008255183 -0.007860302 0.0110526 0.008476495 -0.007755815 0.01082491 0.0089491 -0.007428884 0.02490842 0.008261203 -0.007857799 0.02465105 0.008963286 -0.007416367 0.01029801 0.009027659 -0.007356941 0.0102241 0.009070873 -0.007314562 0.02497702 0.009576082 -0.006584048 0.0254153 0.009379863 -0.006937026 0.009787261 0.009631633 -0.006451845 0.009401619 0.009748399 -0.006055295 0.009146511 0.009793579 0.005728662 0.02592855 0.009748399 0.006055295 0.009146511 0.009610712 0.006504118 0.02546328 0.009631633 0.006451845 0.009401619 0.00951904 0.00670135 0.02534496 0.009379863 0.006937026 0.009787261 0.009070813 0.007314622 0.02497696 0.009027659 0.007356941 0.0102241 0.008931636 0.007444083 0.0248993 0.008963286 0.007416367 0.01029801 0.008476495 0.007755815 0.01082491 0.008164405 0.007895767 0.02462828 0.008255183 0.007860302 0.0110526 0.007927238 0.007969975 0.01138228 0.007310986 0.008049964 0.01198917 0.007644295 0.008026123 0.01166212 0.007147669 -0.008049964 0.02453577 0.006052255 -0.008049964 0.02453577 0.004899978 -0.008049964 0.02453577 0.004899978 -0.008049964 0.02389997 -0.007299959 -0.008049964 0.008499979 -0.004699945 -0.008049964 0.008499979 -0.007147669 -0.008049964 0.02410972 -0.007299959 -0.008049964 0.02410972 -0.007147669 -0.008049964 0.02389997 -0.006052255 -0.008049964 0.02389997 -0.004699945 -0.008049964 0 0.002999961 -0.008049964 0 0.002999961 -0.008049964 0.01199996 -0.009799957 -0.005549967 0.005377471 -0.009799957 -0.005549967 0.02478599 -0.009799957 -0.00466144 0.02544128 -0.009799957 0.003942549 0.004600822 -0.009799957 0.003049969 0.004499971 -0.009799957 0.00466144 0.02544128 -0.009799957 -0.003049969 0.004499971 -0.009799957 0.005549967 0.02478599 -0.009799957 0.005549967 0.005377471 -0.009799957 0.004790127 0.004898309 -0.009799957 -0.003942549 0.004600822 -0.009799957 -0.004790127 0.004898309 -0.009799957 -0.003896653 0.02623754 -0.009799957 -0.003277659 0.0271517 -0.009799957 0.002822339 0.02815747 -0.009799957 -0.002822339 0.02815747 -0.009799957 -0.002543747 0.02922576 -0.009799957 0.003277659 0.0271517 -0.009799957 0.003896653 0.02623754 -0.009799957 -0.002449989 0.03339999 -0.009799957 0.002449989 0.03339999 -0.009799957 -0.002449989 0.03032582 -0.009799957 0.002449989 0.03032582 -0.009799957 0.002543747 0.02922576 -0.009799957 -0.002366483 0.03403407 -0.009799957 -0.002121746 0.03462499 -0.009799957 -0.001732409 0.0351324 -0.009799957 -0.001224994 0.03552174 -0.009799957 -6.34107e-4 0.03576648 -0.009799957 0.002366483 0.03403407 -0.009799957 0.001224994 0.03552174 -0.009799957 6.34107e-4 0.03576648 -0.009799957 0 0.03584998 -0.009799957 0.001732409 0.0351324 -0.009799957 0.002121746 0.03462499 -0.00879997 0.003049969 0.003499984 -0.006199955 0.003049969 0.003499984 -0.00879997 -0.003049969 0.003499984 -0.006199955 -0.003049969 0.003499984 -0.00854361 -0.007718682 0.02417397 -0.008799016 -0.007550656 0.02420932 -0.009027659 -0.007356941 0.006724119 -0.009160578 -0.007219791 0.02428442 -0.009379863 -0.006937026 0.006287276 -0.009343385 -0.006990253 0.02434086 -0.009631633 -0.006451845 0.005901575 -0.009586095 -0.006561696 0.0244565 -0.009748399 -0.006055295 0.005646526 -0.009686231 -0.006295502 0.02453517 -0.009787261 -0.005801916 0.02469599 -0.007792115 -0.008001029 0.02411878 -0.008255183 -0.007860302 0.007552623 -0.007927238 -0.007969975 0.007882297 -0.007309496 -0.008049964 0.008488297 -0.007644295 -0.008026123 0.008162081 -0.008963286 -0.007416367 0.006797969 -0.008476495 -0.007755815 0.007324934 -0.008256852 -0.007859587 0.02414578 -0.00809431 -0.007920444 0.02413403 -0.008256852 0.007859587 0.02414578 -0.008029103 0.007941246 0.02413004 -0.008255183 0.007860302 0.007552623 -0.007706403 0.008016705 0.02411586 -0.007927238 0.007969975 0.007882297 -0.007644295 0.008026123 0.008162081 -0.007309496 0.008049964 0.008488297 -0.009166479 0.007213175 0.02428597 -0.008804678 0.007546424 0.02421021 -0.009027659 0.007356941 0.006724119 -0.008484542 0.007751524 0.02416729 -0.008963286 0.007416367 0.006797969 -0.008476495 0.007755815 0.007324934 -0.009631633 0.006451845 0.005901575 -0.009609878 0.006506204 0.02447241 -0.009431481 0.006856381 0.02437555 -0.009379863 0.006937026 0.006287276 -0.009748756 0.006053328 0.02461159 -0.009646892 0.006411373 0.02450025 -0.009748399 0.006055295 0.005646526 -0.004699945 0.007927656 -0.001397848 0.002999961 0.007927656 -0.001397848 -0.004699945 0.007816076 -0.001926481 0.002999961 0.007816076 -0.001926481 -0.004699945 0.007564485 -0.002753257 0.002999961 0.007564485 -0.002753257 -0.004699945 0.007127881 -0.003740966 0.002999961 0.007127881 -0.003740966 -0.004699945 0.006971478 -0.004024982 0.002999961 0.006971478 -0.004024982 -0.004699945 0.006166636 -0.005174398 0.002999961 0.006166636 -0.005174398 -0.004699945 0.006025493 -0.005338132 0.002999961 0.006025493 -0.005338132 -0.004699945 0.005174398 -0.006166636 0.002999961 0.005174398 -0.006166636 -0.004699945 0.004572868 -0.006624996 0.002999961 0.004572868 -0.006624996 -0.004699945 0.004024982 -0.006971478 0.002999961 0.004024982 -0.006971478 -0.004699945 0.002854526 -0.007526874 0.002999961 0.002854526 -0.007526874 -0.004699945 0.002753257 -0.007564485 0.002999961 0.002753257 -0.007564485 -0.004699945 0.001397848 -0.007927656 0.002999961 0.001397848 -0.007927656 -0.004699945 9.7032e-4 -0.007991254 0.002999961 9.7032e-4 -0.007991254 -0.004699945 0 -0.008049964 0.002999961 0 -0.008049964 -0.004699945 -9.7032e-4 -0.007991254 0.002999961 -9.7032e-4 -0.007991254 -0.004699945 -0.001397848 -0.007927656 0.002999961 -0.001397848 -0.007927656 -0.004699945 -0.002753257 -0.007564485 0.002999961 -0.002753257 -0.007564485 -0.004699945 -0.002854526 -0.007526874 0.002999961 -0.002854526 -0.007526874 -0.004699945 -0.004024982 -0.006971478 0.002999961 -0.004024982 -0.006971478 -0.004699945 -0.004572868 -0.006624996 0.002999961 -0.004572868 -0.006624996 -0.004699945 -0.005174398 -0.006166636 0.002999961 -0.005174398 -0.006166636 -0.004699945 -0.006025493 -0.005338132 0.002999961 -0.006025493 -0.005338132 -0.004699945 -0.006166636 -0.005174398 0.002999961 -0.006166636 -0.005174398 -0.004699945 -0.006971478 -0.004024982 0.002999961 -0.006971478 -0.004024982 -0.004699945 -0.007127881 -0.003740966 0.002999961 -0.007127881 -0.003740966 -0.004699945 -0.007564485 -0.002753257 0.002999961 -0.007564485 -0.002753257 -0.004699945 -0.007816076 -0.001926481 0.002999961 -0.007816076 -0.001926481 -0.004699945 -0.007927656 -0.001397848 0.002999961 -0.007927656 -0.001397848 -0.006199955 -0.004595041 0.003744661 -0.006199955 -0.001954555 0.001558721 -0.006199955 -0.002437293 5.56302e-4 -0.006199955 0.001084685 -0.002252399 -0.006199955 0.001954555 -0.001558721 -0.006199955 0.004210233 -0.005017578 -0.006199955 -0.005017578 -0.004210233 -0.006199955 -0.001954555 -0.001558721 -0.006199955 -0.004210233 -0.005017578 -0.006199955 -0.001084685 -0.002252399 -0.006199955 -0.003274977 -0.005672454 -0.006199955 -0.00224018 -0.006154954 -0.006199955 0.005988895 0.00445491 -0.006199955 0.006549954 0.004929244 -0.006199955 0.006549954 0 -0.006199955 0 0.002499997 -0.006199955 0.006450474 -0.001137375 -0.006199955 0.006154954 -0.00224018 -0.006199955 0.002437293 -5.56302e-4 -0.006199955 0.005672454 -0.003274977 -0.006199955 0.005017578 -0.004210233 -0.006199955 -0.001137375 -0.006450474 -0.006199955 0 -0.002499997 -0.006199955 0 -0.006549954 -0.006199955 0.003274977 -0.005672454 -0.006199955 0.00224018 -0.006154954 -0.006199955 0.001137375 -0.006450474 -0.006199955 0.002437293 5.56302e-4 -0.006199955 0.001954555 0.001558721 -0.006199955 -0.001084685 0.002252399 -0.006199955 0.004595041 0.003744661 -0.006199955 0.001084685 0.002252399 -0.006199955 -0.006549954 0 -0.006199955 -0.006549954 0.004929244 -0.006199955 -0.005988895 0.00445491 -0.006199955 -0.006450474 -0.001137375 -0.006199955 -0.002437293 -5.56302e-4 -0.006199955 -0.006154954 -0.00224018 -0.006199955 -0.005672454 -0.003274977 0.004499971 0.005017578 -0.004210233 0.004499971 0.001954555 -0.001558721 0.004499971 0.004210233 -0.005017578 0.004499971 0.001084685 -0.002252399 0.004499971 0.003274977 -0.005672454 0.004499971 0.005672454 -0.003274977 0.004499971 0.006154954 -0.00224018 0.004499971 0.002437293 -5.56302e-4 0.004499971 0.006450474 -0.001137375 0.004499971 0.002437293 5.56302e-4 0.004499971 0.006549954 0 0.004499971 0.001954555 0.001558721 0.004499971 0.006549954 0.008429229 0.004499971 -0.003274977 -0.005672454 0.004499971 -0.00224018 -0.006154954 0.004499971 -0.001084685 -0.002252399 0.004499971 -0.001137375 -0.006450474 0.004499971 0 -0.002499997 0.004499971 -0.004210233 -0.005017578 0.004499971 -0.001954555 -0.001558721 0.004499971 -0.005017578 -0.004210233 0.004499971 -0.004595041 0.007244706 0.004499971 -0.001954555 0.001558721 0.004499971 -0.005988895 0.007954895 0.004499971 -0.006549954 0.008429229 0.004499971 -0.002437293 5.56302e-4 0.004499971 -0.006549954 0 0.004499971 -0.002437293 -5.56302e-4 0.004499971 -0.001084685 0.002252399 0.004499971 0 0.002499997 0.004499971 0.001084685 0.002252399 0.004499971 0.004595041 0.007244706 0.004499971 0.005988895 0.007954895 0.004499971 0 -0.006549954 0.004499971 0.001137375 -0.006450474 0.004499971 0.00224018 -0.006154954 0.004499971 -0.006450474 -0.001137375 0.004499971 -0.006154954 -0.00224018 0.004499971 -0.005672454 -0.003274977 -0.00879997 0.004165709 0.003626048 -0.00879997 0.004595041 0.003744661 -0.00879997 0.005225181 0.003997921 -0.00879997 0.005988895 0.00445491 -0.00879997 0.006174981 0.004596829 -0.008040606 0.007805466 0.006955564 -0.005534291 0.007796525 0.006928324 -0.00580424 0.00756514 0.006352186 -0.00829792 0.007574796 0.006372511 -0.005998313 0.007301211 0.005868077 -0.006017982 0.007266104 0.005812168 -0.008336603 0.007530212 0.006280124 -0.006060123 0.007182419 0.00568515 -0.008547902 0.007215261 0.005734086 -0.006097137 0.007095813 0.005562126 -0.008606553 0.007095932 0.005562245 -0.006168723 0.006854653 0.005255818 -0.00869894 0.006851375 0.005252003 -0.008769035 0.006553947 0.004933178 -0.00470674 0.008049964 0.008487582 -0.005085289 0.007999658 0.007792294 -0.007306575 0.008049964 0.008486509 -0.005440652 0.007854342 0.007115006 -0.008005857 0.007829368 0.007031142 -0.007676303 0.007990002 0.007727861 -0.007506549 0.008032083 0.008077621 -0.00470674 -0.008049964 0.008487582 -0.007506549 -0.008032083 0.008077621 -0.007676303 -0.007990002 0.007727861 -0.00544846 -0.007849872 0.007099628 -0.005534291 -0.007796525 0.006928324 -0.007306575 -0.008049964 0.008486509 -0.005179643 -0.007971227 0.007615983 -0.004795193 -0.008046925 0.008326113 -0.005852401 -0.007510125 0.006240069 -0.008040606 -0.007805466 0.006955564 -0.005997061 -0.007303357 0.005871474 -0.00829792 -0.007574796 0.006372511 -0.006060123 -0.007182419 0.00568515 -0.008005857 -0.007829368 0.007031142 -0.005573511 -0.007769346 0.006848454 -0.00879997 -0.006174981 0.004596829 -0.008336603 -0.007530212 0.006280124 -0.008547902 -0.007215261 0.005734086 -0.006097197 -0.007095634 0.005561828 -0.008606553 -0.007095932 0.005562245 -0.006153523 -0.006920337 0.005334436 -0.00869894 -0.006851375 0.005252003 -0.008769035 -0.006553947 0.004933178 -0.00879997 -0.005988895 0.00445491 -0.00879997 -0.005225181 0.003997921 -0.00879997 -0.004165709 0.003626048 -0.00879997 -0.004595041 0.003744661 0.003748476 0.007849872 0.01059961 0.003479659 0.007971227 0.01111602 0.003834307 0.007796525 0.0104283 0.007308065 0.008049964 0.01198738 0.007506549 0.008032083 0.0115776 0.007676303 0.007990002 0.01122784 0.003095149 0.008046925 0.01182609 0.003006756 0.008049964 0.01198756 0.008336603 0.007530212 0.009780168 0.004397213 0.007095634 0.009061872 0.00829792 0.007574796 0.009872496 0.004360139 0.007182419 0.009185194 0.008040606 0.007805466 0.01045554 0.004297077 0.007303357 0.009371519 0.004152417 0.007510125 0.009740054 0.008005857 0.007829368 0.01053118 0.003873527 0.007769346 0.01034849 0.00879997 0.006174981 0.008096873 0.008547902 0.007215261 0.00923407 0.008606553 0.007095932 0.00906223 0.004453539 0.006920337 0.008834481 0.00869894 0.006851375 0.008751988 0.008769035 0.006553947 0.008433163 0.00879997 0.005988895 0.007954895 0.00879997 0.005225181 0.007497906 0.00879997 0.004165709 0.007126033 0.00879997 0.004595041 0.007244706 0.00879997 -0.004165709 0.007126033 0.00879997 -0.004595041 0.007244706 0.00879997 -0.005225181 0.007497906 0.00869894 -0.006851375 0.008751988 0.004468679 -0.006854653 0.008755862 0.008606553 -0.007095932 0.00906223 0.004397153 -0.007095813 0.009062111 0.00879997 -0.005988895 0.007954895 0.00879997 -0.006174981 0.008096873 0.008769035 -0.006553947 0.008433163 0.004104256 -0.00756514 0.00985217 0.004298269 -0.007301211 0.009368062 0.008040606 -0.007805466 0.01045554 0.004317998 -0.007266104 0.009312212 0.00829792 -0.007574796 0.009872496 0.004360139 -0.007182419 0.009185194 0.008336603 -0.007530212 0.009780168 0.008547902 -0.007215261 0.00923407 0.003006756 -0.008049964 0.01198756 0.003834307 -0.007796525 0.0104283 0.008005857 -0.007829368 0.01053118 0.007676303 -0.007990002 0.01122784 0.003385305 -0.007999658 0.01129233 0.003740668 -0.007854342 0.01061499 0.007308065 -0.008049964 0.01198738 0.007506549 -0.008032083 0.0115776 -0.009222567 0.006523609 0.005059301 -0.009104132 0.006847977 0.005388796 -0.007598638 0.00803101 0.008133828 -0.007844984 0.007986307 0.007830142 -0.007552683 0.008033037 0.008105635 -0.007761061 0.007992982 0.007778465 -0.008170485 0.007838964 0.007123053 -0.008544147 0.007590472 0.006494998 -0.00859487 0.007546365 0.006406009 -0.008881449 0.00722891 0.005872726 -0.009182631 0.006127417 0.004656255 -0.009299993 0.006091237 0.004701435 -0.00950706 0.005991935 0.004825472 -0.008329272 0.007814168 0.007222175 -0.008771657 0.007536292 0.006640553 -0.008831739 0.007486939 0.006558179 -0.009171366 0.007131993 0.006065487 -0.009435236 0.006706178 0.005619406 -0.009575188 0.006344079 0.005316138 -0.009666025 0.005862474 0.00498718 -0.009182631 0.004148721 0.003700256 -0.009182631 0.003049969 0.003576099 -0.009299993 0.003049969 0.003633916 -0.00950706 0.004100382 0.003911554 -0.009182631 0.005192101 0.004066467 -0.00950706 0.005097746 0.004261672 -0.009723842 0.004956662 0.004553735 -0.009723842 0.004027962 0.004227817 -0.00950706 0.003049969 0.003792881 -0.009666025 0.003049969 0.003999948 -0.009723842 0.003049969 0.00411731 -0.009182631 -0.003049969 0.003576099 -0.009299993 -0.003049969 0.003633916 -0.00950706 -0.003049969 0.003792881 -0.009666025 -0.003049969 0.003999948 -0.009723842 -0.003049969 0.00411731 -0.009182631 -0.006127417 0.004656255 -0.009182631 -0.005192101 0.004066467 -0.009182631 -0.004148721 0.003700256 -0.00950706 -0.004100382 0.003911554 -0.009299993 -0.006091237 0.004701435 -0.00950706 -0.005097746 0.004261672 -0.009723842 -0.004027962 0.004227817 -0.009723842 -0.004956662 0.004553735 -0.00950706 -0.005991935 0.004825472 -0.009666025 -0.005862474 0.00498718 -0.008329272 -0.007814168 0.007222175 -0.007598638 -0.00803101 0.008133828 -0.007552683 -0.008033037 0.008105635 -0.007844984 -0.007986307 0.007830142 -0.007761061 -0.007992982 0.007778465 -0.008170485 -0.007838964 0.007123053 -0.008771657 -0.007536292 0.006640553 -0.008831739 -0.007486939 0.006558179 -0.008544147 -0.007590472 0.006494998 -0.00859487 -0.007546365 0.006406009 -0.009171366 -0.007131993 0.006065487 -0.008881449 -0.00722891 0.005872726 -0.009435236 -0.006706178 0.005619406 -0.009575188 -0.006344079 0.005316138 -0.009104132 -0.006847977 0.005388796 -0.009222567 -0.006523609 0.005059301 0.009222567 -0.006523609 0.008559346 0.009104132 -0.006847977 0.00888884 0.007598638 -0.00803101 0.01163381 0.007844984 -0.007986307 0.01133012 0.007552683 -0.008033037 0.01160567 0.007761061 -0.007992982 0.01127851 0.008170485 -0.007838964 0.01062309 0.008544147 -0.007590472 0.009995043 0.00859487 -0.007546365 0.009905993 0.008881449 -0.00722891 0.009372711 0.009182631 -0.006127417 0.008156239 0.009299993 -0.006091237 0.00820142 0.00950706 -0.005991935 0.008325517 0.008329272 -0.007814168 0.01072216 0.008771657 -0.007536292 0.01014053 0.008831739 -0.007486939 0.01005816 0.009171366 -0.007131993 0.009565472 0.009435236 -0.006706178 0.009119391 0.009575188 -0.006344079 0.008816182 0.009666025 -0.005862474 0.008487164 0.009182631 -0.004148721 0.007200241 0.009182631 -0.003049969 0.007076084 0.009299993 -0.003049969 0.00713396 0.00950706 -0.004100382 0.007411539 0.009182631 -0.005192101 0.007566452 0.00950706 -0.005097746 0.007761657 0.009723842 -0.004956662 0.008053779 0.009723842 -0.004027962 0.007727801 0.00950706 -0.003049969 0.007292866 0.009666025 -0.003049969 0.007499992 0.009723842 -0.003049969 0.007617294 0.009723842 0.003049969 0.007617294 0.009666025 0.003049969 0.007499992 0.00950706 0.003049969 0.007292866 0.009299993 0.003049969 0.00713396 0.009182631 0.003049969 0.007076084 0.009182631 0.006127417 0.008156239 0.009182631 0.005192101 0.007566452 0.009182631 0.004148721 0.007200241 0.00950706 0.004100382 0.007411539 0.009299993 0.006091237 0.00820142 0.00950706 0.005097746 0.007761657 0.009723842 0.004027962 0.007727801 0.009723842 0.004956662 0.008053779 0.00950706 0.005991935 0.008325517 0.009666025 0.005862474 0.008487164 0.008329272 0.007814168 0.01072216 0.007598638 0.00803101 0.01163381 0.007552683 0.008033037 0.01160567 0.007844984 0.007986307 0.01133012 0.007761061 0.007992982 0.01127851 0.008170485 0.007838964 0.01062309 0.008771657 0.007536292 0.01014053 0.008831739 0.007486939 0.01005816 0.008544147 0.007590472 0.009995043 0.00859487 0.007546365 0.009905993 0.009171366 0.007131993 0.009565472 0.008881449 0.00722891 0.009372711 0.009435236 0.006706178 0.009119391 0.009575188 0.006344079 0.008816182 0.009104132 0.006847977 0.00888884 0.009222567 0.006523609 0.008559346 0.004298985 0.007299959 0 0.004385769 0.007124006 0 0.003749966 0.007849037 0 0.004060626 0.007610619 0 0.003574013 0.007935762 0 0.003574013 -0.007457196 -0.002714157 0.003574013 0.003967881 -0.006872594 0.003574013 0.005101025 -0.006079137 0.004385769 0.007015764 -0.001237034 0.004385769 -0.007015764 -0.001237034 0.004385769 0.006694376 -0.002436518 0.004385769 0.006169557 -0.003561973 0.004385769 0.005457282 -0.004579186 0.004060626 0.007494986 -0.001321554 0.004060626 0.007151663 -0.002602994 0.004060626 0.006591022 -0.003805279 0.004060626 0.005830049 -0.004891991 0.004385769 -0.007124006 0 0.004298985 -0.007299959 0 0.004060626 -0.007494986 -0.001321554 0.003574013 0.007815241 -0.001377999 0.003574013 0.007457196 -0.002714157 0.003574013 0.006872594 -0.003967881 0.003574013 0.006079137 -0.005101025 0.004385769 0.001237034 -0.007015764 0.004385769 0 -0.007124006 0.004060626 0.001321554 -0.007494986 0.004060626 0 -0.007610619 0.003574013 0.001377999 -0.007815241 0.003574013 0 -0.007935762 0.004385769 -0.001237034 -0.007015764 0.004060626 -0.001321554 -0.007494986 0.003574013 -0.001377999 -0.007815241 0.004385769 -0.002436518 -0.006694376 0.004060626 -0.002602994 -0.007151663 0.003574013 -0.002714157 -0.007457196 0.004385769 -0.003561973 -0.006169557 0.004385769 -0.004579186 -0.005457282 0.004060626 -0.003805279 -0.006591022 0.004060626 -0.004891991 -0.005830049 0.003574013 -0.003967881 -0.006872594 0.003574013 -0.005101025 -0.006079137 0.004385769 -0.005457282 -0.004579186 0.004060626 -0.005830049 -0.004891991 0.003574013 -0.006079137 -0.005101025 0.004385769 -0.006169557 -0.003561973 0.004060626 -0.006591022 -0.003805279 0.003574013 -0.006872594 -0.003967881 0.004060626 0.004891991 -0.005830049 0.004385769 0.004579186 -0.005457282 0.004060626 0.003805279 -0.006591022 0.004385769 0.003561973 -0.006169557 0.003574013 0.002714157 -0.007457196 0.004060626 0.002602994 -0.007151663 0.004385769 0.002436518 -0.006694376 0.004060626 -0.007151663 -0.002602994 0.004385769 -0.006694376 -0.002436518 0.003574013 -0.007815241 -0.001377999 0.004060626 -0.007610619 0 0.003749966 -0.007849037 0 0.003574013 -0.007935762 0 -0.005999028 -0.007299959 0 -0.006085813 -0.007124006 0 -0.00544995 -0.007849037 0 -0.00576061 -0.007610619 0 -0.005273997 -0.007935762 0 -0.005273997 0.007457196 -0.002714157 -0.005273997 -0.003967881 -0.006872594 -0.005273997 -0.005101025 -0.006079137 -0.006085813 -0.007015764 -0.001237034 -0.006085813 0.007015764 -0.001237034 -0.006085813 -0.006694376 -0.002436518 -0.006085813 -0.006169557 -0.003561973 -0.006085813 -0.005457282 -0.004579186 -0.00576061 -0.007494986 -0.001321554 -0.00576061 -0.007151663 -0.002602994 -0.00576061 -0.006591022 -0.003805279 -0.00576061 -0.005830049 -0.004891991 -0.006085813 0.007124006 0 -0.005999028 0.007299959 0 -0.00576061 0.007494986 -0.001321554 -0.005273997 -0.007815241 -0.001377999 -0.005273997 -0.007457196 -0.002714157 -0.005273997 -0.006872594 -0.003967881 -0.005273997 -0.006079137 -0.005101025 -0.006085813 -0.001237034 -0.007015764 -0.006085813 0 -0.007124006 -0.00576061 -0.001321554 -0.007494986 -0.00576061 0 -0.007610619 -0.005273997 -0.001377999 -0.007815241 -0.005273997 0 -0.007935762 -0.006085813 0.001237034 -0.007015764 -0.00576061 0.001321554 -0.007494986 -0.005273997 0.001377999 -0.007815241 -0.006085813 0.002436518 -0.006694376 -0.00576061 0.002602994 -0.007151663 -0.005273997 0.002714157 -0.007457196 -0.006085813 0.003561973 -0.006169557 -0.006085813 0.004579186 -0.005457282 -0.00576061 0.003805279 -0.006591022 -0.00576061 0.004891991 -0.005830049 -0.005273997 0.003967881 -0.006872594 -0.005273997 0.005101025 -0.006079137 -0.006085813 0.005457282 -0.004579186 -0.00576061 0.005830049 -0.004891991 -0.005273997 0.006079137 -0.005101025 -0.006085813 0.006169557 -0.003561973 -0.00576061 0.006591022 -0.003805279 -0.005273997 0.006872594 -0.003967881 -0.00576061 -0.004891991 -0.005830049 -0.006085813 -0.004579186 -0.005457282 -0.00576061 -0.003805279 -0.006591022 -0.006085813 -0.003561973 -0.006169557 -0.005273997 -0.002714157 -0.007457196 -0.00576061 -0.002602994 -0.007151663 -0.006085813 -0.002436518 -0.006694376 -0.00576061 0.007151663 -0.002602994 -0.006085813 0.006694376 -0.002436518 -0.005273997 0.007815241 -0.001377999 -0.00576061 0.007610619 0 -0.00544995 0.007849037 0 -0.005273997 0.007935762 0 0.005568683 0.007757067 0.02524286 0.004899978 0.007757067 0.02524286 0.005446374 0.007635235 0.02536469 0.005221962 0.007309675 0.02569025 0.005427837 0.00558573 0.0274142 0.005115509 0.00615406 0.02684587 0.004899978 0.00558573 0.0274142 0.005050957 0.006544172 0.02645576 0.005087256 0.006937921 0.02606201 0.00879997 -0.006257057 0.02674287 0.00879997 -0.00558573 0.0274142 0.007772088 -0.00558573 0.0274142 0.008084475 -0.00615406 0.02684587 0.008148968 -0.006544172 0.02645576 0.008665621 -0.006877541 0.02612239 0.008112668 -0.006937921 0.02606201 0.008289456 -0.007384419 0.02561551 0.007977962 -0.007309675 0.02569025 0.007759928 -0.007684826 0.0253151 0.007753551 -0.007635235 0.02536469 0.007685065 -0.00770682 0.02529317 0.005569517 0.005442142 0.03087347 0.005706608 0.005333304 0.03065121 0.004899978 0.005333304 0.03065121 0.007630467 -0.005442142 0.03087347 0.007493317 -0.005333304 0.03065121 0.00879997 -0.005333304 0.03065121 0.007870674 -0.00571233 0.03156459 0.00879997 -0.005780637 0.03179258 0.007982552 -0.00589925 0.03230512 0.00879997 -0.00589925 0.03230512 0.008027374 -0.00599581 0.03317648 0.00879997 -0.00598669 0.033001 0.008013665 -0.005964457 0.03405195 0.005812942 -0.005264639 0.03627806 0.004899978 -0.004613459 0.03723603 0.005547642 -0.00546199 0.03588324 0.004899978 -0.005523383 0.03574347 0.005484879 -0.005523383 0.03574347 0.006208777 -0.005100131 0.03656041 0.006584465 -0.005050063 0.0366398 0.00879997 -0.004613459 0.03723603 0.00879997 -0.005964457 0.03405195 0.00879997 -0.005942821 0.03422605 0.007929384 -0.005803048 0.03492456 0.00879997 -0.005650877 0.03541666 0.007715046 -0.005523383 0.03574347 0.00879997 -0.005523383 0.03574347 0.007630467 -0.005442142 0.03592646 0.00879997 -0.005123078 0.0365231 0.007360398 -0.005249321 0.0363059 0.006962478 -0.005092978 0.03657197 0.004899978 -0.00589925 0.03230512 0.00517255 -0.005995869 0.0331788 0.004899978 -0.005964457 0.03405195 0.005186259 -0.005964457 0.03405195 0.00527054 -0.005802989 0.03492468 0.005706608 -0.005333304 0.03065121 0.005547642 -0.00546199 0.03091669 0.004899978 -0.005333304 0.03065121 0.005324363 -0.005719423 0.03158682 0.005217432 -0.00589925 0.03230512 0.004899978 0.005964457 0.03405195 0.00517255 0.00599581 0.03317648 0.004899978 0.00589925 0.03230512 0.005217432 0.00589925 0.03230512 0.00532931 0.00571233 0.03156459 0.004899978 0.005523383 0.03574347 0.00527054 0.005803048 0.03492456 0.005186259 0.005964457 0.03405195 0.007386982 0.005264639 0.03627806 0.00879997 0.004613459 0.03723603 0.007652342 0.00546199 0.03588324 0.00879997 0.005123078 0.0365231 0.007715046 0.005523383 0.03574347 0.00879997 0.005523383 0.03574347 0.007929384 0.005802989 0.03492468 0.006991147 0.005100131 0.03656041 0.006615459 0.005050063 0.0366398 0.004899978 0.004613459 0.03723603 0.006237447 0.005092978 0.03657197 0.005839526 0.005249321 0.0363059 0.005569517 0.005442142 0.03592646 0.005484879 0.005523383 0.03574347 0.00879997 0.005650877 0.03541666 0.00879997 0.005942821 0.03422605 0.008013665 0.005964457 0.03405195 0.00879997 0.005964457 0.03405195 0.008027434 0.005995869 0.0331788 0.00879997 0.00598669 0.033001 0.007982552 0.00589925 0.03230512 0.00879997 0.00589925 0.03230512 0.007875561 0.005719423 0.03158682 0.00879997 0.005780637 0.03179258 0.007652342 0.00546199 0.03091669 0.00879997 0.005333304 0.03065121 0.007493317 0.005333304 0.03065121 0.00879997 -0.004381418 0.03749912 0.00879997 -0.00345683 0.03830409 0.004899978 -0.003311991 0.03840303 0.00879997 -0.003311991 0.03840303 0.00879997 -0.002388 0.0389043 0.004899978 -0.001729369 0.03914535 0.00879997 -0.001729369 0.03914535 0.00879997 -0.001219451 0.03927475 0.004899978 0 0.03939998 0.00879997 0 0.03939998 0.00879997 0.001219451 0.03927475 0.004899978 0.001729369 0.03914535 0.00879997 0.001729369 0.03914535 0.00879997 0.002388 0.0389043 0.004899978 0.003311991 0.03840303 0.00879997 0.003311991 0.03840303 0.00879997 0.00345683 0.03830409 0.00879997 0.004381418 0.03749912 -0.006399989 0.005062937 0.02489995 -0.006399989 0.001084685 0.03114753 -0.006399989 -0.005062937 0.02489995 -0.006399989 0 0.0309 -0.006399989 -0.001084685 0.03114753 -0.006399989 0 0.03589999 -0.006399989 -5.99086e-4 0.03679758 -0.006399989 -0.001084685 0.03565239 -0.006399989 -0.001724958 0.03638774 -0.006399989 -0.001954555 0.03495872 -0.006399989 -0.00264281 0.03561758 -0.006399989 -0.002437293 0.03395628 -0.006399989 -0.003241896 0.03457993 -0.006399989 -0.002437293 0.03284364 -0.006399989 -0.003449976 0.03339999 -0.006399989 -0.001954555 0.03184127 -0.006399989 -0.003449976 0.03032582 -0.006399989 0.005062937 0.02643471 -0.006399989 0.004926145 0.02657634 -0.006399989 0.004123508 0.02768856 -0.006399989 0.003620982 0.02896487 -0.006399989 0.001954555 0.03184127 -0.006399989 0.003449976 0.03032582 -0.006399989 0.002437293 0.03284364 -0.006399989 0.003449976 0.03339999 -0.006399989 0.002437293 0.03395628 -0.006399989 0.003241896 0.03457993 -0.006399989 0.001954555 0.03495872 -0.006399989 0.00264281 0.03561758 -0.006399989 0.001084685 0.03565239 -0.006399989 0.001724958 0.03638774 -0.006399989 5.99086e-4 0.03679758 -0.006399989 -0.003620982 0.02896487 -0.006399989 -0.004123508 0.02768856 -0.006399989 -0.004926145 0.02657634 -0.006399989 -0.005062937 0.02643471 -0.00879997 0.006073057 0.02563828 -0.008072555 0.00611633 0.02561199 -0.008769273 0.006328582 0.0254907 -0.008146584 0.006497383 0.02540296 -0.008708119 0.006510376 0.02539652 -0.008038163 0.007177948 0.02511912 -0.008202791 0.007086634 0.02515107 -0.008121371 0.006896495 0.02522355 -0.008419871 0.006917417 0.0252152 -0.008578836 0.006736338 0.02529096 -0.006685376 0.005052328 0.02644532 -0.006964802 0.005093514 0.02640438 -0.00879997 0.004926145 0.02657634 -0.007342696 0.005239486 0.02626597 -0.007652163 0.005461812 0.02607345 -0.00879997 0.005321204 0.02619278 -0.007863759 0.005702555 0.02588689 -0.008020162 0.00597912 0.02569723 -0.00879997 0.004674077 0.02686649 -0.00879997 0.004150331 0.02764004 -0.00879997 0.003765046 0.02849107 -0.00879997 0.003449976 0.03032582 -0.00879997 0.00352931 0.02939504 -0.00879997 0.003620982 0.02896487 -0.006684601 -0.005052268 0.02644538 -0.00807321 -0.006118178 0.02561086 -0.007862985 -0.005701482 0.02588766 -0.00879997 -0.005321204 0.02619278 -0.00879997 -0.004926145 0.02657634 -0.007652163 -0.005461812 0.02607345 -0.007342219 -0.005239248 0.02626621 -0.006964802 -0.005093514 0.02640438 -0.008416295 -0.006920814 0.02521383 -0.008199393 -0.00708878 0.02515029 -0.008121371 -0.006896495 0.02522355 -0.00804615 -0.007174074 0.02512043 -0.008038163 -0.007177948 0.02511912 -0.008526027 -0.006804287 0.02526164 -0.008146643 -0.006498515 0.02540236 -0.008671641 -0.00658667 0.02535945 -0.00879997 -0.006073057 0.02563828 -0.00879234 -0.006200969 0.0255621 -0.008731722 -0.006451547 0.02542603 -0.00879997 -0.004674077 0.02686649 -0.00879997 -0.004150331 0.02764004 -0.00879997 -0.003765046 0.02849107 -0.00879997 -0.003620982 0.02896487 -0.00879997 -0.00352931 0.02939504 -0.00879997 -0.003449976 0.03032582 0.006991147 0.005100131 0.03004562 0.00879997 0.005084514 0.02998399 0.00879997 0.004999995 0.02927684 0.004899978 0.004999995 0.02927684 0.006599485 0.005049943 0.02982228 0.006691575 0.005052685 0.02983677 0.00677675 0.005060076 0.02987444 0.006925284 0.005084514 0.02998399 0.004899978 0.005084514 0.02998399 0.00595504 0.005190491 0.03032898 0.006237447 0.005092978 0.03001803 0.006422758 0.005060136 0.02987468 0.006208777 -0.005100131 0.03004562 0.004899978 -0.005084514 0.02998399 0.004899978 -0.004999995 0.02927684 0.00879997 -0.004999995 0.02927684 0.006600499 -0.005049943 0.02982228 0.00650835 -0.005052685 0.02983677 0.006423175 -0.005060076 0.02987444 0.00627464 -0.005084514 0.02998399 0.00879997 -0.005084514 0.02998399 0.007244884 -0.005190491 0.03032898 0.006962478 -0.005092978 0.03001803 0.006777167 -0.005060136 0.02987468 0.004899978 -0.007049977 0.02489995 0.004899978 0.007049977 0.02489995 -0.005510389 -0.005497515 0.02489995 -0.005111515 -0.00616759 0.02489995 -0.005089342 -0.0069471 0.02489995 -0.00511676 -0.007049977 0.02489995 -0.006185114 0.005106508 0.02489995 -0.006185114 -0.005106508 0.02489995 -0.005510389 0.005497515 0.02489995 -0.005111515 0.00616759 0.02489995 -0.005089342 0.0069471 0.02489995 -0.00511676 0.007049977 0.02489995 0.006226658 0.004999995 0.02864271 0.005966007 0.004999995 0.02874881 0.005702853 0.004999995 0.02880841 0.005427837 0.004999995 0.02882838 0.004899978 0.004999995 0.02882838 0.00879997 0.004999995 0.02882838 0.007772088 0.004999995 0.02882838 0.007472157 0.004999995 0.02880454 0.007190346 0.004999995 0.02873462 0.006933569 0.004999995 0.02862161 0.006508827 0.004999995 0.02845788 0.006705462 0.004999995 0.0284692 0.006519854 0.004999995 0.02844911 0.006674528 0.004999995 0.02844464 0.006593704 0.004999995 0.02839565 0.006586492 0.004999995 0.0283991 0.006575226 0.004999995 0.0284062 0.006604909 0.004999995 0.02839523 0.006599247 0.004999995 0.0283944 0.006595611 0.004999995 0.02839505 0.006614148 0.004999995 0.02839952 0.004899978 -0.004999995 0.02882838 0.005427837 -0.004999995 0.02882838 0.006973326 -0.004999995 0.02864271 0.007233917 -0.004999995 0.02874881 0.007497072 -0.004999995 0.02880841 0.007772088 -0.004999995 0.02882838 0.00879997 -0.004999995 0.02882838 0.005727827 -0.004999995 0.02880454 0.006009578 -0.004999995 0.02873462 0.006266355 -0.004999995 0.02862161 0.006691157 -0.004999995 0.02845788 0.006494462 -0.004999995 0.0284692 0.00668013 -0.004999995 0.02844911 0.006525397 -0.004999995 0.02844464 0.006606221 -0.004999995 0.02839565 0.006613433 -0.004999995 0.0283991 0.006624758 -0.004999995 0.0284062 0.006595015 -0.004999995 0.02839523 0.006600677 -0.004999995 0.0283944 0.006604313 -0.004999995 0.02839505 0.006585776 -0.004999995 0.02839952 0.004899978 -0.007915973 0.02439999 0.004899978 0.007549941 0.02476602 0.004899978 0.007973849 0.02491843 0.004899978 0.007915973 0.02439999 0.004899978 -0.007549941 0.02476602 0.004899978 -0.001084685 0.03565239 0.004899978 -0.001954555 0.03495872 0.004899978 -0.001084685 0.03114753 0.004899978 0 0.0309 0.004899978 -0.002437293 0.03395628 0.004899978 0.001954555 0.03495872 0.004899978 0.002437293 0.03395628 0.004899978 0.002437293 0.03284364 0.004899978 0 0.03589999 0.004899978 0.001084685 0.03565239 0.004899978 -0.002437293 0.03284364 0.004899978 -0.001954555 0.03184127 0.004899978 0.001084685 0.03114753 0.004899978 0.005152225 0.02806305 0.004899978 0.001954555 0.03184127 0.004899978 -0.007973849 0.02491843 0.004899978 -0.007757067 0.02524286 0.004899978 -0.00558573 0.0274142 0.004899978 -0.005152225 0.02806305 -0.00879997 -0.003449976 0.03339999 -0.00879997 0.003449976 0.03339999 -0.00879997 0.003332436 0.03429287 -0.00879997 0.003241896 0.03457993 -0.00879997 0.002987742 0.03512495 -0.00879997 0.00264281 0.03561758 -0.00879997 0.002439498 0.03583949 -0.00879997 0.001724958 0.03638774 -0.00879997 8.92926e-4 0.03673243 -0.00879997 5.99086e-4 0.03679758 -0.00879997 0 0.03684997 -0.00879997 -5.99086e-4 0.03679758 -0.00879997 -8.92926e-4 0.03673243 -0.00879997 -0.001724958 0.03638774 -0.00879997 -0.002439498 0.03583949 -0.00879997 -0.00264281 0.03561758 -0.00879997 -0.002987742 0.03512495 -0.00879997 -0.003332436 0.03429287 -0.00879997 -0.003241896 0.03457993 0.005221962 -0.007309675 0.02569025 0.005441784 -0.00763005 0.02536988 0.005568683 -0.007757067 0.02524286 0.005087256 -0.006937921 0.02606201 0.005050957 -0.006544172 0.02645576 0.005115509 -0.00615406 0.02684587 0.005427837 -0.00558573 0.0274142 0.007772088 0.00558573 0.0274142 0.00879997 0.00558573 0.0274142 0.008084475 0.00615406 0.02684587 0.00879997 0.006257057 0.02674287 0.008148968 0.006544172 0.02645576 0.008796155 0.006364285 0.02663564 0.008112668 0.006937921 0.02606201 0.008631408 0.006947875 0.02605205 0.007977962 0.007309675 0.02569025 0.008278965 0.007393538 0.02560639 0.007756173 0.007632255 0.02536767 0.007818639 0.007664561 0.02533537 0.007685065 0.00770682 0.02529317 0.005947232 -0.005194127 0.03360581 0.005515813 -0.00549221 0.03333008 0.007239282 -0.005187988 0.03361159 0.007673501 -0.005481958 0.0333085 0.007252693 0.005194127 0.03360581 0.007684111 0.00549221 0.03333008 0.005960643 0.005187988 0.03361159 0.005526423 0.005481958 0.0333085 0.005446374 0.007635235 0.02453577 0.007753551 0.007635235 0.02453577 0.007195353 0.00803107 0.02472931 0.007299959 0.007982909 0.02489578 0.007421553 0.007914304 0.02503573 0.008112668 0.006937921 0.02453577 0.008084475 0.00615406 0.02453577 0.007676064 0.005484402 0.02453577 0.007681906 0.005490064 0.02750986 0.007358789 0.005248427 0.0277515 0.007438898 0.005296647 0.02770334 0.006992161 0.005100429 0.02453577 0.007574915 0.005394995 0.02760493 0.007680356 0.005488514 0.02751141 0.006230592 0.005094647 0.02790528 0.006207764 0.005100429 0.02789956 0.006207764 0.005100429 0.02453577 0.005841135 0.005248427 0.0277515 0.006322681 0.005074977 0.02792495 0.006425917 0.005059778 0.02794015 0.006467223 0.005055665 0.02794426 0.006599962 0.005049943 0.02794998 0.006992161 0.005100429 0.02789956 0.00552386 0.005484402 0.02453577 0.005115509 0.00615406 0.02453577 0.00552386 0.005484402 0.02751553 0.005606412 0.005410254 0.02758967 0.005087256 0.006937921 0.02453577 0.005997836 0.008028209 0.02474313 0.005882382 0.007973849 0.02491843 0.005997896 -0.008028268 0.02474308 0.005882382 -0.007973849 0.02491843 0.005446374 -0.007635235 0.02453577 0.005087256 -0.006937921 0.02453577 0.005115509 -0.00615406 0.02453577 0.00552386 -0.005484402 0.02453577 0.005518019 -0.005490064 0.02750986 0.005841135 -0.005248427 0.0277515 0.005761027 -0.005296647 0.02770334 0.006207764 -0.005100429 0.02453577 0.005625009 -0.005394995 0.02760493 0.005519568 -0.005488514 0.02751141 0.006877243 -0.005074977 0.02792495 0.006774067 -0.005059778 0.02794015 0.006732702 -0.005055665 0.02794426 0.006599962 -0.005049943 0.02794998 0.006207764 -0.005100429 0.02789956 0.007676064 -0.005484402 0.02453577 0.007676064 -0.005484402 0.02751553 0.006992161 -0.005100429 0.02453577 0.007593512 -0.005410254 0.02758967 0.007358789 -0.005248427 0.0277515 0.006992161 -0.005100429 0.02789956 0.006969392 -0.005094647 0.02790528 0.008084475 -0.00615406 0.02453577 0.008112668 -0.006937921 0.02453577 0.007553339 -0.007822096 0.02516633 0.007753551 -0.007635235 0.02453577 0.007195353 -0.00803107 0.02472931 0.007299959 -0.007982909 0.02489578 -0.007798731 -0.007582545 0.02493023 -0.007544815 -0.007828652 0.02472335 -0.007784426 -0.007599771 0.02389997 -0.007346153 -0.007958531 0.02452659 -0.007299959 -0.007982909 0.02446979 -0.007195353 -0.00803107 0.02430331 -0.00785619 -0.007507979 0.0249747 -0.008121371 -0.006896495 0.02389997 -0.00807321 -0.006118178 0.02389997 -0.007652163 -0.005461812 0.02389997 -0.006964802 -0.005093514 0.02389997 -0.006185114 -0.005106508 0.02389997 -0.005510389 -0.005497515 0.02389997 -0.005111515 -0.00616759 0.02389997 -0.005089342 -0.0069471 0.02389997 -0.005226612 -0.007318615 0.02486324 -0.005449533 -0.007638692 0.02389997 -0.006024479 -0.008039176 0.02404659 -0.005781054 -0.007915973 0.02439999 -0.005449533 -0.007638692 0.02470827 -0.005375206 -0.007549941 0.02476602 -0.005781054 0.007915973 0.02439999 -0.005957961 0.008010745 0.02417731 -0.005449533 0.007638692 0.02389997 -0.006024718 0.008039236 0.02404594 -0.005226135 0.007317602 0.02486348 -0.005089342 0.0069471 0.02389997 -0.005377709 0.00755316 0.02476418 -0.005449533 0.007638692 0.02470827 -0.006964802 0.005093514 0.02389997 -0.006185114 0.005106508 0.02389997 -0.005510389 0.005497515 0.02389997 -0.005111515 0.00616759 0.02389997 -0.007652163 0.005461812 0.02389997 -0.00807321 0.006118178 0.02389997 -0.008121371 0.006896495 0.02389997 -0.007784426 0.007599771 0.02389997 -0.007998466 0.007268369 0.02508628 -0.007463991 0.007886826 0.0246495 -0.007725954 0.007665157 0.02487325 -0.007798731 0.007582545 0.02493023 -0.007299959 0.007982909 0.02446979 -0.007195353 0.00803107 0.02430331 0.00879997 -0.005267918 0.02782839 0.007772088 -0.005152225 0.02806305 0.00879997 -0.005068123 0.02831077 0.00879997 -0.005152225 0.02806305 0.006449103 -0.005019187 0.0281592 0.007600247 -0.005128681 0.02811014 0.007423758 -0.005105316 0.02813702 0.00722891 -0.005079865 0.02814489 0.006944 -0.005041718 0.02813971 0.006926774 -0.005039393 0.02814036 0.006799161 -0.005023777 0.02815276 0.00674659 -0.00501883 0.02815979 0.0066908 -0.005014955 0.02816617 0.006668984 -0.005013942 0.02816808 0.006612479 -0.005012571 0.0281707 0.006523728 -0.00501424 0.02816748 0.006282448 -0.005038142 0.02814084 0.006235241 -0.005044519 0.02813923 0.006003797 -0.005075573 0.02814441 0.005807042 -0.005101263 0.02813965 0.00561583 -0.005126476 0.02811348 0.005427837 -0.005152225 0.02806305 0.005427837 0.005152225 0.02806305 0.006750881 0.005019187 0.0281592 0.005599677 0.005128681 0.02811014 0.005776226 0.005105316 0.02813702 0.005971074 0.005079865 0.02814489 0.006255924 0.005041718 0.02813971 0.00627321 0.005039393 0.02814036 0.006400823 0.005023777 0.02815276 0.006453335 0.00501883 0.02815979 0.006509184 0.005014955 0.02816617 0.00653094 0.005013942 0.02816808 0.006587505 0.005012571 0.0281707 0.006676197 0.00501424 0.02816748 0.006917476 0.005038142 0.02814084 0.006964683 0.005044519 0.02813923 0.007196187 0.005075573 0.02814441 0.007392883 0.005101263 0.02813965 0.007584095 0.005126476 0.02811348 0.007772088 0.005152225 0.02806305 0.00879997 0.005267918 0.02782839 0.00879997 0.005152225 0.02806305 0.00879997 0.005068123 0.02831077 -0.009588241 0.006246328 0.02502846 -0.009477972 0.00655359 0.02491295 -0.007671475 0.007932305 0.02452766 -0.007863342 0.007635116 0.02487915 -0.007966697 0.007866978 0.02454131 -0.008383929 0.007703006 0.02457755 -0.008678436 0.007526397 0.02461969 -0.009014308 0.007240235 0.02469497 -0.009265184 0.006934642 0.02478533 -0.009666025 0.005811512 0.0252121 -0.00950706 0.005919814 0.02538865 -0.008215844 0.007504105 0.0249136 -0.008464694 0.00736308 0.02495378 -0.008748531 0.007134974 0.02502578 -0.008960545 0.006891727 0.0251125 -0.009140431 0.006589233 0.02523523 -0.009233713 0.006345987 0.02534663 -0.009299993 0.006002962 0.02552407 -0.009299993 0.003315985 0.03032582 -0.009182631 0.003373861 0.03032582 -0.009182631 0.003454267 0.02938216 -0.009723842 0.004913926 0.02572888 -0.009723842 0.0041942 0.02647823 -0.009723842 0.003611624 0.02733862 -0.009723842 0.003183066 0.02828514 -0.009723842 0.002920866 0.02929055 -0.00950706 0.005127966 0.02597266 -0.009723842 0.002832651 0.03032582 -0.009666025 0.002949953 0.03032582 -0.00950706 0.004446387 0.02668231 -0.00950706 0.003894746 0.02749705 -0.00950706 0.003488898 0.02839338 -0.00950706 0.003240644 0.02934545 -0.00950706 0.003157079 0.03032582 -0.009182631 0.005271017 0.02613556 -0.009182631 0.004614949 0.02681863 -0.009182631 0.004083931 0.02760285 -0.009182631 0.003693282 0.02846568 -0.009723842 0.002832651 0.03339999 -0.009666025 0.002949953 0.03339999 -0.00950706 0.003157079 0.03339999 -0.009299993 0.003315985 0.03339999 -0.009182631 0.003373861 0.03339999 -0.009299993 -0.003315985 0.03339999 -0.009182631 -0.003373861 0.03339999 -0.009182631 -0.003258883 0.0342732 -0.009182631 0.003258883 0.0342732 -0.009182631 -0.002385675 0.03578567 -0.009182631 -0.002921819 0.03508692 -0.009182631 -0.00168693 0.03632181 -0.009182631 -8.73224e-4 0.03665888 -0.009182631 0 0.03677386 -0.009182631 8.73224e-4 0.03665888 -0.009182631 0.00168693 0.03632181 -0.009182631 0.002385675 0.03578567 -0.009182631 0.002921819 0.03508692 -0.009666025 -0.002949953 0.03339999 -0.00950706 -0.003157079 0.03339999 -0.00950706 -0.003049492 0.03421711 -0.00950706 -0.002734124 0.0349785 -0.00950706 -0.002232372 0.03563237 -0.00950706 -0.001578509 0.03613412 -0.00950706 -8.17119e-4 0.03644949 -0.00950706 0 0.03655707 -0.00950706 8.17119e-4 0.03644949 -0.00950706 0.001578509 0.03613412 -0.00950706 0.002232372 0.03563237 -0.00950706 0.002734124 0.0349785 -0.00950706 0.003049492 0.03421711 -0.009723842 -0.002832651 0.03339999 -0.009723842 -0.002736151 0.03413313 -0.009723842 -0.002453148 0.03481632 -0.009723842 -0.002002954 0.03540301 -0.009723842 -0.001416325 0.03585314 -0.009723842 -7.33152e-4 0.03613615 -0.009723842 0 0.03623265 -0.009723842 7.33152e-4 0.03613615 -0.009723842 0.001416325 0.03585314 -0.009723842 0.002002954 0.03540301 -0.009723842 0.002453148 0.03481632 -0.009723842 0.002736151 0.03413313 -0.009723842 -0.002832651 0.03032582 -0.009666025 -0.002949953 0.03032582 -0.00950706 -0.003157079 0.03032582 -0.009299993 -0.003315985 0.03032582 -0.009182631 -0.003373861 0.03032582 -0.009666025 -0.005811512 0.0252121 -0.009723842 -0.002920866 0.02929055 -0.009182631 -0.003454267 0.02938216 -0.00950706 -0.003240644 0.02934545 -0.009723842 -0.003183066 0.02828514 -0.009723842 -0.003611624 0.02733862 -0.00950706 -0.003488898 0.02839338 -0.00950706 -0.003894746 0.02749705 -0.009182631 -0.003693282 0.02846568 -0.009182631 -0.004083931 0.02760285 -0.009723842 -0.0041942 0.02647823 -0.00950706 -0.004446387 0.02668231 -0.009182631 -0.004614949 0.02681863 -0.009723842 -0.004913926 0.02572888 -0.00950706 -0.005127966 0.02597266 -0.009182631 -0.005271017 0.02613556 -0.00950706 -0.005919814 0.02538865 -0.009299993 -0.006002962 0.02552407 -0.007749915 -0.007918715 0.02453047 -0.008026361 -0.007848918 0.02454519 -0.009637832 -0.006029665 0.02511692 -0.00826168 -0.007481515 0.0249198 -0.007913708 -0.007620692 0.02488285 -0.008460342 -0.007366001 0.02495288 -0.008743822 -0.007139444 0.02502429 -0.008889436 -0.006982922 0.02507877 -0.009088337 -0.006691336 0.0251919 -0.009175121 -0.006510496 0.02527004 -0.009275853 -0.006174862 0.02543205 -0.008438169 -0.007674753 0.02458405 -0.00867325 -0.007530033 0.02461874 -0.009008765 -0.007245898 0.02469342 -0.009181082 -0.007049262 0.02475023 -0.009416401 -0.006682395 0.02486795 -0.00951904 -0.006454288 0.02494907 0.007299959 -0.008015871 0.02479457 0.009666025 -0.005903542 0.0263893 0.009380459 -0.006799876 0.02571994 0.007873535 -0.007834017 0.02511179 0.007978379 -0.007917761 0.02486991 0.008775293 -0.007506728 0.02518427 0.008546829 -0.00749129 0.02542918 0.009057879 -0.006903827 0.02597051 0.009299993 -0.006162345 0.02664816 0.009182631 -0.005531907 0.02736037 0.009299993 -0.005491018 0.02731943 0.00950706 -0.005378663 0.02720707 0.009666025 -0.005232214 0.02706062 0.009723842 -0.005149245 0.02697765 0.009723842 -0.004471838 0.02815097 0.009723842 -0.004733324 0.02751976 0.009182631 -0.005201995 0.02779036 0.00950706 -0.00501424 0.02768194 0.009723842 -0.004382669 0.02882838 0.009666025 -0.004499971 0.02882838 0.00950706 -0.00478518 0.02823495 0.00950706 -0.004707098 0.02882838 0.009182631 -0.004994571 0.02829104 0.009299993 -0.004866003 0.02882838 0.009182631 -0.00492388 0.02882838 0.009723842 -0.004382669 0.02927684 0.009666025 -0.004499971 0.02927684 0.00950706 -0.004707098 0.02927684 0.009299993 -0.004866003 0.02927684 0.009182631 -0.00492388 0.02927684 0.009723842 -0.004484593 0.03012949 0.009182631 -0.005010545 0.03000193 0.00950706 -0.004799842 0.03005301 0.009723842 -0.004784584 0.03093403 0.00950706 -0.005072951 0.03078544 0.009182631 -0.005265653 0.03068614 0.009723842 0.004784584 0.03093403 0.009723842 0.005185902 0.03195792 0.00950706 0.005072951 0.03078544 0.00950706 0.005498468 0.03187102 0.009182631 0.005265653 0.03068614 0.009182631 0.005707323 0.03181296 0.009182631 0.005910754 0.03300607 0.009182631 0.005867421 0.03421556 0.009182631 0.005579233 0.03539109 0.009182631 0.005058109 0.03648346 0.009182631 0.004325807 0.03744709 0.009182631 0.003412961 0.03824186 0.009182631 0.002357661 0.03883445 0.009182631 0.001203954 0.03920018 0.009182631 0 0.03932386 0.009182631 -0.001203954 0.03920018 0.009182631 -0.002357661 0.03883445 0.009182631 -0.003412961 0.03824186 0.009182631 -0.004325807 0.03744709 0.009182631 -0.005058109 0.03648346 0.009182631 -0.005579233 0.03539109 0.009182631 -0.005867421 0.03421556 0.009182631 -0.005910754 0.03300607 0.009182631 -0.005707323 0.03181296 0.00950706 0.005694448 0.03302049 0.00950706 0.005652725 0.03418576 0.00950706 0.005375027 0.03531819 0.00950706 0.004872977 0.03637063 0.00950706 0.004167497 0.03729903 0.00950706 0.00328809 0.03806465 0.00950706 0.002271413 0.03863561 0.00950706 0.001159906 0.03898799 0.00950706 0 0.03910708 0.00950706 -0.001159906 0.03898799 0.00950706 -0.002271413 0.03863561 0.00950706 -0.00328809 0.03806465 0.00950706 -0.004167497 0.03729903 0.00950706 -0.004872977 0.03637063 0.00950706 -0.005375027 0.03531819 0.00950706 -0.005652725 0.03418576 0.00950706 -0.005694448 0.03302049 0.00950706 -0.005498468 0.03187102 0.009723842 0.005370736 0.03304201 0.009723842 0.005331397 0.03414106 0.009723842 0.005069494 0.03520917 0.009723842 0.004595994 0.03620177 0.009723842 0.003930628 0.03707736 0.009723842 0.00310117 0.03779947 0.009723842 0.00214225 0.03833794 0.009723842 0.001093983 0.0386703 0.009723842 0 0.03878265 0.009723842 -0.001093983 0.0386703 0.009723842 -0.00214225 0.03833794 0.009723842 -0.00310117 0.03779947 0.009723842 -0.003930628 0.03707736 0.009723842 -0.004595994 0.03620177 0.009723842 -0.005069494 0.03520917 0.009723842 -0.005331397 0.03414106 0.009723842 -0.005370736 0.03304201 0.009723842 -0.005185902 0.03195792 0.009723842 0.004484593 0.03012949 0.009723842 0.004382669 0.02927684 0.009666025 0.004499971 0.02927684 0.00950706 0.004799842 0.03005301 0.00950706 0.004707098 0.02927684 0.009182631 0.005010545 0.03000193 0.009299993 0.004866003 0.02927684 0.009182631 0.00492388 0.02927684 0.009723842 0.004382669 0.02882838 0.009666025 0.004499971 0.02882838 0.00950706 0.004707098 0.02882838 0.009299993 0.004866003 0.02882838 0.009182631 0.00492388 0.02882838 0.009723842 0.004733324 0.02751976 0.009723842 0.004471838 0.02815097 0.009182631 0.004994571 0.02829104 0.00950706 0.00478518 0.02823495 0.00950706 0.00501424 0.02768194 0.009182631 0.005201995 0.02779036 0.009723842 0.005149245 0.02697765 0.009666025 0.005232214 0.02706062 0.00950706 0.005378663 0.02720707 0.009299993 0.005491018 0.02731943 0.009182631 0.005531907 0.02736037 0.009299993 0.006162345 0.02664816 0.009666025 0.005903542 0.0263893 0.009008228 0.0069862 0.02589482 0.007947146 0.007811009 0.02513313 0.007299959 0.008015871 0.02479457 0.008065521 0.007890164 0.02489107 0.00928086 0.00629276 0.02652943 0.009643733 0.006061553 0.02627217 0.009321689 0.006899118 0.02564513 0.00875914 0.007519245 0.02517473 0.008533179 0.00750178 0.02541947 -0.007399976 0 0.03589999 -0.007399976 -0.001084685 0.03565239 -0.007399976 -0.001954555 0.03495872 -0.007399976 -0.002437293 0.03395628 -0.007399976 -0.002437293 0.03284364 -0.007399976 -0.001954555 0.03184127 -0.007399976 -0.001084685 0.03114753 -0.007399976 0 0.0309 -0.007399976 0.001084685 0.03114753 -0.007399976 0.001954555 0.03184127 -0.007399976 0.002437293 0.03284364 -0.007399976 0.002437293 0.03395628 -0.007399976 0.001954555 0.03495872 -0.007399976 0.001084685 0.03565239 -0.007399976 0 0.03339999 0.005899965 0 0.0309 0.005899965 -0.001084685 0.03114753 0.005899965 -0.001954555 0.03184127 0.005899965 -0.002437293 0.03284364 0.005899965 -0.002437293 0.03395628 0.005899965 -0.001954555 0.03495872 0.005899965 -0.001084685 0.03565239 0.005899965 0 0.03589999 0.005899965 0.001084685 0.03565239 0.005899965 0.001954555 0.03495872 0.005899965 0.002437293 0.03395628 0.005899965 0.002437293 0.03284364 0.005899965 0.001954555 0.03184127 0.005899965 0.001084685 0.03114753 0.005899965 0 0.03339999</float_array>
          <technique_common>
            <accessor source="#link_5_3-mesh-positions-array" count="1453" stride="3">
              <param name="X" type="float"/>
              <param name="Y" type="float"/>
              <param name="Z" type="float"/>
            </accessor>
          </technique_common>
        </source>
        <source id="link_5_3-mesh-normals">
          <float_array id="link_5_3-mesh-normals-array" count="7878">1 1.58219e-6 0 1 -4.02831e-7 0 1 0 0 1 -3.5484e-7 0 1 2.39717e-7 0 1 -1.33757e-7 0 1 -1.61848e-6 0 1 -2.23236e-6 0 1 4.56572e-6 0 1 -1.87866e-6 0 1 3.7497e-7 0 1 -3.71352e-7 0 1 -2.45e-6 0 1 0 0 1 0 0 1 1.67577e-6 0 1 1.94661e-7 0 1 -6.47845e-7 0 1 -3.62064e-7 0 1 1.88269e-6 0 1 -9.13726e-7 0 0 1 0 0 1 1.42192e-7 0 1 0 0 0 -1 0.1552009 -0.987883 0 0.01090943 -0.999901 0.008889794 0.07606846 -0.9970903 0.004959821 0.195534 -0.9806965 9.40445e-4 0.3168563 -0.9484736 -4.36383e-4 0.432249 -0.9017314 0.006427228 0.5291004 -0.8485593 -7.8557e-5 0.3458674 -0.9382835 1.92646e-5 0.5718967 -0.8203257 -1.48778e-4 0.6783035 -0.7347819 2.7601e-5 0.6843711 -0.7291339 8.75787e-5 0.8227032 -0.5684708 -7.79149e-4 0.7685786 -0.6397376 0.004800617 0.8873982 -0.4610032 -7.27868e-4 0.977149 -0.2125498 0.001634776 0.9602222 -0.2791846 0.005419254 0.9948264 -0.10159 0 0.9993609 0.03574687 0 0.9947887 0.101957 -6.95347e-4 0.9730588 0.2305497 0.001865983 0.9593548 0.2822025 3.29556e-4 0.9068719 0.4214063 -1.91393e-4 0.8873223 0.461149 -9.5137e-4 0.806864 0.5907349 0.001731693 0.7659287 0.6429256 -3.9854e-4 0.6809628 0.732318 1.06435e-4 0.6783379 0.7347502 7.49282e-5 0.5717732 0.8204118 -3.18631e-4 0.5066145 0.8621685 0.002713322 0.4272739 0.9041222 4.94215e-4 0.3169263 0.9484501 -3.59291e-4 0.002199411 0.9999976 0 0.1756024 0.9844612 1.52049e-4 0.07795912 0.9969328 0.006897628 0.1965195 0.980498 0.00197643 0 -1 0 0 -1 3.63434e-7 0 -1 -1.42192e-7 -1 -3.69185e-7 0 -1 0 0 -1 1.91526e-6 0 -1 -1.27693e-6 0 -1 1.10181e-6 0 -1 -1.49041e-6 0 -1 -3.67178e-7 0 -1 2.07559e-7 0 -1 -3.37656e-7 0 -1 1.5497e-7 0 -1 6.3358e-7 0 -1 -1.51673e-6 0 -1 9.53438e-7 0 -1 -6.74187e-7 0 -0.5497637 -0.8353176 -0.002067267 -0.6751073 -0.7377194 6.53013e-4 -0.7657399 -0.64315 -7.71705e-4 -0.7821789 -0.623054 -2.55535e-4 -0.8877755 -0.4602766 4.37432e-4 -0.8702334 -0.4926391 -7.81531e-4 -0.9594143 -0.2819999 6.84321e-4 -0.9361257 -0.3516629 -0.001392185 -0.9949322 -0.100528 0.001995086 -0.9798136 -0.1999037 -0.00196141 -0.998727 -0.05044358 0 -0.3180025 -0.9480895 8.3314e-4 -0.002049922 -0.9999979 0 -0.0989139 -0.9950961 5.92125e-5 -0.07180678 -0.9974182 9.03321e-4 -0.194393 -0.9809238 -2.5819e-4 -0.6805876 -0.7326576 0.003689825 -0.5716621 -0.8204891 -4.68959e-4 -0.4409849 -0.8975146 2.21169e-4 -0.426851 -0.904322 -5.2629e-6 -0.3504543 -0.9365798 3.79006e-6 -0.2578517 -0.966184 -0.001001954 -0.3376038 0.9412884 5.26761e-6 -0.2276872 0.9737329 -0.001652002 -0.3187032 0.9478533 0.001607954 -0.1944708 0.9809083 -1.77054e-4 -0.08155584 0.9966689 0 -0.00451523 0.9999878 0.00201112 -0.07123368 0.9974597 3.1236e-4 -0.6774544 0.7355645 6.67189e-4 -0.5396261 0.8419019 -0.002242505 -0.6811793 0.732102 0.004648327 -0.4288299 0.9033852 -5.49165e-6 -0.4268801 0.9043083 2.74036e-5 -0.5719575 0.8202834 -6.32562e-5 -0.8910686 0.4538687 -2.84291e-4 -0.8029513 0.596043 -0.001467049 -0.7664803 0.6422675 6.77863e-4 -0.8874746 0.4608563 -4.76019e-4 -0.994867 0.1011918 0 -0.9621738 0.2723984 -0.004567503 -0.9315512 0.3636102 2.72879e-5 -0.9592661 0.2825043 -1.72052e-4 -0.9950064 0.09975117 0.003471732 0 0.9961947 -0.08715635 0 0.9961948 -0.08715498 0 0.9784256 -0.2065998 0 0.9784259 -0.2065982 0 0.9566967 -0.2910869 0 0.9566961 -0.2910889 0 0.9146344 -0.4042823 0 0.9146345 -0.4042816 0 0.8759178 -0.4824604 0 0.875919 -0.4824582 0 0.8191518 -0.5735769 0 0.8191524 -0.5735759 0 0.7573444 -0.6530159 0 0.7573443 -0.6530159 0 0.6975503 -0.7165359 0 0.6060947 -0.7953925 0 0.6060953 -0.7953922 0 0.5344661 -0.84519 0 0.4286924 -0.9034506 0 0.4286924 -0.9034506 0 0.3483211 -0.9373753 0 0.2588193 -0.9659258 0 0.1471447 -0.989115 0 0.1471449 -0.989115 0 0.06037873 -0.9981756 0 0.06037873 -0.9981756 0 -0.06037873 -0.9981756 0 -0.06037873 -0.9981756 0 -0.1471449 -0.989115 0 -0.1471447 -0.989115 0 -0.2588193 -0.9659258 0 -0.3483211 -0.9373753 0 -0.4286924 -0.9034506 0 -0.4286924 -0.9034506 0 -0.5344661 -0.84519 0 -0.6060953 -0.7953922 0 -0.6060947 -0.7953925 0 -0.6975503 -0.7165359 0 -0.7573444 -0.6530159 0 -0.7573443 -0.6530159 0 -0.8191524 -0.5735759 0 -0.8191518 -0.5735769 0 -0.875919 -0.4824582 0 -0.8759178 -0.4824604 0 -0.9146345 -0.4042816 0 -0.9146344 -0.4042823 0 -0.9566961 -0.2910889 0 -0.9566967 -0.2910869 0 -0.9784259 -0.2065982 0 -0.9784256 -0.2065998 0 -0.9961948 -0.08715498 0 -0.9961947 -0.08715635 -1 7.85233e-7 0 -1 2.63079e-6 0 -1 3.90387e-7 0 -1 -3.99303e-7 0 -1 1.97667e-7 0 -1 -7.83144e-7 0 -1 0 0 -1 7.89757e-7 0 -1 -7.85233e-7 0 -1 5.81413e-7 0 -1 -5.67638e-7 0 -1 0 0 -1 2.35982e-7 0 -1 0 0 -1 -1.28447e-7 0 -1 -3.70754e-7 0 -1 -1.31539e-6 0 -1 -3.84312e-7 0 -1 4.07382e-7 0 1 3.95335e-7 0 1 -1.94532e-7 0 1 1.9782e-7 0 1 -2.03691e-7 0 1 2.35982e-7 0 1 -1.87834e-7 0 1 -2.93679e-7 0 1 3.92616e-7 0 1 -2.17198e-6 0 1 2.09882e-7 0 1 2.01705e-7 0 1 -2.01705e-7 0 1 2.68375e-7 0 1 2.96159e-7 0 1 2.93679e-7 0 1 0 0 1 -1.9782e-7 0 1 0 0 1 1.94532e-7 0 1 -1.97667e-7 0 0 0.1122845 -0.9936762 0.01923292 0.1564055 -0.9875057 0 0.2663474 -0.9638771 0 0.3728911 -0.9278751 0.02323973 0.4538682 -0.8907658 0 0.5134526 -0.858118 0 0.6065585 -0.7950389 0.0045107 0.645631 -0.7636362 -7.39194e-4 0.9280851 -0.3723676 5.83678e-4 0.9297717 -0.3681364 -5.15814e-4 0.8780654 -0.4785405 -0.01485586 0.8490144 -0.5281609 0.01363497 0.8982214 -0.439332 -0.01500666 0.8371399 -0.546783 0.001619637 0.8660035 -0.5000355 -4.93685e-4 0.8179903 -0.575232 1.69347e-6 0.8213067 -0.5704869 -3.02155e-6 0.7856518 -0.618669 -7.74907e-5 0.7853615 -0.6190374 8.81371e-5 0.731193 -0.6821706 9.55187e-5 0.7312225 -0.682139 -1.08635e-4 0.6637549 -0.7479501 0 0.9999992 -0.001240789 -3.38237e-4 0.9974045 -0.07200157 0.01926237 0.9997568 -0.01074099 -0.03741288 0.9809136 -0.1908112 1.22789e-4 0.9535063 -0.3013734 0.003522694 0.9740634 -0.2262483 -0.02036118 0.9579164 -0.2863247 0.02421391 0.9910787 -0.1310603 0.05330526 0.996152 -0.06956839 0 -0.9999992 -0.001240789 0.02523636 -0.9909889 -0.131546 -0.02088594 -0.9575124 -0.287635 0.05479323 -0.9960209 -0.07028603 -0.04766929 -0.9776198 -0.2049075 0.03034955 -0.9994071 -0.01626211 -0.0059399 -0.9946768 -0.1028729 -8.28137e-5 -0.9998273 -0.01858758 -0.03769683 -0.8777498 -0.4776341 0.02686274 -0.9254114 -0.3780109 -0.01831138 -0.8414668 -0.5399986 0.003522753 -0.9740633 -0.2262482 1.22789e-4 -0.9535041 -0.3013804 -1.28668e-4 -0.9466481 -0.322269 -0.003478467 -0.9205334 -0.3906486 0.0045107 -0.645631 -0.7636362 0.02150827 -0.8967873 -0.4419389 0.001619577 -0.8660036 -0.5000354 -4.94191e-4 -0.8179723 -0.5752575 4.11439e-6 -0.8213091 -0.5704835 -5.36422e-6 -0.7919298 -0.6106122 -0.001226544 -0.7855263 -0.6188271 0.001871168 -0.7380394 -0.674755 9.55663e-5 -0.7312232 -0.6821384 -1.08635e-4 -0.6637554 -0.7479497 0 -0.6065585 -0.7950389 0 -0.5134526 -0.858118 0.02323973 -0.4538682 -0.8907658 0 -0.1122845 -0.9936762 0.01923304 -0.1564055 -0.9875057 0 -0.2663474 -0.9638771 0 -0.3728911 -0.9278751 0.02941477 0.9763649 -0.2141177 0.05327999 0.9607065 -0.2724048 -0.0560286 0.9977337 -0.03726106 -0.04372787 0.9969515 -0.06461834 -0.02277791 0.9912025 -0.1303793 0.003590524 0.9945572 -0.1041311 5.00631e-5 0.9998267 -0.01861506 0 0.9999994 -0.001160621 -0.018579 0.89733 -0.4409691 0.01803499 0.8203111 -0.5716332 -0.02628064 0.9255163 -0.3777951 0.04140031 0.8444122 -0.5340918 0.02227103 0.8756164 -0.4824936 -0.002103984 0.9742153 -0.225611 -7.33965e-5 0.9535053 -0.3013761 7.68311e-5 0.9466356 -0.3223061 0.002075076 0.9203067 -0.3911921 -0.002727568 0.645635 -0.7636414 -0.004170894 0.865569 -0.5007723 -2.32371e-6 0.8213098 -0.5704825 3.19787e-6 0.791929 -0.6106132 7.32363e-4 0.7854547 -0.6189188 -0.00112009 0.7380828 -0.6747093 -5.7152e-5 0.7312272 -0.682134 6.53782e-5 0.6637534 -0.7479516 0 0.6065587 -0.7950388 0 0.5134525 -0.8581181 -0.01405459 0.4539458 -0.8909185 0 0.1122845 -0.9936762 -0.01163053 0.1564236 -0.9876216 0 0.2663468 -0.9638773 0 0.372892 -0.9278748 0 -0.1122845 -0.9936762 -0.01163035 -0.1564236 -0.9876216 0 -0.2663468 -0.9638773 0 -0.372892 -0.9278748 -0.01405459 -0.4539458 -0.8909185 -5.25324e-5 -0.7311945 -0.6821691 4.62731e-5 -0.785357 -0.6190433 1.74676e-6 -0.7856504 -0.6186708 0 -0.5134525 -0.8581181 0 -0.6065587 -0.7950388 -0.002727568 -0.645635 -0.7636414 6.53782e-5 -0.6637534 -0.7479516 -5.7152e-5 -0.7312272 -0.682134 0.01869595 -0.880957 -0.4728271 0.03696125 -0.8519909 -0.5222504 -0.01906788 -0.9267833 -0.3751122 0.01217925 -0.8367424 -0.5474612 -0.01287841 -0.8983554 -0.4390807 0.01394981 -0.8198094 -0.5724666 -0.004163026 -0.86557 -0.5007706 -9.31151e-7 -0.8213102 -0.5704819 0 -0.9999994 -0.001160621 4.41371e-4 -0.9280371 -0.3724876 -7.33965e-5 -0.9535053 -0.3013761 -0.002103984 -0.9742153 -0.2256109 2.04589e-4 -0.9973993 -0.07207357 0.02320373 -0.9799166 -0.1980531 -0.0434935 -0.9986229 -0.02933639 0.0517646 -0.961033 -0.2715439 -0.04372787 -0.9969516 -0.06461799 -0.02277785 -0.9912026 -0.1303793 -0.2272624 0.7335421 -0.6405216 -0.09257674 0.9954541 0.02237826 -0.1306298 0.990626 -0.03995013 -0.1943726 0.9809278 -2.83429e-4 -0.005157709 0.9991415 -0.04110777 -0.04095244 0.9941636 -0.09980827 -0.02735239 0.9941741 -0.1042585 -0.07831633 0.9789165 -0.1886507 -0.05287694 0.9789764 -0.1970007 -0.09031158 0.9607884 -0.2621631 -0.1351417 0.9462038 -0.2939983 -0.1026114 0.9396157 -0.3264861 -0.1334314 0.9132041 -0.3850381 -0.1282877 0.9157281 -0.3807684 -0.161878 0.8806695 -0.4452154 -0.1490106 0.8828477 -0.445394 -0.1813424 0.8356097 -0.5185282 -0.2168237 0.8130674 -0.540286 -0.1989484 0.7975923 -0.5694437 -0.2217997 0.7368504 -0.6386364 -0.1947208 0.6598955 -0.7256872 -0.2382493 0.6807119 -0.6927254 -0.4410254 0.6178284 -0.6509875 -0.6059217 0.5688415 -0.556128 -8.94825e-4 0.9999991 -0.001104474 -0.01974505 0.9993013 -0.03173768 -0.05058217 0.9986471 -0.01206326 -0.0845738 0.9941075 -0.06780606 -0.1127229 0.9921184 -0.0547232 -0.1585419 0.9786353 -0.1309098 -0.2159452 0.9709699 -0.1028838 -0.2759829 0.9385696 -0.2071736 -0.3375825 0.9230942 -0.1842148 -0.3660672 0.8997915 -0.237424 -0.3844056 0.8881741 -0.2517521 -0.4067553 0.8643031 -0.2958549 -0.4674478 0.8379876 -0.2815483 -0.5088069 0.774609 -0.3756281 -0.5698448 0.7359994 -0.3654886 -0.5959885 0.6688619 -0.4443213 -0.642477 0.6225233 -0.4468649 -0.6533823 0.5691689 -0.4991376 -0.7909686 0.4397959 -0.4253801 -0.2424635 0.9668119 -0.08053779 -0.2424061 0.9668182 -0.08063441 -0.3922556 0.9189705 -0.04035931 -0.427924 0.8978753 -0.1034452 -0.5486816 0.8354441 -0.03133481 -0.5714846 0.8173746 -0.07282978 -0.6088041 0.7866921 -0.102339 -0.6215789 0.7727702 -0.1283199 -0.7231811 0.6863929 -0.07664263 -0.758032 0.6332571 -0.1561191 -0.8427815 0.5264375 -0.1121736 -0.8624315 0.4764484 -0.1709066 -0.9156755 0.3702056 -0.1564807 -0.9253492 0.3168048 -0.2082394 -0.9651578 0.1927686 -0.1769484 -0.3109403 0.3544081 -0.8818793 -0.1949033 0.26124 -0.9453923 -0.1939037 0.1101538 -0.9748167 -0.1939032 0.1101537 -0.9748169 -0.4400314 0.1008294 -0.8923037 -0.5538781 0.1089496 -0.8254387 -0.1950384 0.5949105 -0.7797703 -0.2444365 0.5172141 -0.8202075 -0.4400318 0.4789776 -0.7595739 -0.5538796 0.4308491 -0.712451 -0.6063316 0.4241626 -0.6726427 -0.8298351 0.2976397 -0.4720005 -0.7898057 0.3050383 -0.5321265 -0.9792643 0.1348688 -0.1511687 -0.965513 0.1388723 -0.2202254 -0.1943455 0.5036627 -0.8417565 -0.1939032 0.3249045 -0.9256558 -0.5531359 0.2759111 -0.7860749 -0.5531323 0.2759149 -0.7860762 -0.8298361 0.1848078 -0.5265153 -0.829836 0.184806 -0.5265159 -0.9805469 0.06500852 -0.1852074 -0.980547 0.06500762 -0.1852073 -0.60633 0.08929008 -0.7901844 -0.7914831 0.06862699 -0.607326 -0.8305997 0.07926982 -0.551199 -0.8957558 0.04991549 -0.4417354 -0.980547 0.02203875 -0.1950435 -0.9805468 0.02204173 -0.1950441 -0.1950898 0 -0.9807854 -0.442287 0 -0.8968735 -0.4422907 0 -0.8968718 -0.6087609 0 -0.7933537 -0.6087624 0 -0.7933527 -0.7933524 0 -0.6087628 -0.7933531 0 -0.6087617 -0.8968728 0 -0.4422885 -0.8968746 0 -0.4422849 -0.9807851 0 -0.195091 -0.1950391 -0.5949096 -0.7797707 -0.1946571 -0.3657584 -0.9101261 -0.1943449 -0.5036635 -0.8417561 -0.1939038 -0.1101535 -0.9748167 -0.1939024 -0.1101533 -0.974817 -0.4400314 -0.1008294 -0.8923037 -0.5538781 -0.1089497 -0.8254387 -0.2444373 -0.5172148 -0.8202069 -0.4400337 -0.4789794 -0.7595718 -0.5538802 -0.4308485 -0.7124509 -0.8305999 -0.07926982 -0.551199 -0.7914831 -0.06862699 -0.607326 -0.60633 -0.08929008 -0.7901844 -0.980547 -0.02204036 -0.1950438 -0.9805469 -0.02204 -0.1950438 -0.8957558 -0.04991549 -0.4417354 -0.1949033 -0.2612397 -0.9453923 -0.26668 -0.3191964 -0.9093929 -0.5531345 -0.2759125 -0.7860755 -0.5531333 -0.275914 -0.7860757 -0.829837 -0.1848065 -0.5265142 -0.8298351 -0.1848075 -0.5265169 -0.9805469 -0.0650084 -0.1852074 -0.980547 -0.06500762 -0.1852073 -0.6063316 -0.4241626 -0.6726427 -0.7914808 -0.3260084 -0.516988 -0.8305994 -0.282621 -0.4798232 -0.9659216 -0.1592972 -0.20401 -0.9805467 -0.1047009 -0.1660305 -0.3922556 -0.9189705 -0.04035931 -8.94825e-4 -0.9999991 -0.001104474 -0.02197939 -0.9991171 -0.03580749 -0.05043983 -0.9986574 -0.0118032 -0.08861309 -0.9932796 -0.07445436 -0.1105209 -0.99256 -0.051086 -0.005157709 -0.9991415 -0.04110777 -0.03912007 -0.9945341 -0.096807 -0.0283423 -0.9939725 -0.1059024 -0.2423742 -0.9668257 -0.08063948 -0.09257674 -0.9954541 0.02237826 -0.1404894 -0.9884823 -0.05626279 -0.1889414 -0.9819507 0.008604943 -0.2424781 -0.9668052 -0.0805729 -0.1662183 -0.9755499 -0.1437841 -0.2119629 -0.9725407 -0.09610587 -0.07512027 -0.980167 -0.1833839 -0.1512231 -0.9401851 -0.3052597 -0.09031158 -0.9607884 -0.2621631 -0.05447584 -0.9783222 -0.1997954 -0.5956671 -0.7942377 -0.1198635 -0.5854064 -0.8087 -0.0574764 -0.376858 -0.8895859 -0.2580993 -0.3741063 -0.897919 -0.2319181 -0.6482083 -0.7381796 -0.1868605 -0.7001463 -0.7133119 -0.0313251 -0.4196853 -0.8485916 -0.3221128 -0.4574292 -0.8502991 -0.2602882 -0.4522302 -0.8794102 -0.148747 -0.5310649 -0.8473308 -8.4897e-4 -0.2868378 -0.9308164 -0.2265062 -0.3302581 -0.9283044 -0.1708231 -0.09700083 -0.9438673 -0.3157618 -0.1305439 -0.9159042 -0.3795758 -0.1310057 -0.9131361 -0.3860312 -0.1593039 -0.8835998 -0.440311 -0.2420146 -0.7957481 -0.5551702 -0.1813424 -0.8356097 -0.5185282 -0.1507794 -0.8805055 -0.4494172 -0.6057765 -0.6352691 -0.4790283 -0.6342475 -0.652593 -0.4145509 -0.9301505 -0.2420109 -0.2761358 -0.8984693 -0.4282494 -0.09672302 -0.8787384 -0.4128037 -0.2396077 -0.9577162 -0.2619469 -0.1190109 -0.7909686 -0.4397959 -0.4253801 -0.6533823 -0.5691689 -0.4991376 -0.6059217 -0.5688415 -0.556128 -0.4410254 -0.6178284 -0.6509875 -0.7816104 -0.5826246 -0.2227869 -0.8202381 -0.5690672 -0.0580691 -0.5215215 -0.7497852 -0.4072317 -0.5596141 -0.7566497 -0.3381025 -0.1927284 -0.8121715 -0.5506664 -0.2229288 -0.7335267 -0.6420603 -0.2265689 -0.7365473 -0.6373105 -0.2382493 -0.6807119 -0.6927254 -0.1947208 -0.6598955 -0.7256872 0.2272601 -0.7335433 -0.6405209 0.09274971 -0.9954447 0.02208125 0.1306325 -0.9906256 -0.03995013 0.194374 -0.9809274 -2.83429e-4 0.005126655 -0.9991443 -0.04104286 0.04095518 -0.9941635 -0.09980827 0.02735257 -0.9941741 -0.1042587 0.07831633 -0.9789165 -0.1886507 0.0528773 -0.9789764 -0.1970007 0.09031563 -0.9607877 -0.2621647 0.1351425 -0.9462033 -0.294 0.1026098 -0.9396165 -0.3264846 0.1334295 -0.9132044 -0.3850383 0.1282873 -0.9157281 -0.3807684 0.1618803 -0.8806692 -0.4452152 0.1490097 -0.8828483 -0.445393 0.1813392 -0.835611 -0.5185272 0.2168254 -0.813067 -0.5402858 0.1989471 -0.7975925 -0.5694438 0.2218013 -0.7368491 -0.6386374 0.1947183 -0.6598958 -0.7256875 0.2382496 -0.680711 -0.6927263 0.4410248 -0.6178286 -0.6509877 0.6059228 -0.5688394 -0.5561289 0.002212464 -0.9999976 -6.90558e-5 0.02109807 -0.9993097 -0.03058218 0.05065083 -0.9986421 -0.01219356 0.08457201 -0.9941077 -0.06780463 0.1127222 -0.9921185 -0.05472385 0.1585448 -0.9786349 -0.1309098 0.215944 -0.9709703 -0.1028835 0.2759845 -0.9385688 -0.2071748 0.337585 -0.9230933 -0.1842153 0.3660681 -0.8997908 -0.2374258 0.3844049 -0.8881738 -0.2517541 0.4067573 -0.8643024 -0.2958546 0.4674485 -0.8379871 -0.2815485 0.5088069 -0.774609 -0.3756281 0.5698425 -0.7360011 -0.3654887 0.5959885 -0.6688619 -0.4443213 0.6424773 -0.6225231 -0.4468647 0.6533808 -0.5691707 -0.4991377 0.7909712 -0.4397943 -0.4253771 0.2424635 -0.9668119 -0.08053779 0.2424079 -0.9668177 -0.08063441 0.3922548 -0.9189708 -0.04035931 0.4279217 -0.8978765 -0.1034446 0.5486803 -0.8354449 -0.03133481 0.5714856 -0.8173739 -0.07283037 0.6088108 -0.786687 -0.1023383 0.6215775 -0.7727713 -0.1283201 0.7231797 -0.6863943 -0.07664239 0.7580344 -0.6332544 -0.1561184 0.8427805 -0.5264392 -0.1121733 0.8624328 -0.4764458 -0.1709064 0.9156758 -0.3702049 -0.1564804 0.9253482 -0.3168067 -0.2082408 0.9651581 -0.1927679 -0.1769477 0.3109433 -0.3544077 -0.8818783 0.1949046 -0.2612388 -0.9453923 0.1938977 -0.1101534 -0.9748179 0.1939052 -0.1101531 -0.9748165 0.4400364 -0.1008298 -0.8923012 0.5538765 -0.1089508 -0.8254396 0.1950408 -0.5949102 -0.7797698 0.2444375 -0.5172141 -0.8202074 0.4400318 -0.4789776 -0.7595739 0.5538784 -0.4308504 -0.7124513 0.6063295 -0.4241634 -0.672644 0.8298355 -0.2976394 -0.472 0.7898071 -0.3050374 -0.5321251 0.9792641 -0.1348693 -0.1511693 0.9655132 -0.138872 -0.220225 0.1943461 -0.5036626 -0.8417562 0.1939051 -0.3249053 -0.9256551 0.5531315 -0.275912 -0.7860777 0.5531349 -0.2759133 -0.7860749 0.8298361 -0.1848078 -0.5265153 0.829837 -0.1848055 -0.5265145 0.9805467 -0.06500869 -0.1852079 0.9805471 -0.06500756 -0.1852071 0.6063279 -0.08929026 -0.7901859 0.7914842 -0.06862843 -0.6073244 0.8305991 -0.07926994 -0.5512001 0.8957558 -0.04991549 -0.4417354 0.980547 -0.02203875 -0.1950435 0.980547 -0.02204036 -0.1950436 0.9807853 0 -0.1950905 0.9807851 0 -0.195091 0.8968728 0 -0.4422885 0.8968746 0 -0.4422849 0.7933531 0 -0.6087617 0.7933515 0 -0.6087639 0.6087624 0 -0.7933527 0.4422834 0 -0.8968753 0.4422907 0 -0.8968718 0.1950883 0 -0.9807857 0.1950913 0 -0.9807852 0.195041 0.5949094 -0.7797705 0.1946593 0.3657597 -0.9101251 0.1943449 0.5036635 -0.8417561 0.1939018 0.1101535 -0.974817 0.1939016 0.1101531 -0.9748172 0.4400364 0.1008298 -0.8923012 0.5538765 0.1089509 -0.8254396 0.2444373 0.5172148 -0.8202069 0.4400315 0.47898 -0.7595728 0.5538783 0.4308508 -0.7124511 0.8305991 0.07927054 -0.5511999 0.7914842 0.06862843 -0.6073244 0.6063279 0.08929026 -0.7901859 0.9805468 0.02203911 -0.1950442 0.9805471 0.02203994 -0.1950429 0.8957558 0.04991549 -0.4417354 0.1949046 0.2612391 -0.9453923 0.2666819 0.3191962 -0.9093924 0.5531332 0.2759118 -0.7860766 0.5531345 0.2759127 -0.7860754 0.8298355 0.1848075 -0.5265161 0.8298376 0.1848062 -0.5265134 0.9805467 0.06500869 -0.1852083 0.9805471 0.06500732 -0.1852064 0.6063295 0.4241634 -0.672644 0.7914825 0.3260068 -0.5169866 0.8306 0.2826205 -0.4798222 0.9659214 0.1592977 -0.2040105 0.9805468 0.1047007 -0.1660301 0.3922548 0.9189708 -0.04035931 0.002212464 0.9999976 -6.90558e-5 0.02329671 0.9991379 -0.03436261 0.05051082 0.9986521 -0.0119521 0.08861231 0.9932795 -0.07445597 0.1105176 0.9925604 -0.05108541 0.005126655 0.9991443 -0.04104286 0.03911823 0.994534 -0.09680908 0.02834433 0.9939724 -0.1059038 0.2423766 0.9668253 -0.08063858 0.09274971 0.9954447 0.02208125 0.1404894 0.9884823 -0.05626279 0.1889443 0.9819502 0.008604943 0.2424781 0.9668051 -0.08057391 0.1662155 0.9755504 -0.1437842 0.2119647 0.9725403 -0.09610551 0.07512319 0.9801669 -0.1833838 0.1512197 0.9401854 -0.3052609 0.09031563 0.9607877 -0.2621647 0.05447429 0.9783223 -0.1997954 0.5956606 0.7942426 -0.1198636 0.5854167 0.8086927 -0.0574764 0.3768617 0.8895835 -0.2581018 0.3741048 0.8979195 -0.2319182 0.6482069 0.7381808 -0.1868608 0.700146 0.7133123 -0.03132498 0.4196844 0.8485922 -0.3221122 0.45743 0.8502987 -0.2602884 0.452229 0.8794107 -0.1487476 0.5310623 0.8473324 -8.48964e-4 0.2868452 0.9308139 -0.2265071 0.3302568 0.9283049 -0.1708238 0.09700268 0.9438675 -0.3157604 0.1305439 0.9159042 -0.3795758 0.1310025 0.9131365 -0.3860313 0.1593061 0.8835994 -0.4403108 0.2420146 0.7957481 -0.5551702 0.1813392 0.835611 -0.5185272 0.150778 0.8805065 -0.4494158 0.6057738 0.6352708 -0.4790296 0.6342484 0.6525925 -0.4145505 0.9301507 0.2420105 -0.2761353 0.8984705 0.428247 -0.09672296 0.8787393 0.4128025 -0.239607 0.9577159 0.2619476 -0.1190113 0.7909712 0.4397943 -0.4253771 0.6533808 0.5691707 -0.4991377 0.6059228 0.5688394 -0.5561289 0.4410248 0.6178286 -0.6509877 0.7816106 0.5826247 -0.2227858 0.8202379 0.5690677 -0.0580691 0.5215194 0.7497867 -0.4072315 0.5596143 0.7566493 -0.3381031 0.1927282 0.8121718 -0.550666 0.2229285 0.7335277 -0.6420593 0.2265674 0.7365471 -0.6373112 0.2382496 0.680711 -0.6927263 0.1947183 0.6598958 -0.7256875 0 0.2225208 -0.974928 0 0.6234898 -0.7818316 0 0.6234897 -0.7818316 0 0.900969 -0.4338835 0 0.9009688 -0.433884 0 0.9009688 0.433884 0 0.900969 0.4338835 0 0.6234897 0.7818316 0 0.6234898 0.7818316 0 0.2225208 0.974928 0 -0.2225208 0.974928 0 -0.6234898 0.7818316 0 -0.6234897 0.7818316 0 -0.900969 0.4338835 0 -0.9009688 0.433884 0 -0.9009688 -0.433884 0 -0.900969 -0.4338835 0 -0.6234897 -0.7818316 0 -0.6234898 -0.7818316 0 -0.2225208 -0.974928 0.8866777 0.4623881 1.84198e-5 0.9922304 0.1244148 0 0.9190337 0.3941774 -0.001070141 0.950793 0.3098095 -0.003316462 0.8968676 0.4422866 0.003319799 0.9807812 0.1950874 -0.003022909 0.5279155 0.8492971 5.09762e-6 0.5687417 0.822516 -4.59194e-4 0.6779848 0.735072 -0.002436935 0.8193882 0.5732393 -3.54057e-5 0.7933513 0.608763 -0.001193583 0.6087604 0.7933505 0.002451121 0.002330541 0.9999973 0 0.03398329 0.9994224 -1.80993e-5 0.1909874 0.9815917 -0.001286506 0.4113613 0.9114725 -1.60034e-5 0.4422891 0.8968722 8.96535e-4 0.195091 0.9807841 -0.001468956 0.1948199 -0.9383652 -0.2855101 0.194481 0.4205074 -0.8862001 0.1948829 0.5944742 -0.7801418 0.8962017 0.4419586 -0.03866636 0.9806428 -0.1950605 -0.01706576 0.9806425 0.1950618 -0.01706558 0.9806424 0.1950623 -0.01706582 0.9806426 0.1891344 -0.05067861 0.9806424 0.1891354 -0.05067849 0.9806427 0.1774602 -0.08275157 0.9806423 0.1774623 -0.08275139 0.9806426 0.1603956 -0.1123104 0.9806423 0.1603964 -0.1123101 0.6072998 0.7914496 -0.06924307 0.792229 0.6079019 -0.05318433 0.8311356 0.5518377 -0.06847494 0.8304888 0.5380552 -0.1441708 0.8304892 0.5380545 -0.1441714 0.8304889 0.5048453 -0.2354134 0.8304893 0.5048449 -0.235413 0.8304891 0.4562966 -0.3195019 0.830489 0.4562965 -0.3195021 0.9806423 -0.1950631 -0.01706564 0.8962017 -0.4419586 -0.03866636 0.8311358 -0.5518373 -0.06847524 0.554764 0.8270035 -0.09111601 0.5541067 0.8040807 -0.2154532 0.5541061 0.8040813 -0.2154523 0.5541063 0.7544521 -0.3518073 0.554105 0.7544533 -0.3518067 0.5541058 0.6818997 -0.477472 0.5541071 0.6818996 -0.4774707 0.9806426 0.01706612 -0.1950618 0.9806426 0.01706564 -0.1950618 0.8304892 0.04854911 -0.5549152 0.830489 0.04854863 -0.5549153 0.5541068 0.07255214 -0.8292781 0.5541063 0.07255244 -0.8292783 0.9806426 -0.0170654 -0.1950612 0.9806424 -0.01706635 -0.1950622 0.8304892 -0.04854881 -0.5549151 0.8304889 -0.04854863 -0.5549155 0.5541068 -0.07255256 -0.829278 0.5541059 -0.0725522 -0.8292785 0.9806425 -0.0506792 -0.1891347 0.9806426 -0.05067831 -0.1891347 0.8304893 -0.1441709 -0.5380543 0.830489 -0.1441714 -0.5380545 0.5541051 -0.2154527 -0.8040819 0.5541068 -0.2154533 -0.8040806 0.9806427 -0.1123089 -0.1603956 0.9806424 -0.1123114 -0.1603956 0.8304892 -0.319502 -0.456296 0.8304896 -0.3195012 -0.456296 0.5541056 -0.4774724 -0.6818996 0.5541066 -0.4774707 -0.6819001 0.9806427 -0.1384552 -0.1384564 0.9806423 -0.1384575 -0.1384565 0.8304891 -0.3938835 -0.3938829 0.8304895 -0.3938826 -0.3938829 0.5541065 -0.5886281 -0.5886281 0.5541066 -0.5886284 -0.5886277 0.9806426 -0.1603956 -0.1123102 0.9806424 -0.160396 -0.1123102 0.8304894 -0.4562955 -0.3195024 0.8304889 -0.4562969 -0.3195018 0.5541068 -0.6818999 -0.4774706 0.5541061 -0.6818997 -0.4774718 0.1943761 0.9771943 -0.08549368 0.1943766 0.9771943 -0.08549338 0.4409351 0.8941237 -0.07822471 0.1950722 0.7427935 -0.6404723 0.1943759 0.8035288 -0.5626363 0.1943758 0.8035287 -0.5626365 0.1950522 0.8590942 -0.4731932 0.2297284 0.8820682 -0.4113156 0.1946678 0.8971372 -0.3965468 0.1943764 0.9475024 -0.253884 0.269178 0.9213852 -0.2803434 0.1949846 0.9596464 -0.2026324 0.1945785 0.6842183 -0.7028403 0.2203782 0.6897219 -0.6897225 0.5541056 0.5886288 -0.5886282 0.5541073 0.5886275 -0.5886279 0.8304897 0.3938826 -0.3938826 0.8304893 0.3938829 -0.3938832 0.9806424 0.1384569 -0.1384567 0.9806426 0.138456 -0.1384562 0.1949375 0.524213 -0.8289754 0.2436352 0.5562928 -0.7944687 0.5541062 0.4774712 -0.6819001 0.5541054 0.4774718 -0.6819003 0.8304891 0.3195019 -0.4562966 0.8304895 0.3195022 -0.4562958 0.9806424 0.1123107 -0.1603954 0.9806424 0.1123104 -0.1603958 0.1950854 0.341629 -0.9193647 0.208612 0.4133197 -0.8863678 0.5541063 0.3518072 -0.7544521 0.5541081 0.3518061 -0.7544514 0.8304885 0.2354131 -0.5048463 0.8304894 0.2354126 -0.5048448 0.9806424 0.08275204 -0.1774613 0.9806426 0.08275157 -0.1774614 0.9806426 0.05067813 -0.1891344 0.9806424 0.05067896 -0.1891349 0.8304892 0.1441712 -0.5380544 0.8304892 0.1441708 -0.5380543 0.554105 0.215453 -0.8040819 0.5541066 0.2154535 -0.8040807 0.1943768 0.2538827 -0.9475027 0.194375 0.2538831 -0.947503 0.1950862 -0.3416293 -0.9193643 0.1943776 -0.2538828 -0.9475025 0.1943741 -0.253883 -0.9475032 0.1950235 -0.1443194 -0.9701225 0.2366982 -0.0846787 -0.9678861 0.1947495 -0.05922263 -0.9790635 0.1943767 0.08549302 -0.9771943 0.2545753 0.05838948 -0.9652887 0.1950235 0.1443194 -0.9701225 0.1944804 -0.4205074 -0.8862004 0.2086117 -0.4133197 -0.8863679 0.5541063 -0.3518072 -0.7544521 0.5541078 -0.3518062 -0.7544515 0.8304887 -0.2354137 -0.5048455 0.8304889 -0.2354125 -0.5048457 0.9806425 -0.08275169 -0.1774611 0.9806424 -0.08275163 -0.1774615 0.1950522 -0.8590943 -0.4731932 0.194376 -0.8035283 -0.5626369 0.1943759 -0.803529 -0.5626361 0.1950722 -0.7427935 -0.6404723 0.2203783 -0.689722 -0.6897225 0.1945798 -0.6842181 -0.7028402 0.1943746 -0.5626367 -0.8035287 0.2835886 -0.5812125 -0.7627383 0.1949375 -0.524213 -0.8289754 0.1946678 -0.8971372 -0.3965468 0.2297284 -0.8820682 -0.4113156 0.5541058 -0.7544525 -0.351807 0.5541055 -0.7544529 -0.3518069 0.830489 -0.504845 -0.2354134 0.8304892 -0.504845 -0.235413 0.9806424 -0.1774618 -0.08275145 0.9806426 -0.1774609 -0.08275151 0.1949846 -0.9596464 -0.2026324 0.2413269 -0.9373765 -0.2511706 0.5541064 -0.8040811 -0.2154523 0.5541065 -0.804081 -0.2154532 0.830489 -0.5380548 -0.1441712 0.8304889 -0.5380548 -0.1441709 0.9806423 -0.1891362 -0.05067861 0.9806428 -0.1891336 -0.05067849 0.792229 -0.6079019 -0.05318433 0.6072998 -0.7914496 -0.06924307 0.554764 -0.8270036 -0.09111601 0.4409351 -0.8941237 -0.07822471 0.1943759 -0.9771944 -0.08549338 0.1943768 -0.9771943 -0.08549368 0.002330541 -0.9999973 0 0.4422917 -0.8968713 -6.24175e-5 0.1950888 -0.9807755 0.004463195 0.3648474 -0.9310303 -0.008298993 0.1316384 -0.9912978 -7.33423e-5 0.9807856 -0.1950892 0 0.9940743 -0.1085334 -0.006074488 0.8968597 -0.4422858 0.005112707 0.9573206 -0.2890027 -0.003854453 0.9190092 -0.3942347 -0.001069188 0.8930435 -0.4499704 -1.82984e-4 0.8721963 -0.4891563 1.9595e-6 0.793354 -0.6087607 -2.01444e-5 0.8049544 -0.5933364 -8.23859e-4 0.6087598 -0.7933541 9.67627e-4 0.6490306 -0.7607611 -0.001419305 0.5254033 -0.8508533 3.33522e-5 -0.886685 -0.4623741 2.92676e-5 -0.9922308 -0.1244111 0 -0.9187087 -0.3949323 -0.00170958 -0.9500216 -0.312139 -0.005304217 -0.8968592 -0.442282 0.005497932 -0.9807729 -0.1950891 -0.005006194 -0.5279253 -0.8492908 7.61177e-6 -0.5684231 -0.8227362 -6.85734e-4 -0.6765668 -0.7363723 -0.003641664 -0.8193672 -0.5732689 -5.6531e-5 -0.793352 -0.6087604 -0.001863002 -0.6087573 -0.7933473 0.003826081 -0.002330303 -0.9999973 0 -0.03396999 -0.9994229 -2.5401e-5 -0.1900447 -0.9817738 -0.001816451 -0.4113471 -0.9114789 -2.38961e-5 -0.4422898 -0.8968713 0.0013085 -0.1950906 -0.980783 -0.002144038 -0.1948199 0.9383652 -0.2855101 -0.194481 -0.4205066 -0.8862006 -0.1948829 -0.594474 -0.780142 -0.8962003 -0.4419617 -0.0386663 -0.9806423 0.1950631 -0.01706576 -0.9806425 -0.1950618 -0.01706576 -0.9806423 -0.1950625 -0.01706582 -0.9806426 -0.1891345 -0.05067873 -0.9806423 -0.1891356 -0.05067867 -0.9806425 -0.1774615 -0.08275187 -0.9806423 -0.177462 -0.08275187 -0.9806422 -0.1603969 -0.1123107 -0.9806423 -0.160396 -0.1123105 -0.607299 -0.7914502 -0.06924295 -0.7922315 -0.6078986 -0.05318492 -0.8311352 -0.5518383 -0.06847488 -0.8304893 -0.5380543 -0.1441709 -0.8304895 -0.5380538 -0.1441709 -0.830489 -0.5048454 -0.2354129 -0.8304898 -0.504844 -0.2354131 -0.8304892 -0.4562966 -0.3195013 -0.8304896 -0.4562956 -0.319502 -0.9806425 0.1950618 -0.01706582 -0.8962003 0.4419617 -0.0386663 -0.8311353 0.5518382 -0.06847488 -0.5547634 -0.827004 -0.09111589 -0.5541067 -0.8040807 -0.2154532 -0.5541061 -0.8040813 -0.2154529 -0.5541064 -0.7544522 -0.3518068 -0.554105 -0.754453 -0.3518072 -0.5541053 -0.6819002 -0.4774721 -0.5541072 -0.6818996 -0.4774708 -0.9806423 -0.01706612 -0.1950625 -0.9806423 -0.01706564 -0.1950625 -0.8304895 -0.04854881 -0.5549146 -0.8304894 -0.04854923 -0.5549148 -0.5541066 -0.07255256 -0.8292781 -0.5541061 -0.07255214 -0.8292785 -0.9806424 0.01706606 -0.195062 -0.9806423 0.01706504 -0.1950629 -0.8304895 0.04854941 -0.5549145 -0.8304893 0.04854869 -0.554915 -0.5541065 0.07255196 -0.8292781 -0.5541058 0.07255244 -0.8292786 -0.9806424 0.0506792 -0.1891354 -0.9806424 0.05067831 -0.1891354 -0.8304896 0.144171 -0.5380537 -0.8304894 0.1441715 -0.5380539 -0.5541048 0.2154532 -0.804082 -0.5541068 0.215453 -0.8040806 -0.9806423 0.1123116 -0.1603962 -0.9806424 0.1123095 -0.1603963 -0.8304895 0.3195021 -0.4562956 -0.83049 0.3195016 -0.4562953 -0.5541059 0.4774715 -0.6819 -0.5541061 0.4774711 -0.6819002 -0.9806426 0.1384552 -0.138457 -0.9806424 0.1384567 -0.138457 -0.8304893 0.3938837 -0.3938824 -0.8304898 0.3938822 -0.3938828 -0.5541063 0.5886279 -0.5886285 -0.5541064 0.5886289 -0.5886275 -0.9806422 0.1603969 -0.1123107 -0.9806423 0.1603963 -0.1123105 -0.8304891 0.4562966 -0.3195019 -0.8304899 0.4562951 -0.3195016 -0.5541071 0.6818991 -0.4774715 -0.5541056 0.6819005 -0.4774714 -0.1943759 -0.9771944 -0.08549362 -0.1943768 -0.9771943 -0.0854935 -0.4409351 -0.8941237 -0.07822471 -0.1950722 -0.7427936 -0.6404721 -0.194376 -0.8035283 -0.5626369 -0.1943758 -0.803529 -0.5626361 -0.1950516 -0.8590925 -0.4731965 -0.2297281 -0.8820686 -0.411315 -0.1946678 -0.8971372 -0.3965468 -0.1943762 -0.9475026 -0.2538838 -0.2691785 -0.921385 -0.2803439 -0.1949844 -0.9596465 -0.2026323 -0.1945785 -0.684218 -0.7028407 -0.2203782 -0.6897221 -0.6897224 -0.5541053 -0.588629 -0.5886284 -0.554107 -0.5886279 -0.5886277 -0.8304902 -0.3938817 -0.3938825 -0.8304893 -0.3938835 -0.3938826 -0.9806423 -0.1384569 -0.1384574 -0.9806426 -0.1384556 -0.1384567 -0.1949375 -0.524213 -0.8289754 -0.2436351 -0.5562925 -0.7944688 -0.5541059 -0.477472 -0.6818997 -0.5541054 -0.4774709 -0.6819009 -0.8304894 -0.3195021 -0.4562959 -0.8304896 -0.3195025 -0.4562953 -0.9806424 -0.1123098 -0.1603961 -0.9806423 -0.112311 -0.1603963 -0.195086 -0.3416305 -0.919364 -0.2086119 -0.41332 -0.8863677 -0.5541061 -0.3518073 -0.7544523 -0.5541079 -0.3518062 -0.7544513 -0.8304889 -0.2354124 -0.5048459 -0.8304896 -0.235413 -0.5048443 -0.9806423 -0.08275198 -0.1774621 -0.9806424 -0.08275228 -0.1774621 -0.9806424 -0.05067849 -0.1891351 -0.9806424 -0.05067896 -0.1891357 -0.8304895 -0.1441713 -0.5380538 -0.8304895 -0.1441715 -0.5380537 -0.5541049 -0.2154529 -0.804082 -0.5541064 -0.2154531 -0.8040809 -0.1943767 -0.253883 -0.9475027 -0.1943749 -0.253883 -0.947503 -0.1950868 0.3416312 -0.9193635 -0.1943776 0.2538824 -0.9475026 -0.194374 0.2538833 -0.947503 -0.1950235 0.1443193 -0.9701226 -0.2366981 0.08467876 -0.9678862 -0.1947495 0.05922263 -0.9790635 -0.1943767 -0.08549314 -0.9771943 -0.2545751 -0.05838942 -0.9652886 -0.1950235 -0.1443193 -0.9701226 -0.1944803 0.4205067 -0.8862006 -0.2086116 0.41332 -0.8863677 -0.554106 0.3518081 -0.7544519 -0.5541076 0.3518058 -0.7544519 -0.8304892 0.2354127 -0.5048452 -0.8304892 0.2354127 -0.5048452 -0.9806423 0.08275288 -0.1774618 -0.9806424 0.08275163 -0.1774622 -0.1950517 0.8590924 -0.4731968 -0.1943761 0.8035286 -0.5626365 -0.1943758 0.8035287 -0.5626364 -0.1950721 0.7427939 -0.6404718 -0.2203783 0.689722 -0.6897225 -0.1945797 0.6842182 -0.7028402 -0.1943746 0.5626367 -0.8035287 -0.2835884 0.5812121 -0.7627387 -0.1949375 0.524213 -0.8289754 -0.1946678 0.8971372 -0.3965468 -0.2297281 0.8820685 -0.4113152 -0.5541058 0.7544525 -0.351807 -0.5541056 0.7544528 -0.351807 -0.8304897 0.5048443 -0.235413 -0.8304892 0.504845 -0.235413 -0.9806427 0.1774605 -0.08275192 -0.9806424 0.1774619 -0.08275187 -0.1949844 0.9596465 -0.2026323 -0.2413268 0.9373766 -0.2511705 -0.5541064 0.8040811 -0.2154529 -0.5541065 0.804081 -0.2154532 -0.83049 0.5380531 -0.1441708 -0.8304888 0.5380551 -0.1441709 -0.9806427 0.1891337 -0.05067878 -0.9806423 0.1891366 -0.05067861 -0.7922315 0.6078986 -0.05318492 -0.607299 0.7914502 -0.06924295 -0.554764 0.8270036 -0.09111601 -0.4409351 0.8941237 -0.07822471 -0.1943759 0.9771944 -0.08549338 -0.1943768 0.9771943 -0.08549368 -0.4422917 0.8968713 -9.31624e-5 -0.3811527 0.9245107 0.001655638 -0.1950897 0.9807798 -0.003311395 -0.1315845 0.9913051 -1.03543e-4 -0.002330303 0.9999973 0 -0.9807854 0.1950898 0 -0.9935924 0.1125886 -0.009904146 -0.8968383 0.4422768 0.008517146 -0.9564927 0.291691 -0.006166696 -0.9186801 0.3949987 -0.001707911 -0.8929799 0.4500967 -2.92342e-4 -0.8721836 0.4891789 3.12858e-6 -0.7933538 0.6087609 -3.20604e-5 -0.804563 0.5938661 -0.001271247 -0.6087577 0.7933548 0.001500546 -0.6481656 0.7614967 -0.002120256 -0.5254256 0.8508396 4.98005e-5 0 0.7071117 0.7071019 -6.26697e-6 0.7071068 0.7071068 0 0.7071071 0.7071065 0 0.707107 0.7071067 -1.56914e-5 0.7071077 0.7071059 2.48624e-5 0.7071064 0.7071072 -7.14613e-6 0.7071077 0.7071059 0 -0.7071077 0.7071059 2.57612e-6 -0.7071069 0.7071067 0 -0.7071065 0.7071072 3.5205e-6 -0.7071055 0.7071081 0 -0.7071089 0.7071048 4.9936e-6 -0.7071056 0.7071081 0 -0.7071081 0.7071056 -9.65915e-6 -0.7071056 0.707108 9.73985e-5 -0.7071129 0.7071008 0 -0.7070964 0.7071173 0 0.8981486 -0.4396923 0 -0.8981492 -0.439691 0.01631981 -0.9292654 -0.3690525 0.02109897 -0.930831 -0.3648405 -0.01166498 -0.9699544 -0.2430074 0 -0.9742658 -0.2254028 0 -0.9939143 -0.1101568 -0.01661187 -0.992058 -0.1246798 0.0199908 -0.999148 0.0361092 -0.0955556 -0.8632348 0.4956762 -0.03135383 -0.8534306 0.5202627 0 -0.9155217 0.4022686 -0.03469282 -0.8416112 0.5389685 -0.0110659 -0.8214141 0.570225 0 -0.8068304 0.5907831 0 -0.9997761 0.02116608 0 -0.992384 0.1231828 -0.01296919 -0.983461 0.1806553 0.03509873 -0.9706309 0.2379997 -0.01508605 -0.9474303 0.3196069 0 -0.9315927 0.3635038 0 -0.913921 0.4058921 0.009652316 -0.8895432 0.4567492 0.008860111 -0.8889242 0.4579687 -0.01638263 -0.8134472 0.581408 0.02659559 -0.8439586 0.5357486 0.008867621 -0.8222113 0.5691133 -0.2285997 -0.9728431 -0.03631216 0 -0.9993519 0.03600025 0 -0.9676446 0.2523171 -0.268575 -0.942218 0.2002321 0 -0.9463339 0.3231908 0 -0.8998827 -0.4361322 -0.03364658 -0.9291283 -0.3682237 -0.1455923 -0.9360612 -0.3203005 0 -0.9700776 -0.2427951 0 -0.9939361 -0.1099596 -0.2285717 0.9728497 -0.03631252 0 0.9939144 -0.1101559 0 0.9461426 -0.3237503 -0.2438033 0.9309699 -0.2717632 -0.02720499 0.9277384 -0.3722385 -0.1701639 0.9535321 0.248638 0 0.9833205 0.1818816 0 0.9993588 0.03580355 0.07302922 0.8716123 0.4847256 -0.08366668 0.8107039 0.5794473 0.03659659 0.9087589 0.415714 0 0.889585 0.4567699 0 0.9463338 0.3231912 0.02853959 0.8457794 0.532769 0.009989917 0.8238718 0.5666882 0 0.8068305 0.590783 -0.009720802 0.8199102 0.5724096 -0.032148 0.8399571 0.5416997 -0.08778643 0.8614548 0.5001891 -0.03859424 0.8532145 0.5201302 0 0.9139201 0.4058942 0 0.9463369 0.3231818 -0.0426113 0.930746 0.3631751 0.03509801 0.9706313 0.2379982 -0.01296991 0.9834597 0.1806628 0 0.992384 0.1231828 0 0.9993519 0.03600037 0.01678103 0.9996352 0.02116394 -0.01331287 0.9939224 -0.109275 0 0.9921949 -0.1246968 0 0.9700776 -0.2427951 -0.01432985 0.9741658 -0.2253792 0.019432 0.9310999 -0.3642463 0.01996159 0.9308527 -0.364849 0 0.8998822 -0.436133 0 -0.7499015 0.6615496 -0.01179838 -0.6565803 0.7541639 -0.005901694 -0.6675707 0.7445231 0 -0.5641339 0.8256833 0 -0.4768359 0.8789924 -0.0157513 -0.424596 0.9052459 0 -0.3437029 0.9390785 0 -0.2459757 0.969276 -0.01377809 -0.145658 0.989239 0 -0.1021559 0.9947685 0 0.1021559 0.9947685 -0.01377862 0.145658 0.989239 0 0.2459757 0.969276 0 0.3437029 0.9390785 -0.01575183 0.424596 0.9052459 0 0.4768359 0.8789924 0 0.5641339 0.8256833 -0.005901813 0.6675707 0.7445231 -0.01179838 0.6565803 0.7541639 0 0.7499015 0.6615496 1 4.32702e-7 0 1 -2.92941e-7 0 1 -7.52559e-7 0 1 -2.03188e-6 0 1 6.9391e-7 0 1 -3.86103e-7 0 1 -1.52418e-6 0 1 -6.96319e-7 0 1 1.02421e-6 0 1 4.03603e-7 0 1 4.10555e-7 0 1 2.43478e-7 0 1 3.62027e-7 0 1 -5.90868e-7 0 1 6.96318e-7 0 1 1.52418e-6 0 1 2.16645e-6 0 0.001553535 0.4998835 0.8660913 -0.006453096 0.4799693 0.8772616 4.39154e-4 0.460049 0.8878935 -0.01299113 0.3512368 0.9361965 -0.001266062 0.3556554 0.9346163 0.003147006 0.4098029 0.9121687 -0.0170961 0.3987456 0.9169023 -6.08844e-4 0.423421 0.9059328 0.001325368 0.7094414 0.7047633 -8.73046e-4 0.7192819 0.6947178 0.004209578 0.6937279 0.7202249 0.01533514 0.6666912 0.7451763 -0.01073098 0.6965195 0.7174577 0.006421744 0.6160665 0.787668 0.02117621 0.5934351 0.8046033 0.006173253 0.5679237 0.8230581 -6.84921e-4 0.5275512 0.849523 0 0.7202274 0.6937381 0 0.7549774 0.6557509 -0.01440572 0.8108172 0.5851222 -0.00207901 0.8280364 0.5606706 0.001846492 0.9109789 0.4124491 -0.01648455 0.930358 0.3662819 0 0.9963874 0.08492547 -0.01556104 0.9920749 0.1246808 0 0.9780207 0.2085078 0 0.9567794 0.2908148 -8.76528e-4 -0.7192864 0.6947132 0.03829574 -0.5662508 0.8233429 -0.0489912 -0.6957232 0.7166374 0.04175937 -0.6348097 0.7715393 0.01532238 -0.666709 0.7451607 0.006688237 -0.7274488 0.6861295 -0.001488566 -0.3554037 0.9347118 -0.01297259 -0.3513018 0.9361724 -0.01603746 -0.3520013 0.9358621 7.61277e-4 -0.3789496 0.925417 -0.007660806 -0.4102515 0.9119403 -0.005124092 -0.4128507 0.9107844 -0.006518542 -0.5935557 0.8047666 6.32887e-4 -0.5114684 0.859302 -0.004194319 -0.480039 0.8772372 -0.00281769 -0.4777271 0.8785039 8.34678e-4 -0.4417133 0.897156 0.00420624 -0.6937435 0.7202099 0 -0.7165567 0.6975288 0 -0.7549774 0.6557509 -0.01440572 -0.8108172 0.5851222 -0.00207901 -0.8280364 0.5606706 0.001846492 -0.9109789 0.4124491 -0.01648426 -0.9303579 0.3662819 0 -0.9567794 0.2908148 0 -0.9780207 0.2085078 -0.01556104 -0.9920749 0.1246808 0 -0.9963874 0.08492547 0 0.9332242 -0.3592947 -0.003803431 0.936973 -0.3493812 0 0.9958245 -0.09128826 -0.009128153 0.9917658 -0.1277393 -0.01678937 0.987585 -0.1561867 -0.005552411 0.9929161 -0.1186886 0 0.9760654 -0.2174775 0 0.9692723 -0.2459903 0 0.9369803 -0.3493825 0.03273391 0.922879 -0.3836964 0.001542329 0.9545519 -0.2980406 -0.003263711 0.992926 -0.1186897 0.03284394 0.9826459 -0.1825605 0.01562398 0.9901069 -0.1394433 0 -0.9332233 -0.3592973 0.005256414 -0.9369673 -0.3493776 0 -0.9958246 -0.09128826 0.01001709 -0.9924541 -0.1222075 0.0197286 -0.9885302 -0.1497294 0.007374942 -0.9929043 -0.1186869 0 -0.9760645 -0.2174811 0 -0.9692711 -0.2459953 0 -0.93698 -0.3493831 -0.02368873 -0.9206452 -0.3896809 -0.001129448 -0.954446 -0.2983816 0.002375602 -0.9929285 -0.1186902 -0.02693641 -0.9814307 -0.1899166 -0.01367819 -0.9892141 -0.1458371 0 0 1 -5.72343e-7 0 1 -2.12398e-5 0 1 6.86568e-6 0 1 -4.99918e-7 0 1 0 1 4.15087e-6 0 1 4.43063e-6 0 1 -1.49346e-6 0 1 4.0321e-6 0 1 4.13388e-6 0 1 -2.43568e-6 0 1 8.30337e-6 0 1 -6.136e-5 0 1 -1.44171e-5 0 1 1.24517e-5 0 1 8.90274e-6 0 1 1.85908e-4 0 -1 -1.63518e-6 0 -1 4.42408e-6 0 -1 8.3033e-6 0 -1 -1.44171e-5 0 -1 1.24524e-5 0 -1 8.90274e-6 0 -1 1.85908e-4 -1 -3.69076e-6 0 -1 4.75489e-7 0 -1 1.65288e-7 0 -1 -1.79753e-7 0 -1 3.02743e-7 0 -1 9.21372e-7 0 -1 -3.02835e-7 0 -1 1.49912e-7 0 -1 -2.94377e-7 0 -1 3.02835e-7 0 -1 -9.2137e-7 0 -1 0 0 -1 0 0 -1 2.29589e-7 0 -1 -3.84288e-7 0 -1 1.33184e-6 0 -1 -5.75584e-7 0 -1 1.04789e-6 0 -1 1.49524e-7 0 -1 -2.29589e-7 0 -1 6.2185e-7 0 -1 -1.04789e-6 0 -1 1.72023e-7 0 -1 5.75584e-7 0 -1 -1.72023e-7 0 -1 -6.2185e-7 0 0 0.991445 0.1305263 0.01636642 0.984676 0.1736247 0 0.9537174 0.3007048 0 0.9063071 0.4226199 0.02183383 0.8658188 0.499881 0 0.819152 0.5735767 0 0.7372764 0.6755912 0.01636457 0.6427016 0.7659418 0 0.6087617 0.7933531 0 0.3826832 0.9238797 0.01636648 0.3419756 0.9395663 0 0.2164444 0.9762949 0 0.08715832 0.9961945 0.02183318 0 0.9997617 0 -0.08715832 0.9961945 0 -0.2164444 0.9762949 0.01636707 -0.3419755 0.9395663 0 -0.3826832 0.9238797 0 -0.6087617 0.7933531 0.01636421 -0.6427016 0.7659418 0 -0.7372764 0.6755912 0 -0.819152 0.5735767 0.02183383 -0.8658188 0.499881 0 -0.991445 0.1305263 0.01636642 -0.9846759 0.1736248 0 -0.9537174 0.3007048 0 -0.9063071 0.4226199 -3.19145e-6 -0.7071056 0.707108 0 -0.7071096 0.707104 0 -0.7071086 0.707105 2.48624e-5 -0.7071064 0.7071072 -1.56914e-5 -0.7071077 0.7071059 0 -0.707107 0.7071067 0 -0.7071071 0.7071065 0 0.7071068 0.7071068 0 0.7071075 0.7071062 4.6812e-6 0.7071053 0.7071083 5.18034e-6 0.7071081 0.7071055 0 0.7071085 0.7071052 7.85664e-6 0.7071039 0.7071098 -1.11153e-5 0.7071075 0.7071061 0 0.7071018 0.7071118 0 0.7070981 0.7071155 0.4286911 -0.9034187 0.007650434 0.5887892 -0.8082445 0.008253812 0.7578579 -0.6524174 0.001808166 0.8269178 -0.562049 -0.01755523 0.8347399 -0.5502384 0.0211485 0.8252722 -0.5646873 0.007371127 0.8288549 -0.5591317 -0.0192784 0.6157242 -0.7878542 -0.01302433 0.5567769 -0.8306621 0 0.6892648 -0.7245095 0 0.6997405 -0.7143971 -2.50551e-4 0.7905312 -0.6124177 0.002229928 0.3867228 -0.922183 -0.004905641 0.3381078 -0.9411074 0 0.1321771 -0.9912262 0 0.2263075 -0.9740405 -0.005492925 -0.110955 -0.993772 0.01030766 0.1499687 -0.9885458 -0.01692807 0.08157718 -0.9966012 -0.01146012 0.02816945 -0.9995722 -0.007876992 -0.05642932 -0.9984011 -0.003331959 -0.1744191 -0.9846716 0 -0.3264973 -0.9451982 0 -0.3228607 -0.9464465 1.83849e-4 -0.3683993 -0.9296563 -0.004612684 -0.5743381 -0.8185868 0.007172822 -0.8226883 -0.5684434 0.00750488 -0.8326969 -0.5532956 0.02191179 -0.7505373 -0.6608235 0.002470254 -0.8241207 -0.5661168 -0.01836121 -0.8258366 -0.5635564 -0.01995515 -0.4981745 -0.8670768 -1.76339e-4 -0.6082751 -0.7936161 -0.0132308 -0.5448461 -0.8385362 0 -0.6788369 -0.7342892 0 -0.6931082 -0.7208335 -4.39536e-4 -0.7894052 -0.6138653 0.003023326 -0.4286914 0.9034186 0.007650434 -0.588791 0.8082432 0.008253872 -0.757859 0.6524161 0.001808166 -0.8269163 0.5620511 -0.01755559 -0.8347392 0.5502394 0.02114742 -0.8252738 0.5646849 0.007372021 -0.8288563 0.5591294 -0.01927864 -0.6157268 0.7878521 -0.01302438 -0.5567762 0.8306626 0 -0.689269 0.7245056 0 -0.6997395 0.7143981 -2.50551e-4 -0.7905312 0.6124177 0.002229928 -0.3867228 0.922183 -0.004905641 -0.3381078 0.9411074 0 -0.1321771 0.9912262 0 -0.2263057 0.9740409 -0.005492866 0.1109553 0.993772 0.01030766 -0.1499689 0.9885458 -0.01692813 -0.08157634 0.9966012 -0.01146 -0.02816945 0.9995722 -0.007876992 0.05642926 0.9984011 -0.003331959 0.1744195 0.9846715 0 0.3264973 0.9451982 0 0.3228619 0.9464461 1.83849e-4 0.3684003 0.9296559 -0.004612982 0.5743346 0.8185893 0.007172763 0.8226898 0.568441 0.007504045 0.8326975 0.5532946 0.02191299 0.7505373 0.6608235 0.002470254 0.8241213 0.5661157 -0.01836121 0.8258366 0.5635564 -0.01995521 0.4981728 0.8670778 -1.76338e-4 0.6082741 0.7936168 -0.01323074 0.5448454 0.8385365 0 0.67884 0.7342863 0 0.6931082 0.7208335 -4.39536e-4 0.7894042 0.6138665 0.003023326 0.7058997 -0.7083118 0 -0.723321 -0.690512 -1.51758e-4 -0.448006 -0.8937346 0.02300596 -0.5628405 -0.8221948 0.08489054 -0.5624445 -0.8223942 0.08558177 -0.6285875 -0.7775608 0.01664167 -0.8243628 -0.5660615 6.06953e-4 -0.888174 -0.4574301 0.04364317 -0.9401597 -0.3407342 0 -0.9957806 -0.09176647 0 -0.9990074 0.03598153 0.02625876 -0.9865983 0.1631682 0 -0.8763574 0.4816617 0 -0.8537324 0.5206132 0.01014596 -0.727717 0.6858776 1.23255e-4 -0.5074818 0.8614701 0.01820945 -0.5714809 0.8200742 0.0297988 -0.4895498 0.8719263 0.009265482 -0.6637371 0.747966 -8.69004e-5 -0.6974587 0.716625 5.38532e-6 0.2323901 0.9711126 0.05417811 0.3743529 0.9272863 0 0.1989544 0.9788981 0.0466457 0.1405245 0.9894519 0.03518211 0.09620982 0.9949707 0.0278775 0.04201859 0.9989249 0.01958245 -0.1275513 0.9918321 0 -0.3743531 0.9272863 0 0.8537756 0.5206413 0 0.8712746 0.4906543 0.01178592 0.7259736 0.6877226 0 0.4895712 0.8719634 0 0.6425657 0.7646659 0.04894393 0.5557193 0.8309906 0.02511161 0.8890211 -0.4578662 0 0.8518639 -0.5193541 0.06781864 0.9401606 -0.3407315 0 0.999352 0.03599566 0 0.997877 -0.04856091 0.04339855 0.9865984 0.1631672 0 0.5638089 -0.8236051 0.06159669 0.5504646 -0.8281438 0.1056716 0.5930811 -0.8043351 0.03605359 0.459971 0.887503 0.02766263 0.5627719 0.8220949 0.08630067 0.5930795 0.8043363 0.03605395 0.7072454 0.706968 -4.65587e-4 0.8251202 0.5649564 0.001065909 0.8881732 0.4574317 0.04364311 0.9401606 0.3407315 0 0.9957806 0.09176647 0 0.9990075 -0.03598272 0.02625876 0.9865983 -0.1631682 0 0.8763568 -0.4816626 0 0.8537321 -0.5206138 0.01014596 0.727717 -0.6858776 1.23255e-4 0.5074868 -0.8614671 0.01820963 0.571483 -0.8200727 0.02979892 0.4895491 -0.8719266 0.009265422 0.66374 -0.7479634 -8.69008e-5 0.6975765 -0.7165104 4.84761e-6 -0.1405259 -0.9894518 0.03518253 -0.09620845 -0.9949708 0.02787709 -0.04201859 -0.9989249 0.01958245 0.1275514 -0.991832 0 0.3743526 -0.9272865 0 -0.4895719 -0.871963 0 -0.6425678 -0.7646641 0.04894405 -0.5557187 -0.8309912 0.02511161 -0.3743531 -0.9272863 0 -0.2323848 -0.9711137 0.05418062 -0.1989529 -0.9788984 0.0466448 -0.999352 -0.03599715 0 -0.9978768 0.04856389 0.04339855 -0.9865984 -0.1631677 0 -0.8537756 -0.5206413 0 -0.8712751 -0.4906535 0.01178592 -0.7259685 -0.6877279 0 -0.6643143 0.7473788 0.01055836 -0.7225191 0.6913511 0 -0.8890218 0.4578651 0 -0.8518646 0.519353 0.0678187 -0.9401599 0.3407335 0 -0.5639185 0.8237648 0.05837357 -0.5503821 0.8281176 0.1063058 -0.5781202 0.8139131 0.05764281 0.6950517 0.7189559 -0.002356886 0.5840214 0.8098577 0.05522459 0.5498201 0.8303257 0.09086966 0.542508 0.8341224 0.09962511 0.5634858 0.8240704 0.05824118 0.5773342 0.816508 0 0.7925409 0.6098182 8.2696e-4 0.9015977 0.4319473 0.02330237 0.8833066 0.4663922 0.04741245 0.9975433 -0.06171244 0.033149 0.9979845 0.06345981 0 0.9590108 0.2833693 0 0.8414667 -0.539768 0.02417176 0.8928395 -0.4503751 0 0.9818567 -0.1896251 0 0.145588 -0.9893453 0 0.3602008 -0.9328749 0 0.4721812 -0.8812504 0.02104091 0.5832843 -0.8122681 0 0.7508319 -0.6604933 0 -0.03738081 -0.9993011 0 0.03162366 -0.9994191 0.01270914 -0.1968633 -0.9702578 0.1408711 -0.0166819 -0.999861 0 -0.5014276 -0.8651996 0 -0.5014264 -0.8652004 0 -0.859255 -0.5115476 0 -0.9995962 -0.02841579 0 -0.9995962 -0.02841705 0 -0.9663364 0.257282 0 -0.9261021 0.3770344 0.01342296 -0.5630222 0.8251649 0.04592365 -0.5531373 0.8279547 0.09236031 -0.6415332 0.7670953 0 -0.8869284 0.4619071 0 -0.8020076 0.5807819 0.1395576 -0.8533357 0.5156085 0.07724148 -0.5558021 -0.8264546 0.08976155 -0.5512934 -0.8282485 0.1003996 -0.5630415 -0.8251618 0.04574406 -0.9262335 -0.3767128 0.01338595 -0.8529224 -0.5162592 0.07745802 -0.8865811 -0.461726 0.0279814 -0.7658836 -0.6429793 0 -0.6415332 -0.7670953 0 -0.01666861 0.9990617 0.03997492 -0.198846 0.9800308 0 -0.5014259 0.8652006 0 -0.5014281 0.8651994 0 -0.859255 0.5115476 0 -0.9995962 0.02841591 0 -0.9995962 0.02841693 0 -0.9663364 -0.257282 0 0.7511164 0.6601699 0 0.5834175 0.8121725 0 0.472181 0.8812506 0.02104169 0.360354 0.9328157 0 0.05407708 0.9985368 0 0.1410542 0.9894571 0.03283977 -0.03712123 0.9993109 0 0.9980919 0.0617454 0 0.9976298 -0.03696906 0.05803442 0.9816799 0.1905378 -1.42083e-4 0.8417127 0.5399258 2.86467e-4 0.9155629 0.3953663 0.07368946 0.8609883 0.5077289 0.03017473 0.9010483 -0.4316829 0.04197645 0.9188897 -0.3935086 0.02816009 0.9590108 -0.2833693 0 0.6517281 -0.7583607 0.01181495 0.7501932 -0.6612185 -6.23374e-4 0.8445587 -0.5354557 0.002794504 0.5773342 -0.816508 0 0.5634073 -0.8228345 0.07426714 0.5572876 -0.8262821 0.08178311 0.4480093 -0.8937327 0.02301502 0 -0.7933533 0.6087614 0.03320348 -0.8310105 0.555265 0 -0.9914449 0.1305265 0.03320294 -0.9802445 0.1949827 0 -0.9469304 0.3214389 0 -0.8968739 0.4422864 0.09755963 -0.9720723 0.2134422 -0.01417469 -0.9806867 0.1950716 0.0383861 -0.8308563 0.5551618 -0.3965172 -0.8091959 0.4335622 -0.03615862 -0.8596124 0.5096659 -0.4571295 -0.8296697 0.3204385 -0.09661805 -0.8819131 0.4614048 -0.4428095 -0.8677691 0.2256029 -0.130489 -0.9261777 0.3537901 -0.1085054 -0.9208369 0.374548 -0.3169877 -0.936312 0.1511249 -0.09749448 -0.9707431 0.2194373 -0.2122324 -0.968346 0.131391 -0.06008321 -0.9698035 0.2363708 -0.1795753 -0.9746831 0.1332136 -0.04292058 -0.9768061 0.2097802 -0.122487 -0.9811705 0.1493373 -0.03088456 -0.9825587 0.1833701 -0.08193576 -0.9837023 0.160051 -0.01587235 -0.983743 0.1788791 -0.03501385 -0.9850023 0.1689514 0.01291918 -0.9859731 0.1664041 0.04501938 -0.9831461 0.1771922 0.08599621 -0.9708324 0.2238067 0.1225638 -0.9695217 0.2121462 0.3034538 -0.9350335 0.1833801 0.1323155 -0.9263106 0.3527625 0.3989259 -0.8887313 0.2258647 0.1095491 -0.9114782 0.396493 0.3723018 -0.8611049 0.3462511 -0.08851855 -0.9818265 0.1678729 -0.0397436 -0.9836899 0.1754271 -0.1095685 -0.9846894 0.135578 -0.06138592 -0.9866477 0.1508579 -0.125242 -0.987644 0.09420102 -0.07787394 -0.9898514 0.1188694 -0.1331718 -0.9907997 0.02410948 -0.06365793 -0.9947679 0.07990437 -0.1317642 -0.9910523 0.02129739 -0.06078022 -0.9950591 0.07850611 -0.1204509 -0.9926652 0.01035743 -0.04124259 -0.997014 0.06528586 -0.09040004 -0.99551 0.02806758 -0.02945709 -0.997633 0.0621345 -0.06363302 -0.9970991 0.04176753 -0.01905834 -0.9981216 0.05822551 -0.04315423 -0.9978595 0.0491361 -0.01043975 -0.9982316 0.05852103 -0.0219419 -0.9982451 0.05500435 0.008280158 -0.9983618 0.05661529 0.01706326 -0.9982125 0.05727607 0.02529996 -0.9981827 0.05469214 0.06057983 -0.9971389 0.04521226 0.04180866 -0.9975598 0.05591499 0.1090968 -0.9933183 0.03763794 0.06077724 -0.9952154 0.07650125 0.1317578 -0.9908226 0.03017807 0.05877828 -0.9943869 0.08797633 0.1344186 -0.9874874 0.08246457 0.05558818 -0.9904325 0.1263074 0.1256784 -0.9841876 0.1248186 0.03847026 -0.9871629 0.1550145 0.1071128 -0.9809197 0.162245 0.01414233 -0.9839533 0.1778652 0.08151465 -0.9775213 0.1944416 0.475216 -0.8293753 0.2937794 0.0435701 -0.8592453 0.5097051 0.3754073 -0.8197009 0.4326199 -0.02224665 -0.8548037 0.5184745 0.2810083 -0.7979683 0.5331801 0 -0.8314697 0.5555701 0 -0.9807854 0.1950898 0 -0.9807851 0.195091 0 0.8314697 0.5555701 0 0.9807854 0.19509 0 0.9807852 0.1950908 -0.09755969 0.9720723 0.2134423 0.01417469 0.9806866 0.1950716 -0.03838604 0.8308569 0.5551608 0.3965148 0.8091984 0.4335595 0.03615868 0.8596116 0.5096672 0.4571295 0.8296697 0.3204385 0.09661746 0.8819145 0.4614021 0.4428116 0.8677677 0.2256039 0.130489 0.9261777 0.3537901 0.1084983 0.9208475 0.3745236 0.3169893 0.9363113 0.1511257 0.09749406 0.9707433 0.2194363 0.2122324 0.968346 0.131391 0.06008261 0.9698042 0.2363685 0.1795774 0.9746825 0.1332151 0.04292041 0.9768063 0.2097796 0.1224858 0.9811708 0.1493358 0.03088313 0.9825609 0.1833584 0.08193778 0.9837015 0.1600549 0.01587247 0.9837428 0.17888 0.03501385 0.9850022 0.1689523 -0.01291918 0.9859736 0.1664012 -0.0450195 0.983146 0.1771926 -0.08599573 0.9708326 0.2238054 -0.1225653 0.9695208 0.2121488 -0.3034523 0.9350341 0.1833793 -0.1323157 0.9263104 0.3527631 -0.3989198 0.8887349 0.2258613 -0.1095493 0.9114779 0.3964935 -0.3723018 0.8611049 0.3462511 0.08851855 0.9818265 0.1678729 0.03974354 0.98369 0.1754267 0.109568 0.9846897 0.1355775 0.06138604 0.9866476 0.1508582 0.125242 0.987644 0.09420102 0.07787394 0.9898515 0.1188682 0.1331718 0.9907996 0.02411192 0.06365388 0.9947701 0.07987958 0.1317642 0.9910523 0.02129739 0.06078046 0.995059 0.07850641 0.1204518 0.9926651 0.01035749 0.04124391 0.9970138 0.06528788 0.09040004 0.99551 0.02806758 0.02945637 0.9976332 0.06213289 0.06363302 0.9970991 0.04176753 0.01906198 0.9981209 0.05823665 0.04315018 0.9978598 0.04913151 0.01044297 0.9982305 0.05853909 0.02194231 0.998245 0.05500531 -0.008277714 0.9983634 0.0565871 -0.01706361 0.9982125 0.05727738 -0.02530038 0.9981827 0.05469292 -0.06057983 0.9971389 0.04521226 -0.041808 0.9975599 0.05591404 -0.1090958 0.9933186 0.0376327 -0.06077837 0.9952147 0.07650995 -0.1317617 0.990822 0.03017896 -0.0587784 0.9943869 0.08797651 -0.1344181 0.9874875 0.08246427 -0.05558812 0.9904325 0.1263074 -0.125678 0.9841877 0.1248182 -0.03847038 0.9871628 0.1550148 -0.1071121 0.98092 0.1622439 -0.01414233 0.9839532 0.1778655 -0.08151465 0.9775213 0.1944416 -0.4752236 0.8293694 0.2937841 -0.04357004 0.8592454 0.509705 -0.3752275 0.8197705 0.4326438 0.02224653 0.8548053 0.5184719 -0.2810143 0.7979606 0.5331885 0 0.7933533 0.6087614 0.03320401 0.8310105 0.555265 0 0.8968739 0.4422864 0 0.9469304 0.3214389 0.03320294 0.9802445 0.1949827 0 0.9914449 0.1305265 0 0.9952599 0.09725189 -0.1590424 0.9705778 0.180788 -0.9058206 0.3884947 0.1690004 -0.07744729 0.9801365 0.1825772 -0.1001342 0.9730029 0.2079391 -0.05554157 0.9006938 0.4308898 -0.1701501 0.7924289 0.5857523 -0.148217 0.7935965 0.5901157 -0.1033492 0.6247829 0.7739285 -0.3164955 0.9239122 0.2149814 -0.3383442 0.9121726 0.2312234 -0.4039379 0.8916404 0.2044788 -0.5045934 0.8342274 0.2223742 -0.4845895 0.853591 0.1911949 -0.6325439 0.7392097 0.2312084 -0.614785 0.768383 0.1778398 -0.7500801 0.6169598 0.2382026 -0.7354246 0.655085 0.1732465 -0.8349336 0.4930203 0.2445748 -0.8283153 0.5265895 0.1913044 -0.8848992 0.4101382 0.220772 -0.9063423 0.3371384 0.2547179 -0.9424188 0.190972 0.274548 -0.9588564 0.2373175 0.1558043 -0.7927328 0.3519893 0.497673 -0.2134671 0.953335 0.2135045 -0.2025707 0.9578229 0.2038149 -0.1483687 0.7936159 0.5900513 -0.2474287 0.7618849 0.5985904 -0.2336432 0.7810499 0.5791131 -0.3465684 0.7209968 0.600045 -0.3303689 0.7472937 0.576549 -0.4339121 0.66833 0.6041982 -0.4245116 0.7067137 0.5659909 -0.5165674 0.6037172 0.6071932 -0.5131196 0.6479619 0.5628976 -0.5839218 0.5315575 0.6135813 -0.5938915 0.5795604 0.5580347 -0.6377972 0.4607989 0.6171542 -0.6499857 0.5080798 0.5651314 -0.6570695 0.4789052 0.5821595 -0.6080952 0.4542868 0.6510329 -0.2080633 0.5379596 0.8168899 -0.1101386 0.5191902 0.8475324 -0.2372812 0.4220816 0.8749541 -0.1299189 0.476944 0.8692788 -0.1131789 0.5039317 0.8562963 -0.1577152 0.4703008 0.8682991 -0.1489856 0.5116426 0.8461828 -0.1862184 0.4698912 0.8628587 -0.1836952 0.5123474 0.8389018 -0.2085911 0.4716892 0.8567375 -0.216633 0.5120874 0.8311659 -0.229607 0.4765948 0.8486096 -0.237681 0.5087963 0.8274262 -0.2430573 0.4823714 0.8415706 -0.2588083 0.5061318 0.8227083 -0.4409984 0.8942654 0.0762214 -0.9648741 0.1750004 0.1959414 -0.9806497 0.1162048 0.1575523 -0.9806504 0.1411873 0.1356139 -0.9806494 0.1411931 0.1356154 -0.9806499 0.162104 0.1097642 -0.98065 0.162104 0.1097637 -0.9806499 0.1783423 0.08074635 -0.98065 0.1783427 0.08074504 -0.98065 0.1894341 0.04939842 -0.9806495 0.1894373 0.04939854 -0.792284 0.3621653 0.4910423 -0.9806501 0.1950613 0.016626 -0.9806499 0.1950629 0.016626 -0.8962352 0.4419768 0.03767073 -0.8297606 0.3176773 0.4588885 -0.8305388 0.4016832 0.3858187 -0.8305405 0.401682 0.3858162 -0.8305411 0.4611814 0.312271 -0.8305371 0.4611872 0.3122732 -0.8305405 0.5073779 0.229718 -0.8305377 0.5073817 0.2297192 -0.8305379 0.53894 0.1405363 -0.8305413 0.5389348 0.140536 -0.8297635 0.5572692 0.03071832 -0.7922866 0.6079449 0.05181735 -0.6082596 0.4491989 0.6544011 -0.5541875 0.4940822 0.6698948 -0.5541805 0.6003306 0.576617 -0.5541767 0.6003299 0.5766213 -0.5541818 0.6892551 0.4667012 -0.5541766 0.6892572 0.4667043 -0.5541762 0.7583002 0.3433215 -0.5541786 0.7582976 0.3433231 -0.554182 0.8054611 0.2100355 -0.5541803 0.8054617 0.2100372 -0.5541796 0.8293899 0.07069158 -0.6082633 0.7926993 0.04054439 -0.2579422 0.5734827 0.7775496 -0.19487 0.6102473 0.7678698 -0.1948509 0.6832103 0.7037449 -0.1463282 0.7134433 0.6852639 -0.1949743 0.7404889 0.6431651 -0.1944159 0.8122372 0.5499755 -0.1944133 0.8122393 0.5499734 -0.1944119 0.8935979 0.4045823 -0.1944134 0.893599 0.4045792 -0.1948981 0.9384323 0.285236 -0.1449062 0.9574291 0.2496635 -0.1949387 0.9592578 0.2045081 -0.1944131 0.977376 0.08330595 -0.1944124 0.9773762 0.08330488 -0.9807851 0.1950915 0 -0.9807852 0.1950909 0 -0.8968741 0.4422861 0 -0.8968747 0.4422848 0 -0.7933512 0.6087644 0 -0.7933537 0.608761 0 -0.6087582 0.7933558 0 -0.6087662 0.7933498 0 -0.442287 0.8968737 0 -0.4422848 0.8968746 0 -0.1950907 0.9807853 0 -0.1950908 0.9807853 0 -0.4392253 -0.8906913 0.1172605 -0.1934871 0.9727095 0.1280592 -0.2860713 -0.78492 0.5496034 -0.1934725 -0.7783616 0.5972617 -0.1943732 -0.889023 0.4145569 -0.256839 -0.8928864 0.369848 -0.1949102 -0.9354264 0.2949366 -0.1934856 -0.9727097 0.1280602 -0.1934837 -0.9727101 0.1280592 -0.1949072 -0.7231376 0.6626335 -0.1934795 -0.5972594 0.7783616 -0.1934884 -0.5972547 0.7783632 -0.1934797 -0.375454 0.9064216 -0.1934925 -0.3754515 0.9064198 -0.1949107 -0.2122943 0.9575704 -0.2568527 -0.1261467 0.9581825 -0.1943734 -0.085496 0.9771947 -0.1934922 0.1280594 0.9727084 -0.286072 0.08351582 0.9545617 -0.1949097 0.2122943 0.9575706 -0.1934798 0.3754529 0.906422 -0.1934967 0.3754518 0.9064189 -0.1934896 0.5972583 0.77836 -0.1934813 0.5972554 0.7783644 -0.1949036 0.7231377 0.6626345 -0.256839 0.7667382 0.588342 -0.1943653 0.8035314 0.5626361 -0.1934834 0.9064205 0.3754545 -0.2860646 0.8684336 0.4049569 -0.19491 0.9354265 0.2949364 -0.790817 -0.6068166 0.07988882 -0.6054636 -0.7890643 0.1038812 -0.5533574 -0.823024 0.1281681 -0.5522716 -0.7702051 0.3190299 -0.5522743 -0.7702045 0.319027 -0.55228 -0.6613843 0.5075014 -0.5522608 -0.6613973 0.5075052 -0.5522571 -0.5075076 0.6613987 -0.5522759 -0.5075009 0.6613881 -0.5522639 -0.3190316 0.7702101 -0.5522762 -0.3190267 0.7702032 -0.5522566 -0.108816 0.8265421 -0.5522795 -0.1088182 0.8265264 -0.5522714 0.1088154 0.8265324 -0.5522677 0.1088193 0.8265343 -0.552264 0.3190317 0.77021 -0.5522683 0.3190287 0.7702081 -0.5522645 0.5075047 0.6613948 -0.5522661 0.5075048 0.6613933 -0.5522726 0.6613882 0.5075044 -0.5522665 0.6613947 0.5075026 -0.5522753 0.7702029 0.319029 -0.5522722 0.7702059 0.3190274 -0.9804617 -0.1950269 0.02567559 -0.8953591 -0.441535 0.05812978 -0.193482 0.9727103 0.1280603 -0.4392285 0.8906898 0.1172603 -0.5533559 0.8230249 0.1281687 -0.6054636 0.7890643 0.1038812 -0.7908163 0.6068176 0.07988893 -0.8303984 -0.5490768 0.09462112 -0.8292533 -0.5163316 0.2138708 -0.8292555 -0.5163283 0.2138704 -0.829257 -0.4433803 0.3402161 -0.8292567 -0.4433788 0.3402185 -0.8292547 -0.3402177 0.4433832 -0.8292527 -0.3402228 0.443383 -0.8292506 -0.213872 0.5163353 -0.8292512 -0.213871 0.516335 -0.8292504 -0.07295 0.5540959 -0.8292576 -0.07294732 0.5540854 -0.8292504 0.07295 0.5540958 -0.8292566 0.0729475 0.554087 -0.8292506 0.213872 0.5163353 -0.8292502 0.2138716 0.5163364 -0.8292503 0.3402234 0.443387 -0.8292591 0.3402161 0.4433763 -0.8292568 0.4433802 0.3402162 -0.829259 0.4433758 0.3402167 -0.8292562 0.516327 0.2138704 -0.8292532 0.5163316 0.2138711 -0.8303988 0.5490765 0.09462064 -0.8953591 0.441535 0.05812978 -0.9804621 -0.1950254 0.02567583 -0.980462 -0.1817353 0.07527726 -0.9804612 -0.1817391 0.07527685 -0.9804611 -0.1560639 0.1197508 -0.9804614 -0.1560618 0.1197508 -0.9804623 -0.1197482 0.1560586 -0.980462 -0.1197488 0.1560595 -0.9804617 -0.07527858 0.1817362 -0.980462 -0.07527726 0.1817355 -0.9804613 -0.02567559 0.1950296 -0.9804627 -0.02567678 0.1950222 -0.9804622 0.02567654 0.1950247 -0.9804618 0.02567553 0.1950268 -0.9804621 0.07527762 0.181734 -0.9804618 0.07527762 0.1817364 -0.9804623 0.1197482 0.1560586 -0.9804621 0.1197484 0.1560589 -0.9804611 0.1560639 0.1197508 -0.9804617 0.1560607 0.1197499 -0.9804614 0.1817384 0.07527726 -0.9804618 0.1817365 0.07527691 -0.9804624 0.1950239 0.02567559 -0.9804615 0.1950281 0.02567577 -0.9807852 -0.1950909 0 -0.9807851 -0.1950915 0 -0.8968747 -0.4422848 0 -0.8968741 -0.4422861 0 -0.7933516 -0.6087638 0 -0.7933533 -0.6087615 0 -0.6087597 -0.7933548 0 -0.6087648 -0.7933508 0 -0.4422884 -0.8968729 0 -0.4422835 -0.8968754 0 -0.1950914 -0.9807851 0 -0.1950901 -0.9807853 0 -0.9656909 -0.1541463 0.2089978 -0.9806501 -0.1950613 0.016626 -0.9806495 -0.1950648 0.016626 -0.1944119 -0.9773762 0.08330535 -0.4409999 -0.8942647 0.07622134 -0.5533959 -0.8312298 0.05301201 -0.6073728 -0.7915471 0.06746542 -0.8305399 -0.5549472 0.04730057 -0.7930582 -0.6085372 0.02722716 -0.8962352 -0.4419768 0.03767073 -0.9806494 -0.1783453 0.08074569 -0.98065 -0.178342 0.08074587 -0.8305391 -0.5073797 0.2297186 -0.8305386 -0.5073806 0.2297184 -0.5541778 -0.7582992 0.343321 -0.554178 -0.7582984 0.3433227 -0.9806498 -0.1621047 0.1097643 -0.9806497 -0.1621055 0.1097634 -0.8305369 -0.4611884 0.3122722 -0.8305394 -0.4611834 0.3122728 -0.5541824 -0.6892535 0.4667029 -0.5541765 -0.6892582 0.4667029 -0.9806496 -0.141192 0.1356143 -0.9806497 -0.1411906 0.1356153 -0.8305423 -0.4016783 0.3858162 -0.8305375 -0.4016864 0.3858181 -0.5541765 -0.6003338 0.5766177 -0.5541782 -0.6003296 0.5766203 -0.09926599 -0.9520547 0.2893754 -0.1949388 -0.9592577 0.2045083 -0.1944124 -0.9773761 0.08330547 -0.9806492 -0.1894388 0.04939854 -0.9806498 -0.189436 0.04939854 -0.8305385 -0.5389393 0.1405361 -0.8305392 -0.5389381 0.1405365 -0.5541803 -0.805462 0.2100362 -0.5541815 -0.8054612 0.2100361 -0.1944109 -0.9491794 0.2475138 -0.1944206 -0.8935973 0.4045797 -0.1944089 -0.8935996 0.4045802 -0.1944112 -0.812238 0.5499761 -0.1944139 -0.8122392 0.5499733 -0.1944158 -0.7074452 0.6795027 -0.1114712 -0.6922191 0.7130267 -0.1949759 -0.7404881 0.6431654 -0.9806485 -0.1412537 0.1355583 -0.7930572 -0.3415166 0.5044074 -0.8305361 -0.3305957 0.4482368 -0.6073757 -0.4715418 0.6393303 -0.553399 -0.4799761 0.6807147 -0.2572805 -0.594921 0.7614958 -0.1944208 -0.5822417 0.7894271 -0.2284983 -0.9498713 0.2133851 -0.7933153 -0.3265733 0.51381 -0.1484494 -0.464029 0.8732926 -0.1463097 -0.5790314 0.80207 -0.136849 -0.5829176 0.8009242 -0.0808345 -0.8674405 0.4909306 -0.2389975 -0.7573467 0.6077057 -0.1599953 -0.7650187 0.6238172 -0.08948683 -0.9396305 0.330283 -0.1109327 -0.9722846 0.2058072 -0.09393876 -0.9787427 0.1823139 -0.9658986 -0.1289772 0.2245104 -0.09692955 -0.4953845 0.863249 -0.1046425 -0.491002 0.8648509 -0.1381011 -0.4849441 0.8635724 -0.1288068 -0.4919252 0.8610566 -0.1720417 -0.4853907 0.8572033 -0.1594032 -0.4994351 0.8515605 -0.1951133 -0.4791904 0.8557497 -0.1798303 -0.5009252 0.8466021 -0.2208033 -0.4800917 0.8489746 -0.2095705 -0.5055629 0.8369507 -0.234294 -0.4781019 0.846478 -0.2255097 -0.506468 0.8322473 -0.2518455 -0.480998 0.8397707 -0.2493857 -0.5062906 0.8255159 -0.2587377 -0.4838543 0.8360262 0.05141925 -0.8352571 0.5474503 -0.2422 -0.7644117 0.5975064 -0.2693099 -0.7667317 0.5827476 -0.3277771 -0.7340975 0.5946958 -0.3602979 -0.725896 0.5858845 -0.4034759 -0.6931226 0.5973177 -0.4484482 -0.6815125 0.5783035 -0.4775293 -0.6497966 0.5913798 -0.5181046 -0.6232104 0.5858126 -0.5360876 -0.5972815 0.5965442 -0.5882099 -0.5634762 0.5800895 -0.5979041 -0.5420535 0.5904988 -0.6343699 -0.4961777 0.5927754 -0.6388257 -0.481414 0.6001186 -0.6852511 -0.4254536 0.5911177 -0.6862883 -0.415746 0.5967946 -0.5908201 -0.6081362 0.5301905 -0.950886 -0.2184378 0.2193186 -0.9460737 -0.2576236 0.1964045 -0.9083592 -0.3466352 0.2339394 -0.8935512 -0.3976721 0.2083822 -0.8586591 -0.4638482 0.2180582 -0.8315047 -0.5220979 0.1897736 -0.7846055 -0.5765256 0.2280625 -0.7412749 -0.6401783 0.2017011 -0.702224 -0.6779946 0.2172664 -0.6410245 -0.7435364 0.1903715 -0.6005307 -0.7678161 0.2232069 -0.5187478 -0.8308996 0.2012628 -0.4884093 -0.8453938 0.2162536 -0.4158326 -0.8867183 0.2020245 -0.3602703 -0.9035138 0.2320955 -0.3286612 -0.9198164 0.2142882 -0.2426552 -0.9482039 0.2050072 -0.1590439 -0.9705776 0.180788 0 -0.9952599 0.09725189 0.0621488 -0.9895285 0.1302724 -0.05541795 -0.9493208 0.3093848 0.9450038 -0.3254232 0.03267568 0.2796328 -0.8633422 0.4200545 0.1025854 -0.9457638 0.3082322 0.02896171 -0.7543573 0.655825 0.1420037 -0.9813982 0.1292006 0.1328995 -0.9871107 0.08916467 0.3131672 -0.9381504 0.1476486 0.3713421 -0.8986138 0.2336632 0.5066061 -0.8587312 0.0770148 0.6197503 -0.7651011 0.1747282 0.6411541 -0.7294984 0.2382301 0.7949613 -0.6006894 0.0849049 0.8784413 -0.3709391 0.3012392 0.297775 -0.8942912 0.3340259 0.4579841 -0.7517238 0.4745122 0.5225728 -0.7773393 0.3502307 0.6049187 -0.5911143 0.533533 0.7003952 -0.592444 0.3980662 0.1025009 -0.8943002 0.4355695 0.02202826 -0.9417831 0.3354987 0.0759226 -0.7831495 0.6171813 0.1000115 -0.7746677 0.62441 0.107331 -0.791228 0.6020284 0.1632031 -0.7415797 0.6507106 0.189279 -0.7609993 0.6205269 0.2181615 -0.6962096 0.6838845 0.2586176 -0.7104746 0.6544792 0.1950911 -0.693521 0.6935186 0.2587262 -0.7017657 0.6637663 0.442289 -0.6341829 0.6341866 0.6087667 -0.5609841 0.5609813 0.7066519 -0.5250393 0.4743172 0.793352 -0.4304625 0.4304589 0.8968762 -0.3127393 0.3127416 0.9655777 -0.2019441 0.1639465 0.9807853 -0.1379505 0.1379493 0.9804611 -0.1950307 0.02567583 0.980462 -0.1560598 0.1197488 0.9804611 -0.1560631 0.1197509 0.1934896 -0.7783598 0.5972586 0.4392395 -0.7127261 0.5468913 0.5501748 -0.6435738 0.5320906 0.6054709 -0.631406 0.4844912 0.8292521 -0.4433857 0.3402208 0.7926418 -0.4600749 0.4000629 0.8953582 -0.353317 0.2711108 0.9804623 -0.1950244 0.02567571 0.8953564 -0.4415404 0.05813014 0.8273823 -0.5596336 0.04741954 0.7908156 -0.6068184 0.07988792 0.5522693 -0.8265338 0.1088138 0.6077841 -0.7920638 0.05686402 0.4392411 -0.8906837 0.1172611 0.1052675 -0.9416691 0.3196534 0.194689 -0.8797094 0.4338288 0.1934849 -0.7783631 0.5972558 0.9804618 -0.1817358 0.07527792 0.9804622 -0.181734 0.07527703 0.829257 -0.5163261 0.2138698 0.8292551 -0.5163286 0.2138714 0.5522708 -0.7702055 0.3190305 0.5522761 -0.7702023 0.3190293 0.1934871 -0.9064206 0.3754527 0.1934832 -0.97271 0.1280609 0.1934836 -0.9727103 0.1280583 0.9807857 -0.1950885 0 0.9807851 -0.1950915 0 0.8968757 -0.4422827 0 0.8968712 -0.4422922 0 0.7933524 -0.6087628 0 0.7933552 -0.608759 0 0.6087541 -0.7933591 0 0.6087628 -0.7933524 0 0.442289 -0.8968726 0 0.4422921 -0.8968711 0 0.19509 -0.9807854 0 0.195089 -0.9807856 0 0.9805191 -0.195036 -0.02331387 0.9805179 -0.1950415 -0.02331387 0.5514495 -0.8307065 -0.07635533 0.606042 -0.7898101 -0.09441 0.8296448 -0.5543451 -0.06626427 0.7926242 -0.6082067 -0.04279804 0.8956264 -0.4416627 -0.05279576 0.1937625 -0.974114 -0.1164394 0.1937632 -0.9741135 -0.1164414 0.4397692 -0.8917624 -0.1065979 0.9805198 -0.1840413 -0.06862789 0.9805186 -0.1840481 -0.06862777 0.82964 -0.5231154 -0.1950587 0.8296425 -0.5231115 -0.1950584 0.5528441 -0.7807711 -0.2911354 0.5528461 -0.78077 -0.2911351 0.1937627 -0.9192226 -0.3427623 0.1937663 -0.9192226 -0.34276 0.9805876 0.1825604 -0.07155305 0.8301224 0.5191299 -0.2034728 0.5535542 0.775381 -0.3039113 0.1941033 0.9133316 -0.3579795 0.1941154 0.9133281 -0.357982 0.1949113 0.9555805 -0.2210785 0.2680391 0.949702 -0.1619294 0.1947676 0.9731939 -0.1223087 0.1943678 0.9807089 0.02076315 0.2315588 0.972198 0.03480708 0.1950729 0.9733183 0.1208227 0.1941115 0.9527564 0.2336151 0.1941083 0.9527567 0.2336167 0.1950063 0.9137086 0.3565238 0.255993 0.8724832 0.4162221 0.1945839 0.872582 0.4480378 0.194109 0.7810668 0.593512 0.2792551 0.7811903 0.5583533 0.1950064 0.7355049 0.6488491 0.1940965 0.6441401 0.7398717 0.1941116 0.6441364 0.739871 0.1950882 0.5532948 0.8098183 0.2315562 0.4763259 0.8482307 0.1943585 0.4677445 0.8622295 0.1941092 0.2964516 0.935114 0.319534 0.325685 0.8898468 0.1949202 0.241259 0.9506841 0.1940819 0.1002132 0.9758533 0.1941239 0.1002138 0.9758449 0.1941112 -0.1002132 0.9758475 0.1940982 -0.1002141 0.97585 0.1949123 -0.2412589 0.9506858 0.26803 -0.2911421 0.918366 0.1947704 -0.3371217 0.9210936 0.1943585 -0.4677445 0.8622295 0.2315635 -0.476325 0.8482292 0.195085 -0.5532951 0.8098186 0.1940965 -0.6441401 0.7398717 0.1941129 -0.6441367 0.7398703 0.1950066 -0.7355041 0.6488499 0.2559791 -0.7696819 0.5848628 0.1945996 -0.7980034 0.5703697 0.1941023 -0.8853918 0.4223811 0.2792683 -0.8541917 0.4385951 0.1950092 -0.9137082 0.3565231 0.1941078 -0.9527569 0.2336162 0.1941101 -0.9527566 0.2336156 0.1950713 -0.9733186 0.1208227 0.2315596 -0.9721978 0.03480714 0.1943678 -0.9807089 0.02076315 0.1941061 -0.9670245 -0.164883 0.3195534 -0.9401724 -0.1181585 0.1949109 -0.9555805 -0.221078 0.1941033 -0.9133313 -0.3579803 0.1941141 -0.913329 -0.3579805 0.5535529 0.7753825 -0.3039099 0.5535593 0.8209618 -0.1399784 0.5535527 0.8209662 -0.1399785 0.5535587 0.832277 0.02979761 0.5535525 0.8322811 0.02979749 0.5535565 0.8088513 0.1983306 0.5535542 0.8088527 0.1983304 0.5535595 0.7516584 0.3585827 0.5535577 0.7516602 0.3585817 0.5535668 0.663085 0.5038671 0.5535542 0.6630947 0.5038683 0.5535653 0.5468407 0.6281169 0.5535466 0.5468529 0.6281228 0.5535532 0.4077748 0.7261533 0.5535586 0.4077715 0.7261511 0.5535541 0.2516746 0.7938753 0.5535719 0.2516758 0.7938624 0.5535535 0.08507776 0.8284567 0.5535711 0.08507633 0.828445 0.5535534 -0.08507776 0.8284567 0.5535701 -0.08507645 0.8284456 0.5535538 -0.2516754 0.7938752 0.5535725 -0.2516754 0.7938621 0.5535531 -0.4077747 0.7261534 0.5535614 -0.4077711 0.7261492 0.5535431 -0.5468512 0.6281272 0.5535651 -0.5468444 0.6281138 0.5535601 -0.66309 0.503868 0.5535589 -0.6630916 0.5038671 0.5535542 -0.7516617 0.3585843 0.5535594 -0.7516597 0.3585802 0.5535619 -0.8088479 0.1983289 0.5535487 -0.8088563 0.1983316 0.5535574 -0.8322779 0.02979761 0.5535534 -0.8322805 0.02979749 0.5535592 -0.8209617 -0.1399788 0.5535526 -0.8209664 -0.1399779 0.5535567 -0.7753792 -0.3039116 0.5535515 -0.7753838 -0.3039092 0.8301177 0.5191354 -0.2034775 0.8301212 0.5496503 -0.09371852 0.8301185 0.5496547 -0.09371781 0.8301224 0.5572242 0.01995021 0.8301187 0.5572298 0.01995021 0.8301196 0.5415437 0.1327857 0.8301215 0.5415406 0.1327855 0.8301167 0.5032568 0.2400814 0.8301185 0.5032554 0.2400779 0.8301244 0.4439488 0.3373467 0.8301162 0.4439591 0.3373535 0.8301236 0.3661223 0.4205344 0.8301188 0.3661264 0.4205403 0.8301193 0.2730121 0.4861754 0.8301201 0.2730128 0.4861736 0.830119 0.1685038 0.5315158 0.8301154 0.1685058 0.5315205 0.830119 0.0569604 0.5546694 0.830119 0.05696016 0.5546694 0.830114 -0.05696117 0.5546768 0.8301222 -0.05695962 0.5546646 0.830114 -0.168507 0.5315228 0.8301175 -0.1685049 0.5315178 0.8301188 -0.273014 0.4861751 0.830119 -0.2730127 0.4861754 0.8301242 -0.3661205 0.420535 0.8301157 -0.3661309 0.4205427 0.8301206 -0.4439551 0.3373484 0.830118 -0.4439567 0.3373525 0.8301151 -0.5032598 0.2400804 0.8301199 -0.5032525 0.2400788 0.8301202 -0.5415427 0.1327859 0.8301217 -0.5415406 0.1327854 0.8301224 -0.5572242 0.01995021 0.8301194 -0.5572286 0.01995027 0.8301183 -0.549655 -0.09371811 0.8301197 -0.5496526 -0.09371846 0.8301199 -0.5191334 -0.2034742 0.8301195 -0.5191332 -0.2034758 0.9805889 0.1825532 -0.07155245 0.9805883 0.1932891 -0.03295582 0.9805887 0.1932865 -0.03295677 0.9805886 0.1959514 0.007015526 0.9805881 0.1959539 0.007015824 0.9805883 0.1904375 0.04669469 0.9805883 0.190437 0.04669487 0.9805887 0.17697 0.08442485 0.9805886 0.17697 0.08442527 0.9805887 0.1561176 0.1186298 0.9805883 0.1561191 0.1186311 0.9805885 0.1287492 0.1478846 0.9805885 0.1287478 0.1478859 0.9805884 0.09600692 0.1709654 0.9805884 0.09600561 0.1709665 0.9805884 0.05925554 0.1869094 0.9805883 0.05925488 0.1869103 0.9805879 0.02003014 0.1950548 0.980589 0.0200318 0.1950489 0.9805878 -0.02003121 0.1950548 0.980589 -0.02003061 0.1950489 0.9805891 -0.05925452 0.1869063 0.9805877 -0.05925577 0.1869133 0.980588 -0.09600645 0.1709682 0.9805887 -0.09600633 0.1709638 0.9805885 -0.1287492 0.1478845 0.9805884 -0.1287489 0.1478859 0.9805881 -0.1561202 0.1186317 0.980589 -0.1561163 0.1186292 0.980589 -0.1769685 0.08442413 0.9805882 -0.1769725 0.08442562 0.9805883 -0.1904375 0.04669469 0.9805878 -0.1904397 0.04669487 0.9805894 -0.1959472 0.007015645 0.9805877 -0.1959555 0.007015705 0.9805887 -0.1932866 -0.03295624 0.9805884 -0.1932878 -0.03295648 0.9805883 -0.1825563 -0.07155311 0.9805887 -0.1825543 -0.07155245 0.980519 0.1950358 -0.02331399 0.9805184 0.195039 -0.02331376 0.8956264 0.4416627 -0.05279576 0.8283331 0.5583342 -0.04612272 0.7912632 0.6071536 -0.07257509 0.5528479 0.8273921 -0.09890234 0.9805184 0.1840486 -0.0686286 0.9805193 0.1840441 -0.06862723 0.8296384 0.5231178 -0.1950595 0.8296414 0.5231134 -0.1950581 0.5528441 0.7807711 -0.2911354 0.5528468 0.7807692 -0.2911354 0.193772 0.9192214 -0.3427603 0.1937598 0.9192234 -0.3427618 0.6076833 0.7919452 -0.05953019 0.4397692 0.8917624 -0.1065979 0.1937658 0.9741134 -0.1164386 0.1937613 0.9741138 -0.1164423 0.9807861 0.1950865 0 0.9807847 0.1950935 0 0.8968772 0.4422797 0 0.8968696 0.4422953 0 0.7933552 0.608759 0 0.7933524 0.6087628 0 0.608759 0.7933552 0 0.6087579 0.7933561 0 0.4422921 0.8968711 0 0.442289 0.8968726 0 0.19509 0.9807854 0 0.195089 0.9807856 0 0.9804611 0.1560645 0.1197497 0.980462 0.1950264 0.02567547 0.9804614 0.1950285 0.02567613 0.5501753 0.8313199 0.07883244 0.6054669 0.7890619 0.1038812 0.8292516 0.5540945 0.0729466 0.7926415 0.6082096 0.04243463 0.8953564 0.4415404 0.05813014 0.9804617 0.1817371 0.0752772 0.9804621 0.1817349 0.07527703 0.8292546 0.5163294 0.2138712 0.8292554 0.5163279 0.2138715 0.5522695 0.7702069 0.3190294 0.5522743 0.770203 0.3190308 0.980462 0.1560593 0.1197497 0.8953582 0.353317 0.2711108 0.8273814 0.4292538 0.3621897 0.7908174 0.4855729 0.3725948 0.5522738 0.6613893 0.5075017 0.6077767 0.6002855 0.51987 0.4392395 0.7127261 0.5468913 0.1934834 0.9727101 0.1280593 0.1934832 0.9727101 0.1280599 0.4392411 0.8906837 0.1172611 0.1946812 0.9288127 0.3152878 0.1507583 0.9133196 0.3783112 0.194689 0.8797094 0.4338288 0.1934814 0.7783612 0.5972595 0.1934893 0.778362 0.5972558 0.1950911 0.693521 0.6935186 0.2587262 0.701766 0.663766 0.442289 0.6341829 0.6341866 0.6087635 0.5609853 0.5609835 0.7066515 0.5250394 0.4743177 0.9807858 0.1379474 0.1379487 0.9655777 0.2019441 0.1639465 0.8968762 0.3127393 0.3127416 0.793348 0.430468 0.4304607 0.2034105 0.7204316 0.6630252 0.04655468 0.8003991 0.597657 0.05744153 0.79087 0.6092826 0.09190297 0.7778241 0.6217262 0.1448202 0.9809926 0.1291543 0.1162894 0.9443237 0.3077818 0.9653609 0.1587783 0.2070456 0.2587772 0.6705884 0.6952307 0.6878226 0.5411165 0.4838317 0.682527 0.5876876 0.4344885 0.7068986 0.4828081 0.516905 0.9519987 0.2571908 0.1659858 0.9240393 0.3807764 0.03407382 0.8204979 0.4237055 0.3837408 0.8325819 0.512728 0.2095649 0.7292664 0.6836135 0.02903747 0.5189192 0.7630493 0.3853293 0.5693319 0.6655264 0.4826344 0.249462 0.7053325 0.6635321 0.2506595 0.6889964 0.6800395 0.6556978 0.6782481 0.3317228 0.6158517 0.7679213 0.1761355 0.4881312 0.8700973 0.06825411 0.1145654 0.9277569 0.3551647 0.1154196 0.9260792 0.3592433 0.2593634 0.8733109 0.412382 0.115226 0.7836135 0.6104695 0.1478289 0.7553468 0.6384341 0.18655 0.7533188 0.6306424 0.4180885 0.7932895 0.4425989 0.3215216 0.8760538 0.3593798 0.4085907 0.8962086 0.1728116 0.1663369 0.9825291 0.08347946 0 0.9914444 0.1305304 0.09848082 0.9924783 0.07272249 -0.05541795 0.9493208 0.3093848 0 -0.9659261 0.2588185 0.003453433 -0.945021 0.3269914 0 -0.997295 0.07350403 0 -0.258819 0.9659259 0.006352126 -0.1381241 0.9903945 0 -0.3873799 0.9219202 0 -0.7071068 0.7071067 0.01009505 -0.5510401 0.8344178 0 -0.7435447 0.6686863 0 0.1350651 0.9908368 0.003360867 0.2588179 0.9659203 0.002120792 0.7071055 0.7071049 1.86215e-5 0.5466842 0.837339 -4.4669e-5 0.3885796 0.9214152 0 0.9973195 0.07316994 0.001863718 0.9774394 0.2112086 0.003121197 0.9659209 0.2588189 0 0.9201633 0.3915349 0 0.7435447 0.6686863 0 0.9945506 0.1042556 -0.03313755 0.9605469 0.2761368 0 0.9807854 0.1950899 0 0.8314695 0.5555706 0 0.8314688 0.5555715 0 -0.8314688 0.5555715 0 -0.8314695 0.5555706 0 -0.95511 0.2962516 -0.01742804 -0.980636 0.1950625 0 -0.9945546 0.104217 1.22864e-5 0 1 6.14319e-6 0 1 4.47284e-6 0 1 -1.82987e-6 0 1 1.74005e-6 0 1 -2.79173e-7 0 1 -1.77225e-6 0 1 6.14318e-6 0 1 1.54001e-6 0 1 1.22864e-5 0 1 -1.84913e-6 0 1 1.22864e-5 0 1 -1.20786e-5 0 1 9.06272e-7 0 1 -1.53406e-6 0 1 1.72444e-6 0 1 0 0.2225219 -0.9749277 0 0.2225221 -0.9749277 0 0.6234899 -0.7818315 0 0.6234894 -0.7818319 0 0.9009686 -0.4338843 0 0.9009684 -0.4338847 0 0.9009691 0.4338834 0 0.9009693 0.4338831 0 0.6234889 0.7818323 0 0.6234884 0.7818326 0 0.2225219 0.9749277 0 0.2225221 0.9749277 0 -0.2225219 0.9749277 0 -0.2225221 0.9749277 0 -0.6234889 0.7818323 0 -0.6234884 0.7818326 0 -0.9009694 0.4338828 0 -0.9009689 0.4338838 0 -0.9009683 -0.433885 0 -0.9009688 -0.4338841 0 -0.6234899 -0.7818315 0 -0.6234894 -0.7818319 0 -0.2225219 -0.9749277 0 -0.2225221 -0.9749277 1 -3.3539e-7 0 1 -3.35386e-7 0 1 3.35386e-7 0 1 -3.35386e-7 0 1 -5.86928e-7 0 1 6.7077e-7 0 1 3.3539e-7 0 0 0.6234886 0.7818325 0 0.9009683 -0.433885 0 0.9009688 -0.4338841 0 0.6234896 -0.7818316 0 -0.6234896 -0.7818316 0 -0.9009686 -0.4338843 0 -0.9009684 -0.4338847 0 -0.6234886 0.7818325 -1 1.67693e-7 0 -1 0 0</float_array>
          <technique_common>
            <accessor source="#link_5_3-mesh-normals-array" count="2626" stride="3">
              <param name="X" type="float"/>
              <param name="Y" type="float"/>
              <param name="Z" type="float"/>
            </accessor>
          </technique_common>
        </source>
        <vertices id="link_5_3-mesh-vertices">
          <input semantic="POSITION" source="#link_5_3-mesh-positions"/>
        </vertices>
        <triangles material="m_1-material" count="2906">
          <input semantic="VERTEX" source="#link_5_3-mesh-vertices" offset="0"/>
          <input semantic="NORMAL" source="#link_5_3-mesh-normals" offset="1"/>
          <p>0 0 1 0 2 0 2 1 1 1 3 1 2 2 3 2 4 2 5 2 6 2 7 2 7 3 6 3 8 3 7 4 8 4 9 4 9 5 8 5 2 5 2 2 8 2 10 2 2 6 10 6 0 6 11 7 12 7 13 7 13 8 12 8 2 8 13 9 2 9 14 9 14 2 2 2 4 2 5 2 7 2 15 2 15 2 7 2 16 2 15 2 16 2 17 2 18 2 19 2 20 2 20 2 19 2 21 2 20 2 21 2 22 2 18 2 20 2 23 2 23 2 20 2 24 2 23 10 24 10 25 10 24 11 26 11 27 11 27 12 28 12 24 12 24 13 28 13 29 13 24 14 29 14 30 14 30 15 31 15 24 15 24 16 31 16 32 16 24 17 32 17 33 17 17 2 16 2 22 2 22 2 16 2 34 2 22 2 34 2 20 2 35 2 36 2 37 2 37 2 36 2 38 2 37 2 38 2 39 2 33 2 40 2 24 2 24 2 40 2 41 2 24 18 41 18 25 18 26 19 24 19 38 19 38 2 24 2 42 2 38 20 42 20 39 20 43 21 44 21 45 21 45 21 44 21 46 21 47 21 48 21 49 21 49 21 48 21 50 21 51 21 52 21 53 21 53 21 52 21 54 21 55 21 50 21 56 21 56 21 50 21 48 21 56 21 48 21 57 21 57 22 48 22 45 22 57 21 45 21 53 21 53 21 45 21 46 21 53 23 46 23 51 23 58 24 59 24 60 24 60 24 59 24 61 24 62 25 63 25 64 25 64 26 63 26 65 26 65 27 66 27 64 27 64 28 66 28 67 28 64 29 67 29 68 29 69 30 70 30 68 30 68 31 70 31 71 31 68 32 71 32 64 32 69 33 72 33 70 33 70 34 72 34 73 34 70 35 73 35 74 35 74 36 73 36 75 36 73 37 76 37 75 37 75 38 76 38 77 38 75 39 77 39 8 39 8 40 77 40 78 40 8 41 78 41 10 41 12 42 11 42 79 42 79 43 11 43 80 43 79 44 80 44 81 44 81 45 80 45 82 45 81 46 82 46 83 46 83 47 82 47 84 47 83 48 84 48 85 48 85 49 84 49 86 49 85 50 86 50 87 50 86 51 88 51 87 51 87 52 88 52 89 52 87 53 89 53 90 53 90 54 89 54 91 54 90 55 91 55 92 55 48 56 47 56 93 56 93 57 47 57 90 57 93 58 90 58 94 58 94 59 90 59 92 59 63 60 62 60 95 60 96 60 97 60 98 60 99 61 100 61 98 61 101 60 102 60 103 60 103 60 102 60 99 60 103 60 99 60 104 60 104 60 99 60 98 60 105 60 106 60 100 60 100 60 106 60 107 60 100 60 107 60 98 60 98 62 107 62 63 62 98 60 63 60 96 60 96 60 63 60 95 60 108 63 109 63 110 63 111 64 112 64 113 64 113 64 112 64 114 64 115 64 116 64 113 64 113 65 116 65 117 65 113 66 117 66 111 66 114 64 118 64 113 64 113 67 118 67 119 67 113 68 119 68 108 68 120 69 121 69 122 69 122 64 121 64 123 64 122 64 123 64 124 64 120 64 122 64 110 64 110 70 122 70 125 70 110 64 125 64 108 64 108 71 125 71 126 71 108 72 126 72 113 72 127 64 128 64 129 64 129 64 128 64 130 64 129 64 130 64 124 64 124 64 130 64 131 64 124 64 131 64 122 64 127 64 132 64 128 64 128 64 132 64 133 64 128 64 133 64 134 64 134 64 135 64 128 64 128 73 135 73 136 73 128 64 136 64 137 64 138 64 136 64 139 64 139 64 136 64 140 64 138 74 141 74 136 74 136 75 141 75 142 75 136 76 142 76 137 76 143 24 144 24 145 24 145 24 144 24 146 24 147 77 148 77 149 77 149 78 148 78 150 78 149 79 150 79 151 79 151 80 150 80 152 80 151 81 152 81 153 81 153 82 152 82 154 82 153 83 154 83 155 83 155 84 154 84 156 84 155 85 156 85 108 85 108 86 156 86 157 86 108 87 157 87 109 87 158 88 159 88 160 88 99 89 102 89 161 89 161 90 102 90 158 90 161 91 158 91 162 91 162 92 158 92 160 92 149 93 163 93 147 93 147 94 163 94 164 94 147 95 164 95 165 95 165 96 164 96 159 96 165 97 159 97 166 97 166 98 159 98 158 98 167 99 168 99 169 99 169 100 168 100 170 100 169 101 170 101 171 101 171 102 170 102 172 102 52 103 51 103 170 103 170 104 51 104 173 104 170 105 173 105 172 105 174 106 175 106 176 106 176 107 175 107 177 107 176 108 177 108 178 108 167 109 169 109 177 109 177 110 169 110 179 110 177 111 179 111 178 111 180 112 181 112 182 112 174 113 176 113 182 113 182 114 176 114 183 114 182 115 183 115 180 115 115 116 184 116 116 116 116 117 184 117 185 117 181 118 180 118 185 118 185 119 180 119 186 119 185 120 186 120 116 120 44 121 43 121 187 121 187 122 43 122 188 122 187 123 188 123 189 123 189 124 188 124 190 124 189 125 190 125 191 125 191 126 190 126 192 126 191 127 192 127 193 127 193 128 192 128 194 128 193 129 194 129 195 129 195 130 194 130 196 130 195 131 196 131 197 131 197 132 196 132 198 132 197 133 198 133 199 133 199 134 198 134 200 134 199 135 200 135 201 135 201 135 200 135 202 135 201 136 202 136 203 136 203 137 202 137 204 137 203 138 204 138 205 138 205 138 204 138 206 138 205 139 206 139 207 139 207 140 206 140 208 140 207 141 208 141 209 141 209 141 208 141 210 141 209 142 210 142 211 142 211 142 210 142 212 142 211 143 212 143 213 143 213 144 212 144 214 144 213 145 214 145 215 145 215 146 214 146 216 146 215 147 216 147 217 147 217 148 216 148 218 148 217 149 218 149 219 149 219 150 218 150 220 150 219 151 220 151 221 151 221 151 220 151 222 151 221 152 222 152 223 152 223 152 222 152 224 152 223 153 224 153 225 153 225 154 224 154 226 154 225 155 226 155 227 155 227 155 226 155 228 155 227 156 228 156 229 156 229 157 228 157 230 157 229 158 230 158 231 158 231 158 230 158 232 158 231 159 232 159 233 159 233 160 232 160 234 160 233 161 234 161 235 161 235 162 234 162 236 162 235 163 236 163 237 163 237 164 236 164 238 164 237 165 238 165 239 165 239 166 238 166 240 166 239 167 240 167 241 167 241 168 240 168 242 168 241 169 242 169 243 169 243 170 242 170 244 170 243 171 244 171 105 171 105 172 244 172 106 172 245 64 246 64 247 64 248 64 249 64 250 64 251 64 252 64 253 64 253 64 252 64 254 64 253 173 254 173 255 173 255 64 254 64 256 64 257 174 258 174 259 174 260 64 146 64 144 64 261 64 262 64 263 64 263 175 262 175 264 175 263 176 264 176 249 176 249 177 264 177 265 177 249 64 265 64 250 64 256 178 254 178 266 178 266 179 254 179 267 179 266 180 267 180 268 180 250 181 269 181 248 181 248 64 269 64 270 64 248 64 270 64 267 64 267 182 270 182 271 182 267 183 271 183 268 183 261 184 263 184 259 184 259 64 263 64 272 64 259 185 272 185 273 185 146 64 260 64 245 64 245 186 260 186 274 186 245 64 274 64 246 64 257 64 259 64 275 64 275 187 259 187 273 187 275 64 273 64 144 64 144 64 273 64 276 64 144 188 276 188 260 188 277 189 278 189 279 189 279 64 245 64 277 64 277 64 245 64 247 64 277 190 247 190 280 190 280 191 247 191 281 191 280 64 281 64 282 64 282 64 281 64 252 64 282 64 252 64 283 64 283 64 252 64 251 64 284 2 285 2 286 2 286 2 285 2 287 2 286 2 287 2 288 2 284 192 289 192 285 192 285 193 289 193 290 193 285 2 290 2 291 2 291 194 290 194 292 194 291 195 292 195 293 195 293 2 292 2 294 2 293 196 294 196 295 196 295 197 294 197 296 197 297 2 298 2 299 2 299 198 298 198 300 198 299 2 300 2 301 2 297 199 299 199 302 199 302 2 299 2 303 2 302 2 303 2 304 2 59 2 305 2 306 2 305 2 307 2 306 2 306 200 307 200 308 200 306 2 308 2 309 2 309 201 308 201 310 201 309 2 310 2 311 2 306 2 312 2 59 2 59 202 312 202 313 202 59 2 313 2 61 2 61 203 313 203 314 203 61 2 314 2 315 2 315 204 314 204 295 204 315 2 295 2 316 2 316 2 295 2 296 2 300 2 317 2 301 2 301 205 317 205 318 205 301 2 318 2 287 2 287 206 318 206 319 206 287 2 319 2 288 2 310 207 320 207 311 207 311 208 320 208 321 208 311 209 321 209 303 209 303 210 321 210 322 210 303 211 322 211 304 211 143 212 323 212 144 212 144 213 323 213 275 213 323 214 324 214 275 214 275 215 324 215 325 215 275 216 325 216 257 216 325 217 326 217 257 217 257 218 326 218 327 218 257 219 327 219 258 219 328 220 329 220 330 220 328 221 330 221 331 221 330 222 332 222 331 222 331 223 332 223 333 223 331 224 333 224 334 224 334 225 333 225 335 225 334 226 335 226 336 226 336 227 335 227 337 227 336 228 337 228 338 228 338 229 337 229 339 229 338 230 339 230 340 230 340 231 339 231 258 231 340 232 258 232 341 232 341 233 258 233 327 233 46 234 342 234 51 234 51 235 342 235 343 235 51 236 343 236 344 236 344 237 343 237 345 237 328 238 346 238 329 238 329 239 346 239 347 239 329 240 347 240 345 240 345 241 347 241 348 241 345 242 348 242 344 242 349 243 100 243 99 243 350 244 351 244 352 244 352 245 351 245 353 245 350 246 352 246 354 246 354 247 352 247 355 247 354 248 355 248 99 248 99 249 355 249 356 249 99 250 356 250 349 250 357 251 358 251 359 251 359 252 358 252 360 252 359 253 360 253 361 253 351 254 362 254 353 254 353 255 362 255 358 255 353 256 358 256 363 256 363 257 358 257 357 257 364 258 279 258 278 258 360 259 365 259 361 259 361 260 365 260 366 260 361 261 366 261 367 261 367 262 366 262 368 262 367 263 368 263 369 263 369 264 368 264 370 264 369 265 370 265 278 265 278 266 370 266 371 266 278 267 371 267 364 267 364 268 372 268 279 268 279 269 372 269 373 269 279 270 373 270 245 270 145 271 146 271 374 271 374 272 146 272 245 272 374 273 245 273 375 273 375 274 245 274 373 274 376 275 377 275 48 275 376 276 48 276 378 276 48 277 379 277 378 277 378 278 379 278 380 278 378 279 380 279 381 279 377 280 382 280 48 280 48 281 382 281 383 281 48 282 383 282 45 282 384 283 385 283 386 283 386 284 385 284 387 284 386 285 387 285 388 285 388 286 387 286 389 286 388 287 389 287 390 287 381 288 391 288 378 288 378 289 391 289 388 289 378 290 388 290 392 290 392 291 388 291 390 291 393 292 316 292 296 292 384 293 394 293 385 293 385 294 394 294 395 294 385 295 395 295 396 295 396 296 395 296 397 296 396 297 397 297 296 297 296 298 397 298 398 298 296 299 398 299 393 299 393 300 399 300 316 300 316 301 399 301 400 301 316 302 400 302 315 302 60 303 61 303 401 303 401 304 61 304 315 304 401 305 315 305 402 305 402 306 315 306 400 306 58 307 403 307 59 307 59 308 403 308 305 308 403 309 404 309 305 309 305 310 404 310 405 310 305 311 405 311 307 311 308 312 406 312 407 312 407 313 406 313 408 313 407 314 408 314 409 314 405 315 410 315 307 315 307 316 410 316 411 316 307 317 411 317 308 317 308 318 411 318 412 318 308 319 412 319 406 319 413 320 414 320 415 320 415 321 414 321 416 321 415 322 416 322 417 322 417 323 416 323 418 323 417 324 418 324 419 324 419 325 418 325 409 325 419 326 409 326 420 326 420 327 409 327 408 327 63 328 107 328 421 328 413 329 415 329 422 329 422 330 415 330 423 330 422 331 423 331 424 331 421 332 425 332 63 332 63 333 425 333 426 333 63 334 426 334 427 334 427 335 426 335 422 335 427 336 422 336 428 336 428 337 422 337 424 337 341 338 429 338 430 338 173 339 431 339 172 339 172 340 431 340 432 340 172 341 432 341 171 341 344 342 348 342 433 342 433 343 348 343 347 343 433 344 347 344 434 344 434 345 347 345 346 345 434 346 346 346 435 346 435 347 346 347 328 347 435 348 328 348 436 348 328 349 331 349 436 349 436 350 331 350 334 350 436 351 334 351 437 351 437 352 334 352 336 352 437 353 336 353 438 353 438 354 336 354 338 354 438 355 338 355 430 355 430 356 338 356 340 356 430 357 340 357 341 357 341 358 327 358 439 358 341 359 439 359 429 359 429 360 439 360 440 360 429 361 440 361 441 361 51 362 344 362 173 362 173 363 344 363 433 363 173 364 433 364 431 364 431 365 433 365 434 365 431 366 434 366 432 366 432 367 434 367 435 367 432 368 435 368 442 368 442 369 435 369 436 369 442 370 436 370 443 370 443 371 436 371 437 371 443 372 437 372 444 372 444 373 437 373 438 373 444 374 438 374 445 374 445 375 438 375 430 375 445 376 430 376 446 376 446 377 430 377 429 377 446 378 429 378 447 378 447 379 429 379 441 379 447 380 441 380 448 380 171 381 432 381 169 381 169 382 432 382 442 382 169 383 442 383 179 383 179 384 442 384 443 384 179 385 443 385 178 385 178 386 443 386 444 386 178 387 444 387 176 387 176 388 444 388 445 388 176 389 445 389 183 389 183 390 445 390 446 390 183 391 446 391 180 391 180 392 446 392 447 392 180 393 447 393 186 393 186 394 447 394 448 394 186 395 448 395 116 395 325 396 324 396 449 396 449 397 324 397 323 397 449 398 323 398 143 398 143 399 450 399 449 399 449 400 450 400 451 400 449 401 451 401 452 401 327 402 326 402 439 402 439 403 326 403 453 403 439 404 453 404 440 404 440 405 453 405 454 405 440 406 454 406 441 406 441 407 454 407 455 407 441 408 455 408 448 408 448 409 455 409 117 409 448 410 117 410 116 410 326 411 325 411 453 411 453 412 325 412 449 412 453 413 449 413 454 413 454 414 449 414 452 414 454 415 452 415 455 415 455 416 452 416 456 416 455 417 456 417 117 417 117 418 456 418 111 418 451 419 457 419 452 419 452 420 457 420 458 420 452 421 458 421 456 421 456 422 458 422 459 422 456 423 459 423 111 423 111 424 459 424 112 424 143 425 145 425 450 425 450 425 145 425 460 425 450 426 460 426 451 426 451 427 460 427 461 427 451 428 461 428 457 428 457 429 461 429 462 429 457 430 462 430 458 430 458 431 462 431 463 431 458 432 463 432 459 432 459 433 463 433 464 433 459 434 464 434 112 434 112 434 464 434 114 434 372 435 364 435 465 435 375 436 373 436 466 436 466 437 373 437 372 437 145 438 374 438 460 438 460 439 374 439 467 439 460 440 467 440 461 440 461 441 467 441 468 441 372 442 465 442 466 442 466 443 465 443 469 443 466 444 469 444 470 444 471 445 463 445 468 445 468 446 463 446 462 446 468 447 462 447 461 447 118 448 114 448 471 448 471 449 114 449 464 449 471 450 464 450 463 450 374 451 375 451 467 451 467 452 375 452 466 452 467 453 466 453 468 453 468 454 466 454 470 454 468 455 470 455 471 455 471 456 470 456 472 456 471 457 472 457 118 457 118 458 472 458 119 458 469 459 473 459 470 459 470 460 473 460 474 460 470 461 474 461 472 461 472 462 474 462 108 462 472 463 108 463 119 463 159 464 164 464 475 464 99 465 161 465 354 465 354 466 161 466 476 466 354 467 476 467 477 467 477 468 476 468 478 468 477 469 478 469 479 469 354 470 477 470 350 470 350 471 477 471 479 471 350 472 479 472 351 472 159 473 475 473 160 473 161 474 162 474 476 474 476 475 162 475 160 475 476 476 160 476 478 476 478 477 160 477 475 477 478 478 475 478 479 478 479 479 475 479 480 479 479 480 480 480 351 480 360 481 358 481 480 481 480 482 358 482 362 482 480 483 362 483 351 483 163 484 149 484 481 484 481 485 149 485 482 485 481 486 482 486 483 486 483 487 482 487 484 487 149 488 151 488 482 488 482 489 151 489 485 489 482 490 485 490 484 490 484 491 485 491 486 491 164 492 163 492 475 492 475 493 163 493 481 493 475 494 481 494 480 494 480 495 481 495 483 495 480 496 483 496 360 496 360 497 483 497 484 497 360 498 484 498 365 498 365 499 484 499 486 499 370 500 368 500 486 500 486 501 368 501 366 501 486 502 366 502 365 502 487 503 488 503 489 503 489 504 488 504 490 504 108 505 488 505 155 505 155 506 488 506 487 506 155 507 487 507 153 507 108 508 474 508 488 508 488 509 474 509 473 509 488 510 473 510 490 510 490 511 473 511 469 511 490 512 469 512 465 512 151 513 153 513 485 513 485 514 153 514 487 514 485 515 487 515 486 515 486 516 487 516 489 516 486 517 489 517 370 517 370 518 489 518 490 518 370 519 490 519 371 519 371 520 490 520 465 520 371 521 465 521 364 521 412 522 491 522 492 522 65 523 493 523 66 523 66 524 493 524 494 524 66 525 494 525 67 525 427 526 428 526 495 526 495 527 428 527 424 527 495 528 424 528 496 528 496 529 424 529 423 529 496 530 423 530 497 530 497 531 423 531 415 531 497 532 415 532 498 532 415 533 417 533 498 533 498 534 417 534 419 534 498 535 419 535 499 535 499 536 419 536 420 536 499 537 420 537 500 537 500 538 420 538 408 538 500 539 408 539 492 539 492 540 408 540 406 540 492 541 406 541 412 541 412 542 411 542 501 542 412 543 501 543 491 543 491 544 501 544 502 544 491 545 502 545 503 545 63 546 427 546 65 546 65 547 427 547 495 547 65 548 495 548 493 548 493 549 495 549 496 549 493 550 496 550 494 550 494 551 496 551 497 551 494 552 497 552 504 552 504 553 497 553 498 553 504 554 498 554 505 554 505 555 498 555 499 555 505 556 499 556 506 556 506 557 499 557 500 557 506 558 500 558 507 558 507 559 500 559 492 559 507 560 492 560 508 560 508 561 492 561 491 561 508 562 491 562 509 562 509 563 491 563 503 563 509 564 503 564 510 564 67 565 494 565 68 565 68 566 494 566 504 566 68 567 504 567 69 567 69 568 504 568 505 568 69 569 505 569 72 569 72 570 505 570 506 570 72 571 506 571 73 571 73 572 506 572 507 572 73 573 507 573 76 573 76 574 507 574 508 574 76 575 508 575 77 575 77 576 508 576 509 576 77 577 509 577 78 577 78 578 509 578 510 578 78 579 510 579 10 579 405 580 404 580 511 580 511 581 404 581 403 581 511 582 403 582 58 582 58 583 512 583 511 583 511 584 512 584 513 584 511 585 513 585 514 585 411 586 410 586 501 586 501 587 410 587 515 587 501 588 515 588 502 588 502 589 515 589 516 589 502 590 516 590 503 590 503 591 516 591 517 591 503 592 517 592 510 592 510 593 517 593 0 593 510 594 0 594 10 594 410 595 405 595 515 595 515 596 405 596 511 596 515 597 511 597 516 597 516 598 511 598 514 598 516 599 514 599 517 599 517 600 514 600 518 600 517 601 518 601 0 601 0 602 518 602 1 602 513 603 519 603 514 603 514 604 519 604 520 604 514 605 520 605 518 605 518 606 520 606 521 606 518 607 521 607 1 607 1 608 521 608 3 608 4 609 3 609 522 609 522 610 3 610 521 610 522 611 521 611 523 611 523 612 521 612 520 612 523 613 520 613 524 613 524 614 520 614 519 614 524 615 519 615 525 615 525 615 519 615 513 615 525 616 513 616 526 616 526 617 513 617 512 617 526 618 512 618 60 618 60 619 512 619 58 619 399 620 393 620 527 620 402 621 400 621 528 621 528 622 400 622 399 622 60 623 401 623 526 623 526 624 401 624 529 624 526 625 529 625 525 625 525 626 529 626 530 626 399 627 527 627 528 627 528 628 527 628 531 628 528 629 531 629 532 629 533 630 523 630 530 630 530 631 523 631 524 631 530 632 524 632 525 632 14 633 4 633 533 633 533 634 4 634 522 634 533 635 522 635 523 635 401 636 402 636 529 636 529 637 402 637 528 637 529 638 528 638 530 638 530 639 528 639 532 639 530 640 532 640 533 640 533 641 532 641 534 641 533 642 534 642 14 642 14 643 534 643 13 643 531 644 535 644 532 644 532 645 535 645 536 645 532 646 536 646 534 646 534 647 536 647 11 647 534 648 11 648 13 648 91 649 89 649 537 649 48 650 93 650 379 650 379 651 93 651 538 651 379 652 538 652 539 652 539 653 538 653 540 653 539 654 540 654 541 654 379 655 539 655 380 655 380 656 539 656 541 656 380 657 541 657 381 657 91 658 537 658 92 658 93 659 94 659 538 659 538 660 94 660 92 660 538 661 92 661 540 661 540 662 92 662 537 662 540 663 537 663 541 663 541 664 537 664 542 664 541 665 542 665 381 665 386 666 388 666 542 666 542 667 388 667 391 667 542 668 391 668 381 668 88 669 86 669 543 669 543 670 86 670 544 670 543 671 544 671 545 671 545 672 544 672 546 672 86 673 84 673 544 673 544 674 84 674 547 674 544 675 547 675 546 675 546 676 547 676 548 676 89 677 88 677 537 677 537 678 88 678 543 678 537 679 543 679 542 679 542 680 543 680 545 680 542 681 545 681 386 681 386 682 545 682 546 682 386 683 546 683 384 683 384 684 546 684 548 684 397 685 395 685 548 685 548 686 395 686 394 686 548 687 394 687 384 687 549 688 550 688 551 688 551 689 550 689 552 689 11 690 550 690 80 690 80 691 550 691 549 691 80 692 549 692 82 692 11 693 536 693 550 693 550 694 536 694 535 694 550 695 535 695 552 695 552 696 535 696 531 696 552 697 531 697 527 697 84 698 82 698 547 698 547 699 82 699 549 699 547 700 549 700 548 700 548 701 549 701 551 701 548 702 551 702 397 702 397 703 551 703 552 703 397 704 552 704 398 704 398 705 552 705 527 705 398 706 527 706 393 706 260 707 313 707 274 707 274 707 313 707 312 707 274 708 312 708 246 708 246 709 312 709 306 709 246 710 306 710 247 710 247 711 306 711 309 711 247 21 309 21 281 21 281 21 309 21 311 21 281 712 311 712 252 712 252 713 311 713 303 713 252 714 303 714 254 714 254 715 303 715 299 715 254 716 299 716 267 716 267 716 299 716 301 716 267 717 301 717 248 717 248 717 301 717 287 717 248 718 287 718 249 718 249 719 287 719 285 719 249 720 285 720 263 720 263 721 285 721 291 721 263 60 291 60 272 60 272 60 291 60 293 60 272 722 293 722 273 722 273 723 293 723 295 723 273 724 295 724 276 724 276 725 295 725 314 725 276 726 314 726 260 726 260 726 314 726 313 726 553 727 389 727 387 727 396 728 296 728 294 728 387 729 385 729 553 729 553 730 385 730 396 730 553 731 396 731 554 731 554 732 396 732 294 732 376 733 378 733 555 733 555 734 378 734 392 734 555 735 392 735 390 735 389 736 553 736 390 736 390 737 553 737 556 737 390 738 556 738 555 738 45 739 383 739 43 739 43 740 383 740 382 740 43 741 382 741 377 741 376 742 555 742 377 742 377 743 555 743 557 743 377 744 557 744 43 744 242 745 240 745 558 745 208 746 206 746 559 746 204 747 202 747 560 747 553 748 554 748 561 748 562 749 320 749 310 749 554 750 294 750 292 750 554 751 292 751 561 751 561 752 292 752 290 752 561 753 290 753 563 753 563 754 290 754 289 754 563 755 289 755 564 755 564 756 289 756 284 756 564 757 284 757 565 757 555 758 556 758 566 758 566 759 556 759 553 759 553 760 561 760 566 760 566 761 561 761 563 761 566 762 563 762 567 762 567 763 563 763 564 763 567 764 564 764 568 764 568 765 564 765 565 765 568 766 565 766 569 766 310 767 570 767 562 767 562 768 570 768 571 768 562 769 571 769 572 769 555 770 566 770 573 770 573 771 566 771 567 771 573 772 567 772 574 772 574 773 567 773 568 773 574 774 568 774 575 774 575 775 568 775 569 775 575 776 569 776 576 776 318 777 317 777 577 777 577 778 317 778 578 778 577 779 578 779 579 779 579 780 578 780 580 780 579 781 580 781 581 781 581 782 580 782 582 782 317 783 300 783 578 783 578 784 300 784 583 784 578 785 583 785 580 785 580 786 583 786 584 786 580 787 584 787 582 787 582 788 584 788 585 788 300 789 298 789 583 789 583 790 298 790 586 790 583 791 586 791 584 791 584 792 586 792 587 792 584 793 587 793 585 793 585 794 587 794 588 794 297 795 302 795 589 795 589 796 302 796 590 796 589 797 590 797 591 797 591 798 590 798 592 798 591 799 592 799 593 799 593 800 592 800 594 800 302 801 304 801 590 801 590 802 304 802 595 802 590 803 595 803 592 803 592 804 595 804 596 804 592 805 596 805 594 805 594 806 596 806 597 806 304 807 322 807 595 807 595 808 322 808 598 808 595 809 598 809 596 809 596 810 598 810 599 810 596 811 599 811 597 811 597 812 599 812 600 812 188 813 43 813 573 813 573 814 43 814 557 814 573 815 557 815 555 815 200 816 198 816 576 816 576 817 198 817 196 817 576 818 196 818 575 818 575 819 196 819 194 819 575 820 194 820 574 820 574 821 194 821 192 821 574 822 192 822 573 822 573 823 192 823 190 823 573 824 190 824 188 824 202 825 200 825 560 825 560 826 200 826 576 826 560 827 576 827 601 827 601 828 576 828 569 828 601 829 569 829 602 829 602 830 569 830 565 830 602 831 565 831 286 831 286 832 565 832 284 832 206 833 204 833 559 833 559 834 204 834 560 834 559 835 560 835 603 835 603 836 560 836 601 836 603 837 601 837 604 837 604 838 601 838 602 838 604 839 602 839 288 839 288 840 602 840 286 840 210 841 208 841 605 841 605 842 208 842 559 842 605 843 559 843 606 843 606 844 559 844 603 844 606 845 603 845 607 845 607 846 603 846 604 846 607 847 604 847 319 847 319 848 604 848 288 848 319 849 318 849 607 849 607 850 318 850 577 850 607 851 577 851 606 851 606 852 577 852 579 852 606 853 579 853 605 853 605 854 579 854 581 854 605 855 581 855 210 855 210 856 581 856 212 856 224 857 222 857 588 857 588 858 222 858 220 858 588 859 220 859 585 859 585 860 220 860 218 860 585 861 218 861 582 861 582 862 218 862 216 862 582 863 216 863 581 863 581 864 216 864 214 864 581 865 214 865 212 865 226 866 224 866 593 866 593 867 224 867 588 867 593 868 588 868 591 868 591 869 588 869 587 869 591 870 587 870 589 870 589 871 587 871 586 871 589 872 586 872 297 872 297 873 586 873 298 873 238 874 236 874 600 874 600 875 236 875 234 875 600 876 234 876 597 876 597 877 234 877 232 877 597 878 232 878 594 878 594 879 232 879 230 879 594 880 230 880 593 880 593 881 230 881 228 881 593 882 228 882 226 882 240 883 238 883 558 883 558 884 238 884 600 884 558 885 600 885 608 885 608 886 600 886 599 886 608 887 599 887 609 887 609 888 599 888 598 888 609 889 598 889 321 889 321 890 598 890 322 890 244 891 242 891 610 891 610 892 242 892 558 892 610 893 558 893 572 893 572 894 558 894 608 894 572 895 608 895 562 895 562 896 608 896 609 896 562 897 609 897 320 897 320 898 609 898 321 898 571 899 611 899 572 899 572 900 611 900 612 900 572 901 612 901 610 901 610 902 612 902 613 902 610 903 613 903 244 903 244 904 613 904 106 904 421 905 107 905 106 905 613 906 612 906 426 906 613 907 426 907 106 907 106 908 426 908 425 908 106 909 425 909 421 909 310 910 308 910 570 910 570 911 308 911 407 911 570 912 407 912 571 912 571 913 407 913 409 913 571 914 409 914 418 914 418 915 416 915 571 915 571 916 416 916 414 916 571 917 414 917 611 917 611 918 414 918 413 918 611 919 413 919 612 919 612 920 413 920 422 920 612 921 422 921 426 921 614 922 359 922 361 922 369 923 278 923 277 923 361 924 367 924 614 924 614 925 367 925 369 925 614 926 369 926 615 926 615 927 369 927 277 927 352 928 353 928 616 928 616 929 353 929 363 929 616 930 363 930 357 930 359 931 614 931 357 931 357 932 614 932 617 932 357 933 617 933 616 933 100 934 349 934 105 934 105 935 349 935 356 935 105 936 356 936 355 936 352 937 616 937 355 937 355 938 616 938 618 938 355 939 618 939 105 939 189 940 191 940 619 940 223 941 225 941 620 941 227 942 229 942 621 942 614 943 615 943 622 943 623 944 261 944 259 944 615 945 277 945 280 945 615 946 280 946 622 946 622 947 280 947 282 947 622 948 282 948 624 948 624 949 282 949 283 949 624 950 283 950 625 950 625 951 283 951 251 951 625 952 251 952 626 952 616 953 617 953 627 953 627 954 617 954 614 954 614 955 622 955 627 955 627 956 622 956 624 956 627 957 624 957 628 957 628 958 624 958 625 958 628 959 625 959 629 959 629 960 625 960 626 960 629 961 626 961 630 961 259 962 631 962 623 962 623 963 631 963 632 963 623 964 632 964 633 964 616 965 627 965 634 965 634 966 627 966 628 966 634 967 628 967 635 967 635 968 628 968 629 968 635 969 629 969 636 969 636 970 629 970 630 970 636 971 630 971 637 971 266 972 268 972 638 972 638 973 268 973 639 973 638 974 639 974 640 974 640 975 639 975 641 975 640 976 641 976 642 976 642 977 641 977 643 977 268 978 271 978 639 978 639 979 271 979 644 979 639 980 644 980 641 980 641 981 644 981 645 981 641 982 645 982 643 982 643 983 645 983 646 983 271 984 270 984 644 984 644 985 270 985 647 985 644 986 647 986 645 986 645 987 647 987 648 987 645 988 648 988 646 988 646 989 648 989 649 989 269 990 250 990 650 990 650 991 250 991 651 991 650 992 651 992 652 992 652 993 651 993 653 993 652 994 653 994 654 994 654 995 653 995 655 995 250 996 265 996 651 996 651 997 265 997 656 997 651 998 656 998 653 998 653 999 656 999 657 999 653 1000 657 1000 655 1000 655 1001 657 1001 658 1001 265 1002 264 1002 656 1002 656 1003 264 1003 659 1003 656 1004 659 1004 657 1004 657 1005 659 1005 660 1005 657 1006 660 1006 658 1006 658 1007 660 1007 661 1007 243 1008 105 1008 634 1008 634 1009 105 1009 618 1009 634 1010 618 1010 616 1010 231 1011 233 1011 637 1011 637 1012 233 1012 235 1012 637 1013 235 1013 636 1013 636 1014 235 1014 237 1014 636 1015 237 1015 635 1015 635 1016 237 1016 239 1016 635 1017 239 1017 634 1017 634 1018 239 1018 241 1018 634 1019 241 1019 243 1019 229 1020 231 1020 621 1020 621 1021 231 1021 637 1021 621 1022 637 1022 662 1022 662 1023 637 1023 630 1023 662 1024 630 1024 663 1024 663 1025 630 1025 626 1025 663 1026 626 1026 253 1026 253 1027 626 1027 251 1027 225 1028 227 1028 620 1028 620 1029 227 1029 621 1029 620 1030 621 1030 664 1030 664 1031 621 1031 662 1031 664 1032 662 1032 665 1032 665 1033 662 1033 663 1033 665 1034 663 1034 255 1034 255 1035 663 1035 253 1035 221 1036 223 1036 666 1036 666 1037 223 1037 620 1037 666 1038 620 1038 667 1038 667 1039 620 1039 664 1039 667 1040 664 1040 668 1040 668 1041 664 1041 665 1041 668 1042 665 1042 256 1042 256 1043 665 1043 255 1043 256 1044 266 1044 668 1044 668 1045 266 1045 638 1045 668 1046 638 1046 667 1046 667 1047 638 1047 640 1047 667 1048 640 1048 666 1048 666 1049 640 1049 642 1049 666 1050 642 1050 221 1050 221 1051 642 1051 219 1051 207 1052 209 1052 649 1052 649 1053 209 1053 211 1053 649 1054 211 1054 646 1054 646 1055 211 1055 213 1055 646 1056 213 1056 643 1056 643 1057 213 1057 215 1057 643 1058 215 1058 642 1058 642 1059 215 1059 217 1059 642 1060 217 1060 219 1060 205 1061 207 1061 654 1061 654 1062 207 1062 649 1062 654 1063 649 1063 652 1063 652 1064 649 1064 648 1064 652 1065 648 1065 650 1065 650 1066 648 1066 647 1066 650 1067 647 1067 269 1067 269 1068 647 1068 270 1068 193 1069 195 1069 661 1069 661 1070 195 1070 197 1070 661 1071 197 1071 658 1071 658 1072 197 1072 199 1072 658 1073 199 1073 655 1073 655 1074 199 1074 201 1074 655 1075 201 1075 654 1075 654 1076 201 1076 203 1076 654 1077 203 1077 205 1077 191 1078 193 1078 619 1078 619 1079 193 1079 661 1079 619 1080 661 1080 669 1080 669 1081 661 1081 660 1081 669 1082 660 1082 670 1082 670 1083 660 1083 659 1083 670 1084 659 1084 262 1084 262 1085 659 1085 264 1085 187 1086 189 1086 671 1086 671 1087 189 1087 619 1087 671 1088 619 1088 633 1088 633 1089 619 1089 669 1089 633 1090 669 1090 623 1090 623 1091 669 1091 670 1091 623 1092 670 1092 261 1092 261 1093 670 1093 262 1093 632 1094 672 1094 633 1094 633 1095 672 1095 673 1095 633 1096 673 1096 671 1096 671 1097 673 1097 674 1097 671 1098 674 1098 187 1098 187 1099 674 1099 44 1099 673 1100 345 1100 674 1100 674 1101 345 1101 343 1101 674 1102 343 1102 44 1102 44 1103 343 1103 342 1103 44 1104 342 1104 46 1104 259 1105 258 1105 631 1105 631 1106 258 1106 339 1106 631 1107 339 1107 632 1107 632 1108 339 1108 337 1108 632 1109 337 1109 335 1109 335 1110 333 1110 632 1110 632 1111 333 1111 332 1111 632 1112 332 1112 672 1112 672 1113 332 1113 330 1113 672 1114 330 1114 673 1114 673 1115 330 1115 329 1115 673 1116 329 1116 345 1116 675 1117 676 1117 677 1117 677 1118 676 1118 678 1118 679 1119 680 1119 681 1119 681 1120 680 1120 682 1120 681 1121 682 1121 676 1121 676 1122 682 1122 683 1122 676 1123 683 1123 678 1123 684 1124 685 1124 686 1124 686 1125 687 1125 684 1125 684 1126 687 1126 688 1126 684 1127 688 1127 689 1127 689 1128 688 1128 690 1128 689 1129 690 1129 691 1129 691 1130 690 1130 692 1130 691 1131 692 1131 693 1131 693 1132 692 1132 694 1132 693 1133 694 1133 695 1133 696 1134 697 1134 698 1134 699 1135 700 1135 701 1135 699 1136 701 1136 702 1136 702 1137 701 1137 703 1137 702 1138 703 1138 704 1138 704 1139 703 1139 705 1139 704 1140 705 1140 706 1140 706 1141 705 1141 707 1141 706 1142 707 1142 708 1142 709 1143 710 1143 711 1143 711 1144 710 1144 712 1144 711 1145 712 1145 713 1145 709 1146 714 1146 710 1146 710 1147 714 1147 715 1147 710 1148 715 1148 716 1148 707 1149 717 1149 708 1149 708 1150 717 1150 718 1150 708 1151 718 1151 719 1151 719 1152 718 1152 720 1152 719 1153 720 1153 721 1153 721 1154 720 1154 722 1154 721 1155 722 1155 723 1155 723 1156 722 1156 724 1156 723 1157 724 1157 725 1157 725 1158 724 1158 716 1158 725 1159 716 1159 726 1159 726 1160 716 1160 715 1160 727 1161 728 1161 729 1161 729 1162 728 1162 730 1162 729 1163 730 1163 712 1163 712 1164 730 1164 731 1164 712 1165 731 1165 713 1165 732 1166 733 1166 734 1166 734 1167 733 1167 735 1167 734 1168 735 1168 727 1168 727 1169 735 1169 736 1169 727 1170 736 1170 728 1170 737 1171 738 1171 739 1171 739 1172 738 1172 740 1172 739 1173 740 1173 698 1173 698 1174 740 1174 741 1174 698 1175 741 1175 696 1175 742 1176 743 1176 737 1176 737 1177 743 1177 744 1177 737 1178 744 1178 738 1178 745 1179 746 1179 747 1179 747 1180 746 1180 748 1180 747 1181 748 1181 749 1181 749 1182 748 1182 750 1182 749 1183 750 1183 751 1183 745 1184 752 1184 746 1184 746 1185 752 1185 753 1185 746 1186 753 1186 754 1186 754 1187 753 1187 755 1187 755 1188 756 1188 754 1188 754 1189 756 1189 757 1189 754 1190 757 1190 742 1190 742 1191 757 1191 758 1191 742 1192 758 1192 743 1192 750 1193 759 1193 751 1193 751 1194 759 1194 760 1194 751 1195 760 1195 761 1195 761 1196 760 1196 762 1196 761 1197 762 1197 763 1197 763 1198 762 1198 764 1198 763 1199 764 1199 765 1199 765 1200 764 1200 766 1200 765 1201 766 1201 767 1201 767 1202 766 1202 768 1202 767 1203 768 1203 769 1203 769 1204 768 1204 770 1204 769 1205 770 1205 771 1205 716 1206 772 1206 710 1206 710 1207 772 1207 773 1207 710 1208 773 1208 774 1208 773 1209 775 1209 774 1209 774 1210 775 1210 776 1210 774 1211 776 1211 777 1211 776 1212 778 1212 777 1212 777 1213 778 1213 779 1213 777 1214 779 1214 780 1214 779 1215 781 1215 780 1215 780 1216 781 1216 782 1216 780 1217 782 1217 783 1217 782 1218 784 1218 783 1218 783 1219 784 1219 785 1219 783 1220 785 1220 786 1220 785 1221 787 1221 786 1221 786 1222 787 1222 788 1222 786 1223 788 1223 754 1223 754 1224 788 1224 789 1224 754 1225 789 1225 746 1225 790 2 791 2 792 2 792 1226 791 1226 793 1226 792 1227 793 1227 794 1227 795 2 796 2 797 2 797 2 796 2 798 2 797 2 798 2 799 2 799 2 798 2 800 2 799 2 800 2 801 2 801 1228 800 1228 802 1228 801 1229 802 1229 803 1229 803 1230 802 1230 804 1230 803 2 804 2 805 2 805 2 804 2 806 2 805 1231 806 1231 794 1231 807 2 808 2 790 2 790 1232 808 1232 809 1232 790 1233 809 1233 791 1233 791 2 809 2 810 2 791 2 810 2 811 2 811 1234 810 1234 812 1234 811 2 812 2 813 2 813 2 812 2 814 2 813 1235 814 1235 815 1235 815 2 814 2 816 2 815 1236 816 1236 817 1236 817 2 816 2 818 2 817 1237 818 1237 819 1237 819 2 818 2 820 2 819 2 820 2 795 2 795 1238 820 1238 821 1238 795 2 821 2 796 2 806 1239 822 1239 794 1239 794 2 822 2 823 2 794 1240 823 1240 792 1240 792 1241 823 1241 824 1241 792 1242 824 1242 825 1242 826 1243 827 1243 828 1243 828 1244 827 1244 829 1244 828 1245 829 1245 830 1245 831 1246 832 1246 833 1246 833 1247 832 1247 834 1247 833 1248 834 1248 829 1248 829 1249 834 1249 835 1249 829 1250 835 1250 830 1250 836 1251 837 1251 838 1251 808 1252 807 1252 836 1252 837 1253 839 1253 838 1253 838 1254 839 1254 840 1254 838 1255 840 1255 841 1255 841 1256 840 1256 842 1256 841 1257 842 1257 826 1257 826 1258 842 1258 843 1258 826 1259 843 1259 827 1259 836 1260 838 1260 808 1260 808 1261 838 1261 844 1261 808 1262 844 1262 809 1262 844 1263 845 1263 809 1263 809 1264 845 1264 846 1264 809 1265 846 1265 810 1265 847 1266 812 1266 848 1266 848 1267 812 1267 810 1267 848 1268 810 1268 849 1268 849 1269 810 1269 846 1269 850 1270 825 1270 824 1270 851 1271 852 1271 853 1271 853 1272 852 1272 854 1272 854 1273 852 1273 855 1273 854 1274 855 1274 856 1274 850 1275 824 1275 857 1275 858 1276 859 1276 860 1276 860 1277 859 1277 861 1277 860 1278 861 1278 862 1278 858 1279 860 1279 863 1279 863 1280 860 1280 864 1280 863 1281 864 1281 865 1281 853 1282 866 1282 851 1282 851 1283 866 1283 867 1283 851 1284 867 1284 864 1284 864 1285 867 1285 868 1285 864 1286 868 1286 865 1286 856 1287 857 1287 854 1287 854 1288 857 1288 824 1288 854 1289 824 1289 869 1289 869 1290 824 1290 823 1290 869 1291 823 1291 870 1291 870 1292 823 1292 871 1292 871 1293 823 1293 822 1293 871 1294 822 1294 872 1294 872 1295 822 1295 873 1295 873 1296 822 1296 806 1296 873 1297 806 1297 874 1297 771 1298 770 1298 875 1298 875 1299 770 1299 876 1299 877 1300 878 1300 879 1300 879 1301 880 1301 877 1301 877 1302 880 1302 881 1302 877 1303 881 1303 876 1303 876 1304 881 1304 882 1304 876 1305 882 1305 875 1305 883 1306 698 1306 697 1306 697 1307 884 1307 883 1307 883 1308 884 1308 885 1308 883 1309 885 1309 878 1309 878 1310 885 1310 886 1310 878 1311 886 1311 879 1311 732 1312 734 1312 887 1312 887 1313 734 1313 888 1313 889 1314 890 1314 891 1314 891 1315 892 1315 889 1315 889 1316 892 1316 893 1316 889 1317 893 1317 888 1317 888 1318 893 1318 894 1318 888 1319 894 1319 887 1319 895 1320 701 1320 700 1320 700 1321 896 1321 895 1321 895 1322 896 1322 897 1322 895 1323 897 1323 890 1323 890 1324 897 1324 898 1324 890 1325 898 1325 891 1325 899 1326 900 1326 901 1326 901 1327 902 1327 899 1327 899 1326 902 1326 903 1326 899 1326 903 1326 904 1326 790 1326 792 1326 905 1326 905 1328 792 1328 906 1328 905 1326 906 1326 907 1326 907 1329 906 1329 901 1329 907 1326 901 1326 908 1326 908 1330 901 1330 900 1330 908 1326 900 1326 909 1326 909 1326 900 1326 910 1326 911 1331 912 1331 877 1331 877 1332 912 1332 913 1332 877 1333 913 1333 878 1333 878 1334 913 1334 914 1334 878 21 914 21 915 21 916 21 917 21 877 21 877 1335 917 1335 918 1335 877 1336 918 1336 911 1336 918 21 919 21 911 21 911 21 919 21 920 21 911 21 920 21 921 21 921 1337 920 1337 922 1337 921 1338 922 1338 923 1338 923 1339 922 1339 924 1339 925 21 926 21 924 21 924 1340 926 1340 927 1340 924 1341 927 1341 923 1341 928 21 929 21 930 21 925 21 924 21 930 21 930 21 924 21 931 21 930 1342 931 1342 928 1342 889 60 932 60 933 60 934 60 935 60 889 60 889 1343 935 1343 936 1343 889 60 936 60 890 60 890 1344 936 1344 937 1344 890 60 937 60 938 60 933 60 939 60 889 60 889 60 939 60 940 60 889 60 940 60 934 60 934 60 940 60 941 60 934 60 941 60 942 60 942 1345 941 1345 943 1345 942 60 943 60 944 60 944 1346 943 1346 945 1346 946 60 947 60 945 60 945 1347 947 1347 948 1347 945 1348 948 1348 944 1348 949 60 950 60 951 60 946 60 945 60 951 60 951 60 945 60 952 60 951 1349 952 1349 949 1349 953 64 98 64 97 64 954 64 955 64 956 64 956 1350 955 1350 55 1350 956 64 55 64 56 64 953 64 97 64 957 64 958 1351 959 1351 710 1351 899 1352 960 1352 961 1352 710 64 959 64 712 64 712 64 959 64 962 64 712 1353 962 1353 729 1353 899 64 961 64 900 64 963 64 742 64 964 64 964 1354 742 1354 737 1354 964 64 737 64 965 64 966 1355 783 1355 967 1355 967 1356 783 1356 786 1356 967 64 786 64 963 64 963 1357 786 1357 754 1357 963 64 754 64 742 64 710 1358 774 1358 958 1358 958 1359 774 1359 777 1359 958 1360 777 1360 966 1360 966 1361 777 1361 780 1361 966 1362 780 1362 783 1362 729 64 962 64 727 64 727 64 962 64 968 64 727 64 968 64 734 64 734 1363 968 1363 969 1363 734 64 969 64 888 64 960 1364 932 1364 969 1364 969 1365 932 1365 889 1365 969 1366 889 1366 888 1366 970 1367 971 1367 681 1367 737 1368 739 1368 965 1368 965 64 739 64 698 64 965 1369 698 1369 972 1369 97 64 973 64 957 64 957 64 973 64 974 64 957 64 974 64 899 64 899 64 974 64 975 64 899 1370 975 1370 960 1370 960 1371 975 1371 976 1371 960 1372 976 1372 932 1372 698 64 883 64 972 64 972 1373 883 1373 878 1373 972 64 878 64 970 64 970 64 878 64 915 64 970 1374 915 1374 971 1374 961 64 970 64 900 64 900 1375 970 1375 681 1375 900 64 681 64 954 64 954 64 681 64 676 64 954 64 676 64 955 64 874 60 806 60 977 60 977 60 806 60 804 60 978 21 814 21 847 21 847 21 814 21 812 21 978 1376 979 1376 814 1376 814 1377 979 1377 816 1377 979 1378 980 1378 816 1378 816 1379 980 1379 981 1379 816 1380 981 1380 818 1380 981 1381 982 1381 818 1381 818 1382 982 1382 983 1382 818 1383 983 1383 820 1383 983 1384 984 1384 820 1384 820 1385 984 1385 985 1385 820 1386 985 1386 821 1386 985 1387 986 1387 821 1387 821 1388 986 1388 987 1388 821 1389 987 1389 796 1389 987 1390 988 1390 796 1390 796 1391 988 1391 989 1391 796 1392 989 1392 798 1392 989 1393 990 1393 798 1393 798 1394 990 1394 991 1394 798 1395 991 1395 800 1395 991 1396 992 1396 800 1396 800 1397 992 1397 993 1397 800 1398 993 1398 802 1398 977 1399 804 1399 994 1399 994 1400 804 1400 802 1400 994 1401 802 1401 995 1401 995 1402 802 1402 993 1402 996 1403 974 1403 997 1403 997 1404 974 1404 998 1404 996 1405 999 1405 974 1405 974 1406 999 1406 1000 1406 974 1407 1000 1407 975 1407 975 1408 1000 1408 1001 1408 975 1409 1001 1409 1002 1409 1003 1410 1004 1410 1005 1410 1005 1411 1004 1411 1006 1411 1005 1410 1006 1410 1007 1410 1007 1412 1006 1412 1008 1412 1007 1413 1008 1413 1009 1413 1009 1119 1008 1119 1010 1119 1009 1414 1010 1414 1011 1414 1011 1415 1010 1415 1012 1415 1011 1416 1012 1416 1013 1416 1013 1417 1012 1417 1014 1417 1013 1418 1014 1418 1015 1418 1016 1419 732 1419 887 1419 709 1420 711 1420 1016 1420 733 1421 1017 1421 735 1421 735 1422 1017 1422 736 1422 731 1423 730 1423 1017 1423 1017 1424 730 1424 728 1424 1017 1425 728 1425 736 1425 732 1426 1016 1426 733 1426 733 1427 1016 1427 711 1427 733 1428 711 1428 1017 1428 1017 1429 711 1429 713 1429 1017 1430 713 1430 731 1430 709 1431 1016 1431 714 1431 714 1432 1016 1432 887 1432 714 1433 887 1433 715 1433 715 1434 887 1434 894 1434 715 1435 894 1435 726 1435 726 1436 894 1436 893 1436 726 1437 893 1437 892 1437 892 1438 891 1438 726 1438 726 1439 891 1439 898 1439 726 1440 898 1440 897 1440 897 1441 896 1441 726 1441 726 1442 896 1442 1018 1442 726 1443 1018 1443 725 1443 725 1444 1018 1444 723 1444 706 1445 708 1445 1019 1445 1019 1446 708 1446 719 1446 699 1447 702 1447 1019 1447 1019 1448 702 1448 704 1448 1019 1449 704 1449 706 1449 896 1450 700 1450 1018 1450 1018 1451 700 1451 699 1451 1018 1452 699 1452 723 1452 723 1453 699 1453 1019 1453 723 1454 1019 1454 721 1454 721 1455 1019 1455 719 1455 1020 1456 771 1456 875 1456 745 1457 747 1457 1020 1457 769 1458 1021 1458 767 1458 767 1459 1021 1459 765 1459 751 1460 761 1460 1021 1460 1021 1461 761 1461 763 1461 1021 1462 763 1462 765 1462 771 1463 1020 1463 769 1463 769 1464 1020 1464 747 1464 769 1465 747 1465 1021 1465 1021 1466 747 1466 749 1466 1021 1467 749 1467 751 1467 745 1468 1020 1468 752 1468 752 1469 1020 1469 875 1469 752 1470 875 1470 753 1470 753 1471 875 1471 882 1471 753 1472 882 1472 755 1472 755 1473 882 1473 881 1473 755 1474 881 1474 880 1474 880 1475 879 1475 755 1475 755 1476 879 1476 886 1476 755 1477 886 1477 885 1477 885 1478 884 1478 755 1478 755 1479 884 1479 1022 1479 755 1480 1022 1480 756 1480 756 1481 1022 1481 757 1481 738 1482 744 1482 1023 1482 1023 1483 744 1483 743 1483 696 1484 741 1484 1023 1484 1023 1485 741 1485 740 1485 1023 1486 740 1486 738 1486 884 1487 697 1487 1022 1487 1022 1488 697 1488 696 1488 1022 1489 696 1489 757 1489 757 1490 696 1490 1023 1490 757 1491 1023 1491 758 1491 758 1492 1023 1492 743 1492 675 1493 677 1493 1024 1493 1025 1494 1013 1494 1015 1494 1026 1495 49 1495 1027 1495 1027 1496 49 1496 1025 1496 1027 1497 1025 1497 1028 1497 1028 1498 1025 1498 1015 1498 1013 1499 1025 1499 1011 1499 1011 1500 1025 1500 1029 1500 1011 1501 1029 1501 1009 1501 1009 1502 1029 1502 1007 1502 1007 1503 1029 1503 1030 1503 1007 1504 1030 1504 1005 1504 1005 1505 1030 1505 1003 1505 1003 1506 1030 1506 1031 1506 1003 1507 1031 1507 1032 1507 1033 1508 1034 1508 1035 1508 1035 1509 1034 1509 1036 1509 1035 1510 1036 1510 1031 1510 1031 1511 1036 1511 1037 1511 1031 1512 1037 1512 1032 1512 1038 1513 1035 1513 1039 1513 1039 21 1035 21 1040 21 1039 1514 1040 1514 1041 1514 1038 1515 1042 1515 1035 1515 1035 1516 1042 1516 1043 1516 1035 1517 1043 1517 1044 1517 1044 1518 1045 1518 1035 1518 1035 1519 1045 1519 1046 1519 1035 1520 1046 1520 1033 1520 1047 1521 1048 1521 680 1521 680 1522 679 1522 1047 1522 1047 1523 679 1523 1049 1523 1047 1524 1049 1524 1040 1524 1040 1525 1049 1525 1050 1525 1040 1526 1050 1526 1041 1526 1024 1527 677 1527 1051 1527 677 1528 678 1528 1051 1528 1051 1529 678 1529 683 1529 1051 1530 683 1530 1048 1530 1048 1531 683 1531 682 1531 1048 1532 682 1532 680 1532 50 1533 1052 1533 1024 1533 1024 1534 1052 1534 1053 1534 1024 1535 1053 1535 675 1535 1054 1536 96 1536 1055 1536 1055 1537 96 1537 1056 1537 1055 1538 1056 1538 998 1538 998 1539 1056 1539 997 1539 997 1540 1056 1540 996 1540 996 1541 1056 1541 1057 1541 996 1542 1057 1542 999 1542 999 1543 1057 1543 1000 1543 1000 1544 1057 1544 1058 1544 1000 1545 1058 1545 1001 1545 1001 1546 1058 1546 1002 1546 1002 1547 1058 1547 1059 1547 1002 1548 1059 1548 1060 1548 1061 1549 1062 1549 1063 1549 1063 1550 1062 1550 1064 1550 1063 1551 1064 1551 1059 1551 1059 1552 1064 1552 1065 1552 1059 1553 1065 1553 1060 1553 1066 1554 1067 1554 1063 1554 1063 1555 1067 1555 1068 1555 1068 1556 1069 1556 1063 1556 1063 1557 1069 1557 1070 1557 1063 1558 1070 1558 1061 1558 1071 1559 1072 1559 1073 1559 1073 1560 1072 1560 1074 1560 1074 1561 1075 1561 1073 1561 1073 1562 1075 1562 1076 1562 1073 60 1076 60 1063 60 1063 1563 1076 1563 1077 1563 1063 1564 1077 1564 1066 1564 1078 1565 1079 1565 690 1565 690 1566 688 1566 1078 1566 1078 1567 688 1567 687 1567 1078 1568 687 1568 1071 1568 1071 1569 687 1569 686 1569 1071 1570 686 1570 1072 1570 1080 1571 695 1571 1081 1571 1081 1572 695 1572 694 1572 1081 1573 694 1573 1079 1573 1079 1574 694 1574 692 1574 1079 1575 692 1575 690 1575 95 1576 1082 1576 1081 1576 1081 1577 1082 1577 1083 1577 1081 1578 1083 1578 1080 1578 1084 1579 1085 1579 1086 1579 1086 1580 1085 1580 1087 1580 1086 1581 1087 1581 1088 1581 1088 1582 1089 1582 1086 1582 1086 1583 1089 1583 101 1583 1086 1584 101 1584 103 1584 1084 1585 1086 1585 1090 1585 1090 1586 1086 1586 1091 1586 1090 1587 1091 1587 862 1587 1092 1588 864 1588 1091 1588 1091 1589 864 1589 860 1589 1091 1590 860 1590 862 1590 1093 1591 852 1591 1092 1591 1092 1592 852 1592 851 1592 1092 1593 851 1593 864 1593 850 1594 857 1594 1094 1594 1094 1595 857 1595 856 1595 1094 1596 856 1596 1093 1596 1093 1597 856 1597 855 1597 1093 1598 855 1598 852 1598 825 1599 850 1599 792 1599 792 1600 850 1600 1094 1600 792 1601 1094 1601 906 1601 906 1602 1094 1602 1095 1602 906 1603 1095 1603 901 1603 901 1604 1095 1604 1096 1604 901 1605 1096 1605 902 1605 902 1605 1096 1605 1097 1605 902 1606 1097 1606 903 1606 903 1607 1097 1607 1098 1607 903 1608 1098 1608 904 1608 904 1609 1098 1609 1099 1609 1100 1610 104 1610 1101 1610 1101 1611 1102 1611 1100 1611 1100 1612 1102 1612 1103 1612 1100 1613 1103 1613 1098 1613 1098 1614 1103 1614 1104 1614 1098 1615 1104 1615 1099 1615 1105 1616 1106 1616 1107 1616 1107 1617 1106 1617 1108 1617 1107 1618 1108 1618 57 1618 910 1619 1109 1619 1110 1619 1110 1620 1109 1620 1111 1620 1110 1621 1111 1621 1107 1621 1107 1622 1111 1622 1112 1622 1107 1623 1112 1623 1105 1623 1113 1624 790 1624 1114 1624 1114 1625 790 1625 905 1625 1114 1626 905 1626 1115 1626 1115 1627 905 1627 907 1627 1115 1628 907 1628 1116 1628 1116 1628 907 1628 908 1628 1116 1629 908 1629 1110 1629 1110 1630 908 1630 909 1630 1110 1631 909 1631 910 1631 842 1632 840 1632 1117 1632 1117 1633 840 1633 839 1633 1117 1634 839 1634 1113 1634 1113 1635 839 1635 837 1635 1113 1636 837 1636 790 1636 790 1637 837 1637 836 1637 790 1638 836 1638 807 1638 1118 1639 1119 1639 833 1639 833 1640 829 1640 1118 1640 1118 1641 829 1641 827 1641 1118 1642 827 1642 1117 1642 1117 1643 827 1643 843 1643 1117 1644 843 1644 842 1644 1120 1645 1121 1645 1119 1645 1119 1646 1121 1646 831 1646 1119 1647 831 1647 833 1647 1122 1648 1123 1648 1120 1648 1120 1649 1123 1649 1124 1649 1120 1650 1124 1650 1121 1650 1120 1651 53 1651 54 1651 1122 1652 1120 1652 1125 1652 1125 1653 1120 1653 54 1653 1125 1654 54 1654 1126 1654 685 1655 1127 1655 686 1655 686 1656 1127 1656 1128 1656 938 1657 937 1657 1129 1657 1129 1658 937 1658 1128 1658 1129 1659 1128 1659 1130 1659 1130 1660 1128 1660 1127 1660 1131 1661 1070 1661 1069 1661 1128 1662 937 1662 936 1662 686 1663 1128 1663 1132 1663 686 1664 1132 1664 1072 1664 1072 1665 1132 1665 1133 1665 1072 1666 1133 1666 1074 1666 1074 1667 1133 1667 1134 1667 1074 1668 1134 1668 1075 1668 1134 1669 1135 1669 1075 1669 1075 1670 1135 1670 1136 1670 1075 1671 1136 1671 1076 1671 1076 1672 1136 1672 1137 1672 1076 1673 1137 1673 1077 1673 1077 1674 1137 1674 1138 1674 1077 1675 1138 1675 1066 1675 1066 1676 1138 1676 1139 1676 1066 1677 1139 1677 1067 1677 1067 1678 1139 1678 1140 1678 1067 1679 1140 1679 1068 1679 1068 1680 1140 1680 1141 1680 1068 1681 1141 1681 1069 1681 1069 1682 1141 1682 1142 1682 1069 1683 1142 1683 1131 1683 1131 1684 1143 1684 1070 1684 1070 1685 1143 1685 1144 1685 1070 1686 1144 1686 1061 1686 1061 1687 1144 1687 1145 1687 1061 1688 1145 1688 1062 1688 1062 1689 1145 1689 1146 1689 1062 1690 1146 1690 1064 1690 1128 1691 936 1691 1132 1691 1132 1692 936 1692 935 1692 1132 1693 935 1693 1133 1693 1133 1694 935 1694 934 1694 1133 1695 934 1695 1134 1695 1134 1696 934 1696 942 1696 1134 1697 942 1697 1135 1697 1135 1698 942 1698 944 1698 1135 1699 944 1699 1136 1699 1136 1700 944 1700 948 1700 1136 1701 948 1701 1137 1701 1137 1702 948 1702 947 1702 1137 1703 947 1703 1138 1703 1138 1704 947 1704 946 1704 1138 1705 946 1705 1139 1705 1139 1706 946 1706 951 1706 1139 1707 951 1707 1140 1707 1140 1708 951 1708 950 1708 1140 1709 950 1709 1141 1709 1141 1710 950 1710 949 1710 1141 1711 949 1711 1142 1711 1142 1712 949 1712 952 1712 1142 1713 952 1713 1131 1713 1131 1714 952 1714 945 1714 1131 1715 945 1715 1143 1715 1143 1716 945 1716 943 1716 1143 1717 943 1717 1144 1717 1144 1718 943 1718 941 1718 1144 1719 941 1719 1145 1719 1145 1720 941 1720 940 1720 1145 1721 940 1721 1146 1721 1146 1722 940 1722 939 1722 1146 1723 939 1723 1147 1723 1147 1724 939 1724 933 1724 1147 1725 933 1725 1148 1725 1064 1726 1146 1726 1065 1726 1065 1727 1146 1727 1147 1727 1065 1728 1147 1728 1060 1728 1060 1729 1147 1729 1148 1729 1060 1730 1148 1730 1002 1730 975 1731 1002 1731 976 1731 976 1731 1002 1731 1148 1731 976 1732 1148 1732 932 1732 932 1733 1148 1733 933 1733 679 1734 681 1734 1149 1734 1149 1734 681 1734 971 1734 1149 1735 971 1735 914 1735 914 1736 971 1736 915 1736 1150 1737 1046 1737 1045 1737 1149 1738 914 1738 913 1738 679 1739 1149 1739 1151 1739 679 1740 1151 1740 1049 1740 1049 1741 1151 1741 1152 1741 1049 1742 1152 1742 1050 1742 1050 1743 1152 1743 1153 1743 1050 1744 1153 1744 1041 1744 1153 1745 1154 1745 1041 1745 1041 1746 1154 1746 1155 1746 1041 1747 1155 1747 1039 1747 1039 1748 1155 1748 1156 1748 1039 1749 1156 1749 1038 1749 1038 1750 1156 1750 1157 1750 1038 1751 1157 1751 1042 1751 1042 1752 1157 1752 1158 1752 1042 1753 1158 1753 1043 1753 1043 1754 1158 1754 1159 1754 1043 1755 1159 1755 1044 1755 1044 1756 1159 1756 1160 1756 1044 1757 1160 1757 1045 1757 1045 1758 1160 1758 1161 1758 1045 1759 1161 1759 1150 1759 1150 1760 1162 1760 1046 1760 1046 1761 1162 1761 1163 1761 1046 1762 1163 1762 1033 1762 1033 1763 1163 1763 1164 1763 1033 1764 1164 1764 1034 1764 1034 1765 1164 1765 1165 1765 1034 1766 1165 1766 1036 1766 1149 1767 913 1767 1151 1767 1151 1768 913 1768 912 1768 1151 1769 912 1769 1152 1769 1152 1770 912 1770 911 1770 1152 1771 911 1771 1153 1771 1153 1772 911 1772 921 1772 1153 1773 921 1773 1154 1773 1154 1774 921 1774 923 1774 1154 1775 923 1775 1155 1775 1155 1776 923 1776 927 1776 1155 1777 927 1777 1156 1777 1156 1778 927 1778 926 1778 1156 1779 926 1779 1157 1779 1157 1780 926 1780 925 1780 1157 1781 925 1781 1158 1781 1158 1782 925 1782 930 1782 1158 1783 930 1783 1159 1783 1159 1784 930 1784 929 1784 1159 1785 929 1785 1160 1785 1160 1786 929 1786 928 1786 1160 1787 928 1787 1161 1787 1161 1788 928 1788 931 1788 1161 1789 931 1789 1150 1789 1150 1790 931 1790 924 1790 1150 1791 924 1791 1162 1791 1162 1792 924 1792 922 1792 1162 1793 922 1793 1163 1793 1163 1794 922 1794 920 1794 1163 1795 920 1795 1164 1795 1164 1796 920 1796 919 1796 1164 1797 919 1797 1165 1797 1165 1798 919 1798 918 1798 1165 1799 918 1799 1166 1799 1166 1800 918 1800 917 1800 1166 1801 917 1801 1167 1801 1036 1802 1165 1802 1037 1802 1037 1803 1165 1803 1166 1803 1037 1804 1166 1804 1032 1804 1032 1805 1166 1805 1167 1805 1032 1806 1167 1806 1003 1806 1004 1807 1003 1807 1168 1807 1168 1808 1003 1808 1167 1808 1168 1809 1167 1809 1169 1809 1169 1810 1167 1810 1170 1810 1170 1811 1167 1811 917 1811 1170 1812 917 1812 916 1812 54 1813 52 1813 1126 1813 1126 1814 52 1814 1125 1814 184 1815 1171 1815 1172 1815 52 1816 170 1816 1125 1816 1125 1817 170 1817 1173 1817 1125 1818 1173 1818 1122 1818 1122 1819 1173 1819 1123 1819 1123 1820 1173 1820 1174 1820 1123 1821 1174 1821 1124 1821 168 1822 167 1822 1175 1822 1175 1823 167 1823 1176 1823 167 1824 177 1824 1176 1824 1176 1825 177 1825 175 1825 1176 1826 175 1826 1177 1826 1177 1827 175 1827 174 1827 1177 1828 174 1828 1178 1828 1178 1829 174 1829 182 1829 1178 1830 182 1830 1179 1830 1179 1831 182 1831 181 1831 1179 1832 181 1832 1172 1832 1172 1833 181 1833 185 1833 1172 1834 185 1834 184 1834 184 1835 115 1835 1171 1835 1171 1836 115 1836 1180 1836 1171 1837 1180 1837 1181 1837 170 1838 168 1838 1173 1838 1173 1839 168 1839 1175 1839 1173 1840 1175 1840 1174 1840 1174 1841 1175 1841 1176 1841 1174 1842 1176 1842 1182 1842 1182 1843 1176 1843 1177 1843 1182 1844 1177 1844 1183 1844 1183 1845 1177 1845 1178 1845 1183 1846 1178 1846 1184 1846 1184 1847 1178 1847 1179 1847 1184 1848 1179 1848 1185 1848 1185 1849 1179 1849 1172 1849 1185 1850 1172 1850 1186 1850 1186 1851 1172 1851 1171 1851 1186 1852 1171 1852 1187 1852 1187 1853 1171 1853 1181 1853 1187 1854 1181 1854 1188 1854 1124 1855 1174 1855 1121 1855 1121 1856 1174 1856 1182 1856 1121 1857 1182 1857 831 1857 831 1858 1182 1858 1183 1858 831 1859 1183 1859 832 1859 832 1860 1183 1860 1184 1860 832 1861 1184 1861 834 1861 834 1862 1184 1862 1185 1862 834 1863 1185 1863 835 1863 835 1864 1185 1864 1186 1864 835 1865 1186 1865 830 1865 830 1866 1186 1866 1187 1866 830 1867 1187 1867 828 1867 828 1868 1187 1868 1188 1868 828 1869 1188 1869 826 1869 1189 1870 1190 1870 1191 1870 1192 1871 1180 1871 115 1871 115 1872 113 1872 1192 1872 1192 1873 113 1873 126 1873 1192 1874 126 1874 1193 1874 1193 1875 126 1875 125 1875 1193 1876 125 1876 1194 1876 1194 1877 125 1877 122 1877 1194 1878 122 1878 1195 1878 1195 1879 122 1879 131 1879 1195 1880 131 1880 1196 1880 1197 1881 1181 1881 1180 1881 131 1882 130 1882 1196 1882 1196 1883 130 1883 1198 1883 1196 1884 1198 1884 1199 1884 1180 1885 1192 1885 1197 1885 1197 1886 1192 1886 1193 1886 1197 1887 1193 1887 1200 1887 1200 1888 1193 1888 1194 1888 1200 1889 1194 1889 1201 1889 1201 1890 1194 1890 1195 1890 1201 1891 1195 1891 1202 1891 1202 1892 1195 1892 1196 1892 1202 1893 1196 1893 1203 1893 1203 1894 1196 1894 1199 1894 1203 1895 1199 1895 1204 1895 1205 1896 1188 1896 1181 1896 1181 1897 1197 1897 1205 1897 1205 1898 1197 1898 1200 1898 1205 1899 1200 1899 1206 1899 1206 1900 1200 1900 1201 1900 1206 1901 1201 1901 1207 1901 1207 1902 1201 1902 1202 1902 1207 1903 1202 1903 1208 1903 1208 1904 1202 1904 1203 1904 1208 1905 1203 1905 1191 1905 1191 1906 1203 1906 1204 1906 1191 1907 1204 1907 1189 1907 826 1908 1188 1908 841 1908 841 1909 1188 1909 1205 1909 841 1910 1205 1910 838 1910 838 1911 1205 1911 1206 1911 838 1912 1206 1912 844 1912 844 1913 1206 1913 1207 1913 844 1914 1207 1914 845 1914 845 1915 1207 1915 1208 1915 845 1916 1208 1916 846 1916 846 1917 1208 1917 849 1917 849 1918 1208 1918 1191 1918 849 1919 1191 1919 848 1919 848 1920 1191 1920 1190 1920 848 1921 1190 1921 847 1921 130 1922 128 1922 1198 1922 1198 1923 128 1923 1209 1923 1198 1924 1209 1924 1199 1924 1199 1925 1209 1925 1210 1925 1199 1926 1210 1926 1204 1926 1204 1927 1210 1927 1211 1927 1204 1928 1211 1928 1189 1928 1189 1929 1211 1929 1212 1929 1189 1930 1212 1930 1190 1930 1190 1931 1212 1931 1213 1931 1190 1932 1213 1932 847 1932 847 1933 1213 1933 978 1933 1214 1934 1215 1934 1216 1934 1217 1935 979 1935 978 1935 992 1936 1218 1936 993 1936 993 1937 1218 1937 1219 1937 993 1938 1219 1938 995 1938 995 1939 1219 1939 1216 1939 995 1940 1216 1940 994 1940 994 1941 1216 1941 1215 1941 994 1942 1215 1942 977 1942 992 1943 991 1943 1218 1943 1218 1944 991 1944 990 1944 1218 1945 990 1945 1220 1945 1220 1946 990 1946 989 1946 1220 1947 989 1947 1221 1947 1221 1948 989 1948 988 1948 1221 1949 988 1949 1222 1949 1222 1950 988 1950 987 1950 1222 1951 987 1951 1223 1951 1223 1952 987 1952 986 1952 986 1953 985 1953 1223 1953 1223 1954 985 1954 984 1954 1223 1955 984 1955 1224 1955 1224 1956 984 1956 983 1956 1224 1957 983 1957 1225 1957 1225 1958 983 1958 982 1958 1225 1959 982 1959 1226 1959 1226 1960 982 1960 981 1960 1226 1961 981 1961 1217 1961 1217 1962 981 1962 980 1962 1217 1963 980 1963 979 1963 1227 1964 1228 1964 1229 1964 1229 1965 1228 1965 1214 1965 1214 1966 1216 1966 1229 1966 1229 1967 1216 1967 1219 1967 1229 1968 1219 1968 1230 1968 1230 1969 1219 1969 1218 1969 1230 1970 1218 1970 1231 1970 1231 1971 1218 1971 1220 1971 1231 1972 1220 1972 1232 1972 1232 1973 1220 1973 1221 1973 1232 1974 1221 1974 1233 1974 1233 1975 1221 1975 1222 1975 1233 1976 1222 1976 1234 1976 1234 1977 1222 1977 1223 1977 1234 1978 1223 1978 1235 1978 1235 1979 1223 1979 1224 1979 1235 1980 1224 1980 1236 1980 1236 1981 1224 1981 1225 1981 1236 1982 1225 1982 1237 1982 1237 1983 1225 1983 1226 1983 1237 1984 1226 1984 1238 1984 1238 1985 1226 1985 1217 1985 1238 1986 1217 1986 1239 1986 127 1987 1240 1987 1241 1987 1241 1988 1240 1988 1227 1988 978 1989 1213 1989 1217 1989 1217 1990 1213 1990 1212 1990 1217 1991 1212 1991 1239 1991 1239 1992 1212 1992 1211 1992 1239 1993 1211 1993 1210 1993 1227 1994 1229 1994 1241 1994 1241 1995 1229 1995 1230 1995 1241 1996 1230 1996 1242 1996 1242 1997 1230 1997 1231 1997 1242 1998 1231 1998 1243 1998 1243 1999 1231 1999 1232 1999 1243 2000 1232 2000 1244 2000 1244 2001 1232 2001 1233 2001 1244 2002 1233 2002 1245 2002 1245 2003 1233 2003 1234 2003 1245 2004 1234 2004 1246 2004 1246 2005 1234 2005 1235 2005 1246 2006 1235 2006 1247 2006 1247 2007 1235 2007 1236 2007 1247 2008 1236 2008 1248 2008 1248 2009 1236 2009 1237 2009 1248 2010 1237 2010 1249 2010 1249 2011 1237 2011 1238 2011 1249 2012 1238 2012 1250 2012 1250 2013 1238 2013 1239 2013 1250 2014 1239 2014 1251 2014 1251 2015 1239 2015 1210 2015 1251 2016 1210 2016 1209 2016 127 2017 1241 2017 132 2017 132 2018 1241 2018 1242 2018 132 2019 1242 2019 133 2019 133 2020 1242 2020 1243 2020 133 2021 1243 2021 134 2021 134 2022 1243 2022 1244 2022 134 2023 1244 2023 135 2023 135 2024 1244 2024 1245 2024 135 2025 1245 2025 136 2025 136 2026 1245 2026 1246 2026 136 2027 1246 2027 140 2027 140 2028 1246 2028 1247 2028 140 2029 1247 2029 139 2029 139 2030 1247 2030 1248 2030 139 2031 1248 2031 138 2031 138 2032 1248 2032 1249 2032 138 2033 1249 2033 141 2033 141 2034 1249 2034 1250 2034 141 2035 1250 2035 142 2035 142 2036 1250 2036 1251 2036 142 2037 1251 2037 137 2037 137 2038 1251 2038 1209 2038 137 2039 1209 2039 128 2039 127 2040 129 2040 1240 2040 1240 2041 129 2041 1252 2041 1240 2042 1252 2042 1227 2042 1227 2043 1252 2043 1253 2043 1227 2044 1253 2044 1228 2044 1228 2045 1253 2045 1254 2045 1228 2046 1254 2046 1214 2046 1214 2047 1254 2047 1255 2047 1214 2048 1255 2048 1215 2048 1215 2049 1255 2049 1256 2049 1215 2050 1256 2050 977 2050 977 2051 1256 2051 874 2051 110 2052 109 2052 1257 2052 129 2053 124 2053 1252 2053 1252 2054 124 2054 1258 2054 874 2055 1256 2055 1259 2055 1259 2056 1256 2056 1255 2056 1259 2057 1255 2057 1260 2057 1260 2058 1255 2058 1254 2058 1260 2059 1254 2059 1258 2059 1258 2060 1254 2060 1253 2060 1258 2061 1253 2061 1252 2061 123 2062 121 2062 1261 2062 1261 2063 121 2063 1262 2063 1261 2064 1262 2064 1263 2064 1263 2065 1262 2065 1264 2065 1263 2066 1264 2066 1265 2066 1265 2067 1264 2067 1266 2067 121 2068 120 2068 1262 2068 1262 2069 120 2069 1267 2069 1262 2070 1267 2070 1264 2070 1264 2071 1267 2071 1268 2071 1264 2072 1268 2072 1266 2072 1266 2073 1268 2073 1269 2073 120 2074 110 2074 1267 2074 1267 2075 110 2075 1270 2075 1267 2076 1270 2076 1268 2076 1268 2077 1270 2077 1271 2077 1268 2078 1271 2078 1269 2078 1269 2079 1271 2079 1272 2079 871 2080 872 2080 1259 2080 1259 2081 872 2081 873 2081 1259 2082 873 2082 874 2082 124 2083 123 2083 1258 2083 1258 2084 123 2084 1261 2084 1258 2085 1261 2085 1260 2085 1260 2086 1261 2086 1263 2086 1260 2087 1263 2087 1259 2087 1259 2088 1263 2088 1265 2088 1259 2089 1265 2089 871 2089 871 2090 1265 2090 1266 2090 871 2091 1266 2091 870 2091 870 2092 1266 2092 1269 2092 870 2093 1269 2093 869 2093 1272 2094 853 2094 1269 2094 1269 2095 853 2095 854 2095 1269 2096 854 2096 869 2096 110 2097 1257 2097 1270 2097 1270 2098 1257 2098 1273 2098 1270 2099 1273 2099 1271 2099 1271 2100 1273 2100 1274 2100 1271 2101 1274 2101 1272 2101 1272 2102 1274 2102 866 2102 1272 2103 866 2103 853 2103 158 2104 1275 2104 1276 2104 1273 2105 1257 2105 1277 2105 862 2106 1278 2106 1090 2106 1090 2107 1278 2107 1279 2107 1090 2108 1279 2108 1084 2108 1087 2109 1085 2109 1275 2109 1275 2110 1085 2110 1084 2110 1275 2111 1084 2111 1276 2111 1087 2112 1275 2112 1088 2112 1088 2113 1275 2113 158 2113 1088 2114 158 2114 102 2114 1257 2115 109 2115 157 2115 862 2116 861 2116 1278 2116 1278 2117 861 2117 859 2117 1278 2118 859 2118 1280 2118 1280 2119 859 2119 858 2119 1280 2120 858 2120 1281 2120 1281 2121 858 2121 863 2121 1281 2122 863 2122 1282 2122 1282 2123 863 2123 865 2123 1282 2124 865 2124 1283 2124 1283 2125 865 2125 868 2125 1283 2126 868 2126 1284 2126 1284 2127 868 2127 867 2127 1284 2128 867 2128 1285 2128 1285 2129 867 2129 866 2129 1285 2130 866 2130 1274 2130 1084 2131 1279 2131 1276 2131 1276 2132 1279 2132 1278 2132 1276 2133 1278 2133 1286 2133 1286 2134 1278 2134 1280 2134 1286 2135 1280 2135 1287 2135 1287 2136 1280 2136 1281 2136 1287 2137 1281 2137 1288 2137 1288 2138 1281 2138 1282 2138 1288 2139 1282 2139 1289 2139 1289 2140 1282 2140 1283 2140 1289 2141 1283 2141 1290 2141 1290 2142 1283 2142 1284 2142 1290 2143 1284 2143 1291 2143 1291 2144 1284 2144 1285 2144 1291 2145 1285 2145 1277 2145 1277 2146 1285 2146 1274 2146 1277 2147 1274 2147 1273 2147 1257 2148 157 2148 1277 2148 1277 2149 157 2149 156 2149 1277 2150 156 2150 1291 2150 1291 2151 156 2151 154 2151 1291 2152 154 2152 1290 2152 1290 2153 154 2153 152 2153 1290 2154 152 2154 1289 2154 1289 2155 152 2155 150 2155 1289 2156 150 2156 1288 2156 1288 2157 150 2157 148 2157 1288 2158 148 2158 1287 2158 1287 2159 148 2159 147 2159 1287 2160 147 2160 1286 2160 1286 2161 147 2161 165 2161 1286 2162 165 2162 1276 2162 1276 2163 165 2163 166 2163 1276 2164 166 2164 158 2164 1088 2165 102 2165 1089 2165 1089 2166 102 2166 101 2166 95 2166 62 2166 1082 2166 1082 2167 62 2167 1292 2167 1082 2168 1292 2168 1083 2168 8 2169 1293 2169 1294 2169 1295 2170 1296 2170 1297 2170 1083 2171 1292 2171 1296 2171 693 2172 695 2172 1080 2172 1292 2173 62 2173 64 2173 1292 2174 64 2174 1296 2174 1296 2175 64 2175 71 2175 1296 2176 71 2176 1297 2176 71 2177 70 2177 1297 2177 1297 2178 70 2178 74 2178 1297 2179 74 2179 1294 2179 1294 2180 74 2180 75 2180 1294 2181 75 2181 8 2181 1295 2182 1297 2182 1298 2182 1298 2183 1297 2183 1294 2183 1298 2184 1294 2184 1299 2184 1299 2185 1294 2185 1293 2185 1299 2186 1293 2186 1300 2186 1083 2187 1296 2187 1080 2187 1080 2188 1296 2188 1295 2188 1080 2189 1295 2189 693 2189 693 2190 1295 2190 1298 2190 693 2191 1298 2191 691 2191 691 2192 1298 2192 1299 2192 691 2193 1299 2193 689 2193 689 2194 1299 2194 1300 2194 689 2195 1300 2195 684 2195 685 2196 684 2196 1301 2196 1301 2197 684 2197 1300 2197 1301 2198 1300 2198 1302 2198 1302 2199 1300 2199 1303 2199 1303 2200 1300 2200 1293 2200 1303 2201 1293 2201 1304 2201 1304 2202 1293 2202 1305 2202 1305 2203 1293 2203 8 2203 1305 2204 8 2204 6 2204 1306 2205 15 2205 17 2205 6 2206 5 2206 1305 2206 1305 2207 5 2207 1307 2207 685 2208 1301 2208 1308 2208 1308 2209 1301 2209 1302 2209 1308 2210 1302 2210 1309 2210 1309 2211 1302 2211 1303 2211 1309 2212 1303 2212 1307 2212 1307 2213 1303 2213 1304 2213 1307 2214 1304 2214 1305 2214 17 2215 1310 2215 1306 2215 1306 2216 1310 2216 1311 2216 1306 2217 1311 2217 1312 2217 1312 2218 1311 2218 1313 2218 1312 2219 1313 2219 1314 2219 1314 2220 1313 2220 1315 2220 1314 2221 1315 2221 1316 2221 1129 2222 1130 2222 1308 2222 1308 2223 1130 2223 1127 2223 1308 2224 1127 2224 685 2224 5 2225 15 2225 1307 2225 1307 2226 15 2226 1306 2226 1307 2227 1306 2227 1309 2227 1309 2228 1306 2228 1312 2228 1309 2229 1312 2229 1308 2229 1308 2230 1312 2230 1314 2230 1308 2231 1314 2231 1129 2231 1129 2232 1314 2232 1316 2232 1129 2233 1316 2233 938 2233 17 2234 22 2234 1310 2234 1310 2235 22 2235 1317 2235 1310 2236 1317 2236 1311 2236 1311 2237 1317 2237 1318 2237 1311 2238 1318 2238 1313 2238 1313 2239 1318 2239 1319 2239 1313 2240 1319 2240 1315 2240 1315 2241 1319 2241 1320 2241 1315 2242 1320 2242 1316 2242 1316 2243 1320 2243 1321 2243 1316 2244 1321 2244 938 2244 938 2245 1321 2245 890 2245 22 2246 21 2246 1317 2246 1317 2247 21 2247 1322 2247 1323 2248 1320 2248 1324 2248 1324 2249 1320 2249 1319 2249 1324 2250 1319 2250 1322 2250 1322 2251 1319 2251 1318 2251 1322 2252 1318 2252 1317 2252 895 2253 890 2253 1323 2253 1323 2254 890 2254 1321 2254 1323 2255 1321 2255 1320 2255 21 2256 19 2256 1322 2256 1322 2257 19 2257 1325 2257 1322 2258 1325 2258 1324 2258 1324 2259 1325 2259 1326 2259 1324 2260 1326 2260 1323 2260 1323 2261 1326 2261 1327 2261 1323 2262 1327 2262 895 2262 895 2263 1327 2263 701 2263 24 2264 1328 2264 1329 2264 1328 2265 1330 2265 1331 2265 1330 2266 1332 2266 1333 2266 1332 2267 770 2267 768 2267 1332 2268 768 2268 1333 2268 1333 2269 768 2269 766 2269 1333 2270 766 2270 1334 2270 766 2271 764 2271 1334 2271 1334 2272 764 2272 762 2272 1334 2273 762 2273 1335 2273 762 2274 760 2274 1335 2274 1335 2275 760 2275 759 2275 1335 2276 759 2276 1336 2276 1336 2277 759 2277 750 2277 1336 2278 750 2278 1337 2278 1337 2279 750 2279 748 2279 1337 2280 748 2280 1338 2280 1338 2281 748 2281 746 2281 746 2282 789 2282 1338 2282 1338 2283 789 2283 788 2283 1338 2284 788 2284 1339 2284 1339 2285 788 2285 787 2285 1339 2286 787 2286 1340 2286 1340 2287 787 2287 785 2287 1340 2288 785 2288 1341 2288 1341 2289 785 2289 784 2289 784 2290 782 2290 1341 2290 1341 2291 782 2291 781 2291 1341 2292 781 2292 1342 2292 1342 2293 781 2293 779 2293 1342 2294 779 2294 1343 2294 1343 2295 779 2295 778 2295 1343 2296 778 2296 1344 2296 778 2297 776 2297 1344 2297 1344 2298 776 2298 775 2298 1344 2299 775 2299 1345 2299 775 2300 773 2300 1345 2300 1345 2301 773 2301 772 2301 1345 2302 772 2302 1346 2302 1346 2303 772 2303 716 2303 1346 2304 716 2304 1347 2304 1347 2305 716 2305 724 2305 1347 2306 724 2306 1348 2306 1348 2307 724 2307 722 2307 722 2308 720 2308 1348 2308 1348 2309 720 2309 718 2309 1348 2310 718 2310 1349 2310 1349 2311 718 2311 717 2311 1349 2312 717 2312 1350 2312 1350 2313 717 2313 707 2313 1350 2314 707 2314 1351 2314 1351 2315 707 2315 705 2315 705 2316 703 2316 1351 2316 1351 2317 703 2317 701 2317 1351 2318 701 2318 1327 2318 1330 2319 1333 2319 1331 2319 1331 2320 1333 2320 1334 2320 1331 2321 1334 2321 1352 2321 1352 2322 1334 2322 1335 2322 1352 2323 1335 2323 1353 2323 1353 2324 1335 2324 1336 2324 1353 2325 1336 2325 1354 2325 1354 2326 1336 2326 1337 2326 1354 2327 1337 2327 1355 2327 1355 2328 1337 2328 1338 2328 1355 2329 1338 2329 1356 2329 1356 2330 1338 2330 1339 2330 1356 2331 1339 2331 1357 2331 1357 2332 1339 2332 1340 2332 1357 2333 1340 2333 1358 2333 1358 2334 1340 2334 1341 2334 1358 2335 1341 2335 1359 2335 1359 2336 1341 2336 1342 2336 1359 2337 1342 2337 1360 2337 1360 2338 1342 2338 1343 2338 1360 2339 1343 2339 1361 2339 1361 2340 1343 2340 1344 2340 1361 2341 1344 2341 1362 2341 1362 2342 1344 2342 1345 2342 1362 2343 1345 2343 1363 2343 1363 2344 1345 2344 1346 2344 1363 2345 1346 2345 1364 2345 1364 2346 1346 2346 1347 2346 1364 2347 1347 2347 1365 2347 1365 2348 1347 2348 1348 2348 1365 2349 1348 2349 1366 2349 1366 2350 1348 2350 1349 2350 1366 2351 1349 2351 1367 2351 1367 2352 1349 2352 1350 2352 1367 2353 1350 2353 1368 2353 1368 2354 1350 2354 1351 2354 1368 2355 1351 2355 1369 2355 1369 2356 1351 2356 1327 2356 1369 2357 1327 2357 1326 2357 1328 2358 1331 2358 1329 2358 1329 2359 1331 2359 1352 2359 1329 2360 1352 2360 1370 2360 1370 2361 1352 2361 1353 2361 1370 2362 1353 2362 1371 2362 1371 2363 1353 2363 1354 2363 1371 2364 1354 2364 1372 2364 1372 2365 1354 2365 1355 2365 1372 2366 1355 2366 1373 2366 1373 2367 1355 2367 1356 2367 1373 2368 1356 2368 1374 2368 1374 2369 1356 2369 1357 2369 1374 2370 1357 2370 1375 2370 1375 2371 1357 2371 1358 2371 1375 2372 1358 2372 1376 2372 1376 2373 1358 2373 1359 2373 1376 2374 1359 2374 1377 2374 1377 2375 1359 2375 1360 2375 1377 2376 1360 2376 1378 2376 1378 2377 1360 2377 1361 2377 1378 2378 1361 2378 1379 2378 1379 2379 1361 2379 1362 2379 1379 2380 1362 2380 1380 2380 1380 2381 1362 2381 1363 2381 1380 2382 1363 2382 1381 2382 1381 2383 1363 2383 1364 2383 1381 2384 1364 2384 1382 2384 1382 2385 1364 2385 1365 2385 1382 2386 1365 2386 1383 2386 1383 2387 1365 2387 1366 2387 1383 2388 1366 2388 1384 2388 1384 2389 1366 2389 1367 2389 1384 2390 1367 2390 1385 2390 1385 2391 1367 2391 1368 2391 1385 2392 1368 2392 1386 2392 1386 2393 1368 2393 1369 2393 1386 2394 1369 2394 1387 2394 1387 2395 1369 2395 1326 2395 1387 2396 1326 2396 1325 2396 24 2397 1329 2397 42 2397 42 2398 1329 2398 1370 2398 42 2399 1370 2399 39 2399 39 2400 1370 2400 1371 2400 39 2401 1371 2401 37 2401 37 2402 1371 2402 1372 2402 37 2403 1372 2403 35 2403 35 2404 1372 2404 1373 2404 35 2405 1373 2405 36 2405 36 2406 1373 2406 1374 2406 36 2407 1374 2407 38 2407 38 2408 1374 2408 1375 2408 38 2409 1375 2409 26 2409 26 2410 1375 2410 1376 2410 26 2411 1376 2411 27 2411 27 2412 1376 2412 1377 2412 27 2413 1377 2413 28 2413 28 2414 1377 2414 1378 2414 28 2415 1378 2415 29 2415 29 2416 1378 2416 1379 2416 29 2417 1379 2417 30 2417 30 2418 1379 2418 1380 2418 30 2419 1380 2419 31 2419 31 2420 1380 2420 1381 2420 31 2421 1381 2421 32 2421 32 2422 1381 2422 1382 2422 32 2423 1382 2423 33 2423 33 2424 1382 2424 1383 2424 33 2425 1383 2425 40 2425 40 2426 1383 2426 1384 2426 40 2427 1384 2427 41 2427 41 2428 1384 2428 1385 2428 41 2429 1385 2429 25 2429 25 2430 1385 2430 1386 2430 25 2431 1386 2431 23 2431 23 2432 1386 2432 1387 2432 23 2433 1387 2433 18 2433 18 2434 1387 2434 1325 2434 18 2435 1325 2435 19 2435 1388 2436 20 2436 34 2436 34 2437 1389 2437 1388 2437 1388 2438 1389 2438 1390 2438 1388 2439 1390 2439 1391 2439 1391 2440 1390 2440 1392 2440 1391 2441 1392 2441 1393 2441 24 2442 20 2442 1328 2442 1328 2443 20 2443 1388 2443 1328 2444 1388 2444 1330 2444 1330 2445 1388 2445 1391 2445 1330 2446 1391 2446 1332 2446 1332 2447 1391 2447 1393 2447 1332 2448 1393 2448 770 2448 770 2449 1393 2449 876 2449 1392 2450 1394 2450 1393 2450 1393 2451 1394 2451 1395 2451 1393 2452 1395 2452 876 2452 876 2453 1395 2453 877 2453 34 2454 16 2454 1389 2454 1389 2455 16 2455 1396 2455 1389 2456 1396 2456 1390 2456 1390 2457 1396 2457 1397 2457 1390 2458 1397 2458 1392 2458 1392 2459 1397 2459 1398 2459 1392 2460 1398 2460 1394 2460 1394 2461 1398 2461 1399 2461 1394 2462 1399 2462 1395 2462 1395 2463 1399 2463 1400 2463 1395 2464 1400 2464 877 2464 877 2465 1400 2465 916 2465 1401 2466 9 2466 2 2466 16 2467 7 2467 1396 2467 1396 2468 7 2468 1402 2468 1403 2469 1399 2469 1404 2469 1404 2470 1399 2470 1398 2470 1404 2471 1398 2471 1402 2471 1402 2472 1398 2472 1397 2472 1402 2473 1397 2473 1396 2473 7 2474 9 2474 1402 2474 1402 2475 9 2475 1401 2475 1402 2476 1401 2476 1404 2476 1404 2477 1401 2477 1405 2477 1404 2478 1405 2478 1403 2478 1403 2479 1405 2479 1406 2479 2 2480 1407 2480 1401 2480 1401 2481 1407 2481 1408 2481 1401 2482 1408 2482 1405 2482 1405 2483 1408 2483 1409 2483 1405 2484 1409 2484 1406 2484 1406 2485 1409 2485 1410 2485 1406 2486 1410 2486 1411 2486 1170 2487 916 2487 1403 2487 1403 2488 916 2488 1400 2488 1403 2489 1400 2489 1399 2489 1170 2490 1403 2490 1169 2490 1169 2491 1403 2491 1406 2491 1169 2492 1406 2492 1168 2492 1168 2493 1406 2493 1411 2493 1168 2494 1411 2494 1004 2494 1004 2495 1411 2495 1006 2495 1006 2496 1411 2496 1412 2496 1411 2497 1410 2497 1412 2497 1412 2498 1410 2498 1409 2498 1412 2499 1409 2499 1413 2499 2 2500 12 2500 1407 2500 1407 2501 12 2501 1413 2501 1407 2502 1413 2502 1408 2502 1408 2503 1413 2503 1409 2503 1414 2504 1010 2504 1008 2504 1028 2505 1015 2505 1415 2505 1415 2506 1015 2506 1014 2506 1415 2507 1014 2507 1012 2507 47 2508 1416 2508 1417 2508 1417 2509 1416 2509 1027 2509 1413 2510 12 2510 79 2510 1006 2511 1412 2511 1418 2511 1418 2512 1412 2512 1419 2512 1418 2513 1419 2513 1420 2513 1412 2514 1413 2514 1419 2514 1419 2515 1413 2515 79 2515 1419 2516 79 2516 1420 2516 1420 2517 79 2517 81 2517 1420 2518 81 2518 83 2518 83 2519 1421 2519 1420 2519 1420 2520 1421 2520 1414 2520 1420 2521 1414 2521 1418 2521 1418 2522 1414 2522 1008 2522 1418 2523 1008 2523 1006 2523 83 2524 85 2524 1421 2524 1421 2525 85 2525 87 2525 1421 2526 87 2526 90 2526 1027 2527 1028 2527 1417 2527 1417 2528 1028 2528 1415 2528 1417 2529 1415 2529 1422 2529 1422 2530 1415 2530 1012 2530 1422 2531 1012 2531 1010 2531 1010 2532 1414 2532 1422 2532 1422 2533 1414 2533 1421 2533 1422 2534 1421 2534 1417 2534 1417 2535 1421 2535 90 2535 1417 2536 90 2536 47 2536 47 2537 49 2537 1416 2537 1416 2538 49 2538 1026 2538 1416 2539 1026 2539 1027 2539 953 2540 1102 2540 98 2540 98 2541 1102 2541 1101 2541 98 2542 1101 2542 104 2542 957 2543 899 2543 904 2543 904 2544 1099 2544 957 2544 957 2545 1099 2545 1104 2545 957 2546 1104 2546 953 2546 953 2547 1104 2547 1103 2547 953 2548 1103 2548 1102 2548 910 2549 900 2549 1109 2549 1109 2550 900 2550 954 2550 956 2551 1112 2551 954 2551 954 2552 1112 2552 1111 2552 954 2553 1111 2553 1109 2553 57 2554 1108 2554 56 2554 56 2555 1108 2555 1106 2555 56 2556 1106 2556 956 2556 956 2557 1106 2557 1105 2557 956 2558 1105 2558 1112 2558 1052 2559 50 2559 55 2559 1052 2560 55 2560 1053 2560 55 2561 955 2561 1053 2561 1053 2562 955 2562 676 2562 1053 2563 676 2563 675 2563 974 2564 973 2564 998 2564 998 2565 973 2565 1055 2565 1055 2566 973 2566 1054 2566 1054 2567 973 2567 97 2567 1054 2568 97 2568 96 2568 1116 2569 1110 2569 1107 2569 1107 1326 57 1326 53 1326 1114 2570 1115 2570 1113 2570 1113 2571 1115 2571 1116 2571 1113 1326 1116 1326 1117 1326 1117 2572 1116 2572 1107 2572 1118 1326 1117 1326 1119 1326 1119 2573 1117 2573 1107 2573 1119 2574 1107 2574 1120 2574 1120 2575 1107 2575 53 2575 1095 2576 1094 2576 1093 2576 1100 2577 1093 2577 1092 2577 1100 2578 1098 2578 1097 2578 103 1326 104 1326 1086 1326 1086 2579 104 2579 1100 2579 1086 1326 1100 1326 1091 1326 1091 1326 1100 1326 1092 1326 1093 1326 1100 1326 1095 1326 1095 1326 1100 1326 1097 1326 1095 2580 1097 2580 1096 2580 1079 1326 1078 1326 1071 1326 1058 2581 1057 2581 1056 2581 1063 1326 1059 1326 1058 1326 96 1326 95 1326 1056 1326 1056 1326 95 1326 1081 1326 1081 1326 1079 1326 1056 1326 1056 1326 1079 1326 1071 1326 1056 2582 1071 2582 1058 2582 1058 1326 1071 1326 1073 1326 1058 1326 1073 1326 1063 1326 49 1326 50 1326 1025 1326 1025 1326 50 1326 1024 1326 1025 1326 1024 1326 1029 1326 1040 1326 1035 1326 1047 1326 1047 1326 1035 1326 1031 1326 1048 1326 1047 1326 1051 1326 1051 1326 1047 1326 1031 1326 1051 1326 1031 1326 1024 1326 1024 2583 1031 2583 1030 2583 1024 2584 1030 2584 1029 2584 1423 2585 795 2585 1424 2585 1424 2586 795 2586 797 2586 1424 2587 797 2587 1425 2587 1425 2588 797 2588 799 2588 1425 2589 799 2589 1426 2589 1426 2590 799 2590 801 2590 1426 21 801 21 1427 21 1427 21 801 21 803 21 1427 2591 803 2591 1428 2591 1428 2592 803 2592 805 2592 1428 2593 805 2593 1429 2593 1429 2594 805 2594 794 2594 1429 2595 794 2595 1430 2595 1430 2596 794 2596 793 2596 1430 2597 793 2597 1431 2597 1431 2598 793 2598 791 2598 1431 2599 791 2599 1432 2599 1432 2600 791 2600 811 2600 1432 2601 811 2601 1433 2601 1433 2602 811 2602 813 2602 1433 60 813 60 1434 60 1434 60 813 60 815 60 1434 2603 815 2603 1435 2603 1435 2604 815 2604 817 2604 1435 2605 817 2605 1436 2605 1436 2606 817 2606 819 2606 1436 2607 819 2607 1423 2607 1423 2608 819 2608 795 2608 1423 2 1424 2 1437 2 1423 2 1437 2 1436 2 1433 2 1434 2 1437 2 1437 2609 1434 2609 1435 2609 1437 2610 1435 2610 1436 2610 1430 2 1431 2 1437 2 1437 2611 1431 2611 1432 2611 1437 2 1432 2 1433 2 1427 2 1428 2 1437 2 1437 2612 1428 2612 1429 2612 1437 2613 1429 2613 1430 2613 1424 2614 1425 2614 1437 2614 1437 2615 1425 2615 1426 2615 1437 2 1426 2 1427 2 1438 2596 961 2596 1439 2596 1439 2595 961 2595 960 2595 1439 2616 960 2616 1440 2616 1440 2616 960 2616 969 2616 1440 2592 969 2592 1441 2592 1441 2591 969 2591 968 2591 1441 21 968 21 1442 21 1442 21 968 21 962 21 1442 2617 962 2617 1443 2617 1443 2618 962 2618 959 2618 1443 2619 959 2619 1444 2619 1444 2619 959 2619 958 2619 1444 2586 958 2586 1445 2586 1445 2585 958 2585 966 2585 1445 2608 966 2608 1446 2608 1446 2607 966 2607 967 2607 1446 2620 967 2620 1447 2620 1447 2620 967 2620 963 2620 1447 2621 963 2621 1448 2621 1448 2622 963 2622 964 2622 1448 60 964 60 1449 60 1449 60 964 60 965 60 1449 2602 965 2602 1450 2602 1450 2601 965 2601 972 2601 1450 2623 972 2623 1451 2623 1451 2623 972 2623 970 2623 1451 2598 970 2598 1438 2598 1438 2597 970 2597 961 2597 1438 64 1439 64 1452 64 1438 64 1452 64 1451 64 1448 2624 1449 2624 1452 2624 1452 64 1449 64 1450 64 1452 64 1450 64 1451 64 1445 64 1446 64 1452 64 1452 64 1446 64 1447 64 1452 64 1447 64 1448 64 1442 64 1443 64 1452 64 1452 64 1443 64 1444 64 1452 2625 1444 2625 1445 2625 1439 64 1440 64 1452 64 1452 64 1440 64 1441 64 1452 64 1441 64 1442 64</p>
        </triangles>
      </mesh>
    </geometry>
  </library_geometries>
  <library_visual_scenes>
    <visual_scene id="Scene" name="Scene">
      <node id="link_5_3" name="link_5_3" type="NODE">
        <matrix sid="transform">0 1 0 0 -1 0 0 0 0 0 1 0 0 0 0 1</matrix>
        <instance_geometry url="#link_5_3-mesh" name="link_5_3">
          <bind_material>
            <technique_common>
              <instance_material symbol="m_1-material" target="#m_1-material"/>
            </technique_common>
          </bind_material>
        </instance_geometry>
      </node>
    </visual_scene>
  </library_visual_scenes>
  <scene>
    <instance_visual_scene url="#Scene"/>
  </scene>
</COLLADA>