<?xml version="1.0" encoding="utf-8"?>
<COLLADA xmlns="http://www.collada.org/2005/11/COLLADASchema" version="1.4.1" xmlns:xsi="http://www.w3.org/2001/XMLSchema-instance">
  <asset>
    <contributor>
      <author>Blender User</author>
      <authoring_tool>Blender 4.0.2 commit date:2023-12-05, commit time:07:41, hash:9be62e85b727</authoring_tool>
    </contributor>
    <created>2025-10-29T17:47:55</created>
    <modified>2025-10-29T17:47:55</modified>
    <unit name="meter" meter="1"/>
    <up_axis>Z_UP</up_axis>
  </asset>
  <library_effects>
    <effect id="m_1-effect">
      <profile_COMMON>
        <technique sid="common">
          <lambert>
            <emission>
              <color sid="emission">0 0 0 1</color>
            </emission>
            <diffuse>
              <color sid="diffuse">0.2 0.2 0.17 1</color>
            </diffuse>
            <reflectivity>
              <float sid="specular">1</float>
            </reflectivity>
            <index_of_refraction>
              <float sid="ior">1.45</float>
            </index_of_refraction>
          </lambert>
        </technique>
      </profile_COMMON>
    </effect>
  </library_effects>
  <library_images/>
  <library_materials>
    <material id="m_1-material" name="m_1">
      <instance_effect url="#m_1-effect"/>
    </material>
  </library_materials>
  <library_geometries>
    <geometry id="link_base_001-mesh" name="link_base.001">
      <mesh>
        <source id="link_base_001-mesh-positions">
          <float_array id="link_base_001-mesh-positions-array" count="2670">-0.02709883 -0.01505488 0.004999995 -0.02674305 -0.01485723 0.004999995 -0.02800691 -0.01328945 0.004999995 -0.02592319 -0.01418828 0.004999995 -0.03077393 -0.003736615 0.004999995 -0.02977603 -0.008624732 0.004999995 -0.02519994 -0.01223474 0.004999995 -0.02538657 -0.01327633 0.004999995 -0.02538657 0.01327633 0.004999995 -0.02592319 0.01418828 0.004999995 -0.0289855 0.0109927 0.004999995 -0.02674305 0.01485723 0.004999995 -0.02709883 0.01505488 0.004999995 -0.02519994 0.01223474 0.004999995 -0.03037351 0.00620079 0.004999995 -0.03097486 0.00124824 0.004999995 -0.02519994 -0.01223474 0.01449996 -0.02519994 -0.009431838 0.01133805 -0.02519994 -0.01015597 0.009834408 -0.02519994 -0.01015597 0.008165538 -0.02519994 -0.009431838 0.006661891 -0.02519994 -0.003568112 0.01133805 -0.02519994 -0.004872918 0.01237863 -0.02519994 0.01223474 0.01449996 -0.02519994 -0.006499946 0.01274996 -0.02519994 -0.008127033 0.01237863 -0.02519994 -0.002843976 0.009834408 -0.02519994 0.002843976 0.009834408 -0.02519994 -0.002843976 0.008165538 -0.02519994 0.002843976 0.008165538 -0.02519994 -0.003568112 0.006661891 -0.02519994 0.006499946 0.005249977 -0.02519994 0.008127033 0.005621314 -0.02519994 -0.004872918 0.005621314 -0.02519994 0.003568112 0.006661891 -0.02519994 0.004872918 0.005621314 -0.02519994 0.009431838 0.006661891 -0.02519994 0.01015597 0.008165538 -0.02519994 0.01015597 0.009834408 -0.02519994 0.009431838 0.01133805 -0.02519994 -0.008127033 0.005621314 -0.02519994 -0.006499946 0.005249977 -0.02519994 0.008127033 0.01237863 -0.02519994 0.006499946 0.01274996 -0.02519994 0.004872918 0.01237863 -0.02519994 0.003568112 0.01133805 0.02674305 -0.01485723 0.004999995 0.02709883 -0.01505488 0.004999995 0.02800691 -0.01328945 0.004999995 0.0289855 0.0109927 0.004999995 0.02709883 0.01505488 0.004999995 0.02674305 0.01485723 0.004999995 0.02592319 -0.01418828 0.004999995 0.02538657 -0.01327633 0.004999995 0.02519994 -0.01223474 0.004999995 0.02977603 -0.008624732 0.004999995 0.02592319 0.01418828 0.004999995 0.02538657 0.01327633 0.004999995 0.02519994 0.01223474 0.004999995 0.03077393 -0.003736615 0.004999995 0.03097486 0.00124824 0.004999995 0.03037351 0.00620079 0.004999995 0.02519994 -0.009431838 0.006661891 0.02519994 -0.01015597 0.008165538 0.02519994 -0.01223474 0.01449996 0.02519994 -0.01015597 0.009834408 0.02519994 -0.009431838 0.01133805 0.02519994 0.003568112 0.01133805 0.02519994 0.004872918 0.01237863 0.02519994 0.006499946 0.01274996 0.02519994 0.01223474 0.01449996 0.02519994 0.008127033 0.01237863 0.02519994 0.006499946 0.005249977 0.02519994 0.008127033 0.005621314 0.02519994 0.009431838 0.006661891 0.02519994 -0.008127033 0.01237863 0.02519994 -0.006499946 0.01274996 0.02519994 -0.004872918 0.01237863 0.02519994 0.002843976 0.009834408 0.02519994 -0.002843976 0.008165538 0.02519994 -0.003568112 0.006661891 0.02519994 0.004872918 0.005621314 0.02519994 -0.004872918 0.005621314 0.02519994 -0.006499946 0.005249977 0.02519994 -0.008127033 0.005621314 0.02519994 0.009431838 0.01133805 0.02519994 0.01015597 0.009834408 0.02519994 0.01015597 0.008165538 0.02519994 -0.003568112 0.01133805 0.02519994 -0.002843976 0.009834408 0.02519994 0.002843976 0.008165538 0.02519994 0.003568112 0.006661891 0.01212251 0.02151209 0.004999995 0.01305752 0.02259874 0.004999995 0.01136571 0.02397978 0.004999995 0.01097685 -0.016864 0.004999995 0.0113663 -0.01528406 0.004999995 -0.01097685 -0.016864 0.004999995 -0.01212251 -0.02151209 0.004999995 -0.01305752 -0.02259874 0.004999995 -0.01136571 -0.02397978 0.004999995 -0.01136571 0.02397978 0.004999995 -0.01305752 0.02259874 0.004999995 -0.01212251 0.02151209 0.004999995 -0.0113663 0.0200712 0.004999995 0.0113663 0.0200712 0.004999995 -0.01097685 0.01849126 0.004999995 0.01097685 0.01849126 0.004999995 0.007199943 -0.02515 0.004999995 -0.0113663 -0.0200712 0.004999995 -0.007199943 -0.02515 0.004999995 -0.009363472 -0.02485185 0.004999995 0.01320159 0.01262521 0.004999995 -0.0113663 0.01528406 0.004999995 0.01454079 0.0117008 0.004999995 0.01519995 0.01139879 0.004999995 0.01212251 0.01384317 0.004999995 0.0113663 0.01528406 0.004999995 0.01097685 0.016864 0.004999995 0.01305752 -0.02259874 0.004999995 0.01212251 -0.02151209 0.004999995 0.01136571 -0.02397978 0.004999995 0.009363472 -0.02485185 0.004999995 0.009363472 0.02485185 0.004999995 0.007199943 0.02515 0.004999995 -0.007199943 0.02515 0.004999995 -0.009363472 0.02485185 0.004999995 -0.01320159 -0.01262521 0.004999995 -0.01454079 -0.0117008 0.004999995 -0.01519995 -0.01139879 0.004999995 -0.01212251 -0.01384317 0.004999995 -0.0113663 -0.01528406 0.004999995 -0.01097685 0.016864 0.004999995 0.01519995 -0.01139879 0.004999995 0.01454079 -0.0117008 0.004999995 0.01320159 -0.01262521 0.004999995 -0.01212251 0.01384317 0.004999995 0.01212251 -0.01384317 0.004999995 -0.01320159 0.01262521 0.004999995 -0.01454079 0.0117008 0.004999995 -0.01519995 0.01139879 0.004999995 0.01097685 -0.01849126 0.004999995 -0.01097685 -0.01849126 0.004999995 0.0113663 -0.0200712 0.004999995 -0.02592396 -0.01789402 0.01449996 -0.02753591 -0.01529771 0.01449996 -0.02592396 -0.01789402 5e-4 -0.02753591 -0.01529771 0.004499971 -0.02845865 -0.01350378 5e-4 -0.02367085 -0.02078312 0.01449996 -0.02367085 -0.02078312 0.004999995 -0.02309739 -0.02141863 0.004835486 -0.02271783 -0.02182078 5e-4 -0.02271896 -0.02181959 0.00477463 -0.02078312 -0.02367085 0.01449996 -0.02078312 -0.02367085 0.004999995 -0.01892334 -0.02518242 5e-4 -0.02199417 -0.02255004 0.004759371 0.02078312 -0.02367085 0.004999995 0.01892334 -0.02518242 5e-4 0.02199417 -0.02255004 0.004759371 0.02271783 -0.02182078 5e-4 0.02271783 -0.02182078 0.00477451 0.02367085 -0.02078312 0.004999995 0.02592396 -0.01789402 5e-4 0.02367085 -0.02078312 0.01449996 0.02845865 -0.01350378 0.004499971 0.02753591 -0.01529771 0.004499971 0.02592396 -0.01789402 0.01449996 0.02753591 -0.01529771 0.01449996 0.02845865 -0.01350378 5e-4 0.03025627 -0.008763849 5e-4 0.03025627 -0.008763849 0.004499971 0.03127032 -0.003796875 5e-4 0.03127032 -0.003796875 0.004499971 0.03147441 0.001268327 5e-4 0.03147441 0.001268327 0.004499971 0.0308634 0.006300806 5e-4 0.0308634 0.006300806 0.004499971 0.02945297 0.01117002 5e-4 0.02945297 0.01117002 0.004499971 0.02727979 0.01574999 0.01449996 0.02753591 0.01529771 0.01449996 0.02753591 0.01529771 0.004499971 0.02088832 0.02357804 5e-4 0.02088707 0.02357918 0.004967749 0.02199417 0.02255004 0.004759371 0.02440005 0.01992201 5e-4 0.02309739 0.02141863 0.004835486 0.02367085 0.02078312 0.004999995 0.02078312 0.02367085 0.004999995 0.01683562 0.02662348 5e-4 0.02078312 0.02367085 0.01449996 -0.02078312 0.02367085 0.004999995 -0.01683562 0.02662348 5e-4 -0.02088707 0.02357918 0.004967749 -0.02088832 0.02357804 5e-4 -0.02199417 0.02255004 0.004759371 -0.02440005 0.01992201 0.01449996 -0.02367085 0.02078312 0.01449996 -0.02367085 0.02078312 0.004999995 -0.02309739 0.02141863 0.004835486 -0.02440005 0.01992201 5e-4 -0.02945297 0.01117002 0.004499971 -0.02753591 0.01529771 0.004499971 -0.02727979 0.01574999 5e-4 -0.02945297 0.01117002 5e-4 -0.0308634 0.006300806 5e-4 -0.0308634 0.006300806 0.004499971 -0.03147441 0.001268327 5e-4 -0.03147441 0.001268327 0.004499971 -0.03127032 -0.003796875 5e-4 -0.03127032 -0.003796875 0.004499971 -0.03025627 -0.008763849 5e-4 -0.03025627 -0.008763849 0.004499971 -0.02845865 -0.01350378 0.004499971 -0.02727979 0.01574999 0.01449996 -0.02753591 0.01529771 0.01449996 -0.002534687 0.03139781 0.01449996 -0.007538437 0.03058463 5e-4 -0.007538437 0.03058463 0.01449996 -0.01234692 0.0289793 5e-4 -0.01234692 0.0289793 0.01449996 -0.01683562 0.02662348 0.01449996 -0.02078312 0.02367085 0.01449996 0.01683562 0.02662348 0.01449996 0.01234692 0.0289793 5e-4 0.01234692 0.0289793 0.01449996 0.007538437 0.03058463 5e-4 0.007538437 0.03058463 0.01449996 0.002534687 0.03139781 5e-4 0.002534687 0.03139781 0.01449996 0 0.03149998 5e-4 -0.002534687 0.03139781 5e-4 0.02727979 0.01574999 5e-4 0.02440005 0.01992201 0.01449996 0.02367085 0.02078312 0.01449996 -0.01892334 -0.02518242 0.01449996 -0.01463878 -0.02789181 5e-4 -0.01463878 -0.02789181 0.01449996 -0.009975016 -0.02987885 5e-4 -0.009975016 -0.02987885 0.01449996 -0.005052924 -0.03109204 5e-4 -0.005052924 -0.03109204 0.01449996 0 -0.03149998 5e-4 0 -0.03149998 0.01449996 0.005052924 -0.03109204 5e-4 0.005052924 -0.03109204 0.01449996 0.009975016 -0.02987885 5e-4 0.009975016 -0.02987885 0.01449996 0.01463878 -0.02789181 5e-4 0.01463878 -0.02789181 0.01449996 0.01892334 -0.02518242 0.01449996 0.02078312 -0.02367085 0.01449996 -0.01862299 -0.02478271 0 -0.02235722 -0.02147442 0 0.01450097 -0.01806336 0 -0.03037351 0.00620079 0 -0.0289855 0.0109927 0 -0.01844346 -0.01457065 0 0.01504409 -0.01949542 0 0 -0.03099995 0 -0.004972696 -0.03059852 0 -0.009816706 -0.02940458 0 -0.01440638 -0.02744913 0 -0.02031117 -0.01949542 0 -0.02085429 -0.01806336 0 -0.02551245 -0.01761001 0 -0.02066969 -0.01654291 0 -0.02800691 -0.01328945 0 -0.01979964 -0.01528239 0 -0.01916474 0.01484417 0 -0.01767766 0.01447767 0 -0.01691186 -0.01457065 0 -0.01504409 -0.01949542 0 -0.01450097 -0.01806336 0 0.01619052 0.01484417 0 -0.01468557 -0.01654291 0 0.01504409 0.01585984 0 -0.01555567 -0.01528239 0 0.01450097 0.0172919 0 0.01979964 -0.01528239 0 0.02977603 -0.008624732 0 0.02066969 -0.01654291 0 0.02800691 -0.01328945 0 0.02085429 -0.01806336 0 0.02551245 -0.01761001 0 0.02031117 -0.01949542 0 0.02235722 -0.02147442 0 0.01916474 -0.02051109 0 0.01862299 -0.02478271 0 0.01767766 -0.02087765 0 0.01440638 -0.02744913 0 0.01619052 -0.02051109 0 0.009816706 -0.02940458 0 0.004972696 -0.03059852 0 -0.02977603 -0.008624732 0 -0.03077393 -0.003736615 0 -0.03097486 0.00124824 0 0.0289855 0.0109927 0 0.03037351 0.00620079 0 0.01844346 -0.01457065 0 0.03097486 0.00124824 0 0.03077393 -0.003736615 0 -0.01916474 -0.02051109 0 -0.01767766 -0.02087765 0 -0.01619052 -0.02051109 0 0.01468557 -0.01654291 0 0.01555567 -0.01528239 0 0.01691186 -0.01457065 0 0.01767766 0.01447767 0 0.01916474 0.01484417 0 0.02031117 0.01585984 0 0.02684676 0.01549994 0 0.02085429 0.0172919 0 0.02401274 0.01960575 0 0.02066969 0.01881235 0 0.0205568 0.02320379 0 -0.01619052 0.01484417 0 0.01979964 0.02007287 0 0.01844346 0.02078467 0 0.01656842 0.02620089 0 0.01691186 0.02078467 0 0.01215094 0.02851933 0 0.01555567 0.02007287 0 -0.002494454 0.03089946 0 0.01468557 0.01881235 0 -0.007418751 0.03009915 0 -0.01215094 0.02851933 0 0 0.03099995 0 0.002494454 0.03089946 0 0.007418751 0.03009915 0 -0.01504409 0.01585984 0 -0.01450097 0.0172919 0 -0.01468557 0.01881235 0 -0.01555567 0.02007287 0 -0.01656842 0.02620089 0 -0.01691186 0.02078467 0 -0.0205568 0.02320379 0 -0.01844346 0.02078467 0 -0.01979964 0.02007287 0 -0.02401274 0.01960575 0 -0.02066969 0.01881235 0 -0.02684676 0.01549994 0 -0.02085429 0.0172919 0 -0.02031117 0.01585984 0 -0.01844346 0.02078467 0.001449942 -0.01916474 0.02051109 0.001449942 -0.01979964 0.02007287 0.001449942 -0.01916474 0.01484417 0.001449942 -0.01978129 0.01126378 0.004999995 -0.01844346 0.01457065 0.001449942 -0.01929301 0.01112377 0.004999995 -0.01767766 0.01447767 0.001449942 -0.01979964 0.01528239 0.001449942 -0.02183383 0.01235896 0.004999995 -0.02081453 0.0117008 0.004999995 -0.02066969 0.01654291 0.001449942 -0.02339273 0.01408588 0.004999995 -0.02031117 0.01585984 0.001449942 -0.02323275 0.01384317 0.004999995 -0.02215373 0.01262521 0.004999995 -0.02085429 0.0172919 0.001449942 -0.02427268 0.01623952 0.004999995 -0.02398902 0.01528406 0.004999995 -0.02031117 0.01949542 0.001449942 -0.02066969 0.01881235 0.001449942 -0.02398902 0.0200712 0.004999995 -0.02085429 0.01806336 0.001449942 -0.02437841 0.01849126 0.004999995 -0.02437841 0.016864 0.004999995 -0.01767766 0.02087765 0.001449942 -0.01882022 0.02433025 0.004999995 -0.01929301 0.02423149 0.004999995 -0.01691186 0.02078467 0.001449942 -0.01674979 0.02436357 0.004999995 -0.01767766 0.02442765 0.004999995 -0.01504409 0.01949542 0.001449942 -0.01555567 0.02007287 0.001449942 -0.01320159 0.02273011 0.004999995 -0.01619052 0.02051109 0.001449942 -0.01454079 0.02365446 0.004999995 -0.01606225 0.02423149 0.004999995 -0.01691186 0.01457065 0.001449942 -0.01619052 0.01484417 0.001449942 -0.01555567 0.01528239 0.001449942 -0.01504409 0.01585984 0.001449942 -0.01468557 0.01654291 0.001449942 -0.01450097 0.0172919 0.001449942 -0.01450097 0.01806336 0.001449942 -0.01468557 0.01881235 0.001449942 -0.01767766 0.01092761 0.004999995 -0.01747882 0.01093059 0.004999995 -0.01606225 0.01112377 0.004999995 -0.01619052 0.01484417 0 -0.01767766 0.01447767 0 -0.01504409 0.01585984 0 -0.01450097 0.0172919 0 -0.01468557 0.01881235 0 -0.01555567 0.02007287 0 -0.01691186 0.02078467 0 -0.01844346 0.02078467 0 -0.01979964 0.02007287 0 -0.02066969 0.01881235 0 -0.02085429 0.0172919 0 -0.02031117 0.01585984 0 -0.01916474 0.01484417 0 -0.01916474 -0.02051109 0.001449942 -0.01979964 -0.02007287 0.001449942 -0.01844346 -0.02078467 0.001449942 -0.02031117 -0.01949542 0.001449942 -0.02066969 -0.01881235 0.001449942 -0.01929301 -0.02423149 0.004999995 -0.01882022 -0.02433025 0.004999995 -0.01767766 -0.02087765 0.001449942 -0.02066969 -0.01654291 0.001449942 -0.02427268 -0.01623952 0.004999995 -0.02085429 -0.0172919 0.001449942 -0.02437841 -0.016864 0.004999995 -0.02085429 -0.01806336 0.001449942 -0.02437841 -0.01849126 0.004999995 -0.02398902 -0.0200712 0.004999995 -0.02031117 -0.01585984 0.001449942 -0.02339273 -0.01408588 0.004999995 -0.02398902 -0.01528406 0.004999995 -0.01916474 -0.01484417 0.001449942 -0.02183383 -0.01235896 0.004999995 -0.01979964 -0.01528239 0.001449942 -0.02215373 -0.01262521 0.004999995 -0.02323275 -0.01384317 0.004999995 -0.01844346 -0.01457065 0.001449942 -0.01978129 -0.01126378 0.004999995 -0.02081453 -0.0117008 0.004999995 -0.01691186 -0.01457065 0.001449942 -0.01747882 -0.01093059 0.004999995 -0.01767766 -0.01447767 0.001449942 -0.01767766 -0.01092761 0.004999995 -0.01929301 -0.01112377 0.004999995 -0.01619052 -0.01484417 0.001449942 -0.01606225 -0.01112377 0.004999995 -0.01555567 -0.02007287 0.001449942 -0.01504409 -0.01949542 0.001449942 -0.01468557 -0.01881235 0.001449942 -0.01450097 -0.01806336 0.001449942 -0.01450097 -0.0172919 0.001449942 -0.01468557 -0.01654291 0.001449942 -0.01504409 -0.01585984 0.001449942 -0.01555567 -0.01528239 0.001449942 -0.01767766 -0.02442765 0.004999995 -0.01674979 -0.02436357 0.004999995 -0.01691186 -0.02078467 0.001449942 -0.01606225 -0.02423149 0.004999995 -0.01619052 -0.02051109 0.001449942 -0.01454079 -0.02365446 0.004999995 -0.01320159 -0.02273011 0.004999995 -0.01619052 -0.02051109 0 -0.01767766 -0.02087765 0 -0.01504409 -0.01949542 0 -0.01450097 -0.01806336 0 -0.01468557 -0.01654291 0 -0.01555567 -0.01528239 0 -0.01691186 -0.01457065 0 -0.01844346 -0.01457065 0 -0.01979964 -0.01528239 0 -0.02066969 -0.01654291 0 -0.02085429 -0.01806336 0 -0.02031117 -0.01949542 0 -0.01916474 -0.02051109 0 0.01767766 -0.02087765 0.001449942 0.01691186 -0.02078467 0.001449942 0.01674979 -0.02436357 0.004999995 0.01504409 -0.01949542 0.001449942 0.01555567 -0.02007287 0.001449942 0.01320159 -0.02273011 0.004999995 0.01619052 -0.02051109 0.001449942 0.01454079 -0.02365446 0.004999995 0.01606225 -0.02423149 0.004999995 0.01691186 -0.01457065 0.001449942 0.01619052 -0.01484417 0.001449942 0.01555567 -0.01528239 0.001449942 0.01504409 -0.01585984 0.001449942 0.01468557 -0.01654291 0.001449942 0.01450097 -0.0172919 0.001449942 0.01450097 -0.01806336 0.001449942 0.01468557 -0.01881235 0.001449942 0.01767766 -0.01447767 0.001449942 0.01747882 -0.01093059 0.004999995 0.01606225 -0.01112377 0.004999995 0.01916474 -0.01484417 0.001449942 0.01978129 -0.01126378 0.004999995 0.01844346 -0.01457065 0.001449942 0.01929301 -0.01112377 0.004999995 0.01767766 -0.01092761 0.004999995 0.01979964 -0.01528239 0.001449942 0.02183383 -0.01235896 0.004999995 0.02081453 -0.0117008 0.004999995 0.02066969 -0.01654291 0.001449942 0.02339273 -0.01408588 0.004999995 0.02031117 -0.01585984 0.001449942 0.02323275 -0.01384317 0.004999995 0.02215373 -0.01262521 0.004999995 0.02085429 -0.0172919 0.001449942 0.02427268 -0.01623952 0.004999995 0.02398902 -0.01528406 0.004999995 0.01844346 -0.02078467 0.001449942 0.01916474 -0.02051109 0.001449942 0.01979964 -0.02007287 0.001449942 0.02031117 -0.01949542 0.001449942 0.02066969 -0.01881235 0.001449942 0.02398902 -0.0200712 0.004999995 0.02085429 -0.01806336 0.001449942 0.02437841 -0.01849126 0.004999995 0.02437841 -0.016864 0.004999995 0.01767766 -0.02442765 0.004999995 0.01882022 -0.02433025 0.004999995 0.01929301 -0.02423149 0.004999995 0.01916474 -0.02051109 0 0.01767766 -0.02087765 0 0.02031117 -0.01949542 0 0.02085429 -0.01806336 0 0.02066969 -0.01654291 0 0.01979964 -0.01528239 0 0.01844346 -0.01457065 0 0.01691186 -0.01457065 0 0.01555567 -0.01528239 0 0.01468557 -0.01654291 0 0.01450097 -0.01806336 0 0.01504409 -0.01949542 0 0.01619052 -0.02051109 0 0.01979964 0.02007287 0.001449942 0.02031117 0.01949542 0.001449942 0.01844346 0.02078467 0.001449942 0.01916474 0.02051109 0.001449942 0.02066969 0.01881235 0.001449942 0.01691186 0.01457065 0.001449942 0.01619052 0.01484417 0.001449942 0.01555567 0.02007287 0.001449942 0.01504409 0.01949542 0.001449942 0.01468557 0.01881235 0.001449942 0.01450097 0.01806336 0.001449942 0.01450097 0.0172919 0.001449942 0.01468557 0.01654291 0.001449942 0.01504409 0.01585984 0.001449942 0.01555567 0.01528239 0.001449942 0.01767766 0.02087765 0.001449942 0.01674979 0.02436357 0.004999995 0.01691186 0.02078467 0.001449942 0.01606225 0.02423149 0.004999995 0.01619052 0.02051109 0.001449942 0.01454079 0.02365446 0.004999995 0.01320159 0.02273011 0.004999995 0.01929301 0.02423149 0.004999995 0.01882022 0.02433025 0.004999995 0.01767766 0.02442765 0.004999995 0.02066969 0.01654291 0.001449942 0.02427268 0.01623952 0.004999995 0.02085429 0.0172919 0.001449942 0.02437841 0.016864 0.004999995 0.02085429 0.01806336 0.001449942 0.02437841 0.01849126 0.004999995 0.02398902 0.0200712 0.004999995 0.02031117 0.01585984 0.001449942 0.02339273 0.01408588 0.004999995 0.02398902 0.01528406 0.004999995 0.01916474 0.01484417 0.001449942 0.02183383 0.01235896 0.004999995 0.01979964 0.01528239 0.001449942 0.02215373 0.01262521 0.004999995 0.02323275 0.01384317 0.004999995 0.01844346 0.01457065 0.001449942 0.01978129 0.01126378 0.004999995 0.02081453 0.0117008 0.004999995 0.01606225 0.01112377 0.004999995 0.01747882 0.01093059 0.004999995 0.01767766 0.01447767 0.001449942 0.01767766 0.01092761 0.004999995 0.01929301 0.01112377 0.004999995 0.01916474 0.01484417 0 0.01767766 0.01447767 0 0.02031117 0.01585984 0 0.02085429 0.0172919 0 0.02066969 0.01881235 0 0.01979964 0.02007287 0 0.01844346 0.02078467 0 0.01691186 0.02078467 0 0.01555567 0.02007287 0 0.01468557 0.01881235 0 0.01450097 0.0172919 0 0.01504409 0.01585984 0 0.01619052 0.01484417 0 0.02421617 0.01935392 0.01499998 0.02411973 0.01969313 0.01486188 0.02436918 0.01856398 0.01499998 0.02427268 0.01623952 0.01499998 0.02339273 0.01408588 0.01499998 0.02183383 0.01235896 0.01499998 0.01978129 0.01126378 0.01499998 0.01519995 0.01139879 0.01399999 0.0162 0.01109135 0.01499998 0.01747882 0.01093059 0.01499998 0.01519995 -0.004594743 0.01009994 0.01519995 -0.005399942 0.0109052 0.01519995 -0.006499946 0.01119995 0.01519995 -0.01139879 0.01399999 0.01519995 -0.007599949 0.0109052 0.01519995 -0.008405208 0.01009994 0.01519995 -0.008699953 0.008999943 0.01519995 -0.008405208 0.007899999 0.01519995 0.004594743 0.007899999 0.01519995 0.005399942 0.00709474 0.01519995 0.006499946 0.006799995 0.01519995 0.007599949 0.00709474 0.01519995 -0.007599949 0.00709474 0.01519995 -0.006499946 0.006799995 0.01519995 0.007599949 0.0109052 0.01519995 0.006499946 0.01119995 0.01519995 0.005399942 0.0109052 0.01519995 0.004594743 0.01009994 0.01519995 -0.004299998 0.008999943 0.01519995 0.004299998 0.008999943 0.01519995 -0.004594743 0.007899999 0.01519995 -0.005399942 0.00709474 0.01519995 0.008405208 0.007899999 0.01519995 0.008699953 0.008999943 0.01519995 0.008405208 0.01009994 0.02398759 -0.02007502 0.01472038 0.02421617 -0.01935392 0.01499998 0.02436918 -0.01856398 0.01499998 0.0162 -0.01109135 0.01499998 0.01747882 -0.01093059 0.01499998 0.01978129 -0.01126378 0.01499998 0.02183383 -0.01235896 0.01499998 0.02339273 -0.01408588 0.01499998 0.02427268 -0.01623952 0.01499998 0.02684676 0.01549994 0.01499998 0.02551245 -0.01761001 0.01499998 0.02685248 -0.01549005 0.01499998 0.02650022 -0.01529431 0.01499998 0.02685248 0.01549005 0.01499998 0.02650022 0.01529431 0.01499998 0.02554374 0.01451385 0.01499998 0.02491766 0.0134499 0.01499998 0.02469998 0.01223474 0.01499998 0.02554374 -0.01451385 0.01499998 0.02491766 -0.0134499 0.01499998 0.02469998 -0.01223474 0.01499998 -0.01305752 0.02259874 0.01399999 -0.01136571 0.02397978 0.01399999 -0.009363472 0.02485185 0.01399999 -0.007199943 0.02515 0.01399999 0.007199943 0.02515 0.01399999 0.009363472 0.02485185 0.01399999 0.01136571 0.02397978 0.01399999 0.01305752 0.02259874 0.01399999 0.02007502 0.02398759 0.01472038 0.01935392 0.02421617 0.01499998 0.01882022 0.02433025 0.01499998 0.01383703 0.02322852 0.01499998 0.01476669 0.0237677 0.01499998 0.01674979 0.02436357 0.01499998 -0.01935392 0.02421617 0.01499998 -0.02007502 0.02398759 0.01472038 -0.01882022 0.02433025 0.01499998 -0.01674979 0.02436357 0.01499998 -0.01383703 0.02322852 0.01499998 -0.01476669 0.0237677 0.01499998 0.01656842 0.02620089 0.01499998 0.009633898 0.02581459 0.01499998 0.01188641 0.0248335 0.01499998 0.01215094 0.02851933 0.01499998 -0.01656842 0.02620089 0.01499998 -0.01215094 0.02851933 0.01499998 0.007199943 0.02614998 0.01499998 0.007418751 0.03009915 0.01499998 0.002494454 0.03089946 0.01499998 -0.007199943 0.02614998 0.01499998 -0.002494454 0.03089946 0.01499998 -0.007418751 0.03009915 0.01499998 -0.009633898 0.02581459 0.01499998 -0.01188641 0.0248335 0.01499998 0.01305752 -0.02259874 0.01399999 0.01136571 -0.02397978 0.01399999 0.009363472 -0.02485185 0.01399999 0.007199943 -0.02515 0.01399999 -0.007199943 -0.02515 0.01399999 -0.009363472 -0.02485185 0.01399999 -0.01136571 -0.02397978 0.01399999 -0.01305752 -0.02259874 0.01399999 -0.02007502 -0.02398759 0.01472038 -0.01935392 -0.02421617 0.01499998 -0.01882022 -0.02433025 0.01499998 -0.01383703 -0.02322852 0.01499998 -0.01476669 -0.0237677 0.01499998 -0.01674979 -0.02436357 0.01499998 0.01935392 -0.02421617 0.01499998 0.02007502 -0.02398759 0.01472038 0.01882022 -0.02433025 0.01499998 0.01674979 -0.02436357 0.01499998 0.01383703 -0.02322852 0.01499998 0.01476669 -0.0237677 0.01499998 0.01440638 -0.02744913 0.01499998 0.01862299 -0.02478271 0.01499998 0.01188641 -0.0248335 0.01499998 -0.01440638 -0.02744913 0.01499998 -0.01188641 -0.0248335 0.01499998 -0.01862299 -0.02478271 0.01499998 0.009816706 -0.02940458 0.01499998 0.009633898 -0.02581459 0.01499998 0.004972696 -0.03059852 0.01499998 0.007199943 -0.02614998 0.01499998 -0.009633898 -0.02581459 0.01499998 -0.009816706 -0.02940458 0.01499998 -0.007199943 -0.02614998 0.01499998 -0.004972696 -0.03059852 0.01499998 0 -0.03099995 0.01499998 -0.01519995 -0.01139879 0.01399999 -0.0162 -0.01109135 0.01499998 -0.01747882 -0.01093059 0.01499998 -0.02421617 -0.01935392 0.01499998 -0.02398759 -0.02007502 0.01472038 -0.02436918 -0.01856398 0.01499998 -0.02427268 -0.01623952 0.01499998 -0.02339273 -0.01408588 0.01499998 -0.02183383 -0.01235896 0.01499998 -0.01978129 -0.01126378 0.01499998 -0.01519995 -0.004594743 0.007899999 -0.01519995 -0.005399942 0.00709474 -0.01519995 -0.006499946 0.006799995 -0.01519995 -0.007599949 0.00709474 -0.01519995 0.008405208 0.007899999 -0.01519995 0.007599949 0.00709474 -0.01519995 0.006499946 0.006799995 -0.01519995 0.01139879 0.01399999 -0.01519995 0.008405208 0.01009994 -0.01519995 0.008699953 0.008999943 -0.01519995 -0.008405208 0.007899999 -0.01519995 -0.008699953 0.008999943 -0.01519995 -0.008405208 0.01009994 -0.01519995 -0.007599949 0.0109052 -0.01519995 0.004594743 0.01009994 -0.01519995 0.005399942 0.0109052 -0.01519995 0.006499946 0.01119995 -0.01519995 0.007599949 0.0109052 -0.01519995 0.005399942 0.00709474 -0.01519995 0.004594743 0.007899999 -0.01519995 -0.004299998 0.008999943 -0.01519995 0.004299998 0.008999943 -0.01519995 -0.004594743 0.01009994 -0.01519995 -0.005399942 0.0109052 -0.01519995 -0.006499946 0.01119995 -0.02411973 0.01969313 0.01486188 -0.02421617 0.01935392 0.01499998 -0.02436918 0.01856398 0.01499998 -0.01747882 0.01093059 0.01499998 -0.0162 0.01109135 0.01499998 -0.01978129 0.01126378 0.01499998 -0.02183383 0.01235896 0.01499998 -0.02339273 0.01408588 0.01499998 -0.02427268 0.01623952 0.01499998 -0.02551245 -0.01761001 0.01499998 -0.02684676 0.01549994 0.01499998 -0.02685248 0.01549005 0.01499998 -0.02650022 0.01529431 0.01499998 -0.02554374 0.01451385 0.01499998 -0.02685248 -0.01549005 0.01499998 -0.02650022 -0.01529431 0.01499998 -0.02554374 -0.01451385 0.01499998 -0.02491766 -0.0134499 0.01499998 -0.02469998 -0.01223474 0.01499998 -0.02469998 0.01223474 0.01499998 -0.02491766 0.0134499 0.01499998 0.01919996 -0.006499946 0.006799995 0.01919996 -0.005399942 0.00709474 0.01919996 -0.004594743 0.007899999 0.01919996 -0.004299998 0.008999943 0.01919996 -0.004594743 0.01009994 0.01919996 -0.005399942 0.0109052 0.01919996 -0.006499946 0.01119995 0.01919996 -0.007599949 0.0109052 0.01919996 -0.008405208 0.01009994 0.01919996 -0.008699953 0.008999943 0.01919996 -0.008405208 0.007899999 0.01919996 -0.007599949 0.00709474 0.01919996 -0.002843976 0.009834408 0.01919996 -0.003568112 0.01133805 0.01919996 -0.004872918 0.01237863 0.01919996 -0.006499946 0.01274996 0.01919996 -0.008127033 0.01237863 0.01919996 -0.009431838 0.01133805 0.01919996 -0.01015597 0.009834408 0.01919996 -0.01015597 0.008165538 0.01919996 -0.009431838 0.006661891 0.01919996 -0.008127033 0.005621314 0.01919996 -0.006499946 0.005249977 0.01919996 -0.004872918 0.005621314 0.01919996 -0.003568112 0.006661891 0.01919996 -0.002843976 0.008165538 0.01919996 0.006499946 0.006799995 0.01919996 0.007599949 0.00709474 0.01919996 0.008405208 0.007899999 0.01919996 0.008699953 0.008999943 0.01919996 0.008405208 0.01009994 0.01919996 0.007599949 0.0109052 0.01919996 0.006499946 0.01119995 0.01919996 0.005399942 0.0109052 0.01919996 0.004594743 0.01009994 0.01919996 0.004299998 0.008999943 0.01919996 0.004594743 0.007899999 0.01919996 0.005399942 0.00709474 0.01919996 0.01015597 0.009834408 0.01919996 0.009431838 0.01133805 0.01919996 0.008127033 0.01237863 0.01919996 0.006499946 0.01274996 0.01919996 0.004872918 0.01237863 0.01919996 0.003568112 0.01133805 0.01919996 0.002843976 0.009834408 0.01919996 0.002843976 0.008165538 0.01919996 0.003568112 0.006661891 0.01919996 0.004872918 0.005621314 0.01919996 0.006499946 0.005249977 0.01919996 0.008127033 0.005621314 0.01919996 0.009431838 0.006661891 0.01919996 0.01015597 0.008165538 0.02674305 -0.01485723 0.01449996 0.02674305 0.01485723 0.01449996 -0.01919996 -0.006499946 0.01119995 -0.01919996 -0.005399942 0.0109052 -0.01919996 -0.004594743 0.01009994 -0.01919996 -0.004299998 0.008999943 -0.01919996 -0.004594743 0.007899999 -0.01919996 -0.005399942 0.00709474 -0.01919996 -0.006499946 0.006799995 -0.01919996 -0.007599949 0.00709474 -0.01919996 -0.008405208 0.007899999 -0.01919996 -0.008699953 0.008999943 -0.01919996 -0.008405208 0.01009994 -0.01919996 -0.007599949 0.0109052 -0.01919996 -0.002843976 0.008165538 -0.01919996 -0.003568112 0.006661891 -0.01919996 -0.004872918 0.005621314 -0.01919996 -0.006499946 0.005249977 -0.01919996 -0.008127033 0.005621314 -0.01919996 -0.009431838 0.006661891 -0.01919996 -0.01015597 0.008165538 -0.01919996 -0.01015597 0.009834408 -0.01919996 -0.009431838 0.01133805 -0.01919996 -0.008127033 0.01237863 -0.01919996 -0.006499946 0.01274996 -0.01919996 -0.004872918 0.01237863 -0.01919996 -0.003568112 0.01133805 -0.01919996 -0.002843976 0.009834408 -0.01919996 0.006499946 0.01119995 -0.01919996 0.007599949 0.0109052 -0.01919996 0.008405208 0.01009994 -0.01919996 0.008699953 0.008999943 -0.01919996 0.008405208 0.007899999 -0.01919996 0.007599949 0.00709474 -0.01919996 0.006499946 0.006799995 -0.01919996 0.005399942 0.00709474 -0.01919996 0.004594743 0.007899999 -0.01919996 0.004299998 0.008999943 -0.01919996 0.004594743 0.01009994 -0.01919996 0.005399942 0.0109052 -0.01919996 0.01015597 0.008165538 -0.01919996 0.009431838 0.006661891 -0.01919996 0.008127033 0.005621314 -0.01919996 0.006499946 0.005249977 -0.01919996 0.004872918 0.005621314 -0.01919996 0.003568112 0.006661891 -0.01919996 0.002843976 0.008165538 -0.01919996 0.002843976 0.009834408 -0.01919996 0.003568112 0.01133805 -0.01919996 0.004872918 0.01237863 -0.01919996 0.006499946 0.01274996 -0.01919996 0.008127033 0.01237863 -0.01919996 0.009431838 0.01133805 -0.01919996 0.01015597 0.009834408 -0.02674305 -0.01485723 0.01449996 -0.02674305 0.01485723 0.01449996 -0.02538657 0.01327633 0.01449996 -0.02592319 0.01418828 0.01449996 -0.02538657 -0.01327633 0.01449996 -0.02592319 -0.01418828 0.01449996 0.02592319 0.01418828 0.01449996 0.02538657 0.01327633 0.01449996 0.02592319 -0.01418828 0.01449996 0.02538657 -0.01327633 0.01449996 0 -0.03149998 0.01449996 0 0.03099995 0 0 0.03149998 5e-4</float_array>
          <technique_common>
            <accessor source="#link_base_001-mesh-positions-array" count="890" stride="3">
              <param name="X" type="float"/>
              <param name="Y" type="float"/>
              <param name="Z" type="float"/>
            </accessor>
          </technique_common>
        </source>
        <source id="link_base_001-mesh-normals">
          <float_array id="link_base_001-mesh-normals-array" count="3720">0 0 1 -4.26826e-7 0 1 1.93863e-7 0 1 2.43188e-7 0 1 -1.71982e-7 0 1 3.81714e-7 0 1 5.00198e-7 0 1 0 0 1 3.9642e-7 0 1 -4.18504e-7 0 1 -1 -1.11866e-6 0 -1 0 0 -1 -2.09722e-6 0 -1 -3.53728e-7 0 -1 1.03319e-6 0 -1 2.09721e-6 0 -1 1.11866e-6 0 -1 -1.03319e-6 0 -1 7.64104e-7 0 -1 -1.54473e-6 0 -5.00198e-7 0 1 3.33541e-7 0 1 -2.43188e-7 0 1 4.18504e-7 0 1 1.65411e-7 0 1 1 0 0 1 -2.09721e-6 0 1 -1.11866e-6 0 1 3.53728e-7 0 1 1.03319e-6 0 1 -7.64104e-7 0 1 1.11866e-6 0 1 2.09722e-6 0 1 1.54473e-6 0 0 0 1 4.24894e-7 0 1 -8.49788e-7 0 1 0 0 1 0 0 1 -9.68287e-7 0 1 0 0 1 -4.84369e-7 0 1 3.05824e-7 0 1 1.37788e-7 0 1 -5.15073e-7 0 1 3.4814e-7 0 1 0 0 1 4.99273e-7 0 1 -0.8495708 -0.5274746 0 -0.8495707 -0.5274748 0 -0.8657661 -0.499851 -0.02445697 -0.7885548 -0.6149646 0 -0.788554 -0.6149656 0 -0.7479369 -0.6618506 -0.05044049 -0.7745732 -0.6324183 -0.009146571 -0.7272741 -0.6863471 -3.57433e-6 -0.6307196 -0.776011 0 -0.6629535 -0.7483187 -0.02262395 -0.6780624 -0.7349277 -0.01062053 -0.7098274 -0.7043756 6.61662e-6 0.6754966 -0.7366806 -0.03171801 0.6630433 -0.748421 -0.01548296 0.7098118 -0.7043915 0 0.7365123 -0.6764243 0 0.7744768 -0.6323404 -0.01820451 0.7885552 -0.6149641 0 0.8875836 -0.4565415 -0.06136101 0.788554 -0.6149656 0 0.8495707 -0.5274748 0 0.8495707 -0.5274748 0 0.8660258 -0.4999995 0 0.9350163 -0.3546047 0 0.9350161 -0.3546054 0 0.9797906 -0.2000259 0 0.9797908 -0.2000252 0 0.9991891 -0.04026508 0 0.999189 -0.04026651 0 0.9927091 0.1205356 0 0.9927089 0.120537 0 0.960518 0.278218 0 0.9605182 0.2782174 0 0.870121 0.4928383 0 0.6808529 0.7324202 9.15797e-6 0.7210577 0.6925851 -0.02004361 0.7165865 0.6970386 -0.02531731 0.743371 0.6688369 -0.007534146 0.661409 0.7500255 -7.34743e-7 0.6007406 0.7994405 -0.002438008 0.598961 0.8007783 0 -0.6474841 0.7588489 -0.07009184 -0.6007421 0.799443 -3.01974e-5 -0.6808532 0.73242 9.15797e-6 -0.7631533 0.6462177 0 -0.7164482 0.6974163 -0.01768094 -0.721021 0.69255 -0.02243494 -0.7433717 0.6688362 -0.007534146 -0.9069071 0.4212011 -0.01045507 -0.9034504 0.4286926 0 -0.9605182 0.2782174 0 -0.960518 0.2782181 0 -0.9927089 0.120537 0 -0.9927091 0.1205356 0 -0.9991891 -0.04026651 0 -0.9991891 -0.04026508 0 -0.9797908 -0.2000252 0 -0.9797907 -0.2000259 0 -0.9350161 -0.3546053 0 -0.9350163 -0.3546047 0 -0.8892608 -0.4574006 0 -0.7631525 0.6462185 0 -0.8229838 0.568065 0 -0.8229838 0.5680649 0 -0.8701211 0.4928381 0 -0.870121 0.4928383 0 -0.1604117 0.9870502 0 -0.3166682 0.9485365 0 -0.316668 0.9485365 0 -0.4647232 0.885456 0 -0.4647231 0.8854561 0 -0.5989611 0.8007782 0 -0.598961 0.8007782 0 0.5989611 0.8007782 0 0.4647231 0.8854561 0 0.4647233 0.885456 0 0.316668 0.9485365 0 0.3166681 0.9485365 0 0.1604117 0.9870502 0 0.1604116 0.9870502 0 0.0402655 0.999189 0 0 0.9999734 0.007296264 -0.0402655 0.999189 0 -0.1604116 0.9870502 0 0.9069566 0.4212241 0 0.9034106 0.4286738 -0.009386241 0.8701202 0.4928396 0 0.8229838 0.568065 0 0.8229838 0.5680649 0 0.7631525 0.6462185 0 0.7631533 0.6462177 0 -0.6307196 -0.7760109 0 -0.5344657 -0.8451902 0 -0.5344659 -0.8451901 0 -0.3919666 -0.9199795 0 -0.3919666 -0.9199795 0 -0.2393157 -0.9709419 0 -0.2393156 -0.9709419 0 -0.08046668 -0.9967573 0 -0.08046668 -0.9967573 0 0.08046668 -0.9967573 0 0.2393156 -0.9709419 0 0.2393157 -0.9709419 0 0.3919666 -0.9199795 0 0.3919666 -0.9199795 0 0.5344659 -0.8451901 0 0.5344657 -0.8451902 0 0.6307191 -0.7760114 0 0.6307203 -0.7760103 0 0 0 -1 0 0 -1 0 0 -1 0 0 -1 0 0 -1 0 0 -1 0 0 -1 0 0 -1 0 0 -1 0 0 -1 0 0 -1 0 0 -1 0 0 -1 0 0 -1 0 0 -1 0 0 -1 0 0 -1 0 0 -1 0 0 -1 0 0 -1 0 0 -1 0 0 -1 0 0 -1 0 0 -1 0 0 -1 0 0 -1 0 0 -1 0 0 -1 0 0 -1 0 0 -1 0 0 -1 0 0 -1 0 0 -1 0 0 -1 0 0 -1 0 0 -1 0 0 -1 0 0 -1 0 0 -1 0 0 -1 0 0 -1 0 0 -1 0 0 -1 0 0 -1 0 0 -1 0 0 -1 0 0 -1 0 0 -1 0 0 -1 0 0 -1 0 0 -1 0 0 -1 0 0 -1 0 0 -1 0 0 -1 0 0 -1 0 0 -1 0 0 -1 0 0 -1 0 0 -1 0 0 -1 0 0 -1 0 0 -1 0 0 -1 0 0 -1 0 0 -1 0 0 -1 0 0 -1 0 0 -1 0 0 -1 0 0 -1 0 0 -1 0 0 -1 0 0 -1 0 0 -1 0 0 -1 0 0 -1 0 0 -1 0 0 -1 0 0 -1 0 0 -1 0 0 -1 0 0 -1 0 0 -1 0 0 -1 0 0 -1 0 0 -1 0 0 -1 0 0 -1 0 0 -1 0 0 -1 0 0 -1 0 0 -1 0 0 -1 0 0 -1 0 0 -1 0 0 -1 0.2515122 -0.6631804 0.7049351 0.3316009 -0.6245707 0.7070731 0.4025062 -0.5831321 0.7056527 0.2501682 0.6596354 0.7087292 0.1950022 0.6799508 0.7068529 0.08554375 0.7045139 0.7045158 0.4010315 0.5809924 0.7082525 0.3843284 0.595248 0.705671 0.2759193 0.652381 0.7058807 0.6258547 0.3284724 0.7073979 0.5905164 0.3891071 0.7070263 0.5312114 0.4706076 0.7045162 0.5312098 0.4706128 0.7045138 0.4524675 0.543608 0.7069396 0.684544 0.1687214 0.7091774 0.6787897 0.2015239 0.7061393 0.6346029 0.3158291 0.7053589 0.4072758 -0.580819 0.7048231 0.5312098 -0.4706115 0.7045148 0.5312111 -0.4706071 0.7045167 0.6066874 -0.3645887 0.7064033 0.6240673 -0.3275343 0.7094092 0.646107 -0.2887567 0.7065163 0.6890673 -0.1698439 0.7045135 0.6890665 -0.169838 0.7045157 0.7096905 0 0.7045137 0.7096889 0 0.7045153 0.6975636 0.1181381 0.7067167 0.0850501 -0.7004563 0.7086096 0.1445983 -0.6923945 0.7068814 0.24988 -0.6641252 0.704626 -0.08496361 -0.6997436 0.7093237 -0.04877132 -0.7062665 0.7062641 0.06017273 -0.7058243 0.7058268 -0.5296632 -0.4692419 0.7065898 -0.4765185 -0.5224788 0.7070686 -0.4031493 -0.5840605 0.7045169 -0.4031494 -0.5840636 0.7045142 -0.2516596 -0.663571 0.7045149 -0.2516595 -0.6635704 0.7045153 -0.133477 -0.694881 0.7066289 -0.2499418 0.659044 0.7093589 -0.2947187 0.6433216 0.7065962 -0.4031497 0.5840638 0.7045139 -0.4031497 0.584062 0.7045154 -0.5312103 0.4706106 0.704515 -0.5312103 0.4706113 0.7045146 -0.6283984 0.3298094 0.7045149 -0.6283985 0.3298096 0.7045148 -0.6890659 0.1698398 0.7045159 -0.6890673 0.1698392 0.7045147 -0.7096894 0 0.7045147 -0.7096893 0 0.7045148 -0.689066 -0.1698398 0.7045158 -0.6890673 -0.169839 0.7045148 -0.6283977 -0.3298089 0.7045158 -0.6283989 -0.32981 0.7045142 -0.5375103 -0.4625118 0.7050997 0.08554333 0.7045146 0.7045151 -0.01041632 0.7070682 0.7070687 -0.08528941 0.7024306 0.7066237 -0.09583109 0.702592 0.7051106 -0.2151126 0.6744262 0.7063115 -0.2388252 0.9689515 0.06399703 -0.3546041 0.9350165 0 -0.5680643 0.8229842 0 -0.6617642 0.7469756 0.0639978 -0.7485114 0.6631219 0 -0.8854557 0.4647238 0 -0.9330996 0.3538782 0.06399619 -0.970942 0.2393154 0 -0.990674 -0.1202894 0.06399714 -0.970942 -0.2393154 0 -0.8854557 -0.4647238 0 -0.8212969 -0.5669001 0.06399697 -0.7485114 -0.6631219 0 -0.568065 -0.8229838 0 -0.4637699 -0.8836413 0.06399685 -0.3546074 -0.9350154 0 -0.120535 -0.9927092 0 0 -0.9979503 0.06399351 0.1205357 -0.992709 0 0.3546052 -0.9350161 0 0.4637713 -0.8836407 0.06399619 0.568065 -0.8229838 0 0.7485114 -0.6631219 0 0.8212969 -0.5669001 0.06399697 0.8854557 -0.4647238 0 0.9709412 -0.2393184 0 0.9906742 -0.1202878 0.06399679 0.9709427 0.2393123 0 0.933099 0.3538796 0.06399613 0.8854557 0.4647238 0 0.7485114 0.6631219 0 0.6617642 0.7469756 0.0639978 0.5680643 0.8229842 0 0.3546063 0.9350157 0 0.2388252 0.9689515 0.06399703 0.1205362 0.9927089 0 -0.1205362 0.9927089 0 0.4033968 0.5844211 0.7040761 0.2515122 0.6631804 0.7049351 0.5277829 0.4675739 0.7090981 0.5100103 0.4913772 0.7060014 0.4016814 0.5852119 0.7043998 0.6240673 0.3275343 0.7094092 0.6066874 0.3645887 0.7064033 0.5648865 0.425837 0.7067999 0.2498801 0.6641254 0.7046258 0.1445983 0.6923945 0.7068814 0.08505016 0.7004565 0.7086094 0.6845439 -0.1687214 0.7091775 0.6975636 -0.1181381 0.7067167 0.7096876 0 0.7045165 0.7096902 0 0.7045139 0.6890665 0.1698361 0.7045163 0.689067 0.1698417 0.7045144 0.646107 0.2887567 0.7065163 0.6258547 -0.3284724 0.7073979 0.6346029 -0.3158291 0.7053589 0.6787897 -0.2015239 0.7061393 0.4010318 -0.5809928 0.7082521 0.4524675 -0.543608 0.7069396 0.5312106 -0.4706109 0.7045145 0.5312103 -0.4706113 0.7045146 0.5905164 -0.3891071 0.7070263 0.2501683 -0.6596356 0.708729 0.2759193 -0.652381 0.7058807 0.3843284 -0.595248 0.705671 -0.08528941 -0.7024307 0.7066236 -0.01041632 -0.7070682 0.7070687 0.08554309 -0.7045161 0.7045137 0.08554363 -0.7045135 0.7045162 0.1950022 -0.6799508 0.7068529 -0.2499417 -0.6590439 0.7093592 -0.2151126 -0.6744262 0.7063115 -0.09583109 -0.702592 0.7051106 -0.5296632 0.4692419 0.7065898 -0.5375103 0.4625118 0.7050997 -0.6283986 0.3298099 0.7045146 -0.6890668 0.16984 0.7045149 -0.6890669 0.169839 0.7045152 -0.7096905 0 0.7045137 -0.7096889 0 0.7045153 -0.6890679 -0.1698402 0.7045139 -0.6890669 -0.169839 0.7045152 -0.6283985 -0.3298094 0.7045149 -0.6283984 -0.3298096 0.7045148 -0.5312104 -0.4706105 0.7045149 -0.5312101 -0.4706113 0.7045146 -0.4031509 -0.584061 0.7045156 -0.4031492 -0.5840634 0.7045145 -0.2947187 -0.6433216 0.7065962 0.06017273 0.7058243 0.7058268 -0.04877132 0.7062665 0.7062641 -0.08496356 0.6997435 0.7093238 -0.133477 0.694881 0.7066289 -0.2516605 0.6635695 0.7045158 -0.2516589 0.6635706 0.7045154 -0.4031494 0.5840641 0.7045139 -0.4031494 0.5840619 0.7045156 -0.4765185 0.5224788 0.7070686 -0.3546052 0.9350161 0 -0.5680634 0.8229848 0 -0.6617639 0.7469759 0.06399703 -0.9330995 0.3538782 0.06399762 -0.9906739 -0.1202894 0.06399738 -0.8212969 -0.5669001 0.0639978 -0.5680658 -0.8229832 0 -0.3546063 -0.9350157 0 -0.1205362 -0.9927089 0 0 -0.9979501 0.06399679 0.1205369 -0.9927089 0 0.3546041 -0.9350165 0 0.4637712 -0.8836405 0.06399703 0.5680658 -0.8229832 0 0.9906742 -0.1202878 0.06399697 0.9330989 0.3538796 0.06399774 0.6617639 0.7469759 0.0639978 0.5680634 0.8229848 0 0.3546074 0.9350154 0 0.2388252 0.9689514 0.06399863 0.120535 0.9927092 0 -0.120535 0.9927092 0 0.08496356 0.6997435 0.7093238 0.5296632 0.4692419 0.7065898 0.4765185 0.5224788 0.7070686 0.4031493 0.5840605 0.7045169 0.4031494 0.5840636 0.7045142 0.2516596 0.663571 0.7045149 0.2516595 0.6635704 0.7045153 0.133477 0.694881 0.7066289 0.2499418 -0.659044 0.7093589 0.2947187 -0.6433216 0.7065962 0.4031497 -0.5840638 0.7045139 0.4031497 -0.584062 0.7045154 0.5312103 -0.4706106 0.704515 0.6283984 -0.3298094 0.7045149 0.6283985 -0.3298096 0.7045148 0.6890659 -0.1698398 0.7045159 0.6890673 -0.1698392 0.7045147 0.7096894 0 0.7045147 0.7096893 0 0.7045148 0.689066 0.1698398 0.7045158 0.6890673 0.169839 0.7045148 0.6283977 0.3298089 0.7045158 0.6283989 0.32981 0.7045142 0.5375103 0.4625118 0.7050997 0.08528941 -0.7024306 0.7066237 0.09583109 -0.702592 0.7051106 0.2151126 -0.6744262 0.7063115 -0.2501682 -0.6596354 0.7087292 -0.1950022 -0.6799508 0.7068529 -0.08554375 -0.7045139 0.7045158 -0.08554327 -0.7045146 0.7045151 0.01041632 -0.7070682 0.7070687 -0.4010315 -0.5809924 0.7082525 -0.3843284 -0.595248 0.705671 -0.2759193 -0.652381 0.7058807 -0.6258547 -0.3284724 0.7073979 -0.5905164 -0.3891071 0.7070263 -0.5312114 -0.4706076 0.7045162 -0.5312098 -0.4706128 0.7045138 -0.4524675 -0.543608 0.7069396 -0.684544 -0.1687214 0.7091774 -0.6787897 -0.2015239 0.7061393 -0.6346029 -0.3158291 0.7053589 -0.2515122 0.6631804 0.7049351 -0.4018478 0.5853474 0.7041923 -0.4031493 0.5840623 0.7045154 -0.5099469 0.4914389 0.7060043 -0.5277767 0.4675666 0.7091073 -0.5930589 0.3918277 0.7033863 -0.6240673 0.3275343 0.7094092 -0.646107 0.2887567 0.7065163 -0.6890673 0.1698439 0.7045135 -0.6890665 0.169838 0.7045157 -0.6975636 -0.1181381 0.7067167 0.04877114 0.7062665 0.7062641 -0.06017273 0.7058243 0.7058268 -0.0850501 0.7004563 0.7086096 -0.1445983 0.6923945 0.7068814 -0.24988 0.6641252 0.704626 -0.2388252 0.9689514 0.06399863 -0.3546074 0.9350154 0 -0.6617639 0.7469759 0.0639978 -0.9330989 0.3538796 0.06399756 -0.9709427 0.2393123 0 -0.9906742 -0.1202878 0.06399697 -0.9709412 -0.2393184 0 -0.4637712 -0.8836405 0.06399703 -0.3546041 -0.9350165 0 -0.1205369 -0.9927089 0 0.1205362 -0.9927089 0 0.3546063 -0.9350157 0 0.4637699 -0.8836413 0.06399685 0.8212969 -0.5669001 0.0639978 0.970942 -0.2393154 0 0.9906739 -0.1202894 0.06399738 0.970942 0.2393154 0 0.9330995 0.3538782 0.0639978 0.6617639 0.7469759 0.06399703 0.3546052 0.9350161 0 -0.5312114 -0.470608 0.7045159 -0.2515122 -0.6631804 0.7049351 -0.4031493 -0.5840623 0.7045154 -0.4068086 -0.5804359 0.7054083 -0.3316009 -0.6245707 0.7070731 -0.6240673 -0.3275343 0.7094092 -0.6066874 -0.3645887 0.7064033 -0.5312098 -0.4706111 0.704515 0.2499418 0.659044 0.7093589 0.5296632 -0.4692419 0.7065898 0.5375103 -0.4625118 0.7050997 0.6283986 -0.3298099 0.7045146 0.6890668 -0.16984 0.7045149 0.6890669 -0.169839 0.7045152 0.6890679 0.1698402 0.7045139 0.6890669 0.169839 0.7045152 0.6283985 0.3298094 0.7045149 0.6283984 0.3298096 0.7045148 0.5312104 0.4706105 0.7045149 0.5312101 0.4706113 0.7045146 0.4031509 0.584061 0.7045156 0.4031492 0.5840634 0.7045145 0.2947187 0.6433216 0.7065962 0.08496356 -0.6997435 0.7093238 0.133477 -0.694881 0.7066289 0.2516605 -0.6635695 0.7045158 0.2516589 -0.6635706 0.7045154 0.4031494 -0.5840641 0.7045139 0.4031494 -0.5840619 0.7045156 0.4765185 -0.5224788 0.7070686 -0.2498801 -0.6641254 0.7046258 -0.1445983 -0.6923945 0.7068814 -0.08505016 -0.7004565 0.7086094 -0.06017273 -0.7058243 0.7058268 0.04877132 -0.7062665 0.7062641 -0.6845439 0.1687214 0.7091775 -0.6975636 0.1181381 0.7067167 -0.7096876 0 0.7045165 -0.7096902 0 0.7045139 -0.6890665 -0.1698361 0.7045163 -0.689067 -0.1698417 0.7045144 -0.646107 -0.2887567 0.7065163 -0.6258547 0.3284724 0.7073979 -0.6346029 0.3158291 0.7053589 -0.6787897 0.2015239 0.7061393 -0.4010318 0.5809928 0.7082521 -0.4524675 0.543608 0.7069396 -0.5312106 0.4706109 0.7045145 -0.5905164 0.3891071 0.7070263 -0.2501683 0.6596356 0.708729 -0.2759193 0.652381 0.7058807 -0.3843284 0.595248 0.705671 0.2151125 0.6744262 0.7063115 0.09583109 0.702592 0.7051106 0.08528941 0.7024307 0.7066236 0.01041632 0.7070682 0.7070687 -0.08554309 0.7045161 0.7045137 -0.08554363 0.7045135 0.7045162 -0.1950022 0.6799508 0.7068529 -0.3546063 0.9350157 0 -0.933099 0.3538796 0.06399631 -0.9906742 -0.1202878 0.06399679 -0.4637713 -0.8836407 0.06399619 -0.3546052 -0.9350161 0 -0.1205357 -0.992709 0 0.120535 -0.9927092 0 0.3546074 -0.9350154 0 0.990674 -0.1202894 0.06399714 0.9330996 0.3538782 0.06399619 0.3546041 0.9350165 0 -0.9626521 -0.2706315 0.007728636 -0.9709351 -0.239315 0.003694117 -0.9243822 -0.3814607 -0.002372562 -0.9129722 -0.408022 0 -0.9817533 -0.1901584 4.76531e-4 -0.9999996 0 -9.23129e-4 -0.9991071 0.04149043 -0.007975578 -0.9859598 0.1669829 0 -0.9586458 0.2846019 0 -0.9256628 0.3782208 -0.009880244 -0.7484971 0.6631083 -0.006287455 -0.7423037 0.6700493 -0.004391252 -0.8350244 0.550213 0 -0.8952562 0.445552 0 -0.3895345 0.9210119 0 -0.4707118 0.8822295 -0.01008248 -0.5424244 0.8401046 0 -0.6397314 0.7685986 0 0.303873 0.9527125 0 0.2947498 0.955574 -9.61768e-4 0.1351449 0.9908249 0.00135076 0.1247541 0.9921877 0 0.01472991 0.9998916 0 -0.1432399 0.9896831 -0.003137946 -0.1205325 0.9926771 -0.008015394 -0.2756786 0.9612499 0 -1 0 0 -1 -6.55361e-7 0 -1 2.03267e-6 0 -1 -8.77107e-7 0 -1 -3.76054e-7 0 -1 7.96894e-7 0 -1 -7.96894e-7 0 -1 5.5589e-7 0 -1 -1.39383e-7 0 -1 -1.53312e-6 0 -1 8.77107e-7 0 -1 -8.18913e-7 0 -1 6.55361e-7 0 -0.9370975 0.1815146 0.2981626 0.2938717 -0.955845 0 0.3038728 -0.952712 -0.001096665 0.124754 -0.9921867 0.00149846 -0.1205326 -0.9926771 -0.008015513 -0.1432399 -0.9896831 -0.003137946 0.01472991 -0.9998916 0 0.135145 -0.9908258 0 -0.5424244 -0.8401046 0 -0.4707118 -0.8822295 -0.01008248 -0.3895345 -0.9210119 0 -0.2756786 -0.9612499 0 -0.6397314 -0.7685986 0 -0.7484971 -0.6631082 -0.006287455 -0.7423037 -0.6700493 -0.004391133 -0.8350244 -0.550213 0 -0.8952562 -0.445552 0 -0.9256628 -0.3782209 -0.009880185 -0.9129722 0.408022 0 -0.912853 0.4082887 2.38782e-5 -0.9709417 0.2393161 -5.00818e-5 -0.9695938 0.2447184 8.84438e-4 -0.9991071 -0.04149043 -0.007975578 -0.9859598 -0.1669829 0 -0.9586458 -0.2846019 0 -1.22221e-6 0 1 -9.01311e-7 0 1 1.82673e-6 0 1 3.45219e-7 0 1 4.27406e-7 0 1 2.05185e-6 0 1 -8.29561e-7 0 1 -1.15641e-6 0 1 1.29754e-6 0 1 -1.25882e-6 0 1 5.01934e-7 0 1 -3.06771e-7 0 1 1.81966e-6 0 1 0.6323754 -0.7746621 0 0.6323755 -0.7746621 0 0.3993151 -0.9168138 0 0.3993152 -0.9168137 0 0.1364958 -0.9906406 0 0.1364958 -0.9906406 0 0 -1 0 -0.1364958 -0.9906406 0 -0.1364958 -0.9906406 0 -0.3993151 -0.9168138 0 -0.3993152 -0.9168137 0 -0.6323754 -0.7746621 0 -0.6323755 -0.7746621 0 -0.2022185 -0.9462959 0.2522532 0.6738641 -0.7388554 0 0.6294336 -0.7770533 -0.001268565 0.5680582 -0.8229737 0.004921078 0.501703 -0.8650386 -0.001540124 0.3546034 -0.9350133 0.002576351 0.2877503 -0.9576789 -0.007136285 -0.3521538 -0.9359422 0 -0.4057551 -0.9139304 0.00970745 -0.2044191 -0.9788499 -0.008119165 -0.2634457 -0.9646743 0 -0.08494323 -0.9963858 0 -0.01609921 -0.9998393 -0.007899761 0.06889152 -0.9976242 0 0.1886383 -0.9820466 0 -0.6738641 -0.7388554 0 -0.568062 -0.8229808 -0.002920746 0.3004038 -0.9537982 0.005153834 0.2044191 -0.9788499 -0.008119165 0.4057551 -0.9139304 0.00970745 0.3521538 -0.9359422 0 0.208978 -0.9779204 0 0.08494323 -0.9963858 0 0.01609921 -0.9998393 -0.00789994 -0.6204245 -0.7841991 0.01025754 -0.501703 -0.8650386 -0.001540243 -0.3546034 -0.9350133 0.002576351 -0.2877503 -0.9576789 -0.007136285 -0.1886383 -0.9820466 0 -0.06889152 -0.9976242 0 -2.69405e-7 0 1 -1.15947e-6 0 1 -1.56065e-6 0 1 4.87482e-7 0 1 -4.8485e-7 0 1 2.69405e-7 0 1 3.82262e-7 0 1 2.16859e-7 0 1 1.33528e-6 0 1 -7.15077e-7 0 1 -0.6323754 0.7746621 0 -0.6323755 0.7746621 0 -0.3993151 0.9168138 0 -0.3993152 0.9168137 0 -0.1364958 0.9906406 0 -0.1364958 0.9906406 0 0 1 0 0.1364958 0.9906406 0 0.1364958 0.9906406 0 0.3993151 0.9168138 0 0.3993152 0.9168137 0 0.6323754 0.7746621 0 0.6323755 0.7746621 0 0.2022185 0.9462959 0.2522532 -0.6738641 0.7388554 0 -0.6294336 0.7770533 -0.001268565 -0.5680582 0.8229737 0.004921078 -0.501703 0.8650386 -0.001540124 -0.3546034 0.9350133 0.002576351 -0.2877503 0.9576789 -0.007136285 0.3521538 0.9359422 0 0.4057551 0.9139304 0.00970745 0.2044191 0.9788499 -0.008119165 0.2634457 0.9646743 0 0.08494323 0.9963858 0 0.01609921 0.9998393 -0.007899761 -0.06889152 0.9976242 0 -0.1886383 0.9820466 0 0.6738641 0.7388554 0 0.568062 0.8229808 -0.002920746 -0.3004038 0.9537982 0.005153834 -0.2044191 0.9788499 -0.008119165 -0.4057551 0.9139304 0.00970745 -0.3521538 0.9359422 0 -0.208978 0.9779204 0 -0.08494323 0.9963858 0 -0.01609921 0.9998393 -0.00789994 0.6204245 0.7841991 0.01025754 0.501703 0.8650386 -0.001540243 0.3546034 0.9350133 0.002576351 0.2877503 0.9576789 -0.007136285 0.1886383 0.9820466 0 0.06889152 0.9976242 0 8.30717e-6 0 1 -2.0118e-6 0 1 2.42037e-7 0 1 2.69005e-7 0 1 -1.22214e-7 0 1 -4.15358e-6 0 1 3.55988e-7 0 1 -8.59408e-7 0 1 4.40117e-7 0 1 -2.70669e-7 0 1 2.16104e-7 0 1 -8.26901e-7 0 1 5.77779e-7 0 1 -3.03073e-7 0 1 3.85607e-7 0 1 -0.303873 -0.9527125 0 -0.2947498 -0.955574 -9.61768e-4 -0.1351449 -0.9908249 0.00135076 -0.1247541 -0.9921877 0 0.9543277 0.2985855 0.01027464 0.9709417 0.2393161 -5.00606e-5 0.912853 0.4082887 2.38782e-5 0.9129722 0.408022 0 0.9817533 0.1901584 4.76531e-4 0.9999996 0 -9.23129e-4 0.9991071 -0.04149043 -0.007975578 0.8952562 -0.445552 0 0.9256628 -0.3782207 -0.009880125 0.9586458 -0.2846019 0 0.9859598 -0.1669829 0 0.8350244 -0.550213 0 0.7485046 -0.6631168 -0.004123866 0.7422986 -0.6700433 -0.005904495 0.6397314 -0.7685986 0 0.5424244 -0.8401046 0 0.4707118 -0.8822295 -0.01008242 0.3895345 -0.9210119 0 0.2756786 -0.9612499 0 0.1432371 -0.9896647 -0.006864488 0.1205362 -0.9927053 -0.002687454 -0.01472991 -0.9998916 0 1 3.76054e-7 0 1 -7.96894e-7 0 1 7.96894e-7 0 1 -2.03267e-6 0 1 8.77107e-7 0 1 1.53312e-6 0 1 -8.77107e-7 0 1 8.18913e-7 0 1 -6.55361e-7 0 1 0 0 1 -2.01042e-7 0 1 6.55361e-7 0 0.9590806 -0.1857718 0.2136664 -0.135145 0.9908258 0 -0.124754 0.9921867 0.001498281 -0.3038728 0.952712 -0.001096665 -0.2938717 0.955845 0 -0.01472991 0.9998916 0 0.1205362 0.9927053 -0.002687454 0.1432371 0.9896647 -0.006864547 0.2756786 0.9612499 0 0.3895345 0.9210119 0 0.4707118 0.8822296 -0.01008242 0.7485046 0.6631168 -0.004123866 0.7422986 0.6700433 -0.005904555 0.6397314 0.7685986 0 0.5424244 0.8401046 0 0.8350244 0.550213 0 0.8952562 0.445552 0 0.9256628 0.3782209 -0.009880185 0.9129722 -0.408022 0 0.9243822 -0.3814607 -0.002372562 0.9709351 -0.239315 0.003694117 0.9764676 -0.2156631 6.66922e-4 0.9991071 0.04149043 -0.007975578 0.9859598 0.1669829 0 0.9586458 0.2846019 0 -3.45219e-7 0 1 -4.27406e-7 0 1 1.06677e-6 0 1 -1.82673e-6 0 1 7.0733e-7 0 1 -8.29965e-7 0 1 6.10635e-7 0 1 -2.05185e-6 0 1 8.29561e-7 0 1 1.15641e-6 0 1 -1.1222e-6 0 1 7.08089e-7 0 1 -5.15232e-7 0 1 -9.13367e-7 0 1 0 -0.258819 0.9659259 0 -0.7071064 0.7071072 0 -0.7071068 0.7071068 0 -0.9659258 0.2588194 0 -0.965926 0.2588186 0 -0.965926 -0.2588186 0 -0.9659258 -0.2588194 0 -0.707107 -0.7071066 0 -0.7071066 -0.707107 0 -0.258819 -0.9659259 0 0.258819 -0.9659259 0 0.707107 -0.7071066 0 0.965926 -0.2588186 0 0.9659256 -0.2588201 0 0.9659256 0.2588201 0 0.965926 0.2588186 0 0.7071068 0.7071068 0 0.258819 0.9659259 1 -9.84552e-7 0 1 1.49088e-6 0 1 -1.0819e-6 0 1 1.05224e-6 0 1 -4.51679e-6 0 1 1.35558e-6 0 1 4.92277e-7 0 1 1.0819e-6 0 1 -1.05224e-6 0 0 -0.2225208 0.974928 0 -0.2225211 0.974928 0 -0.6234901 0.7818314 0 -0.6234899 0.7818315 0 -0.9009688 0.4338839 0 -0.900969 0.4338834 0 -0.900969 -0.4338836 0 -0.900969 -0.4338838 0 -0.6234894 -0.7818318 0 -0.6234903 -0.7818312 0 -0.2225208 -0.974928 0 -0.2225211 -0.974928 0 0.2225208 -0.974928 0 0.2225211 -0.974928 0 0.6234896 -0.7818316 0 0.6234905 -0.781831 0 0.9009686 -0.4338845 0 0.9009692 -0.4338831 0 0.9009691 0.4338833 0 0.9009686 0.4338843 0 0.6234902 0.7818312 0 0.6234901 0.7818313 0 0.2225208 0.974928 0 0.2225211 0.974928 0 -0.9659256 0.2588201 0 -0.9659256 -0.2588201 0 0.7071066 -0.707107 0 0.9659258 -0.2588194 0 0.9659258 0.2588194 0 0.7071064 0.7071072 1 1.49088e-6 0 0 -0.6234899 0.7818315 0 -0.6234905 0.781831 0 -0.9009686 0.4338845 0 -0.9009692 0.4338831 0 -0.9009691 -0.4338833 0 -0.9009686 -0.4338843 0 -0.62349 -0.7818314 0 -0.6234901 -0.7818313 0 0.6234898 -0.7818315 0 0.6234899 -0.7818315 0 0.9009688 -0.4338839 0 0.900969 -0.4338834 0 0.900969 0.4338836 0 0.900969 0.4338838 0 0.6234897 0.7818316 0 0.6234903 0.7818312 0.4856461 0.8741555 0 0.4856413 0.8741583 0 0.4856448 0.8741563 0 0.4856442 -0.8741567 0 0.4856397 -0.8741592 0 0.4856433 -0.874157 0 -1 -4.92277e-7 0 -1 -1.0819e-6 0 -1 1.05224e-6 0 -1 9.84552e-7 0 -1 -1.49088e-6 0 -1 1.0819e-6 0 -1 -1.05224e-6 0 -1 4.51679e-6 0 -1 -1.35558e-6 0 0 -0.6234898 -0.7818315 0 -0.6234899 -0.7818315 0 -0.9009688 -0.4338839 0 -0.900969 -0.4338834 0 -0.900969 0.4338836 0 -0.900969 0.4338838 0 -0.6234897 0.7818316 0 -0.6234903 0.7818312 0 0.6234899 0.7818315 0 0.6234905 0.781831 0 0.9009686 0.4338845 0 0.9009692 0.4338831 0 0.9009691 -0.4338833 0 0.9009686 -0.4338843 0 0.62349 -0.7818314 0 0.6234901 -0.7818313 -1 -1.49088e-6 0 0 -0.6234896 -0.7818316 0 -0.6234905 -0.781831 0 -0.9009686 -0.4338845 0 -0.9009692 -0.4338831 0 -0.9009691 0.4338833 0 -0.9009686 0.4338843 0 -0.6234902 0.7818312 0 -0.6234901 0.7818313 0 0.6234901 0.7818314 0 0.6234899 0.7818315 0 0.9009688 0.4338839 0 0.900969 0.4338834 0 0.900969 -0.4338836 0 0.900969 -0.4338838 0 0.6234894 -0.7818318 0 0.6234903 -0.7818312 -0.4856442 0.8741567 0 -0.4856397 0.8741592 0 -0.4856433 0.874157 0 -0.4856461 -0.8741555 0 -0.4856413 -0.8741583 0 -0.4856448 -0.8741563 0 -0.9843267 -0.1763554 0 -0.9843267 -0.1763554 0 -0.8618707 -0.5071281 0 -0.6321943 -0.77481 0 -0.6321916 -0.7748122 0 -0.9843267 0.1763554 0 -0.9843267 0.1763554 0 -0.8618707 0.5071281 0 -0.6321945 0.7748099 0 -0.6321915 0.7748122 0 0.6321915 -0.7748122 0 0.6321945 -0.7748099 0 0.8618707 -0.5071281 0 0.9843267 -0.1763554 0 0.9843267 -0.1763554 0 0.6321916 0.7748122 0 0.6321943 0.77481 0 0.8618707 0.5071281 0 0.9843267 0.1763554 0 0.9843267 0.1763554 0 -0.0969693 0.7037746 0.7037743 -0.0969699 0.7037729 0.703776 -0.2836828 0.6513245 0.7037759 -0.283683 0.6513267 0.7037737 -0.4492524 0.5503385 0.7037755 -0.4534224 0.5510662 0.7005243 0 0.7071067 0.7071069 0 0.7071053 0.7071083 0.45146 0.5530405 0.7002357 0.4515053 0.5487375 0.7035838 0.2836819 0.6513238 0.7037769 0.283684 0.6513273 0.7037729 0.0969693 0.7037748 0.7037742 0.0969699 0.7037727 0.7037761 -0.7071063 0 0.7071073 -0.7071065 0 0.7071071 -0.45146 -0.5530405 0.7002357 -0.4515053 -0.5487375 0.7035838 -0.2836819 -0.6513238 0.7037769 -0.283684 -0.6513273 0.7037729 -0.0969693 -0.7037748 0.7037742 -0.0969699 -0.7037727 0.7037761 0 -0.7071053 0.7071083 0 -0.7071067 0.7071069 0.0969693 -0.7037746 0.7037743 0.0969699 -0.7037729 0.703776 0.2836828 -0.6513245 0.7037759 0.283683 -0.6513267 0.7037737 0.4492524 -0.5503385 0.7037755 0.4534224 -0.5510662 0.7005243 0.7071065 0 0.7071071 0.7071063 0 0.7071073 -0.6421546 0.29824 0.7061802 -0.6421538 0.2982404 0.7061808 -0.6802917 0.1970488 0.7059568 -0.6802904 0.1970483 0.7059583 -0.7030901 0.08537071 0.7059577 -0.7030915 0.08537095 0.7059562 -0.7076807 -0.02851897 0.7059566 -0.7076804 -0.02851819 0.7059569 -0.6939414 -0.1416698 0.7059569 -0.6939413 -0.1416689 0.7059572 -0.6622302 -0.2511502 0.7059566 -0.6622289 -0.2511504 0.7059578 -0.6289629 -0.3235164 0.706925 -0.6289637 -0.3235133 0.7069257 -0.6153361 0.3485354 0.7070251 -0.6123773 0.3534173 0.7071707 -0.5848558 0.3992032 0.7061023 -0.5972526 0.4122534 0.6879946 -0.5500575 0.4443359 0.7071086 -0.5396767 0.4569842 0.7070464 -0.3434031 -0.6181239 0.7071048 -0.343397 -0.6181228 0.7071087 -0.7014998 -0.1256823 0.7014998 -0.7014992 -0.1256807 0.7015007 -0.6142311 -0.3614138 0.7014985 -0.6142281 -0.3614168 0.7014997 -0.4505444 -0.5521836 0.7015005 -0.4505439 -0.5521832 0.7015013 -0.7071089 0 0.7071047 -0.7071056 0 0.7071081 -0.4505442 0.5521849 0.7014997 -0.4505439 0.5521832 0.7015013 -0.6142293 0.3614167 0.7014986 -0.6142286 0.3614149 0.7015002 -0.7014989 0.1256826 0.7015007 -0.7014989 0.1256806 0.701501 -0.3434004 0.6181241 0.707106 -0.3434027 0.618121 0.7071075 -0.6017819 -0.4473164 0.6616395 -0.6030429 -0.4702925 0.6443324 -0.5630093 -0.4284375 0.7067262 -0.6010904 -0.3732014 0.7066901 -0.6128664 -0.3873967 0.688708 0.4737562 0.633386 0.6118638 -0.4463559 0.6264648 0.6389901 -0.473758 0.6333867 0.6118618 -0.4172529 0.5718461 0.706323 -0.3291405 0.627125 0.7059609 -0.3291409 0.6271263 0.7059596 -0.2242833 0.6718095 0.7059526 -0.2242816 0.671805 0.7059575 -0.1136117 0.6990792 0.7059608 -0.113612 0.6990796 0.7059604 0 0.7082551 0.7059567 0 0.708254 0.7059577 0.1136111 0.6990751 0.705965 0.1136124 0.6990835 0.7059565 0.2242823 0.6718097 0.7059527 0.2242819 0.6718037 0.7059586 0.3291404 0.6271253 0.7059607 0.329141 0.6271255 0.7059603 0.4106295 0.5763198 0.7065685 0.4472261 0.6047277 0.6590093 -0.466207 -0.5736091 0.6735159 0.447758 -0.5777121 0.6824673 0.466209 -0.5736084 0.6735151 0.4395276 -0.5540621 0.7069871 0.3785364 -0.5986083 0.7059593 0.3785397 -0.5986096 0.7059563 0.2776098 -0.6515764 0.7059611 0.2776123 -0.6515783 0.7059584 0.1694962 -0.6876704 0.7059607 0.1694976 -0.6876758 0.705955 0.05699056 -0.7059584 0.7059567 0.05699092 -0.705958 0.705957 -0.0569902 -0.7059543 0.7059609 -0.0569911 -0.7059602 0.7059548 -0.1694972 -0.6876744 0.7059566 -0.1694963 -0.6876716 0.7059596 -0.2776117 -0.651576 0.7059607 -0.2776127 -0.6515815 0.7059552 -0.3785373 -0.5986104 0.7059568 -0.3785394 -0.598608 0.7059578 -0.4331941 -0.5589246 0.7070689 -0.447797 -0.560172 0.6969113 0.5979542 -0.3779706 0.7068162 0.6133692 -0.380823 0.6919192 0.5676758 -0.4219626 0.7068888 0.5815873 -0.4477152 0.6791961 0.603044 -0.4702907 0.6443327 0.3434031 0.6181239 0.7071048 0.343397 0.6181228 0.7071087 0.7014998 0.1256823 0.7014998 0.7014992 0.1256807 0.7015007 0.6142311 0.3614138 0.7014985 0.6142281 0.3614168 0.7014997 0.4505444 0.5521836 0.7015005 0.4505439 0.5521832 0.7015013 0.7071089 0 0.7071047 0.7071056 0 0.7071081 0.4505442 -0.5521849 0.7014997 0.4505439 -0.5521832 0.7015013 0.6142293 -0.3614167 0.7014986 0.6142286 -0.3614149 0.7015002 0.7014989 -0.1256826 0.7015007 0.7014989 -0.1256806 0.701501 0.3434004 -0.6181241 0.707106 0.3434027 -0.618121 0.7071075 0.5396767 0.4569842 0.7070464 0.5500575 0.4443359 0.7071086 0.5972525 0.4122537 0.6879945 0.5848558 0.3992032 0.7061023 0.6152775 0.3484987 0.7070943 0.6150094 0.3550943 0.7040395 0.0284838 0.7068204 -0.7068194 -0.02848333 0.7068139 -0.7068259 -0.02848374 0.7068191 -0.7068208 -0.1136107 0.6990752 -0.7059651 -0.1136124 0.6990834 -0.7059566 -0.224283 0.6718096 -0.7059527 -0.2242811 0.6718038 -0.7059587 -0.3291405 0.6271252 -0.7059608 -0.329141 0.6271255 -0.7059603 -0.4254774 0.5662078 -0.7059587 -0.4254775 0.5662078 -0.7059586 -0.5107952 0.4906256 -0.7059567 -0.5107949 0.4906247 -0.7059574 -0.5828824 0.4023351 -0.7059567 -0.5828804 0.4023333 -0.7059592 -0.6398724 0.3036229 -0.7059579 -0.6398732 0.3036242 -0.7059567 -0.6802915 0.1970486 -0.7059571 -0.6802905 0.1970485 -0.7059581 -0.7030897 0.08537077 -0.7059581 -0.7030913 0.08537095 -0.7059565 -0.7076808 -0.02851927 -0.7059565 -0.7076802 -0.0285179 -0.7059572 -0.6939413 -0.1416689 -0.7059571 -0.6939411 -0.1416698 -0.7059571 -0.662229 -0.2511503 -0.7059578 -0.6622295 -0.2511504 -0.7059572 -0.6133668 -0.354128 -0.7059566 -0.6133661 -0.3541265 -0.7059579 -0.5486176 -0.4479329 -0.7059567 -0.5486173 -0.447932 -0.7059576 -0.4696601 -0.5301364 -0.7059567 -0.4696602 -0.5301374 -0.7059559 -0.3785369 -0.598608 -0.7059591 -0.378538 -0.5986099 -0.7059569 -0.2776106 -0.6515762 -0.7059609 -0.2776116 -0.6515784 -0.7059585 -0.1694957 -0.6876703 -0.7059609 -0.1694968 -0.6876759 -0.7059552 -0.05699068 -0.7059584 -0.7059568 -0.05699092 -0.705958 -0.7059571 0.05699038 -0.7059542 -0.7059609 0.0569911 -0.7059602 -0.7059548 0.1694967 -0.6876744 -0.7059567 0.1694958 -0.6876714 -0.7059597 0.2776106 -0.6515762 -0.7059609 0.2776129 -0.6515815 -0.7059552 0.3785379 -0.5986104 -0.7059567 0.3785376 -0.5986085 -0.7059584 0.46966 -0.5301368 -0.7059565 0.46966 -0.5301366 -0.7059566 0.5486162 -0.4479311 -0.7059589 0.548618 -0.4479331 -0.7059562 0.613367 -0.354127 -0.7059568 0.6133652 -0.354127 -0.7059584 0.662229 -0.2511503 -0.7059578 0.6622295 -0.2511504 -0.7059572 0.6939412 -0.1416689 -0.7059571 0.6939412 -0.1416698 -0.705957 0.7076802 -0.02851825 -0.7059572 0.7076808 -0.02851897 -0.7059565 0.7030911 0.08537095 -0.7059566 0.7030897 0.08537071 -0.705958 0.6802903 0.1970483 -0.7059583 0.6802917 0.1970488 -0.7059568 0.6398732 0.3036242 -0.7059566 0.6398722 0.3036227 -0.7059582 0.5828815 0.4023344 -0.7059577 0.5828815 0.402334 -0.7059578 0.5107967 0.490627 -0.7059546 0.5107933 0.4906232 -0.7059597 0.4254762 0.5662062 -0.7059608 0.425479 0.5662098 -0.7059562 0.3291405 0.627125 -0.7059609 0.3291412 0.6271261 -0.7059596 0.224283 0.6718096 -0.7059527 0.2242814 0.671805 -0.7059575 0.1136114 0.6990792 -0.7059609 0.1136118 0.6990796 -0.7059604 0.02848327 0.7068139 -0.7068259 0.6289629 -0.3235138 0.7069262 0.6289638 -0.3235162 0.7069242 0.6622302 -0.2511502 0.7059566 0.6622288 -0.2511504 0.7059579 0.6939412 -0.1416697 0.705957 0.6939411 -0.1416689 0.7059574 0.7076801 -0.0285179 0.7059573 0.7076807 -0.02851927 0.7059566 0.7030916 0.08537089 0.7059561 0.7030897 0.08537077 0.7059581 0.6802905 0.1970484 0.7059581 0.6802913 0.1970487 0.7059572 0.642154 0.2982402 0.7061806 0.642154 0.2982399 0.7061808</float_array>
          <technique_common>
            <accessor source="#link_base_001-mesh-normals-array" count="1240" stride="3">
              <param name="X" type="float"/>
              <param name="Y" type="float"/>
              <param name="Z" type="float"/>
            </accessor>
          </technique_common>
        </source>
        <vertices id="link_base_001-mesh-vertices">
          <input semantic="POSITION" source="#link_base_001-mesh-positions"/>
        </vertices>
        <triangles material="m_1-material" count="1698">
          <input semantic="VERTEX" source="#link_base_001-mesh-vertices" offset="0"/>
          <input semantic="NORMAL" source="#link_base_001-mesh-normals" offset="1"/>
          <p>0 0 1 0 2 0 2 1 1 1 3 1 4 2 5 2 6 2 6 3 5 3 2 3 6 4 2 4 7 4 7 5 2 5 3 5 8 0 9 0 10 0 10 0 9 0 11 0 10 6 11 6 12 6 8 0 10 0 13 0 13 0 10 0 14 0 13 7 14 7 6 7 6 8 14 8 15 8 6 9 15 9 4 9 16 10 17 10 18 10 16 11 18 11 6 11 6 12 18 12 19 12 6 11 19 11 20 11 21 13 22 13 23 13 23 11 22 11 24 11 23 11 24 11 16 11 16 11 24 11 25 11 16 14 25 14 17 14 26 11 27 11 28 11 28 11 27 11 29 11 28 11 29 11 30 11 13 11 31 11 32 11 30 11 29 11 33 11 33 11 29 11 34 11 33 11 34 11 35 11 32 11 36 11 13 11 13 11 36 11 37 11 13 11 37 11 23 11 23 15 37 15 38 15 23 16 38 16 39 16 20 11 40 11 6 11 6 11 40 11 41 11 6 11 41 11 13 11 13 11 41 11 33 11 13 11 33 11 31 11 31 11 33 11 35 11 39 17 42 17 23 17 23 11 42 11 43 11 23 18 43 18 21 18 21 11 43 11 44 11 21 11 44 11 26 11 26 19 44 19 45 19 26 11 45 11 27 11 46 0 47 0 48 0 49 20 50 20 51 20 52 0 46 0 53 0 53 0 46 0 48 0 53 21 48 21 54 21 54 22 48 22 55 22 51 0 56 0 49 0 49 0 56 0 57 0 49 0 57 0 58 0 55 0 59 0 54 0 54 23 59 23 60 23 54 0 60 0 58 0 58 24 60 24 61 24 58 0 61 0 49 0 54 25 62 25 63 25 54 25 63 25 64 25 64 26 63 26 65 26 64 27 65 27 66 27 67 28 68 28 64 28 64 25 68 25 69 25 64 25 69 25 70 25 70 25 69 25 71 25 72 25 58 25 73 25 73 25 58 25 74 25 66 29 75 29 64 29 64 25 75 25 76 25 64 30 76 30 67 30 67 25 76 25 77 25 67 25 77 25 78 25 79 25 80 25 81 25 81 25 80 25 72 25 72 25 80 25 82 25 72 25 82 25 58 25 58 25 82 25 83 25 58 25 83 25 54 25 54 25 83 25 84 25 54 25 84 25 62 25 71 25 85 25 70 25 70 31 85 31 86 31 70 25 86 25 58 25 58 32 86 32 87 32 58 25 87 25 74 25 77 33 88 33 78 33 78 25 88 25 89 25 78 25 89 25 90 25 90 25 89 25 79 25 90 25 79 25 91 25 91 25 79 25 81 25 92 0 93 0 94 0 95 0 96 0 97 0 98 0 99 0 100 0 101 0 102 0 103 0 103 0 104 0 105 0 105 0 104 0 106 0 105 0 106 0 107 0 108 0 109 0 110 0 110 34 109 34 98 34 110 0 98 0 111 0 111 35 98 35 100 35 112 0 113 0 114 0 114 0 113 0 115 0 112 0 116 0 113 0 113 0 116 0 117 0 113 0 117 0 118 0 119 0 120 0 121 0 121 36 120 36 122 36 94 36 123 36 92 36 92 37 123 37 124 37 92 0 124 0 105 0 105 0 124 0 125 0 105 0 125 0 103 0 103 38 125 38 126 38 103 35 126 35 101 35 127 0 96 0 128 0 128 0 96 0 129 0 127 0 130 0 96 0 96 0 130 0 131 0 96 0 131 0 97 0 107 0 106 0 118 0 118 0 106 0 132 0 118 0 132 0 113 0 133 39 115 39 134 39 134 40 115 40 113 40 134 41 113 41 135 41 135 42 113 42 136 42 135 0 136 0 137 0 137 43 136 43 138 43 137 44 138 44 96 44 96 45 138 45 139 45 96 46 139 46 129 46 129 47 139 47 140 47 95 0 97 0 141 0 141 0 97 0 142 0 141 0 142 0 143 0 143 0 142 0 109 0 143 0 109 0 120 0 120 0 109 0 108 0 120 37 108 37 122 37 144 48 145 48 146 48 146 49 145 49 147 49 146 50 147 50 148 50 149 51 144 51 150 51 150 52 144 52 146 52 150 53 146 53 151 53 151 54 146 54 152 54 151 55 152 55 153 55 154 56 155 56 156 56 156 57 155 57 152 57 152 58 155 58 157 58 152 59 157 59 153 59 158 60 159 60 160 60 160 61 159 61 161 61 160 62 161 62 162 62 162 63 161 63 163 63 163 64 161 64 164 64 163 65 164 65 165 65 166 66 167 66 164 66 165 67 164 67 168 67 168 68 164 68 167 68 168 69 167 69 169 69 164 70 170 70 166 70 166 71 170 71 171 71 166 72 171 72 172 72 172 73 171 73 173 73 172 74 173 74 174 74 174 75 173 75 175 75 174 76 175 76 176 76 176 77 175 77 177 77 176 78 177 78 178 78 178 79 177 79 179 79 178 80 179 80 180 80 181 81 182 81 183 81 184 82 185 82 186 82 184 83 186 83 187 83 187 84 186 84 188 84 187 85 188 85 189 85 185 86 184 86 190 86 190 87 184 87 191 87 190 88 191 88 192 88 193 89 194 89 195 89 195 90 194 90 196 90 195 91 196 91 197 91 198 92 199 92 200 92 197 93 196 93 201 93 201 94 196 94 202 94 201 95 202 95 200 95 203 96 204 96 205 96 205 97 206 97 203 97 203 98 206 98 207 98 203 99 207 99 208 99 208 100 207 100 209 100 208 101 209 101 210 101 210 102 209 102 211 102 210 103 211 103 212 103 212 104 211 104 213 104 212 105 213 105 214 105 214 106 213 106 148 106 214 107 148 107 215 107 215 108 148 108 147 108 200 109 202 109 198 109 198 110 202 110 205 110 198 111 205 111 216 111 216 112 205 112 204 112 216 113 204 113 217 113 218 114 219 114 220 114 220 115 219 115 221 115 220 116 221 116 222 116 222 117 221 117 194 117 222 118 194 118 223 118 223 119 194 119 193 119 223 120 193 120 224 120 192 121 191 121 225 121 225 122 191 122 226 122 225 123 226 123 227 123 227 124 226 124 228 124 227 125 228 125 229 125 229 126 228 126 230 126 229 127 230 127 231 127 231 128 230 128 232 128 231 129 232 129 218 129 218 130 232 130 233 130 218 131 233 131 219 131 180 132 179 132 183 132 183 133 179 133 234 133 183 134 234 134 181 134 181 135 234 135 187 135 181 136 187 136 235 136 235 137 187 137 189 137 235 138 189 138 236 138 154 139 156 139 237 139 237 140 156 140 238 140 237 141 238 141 239 141 239 142 238 142 240 142 239 143 240 143 241 143 241 144 240 144 242 144 241 145 242 145 243 145 243 146 242 146 244 146 243 147 244 147 245 147 245 148 244 148 246 148 245 148 246 148 247 148 247 149 246 149 248 149 247 150 248 150 249 150 249 151 248 151 250 151 249 152 250 152 251 152 251 153 250 153 159 153 251 154 159 154 252 154 252 155 159 155 158 155 252 156 158 156 253 156 254 157 255 157 256 157 257 158 258 158 259 158 260 159 261 159 256 159 256 160 261 160 262 160 262 161 263 161 256 161 256 162 263 162 264 162 256 163 264 163 254 163 265 164 255 164 266 164 266 165 255 165 267 165 266 166 267 166 268 166 268 167 267 167 269 167 268 168 269 168 270 168 258 169 271 169 272 169 259 170 258 170 273 170 274 171 275 171 276 171 276 172 275 172 277 172 276 173 277 173 278 173 278 174 277 174 279 174 278 175 279 175 280 175 280 176 279 176 273 176 281 177 282 177 283 177 283 178 282 178 284 178 283 179 284 179 285 179 285 180 284 180 286 180 285 181 286 181 287 181 287 182 286 182 288 182 287 183 288 183 289 183 289 184 288 184 290 184 289 185 290 185 291 185 291 186 290 186 292 186 291 187 292 187 293 187 293 188 292 188 294 188 293 189 294 189 260 189 260 190 294 190 295 190 260 191 295 191 261 191 269 192 296 192 270 192 270 193 296 193 297 193 270 194 297 194 259 194 259 195 297 195 298 195 259 196 298 196 257 196 299 197 300 197 301 197 301 198 300 198 302 198 301 199 302 199 281 199 281 200 302 200 303 200 281 201 303 201 282 201 265 202 304 202 255 202 255 203 304 203 305 203 255 204 305 204 256 204 256 205 305 205 306 205 256 206 306 206 307 206 307 207 306 207 274 207 307 208 274 208 308 208 308 209 274 209 276 209 308 210 276 210 309 210 309 211 276 211 310 211 309 212 310 212 301 212 301 213 310 213 311 213 301 214 311 214 299 214 299 215 311 215 312 215 299 216 312 216 313 216 313 217 312 217 314 217 313 218 314 218 315 218 315 219 314 219 316 219 315 220 316 220 317 220 273 221 258 221 280 221 280 222 258 222 272 222 280 223 272 223 318 223 316 224 319 224 317 224 317 225 319 225 320 225 317 226 320 226 321 226 321 227 320 227 322 227 321 228 322 228 323 228 323 229 322 229 324 229 325 230 326 230 327 230 327 231 326 231 328 231 325 232 329 232 326 232 326 233 329 233 330 233 326 234 330 234 324 234 324 235 330 235 331 235 324 236 331 236 323 236 318 237 332 237 280 237 280 238 332 238 333 238 280 239 333 239 326 239 326 240 333 240 334 240 326 241 334 241 328 241 328 242 334 242 335 242 328 243 335 243 336 243 336 244 335 244 337 244 336 245 337 245 338 245 337 246 339 246 338 246 338 247 339 247 340 247 338 248 340 248 341 248 341 249 340 249 342 249 341 250 342 250 343 250 343 251 342 251 344 251 343 188 344 188 258 188 258 252 344 252 345 252 258 253 345 253 271 253 346 254 193 254 347 254 347 255 193 255 195 255 347 256 195 256 348 256 349 257 350 257 351 257 351 258 350 258 352 258 351 259 352 259 353 259 354 260 355 260 349 260 349 261 355 261 356 261 349 262 356 262 350 262 357 263 358 263 359 263 359 264 358 264 360 264 359 265 360 265 354 265 354 266 360 266 361 266 354 267 361 267 355 267 362 268 363 268 357 268 357 269 363 269 364 269 357 270 364 270 358 270 195 271 197 271 348 271 348 272 197 272 201 272 348 273 201 273 365 273 365 274 201 274 200 274 365 275 200 275 366 275 366 276 200 276 367 276 366 277 367 277 368 277 368 278 367 278 369 278 368 279 369 279 362 279 362 280 369 280 370 280 362 281 370 281 363 281 371 282 372 282 346 282 346 283 372 283 373 283 346 284 373 284 193 284 374 285 375 285 371 285 371 286 375 286 376 286 371 287 376 287 372 287 377 288 102 288 378 288 378 289 102 289 379 289 378 290 379 290 380 290 380 291 379 291 381 291 380 292 381 292 374 292 374 293 381 293 382 293 374 294 382 294 375 294 383 295 140 295 384 295 384 296 140 296 139 296 384 297 139 297 385 297 385 298 139 298 138 298 385 299 138 299 386 299 386 300 138 300 136 300 386 301 136 301 387 301 387 302 136 302 113 302 387 303 113 303 388 303 388 304 113 304 132 304 388 305 132 305 389 305 389 306 132 306 106 306 389 307 106 307 390 307 390 308 106 308 104 308 390 309 104 309 377 309 377 310 104 310 103 310 377 311 103 311 102 311 352 312 391 312 353 312 353 313 391 313 392 313 353 314 392 314 383 314 383 315 392 315 393 315 383 316 393 316 140 316 394 317 395 317 383 317 383 318 384 318 394 318 394 319 384 319 385 319 394 320 385 320 396 320 385 321 386 321 396 321 396 322 386 322 387 322 396 323 387 323 397 323 387 324 388 324 397 324 397 11 388 11 389 11 397 325 389 325 398 325 389 326 390 326 398 326 398 327 390 327 377 327 398 328 377 328 399 328 377 329 378 329 399 329 399 330 378 330 380 330 399 331 380 331 400 331 380 332 374 332 400 332 400 333 374 333 371 333 400 334 371 334 401 334 371 335 346 335 401 335 401 336 346 336 347 336 401 337 347 337 402 337 347 338 348 338 402 338 402 339 348 339 365 339 402 340 365 340 403 340 365 341 366 341 403 341 403 342 366 342 368 342 403 343 368 343 404 343 368 25 362 25 404 25 404 344 362 344 357 344 404 345 357 345 405 345 357 346 359 346 405 346 405 347 359 347 354 347 405 348 354 348 406 348 354 349 349 349 406 349 406 350 349 350 351 350 406 351 351 351 395 351 395 352 351 352 353 352 395 353 353 353 383 353 155 354 407 354 408 354 407 355 155 355 409 355 410 356 153 356 408 356 408 357 153 357 157 357 408 358 157 358 155 358 411 359 150 359 410 359 410 360 150 360 151 360 410 361 151 361 153 361 155 362 412 362 409 362 409 363 412 363 413 363 409 364 413 364 414 364 415 365 416 365 417 365 417 366 416 366 418 366 417 367 418 367 419 367 419 368 418 368 420 368 419 369 420 369 411 369 411 370 420 370 421 370 411 371 421 371 150 371 422 372 423 372 415 372 415 373 423 373 424 373 415 374 424 374 416 374 425 375 426 375 427 375 427 376 426 376 428 376 427 377 428 377 422 377 422 378 428 378 429 378 422 379 429 379 423 379 430 380 431 380 425 380 425 381 431 381 432 381 425 382 432 382 426 382 433 383 434 383 435 383 435 384 434 384 436 384 435 385 436 385 430 385 430 386 436 386 437 386 430 387 437 387 431 387 438 388 129 388 433 388 433 389 129 389 439 389 433 390 439 390 434 390 440 391 99 391 441 391 441 392 99 392 98 392 441 301 98 301 442 301 442 393 98 393 109 393 442 394 109 394 443 394 443 395 109 395 142 395 443 396 142 396 444 396 444 397 142 397 97 397 444 398 97 398 445 398 445 399 97 399 131 399 445 400 131 400 446 400 446 401 131 401 130 401 446 402 130 402 447 402 447 403 130 403 127 403 447 404 127 404 438 404 438 405 127 405 128 405 438 406 128 406 129 406 413 407 448 407 414 407 414 408 448 408 449 408 414 409 449 409 450 409 450 410 449 410 451 410 450 411 451 411 452 411 452 412 451 412 453 412 452 413 453 413 440 413 440 414 453 414 454 414 440 415 454 415 99 415 450 317 455 317 456 317 450 416 452 416 455 416 455 417 452 417 440 417 455 418 440 418 457 418 440 321 441 321 457 321 457 322 441 322 442 322 457 419 442 419 458 419 442 324 443 324 458 324 458 11 443 11 444 11 458 420 444 420 459 420 444 326 445 326 459 326 459 327 445 327 446 327 459 421 446 421 460 421 446 329 447 329 460 329 460 422 447 422 438 422 460 331 438 331 461 331 438 423 433 423 461 423 461 424 433 424 435 424 461 425 435 425 462 425 435 426 430 426 462 426 462 427 430 427 425 427 462 428 425 428 463 428 425 429 427 429 463 429 463 339 427 339 422 339 463 340 422 340 464 340 422 341 415 341 464 341 464 342 415 342 417 342 464 430 417 430 465 430 417 25 419 25 465 25 465 344 419 344 411 344 465 431 411 431 466 431 411 346 410 346 466 346 466 347 410 347 408 347 466 432 408 432 467 432 408 433 407 433 467 433 467 434 407 434 409 434 467 435 409 435 456 435 456 436 409 436 414 436 456 437 414 437 450 437 468 438 469 438 470 438 471 439 119 439 472 439 472 440 119 440 473 440 472 441 473 441 474 441 474 442 473 442 475 442 474 443 475 443 469 443 469 444 475 444 476 444 469 445 476 445 470 445 477 446 133 446 478 446 478 447 133 447 134 447 478 448 134 448 479 448 479 449 134 449 135 449 479 450 135 450 480 450 480 378 135 378 137 378 480 451 137 451 481 451 481 452 137 452 96 452 481 453 96 453 482 453 482 454 96 454 95 454 482 455 95 455 483 455 483 456 95 456 141 456 483 457 141 457 484 457 484 458 141 458 143 458 484 459 143 459 471 459 471 460 143 460 120 460 471 461 120 461 119 461 485 462 486 462 477 462 477 463 486 463 487 463 477 464 487 464 133 464 488 465 489 465 490 465 490 466 489 466 491 466 490 467 491 467 485 467 485 468 491 468 492 468 485 469 492 469 486 469 493 470 494 470 488 470 488 471 494 471 495 471 488 472 495 472 489 472 496 473 497 473 498 473 498 474 497 474 499 474 498 475 499 475 493 475 493 476 499 476 500 476 493 477 500 477 494 477 501 478 502 478 496 478 496 479 502 479 503 479 496 480 503 480 497 480 504 481 158 481 505 481 505 482 158 482 160 482 505 483 160 483 506 483 506 484 160 484 162 484 506 485 162 485 507 485 507 486 162 486 163 486 507 487 163 487 508 487 508 488 163 488 509 488 508 489 509 489 510 489 510 490 509 490 511 490 510 396 511 396 501 396 501 397 511 397 512 397 501 491 512 491 502 491 470 492 513 492 468 492 468 493 513 493 514 493 468 494 514 494 504 494 504 495 514 495 515 495 504 496 515 496 158 496 516 497 517 497 504 497 504 498 505 498 516 498 516 417 505 417 506 417 516 499 506 499 518 499 506 321 507 321 518 321 518 322 507 322 508 322 518 500 508 500 519 500 508 501 510 501 519 501 519 11 510 11 501 11 519 502 501 502 520 502 501 503 496 503 520 503 520 327 496 327 498 327 520 328 498 328 521 328 498 329 493 329 521 329 521 422 493 422 488 422 521 504 488 504 522 504 488 505 490 505 522 505 522 506 490 506 485 506 522 425 485 425 523 425 485 507 477 507 523 507 523 508 477 508 478 508 523 509 478 509 524 509 478 429 479 429 524 429 524 339 479 339 480 339 524 510 480 510 525 510 480 341 481 341 525 341 525 511 481 511 482 511 525 512 482 512 526 512 482 25 483 25 526 25 526 513 483 513 484 513 526 514 484 514 527 514 484 346 471 346 527 346 527 347 471 347 472 347 527 515 472 515 528 515 472 433 474 433 528 433 528 516 474 516 469 516 528 435 469 435 517 435 517 436 469 436 468 436 517 437 468 437 504 437 186 517 529 517 530 517 531 518 532 518 190 518 529 519 186 519 532 519 532 520 186 520 185 520 532 521 185 521 190 521 533 522 189 522 530 522 530 523 189 523 188 523 530 524 188 524 186 524 534 525 535 525 115 525 536 526 93 526 537 526 537 527 93 527 92 527 537 451 92 451 538 451 538 528 92 528 105 528 538 529 105 529 539 529 539 530 105 530 107 530 539 279 107 279 540 279 540 280 107 280 118 280 540 531 118 531 541 531 541 532 118 532 117 532 541 533 117 533 542 533 542 534 117 534 116 534 542 535 116 535 543 535 543 536 116 536 112 536 543 537 112 537 535 537 535 538 112 538 114 538 535 539 114 539 115 539 544 540 545 540 546 540 546 541 545 541 547 541 546 542 547 542 548 542 548 543 547 543 549 543 548 544 549 544 536 544 536 545 549 545 550 545 536 546 550 546 93 546 190 547 551 547 531 547 531 548 551 548 552 548 531 549 552 549 544 549 544 550 552 550 553 550 544 551 553 551 545 551 554 552 555 552 556 552 556 553 555 553 557 553 556 554 557 554 558 554 558 555 557 555 559 555 558 556 559 556 533 556 533 557 559 557 560 557 533 558 560 558 189 558 561 559 562 559 554 559 554 560 562 560 563 560 554 561 563 561 555 561 564 562 565 562 566 562 566 563 565 563 567 563 566 564 567 564 561 564 561 300 567 300 568 300 561 565 568 565 562 565 569 566 570 566 564 566 564 567 570 567 571 567 564 568 571 568 565 568 115 569 572 569 534 569 534 570 572 570 573 570 534 571 573 571 574 571 574 572 573 572 575 572 574 573 575 573 569 573 569 574 575 574 576 574 569 575 576 575 570 575 577 317 578 317 569 317 569 576 564 576 577 576 577 319 564 319 566 319 577 320 566 320 579 320 566 321 561 321 579 321 579 322 561 322 554 322 579 577 554 577 580 577 554 501 556 501 580 501 580 11 556 11 558 11 580 578 558 578 581 578 558 503 533 503 581 503 581 327 533 327 530 327 581 328 530 328 582 328 530 329 529 329 582 329 582 330 529 330 532 330 582 579 532 579 583 579 532 580 531 580 583 580 583 581 531 581 544 581 583 334 544 334 584 334 544 582 546 582 584 582 584 583 546 583 548 583 584 509 548 509 585 509 548 338 536 338 585 338 585 339 536 339 537 339 585 340 537 340 586 340 537 341 538 341 586 341 586 511 538 511 539 511 586 584 539 584 587 584 539 25 540 25 587 25 587 513 540 513 541 513 587 585 541 585 588 585 541 346 542 346 588 346 588 347 542 347 543 347 588 348 543 348 589 348 543 349 535 349 589 349 589 586 535 586 534 586 589 351 534 351 578 351 578 352 534 352 574 352 578 353 574 353 569 353 590 587 591 587 559 587 559 588 591 588 560 588 560 589 591 589 236 589 560 590 236 590 189 590 590 591 559 591 592 591 592 592 559 592 557 592 592 593 557 593 593 593 557 594 555 594 593 594 593 595 555 595 563 595 593 596 563 596 594 596 567 597 595 597 568 597 568 598 595 598 594 598 568 599 594 599 562 599 562 600 594 600 563 600 570 601 596 601 571 601 571 602 596 602 595 602 571 603 595 603 565 603 565 604 595 604 567 604 115 605 597 605 572 605 572 606 597 606 598 606 572 607 598 607 573 607 573 608 598 608 599 608 573 609 599 609 575 609 575 610 599 610 596 610 575 611 596 611 576 611 576 612 596 612 570 612 600 11 601 11 597 11 597 613 601 613 602 613 597 11 602 11 603 11 602 11 604 11 603 11 603 614 604 614 605 614 603 11 605 11 133 11 133 615 605 615 606 615 133 616 606 616 607 616 608 11 609 11 133 11 133 617 609 617 610 617 133 11 610 11 115 11 115 618 610 618 611 618 607 11 612 11 133 11 133 619 612 619 613 619 133 11 613 11 608 11 614 11 615 11 597 11 597 620 615 620 616 620 597 621 616 621 600 621 600 11 616 11 617 11 600 11 617 11 618 11 618 11 617 11 619 11 618 11 619 11 620 11 620 11 619 11 608 11 620 11 608 11 621 11 621 11 608 11 613 11 611 622 622 622 115 622 115 623 622 623 623 623 115 11 623 11 597 11 597 624 623 624 624 624 597 625 624 625 614 625 625 626 626 626 627 626 603 627 133 627 628 627 628 628 133 628 487 628 628 629 487 629 629 629 491 630 630 630 492 630 492 631 630 631 629 631 492 632 629 632 486 632 486 633 629 633 487 633 494 634 631 634 495 634 495 635 631 635 630 635 495 636 630 636 489 636 489 637 630 637 491 637 494 638 500 638 631 638 631 639 500 639 499 639 631 640 499 640 632 640 499 641 497 641 632 641 632 642 497 642 503 642 632 643 503 643 633 643 163 644 165 644 509 644 509 645 165 645 625 645 509 646 625 646 511 646 511 647 625 647 627 647 511 592 627 592 512 592 512 648 627 648 633 648 512 649 633 649 502 649 502 650 633 650 503 650 634 651 590 651 592 651 635 652 636 652 637 652 638 0 634 0 639 0 639 0 634 0 592 0 639 0 592 0 640 0 640 0 592 0 593 0 640 0 593 0 641 0 641 0 593 0 594 0 641 653 594 653 642 653 626 0 635 0 627 0 627 0 635 0 637 0 627 654 637 654 633 654 633 0 637 0 643 0 633 655 643 655 632 655 632 0 643 0 644 0 632 0 644 0 631 0 631 0 644 0 645 0 598 656 628 656 599 656 599 657 628 657 629 657 599 658 629 658 596 658 596 659 629 659 630 659 596 660 630 660 595 660 595 661 630 661 631 661 595 0 631 0 594 0 594 662 631 662 645 662 594 663 645 663 642 663 646 664 102 664 647 664 647 665 102 665 101 665 647 666 101 666 648 666 648 667 101 667 126 667 648 668 126 668 649 668 649 669 126 669 125 669 649 670 125 670 650 670 650 670 125 670 124 670 650 671 124 671 651 671 651 672 124 672 123 672 651 673 123 673 652 673 652 674 123 674 94 674 652 675 94 675 653 675 653 676 94 676 93 676 654 677 655 677 656 677 653 678 93 678 550 678 653 679 550 679 657 679 657 680 550 680 549 680 657 681 549 681 658 681 658 682 549 682 547 682 658 683 547 683 659 683 190 684 192 684 551 684 551 685 192 685 654 685 551 686 654 686 552 686 552 687 654 687 656 687 552 688 656 688 553 688 553 689 656 689 659 689 553 690 659 690 545 690 545 691 659 691 547 691 379 692 102 692 646 692 379 693 646 693 381 693 660 694 661 694 372 694 372 695 661 695 373 695 373 696 661 696 224 696 373 697 224 697 193 697 660 698 372 698 662 698 662 699 372 699 376 699 662 700 376 700 663 700 646 701 664 701 381 701 381 702 664 702 665 702 381 703 665 703 382 703 382 704 665 704 663 704 382 705 663 705 375 705 375 706 663 706 376 706 656 0 655 0 666 0 667 0 668 0 669 0 660 0 662 0 670 0 670 707 662 707 663 707 670 0 663 0 671 0 671 708 663 708 665 708 667 0 669 0 672 0 668 0 657 0 669 0 669 709 657 709 658 709 669 710 658 710 666 710 666 711 658 711 659 711 666 712 659 712 656 712 669 713 673 713 672 713 672 0 673 0 674 0 672 0 674 0 675 0 674 0 676 0 675 0 675 0 676 0 677 0 675 0 677 0 678 0 678 714 677 714 671 714 678 0 671 0 679 0 679 715 671 715 665 715 679 716 665 716 664 716 680 717 119 717 681 717 681 718 119 718 121 718 681 719 121 719 682 719 682 720 121 720 122 720 682 721 122 721 683 721 683 722 122 722 108 722 683 723 108 723 684 723 684 723 108 723 110 723 684 724 110 724 685 724 685 725 110 725 111 725 685 726 111 726 686 726 686 727 111 727 100 727 686 728 100 728 687 728 687 729 100 729 99 729 688 730 689 730 690 730 687 731 99 731 454 731 687 732 454 732 691 732 691 733 454 733 453 733 691 734 453 734 692 734 692 735 453 735 451 735 692 736 451 736 693 736 155 737 154 737 412 737 412 738 154 738 688 738 412 739 688 739 413 739 413 740 688 740 690 740 413 741 690 741 448 741 448 742 690 742 693 742 448 743 693 743 449 743 449 744 693 744 451 744 473 745 119 745 680 745 473 746 680 746 475 746 694 747 695 747 514 747 514 748 695 748 515 748 515 749 695 749 253 749 515 750 253 750 158 750 694 751 514 751 696 751 696 752 514 752 513 752 696 753 513 753 697 753 680 754 698 754 475 754 475 755 698 755 699 755 475 756 699 756 476 756 476 757 699 757 697 757 476 758 697 758 470 758 470 759 697 759 513 759 697 0 700 0 696 0 696 0 700 0 701 0 696 760 701 760 694 760 699 0 698 0 702 0 703 0 704 0 691 0 691 761 692 761 703 761 703 762 692 762 693 762 703 763 693 763 705 763 705 764 693 764 690 764 705 765 690 765 689 765 697 0 699 0 700 0 700 766 699 766 702 766 700 767 702 767 706 767 706 768 702 768 707 768 706 0 707 0 708 0 708 769 707 769 709 769 704 0 703 0 710 0 710 770 703 770 711 770 710 771 711 771 712 771 712 772 711 772 713 772 712 0 713 0 709 0 709 773 713 773 714 773 709 774 714 774 708 774 129 775 715 775 439 775 439 776 715 776 716 776 439 777 716 777 434 777 434 778 716 778 717 778 718 779 719 779 420 779 420 780 719 780 421 780 421 781 719 781 149 781 421 782 149 782 150 782 718 783 420 783 720 783 720 784 420 784 418 784 720 785 418 785 721 785 423 786 722 786 424 786 424 787 722 787 721 787 424 788 721 788 416 788 416 789 721 789 418 789 423 790 429 790 722 790 722 791 429 791 428 791 722 792 428 792 723 792 428 793 426 793 723 793 723 794 426 794 432 794 723 795 432 795 724 795 432 796 431 796 724 796 724 797 431 797 437 797 724 798 437 798 717 798 717 799 437 799 436 799 717 800 436 800 434 800 725 25 726 25 140 25 140 801 726 801 727 801 140 25 727 25 129 25 129 802 727 802 728 802 729 25 730 25 140 25 140 803 730 803 731 803 140 25 731 25 725 25 732 25 733 25 140 25 140 804 733 804 734 804 140 805 734 805 729 805 728 806 735 806 129 806 129 807 735 807 736 807 129 25 736 25 715 25 715 808 736 808 737 808 715 809 737 809 738 809 739 25 740 25 715 25 715 810 740 810 741 810 715 25 741 25 732 25 732 811 741 811 742 811 732 812 742 812 733 812 731 25 743 25 725 25 725 25 743 25 744 25 725 25 744 25 745 25 745 25 744 25 746 25 745 25 746 25 747 25 747 25 746 25 739 25 747 25 739 25 748 25 748 25 739 25 715 25 748 25 715 25 749 25 749 25 715 25 738 25 750 813 751 813 752 813 392 814 753 814 393 814 393 815 753 815 754 815 393 816 754 816 140 816 140 817 754 817 732 817 392 818 391 818 753 818 753 819 391 819 352 819 753 820 352 820 755 820 352 821 350 821 755 821 755 822 350 822 356 822 755 823 356 823 756 823 360 824 757 824 361 824 361 825 757 825 756 825 361 826 756 826 355 826 355 827 756 827 356 827 360 828 358 828 757 828 757 829 358 829 364 829 757 830 364 830 758 830 200 831 199 831 367 831 367 832 199 832 750 832 367 833 750 833 369 833 369 834 750 834 752 834 369 784 752 784 370 784 370 835 752 835 758 835 370 836 758 836 363 836 363 837 758 837 364 837 759 0 718 0 720 0 760 0 761 0 762 0 751 0 760 0 752 0 752 0 760 0 762 0 752 838 762 838 758 838 758 0 762 0 763 0 758 839 763 839 757 839 764 0 759 0 765 0 765 840 759 840 720 840 765 0 720 0 766 0 766 0 720 0 721 0 766 0 721 0 767 0 767 0 721 0 722 0 767 841 722 841 768 841 768 842 722 842 723 842 768 843 723 843 769 843 769 844 723 844 724 844 716 845 754 845 717 845 717 846 754 846 753 846 717 847 753 847 724 847 753 848 755 848 724 848 724 849 755 849 756 849 724 850 756 850 769 850 769 842 756 842 757 842 769 851 757 851 770 851 770 0 757 0 763 0 613 852 771 852 621 852 621 852 771 852 772 852 621 853 772 853 620 853 620 854 772 854 773 854 620 855 773 855 618 855 618 856 773 856 774 856 618 857 774 857 600 857 600 858 774 858 775 858 600 859 775 859 601 859 601 860 775 860 776 860 601 861 776 861 602 861 602 861 776 861 777 861 602 862 777 862 604 862 604 862 777 862 778 862 604 863 778 863 605 863 605 863 778 863 779 863 605 864 779 864 606 864 606 865 779 865 780 865 606 866 780 866 607 866 607 867 780 867 781 867 607 868 781 868 612 868 612 868 781 868 782 868 612 869 782 869 613 869 613 869 782 869 771 869 774 870 783 870 775 870 775 871 783 871 784 871 775 25 784 25 776 25 776 25 784 25 785 25 776 25 785 25 777 25 777 872 785 872 786 872 777 25 786 25 778 25 778 873 786 873 787 873 778 874 787 874 779 874 779 875 787 875 788 875 779 25 788 25 780 25 788 25 789 25 780 25 780 25 789 25 790 25 780 876 790 876 781 876 781 25 790 25 791 25 781 25 791 25 782 25 782 25 791 25 792 25 782 25 792 25 771 25 771 877 792 877 793 877 771 25 793 25 772 25 772 878 793 878 794 878 772 25 794 25 773 25 773 25 794 25 795 25 773 25 795 25 774 25 774 25 795 25 796 25 774 25 796 25 783 25 793 879 83 879 794 879 794 880 83 880 82 880 794 881 82 881 795 881 795 882 82 882 80 882 795 883 80 883 796 883 796 884 80 884 79 884 796 670 79 670 783 670 783 670 79 670 89 670 783 885 89 885 784 885 784 886 89 886 88 886 784 887 88 887 785 887 785 888 88 888 77 888 785 889 77 889 786 889 786 890 77 890 76 890 786 891 76 891 787 891 787 892 76 892 75 892 787 893 75 893 788 893 788 894 75 894 66 894 788 895 66 895 789 895 789 896 66 896 65 896 789 723 65 723 790 723 790 723 65 723 63 723 790 897 63 897 791 897 791 898 63 898 62 898 791 899 62 899 792 899 792 900 62 900 84 900 792 901 84 901 793 901 793 902 84 902 83 902 610 852 797 852 611 852 611 852 797 852 798 852 611 854 798 854 622 854 622 854 798 854 799 854 622 856 799 856 623 856 623 903 799 903 800 903 623 904 800 904 624 904 624 857 800 857 801 857 624 859 801 859 614 859 614 859 801 859 802 859 614 861 802 861 615 861 615 861 802 861 803 861 615 862 803 862 616 862 616 862 803 862 804 862 616 905 804 905 617 905 617 863 804 863 805 863 617 906 805 906 619 906 619 864 805 864 806 864 619 867 806 867 608 867 608 907 806 907 807 907 608 868 807 868 609 868 609 908 807 908 808 908 609 869 808 869 610 869 610 869 808 869 797 869 800 870 809 870 801 870 801 909 809 909 810 909 801 25 810 25 802 25 802 25 810 25 811 25 802 25 811 25 803 25 803 872 811 872 812 872 803 25 812 25 804 25 804 873 812 873 813 873 804 874 813 874 805 874 805 875 813 875 814 875 805 25 814 25 806 25 814 25 815 25 806 25 806 25 815 25 816 25 806 876 816 876 807 876 807 25 816 25 817 25 807 25 817 25 808 25 808 25 817 25 818 25 808 25 818 25 797 25 797 877 818 877 819 877 797 25 819 25 798 25 798 878 819 878 820 878 798 25 820 25 799 25 799 25 820 25 821 25 799 25 821 25 800 25 800 25 821 25 822 25 800 25 822 25 809 25 819 879 72 879 820 879 820 880 72 880 73 880 820 910 73 910 821 910 821 911 73 911 74 911 821 912 74 912 822 912 822 913 74 913 87 913 822 670 87 670 809 670 809 670 87 670 86 670 809 914 86 914 810 914 810 915 86 915 85 915 810 916 85 916 811 916 811 917 85 917 71 917 811 889 71 889 812 889 812 890 71 890 69 890 812 891 69 891 813 891 813 892 69 892 68 892 813 918 68 918 814 918 814 919 68 919 67 919 814 920 67 920 815 920 815 921 67 921 78 921 815 723 78 723 816 723 816 723 78 723 90 723 816 922 90 922 817 922 817 923 90 923 91 923 817 924 91 924 818 924 818 925 91 925 81 925 818 901 81 901 819 901 819 902 81 902 72 902 46 926 823 926 47 926 47 927 823 927 169 927 47 928 169 928 167 928 824 929 51 929 182 929 182 930 51 930 50 930 182 931 50 931 183 931 749 861 825 861 748 861 748 861 825 861 826 861 748 860 826 860 747 860 747 859 826 859 827 859 747 858 827 858 745 858 745 857 827 857 828 857 745 856 828 856 725 856 725 855 828 855 829 855 725 854 829 854 726 854 726 853 829 853 830 853 726 852 830 852 727 852 727 852 830 852 831 852 727 869 831 869 728 869 728 869 831 869 832 869 728 868 832 868 735 868 735 868 832 868 833 868 735 867 833 867 736 867 736 866 833 866 834 866 736 865 834 865 737 865 737 864 834 864 835 864 737 863 835 863 738 863 738 863 835 863 836 863 738 862 836 862 749 862 749 862 836 862 825 862 828 932 837 932 829 932 829 11 837 11 838 11 829 11 838 11 830 11 830 11 838 11 839 11 830 11 839 11 831 11 831 933 839 933 840 933 831 11 840 11 832 11 832 934 840 934 841 934 832 11 841 11 833 11 833 11 841 11 842 11 833 11 842 11 834 11 842 11 843 11 834 11 834 11 843 11 844 11 834 935 844 935 835 935 835 936 844 936 845 936 835 11 845 11 836 11 836 11 845 11 846 11 836 11 846 11 825 11 825 937 846 937 847 937 825 11 847 11 826 11 826 938 847 938 848 938 826 939 848 939 827 939 827 940 848 940 849 940 827 11 849 11 828 11 828 11 849 11 850 11 828 11 850 11 837 11 847 889 24 889 848 889 848 890 24 890 22 890 848 941 22 941 849 941 849 942 22 942 21 942 849 943 21 943 850 943 850 944 21 944 26 944 850 670 26 670 837 670 837 670 26 670 28 670 837 945 28 945 838 945 838 946 28 946 30 946 838 947 30 947 839 947 839 948 30 948 33 948 839 879 33 879 840 879 840 880 33 880 41 880 840 901 41 901 841 901 841 902 41 902 40 902 841 949 40 949 842 949 842 950 40 950 20 950 842 951 20 951 843 951 843 952 20 952 19 952 843 723 19 723 844 723 844 723 19 723 18 723 844 953 18 953 845 953 845 954 18 954 17 954 845 955 17 955 846 955 846 956 17 956 25 956 846 891 25 891 847 891 847 892 25 892 24 892 741 861 851 861 742 861 742 861 851 861 852 861 742 859 852 859 733 859 733 859 852 859 853 859 733 857 853 857 734 857 734 904 853 904 854 904 734 903 854 903 729 903 729 856 854 856 855 856 729 854 855 854 730 854 730 854 855 854 856 854 730 852 856 852 731 852 731 852 856 852 857 852 731 869 857 869 743 869 743 869 857 869 858 869 743 908 858 908 744 908 744 868 858 868 859 868 744 907 859 907 746 907 746 867 859 867 860 867 746 864 860 864 739 864 739 906 860 906 861 906 739 863 861 863 740 863 740 905 861 905 862 905 740 862 862 862 741 862 741 862 862 862 851 862 854 932 863 932 855 932 855 11 863 11 864 11 855 11 864 11 856 11 856 11 864 11 865 11 856 11 865 11 857 11 857 933 865 933 866 933 857 11 866 11 858 11 858 934 866 934 867 934 858 11 867 11 859 11 859 11 867 11 868 11 859 11 868 11 860 11 868 11 869 11 860 11 860 11 869 11 870 11 860 935 870 935 861 935 861 957 870 957 871 957 861 11 871 11 862 11 862 11 871 11 872 11 862 11 872 11 851 11 851 937 872 937 873 937 851 11 873 11 852 11 852 938 873 938 874 938 852 939 874 939 853 939 853 940 874 940 875 940 853 11 875 11 854 11 854 11 875 11 876 11 854 11 876 11 863 11 873 889 43 889 874 889 874 890 43 890 42 890 874 958 42 958 875 958 875 959 42 959 39 959 875 960 39 960 876 960 876 961 39 961 38 961 876 670 38 670 863 670 863 670 38 670 37 670 863 962 37 962 864 962 864 963 37 963 36 963 864 964 36 964 865 964 865 965 36 965 32 965 865 879 32 879 866 879 866 880 32 880 31 880 866 901 31 901 867 901 867 902 31 902 35 902 867 966 35 966 868 966 868 967 35 967 34 967 868 968 34 968 869 968 869 969 34 969 29 969 869 723 29 723 870 723 870 723 29 723 27 723 870 970 27 970 871 970 871 971 27 971 45 971 871 972 45 972 872 972 872 973 45 973 44 973 872 891 44 891 873 891 873 892 44 892 43 892 877 974 1 974 145 974 145 975 1 975 0 975 145 976 0 976 147 976 11 977 878 977 12 977 12 978 878 978 217 978 12 979 217 979 204 979 13 980 23 980 8 980 8 981 23 981 879 981 8 982 879 982 9 982 9 982 879 982 880 982 9 983 880 983 11 983 11 984 880 984 878 984 16 985 6 985 881 985 881 986 6 986 7 986 881 987 7 987 882 987 882 987 7 987 3 987 882 988 3 988 877 988 877 989 3 989 1 989 51 990 824 990 56 990 56 991 824 991 883 991 56 992 883 992 57 992 57 992 883 992 884 992 57 993 884 993 58 993 58 994 884 994 70 994 823 995 46 995 885 995 885 996 46 996 52 996 885 997 52 997 886 997 886 997 52 997 53 997 886 998 53 998 64 998 64 999 53 999 54 999 683 1000 709 1000 682 1000 682 1001 709 1001 707 1001 682 1002 707 1002 681 1002 681 1003 707 1003 702 1003 681 1004 702 1004 680 1004 680 1005 702 1005 698 1005 684 1006 712 1006 683 1006 683 1007 712 1007 709 1007 687 1008 691 1008 686 1008 686 1009 691 1009 704 1009 686 1010 704 1010 685 1010 685 1011 704 1011 710 1011 685 1012 710 1012 684 1012 684 1013 710 1013 712 1013 598 1014 597 1014 628 1014 628 1015 597 1015 603 1015 653 1016 657 1016 652 1016 652 1017 657 1017 668 1017 652 1018 668 1018 651 1018 651 1019 668 1019 667 1019 651 1020 667 1020 650 1020 650 1021 667 1021 672 1021 675 1022 649 1022 672 1022 672 1023 649 1023 650 1023 649 1024 675 1024 648 1024 648 1025 675 1025 678 1025 648 1026 678 1026 647 1026 647 1027 678 1027 679 1027 647 1028 679 1028 646 1028 646 1029 679 1029 664 1029 732 1030 754 1030 715 1030 715 1031 754 1031 716 1031 12 1032 204 1032 203 1032 12 1033 203 1033 10 1033 10 1034 203 1034 208 1034 10 1035 208 1035 14 1035 14 1036 208 1036 210 1036 14 1037 210 1037 15 1037 15 1038 210 1038 212 1038 15 1039 212 1039 4 1039 4 1040 212 1040 214 1040 4 1041 214 1041 5 1041 5 1042 214 1042 215 1042 5 1043 215 1043 2 1043 2 1044 215 1044 147 1044 2 1045 147 1045 0 1045 216 1046 217 1046 761 1046 761 1047 760 1047 216 1047 216 1048 760 1048 751 1048 216 1049 751 1049 198 1049 198 1050 751 1050 750 1050 198 1051 750 1051 199 1051 878 1052 762 1052 217 1052 217 1053 762 1053 761 1053 23 1054 769 1054 879 1054 879 1055 769 1055 770 1055 879 1056 770 1056 880 1056 880 1057 770 1057 763 1057 880 1058 763 1058 878 1058 878 1059 763 1059 762 1059 16 1060 768 1060 23 1060 23 1061 768 1061 769 1061 877 1062 765 1062 882 1062 882 1063 765 1063 766 1063 882 1064 766 1064 881 1064 881 1065 766 1065 767 1065 881 1066 767 1066 16 1066 16 1067 767 1067 768 1067 145 1068 764 1068 877 1068 877 1069 764 1069 765 1069 719 1070 718 1070 759 1070 149 1071 719 1071 144 1071 144 1072 719 1072 759 1072 144 1073 759 1073 145 1073 145 1074 759 1074 764 1074 654 1075 192 1075 225 1075 661 1076 660 1076 670 1076 223 1077 224 1077 661 1077 661 1078 670 1078 223 1078 223 1079 670 1079 671 1079 223 1080 671 1080 222 1080 222 1081 671 1081 677 1081 222 1082 677 1082 220 1082 220 1083 677 1083 676 1083 220 1084 676 1084 218 1084 218 1085 676 1085 674 1085 218 1086 674 1086 231 1086 231 1087 674 1087 673 1087 231 1088 673 1088 229 1088 229 1089 673 1089 669 1089 229 1090 669 1090 227 1090 227 1091 669 1091 666 1091 227 1092 666 1092 225 1092 225 1093 666 1093 655 1093 225 1094 655 1094 654 1094 688 1095 154 1095 237 1095 695 1096 694 1096 701 1096 252 1097 253 1097 695 1097 695 1098 701 1098 252 1098 252 1099 701 1099 700 1099 252 1100 700 1100 251 1100 251 1101 700 1101 706 1101 251 1102 706 1102 249 1102 249 1103 706 1103 708 1103 249 1104 708 1104 247 1104 247 1105 708 1105 714 1105 247 1106 714 1106 887 1106 887 1107 714 1107 713 1107 887 1108 713 1108 243 1108 243 1109 713 1109 711 1109 243 1110 711 1110 241 1110 241 1111 711 1111 703 1111 241 1112 703 1112 239 1112 239 1113 703 1113 705 1113 239 1114 705 1114 237 1114 237 1115 705 1115 689 1115 237 1116 689 1116 688 1116 635 1117 168 1117 636 1117 636 1118 168 1118 169 1118 635 1119 626 1119 168 1119 168 1120 626 1120 625 1120 168 1121 625 1121 165 1121 823 1122 637 1122 169 1122 169 1123 637 1123 636 1123 64 1124 645 1124 886 1124 886 1125 645 1125 644 1125 886 1126 644 1126 885 1126 885 1127 644 1127 643 1127 885 1128 643 1128 823 1128 823 1129 643 1129 637 1129 70 1130 642 1130 64 1130 64 1131 642 1131 645 1131 824 1132 639 1132 883 1132 883 1133 639 1133 640 1133 883 1134 640 1134 884 1134 884 1135 640 1135 641 1135 884 1136 641 1136 70 1136 70 1137 641 1137 642 1137 182 1138 638 1138 824 1138 824 1139 638 1139 639 1139 236 1140 591 1140 235 1140 235 1141 591 1141 590 1141 235 1142 590 1142 181 1142 181 1143 590 1143 634 1143 181 1144 634 1144 182 1144 182 1145 634 1145 638 1145 330 1146 888 1146 889 1146 889 1147 888 1147 233 1147 888 1148 325 1148 233 1148 233 1149 325 1149 327 1149 233 1150 327 1150 219 1150 219 1151 327 1151 328 1151 219 1152 328 1152 221 1152 221 1153 328 1153 336 1153 221 1154 336 1154 194 1154 194 1155 336 1155 338 1155 194 1156 338 1156 196 1156 196 1157 338 1157 341 1157 196 1158 341 1158 202 1158 202 1159 341 1159 343 1159 202 1160 343 1160 205 1160 205 1161 343 1161 258 1161 205 1162 258 1162 206 1162 206 1163 258 1163 257 1163 206 1164 257 1164 207 1164 207 1165 257 1165 298 1165 207 1166 298 1166 209 1166 209 1167 298 1167 297 1167 209 1168 297 1168 211 1168 211 1169 297 1169 296 1169 211 1170 296 1170 213 1170 213 1171 296 1171 269 1171 213 1172 269 1172 148 1172 148 1173 269 1173 267 1173 148 1174 267 1174 146 1174 146 1175 267 1175 255 1175 146 1176 255 1176 152 1176 152 1177 255 1177 254 1177 152 1178 254 1178 156 1178 156 1179 254 1179 264 1179 156 1180 264 1180 238 1180 238 1181 264 1181 263 1181 238 1182 263 1182 240 1182 240 1183 263 1183 262 1183 240 1184 262 1184 242 1184 242 1185 262 1185 261 1185 242 1186 261 1186 244 1186 244 1187 261 1187 295 1187 244 1188 295 1188 246 1188 246 1189 295 1189 294 1189 246 1190 294 1190 248 1190 248 1191 294 1191 292 1191 248 1192 292 1192 250 1192 250 1193 292 1193 290 1193 250 1194 290 1194 159 1194 159 1195 290 1195 288 1195 159 1196 288 1196 161 1196 161 1197 288 1197 286 1197 161 1198 286 1198 164 1198 164 1199 286 1199 284 1199 164 1200 284 1200 170 1200 170 1201 284 1201 282 1201 170 1202 282 1202 171 1202 171 1203 282 1203 303 1203 171 1204 303 1204 173 1204 173 1205 303 1205 302 1205 173 1206 302 1206 175 1206 175 1207 302 1207 300 1207 175 1208 300 1208 177 1208 177 1209 300 1209 299 1209 177 1210 299 1210 179 1210 179 1211 299 1211 313 1211 179 1212 313 1212 234 1212 234 1213 313 1213 315 1213 234 1214 315 1214 187 1214 187 1215 315 1215 317 1215 187 1216 317 1216 184 1216 184 1217 317 1217 321 1217 184 1218 321 1218 191 1218 191 1219 321 1219 323 1219 191 1220 323 1220 226 1220 226 1221 323 1221 331 1221 226 1222 331 1222 228 1222 228 1223 331 1223 330 1223 228 1224 330 1224 230 1224 230 1225 330 1225 889 1225 47 1226 167 1226 166 1226 47 1227 166 1227 48 1227 48 1228 166 1228 172 1228 48 1229 172 1229 55 1229 55 1230 172 1230 174 1230 55 1231 174 1231 59 1231 59 1232 174 1232 176 1232 59 1233 176 1233 60 1233 60 1234 176 1234 178 1234 60 1235 178 1235 61 1235 61 1236 178 1236 180 1236 61 1237 180 1237 49 1237 49 1238 180 1238 183 1238 49 1239 183 1239 50 1239</p>
        </triangles>
      </mesh>
    </geometry>
  </library_geometries>
  <library_visual_scenes>
    <visual_scene id="Scene" name="Scene">
      <node id="link_base" name="link_base" type="NODE">
        <matrix sid="transform">1 0 0 0 0 1 0 0 0 0 1 0 0 0 0 1</matrix>
        <instance_geometry url="#link_base_001-mesh" name="link_base">
          <bind_material>
            <technique_common>
              <instance_material symbol="m_1-material" target="#m_1-material"/>
            </technique_common>
          </bind_material>
        </instance_geometry>
      </node>
    </visual_scene>
  </library_visual_scenes>
  <scene>
    <instance_visual_scene url="#Scene"/>
  </scene>
</COLLADA>