<?xml version="1.0" encoding="utf-8"?>
<COLLADA xmlns="http://www.collada.org/2005/11/COLLADASchema" version="1.4.1" xmlns:xsi="http://www.w3.org/2001/XMLSchema-instance">
  <asset>
    <contributor>
      <author>Blender User</author>
      <authoring_tool>Blender 4.0.2 commit date:2023-12-05, commit time:07:41, hash:9be62e85b727</authoring_tool>
    </contributor>
    <created>2025-10-29T18:22:22</created>
    <modified>2025-10-29T18:22:22</modified>
    <unit name="meter" meter="1"/>
    <up_axis>Z_UP</up_axis>
  </asset>
  <library_effects>
    <effect id="m_3-effect">
      <profile_COMMON>
        <technique sid="common">
          <lambert>
            <emission>
              <color sid="emission">0 0 0 1</color>
            </emission>
            <diffuse>
              <color sid="diffuse">0.8 0.8 0.8 1</color>
            </diffuse>
            <index_of_refraction>
              <float sid="ior">1.45</float>
            </index_of_refraction>
          </lambert>
        </technique>
      </profile_COMMON>
    </effect>
  </library_effects>
  <library_images/>
  <library_materials>
    <material id="m_3-material" name="m_3">
      <instance_effect url="#m_3-effect"/>
    </material>
  </library_materials>
  <library_geometries>
    <geometry id="link_1_tip-mesh" name="link_1_tip">
      <mesh>
        <source id="link_1_tip-mesh-positions">
          <float_array id="link_1_tip-mesh-positions-array" count="2862">0.01685202 -0.003998458 -0.002193808 0.01678878 -0.004110753 -0.002691805 0.01714956 -0.003403127 -0.002397656 2.63213e-4 -0.009797334 0.005502879 0 -0.009799957 0.005549967 0 -0.009799957 -0.005549967 0.005305826 -0.009453117 0.004604399 0.003103196 -0.00967431 -0.005430519 0.004196941 -0.009578824 -0.005357742 0.006158053 -0.009336054 0.004454493 0.003513097 -0.009641766 0.004922866 0.003102779 -0.00967437 0.004996001 0.002011835 -0.009742498 -0.005491495 0.001947343 -0.009745657 0.005202114 0.00103861 -0.009781122 0.005364358 0.006157338 -0.009336113 -0.005207598 0.006378471 -0.009302794 -0.005189001 0.006667375 -0.009257316 0.004356801 0.008453488 -0.008927166 -0.004988431 0.007711887 -0.009074687 0.004120767 0.0103085 -0.008476138 0.002539396 0.009487628 -0.008693099 0.00318402 0.008719444 -0.008870482 -0.004957258 0.008718073 -0.00887078 0.003796696 0.008646965 -0.008886277 0.003854334 0.01241612 -0.007734656 -0.004369437 0.01241534 -0.007734954 9.25915e-4 0.01239472 -0.007743895 -0.004373013 0.01187825 -0.007954478 0.001331806 0.01147872 -0.008102953 -0.004528284 0.01063495 -0.008380353 -0.004672229 0.009419023 -0.008709907 -0.004865944 0.01043301 -0.008440315 -0.004706442 0.01063406 -0.008380651 0.002286195 0.01110595 -0.008231163 0.001921832 0.0137341 -0.00707674 -0.004144132 0.01403743 -0.006895005 -0.004086315 0.01435369 -0.006690084 -4.95088e-4 0.01481318 -0.006359457 -0.003924965 0.01482468 -0.006350517 -8.26141e-4 0.01482498 -0.006350398 -0.003922402 0.01485246 -0.006328999 -8.45445e-4 0.01402765 -0.006901085 -2.62219e-4 0.01373231 -0.007077753 -4.88451e-5 0.01321142 -0.007360756 -0.00423634 0.01333945 -0.007294297 2.38168e-4 0.01262271 -0.007643461 7.70203e-4 0.01532584 -0.005932331 -0.001170635 0.01540917 -0.005855917 -0.003792643 0.01570832 -0.005561292 -0.001427829 0.01570713 -0.005562543 -0.003554403 0.01590573 -0.005347013 -0.003397643 0.01647311 -0.004615664 -0.002946555 0.01652169 -0.004543364 -0.001969814 0.01647371 -0.00461483 -0.001937448 0.01637309 -0.004759132 -0.003026723 0.01618182 -0.005014896 -0.001741826 0.01577109 -0.005495071 -0.001469492 0.01147872 0.008102953 -0.004528284 0.01063495 0.008380353 -0.004672229 0.01187825 0.007954478 0.001331806 0.008718073 0.00887078 0.003796696 0.008719444 0.008870482 -0.004957258 0.008646905 0.008886277 0.003854393 0.008453547 0.008927166 -0.004988431 0.008335649 0.008951663 0.003949642 0.007392883 0.009133517 0.004198849 0.006502866 0.009283483 0.004389405 0.006378471 0.009302794 -0.005189001 0.006157755 0.009336113 0.004454553 0.003103196 0.00967437 -0.005430519 0.004866361 0.009506523 0.004682123 0.004196941 0.009578824 -0.005357742 0.006157338 0.009336113 -0.005207598 0 0.009799957 0.005549609 0.001038491 0.009781122 0.005364358 0 0.009799957 -0.005549967 0.001739382 0.009755373 0.005239248 0.002011835 0.009742498 -0.005491495 0.003102838 0.00967437 0.004996001 0.00322777 0.009664893 0.004973709 0.009487628 0.008693099 0.00318402 0.0103085 0.008476138 0.002539396 0.009419023 0.008709907 -0.004865944 0.01043301 0.008440315 -0.004706442 0.01110601 0.008231163 0.001921832 0.01063406 0.008380651 0.002286195 0.01241534 0.007734954 9.25915e-4 0.01241612 0.007734656 -0.004369437 0.01239472 0.007743895 -0.004373013 0.01333945 0.007294297 2.38162e-4 0.01373231 0.007077813 -4.88451e-5 0.0137341 0.00707674 -0.004144132 0.01262271 0.007643461 7.70197e-4 0.01321148 0.007360756 -0.00423634 0.01482468 0.006350517 -8.26141e-4 0.01482498 0.006350398 -0.003922402 0.01435369 0.006690084 -4.95088e-4 0.01481318 0.006359457 -0.003924965 0.01402765 0.006901085 -2.62224e-4 0.01403748 0.006895005 -0.004086315 0.01485246 0.006328999 -8.45445e-4 0.01532584 0.005932331 -0.001170635 0.01540917 0.005855917 -0.003792643 0.01570832 0.005561292 -0.001427829 0.01620125 0.004989922 -0.003163754 0.01581454 0.005448222 -0.003469467 0.01570791 0.005561709 -0.003553748 0.01577109 0.005495071 -0.001469492 0.01618182 0.005014896 -0.001741826 0.01647341 0.004615187 -0.002946317 0.01647371 0.00461483 -0.001937448 0.01655238 0.004496753 -0.002882838 0.01652169 0.004543364 -0.001969814 0.01686847 0.003968477 -0.002627134 0.01685202 0.003998458 -0.002193808 0.01714956 0.003403127 -0.002397656 0 0.00730127 0.008049964 0 -0.007299959 0.008049964 0.001104474 0.007275938 0.008018851 0.001104474 -0.007275938 0.008018851 0.002165675 0.007219791 0.007945656 0.002165675 -0.007219791 0.007945656 0.0022825 0.007211565 0.007935643 0.002282559 -0.007211565 0.007935643 0.003453969 0.007106721 0.007817447 0.003454029 -0.007106721 0.007817447 0.004612743 0.006962954 0.00767076 0.004612803 -0.006962954 0.00767076 0.005753517 -0.00678277 0.007499992 0.005753397 0.00678277 0.007499992 0.006061136 -0.006727933 0.007448852 0.006061136 0.006727874 0.007448852 0.002305388 0.007717967 0.007881999 0.006443202 0.008081912 0.006969928 0.006529092 0.008233368 0.006838619 0.005877137 0.008336901 0.006958067 0.005706012 0.009397387 0.005013644 0 0.007716894 0.008015394 0.001116573 0.007779955 0.007966935 0.00112307 0.008293271 0.007801592 0 0.008118391 0.007912337 0 0.007803499 0.007999181 0 0.008846104 0.007514894 0 0.00879997 0.007550477 0.001122593 0.008777439 0.007517099 0 0.008500099 0.007743418 0 0.008316159 0.007834196 0 0.009151041 0.00723046 0.001114428 0.009192109 0.007125198 0 0.009213924 0.007158696 0 0.009404063 0.006900966 0.001099288 0.009504854 0.006654798 0 0.009525954 0.006688356 0 0.009598255 0.006533861 0.001078605 0.009699463 0.006145238 0 0.009730219 0.006138443 0.001054525 0.009777724 0.005636334 0 0.009793698 0.005729019 0.002210021 0.009729146 0.005540966 0.003382682 0.009649395 0.00540018 0.004553854 0.00953859 0.005222201 0.006808757 0.009231209 0.004776418 0.007838189 0.009047567 0.004505753 0.008106172 0.008998155 0.004288971 0.008147478 0.00898993 0.004255652 0.006993293 0.008760094 0.00609827 0.007352292 0.008955597 0.005512118 0.006966114 0.008919179 0.0058375 0.007582724 0.009014308 0.005135357 0.005835652 0.009097397 0.006064236 0.005869805 0.008768498 0.00655055 0.006808757 0.008597016 0.006396532 0.006624877 0.008377254 0.00668919 0.006143152 0.007237851 0.007383108 0.00620377 0.007475614 0.00731033 0.005857467 0.007835328 0.00725758 0.006273627 0.007692337 0.007217049 0.006299674 0.00776267 0.007180571 0.006356239 0.007900595 0.00709927 0.005814194 0.00730437 0.007436513 0.006897211 0.009134769 0.005306661 0.005778849 0.009306728 0.005538702 0.007698655 0.009027302 0.004946351 0.002250313 0.009648978 0.00605154 0.002284348 0.009452223 0.006562709 0.002308547 0.009137213 0.007034838 0.002320289 0.008720219 0.007428526 0.002318859 0.008233666 0.007714867 0.003434836 0.009566545 0.00591433 0.003477632 0.009366571 0.006429016 0.003506302 0.009047985 0.006904542 0.003517806 0.008627176 0.007301628 0.003511309 0.008136749 0.007591247 0.003488779 0.007617056 0.007761359 0.004616081 0.009452223 0.005741298 0.004665613 0.009248077 0.006260991 0.004696846 0.008924722 0.006741404 0.004706203 0.008499026 0.007143259 0.00469309 0.008003413 0.007437348 0.004660308 0.007478535 0.007611393 0.007751345 -0.009029865 0.004860699 0.007581472 -0.00901407 0.005137383 0.006897389 -0.009134531 0.005307495 0.006860673 -0.008648037 0.006312966 0.006827116 -0.008615553 0.006366968 0.005869865 -0.008768081 0.006550967 0.006353616 -0.007894575 0.007103085 0.006283164 -0.007718682 0.007203757 0.005857527 -0.00783503 0.007257699 0.006207406 -0.00748831 0.007305622 0.006152093 -0.007277131 0.007373094 0.005814254 -0.007304191 0.007436573 0.006074011 -0.006839931 0.007444262 0 -0.007480323 0.008043646 0 -0.007889747 0.007979869 0.001116573 -0.007779777 0.007966935 0 -0.008652091 0.007653355 0 -0.008799672 0.007550716 0.001122593 -0.008777081 0.007517397 0 -0.008981466 0.007400155 0 -0.009213507 0.007159113 0.001114487 -0.009191691 0.007125616 0 -0.00926572 0.007095098 0 -0.009494066 0.006748914 0.001099288 -0.009504497 0.006655395 0 -0.009662747 0.006367146 0 -0.009719729 0.006179749 0.001078605 -0.009699225 0.006146013 0 -0.009765625 0.00596559 0.001054584 -0.009777724 0.005637168 0.00610578 -0.007049798 0.007420957 0.006675124 -0.008444011 0.006609737 0.006528258 -0.008231937 0.006839871 0.005877256 -0.008336484 0.006958305 0.006507396 -0.008197307 0.006871998 0.006469428 -0.008130729 0.006930112 0.007460713 -0.008988916 0.005334794 0.007183134 -0.008881032 0.005788862 0.006966292 -0.008918821 0.005838155 0.006920874 -0.00870198 0.006215751 0.005835831 -0.009097039 0.006064891 0.008106172 -0.008998155 0.004288971 0.007838487 -0.009047448 0.004506647 0.006809055 -0.00923115 0.004777312 0.005706191 -0.009397327 0.005014538 0.004554033 -0.009538531 0.005223095 0.003382802 -0.009649336 0.005401074 0.00221014 -0.009729087 0.005541861 0.002305448 -0.007717847 0.007882058 0.004660367 -0.007478356 0.007611393 0.003488838 -0.007616937 0.007761359 0 -0.008285045 0.007847726 0.00112313 -0.008292973 0.007801711 0.002318859 -0.008233428 0.007714986 0.003511369 -0.008136451 0.007591366 0.00469315 -0.008003115 0.007437467 0.002320289 -0.008719861 0.007428765 0.003517866 -0.008626818 0.007301867 0.004706263 -0.008498609 0.007143497 0.002308547 -0.009136795 0.007035255 0.003506422 -0.009047567 0.006904959 0.004696965 -0.008924365 0.006741881 0.002284407 -0.009451925 0.006563365 0.003477692 -0.009366273 0.006429612 0.004665732 -0.00924772 0.006261587 0.002250432 -0.009648799 0.006052315 0.003434956 -0.009566366 0.005915105 0.0046162 -0.009451985 0.005742073 0.005779027 -0.00930643 0.005539476 0.008057355 -0.009007215 0.004366993 0.004217624 0.009534299 -0.005818724 0.0114389 0.005313575 -0.007180869 0.01099574 0.005502879 -0.007252871 0.01114857 0.005962789 -0.007183909 0.009019613 0.006116271 -0.007547199 0.008138597 0.006326973 -0.007635056 0.008232176 0.006795704 -0.00758326 0.004824876 0.006950199 -0.007857024 0.004082083 0.007047116 -0.00789833 0.004125654 0.00750643 -0.007853686 0.002040445 0.009564936 -0.006414055 0 0.009765625 -0.00596559 0.002028226 0.009699761 -0.005947589 0.002046942 0.009331881 -0.006862998 0 0.009494066 -0.006748914 0 0.009662747 -0.006367146 0.002046883 0.009006083 -0.007263958 0 0.00926572 -0.007095098 0 0.009392857 -0.006918251 0.002008974 0.00769031 -0.007957935 0 0.008285105 -0.007847726 0.002026915 0.008156597 -0.00782299 0 0.008652091 -0.007653355 0.002040028 0.00860536 -0.007589817 0 0.008981466 -0.007400155 0 0.009067714 -0.007317721 0 0.007301867 -0.008049964 0 0.007480323 -0.008043646 0 0.007889747 -0.007979869 0.01260781 0.005281925 -0.006946802 0.01323366 0.00505197 -0.006805598 0.01316136 0.004853188 -0.006856322 0.01239585 0.004841148 -0.007026731 0.01308816 0.004611909 -0.006892263 0.0130617 0.004508376 -0.006899893 0.0133208 0.005254924 -0.006730556 0.01280838 0.005731642 -0.006772577 0.01334071 0.005296707 -0.00671184 0.01298445 0.006165981 -0.006500661 0.01354801 0.005655527 -0.006489753 0.01343852 0.005481779 -0.00661236 0.01312381 0.006558537 -0.006138324 0.013794 0.005947172 -0.00618422 0.01365888 0.005802035 -0.006356298 0.01429241 0.006239712 -0.005488455 0.0141735 0.006199717 -0.005661368 0.01405489 0.006407678 -0.005528211 0.01399379 0.006105124 -0.005915462 0.01395422 0.006092071 -0.005958318 0.01382321 0.005974173 -0.006145894 0.01451873 0.006269276 -0.005153 0.01410025 0.006649732 -0.005055069 0.01464986 0.006260573 -0.004955112 0.0140922 0.006811559 -0.004566073 0.0149073 0.006190717 -0.004561603 0.01486867 0.006266236 -0.004394531 0.01516151 0.006053626 -0.004172444 0.001987755 0.007234454 -0.008000671 0.001346349 0.007267177 -0.008024334 0.006146609 0.006738424 -0.007778406 0.006215035 0.007202625 -0.007731199 0.009210348 0.006564199 -0.00748068 0.009103298 0.006095528 -0.007537305 0.01009219 0.005823671 -0.007399022 0.01021784 0.006289124 -0.007335484 0.01191329 0.005627691 -0.007060885 0.01173049 0.005175173 -0.007134139 0.00627911 0.007677376 -0.007589578 0.008319675 0.007274866 -0.007435917 0.006334185 0.008134484 -0.007347702 0.008394658 0.007736384 -0.007187366 0.006375908 0.008543133 -0.007011353 0.008451402 0.008149564 -0.006843566 0.00640124 0.008876204 -0.006598711 0.008485615 0.008487343 -0.006422996 0.006409168 0.009115755 -0.006137192 0.008496105 0.008731544 -0.005953252 0.006400644 0.009256005 -0.005657792 0.008484184 0.008876323 -0.005465507 0.01033157 0.006764531 -0.007177472 0.01128953 0.006432354 -0.007020592 0.01042485 0.00722295 -0.006920278 0.01140844 0.006885468 -0.00675857 0.01049017 0.007635176 -0.006570518 0.0114963 0.007293522 -0.006404697 0.01052278 0.007975041 -0.006146371 0.01154696 0.007631242 -0.005977094 0.01052176 0.008224964 -0.0056746 0.01155865 0.007881283 -0.005502283 0.01048994 0.008378505 -0.005185365 0.01153391 0.008037149 -0.005010187 0.01208513 0.006089627 -0.006892919 0.01223427 0.00653553 -0.006626069 0.01234996 0.006937623 -0.006267488 0.01242446 0.00727123 -0.005835235 0.01245486 0.007519483 -0.005356013 0.01244294 0.007675766 -0.004859447 0.004165172 0.007976233 -0.007716 0.004197478 0.008428454 -0.007479369 0.004219949 0.008832454 -0.007149398 0.004230737 0.009161353 -0.006743907 0.004229605 0.009397149 -0.006290137 0.009308516 0.007043242 -0.007328629 0.009390413 0.00750482 -0.007076025 0.009449481 0.007918834 -0.006729006 0.00948143 0.008258402 -0.006305992 0.009485125 0.008505702 -0.005834341 0.009462773 0.008654475 -0.005344927 0.01321744 0.006885766 -0.005703508 0.01326143 0.007131278 -0.005222499 0.01325738 0.007288575 -0.004724442 0.0114389 -0.005313575 -0.007180869 0.01173049 -0.005175173 -0.007134139 0.01191329 -0.005627691 -0.007060885 0.009019315 -0.00611633 -0.007547199 0.009103298 -0.006095528 -0.007537305 0.009210348 -0.006564199 -0.00748068 0.01244294 -0.007675766 -0.004859447 0.01048994 -0.008378505 -0.005185365 0.008484184 -0.008876323 -0.005465507 0.002028226 -0.009699761 -0.005947589 0.01453381 -0.006269216 -0.00513035 0.01472586 -0.006247162 -0.00483936 0.01410025 -0.006649732 -0.005055069 0.002008974 -0.00769031 -0.007957935 0.002026915 -0.008156597 -0.00782299 0 -0.007715523 -0.008015632 0 -0.008117139 -0.007912755 0 -0.008498907 -0.007744073 0.002040028 -0.00860536 -0.007589817 0 -0.008668243 -0.007642865 0 -0.00884509 -0.007515728 0.002046883 -0.009006083 -0.007263958 0 -0.009067714 -0.007317721 0 -0.009150147 -0.007231473 0.002046942 -0.009331881 -0.006862998 0 -0.009403347 -0.006902098 0.002040445 -0.009564936 -0.006414055 0 -0.009597718 -0.006535112 0 -0.009729862 -0.006139755 0 -0.009793639 -0.00573033 0.01486867 -0.006266236 -0.004394531 0.01508474 -0.006101906 -0.004290878 0.0140922 -0.006811559 -0.004566073 0.01432991 -0.006248712 -0.00543344 0.01405489 -0.006407678 -0.005528211 0.01411408 -0.006173074 -0.005746424 0.01395422 -0.006092071 -0.005958318 0.01388663 -0.006028056 -0.006061494 0.01298445 -0.006165981 -0.00650072 0.01360505 -0.005734264 -0.006422102 0.01312381 -0.006558537 -0.006138324 0.01374572 -0.00589919 -0.006246745 0.01260781 -0.005281925 -0.006946802 0.01320523 -0.004977643 -0.006826996 0.01328063 -0.005165755 -0.006766736 0.01280838 -0.005731642 -0.006772577 0.0133537 -0.005323112 -0.006699264 0.01343363 -0.005473256 -0.006617605 0.01351761 -0.005610406 -0.006524801 0.01315563 -0.004835903 -0.006859779 0.01239585 -0.004841148 -0.007026731 0.0130617 -0.004508376 -0.006899893 0.004217624 -0.009534299 -0.005818724 0.006400644 -0.009256005 -0.005657792 0.009462773 -0.008654475 -0.005344927 0.01153391 -0.008037149 -0.005010187 0.01325738 -0.007288575 -0.004724442 0.01321744 -0.006885766 -0.005703508 0.01326143 -0.007131278 -0.005222499 0.004229605 -0.009397149 -0.006290137 0.004230737 -0.009161293 -0.006743907 0.004219949 -0.008832454 -0.007149398 0.004197478 -0.008428394 -0.007479369 0.004165172 -0.007976233 -0.007716 0.004125654 -0.00750643 -0.007853686 0 -0.007299959 -0.008049964 0.001987755 -0.007234454 -0.008000671 0.004082083 -0.007047116 -0.00789833 0.004824876 -0.006950199 -0.007857024 0.006409168 -0.009115755 -0.006137192 0.00640124 -0.008876204 -0.006598711 0.006375908 -0.008543133 -0.007011353 0.006334185 -0.008134484 -0.007347702 0.00627911 -0.007677376 -0.007589578 0.006215035 -0.007202625 -0.007731199 0.006146609 -0.006738364 -0.007778406 0.008496105 -0.008731544 -0.005953252 0.008485615 -0.008487343 -0.006422996 0.008451402 -0.008149564 -0.006843566 0.008394658 -0.007736384 -0.007187366 0.008319675 -0.007274866 -0.007435917 0.008232176 -0.006795704 -0.00758326 0.008138597 -0.006326973 -0.007635056 0.009485125 -0.008505702 -0.005834341 0.00948143 -0.008258402 -0.006305992 0.009449481 -0.007918834 -0.006729006 0.009390413 -0.00750482 -0.007076025 0.009308516 -0.007043242 -0.007328629 0.01052176 -0.008224964 -0.0056746 0.01052278 -0.007975041 -0.006146371 0.01049017 -0.007635176 -0.006570518 0.01042485 -0.00722295 -0.006920278 0.01033157 -0.006764531 -0.007177472 0.01021784 -0.006289124 -0.007335484 0.01009219 -0.005823671 -0.007399022 0.01155865 -0.007881283 -0.005502283 0.01154696 -0.007631242 -0.005977094 0.0114963 -0.007293522 -0.006404697 0.01140844 -0.006885468 -0.00675857 0.01128953 -0.006432354 -0.007020592 0.01114857 -0.005962789 -0.007183969 0.01099574 -0.005502879 -0.007252871 0.0124548 -0.007519483 -0.005356013 0.01242446 -0.00727123 -0.005835235 0.01234996 -0.006937623 -0.006267488 0.01223427 -0.00653553 -0.006626069 0.01208513 -0.006089627 -0.006892919 0 0.00575 0.005999982 0 0.006925523 0.005617976 0 0.007368028 -0.00517553 0 -0.007368028 0.00517553 0 0.006367981 0.005902111 0 -0.00574994 -0.005999982 0 0.006925523 -0.005617976 0 0.007368028 0.00517553 0 -0.00574994 0.005999982 0 -0.006367981 0.005902111 0 -0.006925523 0.005617976 0 -0.007652103 0.004617989 0 -0.007749974 0.003999948 0 -0.007368028 -0.00517553 0 -0.007749974 -0.003999948 0 -0.007652103 -0.004617989 0 -0.006367981 -0.005902111 0 -0.006925523 -0.005617976 0 0.00575 -0.005999982 0 0.006367981 -0.005902111 0 0.007652103 -0.004617989 0 0.007749974 -0.003999948 0 0.007749974 0.003999948 0 0.007652103 0.004617989 0.01607632 0.004070997 -0.004224419 0.01380664 -0.004507958 -0.006494164 0.01577061 0.004433333 -0.004530131 0.01380664 0.004508316 -0.006494104 0.01544761 0.004758119 -0.004853129 0.01468557 0.00522387 -0.005615174 0.01479303 0.005188107 -0.005507707 0.01621341 -0.003886878 -0.004087388 0.01584243 -0.004353642 -0.004458308 0.016613 0.003248929 -0.003687798 0.01501017 0.005084991 -0.005290567 0.01522934 0.004940927 -0.005071401 0.01414465 0.005198478 -0.006156086 0.01380783 0.00456494 -0.006492912 0.01382017 0.004693984 -0.006480574 0.01684248 0.002787351 -0.003458321 0.01684248 -0.002787351 -0.003458321 0.01654827 -0.003364503 -0.00375247 0.01402509 -0.005115807 -0.006275653 0.01397442 -0.005062699 -0.006326377 0.01384156 0.004796504 -0.006459236 0.0138756 0.004897356 -0.006425142 0.01388436 0.004917562 -0.00641638 0.01393181 0.005004823 -0.006368994 0.01399165 0.005082368 -0.006309092 0.01405793 0.005143523 -0.006242871 0.01428234 0.005246877 -0.0060184 0.01441484 0.005261778 -0.005885899 0.0145061 0.005258202 -0.005794644 0.01544761 -0.004758119 -0.004853129 0.01516211 -0.004989326 -0.005138635 0.01485639 -0.005162119 -0.005444347 0.01416414 0.005207896 -0.006136596 0.01469784 -0.005220353 -0.005602896 0.0145353 -0.005254924 -0.005765438 0.01437026 -0.005259633 -0.005930483 0.01392924 -0.005000889 -0.006371498 0.01389026 -0.004930317 -0.006410479 0.01385897 -0.004853546 -0.006441771 0.01420724 -0.005225419 -0.006093502 0.014113 -0.005181133 -0.006187736 0.01635724 0.003676354 -0.003943502 0.0138188 -0.004684865 -0.006481945 0.01009398 0.007236421 0.004333078 0.006773591 0.006727874 0.007119238 0.01086223 0.007033407 0.003688454 0.01159816 0.006807386 0.00307089 0.009296417 0.007419526 0.005002319 0.008817017 0.007519125 0.005404591 0.008317768 0.007593095 0.005823493 0.008376002 -0.00758785 0.005774617 0.008721053 -0.007537961 0.005485117 0.00677365 -0.006727933 0.007119119 0.009294688 -0.007420122 0.00500375 0.01009392 -0.007236421 0.004333078 0.01086217 -0.007033407 0.003688454 0.007943689 0.007600367 0.006137371 0.007572293 0.007550001 0.006448984 0.00738871 0.007495164 0.006603062 0.007259488 -0.007439613 0.006711483 0.007439792 -0.007512927 0.006560206 0.007499575 -0.007531166 0.006510019 0.007211744 0.007414579 0.006751537 0.00704509 0.00729978 0.006891369 0.006969392 0.007226884 0.006954908 0.006908893 -0.007152438 0.007005691 0.006967186 -0.00722444 0.006956756 0.00677514 -0.006777405 0.007117867 0.007068514 -0.007319092 0.006871759 0.007102847 -0.007345318 0.006842911 0.01159816 -0.006807386 0.00307089 0.01230132 -0.006555497 0.002480864 0.01230132 0.006555497 0.002480864 0.006901264 0.00714153 0.007012069 0.006847977 0.00705111 0.007056772 0.006807267 0.006950139 0.007090926 0.007766485 -0.007584869 0.006286084 0.008059144 -0.007603406 0.006040513 0.006786763 -0.006869077 0.007108151 0.00681281 -0.006966948 0.007086277 0.006850659 -0.007056415 0.007054507 0.01420104 0.00562644 8.86842e-4 0.0136047 0.00596714 0.001387178 0.01297068 0.006275892 0.001919209 0.01447856 0.00544691 6.53979e-4 0.01297068 -0.006275892 0.001919269 0.0136047 -0.00596714 0.001387178 0.01563984 -0.004470348 -3.20456e-4 0.01596438 -0.004090845 -5.92782e-4 0.0152837 0.004819989 -2.16156e-5 0.01420104 -0.00562644 8.86848e-4 0.01447856 -0.00544691 6.53979e-4 0.01489609 0.005144655 3.03622e-4 0.01489609 -0.005144655 3.03622e-4 0.0152837 -0.004819989 -2.16157e-5 0.01650309 -0.003273367 -0.00104475 0.01674598 -0.002787351 -0.001248598 0.01674598 0.002787351 -0.001248598 0.01650309 0.003273367 -0.00104475 0.01623612 0.003713846 -8.20768e-4 0.01623612 -0.003713846 -8.20768e-4 0.01596438 0.004090845 -5.92782e-4 0.01563984 0.004470348 -3.20456e-4 0.008953154 -0.008722603 0.004261255 0.009784579 -0.008524298 0.003587305 0.01709109 -0.003133058 -0.001752495 0.01695096 -0.002965152 -0.001474916 0.01669925 -0.003484666 -0.001267015 0.01715856 -0.003281831 -0.002065837 0.01682704 -0.003683507 -0.001543879 0.01656925 -0.004386425 -0.001631319 0.01687896 -0.003858208 -0.001859009 0.01586741 -0.005312204 -0.001121699 0.0162512 -0.004844367 -0.001399278 0.01500153 -0.006133079 -4.86281e-4 0.0154494 -0.005741119 -8.17214e-4 0.01421397 -0.006703317 1.06016e-4 0.01452624 -0.006492376 -1.30311e-4 0.01355105 -0.007098615 6.1319e-4 0.0128563 -0.007451593 0.001151561 0.01213115 -0.007767677 0.001719295 0.01137596 -0.008050262 0.002315104 0.01010781 -0.007747709 0.004199922 0.0108878 -0.007533907 0.003549277 0.01163721 -0.007294654 0.002924859 0.01235502 -0.007027208 0.002327442 0.01303994 -0.006729841 0.001758038 0.01369065 -0.006400287 0.001217782 0.01430487 -0.00603491 7.0859e-4 0.01459163 -0.005841553 4.71217e-4 0.0150243 -0.00551486 1.13526e-4 0.01542747 -0.005162179 -2.19186e-4 0.01579934 -0.004780471 -5.25509e-4 0.01613867 -0.004366338 -8.04822e-4 0.01642185 -0.003958225 -0.001038134 0.01653528 -0.004187166 -0.001314103 0.01623648 -0.004623234 -0.001079797 0.01587706 -0.005068063 -7.99238e-4 0.01548421 -0.005477488 -4.91518e-4 0.01506048 -0.005853831 -1.57385e-4 0.01460802 -0.00620079 2.01724e-4 0.01430934 -0.006405353 4.3998e-4 0.01367217 -0.006790339 9.50922e-4 0.01300042 -0.007135987 0.001492857 0.01229614 -0.007446765 0.00206387 0.01156014 -0.007725536 0.002662837 0.0107944 -0.007974207 0.003288686 0.01000022 -0.008195519 0.003940582 0.01059323 -0.008301377 0.002937972 0.009299695 -0.007939457 0.004874825 0.009180486 -0.008393049 0.004616618 0.008717238 -0.008056044 0.005365192 0.006254136 -0.006727933 0.007402718 0.006439328 -0.006727933 0.00733149 0.006263971 -0.006825268 0.007398009 0.006613492 -0.006727933 0.007236421 0.006446182 -0.006809771 0.007327318 0.006290793 -0.00700736 0.007377386 0.006332933 -0.007204473 0.007336854 0.006385505 -0.007387697 0.007280707 0.006459653 -0.007588088 0.007196426 0.006530046 -0.007741808 0.007113277 0.006647825 -0.007949709 0.006970465 0.006686866 -0.008008778 0.006922364 0.00686115 -0.00823009 0.006704747 0.007056772 -0.008417785 0.006456851 0.007120728 -0.008468627 0.006375133 0.007402122 -0.008643984 0.006013631 0.00770384 -0.008762538 0.005623281 0.00802344 -0.00882709 0.00520873 0.006467938 -0.006962597 0.007309913 0.00650531 -0.007127642 0.007276237 0.006554126 -0.007280766 0.007229804 0.006625056 -0.007448136 0.007160305 0.00669372 -0.007576465 0.00709182 0.006810188 -0.007750093 0.006974041 0.006849169 -0.007799446 0.006934344 0.007024705 -0.007984697 0.006754398 0.007223904 -0.008142471 0.006548583 0.007289469 -0.008185327 0.006480515 0.007579863 -0.008334159 0.00617814 0.007894575 -0.008436441 0.005848824 0.008231282 -0.008494198 0.005495607 0.008363127 -0.008839964 0.004768669 0.008592724 -0.008509039 0.005115926 0.008353054 -0.008066177 0.005691051 0.008016526 -0.00803864 0.005991995 0.007704138 -0.007972836 0.006271064 0.007418036 -0.007867217 0.006526291 0.007353723 -0.007835745 0.006583631 0.007159233 -0.007717669 0.006756663 0.0069893 -0.007575988 0.006907582 0.006951808 -0.007537841 0.006940841 0.006840586 -0.007402658 0.007039248 0.006775856 -0.007301867 0.00709629 0.006710171 -0.007169663 0.007153928 0.006666183 -0.007047951 0.007192194 0.006634175 -0.006916224 0.007219672 0.006617546 -0.006793737 0.007233381 0.006254136 0.006727874 0.007402718 0.006439328 0.006727874 0.00733149 0.006613492 0.006727874 0.007236421 0.008458554 0.008828938 0.004664838 0.008953213 0.008722603 0.004261195 0.008691549 0.008499085 0.005021214 0.009180545 0.008393049 0.004616618 0.009299695 0.007939457 0.004874825 0.007965266 0.00881946 0.00528419 0.007585585 0.008723497 0.005776524 0.007198035 0.008524179 0.00627613 0.007001757 0.00837028 0.006526827 0.006808638 0.00816971 0.006770789 0.006621003 0.007906556 0.007003307 0.006532669 0.007747054 0.007110118 0.006450176 0.00756514 0.007207393 0.006381928 0.00737667 0.007284641 0.006324589 0.007170379 0.007345318 0.00816971 0.008487105 0.005560159 0.007770836 0.008402466 0.005978465 0.007368922 0.008232295 0.006397962 0.007167696 0.008102416 0.006606757 0.006971538 0.007934093 0.006809055 0.006783485 0.007714033 0.007001161 0.006696283 0.007580876 0.007089257 0.006615936 0.007429003 0.007169365 0.006550788 0.007271587 0.007233023 0.00649774 0.007099092 0.00728321 0.008816361 0.008042871 0.005278825 0.008291363 0.008064031 0.005746245 0.007893443 0.008017957 0.006102025 0.007496118 0.007901251 0.006456673 0.007298707 0.007806122 0.006632566 0.007107615 0.007679224 0.006802558 0.006926238 0.007509887 0.006963491 0.00684303 0.007406055 0.007037043 0.006767332 0.007286787 0.0071038 0.006707072 0.007162392 0.00715661 0.006659567 0.007025241 0.007197916 0.01010781 0.007747709 0.004199862 0.01715856 0.003281831 -0.002065837 0.01709109 0.003133058 -0.001752495 0.01687896 0.003858208 -0.001859009 0.01695096 0.002965152 -0.001474916 0.01682704 0.003683507 -0.001543879 0.01656925 0.004386425 -0.001631319 0.0162512 0.004844367 -0.001399278 0.01586741 0.005312204 -0.001121699 0.0154494 0.005741119 -8.17214e-4 0.01500153 0.006133079 -4.86281e-4 0.01452624 0.006492376 -1.30311e-4 0.01421397 0.006703317 1.06011e-4 0.01355111 0.007098615 6.13184e-4 0.0128563 0.007451593 0.001151561 0.01213115 0.007767677 0.001719295 0.01059323 0.008301377 0.002937972 0.01137602 0.008050262 0.002315044 0.009784579 0.008524298 0.003587305 0.0108878 0.007533907 0.003549277 0.01163721 0.007294654 0.002924859 0.01235508 0.007027208 0.002327442 0.01303994 0.006729841 0.001758038 0.01369065 0.006400287 0.001217722 0.01430487 0.00603491 7.08584e-4 0.01459163 0.005841553 4.71217e-4 0.0150243 0.00551486 1.13526e-4 0.01542747 0.005162179 -2.19186e-4 0.01579934 0.004780471 -5.25509e-4 0.01613867 0.004366338 -8.04822e-4 0.01642185 0.003958225 -0.001038134 0.01669925 0.003484666 -0.001267015 0.01653528 0.004187166 -0.001314103 0.01623648 0.004623234 -0.001079797 0.01587706 0.005068063 -7.99238e-4 0.01548421 0.005477488 -4.91518e-4 0.01506048 0.005853831 -1.57385e-4 0.01460802 0.00620079 2.01724e-4 0.01430934 0.006405353 4.39974e-4 0.01367217 0.006790339 9.50916e-4 0.01300042 0.007135987 0.001492857 0.01229614 0.007446765 0.00206387 0.0115602 0.007725536 0.002662837 0.0107944 0.007974207 0.003288686 0.01000022 0.008195579 0.003940582 0.01709282 -0.002787351 -0.003126502 0.0170812 -0.002902507 -0.003138124 0.01701587 -0.002787351 -0.001544952 0.01712709 -0.002787351 -0.001734197 0.01720249 -0.002787351 -0.001916408 0.01716452 -0.003163516 -0.001954317 0.01728004 -0.002787351 -0.002324759 0.01724869 -0.00309807 -0.002356112 0.01728039 -0.002787351 -0.00233221 0.01722013 -0.003008782 -0.002761065 0.01724249 -0.002787351 -0.002738714 0.01717978 -0.002787351 -0.00294131 0.01715934 -0.003228843 -0.002794444 0.01705402 -0.003017723 -0.003158152 0.01600199 -0.00474143 -0.00417906 0.0155844 -0.005194723 -0.004583358 0.01602393 -0.005085468 -0.003811717 0.01557105 -0.00557661 -0.004214406 0.01682865 -0.003903448 -0.003093183 0.01644903 -0.004522502 -0.003433763 0.01639395 -0.004221618 -0.003799617 0.01674598 -0.00364691 -0.003457844 0.01701587 0.002787351 -0.001544952 0.01712709 0.002787351 -0.001734197 0.01720249 0.002787351 -0.001916408 0.01728004 0.002787351 -0.002324759 0.01728039 0.002787351 -0.00233221 0.01724249 0.002787351 -0.002738714 0.01717978 0.002787351 -0.00294131 0.01709282 0.002787351 -0.003126502 0.01522868 -0.005802273 -0.004642307 0.01525539 -0.005418121 -0.004935026 0.01333421 -0.004508018 -0.006813287 0.01339852 -0.00478816 -0.006773769 0.01349401 -0.005066454 -0.006692886 0.01355326 -0.005198121 -0.006636142 0.01362031 -0.005322933 -0.006568312 0.01369273 -0.00543642 -0.006491839 0.01376998 -0.005538463 -0.006407678 0.01389741 -0.005673408 -0.006264388 0.01402825 -0.005778014 -0.006113231 0.01424539 -0.005893886 -0.005855739 0.01445728 -0.005951642 -0.005598664 0.01466137 -0.005963206 -0.005347967 0.01485699 -0.005938589 -0.005105435 0.01490169 -0.005566835 -0.005312681 0.0147174 -0.00560522 -0.005509257 0.01452714 -0.005613803 -0.005711495 0.01433217 -0.005584478 -0.005918085 0.01413649 -0.005507051 -0.006124079 0.01402121 -0.005431413 -0.00624454 0.01391142 -0.005330264 -0.006358385 0.01384645 -0.005252182 -0.006425082 0.01378703 -0.005164086 -0.006485521 0.01373374 -0.005065977 -0.006538987 0.0136885 -0.00496149 -0.006583571 0.0136218 -0.004737317 -0.006646573 0.01358574 -0.004507839 -0.006676375 0.01724869 0.00309807 -0.002356112 0.01716452 0.003163516 -0.001954317 0.01722013 0.003008782 -0.002761065 0.01705402 0.003017723 -0.003158152 0.0170812 0.002902507 -0.003138124 0.01715934 0.003228843 -0.002794444 0.01358574 0.004508495 -0.006676375 0.01333415 0.004508674 -0.006813287 0.01592594 0.004830956 -0.004252672 0.0155844 0.005194723 -0.004583358 0.01557105 0.00557661 -0.004214406 0.01594114 0.005182743 -0.003884971 0.01629257 0.004743218 -0.003573298 0.01661258 0.004271864 -0.003287374 0.01690161 0.003767728 -0.003027439 0.01624941 0.004425823 -0.003939688 0.01654535 0.003989279 -0.003652691 0.01681381 0.003520488 -0.003391861 0.01335161 0.004597187 -0.006804704 0.01359426 0.004581332 -0.006670057 0.0134027 0.004802882 -0.00677067 0.01362448 0.004749238 -0.006644129 0.01345705 0.004970848 -0.006726086 0.01366156 0.004884898 -0.006609559 0.01352632 0.005141139 -0.006662368 0.01371294 0.005020916 -0.006559669 0.01354259 0.005176007 -0.006646633 0.01372539 0.005048513 -0.006547272 0.01362448 0.005330026 -0.006563961 0.01379036 0.00516963 -0.006482124 0.01371943 0.005473673 -0.00646305 0.01386868 0.005280792 -0.006402254 0.01381832 0.005594015 -0.006353855 0.01395273 0.005372285 -0.006315648 0.01394194 0.005712449 -0.006213366 0.01406019 0.005460023 -0.006203889 0.013969 0.005734443 -0.006182134 0.01408404 0.005475938 -0.006178975 0.01412963 0.005840003 -0.005993962 0.01422721 0.005549848 -0.006028771 0.01430326 0.005914688 -0.005786001 0.0143851 0.005596697 -0.005862116 0.01442015 0.005945146 -0.005643963 0.01449275 0.005611658 -0.005747973 0.01464617 0.005963683 -0.005366742 0.01470309 0.005607008 -0.005524456 0.01477921 0.005952358 -0.005202114 0.0148282 0.005585491 -0.00539118 0.01504427 0.005884587 -0.004871964 0.01507967 0.00550425 -0.005122721 0.01530939 0.005757868 -0.004541277 0.01533287 0.005372941 -0.004852235 0.002499997 0.00575 -0.005999982 0.002499997 -0.00574994 -0.005999982 0.002499997 0.007749974 0.003999948 0.002499997 0.007749974 -0.003999948 0.002499997 -0.00574994 0.005999982 0.002499997 0.00575 0.005999982 0.002499997 -0.007749974 -0.003999948 0.002499997 -0.007749974 0.003999948 0.002999961 0.00575 -0.005499958 0.002999961 0.007249951 -0.003999948 0.002999961 0.007176578 -0.004463493 0.002999961 -0.00574994 -0.005499958 0.002999961 -0.007249951 -0.003999948 0.002999961 -0.006213486 -0.005426526 0.002999961 -0.007249951 0.003999948 0.002999961 -0.00574994 0.005499958 0.002999961 -0.007176578 0.004463493 0.002999961 0.00575 0.005499958 0.002999961 0.006963491 -0.00488162 0.002999961 0.006631672 -0.005213499 0.002999961 0.006213486 -0.005426526 0.002999961 -0.006631672 -0.005213499 0.002999961 -0.006963491 -0.00488162 0.002999961 -0.007176578 -0.004463493 0.002999961 -0.006963491 0.00488162 0.002999961 -0.006631672 0.005213499 0.002999961 -0.006213486 0.005426526 0.002999961 0.006963491 0.00488162 0.002999961 0.006631672 0.005213499 0.002999961 0.006213486 0.005426526 0.002999961 0.007176578 0.004463493 0.002999961 0.007249951 0.003999948 0.002499997 -0.006367981 0.005902111 0.002499997 -0.006925523 0.005617976 0.002499997 -0.007368028 0.00517553 0.002499997 -0.007652103 0.004617989 0.002499997 -0.007652103 -0.004617989 0.002499997 -0.007368028 -0.00517553 0.002499997 -0.006925523 -0.005617976 0.002499997 -0.006367981 -0.005902111 0.002499997 0.006367981 -0.005902111 0.002499997 0.006925523 -0.005617976 0.002499997 0.007368028 -0.00517553 0.002499997 0.007652103 -0.004617989 0.002499997 0.007652103 0.004617989 0.002499997 0.007368028 0.00517553 0.002499997 0.006925523 0.005617976 0.002499997 0.006367981 0.005902111</float_array>
          <technique_common>
            <accessor source="#link_1_tip-mesh-positions-array" count="954" stride="3">
              <param name="X" type="float"/>
              <param name="Y" type="float"/>
              <param name="Z" type="float"/>
            </accessor>
          </technique_common>
        </source>
        <source id="link_1_tip-mesh-normals">
          <float_array id="link_1_tip-mesh-normals-array" count="5592">0.8928031 -0.4502933 -0.01177316 0.01000475 -0.99995 0 0.08680045 -0.9962216 0.002907276 0.1356555 -0.9907526 -0.002600252 0.1044804 -0.9945265 -0.001010715 0.0791558 -0.9968624 -4.23881e-7 0.06232219 -0.9980561 -1.27633e-6 0.06160968 -0.9981003 7.31042e-5 0.02856445 -0.999592 -1.26581e-4 0.03860151 -0.9992528 -0.001946032 0.02088367 -0.9997819 -2.59028e-4 0.1228611 -0.9924239 -1.10652e-6 0.1491672 -0.988812 -3.57783e-6 0.152789 -0.9882588 8.14233e-5 0.178177 -0.9839982 -7.07601e-4 0.1718094 -0.9851283 -0.001964449 0.2534615 -0.9673414 -0.002842009 0.2249411 -0.9743723 2.23651e-6 0.208487 -0.9780251 -3.82072e-7 0.2124586 -0.9771702 -1.2533e-4 0.1976004 -0.9802827 2.14094e-4 0.3954393 -0.9184921 9.6857e-6 0.3784196 -0.9256342 8.7889e-5 0.3651514 -0.9309473 -0.001309454 0.3119047 -0.9501093 0.002806484 0.2232444 -0.9747545 0.003953158 0.2570084 -0.9664091 -3.66265e-4 0.2815843 -0.9595366 9.05397e-5 0.284513 -0.9586723 -1.08586e-6 0.30194 -0.953327 1.58443e-6 0.3354941 -0.9420386 -0.002650499 0.5134797 -0.8580936 0.003739833 0.5685614 -0.8226349 -0.003133177 0.5849413 -0.8110756 1.76327e-4 0.6095533 -0.7927451 3.27536e-5 0.6120748 -0.7907999 3.29402e-5 0.5417922 -0.8405075 -0.0029307 0.5134356 -0.8581282 1.09724e-5 0.4774859 -0.8786395 -1.00792e-5 0.4823052 -0.876003 -7.87623e-4 0.42525 -0.9050751 0.001276373 0.4369714 -0.8994741 -0.001607775 0.4035354 -0.914964 1.09895e-5 0.6420686 -0.7666472 -4.02485e-4 0.6463206 -0.763064 -0.001718938 0.6967301 -0.7173324 0.001216113 0.7015398 -0.7126303 2.37924e-5 0.7354264 -0.6776046 -1.71511e-5 0.8447669 -0.5349664 0.0134176 0.8544038 -0.5195942 -0.00403732 0.8300305 -0.5577182 -5.88769e-6 0.8202455 -0.5720117 1.19216e-5 0.8086298 -0.5883091 0.00324577 0.7847908 -0.6197261 -0.006558477 0.7608197 -0.6489551 0.003298401 0.7252207 -0.6885129 -0.002225995 0.3119044 0.9501094 0.002806484 0.2125641 0.9771472 5.35103e-7 0.2084867 0.9780253 -3.50769e-5 0.2055417 0.9786484 3.24417e-5 0.1893968 0.9819007 -1.89089e-4 0.1655006 0.986205 -0.003044962 0.1781426 0.9840047 -3.31452e-4 0.1507372 0.9885739 3.35095e-5 0.08690136 0.9962161 0.001382768 0.1305467 0.991441 -0.00156188 0.1228616 0.9924238 -1.97429e-6 0.1491614 0.9888129 -3.15685e-6 0.01816016 0.9998352 0 0.03638273 0.9993366 -0.001734852 0.02857458 0.9995916 -4.74812e-4 0.05935734 0.9982368 3.08309e-4 0.06232219 0.9980562 -1.19621e-6 0.07592391 0.9971137 -6.96151e-7 0.09615319 0.9953665 -2.44587e-4 0.2249421 0.9743721 2.36805e-6 0.2534618 0.9673412 -0.002842247 0.2232435 0.9747547 0.003953516 0.2570092 0.9664089 -3.65728e-4 0.3354948 0.9420384 -0.002650678 0.2844886 0.9586795 1.44681e-4 0.2815184 0.9595559 -1.34831e-6 0.3019419 0.9533264 1.58441e-6 0.3783691 0.9256549 6.809e-6 0.3951485 0.9186155 0.001865923 0.3651514 0.9309473 -0.001309454 0.4827404 0.8757635 -6.85252e-6 0.4035369 0.9149634 1.07997e-5 0.4369723 0.8994736 -0.001607954 0.4252496 0.9050753 0.001276373 0.4775689 0.8785942 -6.13672e-4 0.5848741 0.8111242 2.95941e-5 0.6088469 0.7932716 0.005083024 0.5134357 0.8581282 1.09721e-5 0.5417922 0.8405075 -0.00293076 0.5134759 0.858096 0.003740489 0.5685633 0.8226336 -0.003133058 0.6121073 0.7907748 3.2942e-5 0.6420678 0.7666479 -4.02246e-4 0.6463167 0.7630674 -0.001719236 0.6967383 0.7173245 0.001216471 0.7629587 0.6464357 0.003876924 0.7289463 0.684571 -3.43489e-6 0.7015945 0.7125765 7.14298e-6 0.7176838 0.6959115 -0.02524429 0.7596147 0.6503727 -0.001036345 0.808913 0.5879279 7.36072e-4 0.8078869 0.5893377 1.72898e-5 0.8320546 0.5546938 -3.56328e-6 0.8299087 0.557899 -5.81126e-4 0.8575613 0.5143755 0.002567708 0.8545137 0.5194174 -0.003458678 0.8949078 0.44624 0.003146827 0.02815902 0 0.9996035 0.02815878 0 0.9996035 0.06880784 0 0.99763 0.06880736 0 0.99763 0.08520746 0 0.9963633 0.08521467 0 0.9963627 0.1003921 0 0.994948 0.1003897 0 0.9949483 0.1256058 0 0.9920803 0.1256042 0 0.9920805 0.1480656 0 0.9889776 0.1480653 0 0.9889777 0.1639747 0 0.9864646 0.1639696 0 0.9864654 0.09180152 0.1008102 0.9906613 0.2345016 0.5576116 0.7962905 0.1302183 0.9914793 -0.003454387 0.02995991 0.08286273 0.9961106 0.03743404 0.101565 0.9941244 0.04615259 0.3056505 0.9510246 0.03346151 0.2657878 0.9634507 0.03228092 0.1838129 0.9824311 0.03575253 0.6097742 0.7917685 0.03581112 0.5408089 0.8403829 0.04858684 0.5060462 0.8611368 0.03499448 0.4421144 0.8962759 0.0344308 0.3672951 0.929467 0.04026502 0.6815795 0.7306355 0.0432561 0.686724 0.7256302 0.0345298 0.7516928 0.658609 0.03359889 0.8042921 0.5932837 0.04727005 0.8325031 0.5520002 0.03182154 0.8670712 0.4971671 0.03030693 0.9053578 0.4235669 0.04027444 0.9339736 0.3550655 0.02503746 0.9482643 0.3164937 0.02721983 0.9881967 0.1507525 0.02843415 0.9877766 0.153261 0.05850023 0.9982773 -0.004509329 0.04080832 0.9988991 0.02314281 0.07734042 0.9969726 0.008006572 0.0955193 0.9954202 -0.003836393 0.1744071 0.9846614 -0.004905879 0.1716625 0.9847897 0.02685487 0.1924176 0.9813031 -0.004438817 0.2069524 0.978339 0.004865944 0.3178876 0.8237392 0.4694693 0.07472389 0.9773468 0.1980144 0.2358496 0.8125433 0.5330558 0.2354582 0.6693651 0.7046345 0.1957028 0.6407234 0.7424109 0.2382737 0.6988008 0.6744651 0.1252073 0.2610126 0.957181 0.2035089 0.3311441 0.9213728 0.2192332 0.3838272 0.8970026 0.2271859 0.4926674 0.840039 0.1548034 0.4539122 0.8774963 0.2076489 0.5000446 0.8407363 0.2112238 0.29671 0.931315 0.17882 0.09826046 0.978963 0.1800371 0.09718835 0.9788469 0.2116483 0.9156519 0.3417406 0.1799848 0.9726423 0.1468761 0.1775633 0.973589 0.1435123 0.1518039 0.9883191 0.01345372 0.1536362 0.9880004 0.01584982 0.1874092 0.9822497 -0.007960021 0.1857312 0.9825835 0.005813837 0.2827278 0.9499113 0.1331672 0.2022589 0.9732759 0.1087449 0.1867048 0.9655988 0.1809983 0.2056347 0.9682999 0.1418091 0.2441526 0.9090931 0.337549 0.213146 0.9145366 0.3437903 0.230732 0.84113 0.4891453 0.2149177 0.7947679 0.5675866 0.02435147 0.9990981 0.03478509 0.01614624 0.9998046 0.0114004 0.04282391 0.9990346 0.009800851 0.0538454 0.9873155 0.1493614 0.05455672 0.9870774 0.1506719 0.06844395 0.9329193 0.353521 0.06892323 0.9325686 0.3543522 0.07963448 0.8312695 0.550136 0.07987171 0.831003 0.5505039 0.08623993 0.685252 0.7231822 0.08624595 0.6852386 0.7231942 0.08765286 0.5047261 0.8588181 0.08745789 0.5050943 0.8586215 0.0840007 0.3044595 0.9488142 0.08364713 0.3052737 0.9485838 0.07607167 0.1004204 0.9920327 0.07399457 0.1059311 0.9916167 0.06944823 0.9974942 0.01350367 0.0847702 0.9853447 0.1480202 0.08591526 0.9849447 0.1500086 0.1054188 0.9303905 0.3510847 0.1062332 0.9297908 0.3524255 0.1207489 0.8285345 0.5467636 0.1212239 0.8279926 0.5474788 0.1290796 0.6826935 0.7192136 0.1292323 0.6824526 0.7194147 0.1296021 0.5026715 0.8547074 0.1294755 0.5029218 0.8545793 0.1226096 0.3031076 0.9450359 0.1222588 0.3039624 0.9448066 0.1093587 0.09984034 0.9889756 0.1088467 0.1013153 0.9888821 0.09448677 0.9955247 0.001728117 0.1152731 0.9824522 0.1466279 0.1169036 0.9818581 0.1492922 0.1407259 0.9267339 0.3483684 0.1419132 0.9258527 0.350225 0.1590621 0.8245865 0.5429149 0.1597878 0.8237566 0.5439605 0.1681876 0.6789934 0.7146195 0.1684774 0.6785365 0.714985 0.1671668 0.4996774 0.8499282 0.167076 0.4998691 0.8498332 0.1564832 0.3011206 0.940659 0.1560946 0.3021174 0.9404039 0.1378445 0.09896516 0.9854972 0.1372599 0.1007977 0.9853932 0.1239035 0.9922119 0.01278156 0.1462014 0.9785372 0.1452247 0.1482195 0.9777708 0.148308 0.1755757 0.9218672 0.3454478 0.1769906 0.920809 0.3475416 0.1960638 0.8193885 0.5386664 0.196876 0.8184549 0.5397883 0.2052689 0.674156 0.7094917 0.2055276 0.6737427 0.7098093 0.2022044 0.4958106 0.8445622 0.2020048 0.4962357 0.8443603 0.1875836 0.2986105 0.9357586 0.1870471 0.3000574 0.9354032 0.163552 0.09794133 0.981661 0.1628172 0.1004369 0.981531 0.2151927 -0.958552 0.1867355 0.2373758 -0.7604014 0.6045182 0.2250245 -0.4145395 0.8817715 0.1981266 -0.250714 0.9475697 0.1675816 -0.02104687 0.9856336 0.02659648 -0.1537964 0.9877446 0.03584271 -0.5704576 0.8205446 0.03490906 -0.719942 0.6931558 0.03886985 -0.8341119 0.5502241 0.02723944 -0.9564142 0.2907406 0.02469134 -0.9962973 0.08235388 0.01197844 -0.9970987 0.07517188 0.1557922 -0.08561378 0.9840728 0.2358114 -0.6350039 0.7356379 0.2350727 -0.5810755 0.7791612 0.2327054 -0.5607958 0.7945793 0.2390831 -0.9016234 0.3604366 0.2582229 -0.8240296 0.5042781 0.2323813 -0.8311059 0.5052345 0.1947195 -0.9808052 -0.01027595 0.1872409 -0.9822822 0.007919967 0.1784399 -0.9838902 0.01092779 0.1729148 -0.9849321 0.003081738 0.1545378 -0.9879416 0.009454011 0.1520459 -0.9882658 0.01458764 0.1363983 -0.9906526 0.00170052 0.1241072 -0.9921714 0.01390433 0.08996856 -0.9955497 -0.0280463 0.0646004 -0.9977674 0.01694709 0.08023238 -0.9967577 0.006084501 0.107006 -0.9941678 0.01342302 0.02291315 -0.9996758 0.01110607 0.04074025 -0.9991192 0.01006174 0.04327231 -0.9989467 0.01526731 0.06742846 -0.9977182 -0.00347191 0.02890527 -0.03510844 0.9989655 0.04106813 -0.101437 0.993994 0.07374912 -0.1004672 0.9922034 0.07628315 -0.1052494 0.9915158 0.1948348 -0.1640357 0.9670221 0.1425944 -0.1031128 0.9843956 0.1638612 -0.1002694 0.9813743 0.1624845 -0.09803354 0.9818291 0.1380225 -0.1006907 0.9852975 0.1370655 -0.09900248 0.9856022 0.1094625 -0.1012402 0.9888218 0.1087343 -0.09984731 0.9890437 0.09182655 -0.1007839 0.9906617 0.04218101 -0.3168141 0.9475492 0.0367878 -0.3057984 0.9513854 0.08362203 -0.3043947 0.9488685 0.08402043 -0.3051764 0.9485821 0.1222118 -0.3030543 0.9451044 0.1226466 -0.3038541 0.9447913 0.1560175 -0.3010833 0.9407484 0.156545 -0.3019926 0.9403691 0.1869048 -0.2986103 0.9358946 0.1877029 -0.2998917 0.9353249 0.1708269 -0.302116 0.9378401 0.2085223 -0.3374157 0.9179701 0.03285455 -0.4677909 0.8832284 0.04795569 -0.5059367 0.8612366 0.0874564 -0.5046098 0.8589066 0.08765482 -0.5049656 0.8586772 0.1294681 -0.5025561 0.8547956 0.1296051 -0.5027896 0.8546375 0.1670662 -0.4995644 0.8500143 0.1671698 -0.4997358 0.8498932 0.2019793 -0.495718 0.8446704 0.2022188 -0.4960854 0.8443974 0.2035478 -0.4959068 0.844183 0.2155681 -0.5059236 0.8352076 0.03567683 -0.6374942 0.7696287 0.04919695 -0.6864499 0.7255111 0.08625108 -0.6851049 0.7233201 0.08624386 -0.6850935 0.7233318 0.129233 -0.6825354 0.719336 0.1290909 -0.6823198 0.719566 0.1684747 -0.6788171 0.7147192 0.168204 -0.6784175 0.7151623 0.2055283 -0.6739768 0.7095868 0.2052815 -0.6736312 0.7099863 0.2186822 -0.6717552 0.7077592 0.2401241 -0.7156378 0.6558986 0.03412854 -0.7745291 0.631617 0.04014784 -0.832514 0.5525475 0.07986485 -0.831117 0.5503329 0.07966399 -0.8308679 0.5507379 0.1211942 -0.8283571 0.546934 0.1208119 -0.827883 0.5477358 0.1597291 -0.824377 0.5430372 0.1591634 -0.8236812 0.5442575 0.1968041 -0.8191466 0.5387644 0.1961837 -0.8184077 0.540112 0.2271175 -0.8138465 0.5348566 0.2098151 -0.7940402 0.5705066 0.02567148 -0.9144012 0.4039945 0.04123818 -0.933841 0.3553035 0.06889039 -0.9327907 0.3537736 0.06851798 -0.9324775 0.3546706 0.1061405 -0.9302281 0.3512975 0.105572 -0.9297326 0.3527774 0.1417429 -0.9265193 0.3485267 0.1409736 -0.925842 0.3506323 0.1767633 -0.9216001 0.3455547 0.175895 -0.920846 0.3479995 0.212881 -0.9153399 0.3418108 0.212019 -0.9146097 0.3442919 0.2194797 -0.9133991 0.3428278 0.2297992 -0.9378293 0.2601319 0.025101 -0.9774911 0.2094784 0.03558665 -0.9879447 0.1506618 0.05448377 -0.9872362 0.1496546 0.05397582 -0.9870493 0.1510644 0.08573591 -0.9852234 0.1482711 0.08503693 -0.9849542 0.1504458 0.1165838 -0.9822707 0.146808 0.1157062 -0.9819249 0.1497858 0.1477717 -0.9782841 0.1453405 0.1467871 -0.9779017 0.1488685 0.1793922 -0.9732493 0.1435422 0.1783218 -0.9728499 0.1475279 0.1944611 -0.9702287 0.1443653 0.1996253 -0.9750067 0.09752821 0.2462527 -0.9631215 0.1084285 0.1800518 -0.9836564 -0.001221299 0.09267163 0.9914767 -0.09157562 0.1939029 0.08209401 -0.9775799 0.1190717 0.08547091 -0.9892001 0.06706637 0.09026139 -0.9936575 0.03362798 0.9603551 -0.2767444 0.03306329 0.9960561 -0.08233565 0.03111273 0.9952653 -0.0920822 0.04465615 0.8869139 -0.4597712 0.03454023 0.9141517 -0.4038981 0.04070335 0.96792 -0.2479399 0.04637235 0.7752497 -0.6299504 0.03991258 0.8113119 -0.5832496 0.03938978 0.8576675 -0.5126938 0.02924638 0.2767794 -0.9604883 0.04039996 0.4676612 -0.8829841 0.03814029 0.4598532 -0.8871756 0.0386011 0.6089823 -0.792244 0.04401814 0.6298882 -0.7754375 0.03977918 0.6900918 -0.7226278 0.03994035 0.7466803 -0.6639829 0.03889673 0.03547304 -0.9986135 0.02606433 0.1538016 -0.9877581 0.04180687 0.316816 -0.9475652 0.2682577 0.1453999 -0.9523112 0.2156767 0.07298076 -0.9737338 0.2154679 0.07961088 -0.9732604 0.1976232 0.02176082 -0.9800366 0.2906892 0.2193065 -0.9313457 0.2903316 0.2302687 -0.9288079 0.3162592 0.2595803 -0.9124683 0.3640258 0.3836954 -0.8486832 0.3646684 0.3725284 -0.8533695 0.3441322 0.29672 -0.8908032 0.4292228 0.5256323 -0.7344921 0.4291718 0.4958902 -0.7549203 0.4044656 0.4292269 -0.8075715 0.5476543 0.649743 -0.5271707 0.4845285 0.6506149 -0.58475 0.4235073 0.6802281 -0.5982737 0.6009348 0.4170061 -0.6818969 0.5658549 0.6953659 -0.4430289 0.5544626 0.7181257 -0.4205555 0.5825573 0.7318112 -0.3536659 0.5895867 0.7696602 -0.244971 0.5878686 0.7700227 -0.2479429 0.5926319 0.7765206 -0.2140169 0.6622458 0.7282916 -0.1761307 0.6248488 0.7765762 -0.08058255 0.649431 0.7599145 -0.02773833 0.05666851 0.0905584 -0.9942777 0.04137122 0.0913335 -0.9949606 0.02203297 0.1212102 -0.9923824 0.08954441 0.08775758 -0.9921091 0.1380792 0.08771228 -0.9865297 0.1877796 0.08297049 -0.9787006 0.1945412 0.07959842 -0.9776594 0.197097 0.07849693 -0.9772365 0.09114086 0.09131622 -0.9916425 0.1241599 0.2681725 -0.9553366 0.1252604 0.270613 -0.9545043 0.154605 0.4474951 -0.8808209 0.1552095 0.4488099 -0.8800453 0.1785136 0.6143376 -0.7685846 0.1786771 0.6146782 -0.7682742 0.1940396 0.7574884 -0.623346 0.1938563 0.7571374 -0.6238291 0.2002614 0.868191 -0.4540264 0.1998543 0.8675133 -0.4554985 0.1973643 0.9418404 -0.2720001 0.1968505 0.9412119 -0.2745358 0.1887304 0.08394062 -0.978435 0.2414152 0.2535879 -0.9367026 0.2412553 0.253426 -0.9367878 0.2874783 0.4234249 -0.8591087 0.286288 0.4222452 -0.8600861 0.3224772 0.5821872 -0.746369 0.3204576 0.5803006 -0.7487043 0.3438078 0.7197192 -0.6031587 0.3412488 0.7175764 -0.6071519 0.350322 0.8279778 -0.4378668 0.347532 0.8260924 -0.4436135 0.3425197 0.9025239 -0.2610189 0.3397936 0.9013825 -0.2684213 0.1931393 0.08175212 -0.9777596 0.2585693 0.2472022 -0.9338272 0.2556738 0.2450286 -0.9351962 0.3147197 0.4119257 -0.8551425 0.3110488 0.4092452 -0.8577687 0.3589782 0.566192 -0.7419983 0.3548275 0.5633608 -0.7461381 0.3882649 0.7002696 -0.5990599 0.3839761 0.6977031 -0.6047915 0.4010639 0.8064112 -0.4345674 0.3969502 0.8045161 -0.441797 0.3976658 0.8802677 -0.2588258 0.3939728 0.879385 -0.267334 0.05688923 0.09127843 -0.9941992 0.07108533 0.274707 -0.9588968 0.071168 0.2749717 -0.9588147 0.08289414 0.4575727 -0.8852999 0.08284389 0.4574216 -0.8853827 0.09104621 0.6273901 -0.7733643 0.09088104 0.626922 -0.7737632 0.09482282 0.7725836 -0.6277925 0.09457027 0.7719499 -0.6286095 0.09400707 0.8841626 -0.4576236 0.09369629 0.8835253 -0.4589165 0.08892142 0.957477 -0.2744645 0.08858376 0.9570021 -0.2762247 0.08032262 0.9926913 -0.09006857 0.0701555 0.9855644 -0.1540816 0.1324447 0.9871535 -0.08936715 0.1415346 0.9507911 -0.2756164 0.1419987 0.9514096 -0.273233 0.1453555 0.8771284 -0.4577309 0.1458225 0.8780012 -0.4559053 0.1425415 0.7658925 -0.6269695 0.1429608 0.7668188 -0.6257406 0.1328438 0.6217229 -0.7718895 0.1331616 0.6224917 -0.7712148 0.1168342 0.4535013 -0.8835646 0.1169924 0.4539055 -0.8833361 0.0957908 0.2726034 -0.9573461 0.0957449 0.2724856 -0.9573843 0.07139956 0.09055447 -0.9933288 0.07505959 0.1003021 -0.9921218 0.1301105 0.9859049 -0.1051795 0.1559917 0.9835793 -0.09076631 0.186493 0.978434 -0.08881002 0.1859852 0.9782054 -0.09232497 0.2176768 0.9718983 -0.08961349 0.1256523 0.09317845 -0.9876889 0.1619706 0.2628748 -0.9511374 0.1656006 0.2673074 -0.9492751 0.1980318 0.439692 -0.8760448 0.2006711 0.4427353 -0.8739089 0.2259855 0.6045164 -0.7638656 0.2276231 0.6062363 -0.7620139 0.2436515 0.7464151 -0.6192726 0.2443668 0.74706 -0.6182122 0.2499549 0.8567912 -0.4510339 0.2499043 0.8567553 -0.4511301 0.2451379 0.9310373 -0.2703281 0.2445222 0.9307858 -0.2717476 0.2313264 0.9681302 -0.09597939 0.2340427 0.9679871 -0.09069156 0.2709233 0.9587289 -0.08625292 0.2886419 0.9186968 -0.2695963 0.2899436 0.9192821 -0.2661825 0.2973273 0.8439676 -0.4464472 0.2979988 0.8444637 -0.4450595 0.293657 0.7348169 -0.6113999 0.2933708 0.7345464 -0.6118621 0.2771552 0.5957228 -0.7538564 0.2756291 0.5940929 -0.7557 0.248766 0.4348609 -0.8654546 0.2458308 0.4314778 -0.8679828 0.2106978 0.2625724 -0.9416275 0.206313 0.2573056 -0.9440492 0.1659236 0.08933055 -0.9820842 0.160178 0.08231854 -0.9836497 0.2693105 0.958686 -0.09161418 0.2970051 0.9508754 -0.08731555 0.3237404 0.9413813 -0.09483301 0.3250492 0.9412842 -0.09125345 0.3799564 0.9213416 -0.08223676 0.3768602 0.921716 -0.09173917 0.4062619 0.9095934 -0.08712726 0.200618 0.08069461 -0.9763406 0.2717545 0.2380529 -0.9324594 0.273303 0.2390062 -0.9317626 0.3385173 0.3972111 -0.853012 0.3381913 0.397018 -0.8532313 0.3928491 0.5465523 -0.7395609 0.3909504 0.5455244 -0.7413238 0.4311097 0.6767705 -0.5967631 0.4280748 0.6753846 -0.6005063 0.4512757 0.7804276 -0.432762 0.4476077 0.7792483 -0.4386566 0.4532982 0.8532949 -0.2576987 0.4494835 0.852871 -0.265661 0.4391089 0.8945435 -0.08351868 0.4361292 0.8952267 -0.09143596 0.50587 0.8589378 -0.07950842 0.515766 0.8158537 -0.2614732 0.5191617 0.816211 -0.2535167 0.5125518 0.7435063 -0.429522 0.5140963 0.7440314 -0.4267579 0.4905083 0.6438493 -0.5872476 0.4889872 0.6431033 -0.58933 0.4653604 0.5657959 -0.6806723 0.4422395 0.5386083 -0.7171648 0.4907138 0.8622373 -0.1254869 0.5242493 0.8470591 -0.08748644 0.5840348 0.808355 -0.0739299 0.5786433 0.8103201 -0.09248423 0.6186829 0.7813488 -0.08201116 0.1945418 -0.07959979 -0.9776592 0.1380856 -0.08771526 -0.9865285 0.4062649 -0.9095919 -0.08713006 0.2970067 -0.9508755 -0.08731013 0.2176759 -0.9718981 -0.08961838 0.06711179 -0.9936207 -0.0906316 0.5887688 -0.7366603 -0.3326904 0.03106135 -0.2766991 -0.9604545 0.03803133 -0.247964 -0.9680225 0.03261464 -0.4039162 -0.9142144 0.04308331 -0.4596455 -0.8870568 0.03809785 -0.5127047 -0.8577194 0.03906565 -0.5832617 -0.8113444 0.04584318 -0.6298162 -0.7753902 0.0396254 -0.6639848 -0.7466953 0.0399034 -0.7226087 -0.6901047 0.0445649 -0.7753149 -0.6300007 0.03927826 -0.792219 -0.6089716 0.03974491 -0.8870656 -0.4599294 0.04191672 -0.882927 -0.4676357 0.03184288 -0.9603979 -0.2768066 0.04407644 -0.9474699 -0.3167936 0.02922862 -0.9876712 -0.1537904 0.03620386 -0.9951113 -0.0918855 0.02956283 -0.9989453 -0.03513234 0.6058602 -0.7955694 -0.001642107 0.658228 -0.7128964 -0.2418979 0.5927754 -0.7737362 -0.2234946 0.5831303 -0.7740661 -0.2465379 0.5554705 -0.7164083 -0.4221515 0.5582743 -0.7156848 -0.4196726 0.5532788 -0.6379007 -0.5356916 0.4500587 -0.6664673 -0.5943641 0.7054999 -0.294149 -0.6447839 0.450096 -0.5141678 -0.7300995 0.3889821 -0.4946857 -0.7771608 0.4465517 -0.5386745 -0.7144378 0.2839876 -0.1873763 -0.9403409 0.2885538 -0.2311874 -0.9291335 0.3100687 -0.2492654 -0.9174553 0.3445983 -0.300393 -0.8893908 0.3679003 -0.3816555 -0.8479318 0.3470023 -0.370415 -0.8616161 0.3892351 -0.409363 -0.8251776 0.2585676 -0.1308627 -0.9570882 0.2145757 -0.0735448 -0.9739346 0.2146921 -0.0578503 -0.9749671 0.129121 -0.9875763 -0.08955967 0.09267175 -0.991477 -0.0915724 0.155996 -0.9835785 -0.0907666 0.1857172 -0.9785771 -0.08886027 0.2347499 -0.967146 -0.09757614 0.2686817 -0.9593351 -0.08652365 0.3250489 -0.9412839 -0.09125816 0.3758547 -0.9229602 -0.08293193 0.4361299 -0.8952263 -0.09143644 0.6538277 -0.7530447 -0.07370907 0.61865 -0.7813752 -0.08200603 0.5856937 -0.8054437 -0.09068304 0.5770936 -0.8131752 -0.07555997 0.5242502 -0.8470588 -0.08748221 0.4696024 -0.5787233 -0.6667482 0.4893741 -0.6445105 -0.5874686 0.4901072 -0.642469 -0.5890914 0.5138813 -0.7427414 -0.4292569 0.5127849 -0.7447838 -0.4270232 0.5192589 -0.8138645 -0.2607581 0.5157153 -0.8181912 -0.2541673 0.5083725 -0.854624 -0.1057136 0.4870883 -0.8694163 -0.08282649 0.08191579 -0.9891898 -0.1216285 0.08851957 -0.9575076 -0.2744877 0.08898085 -0.9569717 -0.2762024 0.09367501 -0.8841872 -0.4576441 0.09402501 -0.8835008 -0.4588962 0.09457659 -0.7726013 -0.6278077 0.09481358 -0.7719275 -0.6286004 0.09089869 -0.6274024 -0.7733716 0.09102708 -0.6269093 -0.7737563 0.0828523 -0.457575 -0.8853027 0.08288449 -0.4574154 -0.8853821 0.0711494 -0.2747043 -0.9588928 0.07110488 -0.2749781 -0.9588176 0.02964562 -0.08233535 -0.9961637 0.02772986 -0.09200608 -0.9953723 0.05682969 -0.09055012 -0.9942691 0.05673068 -0.09129422 -0.9942068 0.06706649 -0.09026122 -0.9936574 0.1332899 -0.9856672 -0.103412 0.1414494 -0.9514809 -0.2732695 0.1420746 -0.9507203 -0.2755825 0.1453502 -0.8780595 -0.4559441 0.145819 -0.8770661 -0.4577029 0.1425883 -0.7668691 -0.6257638 0.1429073 -0.7658373 -0.6269536 0.1329092 -0.6225229 -0.771233 0.1330918 -0.6216878 -0.7718749 0.1168779 -0.4539174 -0.8833452 0.1169458 -0.4534825 -0.8835595 0.09577542 -0.2724826 -0.9573821 0.09576106 -0.2726073 -0.9573481 0.07226949 -0.09679877 -0.9926767 0.07351088 -0.09023129 -0.9932042 0.1867452 -0.9780665 -0.09226232 0.1967574 -0.9419534 -0.2720485 0.1974457 -0.9411033 -0.2744809 0.1998661 -0.8682658 -0.4540576 0.2002431 -0.8674389 -0.4554695 0.1938887 -0.7575157 -0.6233596 0.194005 -0.7571092 -0.6238172 0.1786326 -0.6143175 -0.768573 0.178561 -0.6147016 -0.7682825 0.1549996 -0.4474282 -0.8807855 0.1548245 -0.4488889 -0.8800728 0.1248156 -0.2680676 -0.9552805 0.1246222 -0.2707437 -0.9545508 0.09042412 -0.08762091 -0.9920414 0.09028685 -0.09149295 -0.9917044 0.2308534 -0.9687175 -0.09106695 0.2444482 -0.9312009 -0.2703886 0.245207 -0.9306272 -0.2716736 0.2499047 -0.8568015 -0.4510419 0.2499532 -0.8567444 -0.4511235 0.2443011 -0.7462636 -0.6191992 0.24372 -0.7472097 -0.6182865 0.2273471 -0.6042013 -0.7637107 0.2262697 -0.6065562 -0.7621625 0.2000682 -0.4392351 -0.8758112 0.1986492 -0.4432138 -0.8741282 0.1645991 -0.2623038 -0.9508439 0.1630001 -0.2679275 -0.9495503 0.1237045 -0.08449178 -0.9887155 0.1212556 -0.09511518 -0.9880537 0.2715312 -0.9580923 -0.09126865 0.288411 -0.9197065 -0.2663817 0.2901656 -0.918283 -0.2693702 0.2973148 -0.844655 -0.4451538 0.298009 -0.8437796 -0.4463481 0.2936304 -0.7344737 -0.6118248 0.293399 -0.7348906 -0.6114352 0.2768693 -0.5937576 -0.75551 0.2759179 -0.5960705 -0.7540354 0.2480171 -0.430905 -0.8676453 0.2465927 -0.4354769 -0.8657667 0.2093455 -0.2565395 -0.9435899 0.2076977 -0.263432 -0.9420537 0.1639056 -0.08140319 -0.9831116 0.1622509 -0.09039151 -0.9826007 0.3237404 -0.9413813 -0.09483301 0.3393547 -0.9035639 -0.2615548 0.3429417 -0.9003362 -0.267929 0.3475809 -0.82888 -0.4383443 0.350259 -0.8251654 -0.443194 0.341611 -0.720429 -0.6035596 0.3434271 -0.716822 -0.6068146 0.3209286 -0.5826749 -0.7466557 0.3219895 -0.5797619 -0.7484645 0.2866448 -0.4236792 -0.8592618 0.2871065 -0.4219561 -0.8599552 0.2413119 -0.2536189 -0.936721 0.241357 -0.2533897 -0.9367713 0.1883593 -0.0828002 -0.9786036 0.1881658 -0.08414328 -0.9785263 0.3809343 -0.9201024 -0.09110903 0.3936623 -0.881859 -0.2595277 0.3979489 -0.8777754 -0.2667342 0.3972567 -0.807918 -0.4352653 0.4007241 -0.8029561 -0.4412274 0.3847672 -0.7016311 -0.5997234 0.3874272 -0.6962499 -0.6042652 0.3559204 -0.5673564 -0.7425816 0.357823 -0.5620822 -0.7456717 0.3122283 -0.4128499 -0.85561 0.3134759 -0.4082041 -0.8573811 0.2567301 -0.2478678 -0.9341581 0.2574526 -0.2442617 -0.9349088 0.1933598 -0.0822882 -0.9776711 0.1935256 -0.08115643 -0.9777328 0.4391085 -0.8945437 -0.08351886 0.4493683 -0.8551644 -0.2583833 0.4534024 -0.8509894 -0.2650349 0.4480369 -0.7819646 -0.4333526 0.4508323 -0.7776744 -0.4381468 0.4287407 -0.6778811 -0.5972089 0.430424 -0.6742199 -0.6001356 0.3915038 -0.5471693 -0.739818 0.3922768 -0.5448558 -0.7411149 0.3383032 -0.3973058 -0.8530529 0.3384001 -0.396914 -0.8531968 0.27271 -0.2376334 -0.9322873 0.2723759 -0.2394775 -0.9319131 0.1991684 -0.07760417 -0.9768877 0.1986222 -0.08171278 -0.9766639 0.01905143 1.2756e-7 -0.9998186 0.02482348 -5.33511e-4 -0.9996918 0.03687095 0 -0.99932 0.04878902 0 -0.9988092 0.04878783 0 -0.9988092 0.05555307 0 -0.9984558 0.05555331 0 -0.9984558 0.07180112 0 -0.9974191 0.09921294 0 -0.9950662 0.05903941 -0.001954615 -0.9982538 0.07155722 0.001183092 -0.9974359 0.05935192 0 -0.9982372 0.1380108 0.001771152 -0.9904292 0.09921753 4.0141e-7 -0.9950658 0.117074 0 -0.9931233 0.1170423 0 -0.9931269 0.1384921 0 -0.9903635 0.1590846 -0.001744627 -0.9872635 0.1871817 0 -0.9823253 0.1871861 0 -0.9823244 0.1593072 0 -0.9872291 0.158287 -6.97658e-5 -0.9873932 0.1592954 2.79149e-5 -0.987231 0.1583189 0 -0.987388 0.1603745 0 -0.9870563 0.1603719 0 -0.9870567 0.1596913 0 -0.987167 -1 0 0 -1 0 0 -1 0 0 -1 0 0 -1 0 0 -1 0 0 -1 0 0 -1 0 0 -1 0 0 -1 0 0 -1 0 0 -1 0 0 -1 0 0 -1 0 0 -1 0 0 -1 0 0 -1 0 0 -1 0 0 -1 0 0 -1 0 0 -1 0 0 -1 0 0 -1 0 0 -1 0 0 -1 0 0 -1 0 0 -1 0 0 -1 0 0 -1 0 0 -1 0 0 -1 0 0 -1 0 0 -1 0 0 -1 0 0 -1 0 0 -1 0 0 -1 3.8809e-5 6.08687e-5 -1 1.16009e-5 -1.83737e-6 -1 1.11762e-5 -2.39908e-6 -1 0 0 -1 0 0 -1 0 0 -1 0 0 -1 0 0 -1 0 0 -1 0 0 -1 0 0 -1 0 0 -1 0 0 -1 0 0 -1 0 0 -1 0 0 -1 0 0 -1 0 0 -1 0 0 -1 0 0 -1 0 0 -1 0 0 -1 0 0 -1 0 0 -1 0 0 -1 0 0 -1 0 0 -1 0 0 -1 0 0 -1 0 0 -1 0 0 -1 0 0 -1 -1.81635e-6 -2.40227e-6 -1 -1.3007e-5 0 -1 -1.16163e-5 -1.8398e-6 -1 -7.57401e-5 1.46002e-4 -1 0 0 -1 0 0 -1 0 0 -1 0 0 -1 0 0 -1 0 0 -1 0 0 -1 0 0 0.7071079 0 -0.7071056 0.7071067 0 -0.7071068 0.7071063 4.19192e-6 -0.7071074 0.7071068 -1.18761e-5 -0.7071068 0.7071053 0 -0.7071082 0.7071068 0 -0.7071068 0.707107 0 -0.7071067 0.7071075 -5.44215e-6 -0.7071062 0.7071062 -1.69146e-6 -0.7071074 0.7071087 0 -0.7071049 0.7071065 -3.37008e-7 -0.7071071 0.7071076 2.94881e-7 -0.707106 0.7071065 0 -0.7071071 0.7070997 0 -0.707114 0.7071241 -2.38145e-6 -0.7070895 0.707096 9.32986e-5 -0.7071176 0.7071253 1.84318e-5 -0.7070884 0.7070949 0 -0.7071188 0.7071025 1.35987e-5 -0.7071111 0.7071084 -6.08275e-6 -0.7071052 0.7071083 -9.56216e-7 -0.7071053 0.7071075 -9.56734e-7 -0.7071062 0.7071065 2.83602e-7 -0.7071072 0.7071112 -3.5115e-5 -0.7071024 0.7071121 4.30478e-5 -0.7071014 0.7071088 0 -0.7071048 0.7071045 2.08864e-6 -0.7071091 0.7071064 -7.36376e-7 -0.7071072 0.7071057 1.38398e-6 -0.7071079 0.7071071 0 -0.7071065 0.7071036 -3.61881e-6 -0.70711 0.7071031 0 -0.7071105 0.7071101 0 -0.7071035 0.707108 -1.77661e-6 -0.7071057 0.7071053 -1.77811e-6 -0.7071082 0.7071073 0 -0.7071064 0.7071062 8.08152e-7 -0.7071074 0.7071105 -8.70322e-6 -0.7071031 0.7071064 6.51327e-6 -0.7071072 0.6427863 0 0.7660456 0.6427881 0 0.7660441 0.642788 2.74934e-6 0.7660442 0.6427893 -5.37906e-6 0.766043 0.6427869 -1.91358e-6 0.766045 0.6427848 -3.69917e-6 0.7660469 0.6427889 2.00755e-6 0.7660434 0.6427876 0 0.7660445 0.6427872 0 0.7660448 0.6427882 0 0.766044 0.6427862 4.16037e-6 0.7660456 0.642789 -1.31405e-6 0.7660434 0.6427862 3.25129e-6 0.7660458 0.6427805 7.51509e-6 0.7660505 0.6427939 -5.00673e-6 0.7660392 0.6427885 0 0.7660437 0.6427878 2.71433e-6 0.7660443 0.6427881 0 0.7660441 0.642786 0 0.7660459 0.642786 3.21056e-6 0.7660459 0.642797 -1.27025e-5 0.7660366 0.6427834 1.03764e-5 0.766048 0.6427917 -5.30738e-6 0.7660411 0.6427872 5.04304e-7 0.7660448 0.6427879 -3.89493e-7 0.7660443 0.6427876 0 0.7660445 0.6427881 0 0.7660441 0.6427889 -5.03532e-6 0.7660435 0.6427743 0 0.7660557 0.6428216 -7.7064e-6 0.766016 0.6427877 0 0.7660445 0.642787 0 0.766045 0.6427871 -1.17132e-6 0.7660449 0.6427614 0 0.7660665 0.6428353 1.14555e-5 0.7660045 0.6427739 4.83914e-6 0.766056 0.6427873 -1.76121e-7 0.7660447 0.6427878 0 0.7660444 0.6427876 0 0.7660446 0.6427885 7.48789e-7 0.7660438 0.6427875 0 0.7660447 0.6427875 0 0.7660446 0.6427866 0 0.7660453 0.6427881 0 0.7660441 0.6427879 0 0.7660443 0.642787 0 0.766045 0.6427879 0 0.7660443 0.6427879 -1.86461e-7 0.7660442 0.6427879 0 0.7660441 0.6427859 0 0.7660459 0.6427868 0 0.7660452 0.6427886 0 0.7660437 0.6427882 0 0.7660439 0.6427875 0 0.7660446 0.6427872 0 0.7660449 0.6427868 0 0.7660453 0.642788 0 0.7660442 0.3167908 -0.9382586 0.1389763 0.3295565 -0.934941 0.1314457 0.8263461 -0.1879665 0.530868 0.8927246 -0.3012221 0.3351241 0.8782895 -0.4621012 0.1227598 0.9033324 -0.4167048 0.1017239 0.9095055 -0.3977362 0.1208544 0.8026168 -0.5826993 0.1275464 0.8274072 -0.5513339 0.1069042 0.8435689 -0.522009 0.126088 0.8483474 -0.5156885 0.1198846 0.868767 -0.4844891 0.1025393 0.7056902 -0.6964651 0.1301452 0.729295 -0.6752339 0.1104003 0.7547956 -0.6427948 0.1307622 0.758531 -0.6393378 0.1260066 0.7842124 -0.611658 0.1043342 0.6193972 -0.7747523 0.1269091 0.6330487 -0.7654607 0.1154096 0.6585547 -0.740983 0.1313388 0.6613717 -0.7389547 0.1285825 0.6820243 -0.7228258 0.111202 0.5693009 -0.8037682 0.1727805 0.5799233 -0.80294 0.1377542 0.5990946 -0.791356 0.121826 0.5677121 -0.816407 0.1057476 0.5309715 -0.8362674 0.1368445 0.5054625 -0.8544321 0.1202228 0.4844908 -0.8638717 0.1378204 0.4744824 -0.8656712 0.1596243 0.470833 -0.8747702 0.1144272 0.4415002 -0.8864014 0.1391766 0.6561319 -0.1735221 0.7344256 0.6584392 -0.1729545 0.732492 0.6594069 -0.1699405 0.732327 0.6621997 -0.1691447 0.7299875 0.6632626 -0.1655651 0.7298431 0.666459 -0.164505 0.7271662 0.6675541 -0.1604277 0.7270726 0.6710884 -0.1590557 0.7241144 0.6721495 -0.1545479 0.7241064 0.6759825 -0.1528206 0.7208977 0.6769738 -0.147769 0.7210206 0.6812663 -0.1455129 0.7174276 0.6821272 -0.1398065 0.7177442 0.6851106 -0.1379655 0.7152546 0.6865016 -0.1342313 0.7146311 0.689059 -0.1325107 0.7124876 0.6899176 -0.1269984 0.7126606 0.6938464 -0.1239581 0.7093741 0.6944527 -0.1180257 0.7097926 0.6988135 -0.1140994 0.7061452 0.6990568 -0.1078586 0.7068848 0.7038814 -0.1027205 0.7028511 0.7036635 -0.09665107 0.7039292 0.7081362 -0.09094727 0.7001941 0.7077186 -0.08597165 0.7012442 0.7118573 -0.0797584 0.6977807 0.7109995 -0.07535696 0.6991432 0.7150459 -0.06804811 0.6957578 0.7139578 -0.06443905 0.6972172 0.8279029 -0.1982947 0.5246487 0.8160739 -0.2197059 0.5345584 0.8167058 -0.2321469 0.5282987 0.8046146 -0.250355 0.5384403 0.8038167 -0.2644536 0.532863 0.7907254 -0.2811329 0.5437992 0.7888024 -0.2982771 0.5374214 0.7744676 -0.3135728 0.549429 0.7710434 -0.3311101 0.5439285 0.7579399 -0.3429423 0.5549035 0.7534602 -0.3595525 0.5504724 0.7416505 -0.3687163 0.5603597 0.7364927 -0.3841055 0.5568138 0.7288043 -0.3893007 0.5632845 0.7231056 -0.3997648 0.5632997 0.7141599 -0.4052681 0.5707307 0.7085171 -0.421016 0.5663473 0.6957641 -0.4277219 0.5770324 0.6899732 -0.4415826 0.5735346 0.6786583 -0.4466717 0.5830158 0.6728815 -0.4589673 0.5801548 0.6625227 -0.4629668 0.5888341 0.6568199 -0.474021 0.5864229 0.6474487 -0.4771212 0.5942773 0.6420835 -0.4867494 0.592287 0.6338869 -0.4890766 0.599159 0.6291024 -0.4971451 0.5975593 0.3315026 -0.9320703 0.1461198 0.3487145 -0.9279278 0.1317129 0.3667882 -0.9195374 0.1411297 0.3741374 -0.9174968 0.1349853 0.3986579 -0.9070708 0.1352576 0.3979024 -0.9061133 0.1436402 0.418673 -0.899318 0.1262542 0.6552898 -0.176007 0.7345862 0.6222456 -0.4988275 0.6033089 0.6182452 -0.5052543 0.6020724 0.5064926 -0.7692909 0.3894312 0.8919335 -0.3167991 0.3226346 0.8729124 -0.3512476 0.3385988 0.8701521 -0.3698985 0.3255926 0.8507229 -0.399206 0.341914 0.8454327 -0.4201481 0.3297261 0.8243924 -0.4469414 0.3473048 0.8162948 -0.4720652 0.3328923 0.7933127 -0.4966231 0.3521654 0.7826299 -0.5220858 0.338994 0.7617055 -0.5410016 0.3565419 0.7494701 -0.5648887 0.345247 0.7307726 -0.5794026 0.360921 0.7176735 -0.6012915 0.351274 0.70567 -0.6094445 0.3613963 0.6935922 -0.6244845 0.3590948 0.6796669 -0.6329846 0.3706528 0.665132 -0.654715 0.3590932 0.6453585 -0.6651163 0.3756765 0.6311272 -0.683919 0.3659691 0.613748 -0.6917392 0.3805397 0.5999953 -0.708156 0.372184 0.5842236 -0.7142426 0.3854094 0.5709658 -0.7287591 0.3780323 0.5567939 -0.7334463 0.3899194 0.544546 -0.7458858 0.3835676 0.5322265 -0.7493834 0.393903 0.5214485 -0.7596529 0.3886117 0.5068895 -0.763177 0.4007792 0.654371 -0.1762087 0.7353564 0.2324922 -0.01303595 0.972511 0.3589972 -0.008904933 0.9332962 0.4790483 -0.004502892 0.8777771 0.2382785 -0.02294838 0.9709258 0.241242 -0.07089191 0.9678722 0.2444874 -0.07327252 0.9668802 0.2587872 -0.1483537 0.954474 0.2494309 -0.1435943 0.9576873 0.2775835 -0.2255171 0.9338573 0.2541796 -0.2161345 0.9426975 0.2977859 -0.3025225 0.9054301 0.2553001 -0.2930961 0.9213668 0.3132323 -0.374117 0.8728814 0.2626473 -0.3630498 0.8939862 0.3360711 -0.4436231 0.8308157 0.2568098 -0.4442216 0.8583216 0.3327454 -0.5052222 0.7962607 0.2803512 -0.4876552 0.8267985 0.3327234 -0.5257653 0.7828576 0.3233869 -0.5215924 0.789533 0.3050374 -0.5953636 0.7432997 0.3762729 -0.6292159 0.6800781 0.2791789 -0.646703 0.709813 0.348443 -0.6919134 0.6323317 0.3679209 -0.6975746 0.6148365 0.2875295 -0.6958392 0.6581297 0.4061524 -0.7265128 0.5542739 0.2529673 -0.7784357 0.5744959 0.4110949 -0.7978638 0.4409246 0.2538994 -0.8532611 0.4555006 0.3863841 -0.8552202 0.3454069 0.3093166 -0.8740807 0.3745746 0.3628807 -0.01702278 0.9316802 0.3649892 -0.05131053 0.9295969 0.3672505 -0.05334275 0.9285913 0.3777085 -0.1083357 0.919565 0.3710992 -0.104293 0.9227179 0.3919674 -0.1650655 0.9050497 0.3752743 -0.1572241 0.9134823 0.40776 -0.2217099 0.8857634 0.37759 -0.2140704 0.9008882 0.4208827 -0.2746225 0.8645464 0.3846181 -0.2659983 0.8839197 0.4392946 -0.3262134 0.8370217 0.3839156 -0.3279126 0.8631815 0.4406778 -0.3732467 0.8163884 0.4017479 -0.3598163 0.8420992 0.4657059 -0.4062197 0.7861958 0.3894324 -0.4248774 0.8172035 0.4831249 -0.4712826 0.7378911 0.3997005 -0.4988451 0.7690208 0.479814 -0.5253701 0.702684 0.4220656 -0.526055 0.738327 0.5088375 -0.5495714 0.6626127 0.4088826 -0.5997746 0.6878122 0.5232228 -0.6139708 0.5909972 0.4219214 -0.66956 0.6112871 0.534271 -0.6694533 0.5161268 0.4327348 -0.7281662 0.531521 0.541812 -0.7166587 0.4391357 0.4402816 -0.7772269 0.4495224 0.6537129 -0.1751341 0.736198 0.6475585 -0.1762803 0.7413457 0.6606681 -0.1598338 0.733465 0.6389568 -0.162026 0.7519853 0.6527118 -0.1467093 0.7432656 0.6303656 -0.1466397 0.7623228 0.6446506 -0.1326478 0.7528812 0.6219113 -0.1297461 0.7722645 0.6365429 -0.1175374 0.7622324 0.6183926 -0.1123714 0.7777939 0.6298933 -0.1121962 0.7685353 0.6132831 -0.1067515 0.7826161 0.6267973 -0.100334 0.7726955 0.6075099 -0.0907154 0.7891151 0.6201653 -0.0866155 0.779675 0.6061278 -0.07633173 0.7916961 0.6144475 -0.07985359 0.7849063 0.6020723 -0.0699433 0.7953723 0.611879 -0.07003647 0.7878445 0.5997508 -0.0566411 0.7981797 0.6066646 -0.05925405 0.7927466 0.596942 -0.04559904 0.8009876 0.6024602 -0.04801338 0.7967035 0.5950566 -0.033293 0.8029939 0.5981494 -0.03565645 0.8005911 0.593371 -0.02176398 0.8046349 0.5945525 -0.02298283 0.8037284 0.5921918 -0.01063752 0.8057269 0.591816 -0.01003509 0.8060106 0.5913292 -0.002552926 0.8064262 0.590754 -4.09101e-4 0.8068517 0.3104091 -0.9395866 0.1443027 0.3402435 -0.9035762 0.2603548 0.4002565 -0.8926931 0.2071079 0.2392849 -0.947448 0.2123323 0.3558316 -0.9274142 0.115268 0.3104203 -0.9396839 0.1436436 0.4985622 -0.7679345 0.4021347 0.4929332 -0.7722358 0.4008352 0.6142347 -0.5061183 0.6054421 0.4812571 -0.01041418 0.8765177 0.4825291 -0.03088086 0.8753354 0.4838317 -0.03239166 0.8745614 0.4902982 -0.06635451 0.8690252 0.4864081 -0.06333839 0.871433 0.4995019 -0.1015156 0.8603445 0.4895319 -0.09568673 0.8667194 0.5100815 -0.1364702 0.8492308 0.4921625 -0.1307326 0.8606306 0.5195397 -0.1690681 0.8375528 0.4976978 -0.1627699 0.8519406 0.5321759 -0.2008059 0.8224754 0.4999779 -0.2016941 0.8422243 0.5357224 -0.2302017 0.8124092 0.5111728 -0.2210216 0.8305733 0.5514755 -0.2504637 0.7957026 0.5085424 -0.2632148 0.8198186 0.5659109 -0.2917117 0.7711351 0.5196123 -0.3108581 0.7958458 0.5689805 -0.3270397 0.7545238 0.533968 -0.3279166 0.779326 0.5875481 -0.3428926 0.7329475 0.5345109 -0.3782933 0.7557725 0.6035692 -0.3869622 0.6971116 0.5507596 -0.42695 0.7172013 0.6186758 -0.4269948 0.6594815 0.566686 -0.4701678 0.676616 0.6327047 -0.463329 0.6204925 0.5817409 -0.5090028 0.634424 0.6132092 -0.5034783 0.6086742 0.2325083 0 0.9725945 0.2325058 0 0.9725951 0.3590051 0 0.9333356 0.359005 0 0.9333357 0.4790506 0 0.8777873 0.4790573 0 0.8777837 0.5907473 0 0.8068566 0.5907186 -5.80517e-7 0.8068778 0.3158057 0.9384694 0.1397937 0.4965056 0.7714866 0.3978576 0.6539548 0.1762313 0.7357213 0.3062151 0.9419345 0.1378108 0.3021042 0.9427503 0.1412618 0.238201 0.9495036 0.2042142 0.4137923 0.8840515 0.2173221 0.3489094 0.8956926 0.2756755 0.2906624 0.8718689 0.3941576 0.4031607 0.8340823 0.3765214 0.3032134 0.8326368 0.4634413 0.3559926 0.73961 0.5711799 0.3224737 0.7321926 0.5999205 0.3312373 0.6661049 0.6682711 0.3082442 0.6575599 0.6874595 0.3301809 0.5840268 0.741548 0.3141515 0.5752302 0.755261 0.3096834 0.4960207 0.8112087 0.34132 0.4978822 0.7972542 0.2937483 0.4576603 0.8392015 0.3027096 0.4089239 0.8608996 0.2899784 0.3950492 0.871693 0.2927398 0.3440704 0.892143 0.300076 0.3490624 0.8877556 0.2703667 0.3059234 0.9128596 0.2846195 0.2735074 0.9187957 0.2589309 0.2217099 0.9401062 0.2710782 0.2016019 0.9412084 0.2341602 0.08712029 0.9682868 0.2315906 0.08876359 0.9687553 0.4907206 0.7755842 0.3970673 0.4872828 0.7762711 0.3999483 0.4944275 0.7148432 0.4945105 0.4780604 0.7162649 0.5083532 0.4809008 0.648649 0.5899058 0.4552399 0.647323 0.6113343 0.4725398 0.5604862 0.6801186 0.4534683 0.5561439 0.69647 0.4479199 0.4989467 0.741903 0.4360648 0.4945669 0.7518319 0.4403998 0.4324445 0.7867908 0.4148666 0.4182385 0.8080608 0.4315688 0.3551082 0.8292446 0.4120351 0.3384256 0.8459877 0.4130434 0.2983908 0.8604407 0.4000602 0.2842418 0.8712971 0.4061307 0.2489483 0.8792513 0.3896023 0.2249548 0.8930876 0.3970621 0.1982719 0.8961194 0.3793621 0.1625837 0.9108518 0.3866338 0.1460354 0.9105976 0.3598851 0.06340622 0.9308396 0.3582527 0.06464964 0.9313836 0.6114919 0.509331 0.6055244 0.6127285 0.509082 0.6044827 0.6006019 0.4601558 0.6538609 0.5938478 0.4607383 0.6595947 0.5807392 0.4109638 0.7027453 0.5695387 0.410418 0.7121677 0.5646829 0.3495913 0.747609 0.5575789 0.3479445 0.7536846 0.5453713 0.3090074 0.7791564 0.5422078 0.3078424 0.7818209 0.5361921 0.2658104 0.801151 0.5246927 0.2594258 0.8107995 0.5268778 0.2166291 0.8218708 0.5180619 0.2090857 0.8293944 0.5143775 0.1817253 0.8380883 0.5086653 0.1755005 0.8428874 0.5088717 0.1511741 0.8474645 0.5003229 0.1387605 0.8546477 0.5025309 0.1202067 0.8561618 0.4925454 0.1000733 0.864514 0.4957131 0.08850175 0.8639653 0.4795649 0.03843814 0.8766643 0.4786851 0.03929471 0.8771069 0.5906705 0.01308047 0.806807 0.5908928 0.01278346 0.8066488 0.5966207 0.03076845 0.8019333 0.5961695 0.0350365 0.8020939 0.5995377 0.04186856 0.7992506 0.599831 0.04868233 0.7986444 0.6024754 0.05253356 0.7964068 0.6038519 0.06136709 0.7947309 0.6052669 0.06291753 0.7935322 0.6082142 0.07277297 0.7904301 0.610352 0.07459789 0.78861 0.6128013 0.08968937 0.7851308 0.6154206 0.0911501 0.7829107 0.6207424 0.1058538 0.7768357 0.6204589 0.1057506 0.7770764 0.6278445 0.1193311 0.7691368 0.6286201 0.1195145 0.7684746 0.635978 0.1407742 0.7587587 0.6379822 0.1408699 0.7570565 0.6478292 0.1585395 0.7451058 0.648333 0.158498 0.7446764 0.6584377 0.1764015 0.7316709 0.6532597 0.1774446 0.736047 0.6143181 0.5061024 0.6053708 0.6552879 0.1759443 0.7346029 0.9039203 0.4089906 0.1251199 0.8886701 0.3096159 0.338236 0.8238672 0.1932601 0.5328165 0.9087353 0.405992 0.09680211 0.8706102 0.4748382 0.1287122 0.8761389 0.4724212 0.09591019 0.8483458 0.5156906 0.1198859 0.8435673 0.5220121 0.1260868 0.8274074 0.5513335 0.1069039 0.7898716 0.5976435 0.1375688 0.7962795 0.5976408 0.09361958 0.7585307 0.6393384 0.1260067 0.7547922 0.6427987 0.1307616 0.7292986 0.6752299 0.1104008 0.6911707 0.7086416 0.1418106 0.6958286 0.7113245 0.0991978 0.661373 0.7389515 0.1285945 0.6585549 0.740983 0.1313381 0.6330472 0.7654619 0.1154101 0.6057353 0.7835798 0.1381573 0.6124022 0.7827857 0.1104994 0.5799247 0.8029389 0.1377555 0.5810653 0.8027808 0.1338145 0.5468003 0.8280839 0.1236394 0.5190376 0.8420838 0.1466121 0.5169115 0.8488866 0.1104276 0.4844861 0.8638738 0.1378234 0.4844567 0.8638797 0.1378898 0.4560398 0.8808497 0.1270105 0.4315028 0.8899837 0.147426 0.392534 0.9097468 0.1351953 0.4019492 0.9048519 0.1402849 0.4283541 0.8958701 0.1180233 0.3741374 0.9174968 0.1349852 0.3592998 0.9215162 0.1473484 0.3560336 0.9260045 0.125522 0.3315034 0.93207 0.1461198 0.3295572 0.9349409 0.1314446 0.3167871 0.9382618 0.1389634 0.6561103 0.1735305 0.734443 0.6595133 0.1726922 0.7315871 0.6583166 0.1702457 0.7332365 0.663472 0.1687839 0.7289149 0.6619682 0.1659904 0.7309209 0.667903 0.1640275 0.7259481 0.6660873 0.1609862 0.7282934 0.672665 0.1584488 0.7227834 0.6705452 0.1552625 0.7254397 0.6777188 0.1520357 0.7194321 0.6752091 0.1486915 0.7224842 0.6831819 0.1444992 0.715809 0.6801815 0.141006 0.7193542 0.6871641 0.1366868 0.7135281 0.6844352 0.1356211 0.7163487 0.6911957 0.1310599 0.7106841 0.6877674 0.1286581 0.714439 0.6960534 0.1222306 0.7075093 0.692247 0.120012 0.7116118 0.7010189 0.1120892 0.7042788 0.6968761 0.110175 0.7086786 0.7058945 0.1005587 0.7011426 0.7017056 0.09912186 0.7055381 0.7097354 0.08888608 0.6988383 0.7061845 0.08826601 0.7025045 0.7130994 0.07786768 0.6967251 0.7098362 0.07744747 0.7000961 0.7159628 0.06637781 0.6949758 0.7131243 0.06626349 0.6978989 0.8960113 0.3089303 0.3189448 0.8673178 0.3607566 0.3429498 0.875692 0.3610547 0.3206294 0.8433941 0.4096395 0.3476811 0.8526165 0.4104683 0.3233587 0.8150636 0.4581523 0.3546375 0.8253238 0.4618386 0.3248783 0.7828905 0.5071253 0.3604254 0.7926567 0.5125205 0.3301789 0.7511174 0.5500775 0.3650172 0.7596462 0.556587 0.3363757 0.7204072 0.5870627 0.3692842 0.7276445 0.5942521 0.3426339 0.6957326 0.6159486 0.3695451 0.7032956 0.6183087 0.350813 0.6701882 0.6385377 0.3783087 0.6741976 0.6496776 0.3512501 0.6367256 0.6694193 0.3826988 0.639418 0.6799892 0.3588308 0.6058808 0.6950987 0.3869708 0.6075799 0.705071 0.3656796 0.5770125 0.7168847 0.3913221 0.5779426 0.726325 0.3720676 0.5504211 0.735448 0.3951621 0.5507339 0.7440334 0.3782941 0.5268392 0.7508395 0.3983473 0.526703 0.7582991 0.3841442 0.5068899 0.7631767 0.4007791 0.5064916 0.7692927 0.3894293 0.8305148 0.1934033 0.5223414 0.8126398 0.2257007 0.5372855 0.8202399 0.2266649 0.5251948 0.8000932 0.256958 0.5420549 0.8083884 0.2584446 0.5288807 0.7849669 0.2882502 0.5483967 0.7945465 0.2919504 0.5324105 0.7680447 0.3202196 0.5545871 0.7773745 0.325227 0.5384389 0.7514302 0.3486602 0.5601685 0.7598355 0.3544777 0.5449731 0.7352958 0.3735246 0.5655259 0.7426981 0.3798201 0.5514856 0.7227059 0.3933516 0.5683051 0.7291063 0.3959951 0.5582042 0.708384 0.4087415 0.5754325 0.7141116 0.4179948 0.5615381 0.6905121 0.430413 0.5813241 0.6950672 0.4392286 0.5691748 0.6738801 0.4487627 0.5869392 0.6775239 0.4571291 0.5761896 0.6581469 0.4646139 0.592433 0.6610761 0.4725778 0.5827938 0.6435887 0.4783679 0.5974594 0.645848 0.4856529 0.5890855 0.6306295 0.4899784 0.6018534 0.6322894 0.4963455 0.5948539 0.6196467 0.4994513 0.6054638 0.6207993 0.5046951 0.5999094 0.7981047 -0.01976102 -0.6021947 0.7393791 -0.00464487 0.6732734 0.8564572 -0.1143056 0.5034038 0.8567484 -0.1158229 0.5025608 0.9177982 -0.115687 0.3798198 0.9254004 -0.1293196 0.3562453 0.9756898 -0.1171357 0.1852262 0.97569 -0.1171355 0.1852255 0.9934352 -0.1048789 0.04568481 0.9914296 -0.09415215 -0.09056919 0.9915819 -0.09074336 -0.09236395 0.9313548 -0.0576781 -0.3595159 0.8906276 -0.1782218 -0.4183533 0.9531859 -0.06641739 -0.2950008 0.8457006 -0.3881307 0.3662583 0.9991729 -0.03857302 -0.01287835 0.9353832 -0.3233441 0.1432027 0.949882 -0.2941489 -0.1058343 0.9612463 -0.2471418 -0.1221746 0.9065882 -0.1936766 -0.3749496 0.9133345 -0.1495245 -0.3787646 0.7854709 -0.07850217 -0.6138999 0.7657124 -0.14701 -0.6261569 0.813288 -0.4187672 -0.4039761 0.904688 -0.3978544 -0.1524851 0.9111031 -0.396081 -0.1140658 0.8708794 -0.4665881 -0.1544826 0.875716 -0.4643976 -0.1321228 0.8471651 -0.5125747 -0.1399238 0.820189 -0.5476735 -0.1653599 0.8276036 -0.5501875 -0.1112022 0.7809094 -0.6041685 -0.1586217 0.784802 -0.6015681 -0.1490024 0.7494189 -0.6469645 -0.140742 0.8229955 -0.3892917 -0.4136793 0.8497634 -0.3585272 -0.3864719 0.8378423 -0.353004 -0.4164234 0.8715628 -0.3061386 -0.3829587 0.8608889 -0.3032255 -0.4085642 0.8891952 -0.2541421 -0.3804522 0.8799413 -0.2533609 -0.401885 0.7667804 -0.1361537 -0.6273038 0.7760747 -0.125628 -0.6180015 0.7698031 -0.1231901 -0.6262806 0.7814869 -0.1069247 -0.6146913 0.7760018 -0.1055395 -0.6218383 0.7858 -0.08853441 -0.6121111 0.7811284 -0.08801478 -0.6181357 0.7393868 0 0.6732809 0.7393872 0 0.6732805 0.8621092 0 0.5067227 0.8621088 0 0.5067234 0.9240021 0 0.3823876 0.9824531 0 0.1865105 0.9989445 0 0.04593384 0.9989445 0 0.04593384 0.9956898 0 -0.09274661 0.9956898 0 -0.09274655 0.9552953 0 -0.2956535 0.9552955 0 -0.2956526 0.9051181 0 -0.4251604 0.9051175 0 -0.4251617 0.7982597 0 -0.6023134 0.7982597 0 -0.6023135 0.6956897 -0.692365 -0.1914328 0.8020313 -0.4292944 -0.4152736 0.7669789 -0.145828 -0.6248822 0.3026567 -0.02988469 -0.9526311 0.3425279 -0.05368429 -0.9379726 0.3485049 -0.09372627 -0.9326092 0.3831056 -0.1342847 -0.9138915 0.3813574 -0.1398231 -0.9137923 0.4032991 -0.2030071 -0.8922657 0.4047801 -0.1950001 -0.8933801 0.4277958 -0.2432762 -0.8705214 0.4275234 -0.2456774 -0.8699808 0.4509723 -0.2824402 -0.846671 0.450753 -0.2941463 -0.8427927 0.4724047 -0.3200302 -0.8212275 0.473879 -0.3391948 -0.812641 0.4997744 -0.3629276 -0.7864536 0.4984635 -0.3953043 -0.7715367 0.5277261 -0.4126812 -0.742428 0.531861 -0.4498358 -0.717476 0.56487 -0.4616022 -0.6839922 0.5630603 -0.5171765 -0.6445865 0.5980694 -0.5200382 -0.6098142 0.6062881 -0.5689744 -0.5555925 0.6261401 -0.5664703 -0.5357798 0.6419444 -0.6037121 -0.4726936 0.6507645 -0.6011121 -0.4638642 0.671508 -0.6265275 -0.3956518 0.6924228 -0.6168882 -0.3741654 0.6953331 -0.662056 -0.2796316 0.7693622 -0.606154 -0.2016412 0.7545944 -0.1402159 -0.6410357 0.7499018 -0.1434985 -0.6457983 0.7373906 -0.1328892 -0.6622655 0.7357192 -0.1336356 -0.663972 0.7243932 -0.128112 -0.6773787 0.7251769 -0.127876 -0.6765843 0.7146579 -0.119858 -0.6891287 0.713428 -0.1200181 -0.690374 0.7044109 -0.1093944 -0.7013118 0.6999081 -0.1090422 -0.7058601 0.6935539 -0.09676873 -0.7138759 0.6886945 -0.09501111 -0.7187995 0.6838428 -0.08647245 -0.7244871 0.6790435 -0.08361023 -0.7293211 0.6762731 -0.07599115 -0.7327211 0.6714823 -0.0715726 -0.7375561 0.6696438 -0.06684237 -0.7396684 0.6653083 -0.06166702 -0.7440176 0.6645242 -0.05873155 -0.7449552 0.6594404 -0.05074322 -0.7500423 0.6593509 -0.05013948 -0.7501616 0.6541058 -0.03914248 -0.7553898 0.6542312 -0.0411756 -0.7551729 0.647368 -0.02150309 -0.7618743 0.6453957 -0.02809095 -0.7633318 0.6410707 0.001198649 -0.767481 0.6363283 -0.009316563 -0.7713623 0.7811769 -0.4118561 -0.4691878 0.7630137 -0.4245089 -0.4874445 0.7434868 -0.3916876 -0.5420407 0.7339949 -0.3959763 -0.5517739 0.7108795 -0.378297 -0.5929096 0.7091042 -0.378823 -0.5946968 0.6888043 -0.3537645 -0.6327711 0.6807709 -0.3547931 -0.6408377 0.6651843 -0.3222693 -0.673552 0.6479629 -0.3209128 -0.6907669 0.6395888 -0.2839958 -0.7143337 0.6227418 -0.2779529 -0.7313924 0.6146282 -0.2529865 -0.747148 0.5991474 -0.2438114 -0.7626129 0.5958154 -0.2218745 -0.7718652 0.5814408 -0.2086846 -0.7863698 0.5784416 -0.1954755 -0.7919563 0.5659701 -0.1805714 -0.8044077 0.5649991 -0.1724548 -0.8068677 0.5508456 -0.1502702 -0.8209679 0.5508106 -0.1485905 -0.821297 0.5364866 -0.1185622 -0.8355389 0.5361268 -0.1241143 -0.8349633 0.5172793 -0.07051098 -0.852907 0.5083188 -0.08947163 -0.8565086 0.4964432 -0.008480906 -0.8680278 0.4778216 -0.03880184 -0.8775995 0.9756898 0.1171362 0.1852258 0.9160789 0.1306769 0.3791083 0.7393803 0.004641652 0.6732721 0.8570591 0.1150014 0.5022194 0.9756897 0.1171373 0.1852262 0.9934355 0.1048789 0.0456779 0.9914296 0.09415203 -0.09056895 0.785471 0.07849651 -0.6139006 0.9211878 0.155186 -0.3568339 0.902399 0.1907816 -0.386366 0.9634978 0.2530321 -0.08744549 0.9480094 0.2901534 -0.130726 0.9434124 0.3188629 0.09110218 0.9637388 0.2072934 0.1680387 0.8456937 0.3881485 0.3662555 0.9277178 0.1154136 0.3549923 0.8563071 0.1158211 0.5033129 0.9915818 0.0907433 -0.09236407 0.9531861 0.06641721 -0.2950001 0.9156248 0.139922 -0.3768996 0.9040593 0.04833781 -0.4246649 0.7981036 0.01976102 -0.6021962 0.6363692 3.522e-7 -0.7713847 0.6363577 0 -0.7713941 0.4781593 0 -0.8782731 0.4781613 0 -0.878272 0.3027514 0 -0.9530696 0.3027573 1.32228e-7 -0.9530678 0.8211885 0.4111164 -0.3957691 0.7685109 0.1443892 -0.623332 0.7750434 0.6125485 -0.1552162 0.7990751 0.5867028 -0.1313732 0.8211145 0.5510086 -0.1488646 0.8370432 0.5307056 -0.1330808 0.8574845 0.493171 -0.1466386 0.85751 0.4931474 -0.1465685 0.8770528 0.4632837 -0.1270704 0.8887338 0.4350279 -0.144579 0.9077162 0.4003407 -0.1256135 0.9155039 0.3761559 -0.142687 0.7494523 0.646934 -0.1407045 0.779453 0.6087807 -0.1477806 0.8096141 0.4070048 -0.422933 0.8329364 0.3822019 -0.4001737 0.8407165 0.3563206 -0.4077149 0.8535151 0.339869 -0.3949699 0.8584812 0.3170199 -0.4031235 0.8709707 0.2979585 -0.3906798 0.8736349 0.2782225 -0.3991922 0.8857014 0.2561994 -0.3871626 0.886549 0.2395566 -0.3957822 0.7626595 0.1424303 -0.6309234 0.7705758 0.1338948 -0.6231254 0.7714736 0.1244522 -0.6239714 0.7759137 0.118747 -0.6195622 0.7760809 0.1104797 -0.6208806 0.780411 0.1038725 -0.6165787 0.7800033 0.09677928 -0.6182466 0.7841817 0.08915936 -0.6140925 0.7833428 0.08319634 -0.6159972 0.7442758 0.651745 -0.1458836 0.4781357 -0.008804678 -0.8782418 0.6363444 -0.007937312 -0.7713644 0.4860111 0.01851052 -0.8737567 0.4862331 0.02390402 -0.8735021 0.502721 0.04275465 -0.8633909 0.506058 0.06431084 -0.8600986 0.5175099 0.07584822 -0.8523089 0.5247072 0.1028372 -0.8450485 0.5318226 0.1076298 -0.8399885 0.5390571 0.1248488 -0.8329647 0.5407788 0.1276102 -0.831429 0.5500958 0.1484693 -0.8217978 0.5490446 0.1480463 -0.8225768 0.5720026 0.1835939 -0.7994414 0.563245 0.1819663 -0.8060045 0.5937701 0.2152649 -0.7753053 0.5780461 0.2145819 -0.7872848 0.6164833 0.2445805 -0.7484174 0.5930525 0.2490296 -0.7656848 0.6278416 0.2666164 -0.7312528 0.6082561 0.2615494 -0.7494108 0.6471524 0.2793422 -0.7093389 0.6151317 0.2945329 -0.7313436 0.6735109 0.3070931 -0.6723667 0.6370086 0.3306504 -0.6963407 0.6922428 0.3316075 -0.6409652 0.6576277 0.3510895 -0.6665298 0.7159749 0.3451721 -0.6068247 0.6760067 0.3855255 -0.6280009 0.7352423 0.3687627 -0.5687115 0.6999389 0.3987727 -0.5925082 0.7588422 0.3755161 -0.5321151 0.7208356 0.426993 -0.5459607 0.7855902 0.3898514 -0.480483 0.7519056 0.4414332 -0.4896681 0.6385372 0.002717196 -0.7695863 0.638589 0.00378853 -0.7695388 0.6432672 0.01169431 -0.7655525 0.6443734 0.01877617 -0.7644805 0.6477993 0.02367949 -0.7614431 0.6503449 0.03314787 -0.7589157 0.652516 0.03527563 -0.7569535 0.6550946 0.04143083 -0.7544101 0.6557211 0.04251879 -0.7538052 0.6591268 0.05011385 -0.7503604 0.6587907 0.04991489 -0.7506686 0.6672065 0.06292426 -0.7422102 0.6644372 0.06199842 -0.744768 0.6755641 0.07414621 -0.7335636 0.6705414 0.07336872 -0.7382353 0.6844241 0.08421975 -0.7242036 0.6770617 0.08511006 -0.7309882 0.689516 0.09140932 -0.7184791 0.6824625 0.08931779 -0.7254428 0.6965119 0.09576708 -0.7111258 0.686801 0.1003164 -0.7198897 0.7071654 0.1047362 -0.6992478 0.6962836 0.1122441 -0.708936 0.7153209 0.1125801 -0.6896679 0.7044199 0.1189611 -0.6997434 0.7245222 0.1170217 -0.6792448 0.7134309 0.1304414 -0.6884776 0.7334542 0.1247173 -0.6681995 0.7227293 0.1349288 -0.6778323 0.7428185 0.1271235 -0.6573129 0.7331733 0.1446135 -0.6644877 0.7548096 0.1322102 -0.6424819 0.7466451 0.149927 -0.6481073 0.7597815 0.1525062 -0.6320396 0.7665899 0.1348578 -0.6278164 0.7815966 0.4473601 -0.4347135 0.8113235 0.3965054 -0.4295784 0.7293108 0.6459031 -0.2256436 0.6741736 0.6841 -0.278383 0.7449302 0.6091212 -0.2721219 0.6406942 0.6688399 -0.3770465 0.7178408 0.5932589 -0.3643466 0.6239929 0.6311402 -0.4607549 0.6868324 0.5865718 -0.4291794 0.5918017 0.6129396 -0.5235226 0.667419 0.5527801 -0.4989852 0.5749176 0.56278 -0.5939263 0.6341187 0.5334671 -0.5597378 0.546478 0.5317246 -0.6470168 0.6112622 0.4959033 -0.616797 0.518726 0.4761107 -0.7101 0.5743406 0.4523779 -0.6822662 0.514467 0.4253765 -0.744566 0.5437927 0.4321817 -0.7193807 0.4899021 0.4047851 -0.7721042 0.5292214 0.3968436 -0.74996 0.4690405 0.3499983 -0.8108652 0.4949052 0.3497586 -0.7954483 0.4468778 0.2974208 -0.8437069 0.4613113 0.2989036 -0.8353732 0.4247031 0.2422721 -0.8723139 0.4264569 0.2427561 -0.8713231 0.411346 0.2088664 -0.8872257 0.4087331 0.2051174 -0.8893054 0.3964883 0.1759415 -0.9010225 0.3845382 0.1701148 -0.907299 0.3721148 0.1235313 -0.9199297 0.3525537 0.1089194 -0.9294313 0.3463872 0.06890803 -0.9355574 0.317216 0.04487705 -0.9472909 0.316644 0.02975338 -0.9480778 0.3027495 -0.007131993 -0.9530435 0 0 1 0 -1 0 0 -1 0 0 0 -1 0 1 0 0 1 0 -1 3.88564e-7 0 -1 -5.82846e-7 0 -1 3.78956e-7 0 -1 -3.88564e-7 0 -1 -3.026e-7 0 -1 5.75583e-7 0 -1 -3.03165e-7 0 0 0.1564346 -0.9876884 0 0.4539906 -0.8910066 0 0.7071063 -0.7071073 0 0.7071075 -0.7071062 0 0.8910063 -0.4539911 0 0.9876886 -0.1564336 0 0.9876886 0.1564336 0 0.8910063 0.4539911 0 0.7071075 0.7071062 0 0.7071063 0.7071073 0 0.4539906 0.8910066 0 0.1564346 0.9876884 0 -0.1564346 0.9876884 0 -0.4539906 0.8910066 0 -0.7071075 0.7071062 0 -0.7071063 0.7071073 0 -0.8910063 0.4539911 0 -0.9876886 0.1564336 0 -0.9876886 -0.1564336 0 -0.8910063 -0.4539911 0 -0.7071063 -0.7071073 0 -0.7071075 -0.7071062 0 -0.4539906 -0.8910066 0 -0.1564346 -0.9876884 -0.7027128 -0.111299 -0.7027142 -0.7027135 -0.1112993 -0.7027135 -0.7027135 -0.3230015 -0.6339273 -0.7027137 -0.3230021 -0.6339269 -0.7027124 -0.5030881 -0.5030881 -0.7027134 -0.5030879 -0.5030869 -0.7027128 -0.6339274 -0.3230029 -0.702714 -0.6339268 -0.3230015 -0.7027128 -0.7027142 -0.1112992 -0.702714 -0.7027131 -0.111299 -0.7071071 -0.7071065 0 -0.7071068 -0.7071069 0 -0.7071068 0 -0.7071069 -0.7027139 -0.7027132 0.111299 -0.7027132 -0.7027139 0.1112992 -0.7027145 -0.6339263 0.3230013 -0.7027133 -0.633927 0.3230027 -0.7027137 -0.5030877 0.5030868 -0.7027133 -0.5030874 0.5030878 -0.702712 -0.3230025 0.6339285 -0.7027142 -0.323002 0.6339263 -0.7027143 -0.1112984 0.7027129 -0.702713 -0.1112993 0.702714 -0.7027131 0.7027137 -0.1113005 -0.7027133 0.7027139 -0.1112981 -0.7027134 0.6339267 -0.3230029 -0.7027133 0.6339274 -0.3230019 -0.7027133 0.5030874 -0.5030878 -0.7027142 0.5030872 -0.5030867 -0.702712 0.3230025 -0.6339285 -0.7027133 0.3230017 -0.6339275 -0.7027143 0.1112984 -0.7027129 -0.7027135 0.1112993 -0.7027135 -0.7071068 0 0.7071069 -0.7071065 0.7071072 0 -0.7071068 0.7071068 0 -0.7027128 0.111299 0.7027142 -0.702714 0.1112994 0.702713 -0.7027129 0.3230012 0.6339281 -0.7027132 0.3230019 0.6339275 -0.7027129 0.5030878 0.5030878 -0.702714 0.5030876 0.5030866 -0.7027131 0.6339271 0.3230027 -0.7027133 0.6339274 0.3230019 -0.702713 0.7027143 0.1112978 -0.7027134 0.7027135 0.1113001</float_array>
          <technique_common>
            <accessor source="#link_1_tip-mesh-normals-array" count="1864" stride="3">
              <param name="X" type="float"/>
              <param name="Y" type="float"/>
              <param name="Z" type="float"/>
            </accessor>
          </technique_common>
        </source>
        <vertices id="link_1_tip-mesh-vertices">
          <input semantic="POSITION" source="#link_1_tip-mesh-positions"/>
        </vertices>
        <triangles material="m_3-material" count="1904">
          <input semantic="VERTEX" source="#link_1_tip-mesh-vertices" offset="0"/>
          <input semantic="NORMAL" source="#link_1_tip-mesh-normals" offset="1"/>
          <p>0 0 1 0 2 0 3 1 4 1 5 1 6 2 7 2 8 2 6 3 8 3 9 3 6 4 10 4 7 4 7 5 10 5 11 5 7 6 11 6 12 6 12 7 11 7 13 7 12 8 13 8 5 8 5 9 13 9 14 9 5 10 14 10 3 10 8 11 15 11 9 11 9 12 15 12 16 12 9 13 16 13 17 13 17 14 16 14 18 14 17 15 18 15 19 15 20 16 21 16 22 16 22 17 21 17 23 17 22 18 23 18 18 18 18 19 23 19 24 19 18 20 24 20 19 20 25 21 26 21 27 21 27 22 26 22 28 22 27 23 28 23 29 23 29 24 28 24 30 24 22 25 31 25 20 25 20 26 31 26 32 26 20 27 32 27 33 27 33 28 32 28 30 28 33 29 30 29 34 29 34 30 30 30 28 30 35 31 36 31 37 31 37 32 36 32 38 32 37 33 38 33 39 33 39 34 38 34 40 34 39 35 40 35 41 35 37 36 42 36 35 36 35 37 42 37 43 37 35 38 43 38 44 38 44 39 43 39 45 39 44 40 45 40 25 40 25 41 45 41 46 41 25 42 46 42 26 42 41 43 40 43 47 43 47 44 40 44 48 44 47 45 48 45 49 45 49 46 48 46 50 46 49 47 50 47 51 47 1 48 0 48 52 48 0 49 53 49 52 49 52 50 53 50 54 50 52 51 54 51 55 51 55 52 54 52 56 52 55 53 56 53 51 53 51 54 56 54 57 54 51 55 57 55 49 55 58 56 59 56 60 56 61 57 62 57 63 57 63 58 62 58 64 58 63 59 64 59 65 59 65 60 64 60 66 60 66 61 64 61 67 61 67 62 64 62 68 62 67 63 68 63 69 63 70 64 71 64 72 64 72 65 71 65 69 65 72 66 69 66 73 66 73 67 69 67 68 67 74 68 75 68 76 68 76 69 75 69 77 69 76 70 77 70 78 70 78 71 77 71 79 71 78 72 79 72 70 72 70 73 79 73 80 73 70 74 80 74 71 74 61 75 81 75 62 75 62 76 81 76 82 76 62 77 82 77 83 77 83 78 82 78 84 78 60 79 59 79 85 79 84 80 82 80 59 80 59 81 82 81 86 81 59 82 86 82 85 82 87 83 88 83 60 83 60 84 88 84 89 84 60 85 89 85 58 85 90 86 91 86 92 86 87 87 93 87 88 87 88 88 93 88 90 88 88 89 90 89 94 89 94 90 90 90 92 90 95 91 96 91 97 91 97 92 96 92 98 92 91 93 99 93 92 93 92 94 99 94 97 94 92 95 97 95 100 95 100 96 97 96 98 96 95 97 101 97 96 97 96 98 101 98 102 98 96 99 102 99 103 99 103 100 102 100 104 100 105 101 106 101 104 101 104 102 106 102 107 102 104 103 107 103 103 103 104 104 108 104 105 104 105 105 108 105 109 105 105 106 109 106 110 106 110 107 109 107 111 107 110 108 111 108 112 108 112 109 111 109 113 109 112 110 113 110 114 110 114 111 113 111 115 111 114 112 115 112 116 112 117 113 118 113 119 113 119 114 118 114 120 114 119 115 120 115 121 115 121 116 120 116 122 116 121 117 122 117 123 117 123 118 122 118 124 118 123 119 124 119 125 119 125 120 124 120 126 120 125 121 126 121 127 121 126 122 128 122 127 122 127 123 128 123 129 123 127 124 129 124 130 124 130 125 129 125 131 125 130 126 131 126 132 126 121 127 123 127 133 127 134 128 135 128 136 128 69 129 71 129 137 129 117 130 119 130 138 130 138 131 119 131 139 131 140 132 141 132 139 132 139 133 141 133 142 133 139 134 142 134 138 134 143 135 144 135 145 135 145 136 144 136 146 136 145 137 146 137 140 137 140 138 146 138 147 138 140 139 147 139 141 139 143 140 145 140 148 140 148 141 145 141 149 141 148 142 149 142 150 142 150 143 149 143 151 143 151 144 149 144 152 144 151 145 152 145 153 145 153 146 152 146 154 146 154 147 152 147 155 147 154 148 155 148 156 148 156 149 155 149 157 149 156 150 157 150 158 150 79 151 77 151 159 151 159 152 77 152 75 152 160 153 80 153 79 153 161 154 71 154 80 154 162 155 163 155 67 155 67 156 163 156 66 156 164 157 165 157 65 157 65 158 165 158 63 158 166 159 167 159 168 159 168 160 167 160 169 160 170 161 171 161 172 161 136 162 135 162 171 162 171 163 135 163 173 163 171 164 173 164 172 164 174 165 175 165 176 165 175 166 177 166 176 166 176 167 177 167 178 167 176 168 178 168 136 168 136 169 178 169 179 169 136 170 179 170 134 170 176 171 180 171 174 171 174 172 180 172 130 172 174 173 130 173 132 173 170 174 181 174 182 174 182 175 181 175 162 175 182 176 162 176 137 176 137 177 162 177 67 177 137 178 67 178 69 178 65 179 66 179 164 179 164 180 66 180 163 180 164 181 163 181 183 181 183 182 163 182 162 182 183 183 162 183 169 183 169 184 162 184 181 184 169 185 181 185 168 185 168 186 181 186 170 186 168 187 170 187 166 187 166 188 170 188 172 188 74 189 158 189 75 189 75 190 158 190 157 190 75 191 157 191 159 191 159 192 157 192 155 192 159 193 155 193 184 193 184 194 155 194 152 194 184 195 152 195 185 195 185 196 152 196 149 196 185 197 149 197 186 197 186 198 149 198 145 198 186 199 145 199 187 199 187 200 145 200 140 200 187 201 140 201 188 201 188 202 140 202 139 202 188 203 139 203 133 203 133 204 139 204 119 204 133 205 119 205 121 205 79 206 159 206 160 206 160 207 159 207 184 207 160 208 184 208 189 208 189 209 184 209 185 209 189 210 185 210 190 210 190 211 185 211 186 211 190 212 186 212 191 212 191 213 186 213 187 213 191 214 187 214 192 214 192 215 187 215 188 215 192 216 188 216 193 216 193 217 188 217 133 217 193 218 133 218 194 218 194 219 133 219 123 219 194 220 123 220 125 220 80 221 160 221 161 221 161 222 160 222 189 222 161 223 189 223 195 223 195 224 189 224 190 224 195 225 190 225 196 225 196 226 190 226 191 226 196 227 191 227 197 227 197 228 191 228 192 228 197 229 192 229 198 229 198 230 192 230 193 230 198 231 193 231 199 231 199 232 193 232 194 232 199 233 194 233 200 233 200 234 194 234 125 234 200 235 125 235 127 235 71 236 161 236 137 236 137 237 161 237 195 237 137 238 195 238 182 238 182 239 195 239 196 239 182 240 196 240 170 240 170 241 196 241 197 241 170 242 197 242 171 242 171 243 197 243 198 243 171 244 198 244 136 244 136 245 198 245 199 245 136 246 199 246 176 246 176 247 199 247 200 247 176 248 200 248 180 248 180 249 200 249 127 249 180 250 127 250 130 250 201 251 202 251 203 251 204 252 205 252 206 252 207 253 208 253 209 253 210 254 211 254 212 254 213 255 131 255 129 255 214 256 215 256 216 256 217 257 218 257 219 257 220 258 221 258 222 258 223 259 224 259 225 259 226 260 227 260 228 260 229 261 4 261 3 261 229 262 3 262 230 262 213 263 129 263 231 263 232 264 233 264 234 264 234 265 233 265 235 265 234 266 235 266 236 266 237 267 238 267 239 267 239 268 238 268 240 268 239 269 240 269 241 269 19 270 24 270 242 270 242 271 243 271 19 271 19 272 243 272 244 272 19 273 244 273 17 273 17 274 244 274 9 274 9 275 244 275 245 275 9 276 245 276 6 276 6 277 245 277 246 277 6 278 246 278 247 278 13 279 11 279 247 279 247 280 11 280 10 280 247 281 10 281 6 281 3 282 14 282 230 282 230 283 14 283 13 283 230 284 13 284 248 284 248 285 13 285 247 285 118 286 214 286 120 286 120 287 214 287 216 287 120 288 216 288 122 288 122 289 216 289 249 289 211 290 231 290 212 290 212 291 231 291 129 291 212 292 129 292 250 292 250 293 129 293 128 293 250 294 128 294 251 294 251 295 128 295 126 295 251 296 126 296 249 296 249 297 126 297 124 297 249 298 124 298 122 298 215 299 252 299 216 299 216 300 252 300 253 300 216 301 253 301 249 301 249 302 253 302 254 302 249 303 254 303 251 303 251 304 254 304 255 304 251 305 255 305 250 305 250 306 255 306 256 306 250 307 256 307 212 307 212 308 256 308 209 308 212 309 209 309 210 309 210 310 209 310 208 310 252 311 217 311 253 311 253 312 217 312 219 312 253 313 219 313 254 313 254 314 219 314 257 314 254 315 257 315 255 315 255 316 257 316 258 316 255 317 258 317 256 317 256 318 258 318 259 318 256 319 259 319 209 319 209 320 259 320 234 320 209 321 234 321 207 321 207 322 234 322 236 322 218 323 220 323 219 323 219 324 220 324 222 324 219 325 222 325 257 325 257 326 222 326 260 326 257 327 260 327 258 327 258 328 260 328 261 328 258 329 261 329 259 329 259 330 261 330 262 330 259 331 262 331 234 331 234 332 262 332 206 332 234 333 206 333 232 333 232 334 206 334 205 334 221 335 223 335 222 335 222 336 223 336 225 336 222 337 225 337 260 337 260 338 225 338 263 338 260 339 263 339 261 339 261 340 263 340 264 340 261 341 264 341 262 341 262 342 264 342 265 342 262 343 265 343 206 343 206 344 265 344 241 344 206 345 241 345 204 345 204 346 241 346 240 346 224 347 226 347 225 347 225 348 226 348 228 348 225 349 228 349 263 349 263 350 228 350 266 350 263 351 266 351 264 351 264 352 266 352 267 352 264 353 267 353 265 353 265 354 267 354 268 354 265 355 268 355 241 355 241 356 268 356 269 356 241 357 269 357 239 357 239 358 269 358 203 358 239 359 203 359 237 359 237 360 203 360 202 360 227 361 229 361 228 361 228 362 229 362 230 362 228 363 230 363 266 363 266 364 230 364 248 364 266 365 248 365 267 365 267 366 248 366 247 366 267 367 247 367 268 367 268 368 247 368 246 368 268 369 246 369 269 369 269 370 246 370 245 370 269 371 245 371 203 371 203 372 245 372 244 372 203 373 244 373 201 373 201 374 244 374 243 374 201 375 243 375 270 375 270 376 243 376 242 376 70 377 72 377 271 377 272 378 273 378 274 378 275 379 276 379 277 379 278 380 279 380 280 380 281 381 282 381 283 381 283 382 282 382 76 382 283 383 76 383 78 383 284 384 285 384 281 384 281 385 285 385 286 385 281 386 286 386 282 386 287 387 288 387 284 387 284 388 288 388 289 388 284 389 289 389 285 389 290 390 291 390 292 390 292 391 291 391 293 391 292 392 293 392 294 392 294 393 293 393 295 393 294 394 295 394 287 394 287 395 295 395 296 395 287 396 296 396 288 396 297 397 298 397 290 397 290 398 298 398 299 398 290 399 299 399 291 399 300 400 301 400 302 400 300 401 302 401 303 401 303 402 302 402 304 402 303 403 304 403 305 403 301 404 300 404 306 404 306 405 300 405 307 405 306 406 307 406 308 406 309 407 310 407 307 407 307 408 310 408 311 408 307 409 311 409 308 409 312 410 313 410 309 410 309 411 313 411 314 411 309 412 314 412 310 412 315 413 316 413 317 413 317 414 316 414 318 414 317 415 318 415 319 415 319 416 318 416 320 416 315 417 317 417 321 417 321 418 317 418 322 418 321 419 322 419 323 419 323 420 322 420 324 420 323 421 324 421 325 421 325 422 324 422 326 422 325 423 326 423 327 423 327 424 326 424 96 424 327 425 96 425 103 425 279 426 328 426 290 426 290 427 328 427 329 427 290 428 329 428 297 428 276 429 330 429 331 429 332 430 333 430 275 430 273 431 334 431 335 431 336 432 337 432 272 432 337 433 336 433 303 433 276 434 331 434 277 434 277 435 331 435 338 435 277 436 338 436 339 436 339 437 338 437 340 437 339 438 340 438 341 438 341 439 340 439 342 439 341 440 342 440 343 440 343 441 342 441 344 441 343 442 344 442 345 442 345 443 344 443 346 443 345 444 346 444 347 444 347 445 346 445 348 445 347 446 348 446 349 446 273 447 335 447 274 447 274 448 335 448 350 448 274 449 350 449 351 449 351 450 350 450 352 450 351 451 352 451 353 451 353 452 352 452 354 452 353 453 354 453 355 453 355 454 354 454 356 454 355 455 356 455 357 455 357 456 356 456 358 456 357 457 358 457 359 457 359 458 358 458 360 458 359 459 360 459 361 459 272 460 274 460 336 460 336 461 274 461 351 461 336 462 351 462 362 462 362 463 351 463 353 463 362 464 353 464 363 464 363 465 353 465 355 465 363 466 355 466 364 466 364 467 355 467 357 467 364 468 357 468 365 468 365 469 357 469 359 469 365 470 359 470 366 470 366 471 359 471 361 471 366 472 361 472 367 472 279 473 290 473 280 473 280 474 290 474 292 474 280 475 292 475 368 475 368 476 292 476 294 476 368 477 294 477 369 477 369 478 294 478 287 478 369 479 287 479 370 479 370 480 287 480 284 480 370 481 284 481 371 481 371 482 284 482 281 482 371 483 281 483 372 483 372 484 281 484 283 484 372 485 283 485 271 485 271 486 283 486 78 486 271 487 78 487 70 487 72 488 348 488 271 488 271 489 348 489 346 489 271 490 346 490 372 490 372 491 346 491 344 491 372 492 344 492 371 492 371 493 344 493 342 493 371 494 342 494 370 494 370 495 342 495 340 495 370 496 340 496 369 496 369 497 340 497 338 497 369 498 338 498 368 498 368 499 338 499 331 499 368 500 331 500 280 500 280 501 331 501 330 501 280 502 330 502 278 502 72 503 73 503 348 503 348 504 73 504 68 504 348 505 68 505 349 505 349 506 68 506 64 506 349 507 64 507 62 507 275 508 277 508 332 508 332 509 277 509 339 509 332 510 339 510 373 510 373 511 339 511 341 511 373 512 341 512 374 512 374 513 341 513 343 513 374 514 343 514 375 514 375 515 343 515 345 515 375 516 345 516 376 516 376 517 345 517 347 517 376 518 347 518 377 518 377 519 347 519 349 519 377 520 349 520 378 520 378 521 349 521 62 521 378 522 62 522 83 522 83 523 360 523 378 523 378 524 360 524 358 524 378 525 358 525 377 525 377 526 358 526 356 526 377 527 356 527 376 527 376 528 356 528 354 528 376 529 354 529 375 529 375 530 354 530 352 530 375 531 352 531 374 531 374 532 352 532 350 532 374 533 350 533 373 533 373 534 350 534 335 534 373 535 335 535 332 535 332 536 335 536 334 536 332 537 334 537 333 537 83 538 84 538 360 538 360 539 84 539 59 539 360 540 59 540 361 540 361 541 59 541 58 541 361 542 58 542 367 542 367 543 58 543 89 543 367 544 89 544 88 544 303 545 336 545 300 545 300 546 336 546 362 546 300 547 362 547 307 547 307 548 362 548 363 548 307 549 363 549 309 549 309 550 363 550 364 550 309 551 364 551 312 551 312 552 364 552 365 552 312 553 365 553 379 553 379 554 365 554 366 554 379 555 366 555 380 555 380 556 366 556 367 556 380 557 367 557 381 557 381 558 367 558 88 558 381 559 88 559 94 559 94 560 324 560 381 560 381 561 324 561 322 561 381 562 322 562 380 562 380 563 322 563 317 563 380 564 317 564 379 564 379 565 317 565 319 565 379 566 319 566 312 566 312 567 319 567 320 567 312 568 320 568 313 568 94 569 92 569 324 569 324 570 92 570 100 570 324 571 100 571 326 571 326 572 100 572 98 572 326 573 98 573 96 573 382 574 383 574 384 574 385 575 386 575 387 575 25 576 27 576 388 576 30 577 32 577 389 577 22 578 18 578 390 578 7 579 12 579 391 579 392 580 393 580 394 580 395 581 396 581 397 581 397 582 396 582 398 582 398 583 396 583 399 583 399 584 396 584 400 584 399 585 400 585 401 585 401 586 400 586 402 586 402 587 400 587 403 587 402 588 403 588 404 588 404 589 403 589 405 589 405 590 403 590 406 590 405 591 406 591 407 591 407 592 406 592 408 592 407 593 408 593 409 593 409 594 408 594 391 594 409 595 391 595 410 595 410 596 391 596 411 596 411 597 391 597 12 597 411 598 12 598 5 598 412 599 413 599 48 599 413 600 412 600 393 600 393 601 412 601 414 601 393 602 414 602 394 602 392 603 394 603 415 603 415 604 394 604 416 604 415 605 416 605 417 605 417 606 416 606 418 606 417 607 418 607 419 607 420 608 421 608 422 608 422 609 421 609 423 609 422 610 423 610 419 610 424 611 425 611 426 611 424 612 426 612 427 612 426 613 428 613 427 613 427 614 428 614 429 614 427 615 429 615 420 615 420 616 429 616 430 616 420 617 430 617 421 617 425 618 424 618 431 618 431 619 424 619 432 619 431 620 432 620 433 620 15 621 8 621 434 621 434 622 8 622 7 622 435 623 16 623 15 623 16 624 435 624 18 624 22 625 390 625 31 625 32 626 31 626 436 626 437 627 29 627 30 627 29 628 437 628 27 628 438 629 44 629 25 629 48 630 40 630 412 630 412 631 40 631 38 631 412 632 38 632 414 632 414 633 38 633 36 633 414 634 36 634 35 634 419 635 418 635 422 635 422 636 418 636 416 636 422 637 416 637 439 637 439 638 416 638 394 638 439 639 394 639 440 639 440 640 394 640 414 640 440 641 414 641 438 641 438 642 414 642 35 642 438 643 35 643 44 643 7 644 391 644 434 644 434 645 391 645 408 645 434 646 408 646 441 646 441 647 408 647 406 647 441 648 406 648 442 648 442 649 406 649 403 649 442 650 403 650 443 650 443 651 403 651 400 651 443 652 400 652 444 652 444 653 400 653 396 653 444 654 396 654 445 654 445 655 396 655 395 655 445 656 395 656 446 656 397 657 447 657 395 657 395 658 447 658 448 658 395 659 448 659 446 659 446 660 448 660 449 660 446 661 449 661 450 661 15 662 434 662 435 662 435 663 434 663 441 663 435 664 441 664 451 664 451 665 441 665 442 665 451 666 442 666 452 666 452 667 442 667 443 667 452 668 443 668 453 668 453 669 443 669 444 669 453 670 444 670 454 670 454 671 444 671 445 671 454 672 445 672 455 672 455 673 445 673 446 673 455 674 446 674 456 674 456 675 446 675 450 675 456 676 450 676 457 676 18 677 435 677 390 677 390 678 435 678 451 678 390 679 451 679 458 679 458 680 451 680 452 680 458 681 452 681 459 681 459 682 452 682 453 682 459 683 453 683 460 683 460 684 453 684 454 684 460 685 454 685 461 685 461 686 454 686 455 686 461 687 455 687 462 687 462 688 455 688 456 688 462 689 456 689 463 689 463 690 456 690 457 690 463 691 457 691 464 691 31 692 390 692 436 692 436 693 390 693 458 693 436 694 458 694 465 694 465 695 458 695 459 695 465 696 459 696 466 696 466 697 459 697 460 697 466 698 460 698 467 698 467 699 460 699 461 699 467 700 461 700 468 700 468 701 461 701 462 701 468 702 462 702 469 702 469 703 462 703 463 703 469 704 463 704 387 704 387 705 463 705 464 705 387 706 464 706 385 706 32 707 436 707 389 707 389 708 436 708 465 708 389 709 465 709 470 709 470 710 465 710 466 710 470 711 466 711 471 711 471 712 466 712 467 712 471 713 467 713 472 713 472 714 467 714 468 714 472 715 468 715 473 715 473 716 468 716 469 716 473 717 469 717 474 717 474 718 469 718 387 718 474 719 387 719 475 719 475 720 387 720 386 720 475 721 386 721 476 721 30 722 389 722 437 722 437 723 389 723 470 723 437 724 470 724 477 724 477 725 470 725 471 725 477 726 471 726 478 726 478 727 471 727 472 727 478 728 472 728 479 728 479 729 472 729 473 729 479 730 473 730 480 730 480 731 473 731 474 731 480 732 474 732 481 732 481 733 474 733 475 733 481 734 475 734 482 734 482 735 475 735 476 735 482 736 476 736 483 736 27 737 437 737 388 737 388 738 437 738 477 738 388 739 477 739 484 739 484 740 477 740 478 740 484 741 478 741 485 741 485 742 478 742 479 742 485 743 479 743 486 743 486 744 479 744 480 744 486 745 480 745 487 745 487 746 480 746 481 746 487 747 481 747 488 747 488 748 481 748 482 748 488 749 482 749 384 749 384 750 482 750 483 750 384 751 483 751 382 751 25 752 388 752 438 752 438 753 388 753 484 753 438 754 484 754 440 754 440 755 484 755 485 755 440 756 485 756 439 756 439 757 485 757 486 757 439 758 486 758 422 758 422 759 486 759 487 759 422 760 487 760 420 760 420 761 487 761 488 761 420 762 488 762 427 762 427 763 488 763 384 763 427 764 384 764 424 764 424 765 384 765 383 765 424 766 383 766 432 766 297 767 329 767 447 767 447 768 329 768 448 768 329 769 328 769 448 769 448 770 328 770 279 770 448 771 279 771 449 771 449 772 279 772 278 772 449 773 278 773 450 773 330 774 276 774 464 774 464 775 276 775 385 775 330 776 464 776 278 776 278 777 464 777 457 777 278 778 457 778 450 778 476 779 386 779 273 779 276 780 275 780 385 780 385 781 275 781 333 781 385 782 333 782 386 782 386 783 333 783 334 783 386 784 334 784 273 784 305 785 433 785 303 785 303 786 433 786 432 786 303 787 432 787 337 787 337 788 432 788 272 788 432 789 383 789 272 789 272 790 383 790 382 790 272 791 382 791 273 791 273 792 382 792 483 792 273 793 483 793 476 793 118 794 117 794 489 794 141 795 147 795 490 795 286 796 285 796 491 796 223 797 221 797 492 797 147 798 146 798 490 798 490 799 146 799 144 799 490 800 144 800 143 800 489 801 117 801 493 801 493 802 117 802 138 802 493 803 138 803 490 803 490 804 138 804 142 804 490 805 142 805 141 805 297 806 447 806 494 806 288 807 296 807 495 807 490 808 151 808 496 808 496 809 151 809 153 809 496 810 153 810 154 810 143 811 148 811 490 811 490 812 148 812 150 812 490 813 150 813 151 813 489 814 497 814 118 814 118 815 497 815 498 815 118 816 498 816 214 816 214 817 498 817 499 817 214 818 499 818 215 818 215 819 499 819 252 819 221 820 220 820 492 820 492 821 220 821 218 821 492 822 218 822 499 822 499 823 218 823 217 823 499 824 217 824 252 824 227 825 226 825 492 825 492 826 226 826 224 826 492 827 224 827 223 827 227 828 492 828 229 828 229 829 492 829 500 829 229 830 500 830 4 830 4 831 500 831 501 831 4 832 501 832 5 832 402 833 404 833 502 833 296 834 295 834 495 834 495 835 295 835 293 835 495 836 293 836 291 836 501 837 503 837 5 837 5 838 503 838 504 838 5 839 504 839 411 839 411 840 504 840 502 840 411 841 502 841 410 841 410 842 502 842 409 842 404 843 405 843 502 843 502 844 405 844 407 844 502 845 407 845 409 845 494 846 447 846 505 846 505 847 447 847 397 847 505 848 397 848 506 848 494 849 507 849 297 849 297 850 507 850 508 850 297 851 508 851 298 851 298 852 508 852 495 852 298 853 495 853 299 853 299 854 495 854 291 854 491 855 285 855 495 855 495 856 285 856 289 856 495 857 289 857 288 857 286 858 491 858 282 858 282 859 491 859 509 859 282 860 509 860 76 860 76 861 509 861 510 861 76 862 510 862 74 862 510 863 511 863 74 863 74 864 511 864 512 864 74 865 512 865 158 865 158 866 512 866 496 866 158 867 496 867 156 867 156 868 496 868 154 868 397 869 398 869 506 869 506 870 398 870 399 870 506 871 399 871 502 871 502 872 399 872 401 872 502 873 401 873 402 873 513 874 514 874 515 874 515 875 514 875 516 875 515 876 516 876 517 876 518 877 519 877 516 877 520 878 521 878 522 878 519 879 523 879 516 879 516 880 523 880 524 880 516 881 524 881 517 881 525 882 526 882 527 882 528 883 529 883 522 883 522 884 529 884 530 884 522 885 530 885 520 885 531 886 532 886 522 886 527 887 533 887 525 887 525 888 533 888 534 888 525 889 534 889 535 889 536 879 537 879 535 879 535 890 537 890 538 890 535 891 538 891 525 891 539 879 540 879 516 879 516 892 540 892 541 892 516 893 541 893 518 893 521 894 542 894 522 894 522 895 542 895 543 895 522 896 543 896 544 896 526 897 525 897 516 897 516 898 525 898 545 898 516 899 545 899 539 899 544 900 546 900 522 900 522 901 546 901 547 901 522 902 547 902 548 902 532 903 549 903 522 903 522 904 549 904 550 904 522 905 550 905 551 905 548 906 552 906 522 906 522 907 552 907 553 907 522 908 553 908 531 908 513 909 554 909 514 909 514 910 554 910 522 910 514 911 522 911 555 911 555 912 522 912 551 912 556 913 557 913 558 913 558 914 557 914 559 914 556 915 560 915 557 915 557 916 560 916 561 916 557 917 561 917 562 917 563 918 564 918 565 918 565 919 564 919 566 919 565 920 566 920 557 920 557 921 566 921 567 921 557 922 567 922 568 922 562 923 569 923 557 923 557 924 569 924 570 924 557 925 570 925 571 925 572 926 573 926 565 926 565 927 573 927 574 927 571 928 575 928 557 928 557 929 575 929 576 929 557 930 576 930 577 930 578 931 579 931 580 931 580 932 579 932 581 932 580 933 581 933 565 933 565 934 581 934 582 934 565 935 582 935 572 935 568 936 583 936 557 936 557 937 583 937 584 937 557 938 584 938 559 938 559 939 584 939 585 939 577 940 586 940 557 940 557 941 586 941 587 941 557 942 587 942 588 942 574 943 589 943 565 943 565 944 589 944 590 944 565 945 590 945 563 945 591 946 592 946 580 946 580 947 592 947 593 947 580 948 593 948 578 948 594 949 595 949 584 949 584 950 595 950 596 950 584 951 596 951 585 951 594 952 584 952 597 952 597 953 584 953 598 953 597 954 598 954 599 954 600 955 601 955 602 955 599 956 603 956 597 956 597 957 603 957 604 957 597 958 604 958 605 958 605 944 604 944 606 944 605 959 606 959 602 959 602 960 606 960 607 960 602 961 607 961 600 961 608 962 609 962 610 962 610 963 611 963 608 963 608 964 611 964 612 964 608 965 612 965 613 965 613 966 612 966 614 966 613 967 614 967 601 967 601 968 614 968 615 968 601 969 615 969 602 969 616 970 24 970 23 970 616 971 23 971 617 971 618 972 619 972 620 972 621 973 618 973 622 973 623 974 0 974 624 974 624 975 0 975 2 975 624 976 2 976 621 976 625 977 56 977 626 977 626 978 56 978 54 978 626 979 54 979 623 979 623 980 54 980 53 980 623 981 53 981 0 981 627 982 47 982 628 982 628 983 47 983 49 983 628 984 49 984 625 984 625 985 49 985 57 985 625 986 57 986 56 986 629 987 37 987 630 987 630 988 37 988 39 988 630 989 39 989 627 989 627 990 39 990 41 990 627 991 41 991 47 991 45 992 43 992 629 992 629 993 43 993 42 993 629 994 42 994 37 994 629 995 631 995 45 995 45 996 631 996 632 996 45 997 632 997 46 997 46 998 632 998 26 998 26 999 632 999 28 999 28 1000 632 1000 633 1000 28 1001 633 1001 634 1001 566 1002 635 1002 567 1002 567 1003 635 1003 636 1003 567 1004 636 1004 568 1004 568 1005 636 1005 637 1005 568 1006 637 1006 583 1006 583 1007 637 1007 638 1007 583 1008 638 1008 584 1008 584 1009 638 1009 639 1009 584 1010 639 1010 598 1010 598 1011 639 1011 640 1011 598 1012 640 1012 599 1012 599 1013 640 1013 641 1013 599 1014 641 1014 603 1014 603 1015 641 1015 642 1015 603 1016 642 1016 604 1016 604 1017 642 1017 643 1017 604 1018 643 1018 606 1018 606 1019 643 1019 644 1019 606 1020 644 1020 607 1020 607 1021 644 1021 645 1021 607 1022 645 1022 600 1022 600 1023 645 1023 646 1023 600 1024 646 1024 601 1024 601 1025 646 1025 647 1025 601 1026 647 1026 613 1026 613 1027 647 1027 620 1027 613 1028 620 1028 608 1028 608 1029 620 1029 619 1029 608 1030 619 1030 609 1030 618 1031 620 1031 622 1031 622 1032 620 1032 647 1032 622 1033 647 1033 648 1033 648 1034 647 1034 646 1034 648 1035 646 1035 649 1035 649 1036 646 1036 645 1036 649 1037 645 1037 650 1037 650 1038 645 1038 644 1038 650 1039 644 1039 651 1039 651 1040 644 1040 643 1040 651 1041 643 1041 652 1041 652 1042 643 1042 642 1042 652 1043 642 1043 653 1043 653 1044 642 1044 641 1044 653 1045 641 1045 654 1045 654 1046 641 1046 640 1046 654 1047 640 1047 655 1047 655 1048 640 1048 639 1048 655 1049 639 1049 656 1049 656 1050 639 1050 638 1050 656 1051 638 1051 657 1051 657 1052 638 1052 637 1052 657 1053 637 1053 658 1053 658 1054 637 1054 636 1054 658 1055 636 1055 659 1055 659 1056 636 1056 635 1056 659 1057 635 1057 660 1057 23 1058 21 1058 617 1058 617 1059 21 1059 20 1059 617 1060 20 1060 661 1060 661 1061 20 1061 33 1061 661 1062 33 1062 634 1062 634 1063 33 1063 34 1063 634 1064 34 1064 28 1064 566 1065 662 1065 635 1065 635 1066 662 1066 660 1066 660 1067 662 1067 663 1067 660 1068 663 1068 616 1068 621 1069 622 1069 624 1069 624 1070 622 1070 648 1070 624 1071 648 1071 623 1071 623 1072 648 1072 649 1072 623 1073 649 1073 626 1073 626 1074 649 1074 650 1074 626 1075 650 1075 625 1075 625 1076 650 1076 651 1076 625 1077 651 1077 628 1077 628 1078 651 1078 652 1078 628 1079 652 1079 627 1079 627 1080 652 1080 653 1080 627 1081 653 1081 630 1081 630 1082 653 1082 654 1082 630 1083 654 1083 629 1083 629 1084 654 1084 655 1084 629 1085 655 1085 631 1085 631 1086 655 1086 656 1086 631 1087 656 1087 632 1087 632 1088 656 1088 657 1088 632 1089 657 1089 633 1089 633 1090 657 1090 658 1090 633 1091 658 1091 634 1091 634 1092 658 1092 659 1092 634 1093 659 1093 661 1093 661 1094 659 1094 660 1094 661 1095 660 1095 617 1095 617 1096 660 1096 616 1096 664 1097 662 1097 566 1097 665 1098 131 1098 213 1098 666 1099 665 1099 667 1099 668 1100 666 1100 669 1100 665 1101 213 1101 667 1101 667 1102 213 1102 231 1102 667 1103 231 1103 670 1103 670 1104 231 1104 211 1104 670 1105 211 1105 671 1105 671 1106 211 1106 210 1106 671 1107 210 1107 672 1107 672 1108 210 1108 208 1108 672 1109 208 1109 673 1109 673 1110 208 1110 207 1110 673 1111 207 1111 674 1111 674 1112 207 1112 236 1112 674 1113 236 1113 675 1113 675 1114 236 1114 235 1114 675 1115 235 1115 676 1115 676 1116 235 1116 233 1116 676 1117 233 1117 677 1117 233 1118 232 1118 677 1118 677 1119 232 1119 205 1119 677 1120 205 1120 678 1120 205 1121 204 1121 678 1121 678 1122 204 1122 240 1122 678 1123 240 1123 679 1123 679 1124 240 1124 238 1124 679 1125 238 1125 680 1125 680 1126 238 1126 237 1126 680 1127 237 1127 681 1127 681 1128 237 1128 202 1128 681 1129 202 1129 682 1129 666 1130 667 1130 669 1130 669 1131 667 1131 670 1131 669 1132 670 1132 683 1132 683 1133 670 1133 671 1133 683 1134 671 1134 684 1134 684 1135 671 1135 672 1135 684 1136 672 1136 685 1136 685 1137 672 1137 673 1137 685 1138 673 1138 686 1138 686 1139 673 1139 674 1139 686 1140 674 1140 687 1140 687 1141 674 1141 675 1141 687 1142 675 1142 688 1142 688 1143 675 1143 676 1143 688 1144 676 1144 689 1144 689 1145 676 1145 677 1145 689 1146 677 1146 690 1146 690 1147 677 1147 678 1147 690 1148 678 1148 691 1148 691 1149 678 1149 679 1149 691 1150 679 1150 692 1150 692 1151 679 1151 680 1151 692 1152 680 1152 693 1152 693 1153 680 1153 681 1153 693 1154 681 1154 694 1154 694 1155 681 1155 682 1155 694 1156 682 1156 695 1156 695 1157 682 1157 696 1157 695 1158 696 1158 697 1158 566 1159 564 1159 664 1159 664 1160 564 1160 563 1160 664 1161 563 1161 698 1161 698 1162 563 1162 590 1162 698 1163 590 1163 699 1163 699 1164 590 1164 589 1164 699 1165 589 1165 700 1165 700 1166 589 1166 574 1166 700 1167 574 1167 701 1167 701 1168 574 1168 573 1168 701 1169 573 1169 702 1169 702 1170 573 1170 572 1170 702 1171 572 1171 703 1171 703 1172 572 1172 582 1172 703 1173 582 1173 704 1173 704 1174 582 1174 581 1174 704 1175 581 1175 705 1175 705 1176 581 1176 579 1176 705 1177 579 1177 706 1177 706 1178 579 1178 578 1178 706 1179 578 1179 707 1179 707 1180 578 1180 593 1180 707 1181 593 1181 708 1181 708 1182 593 1182 592 1182 708 1183 592 1183 709 1183 709 1184 592 1184 591 1184 709 1185 591 1185 710 1185 710 1186 591 1186 580 1186 710 1187 580 1187 711 1187 711 1188 580 1188 565 1188 711 1189 565 1189 668 1189 242 1190 24 1190 616 1190 202 1191 201 1191 682 1191 682 1192 201 1192 270 1192 682 1193 270 1193 696 1193 696 1194 270 1194 242 1194 242 1195 616 1195 696 1195 696 1196 616 1196 697 1196 697 1197 616 1197 663 1197 697 1198 663 1198 662 1198 668 1199 669 1199 711 1199 711 1200 669 1200 683 1200 711 1201 683 1201 710 1201 710 1202 683 1202 684 1202 710 1203 684 1203 709 1203 709 1204 684 1204 685 1204 709 1205 685 1205 708 1205 708 1206 685 1206 686 1206 708 1207 686 1207 707 1207 707 1208 686 1208 687 1208 707 1209 687 1209 706 1209 706 1210 687 1210 688 1210 706 1211 688 1211 705 1211 705 1212 688 1212 689 1212 705 1213 689 1213 704 1213 704 1214 689 1214 690 1214 704 1215 690 1215 703 1215 703 1216 690 1216 691 1216 703 1217 691 1217 702 1217 702 1218 691 1218 692 1218 702 1219 692 1219 701 1219 701 1220 692 1220 693 1220 701 1221 693 1221 700 1221 700 1222 693 1222 694 1222 700 1223 694 1223 699 1223 699 1224 694 1224 695 1224 699 1225 695 1225 698 1225 698 1226 695 1226 697 1226 698 1227 697 1227 664 1227 664 1228 697 1228 662 1228 132 1229 131 1229 712 1229 712 1230 131 1230 665 1230 712 1231 665 1231 713 1231 665 1232 666 1232 713 1232 713 1233 666 1233 668 1233 713 1234 668 1234 714 1234 714 1235 668 1235 565 1235 714 1236 565 1236 557 1236 715 1237 716 1237 63 1237 717 1238 718 1238 716 1238 561 1239 560 1239 719 1239 63 1240 165 1240 715 1240 715 1241 165 1241 164 1241 715 1242 164 1242 720 1242 164 1243 183 1243 720 1243 720 1244 183 1244 169 1244 720 1245 169 1245 721 1245 169 1246 167 1246 721 1246 721 1247 167 1247 166 1247 721 1248 166 1248 722 1248 722 1249 166 1249 172 1249 722 1250 172 1250 723 1250 723 1251 172 1251 173 1251 723 1252 173 1252 724 1252 724 1253 173 1253 135 1253 724 1254 135 1254 725 1254 135 1255 134 1255 725 1255 725 1256 134 1256 179 1256 725 1257 179 1257 726 1257 726 1258 179 1258 178 1258 726 1259 178 1259 727 1259 178 1260 177 1260 727 1260 727 1261 177 1261 175 1261 727 1262 175 1262 728 1262 728 1263 175 1263 174 1263 728 1264 174 1264 729 1264 729 1265 174 1265 132 1265 729 1266 132 1266 712 1266 716 1267 715 1267 717 1267 717 1268 715 1268 720 1268 717 1269 720 1269 730 1269 730 1270 720 1270 721 1270 730 1271 721 1271 731 1271 731 1272 721 1272 722 1272 731 1273 722 1273 732 1273 732 1274 722 1274 723 1274 732 1275 723 1275 733 1275 733 1276 723 1276 724 1276 733 1277 724 1277 734 1277 734 1278 724 1278 725 1278 734 1279 725 1279 735 1279 735 1280 725 1280 726 1280 735 1281 726 1281 736 1281 736 1282 726 1282 727 1282 736 1283 727 1283 737 1283 737 1284 727 1284 728 1284 737 1285 728 1285 738 1285 738 1286 728 1286 729 1286 738 1287 729 1287 739 1287 739 1288 729 1288 712 1288 739 1289 712 1289 713 1289 718 1290 717 1290 740 1290 740 1291 717 1291 730 1291 740 1292 730 1292 741 1292 741 1293 730 1293 731 1293 741 1294 731 1294 742 1294 742 1295 731 1295 732 1295 742 1296 732 1296 743 1296 743 1297 732 1297 733 1297 743 1298 733 1298 744 1298 744 1299 733 1299 734 1299 744 1300 734 1300 745 1300 745 1301 734 1301 735 1301 745 1302 735 1302 746 1302 746 1303 735 1303 736 1303 746 1304 736 1304 747 1304 747 1305 736 1305 737 1305 747 1306 737 1306 748 1306 748 1307 737 1307 738 1307 748 1308 738 1308 749 1308 749 1309 738 1309 739 1309 749 1310 739 1310 750 1310 750 1311 739 1311 713 1311 750 1312 713 1312 714 1312 714 1313 557 1313 588 1313 714 1314 588 1314 750 1314 750 1315 588 1315 587 1315 750 1316 587 1316 749 1316 749 1317 587 1317 586 1317 749 1318 586 1318 748 1318 748 1319 586 1319 577 1319 748 1320 577 1320 747 1320 747 1321 577 1321 576 1321 747 1322 576 1322 746 1322 746 1323 576 1323 575 1323 746 1324 575 1324 745 1324 745 1325 575 1325 571 1325 745 1326 571 1326 744 1326 744 1327 571 1327 570 1327 744 1328 570 1328 743 1328 743 1329 570 1329 569 1329 743 1330 569 1330 742 1330 742 1331 569 1331 562 1331 742 1332 562 1332 741 1332 741 1333 562 1333 561 1333 741 1334 561 1334 740 1334 740 1335 561 1335 719 1335 740 1336 719 1336 718 1336 751 1337 719 1337 560 1337 752 1338 116 1338 115 1338 753 1339 752 1339 754 1339 755 1340 753 1340 756 1340 752 1341 115 1341 754 1341 754 1342 115 1342 113 1342 754 1343 113 1343 757 1343 757 1344 113 1344 111 1344 757 1345 111 1345 758 1345 111 1346 109 1346 758 1346 758 1347 109 1347 108 1347 758 1348 108 1348 759 1348 759 1349 108 1349 104 1349 759 1350 104 1350 760 1350 104 1351 102 1351 760 1351 760 1352 102 1352 101 1352 760 1353 101 1353 761 1353 761 1354 101 1354 95 1354 761 1355 95 1355 762 1355 95 1356 97 1356 762 1356 762 1357 97 1357 99 1357 762 1358 99 1358 763 1358 763 1359 99 1359 91 1359 763 1360 91 1360 764 1360 91 1361 90 1361 764 1361 764 1362 90 1362 93 1362 764 1363 93 1363 765 1363 765 1364 93 1364 87 1364 765 1365 87 1365 766 1365 766 1366 87 1366 60 1366 766 1367 60 1367 85 1367 86 1368 767 1368 85 1368 85 1369 767 1369 768 1369 85 1370 768 1370 766 1370 86 1371 82 1371 767 1371 767 1372 82 1372 81 1372 767 1373 81 1373 769 1373 769 1374 81 1374 61 1374 769 1375 61 1375 716 1375 716 1376 61 1376 63 1376 560 1377 556 1377 751 1377 751 1378 556 1378 558 1378 751 1379 558 1379 770 1379 770 1380 558 1380 559 1380 770 1381 559 1381 771 1381 771 1382 559 1382 585 1382 771 1383 585 1383 772 1383 772 1384 585 1384 596 1384 772 1385 596 1385 773 1385 773 1386 596 1386 595 1386 773 1387 595 1387 774 1387 774 1388 595 1388 594 1388 774 1389 594 1389 775 1389 775 1390 594 1390 597 1390 775 1391 597 1391 776 1391 776 1392 597 1392 605 1392 776 1393 605 1393 777 1393 777 1394 605 1394 602 1394 777 1395 602 1395 778 1395 778 1396 602 1396 615 1396 778 1397 615 1397 779 1397 779 1398 615 1398 614 1398 779 1399 614 1399 780 1399 780 1400 614 1400 612 1400 780 1401 612 1401 781 1401 781 1402 612 1402 611 1402 781 1403 611 1403 782 1403 782 1404 611 1404 610 1404 782 1405 610 1405 755 1405 753 1406 754 1406 756 1406 756 1407 754 1407 757 1407 756 1408 757 1408 783 1408 783 1409 757 1409 758 1409 783 1410 758 1410 784 1410 784 1411 758 1411 759 1411 784 1412 759 1412 785 1412 785 1413 759 1413 760 1413 785 1414 760 1414 786 1414 786 1415 760 1415 761 1415 786 1416 761 1416 787 1416 787 1417 761 1417 762 1417 787 1418 762 1418 788 1418 788 1419 762 1419 763 1419 788 1420 763 1420 789 1420 789 1421 763 1421 764 1421 789 1422 764 1422 790 1422 790 1423 764 1423 765 1423 790 1424 765 1424 791 1424 791 1425 765 1425 766 1425 791 1426 766 1426 792 1426 792 1427 766 1427 768 1427 792 1428 768 1428 793 1428 793 1429 768 1429 767 1429 793 1430 767 1430 794 1430 794 1431 767 1431 769 1431 794 1432 769 1432 795 1432 795 1433 769 1433 716 1433 795 1434 716 1434 718 1434 755 1435 756 1435 782 1435 782 1436 756 1436 783 1436 782 1437 783 1437 781 1437 781 1438 783 1438 784 1438 781 1439 784 1439 780 1439 780 1440 784 1440 785 1440 780 1441 785 1441 779 1441 779 1442 785 1442 786 1442 779 1443 786 1443 778 1443 778 1444 786 1444 787 1444 778 1445 787 1445 777 1445 777 1446 787 1446 788 1446 777 1447 788 1447 776 1447 776 1448 788 1448 789 1448 776 1449 789 1449 775 1449 775 1450 789 1450 790 1450 775 1451 790 1451 774 1451 774 1452 790 1452 791 1452 774 1453 791 1453 773 1453 773 1454 791 1454 792 1454 773 1455 792 1455 772 1455 772 1456 792 1456 793 1456 772 1457 793 1457 771 1457 771 1458 793 1458 794 1458 771 1459 794 1459 770 1459 770 1460 794 1460 795 1460 770 1461 795 1461 751 1461 751 1462 795 1462 718 1462 751 1463 718 1463 719 1463 796 1464 797 1464 529 1464 619 1465 798 1465 609 1465 798 1466 619 1466 799 1466 799 1467 619 1467 618 1467 799 1468 618 1468 800 1468 800 1469 618 1469 801 1469 800 1470 801 1470 802 1470 802 1471 801 1471 803 1471 802 1472 803 1472 804 1472 804 1473 803 1473 805 1473 804 1474 805 1474 806 1474 797 1475 796 1475 805 1475 805 1476 796 1476 807 1476 805 1477 807 1477 806 1477 618 1478 621 1478 801 1478 801 1479 621 1479 2 1479 801 1480 2 1480 803 1480 803 1481 2 1481 808 1481 803 1482 808 1482 805 1482 805 1483 808 1483 809 1483 805 1484 809 1484 797 1484 797 1485 809 1485 529 1485 810 1486 811 1486 542 1486 812 1487 813 1487 811 1487 808 1488 2 1488 1 1488 808 1489 1 1489 814 1489 814 1490 1 1490 52 1490 814 1491 52 1491 815 1491 52 1492 55 1492 815 1492 815 1493 55 1493 51 1493 815 1494 51 1494 812 1494 812 1495 51 1495 50 1495 812 1496 50 1496 813 1496 813 1497 50 1497 48 1497 811 1498 810 1498 812 1498 812 1499 810 1499 816 1499 812 1500 816 1500 815 1500 815 1501 816 1501 817 1501 815 1502 817 1502 814 1502 814 1503 817 1503 809 1503 814 1504 809 1504 808 1504 542 1505 521 1505 810 1505 810 1506 521 1506 520 1506 810 1507 520 1507 816 1507 816 1508 520 1508 530 1508 816 1509 530 1509 817 1509 817 1510 530 1510 529 1510 817 1511 529 1511 809 1511 610 1512 609 1512 818 1512 818 1513 609 1513 798 1513 818 1514 798 1514 819 1514 819 1515 798 1515 799 1515 819 1516 799 1516 820 1516 820 1516 799 1516 800 1516 820 1517 800 1517 821 1517 821 1517 800 1517 802 1517 821 1518 802 1518 822 1518 822 1519 802 1519 804 1519 822 1520 804 1520 823 1520 823 1521 804 1521 806 1521 823 1522 806 1522 824 1522 824 1523 806 1523 807 1523 824 1524 807 1524 825 1524 825 1525 807 1525 796 1525 825 1526 796 1526 528 1526 528 1527 796 1527 529 1527 826 1528 813 1528 48 1528 813 1529 826 1529 811 1529 542 1530 811 1530 827 1530 433 1531 828 1531 431 1531 431 1532 828 1532 829 1532 431 1533 829 1533 425 1533 425 1534 829 1534 830 1534 425 1535 830 1535 426 1535 426 1536 830 1536 831 1536 426 1537 831 1537 428 1537 428 1538 831 1538 832 1538 428 1539 832 1539 429 1539 429 1540 832 1540 833 1540 429 1541 833 1541 430 1541 430 1542 833 1542 834 1542 430 1543 834 1543 421 1543 421 1544 834 1544 835 1544 421 1545 835 1545 423 1545 423 1546 835 1546 836 1546 423 1547 836 1547 419 1547 419 1548 836 1548 837 1548 419 1549 837 1549 417 1549 417 1550 837 1550 838 1550 417 1551 838 1551 415 1551 415 1552 838 1552 839 1552 415 1553 839 1553 392 1553 392 1554 839 1554 840 1554 392 1555 840 1555 393 1555 393 1556 840 1556 826 1556 393 1557 826 1557 413 1557 413 1558 826 1558 48 1558 542 1559 827 1559 543 1559 543 1560 827 1560 841 1560 543 1561 841 1561 544 1561 544 1562 841 1562 842 1562 544 1563 842 1563 546 1563 546 1564 842 1564 843 1564 546 1565 843 1565 547 1565 547 1566 843 1566 844 1566 547 1567 844 1567 548 1567 548 1568 844 1568 845 1568 548 1569 845 1569 552 1569 552 1570 845 1570 846 1570 552 1571 846 1571 553 1571 553 1572 846 1572 847 1572 553 1573 847 1573 531 1573 531 1574 847 1574 848 1574 531 1575 848 1575 532 1575 532 1576 848 1576 849 1576 532 1577 849 1577 549 1577 549 1578 849 1578 850 1578 549 1579 850 1579 550 1579 550 1580 850 1580 851 1580 550 1581 851 1581 551 1581 551 1582 851 1582 852 1582 551 1583 852 1583 555 1583 555 1584 852 1584 853 1584 555 1585 853 1585 514 1585 811 1586 826 1586 827 1586 827 1587 826 1587 840 1587 827 1588 840 1588 841 1588 841 1589 840 1589 839 1589 841 1590 839 1590 842 1590 842 1591 839 1591 838 1591 842 1592 838 1592 843 1592 843 1593 838 1593 837 1593 843 1594 837 1594 844 1594 844 1595 837 1595 836 1595 844 1596 836 1596 845 1596 845 1597 836 1597 835 1597 845 1598 835 1598 846 1598 846 1599 835 1599 834 1599 846 1600 834 1600 847 1600 847 1601 834 1601 833 1601 847 1602 833 1602 848 1602 848 1603 833 1603 832 1603 848 1604 832 1604 849 1604 849 1605 832 1605 831 1605 849 1606 831 1606 850 1606 850 1607 831 1607 830 1607 850 1608 830 1608 851 1608 851 1609 830 1609 829 1609 851 1610 829 1610 852 1610 852 1611 829 1611 828 1611 852 1612 828 1612 853 1612 854 1613 855 1613 820 1613 820 1614 855 1614 819 1614 610 1615 818 1615 755 1615 755 1616 818 1616 753 1616 820 1617 821 1617 854 1617 854 1618 821 1618 822 1618 854 1619 822 1619 856 1619 528 1620 857 1620 858 1620 858 1621 857 1621 859 1621 858 1622 859 1622 856 1622 856 1623 859 1623 116 1623 856 1624 116 1624 854 1624 854 1625 116 1625 752 1625 854 1626 752 1626 855 1626 855 1627 752 1627 753 1627 855 1628 753 1628 819 1628 819 1629 753 1629 818 1629 822 1630 823 1630 856 1630 856 1631 823 1631 824 1631 856 1632 824 1632 858 1632 858 1633 824 1633 825 1633 858 1634 825 1634 528 1634 516 1635 514 1635 860 1635 860 1636 514 1636 853 1636 860 1637 853 1637 861 1637 853 1638 828 1638 861 1638 861 1639 828 1639 433 1639 861 1640 433 1640 305 1640 862 1641 863 1641 864 1641 515 1642 517 1642 863 1642 107 1643 106 1643 865 1643 865 1644 106 1644 105 1644 865 1645 105 1645 866 1645 866 1646 105 1646 110 1646 866 1647 110 1647 867 1647 110 1648 112 1648 867 1648 867 1649 112 1649 114 1649 867 1650 114 1650 868 1650 868 1651 114 1651 116 1651 868 1652 116 1652 859 1652 103 1653 107 1653 864 1653 864 1654 107 1654 865 1654 864 1655 865 1655 862 1655 862 1656 865 1656 866 1656 862 1657 866 1657 869 1657 869 1658 866 1658 867 1658 869 1659 867 1659 870 1659 870 1660 867 1660 868 1660 870 1661 868 1661 871 1661 871 1662 868 1662 859 1662 871 1663 859 1663 857 1663 863 1664 862 1664 515 1664 515 1665 862 1665 869 1665 515 1666 869 1666 513 1666 513 1667 869 1667 870 1667 513 1668 870 1668 554 1668 554 1669 870 1669 871 1669 554 1670 871 1670 522 1670 522 1671 871 1671 857 1671 522 1672 857 1672 528 1672 327 1673 103 1673 864 1673 860 1674 861 1674 872 1674 516 1675 860 1675 873 1675 860 1676 872 1676 873 1676 873 1677 872 1677 874 1677 873 1678 874 1678 875 1678 875 1679 874 1679 876 1679 875 1680 876 1680 877 1680 877 1681 876 1681 878 1681 877 1682 878 1682 879 1682 879 1683 878 1683 880 1683 879 1684 880 1684 881 1684 881 1685 880 1685 882 1685 881 1686 882 1686 883 1686 883 1687 882 1687 884 1687 883 1688 884 1688 885 1688 885 1689 884 1689 886 1689 885 1690 886 1690 887 1690 887 1691 886 1691 888 1691 887 1692 888 1692 889 1692 889 1693 888 1693 890 1693 889 1694 890 1694 891 1694 891 1695 890 1695 892 1695 891 1696 892 1696 893 1696 893 1697 892 1697 894 1697 893 1698 894 1698 895 1698 895 1699 894 1699 896 1699 895 1700 896 1700 897 1700 897 1701 896 1701 898 1701 897 1702 898 1702 899 1702 899 1703 898 1703 900 1703 899 1704 900 1704 901 1704 901 1705 900 1705 902 1705 901 1706 902 1706 903 1706 903 1707 902 1707 904 1707 903 1708 904 1708 905 1708 516 1709 873 1709 526 1709 526 1710 873 1710 875 1710 526 1711 875 1711 527 1711 527 1712 875 1712 877 1712 527 1713 877 1713 533 1713 533 1714 877 1714 879 1714 533 1715 879 1715 534 1715 534 1716 879 1716 881 1716 534 1717 881 1717 535 1717 535 1718 881 1718 883 1718 535 1719 883 1719 536 1719 536 1720 883 1720 885 1720 536 1721 885 1721 537 1721 537 1722 885 1722 887 1722 537 1723 887 1723 538 1723 538 1724 887 1724 889 1724 538 1725 889 1725 525 1725 525 1726 889 1726 891 1726 525 1727 891 1727 545 1727 545 1728 891 1728 893 1728 545 1729 893 1729 539 1729 539 1730 893 1730 895 1730 539 1731 895 1731 540 1731 540 1732 895 1732 897 1732 540 1733 897 1733 541 1733 541 1734 897 1734 899 1734 541 1735 899 1735 518 1735 518 1736 899 1736 901 1736 518 1737 901 1737 519 1737 519 1738 901 1738 903 1738 519 1739 903 1739 523 1739 523 1740 903 1740 905 1740 523 1741 905 1741 524 1741 517 1742 524 1742 863 1742 863 1743 524 1743 905 1743 863 1744 905 1744 864 1744 864 1745 905 1745 904 1745 864 1746 904 1746 327 1746 327 1747 904 1747 902 1747 327 1748 902 1748 325 1748 325 1749 902 1749 900 1749 325 1750 900 1750 323 1750 323 1751 900 1751 898 1751 323 1752 898 1752 321 1752 321 1753 898 1753 896 1753 321 1754 896 1754 315 1754 315 1755 896 1755 894 1755 315 1756 894 1756 316 1756 316 1757 894 1757 892 1757 316 1758 892 1758 318 1758 318 1759 892 1759 890 1759 318 1760 890 1760 320 1760 320 1761 890 1761 888 1761 320 1762 888 1762 313 1762 313 1763 888 1763 886 1763 313 1764 886 1764 314 1764 314 1765 886 1765 884 1765 314 1766 884 1766 310 1766 310 1767 884 1767 882 1767 310 1768 882 1768 311 1768 311 1769 882 1769 880 1769 311 1770 880 1770 308 1770 308 1771 880 1771 878 1771 308 1772 878 1772 306 1772 306 1773 878 1773 876 1773 306 1774 876 1774 301 1774 301 1775 876 1775 874 1775 301 1776 874 1776 302 1776 302 1777 874 1777 872 1777 302 1778 872 1778 304 1778 304 1779 872 1779 861 1779 304 1780 861 1780 305 1780 906 1781 507 1781 907 1781 907 1781 507 1781 494 1781 908 1782 511 1782 909 1782 909 1783 511 1783 510 1783 910 1784 497 1784 911 1784 911 1784 497 1784 489 1784 912 1785 503 1785 913 1785 913 1786 503 1786 501 1786 914 1787 915 1787 916 1787 914 839 917 839 918 839 918 1788 917 1788 919 1788 918 1789 920 1789 921 1789 921 1790 920 1790 922 1790 914 839 918 839 915 839 915 839 918 839 921 839 915 839 921 839 923 839 924 839 925 839 916 839 916 839 925 839 926 839 916 1791 926 1791 914 1791 919 839 927 839 918 839 918 839 927 839 928 839 918 839 928 839 929 839 922 839 930 839 921 839 921 839 930 839 931 839 921 839 931 839 932 839 933 1792 923 1792 934 1792 934 839 923 839 935 839 933 839 936 839 923 839 923 1787 936 1787 937 1787 923 1793 937 1793 915 1793 497 1794 910 1794 498 1794 498 1794 910 1794 938 1794 498 1795 938 1795 499 1795 499 1795 938 1795 939 1795 499 1796 939 1796 492 1796 492 1797 939 1797 940 1797 492 1798 940 1798 500 1798 500 1798 940 1798 941 1798 500 1799 941 1799 501 1799 501 1799 941 1799 913 1799 503 1800 912 1800 504 1800 504 1800 912 1800 942 1800 504 1801 942 1801 502 1801 502 1801 942 1801 943 1801 502 1802 943 1802 506 1802 506 1803 943 1803 944 1803 506 1804 944 1804 505 1804 505 1804 944 1804 945 1804 505 1805 945 1805 494 1805 494 1805 945 1805 907 1805 507 1806 906 1806 508 1806 508 1806 906 1806 946 1806 508 1807 946 1807 495 1807 495 1807 946 1807 947 1807 495 1808 947 1808 491 1808 491 1809 947 1809 948 1809 491 1810 948 1810 509 1810 509 1810 948 1810 949 1810 509 1811 949 1811 510 1811 510 1811 949 1811 909 1811 511 1812 908 1812 512 1812 512 1812 908 1812 950 1812 512 1813 950 1813 496 1813 496 1813 950 1813 951 1813 496 1814 951 1814 490 1814 490 1815 951 1815 952 1815 490 1816 952 1816 493 1816 493 1816 952 1816 953 1816 493 1817 953 1817 489 1817 489 1817 953 1817 911 1817 923 1818 911 1818 935 1818 935 1819 911 1819 953 1819 935 1820 953 1820 934 1820 934 1821 953 1821 952 1821 934 1822 952 1822 933 1822 933 1823 952 1823 951 1823 933 1824 951 1824 936 1824 936 1825 951 1825 950 1825 936 1826 950 1826 937 1826 937 1827 950 1827 908 1827 909 1828 915 1828 908 1828 908 1829 915 1829 937 1829 921 1830 910 1830 923 1830 923 1830 910 1830 911 1830 915 1831 909 1831 916 1831 916 1832 909 1832 949 1832 916 1833 949 1833 924 1833 924 1834 949 1834 948 1834 924 1835 948 1835 925 1835 925 1836 948 1836 947 1836 925 1837 947 1837 926 1837 926 1838 947 1838 946 1838 926 1839 946 1839 914 1839 914 1840 946 1840 906 1840 920 1841 913 1841 922 1841 922 1842 913 1842 941 1842 922 1843 941 1843 930 1843 930 1844 941 1844 940 1844 930 1845 940 1845 931 1845 931 1846 940 1846 939 1846 931 1847 939 1847 932 1847 932 1848 939 1848 938 1848 932 1849 938 1849 921 1849 921 1850 938 1850 910 1850 907 1851 917 1851 906 1851 906 1851 917 1851 914 1851 918 1852 912 1852 920 1852 920 1853 912 1853 913 1853 917 1854 907 1854 919 1854 919 1855 907 1855 945 1855 919 1856 945 1856 927 1856 927 1857 945 1857 944 1857 927 1858 944 1858 928 1858 928 1859 944 1859 943 1859 928 1860 943 1860 929 1860 929 1861 943 1861 942 1861 929 1862 942 1862 918 1862 918 1863 942 1863 912 1863</p>
        </triangles>
      </mesh>
    </geometry>
  </library_geometries>
  <library_visual_scenes>
    <visual_scene id="Scene" name="Scene">
      <node id="link_1_tip" name="link_1_tip" type="NODE">
        <matrix sid="transform">0 1 0 0 -1 0 0 0 0 0 1 0 0 0 0 1</matrix>
        <instance_geometry url="#link_1_tip-mesh" name="link_1_tip">
          <bind_material>
            <technique_common>
              <instance_material symbol="m_3-material" target="#m_3-material"/>
            </technique_common>
          </bind_material>
        </instance_geometry>
      </node>
    </visual_scene>
  </library_visual_scenes>
  <scene>
    <instance_visual_scene url="#Scene"/>
  </scene>
</COLLADA>