<?xml version="1.0" encoding="utf-8"?>
<COLLADA xmlns="http://www.collada.org/2005/11/COLLADASchema" version="1.4.1" xmlns:xsi="http://www.w3.org/2001/XMLSchema-instance">
  <asset>
    <contributor>
      <author>Blender User</author>
      <authoring_tool>Blender 4.0.2 commit date:2023-12-05, commit time:07:41, hash:9be62e85b727</authoring_tool>
    </contributor>
    <created>2025-10-30T10:26:30</created>
    <modified>2025-10-30T10:26:30</modified>
    <unit name="meter" meter="1"/>
    <up_axis>Z_UP</up_axis>
  </asset>
  <library_effects>
    <effect id="m_1-effect">
      <profile_COMMON>
        <technique sid="common">
          <lambert>
            <emission>
              <color sid="emission">0 0 0 1</color>
            </emission>
            <diffuse>
              <color sid="diffuse">0.2 0.2 0.17 1</color>
            </diffuse>
            <reflectivity>
              <float sid="specular">1</float>
            </reflectivity>
            <index_of_refraction>
              <float sid="ior">1.45</float>
            </index_of_refraction>
          </lambert>
        </technique>
      </profile_COMMON>
    </effect>
  </library_effects>
  <library_images/>
  <library_materials>
    <material id="m_1-material" name="m_1">
      <instance_effect url="#m_1-effect"/>
    </material>
  </library_materials>
  <library_geometries>
    <geometry id="link_2_1-mesh" name="link_2_1">
      <mesh>
        <source id="link_2_1-mesh-positions">
          <float_array id="link_2_1-mesh-positions-array" count="5022">0.009609699 -0.008299946 0.01764327 0.009799957 -0.008299946 0.01859998 0.009799957 -0.008299946 0.01616984 -0.009799957 -0.008299946 0.01859998 -0.009609699 -0.008299946 0.01764327 -0.009799957 -0.008299946 0.01616984 -0.009067714 -0.008299946 0.01683223 -0.009794175 -0.008299946 0.01599997 0.009794175 -0.008299946 0.01599997 0.008256673 -0.008299946 0.0162903 0.009067714 -0.008299946 0.01683223 -0.008256673 -0.008299946 0.0162903 -0.007299959 -0.008299946 0.01609998 0.007299959 -0.008299946 0.01609998 0.008067905 -0.01029998 0.01249998 0.006506681 -0.009609699 0.01249998 0.007317721 -0.009067714 0.01249998 0.007859647 -0.008256673 0.01249998 0.008049964 -0.007299959 0.01249998 0.008067905 0.007277131 0.01249998 0.008049964 0.007299959 0.01249998 0.008034646 0.007576227 0.01249998 -0.008034646 0.007576227 0.01249998 -0.008049964 0.007299959 0.01249998 -0.008067905 0.007277131 0.01249998 -0.008049964 -0.007299959 0.01249998 -0.008067905 -0.01029998 0.01249998 -0.007859647 -0.008256673 0.01249998 -0.007317721 -0.009067714 0.01249998 -0.006506681 -0.009609699 0.01249998 -0.005549967 -0.009799957 0.01249998 0.005549967 -0.009799957 0.01249998 -0.003277659 0.009799957 0.006248235 -0.003896653 0.009799957 0.007162392 0.003277659 0.009799957 0.006248235 0.003896653 0.009799957 0.007162392 0.005549967 0.009799957 0.01599997 0.005549967 0.009799957 0.008613944 0.00466144 0.009799957 0.00795865 -0.005549967 0.009799957 0.008613944 -0.005549967 0.009799957 0.01599997 -0.00466144 0.009799957 0.00795865 -0.002822339 0.009799957 0.005242466 0.002822339 0.009799957 0.005242466 -0.002543747 0.009799957 0.004174172 0.002543747 0.009799957 0.004174172 -0.002449989 0.009799957 0.003074109 0.002449989 0.009799957 0.003074109 -0.002449989 0.009799957 0 0.002449989 0.009799957 0 -0.002366483 0.009799957 -6.34107e-4 0.002366483 0.009799957 -6.34107e-4 0.002121746 0.009799957 -0.001224994 0.001732409 0.009799957 -0.001732409 0.001224994 0.009799957 -0.002121746 6.34107e-4 0.009799957 -0.002366483 -0.002121746 0.009799957 -0.001224994 -0.001732409 0.009799957 -0.001732409 -0.001224994 0.009799957 -0.002121746 0 0.009799957 -0.002449989 -6.34107e-4 0.009799957 -0.002366483 -0.002369403 -0.01429998 0.01481163 -0.007299959 -0.01429998 0.0302 -0.007454454 -0.01429998 0.0301755 0.007299959 -0.01429998 0.0302 0 -0.01429998 0.01499998 0.002369403 -0.01429998 0.01481163 -0.007799983 -0.01429998 0.0170359 -0.005921244 -0.01429998 0.01378178 -0.007799983 -0.01429998 0.02969998 -0.004679381 -0.01429998 0.01425141 -0.007775485 -0.01429998 0.02985447 -0.00759387 -0.01429998 0.03010445 -0.007704496 -0.01429998 0.02999389 0.007704496 -0.01429998 0.02999389 0.00759387 -0.01429998 0.03010445 0.007454454 -0.01429998 0.0301755 0.005921244 -0.01429998 0.01378178 0.007799983 -0.01429998 0.0170359 0.004679381 -0.01429998 0.01425141 0.007799983 -0.01429998 0.02969998 0.007775485 -0.01429998 0.02985447 -0.009799957 0.007701635 0.01935982 -0.009799957 0.007222473 0.01859998 -0.009799957 -0.01229995 0.02969998 -0.009799957 -0.01229995 0.0170359 -0.009799957 0.007222473 0.02969998 -0.009799957 0.007701635 0.02894014 -0.009799957 0.007999122 0.0202074 -0.009799957 -0.01204997 0.01616984 -0.009799957 -0.01218158 0.01638972 -0.009799957 -0.01227617 0.01673102 -0.009799957 0.007999122 0.02809256 -0.009799957 0.008099973 0.02719998 -0.009799957 0.008099973 0.02109998 0.009799957 0.004599988 0.02109998 0.009799957 0.004599988 0.02719998 0.009799957 -0.01229995 0.02969998 0.009799957 -0.01229995 0.0170359 0.009799957 -0.01227617 0.01673102 0.009799957 -0.01218158 0.01638972 0.009799957 -0.01204997 0.01616984 0.009799957 0.004499137 0.02809256 0.009799957 0.004201591 0.02894014 0.009799957 0.003722488 0.02969998 0.009799957 0.003722488 0.01859998 0.009799957 0.004201591 0.01935982 0.009799957 0.004499137 0.0202074 0.009794175 -0.008248031 0.01599997 -0.008034646 0.007576227 0.01599997 -0.006506681 0.009609699 0.01599997 -0.007317721 0.009067714 0.01599997 -0.007859647 0.008256673 0.01599997 0.007317721 0.009067714 0.01599997 0.006506681 0.009609699 0.01599997 0.007859647 0.008256673 0.01599997 0.008034646 0.007576227 0.01599997 -0.009794175 -0.008248031 0.01599997 0.007299959 -0.01229995 0.03219997 0.007299959 6e-4 0.03219997 -0.007299959 -0.01229995 0.03219997 0.002999961 6e-4 0.03219997 -0.007299959 0.004099965 0.03219997 -0.004699945 0.004099965 0.03219997 -0.004699945 0.0126 0.03219997 0.002999961 0.0126 0.03219997 0.007310986 6.10787e-4 0.03219997 0.008072495 -0.01229995 0.03207761 0.007644295 9.37872e-4 0.03217613 0.007910013 0.001200556 0.0321244 0.008255183 0.001547336 0.03201031 0.008256673 -0.01229995 0.03200966 0.008468627 0.00176686 0.03191 0.008769452 -0.01229995 0.03172254 0.008963286 0.002301931 0.03156638 0.009015917 0.002362251 0.0315181 0.009067714 -0.01229995 0.03146773 0.00906682 0.002421438 0.03146862 0.009375393 0.002806603 0.03109377 0.009322524 -0.01229995 0.03116941 0.009609162 0.003158509 0.03065782 0.009609699 -0.01229995 0.03065669 0.009631633 0.003198325 0.03060185 0.009677588 -0.01229995 0.03047251 0.009746849 0.003449141 0.03021252 -0.009067714 -0.01229995 0.03146773 -0.008769452 -0.01229995 0.03172254 -0.008963286 0.005801975 0.03156638 -0.009015917 0.005862236 0.0315181 -0.00906682 0.005921483 0.03146862 -0.009322524 -0.01229995 0.03116941 -0.009375393 0.006306648 0.03109377 -0.009609699 -0.01229995 0.03065669 -0.009609162 0.006658494 0.03065782 -0.009677588 -0.01229995 0.03047251 -0.009631633 0.006698369 0.03060185 -0.009746849 0.006949126 0.03021252 -0.008072495 -0.01229995 0.03207761 -0.007309496 0.004111647 0.03219997 -0.007644295 0.004437863 0.03217613 -0.007910013 0.004700541 0.0321244 -0.008256673 -0.01229995 0.03200966 -0.008255183 0.005047321 0.03201031 -0.008468627 0.005266845 0.03191 -0.009702086 -0.01291799 0.02969998 -0.009647727 -0.01306533 0.0170359 -0.00941801 -0.01347553 0.02969998 -0.009214162 -0.01371419 0.0170359 -0.009214162 -0.01371419 0.02969998 -0.008975565 -0.01391798 0.02969998 -0.008565366 -0.01414775 0.0170359 -0.008418023 -0.01420211 0.02969998 -0.007299959 -0.01306533 0.03204774 -0.007299959 -0.01291799 0.0321021 -0.008042275 -0.01291799 0.0319845 -0.008711874 -0.01291799 0.03164333 -0.009243309 -0.01291799 0.03111189 -0.009584546 -0.01291799 0.03044229 -0.007299959 -0.01371419 0.03161418 -0.007299959 -0.01347553 0.03181803 -0.007954478 -0.01347553 0.03171432 -0.008544921 -0.01347553 0.03141349 -0.009013473 -0.01347553 0.03094494 -0.009314358 -0.01347553 0.03035449 -0.007299959 -0.01414775 0.03096532 -0.007299959 -0.01391798 0.03137552 -0.007817745 -0.01391798 0.03129351 -0.008284866 -0.01391798 0.03105556 -0.008655548 -0.01391798 0.03068482 -0.008893549 -0.01391798 0.03021776 -0.007299959 -0.01420211 0.03081798 -0.007645487 -0.01420211 0.03076326 -0.00795716 -0.01420211 0.03060448 -0.00820446 -0.01420211 0.03035712 -0.008363306 -0.01420211 0.03004544 0.007299959 -0.01420211 0.03081798 0.007299959 -0.01414775 0.03096532 0.007299959 -0.01391798 0.03137552 0.007299959 -0.01371419 0.03161418 0.007299959 -0.01347553 0.03181803 0.007299959 -0.01306533 0.03204774 0.007299959 -0.01291799 0.0321021 0.008418023 -0.01420211 0.02969998 0.008363306 -0.01420211 0.03004544 0.007645487 -0.01420211 0.03076326 0.009214162 -0.01371419 0.02969998 0.00941801 -0.01347553 0.02969998 0.009314358 -0.01347553 0.03035449 0.009702086 -0.01291799 0.02969998 0.009584546 -0.01291799 0.03044229 0.009243309 -0.01291799 0.03111189 0.008711874 -0.01291799 0.03164333 0.008042275 -0.01291799 0.0319845 0.009013473 -0.01347553 0.03094494 0.008544921 -0.01347553 0.03141349 0.007954478 -0.01347553 0.03171432 0.008975565 -0.01391798 0.02969998 0.008893549 -0.01391798 0.03021776 0.008655548 -0.01391798 0.03068482 0.008284866 -0.01391798 0.03105556 0.007817745 -0.01391798 0.03129351 0.00820446 -0.01420211 0.03035712 0.00795716 -0.01420211 0.03060448 0.008565366 -0.01414775 0.0170359 0.009647727 -0.01306533 0.0170359 0.009214162 -0.01371419 0.0170359 -0.008356571 -0.01179999 0.01299995 -0.009465038 -0.01179999 0.01491987 -0.008356571 -0.01029998 0.01299995 -0.009465038 -0.005287706 0.01491987 0.008356571 -0.01029998 0.01299995 0.009465038 -0.005287706 0.01491987 0.008356571 -0.01179999 0.01299995 0.009465038 -0.01179999 0.01491987 0.005794405 0.009787976 0.008701324 0.007214248 0.009165465 0.009114265 0.006990253 0.009343385 0.009059071 0.006554961 0.009589076 0.008941531 0.006295502 0.009686231 0.00886476 0.007859587 0.008256852 0.009254157 0.007714986 0.008550047 0.009225189 0.007550656 0.008799016 0.009190618 0.008049964 0.007299959 0.009290218 0.007999539 0.007799446 0.00928092 0.007920444 0.00809431 0.009265899 0.009609699 -0.006588518 0.01521313 0.009766042 -0.007994949 0.01575946 0.009714782 -0.007533848 0.01552277 -0.008049964 0.007299959 0.009290218 -0.008016705 0.007706403 0.009284079 -0.007213175 0.009166479 0.009113967 -0.007550895 0.008798718 0.009190678 -0.007751524 0.008484542 0.00923264 -0.007859587 0.008256852 0.009254157 -0.007943451 0.00802195 0.00927031 -0.006862819 0.009427487 0.00902605 -0.006411373 0.009646892 0.008899688 -0.006061017 0.009747207 0.00879085 -0.009609699 -0.006588518 0.01521313 -0.009714782 -0.007533848 0.01552277 -0.009766042 -0.007994949 0.01575946 -0.006871819 -0.01406997 0.01333332 -0.006871819 -0.01029998 0.01333332 -0.006367146 -0.01425224 0.01358151 -0.004679381 -0.01029998 0.01425141 0.006871819 -0.01029998 0.01333332 0.006871819 -0.01406997 0.01333332 0.004679381 -0.01029998 0.01425141 0.006790876 -0.01410967 0.01337468 0.006369709 -0.01425164 0.01358032 0.002369403 -0.01029998 0.01481163 0 -0.01029998 0.01499998 -0.002369403 -0.01029998 0.01481163 0.008246183 -0.01248478 0.01299995 0.008246183 -0.01029998 0.01299995 -0.008246183 -0.01029998 0.01299995 -0.008246183 -0.01248478 0.01299995 0.008919119 -0.01370805 0.01574361 0.008461892 -0.0141102 0.01627153 0.00832796 -0.01418095 0.0164262 0.007216095 -0.01385676 0.01318234 0.009023964 -0.01356881 0.01562249 0.007557332 -0.01356774 0.01308012 0.009299993 -0.01304996 0.01530385 0.007881939 -0.01319015 0.01302218 0.009395956 -0.01275646 0.01518064 0.008137285 -0.01275813 0.01300197 0.009446024 -0.01251536 0.015096 0.009513258 -0.01282995 0.0154944 0.009286701 -0.01341354 0.0158683 0.009694695 -0.01290845 0.01662981 0.009389936 -0.01347416 0.01653927 0.008917808 -0.01391381 0.01646894 0.009740591 -0.01262694 0.01620119 0.009566068 -0.0130459 0.01602387 0.009767413 -0.01232165 0.01593458 0.009670794 -0.0125845 0.01570695 0.009732186 -0.01194304 0.01559168 0.009627223 -0.01223528 0.01532882 -0.009023964 -0.01356881 0.01562249 -0.008919119 -0.01370805 0.01574361 -0.009286701 -0.01341354 0.0158683 -0.00832796 -0.01418095 0.0164262 -0.008917808 -0.01391381 0.01646894 -0.009389936 -0.01347416 0.01653927 -0.009694695 -0.01290845 0.01662981 -0.009740591 -0.01262694 0.01620119 -0.009566068 -0.0130459 0.01602387 -0.008461892 -0.0141102 0.01627153 -0.009299993 -0.01304996 0.01530385 -0.009513258 -0.01282995 0.0154944 -0.009670794 -0.0125845 0.01570695 -0.009767413 -0.01232165 0.01593458 -0.009446024 -0.01251536 0.015096 -0.009395956 -0.01275646 0.01518064 -0.008138 -0.0127567 0.01300191 -0.007217407 -0.01385581 0.01318186 -0.007539093 -0.01358556 0.01308447 -0.007883191 -0.01318842 0.013022 -0.009627223 -0.01223528 0.01532882 -0.009732186 -0.01194304 0.01559168 0.007539093 -0.01029998 0.01308447 -0.007539093 -0.01029998 0.01308447 0.00879997 0.005599975 0.02109998 0.004499971 0.005599975 0.02109998 0.00879997 0.005599975 0.02719998 0.004499971 0.005599975 0.02719998 0.008963286 0.002301931 0.01673358 0.009015917 0.002362251 0.01678186 0.009375393 0.002806603 0.01720619 0.009631633 0.003198325 0.0176981 0.009746849 0.003449141 0.01808744 0.008255183 0.001547336 0.01628965 0.008468627 0.00176686 0.01638996 0.007299959 6e-4 0.01609998 0.007310986 6.10787e-4 0.01609998 0.007644295 9.37872e-4 0.01612383 0.007910013 0.001200556 0.01617556 0.002999961 6e-4 0.01609998 -0.004699945 0.0126 0.01609998 0.002999961 0.0126 0.01609998 -0.004699945 0.004099965 0.01609998 -0.007299959 0.004099965 0.01609998 -0.00879997 0.00909996 0.02719998 -0.006199955 0.00909996 0.02719998 -0.00879997 0.00909996 0.02109998 -0.006199955 0.00909996 0.02109998 -0.007309496 0.004111647 0.01609998 -0.007644295 0.004437863 0.01612383 -0.007910013 0.004700541 0.01617556 -0.009015917 0.005862236 0.01678186 -0.008963286 0.005801975 0.01673358 -0.008468627 0.005266845 0.01638996 -0.008255183 0.005047321 0.01628965 -0.009375393 0.006306648 0.01720619 -0.009631633 0.006698369 0.0176981 -0.009746849 0.006949126 0.01808744 -0.004699945 0.01399785 0.03207767 0.002999961 0.01399785 0.03207767 -0.004699945 0.01452648 0.03196603 0.002999961 0.01452648 0.03196603 -0.004699945 0.01535326 0.03171449 0.002999961 0.01535326 0.03171449 -0.004699945 0.01634097 0.03127789 0.002999961 0.01634097 0.03127789 -0.004699945 0.01662498 0.03112149 0.002999961 0.01662498 0.03112149 -0.004699945 0.0177744 0.03031665 0.002999961 0.0177744 0.03031665 -0.004699945 0.01793813 0.0301755 0.002999961 0.01793813 0.0301755 -0.004699945 0.01876664 0.02932441 0.002999961 0.01876664 0.02932441 -0.004699945 0.019225 0.02872288 0.002999961 0.019225 0.02872288 -0.004699945 0.01957148 0.02817499 0.002999961 0.01957148 0.02817499 -0.004699945 0.02012687 0.02700453 0.002999961 0.02012687 0.02700453 -0.004699945 0.02016448 0.02690321 0.002999961 0.02016448 0.02690321 -0.004699945 0.02052766 0.02554786 0.002999961 0.02052766 0.02554786 -0.004699945 0.02059125 0.02512031 0.002999961 0.02059125 0.02512031 -0.004699945 0.02064996 0.02414995 0.002999961 0.02064996 0.02414995 -0.004699945 0.02059125 0.02317965 0.002999961 0.02059125 0.02317965 -0.004699945 0.02052766 0.0227521 0.002999961 0.02052766 0.0227521 -0.004699945 0.02016448 0.02139669 0.002999961 0.02016448 0.02139669 -0.004699945 0.02012687 0.02129542 0.002999961 0.02012687 0.02129542 -0.004699945 0.01957148 0.02012497 0.002999961 0.01957148 0.02012497 -0.004699945 0.019225 0.01957702 0.002999961 0.019225 0.01957702 -0.004699945 0.01876664 0.01897555 0.002999961 0.01876664 0.01897555 -0.004699945 0.01793813 0.01812446 0.002999961 0.01793813 0.01812446 -0.004699945 0.0177744 0.01798331 0.002999961 0.0177744 0.01798331 -0.004699945 0.01662498 0.01717847 0.002999961 0.01662498 0.01717847 -0.004699945 0.01634097 0.01702207 0.002999961 0.01634097 0.01702207 -0.004699945 0.01535326 0.01658546 0.002999961 0.01535326 0.01658546 -0.004699945 0.01452648 0.01633387 0.002999961 0.01452648 0.01633387 -0.004699945 0.01399785 0.01622229 0.002999961 0.01399785 0.01622229 -0.006199955 0.01009994 0.02414995 -0.006199955 0.008855283 0.01955491 -0.006199955 0.01104122 0.02219539 -0.006199955 0.01204365 0.02171266 -0.006199955 0.008145034 0.0301389 -0.006199955 0.0076707 0.03069996 -0.006199955 0.0126 0.03069996 -0.006199955 0.01034754 0.02306526 -0.006199955 0.0126 0.01759999 -0.006199955 0.0076707 0.01759999 -0.006199955 0.008145034 0.01816105 -0.006199955 0.01681023 0.01913237 -0.006199955 0.01415872 0.02219539 -0.006199955 0.01761758 0.01993972 -0.006199955 0.0148524 0.02306526 -0.006199955 0.01827245 0.02087497 -0.006199955 0.01875495 0.02190977 -0.006199955 0.01373738 0.03060048 -0.006199955 0.01484018 0.03030496 -0.006199955 0.01315629 0.0265873 -0.006199955 0.01587498 0.02982246 -0.006199955 0.01415872 0.02610456 -0.006199955 0.01204365 0.0265873 -0.006199955 0.01104122 0.02610456 -0.006199955 0.01373738 0.01769948 -0.006199955 0.01315629 0.02171266 -0.006199955 0.01484018 0.01799499 -0.006199955 0.01587498 0.01847749 -0.006199955 0.01681023 0.02916759 -0.006199955 0.01761758 0.02836024 -0.006199955 0.0148524 0.02523469 -0.006199955 0.008855283 0.02874505 -0.006199955 0.01034754 0.02523469 -0.006199955 0.01905047 0.02301257 -0.006199955 0.0151 0.02414995 -0.006199955 0.01914995 0.02414995 -0.006199955 0.01827245 0.02742499 -0.006199955 0.01875495 0.02639019 -0.006199955 0.01905047 0.02528738 0.004499971 0.01905047 0.02301257 0.004499971 0.0151 0.02414995 0.004499971 0.01875495 0.02190977 0.004499971 0.0148524 0.02306526 0.004499971 0.01827245 0.02087497 0.004499971 0.01761758 0.01993972 0.004499971 0.01415872 0.02219539 0.004499971 0.01681023 0.01913237 0.004499971 0.01681023 0.02916759 0.004499971 0.01415872 0.02610456 0.004499971 0.01761758 0.02836024 0.004499971 0.0148524 0.02523469 0.004499971 0.01827245 0.02742499 0.004499971 0.01587498 0.01847749 0.004499971 0.01315629 0.02171266 0.004499971 0.01484018 0.01799499 0.004499971 0.005355238 0.01955491 0.004499971 0.01104122 0.02219539 0.004499971 0.004645049 0.01816105 0.004499971 0.004170656 0.01759999 0.004499971 0.01204365 0.02171266 0.004499971 0.0126 0.01759999 0.004499971 0.01373738 0.01769948 0.004499971 0.01587498 0.02982246 0.004499971 0.01484018 0.03030496 0.004499971 0.01315629 0.0265873 0.004499971 0.01373738 0.03060048 0.004499971 0.01204365 0.0265873 0.004499971 0.0126 0.03069996 0.004499971 0.01104122 0.02610456 0.004499971 0.004170656 0.03069996 0.004499971 0.01914995 0.02414995 0.004499971 0.01905047 0.02528738 0.004499971 0.01875495 0.02639019 0.004499971 0.01034754 0.02306526 0.004499971 0.01009994 0.02414995 0.004499971 0.01034754 0.02523469 0.004499971 0.005355238 0.02874505 0.004499971 0.004645049 0.0301389 -0.00879997 0.008973896 0.02831572 -0.00879997 0.008855283 0.02874505 -0.00879997 0.008602023 0.02937519 -0.00879997 0.008145034 0.0301389 -0.00879997 0.008003115 0.03032499 -0.008040547 0.005644321 0.03195548 -0.005534291 0.00567162 0.03194653 -0.005807995 0.006256401 0.03171104 -0.00829792 0.006227433 0.03172475 -0.005998075 0.006731271 0.03145158 -0.006023526 0.00680387 0.0314058 -0.00832951 0.006302833 0.03168857 -0.006060123 0.006914794 0.03133237 -0.008545219 0.006858289 0.03137028 -0.006097137 0.007037818 0.03124582 -0.008606553 0.007037639 0.031246 -0.006169795 0.007350385 0.0309993 -0.00869894 0.007347941 0.03100138 -0.008768081 0.007661461 0.03070938 -0.00470674 0.004112362 0.03219997 -0.005090892 0.004818141 0.03214812 -0.007306575 0.004113435 0.03219997 -0.005451083 0.005505383 0.03199839 -0.008001148 0.00555855 0.03198248 -0.007665991 0.004850685 0.03214329 -0.007506549 0.004522323 0.03218209 -0.005848824 0.006351351 0.01663553 -0.005534291 0.00567162 0.01635342 -0.008040547 0.005644321 0.01634442 -0.00470674 0.004112362 0.01609998 -0.008001148 0.00555855 0.01631748 -0.007665991 0.004850685 0.01615667 -0.00544846 0.005500257 0.01630008 -0.007506549 0.004522323 0.01611787 -0.007306575 0.004113435 0.01609998 -0.00517404 0.004973471 0.01617687 -0.004783332 0.004252254 0.01610231 -0.005997002 0.006728351 0.01684653 -0.00829792 0.006227433 0.01657515 -0.006060123 0.006914794 0.01696753 -0.00879997 0.008003115 0.01797497 -0.00832951 0.006302833 0.01661139 -0.008545219 0.006858289 0.01692962 -0.006097197 0.007038116 0.01705431 -0.008606553 0.007037639 0.01705396 -0.006152212 0.00725913 0.01722443 -0.00869894 0.007347941 0.01729857 -0.008768081 0.007661461 0.01759058 -0.00879997 0.008145034 0.01816105 -0.00879997 0.008602023 0.01892477 -0.00879997 0.008973896 0.01998424 -0.00879997 0.008855283 0.01955491 0.004148781 0.002851307 0.03166443 0.003834307 0.002171635 0.03194653 0.008040547 0.002144336 0.03195548 0.003748476 0.002000272 0.03199988 0.003474056 0.001473486 0.03212308 0.007308065 6.12585e-4 0.03219997 0.007506549 0.001022338 0.03218209 0.007665991 0.0013507 0.03214329 0.008001148 0.002058565 0.03198248 0.003083348 7.52271e-4 0.03219765 0.003006756 6.12403e-4 0.03219997 0.00832951 0.002802848 0.03168857 0.004397213 0.003538131 0.03124564 0.00829792 0.002727448 0.03172475 0.004360139 0.00341475 0.03133237 0.004297018 0.003228306 0.03145343 0.00879997 0.004503071 0.03032499 0.008545219 0.003358304 0.03137028 0.008606553 0.003537654 0.031246 0.004452168 0.003759086 0.03107553 0.00869894 0.003847956 0.03100138 0.008768081 0.004161477 0.03070938 0.00879997 0.004645049 0.0301389 0.00879997 0.005102038 0.02937519 0.00879997 0.005473911 0.02831572 0.00879997 0.005355238 0.02874505 0.00879997 0.005473911 0.01998424 0.00879997 0.005355238 0.01955491 0.00879997 0.005102038 0.01892477 0.00869894 0.003847956 0.01729857 0.004469811 0.0038504 0.01730066 0.008606553 0.003537654 0.01705396 0.004397094 0.003537833 0.01705408 0.00879997 0.004645049 0.01816105 0.00879997 0.004503071 0.01797497 0.008768081 0.004161477 0.01759058 0.004108011 0.002756357 0.01658886 0.00429809 0.003231287 0.01684838 0.008040547 0.002144336 0.01634442 0.004323542 0.003303885 0.01689416 0.00829792 0.002727448 0.01657515 0.004360139 0.00341475 0.01696753 0.00832951 0.002802848 0.01661139 0.008545219 0.003358304 0.01692962 0.003006756 6.12403e-4 0.01609998 0.003834307 0.002171635 0.01635342 0.008001148 0.002058565 0.01631748 0.007665991 0.0013507 0.01615667 0.003390908 0.001318097 0.01615184 0.003751039 0.002005398 0.01630157 0.007308065 6.12585e-4 0.01609998 0.007506549 0.001022338 0.01611787 -0.009220838 0.00753504 0.03067964 -0.009104132 0.007211148 0.03099799 -0.007598638 0.004466116 0.03218102 -0.007829904 0.004751205 0.03213977 -0.007552683 0.004494309 0.03218305 -0.007748365 0.004801392 0.03214609 -0.008164584 0.005467236 0.03199195 -0.008544147 0.006104946 0.03174048 -0.008820772 0.006026625 0.03164625 -0.008771657 0.005959391 0.0316863 -0.008322238 0.005368828 0.03196752 -0.008585572 0.006177544 0.03170466 -0.008877635 0.006719768 0.03138405 -0.009182631 0.007943689 0.03027743 -0.009299993 0.007898509 0.03024125 -0.00950706 0.007774472 0.03014189 -0.009166896 0.006527543 0.03128772 -0.009435236 0.006980538 0.03085619 -0.009573161 0.007278621 0.03050076 -0.009666025 0.007612764 0.03001248 -0.009182631 0.008899688 0.02829873 -0.009182631 0.009023845 0.02719998 -0.009299993 0.008965969 0.02719998 -0.00950706 0.00868839 0.02825033 -0.009182631 0.008533477 0.02934205 -0.00950706 0.008338272 0.02924776 -0.009723842 0.00804615 0.02910661 -0.009723842 0.008372128 0.02817797 -0.00950706 0.008807063 0.02719998 -0.009666025 0.008599996 0.02719998 -0.009723842 0.008482635 0.02719998 -0.009723842 0.008482635 0.02109998 -0.009666025 0.008599996 0.02109998 -0.00950706 0.008807063 0.02109998 -0.009299993 0.008965969 0.02109998 -0.009182631 0.009023845 0.02109998 -0.009182631 0.007943689 0.01802253 -0.009182631 0.008533477 0.01895785 -0.009182631 0.008899688 0.02000123 -0.00950706 0.00868839 0.02004957 -0.009299993 0.007898509 0.01805871 -0.00950706 0.008338272 0.01905214 -0.009723842 0.008372128 0.02012199 -0.009723842 0.00804615 0.01919329 -0.00950706 0.007774472 0.01815801 -0.009666025 0.007612764 0.01828747 -0.008322238 0.005368828 0.01633244 -0.007598638 0.004466116 0.01611894 -0.007552683 0.004494309 0.01611691 -0.007829904 0.004751205 0.01616013 -0.007748365 0.004801392 0.01615381 -0.008164584 0.005467236 0.01630795 -0.008771657 0.005959391 0.01661366 -0.008820772 0.006026625 0.01665371 -0.008544147 0.006104946 0.01655948 -0.008585572 0.006177544 0.0165953 -0.009166896 0.006527543 0.01701223 -0.008877635 0.006719768 0.01691585 -0.009435236 0.006980538 0.01744377 -0.009573161 0.007278621 0.01779913 -0.009104132 0.007211148 0.01730197 -0.009220838 0.00753504 0.01762032 0.009220838 0.004035055 0.01762032 0.009104132 0.003711104 0.01730197 0.007598638 9.66138e-4 0.01611894 0.007829904 0.00125122 0.01616013 0.007552683 9.94321e-4 0.01611691 0.007748365 0.001301407 0.01615381 0.008164584 0.001967251 0.01630795 0.008544147 0.002604901 0.01655948 0.008585572 0.002677559 0.0165953 0.008877635 0.003219723 0.01691585 0.009182631 0.004443645 0.01802253 0.009299993 0.004398524 0.01805871 0.00950706 0.004274427 0.01815801 0.008322238 0.001868844 0.01633244 0.008771657 0.002459406 0.01661366 0.008820772 0.002526581 0.01665371 0.009166896 0.003027558 0.01701223 0.009435236 0.003480553 0.01744377 0.009573161 0.003778636 0.01779913 0.009666025 0.00411278 0.01828747 0.009182631 0.005399703 0.02000123 0.009182631 0.00552386 0.02109998 0.009299993 0.005465984 0.02109998 0.00950706 0.005188405 0.02004957 0.009182631 0.005033493 0.01895785 0.00950706 0.004838287 0.01905214 0.009723842 0.004546165 0.01919329 0.009723842 0.004872143 0.02012199 0.00950706 0.005307078 0.02109998 0.009666025 0.005099952 0.02109998 0.009723842 0.00498265 0.02109998 0.009723842 0.00498265 0.02719998 0.009666025 0.005099952 0.02719998 0.00950706 0.005307078 0.02719998 0.009299993 0.005465984 0.02719998 0.009182631 0.00552386 0.02719998 0.009182631 0.004443645 0.03027743 0.009182631 0.005033493 0.02934205 0.009182631 0.005399703 0.02829873 0.00950706 0.005188405 0.02825033 0.009299993 0.004398524 0.03024125 0.00950706 0.004838287 0.02924776 0.009723842 0.004872143 0.02817797 0.009723842 0.004546165 0.02910661 0.00950706 0.004274427 0.03014189 0.009666025 0.00411278 0.03001248 0.008322238 0.001868844 0.03196752 0.007598638 9.66138e-4 0.03218102 0.007552683 9.94321e-4 0.03218305 0.007829904 0.00125122 0.03213977 0.007748365 0.001301407 0.03214609 0.008164584 0.001967251 0.03199195 0.008771657 0.002459406 0.0316863 0.008820772 0.002526581 0.03164625 0.008544147 0.002604901 0.03174048 0.008585572 0.002677559 0.03170466 0.009166896 0.003027558 0.03128772 0.008877635 0.003219723 0.03138405 0.009435236 0.003480553 0.03085619 0.009573161 0.003778636 0.03050076 0.009104132 0.003711104 0.03099799 0.009220838 0.004035055 0.03067964 0.004298985 0.0126 0.03144997 0.004385769 0.0126 0.03127402 0.003749966 0.0126 0.03199899 0.004060626 0.0126 0.03176063 0.003574013 0.0126 0.03208577 0.003574013 0.01531416 0.01669275 0.003574013 0.01947259 0.02811789 0.003574013 0.01867914 0.02925103 0.004385769 0.01383703 0.03116577 0.004385769 0.01383703 0.01713418 0.004385769 0.01503652 0.03084439 0.004385769 0.01616197 0.03031957 0.004385769 0.01717919 0.02960729 0.004060626 0.01392155 0.03164499 0.004060626 0.01520299 0.03130167 0.004060626 0.01640528 0.03074097 0.004060626 0.01749199 0.02998006 0.004385769 0.0126 0.01702594 0.004298985 0.0126 0.01684999 0.004060626 0.01392155 0.01665496 0.003574013 0.013978 0.03196525 0.003574013 0.01531416 0.03160721 0.003574013 0.01656788 0.0310226 0.003574013 0.01770102 0.03022915 0.004385769 0.01961576 0.02538704 0.004385769 0.01972401 0.02414995 0.004060626 0.02009499 0.02547156 0.004060626 0.02021062 0.02414995 0.003574013 0.02041524 0.02552801 0.003574013 0.02053576 0.02414995 0.004385769 0.01961576 0.02291291 0.004060626 0.02009499 0.0228284 0.003574013 0.02041524 0.02277195 0.004385769 0.01929438 0.02171343 0.004060626 0.01975166 0.02154695 0.003574013 0.0200572 0.02143573 0.004385769 0.01876956 0.02058798 0.004385769 0.01805728 0.01957076 0.004060626 0.01919102 0.02034467 0.004060626 0.01843005 0.01925796 0.003574013 0.01947259 0.02018207 0.003574013 0.01867914 0.01904892 0.004385769 0.01717919 0.01869267 0.004060626 0.01749199 0.01831984 0.003574013 0.01770102 0.01807075 0.004385769 0.01616197 0.01798039 0.004060626 0.01640528 0.01755893 0.003574013 0.01656788 0.01727735 0.004060626 0.01843005 0.029042 0.004385769 0.01805728 0.0287292 0.004060626 0.01919102 0.02795529 0.004385769 0.01876956 0.02771198 0.003574013 0.0200572 0.02686417 0.004060626 0.01975166 0.02675294 0.004385769 0.01929438 0.02658653 0.004060626 0.01520299 0.01699829 0.004385769 0.01503652 0.01745557 0.003574013 0.013978 0.01633471 0.004060626 0.0126 0.01653933 0.003749966 0.0126 0.01630091 0.003574013 0.0126 0.01621413 -0.005999028 0.0126 0.01684999 -0.006085813 0.0126 0.01702594 -0.00544995 0.0126 0.01630091 -0.00576061 0.0126 0.01653933 -0.005273997 0.0126 0.01621413 -0.005273997 0.01531416 0.03160721 -0.005273997 0.01947259 0.02018207 -0.005273997 0.01867914 0.01904892 -0.006085813 0.01383703 0.01713418 -0.006085813 0.01383703 0.03116577 -0.006085813 0.01503652 0.01745557 -0.006085813 0.01616197 0.01798039 -0.006085813 0.01717919 0.01869267 -0.00576061 0.01392155 0.01665496 -0.00576061 0.01520299 0.01699829 -0.00576061 0.01640528 0.01755893 -0.00576061 0.01749199 0.01831984 -0.006085813 0.0126 0.03127402 -0.005999028 0.0126 0.03144997 -0.00576061 0.01392155 0.03164499 -0.005273997 0.013978 0.01633471 -0.005273997 0.01531416 0.01669275 -0.005273997 0.01656788 0.01727735 -0.005273997 0.01770102 0.01807075 -0.006085813 0.01961576 0.02291291 -0.006085813 0.01972401 0.02414995 -0.00576061 0.02009499 0.0228284 -0.00576061 0.02021062 0.02414995 -0.005273997 0.02041524 0.02277195 -0.005273997 0.02053576 0.02414995 -0.006085813 0.01961576 0.02538704 -0.00576061 0.02009499 0.02547156 -0.005273997 0.02041524 0.02552801 -0.006085813 0.01929438 0.02658653 -0.00576061 0.01975166 0.02675294 -0.005273997 0.0200572 0.02686417 -0.006085813 0.01876956 0.02771198 -0.006085813 0.01805728 0.0287292 -0.00576061 0.01919102 0.02795529 -0.00576061 0.01843005 0.029042 -0.005273997 0.01947259 0.02811789 -0.005273997 0.01867914 0.02925103 -0.006085813 0.01717919 0.02960729 -0.00576061 0.01749199 0.02998006 -0.005273997 0.01770102 0.03022915 -0.006085813 0.01616197 0.03031957 -0.00576061 0.01640528 0.03074097 -0.005273997 0.01656788 0.0310226 -0.00576061 0.01843005 0.01925796 -0.006085813 0.01805728 0.01957076 -0.00576061 0.01919102 0.02034467 -0.006085813 0.01876956 0.02058798 -0.005273997 0.0200572 0.02143573 -0.00576061 0.01975166 0.02154695 -0.006085813 0.01929438 0.02171343 -0.00576061 0.01520299 0.03130167 -0.006085813 0.01503652 0.03084439 -0.005273997 0.013978 0.03196525 -0.00576061 0.0126 0.03176063 -0.00544995 0.0126 0.03199899 -0.005273997 0.0126 0.03208577 -0.007757067 -0.005568683 0.008157074 -0.007757067 -0.004899978 0.008157074 -0.007635235 -0.005446374 0.008035242 -0.007309675 -0.005221962 0.007709681 -0.00558573 -0.005427837 0.005985736 -0.00615406 -0.005115509 0.006554067 -0.00558573 -0.004899978 0.005985736 -0.006544172 -0.005050957 0.006944179 -0.006937921 -0.005087256 0.007337927 0.006257057 -0.00879997 0.006657063 0.00558573 -0.00879997 0.005985736 0.00558573 -0.007772088 0.005985736 0.007397055 -0.008274853 0.007797062 0.007635235 -0.007753551 0.008035242 0.007693111 -0.007733345 0.008093118 0.00770682 -0.007685065 0.008106827 0.00615406 -0.008084475 0.006554067 0.006544172 -0.008148968 0.006944179 0.006886422 -0.008661568 0.007286369 0.006937921 -0.008112668 0.007337927 0.007309675 -0.007977962 0.007709681 -0.008049964 -0.004899978 0.009499967 -0.008049964 -0.004899978 0.008864164 -0.008049964 0.006052255 0.009499967 -0.008049964 0.007147669 0.009499967 -0.008049964 0.007147669 0.009290218 -0.008049964 -0.006052255 0.008864164 -0.008049964 -0.007147669 0.008864164 -0.008049964 -0.007299959 0.008864164 0.008049964 -0.006052255 0.008864164 0.008049964 -0.004899978 0.008864164 0.008049964 -0.004899978 0.009499967 0.008049964 -0.007299959 0.008864164 0.008049964 -0.007147669 0.008864164 0.008049964 0.007147669 0.009290218 0.008049964 0.007147669 0.009499967 0.008049964 0.006052255 0.009499967 -0.005442142 -0.005569517 0.002526462 -0.005333304 -0.005706608 0.002748727 -0.005333304 -0.004899978 0.002748727 0.005442142 -0.007630467 0.002526462 0.005333304 -0.007493317 0.002748727 0.005333304 -0.00879997 0.002748727 0.00571233 -0.007870674 0.001835346 0.005780637 -0.00879997 0.001607358 0.00589925 -0.007982552 0.001094818 0.00589925 -0.00879997 0.001094818 0.00599581 -0.008027374 2.23511e-4 0.00598669 -0.00879997 3.98985e-4 0.005964457 -0.008013665 -6.52008e-4 0.005264639 -0.005812942 -0.00287801 0.004613459 -0.004899978 -0.003836035 0.00546199 -0.005547642 -0.002483248 0.005523383 -0.004899978 -0.002343475 0.005523383 -0.005484879 -0.002343475 0.005100131 -0.006208777 -0.003160417 0.005050063 -0.006584465 -0.00323981 0.004613459 -0.00879997 -0.003836035 0.005964457 -0.00879997 -6.52008e-4 0.005942821 -0.00879997 -8.26095e-4 0.005803048 -0.007929384 -0.001524567 0.005650877 -0.00879997 -0.002016663 0.005523383 -0.007715046 -0.002343475 0.005523383 -0.00879997 -0.002343475 0.005442142 -0.007630467 -0.002526462 0.005123078 -0.00879997 -0.003123104 0.005249321 -0.007360398 -0.002905905 0.005092978 -0.006962478 -0.00317198 0.00589925 -0.004899978 0.001094818 0.005995869 -0.00517255 2.21145e-4 0.005964457 -0.004899978 -6.52008e-4 0.005964457 -0.005186259 -6.52008e-4 0.005802989 -0.00527054 -0.001524686 0.005333304 -0.005706608 0.002748727 0.00546199 -0.005547642 0.002483248 0.005333304 -0.004899978 0.002748727 0.005719423 -0.005324363 0.001813113 0.00589925 -0.005217432 0.001094818 -0.005964457 -0.004899978 -6.52008e-4 -0.00599581 -0.00517255 2.23511e-4 -0.00589925 -0.004899978 0.001094818 -0.00589925 -0.005217432 0.001094818 -0.00571233 -0.00532931 0.001835346 -0.005523383 -0.004899978 -0.002343475 -0.005803048 -0.00527054 -0.001524567 -0.005964457 -0.005186259 -6.52008e-4 -0.005264639 -0.007386982 -0.00287801 -0.005100131 -0.006991147 -0.003160417 -0.004613459 -0.00879997 -0.003836035 -0.00546199 -0.007652342 -0.002483248 -0.005123078 -0.00879997 -0.003123104 -0.005523383 -0.007715046 -0.002343475 -0.005523383 -0.00879997 -0.002343475 -0.005802989 -0.007929384 -0.001524686 -0.004613459 -0.004899978 -0.003836035 -0.005050063 -0.006615459 -0.00323981 -0.005092978 -0.006237447 -0.00317198 -0.005249321 -0.005839526 -0.002905905 -0.005442142 -0.005569517 -0.002526462 -0.005523383 -0.005484879 -0.002343475 -0.005650877 -0.00879997 -0.002016663 -0.005942821 -0.00879997 -8.26095e-4 -0.005964457 -0.008013665 -6.52008e-4 -0.005964457 -0.00879997 -6.52008e-4 -0.005995869 -0.008027434 2.21145e-4 -0.00598669 -0.00879997 3.98985e-4 -0.00589925 -0.007982552 0.001094818 -0.00589925 -0.00879997 0.001094818 -0.005719423 -0.007875561 0.001813113 -0.005780637 -0.00879997 0.001607358 -0.00546199 -0.007652342 0.002483248 -0.005333304 -0.00879997 0.002748727 -0.005333304 -0.007493317 0.002748727 0.004381418 -0.00879997 -0.00409913 0.00345683 -0.00879997 -0.004904031 0.003311991 -0.004899978 -0.005003035 0.003311991 -0.00879997 -0.005003035 0.002388 -0.00879997 -0.00550431 0.001729369 -0.004899978 -0.005745351 0.001729369 -0.00879997 -0.005745351 0.001219451 -0.00879997 -0.005874752 0 -0.004899978 -0.005999982 0 -0.00879997 -0.005999982 -0.001219451 -0.00879997 -0.005874752 -0.001729369 -0.004899978 -0.005745351 -0.003311991 -0.00879997 -0.005003035 -0.003311991 -0.004899978 -0.005003035 -0.002388 -0.00879997 -0.00550431 -0.001729369 -0.00879997 -0.005745351 -0.004381418 -0.00879997 -0.00409913 -0.00345683 -0.00879997 -0.004904031 -0.005062937 0.006399989 0.008499979 -0.001084685 0.006399989 0.002252399 0.005062937 0.006399989 0.008499979 0 0.006399989 0.002499997 0.001084685 0.006399989 0.002252399 0 0.006399989 -0.002499997 5.99086e-4 0.006399989 -0.003397583 0.001084685 0.006399989 -0.002252399 0.001724958 0.006399989 -0.002987742 0.001954555 0.006399989 -0.001558721 0.00264281 0.006399989 -0.00221759 0.002437293 0.006399989 -5.56302e-4 0.003241896 0.006399989 -0.001179933 0.002437293 0.006399989 5.56302e-4 0.003449976 0.006399989 0 0.001954555 0.006399989 0.001558721 0.003449976 0.006399989 0.003074109 -0.005062937 0.006399989 0.006965219 -0.004926145 0.006399989 0.006823658 -0.004123508 0.006399989 0.005711376 -0.003620982 0.006399989 0.004435062 -0.001954555 0.006399989 0.001558721 -0.003449976 0.006399989 0.003074109 -0.002437293 0.006399989 5.56302e-4 -0.003449976 0.006399989 0 -0.002437293 0.006399989 -5.56302e-4 -0.003241896 0.006399989 -0.001179933 -0.001954555 0.006399989 -0.001558721 -0.00264281 0.006399989 -0.00221759 -0.001084685 0.006399989 -0.002252399 -0.001724958 0.006399989 -0.002987742 -5.99086e-4 0.006399989 -0.003397583 0.003620982 0.006399989 0.004435062 0.004123508 0.006399989 0.005711376 0.004926145 0.006399989 0.006823658 0.005062937 0.006399989 0.006965219 -0.006073057 0.00879997 0.007761657 -0.00611633 0.008072555 0.007787942 -0.006332516 0.00876832 0.007911324 -0.006497383 0.008146584 0.007996976 -0.006510376 0.008708119 0.008003413 -0.007177948 0.008038163 0.008280813 -0.007088899 0.008199214 0.0082497 -0.006896495 0.008121371 0.008176386 -0.006917417 0.008419871 0.00818479 -0.006739556 0.008576512 0.008110404 -0.005052328 0.006685376 0.00695461 -0.005093514 0.006964802 0.006995558 -0.004926145 0.00879997 0.006823658 -0.005239486 0.007342696 0.00713396 -0.005461812 0.007652163 0.007326483 -0.005321204 0.00879997 0.007207155 -0.005702555 0.007863759 0.007513046 -0.00597912 0.008020162 0.007702708 -0.004674077 0.00879997 0.006533443 -0.004150331 0.00879997 0.005759894 -0.003765046 0.00879997 0.004908859 -0.003449976 0.00879997 0.003074109 -0.00352931 0.00879997 0.004004895 -0.003620982 0.00879997 0.004435062 0.005052268 0.006684601 0.00695455 0.006118178 0.00807321 0.007789075 0.005701482 0.007862985 0.007512271 0.005321204 0.00879997 0.007207155 0.004926145 0.00879997 0.006823658 0.005461812 0.007652163 0.007326483 0.005239248 0.007342219 0.007133722 0.005093514 0.006964802 0.006995558 0.006918013 0.008419275 0.008184969 0.00708878 0.008199393 0.00824964 0.006896495 0.008121371 0.008176386 0.007172226 0.008050024 0.008278846 0.007177948 0.008038163 0.008280813 0.006804287 0.008526027 0.008138298 0.006498515 0.008146643 0.007997572 0.006583273 0.008673429 0.008038878 0.006073057 0.00879997 0.007761657 0.006197154 0.008792757 0.007835626 0.006451547 0.008731722 0.007973909 0.004674077 0.00879997 0.006533443 0.004150331 0.00879997 0.005759894 0.003765046 0.00879997 0.004908859 0.003620982 0.00879997 0.004435062 0.00352931 0.00879997 0.004004895 0.003449976 0.00879997 0.003074109 -0.005100131 -0.006991147 0.00335431 -0.005084514 -0.00879997 0.003415942 -0.004999995 -0.00879997 0.004123091 -0.004999995 -0.004899978 0.004123091 -0.005049943 -0.006599485 0.003577649 -0.005052685 -0.006691575 0.003563165 -0.005060076 -0.00677675 0.003525495 -0.005084514 -0.006925284 0.003415942 -0.005084514 -0.004899978 0.003415942 -0.005190491 -0.00595504 0.00307095 -0.005092978 -0.006237447 0.003381967 -0.005060136 -0.006422758 0.003525316 0.005100131 -0.006208777 0.00335431 0.005084514 -0.004899978 0.003415942 0.004999995 -0.004899978 0.004123091 0.004999995 -0.00879997 0.004123091 0.005049943 -0.006600499 0.003577649 0.005052685 -0.00650835 0.003563165 0.005060076 -0.006423175 0.003525495 0.005084514 -0.00627464 0.003415942 0.005084514 -0.00879997 0.003415942 0.005190491 -0.007244884 0.00307095 0.005092978 -0.006962478 0.003381967 0.005060136 -0.006777167 0.003525316 0.007049977 -0.004899978 0.008499979 -0.007049977 -0.004899978 0.008499979 0.005497515 0.005510389 0.008499979 0.00616759 0.005111515 0.008499979 0.0069471 0.005089342 0.008499979 0.007049977 0.00511676 0.008499979 -0.005106508 0.006185114 0.008499979 0.005106508 0.006185114 0.008499979 -0.005497515 0.005510389 0.008499979 -0.00616759 0.005111515 0.008499979 -0.0069471 0.005089342 0.008499979 -0.007049977 0.00511676 0.008499979 -0.005549967 -0.009799957 0.007364213 -0.00487864 -0.009799957 0.006692886 -0.004401922 -0.009799957 0.006071567 0.005549967 -0.009799957 0.007364213 -0.00410217 -0.009799957 0.005348026 0.00487864 -0.009799957 0.006692886 0.004401922 -0.009799957 0.006071567 0.00410217 -0.009799957 0.005348026 -0.003999948 -0.009799957 0.004571557 0.003999948 -0.009799957 0.004571557 0.00444442 -0.009799957 0.002290606 0.00411266 -0.009799957 0.003180265 -0.00411266 -0.009799957 0.003180265 0.003999948 -0.009799957 0.004123091 0.004709064 -0.009799957 -0.001680552 0.004952371 -0.009799957 -6.88413e-4 -0.00444442 -0.009799957 0.002290606 0.004988908 -0.009799957 3.32487e-4 0.004817187 -0.009799957 0.001339495 -0.004817187 -0.009799957 0.001339495 -0.004988908 -0.009799957 3.32487e-4 -0.004952371 -0.009799957 -6.88413e-4 -0.003651142 -0.009799957 -0.003415942 -0.002880692 -0.009799957 -0.004086732 -0.00198996 -0.009799957 -0.004586875 -0.003999948 -0.009799957 0.004123091 -0.004709064 -0.009799957 -0.001680552 -0.004269242 -0.009799957 -0.002602577 0.004269242 -0.009799957 -0.002602577 0 -0.009799957 -0.004999995 0.001016199 -0.009799957 -0.004895627 0.00198996 -0.009799957 -0.004586875 -0.001016199 -0.009799957 -0.004895627 0.002880692 -0.009799957 -0.004086732 0.003651142 -0.009799957 -0.003415942 -0.004999995 -0.006226658 0.004757225 -0.004999995 -0.006929934 0.004780352 -0.004999995 -0.006508827 0.004942059 -0.004999995 -0.006674528 0.004955291 -0.004999995 -0.006518781 0.004950046 -0.004999995 -0.005961954 0.004649877 -0.004999995 -0.005702853 0.004591524 -0.004999995 -0.005427837 0.004571557 -0.004999995 -0.004899978 0.004571557 -0.004999995 -0.00879997 0.004571557 -0.004999995 -0.007772088 0.004571557 -0.004999995 -0.007467627 0.004596114 -0.004999995 -0.007190346 0.004665315 -0.004999995 -0.006595551 0.005004882 -0.004999995 -0.006586372 0.00500077 -0.004999995 -0.006575226 0.004993736 -0.004999995 -0.006604909 0.005004703 -0.004999995 -0.006599247 0.005005538 -0.004999995 -0.006614148 0.005000412 0.004999995 -0.004899978 0.004571557 0.004999995 -0.005427837 0.004571557 0.004999995 -0.005732297 0.004596114 0.004999995 -0.006009578 0.004665315 0.004999995 -0.006973326 0.004757225 0.004999995 -0.006270051 0.004780352 0.004999995 -0.006691157 0.004942059 0.004999995 -0.006525397 0.004955291 0.004999995 -0.006681144 0.004950046 0.004999995 -0.00723803 0.004649877 0.004999995 -0.007497072 0.004591524 0.004999995 -0.007772088 0.004571557 0.004999995 -0.00879997 0.004571557 0.004999995 -0.006606221 0.005004286 0.004999995 -0.006613612 0.00500077 0.004999995 -0.006624758 0.004993736 0.004999995 -0.006595015 0.005004703 0.004999995 -0.006600677 0.005005538 0.004999995 -0.006585776 0.005000412 0.007915973 -0.004899978 0.008999943 -0.007549941 -0.004899978 0.008633971 -0.007973849 -0.004899978 0.008481502 -0.007915973 -0.004899978 0.008999943 0.007549941 -0.004899978 0.008633971 0.001084685 -0.004899978 0.002252399 0 -0.004899978 0.002499997 0.002437293 -0.004899978 -5.56302e-4 0.002437293 -0.004899978 5.56302e-4 -0.001954555 -0.004899978 -0.001558721 -0.002437293 -0.004899978 -5.56302e-4 -0.002437293 -0.004899978 5.56302e-4 -0.001084685 -0.004899978 0.002252399 -0.005152225 -0.004899978 0.00533694 -0.001954555 -0.004899978 0.001558721 0 -0.004899978 -0.002499997 -0.001084685 -0.004899978 -0.002252399 0.001084685 -0.004899978 -0.002252399 0.001954555 -0.004899978 0.001558721 0.001954555 -0.004899978 -0.001558721 0.007973849 -0.004899978 0.008481502 0.007757067 -0.004899978 0.008157074 0.00558573 -0.004899978 0.005985736 0.005152225 -0.004899978 0.00533694 0.003449976 0.00879997 0 -0.003449976 0.00879997 0 -0.003332436 0.00879997 -8.92926e-4 -0.003241896 0.00879997 -0.001179933 -0.002987742 0.00879997 -0.001724958 -0.00264281 0.00879997 -0.00221759 -0.002439498 0.00879997 -0.002439498 -0.001724958 0.00879997 -0.002987742 -8.92926e-4 0.00879997 -0.003332436 -5.99086e-4 0.00879997 -0.003397583 0 0.00879997 -0.003449976 5.99086e-4 0.00879997 -0.003397583 8.92926e-4 0.00879997 -0.003332436 0.001724958 0.00879997 -0.002987742 0.002439498 0.00879997 -0.002439498 0.00264281 0.00879997 -0.00221759 0.002987742 0.00879997 -0.001724958 0.003332436 0.00879997 -8.92926e-4 0.003241896 0.00879997 -0.001179933 0.007309675 -0.005221962 0.007709681 0.00763005 -0.005441784 0.008030056 0.007757067 -0.005568683 0.008157074 0.006937921 -0.005087256 0.007337927 0.006544172 -0.005050957 0.006944179 0.00615406 -0.005115509 0.006554067 0.00558573 -0.005427837 0.005985736 -0.00558573 -0.007772088 0.005985736 -0.00558573 -0.00879997 0.005985736 -0.00615406 -0.008084475 0.006554067 -0.006257057 -0.00879997 0.006657063 -0.006544172 -0.008148968 0.006944179 -0.006327688 -0.008798301 0.006727695 -0.006937921 -0.008112668 0.007337927 -0.006924629 -0.008643269 0.007324635 -0.007309675 -0.007977962 0.007709681 -0.00738275 -0.008291363 0.007782757 -0.007632255 -0.007756173 0.008032262 -0.007661759 -0.007826209 0.008061766 -0.00770682 -0.007685065 0.008106827 -0.007426083 -0.008952319 0.008489847 -0.006662547 -0.009538769 0.008031725 -0.006504535 -0.009610533 0.007936954 -0.005667686 -0.009797215 0.007434844 -0.007891058 -0.008176982 0.008768856 0.007943332 -0.008022308 0.008800208 0.007857501 -0.008261919 0.00874871 0.007449984 -0.008924782 0.008504211 0.007314026 -0.009071469 0.008422613 0.00659883 -0.009569287 0.007993519 0.005194127 -0.005947232 -2.05842e-4 0.00549221 -0.005515813 6.98833e-5 0.005187988 -0.007239282 -2.11623e-4 0.005481958 -0.007673501 9.14847e-5 -0.005194127 -0.007252693 -2.05842e-4 -0.00549221 -0.007684111 6.98833e-5 -0.005187988 -0.005960643 -2.11623e-4 -0.005481958 -0.005526423 9.14847e-5 -0.007635235 -0.005446374 0.008864164 -0.007635235 -0.007753551 0.008864164 -0.00803107 -0.007195353 0.008670628 -0.007982909 -0.007299959 0.008504152 -0.007916867 -0.0074175 0.008368432 -0.006937921 -0.008112668 0.008864164 -0.00615406 -0.008084475 0.008864164 -0.005484402 -0.007676064 0.008864164 -0.005488514 -0.007680356 0.005888521 -0.005248427 -0.007358789 0.005648434 -0.005295038 -0.007436454 0.005695044 -0.005100429 -0.006992161 0.008864164 -0.005394995 -0.007574915 0.005795001 -0.005094647 -0.006230592 0.005494654 -0.005100429 -0.006207764 0.005500376 -0.005100429 -0.006207764 0.008864164 -0.005248427 -0.005841135 0.005648434 -0.005075275 -0.006321132 0.005475282 -0.005059778 -0.006425917 0.005459785 -0.005055785 -0.006465911 0.005455791 -0.005049943 -0.006599962 0.00544995 -0.005100429 -0.006992161 0.005500376 -0.005484402 -0.00552386 0.008864164 -0.00615406 -0.005115509 0.008864164 -0.005484402 -0.00552386 0.005884408 -0.005313158 -0.005735874 0.005713164 -0.006937921 -0.005087256 0.008864164 -0.008028209 -0.005997836 0.008656799 -0.007973849 -0.005882382 0.008481502 0.008028268 -0.005997896 0.008656859 0.007973849 -0.005882382 0.008481502 0.007635235 -0.005446374 0.008864164 0.006937921 -0.005087256 0.008864164 0.00615406 -0.005115509 0.008864164 0.005484402 -0.00552386 0.008864164 0.005488514 -0.005519568 0.005888521 0.005248427 -0.005841135 0.005648434 0.005295038 -0.005763471 0.005695044 0.005100429 -0.006207764 0.008864164 0.005394995 -0.005625009 0.005795001 0.005075275 -0.006878793 0.005475282 0.005059778 -0.006774067 0.005459785 0.005055785 -0.006734013 0.005455791 0.005049943 -0.006599962 0.00544995 0.005100429 -0.006207764 0.005500376 0.005484402 -0.007676064 0.008864164 0.005484402 -0.007676064 0.005884408 0.005100429 -0.006992161 0.008864164 0.005313158 -0.007464051 0.005713164 0.005248427 -0.007358789 0.005648434 0.005100429 -0.006992161 0.005500376 0.005094647 -0.006969392 0.005494654 0.00615406 -0.008084475 0.008864164 0.006937921 -0.008112668 0.008864164 0.007819056 -0.007557213 0.008229911 0.007635235 -0.007753551 0.008864164 0.00803107 -0.007195353 0.008670628 0.007982909 -0.007299959 0.008504152 0.007582545 0.007798731 0.0084697 0.007831811 0.007540762 0.008680164 0.007599771 0.007784426 0.009499967 0.00795859 0.007346093 0.008873403 0.007982909 0.007299959 0.008930146 0.00803107 0.007195353 0.009096682 0.007512509 0.007852911 0.008427798 0.006896495 0.008121371 0.009499967 0.006118178 0.00807321 0.009499967 0.005461812 0.007652163 0.009499967 0.005093514 0.006964802 0.009499967 0.005106508 0.006185114 0.009499967 0.005497515 0.005510389 0.009499967 0.00616759 0.005111515 0.009499967 0.0069471 0.005089342 0.009499967 0.007318615 0.005226612 0.008536756 0.007638692 0.005449533 0.009499967 0.008039176 0.006024479 0.009353339 0.007915973 0.005781054 0.008999943 0.007638692 0.005449533 0.008691668 0.007549941 0.005375206 0.008633971 -0.007915973 0.005781054 0.008999943 -0.008010745 0.005957961 0.009222686 -0.007638692 0.005449533 0.009499967 -0.008039236 0.006024718 0.009353995 -0.007317602 0.005226135 0.008536458 -0.0069471 0.005089342 0.009499967 -0.00755316 0.005377709 0.008635759 -0.007638692 0.005449533 0.008691668 -0.005093514 0.006964802 0.009499967 -0.005106508 0.006185114 0.009499967 -0.005497515 0.005510389 0.009499967 -0.00616759 0.005111515 0.009499967 -0.005461812 0.007652163 0.009499967 -0.006118178 0.00807321 0.009499967 -0.006896495 0.008121371 0.009499967 -0.007599771 0.007784426 0.009499967 -0.007263123 0.008000969 0.008311629 -0.007886826 0.007463991 0.008750498 -0.007661163 0.007729768 0.008523702 -0.007582545 0.007798731 0.0084697 -0.007982909 0.007299959 0.008930146 -0.00803107 0.007195353 0.009096682 0.005267918 -0.00879997 0.005571544 0.005152225 -0.007772088 0.00533694 0.005068123 -0.00879997 0.005089163 0.005152225 -0.00879997 0.00533694 0.005128681 -0.007600247 0.005289793 0.005105674 -0.007426559 0.005263209 0.005079865 -0.00722891 0.005255103 0.005041718 -0.006944 0.005260229 0.005039632 -0.006928443 0.005259633 0.005023777 -0.006799161 0.005247175 0.005018889 -0.006747484 0.005240261 0.005014955 -0.0066908 0.005233764 0.005013942 -0.00666964 0.005231916 0.005012571 -0.006612479 0.005229234 0.00501424 -0.006523728 0.005232453 0.005019187 -0.006449103 0.005240738 0.005038142 -0.006282448 0.005259096 0.005075156 -0.006006896 0.005255579 0.005101263 -0.005807042 0.005260288 0.005126118 -0.005618751 0.005285859 0.005152225 -0.005427837 0.00533694 -0.005152225 -0.005427837 0.00533694 -0.005128681 -0.005599677 0.005289793 -0.005105674 -0.005773365 0.005263209 -0.005079865 -0.005971074 0.005255103 -0.005041718 -0.006255924 0.005260229 -0.005039632 -0.006271481 0.005259633 -0.005023777 -0.006400823 0.005247175 -0.005018889 -0.0064525 0.005240261 -0.005014955 -0.006509184 0.005233764 -0.005013942 -0.006530284 0.005231916 -0.005012571 -0.006587505 0.005229234 -0.00501424 -0.006676197 0.005232453 -0.005019187 -0.006750881 0.005240738 -0.005038142 -0.006917476 0.005259096 -0.005075156 -0.007193088 0.005255579 -0.005101263 -0.007392883 0.005260288 -0.005126118 -0.007581174 0.005285859 -0.005152225 -0.007772088 0.00533694 -0.005267918 -0.00879997 0.005571544 -0.005152225 -0.00879997 0.00533694 -0.005068123 -0.00879997 0.005089163 -0.007932305 0.007671475 0.00887227 -0.007636606 0.007857799 0.008521139 -0.007868826 0.00796014 0.008859038 -0.007703006 0.008383929 0.008822441 -0.007530212 0.008672952 0.008781254 -0.007240235 0.009014308 0.00870496 -0.006940186 0.009261429 0.008616328 -0.00655359 0.009477972 0.008486986 -0.006252944 0.009586334 0.008374094 -0.005811512 0.009666025 0.00818783 -0.005919814 0.00950706 0.008011281 -0.007504105 0.008215844 0.00848633 -0.00736618 0.008460044 0.00844711 -0.007134974 0.008748531 0.008374154 -0.006896138 0.008957326 0.008289098 -0.006589233 0.009140431 0.008164703 -0.006351172 0.009232163 0.008055806 -0.006002962 0.009299993 0.007875859 -0.003315985 0.009299993 0.003074109 -0.003373861 0.009182631 0.003074109 -0.003454267 0.009182631 0.00401777 -0.004913926 0.009723842 0.007671058 -0.0041942 0.009723842 0.006921708 -0.003611624 0.009723842 0.006061375 -0.003183066 0.009723842 0.005114793 -0.002920866 0.009723842 0.004109382 -0.005127966 0.00950706 0.007427275 -0.002832651 0.009723842 0.003074109 -0.002949953 0.009666025 0.003074109 -0.004446387 0.00950706 0.006717681 -0.003894746 0.00950706 0.005902945 -0.003488898 0.00950706 0.005006551 -0.003240644 0.00950706 0.004054486 -0.003157079 0.00950706 0.003074109 -0.005271017 0.009182631 0.007264375 -0.004614949 0.009182631 0.006581306 -0.004083931 0.009182631 0.005797088 -0.003693282 0.009182631 0.004934251 -0.003373861 0.009182631 0 -0.003315985 0.009299993 0 -0.003157079 0.00950706 0 -0.002949953 0.009666025 0 -0.002832651 0.009723842 0 0.003315985 0.009299993 0 0.003373861 0.009182631 0 0.003258883 0.009182631 -8.73224e-4 -0.003258883 0.009182631 -8.73224e-4 0.002385675 0.009182631 -0.002385675 0.002921819 0.009182631 -0.00168693 0.00168693 0.009182631 -0.002921819 8.73224e-4 0.009182631 -0.003258883 0 0.009182631 -0.003373861 -8.73224e-4 0.009182631 -0.003258883 -0.00168693 0.009182631 -0.002921819 -0.002385675 0.009182631 -0.002385675 -0.002921819 0.009182631 -0.00168693 0.002949953 0.009666025 0 0.003157079 0.00950706 0 0.003049492 0.00950706 -8.17119e-4 0.002734124 0.00950706 -0.001578509 0.002232372 0.00950706 -0.002232372 0.001578509 0.00950706 -0.002734124 8.17119e-4 0.00950706 -0.003049492 0 0.00950706 -0.003157079 -8.17119e-4 0.00950706 -0.003049492 -0.001578509 0.00950706 -0.002734124 -0.002232372 0.00950706 -0.002232372 -0.002734124 0.00950706 -0.001578509 -0.003049492 0.00950706 -8.17119e-4 0.002832651 0.009723842 0 0.002736151 0.009723842 -7.33152e-4 0.002453148 0.009723842 -0.001416325 0.002002954 0.009723842 -0.002002954 0.001416325 0.009723842 -0.002453148 7.33152e-4 0.009723842 -0.002736151 0 0.009723842 -0.002832651 -7.33152e-4 0.009723842 -0.002736151 -0.001416325 0.009723842 -0.002453148 -0.002002954 0.009723842 -0.002002954 -0.002453148 0.009723842 -0.001416325 -0.002736151 0.009723842 -7.33152e-4 0.002832651 0.009723842 0.003074109 0.002949953 0.009666025 0.003074109 0.003157079 0.00950706 0.003074109 0.003315985 0.009299993 0.003074109 0.003373861 0.009182631 0.003074109 0.005811512 0.009666025 0.00818783 0.002920866 0.009723842 0.004109382 0.003454267 0.009182631 0.00401777 0.003240644 0.00950706 0.004054486 0.003183066 0.009723842 0.005114793 0.003611624 0.009723842 0.006061375 0.003488898 0.00950706 0.005006551 0.003894746 0.00950706 0.005902945 0.003693282 0.009182631 0.004934251 0.004083931 0.009182631 0.005797088 0.0041942 0.009723842 0.006921708 0.004446387 0.00950706 0.006717681 0.004614949 0.009182631 0.006581306 0.004913926 0.009723842 0.007671058 0.005127966 0.00950706 0.007427275 0.005271017 0.009182631 0.007264375 0.005919814 0.00950706 0.008011281 0.006002962 0.009299993 0.007875859 0.007917463 0.00775659 0.008869171 0.007848918 0.008026361 0.008854746 0.006023168 0.009638965 0.008280277 0.007478952 0.008266687 0.008479416 0.007620692 0.007913708 0.008517086 0.007366001 0.008460342 0.008447051 0.007135689 0.008747696 0.008374392 0.006982922 0.008889436 0.008321166 0.006686747 0.00909084 0.008206129 0.006510496 0.009175121 0.008129954 0.006169736 0.009276866 0.007965207 0.007671535 0.00844407 0.008815169 0.007530033 0.00867325 0.008781194 0.007241189 0.009013354 0.008705198 0.007049262 0.009181082 0.008649706 0.006676614 0.009419381 0.00853002 0.006454288 0.00951904 0.008450925 0.008015871 -0.007299959 0.00860536 0.005903542 -0.009666025 0.007010638 0.006812393 -0.009373426 0.007689416 0.007843434 -0.007840275 0.008296847 0.007929027 -0.00793904 0.008538663 0.007524132 -0.008752822 0.008228957 0.007505834 -0.008527815 0.00798422 0.006914198 -0.009051918 0.007438957 0.006162345 -0.009299993 0.006751835 0.005531907 -0.009182631 0.006039559 0.005491018 -0.009299993 0.006080508 0.005378663 -0.00950706 0.006192862 0.005232214 -0.009666025 0.006339311 0.005149245 -0.009723842 0.006422281 0.004471838 -0.009723842 0.005248963 0.004733324 -0.009723842 0.005880177 0.005201995 -0.009182631 0.005609631 0.00501424 -0.00950706 0.005717992 0.004382669 -0.009723842 0.004571557 0.004499971 -0.009666025 0.004571557 0.00478518 -0.00950706 0.00516498 0.004707098 -0.00950706 0.004571557 0.004994571 -0.009182631 0.005108892 0.004866003 -0.009299993 0.004571557 0.00492388 -0.009182631 0.004571557 0.00492388 -0.009182631 0.004123091 0.004866003 -0.009299993 0.004123091 0.004707098 -0.00950706 0.004123091 0.004499971 -0.009666025 0.004123091 0.004382669 -0.009723842 0.004123091 0.004484593 -0.009723842 0.003270447 0.005010545 -0.009182631 0.003398001 0.004799842 -0.00950706 0.00334692 0.004784584 -0.009723842 0.002465903 0.005072951 -0.00950706 0.002614498 0.005265653 -0.009182631 0.002713859 -0.004784584 -0.009723842 0.002465903 -0.005185902 -0.009723842 0.001442015 -0.005072951 -0.00950706 0.002614498 -0.005498468 -0.00950706 0.001528918 -0.005265653 -0.009182631 0.002713859 -0.005707323 -0.009182631 0.001586973 -0.005910754 -0.009182631 3.93923e-4 -0.005867421 -0.009182631 -8.15615e-4 -0.005579233 -0.009182631 -0.001991093 -0.005058109 -0.009182631 -0.003083467 -0.004325807 -0.009182631 -0.004047095 -0.003412961 -0.009182631 -0.004841864 -0.002357661 -0.009182631 -0.005434453 -0.001203954 -0.009182631 -0.005800187 0 -0.009182631 -0.005923867 0.001203954 -0.009182631 -0.005800187 0.002357661 -0.009182631 -0.005434453 0.003412961 -0.009182631 -0.004841864 0.004325807 -0.009182631 -0.004047095 0.005058109 -0.009182631 -0.003083467 0.005579233 -0.009182631 -0.001991093 0.005867421 -0.009182631 -8.15615e-4 0.005910754 -0.009182631 3.93923e-4 0.005707323 -0.009182631 0.001586973 -0.005694448 -0.00950706 3.79508e-4 -0.005652725 -0.00950706 -7.85769e-4 -0.005375027 -0.00950706 -0.001918196 -0.004872977 -0.00950706 -0.002970635 -0.004167497 -0.00950706 -0.003899037 -0.00328809 -0.00950706 -0.004664659 -0.002271413 -0.00950706 -0.005235612 -0.001159906 -0.00950706 -0.005587935 0 -0.00950706 -0.005707085 0.001159906 -0.00950706 -0.005587935 0.002271413 -0.00950706 -0.005235612 0.00328809 -0.00950706 -0.004664659 0.004167497 -0.00950706 -0.003899037 0.004872977 -0.00950706 -0.002970635 0.005375027 -0.00950706 -0.001918196 0.005652725 -0.00950706 -7.85769e-4 0.005694448 -0.00950706 3.79508e-4 0.005498468 -0.00950706 0.001528918 -0.005370736 -0.009723842 3.57935e-4 -0.005331397 -0.009723842 -7.41102e-4 -0.005069494 -0.009723842 -0.001809179 -0.004595994 -0.009723842 -0.002801775 -0.003930628 -0.009723842 -0.003677368 -0.00310117 -0.009723842 -0.004399478 -0.00214225 -0.009723842 -0.004937946 -0.001093983 -0.009723842 -0.005270302 0 -0.009723842 -0.005382657 0.001093983 -0.009723842 -0.005270302 0.00214225 -0.009723842 -0.004937946 0.00310117 -0.009723842 -0.004399478 0.003930628 -0.009723842 -0.003677368 0.004595994 -0.009723842 -0.002801775 0.005069494 -0.009723842 -0.001809179 0.005331397 -0.009723842 -7.41102e-4 0.005370736 -0.009723842 3.57935e-4 0.005185902 -0.009723842 0.001442015 -0.004484593 -0.009723842 0.003270447 -0.004382669 -0.009723842 0.004123091 -0.004499971 -0.009666025 0.004123091 -0.004799842 -0.00950706 0.00334692 -0.004707098 -0.00950706 0.004123091 -0.005010545 -0.009182631 0.003398001 -0.004866003 -0.009299993 0.004123091 -0.00492388 -0.009182631 0.004123091 -0.004382669 -0.009723842 0.004571557 -0.004499971 -0.009666025 0.004571557 -0.004707098 -0.00950706 0.004571557 -0.004866003 -0.009299993 0.004571557 -0.00492388 -0.009182631 0.004571557 -0.004733324 -0.009723842 0.005880177 -0.004471838 -0.009723842 0.005248963 -0.004994571 -0.009182631 0.005108892 -0.00478518 -0.00950706 0.00516498 -0.00501424 -0.00950706 0.005717992 -0.005201995 -0.009182631 0.005609631 -0.005149245 -0.009723842 0.006422281 -0.005232214 -0.009666025 0.006339311 -0.005378663 -0.00950706 0.006192862 -0.005491018 -0.009299993 0.006080508 -0.005531907 -0.009182631 0.006039559 -0.006162345 -0.009299993 0.006751835 -0.005903542 -0.009666025 0.007010638 -0.00780785 -0.007956624 0.008263826 -0.008015871 -0.007299959 0.00860536 -0.00788635 -0.008076727 0.00850594 -0.006866335 -0.009341835 0.007730066 -0.00600779 -0.009652554 0.007087886 -0.007489383 -0.008549332 0.007969021 -0.007504403 -0.008778214 0.008213877 -0.006958961 -0.009025275 0.007480084 -0.006248414 -0.00928837 0.006830096 0 0.007399976 -0.002499997 0.001084685 0.007399976 -0.002252399 0.001954555 0.007399976 -0.001558721 0.002437293 0.007399976 -5.56302e-4 0.002437293 0.007399976 5.56302e-4 0.001954555 0.007399976 0.001558721 0.001084685 0.007399976 0.002252399 0 0.007399976 0.002499997 -0.001084685 0.007399976 0.002252399 -0.001954555 0.007399976 0.001558721 -0.002437293 0.007399976 5.56302e-4 -0.002437293 0.007399976 -5.56302e-4 -0.001954555 0.007399976 -0.001558721 -0.001084685 0.007399976 -0.002252399 0 0.007399976 0 0 -0.005899965 0.002499997 0.001084685 -0.005899965 0.002252399 0.001954555 -0.005899965 0.001558721 0.002437293 -0.005899965 5.56302e-4 0.002437293 -0.005899965 -5.56302e-4 0.001954555 -0.005899965 -0.001558721 0.001084685 -0.005899965 -0.002252399 0 -0.005899965 -0.002499997 -0.001084685 -0.005899965 -0.002252399 -0.001954555 -0.005899965 -0.001558721 -0.002437293 -0.005899965 -5.56302e-4 -0.002437293 -0.005899965 5.56302e-4 -0.001954555 -0.005899965 0.001558721 -0.001084685 -0.005899965 0.002252399 0 -0.005899965 0</float_array>
          <technique_common>
            <accessor source="#link_2_1-mesh-positions-array" count="1674" stride="3">
              <param name="X" type="float"/>
              <param name="Y" type="float"/>
              <param name="Z" type="float"/>
            </accessor>
          </technique_common>
        </source>
        <source id="link_2_1-mesh-normals">
          <float_array id="link_2_1-mesh-normals-array" count="8994">0 1 0 0 1 -9.73729e-7 0 1 3.1894e-6 0 0 -1 -2.85057e-6 0 -1 6.18623e-6 0 -1 2.46682e-5 0 -1 -4.61259e-5 0 -1 -6.18623e-6 0 -1 1.42529e-6 0 -1 4.74919e-7 0 -1 -4.74919e-7 0 -1 0 1 -2.42822e-6 0 1 1.63031e-7 0 1 -2.03799e-6 0 1 1.86942e-7 0 1 1.17252e-6 0 1 1.10357e-6 0 1 8.01011e-7 0 1 -1.30009e-6 0 1 0 0 1 4.54558e-7 0 1 4.87801e-7 0 1 -1.55196e-6 0 1 8.59047e-6 0 1 -5.86009e-6 0 1 9.5344e-7 0 1 -1.5167e-6 0 -1 -1.82024e-7 0 -1 -1.29541e-7 0 -1 0 0 -1 -3.89189e-7 0 -1 5.8147e-6 0 -1 5.81073e-6 0 -1 -6.48975e-6 0 -1 6.41186e-6 0 -1 4.36102e-6 0 -1 4.9597e-6 -1 0 0 -1 2.87267e-7 0 -1 2.7278e-7 0 -1 3.48753e-7 0 -1 2.17493e-7 0 -1 0 0 1 0 0 1 0 0 1 3.48753e-7 0 1 5.74534e-7 0 1 -7.48518e-7 0 1 0 0 1 1.3219e-7 0 1 1.75407e-7 0 0 0 1 -4.9955e-6 0 1 1.75419e-6 0 1 -8.77095e-7 0 1 4.29958e-7 0 1 0.002459049 0 0.999997 0.1564298 -1.3139e-4 0.9876891 0.07607221 -0.004961013 0.9970901 0.1921765 -0.001087784 0.9813598 0.3134523 4.819e-4 0.9496039 0.3460934 -4.55884e-6 0.9382001 0.4252457 5.42962e-6 0.9050781 0.4886301 -0.001180291 0.8724903 0.5696514 0.001226723 0.8218857 0.6765819 -0.001107573 0.7363667 0.6494533 -3.15762e-4 0.7604016 0.6965591 -1.38712e-6 0.7174994 0.772104 8.20628e-6 0.6354961 0.7604105 5.91999e-4 0.6494424 0.8814921 -7.20015e-4 0.4721981 0.8724974 -9.6107e-6 0.4886189 0.928231 8.5344e-7 0.3720045 0.9381923 -1.04557e-4 0.3461146 0.9587945 4.74046e-4 0.2841002 0.9876868 -0.001760601 0.1564345 0.9946757 0 0.103055 -0.649435 -3.95177e-4 0.760417 -0.6759881 -1.14012e-4 0.7369126 -0.6966371 -1.14255e-6 0.7174237 -0.7604066 5.34382e-6 0.6494475 -0.7719106 3.92138e-4 0.6357311 -0.8724944 -4.92224e-4 0.4886239 -0.8812536 -6.59474e-6 0.4726437 -0.9381928 2.62715e-6 0.3461134 -0.9283111 -2.83852e-4 0.3718045 -0.9876875 0.001325786 0.1564345 -0.95971 -0.004832923 0.280951 -0.9946755 0 0.1030566 -0.156441 0 0.9876874 -0.01106226 -0.006965637 0.9999146 -0.07476824 -0.00395739 0.9971932 -0.1919659 -8.65981e-4 0.9814013 -0.3461199 7.26434e-4 0.9381901 -0.3138652 -6.8496e-6 0.9494675 -0.4886303 1.09729e-5 0.872491 -0.4272162 -0.002334237 0.9041466 -0.5698342 9.86652e-4 0.8217592 -0.9876861 -0.1564301 -0.002419233 -0.9807851 -0.1950919 0 -0.8910048 -0.4539915 0.001457512 -0.8314661 -0.5555679 -0.002912819 -0.7604039 -0.6494506 0 -0.6494489 -0.7604053 0 -0.5555681 -0.831466 -0.002912521 -0.4539903 -0.8910055 0.001457393 -0.1950892 -0.9807837 -0.001939952 -0.1564341 -0.9876885 0 -0.1469883 -0.3423494 0.928004 -0.1545708 -0.1545583 0.9758175 -0.154548 -0.1545528 0.9758219 -0.3418546 -0.1563171 0.9266609 -0.4456962 -0.1902261 0.8747393 -0.4826933 -0.155377 0.8618963 -0.6415062 -0.1559635 0.7510961 -0.6925307 -0.201983 0.6925346 -0.9266596 -0.1563166 0.3418583 -0.8747364 -0.1902278 0.4457015 -0.861898 -0.1553775 0.4826903 -0.7511007 -0.1559649 0.6415006 -0.1195757 -0.6447861 0.7549522 -0.136892 -0.4840268 0.8642793 -0.1642183 -0.4509836 0.8772949 -0.4055401 -0.4495357 0.7958989 -0.405534 -0.4495355 0.795902 -0.6316265 -0.44954 0.6316342 -0.6316348 -0.4495336 0.6316304 -0.7959051 -0.4495342 0.4055296 -0.7959 -0.449537 0.4055363 -0.0771588 -0.8698946 0.4871652 -0.1023211 -0.7564139 0.6460406 -0.9758201 -0.154557 0.1545552 -0.9758206 -0.1545535 0.1545554 -0.8822647 -0.4495354 0.1397384 -0.8822635 -0.4495382 0.1397376 -0.7549529 -0.6447858 0.1195722 -0.1512047 -0.7053601 0.6925346 -0.3230038 -0.7027088 0.6339314 -0.3230029 -0.7027149 0.633925 -0.5030881 -0.7027124 0.5030881 -0.5030874 -0.7027135 0.5030874 -0.6339273 -0.7027124 0.323004 -0.6339246 -0.7027171 0.3229992 -0.6925313 -0.7053629 0.1512076 -0.6460412 -0.7564132 0.102324 -0.02476936 -0.987385 0.1563885 -0.05474138 -0.9367883 0.345588 -0.1167567 -0.8907364 0.4392684 -0.208144 -0.8887124 0.4084931 -0.2081366 -0.8887118 0.4084978 -0.3241826 -0.8887123 0.3241854 -0.3241859 -0.8887124 0.3241817 -0.4084997 -0.8887104 0.2081389 -0.408494 -0.8887125 0.208141 -0.4528214 -0.888712 0.07172071 -0.4528175 -0.888714 0.07172095 -0.02477043 -0.9873862 0.1563812 -0.07188349 -0.9873845 0.1410837 -0.07188647 -0.9873858 0.1410739 -0.1119595 -0.987385 0.1119637 -0.111957 -0.987385 0.1119664 -0.1410773 -0.9873855 0.07188338 -0.1410772 -0.9873853 0.07188576 -0.1563866 -0.9873852 0.02477258 -0.1563876 -0.9873851 0.02477073 0 -0.9876885 0.156434 0 -0.987688 0.1564371 0 -0.9381951 0.3461073 0 -0.9381909 0.3461184 0 -0.8724967 0.48862 0 -0.872495 0.4886232 0 -0.7604078 0.6494461 0 -0.7604046 0.6494497 0 -0.6494432 0.7604102 0 -0.4886261 0.8724933 0 -0.4886243 0.8724943 0 -0.3461054 0.9381957 0 -0.1564379 0.9876878 0 -0.1564388 0.9876877 0.1563866 -0.9873852 0.02477258 0.0547415 -0.9367881 0.3455886 0.754953 -0.6447859 0.1195711 0.882265 -0.4495356 0.139737 0.9758204 -0.1545559 0.1545545 0.9758204 -0.1545544 0.1545562 0.9266597 -0.1563147 0.3418589 0.8747364 -0.1902278 0.4457015 0.861898 -0.1553775 0.4826903 0.7511007 -0.1559649 0.6415006 0.6925307 -0.201983 0.6925346 0.6415062 -0.1559635 0.7510961 0.4826928 -0.1553769 0.8618966 0.4456962 -0.1902265 0.8747393 0.3418546 -0.1563171 0.9266609 0.1545565 -0.1545534 0.9758205 0.8822635 -0.4495382 0.1397376 0.7959015 -0.4495385 0.4055318 0.795904 -0.4495321 0.4055339 0.6316317 -0.4495363 0.6316317 0.6316289 -0.4495379 0.6316334 0.4055417 -0.4495356 0.7958982 0.4055327 -0.4495363 0.7959023 0.4528159 -0.8887148 0.07172071 0.6460412 -0.7564132 0.102324 0.1545629 -0.1545578 0.9758188 0.1469883 -0.3423494 0.928004 0.1642147 -0.4509844 0.8772951 0.136892 -0.4840268 0.8642793 0.1195757 -0.6447861 0.7549522 0.6925308 -0.7053636 0.1512063 0.6339231 -0.7027171 0.3230019 0.6339286 -0.7027125 0.3230012 0.5030849 -0.7027139 0.5030893 0.503091 -0.7027122 0.5030854 0.3230003 -0.7027128 0.6339287 0.3230082 -0.7027117 0.633926 0.1512047 -0.70536 0.6925348 0.1023211 -0.7564139 0.6460406 0.4528254 -0.8887099 0.07172089 0.4084994 -0.8887099 0.2081416 0.4084944 -0.8887133 0.208137 0.3241826 -0.8887134 0.3241826 0.3241865 -0.8887121 0.3241823 0.2081381 -0.8887127 0.4084954 0.2081448 -0.888711 0.4084954 0.07171672 -0.888713 0.4528202 0.1468851 -0.8630313 0.4833236 0.1563872 -0.9873852 0.02477067 0.1410775 -0.9873854 0.07188355 0.1410773 -0.987386 0.0718764 0.1119597 -0.987385 0.1119639 0.1119561 -0.9873863 0.1119561 0.07188576 -0.987385 0.1410799 0.07188171 -0.9873854 0.1410785 0.02476716 -0.9873852 0.1563879 0.02477532 -0.987385 0.1563872 0.1950895 -0.9807854 0 0.9876885 -0.1564342 0 0.9807837 -0.1950886 -0.001939833 0.8910048 -0.4539915 0.001457512 0.8314661 -0.5555679 -0.002912759 0.7604039 -0.6494506 0 0.6494489 -0.7604053 0 0.5555681 -0.831466 -0.00291264 0.4539903 -0.8910055 0.001457333 0.1564337 -0.9876856 -0.002419352 -0.8660258 0 -0.4999994 -0.8660256 0 -0.5 -0.8660247 1.25716e-6 -0.5000012 -0.8660252 0 -0.5000006 0.8660244 0 -0.5000017 0.8660252 0 -0.5000004 0.866025 0 -0.5000007 0.8660256 0 -0.4999997 0.04894018 0.9988017 0 0.5555668 0.8314647 0.00345391 0.6199021 0.78457 0.01309013 0.4913425 0.8709661 8.191e-4 0.1950899 0.9807842 -0.001526713 0.3450794 0.9383364 0.02109593 0.1974619 0.9802978 0.005004048 0.895963 0.4437381 0.01862853 0.8341811 0.551449 0.00677514 0.7368081 0.6761004 -0.001474916 0.9684862 0.2490674 0 0.9984675 0.05534327 0 0.9949464 0.1003319 -0.003889322 0.83147 0.5555697 5.66324e-6 0.968481 0.2490878 -3.88543e-6 0.9357656 0.3518519 0.02330607 0.9656894 0.2595926 0.007472872 0.993875 0.1105108 0 0.993875 0.1105107 -1.76938e-7 0.9938752 0.1105095 0 0.993875 0.1105109 1.78126e-7 0.993875 0.1105105 1.48827e-7 0.993875 0.1105108 5.06572e-7 -0.9684862 0.2490674 0 -0.9966688 0.08155578 0 -0.9984619 0.05534368 -0.003331601 -0.7366603 0.6762614 -0.001492083 -0.8423643 0.5388556 0.007556378 -0.8314579 0.5555614 0.005417644 -0.9033821 0.4288366 1.40434e-6 -0.968481 0.2490875 -3.98136e-6 -0.9411678 0.3373489 0.01997637 -0.9740484 0.226309 0.00372368 -0.5970989 0.802164 0.00243318 -0.5555577 0.8314515 0.006653606 -0.4373152 0.8993077 -0.001157343 -0.2748239 0.9614937 0.001349806 -0.1950858 0.9807637 0.006647288 -0.102749 0.9947074 0 -0.9938752 0.1105095 0 -0.993875 0.1105107 -1.76938e-7 -0.9938749 0.1105111 0 -0.993875 0.1105107 4.98313e-7 -0.993875 0.1105105 1.48827e-7 -0.9938749 0.1105114 1.78127e-7 0.4413785 0 -0.8973211 0.3862405 -0.008612632 -0.9223579 0.407862 -0.01945728 -0.9128363 -0.3862558 0 -0.9223918 -0.4403792 -0.03765982 -0.8970217 -0.4301367 -0.03077763 -0.902239 -0.4079318 -0.01948356 -0.9128046 -0.3537008 0 -0.9353587 -0.2357023 0 -0.9718253 -0.07923018 0 -0.9968563 -0.0792309 0 -0.9968563 0.07923096 0 -0.9968563 0.07923012 0 -0.9968563 0.2357023 0 -0.9718253 0.3537008 0 -0.9353587 0.4507268 -0.8539125 -0.2601516 0.0851351 -0.9951562 -0.04915416 0.2516154 -0.9568559 -0.1453157 0.2917886 -0.9398798 -0.1774418 0.1398069 -0.9875813 -0.07167494 0.3626267 -0.9162163 -0.1704397 0.4337616 -0.8690418 -0.2379441 0.5816093 -0.7371936 -0.3439134 0.5545781 -0.7680441 -0.3202367 0.6869477 -0.6089857 -0.3965343 0.6723011 -0.6360487 -0.3787525 0.7733165 -0.4431986 -0.4533837 0.7635443 -0.4719505 -0.4407528 0.8177516 -0.3291403 -0.4721748 0.8156213 -0.3349435 -0.4717785 0.8586374 -0.1384413 -0.493534 0.8569238 -0.1446001 -0.4947448 0.7914696 -0.5646863 -0.2338917 0.6330817 -0.7730193 -0.04060441 0.9866679 -0.1622529 -0.01266771 0.9800753 -0.1949504 0.03803747 0.8828641 -0.463293 -0.07688134 0.8311935 -0.5553858 0.02576875 0.6860033 -0.7199583 -0.1051649 0.5555709 -0.8314661 0.002285957 0.4167855 -0.9019439 -0.1130795 0.1950397 -0.9805382 -0.0224629 0.9924265 -0.1183784 -0.0328074 0.9864695 -0.1639332 -0.001972675 0.9334625 -0.3374317 -0.1216053 0.8828372 -0.4623728 -0.08252274 0.8182072 -0.5475236 -0.1753712 0.6849911 -0.7085762 -0.1694313 0.495451 -0.7924646 -0.3557079 0.4153543 -0.907947 -0.05579626 0.9957961 -0.07859653 -0.04704111 0.9924595 -0.117522 -0.03482425 0.9631508 -0.2198565 -0.1549313 0.9334238 -0.3213945 -0.1594546 0.8980814 -0.3686423 -0.2399011 0.8174207 -0.5002838 -0.2855517 0.720308 -0.5502415 -0.4223633 0.655647 -0.7121331 -0.2509852 0.9291284 -0.001296877 -0.3697549 0.893638 -0.3020826 -0.3318994 0.8576042 -0.1443459 -0.4936389 0.8064309 -0.4328395 -0.4028887 0.8909301 -0.2355354 -0.3882871 0.8842846 -0.2877334 -0.367764 0.9595972 -0.1427159 -0.2424986 0.9619207 -0.1288408 -0.2410573 0.9927378 -0.01567107 -0.1192736 0.993228 0 -0.1161818 0.9994221 0 -0.03399348 0.9931113 -0.00377506 -0.1171153 0.9927154 -0.00339657 -0.1204353 0.9775555 5.68791e-4 -0.2106776 0.9456739 -0.00134474 -0.3251143 0.9288514 -0.004932284 -0.3704198 0.8968713 0 -0.4422918 -0.655647 -0.7121331 -0.2509852 -0.3967207 -0.9025437 0.1674142 -0.1876954 -0.9436137 -0.2726972 -0.6681753 -0.7355441 0.1118779 -0.5442312 -0.8144926 -0.2010332 -0.8727342 -0.4822737 0.07580983 -0.8256964 -0.5517089 -0.1176565 -0.9840424 -0.1714572 0.04757207 -0.9806713 -0.1950692 -0.01522964 -0.9865894 -0.1572924 -0.04359441 -0.9902589 -0.1384063 0.01520037 -0.8761144 -0.4406622 -0.1955515 -0.9235435 -0.3834816 -0.003053367 -0.6698377 -0.6673055 -0.3256086 -0.7983986 -0.6020282 -0.0110439 -0.6533998 -0.7285875 -0.2054971 -0.4699344 -0.8494195 -0.2401007 -0.4153501 -0.9079483 -0.05580478 -0.7914696 -0.5646863 -0.2338917 -0.720308 -0.5502415 -0.4223633 -0.8858259 -0.4394159 -0.1490848 -0.8057299 -0.4485651 -0.3867671 -0.9570299 -0.2767401 -0.08665335 -0.9284877 -0.2871649 -0.2354722 -0.9944817 -0.1032961 -0.01833486 -0.9924089 -0.1055256 -0.06315839 -0.8569238 -0.1446001 -0.4947448 -0.8586374 -0.1384413 -0.493534 -0.815621 -0.3349437 -0.4717788 -0.8178569 -0.3288511 -0.472194 -0.7767351 -0.4422459 -0.4484431 -0.4339819 -0.868873 -0.2381587 -0.5816599 -0.7371819 -0.3438526 -0.5517158 -0.7711558 -0.3176925 -0.686235 -0.6091802 -0.3974685 -0.6698074 -0.6396676 -0.3770724 -0.7621611 -0.4704964 -0.4446838 -0.08463948 -0.9952127 -0.04886662 -0.1398316 -0.9875794 -0.07165426 -0.2652485 -0.9509764 -0.1590198 -0.2963175 -0.9392491 -0.1732257 -0.4536153 -0.8532841 -0.257176 -0.9291288 -0.001296877 -0.3697542 -0.8576042 -0.1443459 -0.4936389 -0.8909296 -0.2355359 -0.3882879 -0.8064309 -0.4328395 -0.4028887 -0.9927377 -0.01567363 -0.1192739 -0.9619207 -0.1288408 -0.2410573 -0.9595972 -0.1427159 -0.242498 -0.8909904 -0.2776532 -0.3592282 -0.8807385 -0.3089095 -0.3589913 -0.9931992 0 -0.1164277 -0.9993351 -0.01319682 -0.03399032 -0.9932276 0 -0.1161849 -0.9927154 -0.00339657 -0.1204353 -0.9775554 5.68571e-4 -0.2106777 -0.9290671 -0.002109587 -0.3699052 -0.9402682 -0.006940841 -0.3403639 -0.8968719 0 -0.4422904 -0.1186893 0 -0.9929316 -0.06346988 0.0180636 -0.9978203 -0.09587407 0.0100919 -0.9953423 -0.1761484 3.32045e-4 -0.9843636 -0.3493826 -7.00653e-4 -0.93698 -0.2961752 0.01186227 -0.95506 -0.4015296 0 -0.9158462 0.01803314 0 -0.9998374 0.1186877 0.004438459 -0.9929217 0.09565907 0.01013547 -0.9953626 0.1786558 0 -0.9839116 0.2897661 0 -0.9570975 0.3493764 0.005943775 -0.9369636 0.4013148 0 -0.9159402 0 -1 -3.51905e-6 0 -1 -4.11855e-6 0 -1 -1.27057e-6 0 -1 3.08571e-6 0 -1 -8.2371e-6 0 -1 4.0764e-6 0 -1 -2.08154e-6 0 -1 1.6936e-6 0.6760312 -1.93533e-4 -0.7368731 0.8314689 0.001418173 -0.5555696 0.767618 -0.009027004 -0.6408443 0.8867232 5.11262e-4 -0.4623005 0.9807851 -9.42406e-4 -0.1950896 0.9602105 -0.007837891 -0.2791677 0.9946756 0 -0.1030554 0.5555714 3.23817e-5 -0.8314688 0.4365727 -0.0135383 -0.8995671 0.5719994 -0.00199449 -0.8202517 0.1950923 0 -0.980785 0.02075147 -0.01912385 -0.9996017 0.08336395 -0.01243138 -0.9964417 0.1956177 -0.004704415 -0.980669 0.3138921 -1.20655e-5 -0.9494587 2.27872e-7 0 -1 -0.002213895 0 -0.9999976 -0.1950874 -1.48515e-4 -0.9807859 -0.07983851 -0.00918895 -0.9967655 -0.1944578 -0.003471255 -0.9809048 -0.675994 -1.45911e-4 -0.7369071 -0.5716466 -0.001503884 -0.8204986 -0.5555666 -0.002571225 -0.8314682 -0.4252485 5.63299e-6 -0.9050767 -0.3138856 -8.90203e-6 -0.9494609 -0.7627531 4.92281e-4 -0.6466897 -0.831466 -0.003288209 -0.5555661 -0.8867617 3.91584e-4 -0.462227 -0.9589421 -3.66922e-4 -0.283602 -0.9807806 -0.003141582 -0.1950886 -0.9946756 0 -0.103056 0 0.08715569 0.9961948 0 0.2065989 0.9784258 0 0.2065982 0.9784259 0 0.2910897 0.9566958 0 0.2910884 0.9566962 0 0.4042817 0.9146345 0 0.4042831 0.9146339 0 0.4824533 0.8759217 0 0.4824582 0.8759191 0 0.5735759 0.8191525 0 0.5735771 0.8191516 0 0.6530205 0.7573403 0 0.7165352 0.6975509 0 0.7165352 0.697551 0 0.7953919 0.6060956 0 0.7953943 0.6060924 0 0.8451911 0.5344642 0 0.8451885 0.5344684 0 0.9034503 0.4286929 0 0.9373723 0.348329 0 0.9373838 0.3482983 0 0.9659263 0.2588173 0 0.9659256 0.2588198 0 0.9891133 0.1471563 0 0.9891158 0.1471392 0 0.9981757 0.0603764 0 0.9981755 0.06038028 0 0.9981755 -0.06038016 0 0.9981757 -0.06037628 0 0.9891158 -0.1471392 0 0.9891133 -0.1471563 0 0.9659256 -0.2588198 0 0.9659263 -0.2588173 0 0.9373838 -0.3482983 0 0.9373724 -0.348329 0 0.9034503 -0.4286929 0 0.8451885 -0.5344685 0 0.8451911 -0.5344642 0 0.7953943 -0.6060924 0 0.7953919 -0.6060956 0 0.7165352 -0.6975509 0 0.7165352 -0.697551 0 0.6530205 -0.7573403 0 0.5735762 -0.8191522 0 0.573575 -0.819153 0 0.4824627 -0.8759166 0 0.4824577 -0.8759193 0 0.404283 -0.9146339 0 0.4042817 -0.9146345 0 0.2910864 -0.9566968 0 0.2910877 -0.9566964 0 0.2065982 -0.9784259 0 0.2065989 -0.9784258 0 0.08715569 -0.9961948 -1 -4.55494e-6 0 -1 7.31162e-7 0 -1 -4.87241e-7 0 -1 3.94271e-7 0 -1 -3.97722e-7 0 -1 3.92616e-7 0 -1 4.71963e-7 0 -1 4.00695e-7 0 -1 3.94274e-7 0 -1 -7.95444e-7 0 -1 -1.22366e-7 0 -1 1.99157e-7 0 -1 -1.93804e-7 0 1 -1.98861e-7 0 1 3.94271e-7 0 1 3.94273e-7 0 1 -1.98861e-7 0 1 -7.9067e-7 0 1 1.99651e-7 0 1 2.715e-7 0 1 1.72164e-7 0 1 -2.96731e-7 0 1 -2.9673e-7 0 1 1.68137e-7 0 1 0 0 1 -1.95786e-7 0 1 0 0 1 1.34188e-7 0 0 0.9936761 0.1122846 0.01923316 0.9875056 0.1564062 0 0.9638773 0.2663466 0 0.9278745 0.3728928 0.02324032 0.8907656 0.4538686 0 0.8581193 0.5134505 0 0.7950403 0.6065567 0.004511415 0.7636356 0.6456319 -7.53826e-4 0.3732447 0.9277327 8.4309e-4 0.3682265 0.9297358 -7.33737e-4 0.4792525 0.8776768 -0.01529896 0.5296217 0.848096 0.01505225 0.4381192 0.8987909 -0.016541 0.548049 0.8362827 0.001920282 0.4976983 0.8673482 -5.94433e-4 0.5752086 0.8180065 5.28734e-7 0.5697349 0.8218286 -3.64143e-6 0.6193192 0.7851395 5.11517e-5 0.6190546 0.7853479 -5.74173e-5 0.6827671 0.7306362 2.2733e-4 0.681599 0.7317258 -2.57462e-4 0.7474372 0.6643324 0 0.001201331 0.9999994 -3.4406e-4 0.07305687 0.9973278 0.01969575 0.01110517 0.9997444 -0.03857266 0.1933873 0.980364 1.32569e-4 0.3003437 0.9538311 0.003972947 0.2233024 0.9747411 -0.02234274 0.2874846 0.9575247 0.02642929 0.129976 0.9911648 0.05529075 0.07052963 0.9959762 -8.7373e-4 0.3829994 -0.9237483 0 0.001201331 -0.9999994 1.34577e-4 0.3003622 -0.9538252 0.003971993 0.2233024 -0.9747411 -0.0221492 0.2870414 -0.9576621 0.0260778 0.129805 -0.9911966 0.05478662 0.0702877 -0.9960212 -0.0470795 0.2041451 -0.9778079 0.02972114 0.01577448 -0.9994338 -0.005140185 0.1000905 -0.9949651 -7.25183e-5 0.01643115 -0.999865 -0.03722321 0.4769071 -0.8781652 0.02685546 0.3780001 -0.925416 -0.01830661 0.5399939 -0.84147 0.004510462 0.7636356 -0.6456318 0.02208918 0.4404396 -0.8975105 0.001920282 0.4976985 -0.867348 -5.95447e-4 0.5752395 -0.8179848 5.8128e-6 0.5697369 -0.8218272 -7.79726e-6 0.6099623 -0.7924306 -0.001282572 0.6188079 -0.7855413 0.002014636 0.6741577 -0.7385848 2.26298e-4 0.6815992 -0.7317257 -2.56085e-4 0.747437 -0.6643327 0 0.7950403 -0.6065567 0 0.8581193 -0.5134505 0.02323925 0.8907656 -0.4538686 0 0.9936761 -0.1122846 0.0192328 0.9875056 -0.1564062 0 0.9638773 -0.2663466 0 0.9278745 -0.3728928 5.21102e-4 0.3831364 0.9236918 0.02905964 0.2132445 0.9765666 0.05328392 0.2724075 0.9607055 -0.05606651 0.03740531 0.9977262 -0.04372709 0.0646193 0.9969516 -0.02337116 0.1285252 0.9914308 -0.002373039 0.222584 0.9749107 -8.03488e-5 0.3003173 0.9538394 0.003104925 0.1011788 0.9948635 4.53604e-5 0.01646029 0.9998645 0 0.001201331 0.9999994 -0.01900243 0.4394336 0.8980742 0.01804727 0.5716333 0.8203107 -0.026286 0.3777869 0.9255195 0.0414164 0.5340857 0.8444153 0.02198606 0.4817108 0.8760544 -0.002727866 0.7636412 0.6456352 -0.00444895 0.4984332 0.8669167 -2.97026e-6 0.5697349 0.8218287 3.87361e-6 0.6099648 0.7924286 7.65893e-4 0.6189033 0.7854669 -0.001205861 0.6741065 0.7386332 -1.36208e-4 0.6815878 0.7317364 1.54935e-4 0.7474429 0.6643261 0 0.7950363 0.606562 0 0.8581186 0.5134517 -0.01405459 0.8909185 0.4539457 0 0.9936761 0.112285 -0.01163065 0.9876217 0.1564229 0 0.9638769 0.2663483 0 0.9278746 0.3728923 0 0.9936761 -0.112285 -0.01163041 0.9876217 -0.1564229 0 0.9638769 -0.2663483 0 0.9278746 -0.3728923 -0.01405417 0.8909185 -0.4539457 3.34108e-5 0.6827667 -0.7306364 -3.04748e-5 0.6190509 -0.7853509 1.91723e-6 0.619319 -0.7851396 0 0.8581186 -0.5134517 0 0.7950363 -0.606562 -0.00272727 0.7636412 -0.6456352 1.54106e-4 0.7474429 -0.6643261 -1.36208e-4 0.6815878 -0.7317364 0.01896458 0.4735301 -0.8805735 0.03752708 0.5237331 -0.8510555 -0.01992106 0.3754251 -0.9266387 0.01254218 0.5489914 -0.835734 -0.01322668 0.4374974 -0.8991224 0.01466363 0.5723152 -0.8199026 -0.004440248 0.4984306 -0.8669183 -1.02248e-6 0.5697352 -0.8218283 0 0.001201331 -0.9999994 4.4957e-4 0.373372 -0.9276817 -8.03483e-5 0.3003359 -0.9538336 -0.002372443 0.222584 -0.9749107 2.08034e-4 0.07312524 -0.9973228 0.02391117 0.2008473 -0.9793307 -0.04488104 0.0300734 -0.9985396 0.0525763 0.2732621 -0.9605017 -0.04372817 0.06461918 -0.9969515 -0.02337509 0.12852 -0.9914315 -0.2269085 0.6398879 0.7342044 -0.09252887 -0.02236056 0.9954589 -0.1294403 0.03819006 0.9908515 -0.005143404 0.04111611 0.9991412 -0.03995603 0.09815704 0.9943686 -0.0270875 0.1022344 0.9943915 -0.07759678 0.1857809 0.9795225 -0.05173593 0.1944038 0.9795563 -0.09014648 0.2611382 0.961083 -0.1376466 0.2914412 0.9466338 -0.6145755 0.1221965 0.7793362 -0.6053519 0.1034463 0.7892072 -0.5705096 0.07108342 0.818209 -0.5480352 0.03020852 0.8359097 -0.4257602 0.1040392 0.8988349 -0.3900919 0.04096239 0.9198644 -0.2399171 0.07864367 0.9676027 -0.2378584 0.08175045 0.9678534 -0.1897802 0.001493155 0.9818255 -0.102613 0.3264764 0.9396189 -0.1326627 0.3835178 0.9139556 -0.1278566 0.379027 0.9165105 -0.1612302 0.4427599 0.8820253 -0.1480091 0.4430435 0.8841978 -0.1811505 0.5177304 0.8361458 -0.2175635 0.5390423 0.8136951 -0.1989449 0.5694397 0.7975962 -0.2215961 0.6380067 0.7374569 -0.1947109 0.7250744 0.6605717 -0.2380979 0.6925326 0.6809611 -0.4410029 0.6501936 0.6186798 -0.6058467 0.5552896 0.5697397 -4.14136e-4 0.001062273 0.9999994 -0.01980245 0.03183317 0.9992971 -0.05060446 0.01203769 0.9986463 -0.08357393 0.06618767 0.9943011 -0.110195 0.05414164 0.9924343 -0.1554974 0.1294884 0.9793127 -0.2135852 0.1007726 0.9717131 -0.2746913 0.2068576 0.9390179 -0.337074 0.1832643 0.9234692 -0.3651795 0.2358034 0.900578 -0.3821045 0.2511546 0.8893355 -0.4040657 0.2943899 0.8660632 -0.4654518 0.2794231 0.8398079 -0.5077288 0.3752865 0.7754815 -0.5694973 0.3645359 0.7367404 -0.5957475 0.443501 0.6696206 -0.6415929 0.4465827 0.6236365 -0.6526666 0.4993829 0.5697746 -0.7908901 0.4244658 0.4408193 -0.6308198 0.2191474 0.7443392 -0.6977398 0.03009796 0.7157188 -0.7776141 0.2151891 0.5907709 -0.8083192 0.07725661 0.5836538 -0.8639645 0.1762985 0.4716824 -0.8621678 0.1699898 0.4772527 -0.9149018 0.1569555 0.3719137 -0.9246194 0.2087171 0.318616 -0.9651018 0.1760467 0.1938717 -0.3109384 0.8818799 0.354408 -0.1949067 0.9453921 0.2612379 -0.1939021 0.974817 0.1101535 -0.1939045 0.9748163 0.1101554 -0.4400398 0.8922997 0.1008283 -0.55388 0.8254376 0.108949 -0.1950388 0.7797693 0.5949116 -0.2444395 0.8202061 0.517215 -0.4400057 0.759584 0.4789857 -0.55388 0.7124496 0.4308511 -0.6063259 0.6726485 0.4241615 -0.8298379 0.4719972 0.297637 -0.7898042 0.53213 0.3050364 -0.9792643 0.151167 0.1348708 -0.9655127 0.2202265 0.1388726 -0.1943494 0.8417571 0.50366 -0.1939051 0.9256555 0.3249042 -0.5531314 0.7860768 0.2759151 -0.5531364 0.7860743 0.275912 -0.8298382 0.5265124 0.1848063 -0.8298356 0.5265158 0.1848086 -0.9805464 0.1852101 0.06500822 -0.980547 0.1852072 0.0650078 -0.6063256 0.7901874 0.08929216 -0.7914811 0.6073284 0.06862878 -0.8305996 0.5511993 0.07926976 -0.8957592 0.4417287 0.04991543 -0.9805468 0.1950447 0.02203971 -0.9805473 0.1950421 0.02203965 -0.9807851 0.1950913 0 -0.9807852 0.1950912 0 -0.8968753 0.4422834 0 -0.8968718 0.4422907 0 -0.7933526 0.6087624 0 -0.7933529 0.6087622 0 -0.6087593 0.793355 0 -0.6087621 0.793353 0 -0.4422906 0.8968719 0 -0.4422908 0.8968718 0 -0.1950916 0.9807851 0 -0.1950906 0.9807853 0 -0.1950317 0.7797701 -0.5949128 -0.194655 0.9101264 -0.3657586 -0.1943369 0.8417591 -0.5036616 -0.1939044 0.9748165 -0.1101539 -0.1939035 0.9748166 -0.1101551 -0.4400385 0.8923003 -0.1008284 -0.5538804 0.8254373 -0.108949 -0.2444356 0.8202069 -0.5172155 -0.4400459 0.7595659 -0.4789773 -0.5538748 0.7124543 -0.4308498 -0.8305989 0.5512004 -0.07926994 -0.7914811 0.6073284 -0.06862878 -0.6063256 0.7901874 -0.08929216 -0.9805471 0.1950426 -0.02204006 -0.9805468 0.1950446 -0.02203941 -0.8957592 0.4417287 -0.04991543 -0.1949021 0.9453928 -0.2612389 -0.2666782 0.9093932 -0.3191969 -0.5531379 0.7860727 -0.2759137 -0.5531355 0.7860745 -0.2759132 -0.8298358 0.5265158 -0.1848075 -0.8298372 0.5265132 -0.1848084 -0.9805468 0.185208 -0.0650081 -0.9805469 0.1852075 -0.0650075 -0.6063328 0.6726422 -0.4241617 -0.7914847 0.5169848 -0.3260041 -0.8305987 0.479826 -0.2826181 -0.9659209 0.2040105 -0.1593003 -0.9805474 0.1660284 -0.1046975 -0.3900663 0.0409649 -0.9198752 -0.001173377 7.17188e-4 -0.9999991 -0.02271062 0.03521233 -0.9991218 -0.05043077 0.01182293 -0.9986576 -0.08749949 0.07266485 -0.9935109 -0.1079709 0.05052059 -0.9928696 -0.005168974 0.04110002 -0.9991417 -0.03814613 0.09521847 -0.9947253 -0.02811753 0.1038583 -0.9941946 -0.2410449 0.07837218 -0.9673444 -0.09251046 -0.02236407 -0.9954606 -0.1391447 0.05403727 -0.9887966 -0.1842877 -0.007391333 -0.9828445 -0.2372881 0.08085334 -0.9680688 -0.1631454 0.1422764 -0.9762895 -0.2096946 0.09419476 -0.9732192 -0.07442516 0.1805131 -0.9807528 -0.1561414 0.3030402 -0.9400993 -0.09015864 0.2611451 -0.96108 -0.05333518 0.1971178 -0.978928 -0.5946161 0.1177347 -0.795343 -0.5819054 0.05855101 -0.8111461 -0.3759248 0.2563271 -0.8904926 -0.3717925 0.2313455 -0.8990271 -0.644327 0.1868894 -0.7415626 -0.6977445 0.03009688 -0.7157143 -0.416993 0.3205615 -0.8505041 -0.4554841 0.2583429 -0.8519349 -0.4500628 0.1493483 -0.8804197 -0.5305298 -5.55439e-5 -0.8476663 -0.2855704 0.2261763 -0.9312862 -0.3297891 0.1699696 -0.9286277 -0.09656691 0.3149291 -0.9441899 -0.1297364 0.3780742 -0.9166398 -0.1306317 0.384316 -0.9139129 -0.1586185 0.437793 -0.8849732 -0.244633 0.5542491 -0.7955895 -0.1811343 0.517732 -0.8361483 -0.149801 0.4470945 -0.8818539 -0.605544 0.4781699 -0.6361368 -0.6333208 0.414275 -0.6536674 -0.9295017 0.276696 -0.2438564 -0.8976389 0.09711968 -0.4298982 -0.8785586 0.2386161 -0.4137598 -0.9575535 0.1181746 -0.2629184 -0.7908803 0.4244747 -0.4408286 -0.6526761 0.4993775 -0.5697684 -0.6058467 0.5552896 -0.5697397 -0.4409821 0.6502012 -0.6186869 -0.7802124 0.2233542 -0.5842787 -0.8198307 0.05717921 -0.5697441 -0.5204684 0.4068827 -0.7507058 -0.5592764 0.3372263 -0.7572901 -0.1924669 0.549879 -0.8127666 -0.2227057 0.6413806 -0.7341888 -0.2262148 0.6367215 -0.7371653 -0.2381076 0.6925309 -0.6809595 -0.1947098 0.7250745 -0.6605718 0.2269002 0.639888 -0.7342068 0.09273093 -0.02208191 -0.9954463 0.1295304 0.03818947 -0.9908398 0.1897152 0.001493155 -0.9818381 0.005159676 0.04104518 -0.999144 0.03995639 0.09813493 -0.9943706 0.02711665 0.1022147 -0.9943928 0.07762044 0.1857628 -0.9795241 0.05177086 0.1943936 -0.9795565 0.09015929 0.2611471 -0.9610794 0.1376583 0.2914323 -0.9466348 0.1025984 0.3264836 -0.939618 0.1326276 0.3835097 -0.9139641 0.1278885 0.3790504 -0.9164963 0.1612212 0.4427589 -0.8820274 0.1480234 0.4430402 -0.8841971 0.1811342 0.5177316 -0.8361486 0.217569 0.5390408 -0.8136945 0.1989396 0.5694395 -0.7975975 0.2216013 0.6380075 -0.7374547 0.194713 0.725074 -0.6605713 0.2381046 0.692532 -0.6809594 0.4409919 0.6501976 -0.6186835 0.6058474 0.5552904 -0.5697382 0.002416074 -2.12758e-4 -0.9999971 0.02154892 0.03066724 -0.9992974 0.05062109 0.01216554 -0.9986439 0.08361935 0.06620728 -0.994296 0.1101475 0.05415427 -0.9924389 0.1554736 0.1294972 -0.9793153 0.213593 0.1007787 -0.9717108 0.2746915 0.2068578 -0.9390178 0.3370779 0.1832602 -0.9234685 0.3652043 0.2358314 -0.9005606 0.382116 0.251155 -0.8893304 0.4040737 0.2943936 -0.8660582 0.4654454 0.2794265 -0.8398104 0.5077226 0.3752856 -0.775486 0.5694967 0.3645355 -0.7367411 0.5957425 0.443504 -0.6696232 0.6415925 0.4465824 -0.6236371 0.6526727 0.4993799 -0.5697703 0.7908833 0.4244716 -0.4408261 0.2378222 0.08175379 -0.967862 0.2399024 0.07864385 -0.9676063 0.3900772 0.04096484 -0.9198705 0.4257397 0.1040464 -0.8988438 0.5480429 0.03020715 -0.8359047 0.5705585 0.07107597 -0.8181756 0.6053223 0.1034443 -0.7892302 0.6176617 0.1284825 -0.7758778 0.7207057 0.0750755 -0.689164 0.7565895 0.156659 -0.6348466 0.8423843 0.1111281 -0.5272943 0.8621675 0.1699898 -0.4772531 0.9149028 0.1569542 -0.3719118 0.9246219 0.208714 -0.3186109 0.9651013 0.1760483 -0.1938728 0.3109406 0.8818793 -0.3544078 0.1949016 0.945393 -0.2612382 0.1939021 0.974817 -0.1101535 0.1939026 0.974817 -0.1101523 0.440036 0.8923016 -0.1008285 0.5538799 0.8254375 -0.10895 0.1950298 0.7797731 -0.5949096 0.2444356 0.8202068 -0.5172159 0.4400461 0.7595668 -0.4789757 0.5538771 0.7124523 -0.4308505 0.6063281 0.6726444 -0.4241648 0.8298364 0.4719997 -0.297637 0.7898014 0.5321329 -0.3050385 0.9792645 0.1511663 -0.1348696 0.9655129 0.2202257 -0.1388723 0.1943386 0.8417586 -0.5036616 0.1938989 0.9256563 -0.3249056 0.5531401 0.7860711 -0.2759137 0.5531339 0.7860757 -0.275913 0.8298354 0.5265163 -0.1848077 0.8298357 0.5265159 -0.1848074 0.9805468 0.1852083 -0.06500792 0.9805468 0.1852077 -0.0650078 0.6063268 0.7901869 -0.0892896 0.7914813 0.6073284 -0.06862753 0.8305989 0.5512004 -0.07927054 0.8957583 0.44173 -0.04991561 0.980547 0.1950438 -0.02203977 0.9805471 0.1950432 -0.02203977 0.9807852 0.1950912 0 0.9807851 0.1950913 0 0.8968753 0.4422834 0 0.8968718 0.4422907 0 0.7933529 0.6087622 0 0.7933526 0.6087624 0 0.6087605 0.793354 0 0.6087628 0.7933523 0 0.4422881 0.8968732 0 0.4422876 0.8968734 0 0.1950905 0.9807853 0 0.1950893 0.9807855 0 0.1950442 0.7797706 0.5949081 0.1946574 0.910126 0.3657585 0.1943469 0.8417571 0.503661 0.1939029 0.9748169 0.1101529 0.193902 0.974817 0.110153 0.440036 0.8923016 0.1008285 0.5538789 0.8254382 0.1089502 0.2444434 0.820205 0.5172148 0.4400197 0.7595764 0.4789847 0.5538794 0.7124504 0.4308506 0.8306006 0.5511977 0.07927012 0.7914813 0.6073284 0.06862753 0.6063289 0.7901853 0.08928942 0.9805471 0.1950426 0.02203971 0.9805468 0.1950447 0.02203989 0.8957583 0.44173 0.04991561 0.1949034 0.9453926 0.2612388 0.2666801 0.9093925 0.3191977 0.5531373 0.7860733 0.2759134 0.553133 0.7860765 0.2759125 0.8298374 0.5265131 0.1848075 0.8298364 0.5265148 0.1848071 0.9805467 0.1852085 0.06500798 0.9805471 0.1852066 0.06500768 0.6063255 0.6726481 0.4241629 0.7914831 0.5169858 0.3260064 0.8305984 0.4798259 0.2826192 0.9659214 0.2040091 0.1592992 0.9805471 0.1660292 0.1046977 0.3901069 0.04096233 0.9198581 0.004003763 -1.05974e-4 0.9999921 0.02329385 0.03417646 0.9991443 0.05059558 0.01191931 0.9986482 0.08759152 0.07264178 0.9935044 0.1079422 0.05051028 0.9928732 0.005087614 0.04106014 0.9991438 0.0381456 0.09523737 0.9947236 0.02808213 0.1038805 0.9941933 0.2410283 0.07837331 0.9673484 0.09275627 -0.02208185 0.995444 0.1391 0.05403774 0.9888029 0.1842999 -0.007391333 0.9828423 0.2373304 0.08085161 0.9680585 0.1631466 0.1422656 0.9762908 0.2096973 0.09419006 0.973219 0.07435441 0.1805374 0.9807536 0.1561343 0.3030429 0.9400995 0.09014713 0.2611402 0.9610823 0.05333495 0.1971246 0.9789266 0.5945807 0.1177386 0.7953689 0.5819393 0.05856657 0.8111206 0.3759413 0.2563306 0.8904846 0.3717635 0.2313186 0.899046 0.6145887 0.1221956 0.779326 0.6161771 0.1301501 0.7767798 0.417002 0.3205568 0.8505015 0.4554805 0.2583422 0.8519371 0.450077 0.1493375 0.8804142 0.5305196 -5.24001e-5 0.8476728 0.2855716 0.2261711 0.9312871 0.3298014 0.1699765 0.9286222 0.09657734 0.3149266 0.9441897 0.1297298 0.3780404 0.9166546 0.1306648 0.3843281 0.9139029 0.1586183 0.4377949 0.8849723 0.8328838 0.1167959 0.5409836 0.2446269 0.5542514 0.7955898 0.1811503 0.51773 0.8361461 0.1497936 0.4470965 0.8818542 0.6055463 0.47817 0.6361346 0.6333283 0.4142717 0.6536623 0.8639706 0.1762998 0.4716706 0.8785577 0.2386171 0.4137613 0.897638 0.09711956 0.4298998 0.9295009 0.2766984 0.2438569 0.9575527 0.118176 0.2629207 0.7908921 0.4244637 0.4408178 0.6526651 0.4993842 0.5697753 0.6058416 0.5552935 0.5697413 0.4410029 0.6501936 0.6186798 0.7251375 0.08429688 0.683425 0.7565931 0.1566563 0.6348432 0.5204708 0.4068779 0.7507068 0.559273 0.3372309 0.7572907 0.1924667 0.5498802 0.812766 0.2227101 0.6413804 0.7341877 0.2262165 0.6367201 0.7371659 0.2381046 0.692532 0.6809594 0.1947065 0.725075 0.6605722 0 0.9749279 0.2225214 0 0.9749282 0.2225202 0 0.7818317 0.6234896 0 0.7818316 0.6234896 0 0.4338845 0.9009686 0 0.4338839 0.9009688 0 -0.433883 0.9009692 0 -0.4338849 0.9009684 0 -0.7818323 0.6234889 0 -0.7818311 0.6234904 0 -0.9749284 0.222519 0 -0.9749274 0.2225237 0 -0.9749272 -0.2225241 0 -0.9749283 -0.2225194 0 -0.7818311 -0.6234903 0 -0.7818322 -0.6234889 0 -0.4338849 -0.9009684 0 -0.433883 -0.9009692 0 0.4338839 -0.9009688 0 0.4338845 -0.9009686 0 0.7818317 -0.6234896 0 0.7818316 -0.6234896 0 0.974928 -0.2225205 0 0.9749279 -0.2225217 0.886671 -1.87637e-5 0.4624008 0.992006 0 0.1261911 0.9190195 0.00107032 0.3942109 0.9502593 0.003273308 0.3114431 0.8968689 -0.003192305 0.442285 0.9807811 0.002987205 0.1950888 0.6657475 0.001628041 0.7461754 0.527927 -5.28395e-6 0.8492898 0.8182873 3.70945e-5 0.5748095 0.7933502 0.00116831 0.6087646 0.6087734 -0.002322971 0.7933409 0.002142012 0 0.9999978 0.03015977 1.57977e-5 0.9995451 0.1854876 0.001112878 0.9826461 0.40956 1.67282e-5 0.9122833 0.4423017 -9.66875e-4 0.8968659 0.1950827 0.001534759 0.9807857 0.1948197 0.2855089 -0.9383656 0.1944823 0.8862012 0.4205048 0.1948843 0.7801436 0.5944713 0.8962047 0.03866577 0.4419525 0.9806426 0.01706629 -0.1950615 0.9806424 0.01706629 0.1950619 0.9806425 0.0170657 0.1950619 0.9806424 0.05067861 0.1891356 0.9806425 0.05067843 0.1891347 0.9806424 0.08275157 0.1774619 0.9806425 0.08275198 0.1774613 0.9806428 0.112309 0.1603946 0.9806423 0.1123107 0.1603964 0.6072999 0.06924211 0.7914497 0.7922295 0.05318355 0.6079014 0.831133 0.06847518 0.5518417 0.8304868 0.1441718 0.5380579 0.8304909 0.1441707 0.5380517 0.8304902 0.2354131 0.5048433 0.8304882 0.235413 0.5048466 0.8304921 0.3194996 0.4562928 0.8304868 0.319504 0.4562992 0.9806424 0.01706564 -0.1950626 0.8962047 0.03866553 -0.4419525 0.8311348 0.06847476 -0.551839 0.5547652 0.09111547 0.8270029 0.5541021 0.2154536 0.8040837 0.5541 0.2154548 0.8040849 0.5541074 0.3518056 0.754452 0.5541048 0.351807 0.7544533 0.554108 0.4774697 0.6818997 0.5541083 0.4774711 0.6818984 0.9806429 0.1950598 0.01706618 0.9806423 0.1950631 0.01706504 0.8304893 0.5549151 0.04854756 0.8304899 0.5549139 0.04854971 0.5541049 0.8292793 0.07255107 0.5541064 0.829278 0.07255417 0.9806423 0.1950629 -0.01706618 0.9806427 0.195061 -0.01706492 0.8304895 0.5549148 -0.04854863 0.8304892 0.5549151 -0.04854863 0.5541062 0.8292783 -0.07255309 0.5541036 0.8292801 -0.07255196 0.9806423 0.1891359 -0.05067861 0.9806423 0.189136 -0.05067843 0.8304903 0.5380524 -0.1441719 0.8304888 0.5380551 -0.1441708 0.5541051 0.8040813 -0.2154551 0.5541055 0.804082 -0.2154514 0.9806427 0.1603941 -0.1123103 0.9806426 0.1603956 -0.1123095 0.8304895 0.4562954 -0.3195024 0.8304897 0.456296 -0.3195011 0.554106 0.6819 -0.4774714 0.5541039 0.6819 -0.4774739 0.9806423 0.1384567 -0.1384573 0.9806427 0.1384561 -0.1384548 0.8304892 0.3938841 -0.3938822 0.830487 0.393885 -0.3938859 0.5541083 0.5886275 -0.5886269 0.5541062 0.5886287 -0.5886277 0.9806424 0.1123096 -0.1603961 0.9806424 0.1123107 -0.1603958 0.8304882 0.3195026 -0.4562975 0.8304904 0.3195012 -0.4562948 0.5541056 0.4774717 -0.6819002 0.5541058 0.4774711 -0.6819004 0.1943799 0.0854935 0.9771937 0.1943809 0.08549487 0.9771932 0.4409324 0.07822734 0.8941249 0.1950727 0.6404757 0.7427904 0.1943798 0.5626364 0.8035277 0.1943784 0.5626366 0.803528 0.1950544 0.4731915 0.8590946 0.2297279 0.4113139 0.8820692 0.1946752 0.3965479 0.8971351 0.1943897 0.2538823 0.9475002 0.2691626 0.2803468 0.9213888 0.1949894 0.2026324 0.9596454 0.1945782 0.7028397 0.6842191 0.2203813 0.6897208 0.6897226 0.5541031 0.5886303 0.5886291 0.5541068 0.5886282 0.5886278 0.8304889 0.3938834 0.3938834 0.8304894 0.3938834 0.3938824 0.9806426 0.1384559 0.1384559 0.9806429 0.1384548 0.1384548 0.1949396 0.828974 0.5242145 0.2436321 0.7944688 0.5562939 0.5541052 0.6818997 0.477473 0.5541087 0.6818982 0.4774708 0.8304882 0.4562974 0.3195031 0.8304883 0.4562972 0.3195027 0.9806424 0.1603967 0.1123095 0.9806427 0.1603938 0.112311 0.1950811 0.9193634 0.3416346 0.2086141 0.8863666 0.4133211 0.5541049 0.754454 0.3518055 0.5541081 0.7544509 0.3518072 0.8304886 0.5048457 0.2354137 0.8304898 0.5048443 0.2354124 0.9806425 0.1774612 0.08275204 0.9806424 0.1774618 0.08275181 0.9806423 0.1891356 0.05067783 0.9806426 0.1891347 0.05067867 0.8304892 0.5380549 0.1441698 0.8304883 0.5380553 0.1441735 0.5541083 0.8040799 0.2154524 0.5541046 0.8040819 0.2154538 0.1943746 0.9475033 0.2538817 0.1943776 0.9475027 0.2538824 0.195081 0.9193635 -0.3416345 0.1943733 0.9475035 -0.2538826 0.1943784 0.9475027 -0.2538816 0.195025 0.9701219 -0.1443216 0.2366974 0.9678864 -0.08467811 0.1947471 0.979064 -0.05922192 0.1943759 0.9771943 0.08549469 0.254574 0.9652892 0.05838567 0.1950207 0.9701228 0.1443217 0.1944806 0.8862014 -0.4205049 0.2086114 0.8863672 -0.4133213 0.554106 0.7544525 -0.351807 0.5541112 0.7544497 -0.3518046 0.8304885 0.504846 -0.2354133 0.8304895 0.5048446 -0.235413 0.9806422 0.1774626 -0.08275282 0.9806426 0.1774609 -0.08275085 0.195047 0.4731961 -0.8590937 0.1943756 0.5626361 -0.8035289 0.1943746 0.5626368 -0.8035286 0.195083 0.6404746 -0.7427886 0.220377 0.6897216 -0.6897233 0.1945782 0.7028397 -0.6842191 0.1943771 0.8035287 -0.5626358 0.2835884 0.7627384 -0.5812123 0.194935 0.8289747 -0.524215 0.1946641 0.3965488 -0.8971371 0.2297299 0.4113146 -0.8820683 0.5541029 0.3518076 -0.7544544 0.5541085 0.3518062 -0.754451 0.8304904 0.2354125 -0.5048432 0.830489 0.2354129 -0.5048454 0.9806424 0.08275216 -0.1774615 0.9806424 0.08275133 -0.1774622 0.1949839 0.2026327 -0.9596465 0.2413295 0.2511691 -0.9373763 0.5541068 0.2154526 -0.8040809 0.5541043 0.2154536 -0.8040822 0.8304905 0.144171 -0.5380523 0.8304888 0.1441711 -0.538055 0.9806424 0.05067861 -0.1891352 0.9806426 0.05067795 -0.1891347 0.7922295 0.05318474 -0.6079013 0.6073042 0.06924301 -0.7914461 0.5547627 0.09111666 -0.8270043 0.4409216 0.07822656 -0.8941302 0.1943768 0.08549374 -0.9771942 0.1943753 0.08549338 -0.9771946 0.4422704 -7.76605e-6 -0.8968818 0.3858291 -0.001163303 -0.9225696 0.1950891 0.002253532 -0.9807829 0.1335646 7.44585e-5 -0.9910402 0.002143025 0 -0.9999978 0.9807852 0 -0.195091 0.9942582 0.006192564 -0.1068288 0.8968609 -0.005274593 -0.4422813 0.9578297 0.003898382 -0.2873104 0.9190081 0.001069009 -0.3942373 0.8947631 2.38293e-4 -0.4465413 0.8740237 -3.30158e-6 -0.4858835 0.7933586 2.57209e-5 -0.6087548 0.805907 8.95624e-4 -0.5920417 0.6087615 -0.001066803 -0.7933526 0.6504228 0.001436591 -0.7595711 0.528748 3.96622e-6 -0.848779 -0.8866729 -2.99594e-5 -0.4623973 -0.992006 0 -0.1261913 -0.9187052 0.001709699 -0.3949404 -0.9494879 0.005235254 -0.3137601 -0.8968591 -0.00528413 -0.4422851 -0.9807731 0.00494492 -0.195089 -0.6647813 0.002432107 -0.7470342 -0.5279309 -8.07385e-6 -0.8492873 -0.8182715 5.90773e-5 -0.5748321 -0.7933517 0.00182259 -0.608761 -0.6087641 -0.00362432 -0.7933431 -0.002519965 0 -0.9999969 -0.02997398 2.22809e-5 -0.9995507 -0.1846771 0.001571595 -0.982798 -0.4095458 2.47121e-5 -0.9122896 -0.4422798 -0.001410305 -0.8968762 -0.1950932 0.002239108 -0.9807822 -0.194809 0.2855118 0.938367 -0.19448 0.8862016 -0.420505 -0.1948827 0.780144 -0.5944713 -0.8962047 0.03866511 -0.4419525 -0.9806423 0.01706576 0.1950625 -0.980642 0.01706653 -0.1950639 -0.9806424 0.0170657 -0.1950625 -0.9806424 0.05067902 -0.1891348 -0.9806422 0.05067861 -0.1891366 -0.9806423 0.08275157 -0.1774622 -0.9806423 0.08275258 -0.1774622 -0.9806423 0.1123116 -0.1603958 -0.9806424 0.1123096 -0.1603967 -0.6073034 0.06924289 -0.7914468 -0.7922303 0.05318492 -0.6079002 -0.8311352 0.06847488 -0.5518383 -0.8304916 0.14417 -0.5380511 -0.8304881 0.1441718 -0.538056 -0.8304909 0.2354127 -0.5048425 -0.8304898 0.2354124 -0.5048443 -0.8304904 0.3195015 -0.4562947 -0.8304897 0.319501 -0.4562958 -0.9806423 0.017066 0.1950625 -0.8962047 0.03866511 0.4419525 -0.8311338 0.06847524 0.5518404 -0.5547629 0.09111666 -0.8270042 -0.5541082 0.2154521 -0.80408 -0.5541027 0.2154536 -0.8040834 -0.5541074 0.3518056 -0.754452 -0.5541027 0.3518083 -0.7544541 -0.5541087 0.4774709 -0.6818982 -0.5541028 0.477472 -0.6819022 -0.9806427 0.1950608 -0.01706534 -0.9806423 0.1950631 -0.01706564 -0.8304893 0.5549151 -0.04854756 -0.8304907 0.5549128 -0.04854965 -0.5541052 0.8292791 -0.07255095 -0.5541046 0.8292793 -0.07255405 -0.9806423 0.1950629 0.01706618 -0.9806423 0.1950632 0.01706504 -0.8304899 0.5549138 0.04854995 -0.8304901 0.5549138 0.0485475 -0.5541051 0.829279 0.07255327 -0.5541052 0.8292791 0.07255202 -0.9806423 0.1891359 0.05067926 -0.9806424 0.189135 0.05067819 -0.8304883 0.5380555 0.1441724 -0.8304895 0.538054 0.1441709 -0.5541027 0.8040834 0.2154536 -0.554109 0.8040799 0.2154505 -0.9806425 0.1603955 0.112311 -0.9806423 0.1603971 0.1123104 -0.8304929 0.4562918 0.3194986 -0.8304861 0.4563 0.3195047 -0.5541062 0.6818997 0.4774716 -0.5541073 0.6818987 0.4774719 -0.9806428 0.1384551 0.1384558 -0.9806424 0.1384572 0.1384559 -0.8304913 0.3938821 0.3938796 -0.8304895 0.393882 0.3938837 -0.5541074 0.588627 0.5886282 -0.5541052 0.5886307 0.5886268 -0.9806427 0.1123094 0.160395 -0.9806422 0.112311 0.1603968 -0.8304867 0.3195039 0.4562994 -0.8304908 0.3195004 0.4562946 -0.5541145 0.4774672 0.6818961 -0.5541027 0.4774735 0.6819013 -0.1943796 0.08549326 -0.9771937 -0.1943723 0.08549374 -0.9771951 -0.4409216 0.07822656 -0.8941302 -0.1950809 0.6404678 -0.7427951 -0.1943802 0.5626367 -0.8035274 -0.1943714 0.562637 -0.8035294 -0.1950447 0.4731963 -0.8590942 -0.229732 0.4113146 -0.8820677 -0.1946641 0.3965488 -0.8971371 -0.1943767 0.2538822 -0.9475029 -0.2691783 0.2803425 -0.9213855 -0.194985 0.2026338 -0.959646 -0.1945782 0.7028397 -0.6842191 -0.220377 0.6897218 -0.689723 -0.5541062 0.5886288 -0.5886277 -0.5541099 0.5886268 -0.5886262 -0.8304875 0.3938848 -0.3938848 -0.8304895 0.3938831 -0.3938824 -0.9806423 0.1384572 -0.1384572 -0.9806425 0.1384568 -0.1384561 -0.1949325 0.8289754 -0.5242147 -0.2436383 0.7944675 -0.556293 -0.5541052 0.6818997 -0.477473 -0.5541043 0.6819009 -0.477472 -0.8304908 0.456294 -0.3195011 -0.8304883 0.4562978 -0.3195021 -0.9806423 0.1603967 -0.1123101 -0.9806426 0.1603946 -0.1123104 -0.1950811 0.9193634 -0.3416346 -0.2086119 0.8863672 -0.4133211 -0.5541071 0.754452 -0.3518062 -0.5541072 0.7544513 -0.3518074 -0.8304889 0.5048451 -0.235414 -0.8304904 0.5048431 -0.2354125 -0.9806426 0.1774604 -0.08275169 -0.980642 0.1774637 -0.0827524 -0.9806423 0.1891361 -0.05067867 -0.9806425 0.1891347 -0.05067896 -0.8304885 0.5380557 -0.14417 -0.8304899 0.5380527 -0.1441729 -0.5541073 0.8040812 -0.2154504 -0.5541044 0.8040822 -0.2154536 -0.1943755 0.9475033 -0.2538814 -0.1943758 0.9475024 -0.2538846 -0.1950811 0.9193634 0.3416346 -0.1943753 0.947503 0.2538824 -0.1943765 0.9475025 0.2538836 -0.1950208 0.9701239 0.1443145 -0.2366976 0.9678864 0.08467793 -0.1947475 0.9790638 0.05922526 -0.1943745 0.9771944 -0.08549678 -0.2545742 0.9652892 -0.05838555 -0.1950251 0.9701231 -0.1443144 -0.1944828 0.8862012 0.4205045 -0.2086124 0.8863671 0.413321 -0.5541055 0.754453 0.3518067 -0.5541066 0.7544516 0.3518077 -0.8304894 0.5048443 0.2354136 -0.8304892 0.5048449 0.235413 -0.9806422 0.1774626 0.08275282 -0.9806423 0.1774627 0.08275175 -0.1950521 0.4731914 0.8590952 -0.1943796 0.5626372 0.8035272 -0.1943799 0.5626367 0.8035275 -0.1950706 0.6404689 0.7427968 -0.2203791 0.6897215 0.6897226 -0.1945782 0.7028397 0.6842191 -0.194377 0.8035292 0.5626354 -0.2835814 0.7627395 0.5812143 -0.1949394 0.8289743 0.524214 -0.1946752 0.3965482 0.897135 -0.2297289 0.4113138 0.882069 -0.5541061 0.3518062 0.7544528 -0.5541051 0.351806 0.7544535 -0.8304882 0.2354136 0.5048464 -0.8304914 0.2354124 0.5048418 -0.9806423 0.0827521 0.1774618 -0.9806423 0.08275175 0.1774627 -0.1949905 0.2026336 0.959645 -0.2413394 0.2511692 0.9373738 -0.5540937 0.2154556 0.804089 -0.5541082 0.2154526 0.8040798 -0.8304877 0.1441717 0.5380564 -0.8304902 0.1441705 0.5380528 -0.9806423 0.05067896 0.1891358 -0.9806423 0.05067873 0.189136 -0.7922304 0.05318403 0.6079003 -0.607299 0.06924211 0.7914503 -0.5547659 0.09111517 0.8270024 -0.4409324 0.07822716 0.8941249 -0.1943721 0.08549505 0.9771951 -0.1943883 0.0854932 0.9771919 -0.4422987 -1.13521e-5 0.8968679 -0.386712 -0.001710772 0.922199 -0.1950897 0.003266632 0.98078 -0.1335223 1.05136e-4 0.9910459 -0.0021528 0 0.9999977 -0.9807853 0 0.195091 -0.9937735 0.0100978 0.1109611 -0.8968368 -0.008791208 0.4422745 -0.9569994 0.006236851 0.290023 -0.9186756 0.001707971 0.3950093 -0.8946797 3.80804e-4 0.4467082 -0.873987 -5.3647e-6 0.4859494 -0.7933562 4.08629e-5 0.6087577 -0.805491 0.00138235 0.5926064 -0.6087544 -0.001654922 0.7933571 -0.6495432 0.002145826 0.7603217 -0.5287688 6.12641e-6 0.848766 -0.7071058 0 -0.7071078 -0.7071068 -1.56674e-6 -0.7071068 -0.7071065 0 -0.7071071 -0.7071059 -5.32623e-6 -0.7071076 -0.7071073 7.84569e-6 -0.7071063 -0.7071092 -3.10781e-6 -0.7071045 -0.7071055 0 -0.7071081 0.7071063 0 -0.7071073 0.7071009 -1.26773e-5 -0.7071127 0.7071068 0 -0.7071068 0.7071077 4.29353e-7 -0.7071059 0.7071076 0 -0.707106 0.7071051 -1.73835e-6 -0.7071085 0.7071072 1.50083e-6 -0.7071065 0.7071074 0 -0.7071062 0.7071042 -2.6325e-6 -0.7071095 0.7071082 2.76547e-6 -0.7071055 -1 -1.78813e-6 0 1 -5.47589e-7 0 -0.8981478 0 0.4396936 0.898148 0 0.4396935 0.9292657 -0.01632076 0.3690515 0.930831 -0.02109897 0.3648405 0.9699546 0.01166301 0.2430063 0.9742656 0 0.2254031 0.9939143 0 0.1101562 0.9920579 0.01661193 0.1246803 0.999148 -0.01998984 -0.03610849 0.8632352 0.09555053 -0.4956765 0.8534312 0.03135299 -0.5202617 0.9155246 0 -0.4022621 0.8416115 0.03470236 -0.5389676 0.8214133 0.01105672 -0.5702263 0.8068304 0 -0.5907833 0.9997761 0 -0.02116638 0.9923831 0 -0.1231902 0.983461 0.01296919 -0.1806557 0.9706313 -0.03510123 -0.2379981 0.9474297 0.01508396 -0.3196083 0.9315924 0 -0.3635046 0.9139224 0 -0.4058889 0.8895432 -0.009650528 -0.4567492 0.8889238 -0.008859157 -0.4579697 0.8134472 0.01638293 -0.581408 0.8439612 -0.02659606 -0.5357446 0.8222117 -0.008864521 -0.569113 0.9728435 0.2285982 0.03631186 0.9993519 0 -0.03600066 0.9676447 0 -0.2523168 0.942219 0.2685714 -0.2002322 0.9463332 0 -0.3231927 0.8998821 0 0.4361334 0.9291289 0.03364491 0.3682224 0.9360598 0.1455996 0.320301 0.9700775 0 0.2427958 0.993936 0 0.1099601 -0.97285 0.2285703 0.03631222 -0.9939143 0 0.1101562 -0.9461424 0 0.3237509 -0.9309678 0.2438126 0.2717618 -0.9277386 0.02720499 0.3722381 -0.9535319 0.1701666 -0.248637 -0.9833203 0 -0.1818825 -0.9993588 0 -0.03580367 -0.8457802 -0.02854746 -0.5327672 -0.8716138 -0.07302516 -0.4847236 -0.8107045 0.08366024 -0.5794473 -0.9087601 -0.03657984 -0.4157128 -0.8895846 0 -0.4567706 -0.9463333 0 -0.3231926 -0.8199128 0.009717583 -0.5724062 -0.839958 0.03214919 -0.5416984 -0.8614548 0.08779162 -0.5001882 -0.8532149 0.03858852 -0.52013 -0.9139223 0 -0.4058895 -0.9463362 0 -0.3231839 -0.9307466 0.04261314 -0.3631735 -0.9706313 -0.03509885 -0.2379981 -0.9834593 0.0129711 -0.1806641 -0.9923831 0 -0.1231902 -0.9993517 0 -0.03600072 -0.9996353 -0.01678013 -0.02116334 -0.9939225 0.01331287 0.1092745 -0.9921949 0 0.1246975 -0.9700774 0 0.242796 -0.9741656 0.01432895 0.22538 -0.9311002 -0.01943206 0.3642455 -0.930853 -0.01996159 0.3648484 -0.8998823 0 0.436133 0.7498992 0 -0.6615521 0.6565811 0.01180028 -0.7541632 0.6675705 0.005900919 -0.7445232 0.5641342 0 -0.8256831 0.4768349 0 -0.8789929 0.4245962 0.01575112 -0.9052459 0.3437052 0 -0.9390777 0.2459747 0 -0.9692763 0.1456572 0.01377969 -0.9892392 0.1021561 0 -0.9947685 -0.1021561 0 -0.9947685 -0.1456572 0.01377969 -0.9892392 -0.4768349 0 -0.8789929 -0.4245961 0.01575112 -0.9052459 -0.3437052 0 -0.9390777 -0.2459747 0 -0.9692763 -0.8238683 -0.00998193 -0.5666933 -0.8068302 0 -0.5907834 -0.7498992 0 -0.6615521 -0.6675454 0.01049548 -0.7444951 -0.6566178 0.005248665 -0.7542053 -0.5641342 0 -0.8256831 0 -1 -2.30025e-7 0 -1 1.73079e-6 0 -1 -2.34354e-7 0 -1 -8.34132e-7 0 -1 -4.1957e-7 0 -1 2.43642e-6 0 -1 -3.84078e-7 0 -1 4.07736e-7 0 -1 -7.24056e-7 0 -1 -1.7408e-7 -0.4995313 -0.001586019 -0.8662944 -0.4799731 0.006434679 -0.8772597 -0.4596894 -4.32829e-4 -0.8880797 -0.351273 0.01308637 -0.9361817 -0.355474 0.001295626 -0.9346854 -0.4097995 -0.003145277 -0.9121702 -0.3986408 0.01728576 -0.9169443 -0.4231334 6.20782e-4 -0.9060672 -0.7094375 -0.001327991 -0.7047672 -0.7192834 8.70136e-4 -0.6947163 -0.6937269 -0.004208087 -0.7202259 -0.6666933 -0.01533466 -0.7451744 -0.6965197 0.01072901 -0.7174575 -0.6160683 -0.00642234 -0.7876667 -0.5934351 -0.0211749 -0.8046034 -0.5679231 -0.006177902 -0.8230586 -0.5275571 6.86814e-4 -0.8495193 -0.7202293 0 -0.6937361 -0.754978 0 -0.6557502 -0.8108169 0.01440465 -0.5851226 -0.828036 0.002078473 -0.5606713 -0.9109791 -0.00184673 -0.4124487 -0.9303578 0.01648467 -0.3662821 -0.9963874 0 -0.08492577 -0.9920749 0.01556104 -0.1246808 -0.9780207 0 -0.208508 -0.9567795 0 -0.2908143 0.7192804 8.74499e-4 -0.6947194 0.5662491 -0.03829938 -0.823344 0.6957231 0.04899561 -0.7166373 0.6348097 -0.04176157 -0.7715393 0.6667073 -0.01532077 -0.7451621 0.727464 -0.006704568 -0.6861131 0.3554726 0.001329958 -0.9346858 0.3513264 0.01292699 -0.9361639 0.3520514 0.01583778 -0.9358467 0.3792951 -6.61426e-4 -0.9252755 0.4102494 0.007654309 -0.9119413 0.4130551 0.004936933 -0.9106928 0.5935568 0.006518006 -0.8047657 0.5118091 -6.0704e-4 -0.859099 0.4800623 0.004047214 -0.8772251 0.4780807 0.00285232 -0.8783114 0.4420357 -7.99192e-4 -0.8969971 0.6937486 -0.004205226 -0.720205 0.7165568 0 -0.6975288 0.754978 0 -0.6557502 0.8108169 0.01440465 -0.5851226 0.828036 0.002078473 -0.5606713 0.9109791 -0.00184673 -0.4124487 0.9303579 0.01648485 -0.3662822 0.9567795 0 -0.2908143 0.9780207 0 -0.208508 0.9920749 0.01556104 -0.1246808 0.9963874 0 -0.08492577 -0.9332238 0 0.3592956 -0.9369735 0.003803431 0.3493797 -0.9958246 0 0.09128761 -0.9917662 0.009128034 0.1277359 -0.9875838 0.01678645 0.1561945 -0.9929161 0.00555247 0.1186883 -0.9760642 0 0.2174826 -0.9692721 0 0.2459914 -0.9369803 0 0.3493822 -0.9228794 -0.03273284 0.3836957 -0.9545522 -0.001542329 0.29804 -0.9929261 0.003263711 0.1186895 -0.9826455 -0.03284519 0.1825627 -0.9901066 -0.01562136 0.1394451 0.9332239 0 0.3592957 0.9369674 -0.005256414 0.3493773 0.9958246 0 0.09128767 0.9924544 -0.01001703 0.1222046 0.9885296 -0.01972526 0.149734 0.9929044 -0.007375061 0.1186868 0.9760645 0 0.2174819 0.9692724 0 0.2459898 0.9369803 0 0.3493822 0.920646 0.02368795 0.3896792 0.954446 0.001129448 0.2983816 0.9929286 -0.002375602 0.1186897 0.9814296 0.02693742 0.1899216 0.9892138 0.01367586 0.1458395 4.57876e-6 0 -1 -1.25234e-6 0 -1 -1.13074e-5 0 -1 -2.49959e-7 0 -1 1.86938e-6 0 -1 1.41204e-5 0 -1 0 -1 1.33511e-6 0 -1 -2.06522e-6 0 -1 -3.59577e-7 0 -1 2.94642e-6 0 -1 1.32061e-6 0 -1 5.86394e-7 0 -1 -1.44825e-6 0 -1 1.21279e-6 0 -1 1.60931e-6 0 -1 -1.59854e-6 0 -1 9.90216e-7 0 -1 0 0 -1 1.19736e-6 0 -1 -8.57619e-6 0 -1 -1.32641e-6 0 -1 -1.55729e-6 0 -1 1.15209e-6 0 -1 2.5248e-6 0 -1 -2.82404e-6 0 -1 5.79814e-6 0 -1 -9.13722e-7 0 -1 2.97081e-6 0 -1 9.1875e-7 0 -1 -1.70244e-6 -1 -1.88152e-7 0 -1 6.30012e-7 0 -1 -7.66312e-7 0 -1 3.05246e-7 0 -1 -1.3794e-6 0 -1 -3.64034e-5 0 -1 6.29973e-6 0 -1 4.96376e-5 0 1 -2.31755e-6 0 1 2.70289e-7 0 1 2.08269e-7 0 1 -6.91255e-7 0 1 4.424e-5 0 1 -6.30036e-6 0 1 -4.0997e-5 0 0 1 -5.3893e-7 0 1 -9.227e-7 0 1 5.50963e-7 0 1 0 0 1 1.39715e-6 0 1 -1.50816e-7 0 1 9.18355e-7 0 1 0 0 1 3.02835e-7 0 1 -2.30967e-7 0 1 -1.42632e-6 0 1 2.63809e-7 0 1 -8.37611e-7 0 1 9.89117e-7 0 1 4.4077e-7 0 1 -6.21853e-7 0 1 1.33308e-6 0 1 4.59178e-7 0 1 -3.84289e-7 0 1 -1.47188e-7 0 1 1.70841e-6 -0.991445 0 -0.1305263 -0.9846758 -0.01636677 -0.1736249 -0.9537171 0 -0.3007054 -0.9063078 0 -0.4226182 -0.865819 -0.02183371 -0.499881 -0.8191524 0 -0.5735761 -0.7372775 0 -0.6755901 -0.6427012 -0.01636648 -0.7659422 -0.6087614 0 -0.7933534 -0.3826834 0 -0.9238796 -0.3419746 -0.01636648 -0.9395667 -0.2164393 0 -0.9762961 -0.08715605 0 -0.9961947 0 -0.02183359 -0.9997617 0.08715605 0 -0.9961947 0.2164393 0 -0.9762961 0.3419746 -0.01636648 -0.9395667 0.3826834 0 -0.9238796 0.6087614 0 -0.7933534 0.6427012 -0.01636648 -0.7659422 0.7372775 0 -0.6755901 0.8191524 0 -0.5735761 0.865819 -0.02183371 -0.499881 0.991445 0 -0.1305263 0.9846758 -0.01636677 -0.1736249 0.9537171 0 -0.3007054 0.9063078 0 -0.4226182 0.7071062 -7.97865e-7 -0.7071074 0.7071087 0 -0.7071049 0.7071064 0 -0.7071073 0.7071092 -3.10781e-6 -0.7071045 0.7071073 5.88427e-6 -0.7071063 0.7071059 -5.32623e-6 -0.7071076 0.7071065 0 -0.7071071 -0.7071062 0 -0.7071074 -0.7071075 0 -0.7071062 -0.7071074 -5.90039e-7 -0.7071062 -0.7071008 0 -0.7071127 -0.7071068 0 -0.7071068 -0.7071058 -2.04401e-6 -0.7071078 -0.7071035 -1.64525e-6 -0.7071101 -0.7071078 1.8993e-6 -0.7071059 -0.7071041 -1.3704e-6 -0.7071096 -0.7071117 9.67467e-6 -0.707102 -0.7070958 5.49687e-6 -0.7071178 -0.6058939 -0.7955 0.008510112 -0.4136874 -0.9104191 -1.72337e-5 -0.1950899 -0.9807854 9.84888e-5 -0.2151291 -0.9765755 0.00446546 -0.02355128 -0.9997227 0 -0.5555478 -0.8314368 -0.00892353 -0.831453 -0.5555575 0.00647217 -0.8581653 -0.51336 -0.003736555 -0.9807771 -0.1950885 0.00409162 -0.983983 -0.178263 0 0.9892798 -0.1460328 0 0.9807376 -0.195083 0.009822249 0.9414045 -0.3372798 -7.54181e-5 0.8518453 -0.5237935 2.37391e-4 0.8314456 -0.5555537 0.007639348 0.7334123 -0.6797842 -5.03892e-5 0.55557 -0.8314698 2.50169e-4 0.5695871 -0.82192 0.004285991 0.1950878 -0.9807742 -0.004795432 0.2147856 -0.9766612 0 0.9034186 -0.4286914 -0.007650136 0.8082433 -0.5887909 -0.008254051 0.6524157 -0.7578592 -0.001807868 0.5620493 -0.8269176 0.01755517 0.5502379 -0.8347401 -0.0211485 0.5646908 -0.8252697 -0.00737071 0.55913 -0.8288558 0.01927834 0.7878526 -0.6157261 0.01302438 0.8306626 -0.5567762 0 0.7245105 -0.6892638 0 0.7143924 -0.6997453 2.50289e-4 0.6124189 -0.7905303 -0.002229928 0.9221827 -0.3867236 0.0049057 0.9411073 -0.3381083 0 0.9912262 -0.1321766 0 0.9740415 -0.2263033 0.005492806 0.9937722 0.1109527 -0.01030772 0.9885455 -0.1499711 0.01692771 0.9966006 -0.08158379 0.01146036 0.9995724 -0.02816176 0.007876873 0.998401 0.056432 0.003332138 0.9846718 0.174418 0 0.9451971 0.3265004 0 0.9464472 0.3228588 -1.84113e-4 0.9296566 0.3683984 0.004612863 0.8185868 0.5743382 -0.007173001 0.5684432 0.8226884 -0.007505714 0.5532969 0.832696 -0.02191197 0.6608234 0.7505374 -0.002469956 0.5661163 0.8241208 0.01836121 0.5635553 0.8258374 0.01995569 0.8670753 0.4981771 1.76579e-4 0.7936162 0.6082749 0.01323038 0.8385369 0.544845 0 0.7342836 0.6788428 0 0.7208346 0.693107 4.3954e-4 0.6138646 0.7894056 -0.003023326 -0.9034186 0.4286914 -0.007650136 -0.8082433 0.5887909 -0.008253812 -0.6524166 0.7578585 -0.00180763 -0.5620487 0.8269178 0.01755517 -0.5502391 0.8347393 -0.02114707 -0.5646904 0.8252699 -0.007372856 -0.5591295 0.8288562 0.01927918 -0.7878526 0.6157261 0.01302438 -0.8306626 0.5567762 0 -0.7245105 0.6892638 0 -0.7143924 0.6997453 2.50289e-4 -0.6124181 0.790531 -0.00222969 -0.9221827 0.3867236 0.004905939 -0.9411073 0.3381083 0 -0.9912262 0.1321766 0 -0.9740415 0.2263033 0.005492866 -0.9937722 -0.1109527 -0.01030766 -0.9885455 0.1499711 0.01692771 -0.9966006 0.08158379 0.0114603 -0.9995724 0.02816176 0.007876992 -0.998401 -0.056432 0.003332138 -0.9846718 -0.174418 0 -0.9451971 -0.3265004 0 -0.9464472 -0.3228588 -1.84075e-4 -0.9296565 -0.3683989 0.004612863 -0.8185871 -0.5743376 -0.007173001 -0.5684427 -0.8226887 -0.00750488 -0.5532957 -0.8326966 -0.02191233 -0.6608234 -0.7505374 -0.002469956 -0.5661163 -0.8241208 0.01836121 -0.5635547 -0.8258377 0.01995491 -0.8670753 -0.4981771 1.76459e-4 -0.7936162 -0.6082749 0.01323056 -0.8385369 -0.544845 0 -0.7342836 -0.6788428 0 -0.7208346 -0.693107 4.39731e-4 -0.6138653 -0.7894051 -0.003023326 0.7083142 -0.7058973 0 0.6905059 0.7233268 1.53089e-4 0.8937347 0.4480061 -0.02299773 0.8221957 0.5628388 -0.08489197 0.8225999 0.5620324 -0.0863083 0.7784284 0.627508 -0.01682054 0.566064 0.8243613 -6.06952e-4 0.4574305 0.8881738 -0.04364359 0.3407306 0.9401611 0 0.09176647 0.9957806 0 -0.03598272 0.9990075 -0.0262587 -0.1631686 0.9865982 0 -0.4816617 0.8763574 0 -0.5206138 0.8537321 -0.01014572 -0.6863781 0.7272449 -8.97359e-5 -0.8619127 0.5067335 -0.01810485 -0.8205428 0.5708168 -0.02962839 -0.8719263 0.4895496 -0.009265363 -0.7479649 0.6637384 8.69004e-5 -0.9711242 -0.2323399 -0.05418628 -0.9272859 -0.374354 0 -0.9787983 -0.1994211 -0.04674571 -0.9893827 -0.1409922 -0.03525888 -0.9949316 -0.09659451 -0.02794283 -0.9989066 -0.04243063 -0.01962953 -0.9918323 0.1275494 0 -0.9272856 0.3743549 0 -0.5206415 -0.8537756 0 -0.4906537 -0.871275 -0.01178574 -0.6877249 -0.7259715 0 -0.8719632 -0.4895714 0 -0.7921015 -0.6092208 -0.03775477 -0.8568519 -0.5152011 -0.01930201 0.4578668 -0.8890208 0 0.519353 -0.8518646 -0.06781882 0.3407303 -0.9401611 0 -0.03599506 -0.999352 0 0.04856121 -0.997877 -0.04339891 -0.1631686 -0.9865982 0 0.823607 -0.5638061 -0.06159937 0.8281408 -0.5504693 -0.1056717 0.8043348 -0.5930816 -0.03605347 -0.8875032 -0.459971 -0.02765214 -0.8220941 -0.5627731 -0.08630114 -0.8043348 -0.5930816 -0.03605347 -0.7069668 -0.7072466 4.64727e-4 -0.564959 -0.8251184 -0.00106728 -0.4574305 -0.8881738 -0.04364305 -0.3407306 -0.9401611 0 -0.09176647 -0.9957806 0 0.03598272 -0.9990075 -0.0262587 0.1631686 -0.9865982 0 0.4816617 -0.8763574 0 0.5206138 -0.8537321 -0.01014572 0.6863781 -0.7272449 -9.00302e-5 0.8619127 -0.5067335 -0.01810485 0.8205428 -0.5708168 -0.02962821 0.8719263 -0.4895496 -0.009265482 0.7479649 -0.6637384 8.69004e-5 0.9893831 0.1409896 -0.03525894 0.9949316 0.09659451 -0.02794277 0.9989066 0.04243063 -0.01962953 0.9918323 -0.1275494 0 0.9272856 -0.3743549 0 0.8719632 0.4895714 0 0.7921015 0.6092208 -0.03775453 0.8568508 0.515203 -0.01930212 0.9272856 0.3743549 0 0.9711257 0.2323331 -0.0541864 0.9787986 0.1994196 -0.04674571 0.03599506 0.999352 0 -0.04856127 0.997877 -0.04339838 0.1631686 0.9865982 0 0.5206415 0.8537756 0 0.4906538 0.871275 -0.0117858 0.6877249 0.7259715 0 -0.7464259 0.6653878 -0.01037144 -0.6913496 0.7225205 0 -0.4578668 0.8890208 0 -0.5193534 0.8518643 -0.06781893 -0.3407303 0.9401611 0 -0.8237644 0.5639182 -0.05838346 -0.8281202 0.5503794 -0.1062992 -0.8136105 0.5786389 -0.05670237 -0.7201181 -0.6938474 0.002392768 -0.8103296 -0.5832926 -0.05599719 -0.8303397 -0.5497967 -0.09088271 -0.8341207 -0.5425114 -0.0996198 -0.8240716 -0.5634834 -0.05824565 -0.81651 -0.5773314 0 -0.6112753 -0.7914178 -7.84817e-4 -0.4319559 -0.901616 -0.02242022 -0.467801 -0.8825408 -0.04779005 0.0617125 -0.9975434 -0.03314894 -0.06345975 -0.9979845 0 -0.2833688 -0.959011 0 0.5397682 -0.8414667 -0.02417117 0.4503773 -0.8928384 0 0.1896227 -0.9818571 0 0.9893456 -0.1455867 0 0.9328739 -0.3602031 0 0.8812506 -0.4721807 -0.02104079 0.8122677 -0.5832848 0 0.6604923 -0.7508329 0 0.9993011 0.0373823 0 0.999419 -0.03162527 -0.01270908 0.9702578 0.1968631 -0.1408719 0.999861 0.01668167 0 0.8651996 0.5014278 0 0.8652006 0.5014259 0 0.5115473 0.8592551 0 0.5115476 0.859255 0 0.02841651 0.9995962 0 0.02841651 0.9995962 0 -0.257286 0.9663353 0 -0.3770377 0.9261008 -0.01342308 -0.8251597 0.5630301 -0.04592037 -0.8279527 0.5531402 -0.09236103 -0.7670975 0.6415306 0 -0.4619078 0.8869281 0 -0.5807777 0.802011 -0.1395564 -0.5156072 0.8533366 -0.07724082 0.8264531 0.5558041 -0.08976155 0.8282388 0.5513083 -0.1003972 0.825165 0.5630366 -0.04574418 0.376713 0.9262333 -0.01338511 0.5162619 0.8529208 -0.07745873 0.4617265 0.886581 -0.02798128 0.6429747 0.7658874 0 0.7670975 0.6415306 0 -0.9990617 0.01666831 -0.03997486 -0.9800308 0.198846 0 -0.8652001 0.5014267 0 -0.8652001 0.5014269 0 -0.5115482 0.8592546 0 -0.5115468 0.8592554 0 -0.02841657 0.9995962 0 -0.02841645 0.9995962 0 0.257286 0.9663353 0 -0.6601712 -0.7511152 0 -0.8121716 -0.5834187 0 -0.8812501 -0.4721819 -0.02104103 -0.9328159 -0.3603535 0 -0.9985368 -0.05407685 0 -0.9894576 -0.1410511 -0.03283965 -0.9993109 0.03712058 0 -0.06174635 -0.9980919 0 0.03697311 -0.9976298 -0.05803298 -0.1905362 -0.9816802 1.4174e-4 -0.5399264 -0.8417124 -2.85444e-4 -0.3953655 -0.9155632 -0.07369101 -0.5077284 -0.8609886 -0.03017485 0.4316843 -0.9010515 -0.04189175 0.3919354 -0.919574 -0.02775532 0.2833688 -0.959011 0 0.7575364 -0.6526988 -0.01108384 0.6598728 -0.7513772 5.84553e-4 0.53386 -0.8455682 -0.002834856 0.81651 -0.5773314 0 0.8228345 -0.5634073 -0.07426714 0.8262801 -0.5572905 -0.08178412 0.8937256 -0.4480243 -0.02299779 0.7933533 0 -0.6087614 0.8310114 -0.03320288 -0.5552636 0.9914449 0 -0.1305267 0.9802445 -0.03320294 -0.194983 0.9469303 0 -0.3214391 0.8968719 0 -0.4422904 0.9806867 0.01417499 -0.1950707 0.8091912 0.3965297 -0.4335597 0.8308554 -0.03840118 -0.555162 0.859601 0.03569042 -0.509718 0.8663036 0.09299284 -0.4907855 0.8207552 0.5556383 -0.1327669 0.8857503 0.3907622 -0.2505022 0.926176 0.1304898 -0.3537942 0.9209425 0.1088061 -0.3742006 0.9362779 0.3163424 -0.1526808 0.9707618 0.09782385 -0.2192077 0.9683654 0.2121524 -0.1313764 0.9698241 0.06028181 -0.2362361 0.9746056 0.1800005 -0.1332058 0.9766937 0.0430234 -0.2102817 0.9811398 0.1229423 -0.149164 0.9825659 0.03099602 -0.1833127 0.9836718 0.08230841 -0.1600477 0.9836987 0.01598793 -0.1791124 0.9849874 0.03535836 -0.1689661 0.9859736 -0.01291632 -0.1664013 0.9831463 -0.04501801 -0.1771916 0.9720718 -0.09755963 -0.2134447 0.9708326 -0.08599537 -0.2238054 0.9364624 -0.3205878 -0.1423438 0.926261 -0.1288647 -0.3541674 0.8890018 -0.3996558 -0.2234973 0.9119037 -0.1099184 -0.3954107 0.8613159 -0.3714303 -0.346662 0.9818254 0.08852297 -0.1678768 0.9836932 0.03952538 -0.1754582 0.984639 0.1093689 -0.1361047 0.9865969 0.0613076 -0.1512223 0.98765 0.1251665 -0.09423846 0.9898514 0.07787543 -0.1188686 0.9907996 0.1331721 -0.02411258 0.9947717 0.06364357 -0.07986754 0.9910413 0.1317909 -0.02164304 0.9950303 0.06098061 -0.07871627 0.9926482 0.1206008 -0.01024943 0.9970157 0.04125803 -0.06525081 0.9954943 0.09060549 -0.02795958 0.997621 0.02970105 -0.06221109 0.9970878 0.06385785 -0.04169052 0.9978457 0.04328888 -0.04929852 0.9982458 0.01315712 -0.05772608 0.9982413 0.02213239 -0.05499655 0.9983624 -0.008230745 -0.05661106 0.9982122 -0.01707482 -0.05728113 0.9981836 -0.02524822 -0.05470037 0.9971395 -0.06057941 -0.04520183 0.99756 -0.04180568 -0.0559147 0.9933192 -0.109091 -0.0376352 0.9951885 -0.05537575 -0.08082932 0.9876132 -0.1336201 -0.08225649 0.9904817 -0.05561244 -0.1259105 0.9841795 -0.1257774 -0.1247831 0.9871658 -0.0386672 -0.1549473 0.9809824 -0.107317 -0.1617301 0.984 -0.0143404 -0.1775907 0.9775081 -0.08167833 -0.1944393 0.8293674 -0.4752266 -0.2937848 0.8593258 -0.04405981 -0.5095272 0.8552073 0.02151376 -0.5178395 0.7980613 -0.2806174 -0.5332469 0.8314697 0 -0.5555701 0.8314694 0 -0.5555707 0.9807853 0 -0.1950903 -0.8314697 0 -0.5555701 -0.8314694 0 -0.5555707 -0.9807853 0 -0.1950903 -0.9806867 -0.01417499 -0.1950707 -0.8091937 -0.396531 -0.4335535 -0.8308538 0.03840112 -0.5551643 -0.859601 -0.03569042 -0.509718 -0.8663019 -0.09299266 -0.4907885 -0.8207556 -0.5556386 -0.1327636 -0.885749 -0.3907616 -0.250508 -0.926176 -0.1304898 -0.3537942 -0.9209457 -0.1088065 -0.3741928 -0.9362778 -0.3163424 -0.1526814 -0.9707623 -0.09782391 -0.219206 -0.968367 -0.2121527 -0.1313648 -0.9698227 -0.06028175 -0.2362417 -0.974606 -0.1800006 -0.1332029 -0.9766935 -0.0430234 -0.2102825 -0.9811398 -0.1229423 -0.149164 -0.9825662 -0.03099602 -0.1833111 -0.9836718 -0.08230841 -0.1600477 -0.9836992 -0.01598793 -0.1791097 -0.9849876 -0.0353583 -0.1689656 -0.9859734 0.01291638 -0.1664023 -0.9831463 0.04501801 -0.1771916 -0.9720718 0.09755963 -0.2134447 -0.9708327 0.08599537 -0.2238047 -0.9364624 0.3205878 -0.1423438 -0.9262606 0.1288647 -0.3541684 -0.8890035 0.3996566 -0.2234889 -0.9119039 0.1099184 -0.3954101 -0.861317 0.3714308 -0.3466589 -0.9818254 -0.08852297 -0.1678768 -0.9836931 -0.03952538 -0.1754588 -0.984639 -0.1093689 -0.1361047 -0.9865969 -0.0613076 -0.1512223 -0.9876502 -0.1251665 -0.09423732 -0.9898514 -0.07787525 -0.1188689 -0.9907996 -0.1331725 -0.02411264 -0.9947714 -0.06364554 -0.07986998 -0.9910413 -0.1317909 -0.02164304 -0.9950304 -0.06098061 -0.07871431 -0.9926482 -0.1206008 -0.01025128 -0.9970161 -0.04125809 -0.06524389 -0.9954943 -0.09060549 -0.02796202 -0.9976129 -0.02820843 -0.06303083 -0.9971029 -0.06389772 -0.04126536 -0.9978542 -0.04334431 -0.04907482 -0.9982301 -0.01035565 -0.05856263 -0.9982412 -0.02213215 -0.05499708 -0.9983624 0.008230745 -0.05661106 -0.9982122 0.01707494 -0.05728077 -0.9981836 0.02524822 -0.05470037 -0.9971395 0.06057941 -0.04520183 -0.99756 0.04180544 -0.0559144 -0.993319 0.1090909 -0.03763639 -0.9951885 0.05537587 -0.08082902 -0.987613 0.1336201 -0.08225691 -0.9904817 0.05561244 -0.1259101 -0.9841795 0.1257774 -0.1247831 -0.9871659 0.0386672 -0.1549467 -0.9809824 0.107317 -0.1617301 -0.984 0.0143404 -0.1775907 -0.9775082 0.08167833 -0.1944386 -0.829365 0.4752252 -0.2937936 -0.8593263 0.04405987 -0.5095264 -0.8552074 -0.02151376 -0.5178393 -0.7980613 0.2806174 -0.5332469 -0.7933533 0 -0.6087614 -0.8310114 -0.03320288 -0.5552636 -0.8968719 0 -0.4422904 -0.9469303 0 -0.3214391 -0.9802445 -0.03320294 -0.194983 -0.9914449 0 -0.1305267 -0.9952607 0 -0.09724277 -0.9705761 0.1590475 -0.1807931 -0.9801372 0.0774483 -0.1825733 -0.973002 0.1001315 -0.2079444 -0.9006969 0.05554163 -0.4308833 -0.7913213 0.1711084 -0.586969 -0.7927279 0.1401534 -0.593245 -0.6235283 0.1040616 -0.7748444 -0.9243544 0.3151589 -0.2150438 -0.9125242 0.33704 -0.2317405 -0.8916415 0.4039376 -0.2044749 -0.8349653 0.5034545 -0.2221862 -0.8541939 0.4833627 -0.1916074 -0.7400909 0.6314646 -0.2313396 -0.7692261 0.6138464 -0.1774363 -0.6180117 0.7493248 -0.2378529 -0.6561026 0.734376 -0.1738431 -0.4789685 0.8412955 -0.2506215 -0.5230506 0.8367354 -0.162148 -0.3383375 0.9060451 -0.2541854 -0.3899343 0.9050749 -0.1696782 -0.1924467 0.9420219 -0.2748802 -0.238398 0.9587026 -0.1550992 -0.3527886 0.7927009 -0.4971575 -0.9536486 0.2121047 -0.2134624 -0.9580553 0.2012514 -0.2040295 -0.7936843 0.1473776 -0.5902078 -0.7621772 0.2465327 -0.598588 -0.7814189 0.2328476 -0.5789356 -0.7214474 0.3458215 -0.5999345 -0.7474631 0.3294464 -0.5768571 -0.6687658 0.4331291 -0.6042777 -0.707283 0.423935 -0.5657119 -0.6043139 0.5161008 -0.6069965 -0.6483665 0.5121847 -0.563283 -0.5321304 0.5832751 -0.6136998 -0.580205 0.5936025 -0.5576723 -0.4614425 0.6376037 -0.6168732 -0.5087743 0.6491517 -0.5654651 -0.478648 0.6565343 -0.5829741 -0.4547674 0.6080826 -0.6507089 -0.5392541 0.2154841 -0.8141078 -0.5177889 0.1091122 -0.8485218 -0.4210879 0.2390216 -0.8749592 -0.4770537 0.1297018 -0.869251 -0.5037016 0.1127722 -0.8564855 -0.470238 0.1573665 -0.8683962 -0.5117958 0.1488337 -0.8461167 -0.4699551 0.1861621 -0.862836 -0.5122168 0.1832252 -0.8390844 -0.4716059 0.2082615 -0.8568634 -0.5121862 0.2165989 -0.8311139 -0.476579 0.2296239 -0.8486137 -0.5087789 0.2373037 -0.8275451 -0.4823209 0.2427711 -0.8416821 -0.5061644 0.2588178 -0.8226852 -0.8942641 0.4410015 -0.07622087 -0.1750013 0.9648733 -0.1959439 -0.1162034 0.9806497 -0.1575527 -0.1411913 0.9806495 -0.1356157 -0.1411918 0.9806495 -0.1356152 -0.1621065 0.9806497 -0.109762 -0.1621056 0.9806494 -0.1097653 -0.1783436 0.9806497 -0.0807445 -0.1783437 0.9806495 -0.08074742 -0.1894364 0.9806497 -0.04939776 -0.1894365 0.9806496 -0.04939931 -0.3621644 0.7922861 -0.4910396 -0.1950638 0.9806497 -0.01662516 -0.1950638 0.9806497 -0.01662623 -0.4419741 0.8962366 -0.03767049 -0.3176757 0.8297649 -0.4588818 -0.4016829 0.8305404 -0.3858156 -0.4016844 0.830538 -0.3858191 -0.4611843 0.8305386 -0.3122736 -0.4611849 0.8305397 -0.3122698 -0.5073799 0.8305388 -0.2297193 -0.507381 0.8305387 -0.2297171 -0.5389382 0.8305394 -0.1405354 -0.5389388 0.8305386 -0.1405377 -0.5572695 0.8297632 -0.03071814 -0.6079446 0.792287 -0.0518158 -0.4491998 0.6082627 -0.6543974 -0.4940835 0.5541797 -0.6699002 -0.6003297 0.5541807 -0.5766178 -0.600329 0.5541806 -0.5766186 -0.6892552 0.5541809 -0.4667022 -0.6892555 0.5541806 -0.4667021 -0.7582971 0.5541802 -0.3433217 -0.7582975 0.5541803 -0.343321 -0.8054619 0.5541802 -0.2100366 -0.8054621 0.55418 -0.2100369 -0.8293891 0.554181 -0.07069176 -0.7927006 0.6082614 -0.0405445 -0.57348 0.2579442 -0.7775511 -0.6102516 0.1948654 -0.7678676 -0.6832084 0.1948568 -0.7037451 -0.7134452 0.1463224 -0.6852632 -0.7404875 0.194975 -0.6431664 -0.8122402 0.1944126 -0.5499724 -0.8122385 0.194412 -0.5499751 -0.8935988 0.1944133 -0.4045799 -0.8935984 0.1944122 -0.4045811 -0.9384308 0.1949007 -0.2852392 -0.9574285 0.1449089 -0.249664 -0.9592573 0.1949394 -0.2045096 -0.9773764 0.1944119 -0.08330488 -0.9773763 0.1944113 -0.08330589 -0.9807854 0.1950898 0 -0.9807852 0.1950913 0 -0.8968748 0.4422847 0 -0.896873 0.4422883 0 -0.7933523 0.6087628 0 -0.6087629 0.7933522 0 -0.4422861 0.896874 0 -0.195091 0.9807853 0 -0.1950908 0.9807852 0 0.8906856 0.4392371 -0.1172601 -0.9727098 0.1934849 -0.12806 0.7849188 0.2860713 -0.5496052 0.7783633 0.1934844 -0.5972558 0.8890221 0.1943762 -0.4145572 0.8928864 0.2568429 -0.3698455 0.9354254 0.1949108 -0.2949395 0.9727101 0.1934834 -0.1280596 0.9727098 0.1934848 -0.12806 0.7231361 0.1949106 -0.6626342 0.5972553 0.1934835 -0.7783638 0.5972598 0.1934844 -0.7783602 0.3754515 0.1934838 -0.9064216 0.3754525 0.193484 -0.9064211 0.2122883 0.1949109 -0.9575717 0.1261477 0.2568425 -0.9581851 0.08549356 0.1943756 -0.9771944 -0.1280609 0.1934851 -0.9727097 -0.0835123 0.2860686 -0.954563 -0.2122883 0.1949108 -0.9575716 -0.3754516 0.1934835 -0.9064217 -0.3754529 0.1934846 -0.906421 -0.5972568 0.1934832 -0.7783628 -0.5972594 0.1934853 -0.7783602 -0.7231361 0.1949104 -0.6626342 -0.7667408 0.2568423 -0.5883373 -0.8035276 0.194377 -0.5626375 -0.9064221 0.1934835 -0.3754508 -0.8684313 0.286071 -0.4049575 -0.9354254 0.1949108 -0.2949395 0.6068175 0.7908163 -0.07988977 0.7890611 0.605468 -0.1038808 0.8230259 0.5533546 -0.1281681 0.7702055 0.5522714 -0.3190298 0.7702061 0.55227 -0.3190307 0.6613907 0.5522723 -0.5075015 0.6613895 0.55227 -0.5075055 0.5075045 0.5522722 -0.6613885 0.507502 0.5522706 -0.6613917 0.3190307 0.5522726 -0.7702043 0.3190283 0.55227 -0.770207 0.1088147 0.5522707 -0.8265329 0.1088156 0.5522719 -0.8265319 -0.1088158 0.552273 -0.8265311 -0.1088145 0.5522696 -0.8265335 -0.3190299 0.5522716 -0.7702051 -0.3190291 0.552271 -0.770206 -0.5075035 0.5522717 -0.6613897 -0.5075024 0.5522705 -0.6613915 -0.6613903 0.5522707 -0.5075038 -0.6613894 0.552271 -0.5075047 -0.7702061 0.5522704 -0.31903 -0.7702054 0.552271 -0.3190305 0.1950265 0.9804619 -0.02567636 0.4415386 0.8953574 -0.05812907 -0.9727099 0.1934846 -0.1280596 -0.8906856 0.4392371 -0.1172601 -0.8230258 0.5533547 -0.1281681 -0.7890611 0.605468 -0.1038808 -0.6068175 0.7908163 -0.0798887 0.5490745 0.8303998 -0.09462243 0.5163298 0.8292547 -0.2138697 0.5163291 0.8292546 -0.2138717 0.443383 0.8292549 -0.3402175 0.4433828 0.8292543 -0.3402195 0.3402196 0.8292547 -0.4433818 0.3402185 0.8292536 -0.4433846 0.2138713 0.8292549 -0.516329 0.213871 0.8292547 -0.5163293 0.07294708 0.829254 -0.5540909 0.07294714 0.8292537 -0.5540912 -0.07294678 0.8292539 -0.554091 -0.0729475 0.8292537 -0.5540912 -0.213871 0.8292548 -0.5163291 -0.2138711 0.8292543 -0.51633 -0.3402186 0.8292527 -0.4433864 -0.3402193 0.829255 -0.4433813 -0.4433826 0.8292542 -0.34022 -0.443383 0.8292547 -0.3402181 -0.5163297 0.8292544 -0.2138711 -0.5163295 0.8292547 -0.2138704 -0.5490748 0.8303998 -0.09462171 -0.4415386 0.8953574 -0.05812907 0.1950268 0.9804618 -0.02567553 0.1817358 0.9804618 -0.07527834 0.1817358 0.9804619 -0.07527744 0.15606 0.9804619 -0.1197493 0.1560601 0.9804618 -0.1197494 0.1197491 0.9804622 -0.1560584 0.1197491 0.9804619 -0.1560597 0.07527756 0.9804618 -0.1817359 0.0752775 0.9804618 -0.1817361 0.02567571 0.9804623 -0.1950247 0.02567565 0.9804618 -0.1950268 -0.02567571 0.9804623 -0.1950246 -0.02567565 0.980462 -0.1950259 -0.07527756 0.9804618 -0.181736 -0.0752775 0.980462 -0.1817351 -0.1197491 0.9804621 -0.1560585 -0.1197491 0.9804619 -0.1560596 -0.15606 0.9804619 -0.1197493 -0.1560602 0.9804618 -0.1197494 -0.1817358 0.9804617 -0.07527834 -0.1817358 0.9804619 -0.07527738 -0.1950268 0.9804618 -0.02567481 -0.1950265 0.9804618 -0.02567732 0.1950908 0.9807852 0 0.195091 0.9807853 0 0.4422861 0.896874 0 0.6087629 0.7933522 0 0.7933523 0.6087628 0 0.896873 0.4422883 0 0.8968748 0.4422847 0 0.9807852 0.1950913 0 0.9807854 0.1950898 0 0.1541467 0.9656906 -0.2089989 0.1950638 0.9806497 -0.01662516 0.1950638 0.9806497 -0.01662623 0.9773763 0.194412 -0.08330523 0.8942641 0.4410015 -0.07622087 0.8312308 0.5533943 -0.05301147 0.7915451 0.6073753 -0.06746721 0.5549479 0.8305395 -0.04729944 0.6085372 0.7930583 -0.02722626 0.4419741 0.8962366 -0.03767049 0.1783439 0.9806497 -0.08074486 0.1783434 0.9806497 -0.08074623 0.5073806 0.8305388 -0.2297179 0.5073806 0.8305388 -0.2297181 0.7582964 0.5541805 -0.3433231 0.7582981 0.5541797 -0.3433202 0.1621065 0.9806496 -0.1097632 0.1621057 0.9806496 -0.1097641 0.461185 0.8305389 -0.3122718 0.4611842 0.8305389 -0.312273 0.6892538 0.5541812 -0.4667037 0.6892567 0.5541794 -0.4667016 0.1411918 0.9806494 -0.1356163 0.1411912 0.9806497 -0.1356146 0.4016833 0.8305391 -0.3858178 0.4016838 0.8305383 -0.3858191 0.6003293 0.5541791 -0.5766198 0.6003294 0.5541816 -0.5766173 0.9520533 0.09926789 -0.2893798 0.9592573 0.1949396 -0.2045096 0.9773764 0.1944112 -0.08330553 0.1894366 0.9806496 -0.04939782 0.1894363 0.9806496 -0.04939925 0.538939 0.8305386 -0.1405366 0.5389382 0.8305391 -0.1405366 0.8054621 0.5541796 -0.2100375 0.8054623 0.5541799 -0.2100362 0.9491795 0.1944122 -0.2475124 0.893599 0.194413 -0.4045794 0.8935977 0.194413 -0.4045823 0.8122393 0.1944133 -0.5499734 0.8122386 0.1944117 -0.5499751 0.7074463 0.1944121 -0.6795026 0.6922183 0.1114818 -0.7130258 0.7404874 0.1949757 -0.6431663 0.1412536 0.9806482 -0.1355602 0.341516 0.7930595 -0.504404 0.3305942 0.8305392 -0.4482322 0.4715366 0.6073747 -0.639335 0.4799812 0.5533942 -0.6807151 0.594922 0.2572849 -0.7614935 0.5822409 0.1944109 -0.7894302 0.9495678 0.2297872 -0.2133517 0.3258312 0.7933181 -0.5142766 0.4647812 0.1466156 -0.8732024 0.5793173 0.1469803 -0.8017407 0.5841459 0.1361262 -0.800152 0.8692169 0.08209079 -0.4875687 0.757098 0.2338274 -0.6100224 0.764647 0.1608363 -0.6240567 0.9398719 0.09079211 -0.3292382 0.9722127 0.1119368 -0.2056029 0.9786104 0.09535342 -0.1822899 0.1278328 0.9658891 -0.2252047 0.4956057 0.09726536 -0.8630842 0.4911631 0.1049964 -0.8647165 0.4847733 0.1383363 -0.8636308 0.4918435 0.1289058 -0.8610885 0.485505 0.172432 -0.8570601 0.4995912 0.1598325 -0.8513884 0.4790682 0.1951997 -0.8557983 0.500889 0.1798526 -0.8466188 0.4801564 0.2211315 -0.8488526 0.5056403 0.2099865 -0.8367998 0.4780619 0.2343053 -0.8464974 0.5064836 0.2255109 -0.8322376 0.4810385 0.2520803 -0.839677 0.5062602 0.2496964 -0.8254408 0.4838954 0.2587383 -0.8360022 0.8352535 -0.05143076 -0.5474545 0.7641221 0.2429757 -0.597562 0.7665768 0.2702826 -0.5825011 0.7338394 0.3286216 -0.5945483 0.7253733 0.361014 -0.5860908 0.6926641 0.404055 -0.5974581 0.6811614 0.4493551 -0.578013 0.6494103 0.4783246 -0.5911615 0.6225666 0.5185711 -0.5860844 0.5967437 0.5364555 -0.5967518 0.5629307 0.5890107 -0.5798064 0.5414968 0.5986498 -0.5902539 0.4955209 0.6345756 -0.5931045 0.480865 0.6389849 -0.6003893 0.424723 0.6858956 -0.5908957 0.4149812 0.6869189 -0.5966013 0.6137118 0.589677 -0.5250132 0.2169577 0.9513486 -0.2187818 0.2561136 0.9466034 -0.1958268 0.3456011 0.9086236 -0.2344425 0.3965284 0.8939242 -0.2089614 0.4626538 0.8594188 -0.2176028 0.520882 0.8323884 -0.1892397 0.5755608 0.7852028 -0.2284437 0.6391499 0.7420379 -0.2021568 0.6770892 0.7031995 -0.2169349 0.7426515 0.6421809 -0.1899279 0.767026 0.6014502 -0.2234482 0.8301321 0.519858 -0.2015652 0.8447705 0.4895691 -0.2160671 0.8861672 0.4171444 -0.2017383 0.9029219 0.3613573 -0.2327082 0.9198175 0.32866 -0.214286 0.9478227 0.2440062 -0.2051665 0.9705751 0.1590532 -0.1807929 0.9952607 0 -0.09724277 0.9952607 0 -0.09724313 0.9895278 -0.06215679 -0.1302738 0.9493173 0.05539739 -0.309399 0.3270753 -0.9444952 -0.03083354 0.8667367 -0.2721812 -0.4179531 0.9463444 -0.09645867 -0.3084283 0.752182 -0.02657973 -0.6584191 0.9825593 -0.1335825 -0.1293564 0.9877814 -0.124503 -0.09373962 0.9406565 -0.3050747 -0.1486433 0.902323 -0.3570234 -0.2415526 0.8620842 -0.5003492 -0.08038479 0.7689223 -0.614423 -0.1767568 0.7355334 -0.632511 -0.2427355 0.6036595 -0.7925244 -0.08660447 0.3740917 -0.8768043 -0.302109 0.8974649 -0.2892551 -0.3329989 0.7547777 -0.4538629 -0.4736233 0.7806907 -0.5187531 -0.3484502 0.5927023 -0.6033691 -0.5335258 0.5935609 -0.7002225 -0.3967038 0.8924087 -0.09903138 -0.4402267 0.9430209 0.002465844 -0.3327245 0.7819159 -0.07898372 -0.61836 0.7757547 -0.09740436 -0.6234719 0.7921426 -0.1042971 -0.6013587 0.7424212 -0.1617293 -0.6501189 0.7620063 -0.1879163 -0.6197047 0.6966065 -0.2175826 -0.6836646 0.7108967 -0.2586081 -0.6540244 0.6935186 -0.1950911 -0.6935211 0.7017655 -0.2587255 -0.6637669 0.6341886 -0.4422831 -0.634185 0.560985 -0.6087633 -0.5609841 0.5250405 -0.7066502 -0.4743185 0.4304596 -0.7933535 -0.4304587 0.3127432 -0.8968749 -0.3127414 0.2019461 -0.9655771 -0.1639475 0.1379503 -0.9807854 -0.1379488 0.1950267 -0.9804618 -0.02567625 0.1560602 -0.9804615 -0.119751 0.1560594 -0.9804623 -0.1197475 0.7783635 -0.193483 -0.5972559 0.7127238 -0.439239 -0.5468949 0.6435776 -0.5501746 -0.5320862 0.6314043 -0.6054662 -0.4844991 0.4433831 -0.8292551 -0.3402169 0.4600771 -0.792639 -0.4000657 0.3533217 -0.895354 -0.2711182 0.1950272 -0.9804617 -0.02567505 0.4415383 -0.8953574 -0.05812954 0.5596349 -0.8273814 -0.04742074 0.6068165 -0.7908169 -0.07989096 0.8265316 -0.5522725 -0.108815 0.7920704 -0.6077756 -0.05686253 0.8906856 -0.439238 -0.1172579 0.9416689 -0.1052693 -0.319653 0.8797112 -0.1946894 -0.4338253 0.7783603 -0.1934847 -0.5972597 0.1817361 -0.9804618 -0.07527846 0.181736 -0.980462 -0.07527589 0.5163291 -0.8292551 -0.2138702 0.5163307 -0.829254 -0.2138699 0.7702047 -0.5522722 -0.3190301 0.770205 -0.5522708 -0.319032 0.9064213 -0.1934858 -0.3754513 0.9727098 -0.1934851 -0.1280597 0.9727099 -0.1934844 -0.1280599 0.9807854 -0.19509 0 0.9807855 -0.1950898 0 0.8968703 -0.4422937 0 0.8968738 -0.4422867 0 0.7933531 -0.6087619 0 0.7933549 -0.6087594 0 0.6087615 -0.7933534 0 0.4422844 -0.8968749 0 0.4422913 -0.8968715 0 0.195091 -0.9807852 0 0.1950907 -0.9807853 0 0.1950379 -0.9805187 0.02331286 0.1950377 -0.9805186 0.02331387 0.830708 -0.5514473 0.07635599 0.7898085 -0.6060441 0.09441035 0.5543487 -0.8296425 0.06626355 0.608205 -0.7926254 0.04279863 0.4416726 -0.8956217 0.05279523 0.9741137 -0.1937632 0.1164408 0.9741136 -0.1937642 0.1164398 0.8917642 -0.4397656 0.106597 0.1840472 -0.9805188 0.06862747 0.1840476 -0.9805186 0.06862848 0.5231122 -0.8296421 0.1950582 0.5231115 -0.8296424 0.1950585 0.7807714 -0.5528438 0.2911356 0.7807694 -0.5528478 0.2911333 0.9192231 -0.1937628 0.3427609 0.9192231 -0.1937631 0.3427607 -0.1825559 -0.9805883 0.07155376 -0.5191325 -0.8301199 0.2034762 -0.7753799 -0.5535565 0.3039099 -0.9133294 -0.1941074 0.3579829 -0.9133308 -0.1941072 0.3579794 -0.9555806 -0.194908 0.2210809 -0.9497025 -0.2680386 0.1619279 -0.9731933 -0.19477 0.1223094 -0.9807091 -0.1943674 -0.02076274 -0.9721978 -0.2315602 -0.03480708 -0.9733189 -0.1950699 -0.120823 -0.9527567 -0.1941094 -0.2336157 -0.9527571 -0.1941084 -0.233615 -0.9137065 -0.1950097 -0.3565273 -0.8724835 -0.2559952 -0.4162198 -0.8725791 -0.1945917 -0.4480401 -0.7810677 -0.1941094 -0.5935106 -0.781188 -0.2792655 -0.5583513 -0.7355022 -0.1950123 -0.6488504 -0.6441367 -0.1941091 -0.7398713 -0.6441385 -0.194108 -0.7398701 -0.5532945 -0.195071 -0.8098226 -0.4763269 -0.2315598 -0.8482292 -0.4677399 -0.1943681 -0.86223 -0.2964544 -0.1941093 -0.935113 -0.3256837 -0.3195523 -0.8898407 -0.2412585 -0.1949089 -0.9506866 -0.1002115 -0.1941069 -0.9758485 -0.1002119 -0.1941092 -0.975848 0.1002124 -0.1941083 -0.9758481 0.1002111 -0.1941081 -0.9758483 0.2412582 -0.1949087 -0.9506866 0.2911449 -0.2680404 -0.9183622 0.3371208 -0.1947699 -0.9210942 0.4677399 -0.1943681 -0.86223 0.4763273 -0.23156 -0.8482289 0.5532945 -0.195071 -0.8098226 0.6441367 -0.1941091 -0.7398713 0.6441396 -0.1941089 -0.7398689 0.7355017 -0.195013 -0.6488508 0.7696799 -0.2559934 -0.5848592 0.7980058 -0.1945919 -0.5703691 0.8853908 -0.194111 -0.4223792 0.8541917 -0.2792671 -0.4385961 0.9137067 -0.1950089 -0.3565273 0.9527571 -0.1941075 -0.2336158 0.9527565 -0.1941109 -0.2336147 0.973319 -0.1950696 -0.1208226 0.9721979 -0.2315598 -0.0348072 0.9807091 -0.1943674 -0.02076274 0.9670249 -0.1941054 0.1648815 0.9401711 -0.319557 0.1181597 0.9555805 -0.1949081 0.2210809 0.9133295 -0.1941074 0.3579828 0.9133307 -0.1941074 0.3579797 -0.7753794 -0.5535567 0.3039107 -0.820964 -0.5535561 0.139978 -0.8209643 -0.5535556 0.1399783 -0.8322787 -0.5535562 -0.02979773 -0.8322789 -0.553556 -0.02979809 -0.8088516 -0.5535562 -0.1983295 -0.8088523 -0.5535543 -0.1983322 -0.7516622 -0.5535555 -0.358581 -0.7516602 -0.5535556 -0.3585851 -0.6630931 -0.5535579 -0.5038663 -0.6630933 -0.553556 -0.5038681 -0.5468463 -0.5535559 -0.6281203 -0.546846 -0.5535552 -0.6281211 -0.4077725 -0.553555 -0.7261532 -0.407773 -0.5535557 -0.7261524 -0.2516772 -0.553555 -0.7938738 -0.2516772 -0.553555 -0.7938738 -0.08507603 -0.5535584 -0.8284536 -0.08507603 -0.5535534 -0.8284568 0.08507627 -0.5535567 -0.8284546 0.08507567 -0.5535544 -0.8284562 0.2516775 -0.5535556 -0.7938733 0.2516769 -0.5535544 -0.7938743 0.4077736 -0.5535569 -0.7261512 0.407773 -0.5535553 -0.7261527 0.5468463 -0.5535559 -0.6281203 0.5468459 -0.553555 -0.6281214 0.6630934 -0.5535559 -0.5038681 0.6630929 -0.553557 -0.5038676 0.7516621 -0.5535532 -0.3585846 0.75166 -0.5535572 -0.3585832 0.8088533 -0.5535533 -0.1983308 0.8088508 -0.5535573 -0.1983299 0.8322787 -0.5535562 -0.02979725 0.8322786 -0.5535563 -0.02979809 0.8209639 -0.5535562 0.1399781 0.8209639 -0.5535563 0.1399782 0.7753788 -0.5535574 0.3039113 0.7753801 -0.5535559 0.3039106 -0.5191342 -0.8301191 0.2034751 -0.5496531 -0.8301196 0.09371805 -0.5496524 -0.8301201 0.09371757 -0.5572275 -0.8301202 -0.01994937 -0.5572294 -0.830119 -0.0199514 -0.5415437 -0.8301197 -0.132785 -0.541544 -0.8301193 -0.1327867 -0.5032525 -0.8301203 -0.2400775 -0.5032535 -0.8301191 -0.2400795 -0.443956 -0.8301191 -0.3373507 -0.4439544 -0.8301201 -0.3373501 -0.3661254 -0.8301198 -0.4205396 -0.3661255 -0.8301204 -0.4205383 -0.2730119 -0.8301181 -0.4861775 -0.2730127 -0.8301206 -0.4861729 -0.1685035 -0.8301205 -0.5315136 -0.1685034 -0.8301195 -0.5315152 -0.05695986 -0.8301208 -0.5546668 -0.05696111 -0.8301188 -0.5546695 0.05696094 -0.8301204 -0.5546673 0.05695992 -0.8301188 -0.5546697 0.1685032 -0.8301187 -0.5315165 0.1685037 -0.8301211 -0.5315125 0.2730125 -0.8301196 -0.4861747 0.2730123 -0.8301197 -0.4861744 0.3661257 -0.8301212 -0.4205363 0.3661251 -0.8301195 -0.4205402 0.443955 -0.8301191 -0.3373519 0.4439553 -0.8301199 -0.3373497 0.5032525 -0.8301203 -0.2400775 0.5032534 -0.830119 -0.2400805 0.5415444 -0.830119 -0.1327863 0.5415436 -0.8301196 -0.1327855 0.5572275 -0.8301202 -0.01995038 0.5572291 -0.8301191 -0.01995033 0.5496522 -0.8301202 0.09371787 0.5496534 -0.8301194 0.09371775 0.5191342 -0.8301187 0.2034769 0.519133 -0.8301202 0.2034735 -0.182556 -0.9805884 0.07155269 -0.1932878 -0.9805885 0.0329563 -0.1932885 -0.9805884 0.03295612 -0.1959522 -0.9805884 -0.007015347 -0.1959517 -0.9805884 -0.007015228 -0.1904365 -0.9805883 -0.04669559 -0.190436 -0.9805884 -0.04669636 -0.1769714 -0.9805886 -0.08442276 -0.1769711 -0.9805885 -0.08442485 -0.1561188 -0.9805884 -0.1186305 -0.1561194 -0.9805885 -0.1186299 -0.1287498 -0.9805879 -0.1478879 -0.1287498 -0.9805884 -0.1478843 -0.09600627 -0.9805881 -0.1709671 -0.09600633 -0.9805884 -0.1709651 -0.05925482 -0.9805884 -0.18691 -0.05925506 -0.9805879 -0.1869126 -0.02003043 -0.9805893 -0.1950479 -0.02003031 -0.9805878 -0.1950554 0.02003049 -0.9805884 -0.1950518 0.0200302 -0.9805882 -0.1950528 0.05925506 -0.9805876 -0.1869142 0.05925482 -0.9805886 -0.1869093 0.09600633 -0.9805889 -0.1709629 0.09600627 -0.9805881 -0.1709668 0.12875 -0.9805879 -0.1478879 0.1287495 -0.9805886 -0.1478832 0.1561194 -0.9805883 -0.1186308 0.156119 -0.9805884 -0.118631 0.1769715 -0.9805886 -0.08442276 0.1769711 -0.9805883 -0.08442604 0.1904366 -0.9805883 -0.04669559 0.1904361 -0.9805885 -0.04669529 0.1959518 -0.9805885 -0.007014274 0.1959524 -0.9805884 -0.00701636 0.1932882 -0.9805884 0.03295636 0.1932882 -0.9805884 0.03295725 0.1825559 -0.9805883 0.07155376 0.1825557 -0.9805884 0.07155257 -0.1950378 -0.9805187 0.02331286 -0.1950377 -0.9805187 0.02331382 -0.4416726 -0.8956217 0.05279523 -0.5583343 -0.8283331 0.04612195 -0.6071578 -0.7912598 0.07257616 -0.8273929 -0.5528465 0.09890264 -0.1840474 -0.9805188 0.06862616 -0.1840476 -0.9805186 0.06862837 -0.5231114 -0.8296425 0.1950584 -0.5231123 -0.8296419 0.1950587 -0.7807709 -0.5528452 0.2911344 -0.7807697 -0.5528469 0.2911341 -0.9192231 -0.1937628 0.3427609 -0.919223 -0.193763 0.342761 -0.7919458 -0.6076825 0.05953067 -0.8917642 -0.4397656 0.106597 -0.9741134 -0.1937658 0.1164394 -0.9741139 -0.1937617 0.1164412 -0.195091 -0.9807852 0 -0.1950907 -0.9807853 0 -0.4422906 -0.8968719 0 -0.4422851 -0.8968745 0 -0.6087615 -0.7933534 0 -0.7933549 -0.6087594 0 -0.7933531 -0.6087619 0 -0.8968734 -0.4422875 0 -0.8968707 -0.4422929 0 -0.9807854 -0.19509 0 -0.9807855 -0.1950898 0 -0.1560597 -0.9804617 -0.1197507 -0.1950271 -0.9804618 -0.02567404 -0.1950268 -0.9804618 -0.02567666 -0.8313199 -0.5501753 -0.07883244 -0.7890598 -0.6054694 -0.1038826 -0.5540917 -0.8292533 -0.07294774 -0.608212 -0.7926396 -0.04243534 -0.4415383 -0.8953574 -0.05812954 -0.1817356 -0.9804618 -0.07527762 -0.1817364 -0.9804617 -0.07527774 -0.5163284 -0.8292556 -0.2138695 -0.5163305 -0.8292536 -0.2138718 -0.7702048 -0.5522723 -0.3190298 -0.7702063 -0.5522704 -0.3190293 -0.1560598 -0.9804621 -0.1197476 -0.3533217 -0.895354 -0.2711182 -0.4292531 -0.8273825 -0.3621883 -0.4855737 -0.7908171 -0.3725943 -0.661389 -0.5522716 -0.5075044 -0.6002892 -0.6077739 -0.519869 -0.7127238 -0.439239 -0.5468949 -0.9727093 -0.1934868 -0.1280605 -0.9727103 -0.1934828 -0.128059 -0.8906856 -0.439238 -0.1172579 -0.9288106 -0.194692 -0.3152871 -0.9133206 -0.150756 -0.3783096 -0.8797108 -0.194689 -0.4338262 -0.7783624 -0.1934854 -0.5972567 -0.7783613 -0.193483 -0.5972588 -0.6935186 -0.1950911 -0.6935211 -0.701766 -0.2587248 -0.6637665 -0.6341886 -0.4422831 -0.634185 -0.5609853 -0.6087645 -0.5609825 -0.5250399 -0.7066503 -0.4743189 -0.1379503 -0.9807854 -0.1379488 -0.2019461 -0.9655771 -0.1639475 -0.3127432 -0.8968749 -0.3127414 -0.4304603 -0.7933529 -0.4304594 -0.8016101 -0.04644072 -0.5960408 -0.9441281 -0.1180627 -0.3077067 -0.9289404 -0.1162742 -0.3514969 -0.151332 -0.9649659 -0.2143355 -0.4081868 -0.8345081 -0.3701078 -0.3621118 -0.9315356 -0.03341656 -0.2426825 -0.9566566 -0.160976 -0.926009 -0.1176441 -0.358702 -0.8718585 -0.2629063 -0.4132108 -0.8743375 -0.3266685 -0.3589174 -0.7894948 -0.4235014 -0.444235 -0.7576115 -0.5264207 -0.3858839 -0.6575638 -0.5759466 -0.4856905 -0.5766559 -0.6903296 -0.4369361 -0.533106 -0.6943966 -0.4833336 -0.4777591 -0.7067617 -0.5217607 -0.7909093 -0.05801582 -0.6091771 -0.7773916 -0.09314787 -0.6220819 -0.7832405 -0.1170924 -0.610593 -0.7542743 -0.1497578 -0.639252 -0.7519486 -0.1893679 -0.6314373 -0.7181826 -0.2059341 -0.6646842 -0.702333 -0.252685 -0.6654912 -0.686992 -0.2534514 -0.681032 -0.6688172 -0.2587662 -0.6969387 -0.5046756 -0.8383019 -0.2062826 -0.6347796 -0.7692105 -0.0732817 -0.7304313 -0.6518274 -0.2039391 -0.8660833 -0.4954189 -0.06678193 -0.89346 -0.4140793 -0.1739754 -0.982187 -0.1690158 -0.08211147 -0.9806723 -0.1470136 -0.129108 -0.9914448 0 -0.1305269 -0.9924777 -0.09848964 -0.07271844 -0.9493173 0.05539739 -0.309399 0.9659261 0 -0.2588183 0.9450208 -0.003453552 -0.326992 0.997295 0 -0.07350337 0.2588191 0 -0.9659258 0.1381182 -0.006352186 -0.9903954 0.3873879 0 -0.9219169 0.7071049 0 -0.7071087 0.5510355 -0.0100947 -0.8344208 0.7435431 0 -0.668688 -0.1350675 0 -0.9908365 -0.2588174 -0.003360748 -0.9659205 -0.7071045 -0.002120733 -0.7071059 -0.5466935 -1.90002e-5 -0.837333 -0.3885742 4.49721e-5 -0.9214174 -0.9973185 0 -0.07318431 -0.9774387 -0.001863777 -0.2112111 -0.9659212 -0.003121197 -0.2588176 -0.9201663 0 -0.3915279 -0.7435431 0 -0.668688 -0.9945509 0 -0.104253 -0.9605463 0.03313916 -0.276139 -0.9807854 0 -0.1950899 -0.8314697 0 -0.5555703 -0.8314686 0 -0.5555719 0.8314686 0 -0.5555719 0.8314697 0 -0.5555703 0.9551112 0 -0.2962478 0.9806364 0.01742804 -0.1950606 0.9945542 0 -0.1042209 2.23642e-6 0 -1 8.70026e-7 0 -1 -3.54451e-6 0 -1 5.75924e-7 0 -1 2.7737e-6 0 -1 -1.71988e-6 0 -1 9.14937e-7 0 -1 -1.60029e-7 0 -1 -5.59104e-7 0 -1 -1.50984e-6 0 -1 -1.50983e-6 0 -1 3.01965e-6 0 -1 -1.90096e-6 0 -1 -4.35172e-7 0 -1 -9.24978e-7 0 -1 3.01966e-6 0 -1 1.90096e-6 0 -1 1.53406e-6 0 -1 1.50983e-6 0 -1 -0.2225207 0 0.974928 -0.6234898 0 0.7818316 -0.900969 0 0.4338838 -0.900969 0 0.4338837 -0.900969 0 -0.4338837 -0.900969 0 -0.4338838 -0.6234898 0 -0.7818316 -0.2225207 0 -0.974928 0.2225207 0 -0.974928 0.6234898 0 -0.7818316 0.900969 0 -0.4338838 0.900969 0 -0.4338837 0.900969 0 0.4338837 0.900969 0 0.4338838 0.6234898 0 0.7818316 0.2225207 0 0.974928 0 -1 3.35387e-7 0 -1 -3.35387e-7 -0.2225209 0 -0.974928 -0.6234902 0 -0.7818312 -0.6234902 0 0.7818312 -0.2225209 0 0.974928 0.2225209 0 0.974928 0.6234902 0 0.7818312 0.6234902 0 -0.7818312 0.2225209 0 -0.974928 0 1 3.35387e-7 0 1 -3.35387e-7 0 1 3.35387e-7 0 1 -3.35387e-7 0 1 -6.70775e-7 0 1 -6.70775e-7</float_array>
          <technique_common>
            <accessor source="#link_2_1-mesh-normals-array" count="2998" stride="3">
              <param name="X" type="float"/>
              <param name="Y" type="float"/>
              <param name="Z" type="float"/>
            </accessor>
          </technique_common>
        </source>
        <vertices id="link_2_1-mesh-vertices">
          <input semantic="POSITION" source="#link_2_1-mesh-positions"/>
        </vertices>
        <triangles material="m_1-material" count="3348">
          <input semantic="VERTEX" source="#link_2_1-mesh-vertices" offset="0"/>
          <input semantic="NORMAL" source="#link_2_1-mesh-normals" offset="1"/>
          <p>0 0 1 0 2 0 3 0 4 0 5 0 5 0 4 0 6 0 5 0 6 0 7 0 8 0 9 0 2 0 2 1 9 1 10 1 2 0 10 0 0 0 6 0 11 0 7 0 7 2 11 2 12 2 7 0 12 0 8 0 8 0 12 0 13 0 8 2 13 2 9 2 14 3 15 3 16 3 16 4 17 4 14 4 14 5 17 5 18 5 14 3 18 3 19 3 19 3 18 3 20 3 19 3 20 3 21 3 22 6 23 6 24 6 24 3 23 3 25 3 24 7 25 7 26 7 26 8 25 8 27 8 26 9 27 9 28 9 28 3 29 3 26 3 26 10 29 10 30 10 26 3 30 3 14 3 14 3 30 3 31 3 14 11 31 11 15 11 32 12 33 12 34 12 34 0 33 0 35 0 36 0 37 0 38 0 39 0 40 0 41 0 41 13 40 13 36 13 41 14 36 14 33 14 33 15 36 15 38 15 33 16 38 16 35 16 32 17 34 17 42 17 42 18 34 18 43 18 42 0 43 0 44 0 44 0 43 0 45 0 44 19 45 19 46 19 46 20 45 20 47 20 46 0 47 0 48 0 48 0 47 0 49 0 48 0 49 0 50 0 50 21 49 21 51 21 50 22 51 22 52 22 52 0 53 0 50 0 50 0 53 0 54 0 50 23 54 23 55 23 56 24 50 24 57 24 57 25 50 25 58 25 55 0 59 0 50 0 50 26 59 26 60 26 50 27 60 27 58 27 61 28 62 28 63 28 62 29 61 29 64 29 64 30 61 30 65 30 64 31 65 31 66 31 67 30 68 30 69 30 69 30 68 30 70 30 69 30 70 30 71 30 71 30 70 30 61 30 63 32 72 32 61 32 61 33 72 33 73 33 61 34 73 34 71 34 74 35 75 35 66 35 66 36 75 36 76 36 66 28 76 28 64 28 77 30 78 30 79 30 79 30 78 30 80 30 79 30 80 30 66 30 66 37 80 37 81 37 66 34 81 34 74 34 82 38 83 38 3 38 84 39 3 39 85 39 85 38 3 38 5 38 84 38 86 38 87 38 82 40 3 40 88 40 89 38 90 38 5 38 5 41 90 41 91 41 5 38 91 38 85 38 87 42 92 42 84 42 84 38 92 38 93 38 84 43 93 43 3 43 3 38 93 38 94 38 3 38 94 38 88 38 95 44 96 44 97 44 98 45 99 45 2 45 2 46 99 46 100 46 2 45 100 45 101 45 98 47 2 47 97 47 97 48 2 48 1 48 97 49 1 49 95 49 96 45 102 45 97 45 97 50 102 50 103 50 97 45 103 45 104 45 105 45 106 45 1 45 1 51 106 51 107 51 1 45 107 45 95 45 7 52 8 52 108 52 36 52 40 52 109 52 110 53 111 53 40 53 40 54 111 54 112 54 40 52 112 52 109 52 113 52 114 52 115 52 115 55 114 55 36 55 115 52 36 52 116 52 116 52 36 52 109 52 116 52 109 52 108 52 108 52 109 52 117 52 108 52 117 52 7 52 118 52 119 52 120 52 120 52 119 52 121 52 122 52 120 52 123 52 123 56 120 56 121 56 123 52 121 52 124 52 124 52 121 52 125 52 119 57 118 57 126 57 126 58 118 58 127 58 126 59 127 59 128 59 128 60 127 60 129 60 129 61 127 61 130 61 130 62 127 62 131 62 130 63 131 63 132 63 132 64 131 64 133 64 132 65 133 65 134 65 134 66 133 66 135 66 135 67 133 67 136 67 135 68 136 68 137 68 137 69 136 69 138 69 138 70 136 70 139 70 138 71 139 71 140 71 140 72 139 72 141 72 140 73 141 73 142 73 142 74 141 74 143 74 142 75 143 75 144 75 144 76 143 76 97 76 144 77 97 77 104 77 145 78 146 78 147 78 147 79 148 79 145 79 145 80 148 80 149 80 145 81 149 81 150 81 150 82 149 82 151 82 150 83 151 83 152 83 152 84 151 84 153 84 152 85 153 85 154 85 154 86 153 86 155 86 154 87 155 87 84 87 84 88 155 88 156 88 84 89 156 89 86 89 120 90 122 90 157 90 157 91 122 91 158 91 158 92 159 92 157 92 157 93 159 93 160 93 157 94 160 94 161 94 161 95 160 95 162 95 161 96 162 96 146 96 146 97 162 97 163 97 146 98 163 98 147 98 164 99 84 99 165 99 165 100 84 100 85 100 164 101 165 101 166 101 166 102 165 102 167 102 166 103 167 103 168 103 168 104 167 104 169 104 169 105 167 105 170 105 169 106 170 106 171 106 171 107 170 107 67 107 171 108 67 108 69 108 172 109 173 109 174 109 173 110 120 110 157 110 173 111 157 111 174 111 174 112 157 112 161 112 174 113 161 113 175 113 161 114 146 114 175 114 175 115 146 115 145 115 175 116 145 116 176 116 154 117 177 117 152 117 152 118 177 118 176 118 152 119 176 119 150 119 150 120 176 120 145 120 178 121 179 121 180 121 180 122 179 122 172 122 172 123 174 123 180 123 180 124 174 124 175 124 180 125 175 125 181 125 181 126 175 126 176 126 181 127 176 127 182 127 182 128 176 128 177 128 182 129 177 129 183 129 184 130 185 130 186 130 186 131 185 131 178 131 154 132 84 132 177 132 177 133 84 133 164 133 177 134 164 134 183 134 183 135 164 135 166 135 183 136 166 136 168 136 178 137 180 137 186 137 186 138 180 138 181 138 186 139 181 139 187 139 187 140 181 140 182 140 187 141 182 141 188 141 188 142 182 142 183 142 188 143 183 143 189 143 189 144 183 144 168 144 189 145 168 145 169 145 62 146 190 146 191 146 191 147 190 147 184 147 184 148 186 148 191 148 191 149 186 149 187 149 191 150 187 150 192 150 192 151 187 151 188 151 192 152 188 152 193 152 193 153 188 153 189 153 193 154 189 154 194 154 194 155 189 155 169 155 194 156 169 156 171 156 62 157 191 157 63 157 63 158 191 158 192 158 63 159 192 159 72 159 72 160 192 160 193 160 72 161 193 161 73 161 73 162 193 162 194 162 73 163 194 163 71 163 71 164 194 164 171 164 71 165 171 165 69 165 62 166 64 166 190 166 190 167 64 167 195 167 190 168 195 168 184 168 184 169 195 169 196 169 184 170 196 170 185 170 185 171 196 171 197 171 185 172 197 172 178 172 178 173 197 173 198 173 178 174 198 174 179 174 179 174 198 174 199 174 179 175 199 175 172 175 172 176 199 176 200 176 172 177 200 177 173 177 173 177 200 177 201 177 173 178 201 178 120 178 120 179 201 179 118 179 80 180 202 180 203 180 196 181 195 181 204 181 205 182 206 182 207 182 206 183 208 183 209 183 208 184 97 184 143 184 208 185 143 185 209 185 209 186 143 186 141 186 209 187 141 187 210 187 141 188 139 188 210 188 210 189 139 189 136 189 210 190 136 190 211 190 136 191 133 191 211 191 211 192 133 192 131 192 211 193 131 193 212 193 212 194 131 194 127 194 212 195 127 195 118 195 206 196 209 196 207 196 207 197 209 197 210 197 207 198 210 198 213 198 213 199 210 199 211 199 213 200 211 200 214 200 214 201 211 201 212 201 214 202 212 202 215 202 202 203 216 203 217 203 217 204 216 204 205 204 118 205 201 205 212 205 212 206 201 206 200 206 212 207 200 207 215 207 215 208 200 208 199 208 215 209 199 209 198 209 205 210 207 210 217 210 217 211 207 211 213 211 217 212 213 212 218 212 218 213 213 213 214 213 218 214 214 214 219 214 219 215 214 215 215 215 219 216 215 216 220 216 220 217 215 217 198 217 220 218 198 218 197 218 202 219 217 219 203 219 203 220 217 220 218 220 203 221 218 221 221 221 221 222 218 222 219 222 221 223 219 223 222 223 222 224 219 224 220 224 222 225 220 225 204 225 204 226 220 226 197 226 204 227 197 227 196 227 80 228 203 228 81 228 81 229 203 229 221 229 81 230 221 230 74 230 74 231 221 231 222 231 74 232 222 232 75 232 75 233 222 233 204 233 75 234 204 234 76 234 76 235 204 235 195 235 76 236 195 236 64 236 80 237 78 237 223 237 98 238 97 238 208 238 98 239 208 239 224 239 224 240 208 240 206 240 224 241 206 241 225 241 206 242 205 242 225 242 225 243 205 243 216 243 225 244 216 244 223 244 223 245 216 245 202 245 223 246 202 246 80 246 226 247 227 247 228 247 228 248 227 248 229 248 228 249 229 249 26 249 26 250 229 250 24 250 14 251 19 251 230 251 230 252 19 252 231 252 230 253 231 253 232 253 232 254 231 254 233 254 234 255 37 255 36 255 114 256 113 256 235 256 235 257 236 257 114 257 114 258 236 258 237 258 114 259 237 259 36 259 36 260 237 260 238 260 36 261 238 261 234 261 239 262 240 262 113 262 113 263 240 263 241 263 113 264 241 264 235 264 115 265 116 265 21 265 20 266 242 266 21 266 21 267 242 267 243 267 113 268 115 268 239 268 239 269 115 269 21 269 239 270 21 270 244 270 244 271 21 271 243 271 245 272 231 272 116 272 116 273 231 273 19 273 116 274 19 274 21 274 108 275 246 275 116 275 116 276 246 276 247 276 116 277 247 277 245 277 22 278 109 278 112 278 248 279 23 279 249 279 249 280 23 280 22 280 250 281 251 281 111 281 111 282 251 282 252 282 111 283 252 283 112 283 112 284 252 284 253 284 112 285 253 285 22 285 22 286 253 286 254 286 22 287 254 287 249 287 250 288 111 288 255 288 255 289 111 289 110 289 255 290 110 290 256 290 256 291 110 291 257 291 257 292 110 292 40 292 257 293 40 293 39 293 22 294 24 294 109 294 109 295 24 295 229 295 109 296 229 296 258 296 258 297 259 297 109 297 109 298 259 298 260 298 109 299 260 299 117 299 261 300 262 300 263 300 263 301 262 301 264 301 263 302 264 302 68 302 265 303 266 303 267 303 267 304 266 304 268 304 267 305 268 305 269 305 269 306 77 306 267 306 267 307 77 307 79 307 267 308 79 308 270 308 270 308 79 308 66 308 270 309 66 309 271 309 271 310 66 310 65 310 271 311 65 311 272 311 272 312 65 312 61 312 272 313 61 313 264 313 264 313 61 313 70 313 264 314 70 314 68 314 273 3 274 3 232 3 232 3 274 3 230 3 228 3 275 3 226 3 226 3 275 3 276 3 277 315 278 315 268 315 78 316 77 316 269 316 268 317 278 317 269 317 269 318 278 318 279 318 269 319 279 319 78 319 268 320 266 320 277 320 277 321 266 321 280 321 277 322 280 322 281 322 281 323 280 323 282 323 281 324 282 324 283 324 283 325 282 325 284 325 283 326 284 326 285 326 284 327 286 327 285 327 285 328 286 328 273 328 285 329 273 329 287 329 287 330 273 330 232 330 287 331 232 331 233 331 281 332 283 332 288 332 278 333 277 333 289 333 99 334 98 334 290 334 290 335 98 335 224 335 290 336 224 336 291 336 291 337 224 337 225 337 291 338 225 338 292 338 292 339 225 339 223 339 292 340 223 340 279 340 279 341 223 341 78 341 100 342 99 342 293 342 293 343 99 343 290 343 293 344 290 344 294 344 294 345 290 345 291 345 294 346 291 346 289 346 289 347 291 347 292 347 289 348 292 348 278 348 278 349 292 349 279 349 101 350 100 350 295 350 295 351 100 351 293 351 295 352 293 352 296 352 296 353 293 353 294 353 296 354 294 354 288 354 288 355 294 355 289 355 288 356 289 356 281 356 281 357 289 357 277 357 297 358 298 358 233 358 285 359 287 359 298 359 298 360 287 360 233 360 288 361 283 361 285 361 288 362 285 362 296 362 296 363 285 363 298 363 296 364 298 364 295 364 295 365 298 365 297 365 295 366 297 366 101 366 246 367 108 367 8 367 2 368 101 368 8 368 8 369 101 369 297 369 8 370 297 370 246 370 246 371 297 371 247 371 247 372 297 372 245 372 245 373 297 373 233 373 245 374 233 374 231 374 299 375 300 375 301 375 302 376 67 376 303 376 303 377 67 377 170 377 303 378 170 378 304 378 304 379 170 379 167 379 304 380 167 380 305 380 305 381 167 381 165 381 305 382 165 382 91 382 91 383 165 383 85 383 91 384 90 384 305 384 305 385 90 385 306 385 305 386 306 386 304 386 304 387 306 387 307 387 304 388 307 388 303 388 303 389 307 389 301 389 301 390 300 390 303 390 303 391 300 391 308 391 303 392 308 392 302 392 309 393 299 393 310 393 310 394 299 394 301 394 310 395 301 395 311 395 311 396 301 396 307 396 311 397 307 397 312 397 312 398 307 398 306 398 312 399 306 399 89 399 89 400 306 400 90 400 227 401 226 401 313 401 313 402 226 402 276 402 313 403 276 403 314 403 314 404 276 404 315 404 314 405 315 405 309 405 261 406 300 406 316 406 316 407 300 407 299 407 316 408 299 408 317 408 317 409 299 409 309 409 317 410 309 410 318 410 318 411 309 411 315 411 68 412 67 412 263 412 263 413 67 413 302 413 263 414 302 414 261 414 261 415 302 415 308 415 261 416 308 416 300 416 319 417 320 417 227 417 319 418 227 418 313 418 311 419 314 419 310 419 310 420 314 420 309 420 89 421 320 421 312 421 312 422 320 422 319 422 312 423 319 423 311 423 311 424 319 424 313 424 311 425 313 425 314 425 89 426 5 426 320 426 320 427 5 427 7 427 7 428 117 428 260 428 7 429 260 429 320 429 320 430 260 430 259 430 320 431 259 431 227 431 227 432 259 432 258 432 227 433 258 433 229 433 274 434 273 434 321 434 321 435 273 435 286 435 286 436 284 436 321 436 321 437 284 437 282 437 321 438 282 438 265 438 265 439 282 439 280 439 265 440 280 440 266 440 276 441 275 441 315 441 315 442 275 442 322 442 315 443 322 443 318 443 318 444 322 444 317 444 317 445 322 445 316 445 316 446 322 446 262 446 316 447 262 447 261 447 262 448 322 448 26 448 26 30 322 30 275 30 26 449 275 449 228 449 264 30 262 30 265 30 265 450 262 450 26 450 265 30 26 30 321 30 321 451 26 451 14 451 321 30 14 30 274 30 274 452 14 452 230 452 265 453 267 453 270 453 270 30 271 30 265 30 265 454 271 454 272 454 265 455 272 455 264 455 323 0 324 0 325 0 325 0 324 0 326 0 327 456 328 456 10 456 10 457 328 457 0 457 328 458 329 458 0 458 0 459 329 459 330 459 0 460 330 460 1 460 1 461 330 461 331 461 1 462 331 462 105 462 9 463 332 463 10 463 10 464 332 464 333 464 10 465 333 465 327 465 13 466 334 466 9 466 9 467 334 467 335 467 335 468 336 468 9 468 9 469 336 469 337 469 9 470 337 470 332 470 334 3 13 3 338 3 338 3 13 3 12 3 339 3 340 3 341 3 341 3 340 3 338 3 341 3 338 3 342 3 342 471 338 471 12 471 343 0 344 0 345 0 345 0 344 0 346 0 342 472 12 472 347 472 347 473 12 473 11 473 347 474 11 474 348 474 348 475 11 475 349 475 350 476 351 476 6 476 6 477 351 477 352 477 6 478 352 478 11 478 11 479 352 479 353 479 11 480 353 480 349 480 350 481 6 481 354 481 354 482 6 482 4 482 354 483 4 483 355 483 355 484 4 484 356 484 356 485 4 485 3 485 356 486 3 486 83 486 124 487 125 487 357 487 357 487 125 487 358 487 357 488 358 488 359 488 359 489 358 489 360 489 359 490 360 490 361 490 361 491 360 491 362 491 361 492 362 492 363 492 363 493 362 493 364 493 363 494 364 494 365 494 365 495 364 495 366 495 365 496 366 496 367 496 367 497 366 497 368 497 367 498 368 498 369 498 369 498 368 498 370 498 369 499 370 499 371 499 371 500 370 500 372 500 371 501 372 501 373 501 373 502 372 502 374 502 373 503 374 503 375 503 375 504 374 504 376 504 375 505 376 505 377 505 377 505 376 505 378 505 377 506 378 506 379 506 379 507 378 507 380 507 379 508 380 508 381 508 381 509 380 509 382 509 381 510 382 510 383 510 383 511 382 511 384 511 383 512 384 512 385 512 385 513 384 513 386 513 385 514 386 514 387 514 387 515 386 515 388 515 387 516 388 516 389 516 389 517 388 517 390 517 389 518 390 518 391 518 391 519 390 519 392 519 391 520 392 520 393 520 393 521 392 521 394 521 393 522 394 522 395 522 395 522 394 522 396 522 395 523 396 523 397 523 397 524 396 524 398 524 397 525 398 525 399 525 399 526 398 526 400 526 399 527 400 527 401 527 401 528 400 528 402 528 401 529 402 529 403 529 403 529 402 529 404 529 403 530 404 530 405 530 405 531 404 531 406 531 405 532 406 532 407 532 407 533 406 533 408 533 407 534 408 534 409 534 409 535 408 535 410 535 409 536 410 536 411 536 411 537 410 537 412 537 411 538 412 538 413 538 413 539 412 539 414 539 413 540 414 540 339 540 339 540 414 540 340 540 415 38 346 38 344 38 416 38 417 38 418 38 419 38 420 38 421 38 346 541 415 541 416 541 416 542 415 542 422 542 416 543 422 543 417 543 423 38 424 38 425 38 426 544 427 544 428 544 428 545 427 545 429 545 428 546 429 546 430 546 430 38 429 38 431 38 432 38 433 38 434 38 434 38 433 38 435 38 434 38 435 38 436 38 432 38 434 38 421 38 421 38 434 38 437 38 421 547 437 547 438 547 425 38 416 38 423 38 423 38 416 38 418 38 423 38 418 38 439 38 439 38 418 38 440 38 439 38 440 38 441 38 441 548 440 548 427 548 441 38 427 38 442 38 442 38 427 38 426 38 435 38 443 38 436 38 436 549 443 549 444 549 436 550 444 550 445 550 419 38 421 38 446 38 446 38 421 38 438 38 446 38 438 38 344 38 344 38 438 38 447 38 344 38 447 38 415 38 431 551 429 551 448 551 448 552 429 552 449 552 448 38 449 38 450 38 444 546 451 546 445 546 445 38 451 38 452 38 445 38 452 38 449 38 449 553 452 553 453 553 449 38 453 38 450 38 454 45 455 45 456 45 456 45 455 45 457 45 456 45 457 45 458 45 458 45 457 45 459 45 459 554 457 554 460 554 459 555 460 555 461 555 462 556 463 556 464 556 464 557 463 557 465 557 464 45 465 45 466 45 461 558 460 558 467 558 467 559 460 559 468 559 467 45 468 45 469 45 324 45 470 45 471 45 470 45 472 45 471 45 471 560 472 560 473 560 471 45 473 45 474 45 474 45 473 45 475 45 474 45 475 45 468 45 468 561 475 561 476 561 468 562 476 562 469 562 462 558 477 558 463 558 463 45 477 45 478 45 463 45 478 45 479 45 479 563 478 563 480 563 479 45 480 45 481 45 481 564 480 564 482 564 481 45 482 45 483 45 483 45 482 45 484 45 454 45 485 45 455 45 455 45 485 45 486 45 455 565 486 565 465 565 465 566 486 566 487 566 465 45 487 45 466 45 471 45 488 45 324 45 324 45 488 45 489 45 324 567 489 567 326 567 326 45 489 45 490 45 326 45 490 45 491 45 491 568 490 568 483 568 491 45 483 45 492 45 492 45 483 45 484 45 343 569 493 569 344 569 344 570 493 570 446 570 493 571 494 571 446 571 446 572 494 572 495 572 446 573 495 573 419 573 495 574 496 574 419 574 419 575 496 575 497 575 419 576 497 576 420 576 498 577 499 577 500 577 498 578 500 578 501 578 500 579 502 579 501 579 501 580 502 580 503 580 501 581 503 581 504 581 504 582 503 582 505 582 504 583 505 583 506 583 506 584 505 584 507 584 506 585 507 585 508 585 508 586 507 586 509 586 508 587 509 587 510 587 510 588 509 588 420 588 510 589 420 589 511 589 511 590 420 590 497 590 123 591 512 591 122 591 122 592 512 592 513 592 122 593 513 593 514 593 514 594 513 594 515 594 498 595 516 595 499 595 499 596 516 596 517 596 499 597 517 597 515 597 515 598 517 598 518 598 515 599 518 599 514 599 519 600 520 600 521 600 522 601 341 601 342 601 521 602 520 602 523 602 523 603 520 603 524 603 524 604 520 604 525 604 524 605 525 605 526 605 526 606 525 606 527 606 527 607 525 607 528 607 527 608 528 608 342 608 342 609 528 609 529 609 342 610 529 610 522 610 519 611 521 611 530 611 530 612 521 612 531 612 530 613 531 613 532 613 533 614 425 614 424 614 531 615 534 615 532 615 532 616 534 616 535 616 532 617 535 617 536 617 536 618 535 618 537 618 536 619 537 619 538 619 538 620 537 620 539 620 538 621 539 621 424 621 424 622 539 622 540 622 424 623 540 623 533 623 533 624 541 624 425 624 425 625 541 625 542 625 425 626 542 626 416 626 345 627 346 627 543 627 543 628 346 628 416 628 543 629 416 629 544 629 544 630 416 630 542 630 545 631 546 631 547 631 548 632 549 632 119 632 548 633 119 633 546 633 546 634 119 634 550 634 546 635 550 635 551 635 551 636 552 636 546 636 546 637 552 637 553 637 546 638 553 638 547 638 549 639 554 639 119 639 119 640 554 640 555 640 119 641 555 641 121 641 556 642 557 642 558 642 558 643 557 643 559 643 558 644 559 644 547 644 547 645 559 645 560 645 547 646 560 646 545 646 561 647 492 647 484 647 556 648 562 648 557 648 557 649 562 649 563 649 557 650 563 650 564 650 564 651 563 651 565 651 564 652 565 652 484 652 484 653 565 653 566 653 484 654 566 654 561 654 561 655 567 655 492 655 492 656 567 656 568 656 492 657 568 657 491 657 325 658 326 658 569 658 569 659 326 659 491 659 569 660 491 660 570 660 570 661 491 661 568 661 323 662 571 662 324 662 324 663 571 663 470 663 571 664 572 664 470 664 470 665 572 665 573 665 470 666 573 666 472 666 473 667 574 667 575 667 575 668 574 668 576 668 575 669 576 669 577 669 573 670 578 670 472 670 472 671 578 671 579 671 472 672 579 672 473 672 473 673 579 673 580 673 473 674 580 674 574 674 581 675 582 675 583 675 583 676 582 676 584 676 583 677 584 677 585 677 585 678 584 678 586 678 585 679 586 679 587 679 587 680 586 680 577 680 587 681 577 681 588 681 588 682 577 682 576 682 334 683 338 683 589 683 581 684 583 684 590 684 590 685 583 685 591 685 590 686 591 686 592 686 589 687 593 687 334 687 334 688 593 688 594 688 334 689 594 689 595 689 595 690 594 690 590 690 595 691 590 691 596 691 596 692 590 692 592 692 511 693 597 693 598 693 158 694 599 694 159 694 159 695 599 695 600 695 514 696 518 696 601 696 601 697 518 697 517 697 601 698 517 698 602 698 602 699 517 699 516 699 602 700 516 700 603 700 603 701 516 701 498 701 603 702 498 702 604 702 149 703 148 703 605 703 605 704 148 704 147 704 605 705 147 705 606 705 606 706 147 706 163 706 606 707 163 707 607 707 607 708 163 708 162 708 607 709 162 709 600 709 600 710 162 710 160 710 600 711 160 711 159 711 498 712 501 712 604 712 604 713 501 713 504 713 604 714 504 714 608 714 608 715 504 715 506 715 608 716 506 716 609 716 609 717 506 717 508 717 609 718 508 718 598 718 598 719 508 719 510 719 598 720 510 720 511 720 511 721 497 721 610 721 511 722 610 722 597 722 597 723 610 723 611 723 597 724 611 724 612 724 122 725 514 725 158 725 158 726 514 726 601 726 158 727 601 727 599 727 599 728 601 728 602 728 599 729 602 729 600 729 600 730 602 730 603 730 600 731 603 731 607 731 607 732 603 732 604 732 607 733 604 733 606 733 606 734 604 734 608 734 606 735 608 735 605 735 605 736 608 736 609 736 605 737 609 737 613 737 613 738 609 738 598 738 613 739 598 739 614 739 614 740 598 740 597 740 614 741 597 741 615 741 615 742 597 742 612 742 615 743 612 743 616 743 149 744 605 744 151 744 151 745 605 745 613 745 151 746 613 746 153 746 153 747 613 747 614 747 153 748 614 748 155 748 155 749 614 749 615 749 155 750 615 750 156 750 156 751 615 751 616 751 156 752 616 752 86 752 495 753 494 753 617 753 617 754 494 754 493 754 617 755 493 755 343 755 343 756 618 756 617 756 617 757 618 757 619 757 617 758 619 758 620 758 497 759 496 759 610 759 610 760 496 760 621 760 610 761 621 761 611 761 611 762 621 762 622 762 611 763 622 763 612 763 612 764 622 764 623 764 612 765 623 765 616 765 616 766 623 766 87 766 616 767 87 767 86 767 496 768 495 768 621 768 621 769 495 769 617 769 621 770 617 770 622 770 622 771 617 771 620 771 622 772 620 772 623 772 623 773 620 773 624 773 623 774 624 774 87 774 87 775 624 775 92 775 619 776 625 776 620 776 620 777 625 777 626 777 620 778 626 778 624 778 624 779 626 779 627 779 624 780 627 780 92 780 92 781 627 781 93 781 94 782 93 782 628 782 628 783 93 783 627 783 628 784 627 784 629 784 629 785 627 785 626 785 629 786 626 786 630 786 630 787 626 787 625 787 630 788 625 788 631 788 631 789 625 789 619 789 631 790 619 790 632 790 632 791 619 791 618 791 632 792 618 792 345 792 345 793 618 793 343 793 541 794 533 794 633 794 544 795 542 795 634 795 634 796 542 796 541 796 345 797 543 797 632 797 632 798 543 798 635 798 632 799 635 799 631 799 631 800 635 800 636 800 541 801 633 801 634 801 634 802 633 802 637 802 634 803 637 803 638 803 639 804 629 804 636 804 636 805 629 805 630 805 636 806 630 806 631 806 88 807 94 807 639 807 639 808 94 808 628 808 639 809 628 809 629 809 543 810 544 810 635 810 635 811 544 811 634 811 635 812 634 812 636 812 636 813 634 813 638 813 636 814 638 814 639 814 639 815 638 815 640 815 639 816 640 816 88 816 88 817 640 817 82 817 637 818 641 818 638 818 638 819 641 819 642 819 638 820 642 820 640 820 640 821 642 821 83 821 640 822 83 822 82 822 353 823 352 823 643 823 342 824 347 824 527 824 527 825 347 825 644 825 527 826 644 826 645 826 645 827 644 827 646 827 645 828 646 828 647 828 527 829 645 829 526 829 526 830 645 830 647 830 526 831 647 831 524 831 353 832 643 832 349 832 347 833 348 833 644 833 644 834 348 834 349 834 644 835 349 835 646 835 646 836 349 836 643 836 646 837 643 837 647 837 647 838 643 838 648 838 647 839 648 839 524 839 531 840 521 840 648 840 648 841 521 841 523 841 648 842 523 842 524 842 351 843 350 843 649 843 649 844 350 844 650 844 649 845 650 845 651 845 651 846 650 846 652 846 350 847 354 847 650 847 650 848 354 848 653 848 650 849 653 849 652 849 652 850 653 850 654 850 352 851 351 851 643 851 643 852 351 852 649 852 643 853 649 853 648 853 648 854 649 854 651 854 648 855 651 855 531 855 531 856 651 856 652 856 531 857 652 857 534 857 534 858 652 858 654 858 539 859 537 859 654 859 654 860 537 860 535 860 654 861 535 861 534 861 655 862 656 862 657 862 657 863 656 863 658 863 83 864 656 864 356 864 356 865 656 865 655 865 356 866 655 866 355 866 83 867 642 867 656 867 656 868 642 868 641 868 656 869 641 869 658 869 658 870 641 870 637 870 658 871 637 871 633 871 354 872 355 872 653 872 653 873 355 873 655 873 653 874 655 874 654 874 654 875 655 875 657 875 654 876 657 876 539 876 539 877 657 877 658 877 539 878 658 878 540 878 540 879 658 879 633 879 540 880 633 880 533 880 580 881 659 881 660 881 335 882 661 882 336 882 336 883 661 883 662 883 336 884 662 884 337 884 595 885 596 885 663 885 663 886 596 886 592 886 663 887 592 887 664 887 664 888 592 888 591 888 664 889 591 889 665 889 665 890 591 890 583 890 665 891 583 891 666 891 583 892 585 892 666 892 666 893 585 893 587 893 666 894 587 894 667 894 667 895 587 895 588 895 667 896 588 896 668 896 668 897 588 897 576 897 668 898 576 898 660 898 660 899 576 899 574 899 660 900 574 900 580 900 580 901 579 901 669 901 580 902 669 902 659 902 659 903 669 903 670 903 659 904 670 904 671 904 334 905 595 905 335 905 335 906 595 906 663 906 335 907 663 907 661 907 661 908 663 908 664 908 661 909 664 909 662 909 662 910 664 910 665 910 662 911 665 911 672 911 672 912 665 912 666 912 672 913 666 913 673 913 673 914 666 914 667 914 673 915 667 915 674 915 674 916 667 916 668 916 674 917 668 917 675 917 675 918 668 918 660 918 675 919 660 919 676 919 676 920 660 920 659 920 676 921 659 921 677 921 677 922 659 922 671 922 677 923 671 923 678 923 337 924 662 924 332 924 332 925 662 925 672 925 332 926 672 926 333 926 333 927 672 927 673 927 333 928 673 928 327 928 327 929 673 929 674 929 327 930 674 930 328 930 328 931 674 931 675 931 328 932 675 932 329 932 329 933 675 933 676 933 329 934 676 934 330 934 330 935 676 935 677 935 330 936 677 936 331 936 331 937 677 937 678 937 331 938 678 938 105 938 573 939 572 939 679 939 679 940 572 940 571 940 679 941 571 941 323 941 323 942 680 942 679 942 679 943 680 943 681 943 679 944 681 944 682 944 579 945 578 945 669 945 669 946 578 946 683 946 669 947 683 947 670 947 670 948 683 948 684 948 670 949 684 949 671 949 671 950 684 950 685 950 671 951 685 951 678 951 678 952 685 952 106 952 678 953 106 953 105 953 578 954 573 954 683 954 683 955 573 955 679 955 683 956 679 956 684 956 684 957 679 957 682 957 684 958 682 958 685 958 685 959 682 959 686 959 685 960 686 960 106 960 106 961 686 961 107 961 681 962 687 962 682 962 682 963 687 963 688 963 682 964 688 964 686 964 686 965 688 965 689 965 686 966 689 966 107 966 107 967 689 967 95 967 96 968 95 968 690 968 690 969 95 969 689 969 690 970 689 970 691 970 691 971 689 971 688 971 691 972 688 972 692 972 692 973 688 973 687 973 692 974 687 974 693 974 693 975 687 975 681 975 693 976 681 976 694 976 694 977 681 977 680 977 694 978 680 978 325 978 325 979 680 979 323 979 567 980 561 980 695 980 570 981 568 981 696 981 696 982 568 982 567 982 325 983 569 983 694 983 694 984 569 984 697 984 694 985 697 985 693 985 693 986 697 986 698 986 567 987 695 987 696 987 696 988 695 988 699 988 696 989 699 989 700 989 701 990 691 990 698 990 698 991 691 991 692 991 698 992 692 992 693 992 102 993 96 993 701 993 701 994 96 994 690 994 701 995 690 995 691 995 569 996 570 996 697 996 697 997 570 997 696 997 697 998 696 998 698 998 698 999 696 999 700 999 698 1000 700 1000 701 1000 701 1001 700 1001 702 1001 701 1002 702 1002 102 1002 102 1003 702 1003 103 1003 699 1004 703 1004 700 1004 700 1005 703 1005 704 1005 700 1006 704 1006 702 1006 702 1007 704 1007 104 1007 702 1008 104 1008 103 1008 130 1009 132 1009 705 1009 119 1010 126 1010 550 1010 550 1011 126 1011 706 1011 550 1012 706 1012 707 1012 707 1013 706 1013 708 1013 707 1014 708 1014 709 1014 550 1015 707 1015 551 1015 551 1016 707 1016 709 1016 551 1017 709 1017 552 1017 130 1018 705 1018 129 1018 126 1019 128 1019 706 1019 706 1020 128 1020 129 1020 706 1021 129 1021 708 1021 708 1022 129 1022 705 1022 708 1023 705 1023 709 1023 709 1024 705 1024 710 1024 709 1025 710 1025 552 1025 558 1026 547 1026 710 1026 710 1027 547 1027 553 1027 710 1028 553 1028 552 1028 134 1029 135 1029 711 1029 711 1030 135 1030 712 1030 711 1031 712 1031 713 1031 713 1032 712 1032 714 1032 135 1033 137 1033 712 1033 712 1034 137 1034 715 1034 712 1035 715 1035 714 1035 714 1036 715 1036 716 1036 132 1037 134 1037 705 1037 705 1038 134 1038 711 1038 705 1039 711 1039 710 1039 710 1040 711 1040 713 1040 710 1041 713 1041 558 1041 558 1042 713 1042 714 1042 558 1043 714 1043 556 1043 556 1044 714 1044 716 1044 138 1045 140 1045 717 1045 565 1046 563 1046 716 1046 716 1047 563 1047 562 1047 716 1048 562 1048 556 1048 717 1049 718 1049 719 1049 719 1050 718 1050 720 1050 140 1051 142 1051 717 1051 717 1052 142 1052 144 1052 717 1053 144 1053 718 1053 718 1054 144 1054 104 1054 104 1055 704 1055 718 1055 718 1056 704 1056 703 1056 718 1057 703 1057 720 1057 720 1058 703 1058 699 1058 720 1059 699 1059 695 1059 137 1060 138 1060 715 1060 715 1061 138 1061 717 1061 715 1062 717 1062 716 1062 716 1063 717 1063 719 1063 716 1064 719 1064 565 1064 565 1065 719 1065 720 1065 565 1066 720 1066 566 1066 566 1067 720 1067 695 1067 566 1068 695 1068 561 1068 415 1069 489 1069 422 1069 422 1070 489 1070 488 1070 422 1071 488 1071 417 1071 417 1072 488 1072 471 1072 417 1073 471 1073 418 1073 418 1074 471 1074 474 1074 418 52 474 52 440 52 440 52 474 52 468 52 440 1075 468 1075 427 1075 427 1076 468 1076 460 1076 427 1077 460 1077 429 1077 429 1078 460 1078 457 1078 429 1079 457 1079 449 1079 449 1080 457 1080 455 1080 449 1081 455 1081 445 1081 445 1082 455 1082 465 1082 445 1083 465 1083 436 1083 436 1084 465 1084 463 1084 436 1085 463 1085 434 1085 434 1086 463 1086 479 1086 434 3 479 3 437 3 437 3 479 3 481 3 437 1087 481 1087 438 1087 438 1088 481 1088 483 1088 438 1089 483 1089 447 1089 447 1090 483 1090 490 1090 447 1091 490 1091 415 1091 415 1092 490 1092 489 1092 721 1093 560 1093 559 1093 564 1094 484 1094 482 1094 559 1095 557 1095 721 1095 721 1096 557 1096 564 1096 721 1097 564 1097 722 1097 722 1098 564 1098 482 1098 545 1099 723 1099 546 1099 546 1100 723 1100 548 1100 560 1101 721 1101 545 1101 545 1102 721 1102 724 1102 545 1103 724 1103 723 1103 121 1104 555 1104 125 1104 125 1105 555 1105 554 1105 125 1106 554 1106 549 1106 548 1107 723 1107 549 1107 549 1108 723 1108 725 1108 549 1109 725 1109 125 1109 412 1110 410 1110 726 1110 378 1111 376 1111 727 1111 374 1112 372 1112 728 1112 721 1113 722 1113 729 1113 730 1114 476 1114 475 1114 722 1115 482 1115 480 1115 722 1116 480 1116 729 1116 729 1117 480 1117 478 1117 729 1118 478 1118 731 1118 731 1119 478 1119 477 1119 731 1120 477 1120 732 1120 732 1121 477 1121 462 1121 732 1122 462 1122 733 1122 723 1123 724 1123 734 1123 734 1124 724 1124 721 1124 721 1125 729 1125 734 1125 734 1126 729 1126 731 1126 734 1127 731 1127 735 1127 735 1128 731 1128 732 1128 735 1129 732 1129 736 1129 736 1130 732 1130 733 1130 736 1131 733 1131 737 1131 475 1132 738 1132 730 1132 730 1133 738 1133 739 1133 730 1134 739 1134 740 1134 723 1135 734 1135 741 1135 741 1136 734 1136 735 1136 741 1137 735 1137 742 1137 742 1138 735 1138 736 1138 742 1139 736 1139 743 1139 743 1140 736 1140 737 1140 743 1141 737 1141 744 1141 486 1142 485 1142 745 1142 745 1143 485 1143 746 1143 745 1144 746 1144 747 1144 747 1145 746 1145 748 1145 747 1146 748 1146 749 1146 749 1147 748 1147 750 1147 485 1148 454 1148 746 1148 746 1149 454 1149 751 1149 746 1150 751 1150 748 1150 748 1151 751 1151 752 1151 748 1152 752 1152 750 1152 750 1153 752 1153 753 1153 454 1154 456 1154 751 1154 751 1155 456 1155 754 1155 751 1156 754 1156 752 1156 752 1157 754 1157 755 1157 752 1158 755 1158 753 1158 753 1159 755 1159 756 1159 458 1160 459 1160 757 1160 757 1161 459 1161 758 1161 757 1162 758 1162 759 1162 759 1163 758 1163 760 1163 759 1164 760 1164 761 1164 761 1165 760 1165 762 1165 459 1166 461 1166 758 1166 758 1167 461 1167 763 1167 758 1168 763 1168 760 1168 760 1169 763 1169 764 1169 760 1170 764 1170 762 1170 762 1171 764 1171 765 1171 461 1172 467 1172 763 1172 763 1173 467 1173 766 1173 763 1174 766 1174 764 1174 764 1175 766 1175 767 1175 764 1176 767 1176 765 1176 765 1177 767 1177 768 1177 358 1178 125 1178 741 1178 741 1179 125 1179 725 1179 741 1180 725 1180 723 1180 370 1181 368 1181 744 1181 744 1182 368 1182 366 1182 744 1183 366 1183 743 1183 743 1184 366 1184 364 1184 743 1185 364 1185 742 1185 742 1186 364 1186 362 1186 742 1187 362 1187 741 1187 741 1188 362 1188 360 1188 741 1189 360 1189 358 1189 372 1190 370 1190 728 1190 728 1191 370 1191 744 1191 728 1192 744 1192 769 1192 769 1193 744 1193 737 1193 769 1194 737 1194 770 1194 770 1195 737 1195 733 1195 770 1196 733 1196 464 1196 464 1197 733 1197 462 1197 376 1198 374 1198 727 1198 727 1199 374 1199 728 1199 727 1200 728 1200 771 1200 771 1201 728 1201 769 1201 771 1202 769 1202 772 1202 772 1203 769 1203 770 1203 772 1204 770 1204 466 1204 466 1205 770 1205 464 1205 380 1206 378 1206 773 1206 773 1207 378 1207 727 1207 773 1208 727 1208 774 1208 774 1209 727 1209 771 1209 774 1210 771 1210 775 1210 775 1211 771 1211 772 1211 775 1212 772 1212 487 1212 487 1213 772 1213 466 1213 487 1214 486 1214 775 1214 775 1215 486 1215 745 1215 775 1216 745 1216 774 1216 774 1217 745 1217 747 1217 774 1218 747 1218 773 1218 773 1219 747 1219 749 1219 773 1220 749 1220 380 1220 380 1221 749 1221 382 1221 394 1222 392 1222 756 1222 756 1223 392 1223 390 1223 756 1224 390 1224 753 1224 753 1225 390 1225 388 1225 753 1226 388 1226 750 1226 750 1227 388 1227 386 1227 750 1228 386 1228 749 1228 749 1229 386 1229 384 1229 749 1230 384 1230 382 1230 396 1231 394 1231 761 1231 761 1232 394 1232 756 1232 761 1233 756 1233 759 1233 759 1234 756 1234 755 1234 759 1235 755 1235 757 1235 757 1236 755 1236 754 1236 757 1237 754 1237 458 1237 458 1238 754 1238 456 1238 408 1239 406 1239 768 1239 768 1240 406 1240 404 1240 768 1241 404 1241 765 1241 765 1242 404 1242 402 1242 765 1243 402 1243 762 1243 762 1244 402 1244 400 1244 762 1245 400 1245 761 1245 761 1246 400 1246 398 1246 761 1247 398 1247 396 1247 410 1248 408 1248 726 1248 726 1249 408 1249 768 1249 726 1250 768 1250 776 1250 776 1251 768 1251 767 1251 776 1252 767 1252 777 1252 777 1253 767 1253 766 1253 777 1254 766 1254 469 1254 469 1255 766 1255 467 1255 414 1256 412 1256 778 1256 778 1257 412 1257 726 1257 778 1258 726 1258 740 1258 740 1259 726 1259 776 1259 740 1260 776 1260 730 1260 730 1261 776 1261 777 1261 730 1262 777 1262 476 1262 476 1263 777 1263 469 1263 739 1264 779 1264 740 1264 740 1265 779 1265 780 1265 740 1266 780 1266 778 1266 778 1267 780 1267 781 1267 778 1268 781 1268 414 1268 414 1269 781 1269 340 1269 780 1270 594 1270 781 1270 781 1271 594 1271 593 1271 781 1272 593 1272 340 1272 340 1273 593 1273 589 1273 340 1274 589 1274 338 1274 475 1275 473 1275 738 1275 738 1276 473 1276 575 1276 738 1277 575 1277 739 1277 739 1278 575 1278 577 1278 739 1279 577 1279 586 1279 586 1280 584 1280 739 1280 739 1281 584 1281 582 1281 739 1282 582 1282 779 1282 779 1283 582 1283 581 1283 779 1284 581 1284 780 1284 780 1285 581 1285 590 1285 780 1286 590 1286 594 1286 782 1287 530 1287 532 1287 538 1288 424 1288 423 1288 532 1289 536 1289 782 1289 782 1290 536 1290 538 1290 782 1291 538 1291 783 1291 783 1292 538 1292 423 1292 519 1293 784 1293 520 1293 520 1294 784 1294 525 1294 530 1295 782 1295 519 1295 519 1296 782 1296 785 1296 519 1297 785 1297 784 1297 341 1298 522 1298 339 1298 339 1299 522 1299 529 1299 339 1300 529 1300 528 1300 525 1301 784 1301 528 1301 528 1302 784 1302 786 1302 528 1303 786 1303 339 1303 359 1304 361 1304 787 1304 393 1305 395 1305 788 1305 397 1306 399 1306 789 1306 782 1307 783 1307 790 1307 791 1308 432 1308 421 1308 783 1309 423 1309 439 1309 783 1310 439 1310 790 1310 790 1311 439 1311 441 1311 790 1312 441 1312 792 1312 792 1313 441 1313 442 1313 792 1314 442 1314 793 1314 793 1315 442 1315 426 1315 793 1316 426 1316 794 1316 784 1317 785 1317 795 1317 795 1318 785 1318 782 1318 782 1319 790 1319 795 1319 795 1320 790 1320 792 1320 795 1321 792 1321 796 1321 796 1322 792 1322 793 1322 796 1323 793 1323 797 1323 797 1324 793 1324 794 1324 797 1325 794 1325 798 1325 421 1326 799 1326 791 1326 791 1327 799 1327 800 1327 791 1328 800 1328 801 1328 784 1329 795 1329 802 1329 802 1330 795 1330 796 1330 802 1331 796 1331 803 1331 803 1332 796 1332 797 1332 803 1333 797 1333 804 1333 804 1334 797 1334 798 1334 804 1335 798 1335 805 1335 448 1336 450 1336 806 1336 806 1337 450 1337 807 1337 806 1338 807 1338 808 1338 808 1339 807 1339 809 1339 808 1340 809 1340 810 1340 810 1341 809 1341 811 1341 450 1342 453 1342 807 1342 807 1343 453 1343 812 1343 807 1344 812 1344 809 1344 809 1345 812 1345 813 1345 809 1346 813 1346 811 1346 811 1347 813 1347 814 1347 453 1348 452 1348 812 1348 812 1349 452 1349 815 1349 812 1350 815 1350 813 1350 813 1351 815 1351 816 1351 813 1352 816 1352 814 1352 814 1353 816 1353 817 1353 451 1354 444 1354 818 1354 818 1355 444 1355 819 1355 818 1356 819 1356 820 1356 820 1357 819 1357 821 1357 820 1358 821 1358 822 1358 822 1359 821 1359 823 1359 444 1360 443 1360 819 1360 819 1361 443 1361 824 1361 819 1362 824 1362 821 1362 821 1363 824 1363 825 1363 821 1364 825 1364 823 1364 823 1365 825 1365 826 1365 443 1366 435 1366 824 1366 824 1367 435 1367 827 1367 824 1368 827 1368 825 1368 825 1369 827 1369 828 1369 825 1370 828 1370 826 1370 826 1371 828 1371 829 1371 413 1372 339 1372 802 1372 802 1373 339 1373 786 1373 802 1374 786 1374 784 1374 401 1375 403 1375 805 1375 805 1376 403 1376 405 1376 805 1377 405 1377 804 1377 804 1378 405 1378 407 1378 804 1379 407 1379 803 1379 803 1380 407 1380 409 1380 803 1381 409 1381 802 1381 802 1382 409 1382 411 1382 802 1383 411 1383 413 1383 399 1384 401 1384 789 1384 789 1385 401 1385 805 1385 789 1386 805 1386 830 1386 830 1387 805 1387 798 1387 830 1388 798 1388 831 1388 831 1389 798 1389 794 1389 831 1390 794 1390 428 1390 428 1391 794 1391 426 1391 395 1392 397 1392 788 1392 788 1393 397 1393 789 1393 788 1394 789 1394 832 1394 832 1395 789 1395 830 1395 832 1396 830 1396 833 1396 833 1397 830 1397 831 1397 833 1398 831 1398 430 1398 430 1399 831 1399 428 1399 391 1400 393 1400 834 1400 834 1401 393 1401 788 1401 834 1402 788 1402 835 1402 835 1403 788 1403 832 1403 835 1404 832 1404 836 1404 836 1405 832 1405 833 1405 836 1406 833 1406 431 1406 431 1407 833 1407 430 1407 431 1408 448 1408 836 1408 836 1409 448 1409 806 1409 836 1410 806 1410 835 1410 835 1411 806 1411 808 1411 835 1412 808 1412 834 1412 834 1413 808 1413 810 1413 834 1414 810 1414 391 1414 391 1415 810 1415 389 1415 377 1416 379 1416 817 1416 817 1417 379 1417 381 1417 817 1418 381 1418 814 1418 814 1419 381 1419 383 1419 814 1420 383 1420 811 1420 811 1421 383 1421 385 1421 811 1422 385 1422 810 1422 810 1423 385 1423 387 1423 810 1424 387 1424 389 1424 375 1425 377 1425 822 1425 822 1426 377 1426 817 1426 822 1427 817 1427 820 1427 820 1428 817 1428 816 1428 820 1429 816 1429 818 1429 818 1430 816 1430 815 1430 818 1431 815 1431 451 1431 451 1432 815 1432 452 1432 363 1433 365 1433 829 1433 829 1434 365 1434 367 1434 829 1435 367 1435 826 1435 826 1436 367 1436 369 1436 826 1437 369 1437 823 1437 823 1438 369 1438 371 1438 823 1439 371 1439 822 1439 822 1440 371 1440 373 1440 822 1441 373 1441 375 1441 361 1442 363 1442 787 1442 787 1443 363 1443 829 1443 787 1444 829 1444 837 1444 837 1445 829 1445 828 1445 837 1446 828 1446 838 1446 838 1447 828 1447 827 1447 838 1448 827 1448 433 1448 433 1449 827 1449 435 1449 357 1450 359 1450 839 1450 839 1451 359 1451 787 1451 839 1452 787 1452 801 1452 801 1453 787 1453 837 1453 801 1454 837 1454 791 1454 791 1455 837 1455 838 1455 791 1456 838 1456 432 1456 432 1457 838 1457 433 1457 800 1458 840 1458 801 1458 801 1459 840 1459 841 1459 801 1460 841 1460 839 1460 839 1461 841 1461 842 1461 839 1462 842 1462 357 1462 357 1463 842 1463 124 1463 841 1464 515 1464 842 1464 842 1465 515 1465 513 1465 842 1466 513 1466 124 1466 124 1467 513 1467 512 1467 124 1468 512 1468 123 1468 421 1469 420 1469 799 1469 799 1470 420 1470 509 1470 799 1471 509 1471 800 1471 800 1472 509 1472 507 1472 800 1473 507 1473 505 1473 505 1474 503 1474 800 1474 800 1475 503 1475 502 1475 800 1476 502 1476 840 1476 840 1477 502 1477 500 1477 840 1478 500 1478 841 1478 841 1479 500 1479 499 1479 841 1480 499 1480 515 1480 843 1481 844 1481 845 1481 845 1482 844 1482 846 1482 847 1483 848 1483 849 1483 849 1484 848 1484 850 1484 849 1485 850 1485 844 1485 844 1486 850 1486 851 1486 844 1487 851 1487 846 1487 852 1488 853 1488 854 1488 855 1489 856 1489 857 1489 857 1490 856 1490 858 1490 854 1491 859 1491 852 1491 852 1492 859 1492 860 1492 852 1493 860 1493 861 1493 861 1494 860 1494 862 1494 861 1495 862 1495 855 1495 855 1496 862 1496 863 1496 855 1497 863 1497 856 1497 25 1498 864 1498 865 1498 864 38 25 38 866 38 866 38 25 38 23 38 866 38 23 38 867 38 867 38 23 38 248 38 867 38 248 38 868 38 865 38 869 38 25 38 25 38 869 38 870 38 25 38 870 38 871 38 872 45 873 45 874 45 18 45 875 45 876 45 877 45 242 45 878 45 878 45 242 45 20 45 876 45 872 45 18 45 18 1499 872 1499 874 1499 18 45 874 45 20 45 20 45 874 45 879 45 20 45 879 45 878 45 880 1500 881 1500 882 1500 883 1501 884 1501 885 1501 883 1502 885 1502 886 1502 886 1503 885 1503 887 1503 886 1504 887 1504 888 1504 888 1505 887 1505 889 1505 888 1506 889 1506 890 1506 890 1507 889 1507 891 1507 890 1508 891 1508 892 1508 893 1509 894 1509 895 1509 895 1510 894 1510 896 1510 895 1511 896 1511 897 1511 893 1512 898 1512 894 1512 894 1513 898 1513 899 1513 894 1514 899 1514 900 1514 891 1515 901 1515 892 1515 892 1516 901 1516 902 1516 892 1517 902 1517 903 1517 903 1518 902 1518 904 1518 903 1519 904 1519 905 1519 905 1520 904 1520 906 1520 905 1521 906 1521 907 1521 907 1522 906 1522 908 1522 907 1523 908 1523 909 1523 909 1524 908 1524 900 1524 909 1525 900 1525 910 1525 910 1526 900 1526 899 1526 911 1527 912 1527 913 1527 913 1528 912 1528 914 1528 913 1529 914 1529 896 1529 896 1530 914 1530 915 1530 896 1531 915 1531 897 1531 916 1532 917 1532 918 1532 918 1533 917 1533 919 1533 918 1534 919 1534 911 1534 911 1535 919 1535 920 1535 911 1536 920 1536 912 1536 921 1537 922 1537 923 1537 923 1538 922 1538 924 1538 923 1539 924 1539 882 1539 882 1540 924 1540 925 1540 882 1541 925 1541 880 1541 926 1542 927 1542 921 1542 921 1543 927 1543 928 1543 921 1544 928 1544 922 1544 929 1545 930 1545 931 1545 929 1546 931 1546 932 1546 932 1547 931 1547 933 1547 932 1548 933 1548 934 1548 934 1549 933 1549 935 1549 934 1550 935 1550 936 1550 937 1551 938 1551 939 1551 939 1552 940 1552 937 1552 937 1553 940 1553 941 1553 937 1554 941 1554 926 1554 926 1555 941 1555 942 1555 926 1556 942 1556 927 1556 935 1557 943 1557 936 1557 936 1558 943 1558 944 1558 936 1559 944 1559 945 1559 945 1560 944 1560 946 1560 945 1561 946 1561 947 1561 947 1562 946 1562 948 1562 947 1563 948 1563 949 1563 949 1564 948 1564 950 1564 949 1565 950 1565 951 1565 951 1566 950 1566 952 1566 951 1567 952 1567 953 1567 953 1568 952 1568 954 1568 953 1569 954 1569 955 1569 900 1570 956 1570 894 1570 894 1571 956 1571 957 1571 894 1572 957 1572 958 1572 957 1573 959 1573 958 1573 958 1574 959 1574 960 1574 958 1575 960 1575 961 1575 960 1576 962 1576 961 1576 961 1577 962 1577 963 1577 961 1578 963 1578 964 1578 963 1579 965 1579 964 1579 964 1580 965 1580 966 1580 964 1581 966 1581 967 1581 968 1582 969 1582 970 1582 970 1583 969 1583 967 1583 970 1584 967 1584 971 1584 971 1585 967 1585 966 1585 930 1586 938 1586 931 1586 931 1587 938 1587 937 1587 931 1588 937 1588 972 1588 972 1589 937 1589 969 1589 972 1590 969 1590 973 1590 973 1591 969 1591 968 1591 974 1592 975 1592 976 1592 976 1593 975 1593 977 1593 976 1594 977 1594 978 1594 979 30 980 30 981 30 981 1595 980 1595 982 1595 981 1596 982 1596 983 1596 983 30 982 30 984 30 983 30 984 30 985 30 985 30 984 30 986 30 985 30 986 30 987 30 987 30 986 30 988 30 987 1597 988 1597 989 1597 989 30 988 30 990 30 989 30 990 30 978 30 991 30 992 30 974 30 974 30 992 30 993 30 974 30 993 30 975 30 975 30 993 30 994 30 975 30 994 30 995 30 995 1598 994 1598 996 1598 995 1599 996 1599 997 1599 997 30 996 30 998 30 997 30 998 30 999 30 999 30 998 30 1000 30 999 30 1000 30 1001 30 1001 30 1000 30 1002 30 1001 30 1002 30 1003 30 1003 30 1002 30 1004 30 1003 30 1004 30 979 30 979 1600 1004 1600 1005 1600 979 30 1005 30 980 30 990 30 1006 30 978 30 978 30 1006 30 1007 30 978 1601 1007 1601 976 1601 976 30 1007 30 1008 30 976 30 1008 30 1009 30 1010 1602 1011 1602 1012 1602 1012 1603 1011 1603 1013 1603 1012 1604 1013 1604 1014 1604 1015 1605 1016 1605 1017 1605 1017 1606 1016 1606 1018 1606 1017 1607 1018 1607 1013 1607 1013 1608 1018 1608 1019 1608 1013 1609 1019 1609 1014 1609 1020 1610 1021 1610 1022 1610 992 1611 991 1611 1020 1611 1021 1612 1023 1612 1022 1612 1022 1613 1023 1613 1024 1613 1022 1614 1024 1614 1025 1614 1025 1615 1024 1615 1026 1615 1025 1616 1026 1616 1010 1616 1010 1617 1026 1617 1027 1617 1010 1618 1027 1618 1011 1618 1020 1619 1022 1619 992 1619 992 1620 1022 1620 1028 1620 992 1621 1028 1621 993 1621 1028 1622 1029 1622 993 1622 993 1623 1029 1623 1030 1623 993 1624 1030 1624 994 1624 1031 1625 996 1625 1032 1625 1032 1626 996 1626 994 1626 1032 1627 994 1627 1033 1627 1033 1628 994 1628 1030 1628 1034 1629 1009 1629 1008 1629 1035 1630 1036 1630 1037 1630 1037 1631 1036 1631 1038 1631 1038 1632 1036 1632 1039 1632 1038 1633 1039 1633 1040 1633 1034 1634 1008 1634 1041 1634 1042 1635 1043 1635 1044 1635 1044 1636 1043 1636 1045 1636 1044 1637 1045 1637 1046 1637 1042 1638 1044 1638 1047 1638 1047 1639 1044 1639 1048 1639 1047 1640 1048 1640 1049 1640 1037 1641 1050 1641 1035 1641 1035 1642 1050 1642 1051 1642 1035 1643 1051 1643 1048 1643 1048 1644 1051 1644 1052 1644 1048 1645 1052 1645 1049 1645 1040 1646 1041 1646 1038 1646 1038 1647 1041 1647 1008 1647 1038 1648 1008 1648 1053 1648 1053 1649 1008 1649 1007 1649 1053 1650 1007 1650 1054 1650 1054 1651 1007 1651 1055 1651 1055 1652 1007 1652 1006 1652 1055 1653 1006 1653 1056 1653 1056 1654 1006 1654 1057 1654 1057 1655 1006 1655 990 1655 1057 1656 990 1656 1058 1656 955 1657 954 1657 1059 1657 1059 1658 954 1658 1060 1658 1061 1659 1062 1659 1063 1659 1063 1660 1064 1660 1061 1660 1061 1661 1064 1661 1065 1661 1061 1662 1065 1662 1060 1662 1060 1663 1065 1663 1066 1663 1060 1664 1066 1664 1059 1664 1067 1665 882 1665 881 1665 881 1666 1068 1666 1067 1666 1067 1667 1068 1667 1069 1667 1067 1668 1069 1668 1062 1668 1062 1669 1069 1669 1070 1669 1062 1670 1070 1670 1063 1670 916 1671 918 1671 1071 1671 1071 1672 918 1672 1072 1672 1073 1673 1074 1673 1075 1673 1075 1674 1076 1674 1073 1674 1073 1675 1076 1675 1077 1675 1073 1676 1077 1676 1072 1676 1072 1677 1077 1677 1078 1677 1072 1678 1078 1678 1071 1678 1079 1679 885 1679 884 1679 884 1680 1080 1680 1079 1680 1079 1681 1080 1681 1081 1681 1079 1682 1081 1682 1074 1682 1074 1683 1081 1683 1082 1683 1074 1684 1082 1684 1075 1684 1083 3 1084 3 1085 3 1085 1685 1086 1685 1083 1685 1083 1686 1086 1686 1087 1686 1083 1687 1087 1687 1088 1687 974 3 976 3 1089 3 1089 3 976 3 1090 3 1089 3 1090 3 1091 3 1091 3 1090 3 1085 3 1091 3 1085 3 1092 3 1092 1688 1085 1688 1084 1688 1092 1689 1084 1689 1093 1689 1093 1690 1084 1690 1094 1690 31 30 30 30 1095 30 1095 1691 1096 1691 31 1691 31 1692 1096 1692 1097 1692 31 30 1097 30 1098 30 1098 1693 1097 1693 1099 1693 1098 30 1099 30 1100 30 1100 1694 1099 1694 1101 1694 1101 30 1099 30 1102 30 1102 1695 1099 1695 1103 1695 1102 30 1103 30 1104 30 1105 30 1106 30 1107 30 1107 1696 1106 1696 1108 1696 1109 1697 1110 1697 1111 1697 1111 1698 1110 1698 1112 1698 1111 1699 1112 1699 1107 1699 1107 1700 1112 1700 1113 1700 1107 1701 1113 1701 1105 1701 1111 30 1114 30 1109 30 1109 1702 1114 1702 1115 1702 1109 1703 1115 1703 1116 1703 1117 1704 1118 1704 1119 1704 1104 30 1103 30 1108 30 1108 30 1103 30 1120 30 1108 1705 1120 1705 1107 1705 1116 1706 1121 1706 1109 1706 1109 1707 1121 1707 1122 1707 1109 30 1122 30 1123 30 1124 1708 1125 1708 1122 1708 1122 1709 1125 1709 1126 1709 1117 1710 1119 1710 1122 1710 1122 30 1119 30 1127 30 1122 1711 1127 1711 1124 1711 1126 1712 1128 1712 1122 1712 1122 1713 1128 1713 1129 1713 1122 1714 1129 1714 1123 1714 1130 38 1131 38 1132 38 1132 38 1131 38 1133 38 1132 38 1133 38 1134 38 1130 38 1135 38 1061 38 1061 1715 1135 1715 1136 1715 1061 38 1136 38 1062 38 1062 1716 1136 1716 1137 1716 1062 38 1137 38 1138 38 1139 38 1140 38 1061 38 1061 1717 1140 1717 1141 1717 1061 1718 1141 1718 1130 1718 1130 1719 1141 1719 1142 1719 1130 38 1142 38 1131 38 1143 1720 1144 1720 1133 1720 1133 1721 1144 1721 1145 1721 1133 38 1145 38 1134 38 1146 38 1147 38 1143 38 1143 1722 1133 1722 1148 1722 1143 38 1148 38 1146 38 1073 45 1149 45 1150 45 1150 45 1151 45 1073 45 1073 1723 1151 1723 1152 1723 1073 1724 1152 1724 1153 1724 1153 45 1152 45 1154 45 1153 45 1154 45 1155 45 1155 45 1154 45 1156 45 1155 45 1156 45 1157 45 1153 45 1158 45 1073 45 1073 1725 1158 1725 1159 1725 1073 45 1159 45 1074 45 1074 1726 1159 1726 1160 1726 1074 45 1160 45 1161 45 1162 1727 1163 1727 1156 1727 1156 1728 1163 1728 1164 1728 1156 45 1164 45 1157 45 1165 45 1166 45 1162 45 1162 1729 1156 1729 1167 1729 1162 45 1167 45 1165 45 1168 0 874 0 873 0 1169 1730 1170 1730 1171 1730 1171 1731 1170 1731 865 1731 1171 0 865 0 864 0 1168 0 873 0 1172 0 1083 1732 1173 1732 1174 1732 1175 0 1176 0 911 0 1083 0 1174 0 1084 0 1177 0 926 0 1178 0 1178 1733 926 1733 921 1733 1178 0 921 0 1179 0 1180 1734 1181 1734 849 1734 921 0 923 0 1179 0 1179 1735 923 1735 882 1735 1179 1736 882 1736 1182 1736 1183 1737 967 1737 1184 1737 1184 1738 967 1738 969 1738 1184 1739 969 1739 1177 1739 1177 0 969 0 937 0 1177 0 937 0 926 0 882 1740 1067 1740 1182 1740 1182 1741 1067 1741 1062 1741 1182 1742 1062 1742 1180 1742 1180 0 1062 0 1138 0 1180 1743 1138 1743 1181 1743 1185 0 961 0 1183 0 1183 0 961 0 964 0 1183 0 964 0 967 0 1174 1744 1180 1744 1084 1744 1084 1745 1180 1745 849 1745 1084 0 849 0 1169 0 1169 0 849 0 844 0 1169 1746 844 1746 1170 1746 911 0 1176 0 918 0 918 1747 1176 1747 1186 1747 918 1740 1186 1740 1072 1740 1173 1748 1149 1748 1186 1748 1186 0 1149 0 1073 0 1186 1741 1073 1741 1072 1741 911 0 913 0 1175 0 1175 1733 913 1733 896 1733 1175 0 896 0 1187 0 1187 0 896 0 894 0 1187 0 894 0 1185 0 1185 1749 894 1749 958 1749 1185 1738 958 1738 961 1738 873 0 1188 0 1172 0 1172 1746 1188 1746 1189 1746 1172 1750 1189 1750 1083 1750 1083 0 1189 0 1190 0 1083 1745 1190 1745 1173 1745 1173 1734 1190 1734 1191 1734 1173 1743 1191 1743 1149 1743 1058 45 990 45 1192 45 1192 45 990 45 988 45 1193 38 998 38 1031 38 1031 38 998 38 996 38 1193 1751 1194 1751 998 1751 998 1752 1194 1752 1000 1752 1194 1753 1195 1753 1000 1753 1000 1754 1195 1754 1196 1754 1000 1755 1196 1755 1002 1755 1196 1756 1197 1756 1002 1756 1002 1757 1197 1757 1198 1757 1002 1758 1198 1758 1004 1758 1198 1759 1199 1759 1004 1759 1004 1760 1199 1760 1200 1760 1004 1761 1200 1761 1005 1761 1200 1762 1201 1762 1005 1762 1005 1763 1201 1763 1202 1763 1005 1764 1202 1764 980 1764 1202 1765 1203 1765 980 1765 980 1766 1203 1766 1204 1766 980 1767 1204 1767 982 1767 1204 1768 1205 1768 982 1768 982 1769 1205 1769 1206 1769 982 1770 1206 1770 984 1770 1206 1771 1207 1771 984 1771 984 1772 1207 1772 1208 1772 984 1773 1208 1773 986 1773 1192 1774 988 1774 1209 1774 1209 1775 988 1775 986 1775 1209 1776 986 1776 1210 1776 1210 1777 986 1777 1208 1777 1211 1778 1189 1778 1212 1778 1212 1779 1189 1779 1213 1779 1211 1780 1214 1780 1189 1780 1189 1781 1214 1781 1215 1781 1189 1782 1215 1782 1190 1782 1190 1783 1215 1783 1216 1783 1190 1784 1216 1784 1217 1784 1218 1785 1219 1785 1220 1785 1220 1786 1219 1786 1221 1786 1220 1787 1221 1787 1222 1787 1222 1788 1221 1788 1223 1788 1222 1789 1223 1789 1224 1789 1224 1790 1223 1790 1225 1790 1224 1791 1225 1791 1226 1791 1226 1792 1225 1792 1227 1792 1226 1793 1227 1793 1228 1793 1228 1794 1227 1794 1229 1794 1228 1795 1229 1795 1230 1795 1231 1796 1232 1796 29 1796 29 1797 1232 1797 1233 1797 29 1798 1233 1798 30 1798 30 1799 1233 1799 1234 1799 30 1800 1234 1800 1095 1800 29 1801 28 1801 1231 1801 1231 1802 28 1802 27 1802 1231 1803 27 1803 1235 1803 1235 1804 27 1804 25 1804 1235 1805 25 1805 871 1805 875 1806 18 1806 1236 1806 1236 1807 18 1807 17 1807 1236 1808 17 1808 1237 1808 1237 1809 17 1809 1238 1809 1238 1810 17 1810 16 1810 1238 1811 16 1811 1239 1811 1239 1812 16 1812 15 1812 1239 1813 15 1813 1240 1813 1240 1814 15 1814 31 1814 1240 1815 31 1815 1098 1815 1241 1816 916 1816 1071 1816 893 1817 895 1817 1241 1817 917 1818 1242 1818 919 1818 919 1819 1242 1819 920 1819 915 1820 914 1820 1242 1820 1242 1821 914 1821 912 1821 1242 1822 912 1822 920 1822 916 1823 1241 1823 917 1823 917 1824 1241 1824 895 1824 917 1825 895 1825 1242 1825 1242 1826 895 1826 897 1826 1242 1827 897 1827 915 1827 893 1828 1241 1828 898 1828 898 1829 1241 1829 1071 1829 898 1830 1071 1830 899 1830 899 1831 1071 1831 1078 1831 899 1832 1078 1832 910 1832 910 1833 1078 1833 1077 1833 910 1834 1077 1834 1076 1834 1076 1835 1075 1835 910 1835 910 1836 1075 1836 1082 1836 910 1837 1082 1837 1081 1837 1081 1838 1080 1838 910 1838 910 1839 1080 1839 1243 1839 910 1840 1243 1840 909 1840 909 1841 1243 1841 907 1841 890 1842 892 1842 1244 1842 1244 1843 892 1843 903 1843 883 1844 886 1844 1244 1844 1244 1845 886 1845 888 1845 1244 1846 888 1846 890 1846 1080 1847 884 1847 1243 1847 1243 1848 884 1848 883 1848 1243 1849 883 1849 907 1849 907 1850 883 1850 1244 1850 907 1851 1244 1851 905 1851 905 1852 1244 1852 903 1852 1245 1853 955 1853 1059 1853 929 1854 932 1854 1245 1854 953 1855 1246 1855 951 1855 951 1856 1246 1856 949 1856 936 1857 945 1857 1246 1857 1246 1858 945 1858 947 1858 1246 1859 947 1859 949 1859 955 1860 1245 1860 953 1860 953 1861 1245 1861 932 1861 953 1862 932 1862 1246 1862 1246 1863 932 1863 934 1863 1246 1864 934 1864 936 1864 929 1865 1245 1865 930 1865 930 1866 1245 1866 1059 1866 930 1867 1059 1867 938 1867 938 1868 1059 1868 1066 1868 938 1869 1066 1869 939 1869 939 1870 1066 1870 1065 1870 939 1871 1065 1871 1064 1871 1064 1872 1063 1872 939 1872 939 1873 1063 1873 1070 1873 939 1874 1070 1874 1069 1874 1069 1875 1068 1875 939 1875 939 1876 1068 1876 1247 1876 939 1877 1247 1877 940 1877 940 1878 1247 1878 941 1878 922 1879 928 1879 1248 1879 1248 1880 928 1880 927 1880 880 1881 925 1881 1248 1881 1248 1882 925 1882 924 1882 1248 1883 924 1883 922 1883 1068 1884 881 1884 1247 1884 1247 1885 881 1885 880 1885 1247 1886 880 1886 941 1886 941 1887 880 1887 1248 1887 941 1888 1248 1888 942 1888 942 1889 1248 1889 927 1889 843 1890 845 1890 1249 1890 1250 1891 1228 1891 1230 1891 1251 1892 870 1892 1252 1892 1252 1893 870 1893 1250 1893 1252 1894 1250 1894 1253 1894 1253 1895 1250 1895 1230 1895 1228 1896 1250 1896 1226 1896 1226 1897 1250 1897 1254 1897 1226 1898 1254 1898 1224 1898 1224 1899 1254 1899 1222 1899 1222 1900 1254 1900 1255 1900 1222 1901 1255 1901 1220 1901 1220 1902 1255 1902 1218 1902 1218 1903 1255 1903 1256 1903 1218 1904 1256 1904 1257 1904 1258 1905 1259 1905 1260 1905 1260 1906 1259 1906 1261 1906 1260 1907 1261 1907 1256 1907 1256 1908 1261 1908 1257 1908 1262 1909 1260 1909 1263 1909 1263 38 1260 38 1264 38 1263 1910 1264 1910 1265 1910 1262 1911 1266 1911 1260 1911 1260 1912 1266 1912 1267 1912 1260 1913 1267 1913 1268 1913 1268 1914 1269 1914 1260 1914 1260 1915 1269 1915 1270 1915 1260 1916 1270 1916 1258 1916 1271 1917 1272 1917 848 1917 848 1918 847 1918 1271 1918 1271 1919 847 1919 1273 1919 1271 1920 1273 1920 1264 1920 1264 1921 1273 1921 1274 1921 1264 1922 1274 1922 1265 1922 1249 1923 845 1923 1275 1923 845 1924 846 1924 1275 1924 1275 1925 846 1925 851 1925 1275 1926 851 1926 1272 1926 1272 1927 851 1927 850 1927 1272 1928 850 1928 848 1928 869 1929 1276 1929 1249 1929 1249 1930 1276 1930 1277 1930 1249 1931 1277 1931 843 1931 1278 1932 872 1932 1279 1932 1279 1933 872 1933 1280 1933 1279 1934 1280 1934 1213 1934 1213 1935 1280 1935 1212 1935 1212 1936 1280 1936 1211 1936 1211 1937 1280 1937 1281 1937 1211 1938 1281 1938 1214 1938 1214 1939 1281 1939 1215 1939 1215 1940 1281 1940 1282 1940 1215 1941 1282 1941 1216 1941 1216 1942 1282 1942 1217 1942 1217 1943 1282 1943 1283 1943 1217 1944 1283 1944 1284 1944 1285 1945 1286 1945 1287 1945 1287 1946 1286 1946 1288 1946 1287 1947 1288 1947 1283 1947 1283 1948 1288 1948 1284 1948 1289 1949 1290 1949 1287 1949 1287 1950 1290 1950 1291 1950 1291 1951 1292 1951 1287 1951 1287 1952 1292 1952 1293 1952 1287 1953 1293 1953 1285 1953 1294 1954 1295 1954 1296 1954 1296 1955 1295 1955 1297 1955 1297 1956 1298 1956 1296 1956 1296 1957 1298 1957 1299 1957 1296 45 1299 45 1287 45 1287 1958 1299 1958 1300 1958 1287 1959 1300 1959 1289 1959 1301 1960 1302 1960 862 1960 862 1961 860 1961 1301 1961 1301 1962 860 1962 859 1962 1301 1963 859 1963 1294 1963 1294 1964 859 1964 854 1964 1294 1965 854 1965 1295 1965 1303 1966 858 1966 1304 1966 1304 1967 858 1967 856 1967 1304 1968 856 1968 1302 1968 1302 1969 856 1969 863 1969 1302 1970 863 1970 862 1970 876 1971 1305 1971 1304 1971 1304 1972 1305 1972 1306 1972 1304 1973 1306 1973 1303 1973 1307 1974 1308 1974 1309 1974 1309 1975 1308 1975 1310 1975 1309 1976 1310 1976 1311 1976 1311 1977 1312 1977 1309 1977 1309 1978 1312 1978 877 1978 1309 1979 877 1979 878 1979 1307 1980 1309 1980 1313 1980 1313 1981 1309 1981 1314 1981 1313 1982 1314 1982 1046 1982 1315 1983 1048 1983 1314 1983 1314 1984 1048 1984 1044 1984 1314 1985 1044 1985 1046 1985 1316 1986 1036 1986 1315 1986 1315 1987 1036 1987 1035 1987 1315 1988 1035 1988 1048 1988 1034 1989 1041 1989 1317 1989 1317 1990 1041 1990 1040 1990 1317 1991 1040 1991 1316 1991 1316 1992 1040 1992 1039 1992 1316 1993 1039 1993 1036 1993 1009 1994 1034 1994 976 1994 976 1995 1034 1995 1317 1995 976 1996 1317 1996 1090 1996 1090 1997 1317 1997 1318 1997 1090 1998 1318 1998 1085 1998 1085 1999 1318 1999 1319 1999 1085 2000 1319 2000 1086 2000 1086 2001 1319 2001 1320 2001 1086 2002 1320 2002 1087 2002 1087 2003 1320 2003 1321 2003 1087 2004 1321 2004 1088 2004 1088 2005 1321 2005 1322 2005 1323 2006 879 2006 1324 2006 1324 2007 1325 2007 1323 2007 1323 2008 1325 2008 1326 2008 1323 2009 1326 2009 1321 2009 1321 2010 1326 2010 1327 2010 1321 2011 1327 2011 1322 2011 1328 2012 1329 2012 1330 2012 1330 2013 1329 2013 1331 2013 1330 2014 1331 2014 866 2014 1094 2015 1332 2015 1333 2015 1333 2016 1332 2016 1334 2016 1333 2017 1334 2017 1330 2017 1330 2018 1334 2018 1335 2018 1330 2019 1335 2019 1328 2019 1336 2020 974 2020 1337 2020 1337 2021 974 2021 1089 2021 1337 2022 1089 2022 1338 2022 1338 2023 1089 2023 1091 2023 1338 2024 1091 2024 1339 2024 1339 2025 1091 2025 1092 2025 1339 2026 1092 2026 1333 2026 1333 2027 1092 2027 1093 2027 1333 2028 1093 2028 1094 2028 1026 2029 1024 2029 1340 2029 1340 2030 1024 2030 1023 2030 1340 2031 1023 2031 1336 2031 1336 2032 1023 2032 1021 2032 1336 2033 1021 2033 974 2033 974 2034 1021 2034 1020 2034 974 2035 1020 2035 991 2035 1341 2036 1342 2036 1017 2036 1017 2037 1013 2037 1341 2037 1341 2038 1013 2038 1011 2038 1341 2039 1011 2039 1340 2039 1340 2040 1011 2040 1027 2040 1340 2041 1027 2041 1026 2041 1343 2042 1344 2042 1342 2042 1342 2043 1344 2043 1015 2043 1342 2044 1015 2044 1017 2044 1345 2045 1346 2045 1343 2045 1343 2046 1346 2046 1347 2046 1343 2047 1347 2047 1344 2047 1343 2048 867 2048 868 2048 1345 2049 1343 2049 1348 2049 1348 2050 1343 2050 868 2050 1348 2051 868 2051 1349 2051 853 2052 1350 2052 854 2052 854 2053 1350 2053 1351 2053 1161 2054 1160 2054 1352 2054 1352 2055 1160 2055 1351 2055 1352 2056 1351 2056 1353 2056 1353 2057 1351 2057 1350 2057 1351 2058 1160 2058 1159 2058 1295 2059 854 2059 1354 2059 1354 2060 854 2060 1351 2060 1354 2061 1355 2061 1295 2061 1295 2062 1355 2062 1356 2062 1295 2063 1356 2063 1297 2063 1297 2064 1356 2064 1298 2064 1356 2065 1357 2065 1298 2065 1298 2066 1357 2066 1358 2066 1298 2067 1358 2067 1299 2067 1299 2068 1358 2068 1359 2068 1299 2069 1359 2069 1300 2069 1300 2070 1359 2070 1360 2070 1300 2071 1360 2071 1289 2071 1289 2072 1360 2072 1361 2072 1289 2073 1361 2073 1290 2073 1290 2074 1361 2074 1362 2074 1290 2075 1362 2075 1291 2075 1291 2076 1362 2076 1363 2076 1291 2077 1363 2077 1292 2077 1363 2078 1364 2078 1292 2078 1292 2079 1364 2079 1365 2079 1292 2080 1365 2080 1293 2080 1293 2081 1365 2081 1366 2081 1293 2082 1366 2082 1285 2082 1285 2083 1366 2083 1367 2083 1285 2084 1367 2084 1286 2084 1286 2085 1367 2085 1368 2085 1286 2086 1368 2086 1288 2086 1351 2087 1159 2087 1354 2087 1354 2088 1159 2088 1158 2088 1354 2089 1158 2089 1355 2089 1355 2090 1158 2090 1153 2090 1355 2091 1153 2091 1356 2091 1356 2092 1153 2092 1155 2092 1356 2093 1155 2093 1357 2093 1357 2094 1155 2094 1157 2094 1357 2095 1157 2095 1358 2095 1358 2096 1157 2096 1164 2096 1358 2097 1164 2097 1359 2097 1359 2098 1164 2098 1163 2098 1359 2099 1163 2099 1360 2099 1360 2100 1163 2100 1162 2100 1360 2101 1162 2101 1361 2101 1361 2102 1162 2102 1362 2102 1362 2103 1162 2103 1166 2103 1362 2104 1166 2104 1363 2104 1363 2105 1166 2105 1165 2105 1363 2106 1165 2106 1364 2106 1364 2107 1165 2107 1167 2107 1364 2108 1167 2108 1365 2108 1365 2109 1167 2109 1156 2109 1365 2110 1156 2110 1366 2110 1366 2111 1156 2111 1154 2111 1366 2112 1154 2112 1367 2112 1367 2113 1154 2113 1152 2113 1367 2114 1152 2114 1368 2114 1368 2115 1152 2115 1151 2115 1368 2116 1151 2116 1369 2116 1369 2117 1151 2117 1150 2117 1369 2118 1150 2118 1370 2118 1288 2119 1368 2119 1284 2119 1284 2120 1368 2120 1369 2120 1284 2121 1369 2121 1370 2121 1284 2122 1370 2122 1217 2122 1190 2123 1217 2123 1191 2123 1191 2124 1217 2124 1370 2124 1191 2125 1370 2125 1149 2125 1149 2125 1370 2125 1150 2125 847 2126 849 2126 1371 2126 1371 2127 849 2127 1181 2127 1371 2128 1181 2128 1137 2128 1137 2128 1181 2128 1138 2128 1371 2129 1137 2129 1136 2129 1273 2130 847 2130 1372 2130 1372 2131 847 2131 1371 2131 1372 2132 1373 2132 1273 2132 1273 2133 1373 2133 1374 2133 1273 2134 1374 2134 1274 2134 1274 2135 1374 2135 1265 2135 1374 2136 1375 2136 1265 2136 1265 2137 1375 2137 1376 2137 1265 2138 1376 2138 1263 2138 1263 2139 1376 2139 1377 2139 1263 2140 1377 2140 1262 2140 1262 2141 1377 2141 1378 2141 1262 2142 1378 2142 1266 2142 1266 2143 1378 2143 1379 2143 1266 2144 1379 2144 1267 2144 1267 2145 1379 2145 1380 2145 1267 2146 1380 2146 1268 2146 1268 2147 1380 2147 1381 2147 1268 2148 1381 2148 1269 2148 1381 2149 1382 2149 1269 2149 1269 2150 1382 2150 1383 2150 1269 2151 1383 2151 1270 2151 1270 2152 1383 2152 1384 2152 1270 2153 1384 2153 1258 2153 1258 2154 1384 2154 1385 2154 1258 2155 1385 2155 1259 2155 1259 2156 1385 2156 1386 2156 1259 2157 1386 2157 1261 2157 1371 2158 1136 2158 1372 2158 1372 2159 1136 2159 1135 2159 1372 2160 1135 2160 1373 2160 1373 2161 1135 2161 1130 2161 1373 2162 1130 2162 1374 2162 1374 2163 1130 2163 1132 2163 1374 2164 1132 2164 1375 2164 1375 2165 1132 2165 1134 2165 1375 2166 1134 2166 1376 2166 1376 2167 1134 2167 1145 2167 1376 2168 1145 2168 1377 2168 1377 2169 1145 2169 1144 2169 1377 2170 1144 2170 1378 2170 1378 2171 1144 2171 1143 2171 1378 2172 1143 2172 1379 2172 1379 2173 1143 2173 1380 2173 1380 2174 1143 2174 1147 2174 1380 2175 1147 2175 1381 2175 1381 2176 1147 2176 1146 2176 1381 2177 1146 2177 1382 2177 1382 2178 1146 2178 1148 2178 1382 2179 1148 2179 1383 2179 1383 2180 1148 2180 1133 2180 1383 2181 1133 2181 1384 2181 1384 2182 1133 2182 1131 2182 1384 2183 1131 2183 1385 2183 1385 2184 1131 2184 1142 2184 1385 2185 1142 2185 1386 2185 1386 2186 1142 2186 1141 2186 1386 2187 1141 2187 1387 2187 1387 2188 1141 2188 1140 2188 1387 2189 1140 2189 1388 2189 1261 2190 1386 2190 1257 2190 1257 2191 1386 2191 1387 2191 1257 2192 1387 2192 1388 2192 1257 2193 1388 2193 1218 2193 1219 2194 1218 2194 1389 2194 1389 2195 1218 2195 1388 2195 1389 2196 1388 2196 1390 2196 1390 2197 1388 2197 1391 2197 1391 2198 1388 2198 1140 2198 1391 2199 1140 2199 1139 2199 868 2200 248 2200 1349 2200 1349 2201 248 2201 1348 2201 248 2202 249 2202 1348 2202 1348 2203 249 2203 1392 2203 1348 2204 1392 2204 1345 2204 1345 2205 1392 2205 1346 2205 1346 2206 1392 2206 1393 2206 1346 2207 1393 2207 1347 2207 254 2208 253 2208 1394 2208 1394 2209 253 2209 1395 2209 253 2210 252 2210 1395 2210 1395 2211 252 2211 251 2211 1395 2212 251 2212 1396 2212 1396 2213 251 2213 250 2213 1396 2214 250 2214 1397 2214 1397 2215 250 2215 255 2215 1397 2216 255 2216 1398 2216 1398 2217 255 2217 256 2217 1398 2218 256 2218 1399 2218 1399 2219 256 2219 257 2219 1399 2220 257 2220 1400 2220 257 2221 39 2221 1400 2221 1400 2222 39 2222 1401 2222 1400 2223 1401 2223 1402 2223 249 2224 254 2224 1392 2224 1392 2225 254 2225 1394 2225 1392 2226 1394 2226 1393 2226 1393 2227 1394 2227 1395 2227 1393 2228 1395 2228 1403 2228 1403 2229 1395 2229 1396 2229 1403 2230 1396 2230 1404 2230 1404 2231 1396 2231 1397 2231 1404 2232 1397 2232 1405 2232 1405 2233 1397 2233 1398 2233 1405 2234 1398 2234 1406 2234 1406 2235 1398 2235 1399 2235 1406 2236 1399 2236 1407 2236 1407 2237 1399 2237 1400 2237 1407 2238 1400 2238 1408 2238 1408 2239 1400 2239 1402 2239 1408 2240 1402 2240 1409 2240 1347 2241 1393 2241 1344 2241 1344 2242 1393 2242 1403 2242 1344 2243 1403 2243 1015 2243 1015 2244 1403 2244 1404 2244 1015 2245 1404 2245 1016 2245 1016 2246 1404 2246 1405 2246 1016 2247 1405 2247 1018 2247 1018 2248 1405 2248 1406 2248 1018 2249 1406 2249 1019 2249 1019 2250 1406 2250 1407 2250 1019 2251 1407 2251 1014 2251 1014 2252 1407 2252 1408 2252 1014 2253 1408 2253 1012 2253 1012 2254 1408 2254 1409 2254 1012 2255 1409 2255 1010 2255 1410 2256 1411 2256 1412 2256 1413 2257 1401 2257 39 2257 39 2258 41 2258 1413 2258 1413 2259 41 2259 33 2259 1413 2260 33 2260 1414 2260 1414 2261 33 2261 32 2261 1414 2262 32 2262 1415 2262 1415 2263 32 2263 42 2263 1415 2264 42 2264 1416 2264 1416 2265 42 2265 44 2265 1416 2266 44 2266 1417 2266 1418 2267 1402 2267 1401 2267 44 2268 46 2268 1417 2268 1417 2269 46 2269 1419 2269 1417 2270 1419 2270 1420 2270 1401 2271 1413 2271 1418 2271 1418 2272 1413 2272 1414 2272 1418 2273 1414 2273 1421 2273 1421 2274 1414 2274 1415 2274 1421 2275 1415 2275 1422 2275 1422 2276 1415 2276 1416 2276 1422 2277 1416 2277 1423 2277 1423 2278 1416 2278 1417 2278 1423 2279 1417 2279 1424 2279 1424 2280 1417 2280 1420 2280 1424 2281 1420 2281 1425 2281 1426 2282 1409 2282 1402 2282 1402 2283 1418 2283 1426 2283 1426 2284 1418 2284 1421 2284 1426 2285 1421 2285 1427 2285 1427 2286 1421 2286 1422 2286 1427 2287 1422 2287 1428 2287 1428 2288 1422 2288 1423 2288 1428 2289 1423 2289 1429 2289 1429 2290 1423 2290 1424 2290 1429 2291 1424 2291 1412 2291 1412 2292 1424 2292 1425 2292 1412 2293 1425 2293 1410 2293 1010 2294 1409 2294 1025 2294 1025 2295 1409 2295 1426 2295 1025 2296 1426 2296 1022 2296 1022 2297 1426 2297 1427 2297 1022 2298 1427 2298 1028 2298 1028 2299 1427 2299 1428 2299 1028 2300 1428 2300 1029 2300 1029 2301 1428 2301 1429 2301 1029 2302 1429 2302 1030 2302 1030 2303 1429 2303 1033 2303 1033 2304 1429 2304 1412 2304 1033 2305 1412 2305 1032 2305 1032 2306 1412 2306 1411 2306 1032 2307 1411 2307 1031 2307 1193 2308 1031 2308 1430 2308 1430 2309 1031 2309 1411 2309 1430 2310 1411 2310 1431 2310 1431 2311 1411 2311 1410 2311 1431 2312 1410 2312 1432 2312 1432 2312 1410 2312 1425 2312 1432 2313 1425 2313 1433 2313 1433 2313 1425 2313 1420 2313 1433 2314 1420 2314 1434 2314 1434 2314 1420 2314 1419 2314 1434 2315 1419 2315 48 2315 48 2316 1419 2316 46 2316 1435 2317 1436 2317 1437 2317 1438 2318 1194 2318 1193 2318 1207 2319 1439 2319 1208 2319 1208 2320 1439 2320 1440 2320 1208 2321 1440 2321 1210 2321 1210 2322 1440 2322 1437 2322 1210 2323 1437 2323 1209 2323 1209 2324 1437 2324 1436 2324 1209 2325 1436 2325 1192 2325 1207 2326 1206 2326 1439 2326 1439 2327 1206 2327 1205 2327 1439 2328 1205 2328 1441 2328 1441 2329 1205 2329 1204 2329 1441 2330 1204 2330 1442 2330 1442 2331 1204 2331 1203 2331 1442 2332 1203 2332 1443 2332 1443 2333 1203 2333 1202 2333 1443 2334 1202 2334 1444 2334 1444 2335 1202 2335 1201 2335 1201 2336 1200 2336 1444 2336 1444 2337 1200 2337 1199 2337 1444 2338 1199 2338 1445 2338 1445 2339 1199 2339 1198 2339 1445 2340 1198 2340 1446 2340 1446 2341 1198 2341 1197 2341 1446 2342 1197 2342 1447 2342 1447 2343 1197 2343 1196 2343 1447 2344 1196 2344 1438 2344 1438 2345 1196 2345 1195 2345 1438 2346 1195 2346 1194 2346 1448 2347 1449 2347 1450 2347 1450 2348 1449 2348 1435 2348 1435 2349 1437 2349 1450 2349 1450 2350 1437 2350 1440 2350 1450 2351 1440 2351 1451 2351 1451 2352 1440 2352 1439 2352 1451 2353 1439 2353 1452 2353 1452 2354 1439 2354 1441 2354 1452 2355 1441 2355 1453 2355 1453 2356 1441 2356 1442 2356 1453 2357 1442 2357 1454 2357 1454 2358 1442 2358 1443 2358 1454 2359 1443 2359 1455 2359 1455 2360 1443 2360 1444 2360 1455 2361 1444 2361 1456 2361 1456 2362 1444 2362 1445 2362 1456 2363 1445 2363 1457 2363 1457 2364 1445 2364 1446 2364 1457 2365 1446 2365 1458 2365 1458 2366 1446 2366 1447 2366 1458 2367 1447 2367 1459 2367 1459 2368 1447 2368 1438 2368 1459 2369 1438 2369 1460 2369 49 2370 1461 2370 1462 2370 1462 2371 1461 2371 1448 2371 1193 2372 1430 2372 1438 2372 1438 2373 1430 2373 1431 2373 1438 2374 1431 2374 1460 2374 1460 2375 1431 2375 1432 2375 1460 2376 1432 2376 1433 2376 1448 2377 1450 2377 1462 2377 1462 2378 1450 2378 1451 2378 1462 2379 1451 2379 1463 2379 1463 2380 1451 2380 1452 2380 1463 2381 1452 2381 1464 2381 1464 2382 1452 2382 1453 2382 1464 2383 1453 2383 1465 2383 1465 2384 1453 2384 1454 2384 1465 2385 1454 2385 1466 2385 1466 2386 1454 2386 1455 2386 1466 2387 1455 2387 1467 2387 1467 2388 1455 2388 1456 2388 1467 2389 1456 2389 1468 2389 1468 2390 1456 2390 1457 2390 1468 2391 1457 2391 1469 2391 1469 2392 1457 2392 1458 2392 1469 2393 1458 2393 1470 2393 1470 2394 1458 2394 1459 2394 1470 2395 1459 2395 1471 2395 1471 2396 1459 2396 1460 2396 1471 2397 1460 2397 1472 2397 1472 2398 1460 2398 1433 2398 1472 2399 1433 2399 1434 2399 49 2400 1462 2400 51 2400 51 2401 1462 2401 1463 2401 51 2402 1463 2402 52 2402 52 2403 1463 2403 1464 2403 52 2404 1464 2404 53 2404 53 2405 1464 2405 1465 2405 53 2406 1465 2406 54 2406 54 2407 1465 2407 1466 2407 54 2408 1466 2408 55 2408 55 2409 1466 2409 1467 2409 55 2410 1467 2410 59 2410 59 2411 1467 2411 1468 2411 59 2412 1468 2412 60 2412 60 2413 1468 2413 1469 2413 60 2414 1469 2414 58 2414 58 2415 1469 2415 1470 2415 58 2416 1470 2416 57 2416 57 2417 1470 2417 1471 2417 57 2418 1471 2418 56 2418 56 2419 1471 2419 1472 2419 56 2420 1472 2420 50 2420 50 2421 1472 2421 1434 2421 50 2422 1434 2422 48 2422 49 2423 47 2423 1461 2423 1461 2424 47 2424 1473 2424 1461 2425 1473 2425 1448 2425 1448 2425 1473 2425 1474 2425 1448 2426 1474 2426 1449 2426 1449 2426 1474 2426 1475 2426 1449 2427 1475 2427 1435 2427 1435 2427 1475 2427 1476 2427 1435 2428 1476 2428 1436 2428 1436 2429 1476 2429 1477 2429 1436 2430 1477 2430 1192 2430 1192 2431 1477 2431 1058 2431 38 2432 37 2432 1478 2432 47 2433 45 2433 1473 2433 1473 2434 45 2434 1479 2434 1058 2435 1477 2435 1480 2435 1480 2436 1477 2436 1476 2436 1480 2437 1476 2437 1481 2437 1481 2438 1476 2438 1475 2438 1481 2439 1475 2439 1479 2439 1479 2440 1475 2440 1474 2440 1479 2441 1474 2441 1473 2441 43 2442 34 2442 1482 2442 1482 2443 34 2443 1483 2443 1482 2444 1483 2444 1484 2444 1484 2445 1483 2445 1485 2445 1484 2446 1485 2446 1486 2446 1486 2447 1485 2447 1487 2447 34 2448 35 2448 1483 2448 1483 2449 35 2449 1488 2449 1483 2450 1488 2450 1485 2450 1485 2451 1488 2451 1489 2451 1485 2452 1489 2452 1487 2452 1487 2453 1489 2453 1490 2453 35 2454 38 2454 1488 2454 1488 2455 38 2455 1491 2455 1488 2456 1491 2456 1489 2456 1489 2457 1491 2457 1492 2457 1489 2458 1492 2458 1490 2458 1490 2459 1492 2459 1493 2459 1055 2460 1056 2460 1480 2460 1480 2461 1056 2461 1057 2461 1480 2462 1057 2462 1058 2462 45 2463 43 2463 1479 2463 1479 2464 43 2464 1482 2464 1479 2465 1482 2465 1481 2465 1481 2466 1482 2466 1484 2466 1481 2467 1484 2467 1480 2467 1480 2468 1484 2468 1486 2468 1480 2469 1486 2469 1055 2469 1055 2470 1486 2470 1487 2470 1055 2471 1487 2471 1054 2471 1054 2472 1487 2472 1490 2472 1054 2473 1490 2473 1053 2473 1493 2474 1037 2474 1490 2474 1490 2475 1037 2475 1038 2475 1490 2476 1038 2476 1053 2476 38 2477 1478 2477 1491 2477 1491 2478 1478 2478 1494 2478 1491 2479 1494 2479 1492 2479 1492 2480 1494 2480 1495 2480 1492 2481 1495 2481 1493 2481 1493 2482 1495 2482 1050 2482 1493 2483 1050 2483 1037 2483 243 2484 1496 2484 1497 2484 1494 2485 1478 2485 1498 2485 1046 2486 1499 2486 1313 2486 1313 2487 1499 2487 1500 2487 1313 2488 1500 2488 1307 2488 1310 2489 1308 2489 1496 2489 1496 2490 1308 2490 1307 2490 1496 2491 1307 2491 1497 2491 1310 2492 1496 2492 1311 2492 1311 2493 1496 2493 243 2493 1311 2494 243 2494 242 2494 1478 2495 37 2495 234 2495 1046 2496 1045 2496 1499 2496 1499 2497 1045 2497 1043 2497 1499 2498 1043 2498 1501 2498 1501 2499 1043 2499 1042 2499 1501 2500 1042 2500 1502 2500 1502 2501 1042 2501 1047 2501 1502 2502 1047 2502 1503 2502 1503 2503 1047 2503 1049 2503 1503 2504 1049 2504 1504 2504 1504 2505 1049 2505 1052 2505 1504 2506 1052 2506 1505 2506 1505 2507 1052 2507 1051 2507 1505 2508 1051 2508 1506 2508 1506 2509 1051 2509 1050 2509 1506 2510 1050 2510 1495 2510 1307 2511 1500 2511 1497 2511 1497 2512 1500 2512 1499 2512 1497 2513 1499 2513 1507 2513 1507 2514 1499 2514 1501 2514 1507 2515 1501 2515 1508 2515 1508 2516 1501 2516 1502 2516 1508 2517 1502 2517 1509 2517 1509 2518 1502 2518 1503 2518 1509 2519 1503 2519 1510 2519 1510 2520 1503 2520 1504 2520 1510 2521 1504 2521 1511 2521 1511 2522 1504 2522 1505 2522 1511 2523 1505 2523 1512 2523 1512 2524 1505 2524 1506 2524 1512 2525 1506 2525 1498 2525 1498 2526 1506 2526 1495 2526 1498 2527 1495 2527 1494 2527 1478 2528 234 2528 1498 2528 1498 2529 234 2529 238 2529 1498 2530 238 2530 1512 2530 1512 2531 238 2531 237 2531 1512 2532 237 2532 1511 2532 1511 2533 237 2533 236 2533 1511 2534 236 2534 1510 2534 1510 2535 236 2535 235 2535 1510 2536 235 2536 1509 2536 1509 2537 235 2537 241 2537 1509 2538 241 2538 1508 2538 1508 2539 241 2539 240 2539 1508 2540 240 2540 1507 2540 1507 2541 240 2541 239 2541 1507 2542 239 2542 1497 2542 1497 2543 239 2543 244 2543 1497 2544 244 2544 243 2544 1311 2545 242 2545 1312 2545 1312 2546 242 2546 877 2546 876 2547 875 2547 1305 2547 1305 2548 875 2548 1513 2548 1305 2549 1513 2549 1306 2549 1098 2550 1514 2550 1515 2550 1516 2551 1517 2551 1518 2551 1306 2552 1513 2552 1517 2552 857 2553 858 2553 1303 2553 1513 2554 875 2554 1236 2554 1513 2555 1236 2555 1517 2555 1517 2556 1236 2556 1237 2556 1517 2557 1237 2557 1518 2557 1237 2558 1238 2558 1518 2558 1518 2559 1238 2559 1239 2559 1518 2560 1239 2560 1515 2560 1515 2561 1239 2561 1240 2561 1515 2562 1240 2562 1098 2562 1516 2563 1518 2563 1519 2563 1519 2564 1518 2564 1515 2564 1519 2565 1515 2565 1520 2565 1520 2566 1515 2566 1514 2566 1520 2567 1514 2567 1521 2567 1306 2568 1517 2568 1303 2568 1303 2569 1517 2569 1516 2569 1303 2570 1516 2570 857 2570 857 2571 1516 2571 1519 2571 857 2572 1519 2572 855 2572 855 2573 1519 2573 1520 2573 855 2574 1520 2574 861 2574 861 2575 1520 2575 1521 2575 861 2576 1521 2576 852 2576 853 2577 852 2577 1522 2577 1522 2578 852 2578 1521 2578 1522 2579 1521 2579 1523 2579 1523 2580 1521 2580 1524 2580 1524 2581 1521 2581 1514 2581 1524 2582 1514 2582 1525 2582 1525 2583 1514 2583 1526 2583 1526 2584 1514 2584 1098 2584 1526 2585 1098 2585 1100 2585 1527 2586 1102 2586 1104 2586 1100 2587 1101 2587 1526 2587 1526 2588 1101 2588 1528 2588 853 2589 1522 2589 1529 2589 1529 2590 1522 2590 1523 2590 1529 2591 1523 2591 1530 2591 1530 2592 1523 2592 1524 2592 1530 2593 1524 2593 1528 2593 1528 2594 1524 2594 1525 2594 1528 2595 1525 2595 1526 2595 1104 2596 1531 2596 1527 2596 1527 2597 1531 2597 1532 2597 1527 2598 1532 2598 1533 2598 1533 2599 1532 2599 1534 2599 1533 2600 1534 2600 1535 2600 1535 2601 1534 2601 1536 2601 1535 2602 1536 2602 1537 2602 1352 2603 1353 2603 1529 2603 1529 2604 1353 2604 1350 2604 1529 2605 1350 2605 853 2605 1101 2606 1102 2606 1528 2606 1528 2607 1102 2607 1527 2607 1528 2608 1527 2608 1530 2608 1530 2609 1527 2609 1533 2609 1530 2610 1533 2610 1529 2610 1529 2611 1533 2611 1535 2611 1529 2612 1535 2612 1352 2612 1352 2613 1535 2613 1537 2613 1352 2614 1537 2614 1161 2614 1074 2615 1161 2615 1538 2615 1538 2616 1161 2616 1537 2616 1538 2617 1537 2617 1539 2617 1539 2618 1537 2618 1536 2618 1539 2619 1536 2619 1540 2619 1540 2620 1536 2620 1534 2620 1540 2621 1534 2621 1541 2621 1541 2621 1534 2621 1532 2621 1541 2622 1532 2622 1542 2622 1542 2623 1532 2623 1531 2623 1542 2624 1531 2624 1108 2624 1108 2625 1531 2625 1104 2625 1108 2626 1106 2626 1542 2626 1542 2627 1106 2627 1543 2627 1544 2628 1539 2628 1545 2628 1545 2629 1539 2629 1540 2629 1545 2630 1540 2630 1543 2630 1543 2631 1540 2631 1541 2631 1543 2632 1541 2632 1542 2632 1079 2633 1074 2633 1544 2633 1544 2634 1074 2634 1538 2634 1544 2635 1538 2635 1539 2635 1106 2636 1105 2636 1543 2636 1543 2637 1105 2637 1546 2637 1543 2638 1546 2638 1545 2638 1545 2639 1546 2639 1547 2639 1545 2640 1547 2640 1544 2640 1544 2641 1547 2641 1548 2641 1544 2642 1548 2642 1079 2642 1079 2643 1548 2643 885 2643 1111 2644 1549 2644 1550 2644 1549 2645 1551 2645 1552 2645 1551 2646 1553 2646 1554 2646 1553 2647 954 2647 952 2647 1553 2648 952 2648 1554 2648 1554 2649 952 2649 950 2649 1554 2650 950 2650 1555 2650 950 2651 948 2651 1555 2651 1555 2652 948 2652 946 2652 1555 2653 946 2653 1556 2653 946 2654 944 2654 1556 2654 1556 2655 944 2655 943 2655 1556 2656 943 2656 1557 2656 1557 2657 943 2657 935 2657 1557 2658 935 2658 1558 2658 1558 2659 935 2659 933 2659 1558 2660 933 2660 1559 2660 1559 2661 933 2661 931 2661 931 2662 972 2662 1559 2662 1559 2663 972 2663 973 2663 1559 2664 973 2664 1560 2664 1560 2665 973 2665 968 2665 1560 2666 968 2666 1561 2666 1561 2667 968 2667 970 2667 1561 2668 970 2668 1562 2668 1562 2669 970 2669 971 2669 971 2670 966 2670 1562 2670 1562 2671 966 2671 965 2671 1562 2672 965 2672 1563 2672 1563 2673 965 2673 963 2673 1563 2674 963 2674 1564 2674 1564 2675 963 2675 962 2675 1564 2676 962 2676 1565 2676 962 2677 960 2677 1565 2677 1565 2678 960 2678 959 2678 1565 2679 959 2679 1566 2679 959 2680 957 2680 1566 2680 1566 2681 957 2681 956 2681 1566 2682 956 2682 1567 2682 1567 2683 956 2683 900 2683 1567 2684 900 2684 1568 2684 1568 2685 900 2685 908 2685 1568 2686 908 2686 1569 2686 1569 2687 908 2687 906 2687 906 2688 904 2688 1569 2688 1569 2689 904 2689 902 2689 1569 2690 902 2690 1570 2690 1570 2691 902 2691 901 2691 1570 2692 901 2692 1571 2692 1571 2693 901 2693 891 2693 1571 2694 891 2694 1572 2694 1572 2695 891 2695 889 2695 889 2696 887 2696 1572 2696 1572 2697 887 2697 885 2697 1572 2698 885 2698 1548 2698 1551 2699 1554 2699 1552 2699 1552 2700 1554 2700 1555 2700 1552 2701 1555 2701 1573 2701 1573 2702 1555 2702 1556 2702 1573 2703 1556 2703 1574 2703 1574 2704 1556 2704 1557 2704 1574 2705 1557 2705 1575 2705 1575 2706 1557 2706 1558 2706 1575 2707 1558 2707 1576 2707 1576 2708 1558 2708 1559 2708 1576 2709 1559 2709 1577 2709 1577 2710 1559 2710 1560 2710 1577 2711 1560 2711 1578 2711 1578 2712 1560 2712 1561 2712 1578 2713 1561 2713 1579 2713 1579 2714 1561 2714 1562 2714 1579 2715 1562 2715 1580 2715 1580 2716 1562 2716 1563 2716 1580 2717 1563 2717 1581 2717 1581 2718 1563 2718 1564 2718 1581 2719 1564 2719 1582 2719 1582 2720 1564 2720 1565 2720 1582 2721 1565 2721 1583 2721 1583 2722 1565 2722 1566 2722 1583 2723 1566 2723 1584 2723 1584 2724 1566 2724 1567 2724 1584 2725 1567 2725 1585 2725 1585 2726 1567 2726 1568 2726 1585 2727 1568 2727 1586 2727 1586 2728 1568 2728 1569 2728 1586 2729 1569 2729 1587 2729 1587 2730 1569 2730 1570 2730 1587 2731 1570 2731 1588 2731 1588 2732 1570 2732 1571 2732 1588 2733 1571 2733 1589 2733 1589 2734 1571 2734 1572 2734 1589 2735 1572 2735 1590 2735 1590 2736 1572 2736 1548 2736 1590 2737 1548 2737 1547 2737 1549 2738 1552 2738 1550 2738 1550 2739 1552 2739 1573 2739 1550 2740 1573 2740 1591 2740 1591 2741 1573 2741 1574 2741 1591 2742 1574 2742 1592 2742 1592 2743 1574 2743 1575 2743 1592 2744 1575 2744 1593 2744 1593 2745 1575 2745 1576 2745 1593 2746 1576 2746 1594 2746 1594 2747 1576 2747 1577 2747 1594 2748 1577 2748 1595 2748 1595 2749 1577 2749 1578 2749 1595 2750 1578 2750 1596 2750 1596 2751 1578 2751 1579 2751 1596 2752 1579 2752 1597 2752 1597 2753 1579 2753 1580 2753 1597 2754 1580 2754 1598 2754 1598 2755 1580 2755 1581 2755 1598 2756 1581 2756 1599 2756 1599 2757 1581 2757 1582 2757 1599 2758 1582 2758 1600 2758 1600 2759 1582 2759 1583 2759 1600 2760 1583 2760 1601 2760 1601 2761 1583 2761 1584 2761 1601 2762 1584 2762 1602 2762 1602 2763 1584 2763 1585 2763 1602 2764 1585 2764 1603 2764 1603 2765 1585 2765 1586 2765 1603 2766 1586 2766 1604 2766 1604 2767 1586 2767 1587 2767 1604 2768 1587 2768 1605 2768 1605 2769 1587 2769 1588 2769 1605 2770 1588 2770 1606 2770 1606 2771 1588 2771 1589 2771 1606 2772 1589 2772 1607 2772 1607 2773 1589 2773 1590 2773 1607 2774 1590 2774 1608 2774 1608 2775 1590 2775 1547 2775 1608 2776 1547 2776 1546 2776 1111 2777 1550 2777 1114 2777 1114 2778 1550 2778 1591 2778 1114 2779 1591 2779 1115 2779 1115 2780 1591 2780 1592 2780 1115 2781 1592 2781 1116 2781 1116 2782 1592 2782 1593 2782 1116 2783 1593 2783 1121 2783 1121 2784 1593 2784 1594 2784 1121 2785 1594 2785 1122 2785 1122 2786 1594 2786 1595 2786 1122 2787 1595 2787 1117 2787 1117 2788 1595 2788 1596 2788 1117 2789 1596 2789 1118 2789 1118 2790 1596 2790 1597 2790 1118 2791 1597 2791 1119 2791 1119 2792 1597 2792 1598 2792 1119 2793 1598 2793 1127 2793 1127 2794 1598 2794 1599 2794 1127 2795 1599 2795 1124 2795 1124 2796 1599 2796 1600 2796 1124 2797 1600 2797 1125 2797 1125 2798 1600 2798 1601 2798 1125 2799 1601 2799 1126 2799 1126 2800 1601 2800 1602 2800 1126 2801 1602 2801 1128 2801 1128 2802 1602 2802 1603 2802 1128 2803 1603 2803 1129 2803 1129 2804 1603 2804 1604 2804 1129 2805 1604 2805 1123 2805 1123 2806 1604 2806 1605 2806 1123 2807 1605 2807 1109 2807 1109 2808 1605 2808 1606 2808 1109 2809 1606 2809 1110 2809 1110 2810 1606 2810 1607 2810 1110 2811 1607 2811 1112 2811 1112 2812 1607 2812 1608 2812 1112 2813 1608 2813 1113 2813 1113 2814 1608 2814 1546 2814 1113 2815 1546 2815 1105 2815 1609 2816 1107 2816 1120 2816 1120 2817 1610 2817 1609 2817 1609 2818 1610 2818 1611 2818 1609 2819 1611 2819 1612 2819 1612 2820 1611 2820 1613 2820 1612 2821 1613 2821 1614 2821 1111 2822 1107 2822 1549 2822 1549 2823 1107 2823 1609 2823 1549 2824 1609 2824 1551 2824 1551 2825 1609 2825 1612 2825 1551 2826 1612 2826 1553 2826 1553 2827 1612 2827 1614 2827 1553 2828 1614 2828 954 2828 954 2829 1614 2829 1060 2829 1613 2830 1615 2830 1614 2830 1614 2831 1615 2831 1616 2831 1614 2832 1616 2832 1060 2832 1060 2833 1616 2833 1061 2833 1120 2834 1103 2834 1610 2834 1610 2835 1103 2835 1617 2835 1610 2836 1617 2836 1611 2836 1611 2837 1617 2837 1618 2837 1611 2838 1618 2838 1613 2838 1613 2838 1618 2838 1619 2838 1613 2839 1619 2839 1615 2839 1615 2840 1619 2840 1620 2840 1615 2841 1620 2841 1616 2841 1616 2842 1620 2842 1621 2842 1616 2843 1621 2843 1061 2843 1061 2844 1621 2844 1139 2844 1622 2845 1097 2845 1096 2845 1103 2846 1099 2846 1617 2846 1617 2847 1099 2847 1623 2847 1624 2848 1620 2848 1625 2848 1625 2849 1620 2849 1619 2849 1625 2850 1619 2850 1623 2850 1623 2851 1619 2851 1618 2851 1623 2852 1618 2852 1617 2852 1099 2853 1097 2853 1623 2853 1623 2854 1097 2854 1622 2854 1623 2855 1622 2855 1625 2855 1625 2856 1622 2856 1626 2856 1625 2857 1626 2857 1624 2857 1624 2858 1626 2858 1627 2858 1096 2859 1628 2859 1622 2859 1622 2860 1628 2860 1629 2860 1622 2861 1629 2861 1626 2861 1626 2862 1629 2862 1630 2862 1626 2863 1630 2863 1627 2863 1627 2864 1630 2864 1631 2864 1627 2865 1631 2865 1632 2865 1391 2866 1139 2866 1624 2866 1624 2867 1139 2867 1621 2867 1624 2868 1621 2868 1620 2868 1391 2869 1624 2869 1390 2869 1390 2870 1624 2870 1627 2870 1390 2871 1627 2871 1389 2871 1389 2872 1627 2872 1632 2872 1389 2873 1632 2873 1219 2873 1219 2874 1632 2874 1221 2874 1221 2875 1632 2875 1633 2875 1632 2876 1631 2876 1633 2876 1633 2877 1631 2877 1630 2877 1633 2878 1630 2878 1634 2878 1096 2879 1095 2879 1628 2879 1628 2880 1095 2880 1634 2880 1628 2881 1634 2881 1629 2881 1629 2882 1634 2882 1630 2882 1635 2883 1253 2883 1230 2883 1636 2884 1252 2884 1637 2884 1637 2885 1252 2885 1253 2885 1634 2886 1095 2886 1234 2886 1233 2887 1638 2887 1234 2887 1234 2888 1638 2888 1639 2888 1234 2889 1639 2889 1634 2889 1253 2890 1635 2890 1637 2890 1637 2891 1635 2891 1640 2891 1637 2892 1640 2892 1641 2892 1641 2893 1640 2893 1642 2893 1641 2894 1642 2894 1638 2894 1638 2895 1642 2895 1643 2895 1638 2896 1643 2896 1639 2896 1639 2897 1643 2897 1633 2897 1639 2898 1633 2898 1634 2898 1230 2899 1229 2899 1635 2899 1635 2900 1229 2900 1227 2900 1635 2901 1227 2901 1640 2901 1640 2902 1227 2902 1225 2902 1640 2903 1225 2903 1642 2903 1642 2904 1225 2904 1223 2904 1642 2905 1223 2905 1643 2905 1643 2906 1223 2906 1221 2906 1643 2907 1221 2907 1633 2907 1233 2908 1232 2908 1638 2908 1638 2909 1232 2909 1231 2909 1638 2910 1231 2910 1641 2910 1641 2911 1231 2911 1235 2911 1641 2912 1235 2912 1637 2912 1637 2913 1235 2913 871 2913 1637 2914 871 2914 1636 2914 871 2915 870 2915 1636 2915 1636 2916 870 2916 1251 2916 1636 2917 1251 2917 1252 2917 1168 2918 1325 2918 874 2918 874 2919 1325 2919 1324 2919 874 2920 1324 2920 879 2920 1172 2921 1083 2921 1088 2921 1088 2922 1322 2922 1172 2922 1172 2923 1322 2923 1327 2923 1172 2924 1327 2924 1168 2924 1168 2925 1327 2925 1326 2925 1168 2926 1326 2926 1325 2926 1094 2927 1084 2927 1332 2927 1332 2928 1084 2928 1169 2928 1171 2929 1335 2929 1169 2929 1169 2930 1335 2930 1334 2930 1169 2931 1334 2931 1332 2931 866 2932 1331 2932 864 2932 864 2933 1331 2933 1329 2933 864 2934 1329 2934 1171 2934 1171 2935 1329 2935 1328 2935 1171 2936 1328 2936 1335 2936 1276 2937 869 2937 865 2937 1276 2938 865 2938 1277 2938 865 2939 1170 2939 1277 2939 1277 2940 1170 2940 844 2940 1277 2941 844 2941 843 2941 1189 2942 1188 2942 1213 2942 1213 2943 1188 2943 1279 2943 1279 2944 1188 2944 1278 2944 1278 2945 1188 2945 873 2945 1278 2946 873 2946 872 2946 1340 3 1336 3 1337 3 1330 3 866 3 867 3 1333 3 1330 3 1339 3 1339 3 1330 3 1340 3 1339 3 1340 3 1338 3 1338 2947 1340 2947 1337 2947 1341 3 1340 3 1342 3 1342 2948 1340 2948 1330 2948 1342 3 1330 3 1343 3 1343 2949 1330 2949 867 2949 1323 2950 1321 2950 1320 2950 1323 3 1316 3 1315 3 878 3 879 3 1309 3 1309 2951 879 2951 1323 2951 1309 3 1323 3 1314 3 1314 2952 1323 2952 1315 2952 1317 3 1316 3 1318 3 1318 2953 1316 2953 1323 2953 1318 2954 1323 2954 1319 2954 1319 2955 1323 2955 1320 2955 1302 2956 1301 2956 1294 2956 1282 2957 1281 2957 1280 2957 1294 2958 1296 2958 1287 2958 872 3 876 3 1280 3 1280 2959 876 2959 1304 2959 1304 3 1302 3 1280 3 1280 2960 1302 2960 1294 2960 1280 3 1294 3 1282 3 1282 2961 1294 2961 1287 2961 1282 2962 1287 2962 1283 2962 870 3 869 3 1250 3 1250 2963 869 2963 1249 2963 1254 3 1250 3 1255 3 1255 3 1250 3 1249 3 1255 2964 1249 2964 1256 2964 1256 3 1249 3 1260 3 1264 3 1260 3 1271 3 1271 3 1260 3 1249 3 1271 3 1249 3 1272 3 1272 2965 1249 2965 1275 2965 1644 2966 979 2966 1645 2966 1645 2966 979 2966 981 2966 1645 2967 981 2967 1646 2967 1646 2967 981 2967 983 2967 1646 2968 983 2968 1647 2968 1647 2969 983 2969 985 2969 1647 38 985 38 1648 38 1648 38 985 38 987 38 1648 2970 987 2970 1649 2970 1649 2971 987 2971 989 2971 1649 2972 989 2972 1650 2972 1650 2972 989 2972 978 2972 1650 2973 978 2973 1651 2973 1651 2973 978 2973 977 2973 1651 2974 977 2974 1652 2974 1652 2974 977 2974 975 2974 1652 2975 975 2975 1653 2975 1653 2975 975 2975 995 2975 1653 2976 995 2976 1654 2976 1654 2977 995 2977 997 2977 1654 45 997 45 1655 45 1655 45 997 45 999 45 1655 2978 999 2978 1656 2978 1656 2979 999 2979 1001 2979 1656 2980 1001 2980 1657 2980 1657 2980 1001 2980 1003 2980 1657 2981 1003 2981 1644 2981 1644 2981 1003 2981 979 2981 1644 30 1645 30 1658 30 1644 30 1658 30 1657 30 1654 30 1655 30 1658 30 1658 2982 1655 2982 1656 2982 1658 30 1656 30 1657 30 1651 30 1652 30 1658 30 1658 30 1652 30 1653 30 1658 2983 1653 2983 1654 2983 1648 30 1649 30 1658 30 1658 30 1649 30 1650 30 1658 30 1650 30 1651 30 1645 30 1646 30 1658 30 1658 2982 1646 2982 1647 2982 1658 30 1647 30 1648 30 1659 2984 1174 2984 1660 2984 1660 2973 1174 2973 1173 2973 1660 2985 1173 2985 1661 2985 1661 2972 1173 2972 1186 2972 1661 2971 1186 2971 1662 2971 1662 2970 1186 2970 1176 2970 1662 38 1176 38 1663 38 1663 38 1176 38 1175 38 1663 2969 1175 2969 1664 2969 1664 2968 1175 2968 1187 2968 1664 2986 1187 2986 1665 2986 1665 2967 1187 2967 1185 2967 1665 2987 1185 2987 1666 2987 1666 2966 1185 2966 1183 2966 1666 2988 1183 2988 1667 2988 1667 2981 1183 2981 1184 2981 1667 2989 1184 2989 1668 2989 1668 2980 1184 2980 1177 2980 1668 2979 1177 2979 1669 2979 1669 2978 1177 2978 1178 2978 1669 45 1178 45 1670 45 1670 45 1178 45 1179 45 1670 2977 1179 2977 1671 2977 1671 2976 1179 2976 1182 2976 1671 2990 1182 2990 1672 2990 1672 2975 1182 2975 1180 2975 1672 2991 1180 2991 1659 2991 1659 2974 1180 2974 1174 2974 1659 0 1660 0 1673 0 1659 0 1673 0 1672 0 1669 0 1670 0 1673 0 1673 2992 1670 2992 1671 2992 1673 2993 1671 2993 1672 2993 1666 0 1667 0 1673 0 1673 2994 1667 2994 1668 2994 1673 2995 1668 2995 1669 2995 1663 2996 1664 2996 1673 2996 1673 2994 1664 2994 1665 2994 1673 0 1665 0 1666 0 1660 2997 1661 2997 1673 2997 1673 2992 1661 2992 1662 2992 1673 0 1662 0 1663 0</p>
        </triangles>
      </mesh>
    </geometry>
  </library_geometries>
  <library_visual_scenes>
    <visual_scene id="Scene" name="Scene">
      <node id="link_2_1" name="link_2_1" type="NODE">
        <matrix sid="transform">0 1 0 0 -1 0 0 0 0 0 1 0 0 0 0 1</matrix>
        <instance_geometry url="#link_2_1-mesh" name="link_2_1">
          <bind_material>
            <technique_common>
              <instance_material symbol="m_1-material" target="#m_1-material"/>
            </technique_common>
          </bind_material>
        </instance_geometry>
      </node>
    </visual_scene>
  </library_visual_scenes>
  <scene>
    <instance_visual_scene url="#Scene"/>
  </scene>
</COLLADA>