<?xml version="1.0" encoding="utf-8"?>
<COLLADA xmlns="http://www.collada.org/2005/11/COLLADASchema" version="1.4.1" xmlns:xsi="http://www.w3.org/2001/XMLSchema-instance">
  <asset>
    <contributor>
      <author>Blender User</author>
      <authoring_tool>Blender 4.0.2 commit date:2023-12-05, commit time:07:41, hash:9be62e85b727</authoring_tool>
    </contributor>
    <created>2025-10-30T10:46:47</created>
    <modified>2025-10-30T10:46:47</modified>
    <unit name="meter" meter="1"/>
    <up_axis>Z_UP</up_axis>
  </asset>
  <library_effects>
    <effect id="m_1-effect">
      <profile_COMMON>
        <technique sid="common">
          <lambert>
            <emission>
              <color sid="emission">0 0 0 1</color>
            </emission>
            <diffuse>
              <color sid="diffuse">0.2 0.2 0.17 1</color>
            </diffuse>
            <reflectivity>
              <float sid="specular">1</float>
            </reflectivity>
            <index_of_refraction>
              <float sid="ior">1.45</float>
            </index_of_refraction>
          </lambert>
        </technique>
      </profile_COMMON>
    </effect>
  </library_effects>
  <library_images/>
  <library_materials>
    <material id="m_1-material" name="m_1">
      <instance_effect url="#m_1-effect"/>
    </material>
  </library_materials>
  <library_geometries>
    <geometry id="link_5_2-mesh" name="link_5_2">
      <mesh>
        <source id="link_5_2-mesh-positions">
          <float_array id="link_5_2-mesh-positions-array" count="5937">0.007859647 0.008256673 0.01249998 0.007317721 0.009067714 0.01249998 0.008199989 0.008185505 0.01249998 0.007317721 -0.009067714 0.01249998 0.007859647 -0.008256673 0.01249998 0.008199989 -0.008185505 0.01249998 0.008049964 -0.007299959 0.01249998 0.008049964 0.007299959 0.01249998 -0.008185505 0.008199989 0.01469999 -0.009067714 0.007317721 0.01469999 -0.008256673 0.007859647 0.01469999 -0.007299959 0.008049964 0.01469999 0.007299959 0.008049964 0.01469999 0.008185505 0.008199989 0.01469999 0.008256673 0.007859647 0.01469999 0.009067714 0.007317721 0.01469999 -0.007859647 -0.008256673 0.01249998 -0.007317721 -0.009067714 0.01249998 -0.008199989 -0.008185505 0.01249998 -0.007317721 0.009067714 0.01249998 -0.007859647 0.008256673 0.01249998 -0.008199989 0.008185505 0.01249998 -0.008049964 0.007299959 0.01249998 -0.008049964 -0.007299959 0.01249998 -0.008256673 -0.007859647 0.01469999 -0.009067714 -0.007317721 0.01469999 -0.008185505 -0.008199989 0.01469999 0.009067714 -0.007317721 0.01469999 0.008256673 -0.007859647 0.01469999 0.008185505 -0.008199989 0.01469999 0.007299959 -0.008049964 0.01469999 -0.007299959 -0.008049964 0.01469999 -0.008049964 0.007299959 0.008999943 -0.008049964 0.007309079 0.00899589 -0.008027076 0.007637381 0.008850455 -0.006506681 0.009609699 0.0142709 -0.006938874 0.009378671 0.01496392 -0.007317721 0.009067714 0.01589667 -0.007872045 0.008226156 0.008757472 -0.007349312 0.009035587 0.008443772 -0.006529867 0.009599924 0.007952094 -0.005549967 0.009799957 0.01369994 -0.005549967 0.009799957 0.007364213 -0.005795001 0.009787917 0.01373606 -0.006037712 0.009751915 0.01384407 -0.008185505 0.008199989 0.01669996 -0.007585525 0.00879997 0.01669996 -0.009067714 0.007317721 0.0113033 -0.008199989 0.008185505 0.01049995 -0.00879997 0.007585525 0.01049995 -0.008256852 0.007859587 0.01794582 -0.008484542 0.007751524 0.01796728 -0.007299959 0.008049964 0.0179097 -0.007706403 0.008016705 0.01791584 -0.00805521 0.007933139 0.01793158 -0.009609699 0.006506681 0.01292908 -0.009378671 0.006938874 0.01223599 -0.009609878 0.006506204 0.01827245 -0.009445667 0.006832897 0.0181818 -0.009166479 0.007213175 0.01808595 -0.009068012 0.007317483 0.01806145 -0.008826375 0.007529914 0.01801383 -0.009751915 0.006037712 0.01335585 -0.009787917 0.005795001 0.01346385 -0.009646892 0.006411373 0.01830029 -0.009799957 0.005549967 0.01349997 -0.009754359 0.006025433 0.01842069 -0.009799957 0.005549967 0.01858597 -0.009799957 0.00466144 0.01924133 -0.009799957 -0.005549967 0.01349997 -0.009799957 -0.005549967 0.01858597 -0.009799957 -0.00466144 0.01924133 -0.009799957 -0.003896653 0.02003753 -0.009799957 0.003896653 0.02003753 -0.009799957 0.003277659 0.02095174 -0.009799957 -0.003277659 0.02095174 -0.009799957 -0.002822339 0.02195745 -0.009799957 0.002822339 0.02195745 -0.009799957 -0.002543747 0.02302581 -0.009799957 0.001833796 0.02882462 -0.009799957 0.002169311 0.02833855 -0.009799957 -0.002449989 0.02719998 -0.009799957 0.002378761 0.02778631 -0.009799957 0.002449989 0.02719998 -0.009799957 -0.002449989 0.02412581 -0.009799957 0.002449989 0.02412581 -0.009799957 0.002543747 0.02302581 -0.009799957 -8.68782e-4 0.02949076 -0.009799957 -2.95315e-4 0.02963209 -0.009799957 -0.001391708 0.02921628 -0.009799957 -0.001833796 0.02882462 -0.009799957 -0.002378761 0.02778631 -0.009799957 -0.002169311 0.02833855 -0.009799957 8.68782e-4 0.02949076 -0.009799957 2.95315e-4 0.02963209 -0.009799957 0.001391708 0.02921628 -0.009378671 -0.006938874 0.01223599 -0.009067714 -0.007317721 0.0113033 -0.009751915 -0.006037712 0.01335585 -0.009609699 -0.006506681 0.01292908 -0.009575068 -0.006586313 0.01824951 -0.009787917 -0.005795001 0.01346385 -0.00978434 -0.005829334 0.01848655 -0.009686231 -0.006295502 0.01833516 -0.008799016 -0.007550656 0.0180093 -0.009067952 -0.007317543 0.01806145 -0.009142518 -0.007239699 0.01807969 -0.009343385 -0.006990253 0.01814091 -0.007299959 -0.008049964 0.0179097 -0.007765293 -0.008006274 0.01791781 -0.00809431 -0.007920444 0.01793402 -0.008256852 -0.007859587 0.01794582 -0.008520007 -0.007732033 0.01797127 -0.00879997 -0.007585525 0.01049995 -0.008199989 -0.008185505 0.01049995 -0.007585525 -0.00879997 0.01669996 -0.008185505 -0.008199989 0.01669996 -0.007317721 -0.009067714 0.01589667 -0.006938874 -0.009378671 0.01496392 -0.006037712 -0.009751915 0.01384407 -0.006506681 -0.009609699 0.0142709 -0.006586313 -0.009575068 0.008950471 -0.005795001 -0.009787917 0.01373606 -0.005829334 -0.00978434 0.008713424 -0.005549967 -0.009799957 0.008613944 -0.005549967 -0.009799957 0.01369994 -0.006295502 -0.009686231 0.00886476 -0.007550656 -0.008799016 0.009190618 -0.007317543 -0.009067952 0.009138524 -0.007239699 -0.009142518 0.009120285 -0.006990253 -0.009343385 0.009059071 -0.008006274 -0.007765293 0.009282171 -0.007920444 -0.00809431 0.009265899 -0.007859587 -0.008256852 0.009254157 -0.007732033 -0.008520007 0.009228706 -0.008026778 -0.007639586 0.009285926 -0.008049964 -0.007308423 0.009494602 -0.008049964 -0.007299959 0.009499967 -0.00466144 -0.009799957 0.00795865 0.005549967 -0.009799957 0.008613944 0.005549967 -0.009799957 0.01369994 0.00466144 -0.009799957 0.00795865 0.003896653 -0.009799957 0.007162392 -0.003896653 -0.009799957 0.007162392 -0.002822339 -0.009799957 0.005242466 -0.002543747 -0.009799957 0.004174172 0.002822339 -0.009799957 0.005242466 -0.003277659 -0.009799957 0.006248235 0.003277659 -0.009799957 0.006248235 0.001833796 -0.009799957 -0.001624643 0.002169311 -0.009799957 -0.001138567 -0.002449989 -0.009799957 0 0.002378761 -0.009799957 -5.86323e-4 0.002449989 -0.009799957 0 -0.002449989 -0.009799957 0.003074109 0.002449989 -0.009799957 0.003074109 0.002543747 -0.009799957 0.004174172 -8.68782e-4 -0.009799957 -0.002290785 -2.95315e-4 -0.009799957 -0.002432107 -0.001391708 -0.009799957 -0.002016305 -0.001833796 -0.009799957 -0.001624643 -0.002378761 -0.009799957 -5.86323e-4 -0.002169311 -0.009799957 -0.001138567 8.68782e-4 -0.009799957 -0.002290785 2.95315e-4 -0.009799957 -0.002432107 0.001391708 -0.009799957 -0.002016305 0.007751524 -0.008484542 0.00923264 0.007859587 -0.008256852 0.009254157 0.007933139 -0.00805521 0.009268343 0.008016705 -0.007706403 0.009284079 0.008049964 -0.007299959 0.009499967 0.008049964 -0.007308423 0.009494602 0.008026778 -0.007639586 0.009285926 0.006506681 -0.009609699 0.0142709 0.006938874 -0.009378671 0.01496392 0.007317721 -0.009067714 0.01589667 0.006506204 -0.009609878 0.008927524 0.006832897 -0.009445667 0.009018182 0.007213175 -0.009166479 0.009113967 0.007317483 -0.009068012 0.009138524 0.007529914 -0.008826375 0.009186148 0.006037712 -0.009751915 0.01384407 0.005795001 -0.009787917 0.01373606 0.006411373 -0.009646892 0.008899688 0.006025433 -0.009754359 0.008779227 0.008185505 -0.008199989 0.01669996 0.007585525 -0.00879997 0.01669996 0.009067714 -0.007317721 0.0113033 0.008199989 -0.008185505 0.01049995 0.00879997 -0.007585525 0.01049995 0.007341444 -0.008049607 0.01833599 0.007299959 -0.008049964 0.01833575 0.008226156 -0.007872045 0.01844251 0.009609699 -0.006506681 0.01292908 0.009378671 -0.006938874 0.01223599 0.009035587 -0.007349312 0.01875615 0.009599924 -0.006529867 0.01924782 0.009799957 -0.005549967 0.01349997 0.009799957 -0.005549967 0.01983577 0.009787917 -0.005795001 0.01346385 0.009751915 -0.006037712 0.01335585 0.009799957 0.005549967 0.01349997 0.009799957 0.005549967 0.01983577 0.009799957 0.00444442 0.02490937 0.009799957 0.004803895 0.02581357 0.009799957 -0.00411266 0.02401965 0.009799957 0.00487864 0.02050709 0.009799957 0.004401922 0.02112841 0.009799957 0.00410217 0.02185195 0.009799957 -0.00487864 0.02050709 0.009799957 -0.004401922 0.02112841 0.009799957 0.004970371 0.02774333 0.009799957 0.004770994 0.02869576 0.009799957 -0.00444442 0.02490937 0.009799957 -0.00410217 0.02185195 0.009799957 0.003999948 0.02262842 0.009799957 -0.003999948 0.02262842 0.009799957 0.004981458 0.02677029 0.009799957 -0.00234121 0.03161793 0.009799957 -0.003152608 0.03108084 0.009799957 -0.003844559 0.03039669 0.009799957 -0.004390954 0.0295915 0.009799957 0.004390954 0.0295915 0.009799957 0.003844559 0.03039669 0.009799957 0.003152608 0.03108084 0.009799957 0.00234121 0.03161793 0.009799957 0.001441121 0.03198778 0.009799957 4.86533e-4 0.03217625 0.009799957 -4.86533e-4 0.03217625 0.009799957 -0.001441121 0.03198778 0.009799957 -0.004770994 0.02869576 0.009799957 -0.004970371 0.02774333 0.009799957 -0.003999948 0.02307689 0.009799957 0.003999948 0.02307689 0.009799957 0.00411266 0.02401965 0.009799957 -0.004981458 0.02677029 0.009799957 -0.004803895 0.02581357 0.009378671 0.006938874 0.01223599 0.009067714 0.007317721 0.0113033 0.009787917 0.005795001 0.01346385 0.009611189 0.006502985 0.01926392 0.009767889 0.00594902 0.01959633 0.009609699 0.006506681 0.01292908 0.009751915 0.006037712 0.01335585 0.009441792 0.006839394 0.0190621 0.009071528 0.007313966 0.01877737 0.007299959 0.008049964 0.01833575 0.008118271 0.007912278 0.01841837 0.008259475 0.007858514 0.01845061 0.008854687 0.007507741 0.01866108 0.00879997 0.007585525 0.01049995 0.008199989 0.008185505 0.01049995 0.007585525 0.00879997 0.01669996 0.008185505 0.008199989 0.01669996 0.007317721 0.009067714 0.01589667 0.006938874 0.009378671 0.01496392 0.005795001 0.009787917 0.01373606 0.006502628 0.009611308 0.007935822 0.005549967 0.009799957 0.01369994 0.006141304 0.009729027 0.00771898 0.005549967 0.009799957 0.007364213 0.006506681 0.009609699 0.0142709 0.006037712 0.009751915 0.01384407 0.006994426 0.009340465 0.008230865 0.007313549 0.009071886 0.008422315 0.007858037 0.008260667 0.008749008 0.007610559 0.008715629 0.008600533 0.008049964 0.007299959 0.008999943 0.008049964 0.007309079 0.00899589 0.008027076 0.007637381 0.008850455 0.007961869 0.007957816 0.008811354 0.00487864 0.009799957 0.006692886 0.004401922 0.009799957 0.006071567 0.00410217 0.009799957 0.005348026 -0.00487864 0.009799957 0.006692886 -0.004401922 0.009799957 0.006071567 -0.00410217 0.009799957 0.005348026 0.003999948 0.009799957 0.004571557 -0.003999948 0.009799957 0.004571557 -0.004803895 0.009799957 0.001386344 -0.00444442 0.009799957 0.002290606 0.00411266 0.009799957 0.003180265 -0.00411266 0.009799957 0.003180265 -0.003999948 0.009799957 0.004123091 -0.004981458 0.009799957 4.29663e-4 0.00444442 0.009799957 0.002290606 -0.004970371 0.009799957 -5.4334e-4 0.004390954 0.009799957 -0.002391517 0.003844559 0.009799957 -0.003196716 -0.004770994 0.009799957 -0.001495718 0.003152608 0.009799957 -0.003880798 0.004803895 0.009799957 0.001386344 0.004981458 0.009799957 4.29663e-4 0.004970371 0.009799957 -5.4334e-4 0.004770994 0.009799957 -0.001495718 0.00234121 0.009799957 -0.004417955 0.001441121 0.009799957 -0.004787743 -0.004390954 0.009799957 -0.002391517 0.003999948 0.009799957 0.004123091 4.86533e-4 0.009799957 -0.004976272 -4.86533e-4 0.009799957 -0.004976272 -0.003152608 0.009799957 -0.003880798 -0.001441121 0.009799957 -0.004787743 -0.00234121 0.009799957 -0.004417955 -0.003844559 0.009799957 -0.003196716 0.005568683 0.007757067 0.01904284 0.004899978 0.007757067 0.01904284 0.005446374 0.007635235 0.01916474 0.005221962 0.007309675 0.0194903 0.005427837 0.00558573 0.02121418 0.005115509 0.00615406 0.02064585 0.004899978 0.00558573 0.02121418 0.005050957 0.006544172 0.02025574 0.005087256 0.006937921 0.01986205 0.00879997 -0.006257057 0.02054286 0.00879997 -0.00558573 0.02121418 0.007772088 -0.00558573 0.02121418 0.008084475 -0.00615406 0.02064585 0.008148968 -0.006544172 0.02025574 0.008679926 -0.006844997 0.01995491 0.008112668 -0.006937921 0.01986205 0.008341312 -0.007336676 0.01946324 0.007977962 -0.007309675 0.0194903 0.007855713 -0.007650315 0.0191496 0.007753551 -0.007635235 0.01916474 0.007685065 -0.00770682 0.01909315 0.004899978 0.008049964 0.01769995 0.004899978 0.008049964 0.01833575 0.006052255 0.008049964 0.01833575 0.007147669 0.008049964 0.01833575 -0.006052255 0.008049964 0.01769995 -0.007147669 0.008049964 0.01769995 -0.007147669 0.008049964 0.0179097 0.006052255 -0.008049964 0.01833575 0.004899978 -0.008049964 0.01833575 0.004899978 -0.008049964 0.01769995 0.007147669 -0.008049964 0.01833575 -0.007147669 -0.008049964 0.0179097 -0.007147669 -0.008049964 0.01769995 -0.006052255 -0.008049964 0.01769995 0.005569517 0.005442142 0.02467352 0.005706608 0.005333304 0.02445125 0.004899978 0.005333304 0.02445125 0.007630467 -0.005442142 0.02467352 0.007493317 -0.005333304 0.02445125 0.00879997 -0.005333304 0.02445125 0.007857859 -0.005694329 0.02530944 0.00879997 -0.005764722 0.02553629 0.007970929 -0.005876779 0.02599036 0.00879997 -0.005876779 0.02599036 0.00802344 -0.005986571 0.02679878 0.00879997 -0.005977749 0.0266844 0.008022904 -0.005985319 0.027619 0.004899978 -0.005650877 0.02921664 0.005374491 -0.005650877 0.02921664 0.004899978 -0.00489825 0.03066504 0.005547642 -0.00546199 0.02968323 0.005812942 -0.005264639 0.03007805 0.005993604 -0.005173504 0.03023886 0.006208777 -0.005100131 0.0303604 0.006584465 -0.005050063 0.03043985 0.006962478 -0.005092978 0.03037196 0.00879997 -0.00489825 0.03066504 0.00879997 -0.005985319 0.027619 0.00879997 -0.005964457 0.02785199 0.007968425 -0.00587207 0.02843219 0.00879997 -0.005725204 0.02899491 0.007825434 -0.005650877 0.02921664 0.00879997 -0.005650877 0.02921664 0.007630467 -0.005442142 0.02972644 0.00879997 -0.00526911 0.03006982 0.007360398 -0.005249321 0.03010588 0.007178723 -0.00516206 0.03025817 0.004899978 -0.005876779 0.02599036 0.005176365 -0.005986869 0.02680343 0.004899978 -0.005985319 0.027619 0.005177021 -0.005985319 0.027619 0.005231797 -0.005871593 0.02843451 0.005706608 -0.005333304 0.02445125 0.005547642 -0.00546199 0.02471673 0.004899978 -0.005333304 0.02445125 0.005336701 -0.00570178 0.02533203 0.005228996 -0.005876779 0.02599036 0.004899978 0.005876779 0.02599036 0.005228996 0.005876779 0.02599036 0.005342066 0.005694329 0.02530944 0.004899978 0.005650877 0.02921664 0.005231499 0.00587207 0.02843219 0.004899978 0.005985319 0.027619 0.005177021 0.005985319 0.027619 0.005176544 0.005986571 0.02679878 0.006991147 0.005100131 0.0303604 0.00879997 0.00489825 0.03066504 0.00720632 0.005173504 0.03023886 0.007386982 0.005264639 0.03007805 0.006615459 0.005050063 0.03043985 0.006237447 0.005092978 0.03037196 0.004899978 0.00489825 0.03066504 0.006021261 0.00516206 0.03025817 0.005839526 0.005249321 0.03010588 0.005569517 0.005442142 0.02972644 0.005374491 0.005650877 0.02921664 0.007652342 0.00546199 0.02968323 0.00879997 0.00526911 0.03006982 0.007825434 0.005650877 0.02921664 0.00879997 0.005650877 0.02921664 0.007968187 0.005871593 0.02843451 0.00879997 0.005725204 0.02899491 0.008022904 0.005985319 0.027619 0.00879997 0.005964457 0.02785199 0.00879997 0.005985319 0.027619 0.00802356 0.005986869 0.02680343 0.00879997 0.005977749 0.0266844 0.007970929 0.005876779 0.02599036 0.00879997 0.005876779 0.02599036 0.007863223 0.00570178 0.02533203 0.00879997 0.005764722 0.02553629 0.007652342 0.00546199 0.02471673 0.00879997 0.005333304 0.02445125 0.007493317 0.005333304 0.02445125 0.00879997 -0.004613459 0.03103607 0.004899978 -0.003783106 0.03185701 0.00879997 -0.003783106 0.03185701 0.00879997 -0.002809464 0.03250157 0.004899978 -0.002388 0.03270429 0.00879997 -8.16134e-4 0.03314423 0.004899978 -8.16134e-4 0.03314423 0.00879997 -0.001729369 0.03294533 0.00879997 -0.002388 0.03270429 0.00879997 -5.8384e-4 0.03317147 0.00879997 5.8384e-4 0.03317147 0.004899978 8.16134e-4 0.03314423 0.00879997 8.16134e-4 0.03314423 0.00879997 0.001729369 0.03294533 0.004899978 0.002388 0.03270429 0.00879997 0.002388 0.03270429 0.00879997 0.002809464 0.03250157 0.004899978 0.003783106 0.03185701 0.00879997 0.004613459 0.03103607 0.00879997 0.003783106 0.03185701 -0.006399989 -5.19779e-4 0.02475458 -0.006399989 -0.001469433 0.02517741 -0.006399989 -0.005062937 0.0187 -0.006399989 5.19779e-4 0.02475458 -0.006399989 0.005062937 0.0202347 -0.006399989 0.004926145 0.02037632 -0.006399989 0.005062937 0.0187 -0.006399989 0.004123508 0.0214886 -0.006399989 -0.004123508 0.0214886 -0.006399989 -0.004926145 0.02037632 -0.006399989 -0.005062937 0.0202347 -0.006399989 0 0.02969998 -0.006399989 -5.99086e-4 0.03059756 -0.006399989 -0.001016795 0.02948385 -0.006399989 -0.001724958 0.03018778 -0.006399989 -0.001857817 0.02887278 -0.006399989 -0.00264281 0.02941757 -0.006399989 -0.002377629 0.02797251 -0.006399989 -0.003241896 0.02837991 -0.006399989 -0.002486288 0.02693867 -0.006399989 -0.003449976 0.02719998 -0.006399989 -0.002165019 0.02594995 -0.006399989 -0.003449976 0.02412581 -0.006399989 -0.003620982 0.02276492 -0.006399989 0.001469433 0.02517741 -0.006399989 0.003620982 0.02276492 -0.006399989 0.002165019 0.02594995 -0.006399989 0.003449976 0.02412581 -0.006399989 0.002486288 0.02693867 -0.006399989 0.003449976 0.02719998 -0.006399989 0.002377629 0.02797251 -0.006399989 0.003241896 0.02837991 -0.006399989 0.001857817 0.02887278 -0.006399989 0.00264281 0.02941757 -0.006399989 0.001016795 0.02948385 -0.006399989 0.001724958 0.03018778 -0.006399989 5.99086e-4 0.03059756 -0.00879997 0.006073057 0.01943826 -0.008072555 0.00611633 0.01941198 -0.008772611 0.006314456 0.01929843 -0.008146584 0.006497383 0.01920294 -0.008708119 0.006510376 0.01919651 -0.008038163 0.007177948 0.01891911 -0.008215785 0.00707823 0.01895409 -0.008121371 0.006896495 0.01902353 -0.008419871 0.006917417 0.01901519 -0.008587419 0.006724357 0.01909625 -0.006685376 0.005052328 0.02024531 -0.006964802 0.005093514 0.02020436 -0.00879997 0.004926145 0.02037632 -0.007342696 0.005239486 0.02006602 -0.007652163 0.005461812 0.01987344 -0.00879997 0.005321204 0.01999276 -0.007863759 0.005702555 0.01968687 -0.008020162 0.00597912 0.01949727 -0.00879997 0.004674077 0.02066653 -0.00879997 0.004150331 0.02144002 -0.00879997 0.003765046 0.02229106 -0.00879997 0.003449976 0.02412581 -0.00879997 0.00352931 0.02319502 -0.00879997 0.003620982 0.02276492 -0.006684601 -0.005052268 0.02024537 -0.006964802 -0.005093514 0.02020436 -0.008199393 -0.00708878 0.01895034 -0.008038163 -0.007177948 0.01891911 -0.008121371 -0.006896495 0.01902353 -0.008731722 -0.006451547 0.01922607 -0.008665025 -0.006599187 0.01915353 -0.008146643 -0.006498515 0.01920235 -0.008526027 -0.006804287 0.01906168 -0.008405506 -0.006930887 0.01900982 -0.008790552 -0.006214916 0.0193541 -0.00807321 -0.006118178 0.01941084 -0.00879997 -0.006073057 0.01943826 -0.008018076 -0.005974292 0.01950037 -0.00879997 -0.005321204 0.01999276 -0.007862985 -0.005701482 0.01968765 -0.00879997 -0.004926145 0.02037632 -0.007652163 -0.005461812 0.01987344 -0.007342219 -0.005239248 0.0200662 -0.00879997 -0.004674077 0.02066653 -0.00879997 -0.004150331 0.02144002 -0.00879997 -0.003765046 0.02229106 -0.00879997 -0.003620982 0.02276492 -0.00879997 -0.00352931 0.02319502 -0.00879997 -0.003449976 0.02412581 0.007257282 0.005196213 0.02414411 0.00879997 0.005084514 0.02378398 0.00879997 0.004999995 0.02307689 0.004899978 0.004999995 0.02307689 0.006599485 0.005049943 0.02362233 0.006691575 0.005052685 0.02363675 0.00677675 0.005060076 0.02367442 0.006925284 0.005084514 0.02378398 0.004899978 0.005084514 0.02378398 0.00595504 0.005190491 0.02412897 0.006237447 0.005092978 0.02381801 0.006422758 0.005060136 0.02367466 0.005942702 -0.005196213 0.02414411 0.004899978 -0.005084514 0.02378398 0.004899978 -0.004999995 0.02307689 0.00879997 -0.004999995 0.02307689 0.006600499 -0.005049943 0.02362233 0.00650835 -0.005052685 0.02363675 0.006423175 -0.005060076 0.02367442 0.00627464 -0.005084514 0.02378398 0.00879997 -0.005084514 0.02378398 0.007244884 -0.005190491 0.02412897 0.006962478 -0.005092978 0.02381801 0.006777167 -0.005060136 0.02367466 -0.005089342 -0.0069471 0.0187 -0.00511676 -0.007049977 0.0187 0.004899978 -0.007049977 0.0187 0.004899978 0.007049977 0.0187 -0.00511676 0.007049977 0.0187 -0.005089342 0.0069471 0.0187 -0.005111515 0.00616759 0.0187 -0.005510389 -0.005497515 0.0187 -0.005111515 -0.00616759 0.0187 -0.006185114 0.005106508 0.0187 -0.005510389 0.005497515 0.0187 -0.006185114 -0.005106508 0.0187 0.00879997 0.004999995 0.02262842 0.007772088 0.004999995 0.02262842 0.007488548 0.004999995 0.02260714 0.006226658 0.004999995 0.02244275 0.005980789 0.004999995 0.02254414 0.005702853 0.004999995 0.02260839 0.005427837 0.004999995 0.02262842 0.004899978 0.004999995 0.02262842 0.007190346 0.004999995 0.0225346 0.00694704 0.004999995 0.02242892 0.006508827 0.004999995 0.02225786 0.006730079 0.004999995 0.02228826 0.006523549 0.004999995 0.02224612 0.006674528 0.004999995 0.02224463 0.006593704 0.004999995 0.02219569 0.006587028 0.004999995 0.02219879 0.006575226 0.004999995 0.02220624 0.006604909 0.004999995 0.02219521 0.006599247 0.004999995 0.02219438 0.00659579 0.004999995 0.02219498 0.006614148 0.004999995 0.02219951 0.004899978 -0.004999995 0.02262842 0.005427837 -0.004999995 0.02262842 0.006973326 -0.004999995 0.02244275 0.007219135 -0.004999995 0.02254414 0.007497072 -0.004999995 0.02260839 0.007772088 -0.004999995 0.02262842 0.00879997 -0.004999995 0.02262842 0.005711376 -0.004999995 0.02260714 0.006009578 -0.004999995 0.0225346 0.006252944 -0.004999995 0.02242892 0.006691157 -0.004999995 0.02225786 0.006469905 -0.004999995 0.02228826 0.006676375 -0.004999995 0.02224612 0.006525397 -0.004999995 0.02224463 0.006606221 -0.004999995 0.02219569 0.006612956 -0.004999995 0.02219879 0.006624758 -0.004999995 0.02220624 0.006595015 -0.004999995 0.02219521 0.006600677 -0.004999995 0.02219438 0.006604135 -0.004999995 0.02219498 0.006585776 -0.004999995 0.02219951 0.004899978 -0.007915973 0.01819998 0.004899978 0.007549941 0.01856601 0.004899978 0.007973849 0.01871842 0.004899978 0.007915973 0.01819998 0.004899978 -0.001016795 0.02491611 0.004899978 0 0.02469998 0.004899978 -0.007549941 0.01856601 0.004899978 -0.001857817 0.02552717 0.004899978 -0.002377629 0.02642744 0.004899978 -0.002486288 0.02746129 0.004899978 -0.007973849 0.01871842 0.004899978 -0.007757067 0.01904284 0.004899978 -0.00558573 0.02121418 0.004899978 -0.005152225 0.02186304 0.004899978 0.001857817 0.02552717 0.004899978 0.002377629 0.02642744 0.004899978 0.001016795 0.02491611 0.004899978 0.005152225 0.02186304 0.004899978 0.002165019 0.02844995 0.004899978 0.002486288 0.02746129 0.004899978 -0.001469433 0.02922254 0.004899978 -5.19779e-4 0.02964532 0.004899978 5.19779e-4 0.02964532 0.004899978 -0.002165019 0.02844995 0.004899978 0.001469433 0.02922254 -0.00879997 -0.003449976 0.02719998 -0.00879997 0.003449976 0.02719998 -0.00879997 0.003349721 0.02802562 -0.00879997 0.00264281 0.02941757 -0.00879997 0.003054797 0.02880328 -0.00879997 0.003241896 0.02837991 -0.00879997 0.002582311 0.02948772 -0.00879997 0.0019598 0.03003925 -0.00879997 5.99086e-4 0.03059756 -0.00879997 0.001223385 0.03042578 -0.00879997 0.001724958 0.03018778 -0.00879997 4.15852e-4 0.0306248 -0.00879997 -4.15852e-4 0.0306248 -0.00879997 -0.001724958 0.03018778 -0.00879997 -0.001223385 0.03042578 -0.00879997 -5.99086e-4 0.03059756 -0.00879997 -0.0019598 0.03003925 -0.00879997 -0.002582311 0.02948772 -0.00879997 -0.00264281 0.02941757 -0.00879997 -0.003054797 0.02880328 -0.00879997 -0.003349721 0.02802562 -0.00879997 -0.003241896 0.02837991 0.005221962 -0.007309675 0.0194903 0.005441784 -0.00763005 0.01916986 0.005568683 -0.007757067 0.01904284 0.005087256 -0.006937921 0.01986205 0.005050957 -0.006544172 0.02025574 0.005115509 -0.00615406 0.02064585 0.005427837 -0.00558573 0.02121418 0.007772088 0.00558573 0.02121418 0.00879997 0.00558573 0.02121418 0.008084475 0.00615406 0.02064585 0.00879997 0.006257057 0.02054286 0.008148968 0.006544172 0.02025574 0.008780717 0.006496489 0.02030342 0.008112668 0.006937921 0.01986205 0.008585035 0.007030725 0.01976919 0.007977962 0.007309675 0.0194903 0.008232772 0.007431745 0.01936823 0.007756173 0.007632255 0.01916766 0.007790982 0.007674455 0.01912552 0.007685065 0.00770682 0.01909315 0.005947232 -0.005194127 0.02740579 0.005334496 -0.005704939 0.02824336 0.007239282 -0.005187988 0.02741158 0.007856786 -0.00569278 0.02826261 0.007252693 0.005194127 0.02740579 0.007865428 0.005704939 0.02824336 0.005960643 0.005187988 0.02741158 0.005343198 0.00569278 0.02826261 0.005446374 0.007635235 0.01833575 0.007753551 0.007635235 0.01833575 0.007436454 0.007904887 0.01885122 0.007195353 0.00803107 0.01852929 0.007299959 0.007982909 0.01869583 0.007425963 0.007911562 0.01884031 0.008112668 0.006937921 0.01833575 0.008084475 0.00615406 0.01833575 0.007676064 0.005484402 0.01833575 0.007687389 0.005495429 0.02130454 0.007358789 0.005248427 0.02155154 0.007447659 0.005302309 0.02149766 0.006992161 0.005100429 0.01833575 0.007574915 0.005394995 0.02140498 0.007680356 0.005488514 0.0213114 0.006230592 0.005094647 0.02170532 0.006207764 0.005100429 0.02169954 0.006207764 0.005100429 0.01833575 0.005841135 0.005248427 0.02155154 0.006328284 0.005073964 0.02172601 0.006425917 0.005059778 0.02174019 0.006472051 0.005055248 0.02174466 0.006599962 0.005049943 0.02174997 0.006992161 0.005100429 0.02169954 0.00552386 0.005484402 0.01833575 0.005115509 0.00615406 0.01833575 0.00552386 0.005484402 0.02131551 0.005612611 0.005405128 0.02139484 0.005087256 0.006937921 0.01833575 0.005997836 0.008028209 0.01854312 0.005882382 0.007973849 0.01871842 0.007753551 -0.007635235 0.01833575 0.005997896 -0.008028268 0.01854306 0.005882382 -0.007973849 0.01871842 0.005446374 -0.007635235 0.01833575 0.005087256 -0.006937921 0.01833575 0.005115509 -0.00615406 0.01833575 0.00552386 -0.005484402 0.01833575 0.005512595 -0.005495429 0.02130454 0.005841135 -0.005248427 0.02155154 0.005752265 -0.005302309 0.02149766 0.006207764 -0.005100429 0.01833575 0.005625009 -0.005394995 0.02140498 0.005519568 -0.005488514 0.0213114 0.006969392 -0.005094647 0.02170532 0.006992161 -0.005100429 0.02169954 0.006992161 -0.005100429 0.01833575 0.007358789 -0.005248427 0.02155154 0.00687164 -0.005073964 0.02172601 0.006774067 -0.005059778 0.02174019 0.006727874 -0.005055248 0.02174466 0.006599962 -0.005049943 0.02174997 0.006207764 -0.005100429 0.02169954 0.007676064 -0.005484402 0.01833575 0.008084475 -0.00615406 0.01833575 0.007676064 -0.005484402 0.02131551 0.007587313 -0.005405128 0.02139484 0.008112668 -0.006937921 0.01833575 0.007195353 -0.00803107 0.01852929 0.007299959 -0.007982909 0.01869583 0.007327616 -0.007968544 0.0187307 0.007435023 -0.007905781 0.01884967 0.007539212 -0.007833003 0.01895278 -0.005781054 -0.007915973 0.01819998 -0.005449533 -0.007638692 0.01850831 -0.005449533 -0.007638692 0.01769995 -0.007559597 -0.007817149 0.01853626 -0.007463991 -0.007886826 0.01844948 -0.007784426 -0.007599771 0.01769995 -0.007299959 -0.007982909 0.01826977 -0.007195353 -0.00803107 0.0181033 -0.008121371 -0.006896495 0.01769995 -0.007868051 -0.00749129 0.01878386 -0.007798731 -0.007582545 0.01873022 -0.00807321 -0.006118178 0.01769995 -0.007652163 -0.005461812 0.01769995 -0.006964802 -0.005093514 0.01769995 -0.006185114 -0.005106508 0.01769995 -0.005510389 -0.005497515 0.01769995 -0.005111515 -0.00616759 0.01769995 -0.005089342 -0.0069471 0.01769995 -0.005226612 -0.007318615 0.01866322 -0.005375206 -0.007549941 0.01856601 -0.006024479 -0.008039176 0.01784658 -0.005957603 -0.008010625 0.01797777 -0.005781054 0.007915973 0.01819998 -0.005957961 0.008010745 0.01797729 -0.005449533 0.007638692 0.01769995 -0.006024718 0.008039236 0.01784592 -0.005226135 0.007317602 0.01866346 -0.005089342 0.0069471 0.01769995 -0.005377709 0.00755316 0.01856416 -0.005449533 0.007638692 0.01850831 -0.006964802 0.005093514 0.01769995 -0.006185114 0.005106508 0.01769995 -0.005510389 0.005497515 0.01769995 -0.005111515 0.00616759 0.01769995 -0.007652163 0.005461812 0.01769995 -0.00807321 0.006118178 0.01769995 -0.008121371 0.006896495 0.01769995 -0.007784426 0.007599771 0.01769995 -0.007989227 0.007287383 0.01887881 -0.007463991 0.007886826 0.01844948 -0.007712185 0.007679522 0.01866233 -0.007798731 0.007582545 0.01873022 -0.007299959 0.007982909 0.01826977 -0.007195353 0.00803107 0.0181033 0.00879997 -0.005267918 0.02162837 0.007772088 -0.005152225 0.02186304 0.00879997 -0.005068123 0.02211076 0.00879997 -0.005152225 0.02186304 0.006449103 -0.005019187 0.02195924 0.007600247 -0.005128681 0.02191019 0.007413327 -0.005103945 0.02193796 0.00722891 -0.005079865 0.02194488 0.006944 -0.005041718 0.02193969 0.006920576 -0.005038559 0.0219407 0.006799161 -0.005023777 0.02195274 0.00674349 -0.005018532 0.02196019 0.0066908 -0.005014955 0.02196621 0.006666421 -0.005013823 0.02196824 0.006612479 -0.005012571 0.02197068 0.006523728 -0.00501424 0.02196753 0.006282448 -0.005038142 0.02194082 0.006203174 -0.005048811 0.02193903 0.005992591 -0.005077064 0.02194464 0.005807042 -0.005101263 0.02193963 0.005605161 -0.005127906 0.02191132 0.005427837 -0.005152225 0.02186304 0.005427837 0.005152225 0.02186304 0.006750881 0.005019187 0.02195924 0.005599677 0.005128681 0.02191019 0.005786657 0.005103945 0.02193796 0.005971074 0.005079865 0.02194488 0.006255924 0.005041718 0.02193969 0.006279349 0.005038559 0.0219407 0.006400823 0.005023777 0.02195274 0.006456434 0.005018532 0.02196019 0.006509184 0.005014955 0.02196621 0.006533503 0.005013823 0.02196824 0.006587505 0.005012571 0.02197068 0.006676197 0.00501424 0.02196753 0.006917476 0.005038142 0.02194082 0.00699675 0.005048811 0.02193903 0.007207393 0.005077064 0.02194464 0.007392883 0.005101263 0.02193963 0.007594764 0.005127906 0.02191132 0.007772088 0.005152225 0.02186304 0.00879997 0.005267918 0.02162837 0.00879997 0.005152225 0.02186304 0.00879997 0.005068123 0.02211076 -0.009594798 0.006222367 0.01883798 -0.009477972 0.00655359 0.01871299 -0.007883489 0.007629513 0.01868057 -0.007671475 0.007932305 0.01832771 -0.007990539 0.007859945 0.01834285 -0.008383929 0.007703006 0.01837754 -0.008698463 0.007512152 0.01842319 -0.009014308 0.007240235 0.01849496 -0.009278893 0.006914556 0.01859164 -0.009666025 0.005811512 0.01901215 -0.00950706 0.005919814 0.01918864 -0.008215844 0.007504105 0.01871359 -0.008481621 0.007351756 0.01875716 -0.008748531 0.007134974 0.01882582 -0.008972108 0.006875753 0.01891857 -0.009140431 0.006589233 0.01903527 -0.009239315 0.006326973 0.0191558 -0.009299993 0.006002962 0.01932406 -0.009299993 0.003315985 0.02412581 -0.009182631 0.003373861 0.02412581 -0.009182631 0.003454267 0.02318215 -0.009723842 0.004913926 0.01952886 -0.009723842 0.0041942 0.02027821 -0.009723842 0.003611624 0.0211386 -0.009723842 0.003183066 0.02208513 -0.009723842 0.002920866 0.02309054 -0.00950706 0.005127966 0.01977264 -0.009723842 0.002832651 0.02412581 -0.009666025 0.002949953 0.02412581 -0.00950706 0.004446387 0.0204823 -0.00950706 0.003894746 0.02129703 -0.00950706 0.003488898 0.02219337 -0.00950706 0.003240644 0.02314543 -0.00950706 0.003157079 0.02412581 -0.009182631 0.005271017 0.01993554 -0.009182631 0.004614949 0.02061861 -0.009182631 0.004083931 0.02140289 -0.009182631 0.003693282 0.02226567 -0.009723842 0.002832651 0.02719998 -0.009666025 0.002949953 0.02719998 -0.00950706 0.003157079 0.02719998 -0.009299993 0.003315985 0.02719998 -0.009182631 0.003373861 0.02719998 -0.009299993 -0.003315985 0.02719998 -0.009182631 -0.003373861 0.02719998 -0.009182631 -0.003275811 0.02800738 -0.009182631 0.003275811 0.02800738 -0.009182631 -0.002987384 0.02876788 -0.009182631 -0.002525329 0.02943724 -0.009182631 -0.001916527 0.0299766 -0.009182631 -0.001196384 0.03035461 -0.009182631 -4.06676e-4 0.03054922 -0.009182631 4.06676e-4 0.03054922 -0.009182631 0.001196384 0.03035461 -0.009182631 0.001916527 0.0299766 -0.009182631 0.002525329 0.02943724 -0.009182631 0.002987384 0.02876788 -0.009666025 -0.002949953 0.02719998 -0.00950706 -0.003157079 0.02719998 -0.00950706 -0.003065347 0.02795553 -0.00950706 -0.002795457 0.02866715 -0.00950706 -0.002363085 0.02929353 -0.00950706 -0.001793384 0.0297982 -0.00950706 -0.001119494 0.0301519 -0.00950706 -3.80547e-4 0.03033405 -0.00950706 3.80547e-4 0.03033405 -0.00950706 0.001119494 0.0301519 -0.00950706 0.001793384 0.0297982 -0.00950706 0.002363085 0.02929353 -0.00950706 0.002795457 0.02866715 -0.00950706 0.003065347 0.02795553 -0.009723842 -0.002832651 0.02719998 -0.009723842 -0.002750337 0.02787786 -0.009723842 -0.002508163 0.02851641 -0.009723842 -0.002120256 0.02907836 -0.009723842 -0.001609146 0.02953124 -0.009723842 -0.001004457 0.02984857 -0.009723842 -3.41442e-4 0.03001201 -0.009723842 3.41442e-4 0.03001201 -0.009723842 0.001004457 0.02984857 -0.009723842 0.001609146 0.02953124 -0.009723842 0.002120256 0.02907836 -0.009723842 0.002508163 0.02851641 -0.009723842 0.002750337 0.02787786 -0.009723842 -0.002832651 0.02412581 -0.009666025 -0.002949953 0.02412581 -0.00950706 -0.003157079 0.02412581 -0.009299993 -0.003315985 0.02412581 -0.009182631 -0.003373861 0.02412581 -0.009666025 -0.005811512 0.01901215 -0.009723842 -0.002920866 0.02309054 -0.009182631 -0.003454267 0.02318215 -0.00950706 -0.003240644 0.02314543 -0.009723842 -0.003183066 0.02208513 -0.009723842 -0.003611624 0.0211386 -0.00950706 -0.003488898 0.02219337 -0.00950706 -0.003894746 0.02129703 -0.009182631 -0.003693282 0.02226567 -0.009182631 -0.004083931 0.02140289 -0.009723842 -0.0041942 0.02027821 -0.00950706 -0.004446387 0.0204823 -0.009182631 -0.004614949 0.02061861 -0.009723842 -0.004913926 0.01952886 -0.00950706 -0.005127966 0.01977264 -0.009182631 -0.005271017 0.01993554 -0.00950706 -0.005919814 0.01918864 -0.009299993 -0.006002962 0.01932406 -0.009633481 -0.006053388 0.01890695 -0.008243381 -0.007490694 0.01871728 -0.007913708 -0.007620692 0.01868283 -0.008460342 -0.007366001 0.01875293 -0.007725358 -0.007923245 0.01832956 -0.008026361 -0.007848918 0.01834517 -0.00951904 -0.006454288 0.01874905 -0.009405374 -0.006703436 0.01866078 -0.009181082 -0.007049262 0.01855021 -0.008991897 -0.007262945 0.0184887 -0.00867325 -0.007530033 0.01841878 -0.008729577 -0.007153093 0.01881974 -0.008889436 -0.006982922 0.01887875 -0.009079039 -0.006708085 0.01898497 -0.009175121 -0.006510496 0.01907002 -0.009272158 -0.006193578 0.01922243 -0.008416473 -0.007686257 0.01838141 0.007299959 -0.008015871 0.01859456 0.007993698 -0.007794857 0.01894813 0.007336556 -0.008015632 0.0185948 0.008120596 -0.007870852 0.0187059 0.008855462 -0.007440865 0.01903444 0.009405553 -0.006753802 0.01955461 0.009666025 -0.005903542 0.02018934 0.00861454 -0.007436513 0.01927983 0.009079098 -0.00686568 0.01980555 0.009299993 -0.006162345 0.02044814 0.009182631 -0.005531907 0.02116036 0.009299993 -0.005491018 0.02111947 0.00950706 -0.005378663 0.02100706 0.009666025 -0.005232214 0.02086061 0.009723842 -0.005149245 0.0207777 0.009723842 -0.004471838 0.02195101 0.009723842 -0.004733324 0.02131974 0.009182631 -0.005201995 0.02159035 0.00950706 -0.00501424 0.02148193 0.009723842 -0.004382669 0.02262842 0.009666025 -0.004499971 0.02262842 0.00950706 -0.00478518 0.02203494 0.00950706 -0.004707098 0.02262842 0.009182631 -0.004994571 0.02209109 0.009299993 -0.004866003 0.02262842 0.009182631 -0.00492388 0.02262842 0.009723842 -0.004382669 0.02307689 0.009666025 -0.004499971 0.02307689 0.00950706 -0.004707098 0.02307689 0.009299993 -0.004866003 0.02307689 0.009182631 -0.00492388 0.02307689 0.009723842 -0.004484593 0.02392947 0.009182631 -0.005010545 0.02380192 0.00950706 -0.004799842 0.023853 0.009723842 -0.004784584 0.02473402 0.00950706 -0.005072951 0.02458542 0.009182631 -0.005265653 0.02448612 0.009723842 0.004784584 0.02473402 0.009723842 0.005171597 0.02570748 0.00950706 0.005072951 0.02458542 0.00950706 0.005483329 0.02561753 0.009182631 0.005265653 0.02448612 0.009182631 0.005691587 0.02555739 0.009182631 0.005901932 0.0266909 0.009182631 0.00588876 0.02784371 0.009182631 0.005652546 0.02897214 0.009182631 0.005202293 0.0300334 0.009182631 0.004554927 0.03098738 0.009182631 0.003735125 0.03179794 0.009182631 0.002773821 0.03243428 0.009182631 0.001707434 0.03287243 0.009182631 5.76433e-4 0.03309571 0.009182631 -5.76433e-4 0.03309571 0.009182631 -0.001707434 0.03287243 0.009182631 -0.002773821 0.03243428 0.009182631 -0.003735125 0.03179794 0.009182631 -0.004554927 0.03098738 0.009182631 -0.005202293 0.0300334 0.009182631 -0.005652546 0.02897214 0.009182631 -0.00588876 0.02784371 0.009182631 -0.005901932 0.0266909 0.009182631 -0.005691587 0.02555739 0.00950706 0.005685985 0.02670955 0.00950706 0.005673289 0.02782016 0.00950706 0.005445718 0.02890729 0.00950706 0.005011916 0.02992975 0.00950706 0.004388272 0.0308488 0.00950706 0.003598451 0.03162968 0.00950706 0.002672314 0.03224277 0.00950706 0.001644968 0.03266489 0.00950706 5.5534e-4 0.03288 0.00950706 -5.5534e-4 0.03288 0.00950706 -0.001644968 0.03266489 0.00950706 -0.002672314 0.03224277 0.00950706 -0.003598451 0.03162968 0.00950706 -0.004388272 0.0308488 0.00950706 -0.005011916 0.02992975 0.00950706 -0.005445718 0.02890729 0.00950706 -0.005673289 0.02782016 0.00950706 -0.005685985 0.02670955 0.00950706 -0.005483329 0.02561753 0.009723842 0.005362749 0.02673745 0.009723842 0.005350768 0.02778488 0.009723842 0.005136132 0.0288102 0.009723842 0.004727005 0.02977454 0.009723842 0.004138827 0.03064137 0.009723842 0.003393888 0.03137785 0.009723842 0.002520382 0.03195607 0.009723842 0.001551449 0.03235423 0.009723842 5.23771e-4 0.03255712 0.009723842 -5.23771e-4 0.03255712 0.009723842 -0.001551449 0.03235423 0.009723842 -0.002520382 0.03195607 0.009723842 -0.003393888 0.03137785 0.009723842 -0.004138827 0.03064137 0.009723842 -0.004727005 0.02977454 0.009723842 -0.005136132 0.0288102 0.009723842 -0.005350768 0.02778488 0.009723842 -0.005362749 0.02673745 0.009723842 -0.005171597 0.02570748 0.009723842 0.004484593 0.02392947 0.009723842 0.004382669 0.02307689 0.009666025 0.004499971 0.02307689 0.00950706 0.004799842 0.023853 0.00950706 0.004707098 0.02307689 0.009182631 0.005010545 0.02380192 0.009299993 0.004866003 0.02307689 0.009182631 0.00492388 0.02307689 0.009723842 0.004382669 0.02262842 0.009666025 0.004499971 0.02262842 0.00950706 0.004707098 0.02262842 0.009299993 0.004866003 0.02262842 0.009182631 0.00492388 0.02262842 0.009723842 0.004733324 0.02131974 0.009723842 0.004471838 0.02195101 0.009182631 0.004994571 0.02209109 0.00950706 0.00478518 0.02203494 0.00950706 0.00501424 0.02148193 0.009182631 0.005201995 0.02159035 0.009723842 0.005149245 0.0207777 0.009666025 0.005232214 0.02086061 0.00950706 0.005378663 0.02100706 0.009299993 0.005491018 0.02111947 0.009182631 0.005531907 0.02116036 0.009299993 0.006162345 0.02044814 0.009666025 0.005903542 0.02018934 0.007912397 0.007822275 0.01892274 0.007299959 0.008015871 0.01859456 0.008024394 0.007903635 0.01868075 0.00924474 0.006452202 0.02018409 0.00868833 0.007571816 0.01893466 0.009244024 0.007015466 0.01935726 0.009601294 0.006254434 0.01992869 0.008473396 0.00754553 0.01917904 0.008942663 0.00708276 0.01960599 -0.007399976 0 0.02969998 -0.007399976 -0.001016795 0.02948385 -0.007399976 -0.001857817 0.02887278 -0.007399976 -0.002377629 0.02797251 -0.007399976 -0.002486288 0.02693867 -0.007399976 -0.002165019 0.02594995 -0.007399976 -0.001469433 0.02517741 -0.007399976 -5.19779e-4 0.02475458 -0.007399976 5.19779e-4 0.02475458 -0.007399976 0.001469433 0.02517741 -0.007399976 0.002165019 0.02594995 -0.007399976 0.002486288 0.02693867 -0.007399976 0.002377629 0.02797251 -0.007399976 0.001857817 0.02887278 -0.007399976 0.001016795 0.02948385 -0.007399976 0 0.02719998 0.005899965 0 0.02469998 0.005899965 -0.001016795 0.02491611 0.005899965 -0.001857817 0.02552717 0.005899965 -0.002377629 0.02642744 0.005899965 -0.002486288 0.02746129 0.005899965 -0.002165019 0.02844995 0.005899965 -0.001469433 0.02922254 0.005899965 -5.19779e-4 0.02964532 0.005899965 5.19779e-4 0.02964532 0.005899965 0.001469433 0.02922254 0.005899965 0.002165019 0.02844995 0.005899965 0.002486288 0.02746129 0.005899965 0.002377629 0.02642744 0.005899965 0.001857817 0.02552717 0.005899965 0.001016795 0.02491611 0.005899965 0 0.02719998 -0.007049977 -0.00511676 0.008499979 -0.007049977 -0.008083224 0.008499979 -0.007318615 -0.005226612 0.008536756 -0.007318496 -0.007973372 0.008536696 -0.007549941 -0.005375206 0.008633971 -0.007549941 -0.007824718 0.008633971 -0.007759749 -0.005571663 0.008795499 -0.007638752 -0.007750391 0.008691668 -0.007915973 -0.005781054 0.008999943 -0.007915973 -0.00741887 0.008999943 -0.008010625 -0.005957603 0.009222149 -0.008039176 -0.006024479 0.009353339 -0.00799489 -0.00727576 0.009172677 -0.008049964 -0.006052255 0.009499967 -0.008042514 -0.007167041 0.009378015 -0.008044183 -0.007249772 0.009392678 -0.008041739 -0.007454931 0.009371936 0.007638752 -0.007750391 0.008691668 0.00755316 -0.007822215 0.008635759 0.007760524 -0.005572497 0.008796334 0.007317602 -0.007973849 0.008536458 0.007049977 -0.008083224 0.008499979 0.007317602 -0.005226135 0.008536458 0.007049977 -0.00511676 0.008499979 0.007549941 -0.005375206 0.008633971 0.008044004 -0.007366359 0.00939083 0.008042514 -0.007167041 0.009378015 0.008049964 -0.006052255 0.009499967 0.008010745 -0.005957961 0.009222686 0.008039236 -0.006024718 0.009353995 0.007915973 -0.00741887 0.008999943 0.007915973 -0.005781054 0.008999943 0.00799483 -0.007275879 0.009172499 0.007757067 0.005568683 0.008157074 0.007757067 0.004899978 0.008157074 0.007635533 0.005446672 0.00803554 0.007310211 0.00522226 0.007710218 0.00558573 0.005427837 0.005985736 0.006155312 0.005115151 0.006555318 0.00558573 0.004899978 0.005985736 0.006545245 0.005050957 0.006945252 0.006938755 0.005087435 0.007338762 -0.006257057 0.00879997 0.006657063 -0.00558573 0.00879997 0.005985736 -0.00558573 0.007772088 0.005985736 -0.006147801 0.008082568 0.006547808 -0.006537258 0.008148729 0.006937205 -0.006844997 0.008679926 0.007245004 -0.006930708 0.008114278 0.007330715 -0.007336676 0.008341312 0.007736682 -0.007302761 0.007981479 0.007702767 -0.007650315 0.007855713 0.008050322 -0.007629096 0.007758975 0.008029103 -0.00770682 0.007685065 0.008106827 0.008049964 0.004899978 0.008999943 0.008049964 0.004899978 0.009499967 -0.008049964 0.004899978 0.008999943 -0.008049964 0.004899978 0.009499967 0.005417108 0.005598306 0.002579629 0.005333304 0.005706608 0.002748727 0.005333304 0.004899978 0.002748727 -0.005450904 0.007640242 0.002507388 -0.005333304 0.007493317 0.002748727 -0.005333304 0.00879997 0.002748727 -0.005697369 0.007860064 0.00188142 -0.005764722 0.00879997 0.001663625 -0.005876779 0.007970929 0.001209557 -0.005876779 0.00879997 0.001209557 -0.00598675 0.0080235 3.98082e-4 -0.005977749 0.00879997 5.15596e-4 -0.005985319 0.008022904 -4.19051e-4 -0.00509274 0.006238341 -0.003172278 -0.005050003 0.006612122 -0.00323987 -0.00489825 0.004899978 -0.003465056 -0.0052464 0.005844771 -0.00291115 -0.005650877 0.004899978 -0.002016663 -0.005650877 0.005374491 -0.002016663 -0.005435764 0.00557667 -0.002539992 -0.005985319 0.00879997 -4.19051e-4 -0.005964457 0.00879997 -6.52008e-4 -0.005871355 0.007968068 -0.001235544 -0.005725204 0.00879997 -0.001794874 -0.005650877 0.007825434 -0.002016663 -0.005650877 0.00879997 -0.002016663 -0.005450904 0.007640242 -0.002507388 -0.00526911 0.00879997 -0.002869844 -0.005257725 0.00737518 -0.002890586 -0.00489825 0.00879997 -0.003465056 -0.005098223 0.006983637 -0.003163516 -0.005876779 0.004899978 0.001209557 -0.005986452 0.005176544 4.02214e-4 -0.005985319 0.004899978 -4.19051e-4 -0.005985319 0.005177021 -4.19051e-4 -0.00587207 0.005231499 -0.001232147 -0.005333304 0.005706608 0.002748727 -0.005435764 0.00557667 0.002539992 -0.005333304 0.004899978 0.002748727 -0.005690574 0.005344748 0.001901805 -0.005876779 0.005228996 0.001209557 0.005876779 0.004899978 0.001209557 0.005876779 0.005228996 0.001209557 0.005683004 0.005350291 0.001924276 0.005650877 0.004899978 -0.002016663 0.005871832 0.005231678 -0.001233458 0.005985319 0.004899978 -4.19051e-4 0.005985319 0.005177021 -4.19051e-4 0.005986511 0.005176544 4.01528e-4 0.005050539 0.006641089 -0.003239095 0.005086541 0.006265342 -0.003182232 0.00489825 0.004899978 -0.003465056 0.005105078 0.007009565 -0.00315243 0.00489825 0.00879997 -0.003465056 0.005180001 0.00722146 -0.003027737 0.005271673 0.007398843 -0.002865076 0.005231797 0.005871534 -0.002937316 0.005417108 0.005598306 -0.002579629 0.005650877 0.005374491 -0.002016663 0.005468487 0.007659316 -0.002468883 0.00526911 0.00879997 -0.002869844 0.005650877 0.007825434 -0.002016663 0.005650877 0.00879997 -0.002016663 0.005871534 0.007968127 -0.00123465 0.005725204 0.00879997 -0.001794874 0.005985319 0.008022904 -4.19051e-4 0.005964457 0.00879997 -6.52008e-4 0.005985319 0.00879997 -4.19051e-4 0.005986869 0.00802356 3.96502e-4 0.005977749 0.00879997 5.15596e-4 0.005876779 0.007970929 0.001209557 0.005876779 0.00879997 0.001209557 0.005704462 0.007865071 0.001859784 0.005764722 0.00879997 0.001663625 0.005468487 0.007659316 0.002468883 0.005333304 0.00879997 0.002748727 0.005333304 0.007493317 0.002748727 -0.004613459 0.00879997 -0.003836035 -0.003783106 0.004899978 -0.00465697 -0.003783106 0.00879997 -0.00465697 -0.002809464 0.00879997 -0.005301535 -0.002388 0.004899978 -0.00550431 -8.16134e-4 0.00879997 -0.005944192 -8.16134e-4 0.004899978 -0.005944192 -0.001729369 0.00879997 -0.005745351 -0.002388 0.00879997 -0.00550431 -5.8384e-4 0.00879997 -0.005971491 5.8384e-4 0.00879997 -0.005971491 8.16134e-4 0.004899978 -0.005944192 8.16134e-4 0.00879997 -0.005944192 0.001729369 0.00879997 -0.005745351 0.002388 0.004899978 -0.00550431 0.002388 0.00879997 -0.00550431 0.002809464 0.00879997 -0.005301535 0.003783106 0.004899978 -0.00465697 0.004613459 0.00879997 -0.003836035 0.003783106 0.00879997 -0.00465697 -5.19779e-4 -0.006399989 0.00244534 -0.001469433 -0.006399989 0.002022504 -0.005062937 -0.006399989 0.008499979 5.19779e-4 -0.006399989 0.00244534 0.005062937 -0.006399989 0.006965219 0.004926145 -0.006399989 0.006823658 0.005062937 -0.006399989 0.008499979 0.004123508 -0.006399989 0.005711376 0 -0.006399989 -0.002499997 -5.99086e-4 -0.006399989 -0.003397583 -0.001016795 -0.006399989 -0.002283811 -0.001724958 -0.006399989 -0.002987742 -0.001857817 -0.006399989 -0.001672804 -0.00264281 -0.006399989 -0.00221759 -0.002377629 -0.006399989 -7.72542e-4 -0.003241896 -0.006399989 -0.001179933 -0.002486288 -0.006399989 2.61321e-4 -0.003449976 -0.006399989 0 -0.002165019 -0.006399989 0.001249969 -0.003449976 -0.006399989 0.003074109 0.001469433 -0.006399989 0.002022504 0.003620982 -0.006399989 0.004435062 0.002165019 -0.006399989 0.001249969 0.003449976 -0.006399989 0.003074109 0.002486288 -0.006399989 2.61321e-4 0.003449976 -0.006399989 0 0.002377629 -0.006399989 -7.72542e-4 0.003241896 -0.006399989 -0.001179933 0.001857817 -0.006399989 -0.001672804 0.00264281 -0.006399989 -0.00221759 0.001016795 -0.006399989 -0.002283811 0.001724958 -0.006399989 -0.002987742 5.99086e-4 -0.006399989 -0.003397583 -0.003620982 -0.006399989 0.004435062 -0.004123508 -0.006399989 0.005711376 -0.004926145 -0.006399989 0.006823658 -0.005062937 -0.006399989 0.006965219 0.006073057 -0.00879997 0.007761657 0.00597912 -0.008020162 0.007702708 0.00623244 -0.008105754 0.007855832 0.006314456 -0.008772611 0.007901549 0.006599962 -0.008149981 0.008046805 0.006510376 -0.008708119 0.008003413 0.007177948 -0.008038163 0.008280813 0.00707823 -0.008215785 0.008245825 0.006979703 -0.008102715 0.008209109 0.006917417 -0.008419871 0.00818479 0.006724357 -0.008587419 0.008103668 0.005060553 -0.006780803 0.006962835 0.005147993 -0.007142424 0.007048368 0.004926145 -0.00879997 0.006823658 0.005326986 -0.007484316 0.007212221 0.00557059 -0.007758796 0.007413446 0.005321204 -0.00879997 0.007207155 0.004674077 -0.00879997 0.006533443 0.004150331 -0.00879997 0.005759894 0.003765046 -0.00879997 0.004908859 0.003449976 -0.00879997 0.003074109 0.00352931 -0.00879997 0.004004895 0.003620982 -0.00879997 0.004435062 -0.00623244 -0.008105754 0.007855832 -0.00597912 -0.008020162 0.007702708 -0.006073057 -0.00879997 0.007761657 -0.005060613 -0.00678122 0.006962895 -0.005321204 -0.00879997 0.007207155 -0.00557059 -0.007758796 0.007413446 -0.004926145 -0.00879997 0.006823658 -0.005327284 -0.007484734 0.007212519 -0.005147993 -0.007142424 0.007048368 -0.00708878 -0.008199393 0.00824964 -0.007177948 -0.008038163 0.008280813 -0.006979703 -0.008102715 0.008209109 -0.006598472 -0.008149981 0.00804609 -0.006804287 -0.008526027 0.008138298 -0.006930887 -0.008405506 0.008190095 -0.006214916 -0.008790552 0.007845818 -0.006451547 -0.008731722 0.007973909 -0.006599187 -0.008665025 0.008046388 -0.004674077 -0.00879997 0.006533443 -0.004150331 -0.00879997 0.005759894 -0.003765046 -0.00879997 0.004908859 -0.003620982 -0.00879997 0.004435062 -0.00352931 -0.00879997 0.004004895 -0.003449976 -0.00879997 0.003074109 0.005105078 0.007009565 0.003335952 0.005084514 0.00879997 0.003415942 0.004999995 0.004899978 0.004123091 0.005049943 0.006600737 0.003577649 0.004999995 0.00879997 0.004123091 0.005060255 0.006778061 0.00352478 0.005084514 0.006925284 0.003415942 0.005084514 0.004899978 0.003415942 0.005185604 0.005965888 0.003084123 0.005086541 0.006265342 0.003407657 0.005052685 0.006508708 0.003563284 -0.00519061 0.005954861 0.003070712 -0.005084514 0.004899978 0.003415942 -0.004999995 0.004899978 0.004123091 -0.004999995 0.00879997 0.004123091 -0.005049943 0.006600439 0.003577649 -0.005052685 0.006508409 0.003563165 -0.005060076 0.006423294 0.003525555 -0.005084514 0.00627464 0.003415942 -0.005084514 0.00879997 0.003415942 -0.005195081 0.007254779 0.00305885 -0.005098223 0.006983637 0.003361642 -0.005060136 0.006777167 0.003525316 0.005147993 -0.007142424 0.008499979 0.007049977 0.004899978 0.008499979 -0.00557059 -0.007758796 0.008499979 -0.00623244 -0.008105754 0.008499979 -0.006979703 -0.008102715 0.008499979 0.00557059 -0.007758796 0.008499979 0.00623244 -0.008105754 0.008499979 0.006979703 -0.008102715 0.008499979 -0.007049977 0.004899978 0.008499979 -0.005147993 -0.007142424 0.008499979 0.004999995 0.00879997 0.004571557 0.004999995 0.007772088 0.004571557 0.004999995 0.007488548 0.004592835 0.004999995 0.006226658 0.004757225 0.004999995 0.005980789 0.004655838 0.004999995 0.005702853 0.004591524 0.004999995 0.005427837 0.004571557 0.004999995 0.004899978 0.004571557 0.004999995 0.007190346 0.004665315 0.004999995 0.00694704 0.004770994 0.004999995 0.006508827 0.004942059 0.004999995 0.006730079 0.004911661 0.004999995 0.006523549 0.004953861 0.004999995 0.006674528 0.004955291 0.004999995 0.006593704 0.005004286 0.004999995 0.006587028 0.005001127 0.004999995 0.006575226 0.004993736 0.004999995 0.006604909 0.005004703 0.004999995 0.006599247 0.005005538 0.004999995 0.00659579 0.005004942 0.004999995 0.006614148 0.005000412 -0.004999995 0.004899978 0.004571557 -0.004999995 0.005427837 0.004571557 -0.004999995 0.006973326 0.004757225 -0.004999995 0.007219135 0.004655838 -0.004999995 0.007497072 0.004591524 -0.004999995 0.007772088 0.004571557 -0.004999995 0.00879997 0.004571557 -0.004999995 0.005711376 0.004592835 -0.004999995 0.006009578 0.004665315 -0.004999995 0.006252944 0.004770994 -0.004999995 0.006691157 0.004942059 -0.004999995 0.006469905 0.004911661 -0.004999995 0.006676375 0.004953861 -0.004999995 0.006525397 0.004955291 -0.004999995 0.006606221 0.005004286 -0.004999995 0.006612956 0.005001127 -0.004999995 0.006624758 0.004993736 -0.004999995 0.006595015 0.005004703 -0.004999995 0.006600677 0.005005538 -0.004999995 0.006604135 0.005004942 -0.004999995 0.006585776 0.005000412 0.007915973 0.004899978 0.008999943 -0.007915973 0.004899978 0.008999943 -0.001469433 0.004899978 -0.002022504 -5.19779e-4 0.004899978 -0.00244534 5.19779e-4 0.004899978 -0.00244534 0.001857817 0.004899978 0.001672804 0.002377629 0.004899978 7.72542e-4 0.005152225 0.004899978 0.00533694 0.001016795 0.004899978 0.002283811 0.001469433 0.004899978 -0.002022504 0.002165019 0.004899978 -0.001249969 -0.002486288 0.004899978 -2.61321e-4 -0.002165019 0.004899978 -0.001249969 0.002486288 0.004899978 -2.61321e-4 -0.001857817 0.004899978 0.001672804 -0.002377629 0.004899978 7.72542e-4 0.007549941 0.004899978 0.008633971 0 0.004899978 0.002499997 -0.001016795 0.004899978 0.002283811 -0.008046805 0.004899978 0.008943736 -0.007988333 0.004899978 0.008518576 -0.007549941 0.004899978 0.008633971 -0.007757067 0.004899978 0.008157074 -0.00558573 0.004899978 0.005985736 -0.005152225 0.004899978 0.00533694 0.007988333 0.004899978 0.008518576 0.008046805 0.004899978 0.008943736 -0.003449976 -0.00879997 0 0.003449976 -0.00879997 0 0.003349721 -0.00879997 -8.25639e-4 0.003241896 -0.00879997 -0.001179933 0.003054797 -0.00879997 -0.001603245 0.0019598 -0.00879997 -0.002839267 0.002582311 -0.00879997 -0.002287745 0.00264281 -0.00879997 -0.00221759 5.99086e-4 -0.00879997 -0.003397583 0.001223385 -0.00879997 -0.003225803 0.001724958 -0.00879997 -0.002987742 4.15852e-4 -0.00879997 -0.003424823 -4.15852e-4 -0.00879997 -0.003424823 -0.001724958 -0.00879997 -0.002987742 -0.001223385 -0.00879997 -0.003225803 -5.99086e-4 -0.00879997 -0.003397583 -0.0019598 -0.00879997 -0.002839267 -0.002582311 -0.00879997 -0.002287745 -0.00264281 -0.00879997 -0.00221759 -0.003054797 -0.00879997 -0.001603245 -0.003349721 -0.00879997 -8.25639e-4 -0.003241896 -0.00879997 -0.001179933 -0.007310688 0.005222558 0.007710695 -0.007630646 0.005442321 0.008030652 -0.007757067 0.005568683 0.008157074 -0.00693947 0.005087614 0.007339477 -0.006546199 0.005050897 0.006946206 -0.006156384 0.005114793 0.006556391 -0.00558573 0.005427837 0.005985736 0.00558573 0.007772088 0.005985736 0.00558573 0.00879997 0.005985736 0.006150782 0.008083462 0.006550729 0.006257057 0.00879997 0.006657063 0.006540477 0.008148849 0.006940484 0.006611883 0.008757412 0.00701189 0.006934106 0.008113503 0.007334113 0.007123768 0.008524239 0.007523775 0.007305979 0.00797981 0.007705986 0.007493436 0.008149385 0.007893443 0.007628917 0.007759153 0.008028924 0.007704198 0.007694661 0.008104205 0.00770682 0.007685065 0.008106827 -0.005688905 0.005346 -0.00106889 -0.005187749 0.00596106 -2.11794e-4 -0.005192518 0.007249236 -2.07399e-4 -0.005698263 0.00786066 -0.001054644 0.00519818 0.007261335 -2.01857e-4 0.005708873 0.00786823 -0.001036167 0.005182147 0.005973696 -2.16776e-4 0.005677402 0.005354464 -0.001089036 0.008022308 0.005983948 0.008835911 0.008046805 0.00604391 0.008943736 0.008049309 0.006050407 0.00882703 0.006934106 0.008113503 0.008499979 0.007549941 0.007824718 0.008499979 0.008044242 0.00716263 0.008924484 0.007982969 0.00729984 0.008749961 0.008040428 0.007172286 0.008750438 0.008038043 0.007178246 0.008728802 0.007799983 0.007581055 0.008566975 0.007961452 0.007340848 0.008453369 0.008015036 0.007232546 0.008604943 0.007904887 0.007436454 0.008348762 0.006150782 0.008083462 0.008499979 0.005482316 0.007673919 0.008499979 0.005495429 0.007687389 0.005895435 0.005247056 0.007356345 0.005647063 0.005302309 0.007447659 0.005702316 0.005099773 0.006989657 0.008499979 0.005394995 0.007574915 0.005795001 0.005486547 0.00767827 0.005886495 0.005094647 0.006230592 0.005494654 0.005100965 0.006205737 0.005500972 0.005100965 0.006205737 0.008499979 0.005249381 0.005839467 0.005649387 0.005073964 0.006328284 0.005473971 0.005059778 0.006425917 0.005459785 0.005055248 0.006472051 0.005455255 0.005049943 0.006597578 0.00544995 0.005099773 0.006989657 0.00549978 0.005485594 0.005522608 0.008499979 0.006155312 0.005115151 0.008499979 0.005485594 0.005522608 0.005885601 0.005405128 0.005612611 0.005805134 0.006938755 0.005087435 0.008499979 0.007982969 0.005900144 0.008749961 0.007549941 0.005375206 0.008499979 0.0076375 0.0054484 0.008507668 0.007799983 0.00561887 0.008566975 0.007988333 0.005910873 0.008518576 0.008038759 0.006023406 0.008714854 -0.006930708 0.008114278 0.008499979 -0.00693947 0.005087614 0.008499979 -0.007549941 0.005375206 0.008499979 -0.007637739 0.005448639 0.008507728 -0.008049309 0.006050467 0.008827388 -0.008046805 0.00604391 0.008943736 -0.008022248 0.005983829 0.008835792 -0.007799983 0.00561887 0.008566975 -0.007982969 0.005900144 0.008749961 -0.007988333 0.005910873 0.008518576 -0.008038759 0.006023406 0.008714854 -0.006156384 0.005114793 0.008499979 -0.005486667 0.005521535 0.008499979 -0.005495429 0.005512595 0.005895435 -0.005250215 0.005837976 0.005650222 -0.005302309 0.005752265 0.005702316 -0.005101442 0.00620383 0.008499979 -0.005394995 0.005625009 0.005795001 -0.00549072 0.005517363 0.005890667 -0.005073964 0.00687164 0.005473971 -0.005059778 0.006774067 0.005459785 -0.005055248 0.006727874 0.005455255 -0.005050182 0.006624102 0.005450129 -0.005050003 0.006595492 0.00544995 -0.005101442 0.00620383 0.005501449 -0.005480468 0.007671952 0.008499979 -0.005480468 0.007671952 0.005880415 -0.005099177 0.006987392 0.008499979 -0.005405128 0.007587313 0.005805134 -0.005245864 0.007354199 0.005645811 -0.005099177 0.006987392 0.005499184 -0.005094647 0.006969392 0.005494654 -0.006147801 0.008082568 0.008499979 -0.007549941 0.007824718 0.008499979 -0.007799983 0.007581055 0.008566975 -0.007857561 0.007506072 0.008279323 -0.007988333 0.007289111 0.008518636 -0.007970392 0.007324159 0.008473455 -0.007882535 0.007470309 0.008314549 -0.008044242 0.00716263 0.008924484 -0.008045554 0.007159292 0.008831322 -0.007982969 0.00729984 0.008749961 -0.008031904 0.007193267 0.008685886 -0.007994472 0.007276594 0.008535981 -0.008045732 -0.007158815 0.009266436 -0.008028388 -0.00720179 0.009092509 -0.007987797 -0.007290184 0.0089432 -0.00749129 -0.007868051 0.008416056 -0.007582545 -0.007798731 0.0084697 -0.007817149 -0.007559597 0.008663713 -0.007886826 -0.007463991 0.008750498 0.007886826 -0.007463991 0.008750498 0.007679522 -0.007712185 0.00853765 0.007582545 -0.007798731 0.0084697 0.007287383 -0.007989227 0.008321166 0.008045732 -0.007158815 0.009266436 0.008028388 -0.00720179 0.009092509 0.007987797 -0.007290184 0.0089432 -0.005267918 0.00879997 0.005571544 -0.005152225 0.007772088 0.00533694 -0.005068123 0.00879997 0.005089163 -0.005152225 0.00879997 0.00533694 -0.005128681 0.007600247 0.005289793 -0.005103945 0.007413327 0.005261957 -0.005079865 0.00722891 0.005255103 -0.005041718 0.006944 0.005260229 -0.005038559 0.006920576 0.005259275 -0.005023777 0.006799161 0.005247175 -0.005018532 0.00674349 0.005239784 -0.005014955 0.0066908 0.005233764 -0.005013823 0.006666421 0.005231678 -0.005012571 0.006612479 0.005229234 -0.00501424 0.006523728 0.005232453 -0.005019187 0.006449103 0.005240738 -0.005038142 0.006282448 0.005259096 -0.005048811 0.006203174 0.005260884 -0.005077064 0.005992591 0.005255341 -0.005101263 0.005807042 0.005260288 -0.005127906 0.005605161 0.0052886 -0.005152225 0.005427837 0.00533694 0.005152225 0.005427837 0.00533694 0.005019187 0.006750881 0.005240738 0.005128681 0.005599677 0.005289793 0.005103945 0.005786657 0.005261957 0.005079865 0.005971074 0.005255103 0.005041718 0.006255924 0.005260229 0.005038559 0.006279349 0.005259275 0.005023777 0.006400823 0.005247175 0.005018532 0.006456434 0.005239784 0.005014955 0.006509184 0.005233764 0.005013823 0.006533503 0.005231678 0.005012571 0.006587505 0.005229234 0.00501424 0.006676197 0.005232453 0.005038142 0.006917476 0.005259096 0.005048811 0.00699675 0.005260884 0.005077064 0.007207393 0.005255341 0.005101263 0.007392883 0.005260288 0.005127906 0.007594764 0.0052886 0.005152225 0.007772088 0.00533694 0.005267918 0.00879997 0.005571544 0.005152225 0.00879997 0.00533694 0.005068123 0.00879997 0.005089163 0.007574617 -0.007861316 0.008471727 0.007794141 -0.007956326 0.008724629 0.007647991 -0.008330285 0.008690416 0.007861554 -0.007653117 0.008739531 0.007993102 -0.007691025 0.009058773 0.007915019 -0.008026778 0.009043395 0.005694687 -0.009760916 0.008378207 0.006139874 -0.0096969 0.008549213 0.00649935 -0.009580671 0.008672773 0.006891131 -0.009376645 0.008793234 0.007244408 -0.00910151 0.008889853 0.007538974 -0.008770823 0.008961975 0.007745504 -0.008440494 0.009008169 0.008024215 -0.007299959 0.009064793 0.007470309 -0.0086295 0.008645296 0.007217347 -0.008930206 0.008574187 0.006914675 -0.009182751 0.008478164 0.006579518 -0.009373664 0.008357286 0.006272137 -0.009486854 0.008232474 0.005891084 -0.009558022 0.00805813 0.00745517 -0.008180916 0.008439123 0.007310032 -0.008436441 0.008396148 0.007103383 -0.008692741 0.008328557 0.006856381 -0.00890702 0.008237242 0.006583333 -0.009067654 0.008122563 0.006333649 -0.009161174 0.008004248 0.006025373 -0.009216964 0.007839322 0.003315985 -0.009299993 0.003074109 0.003373861 -0.009182631 0.003074109 0.003454267 -0.009182631 0.00401777 0.004913926 -0.009723842 0.007671058 0.0041942 -0.009723842 0.006921708 0.003611624 -0.009723842 0.006061375 0.003183066 -0.009723842 0.005114793 0.002920866 -0.009723842 0.004109382 0.005127966 -0.00950706 0.007427275 0.002832651 -0.009723842 0.003074109 0.002949953 -0.009666025 0.003074109 0.004446387 -0.00950706 0.006717681 0.003894746 -0.00950706 0.005902945 0.003488898 -0.00950706 0.005006551 0.003240644 -0.00950706 0.004054486 0.003157079 -0.00950706 0.003074109 0.005271017 -0.009182631 0.007264375 0.004614949 -0.009182631 0.006581306 0.004083931 -0.009182631 0.005797088 0.003693282 -0.009182631 0.004934251 0.003373861 -0.009182631 0 0.003315985 -0.009299993 0 0.003157079 -0.00950706 0 0.002949953 -0.009666025 0 0.002832651 -0.009723842 0 -0.003315985 -0.009299993 0 -0.003373861 -0.009182631 0 -0.003275811 -0.009182631 -8.07422e-4 0.003275811 -0.009182631 -8.07422e-4 -0.002987384 -0.009182631 -0.0015679 -0.002525329 -0.009182631 -0.00223726 -0.001916527 -0.009182631 -0.002776622 -0.001196384 -0.009182631 -0.003154575 -4.06676e-4 -0.009182631 -0.003349244 4.06676e-4 -0.009182631 -0.003349244 0.001196384 -0.009182631 -0.003154575 0.001916527 -0.009182631 -0.002776622 0.002525329 -0.009182631 -0.00223726 0.002987384 -0.009182631 -0.0015679 -0.002949953 -0.009666025 0 -0.003157079 -0.00950706 0 -0.003065347 -0.00950706 -7.55545e-4 -0.002795457 -0.00950706 -0.001467168 -0.002363085 -0.00950706 -0.002093493 -0.001793384 -0.00950706 -0.002598226 -0.001119494 -0.00950706 -0.00295192 -3.80547e-4 -0.00950706 -0.003134071 3.80547e-4 -0.00950706 -0.003134071 0.001119494 -0.00950706 -0.00295192 0.001793384 -0.00950706 -0.002598226 0.002363085 -0.00950706 -0.002093493 0.002795457 -0.00950706 -0.001467168 0.003065347 -0.00950706 -7.55545e-4 -0.002832651 -0.009723842 0 -0.002750337 -0.009723842 -6.77905e-4 -0.002508163 -0.009723842 -0.001316368 -0.002120256 -0.009723842 -0.00187838 -0.001609146 -0.009723842 -0.002331197 -0.001004457 -0.009723842 -0.002648591 -3.41442e-4 -0.009723842 -0.002812027 3.41442e-4 -0.009723842 -0.002812027 0.001004457 -0.009723842 -0.002648591 0.001609146 -0.009723842 -0.002331197 0.002120256 -0.009723842 -0.00187838 0.002508163 -0.009723842 -0.001316368 0.002750337 -0.009723842 -6.77905e-4 -0.002832651 -0.009723842 0.003074109 -0.002949953 -0.009666025 0.003074109 -0.003157079 -0.00950706 0.003074109 -0.003315985 -0.009299993 0.003074109 -0.003373861 -0.009182631 0.003074109 -0.005695104 -0.009760737 0.008377492 -0.002920866 -0.009723842 0.004109382 -0.003454267 -0.009182631 0.00401777 -0.003240644 -0.00950706 0.004054486 -0.003183066 -0.009723842 0.005114793 -0.003611624 -0.009723842 0.006061375 -0.003488898 -0.00950706 0.005006551 -0.003894746 -0.00950706 0.005902945 -0.003693282 -0.009182631 0.004934251 -0.004083931 -0.009182631 0.005797088 -0.0041942 -0.009723842 0.006921708 -0.004446387 -0.00950706 0.006717681 -0.004614949 -0.009182631 0.006581306 -0.004913926 -0.009723842 0.007671058 -0.005127966 -0.00950706 0.007427275 -0.005271017 -0.009182631 0.007264375 -0.005891323 -0.009557664 0.008057773 -0.006025433 -0.009216725 0.007839202 -0.008024096 -0.007299959 0.009064137 -0.007852911 -0.007704257 0.008737325 -0.007566034 -0.007890284 0.008469402 -0.007442295 -0.008207321 0.008435368 -0.007323443 -0.008415818 0.008400201 -0.007983207 -0.00774765 0.00905627 -0.007902979 -0.008064329 0.009040296 -0.007727265 -0.008474528 0.009003579 -0.007558286 -0.00874418 0.008965849 -0.007269084 -0.009077847 0.008895516 -0.007037401 -0.009274959 0.008833944 -0.006662189 -0.009506523 0.008723855 -0.006391823 -0.009621798 0.008636355 -0.005957007 -0.0097332 0.008480668 -0.007120549 -0.008674383 0.008334338 -0.006958425 -0.008827686 0.008276283 -0.006696581 -0.009009003 0.008171796 -0.006508409 -0.009100377 0.00808829 -0.006206691 -0.009191572 0.007938802 -0.007783651 -0.007990241 0.008721888 -0.007632136 -0.008361101 0.008686244 -0.00748676 -0.008605301 0.008649289 -0.007238388 -0.008908569 0.008580088 -0.007039725 -0.009088993 0.008518993 -0.006718635 -0.009303569 0.008408963 -0.006487429 -0.009412944 0.008320927 -0.006115555 -0.009524583 0.008163094 -0.007775008 0.007970869 0.008214473 -0.007988989 0.007334709 0.008520901 -0.006655156 0.009520888 0.007793068 -0.007407248 0.008953511 0.008300721 -0.007880926 0.008175969 0.008622646 -0.008040904 0.00733906 0.008731782 -0.008046627 0.007337152 0.008942246 -0.007853329 0.008079648 0.008408844 -0.007450342 0.008779644 0.008077383 -0.006805598 0.009307563 0.007551789 -0.005735278 0.009765028 0.007178843 -0.005903542 0.009666025 0.007010638 -0.006005704 0.009564578 0.006908416 -0.006162345 0.009299993 0.006751835 -0.007426142 0.008569836 0.007884144 -0.0068717 0.009014904 0.007361054 -0.006191194 0.009221553 0.006722986 -0.005149245 0.009723842 0.006422281 -0.005232214 0.009666025 0.006339311 -0.005378663 0.00950706 0.006192862 -0.005491018 0.009299993 0.006080508 -0.005531907 0.009182631 0.006039559 -0.004471838 0.009723842 0.005248963 -0.004733324 0.009723842 0.005880177 -0.005201995 0.009182631 0.005609631 -0.00501424 0.00950706 0.005717992 -0.004382669 0.009723842 0.004571557 -0.004499971 0.009666025 0.004571557 -0.00478518 0.00950706 0.00516498 -0.004707098 0.00950706 0.004571557 -0.004994571 0.009182631 0.005108892 -0.004866003 0.009299993 0.004571557 -0.00492388 0.009182631 0.004571557 -0.004382669 0.009723842 0.004123091 -0.004499971 0.009666025 0.004123091 -0.004707098 0.00950706 0.004123091 -0.004866003 0.009299993 0.004123091 -0.00492388 0.009182631 0.004123091 -0.004484593 0.009723842 0.003270447 -0.005010545 0.009182631 0.003398001 -0.004799842 0.00950706 0.00334692 -0.004784584 0.009723842 0.002465903 -0.005072951 0.00950706 0.002614498 -0.005265653 0.009182631 0.002713859 0.004784584 0.009723842 0.002465903 0.005171597 0.009723842 0.0014925 0.005072951 0.00950706 0.002614498 0.005483329 0.00950706 0.001582443 0.005265653 0.009182631 0.002713859 0.005691587 0.009182631 0.001642525 0.005901932 0.009182631 5.09054e-4 0.00588876 0.009182631 -6.43736e-4 0.005652546 0.009182631 -0.001772105 0.005202293 0.009182631 -0.002833425 0.004554927 0.009182631 -0.003787398 0.003735125 0.009182631 -0.004597902 0.002773821 0.009182631 -0.005234301 0.001707434 0.009182631 -0.005672454 5.76433e-4 0.009182631 -0.005895733 -5.76433e-4 0.009182631 -0.005895733 -0.001707434 0.009182631 -0.005672454 -0.002773821 0.009182631 -0.005234301 -0.003735125 0.009182631 -0.004597902 -0.004554927 0.009182631 -0.003787398 -0.005202293 0.009182631 -0.002833425 -0.005652546 0.009182631 -0.001772105 -0.00588876 0.009182631 -6.43736e-4 -0.005901932 0.009182631 5.09054e-4 -0.005691587 0.009182631 0.001642525 0.005685985 0.00950706 4.90426e-4 0.005673289 0.00950706 -6.2018e-4 0.005445718 0.00950706 -0.001707255 0.005011916 0.00950706 -0.002729713 0.004388272 0.00950706 -0.003648817 0.003598451 0.00950706 -0.004429638 0.002672314 0.00950706 -0.005042731 0.001644968 0.00950706 -0.005464851 5.5534e-4 0.00950706 -0.005679965 -5.5534e-4 0.00950706 -0.005679965 -0.001644968 0.00950706 -0.005464851 -0.002672314 0.00950706 -0.005042731 -0.003598451 0.00950706 -0.004429638 -0.004388272 0.00950706 -0.003648817 -0.005011916 0.00950706 -0.002729713 -0.005445718 0.00950706 -0.001707255 -0.005673289 0.00950706 -6.2018e-4 -0.005685985 0.00950706 4.90426e-4 -0.005483329 0.00950706 0.001582443 0.005362749 0.009723842 4.62548e-4 0.005350768 0.009723842 -5.84926e-4 0.005136132 0.009723842 -0.001610219 0.004727005 0.009723842 -0.002574563 0.004138827 0.009723842 -0.003441393 0.003393888 0.009723842 -0.004177868 0.002520382 0.009723842 -0.004756093 0.001551449 0.009723842 -0.005154192 5.23771e-4 0.009723842 -0.005357086 -5.23771e-4 0.009723842 -0.005357086 -0.001551449 0.009723842 -0.005154192 -0.002520382 0.009723842 -0.004756093 -0.003393888 0.009723842 -0.004177868 -0.004138827 0.009723842 -0.003441393 -0.004727005 0.009723842 -0.002574563 -0.005136132 0.009723842 -0.001610219 -0.005350768 0.009723842 -5.84926e-4 -0.005362749 0.009723842 4.62548e-4 -0.005171597 0.009723842 0.0014925 0.004484593 0.009723842 0.003270447 0.004382669 0.009723842 0.004123091 0.004499971 0.009666025 0.004123091 0.004799842 0.00950706 0.00334692 0.004707098 0.00950706 0.004123091 0.005010545 0.009182631 0.003398001 0.004866003 0.009299993 0.004123091 0.00492388 0.009182631 0.004123091 0.004382669 0.009723842 0.004571557 0.004499971 0.009666025 0.004571557 0.004707098 0.00950706 0.004571557 0.004866003 0.009299993 0.004571557 0.00492388 0.009182631 0.004571557 0.004733324 0.009723842 0.005880177 0.004471838 0.009723842 0.005248963 0.004994571 0.009182631 0.005108892 0.00478518 0.00950706 0.00516498 0.005149245 0.009723842 0.006422281 0.005232214 0.009666025 0.006339311 0.00501424 0.00950706 0.005717992 0.005378663 0.00950706 0.006192862 0.005201995 0.009182631 0.005609631 0.005491018 0.009299993 0.006080508 0.005531907 0.009182631 0.006039559 0.005735397 0.009764969 0.007178723 0.005903542 0.009666025 0.007010638 0.006005764 0.009564459 0.006908357 0.006162345 0.009299993 0.006751835 0.006191194 0.009221494 0.006722986 0.007834613 0.007775723 0.008270978 0.007921993 0.007852613 0.008465468 0.007961869 0.007921397 0.00867778 0.008045852 0.007385194 0.008936047 0.007644474 0.008643567 0.008461654 0.007083177 0.009254574 0.008081316 0.006293654 0.009663164 0.007550597 0.006492972 0.009448528 0.007299005 0.006604611 0.009130775 0.007110059 0.007652401 0.008498966 0.008243262 0.007173299 0.00905621 0.007850766 0.007600903 0.008330404 0.008049428 0.007187306 0.008804321 0.007658481 0 0.005899965 0.002499997 -0.001016795 0.005899965 0.002283811 -0.001857817 0.005899965 0.001672804 -0.002377629 0.005899965 7.72542e-4 -0.002486288 0.005899965 -2.61321e-4 -0.002165019 0.005899965 -0.001249969 -0.001469433 0.005899965 -0.002022504 -5.19779e-4 0.005899965 -0.00244534 5.19779e-4 0.005899965 -0.00244534 0.001469433 0.005899965 -0.002022504 0.002165019 0.005899965 -0.001249969 0.002486288 0.005899965 -2.61321e-4 0.002377629 0.005899965 7.72542e-4 0.001857817 0.005899965 0.001672804 0.001016795 0.005899965 0.002283811 0 0.005899965 0 0 -0.007399976 -0.002499997 -0.001016795 -0.007399976 -0.002283811 -0.001857817 -0.007399976 -0.001672804 -0.002377629 -0.007399976 -7.72542e-4 -0.002486288 -0.007399976 2.61321e-4 -0.002165019 -0.007399976 0.001249969 -0.001469433 -0.007399976 0.002022504 -5.19779e-4 -0.007399976 0.00244534 5.19779e-4 -0.007399976 0.00244534 0.001469433 -0.007399976 0.002022504 0.002165019 -0.007399976 0.001249969 0.002486288 -0.007399976 2.61321e-4 0.002377629 -0.007399976 -7.72542e-4 0.001857817 -0.007399976 -0.001672804 0.001016795 -0.007399976 -0.002283811 0 -0.007399976 0</float_array>
          <technique_common>
            <accessor source="#link_5_2-mesh-positions-array" count="1979" stride="3">
              <param name="X" type="float"/>
              <param name="Y" type="float"/>
              <param name="Z" type="float"/>
            </accessor>
          </technique_common>
        </source>
        <source id="link_5_2-mesh-normals">
          <float_array id="link_5_2-mesh-normals-array" count="10602">0 0 -1 -3.35171e-6 0 -1 -1.18518e-5 0 -1 0 0 1 3.35171e-6 0 -1 1.18518e-5 0 -1 -0.9999983 0.001821815 0 -0.9807852 0.1950902 5.03499e-4 -0.9960221 0.08333438 0.03155273 -0.5086231 0.8604535 -0.03037196 -0.634393 0.7730107 0 -0.9669961 0.2547888 0.001127421 -0.8314691 0.5555683 -0.001772761 -0.839638 0.5431419 0.002232134 -0.5520743 0.8337918 -0.002311408 -0.5668582 0.8238151 8.08949e-4 -0.04906809 0.9987955 0 -0.2034521 0.9790667 -0.005974352 -0.1522779 0.9882553 -0.01277524 -0.2906246 0.9568371 -4.07996e-4 -0.7071068 0.7071068 0 -0.7071072 0.7071065 0 -0.7071071 0.7071066 0 -0.7071061 0.7071075 0 -0.7071071 0.7071065 -6.62688e-7 -0.7071066 0.707107 0 -0.7071075 0.7071061 0 -0.4288282 0.9033861 -3.3353e-6 -0.5555346 0.8314177 -0.01122039 -0.08155578 0.9966689 0 -0.1950703 0.9806819 -0.01451146 -0.2332483 0.9723877 -0.007573485 -0.3427382 0.9394311 1.60328e-6 -0.8604541 0.5086221 0.03037083 -0.7730116 0.634392 0 -0.893508 0.4490475 6.63434e-6 -0.807361 0.5899473 -0.01143425 -0.7304488 0.6822776 -0.03069096 -0.8314492 0.5556008 -1.99596e-5 -0.6602483 0.7510474 6.72836e-6 -0.5452794 0.8381384 -0.01394307 -0.9569427 0.290277 -8.85702e-6 -0.9881566 0.1528103 0.01399379 -0.9332237 0.3588189 -0.01851075 -0.9983768 0.05234593 0.02244359 -0.9645408 0.2634175 -0.0165084 -0.9954265 0.09553045 0 -1 0 0 -1 -6.92321e-7 0 -1 -1.26627e-6 0 -1 -2.15626e-7 0 -1 7.59157e-7 0 -0.7730116 -0.634392 0 -0.9564688 -0.2918289 0.001854777 -0.9877916 -0.1546953 0.01836001 -0.9984327 -0.05596673 0 -0.9978996 -0.05424088 0.03541839 -0.936694 -0.3487086 -0.03172999 -0.9790765 -0.2033232 -0.008316814 -0.8604543 -0.5086219 0.03037083 -0.655069 -0.7555691 5.8204e-6 -0.7222728 -0.6916083 -1.25489e-6 -0.8261152 -0.5634768 -0.00525844 -0.7808242 -0.6244902 -0.01805019 -0.8676825 -0.4971155 -0.001794397 -0.1950911 -0.9807851 0 -0.09396713 -0.9950929 -0.03099042 -0.2527697 -0.9675111 -0.005483567 -0.3504514 -0.936581 1.6148e-6 -0.5555697 -0.8314701 -1.0054e-5 -0.4389196 -0.8976267 -0.04019796 -0.5463659 -0.8374198 -0.01458024 -0.7071068 -0.7071068 0 -0.7071066 -0.707107 0 -0.7071062 -0.7071074 -3.72762e-7 -0.7071072 -0.7071065 0 -0.7071071 -0.7071066 0 -0.7071071 -0.7071065 0 -0.634393 -0.7730107 0 -0.2918289 -0.9564688 -0.001854836 -0.1546954 -0.9877917 -0.01836061 -0.05596536 -0.9984328 0 -0.05424356 -0.9978994 -0.03541916 -0.3487076 -0.9366943 0.03173029 -0.2033243 -0.9790762 0.008316755 -0.5086236 -0.8604533 -0.03037196 -0.7555692 -0.6550688 -5.95681e-6 -0.6916207 -0.722261 1.88233e-6 -0.5634742 -0.826117 0.005258977 -0.624493 -0.7808219 0.01805025 -0.4971152 -0.8676828 0.001794159 -0.9675095 -0.2527753 0.005483031 -0.936582 -0.3504486 -1.81664e-6 -0.8314699 -0.5555699 1.03412e-5 -0.8976283 -0.4389165 0.04019737 -0.8374176 -0.5463693 0.0145809 -0.9748142 -0.163652 0.1515107 -0.9936978 -0.1083493 0.02872925 -0.9980298 -0.03479695 0.05221033 -0.9807847 -0.195093 0 0 -1 0 0 -1 2.28341e-7 0 -1 -2.32428e-6 0 -1 2.62925e-7 0 -1 1.17252e-6 0 -1 -3.57507e-7 0 -1 -1.46871e-6 0 -1 1.28162e-6 0 -1 2.60834e-6 0 -1 0 0 -1 -1.21883e-6 0 -1 -7.40632e-6 0 -1 -2.53254e-6 0 -1 4.58838e-6 0 -1 -4.76164e-6 0 -1 1.29375e-6 0 -1 -7.59159e-7 0.8314176 -0.5555348 0.01122051 0.9033883 -0.4288236 2.81607e-6 0.9394301 -0.3427408 -1.95835e-6 0.9723876 -0.2332489 0.007573246 0.9999983 -0.001865327 0 0.9807848 -0.1950922 5.43698e-4 0.9952456 -0.09117752 0.03424578 0.9884598 -0.1497824 0.02263903 0.5086231 -0.8604535 -0.03037196 0.634393 -0.7730107 0 0.4490437 -0.8935099 -6.51797e-6 0.5899513 -0.807358 0.01143383 0.6822755 -0.7304508 0.03069227 0.5556 -0.8314497 2.04142e-5 0.7510481 -0.6602477 -6.72836e-6 0.838139 -0.5452785 0.01394307 0.2902771 -0.9569427 9.0307e-6 0.152805 -0.9881574 -0.01399344 0.3588178 -0.9332241 0.01851081 0.05235522 -0.9983763 -0.02244502 0.2634141 -0.9645416 0.01650953 0.09553188 -0.9954264 0 0.7071068 -0.7071068 0 0.7071072 -0.7071065 0 0.7071071 -0.7071066 0 0.7071061 -0.7071075 0 0.7071071 -0.7071065 -6.62688e-7 0.7071066 -0.707107 0 0.7071075 -0.7071061 0 0.008289396 -0.9999657 0 0.1970126 -0.9803987 -0.002153575 0.8604541 -0.5086221 0.03037083 0.7730116 -0.634392 0 0.1950911 -0.9807838 -0.001660048 0.5555685 -0.831469 0.001772761 0.5431404 -0.839639 -0.002231776 0.8337918 -0.5520743 0.002311766 0.823815 -0.5668584 -8.09114e-4 0.9987957 -0.04906451 0 0.9790667 -0.2034521 0.005974352 0.9882553 -0.1522774 0.0127744 0.9568375 -0.2906236 4.08256e-4 1 0 0 1 0 0 1 0 0 1 2.39718e-7 0 1 -3.54839e-7 0 1 1.84151e-7 0 1 -7.63326e-7 0 1 1.97886e-7 0 1 5.37087e-7 0 1 -2.16967e-6 0 1 5.64178e-7 0 1 -1.92123e-7 0 1 -2.12809e-7 0 1 1.04054e-6 0 1 -1.32209e-6 0 1 3.45795e-7 0 1 9.91832e-6 0 1 -6.6968e-6 0 1 -3.41301e-6 0 1 4.20184e-6 0 0.7730116 0.634392 0 0.9983283 0.05257928 0.02400314 0.9640677 0.265372 -0.01230162 0.9967894 0.08006793 0 0.8604543 0.5086219 0.03037083 0.9883484 0.1517665 0.01159226 0.9569563 0.2902323 -6.1003e-5 0.8931334 0.4497919 4.6806e-5 0.8229894 0.5679965 -0.008285701 0.788448 0.6151016 -1.58879e-4 0.195091 0.9807853 0 0.1667185 0.9859742 -0.007737398 0.3557157 0.9345943 2.32812e-5 0.5555695 0.8314701 -1.55619e-4 0.5112584 0.8593177 -0.01372057 0.6663544 0.7456352 7.48286e-5 0.7071068 0.7071068 0 0.7071066 0.707107 0 0.7071062 0.7071074 -3.72762e-7 0.7071072 0.7071065 0 0.7071071 0.7071066 0 0.7071071 0.7071065 0 0.634393 0.7730107 0 0.05257928 0.9983289 -0.02398073 0.2996991 0.953858 0.01831698 0.1191188 0.99288 0 0.5086236 0.8604533 -0.03037196 0.1517595 0.9883497 -0.01157808 0.2902289 0.9569573 6.68298e-5 0.482515 0.8758878 -7.674e-5 0.5695993 0.8218692 0.009363472 0.6438102 0.7651853 1.22493e-4 0.8314703 0.5555693 2.23715e-4 0.8751916 0.4832726 0.02207678 0.7681767 0.6402379 -1.33277e-4 0.980785 0.1950918 0 0.9985836 0.02309709 0.0479328 0.9960221 0.08333438 0.03155273 0.9795837 0.2007428 0.01087552 0.9459347 0.3243573 -7.24329e-5 0 1 0 0 1 1.24322e-6 0 1 -1.9449e-6 0 1 -3.59577e-7 0 1 2.94642e-6 0 1 1.32061e-6 0 1 1.96178e-6 0 1 -3.72846e-7 0 1 5.86394e-7 0 1 -1.77197e-6 0 1 1.31321e-6 0 1 1.15758e-6 0 1 -1.52665e-6 0 1 9.8511e-7 0 1 0 0 1 -9.50717e-7 0 1 1.22365e-6 0 1 -1.03738e-6 0 1 -1.68677e-6 0 1 -1.32641e-6 0 1 -3.41301e-6 0 1 4.20185e-6 0 1 3.61611e-7 0 1 8.05631e-7 2.96293e-6 0 -1 -1.19899e-6 0 -1 -2.96293e-6 0 -1 1.19899e-6 0 -1 0 0.9486834 0.3162279 0 0.9486829 0.3162294 0 0.9486832 0.3162284 0 0.9486837 0.3162267 3.16969e-6 0.9486842 0.3162252 0 0.9486818 0.3162325 4.60715e-6 0.9486838 0.3162263 -4.07547e-6 0.9486845 0.3162241 -3.16969e-6 0.9486842 0.3162252 0 0.9486812 0.316234 -4.09524e-6 0.9486838 0.3162266 0 0.9486842 0.3162254 0 -0.9486836 0.316227 -4.22625e-6 -0.9486842 0.3162252 0 -0.9486826 0.3162302 0 -0.9486832 0.3162284 0 -0.9486837 0.3162267 3.16969e-6 -0.9486842 0.3162252 0 -0.9486812 0.316234 4.09524e-6 -0.9486838 0.3162266 0 -0.9486842 0.3162254 0 -0.9486818 0.3162325 -4.60715e-6 -0.9486838 0.3162263 4.07547e-6 -0.9486845 0.3162241 -0.9486833 0 -0.316228 -0.9486834 4.22623e-6 -0.3162278 -0.948683 0 -0.3162285 -0.9486835 0 -0.3162275 -0.9486835 0 -0.3162276 -0.9486839 -4.14502e-6 -0.3162264 -0.9486824 5.11911e-7 -0.3162305 -0.9486835 -4.07549e-6 -0.3162276 -0.948683 -4.22625e-6 -0.3162286 -0.9486839 4.14502e-6 -0.3162264 -0.9486826 0 -0.3162302 -0.9486828 0 -0.3162297 0.9486833 0 -0.316228 0.9486834 -4.22623e-6 -0.3162278 0.948683 0 -0.3162285 0.9486835 0 -0.3162275 0.9486835 0 -0.3162276 0.9486839 4.14502e-6 -0.3162264 0.9486824 -5.11911e-7 -0.3162305 0.9486835 4.07549e-6 -0.3162276 0.948683 4.22625e-6 -0.3162286 0.9486839 -4.14502e-6 -0.3162264 0.9486826 0 -0.3162302 0.9486828 0 -0.3162297 0 0.7071117 0.7071019 -6.26697e-6 0.7071068 0.7071068 0 0.7071071 0.7071065 0 0.707107 0.7071067 0 0.7071077 0.7071059 -3.72936e-5 0.707108 0.7071056 1.42923e-5 0.7071077 0.7071059 0 -0.7071068 0.7071068 0 -0.7071074 0.7071063 0 -0.7071065 0.7071072 0 -0.7071073 0.7071064 -5.19773e-6 -0.7071071 0.7071065 0 -0.7071097 0.7071039 0 -0.7071065 0.7071071 0 -0.7070937 0.70712 1.92641e-5 -0.7071068 0.7071068 0 0.8981472 -0.439695 0 -0.8981478 -0.4396937 0.01533991 -0.9275544 -0.3733731 0.01955604 -0.9290709 -0.3693844 -0.01023942 -0.9663067 -0.2571899 0 -0.9708667 -0.2396205 0 -0.9909074 -0.1345463 -0.01004278 -0.9895259 -0.144006 0.01150703 -0.9999327 0.001497805 0 -0.8873487 0.4610993 -0.1472064 -0.896592 0.4176757 -0.04910755 -0.8798243 0.4727554 -0.0184158 -0.8607916 0.5086244 -0.008290946 -0.8496056 0.5273534 -0.002988517 -0.8394436 0.5434386 0.002278864 -0.8394866 0.5433757 0 -0.9999675 -0.008069157 0 -0.9960073 0.08927214 -0.01444685 -0.9904703 0.1369668 0.03422117 -0.9782133 0.2047626 -0.01214087 -0.96298 0.2692995 0 -0.9481931 0.3176947 0 -0.9253977 0.3789977 0.01508921 -0.9126759 0.4084056 -9.31844e-4 -0.8917874 0.4524539 0.001571059 -0.848737 0.5288131 0.01256978 -0.8611012 0.5082783 0.005903363 -0.8496136 0.5273728 -0.1977556 -0.9780817 -0.06518453 0 -0.9999983 0.001882731 0 -0.9787868 0.2048817 -0.2757217 -0.9493194 0.1508982 0 -0.9624217 0.2715595 0 -0.8998827 -0.4361322 -0.03162986 -0.9275477 -0.372364 -0.1231518 -0.9357646 -0.3304216 0 -0.9664441 -0.256877 0 -0.9909603 -0.1341559 0 0.942942 -0.3329571 -0.2097599 0.9351816 -0.2853702 -0.02553945 0.9260889 -0.3764402 -0.1658669 0.9652288 0.2020438 0 0.990442 0.1379307 0 0.9977866 -0.06649744 -0.3729979 0.9278308 0.001622974 0 0.9909076 -0.1345452 0.006534993 0.8510171 0.5250974 0.01400941 0.8630363 0.5049476 -0.002659499 0.838512 0.5448768 -0.007451355 0.8482767 0.5295008 -0.0164417 0.8590117 0.5116921 -0.04393011 0.8776853 0.4772198 -0.07417255 0.8849042 0.4598294 0 0.9253976 0.3789979 0 0.9624749 0.271371 0.03569793 0.8841223 0.4658902 -0.03549098 0.8482025 0.5284817 0.02595901 0.9231927 0.3834601 0 0.9127801 0.4084515 0 0.9624214 0.2715603 -0.04710251 0.9471403 0.3173431 0.07744348 0.9867162 0.1428067 -0.03509968 0.9781835 0.2047566 0 0.9960073 0.08927214 0 0.9999983 0.001881361 0.01045304 0.9999129 -0.008069336 -0.008901178 0.9909976 -0.1335842 0 0.9895757 -0.1440142 0 0.9664444 -0.2568761 -0.01294952 0.9707849 -0.2396017 0.01790952 0.9294877 -0.3684183 0.01871341 0.9290865 -0.3693888 0 0.8998822 -0.436133 0 -0.8292425 0.5588891 0 -0.7932539 0.608891 -0.01166886 -0.7301883 0.6831463 0 -0.7030566 0.711134 0 -0.5520045 0.8338412 -0.01166886 -0.5190506 0.8546639 0 -0.2127774 0.9771007 -0.01400566 -0.2694903 0.9629014 0 -0.3437025 0.9390787 0 -0.4334524 0.9011766 0 -0.1166845 0.9931691 -0.006996214 0 0.9999756 -0.006997346 0 0.9999756 0 0.1166845 0.9931691 0 0.2127774 0.9771007 -0.01400566 0.2694903 0.9629014 0 0.3437025 0.9390787 0 0.4334524 0.9011766 -0.01166886 0.5190506 0.8546639 0.002531647 0.8404346 0.5419072 0 0.8292433 0.5588878 0 0.7932539 0.608891 -0.01166886 0.7301884 0.6831463 0 0.7030566 0.711134 0 0.5520045 0.8338412 1 8.66579e-6 0 1 -1.52418e-6 0 1 1.52418e-6 0 1 -6.49934e-6 0 1 -8.72679e-7 0 1 -1.83757e-6 0 1 7.97156e-7 0 1 7.6332e-7 0 1 -1.18593e-6 0 1 5.21111e-7 0 1 1.18593e-6 0 1 -8.87551e-7 0 1 4.59393e-7 0 1 3.03054e-7 0 1 5.23398e-7 0 1 3.62027e-7 0 0.001462101 0.5011731 0.8653458 -0.006475985 0.4799668 0.8772628 4.86327e-4 0.461345 0.8872208 -0.01260966 0.3511465 0.9362357 -0.001227259 0.3563426 0.9343547 0.003147065 0.4098001 0.9121701 -0.01634585 0.3991522 0.9167391 -5.81679e-4 0.4244732 0.9054403 0.001330614 0.7094316 0.7047731 -8.72539e-4 0.7192824 0.6947173 0.004207611 0.693732 0.720221 0.01533836 0.6666912 0.7451763 -0.01072877 0.6965199 0.7174574 0.006421744 0.6160672 0.7876675 0.02117621 0.5934351 0.8046033 0.006176948 0.5679243 0.8230576 -6.84921e-4 0.5275526 0.8495221 0 0.7202324 0.6937329 0 0.7549774 0.6557509 -0.01440519 0.8108167 0.5851228 -0.002077817 0.8280364 0.5606706 0.001845717 0.9109788 0.4124491 -0.01648372 0.930358 0.3662819 0 0.9963874 0.08492529 -0.01556104 0.9920749 0.1246806 0 0.9780207 0.2085078 0 0.9567791 0.2908158 -8.76528e-4 -0.7192864 0.6947132 0.006714522 -0.727461 0.6861162 -0.01307654 -0.3512642 0.9361851 9.56331e-4 -0.4405449 0.8977301 -0.005834162 -0.4121376 0.9111031 -0.007647752 -0.4102526 0.9119399 0.00105971 -0.3777765 0.9258962 -0.002102851 -0.3551962 0.9347895 -0.002681195 -0.476431 0.8792079 -0.004698574 -0.479965 0.8772751 7.43836e-4 -0.5102029 0.8600538 -7.53866e-4 -0.5278083 0.8493633 0.01109337 -0.5935321 0.8047339 0.03110164 -0.5777691 0.8156076 -0.0489912 -0.6957232 0.7166374 0.04176288 -0.6348106 0.7715384 0.01532399 -0.6667085 0.7451611 0.004202246 -0.6937479 0.7202057 0 -0.7165567 0.6975288 0 -0.7549774 0.6557509 -0.01440578 -0.8108166 0.585123 -0.002077817 -0.8280364 0.5606706 0.001845717 -0.9109788 0.4124491 -0.01648372 -0.9303579 0.3662819 0 -0.9567791 0.2908158 0 -0.9780207 0.2085078 -0.01556104 -0.9920749 0.1246806 0 -0.9963874 0.08492529 0 0.9131702 -0.4075786 -0.01369947 0.9368923 -0.3493495 0 0.9958245 -0.09128826 -0.009130895 0.9917657 -0.1277393 -0.01678919 0.987585 -0.1561867 -0.005552589 0.9929161 -0.1186886 0 0.9760654 -0.2174775 0 0.9550905 -0.2963145 0 0.9369806 -0.3493818 0.03273284 0.9228795 -0.3836953 0.001543343 0.9545519 -0.2980406 -0.003263711 0.992926 -0.1186897 0.03284418 0.9826457 -0.1825619 0.01562553 0.9901071 -0.1394408 0 -0.9131693 -0.4075803 0.02026635 -0.936788 -0.3493101 0 -0.9958246 -0.09128826 0.01002007 -0.992454 -0.1222075 0.01972836 -0.9885302 -0.1497294 0.007375121 -0.9929043 -0.1186869 0 -0.9760645 -0.2174811 0 -0.9550905 -0.2963145 0 -0.9369804 -0.3493822 -0.02368789 -0.920646 -0.3896794 -0.001130223 -0.954446 -0.2983816 0.002375602 -0.9929285 -0.1186902 -0.02693665 -0.9814304 -0.1899182 -0.0136795 -0.9892145 -0.1458343 -2.49959e-7 0 1 0 0 1 6.63553e-6 0 1 2.45203e-7 0 1 -1.32619e-5 0 1 0 1 2.15925e-6 0 1 -2.41142e-6 0 1 4.36409e-6 0 1 3.45224e-6 0 1 -1.49346e-6 0 1 4.0321e-6 0 1 2.86028e-6 0 1 -9.27003e-6 0 1 -8.52275e-6 0 1 1.19526e-5 0 1 5.71102e-4 0 -1 -5.35592e-6 0 -1 4.42408e-6 0 -1 2.79902e-6 0 -1 2.86028e-6 0 -1 -8.52282e-6 0 -1 1.19537e-5 0 -0.9999999 -5.71021e-4 -1 -3.69077e-6 0 -1 -3.51599e-7 0 -1 -1.00343e-6 0 -1 2.31591e-7 0 -1 3.516e-7 0 -1 -1.68407e-7 0 -1 1.00343e-6 0 -1 -2.5261e-7 0 -1 0 0 -1 0 0 -1 -1.61661e-7 0 -1 2.49016e-7 0 -1 -1.59683e-7 0 -1 0 0 -1 -1.5878e-7 0 -1 1.61661e-7 0 0 0.9927089 0.1205375 0.01859837 0.9846376 0.1736176 0 0.8305361 0.556965 0.02066749 0.8658408 0.4998925 0 0.9146341 0.4042828 0 0.9566963 0.2910878 0 0.7573487 0.6530108 0.005168676 0.6631128 0.7485017 0.01549357 0.6427105 0.7659525 0 0.2652969 0.9641668 0.02170419 0.3419392 0.9394715 0 0.4286919 0.9034509 0 0.5344673 0.8451892 0 0.1471503 0.9891142 0.01135557 0 0.9999356 0.01135808 0 0.9999356 0 -0.4286919 0.9034509 0.02170419 -0.3419392 0.9394715 0 -0.2652969 0.9641668 0 -0.1471503 0.9891142 0 -0.5344673 0.8451892 0.01856863 -0.6630074 0.7483826 0.006191253 -0.6427754 0.7660297 0 -0.7573487 0.6530108 0 -0.8305361 0.556965 0.02066814 -0.8658408 0.4998927 0 -0.9927089 0.1205375 0.01859837 -0.9846376 0.1736176 0 -0.9566963 0.2910878 0 -0.9146341 0.4042828 -3.19145e-6 -0.7071056 0.707108 0 -0.7071096 0.707104 1.42923e-5 -0.7071068 0.7071068 -3.72936e-5 -0.707108 0.7071056 0 -0.7071077 0.7071059 0 -0.707107 0.7071067 0 -0.7071071 0.7071065 0 0.7071068 0.7071068 -2.36016e-6 0.7071068 0.7071068 -4.27726e-6 0.7071073 0.7071064 0 0.7071074 0.7071061 0 0.7071062 0.7071074 -3.41877e-6 0.7071085 0.7071051 -8.8585e-6 0.7071057 0.7071079 5.88437e-6 0.7071061 0.7071075 0 0.7071009 0.7071127 2.87624e-5 0.7071032 0.7071104 0.321827 -0.9467972 0.001622498 0.8484344 -0.5292721 -0.00548917 0.7270652 -0.6865192 0.008232951 0.858263 -0.5130206 0.01395243 0.8717274 -0.4899911 2.14393e-4 0.8846337 -0.4662501 -0.005852162 0.4510614 -0.8924925 -8.89171e-4 0.5887901 -0.808244 0.008253574 0.5567762 -0.8306626 0 0.7517845 -0.6594088 0 0.7507845 -0.6605473 -1.38864e-4 0.8517551 -0.5239402 8.70317e-5 0.6157272 -0.7878518 -0.01302438 0.5020179 -0.8648573 -1.37414e-4 0.3366835 -0.9416179 1.42256e-4 0.3199368 -0.9474385 9.49216e-4 0.1323914 -0.991197 -0.00103259 0.1604651 -0.9870387 -0.002361118 -0.1120526 -0.9936937 0.004145205 0.08157694 -0.9966012 -0.01146042 0.02816951 -0.9995722 -0.007876992 -0.05642896 -0.9984011 -0.003331959 -0.1744195 -0.9846715 0 -0.3264979 -0.945198 0 -0.3228604 -0.9464465 1.83849e-4 -0.5743364 -0.8185881 0.007172882 -0.4336037 -0.9011031 -0.001031517 -0.3033893 -0.9528642 0.002211034 -0.7427487 -0.6695703 7.10404e-5 -0.8499844 -0.5268081 -4.52918e-5 -0.8830368 -0.4692605 -0.006365776 -0.4981732 -0.8670776 -1.76338e-4 -0.6082733 -0.7936174 -0.0132308 -0.5448461 -0.8385362 0 -0.7422448 -0.6701288 0 -0.7227042 -0.6911259 0.006617486 -0.86939 -0.4941266 1.77707e-4 -0.8550126 -0.5183927 0.0149244 -0.8469194 -0.5317026 -0.004463613 -0.3218272 0.9467971 0.001622498 -0.8484324 0.5292754 -0.005488038 -0.7270652 0.6865192 0.008233964 -0.8582586 0.5130279 0.01395231 -0.871726 0.4899938 2.15297e-4 -0.8846328 0.4662517 -0.005852639 -0.4510614 0.8924925 -8.89171e-4 -0.5887894 0.8082445 0.008253574 -0.5567769 0.8306621 0 -0.7517852 0.6594082 0 -0.7507845 0.6605473 -1.38619e-4 -0.8517537 0.5239424 8.70316e-5 -0.6157272 0.7878518 -0.01302438 -0.502019 0.8648567 -1.37414e-4 -0.336681 0.9416189 1.42255e-4 -0.3199373 0.9474383 9.49218e-4 -0.1323914 0.991197 -0.00103259 -0.1604642 0.9870389 -0.002361118 0.1120529 0.9936937 0.004145264 -0.08157593 0.9966012 -0.0114603 -0.02816969 0.9995722 -0.007876992 0.05642914 0.9984011 -0.003331959 0.1744195 0.9846715 0 0.3264971 0.9451982 0 0.3228617 0.9464462 1.83849e-4 0.5743346 0.8185893 0.007172763 0.4336059 0.9011021 -0.001031696 0.3033876 0.9528647 0.002211034 0.7427505 0.6695684 7.08955e-5 0.8499853 0.5268065 -4.54708e-5 0.8830368 0.4692605 -0.006365776 0.4981732 0.8670776 -1.76338e-4 0.6082739 0.793617 -0.0132308 0.5448454 0.8385365 0 0.7422459 0.6701276 0 0.722706 0.691124 0.006617546 0.8693921 0.4941229 1.77707e-4 0.8550084 0.5183995 0.01492553 0.8469175 0.5317057 -0.004463613 0.7058997 -0.7083118 0 -0.7233222 -0.6905107 -1.51757e-4 -0.632543 -0.7743604 0.01598054 -0.4480193 -0.893728 0.02300661 -0.5628404 -0.8221949 0.08489 -0.5628941 -0.8221679 0.08479517 -0.582472 -0.810201 0.06558096 -0.8243629 -0.5660614 6.06947e-4 -0.8881744 -0.4574293 0.04364311 -0.9401603 -0.3407325 0 -0.9957806 -0.09176647 0 -0.9990074 0.03598153 0.02625876 -0.9865983 0.1631685 0 -0.8763571 0.4816622 0 -0.8537324 0.5206132 0.01014596 -0.7293397 0.6841518 2.38346e-4 -0.5101723 0.8598713 0.01858949 -0.573861 0.8183879 0.03041255 -0.48955 0.871926 0.009265482 -0.6637353 0.7479676 -8.69004e-5 -0.6993439 0.7147855 1.01869e-5 0.2323801 0.9711152 0.05417585 0.3743526 0.9272865 0 0.1973139 0.9792476 0.04627549 0.1388043 0.9897047 0.03489911 0.0947107 0.9951215 0.02762657 0.04049253 0.9989914 0.01940947 -0.1275511 0.9918321 0 -0.3743521 0.9272866 0 0.8537758 0.5206409 0 0.8712743 0.4906548 0.01178592 0.7259742 0.687722 0 0.4895709 0.8719636 0 0.6409466 0.7660585 0.04839229 0.5537348 0.832323 0.0248239 0.8890211 -0.4578662 0 0.8518643 -0.5193534 0.06781852 0.9401609 -0.3407312 0 0.9993521 0.03599417 0 0.9978771 -0.04856032 0.04339843 0.9865984 0.1631675 0 0.5638055 -0.8236076 0.06159633 0.5504679 -0.8281418 0.1056719 0.5930811 -0.8043351 0.03605359 -0.7225191 0.6913511 0 0.4599599 0.8875088 0.02766281 0.5627697 0.8220965 0.08630084 0.5930805 0.8043357 0.03605389 0.7072456 0.7069678 -4.65587e-4 0.8251211 0.5649551 0.001065909 0.8881736 0.4574309 0.04364305 0.9401614 0.3407298 0 0.9957806 0.09176647 0 0.9990075 -0.03598272 0.02625876 0.9865983 -0.1631685 0 0.8763566 -0.4816631 0 0.8537321 -0.5206138 0.01014596 0.7293446 -0.6841466 2.38347e-4 0.5101677 -0.859874 0.01858931 0.5738656 -0.8183846 0.03041279 0.4895493 -0.8719264 0.009265422 0.6637362 -0.7479668 -8.69005e-5 0.6993133 -0.7148154 1.01864e-5 -0.2323703 -0.9711177 0.05417352 -0.3743517 -0.9272868 0 -0.1973139 -0.9792476 0.04627549 -0.1388058 -0.9897046 0.03489947 -0.09470796 -0.9951217 0.02762579 -0.04049289 -0.9989913 0.01940965 0.1275512 -0.9918321 0 0.3743522 -0.9272866 0 -0.8537758 -0.5206409 0 -0.8712751 -0.4906534 0.01178592 -0.7259691 -0.6877273 0 -0.4895716 -0.8719632 0 -0.6409482 -0.7660573 0.04839241 -0.5537344 -0.8323233 0.0248239 -0.8890218 0.4578651 0 -0.8518657 0.5193511 0.06781864 -0.9401602 0.3407332 0 -0.999352 -0.03599572 0 -0.9978769 0.0485633 0.04339843 -0.9865984 -0.163168 0 -0.5639142 0.8237679 0.0583738 -0.5503841 0.8281164 0.1063046 -0.5543844 0.8262931 0.09948748 -0.5673466 0.8195977 0.07986062 -0.6024625 0.7968145 0.04610466 -0.6604031 0.7508273 0.01123899 -0.6415329 0.7670956 0 0.6121145 0.7897179 0.04076403 0.5634087 0.8228336 0.07426708 0.542518 0.8341158 0.09962493 0.5634811 0.8240736 0.05824083 0.5773268 0.8165132 0 0.9590124 0.2833644 0 0.8860946 0.4612137 0.0460264 0.9015306 0.4319127 0.02634239 0.7965826 0.604529 9.72202e-4 0.6994482 0.7146799 -0.002224028 0.9979844 0.06346088 0 0.9975435 -0.06171083 0.03314888 0.9818565 -0.1896252 0 0.9338378 -0.3576968 0 0.8415842 -0.5398464 0.017385 0.8600283 -0.5093752 0.02980577 0.145588 -0.9893453 0 0.3602004 -0.932875 0 0.4721816 -0.8812502 0.02104091 0.583285 -0.8122676 0 0.7508319 -0.6604933 0 -0.03738081 -0.9993011 0 0.03162389 -0.9994191 0.01270914 -0.1968635 -0.9702578 0.1408711 -0.0166819 -0.999861 0 -0.5014267 -0.8652001 0 -0.5014273 -0.8651999 0 -0.8592556 -0.5115467 0 -0.8592543 -0.5115486 0 -0.9995962 -0.02841585 0 -0.9995962 -0.02841705 0 -0.9663366 0.2572814 0 -0.9261008 0.3770377 0.01342308 -0.8869284 0.4619071 0 -0.8020029 0.580788 0.1395591 -0.8533371 0.5156062 0.07724076 -0.5630386 0.8251538 0.04592329 -0.5512677 0.8282532 0.1005026 -0.5558282 0.8264396 0.08973616 -0.5558026 -0.8264543 0.08976089 -0.5513087 -0.8282383 0.1003996 -0.5630359 -0.8251655 0.0457437 -0.9262339 -0.3767117 0.01338589 -0.8529208 -0.5162618 0.07745844 -0.8865811 -0.4617264 0.0279814 -0.7658825 -0.6429806 0 -0.6415332 -0.7670953 0 -0.01666861 0.9990617 0.03997492 -0.1988465 0.9800307 0 -0.5014267 0.8652001 0 -0.5014273 0.8651999 0 -0.8592543 0.5115486 0 -0.8592556 0.5115467 0 -0.9995962 0.02841591 0 -0.9995962 0.02841699 0 -0.9663366 -0.2572814 0 0.7511158 0.6601706 0 0.5834175 0.8121725 0 0.4721816 0.8812502 0.02104169 0.3603536 0.9328159 0 0.05407708 0.9985368 0 0.1410545 0.9894571 0.03283977 -0.03712129 0.9993108 0 0.9980919 0.06174552 0 0.9976298 -0.03697168 0.0580343 0.9816798 0.190538 -1.42083e-4 0.8417131 0.5399252 2.86467e-4 0.9155631 0.3953658 0.0736894 0.8609883 0.5077289 0.03017473 0.9010422 -0.4316799 0.04213643 0.9163874 -0.3991937 0.02964407 0.9590118 -0.2833662 0 0.6481956 -0.7613366 0.01446348 0.7458729 -0.6660879 -7.6481e-4 0.8408589 -0.541248 0.002646744 0.5773268 -0.8165132 0 0.5634073 -0.8228345 0.07426714 0.5572916 -0.8262795 0.08178281 0.4480125 -0.8937311 0.02301454 0 -0.7933533 0.6087614 0.03320288 -0.8310105 0.555265 0 -0.9914449 0.1305265 0.03320235 -0.9802445 0.1949827 0 -0.9469304 0.3214389 0 -0.8968739 0.4422864 0.09755963 -0.9720723 0.2134422 -0.01417255 -0.9806867 0.1950716 0.03839105 -0.830857 0.5551601 -0.3964921 -0.8092055 0.4335674 -0.03783553 -0.8596515 0.509478 -0.4625389 -0.829895 0.3119808 -0.09824252 -0.8833398 0.4583222 -0.4401397 -0.8687832 0.2269204 -0.1304899 -0.9261767 0.3537926 -0.1072664 -0.9205113 0.3757033 -0.3193649 -0.9364212 0.1453322 -0.09635925 -0.9706643 0.2202858 -0.2121065 -0.9683722 0.131401 -0.0594182 -0.9697367 0.236813 -0.1780165 -0.9749618 0.1332659 -0.04255449 -0.9772195 0.2079212 -0.1208576 -0.9812778 0.1499579 -0.03030902 -0.9825417 0.1835572 -0.08061957 -0.9838044 0.1600923 -0.01543265 -0.9839054 0.1780226 -0.0337404 -0.9850575 0.1688891 0.01291811 -0.9859731 0.1664041 0.0450136 -0.9831463 0.1771922 0.08599621 -0.9708324 0.2238067 0.1257534 -0.9693378 0.211117 0.2934093 -0.9333933 0.206611 0.1333521 -0.9262749 0.3524656 0.396193 -0.887739 0.2344157 0.1082042 -0.9099255 0.4004093 0.3754794 -0.8603276 0.3447487 -0.08851605 -0.9818263 0.1678755 -0.04054576 -0.9836789 0.1753053 -0.1102594 -0.9848775 0.1336383 -0.06167548 -0.9868306 0.1495376 -0.1255071 -0.987624 0.09405797 -0.07787412 -0.9898514 0.1188697 -0.1331664 -0.9908004 0.0241096 -0.0636965 -0.9947699 0.07984727 -0.131531 -0.9911077 0.02013009 -0.06006282 -0.9951608 0.07776588 -0.1198615 -0.9927322 0.01076984 -0.04105633 -0.9970129 0.06541949 -0.08966761 -0.9955649 0.02846807 -0.02899652 -0.9976655 0.06182956 -0.06284677 -0.9971365 0.04206085 -0.0188601 -0.9981226 0.05827313 -0.04246753 -0.9978772 0.04937177 -0.009917914 -0.99825 0.05829817 -0.02126282 -0.9982576 0.05504441 0.008235096 -0.9983621 0.0566163 0.01706039 -0.9982126 0.05727607 0.02529996 -0.9981827 0.05469214 0.06057983 -0.9971389 0.04521226 0.04180866 -0.9975598 0.05591499 0.1090945 -0.9933186 0.037638 0.06037539 -0.9952145 0.07683038 0.1325353 -0.9904726 0.0373966 0.06030374 -0.9938366 0.09301793 0.134438 -0.9872835 0.08483994 0.05549043 -0.9902528 0.1277505 0.1253127 -0.9842184 0.1249444 0.03775388 -0.9871527 0.1552554 0.1063547 -0.9806928 0.1641052 0.01341301 -0.9837832 0.17886 0.08094096 -0.9775671 0.1944509 0.4752123 -0.8293783 0.2937771 0.04171758 -0.8589433 0.5103687 0.3709548 -0.818337 0.4389957 -0.02488607 -0.8534101 0.5206457 0.2822645 -0.7976597 0.5329782 0 -0.8314697 0.5555701 0 -0.9807854 0.1950898 0 -0.9807851 0.195091 0 0.8314697 0.5555701 0 0.9807854 0.19509 0 0.9807852 0.1950908 -0.09755969 0.9720723 0.2134423 0.01417255 0.9806866 0.1950716 -0.03839099 0.8308575 0.5551595 0.3964897 0.809208 0.4335647 0.03783553 0.8596517 0.5094777 0.4625431 0.8298916 0.3119837 0.09824228 0.8833405 0.458321 0.4401419 0.8687819 0.2269215 0.1304899 0.9261767 0.3537926 0.1072608 0.92052 0.3756837 0.3193665 0.9364205 0.1453329 0.09635895 0.9706645 0.2202851 0.2121065 0.9683722 0.131401 0.05941742 0.9697375 0.2368098 0.1780165 0.9749618 0.1332659 0.04255509 0.9772188 0.2079241 0.1208576 0.9812778 0.1499579 0.03030854 0.9825422 0.1835544 0.08062136 0.9838037 0.1600958 0.01543223 0.9839046 0.1780273 0.03374069 0.9850577 0.1688875 -0.01291811 0.9859736 0.1664012 -0.04501372 0.9831463 0.1771926 -0.08599573 0.9708326 0.2238054 -0.1257534 0.9693366 0.2111227 -0.2934106 0.9333926 0.2066119 -0.1333526 0.9262754 0.3524643 -0.396193 0.887739 0.2344157 -0.108204 0.9099259 0.4004083 -0.3754769 0.8603297 0.3447464 0.0885154 0.9818266 0.1678742 0.04054588 0.9836788 0.1753058 0.1102593 0.9848773 0.1336403 0.0616756 0.9868307 0.1495366 0.1255071 0.987624 0.09405797 0.07787412 0.9898515 0.1188685 0.1331664 0.9908003 0.02411204 0.06369495 0.9947714 0.07983058 0.131531 0.9911077 0.02013009 0.06006294 0.9951608 0.07776606 0.1198605 0.9927324 0.01076978 0.04105633 0.9970129 0.06541949 0.08966761 0.9955649 0.02846807 0.02899438 0.9976658 0.06182497 0.06284677 0.9971365 0.04206085 0.01886498 0.998121 0.05829811 0.04246574 0.9978775 0.04936975 0.00991863 0.9982503 0.05829364 0.02126324 0.9982575 0.05504548 -0.008232235 0.9983639 0.05658537 -0.01706081 0.9982125 0.05727738 -0.02530038 0.9981827 0.05469292 -0.06057983 0.9971389 0.04521226 -0.041808 0.9975599 0.05591404 -0.1090934 0.993319 0.03763276 -0.06037724 0.9952139 0.07683688 -0.1325353 0.9904729 0.03738832 -0.06030362 0.9938367 0.09301775 -0.1344386 0.9872834 0.08484029 -0.05549019 0.9902529 0.12775 -0.1253127 0.9842184 0.1249444 -0.03775399 0.9871526 0.1552559 -0.1063539 0.9806928 0.164105 -0.01341295 0.9837834 0.1788583 -0.08094149 0.9775669 0.1944522 -0.475216 0.8293753 0.2937794 -0.04171752 0.8589439 0.5103677 -0.3709859 0.8183031 0.4390325 0.02488601 0.8534113 0.5206439 -0.2822674 0.7976549 0.5329838 0 0.7933533 0.6087614 0.03320401 0.8310105 0.555265 0 0.8968739 0.4422864 0 0.9469304 0.3214389 0.03320235 0.9802445 0.1949827 0 0.9914449 0.1305265 0 0.9952599 0.09725189 -0.1590463 0.9705776 0.1807858 -0.9085192 0.3832396 0.1664943 -0.1019268 0.6299487 0.7699192 -0.0555433 0.9006921 0.430893 -0.07744812 0.9801363 0.1825774 -0.1001342 0.9730029 0.2079391 -0.2184324 0.9521657 0.2137001 -0.2073701 0.9569709 0.2029883 -0.3213453 0.9222942 0.2147338 -0.3431282 0.9108591 0.2293443 -0.4039349 0.8916413 0.2044814 -0.5087532 0.8315103 0.2230714 -0.4890574 0.8513796 0.1896725 -0.6177511 0.7533096 0.2256287 -0.6096208 0.7639264 0.211611 -0.686113 0.6967926 0.2091148 -0.7528226 0.6131152 0.239474 -0.7392391 0.651362 0.1710358 -0.8378019 0.4886373 0.2435603 -0.8305091 0.522726 0.1923855 -0.8848977 0.4101411 0.2207729 -0.9074095 0.3327642 0.2566635 -0.9438632 0.1855793 0.2732812 -0.9594006 0.2333709 0.158394 -0.7928327 0.3491148 0.4995352 -0.1666491 0.7964535 0.5812832 -0.153118 0.7974278 0.5836642 -0.1674314 0.7888732 0.5913086 -0.2507013 0.7608273 0.5985739 -0.2365336 0.7797006 0.5797576 -0.3493059 0.7193479 0.6004365 -0.3337761 0.7466862 0.5753723 -0.4367943 0.6667423 0.6038755 -0.426588 0.7046487 0.5670034 -0.5182961 0.6015391 0.6078814 -0.5165007 0.646497 0.5614879 -0.5863161 0.5294426 0.6131264 -0.5949038 0.5772396 0.5593602 -0.6385098 0.4584611 0.6181576 -0.6529912 0.5055497 0.5639346 -0.6589815 0.4800804 0.579022 -0.6081588 0.4525538 0.6521794 -0.1862754 0.5350121 0.8240531 -0.1139327 0.5241703 0.8439579 -0.2308 0.4256064 0.8749803 -0.1307328 0.4765558 0.8693698 -0.1146935 0.5047278 0.8556257 -0.1589753 0.4705384 0.8679404 -0.1494838 0.5110861 0.8464312 -0.1864459 0.4696354 0.8629488 -0.1853759 0.5128534 0.8382226 -0.2098076 0.4719739 0.8562836 -0.2167748 0.5117183 0.8313563 -0.2295868 0.4766803 0.8485669 -0.2390402 0.5088407 0.8270073 -0.2440654 0.4825603 0.8411704 -0.2588265 0.5060249 0.8227683 -0.4409999 0.8942647 0.07622134 -0.9648743 0.1749998 0.1959407 -0.9806498 0.1162046 0.157552 -0.9806504 0.1411873 0.1356139 -0.9806492 0.1411934 0.1356157 -0.9806499 0.162104 0.1097642 -0.9806496 0.1621055 0.1097646 -0.98065 0.1783416 0.08074599 -0.9806497 0.1783434 0.08074539 -0.98065 0.1894341 0.04939842 -0.9806495 0.1894373 0.04939854 -0.7922882 0.3621643 0.4910361 -0.9806501 0.1950613 0.016626 -0.98065 0.195062 0.01662594 -0.8962358 0.4419754 0.03767061 -0.8297608 0.3176763 0.4588887 -0.8305416 0.4016801 0.3858158 -0.8305361 0.4016868 0.3858208 -0.8305426 0.4611797 0.3122698 -0.8305378 0.4611858 0.3122734 -0.8305358 0.507385 0.2297192 -0.83054 0.5073787 0.2297178 -0.8305386 0.5389391 0.140536 -0.83054 0.538937 0.1405366 -0.8297635 0.5572692 0.03071832 -0.7922845 0.6079477 0.05181699 -0.6082625 0.4491976 0.6543992 -0.5541786 0.4940873 0.6698985 -0.5541846 0.6003276 0.5766164 -0.5541842 0.6003267 0.5766176 -0.5541799 0.6892576 0.4666997 -0.554182 0.6892541 0.4667025 -0.5541782 0.7582982 0.3433226 -0.5541818 0.7582959 0.343322 -0.5541804 0.8054622 0.2100357 -0.5541803 0.8054617 0.2100372 -0.5541796 0.8293899 0.07069158 -0.6082633 0.7926993 0.04054439 -0.2579457 0.5734822 0.7775489 -0.1948697 0.6102488 0.7678686 -0.1948591 0.6832092 0.7037437 -0.1463185 0.7134444 0.685265 -0.1949757 0.7404887 0.6431649 -0.1944115 0.8122373 0.5499772 -0.1944152 0.8122389 0.5499734 -0.1944158 0.8935981 0.4045801 -0.1944097 0.8935996 0.4045794 -0.1949001 0.9384315 0.2852372 -0.1449117 0.9574279 0.2496645 -0.1949374 0.959258 0.2045081 -0.1944109 0.9773765 0.08330559 -0.194413 0.9773761 0.08330488 -0.9807851 0.1950912 0 -0.8968746 0.4422852 0 -0.8968743 0.4422857 0 -0.7933516 0.6087638 0 -0.7933533 0.6087615 0 -0.6087589 0.7933552 0 -0.6087655 0.7933502 0 -0.4422875 0.8968734 0 -0.4422839 0.8968752 0 -0.1950913 0.9807852 0 -0.1950901 0.9807853 0 -0.4396885 -0.8916018 0.1082608 -0.193721 0.9739037 0.1182533 -0.1937224 -0.9739034 0.1182533 -0.1937206 -0.9739038 0.1182535 -0.1948198 -0.9383651 0.2855108 -0.2537974 -0.9044013 0.3429948 -0.1946648 -0.8971375 0.3965473 -0.1940082 -0.814756 0.5463823 -0.2180321 -0.803184 0.5543983 -0.1950765 -0.7428007 0.6404626 -0.1937263 -0.6505605 0.7343304 -0.1937209 -0.6505607 0.7343317 -0.1949411 -0.5242142 0.8289738 -0.2478991 -0.450216 0.8578178 -0.1944773 -0.4205085 0.8862004 -0.1942835 -0.2602422 0.9457949 -0.2360081 -0.2325552 0.9435139 -0.1950232 -0.1443253 0.9701218 -0.1937158 0 0.9810578 -0.1937226 0 0.9810563 -0.1950218 0.1443254 0.9701221 -0.2360053 0.2325554 0.9435145 -0.1942835 0.2602422 0.9457949 -0.1937177 0.4559173 0.8686847 -0.2730619 0.4124033 0.869115 -0.194939 0.5242151 0.8289737 -0.193716 0.6505605 0.7343332 -0.1937249 0.6505604 0.7343309 -0.1950765 0.7428007 0.6404626 -0.218031 0.8031839 0.5543991 -0.1940082 0.814756 0.5463823 -0.193726 0.9173027 0.3478879 -0.2983199 0.8729881 0.3858718 -0.1948198 0.9383651 0.2855108 -0.7911932 -0.6071074 0.0737161 -0.6059554 -0.7896987 0.09588664 -0.5538267 -0.8237244 0.1214665 -0.5527597 -0.7791872 0.2955066 -0.5527589 -0.7791875 0.2955073 -0.5527638 -0.6858234 0.4733905 -0.5527619 -0.6858255 0.4733895 -0.5527675 -0.5526037 0.6237606 -0.5527537 -0.5526109 0.6237664 -0.5527523 -0.3872727 0.7378922 -0.5527607 -0.3872731 0.7378856 -0.5527595 -0.1994311 0.8091257 -0.5527681 -0.1994292 0.8091202 -0.5527675 0 0.8333355 -0.5527622 0 0.8333392 -0.5527675 0.1994299 0.8091205 -0.5527608 0.1994304 0.8091249 -0.55276 0.3872715 0.737887 -0.5527544 0.3872745 0.7378897 -0.5527684 0.5526018 0.6237616 -0.5527532 0.5526121 0.6237659 -0.5527717 0.6858189 0.4733878 -0.5527561 0.6858286 0.4733921 -0.5527609 0.779186 0.2955073 -0.552756 0.7791895 0.2955073 -0.9805106 -0.1950337 0.02368146 -0.8955807 -0.4416555 0.05362552 -0.193722 0.9739034 0.1182535 -0.4396902 0.891601 0.1082607 -0.5538267 0.8237244 0.1214665 -0.6059554 0.7896987 0.09588664 -0.7911941 0.6071063 0.07371598 -0.8306925 -0.5492681 0.09085553 -0.829585 -0.5220947 0.1980049 -0.8295848 -0.5220953 0.1980047 -0.8295841 -0.459539 0.3171972 -0.8295862 -0.4595358 0.3171967 -0.8295878 -0.370272 0.4179509 -0.8295812 -0.3702789 0.417958 -0.8295837 -0.2594935 0.494423 -0.8295856 -0.2594918 0.4944208 -0.8295841 -0.1336275 0.5421569 -0.8295853 -0.1336311 0.5421543 -0.82958 0 0.558388 -0.8295833 0 0.558383 -0.8295876 0.1336277 0.5421513 -0.8295813 0.1336292 0.5421606 -0.8295876 0.2594908 0.4944179 -0.8295812 0.2594948 0.4944264 -0.8295877 0.370272 0.417951 -0.8295795 0.3702815 0.4179586 -0.8295823 0.4595414 0.3171989 -0.8295873 0.4595345 0.3171958 -0.829586 0.5220934 0.1980043 -0.8295854 0.522094 0.1980049 -0.8306919 0.5492689 0.09085565 -0.8955807 0.4416555 0.05362552 -0.9805102 -0.1950356 0.02368175 -0.9805102 -0.1837008 0.069669 -0.9805101 -0.1837015 0.06966894 -0.9805102 -0.1616904 0.1116072 -0.9805102 -0.1616901 0.111607 -0.9805105 -0.130281 0.1470584 -0.9805105 -0.1302801 0.1470592 -0.9805102 -0.09130489 0.1739636 -0.9805099 -0.09130513 0.1739653 -0.9805103 -0.04701715 0.190759 -0.9805102 -0.04701942 0.1907591 -0.9805109 0 0.1964653 -0.98051 0 0.1964697 -0.9805097 0.04701948 0.1907615 -0.9805106 0.04701507 0.1907577 -0.9805102 0.09130489 0.1739637 -0.9805097 0.09130549 0.1739658 -0.9805102 0.1302818 0.1470594 -0.9805105 0.1302811 0.147058 -0.9805101 0.1616916 0.1116057 -0.9805098 0.1616917 0.1116086 -0.9805095 0.1837047 0.0696693 -0.9805109 0.1836977 0.06966829 -0.9805106 0.1950337 0.02368181 -0.9805098 0.1950376 0.02368152 -0.9807851 -0.1950912 0 -0.8968743 -0.4422857 0 -0.8968746 -0.4422852 0 -0.7933512 -0.6087644 0 -0.7933537 -0.608761 0 -0.6087589 -0.7933552 0 -0.6087655 -0.7933502 0 -0.4422875 -0.8968734 0 -0.4422839 -0.8968752 0 -0.1950907 -0.9807853 0 -0.1950907 -0.9807853 0 -0.9656913 -0.1541453 0.2089965 -0.9806501 -0.1950613 0.016626 -0.9806496 -0.1950639 0.01662594 -0.1944121 -0.9773763 0.08330494 -0.4409999 -0.8942647 0.07622134 -0.5533936 -0.8312313 0.05301183 -0.6073762 -0.7915444 0.06746578 -0.8305376 -0.5549505 0.04730039 -0.7930595 -0.6085356 0.0272271 -0.8962358 -0.4419754 0.03767061 -0.9806492 -0.1783457 0.08074587 -0.9806501 -0.1783412 0.08074551 -0.8305385 -0.5073807 0.229719 -0.8305379 -0.5073819 0.2297182 -0.5541799 -0.7582972 0.3433222 -0.5541794 -0.7582975 0.343322 -0.9806499 -0.162104 0.1097639 -0.9806492 -0.1621073 0.1097646 -0.830542 -0.4611806 0.3122699 -0.8305387 -0.4611843 0.3122735 -0.5541822 -0.6892551 0.4667007 -0.554181 -0.6892556 0.4667015 -0.9806498 -0.1411915 0.1356137 -0.9806496 -0.1411909 0.1356156 -0.8305423 -0.4016783 0.3858162 -0.8305364 -0.401687 0.3858198 -0.5541846 -0.6003276 0.5766164 -0.5541833 -0.6003271 0.576618 -0.09927159 -0.9520534 0.2893778 -0.1949388 -0.9592577 0.2045083 -0.1944118 -0.9773762 0.08330547 -0.9806492 -0.1894391 0.04939854 -0.9806498 -0.189436 0.04939854 -0.8305382 -0.5389398 0.1405362 -0.83054 -0.538937 0.1405362 -0.5541792 -0.8054627 0.2100364 -0.5541818 -0.805461 0.2100362 -0.1944121 -0.9491791 0.2475138 -0.1944158 -0.8935981 0.4045801 -0.1944114 -0.8935996 0.4045789 -0.1944162 -0.8122364 0.5499767 -0.1944109 -0.8122398 0.5499737 -0.1944063 -0.7074465 0.679504 -0.1114796 -0.6922184 0.7130259 -0.1949759 -0.7404881 0.6431654 -0.9806485 -0.1412537 0.1355583 -0.7930572 -0.3415166 0.5044074 -0.8305385 -0.3305952 0.448233 -0.607374 -0.4715425 0.6393312 -0.5533916 -0.4799805 0.6807177 -0.2572901 -0.5949205 0.7614929 -0.1944063 -0.5822435 0.7894294 -0.7932878 -0.3293038 0.5121071 -0.1030617 -0.4907191 0.8652012 -0.1305506 -0.4756969 0.8698673 -0.07521826 -0.6798147 0.7295165 -0.1394335 -0.5784844 0.8036879 -0.3117169 -0.5140957 0.7990859 -0.06752538 -0.9041689 0.4218046 -0.08877474 -0.9792075 0.1824057 -0.1073557 -0.9725347 0.2065212 -0.2237908 -0.9509732 0.213466 -0.9659234 -0.1331459 0.2219555 -0.949181 -0.223824 0.2212652 -0.9441202 -0.2631188 0.1985086 -0.9073763 -0.3504335 0.2320877 -0.8921878 -0.4018313 0.2062342 -0.8558834 -0.4681853 0.219696 -0.8282678 -0.5265254 0.191686 -0.782409 -0.5800435 0.2266842 -0.7384732 -0.6439222 0.2000538 -0.6986263 -0.6813232 0.2184494 -0.6809204 -0.7013666 0.21079 -0.6017083 -0.771779 0.2056807 -0.1127955 -0.5037229 0.8564698 -0.1284086 -0.4922109 0.8609528 -0.1706235 -0.4849845 0.8577166 -0.1578469 -0.4988799 0.8521755 -0.1947749 -0.4796739 0.8555558 -0.1797211 -0.5010708 0.8465391 -0.219612 -0.4798198 0.8494371 -0.2080246 -0.505348 0.837466 -0.234254 -0.4782472 0.8464069 -0.2255241 -0.5064447 0.8322576 -0.2510249 -0.4808124 0.8401226 -0.2482491 -0.5063806 0.8258033 -0.2587382 -0.4837161 0.8361061 -0.1273139 -0.8372506 0.531792 -0.2042902 -0.7946507 0.5716606 -0.1646951 -0.7908051 0.5894939 -0.239372 -0.7654799 0.5972787 -0.2657665 -0.7672939 0.5836338 -0.3247276 -0.7350172 0.5952325 -0.3576454 -0.7278124 0.5851316 -0.4013565 -0.6948038 0.596792 -0.4451401 -0.6827903 0.5793513 -0.4746006 -0.6511921 0.592202 -0.5164184 -0.625566 0.5847899 -0.5347749 -0.5992349 0.5957629 -0.5853005 -0.5654513 0.5811095 -0.5951918 -0.5440813 0.5913732 -0.6336269 -0.4985852 0.5915486 -0.6382265 -0.4834403 0.5991264 -0.6828866 -0.4281039 0.5919401 -0.684006 -0.4185107 0.5974819 -0.5942362 -0.5901437 0.5464556 -0.6126345 -0.7572482 0.2263945 -0.514666 -0.8337019 0.2001507 -0.4841623 -0.8476661 0.2169083 -0.4110599 -0.8887094 0.2030408 -0.3562941 -0.9056597 0.2298588 -0.3286514 -0.9198207 0.2142854 -0.2377414 -0.9495714 0.2044342 -0.1590472 -0.9705772 0.1807869 0 -0.9952599 0.09725189 0.06215655 -0.9895282 0.1302713 -0.05541795 -0.9493208 0.3093848 0.07654196 -0.8491694 0.5225445 0.005455076 -0.9507659 0.3098624 0.0709908 -0.9411416 0.3304737 0.07158493 -0.7776333 0.6246296 0.007560968 -0.9914163 0.1305248 0.006816864 -0.9914371 0.1304075 0.1798143 -0.9748752 0.1314733 0.1710738 -0.9825343 0.07321399 0.4775141 -0.8566164 0.1954191 0.4935166 -0.8690932 0.03344058 0.7193724 -0.6470336 0.2526875 0.7713173 -0.6359845 0.02436029 0.8843652 -0.3593183 0.2979742 0.9468046 -0.3193895 0.03939092 0.1734743 -0.927053 0.3323848 0.1213298 -0.9277882 0.352829 0.1216377 -0.927125 0.3544622 0.3065754 -0.8505282 0.4273329 0.3283942 -0.8819243 0.3381817 0.4730242 -0.7403423 0.4776416 0.5362511 -0.7649542 0.3567629 0.6105701 -0.5852657 0.5335433 0.7010077 -0.5883626 0.4030107 0.06031292 -0.791046 0.6087764 0.1094402 -0.7706491 0.6277922 0.1182001 -0.7876693 0.6046535 0.1685611 -0.7384638 0.6528847 0.1941986 -0.7572823 0.6235468 0.2203164 -0.6947475 0.68468 0.2586366 -0.7089359 0.656138 0.1950867 -0.6935204 0.6935204 0.2587257 -0.701765 0.6637673 0.442289 -0.6341829 0.6341866 0.6087587 -0.5609866 0.5609875 0.7066546 -0.5250385 0.474314 0.7933504 -0.4304621 0.4304621 0.8968741 -0.3127459 0.3127409 0.9655776 -0.2019444 0.1639468 0.9807851 -0.1379512 0.13795 0.9804614 -0.195029 0.02567559 0.980462 -0.1560598 0.1197488 0.9804617 -0.156061 0.1197493 0.1934814 -0.7783612 0.5972595 0.4392226 -0.7127327 0.5468963 0.5501807 -0.6435708 0.5320882 0.6054627 -0.6314098 0.4844963 0.829256 -0.4433797 0.3402191 0.7926332 -0.4600834 0.4000702 0.8953579 -0.3533188 0.2711092 0.9804618 -0.1950266 0.02567601 0.8953554 -0.4415425 0.05813038 0.8273813 -0.5596354 0.04741966 0.7908178 -0.6068156 0.07988756 0.5522667 -0.8265357 0.108814 0.60778 -0.792067 0.05686426 0.4392385 -0.8906849 0.1172612 0.1052675 -0.9416691 0.3196534 0.194689 -0.8797094 0.4338288 0.1934891 -0.7783624 0.5972552 0.9804626 -0.1817326 0.07527655 0.9804617 -0.1817365 0.07527804 0.8292549 -0.5163291 0.213871 0.8292552 -0.5163288 0.2138705 0.5522654 -0.7702088 0.3190318 0.5522731 -0.7702041 0.3190301 0.193486 -0.9064207 0.3754528 0.1934884 -0.972709 0.1280608 0.1934804 -0.9727109 0.1280584 0.9807861 -0.1950865 0 0.9807851 -0.1950915 0 0.8968757 -0.4422827 0 0.8968712 -0.4422922 0 0.7933524 -0.6087628 0 0.7933552 -0.608759 0 0.608759 -0.7933552 0 0.6087628 -0.7933524 0 0.442289 -0.8968726 0 0.4422921 -0.8968711 0 0.19509 -0.9807854 0 0.195089 -0.9807856 0 0.9805189 -0.1950365 -0.02331393 0.9805182 -0.1950404 -0.02331376 0.5514495 -0.8307065 -0.07635533 0.6060398 -0.7898118 -0.09440964 0.8296412 -0.5543507 -0.06626421 0.7926242 -0.6082067 -0.04279804 0.8956272 -0.4416611 -0.05279558 0.1937623 -0.9741141 -0.1164394 0.1937632 -0.9741135 -0.1164414 0.4397673 -0.8917633 -0.1065968 0.9805196 -0.1840424 -0.06862831 0.9805186 -0.1840481 -0.06862777 0.8296416 -0.5231131 -0.1950578 0.8296416 -0.5231128 -0.1950588 0.5528467 -0.7807695 -0.2911348 0.5528487 -0.7807682 -0.2911348 0.1937633 -0.9192221 -0.3427633 0.1937627 -0.9192236 -0.3427594 0.9806066 0.1821207 -0.07240778 0.8302468 0.5179598 -0.2059324 0.5537443 0.7737727 -0.3076413 0.1941962 0.9115589 -0.3624199 0.1941978 0.9115582 -0.3624209 0.1949498 0.9522385 -0.2350243 0.2601206 0.9493651 -0.1761907 0.1947681 0.9706249 -0.1412535 0.1945205 0.9808666 -0.00791645 0.2384891 0.9710818 0.01109313 0.1950553 0.9768764 0.0875566 0.1941996 0.9601527 0.200981 0.1941998 0.9601523 0.2009825 0.1950551 0.9299803 0.3115929 0.2384915 0.8940039 0.379314 0.1945186 0.8953447 0.4006502 0.1942086 0.8117265 0.5508024 0.3012942 0.8092989 0.5042393 0.1949496 0.7780342 0.5972082 0.1941965 0.6896728 0.6975953 0.1942041 0.6896702 0.6975958 0.1942116 0.5414953 0.8179637 0.1941921 0.5414948 0.8179687 0.1949573 0.4251358 0.8838843 0.2601222 0.3669603 0.8931275 0.1947765 0.3371211 0.9210926 0.1945142 0.2087146 0.9584375 0.2384912 0.1880991 0.9527543 0.195069 0.1144425 0.9740899 0.1941965 0 0.9809628 0.1942132 0 0.9809594 0.195075 -0.1144424 0.9740887 0.2384951 -0.1880985 0.9527534 0.1945142 -0.2087146 0.9584375 0.1942005 -0.3728074 0.9073593 0.3013126 -0.3277301 0.8954349 0.1949585 -0.4251357 0.883884 0.1941963 -0.5414971 0.8179664 0.1942047 -0.5414938 0.8179664 0.1941966 -0.6896731 0.6975951 0.1942036 -0.6896697 0.6975964 0.1949472 -0.7780346 0.5972084 0.2601225 -0.7989968 0.5421627 0.1947748 -0.8324828 0.518686 0.1945186 -0.8953447 0.4006502 0.2384912 -0.8940037 0.3793143 0.1950555 -0.92998 0.3115935 0.1941977 -0.9601531 0.2009811 0.1942025 -0.960152 0.200982 0.1950565 -0.9768761 0.0875566 0.2384891 -0.9710818 0.01109313 0.1945205 -0.9808666 -0.00791645 0.1942 -0.9644927 -0.1789978 0.3012984 -0.9435904 -0.1373192 0.1949496 -0.9522386 -0.2350241 0.1941962 -0.9115589 -0.3624199 0.1941978 -0.9115582 -0.3624209 0.5537433 0.7737749 -0.3076374 0.5537422 0.8187082 -0.1519423 0.553743 0.8187078 -0.1519415 0.5537436 0.8326329 0.009511172 0.5537409 0.8326348 0.009510397 0.5537455 0.8150218 0.1706036 0.5537425 0.8150238 0.1706035 0.5537434 0.7665454 0.3252328 0.5537434 0.7665449 0.3252345 0.5537412 0.6890339 0.4675502 0.5537459 0.6890339 0.4675445 0.5537464 0.5854231 0.5921527 0.5537396 0.5854283 0.5921539 0.5537504 0.4596444 0.6943252 0.5537411 0.4596494 0.6943294 0.5537396 0.3164576 0.7702124 0.5537384 0.316458 0.770213 0.5537506 0.1612818 0.816914 0.5537323 0.1612856 0.8169257 0.5537506 0 0.8326826 0.5537323 0 0.8326947 0.5537394 -0.1612832 0.8169214 0.5537381 -0.1612848 0.8169219 0.5537396 -0.3164576 0.7702124 0.5537406 -0.3164579 0.7702116 0.5537397 -0.4596469 0.6943321 0.5537533 -0.4596456 0.6943222 0.5537463 -0.5854229 0.592153 0.553741 -0.5854281 0.5921527 0.5537469 -0.6890309 0.4675476 0.5537372 -0.6890383 0.4675484 0.5537452 -0.7665438 0.3252339 0.5537407 -0.766547 0.3252341 0.553744 -0.8150227 0.1706038 0.5537441 -0.8150228 0.1706033 0.5537437 -0.832633 0.009510159 0.553741 -0.8326348 0.009511411 0.553745 -0.8187064 -0.1519424 0.5537403 -0.8187097 -0.1519414 0.5537453 -0.7737727 -0.3076396 0.5537431 -0.7737747 -0.3076385 0.830246 0.5179605 -0.2059334 0.8302477 0.5480366 -0.1017091 0.8302438 0.5480422 -0.1017098 0.8302453 0.5573618 0.006366193 0.8302469 0.5573594 0.006367027 0.8302439 0.5455762 0.1142007 0.8302466 0.545572 0.1142009 0.8302465 0.5131211 0.21771 0.8302463 0.5131207 0.2177116 0.8302468 0.4612355 0.3129733 0.8302452 0.4612369 0.3129753 0.8302471 0.39188 0.3963836 0.8302445 0.3918842 0.3963849 0.8302465 0.307684 0.4647812 0.8302463 0.3076847 0.4647812 0.8302492 0.2118324 0.5155709 0.8302438 0.2118372 0.5155776 0.8302436 0.1079632 0.5468451 0.8302517 0.1079602 0.5468334 0.8302384 0 0.5574085 0.83025 0 0.5573912 0.8302436 -0.1079632 0.5468451 0.8302549 -0.1079604 0.5468285 0.830244 -0.2118353 0.5155781 0.8302501 -0.2118337 0.515569 0.8302465 -0.307684 0.4647809 0.8302461 -0.3076846 0.4647814 0.8302445 -0.3918828 0.3963864 0.8302483 -0.3918796 0.3963814 0.8302463 -0.4612354 0.3129745 0.8302456 -0.4612371 0.312974 0.8302463 -0.513121 0.2177104 0.8302456 -0.5131222 0.2177109 0.8302445 -0.5455752 0.114201 0.8302468 -0.5455718 0.1142004 0.8302453 -0.5573618 0.006366729 0.8302478 -0.5573582 0.006366431 0.8302465 -0.5480386 -0.1017094 0.8302451 -0.5480405 -0.1017094 0.8302454 -0.5179616 -0.2059332 0.8302468 -0.5179596 -0.205933 0.9806066 0.1821205 -0.07240736 0.9806064 0.1926971 -0.03576171 0.9806075 0.192692 -0.03576207 0.9806063 0.1959756 0.00223869 0.9806074 0.1959698 0.002238571 0.9806063 0.1918306 0.04015398 0.9806064 0.1918297 0.04015415 0.9806063 0.1804209 0.07654845 0.9806066 0.1804195 0.07654911 0.9806068 0.1621752 0.1100436 0.9806072 0.1621727 0.1100435 0.9806065 0.1377899 0.1393734 0.9806064 0.1377915 0.139372 0.9806069 0.1081833 0.1634213 0.9806064 0.1081875 0.1634213 0.9806071 0.07448214 0.1812793 0.9806075 0.07448226 0.1812773 0.9806064 0.03796041 0.1922763 0.9806063 0.03796124 0.1922768 0.9806071 0 0.1959843 0.9806072 0 0.1959839 0.9806057 -0.03796213 0.1922796 0.9806066 -0.03796082 0.1922749 0.9806069 -0.07448434 0.1812793 0.9806073 -0.07448065 0.1812793 0.9806066 -0.1081855 0.1634213 0.9806067 -0.1081854 0.1634217 0.9806062 -0.1377921 0.1393735 0.9806069 -0.1377888 0.1393715 0.9806064 -0.1621766 0.1100447 0.9806073 -0.1621726 0.1100429 0.9806066 -0.180419 0.07654976 0.9806066 -0.1804192 0.07654768 0.9806071 -0.1918264 0.04015398 0.9806063 -0.1918305 0.04015392 0.9806064 -0.1959748 0.00223869 0.980607 -0.1959719 0.002238571 0.9806073 -0.1926928 -0.03576189 0.9806067 -0.1926954 -0.03576189 0.9806067 -0.1821199 -0.07240748 0.9806067 -0.1821196 -0.07240772 0.9805192 0.1950348 -0.02331387 0.9805184 0.195039 -0.02331376 0.8956272 0.4416611 -0.05279558 0.828331 0.5583375 -0.04612272 0.7912632 0.6071536 -0.07257509 0.5528466 0.8273931 -0.0989021 0.9805188 0.1840468 -0.06862795 0.9805189 0.1840461 -0.06862795 0.8296434 0.5231107 -0.1950569 0.8296405 0.5231147 -0.1950586 0.5528483 0.7807686 -0.2911344 0.5528468 0.7807692 -0.2911354 0.1937603 0.9192232 -0.3427621 0.193764 0.919223 -0.3427606 0.6076833 0.7919452 -0.05953019 0.4397673 0.8917633 -0.1065968 0.1937611 0.9741143 -0.1164387 0.1937645 0.9741132 -0.1164422 0.9807861 0.1950865 0 0.9807851 0.1950915 0 0.8968772 0.4422797 0 0.8968696 0.4422953 0 0.7933552 0.608759 0 0.7933524 0.6087628 0 0.608759 0.7933552 0 0.6087628 0.7933524 0 0.4422921 0.8968711 0 0.442289 0.8968726 0 0.19509 0.9807854 0 0.195089 0.9807856 0 0.9804613 0.1560636 0.119749 0.9804615 0.1950281 0.02567571 0.9804618 0.1950272 0.02567595 0.5501731 0.8313213 0.07883256 0.6054687 0.7890604 0.103881 0.8292534 0.5540918 0.07294672 0.7926377 0.6082146 0.04243499 0.8953554 0.4415425 0.05813038 0.9804616 0.1817375 0.07527738 0.980462 0.1817355 0.07527732 0.8292551 0.5163286 0.2138708 0.8292559 0.5163277 0.2138707 0.5522689 0.7702074 0.3190296 0.5522713 0.7702049 0.3190315 0.9804622 0.1560583 0.1197489 0.8953579 0.3533188 0.2711092 0.8273804 0.4292535 0.3621924 0.7908164 0.4855741 0.3725957 0.5522711 0.6613907 0.5075029 0.6077775 0.6002864 0.5198679 0.4392226 0.7127327 0.5468963 0.1934849 0.9727098 0.1280593 0.1934843 0.97271 0.1280599 0.4392385 0.8906849 0.1172612 0.1946812 0.9288127 0.3152878 0.1507583 0.9133196 0.3783112 0.1946911 0.8797091 0.4338287 0.1934896 0.7783598 0.5972586 0.1934829 0.7783631 0.5972566 0.1950867 0.6935204 0.6935204 0.2587265 0.7017651 0.6637669 0.442289 0.6341829 0.6341866 0.6087561 0.5609885 0.5609885 0.7066557 0.525038 0.474313 0.9807853 0.1379494 0.1379507 0.9655776 0.2019444 0.1639468 0.896877 0.3127418 0.3127368 0.7933504 0.4304621 0.4304621 0.1085327 0.9256933 0.3623706 0.08373314 0.882735 0.4623504 0.1368053 0.9821234 0.1292974 0.1097951 0.9450325 0.3079913 0.2588106 0.677014 0.6889623 0.6180401 0.6985753 0.3605816 0.6934853 0.7196022 0.03536629 0.811419 0.5411286 0.2208601 0.8119975 0.5426172 0.2150042 0.9261645 0.3484969 0.1441161 0.9331403 0.30881 0.1840804 0.9659186 0.1857544 0.1802684 0.1088254 0.9258964 0.3617637 0.2462905 0.8784624 0.4094445 0.3027818 0.8820072 0.3610909 0.3980593 0.8066966 0.4367944 0.4912186 0.782046 0.383547 0.5444099 0.6934434 0.4719685 0.652674 0.6263964 0.4261975 0.6635115 0.5690349 0.4857488 0.7071082 0.5010219 0.4989741 0.2405499 0.6959376 0.676614 0.2373377 0.7157681 0.6567701 0.1939883 0.7282923 0.6572359 0.1762599 0.7580801 0.6278909 0.1406946 0.7591369 0.6355441 0.1084722 0.7848976 0.6100571 0.08730447 0.7793779 0.6204419 0.04660069 0.7937053 0.6065149 0.06492596 0.8038181 0.5913216 0.5992432 0.7796266 0.1819068 0.4821053 0.8715667 0.08914017 0.373948 0.90461 0.2045574 0.3225861 0.9351972 0.1460978 0.1566336 0.9837005 0.08831328 0 0.9914444 0.1305297 0.09849059 0.9924773 0.07272237 -0.05541795 0.9493208 0.3093848 0 -0.9659263 0.2588176 0.006568491 -0.9219123 0.3873431 0.0018754 -0.977316 0.2117786 0 -0.997295 0.07350403 0 -0.258819 0.9659259 0.006352424 -0.1381176 0.9903956 0 -0.3873862 0.9219175 0 -0.7071051 0.7071086 0.01009583 -0.55104 0.8344178 0 -0.7435427 0.6686885 0 0.1350651 0.9908368 0.003360867 0.2588179 0.9659203 0.002120971 0.7071037 0.7071067 1.86215e-5 0.5466842 0.837339 -4.4669e-5 0.3885796 0.9214152 0 0.9973196 0.07316899 0.001863777 0.9774386 0.2112114 0.003121078 0.9659212 0.258818 0 0.9201645 0.3915321 0 0.7435427 0.6686885 0 0.9945507 0.1042546 -0.03313779 0.9605463 0.2761389 0 0.9807854 0.1950899 0 0.8314695 0.5555706 0 0.8314688 0.5555715 0 -0.8314688 0.5555715 0 -0.8314695 0.5555706 0 -0.95511 0.2962516 -0.0174275 -0.980636 0.1950625 0 -0.9945546 0.104217 3.0716e-6 0 1 -8.83144e-7 0 1 6.14319e-6 0 1 1.39587e-7 0 1 8.86126e-7 0 1 -7.88287e-7 0 1 9.25796e-7 0 1 9.24567e-7 0 1 -1.71988e-6 0 1 -4.00072e-7 0 1 1.11821e-6 0 1 -1.24783e-6 0 1 1.17243e-6 0 1 -2.20097e-6 0 1 -6.0393e-6 0 1 -1.84996e-6 0 1 0 0.2079113 -0.9781477 0 0.2079111 -0.9781478 0 0.5877851 -0.8090173 0 0.5877854 -0.809017 0 0.8660259 -0.4999991 0 0.8660256 -0.4999997 0 0.994522 -0.1045287 0 0.9945219 -0.1045283 0 0.9510566 0.309017 0 0.7431442 0.6691314 0 0.7431446 0.669131 0 0.4067376 0.9135451 0 0.4067379 0.913545 0 -0.4067375 0.9135451 0 -0.406738 0.9135449 0 -0.7431442 0.6691314 0 -0.7431446 0.669131 0 -0.9510566 0.309017 0 -0.994522 -0.1045283 0 -0.9945219 -0.1045288 0 -0.8660259 -0.4999993 0 -0.8660257 -0.4999995 0 -0.5877848 -0.8090173 0 -0.5877856 -0.8090168 0 -0.2079113 -0.9781477 0 -0.2079111 -0.9781478 1 -7.15545e-7 0 0 0.2079113 0.9781477 0 0.2079111 0.9781478 0 0.5877853 0.809017 0 0.5877851 0.8090171 0 0.8660255 0.4999999 0 0.8660252 0.5000004 0 0.994522 0.1045285 0 0.994522 0.1045282 0 0.9510564 -0.3090175 0 0.7431454 -0.6691301 0 0.743145 -0.6691306 0 0.4067361 -0.9135457 0 0.4067364 -0.9135456 0 -0.4067361 -0.9135458 0 -0.4067365 -0.9135456 0 -0.7431454 -0.6691301 0 -0.743145 -0.6691306 0 -0.9510564 -0.3090175 0 -0.994522 0.1045281 0 -0.9945219 0.1045286 0 -0.8660254 0.5000001 0 -0.8660252 0.5000002 0 -0.5877851 0.8090171 0 -0.5877853 0.809017 0 -0.2079113 0.9781477 0 -0.2079111 0.9781478 -1 7.15545e-7 0 -1 -4.47215e-7 0 -1 4.47215e-7 0 -1 -1.78887e-7 0 -1 -3.57771e-7 0 -1 5.3666e-7 0 -1 -5.3666e-7 0 -1 -7.15545e-7 0 -1 3.57771e-7 0 -0.1355691 0 -0.9907679 -0.1355121 5.26853e-6 -0.9907757 -0.3873817 -4.94783e-6 -0.9219194 -0.3873401 0 -0.921937 -0.6102485 0 -0.7922101 -0.5390983 0.01020634 -0.842181 -0.7872719 -0.01433187 -0.6164395 -0.7435541 0 -0.6686758 -0.9200606 0 -0.3917763 -0.9735938 -0.02859562 -0.2264897 -0.8991093 0.03123295 -0.4366087 -0.9966641 -0.02399772 -0.07800638 -0.9716874 0.01925379 -0.2354841 -0.9981324 0 -0.0610888 -0.9987671 0.01185983 -0.0482034 -0.9988015 0.02492892 -0.04212194 -0.9981938 -0.005916476 -0.05978435 -0.9915958 -0.1111055 0.06628453 0.5406566 0.01018649 -0.8411818 0.1350663 0 -0.9908366 0.1350657 0 -0.9908366 0.3886068 0 -0.9214038 0.3868054 -1.92115e-4 -0.9221614 0.6107982 1.96985e-4 -0.7917863 0.9982476 -0.05196362 -0.02831161 0.9948093 0.05319726 -0.08674442 0.9983695 0.003801405 -0.05695623 0.9981324 0 -0.06108891 0.973717 -0.02871656 -0.2259439 0.7488558 -0.01002895 -0.6626572 0.7948272 0 -0.6068359 0.920165 0 -0.3915309 0.9973357 0.001300454 -0.07293796 0.9743613 -0.001962304 -0.2249805 0.898983 0.03145223 -0.4368529 0.7071053 0 -0.7071083 0.7071084 0 -0.7071053 0.7071065 0 -0.7071071 0.7071056 2.66946e-6 -0.707108 0.7071071 -3.92384e-6 -0.7071066 0.7071072 9.30726e-6 -0.7071064 0.7071059 -1.78662e-6 -0.7071077 -0.7071063 0 -0.7071073 -0.7071092 6.53033e-7 -0.7071044 -0.7071056 0 -0.707108 -0.7071068 0 -0.7071068 -0.707108 1.46399e-6 -0.7071056 -0.7071049 -1.2908e-6 -0.7071087 -0.7071062 0 -0.7071074 -0.7071074 0 -0.7071062 -0.7071002 0 -0.7071135 -0.7071157 0 -0.707098 1 4.33093e-7 0 -1 1.51582e-6 0 0.8959845 0 0.4440852 -0.8989153 0 0.4381226 -0.9283252 0.01687079 0.3713861 -0.9290811 0.0190078 0.3693875 -0.9664955 -0.009832143 0.2564957 -0.9708663 0 0.2396221 -0.9909427 0 0.1342864 -0.9895228 -0.01035791 0.1440048 -0.9999287 0.01182228 -0.001760005 -0.8385215 -0.002666831 -0.544862 -0.8547098 -0.01067727 -0.5189965 -0.8873479 0 -0.4611006 -0.8966362 -0.136441 -0.4212213 -0.8770849 -0.04270642 -0.4784332 -0.9999675 0 0.008069932 -0.9960075 0 -0.08927136 -0.9904313 -0.01453024 -0.1372399 -0.9782139 0.03420108 -0.204763 -0.9629017 -0.01207011 -0.2695826 -0.9481931 0 -0.3176947 -0.92606 0 -0.3773766 -0.912671 0.01543664 -0.4084035 -0.8931237 -5.67901e-4 -0.4498111 -0.8487374 9.39322e-4 -0.5288137 -0.8575709 0.009025216 -0.5142866 -0.8402289 0.002477645 -0.5422264 -0.978104 -0.197645 0.06518566 -0.9999991 0 -0.001406133 -0.9787865 0 -0.2048834 -0.9490916 -0.2766176 -0.1506918 -0.9624768 0 -0.2713643 -0.897598 0 0.440815 -0.9254888 -0.02358347 0.37804 -0.9358387 -0.1225153 0.3304483 -0.9656764 0 0.2597482 -0.9908962 0 0.1346283 0.9429423 0 0.3329566 0.9364974 -0.2002635 0.2878668 0.924021 -0.01842403 0.3818978 0.9652411 -0.1657905 -0.2020471 0.9904269 0 -0.1380385 0.9977866 0 0.06649762 0.9278873 -0.3728573 -0.001593828 0.9909039 0 0.1345714 0.8376313 -0.002364695 -0.5462312 0.8518764 0.006957709 -0.5236968 0.864004 0.01478213 -0.5032681 0.8531964 -0.009632349 -0.521501 0.8750229 -0.03827452 -0.4825662 0.8848862 -0.07444381 -0.4598203 0.9235318 0 -0.383522 0.9624452 0 -0.271476 0.8850498 0.03720152 -0.4640076 0.84814 -0.03752279 -0.5284418 0.9235721 0.02696722 -0.3824754 0.9127798 0 -0.4084523 0.9624185 0 -0.2715707 0.9471417 -0.04707962 -0.3173426 0.9867161 0.07742458 -0.1428172 0.9781835 -0.03510075 -0.2047566 0.9960075 0 -0.08927136 0.9999982 0 -0.001883625 0.9999128 0.01045542 0.008069455 0.9909974 -0.008903145 0.1335849 0.9895759 0 0.1440126 0.9666273 0 0.2561869 0.9707928 -0.01230186 0.2396041 0.930401 0.0168516 0.3661559 0.9290729 0.01947653 0.3693837 0.9004554 0 0.4349485 -0.8292409 0 -0.5588916 -0.7932523 0 -0.6088932 -0.7301893 -0.01166832 -0.6831453 -0.7030566 0 -0.7111339 -0.5520039 0 -0.8338416 -0.5190503 -0.01166832 -0.8546642 -0.2127743 0 -0.9771014 -0.2694902 -0.01400506 -0.9629014 -0.3437041 0 -0.9390781 -0.4334526 0 -0.9011764 -0.1166919 0 -0.9931682 0 -0.006997764 -0.9999756 0 -0.006997704 -0.9999755 0.1166919 0 -0.9931682 0.2127743 0 -0.9771014 0.2694902 -0.01400506 -0.9629014 0.3437041 0 -0.9390781 0.4334526 0 -0.9011764 0.5190502 -0.01166832 -0.8546642 0.8410952 0.002711594 -0.5408804 0.8292834 0 -0.5588284 0.7932523 0 -0.6088932 0.7301893 -0.01166832 -0.6831452 0.7030566 0 -0.7111339 0.5520039 0 -0.8338416 0 1 4.74253e-7 0 1 -1.15599e-6 0 1 -4.36339e-7 0 1 -2.21887e-7 0 1 4.59394e-7 0 1 8.04315e-7 0 1 0 0 1 3.90832e-7 0 1 7.91288e-7 0 1 -4.89929e-7 0 1 -1.93955e-6 0 1 7.63318e-7 0 1 -7.24056e-7 0 1 -2.31088e-7 0.5167008 -0.002496182 -0.8561624 0.5010942 0.002337276 -0.8653896 0.460611 -0.004162311 -0.8875924 0.4628832 -0.005480051 -0.8864024 0.3422672 -0.006953716 -0.939577 0.3519913 0.002686083 -0.9359995 0.3937337 -0.006801247 -0.9191994 0.3929598 -0.007874429 -0.919522 0.4230803 0.002438724 -0.906089 0.7192848 -1.55173e-4 -0.6947153 0.7037783 0.002144336 -0.7104166 0.683026 0.007625043 -0.7303543 0.653001 0.02462846 -0.7569565 0.5815103 0.008538544 -0.8134943 0.59348 0.01726967 -0.8046634 0.6963478 -0.0246728 -0.7172803 0.7194929 0 -0.6944999 0.754978 0 -0.6557502 0.8108169 -0.01440465 -0.5851226 0.828036 -0.002078473 -0.5606713 0.9109791 0.00184673 -0.4124487 0.9303578 -0.01648467 -0.3662821 0.9963874 0 -0.08492577 0.9920749 -0.01556104 -0.1246808 0.9780207 0 -0.208508 0.9567795 0 -0.2908143 -0.5167003 -0.002495944 -0.8561627 -0.7192863 -1.51467e-4 -0.6947138 -0.5935343 0.0106498 -0.8047382 -0.5862841 0.02002233 -0.8098581 -0.6963478 -0.0246728 -0.7172803 -0.6529807 0.02465063 -0.7569735 -0.6830025 0.007630825 -0.7303762 -0.3424363 -0.007549524 -0.9395108 -0.3941554 -0.009653389 -0.9189931 -0.3815128 -0.003515005 -0.9243569 -0.3501396 0.002320766 -0.9366947 -0.5102607 -4.9671e-4 -0.8600196 -0.475788 6.73113e-4 -0.8795598 -0.4605517 -0.006180942 -0.8876114 -0.4408743 2.34702e-5 -0.897569 -0.4088712 -2.94388e-5 -0.9125921 -0.7037737 0.002145409 -0.7104211 -0.7194886 0 -0.6945043 -0.754978 0 -0.6557502 -0.8108169 -0.01440465 -0.5851226 -0.828036 -0.002078473 -0.5606713 -0.9109791 0.00184673 -0.4124487 -0.9303579 -0.01648485 -0.3662822 -0.9567795 0 -0.2908143 -0.9780207 0 -0.208508 -0.9920749 -0.01556104 -0.1246808 -0.9963874 0 -0.08492577 0.9320808 0 0.3622508 0.9369693 -0.004845142 0.3493782 0.9958246 0 0.09128761 0.9891843 -0.01372867 0.1460345 0.9929162 -0.00552529 0.1186882 0.9760369 0 0.217605 0.9684872 0 0.2490638 0.9369803 0 0.3493822 0.9234906 0.03141701 0.3823324 0.956249 3.60752e-4 0.2925538 0.9929311 -7.52509e-4 0.1186899 0.984814 0.0273993 0.1714377 0.9924713 0.009965538 0.1220718 -0.9142489 0 0.4051531 -0.9367911 0.02009522 0.3493118 -0.9958246 0 0.09128773 -0.9924554 0.01000577 0.1221974 -0.988532 0.01972186 0.1497181 -0.9929044 0.007377624 0.1186867 -0.9760663 0 0.2174732 -0.955874 0 0.2937772 -0.9369803 0 0.3493822 -0.920003 -0.02455699 0.3911413 -0.9529314 -0.001872539 0.3031804 -0.9929236 0.003947377 0.1186891 -0.9807959 -0.02787405 0.1930354 -0.989215 -0.01367479 0.1458315 -1.14804e-6 0 -1 -1.6083e-6 0 -1 -7.57923e-7 0 -1 7.50159e-6 0 -1 9.02949e-7 0 -1 3.65557e-7 0 -1 1.14804e-6 0 -1 1 -1.34955e-7 0 1 -1.7261e-7 0 1 -6.30012e-7 0 1 8.79436e-7 0 1 -4.26134e-6 0 1 4.89045e-5 0 1 -1.7928e-5 0 1 4.78089e-6 0 -1 1.91281e-7 0 -1 6.91255e-7 0 -1 1.39945e-6 0 -1 -2.70289e-7 0 -1 -8.79436e-7 0 -1 4.2613e-6 0 -1 -4.89093e-5 0 -1 1.79289e-5 0 -1 -4.78089e-6 0 0 -1 4.92289e-7 0 -1 -3.23082e-7 0 -1 -2.50048e-7 0 -1 -2.46599e-7 0 -1 1.34725e-6 0 -1 -8.34807e-7 0 -1 0 0 -1 2.46145e-7 0 -1 2.42492e-7 0 -1 -9.96067e-7 0 -1 1.59683e-7 0 -1 -3.17561e-7 0 -1 -1.2088e-7 0 -1 2.17625e-7 0 -1 -3.23479e-7 0 -1 7.03196e-7 0 -1 2.20106e-7 0 -1 -2.67579e-6 0 -1 7.53506e-7 0 -1 -1.58958e-6 0 -1 1.66028e-7 0 -1 -1.5094e-5 0 -1 9.65102e-7 0 -1 1.70841e-6 0 -1 -1.33789e-6 0 -1 -5.2108e-7 0 -1 -1.53101e-7 0 -1 2.80455e-7 0 -1 -1.27356e-5 0.992709 0 -0.1205365 0.9846374 0.01859819 -0.1736181 0.9566964 0 -0.2910878 0.9146344 0 -0.4042822 0.8658405 0.02066868 -0.4998931 0.6630084 0.01856666 -0.7483817 0.6427752 0.006191313 -0.76603 0.7573436 0 -0.6530167 0.8305362 0 -0.5569646 0.2652974 0 -0.9641667 0.3419399 0.02170413 -0.9394713 0.4286922 0 -0.9034506 0.5344659 0 -0.8451901 0.1471465 0 -0.9891148 0 0.01135712 -0.9999356 0 0.01135712 -0.9999355 -0.4286922 0 -0.9034506 -0.3419399 0.02170413 -0.9394713 -0.2652974 0 -0.9641667 -0.1471465 0 -0.9891148 -0.5344659 0 -0.8451901 -0.6630084 0.01856666 -0.7483817 -0.6427752 0.006191313 -0.76603 -0.7573436 0 -0.6530167 -0.8305362 0 -0.5569646 -0.8658405 0.02066868 -0.4998931 -0.992709 0 -0.1205365 -0.9846374 0.01859837 -0.1736182 -0.9566964 0 -0.2910878 -0.9146344 0 -0.4042822 -0.7071076 7.98678e-7 -0.707106 -0.7071049 0 -0.7071087 -0.7071068 -3.57339e-6 -0.7071068 -0.7071107 -3.09766e-6 -0.7071029 -0.7071061 1.96235e-6 -0.7071075 -0.7071076 -2.67516e-6 -0.7071059 -0.7071071 0 -0.7071065 0.7071063 0 -0.7071074 0.7071075 0 -0.7071061 0.707108 1.18084e-6 -0.7071056 0.7071077 0 -0.7071059 0.7071055 0 -0.7071081 0.7071062 0 -0.7071074 0.7071055 9.02735e-7 -0.7071081 0.7071068 0 -0.7071068 0.7071093 0 -0.7071043 0.7071185 7.79142e-6 -0.7070951 0.7071091 -3.1602e-5 -0.7071046 -0.5326044 0.8463545 0.004103899 -0.6926007 0.7212957 -0.006073236 -0.5201235 0.8539552 -0.01523536 -0.4954575 0.8686323 -1.69554e-4 -0.4702343 0.8825175 0.006532132 -0.9305208 0.3662124 0.004430949 -0.8211309 0.5706999 -0.006756246 -0.8402888 0.5421391 0 -0.6735583 0.7391341 0 -0.6729544 0.739684 -7.73342e-5 -0.5280914 0.8491876 5.01602e-5 -0.7952413 0.6061536 0.01300227 -0.8670525 0.4982168 1.96354e-4 -0.9466577 0.3222411 -2.05644e-4 -0.9489428 0.3154479 -5.49908e-4 -0.9935181 0.1136722 6.17877e-4 -0.9871156 0.1599812 0.002998769 -0.99181 -0.1276225 -0.005037009 -0.9966293 0.08108282 0.01247519 -0.9995687 0.02803725 0.008746027 -0.9984098 -0.05623501 0.003947913 -0.9834206 -0.1813399 0 -0.9417011 -0.3364506 0 -0.9429864 -0.3328312 -1.77379e-4 -0.9249184 -0.3801376 0.004648089 -0.8132998 -0.5817962 -0.00753355 -0.665674 -0.7462428 4.013e-5 -0.5256092 -0.8507263 -2.53629e-5 -0.4678956 -0.8837625 0.006133437 -0.8653189 -0.5012217 1.69821e-4 -0.7908347 -0.6118947 0.01285672 -0.8342759 -0.5513474 0 -0.6653506 -0.7465311 0 -0.6890958 -0.7246328 -0.007365047 -0.4922933 -0.8704295 -2.04967e-4 -0.5160201 -0.856454 -0.0144909 -0.5307601 -0.8475078 0.004929661 0.9009836 -0.433794 -0.007165193 0.7857086 -0.6184679 0.01263123 0.5285279 -0.8488963 0.005784809 0.6849837 -0.7285063 -0.008713364 0.5112478 -0.8593252 -0.01363199 0.4886488 -0.8724806 -2.13678e-4 0.4652978 -0.8851359 0.005692064 0.5229573 -0.8523589 -1.18811e-4 0.6575159 -0.7534408 1.9152e-4 0.6559253 -0.7548258 0 0.8272153 -0.5618853 0 0.804051 -0.5944998 -0.008487284 0.988346 -0.151438 0.01545047 0.9955281 0.09402799 -0.009098291 0.9725347 -0.232705 0.004972338 0.9892175 -0.1464539 0 0.9379468 -0.3467793 0 0.9430072 -0.3327695 -0.001355528 0.8880773 -0.4596937 7.90463e-4 0.9984328 -0.05536943 0.008145868 0.9995829 0.02860355 0.003986179 0.9904561 0.1378288 0 0.9493815 0.3141256 0 0.9510605 0.3090048 -2.71201e-4 0.9373661 0.3483225 0.004036068 0.8310614 0.5561515 -0.005710363 0.6817157 0.7316172 -2.65529e-4 0.5309858 0.8473807 1.75009e-4 0.4731281 0.8809657 0.007026374 0.8690233 0.4947714 2.56554e-4 0.8006829 0.5989449 0.01312303 0.8476319 0.5305848 0 0.6837122 0.7297518 0 0.6969914 0.7170661 -0.004395425 0.4994706 0.8663308 -1.84567e-4 0.5252845 0.8507731 -0.01616549 0.5355472 0.8445002 0.002973496 -0.9265195 0.3762448 0.001254975 -0.3383035 -0.9410371 0 -0.4241316 -0.9044129 -0.04636663 -0.9117283 -0.4107837 -0.002884328 -0.9116345 -0.4107999 -0.01288628 -0.8332725 -0.5526331 -0.01593166 -0.8989176 -0.4380931 0.004670083 -0.911512 -0.4111361 -0.01062977 -0.5757877 -0.8174179 0.01722609 -0.6826073 -0.7306743 -0.01274645 -0.6948189 -0.7188538 -0.02181893 -0.7925536 -0.6093789 0.02271676 -0.8384748 -0.5432276 -0.04317206 -0.0893352 -0.9960017 0 0.03834563 -0.9987428 -0.0322892 0.1654405 -0.9862198 0 0.4826391 -0.8758193 0 0.5223882 -0.8526262 -0.01180469 0.6841986 -0.7292956 -3.30153e-4 0.860896 -0.5083518 -0.02089327 0.8195918 -0.571921 -0.03428936 0.8728018 -0.487966 -0.01031786 0.7485742 -0.6630511 9.84757e-5 0.7155593 -0.6985521 -1.40805e-5 0.9709637 0.2315469 -0.06013 0.9999989 0.001527249 0 0.9267925 0.3755742 0 0.9792136 0.1962537 -0.05123776 0.9896423 0.1382553 -0.03864938 0.9950637 0.09440565 -0.03059148 0.9989198 0.04114586 -0.02159297 0.9920348 -0.1259645 0 0.9279361 -0.3727393 0 0.5198155 0.8542786 0 0.4914075 0.8708289 -0.01325118 0.6873243 0.7263507 0 0.8713521 0.4906582 0 0.7678312 0.6383869 -0.05382931 0.8328154 0.5528589 -0.02767157 -0.5030418 0.859577 -0.08986991 -0.3411774 0.939999 0 0.03531116 0.9993764 0 -0.0410754 0.9978281 -0.05149817 0.1624248 0.9867209 0 -0.9230434 0.381392 0.05031055 -0.4251883 0.9030753 0.06057965 -0.6415556 0.7670767 -2.0059e-4 -0.7085553 0.7056553 3.04595e-4 -0.7222392 0.6915825 -0.00918895 -0.8384817 0.544525 0.02100205 -0.8398153 0.542843 0.00564593 -0.9113456 0.4116371 -0.002090275 -0.9124224 0.4090491 -0.01281672 0.3361354 -0.9418137 0 0.341574 0.939855 0 0.4257437 0.9036853 -0.0457735 0.5778169 0.8159833 0.01729428 0.6416241 0.767019 -6.76211e-4 0.9265194 0.376245 0.001265585 0.724225 0.689562 0.001582682 0.6996293 0.714362 -0.01434767 0.844664 0.5348095 0.02283805 0.8316239 0.5553023 0.006415963 0.9048244 0.425783 -0.001284241 0.9164789 0.4000401 0.005886614 0.9267258 0.3757228 -0.003463089 0.09292399 0.9956732 0 -0.03468358 0.9988738 -0.03237563 -0.1617611 0.9868299 0 -0.480977 0.8767333 0 -0.5190455 0.8546709 -0.01138687 -0.6841376 0.729353 -2.10888e-4 -0.8597919 0.510228 -0.02062606 -0.8193607 0.5722962 -0.03354507 -0.8707566 0.491598 -0.01069968 -0.7472975 0.6644897 9.90751e-5 -0.7141338 0.7000093 -9.08031e-6 -0.9896268 -0.1381344 -0.0394684 -0.9950451 -0.09435933 -0.03132975 -0.998578 -0.04790383 -0.02339291 -0.9998244 -0.006247282 -0.01767081 -0.9914766 0.1302852 0 -0.9263509 0.3766618 0 -0.8736339 -0.4865841 0 -0.7694761 -0.6363633 -0.05429977 -0.8341463 -0.5508361 -0.0279197 -0.9285133 -0.3712992 0 -0.9999958 0.002890169 0 -0.9714668 -0.2293001 -0.06061184 -0.9792041 -0.1960586 -0.05215758 -0.04047822 -0.9991804 0 0.03609001 -0.9980342 -0.05123823 -0.1674638 -0.9858782 0 -0.5240121 -0.8517109 0 -0.4940964 -0.8692957 -0.01392579 -0.6890649 -0.7246996 0 0.4986664 -0.8622023 -0.08910137 0.4229297 -0.9044834 0.05513978 0.6826505 -0.7306333 -0.01278012 0.6948189 -0.7188537 -0.02181965 0.7704719 -0.6373627 0.01191729 0.8435163 -0.5315365 -0.07713103 0.8387566 -0.5433115 -0.03605759 0.8140393 -0.5806944 -0.01157444 0.9139642 -0.4057908 0.001842379 0.9111448 -0.4119399 -0.01098102 0.8679945 -0.4785175 0.1326902 0.8435634 -0.5303977 -0.08413738 0.8435587 -0.5304221 -0.08403158 0.9282402 0.3719806 7.36981e-4 0.9128651 0.4082371 -0.00445044 0.9102227 0.4141142 0.002048671 0.8738735 0.48614 -0.003591179 0.2792137 0.9561127 -0.08881616 0.4934617 0.8682625 0.05114465 0.5328106 0.8458722 -0.02476435 0.6068802 0.7947755 0.005331039 0.6399099 0.7684311 -0.005381345 0.7273364 0.6853957 0.0348522 0.7335831 0.6762419 -0.06747496 0.8021194 0.5969955 -0.01417988 0.870701 0.4916437 0.01289981 0.3819808 0.9236747 0.0302596 0.2677367 0.9634922 0 0.1229703 0.9924104 0 0.004038572 0.9949628 -0.1001645 -0.1198915 0.9927871 0 -0.3200393 0.9474043 0 -0.4636846 0.8844495 -0.05239987 -0.5389857 0.8423149 0 -0.7478458 0.6638726 0 -0.824253 0.5651106 -0.03545677 -0.8858273 0.4640154 0 -0.9719597 0.235148 0 -0.9930622 0.1137719 -0.02972131 -0.9999815 -0.006093025 0 0.1194183 0.9928441 0 0.9999806 -0.00623703 0 0.9930621 0.1137727 -0.02972131 0.9719937 0.2350074 0 0.8859089 0.4638595 0 0.8242528 0.5651112 -0.03545212 0.7479623 0.6637412 0 0.464322 0.8856665 0 0.3765122 0.9200091 -0.1087283 0.5389861 0.8423147 0 -0.0606454 0.9874964 -0.1455094 -0.004059016 0.9999918 0 -0.2677367 0.9634922 0 -0.7523482 0.6580349 -0.03102505 -0.7517432 0.658483 -0.03580886 -0.6492254 0.7604151 0.01659965 -0.6614714 0.7498904 -0.01094996 -0.5474587 0.8365574 0.02146679 -0.5482328 0.8361471 0.01728761 -0.3767316 0.9262279 -0.01324087 -0.3951389 0.9176527 -0.04217547 -0.313543 0.9494982 0.01200193 -0.9179354 0.3967198 0.002869188 -0.914501 0.4044904 -0.008696198 -0.8940259 0.4463456 0.03864365 -0.8800643 0.4730778 -0.04104018 -0.870701 0.4916437 0.01289981 -0.7933533 0 -0.6087614 -0.8310114 0.03320288 -0.5552636 -0.9914449 0 -0.1305267 -0.9802445 0.03320294 -0.194983 -0.9469303 0 -0.3214391 -0.8968719 0 -0.4422904 -0.9806867 -0.01417499 -0.1950707 -0.8308558 0.03840118 -0.5551612 -0.8096547 -0.3947755 -0.4342944 -0.8605718 -0.03818672 -0.5078957 -0.8306053 -0.4605646 -0.3130102 -0.8833397 -0.09823578 -0.4583237 -0.8695129 -0.4376084 -0.2290117 -0.9269102 -0.1305556 -0.3518418 -0.921379 -0.1073597 -0.3735435 -0.9372523 -0.3152371 -0.1489427 -0.9710707 -0.09659761 -0.2183822 -0.9685632 -0.2105209 -0.132538 -0.9697381 -0.05941408 -0.2368085 -0.9749639 -0.1780039 -0.1332675 -0.9772219 -0.04252666 -0.207916 -0.9812771 -0.1208586 -0.1499617 -0.982541 -0.03036409 -0.1835521 -0.9838048 -0.080621 -0.1600895 -0.9839054 -0.01540511 -0.1780248 -0.985369 -0.04028904 -0.1656045 -0.9856269 0.01283168 -0.1684485 -0.987047 -0.005203366 -0.1603478 -0.9832937 0.04512226 -0.176345 -0.9719703 0.09974443 -0.2128967 -0.9704443 0.08575755 -0.2255741 -0.9690955 0.1256731 -0.2122743 -0.9329482 0.2960492 -0.2048473 -0.9257726 0.1333308 -0.3537912 -0.8873655 0.3975805 -0.2334785 -0.9099261 0.1082057 -0.4004072 -0.8603304 0.3754832 -0.3447376 -0.9818254 -0.08852297 -0.1678768 -0.9836789 -0.040546 -0.1753051 -0.9848775 -0.1102596 -0.1336386 -0.9868309 -0.06167465 -0.149536 -0.9876244 -0.1255028 -0.09405976 -0.9898514 -0.07787543 -0.1188686 -0.9907996 -0.1331721 -0.02411258 -0.994771 -0.06368362 -0.07984435 -0.9911098 -0.1315193 -0.02010637 -0.9951617 -0.06005746 -0.07775813 -0.9927327 -0.1198576 -0.01077282 -0.9970135 -0.04109328 -0.06538802 -0.9955651 -0.08966302 -0.02847498 -0.9976661 -0.02896249 -0.0618357 -0.9971345 -0.06287693 -0.04206264 -0.9981248 -0.01857286 -0.05832803 -0.9978766 -0.0424776 -0.04937648 -0.9982465 -0.01019167 -0.05830973 -0.9982579 -0.02124893 -0.05504387 -0.9983624 0.008230745 -0.05661106 -0.9982122 0.01707482 -0.05728113 -0.9981836 0.02524822 -0.05470037 -0.9971395 0.06057941 -0.04520183 -0.99756 0.04180568 -0.0559147 -0.9933192 0.109091 -0.0376352 -0.9952139 0.06037878 -0.07683622 -0.9904743 0.1325262 -0.03738391 -0.9938365 0.06030476 -0.09301841 -0.9872832 0.134441 -0.0848388 -0.9902529 0.05549025 -0.1277505 -0.9842176 0.1253167 -0.1249464 -0.9871528 0.03775334 -0.1552552 -0.9806933 0.1063511 -0.164104 -0.9837833 0.01341515 -0.1788593 -0.977567 0.08094429 -0.1944502 -0.8289427 0.4763436 -0.2931736 -0.8584594 0.0415275 -0.5111977 -0.8180907 0.3719377 -0.4386228 -0.853408 -0.0248776 -0.5206497 -0.7976581 0.2822645 -0.5329807 -0.8314697 0 -0.5555701 -0.8314694 0 -0.5555707 -0.9807853 0 -0.1950903 0.8314697 0 -0.5555701 0.8314694 0 -0.5555707 0.9807853 0 -0.1950903 0.9721508 -0.09630995 -0.2136528 0.9806867 0.01417499 -0.1950707 0.8308545 -0.03840112 -0.5551632 0.8090555 0.3970559 -0.433331 0.8593783 0.03772419 -0.5099468 0.8296659 0.4631561 -0.3116746 0.8833406 0.09823584 -0.4583222 0.8685065 0.4410769 -0.2261589 0.9259073 0.1304692 -0.354505 0.9202281 0.1070961 -0.3764448 0.9360772 0.3210788 -0.1437633 0.9704796 0.09625667 -0.2211425 0.9682821 0.2128884 -0.1307988 0.9697368 0.05941396 -0.2368131 0.9749635 0.1780039 -0.1332702 0.9772224 0.04252672 -0.2079132 0.9812768 0.1208585 -0.1499643 0.9825409 0.03036409 -0.1835526 0.9838055 0.08062106 -0.1600841 0.9839053 0.01540505 -0.1780257 0.9850903 0.03438383 -0.1685672 0.9859499 -0.01290369 -0.1665428 0.9830653 -0.04496163 -0.1776545 0.9710755 -0.08614504 -0.2226918 0.9694902 -0.1257888 -0.2103952 0.9337078 -0.2916232 -0.2077155 0.9266571 -0.1333827 -0.3514482 0.8880308 -0.3951106 -0.235136 0.9099261 -0.1082057 -0.4004075 0.8603327 -0.3754842 -0.3447309 0.9818254 0.08852297 -0.1678768 0.9836788 0.04054594 -0.1753054 0.9848775 0.1102598 -0.1336388 0.9868308 0.06167471 -0.1495361 0.9876245 0.1255028 -0.09405851 0.9898514 0.07787525 -0.1188689 0.9907996 0.1331725 -0.02411264 0.9947708 0.06368505 -0.07984608 0.9911098 0.1315193 -0.02010637 0.9951617 0.06005746 -0.07775813 0.9927327 0.1198576 -0.01077282 0.9970135 0.04109328 -0.06538802 0.9955651 0.08966302 -0.02847498 0.9976661 0.02896249 -0.0618357 0.9971345 0.06287693 -0.04206264 0.9981255 0.01856899 -0.05831581 0.9978766 0.0424776 -0.04937648 0.9982451 0.0101931 -0.05833488 0.9982579 0.02124869 -0.05504328 0.9983624 -0.008230745 -0.05661106 0.9982122 -0.01707494 -0.05728077 0.9981836 -0.02524822 -0.05470037 0.9971395 -0.06057941 -0.04520183 0.99756 -0.04180544 -0.0559144 0.993319 -0.1090909 -0.03763639 0.9952141 -0.0603792 -0.07683259 0.9904742 -0.1325262 -0.03738808 0.9938365 -0.06030476 -0.09301841 0.9872832 -0.1344413 -0.08483844 0.9902529 -0.05549025 -0.1277502 0.9842174 -0.1253167 -0.1249474 0.9871528 -0.03775328 -0.155255 0.9806932 -0.1063511 -0.1641048 0.9837833 -0.01341521 -0.1788589 0.9775671 -0.08094429 -0.1944494 0.8297583 -0.4741853 -0.294363 0.8593997 -0.04186934 -0.5095875 0.8184946 -0.3703821 -0.4391855 0.853408 0.0248776 -0.5206497 0.797661 -0.2822654 -0.532976 0.7933533 0 -0.6087614 0.8310114 0.03320288 -0.5552636 0.8968719 0 -0.4422904 0.9469303 0 -0.3214391 0.9802445 0.03320294 -0.194983 0.9914449 0 -0.1305267 0.6977632 -0.2101252 -0.6848167 0.899353 -0.1911298 -0.3932348 0.9995234 0.009358406 0.02942234 0.1652778 -0.984328 -0.06149631 0.1518152 -0.9740566 -0.1678274 0.3289239 -0.9416381 -0.0716027 0.3092932 -0.9384514 -0.153775 0.3902866 -0.9134749 -0.1150661 0.4859733 -0.8667294 -0.1122941 0.4758546 -0.8677926 -0.143173 0.6255815 -0.7764137 -0.07635146 0.6088137 -0.7806138 -0.1413796 0.6957465 -0.7100009 -0.1087915 0.7542771 -0.6425067 -0.1350976 0.7572517 -0.6404682 -0.1279466 0.8500708 -0.5182311 -0.09389525 0.8401331 -0.5275214 -0.126086 0.9021201 -0.418184 -0.1063092 0.9186909 -0.3633072 -0.1549679 0.9355602 -0.3330456 -0.1175065 0.9695696 -0.2206557 -0.1060469 0.9670279 -0.2263637 -0.1166906 0.9953038 -0.014831 -0.09565913 0.996212 -0.05063581 -0.07069468 0.9940505 -0.07791155 -0.07611471 0.9893824 -0.006534636 -0.1451894 0.9829499 -0.145194 -0.1128197 0.9052999 -0.1824424 -0.3835974 0.8606926 -0.3189409 -0.396844 0.8745144 -0.3075526 -0.3750147 0.8012087 -0.444909 -0.4001507 0.8218845 -0.4321462 -0.3711545 0.724615 -0.5570217 -0.4057831 0.7537413 -0.5483634 -0.3621765 0.627309 -0.6606876 -0.4122806 0.6626687 -0.6588984 -0.3559818 0.5174924 -0.7454709 -0.4200891 0.5559546 -0.7526639 -0.3527202 0.4074951 -0.8075268 -0.4264367 0.4470398 -0.8201407 -0.3571062 0.2915907 -0.8488112 -0.4410156 0.3261688 -0.8760418 -0.3551968 0.7165411 -0.1995317 -0.6683981 0.6667109 -0.2925898 -0.6854836 0.6925891 -0.2818403 -0.6639928 0.6277922 -0.3655704 -0.6871937 0.6626352 -0.3609502 -0.6562237 0.5806476 -0.4340065 -0.68883 0.6202291 -0.4376885 -0.6509568 0.5294427 -0.4919666 -0.6911291 0.5694555 -0.5048124 -0.6487566 0.4796309 -0.5378473 -0.6933069 0.5167599 -0.5546286 -0.6521858 0.4273153 -0.571588 -0.7004919 0.4589958 -0.600682 -0.6546023 0.9580763 0.03978121 -0.2837381 0.9539142 -0.07140684 -0.2914601 0.9155989 -0.1001598 -0.3894186 0.9157719 -0.09969544 -0.3891308 0.7502046 -0.06198263 -0.6582942 0.755258 -0.1364355 -0.64107 0.6817202 -0.2154409 -0.699173 0.728492 -0.1142986 -0.675452 0.4938181 -0.09069436 -0.8648227 0.4957849 -0.09722656 -0.8629857 0.4123839 -0.1877179 -0.8914604 0.4508516 -0.1071411 -0.8861455 0.4764218 -0.09515535 -0.8740525 0.4499447 -0.1294828 -0.8836199 0.4862015 -0.1243322 -0.8649565 0.455627 -0.1516035 -0.8771661 0.4932064 -0.1540489 -0.8561637 0.4652709 -0.1707552 -0.8685423 0.4986236 -0.1797381 -0.8479792 0.4770728 -0.1876314 -0.8586012 0.5027754 -0.1976222 -0.8415239 0.4901444 -0.200054 -0.8483731 0.5077486 -0.2134276 -0.8346498 0.8942641 -0.4410015 -0.07622087 0.06517136 -0.990152 -0.1239024 0.1162034 -0.9806497 -0.1575527 0.1411913 -0.9806495 -0.1356157 0.1411918 -0.9806495 -0.1356152 0.1621065 -0.9806497 -0.109762 0.1621056 -0.9806494 -0.1097653 0.1783436 -0.9806497 -0.0807445 0.1783437 -0.9806495 -0.08074742 0.1894364 -0.9806497 -0.04939776 0.1894365 -0.9806496 -0.04939931 0.2668495 -0.8795856 -0.3938536 0.1950638 -0.9806497 -0.01662516 0.1950638 -0.9806497 -0.01662623 0.4419741 -0.8962366 -0.03767049 0.3509197 -0.8312927 -0.4310544 0.4016829 -0.8305404 -0.3858156 0.4016844 -0.830538 -0.3858191 0.4611843 -0.8305386 -0.3122736 0.4611849 -0.8305397 -0.3122698 0.5073799 -0.8305388 -0.2297193 0.507381 -0.8305387 -0.2297171 0.5389382 -0.8305394 -0.1405354 0.5389388 -0.8305386 -0.1405377 0.5572695 -0.8297632 -0.03071814 0.6079446 -0.792287 -0.0518158 0.4673003 -0.6003562 -0.6490015 0.5077822 -0.5547819 -0.6590709 0.6003297 -0.5541807 -0.5766178 0.600329 -0.5541806 -0.5766186 0.6892552 -0.5541809 -0.4667022 0.6892555 -0.5541806 -0.4667021 0.7582971 -0.5541802 -0.3433217 0.7582975 -0.5541803 -0.343321 0.8054619 -0.5541802 -0.2100366 0.8054621 -0.55418 -0.2100369 0.8293891 -0.554181 -0.07069176 0.7927006 -0.6082614 -0.0405445 0.5799877 -0.2126932 -0.7863689 0.5889652 -0.1945416 -0.7843937 0.6832084 -0.1948568 -0.7037451 0.7134452 -0.1463224 -0.6852632 0.7404875 -0.194975 -0.6431664 0.8122402 -0.1944126 -0.5499724 0.8122385 -0.194412 -0.5499751 0.8935988 -0.1944133 -0.4045799 0.8935984 -0.1944122 -0.4045811 0.9384308 -0.1949007 -0.2852392 0.9574285 -0.1449089 -0.249664 0.9592573 -0.1949394 -0.2045096 0.9773764 -0.1944119 -0.08330488 0.9773763 -0.1944113 -0.08330589 0.9807854 -0.1950898 0 0.9807852 -0.1950913 0 0.8968748 -0.4422847 0 0.896873 -0.4422883 0 0.7933523 -0.6087628 0 0.6087629 -0.7933522 0 0.4422861 -0.896874 0 0.195091 -0.9807853 0 0.1950908 -0.9807852 0 -0.8916025 -0.4396872 -0.1082599 0.9739037 -0.1937211 -0.118253 -0.9739037 -0.1937211 -0.1182534 -0.9739037 -0.1937212 -0.1182529 -0.9383648 -0.1948201 -0.2855114 -0.9044033 -0.2537914 -0.3429936 -0.897136 -0.1946678 -0.3965497 -0.814755 -0.1940094 -0.5463835 -0.8031834 -0.2180358 -0.5543978 -0.7427926 -0.1950738 -0.6404728 -0.6505597 -0.1937216 -0.7343324 -0.6505614 -0.1937215 -0.734331 -0.5242102 -0.1949372 -0.8289772 -0.4502185 -0.2478955 -0.8578178 -0.4205067 -0.1944819 -0.8862004 -0.2602438 -0.1942613 -0.9457991 -0.2325546 -0.2360271 -0.9435092 -0.1443185 -0.1950216 -0.9701231 0 -0.1937205 -0.9810569 0 -0.1937222 -0.9810565 0.1443186 -0.1950219 -0.970123 0.2325544 -0.236027 -0.9435093 0.2602438 -0.1942613 -0.9457991 0.4559211 -0.1937221 -0.8686817 0.4123996 -0.27306 -0.8691173 0.5242111 -0.1949376 -0.8289765 0.6505601 -0.1937215 -0.7343321 0.6505618 -0.1937219 -0.7343305 0.7427926 -0.1950738 -0.6404728 0.8031833 -0.2180359 -0.5543978 0.814755 -0.1940094 -0.5463835 0.9173039 -0.1937232 -0.3478864 0.8729884 -0.2983159 -0.3858743 0.9383648 -0.1948201 -0.2855114 -0.607106 -0.7911942 -0.07371658 -0.7896977 -0.6059567 -0.09588605 -0.8237251 -0.5538259 -0.1214659 -0.7791883 -0.5527588 -0.2955054 -0.7791863 -0.5527608 -0.2955073 -0.6858265 -0.5527611 -0.473389 -0.6858254 -0.5527594 -0.4733929 -0.5526078 -0.5527604 -0.6237633 -0.5526061 -0.5527601 -0.623765 -0.3872729 -0.5527606 -0.7378858 -0.3872722 -0.5527595 -0.737887 -0.1994311 -0.5527607 -0.8091249 -0.1994314 -0.552759 -0.8091259 0 -0.5527615 -0.8333396 0 -0.5527603 -0.8333404 0.1994318 -0.5527606 -0.8091247 0.1994307 -0.5527592 -0.809126 0.3872729 -0.5527606 -0.7378858 0.3872724 -0.5527598 -0.7378868 0.5526071 -0.5527611 -0.6237633 0.5526071 -0.5527598 -0.6237645 0.6858268 -0.5527603 -0.4733895 0.6858251 -0.5527601 -0.4733923 0.7791877 -0.5527598 -0.2955052 0.7791864 -0.55276 -0.2955081 -0.1950362 -0.9805101 -0.02368181 -0.4416497 -0.8955835 -0.05362617 0.9739035 -0.1937216 -0.1182532 0.8916025 -0.4396872 -0.1082599 0.8237247 -0.5538265 -0.1214658 0.7896977 -0.6059567 -0.09588605 0.607106 -0.7911943 -0.07371604 -0.5492689 -0.830692 -0.09085452 -0.5220959 -0.8295843 -0.1980043 -0.522096 -0.8295842 -0.1980047 -0.4595393 -0.8295845 -0.317196 -0.4595384 -0.8295843 -0.3171978 -0.3702756 -0.8295837 -0.4179558 -0.3702752 -0.8295838 -0.4179559 -0.2594929 -0.829584 -0.4944229 -0.2594929 -0.8295837 -0.4944232 -0.1336295 -0.8295859 -0.5421535 -0.1336297 -0.8295857 -0.5421538 0 -0.8295832 -0.5583831 0 -0.829585 -0.5583805 0.1336299 -0.8295857 -0.5421536 0.1336291 -0.829585 -0.542155 0.2594932 -0.8295839 -0.4944229 0.2594929 -0.8295848 -0.4944213 0.3702758 -0.8295849 -0.4179531 0.3702753 -0.8295832 -0.4179567 0.4595386 -0.829584 -0.3171986 0.4595389 -0.8295845 -0.3171965 0.5220959 -0.8295845 -0.1980043 0.5220958 -0.829584 -0.1980063 0.5492687 -0.8306921 -0.0908553 0.4416497 -0.8955835 -0.05362617 -0.1950361 -0.9805101 -0.02368164 -0.1837014 -0.9805101 -0.06966966 -0.1837013 -0.9805102 -0.06966775 -0.1616905 -0.9805101 -0.1116072 -0.1616907 -0.9805102 -0.1116062 -0.130283 -0.9805104 -0.1470565 -0.1302829 -0.9805102 -0.1470582 -0.09130358 -0.98051 -0.1739653 -0.09130352 -0.9805104 -0.173963 -0.04701793 -0.9805092 -0.1907641 -0.04701793 -0.9805101 -0.1907597 0 -0.9805104 -0.1964672 0 -0.98051 -0.1964694 0.04701793 -0.9805093 -0.1907642 0.04701793 -0.9805103 -0.1907589 0.09130382 -0.9805105 -0.1739619 0.09130334 -0.98051 -0.173965 0.1302829 -0.9805104 -0.1470565 0.1302831 -0.9805102 -0.1470582 0.1616907 -0.9805102 -0.1116056 0.1616905 -0.9805099 -0.111608 0.1837015 -0.9805101 -0.06966966 0.1837012 -0.9805102 -0.06966781 0.1950363 -0.9805101 -0.02368181 0.195036 -0.9805101 -0.02368164 -0.1950908 -0.9807852 0 -0.195091 -0.9807853 0 -0.4422861 -0.896874 0 -0.6087629 -0.7933522 0 -0.7933523 -0.6087628 0 -0.896873 -0.4422883 0 -0.8968748 -0.4422847 0 -0.9807852 -0.1950913 0 -0.9807854 -0.1950898 0 -0.08345359 -0.9900668 -0.1131519 -0.1950638 -0.9806497 -0.01662516 -0.1950638 -0.9806497 -0.01662623 -0.9773763 -0.194412 -0.08330523 -0.8942641 -0.4410015 -0.07622087 -0.8312308 -0.5533943 -0.05301147 -0.7915451 -0.6073753 -0.06746721 -0.5549479 -0.8305395 -0.04729944 -0.6085372 -0.7930583 -0.02722626 -0.4419741 -0.8962366 -0.03767049 -0.1783439 -0.9806497 -0.08074486 -0.1783434 -0.9806497 -0.08074623 -0.5073806 -0.8305388 -0.2297179 -0.5073806 -0.8305388 -0.2297181 -0.7582964 -0.5541805 -0.3433231 -0.7582981 -0.5541797 -0.3433202 -0.1621065 -0.9806496 -0.1097632 -0.1621057 -0.9806496 -0.1097641 -0.461185 -0.8305389 -0.3122718 -0.4611842 -0.8305389 -0.312273 -0.6892538 -0.5541812 -0.4667037 -0.6892567 -0.5541794 -0.4667016 -0.1411918 -0.9806494 -0.1356163 -0.1411912 -0.9806497 -0.1356146 -0.4016833 -0.8305391 -0.3858178 -0.4016838 -0.8305383 -0.3858191 -0.6003293 -0.5541791 -0.5766198 -0.6003294 -0.5541816 -0.5766173 -0.9520533 -0.09926789 -0.2893798 -0.9592573 -0.1949396 -0.2045096 -0.9773764 -0.1944112 -0.08330553 -0.1894366 -0.9806496 -0.04939782 -0.1894363 -0.9806496 -0.04939925 -0.538939 -0.8305386 -0.1405366 -0.5389382 -0.8305391 -0.1405366 -0.8054621 -0.5541796 -0.2100375 -0.8054623 -0.5541799 -0.2100362 -0.9491795 -0.1944122 -0.2475124 -0.893599 -0.194413 -0.4045794 -0.8935977 -0.194413 -0.4045823 -0.8122393 -0.1944133 -0.5499734 -0.8122386 -0.1944117 -0.5499751 -0.7074463 -0.1944121 -0.6795026 -0.6922183 -0.1114818 -0.7130258 -0.7404874 -0.1949757 -0.6431663 -0.1050186 -0.9803003 -0.1672795 -0.2976014 -0.8780049 -0.374888 -0.3214504 -0.8300104 -0.4557988 -0.4859195 -0.5990803 -0.6363845 -0.488622 -0.5538964 -0.6741271 -0.5861455 -0.2124174 -0.7818647 -0.5822409 -0.1944109 -0.7894302 -0.9579796 0.04026842 -0.2839959 -0.9174163 -0.1084868 -0.3828549 -0.8205665 -0.08482277 -0.5652218 -0.5585885 -0.09777778 -0.8236616 -0.5028773 -0.2748241 -0.8195037 -0.461575 -0.08549177 -0.8829721 -0.4500067 -0.1068972 -0.8866041 -0.9528086 -0.08179491 -0.2923451 -0.995312 -0.01578521 -0.09541964 -0.9953402 -0.08352369 -0.04818421 -0.9991979 0.0258038 0.03062486 -0.9640952 -0.2383866 -0.1170141 -0.9812307 -0.1567061 -0.1123812 -0.9854462 -0.08735978 -0.1458222 -0.9959032 -0.04372614 -0.07915085 -0.9981681 -0.005866169 -0.06021785 -0.8904228 -0.4130364 -0.1911761 -0.9328756 -0.3405599 -0.1173121 -0.9633015 -0.2461254 -0.1071102 -0.9179652 -0.3845512 -0.09726452 -0.848622 -0.5147253 -0.1220604 -0.840359 -0.5324473 -0.1014727 -0.7614961 -0.63516 -0.1292106 -0.7626147 -0.6344149 -0.1262409 -0.7007834 -0.7046791 -0.1110411 -0.6620197 -0.7388315 -0.1259279 -0.6387664 -0.7630975 -0.09828388 -0.5489233 -0.8247602 -0.135845 -0.513001 -0.8540251 -0.08643609 -0.423875 -0.8964676 -0.1291351 -0.3806168 -0.9194251 -0.09893721 -0.2934091 -0.9452316 -0.1429983 -0.2317426 -0.9689903 -0.08575087 -0.1543416 -0.9793628 -0.1304886 -0.09354448 -0.9898579 -0.1069156 -0.4752174 -0.09347444 -0.8748891 -0.4671953 -0.1043258 -0.8779776 -0.4642562 -0.1415491 -0.874317 -0.4780874 -0.1288433 -0.8688107 -0.464264 -0.1610863 -0.8709249 -0.4853249 -0.1462532 -0.862015 -0.4702619 -0.1817532 -0.8636084 -0.4953756 -0.1703447 -0.8518133 -0.4748845 -0.193269 -0.8585639 -0.5028481 -0.184574 -0.8444385 -0.4839147 -0.2070674 -0.8502644 -0.5094585 -0.2042587 -0.8359009 -0.4930986 -0.2132474 -0.843433 -0.7222432 -0.1634851 -0.6720398 -0.7198252 -0.1272975 -0.6823834 -0.7224583 -0.1385097 -0.6773988 -0.7014914 -0.2005239 -0.6838859 -0.7061324 -0.2238177 -0.6717758 -0.679496 -0.2722346 -0.6813029 -0.6762776 -0.3010538 -0.6723208 -0.6498022 -0.3362135 -0.681702 -0.6441186 -0.3753308 -0.666512 -0.6191273 -0.3985328 -0.6766484 -0.6013718 -0.4351869 -0.6700481 -0.5814877 -0.4491013 -0.6783658 -0.5584976 -0.4944028 -0.6660678 -0.5426474 -0.5017045 -0.6736664 -0.5096718 -0.5354638 -0.673434 -0.4991308 -0.5386987 -0.6787283 -0.4597071 -0.579172 -0.673223 -0.4527386 -0.5799715 -0.677245 -0.4107383 -0.6010456 -0.6855934 -0.9154953 -0.1051344 -0.3883494 -0.898061 -0.1963026 -0.3936391 -0.8989154 -0.2083849 -0.3853918 -0.8626188 -0.3142428 -0.3964094 -0.8626121 -0.3356574 -0.3784634 -0.8140983 -0.4249188 -0.3958385 -0.806612 -0.4521614 -0.3806928 -0.7517462 -0.5243218 -0.3999553 -0.7385489 -0.5615238 -0.3731441 -0.6810427 -0.6155744 -0.3965465 -0.6558813 -0.6521601 -0.3801407 -0.5998858 -0.6909213 -0.4034415 -0.5641033 -0.7363812 -0.3735375 -0.5117515 -0.7609829 -0.3987675 -0.4646437 -0.7966383 -0.3866183 -0.4175903 -0.8107641 -0.4102193 -0.3555353 -0.8527539 -0.3826295 -0.3168531 -0.8576013 -0.4051223 -0.2515826 -0.8794565 -0.4040578 -0.8486068 0.07764023 -0.5232961 -0.9304822 0.004573702 -0.3663088 -0.3156009 0.9250762 -0.2112587 -0.5789645 0.8137127 0.05169051 -0.6287506 0.7566127 -0.1794713 -0.846339 0.53129 0.03796541 -0.8551484 0.5016232 -0.1307497 -0.9823303 0.187084 -0.005176544 -0.9154882 0.1845694 -0.3575133 -0.99803 0.05676484 -0.02672159 -0.9995716 0.01085418 -0.02718341 -0.9997791 -0.01516324 0.01456147 -0.9591066 0.1078501 -0.2616924 -0.9719371 0.01413673 -0.2348156 -0.9945412 -0.02961504 -0.1000545 -0.777432 0.05054754 -0.6269326 -0.9710639 -0.002227604 -0.23881 -0.9590166 0.1521489 -0.2390357 -0.9702482 0.1478649 -0.1917144 -0.8654962 0.4054265 -0.2941867 -0.8865301 0.4321004 -0.16539 -0.702829 0.6206415 -0.3476143 -0.7038256 0.689547 -0.1707472 -0.2282353 0.9725759 0.04477453 -0.3614058 0.9153799 -0.1773855 -0.5223957 0.7737689 -0.3583079 -0.5027539 0.8101667 -0.3014445 -0.5958486 0.6399531 -0.4852057 -0.9131256 0.1279571 -0.387077 -0.9102802 0.1055696 -0.4003061 -0.8995171 0.1085977 -0.4231734 -0.8388389 0.2552855 -0.4808107 -0.8678991 0.2787593 -0.4111501 -0.7529438 0.3968709 -0.5249468 -0.7762844 0.457739 -0.4334256 -0.6700291 0.5055488 -0.543582 -0.6776416 0.4599969 -0.5737637 -0.7779614 0.05018228 -0.6263048 -0.7616879 0.08973538 -0.6417003 -0.7757282 0.09841829 -0.6233455 -0.7362812 0.1389663 -0.6622525 -0.751281 0.1618231 -0.6398361 -0.701425 0.1827892 -0.6889057 -0.7121229 0.2157807 -0.6680718 -0.09349012 0.9912209 -0.09349191 -0.1253842 0.980631 -0.1504713 -0.2779029 0.9231926 -0.2654911 -0.3127433 0.8968746 -0.3127424 -0.406238 0.8184982 -0.4062407 -0.4248591 0.7933296 -0.4360311 -0.550414 0.6418733 -0.5338943 -0.5609853 0.6087645 -0.5609825 -0.6273979 0.4612454 -0.6273952 -0.632783 0.442285 -0.6355861 -0.6965821 0.2158771 -0.6842299 -0.6935192 0.1950908 -0.6935205 -0.1950267 0.9804618 -0.02567625 -0.1560602 0.9804615 -0.119751 -0.1560594 0.9804623 -0.1197475 -0.7783635 0.193483 -0.5972559 -0.7127238 0.439239 -0.5468949 -0.6435776 0.5501746 -0.5320862 -0.6314043 0.6054662 -0.4844991 -0.4433831 0.8292551 -0.3402169 -0.4600771 0.792639 -0.4000657 -0.3533217 0.895354 -0.2711182 -0.1950272 0.9804617 -0.02567505 -0.4415383 0.8953574 -0.05812954 -0.5596349 0.8273814 -0.04742074 -0.6068165 0.7908169 -0.07989096 -0.8265316 0.5522725 -0.108815 -0.7920704 0.6077756 -0.05686253 -0.8906856 0.439238 -0.1172579 -0.9416689 0.1052693 -0.319653 -0.8797112 0.1946894 -0.4338253 -0.7783603 0.1934847 -0.5972597 -0.1817361 0.9804618 -0.07527846 -0.181736 0.980462 -0.07527589 -0.5163291 0.8292551 -0.2138702 -0.5163307 0.829254 -0.2138699 -0.7702047 0.5522722 -0.3190301 -0.770205 0.5522708 -0.319032 -0.9064213 0.1934858 -0.3754513 -0.9727098 0.1934851 -0.1280597 -0.9727099 0.1934844 -0.1280599 -0.1950907 0.9807853 0 -0.195091 0.9807852 0 -0.4422913 0.8968715 0 -0.4422844 0.8968749 0 -0.6087615 0.7933534 0 -0.7933549 0.6087594 0 -0.7933531 0.6087619 0 -0.8968738 0.4422867 0 -0.8968703 0.4422937 0 -0.9807855 0.1950898 0 -0.9807854 0.19509 0 -0.1950379 0.9805187 0.02331286 -0.1950377 0.9805186 0.02331387 -0.830708 0.5514473 0.07635599 -0.7898085 0.6060441 0.09441035 -0.5543487 0.8296425 0.06626355 -0.608205 0.7926254 0.04279863 -0.4416726 0.8956217 0.05279523 -0.9741137 0.1937632 0.1164408 -0.9741136 0.1937642 0.1164398 -0.8917642 0.4397656 0.106597 -0.1840472 0.9805188 0.06862747 -0.1840476 0.9805186 0.06862848 -0.5231122 0.8296421 0.1950582 -0.5231115 0.8296424 0.1950585 -0.7807714 0.5528438 0.2911356 -0.7807694 0.5528478 0.2911333 -0.9192231 0.1937628 0.3427609 -0.9192231 0.1937631 0.3427607 0.1821199 0.9806067 0.07240724 0.5179618 0.830246 0.2059302 0.7737742 0.5537439 0.3076384 0.9115576 0.1942004 0.3624212 0.9115591 0.1941969 0.3624194 0.9522389 0.1949477 0.2350247 0.949365 0.2601222 0.1761891 0.9706246 0.194769 0.1412548 0.9808673 0.1945167 0.007915675 0.9710819 0.2384889 -0.01109212 0.9768766 0.1950541 -0.08755558 0.9601519 0.1942023 -0.2009827 0.9601525 0.1942003 -0.2009815 0.9299803 0.1950535 -0.3115942 0.8940049 0.2384893 -0.3793127 0.8953433 0.1945214 -0.4006519 0.8117302 0.1941987 -0.5508003 0.8092941 0.3013049 -0.5042408 0.7780326 0.1949487 -0.5972107 0.6896713 0.1941982 -0.6975963 0.6896731 0.1941995 -0.6975941 0.5414922 0.1941998 -0.8179687 0.5414966 0.1942013 -0.8179654 0.4251345 0.1949486 -0.8838868 0.3669629 0.2601215 -0.8931266 0.337122 0.194768 -0.921094 0.2087094 0.1945189 -0.9584378 0.1881018 0.2384883 -0.9527544 0.11444 0.1950547 -0.9740931 0 0.1941993 -0.9809622 0 0.1941999 -0.980962 -0.1144403 0.1950551 -0.974093 -0.1881021 0.2384887 -0.9527543 -0.2087094 0.1945189 -0.9584378 -0.3728105 0.1941985 -0.9073585 -0.3277308 0.3013023 -0.8954381 -0.4251343 0.1949481 -0.883887 -0.5414943 0.1942003 -0.8179671 -0.5414953 0.1942006 -0.8179664 -0.6896714 0.1941991 -0.6975959 -0.6896723 0.1941989 -0.6975952 -0.7780328 0.1949486 -0.5972102 -0.7989978 0.2601215 -0.5421617 -0.8324824 0.1947707 -0.5186882 -0.8953433 0.1945214 -0.4006519 -0.8940047 0.2384893 -0.3793134 -0.9299802 0.1950541 -0.3115942 -0.9601522 0.1942003 -0.2009828 -0.9601519 0.1942027 -0.2009816 -0.9768767 0.1950533 -0.08755624 -0.9710818 0.2384893 -0.01109236 -0.9808673 0.1945167 0.007915675 -0.9644924 0.1942023 0.178997 -0.9435887 0.3013037 0.1373195 -0.9522385 0.1949488 0.2350252 -0.911558 0.1941983 0.362421 -0.9115589 0.1941987 0.3624187 0.7737726 0.5537446 0.3076412 0.8187093 0.5537408 0.1519424 0.8187079 0.553743 0.151942 0.8326321 0.553745 -0.009510755 0.8326341 0.553742 -0.009510397 0.8150259 0.5537394 -0.1706036 0.815021 0.5537468 -0.1706029 0.7665461 0.5537427 -0.3252327 0.7665449 0.5537428 -0.325235 0.6890351 0.5537443 -0.4675447 0.6890333 0.5537427 -0.4675494 0.5854278 0.5537446 -0.5921498 0.5854264 0.5537425 -0.5921531 0.4596468 0.553745 -0.694328 0.4596462 0.5537431 -0.6943299 0.3164584 0.5537436 -0.7702092 0.3164575 0.5537444 -0.770209 0.1612837 0.5537458 -0.8169169 0.1612817 0.5537405 -0.8169209 0 0.5537452 -0.8326862 0 0.553743 -0.8326876 -0.1612833 0.5537455 -0.8169173 -0.1612821 0.5537409 -0.8169206 -0.3164584 0.5537458 -0.7702076 -0.3164575 0.5537423 -0.7702105 -0.4596472 0.5537449 -0.6943279 -0.4596458 0.5537431 -0.6943302 -0.5854278 0.553744 -0.5921503 -0.5854259 0.5537421 -0.5921541 -0.6890341 0.5537458 -0.4675442 -0.689034 0.5537414 -0.4675497 -0.7665455 0.5537422 -0.3252345 -0.7665455 0.5537428 -0.3252338 -0.8150249 0.5537408 -0.1706034 -0.8150215 0.5537462 -0.170603 -0.832632 0.553745 -0.009510755 -0.832634 0.5537422 -0.009510397 -0.8187075 0.5537436 0.151942 -0.8187096 0.5537403 0.1519423 -0.7737734 0.5537452 0.307638 -0.7737733 0.5537437 0.307641 0.5179606 0.830246 0.2059332 0.5480368 0.8302477 0.1017085 0.5480398 0.8302454 0.1017099 0.5573614 0.8302456 -0.006366908 0.5573613 0.8302457 -0.006365895 0.5455744 0.830245 -0.1142017 0.5455733 0.8302457 -0.1142007 0.5131222 0.8302456 -0.2177108 0.5131227 0.8302454 -0.2177102 0.461237 0.8302458 -0.3129737 0.4612358 0.8302463 -0.3129742 0.3918815 0.8302463 -0.3963835 0.3918832 0.8302448 -0.3963853 0.3076857 0.8302451 -0.4647822 0.3076857 0.8302465 -0.46478 0.2118356 0.8302447 -0.5155767 0.2118353 0.8302465 -0.515574 0.1079627 0.8302503 -0.5468351 0.1079625 0.8302447 -0.5468437 0 0.8302453 -0.5573982 0 0.8302451 -0.5573984 -0.1079627 0.8302461 -0.5468413 -0.1079623 0.8302484 -0.5468379 -0.2118355 0.8302451 -0.5155764 -0.2118353 0.8302456 -0.5155756 -0.3076856 0.8302454 -0.464782 -0.3076855 0.8302456 -0.4647818 -0.3918823 0.8302459 -0.3963838 -0.3918821 0.8302455 -0.3963848 -0.461237 0.8302458 -0.3129737 -0.4612361 0.830246 -0.3129745 -0.5131222 0.8302456 -0.2177108 -0.5131223 0.8302454 -0.2177112 -0.5455735 0.8302457 -0.1142004 -0.5455735 0.8302455 -0.1142018 -0.5573605 0.8302463 -0.006365835 -0.5573623 0.8302451 -0.006367027 -0.5480388 0.8302463 0.1017089 -0.5480384 0.8302465 0.1017097 -0.5179625 0.830245 0.2059326 -0.5179603 0.8302465 0.205932 0.1821196 0.9806068 0.07240808 0.1926956 0.9806067 0.03576099 0.1926956 0.9806067 0.03576248 0.1959724 0.9806069 -0.002238452 0.1959728 0.9806068 -0.002237975 0.1918281 0.9806068 -0.04015398 0.191828 0.9806068 -0.04015415 0.180418 0.9806069 -0.07654809 0.1804177 0.980607 -0.07654821 0.1621745 0.9806067 -0.110045 0.1621749 0.9806068 -0.1100441 0.1377889 0.9806067 -0.1393733 0.1377892 0.9806069 -0.1393715 0.1081846 0.9806064 -0.1634235 0.1081848 0.9806072 -0.1634185 0.07448279 0.9806061 -0.181284 0.07448297 0.9806072 -0.1812787 0.03796046 0.9806061 -0.1922776 0.03796035 0.9806067 -0.1922742 0 0.9806072 -0.195984 0 0.9806062 -0.1959885 -0.03796029 0.9806053 -0.1922818 -0.03796052 0.9806074 -0.1922714 -0.07448267 0.9806063 -0.1812841 -0.07448309 0.9806073 -0.1812781 -0.1081847 0.9806064 -0.1634235 -0.1081847 0.9806076 -0.1634168 -0.1377891 0.9806073 -0.1393688 -0.137789 0.9806066 -0.1393738 -0.1621752 0.980607 -0.110041 -0.1621744 0.9806066 -0.1100462 -0.1804179 0.9806069 -0.07654809 -0.1804178 0.9806069 -0.07654827 -0.1918281 0.9806069 -0.04015284 -0.1918281 0.9806067 -0.04015541 -0.1959728 0.9806068 -0.002238452 -0.1959726 0.9806069 -0.002237975 -0.1926956 0.9806067 0.03576153 -0.1926956 0.9806068 0.03576129 -0.182119 0.9806069 0.07240802 -0.1821202 0.9806067 0.07240706 0.1950378 0.9805187 0.02331286 0.1950377 0.9805187 0.02331382 0.4416726 0.8956217 0.05279523 0.5583343 0.8283331 0.04612195 0.6071578 0.7912598 0.07257616 0.8273929 0.5528465 0.09890264 0.1840474 0.9805188 0.06862616 0.1840476 0.9805186 0.06862837 0.5231114 0.8296425 0.1950584 0.5231123 0.8296419 0.1950587 0.7807709 0.5528452 0.2911344 0.7807697 0.5528469 0.2911341 0.9192231 0.1937628 0.3427609 0.919223 0.193763 0.342761 0.7919458 0.6076825 0.05953067 0.8917642 0.4397656 0.106597 0.9741134 0.1937658 0.1164394 0.9741139 0.1937617 0.1164412 0.195091 0.9807852 0 0.1950907 0.9807853 0 0.4422906 0.8968719 0 0.4422851 0.8968745 0 0.6087615 0.7933534 0 0.7933549 0.6087594 0 0.7933531 0.6087619 0 0.8968734 0.4422875 0 0.8968707 0.4422929 0 0.9807854 0.19509 0 0.9807855 0.1950898 0 0.1560597 0.9804617 -0.1197507 0.1950271 0.9804618 -0.02567404 0.1950268 0.9804618 -0.02567666 0.9727103 0.1934828 -0.128059 0.8906856 0.439238 -0.1172579 0.8313199 0.5501753 -0.07883244 0.7890598 0.6054694 -0.1038826 0.5540917 0.8292533 -0.07294774 0.608212 0.7926396 -0.04243534 0.4415383 0.8953574 -0.05812954 0.1560598 0.9804621 -0.1197476 0.3533217 0.895354 -0.2711182 0.4292531 0.8273825 -0.3621883 0.4855737 0.7908171 -0.3725943 0.661389 0.5522716 -0.5075044 0.6002892 0.6077739 -0.519869 0.7127238 0.439239 -0.5468949 0.891889 0.1052668 -0.4398329 0.9288106 0.194692 -0.3152871 0.9727093 0.1934868 -0.1280605 0.1817356 0.9804618 -0.07527762 0.1817364 0.9804617 -0.07527774 0.5163284 0.8292556 -0.2138695 0.5163305 0.8292536 -0.2138718 0.7702048 0.5522723 -0.3190298 0.7702063 0.5522704 -0.3190293 0.9064214 0.1934859 -0.3754513 0.7783624 0.1934854 -0.5972567 0.7783613 0.193483 -0.5972588 0.1379503 0.9807854 -0.1379488 0.07502919 0.9908717 -0.1119993 0.324899 0.8967397 -0.3004973 0.2717627 0.9231967 -0.271759 0.4304603 0.7933529 -0.4304594 0.3979929 0.8184081 -0.4144995 0.571819 0.6086913 -0.5500164 0.5422143 0.6418781 -0.5422143 0.6341886 0.4422831 -0.634185 0.6253283 0.4612178 -0.6294782 0.7003117 0.1950803 -0.6866638 0.6904366 0.2158592 -0.6904363 0.9094749 0.0955013 -0.404642 0.7835216 0.01982468 -0.6210482 0.9564449 0.08035051 -0.2806369 0.9854819 0.09118169 -0.1432179 0.9788581 0.003472745 -0.2045114 0.9992571 0.03296828 -0.0199629 0.9941198 0.04927456 -0.09642559 0.8990724 0.1320418 -0.4174134 0.9946054 0.1000823 -0.02726936 0.947764 0.3077386 -0.08390665 0.8587409 0.342823 -0.3808366 0.9139723 0.4055663 0.01306617 0.7910161 0.6002954 -0.1180642 0.7822427 0.5845884 -0.2152974 0.657761 0.7520829 -0.04149627 0.5447205 0.8250102 -0.1504583 0.5479857 0.8151756 -0.1876181 0.3408012 0.9383057 -0.05862605 0.2639201 0.9550862 -0.1347464 0.1441093 0.9886488 -0.04249793 0.4678262 0.8151956 -0.3414596 0.6583517 0.4607591 -0.5952093 0.9719201 0.09763383 -0.2141003 0.9186202 0.2914083 -0.2668678 0.9180691 0.3450654 -0.1951386 0.8174133 0.4935318 -0.2970889 0.7807974 0.5908451 -0.2031193 0.6570608 0.6790425 -0.3273719 0.5645043 0.7929407 -0.2293029 0.4651194 0.8207327 -0.3317556 0.3176577 0.9211992 -0.22469 0.8971924 0.0794354 -0.4344375 0.868239 0.1814702 -0.4617681 0.8780564 0.2201532 -0.424911 0.8162896 0.3105183 -0.487083 0.8098521 0.3837383 -0.443717 0.7340175 0.4374011 -0.5195177 0.696962 0.531312 -0.4816135 0.6435639 0.5454621 -0.5369327 0.5670065 0.6414715 -0.5167379 0.7773799 0.04030096 -0.6277392 0.7708782 0.06355249 -0.6338043 0.7766807 0.07764995 -0.6250902 0.7556531 0.1081446 -0.6459823 0.7579616 0.1349474 -0.6381878 0.7327212 0.1526921 -0.6631779 0.726912 0.1878174 -0.6605479 0.7052864 0.1930683 -0.6821259 0.6921668 0.2158569 -0.6887024 -0.9659261 0 -0.2588183 -0.9219118 0.006568551 -0.3873443 -0.9773157 0.00187534 -0.2117796 -0.997295 0 -0.07350337 -0.2588191 0 -0.9659258 -0.1381182 0.006352186 -0.9903954 -0.3873879 0 -0.9219169 -0.6139028 0.006250023 -0.789357 -0.7944892 0 -0.6072784 0.1350675 0 -0.9908365 0.2588174 0.003360748 -0.9659205 0.707102 0.003252446 -0.7071042 0.6106869 0 -0.7918723 0.3869145 0 -0.9221157 0.9973185 0 -0.07318431 0.9774387 0.001863777 -0.2112111 0.9659212 0.003121197 -0.2588176 0.9201663 0 -0.3915279 0.7948243 0 -0.6068395 0.9730263 -0.03934699 -0.2273141 0.9958158 -0.01134693 -0.09067636 0.9997741 0 0.02125376 0.9906835 0 -0.1361851 0.8423672 0 -0.538904 0.8423663 0 -0.5389055 -0.8423667 0 -0.538905 -0.9997703 0 0.02143198 -0.9958317 -0.01131081 -0.09050655 -0.9904723 -0.02065008 -0.1361553 -0.9685693 0 -0.2487444 -0.8423671 0 -0.5389044 2.20422e-6 0 -1 1.83178e-6 0 -1 3.91387e-7 0 -1 2.45772e-7 0 -1 -0.9979456 0.05478531 -0.03321546 -0.9962784 -0.03352642 -0.0794081 -0.998018 -0.007306337 -0.06250393 -0.9971293 0 -0.07571852 -0.9984129 0 -0.05631911 -0.999884 0.002032041 -0.01510018 -0.9752877 -0.001573801 -0.2209334 -0.9452204 0.006918013 -0.3263594 -0.9093461 0 -0.4160406 -0.7071046 0 -0.707109 -0.7071064 0 -0.7071073 -0.3429278 0 -0.9393619 -0.2648477 0.006632864 -0.9642676 -0.08809655 0 -0.996112 0.9984129 0 -0.05631911 0.9733062 0.01411217 -0.2290763 0.9426651 -0.003592789 -0.3337209 0.999884 0.002032041 -0.01510018 0.9971292 0 -0.07571923 0.9988889 -0.01772046 -0.04367071 0.9973558 -0.003526091 -0.07258713 0.9948872 0.08977407 0.0462619 0.9094003 0 -0.4159219 0.7071046 0 -0.707109 0.7071064 0 -0.7071073 0.2588156 0 -0.9659268 0.3340942 0.009241998 -0.9424943 0.08782076 0 -0.9961363 0.2079117 0 -0.9781476 0.2079111 0 -0.9781477 0.5877853 0 -0.8090171 0.5877855 0 -0.8090168 0.8660254 0 -0.5000001 0.8660254 0 -0.5000002 0.9945219 0 -0.1045284 0.994522 0 -0.1045284 0.9510566 0 0.309017 0.9510565 0 0.3090172 0.7431448 0 0.6691308 0.7431452 0 0.6691303 0.4067364 0 0.9135456 -0.4067364 0 0.9135456 -0.743145 0 0.6691306 -0.7431449 0 0.6691305 -0.9510566 0 0.309017 -0.9510565 0 0.3090172 -0.994522 0 -0.1045284 -0.9945219 0 -0.1045284 -0.8660254 0 -0.5000002 -0.8660254 0 -0.5000001 -0.5877855 0 -0.8090168 -0.5877853 0 -0.8090171 -0.2079114 0 -0.9781478 -0.2079116 0 -0.9781477 0 -1 3.57772e-7 0 -1 -1.78886e-7 0 -1 -3.57772e-7 0.2079117 0 0.9781476 0.2079111 0 0.9781477 0.5877853 0 0.8090171 0.5877855 0 0.8090168 0.8660254 0 0.5000001 0.8660254 0 0.5000002 0.9945219 0 0.1045284 0.9945219 0 0.1045286 0.9510566 0 -0.309017 0.9510565 0 -0.3090174 0.7431448 0 -0.6691308 0.743145 0 -0.6691306 0.4067364 0 -0.9135456 -0.4067364 0 -0.9135456 -0.743145 0 -0.6691306 -0.7431448 0 -0.6691308 -0.9510566 0 -0.309017 -0.9510565 0 -0.3090174 -0.994522 0 0.1045284 -0.9945219 0 0.1045286 -0.8660254 0 0.5000002 -0.8660254 0 0.5000001 -0.5877855 0 0.8090168 -0.5877853 0 0.8090171 -0.2079114 0 0.9781478 -0.2079116 0 0.9781477 0 1 -3.57772e-7 0 1 0 0 1 3.57772e-7 0 1 3.57772e-7 0 1 -7.15545e-7</float_array>
          <technique_common>
            <accessor source="#link_5_2-mesh-normals-array" count="3534" stride="3">
              <param name="X" type="float"/>
              <param name="Y" type="float"/>
              <param name="Z" type="float"/>
            </accessor>
          </technique_common>
        </source>
        <vertices id="link_5_2-mesh-vertices">
          <input semantic="POSITION" source="#link_5_2-mesh-positions"/>
        </vertices>
        <triangles material="m_1-material" count="3954">
          <input semantic="VERTEX" source="#link_5_2-mesh-vertices" offset="0"/>
          <input semantic="NORMAL" source="#link_5_2-mesh-normals" offset="1"/>
          <p>0 0 1 0 2 0 3 1 4 1 5 1 5 0 4 0 6 0 5 2 6 2 2 2 2 0 6 0 7 0 2 0 7 0 0 0 8 3 9 3 10 3 10 3 11 3 8 3 8 3 11 3 12 3 8 3 12 3 13 3 13 3 12 3 14 3 13 3 14 3 15 3 16 0 17 0 18 0 19 4 20 4 21 4 21 0 20 0 22 0 21 5 22 5 18 5 18 0 22 0 23 0 18 0 23 0 16 0 24 3 25 3 26 3 27 3 28 3 29 3 29 3 28 3 30 3 29 3 30 3 26 3 26 3 30 3 31 3 26 3 31 3 24 3 32 6 22 6 33 6 33 7 22 7 20 7 33 8 20 8 34 8 35 9 19 9 36 9 36 10 19 10 37 10 34 11 20 11 38 11 38 12 20 12 19 12 38 13 19 13 39 13 39 14 19 14 35 14 39 15 35 15 40 15 41 16 42 16 43 16 43 17 42 17 40 17 43 18 40 18 44 18 44 19 40 19 35 19 45 20 46 20 37 20 45 21 37 21 8 21 8 22 37 22 19 22 8 23 19 23 9 23 9 24 19 24 21 24 9 25 21 25 47 25 47 20 21 20 48 20 47 26 48 26 49 26 50 27 10 27 51 27 51 28 10 28 9 28 52 29 11 29 53 29 53 30 11 30 10 30 53 31 10 31 54 31 54 32 10 32 50 32 55 33 9 33 56 33 56 34 9 34 47 34 55 35 57 35 58 35 58 36 59 36 55 36 55 37 59 37 60 37 55 38 60 38 9 38 9 39 60 39 61 39 9 40 61 40 51 40 55 41 62 41 57 41 57 42 62 42 63 42 57 43 63 43 64 43 64 44 63 44 65 44 64 45 65 45 66 45 66 46 65 46 67 46 67 47 65 47 68 47 68 47 65 47 69 47 68 47 69 47 70 47 70 47 71 47 68 47 68 47 71 47 72 47 68 47 72 47 73 47 73 47 72 47 74 47 72 47 75 47 74 47 74 47 75 47 76 47 74 47 76 47 77 47 77 47 76 47 78 47 79 48 80 48 81 48 80 47 82 47 81 47 81 47 82 47 83 47 81 47 83 47 84 47 84 47 83 47 85 47 84 47 85 47 78 47 78 47 85 47 86 47 78 47 86 47 77 47 87 47 88 47 89 47 89 47 88 47 90 47 91 49 92 49 93 49 93 47 92 47 90 47 93 47 90 47 94 47 94 47 90 47 88 47 91 47 93 47 81 47 81 50 93 50 95 50 81 51 95 51 79 51 96 52 97 52 25 52 98 53 99 53 100 53 98 54 100 54 101 54 102 55 70 55 69 55 101 56 100 56 69 56 69 57 100 57 103 57 69 58 103 58 102 58 96 59 25 59 99 59 104 60 105 60 25 60 25 61 105 61 106 61 25 62 106 62 99 62 99 63 106 63 107 63 99 64 107 64 100 64 31 65 108 65 24 65 24 66 108 66 109 66 109 67 110 67 24 67 24 68 110 68 111 68 24 69 111 69 25 69 25 70 111 70 112 70 25 71 112 71 104 71 113 72 114 72 97 72 97 72 114 72 18 72 97 73 18 73 25 73 25 74 18 74 26 74 115 72 116 72 117 72 117 75 116 75 26 75 117 76 26 76 17 76 17 77 26 77 18 77 118 78 117 78 17 78 119 79 120 79 121 79 119 80 121 80 122 80 123 81 124 81 125 81 122 82 121 82 125 82 125 83 121 83 126 83 125 84 126 84 123 84 118 85 17 85 120 85 127 86 128 86 17 86 17 87 128 87 129 87 17 88 129 88 120 88 120 89 129 89 130 89 120 90 130 90 121 90 131 91 132 91 16 91 16 92 132 92 133 92 16 93 133 93 17 93 17 94 133 94 134 94 17 95 134 95 127 95 135 96 131 96 136 96 136 97 131 97 16 97 136 98 16 98 137 98 137 99 16 99 23 99 125 100 124 100 138 100 139 100 140 100 141 100 141 101 140 101 125 101 141 102 125 102 142 102 142 103 125 103 138 103 142 104 138 104 143 104 144 100 145 100 146 100 143 100 147 100 142 100 142 105 147 105 144 105 142 106 144 106 148 106 148 107 144 107 146 107 149 100 150 100 151 100 150 108 152 108 151 108 151 109 152 109 153 109 151 100 153 100 154 100 154 100 153 100 155 100 154 100 155 100 145 100 145 110 155 110 156 110 145 100 156 100 146 100 157 100 158 100 159 100 159 111 158 111 160 111 161 112 162 112 163 112 163 113 162 113 160 113 163 114 160 114 164 114 164 100 160 100 158 100 161 100 163 100 151 100 151 115 163 115 165 115 151 116 165 116 149 116 4 117 3 117 166 117 166 118 167 118 4 118 4 119 167 119 168 119 4 120 168 120 169 120 170 121 6 121 171 121 171 122 6 122 4 122 171 123 4 123 172 123 172 124 4 124 169 124 173 125 3 125 174 125 174 126 3 126 175 126 173 127 176 127 177 127 177 128 178 128 173 128 173 129 178 129 179 129 173 130 179 130 3 130 3 131 179 131 180 131 3 132 180 132 166 132 173 133 181 133 176 133 176 134 181 134 182 134 176 135 182 135 183 135 183 136 182 136 140 136 183 137 140 137 184 137 184 138 140 138 139 138 185 139 186 139 175 139 185 140 175 140 29 140 29 141 175 141 3 141 29 142 3 142 27 142 27 143 3 143 5 143 27 144 5 144 187 144 187 139 5 139 188 139 187 145 188 145 189 145 190 146 191 146 30 146 190 147 30 147 192 147 193 148 27 148 194 148 194 149 27 149 187 149 30 150 28 150 192 150 192 151 28 151 27 151 192 152 27 152 195 152 195 153 27 153 193 153 195 154 193 154 196 154 197 155 198 155 199 155 199 156 198 156 196 156 199 157 196 157 200 157 200 158 196 158 193 158 197 159 201 159 202 159 203 159 204 159 205 159 202 159 206 159 197 159 197 160 206 160 207 160 197 161 207 161 198 161 198 162 207 162 208 162 198 163 208 163 209 163 209 164 208 164 210 164 211 165 212 165 213 165 210 159 208 159 214 159 214 159 208 159 215 159 214 159 215 159 216 159 205 159 204 159 213 159 213 159 204 159 217 159 213 166 217 166 211 166 218 159 219 159 213 159 213 167 219 167 220 167 213 168 220 168 221 168 212 159 222 159 213 159 213 169 222 169 223 169 213 170 223 170 224 170 224 159 225 159 213 159 213 171 225 171 226 171 213 172 226 172 227 172 227 159 228 159 213 159 213 173 228 173 229 173 213 174 229 174 218 174 221 175 230 175 231 175 216 159 215 159 232 159 232 159 215 159 233 159 232 159 233 159 205 159 205 159 233 159 234 159 205 159 234 159 203 159 231 176 235 176 221 176 221 177 235 177 236 177 221 178 236 178 213 178 237 179 238 179 15 179 239 180 240 180 201 180 201 181 240 181 241 181 201 182 241 182 202 182 237 183 15 183 242 183 239 184 243 184 240 184 240 185 243 185 242 185 240 186 242 186 244 186 244 187 242 187 15 187 244 188 15 188 245 188 14 189 12 189 246 189 246 190 247 190 14 190 14 191 247 191 248 191 14 192 248 192 15 192 15 193 248 193 249 193 15 194 249 194 245 194 250 195 251 195 238 195 238 195 251 195 2 195 238 196 2 196 15 196 15 197 2 197 13 197 252 195 253 195 254 195 254 198 253 198 13 198 254 199 13 199 1 199 1 200 13 200 2 200 255 201 254 201 1 201 256 202 257 202 258 202 258 203 257 203 259 203 258 204 259 204 260 204 255 205 1 205 261 205 256 206 262 206 257 206 257 207 262 207 261 207 257 208 261 208 263 208 263 209 261 209 1 209 263 210 1 210 264 210 0 211 265 211 1 211 1 212 265 212 266 212 1 213 266 213 264 213 7 214 267 214 0 214 0 215 267 215 268 215 268 216 269 216 0 216 0 217 269 217 270 217 0 218 270 218 265 218 41 219 258 219 260 219 260 220 271 220 41 220 41 221 271 221 272 221 41 219 272 219 42 219 42 222 272 222 273 222 42 219 273 219 274 219 274 223 273 223 275 223 275 219 273 219 276 219 276 224 273 224 277 224 276 219 277 219 278 219 279 225 280 225 281 225 281 226 280 226 282 226 281 227 282 227 283 227 279 228 281 228 284 228 284 229 281 229 285 229 284 219 285 219 286 219 287 219 288 219 289 219 289 230 288 230 290 230 286 231 285 231 289 231 289 232 285 232 291 232 289 233 291 233 292 233 292 219 293 219 289 219 289 234 293 234 294 234 289 235 294 235 287 235 290 219 295 219 289 219 289 236 295 236 296 236 289 237 296 237 297 237 278 219 277 219 283 219 283 219 277 219 298 219 283 238 298 238 281 238 299 239 300 239 301 239 301 219 300 219 302 219 301 219 302 219 303 219 299 240 301 240 296 240 296 241 301 241 304 241 296 242 304 242 297 242 116 219 185 219 26 219 26 219 185 219 29 219 185 3 116 3 186 3 186 3 116 3 115 3 253 100 45 100 13 100 13 100 45 100 8 100 45 3 253 3 46 3 46 3 253 3 252 3 251 47 188 47 2 47 2 47 188 47 5 47 188 243 251 243 189 243 189 244 251 244 250 244 114 159 48 159 18 159 18 159 48 159 21 159 48 245 114 245 49 245 49 246 114 246 113 246 46 247 252 247 37 247 37 248 252 248 254 248 254 249 258 249 37 249 37 250 258 250 41 250 37 251 41 251 36 251 36 252 41 252 35 252 35 253 41 253 43 253 35 254 43 254 44 254 254 255 255 255 258 255 258 256 255 256 261 256 258 257 261 257 256 257 256 258 261 258 262 258 186 259 115 259 117 259 174 260 175 260 140 260 186 261 117 261 175 261 175 262 117 262 125 262 175 263 125 263 140 263 117 264 118 264 125 264 125 265 118 265 120 265 125 266 120 266 122 266 122 267 120 267 119 267 174 268 140 268 173 268 173 269 140 269 182 269 173 270 182 270 181 270 49 271 113 271 97 271 56 272 47 272 65 272 49 273 97 273 47 273 47 274 97 274 69 274 47 275 69 275 65 275 56 276 65 276 55 276 55 277 65 277 63 277 55 278 63 278 62 278 97 279 96 279 69 279 69 280 96 280 99 280 69 281 99 281 101 281 101 282 99 282 98 282 189 283 250 283 238 283 194 284 187 284 197 284 189 285 238 285 187 285 187 286 238 286 201 286 187 287 201 287 197 287 194 288 197 288 193 288 193 289 197 289 199 289 193 290 199 290 200 290 238 291 237 291 201 291 201 292 237 292 242 292 201 293 242 293 239 293 239 294 242 294 243 294 305 295 306 295 307 295 307 296 306 296 308 296 309 297 310 297 311 297 311 298 310 298 312 298 311 299 312 299 306 299 306 300 312 300 313 300 306 301 313 301 308 301 314 302 315 302 316 302 316 303 317 303 314 303 314 304 317 304 318 304 314 305 318 305 319 305 319 303 318 303 320 303 319 306 320 306 321 306 321 307 320 307 322 307 321 308 322 308 323 308 323 309 322 309 324 309 323 310 324 310 325 310 12 219 326 219 327 219 327 219 328 219 12 219 12 219 328 219 329 219 12 219 329 219 246 219 326 219 12 219 330 219 330 219 12 219 11 219 330 219 11 219 331 219 331 219 11 219 52 219 331 219 52 219 332 219 333 100 334 100 335 100 30 100 191 100 336 100 337 100 108 100 338 100 338 100 108 100 31 100 336 100 333 100 30 100 30 100 333 100 335 100 30 100 335 100 31 100 31 100 335 100 339 100 31 100 339 100 338 100 340 311 341 311 342 311 343 312 344 312 345 312 343 313 345 313 346 313 346 314 345 314 347 314 346 315 347 315 348 315 348 316 347 316 349 316 348 317 349 317 350 317 350 318 349 318 351 318 350 319 351 319 352 319 353 320 354 320 355 320 355 321 354 321 356 321 355 322 356 322 357 322 357 323 358 323 355 323 355 324 358 324 359 324 355 325 359 325 360 325 360 326 361 326 362 326 351 327 363 327 352 327 352 328 363 328 364 328 352 329 364 329 365 329 365 330 364 330 366 330 365 331 366 331 367 331 367 332 366 332 368 332 367 333 368 333 369 333 369 334 368 334 370 334 369 335 370 335 371 335 371 336 370 336 362 336 371 337 362 337 372 337 372 338 362 338 361 338 373 339 374 339 375 339 375 340 374 340 376 340 375 341 376 341 353 341 353 342 376 342 377 342 353 343 377 343 354 343 378 344 379 344 380 344 380 345 379 345 381 345 380 346 381 346 373 346 373 347 381 347 382 347 373 348 382 348 374 348 383 349 384 349 342 349 342 350 384 350 385 350 342 351 385 351 340 351 386 352 387 352 388 352 388 353 387 353 389 353 388 354 389 354 383 354 383 355 389 355 390 355 383 356 390 356 384 356 391 357 392 357 393 357 393 358 392 358 394 358 395 359 396 359 397 359 397 360 396 360 398 360 398 361 399 361 397 361 397 362 399 362 400 362 397 363 400 363 386 363 386 364 400 364 401 364 386 365 401 365 387 365 394 366 392 366 402 366 402 367 392 367 403 367 402 368 403 368 404 368 404 369 403 369 405 369 404 370 405 370 406 370 406 371 405 371 407 371 406 372 407 372 408 372 407 373 409 373 408 373 408 374 409 374 410 374 408 375 410 375 411 375 411 376 410 376 412 376 411 377 412 377 413 377 413 378 412 378 414 378 413 379 414 379 415 379 415 380 414 380 416 380 415 381 416 381 417 381 417 382 416 382 418 382 417 383 418 383 419 383 360 384 362 384 355 384 355 385 362 385 420 385 355 386 420 386 421 386 420 387 422 387 421 387 421 388 422 388 423 388 421 389 423 389 424 389 425 390 426 390 427 390 427 391 426 391 424 391 427 392 424 392 428 392 428 393 424 393 423 393 425 394 429 394 426 394 426 395 429 395 430 395 426 396 430 396 431 396 430 397 432 397 431 397 431 398 432 398 433 398 431 399 433 399 434 399 433 400 435 400 434 400 434 401 435 401 436 401 434 402 436 402 437 402 391 403 395 403 392 403 392 404 395 404 397 404 392 405 397 405 438 405 438 406 397 406 437 406 438 407 437 407 439 407 439 408 437 408 436 408 440 159 441 159 442 159 440 159 442 159 443 159 444 409 445 409 446 409 446 410 445 410 447 410 441 159 448 159 442 159 442 411 448 411 449 411 442 412 449 412 450 412 451 413 452 413 453 413 453 159 452 159 454 159 453 159 454 159 455 159 455 159 454 159 456 159 455 414 456 414 457 414 457 415 456 415 458 415 457 159 458 159 459 159 459 416 458 416 460 416 459 159 460 159 461 159 461 159 460 159 462 159 461 159 462 159 441 159 441 159 462 159 463 159 441 417 463 417 448 417 442 159 446 159 443 159 443 418 446 418 447 418 443 159 447 159 464 159 464 419 447 419 465 419 464 159 465 159 466 159 466 159 465 159 467 159 466 159 467 159 468 159 468 159 467 159 469 159 468 420 469 420 470 420 470 159 469 159 471 159 470 421 471 421 472 421 472 159 471 159 473 159 472 422 473 422 474 422 474 159 473 159 475 159 474 423 475 423 451 423 451 424 475 424 476 424 451 159 476 159 452 159 477 425 478 425 479 425 479 426 478 426 480 426 479 427 480 427 481 427 482 428 483 428 484 428 484 429 483 429 485 429 484 430 485 430 480 430 480 431 485 431 486 431 480 432 486 432 481 432 487 433 488 433 489 433 445 434 444 434 487 434 488 435 490 435 489 435 489 436 490 436 491 436 489 437 491 437 492 437 492 438 491 438 493 438 492 439 493 439 477 439 477 440 493 440 494 440 477 441 494 441 478 441 487 442 489 442 445 442 445 443 489 443 495 443 445 444 495 444 447 444 495 445 496 445 447 445 447 446 496 446 497 446 447 447 497 447 465 447 498 448 467 448 499 448 499 449 467 449 465 449 499 450 465 450 500 450 500 451 465 451 497 451 501 452 450 452 449 452 501 453 449 453 502 453 503 454 504 454 505 454 506 455 507 455 508 455 508 456 507 456 509 456 508 457 509 457 505 457 505 458 509 458 510 458 505 459 510 459 503 459 506 460 508 460 511 460 511 461 508 461 512 461 511 462 512 462 513 462 513 463 512 463 514 463 513 464 514 464 515 464 515 465 514 465 516 465 515 466 516 466 517 466 517 467 516 467 518 467 517 468 518 468 519 468 519 469 502 469 517 469 517 470 502 470 449 470 517 471 449 471 520 471 520 472 449 472 448 472 520 473 448 473 521 473 521 474 448 474 522 474 522 475 448 475 463 475 522 476 463 476 523 476 523 477 463 477 524 477 524 478 463 478 462 478 524 479 462 479 525 479 419 480 418 480 526 480 526 481 418 481 527 481 528 482 529 482 530 482 530 483 531 483 528 483 528 484 531 484 532 484 528 485 532 485 527 485 527 486 532 486 533 486 527 487 533 487 526 487 534 488 342 488 341 488 341 489 535 489 534 489 534 490 535 490 536 490 534 491 536 491 529 491 529 492 536 492 537 492 529 493 537 493 530 493 378 494 380 494 538 494 538 495 380 495 539 495 540 496 541 496 542 496 542 497 543 497 540 497 540 498 543 498 544 498 540 499 544 499 539 499 539 500 544 500 545 500 539 501 545 501 538 501 546 502 345 502 344 502 344 503 547 503 546 503 546 504 547 504 548 504 546 505 548 505 541 505 541 506 548 506 549 506 541 507 549 507 542 507 550 3 551 3 552 3 553 3 554 3 555 3 555 3 556 3 553 3 553 508 556 508 557 508 553 509 557 509 552 509 552 3 557 3 558 3 552 3 558 3 550 3 559 3 446 3 442 3 556 510 560 510 557 510 557 511 560 511 559 511 557 3 559 3 561 3 561 512 559 512 442 512 562 219 563 219 528 219 528 513 563 513 564 513 528 514 564 514 565 514 565 515 566 515 528 515 528 516 566 516 567 516 528 517 567 517 529 517 529 518 567 518 568 518 529 219 568 219 569 219 564 219 570 219 565 219 565 519 570 519 571 519 565 219 571 219 572 219 572 520 571 520 573 520 572 219 573 219 574 219 574 521 573 521 575 521 576 219 577 219 575 219 575 522 577 522 578 522 575 219 578 219 574 219 579 523 580 523 581 523 576 219 575 219 581 219 581 219 575 219 582 219 581 219 582 219 579 219 540 100 583 100 584 100 585 100 586 100 540 100 540 524 586 524 587 524 540 100 587 100 541 100 541 525 587 525 588 525 541 100 588 100 589 100 584 100 590 100 540 100 540 526 590 526 591 526 540 100 591 100 585 100 585 527 591 527 592 527 585 100 592 100 593 100 593 100 592 100 594 100 593 100 594 100 595 100 595 528 594 528 596 528 597 100 598 100 596 100 596 529 598 529 599 529 596 100 599 100 595 100 600 530 601 530 602 530 597 100 596 100 602 100 602 100 596 100 603 100 602 100 603 100 600 100 604 47 335 47 334 47 605 47 606 47 607 47 607 531 606 531 327 531 607 47 327 47 326 47 608 47 609 47 552 47 604 47 334 47 610 47 552 47 609 47 553 47 540 47 539 47 611 47 611 532 539 532 380 532 611 47 380 47 612 47 612 47 380 47 373 47 612 47 373 47 613 47 334 47 614 47 610 47 610 47 614 47 615 47 610 47 615 47 552 47 552 47 615 47 616 47 552 47 616 47 608 47 608 533 616 533 617 533 608 47 617 47 611 47 611 534 617 534 583 534 611 47 583 47 540 47 534 535 618 535 342 535 342 47 618 47 619 47 534 47 529 47 618 47 618 47 529 47 569 47 618 47 569 47 620 47 620 536 569 536 621 536 620 537 621 537 311 537 622 47 386 47 623 47 623 47 386 47 388 47 623 538 388 538 619 538 619 47 388 47 383 47 619 47 383 47 342 47 609 47 620 47 553 47 553 47 620 47 311 47 553 47 311 47 605 47 605 47 311 47 306 47 605 47 306 47 606 47 624 47 424 47 625 47 625 539 424 539 426 539 625 47 426 47 626 47 373 540 375 540 613 540 613 47 375 47 353 47 613 47 353 47 627 47 627 541 353 541 355 541 627 542 355 542 624 542 624 543 355 543 421 543 624 47 421 47 424 47 426 47 431 47 626 47 626 544 431 544 434 544 626 47 434 47 628 47 628 47 434 47 437 47 628 47 437 47 622 47 622 545 437 545 397 545 622 546 397 546 386 546 525 100 462 100 629 100 629 100 462 100 460 100 630 219 469 219 498 219 498 219 469 219 467 219 630 547 631 547 469 547 469 548 631 548 471 548 632 549 473 549 633 549 633 550 473 550 471 550 633 551 471 551 634 551 634 552 471 552 631 552 632 553 635 553 473 553 473 554 635 554 636 554 473 555 636 555 475 555 637 556 476 556 638 556 638 557 476 557 475 557 638 558 475 558 639 558 639 559 475 559 636 559 637 560 640 560 476 560 476 561 640 561 641 561 476 562 641 562 452 562 642 563 454 563 643 563 643 564 454 564 452 564 643 565 452 565 644 565 644 566 452 566 641 566 642 567 645 567 454 567 454 568 645 568 646 568 454 569 646 569 456 569 646 570 647 570 456 570 456 571 647 571 648 571 456 572 648 572 458 572 629 573 460 573 649 573 649 574 460 574 458 574 649 575 458 575 650 575 650 576 458 576 648 576 651 577 615 577 652 577 652 578 615 578 653 578 651 579 654 579 615 579 615 580 654 580 655 580 615 581 655 581 616 581 616 582 655 582 656 582 616 583 656 583 657 583 658 584 659 584 660 584 660 584 659 584 661 584 660 585 661 585 662 585 662 586 661 586 663 586 662 587 663 587 664 587 664 588 663 588 665 588 664 589 665 589 666 589 666 590 665 590 667 590 666 591 667 591 668 591 668 592 667 592 669 592 668 593 669 593 670 593 671 594 359 594 358 594 377 595 672 595 354 595 354 596 672 596 356 596 377 597 376 597 672 597 672 598 376 598 374 598 672 599 374 599 382 599 358 600 357 600 671 600 671 601 357 601 356 601 671 602 356 602 379 602 379 603 356 603 672 603 379 604 672 604 381 604 381 605 672 605 382 605 379 606 378 606 671 606 671 607 378 607 538 607 671 608 538 608 359 608 359 609 538 609 545 609 359 610 545 610 360 610 360 611 545 611 544 611 360 612 544 612 361 612 544 613 543 613 361 613 361 614 543 614 542 614 361 615 542 615 549 615 549 616 548 616 361 616 361 617 548 617 547 617 361 618 547 618 673 618 369 619 371 619 673 619 673 620 371 620 372 620 673 621 372 621 361 621 343 622 346 622 674 622 674 623 346 623 348 623 674 624 348 624 350 624 547 625 344 625 673 625 673 626 344 626 343 626 673 627 343 627 369 627 369 628 343 628 674 628 369 629 674 629 367 629 350 630 352 630 674 630 674 631 352 631 365 631 674 632 365 632 367 632 675 633 391 633 393 633 406 634 676 634 404 634 404 635 676 635 402 635 406 636 408 636 676 636 676 637 408 637 411 637 676 638 411 638 413 638 393 639 394 639 675 639 675 640 394 640 402 640 675 641 402 641 417 641 417 642 402 642 676 642 417 643 676 643 415 643 415 644 676 644 413 644 417 645 419 645 675 645 675 646 419 646 526 646 675 647 526 647 391 647 391 648 526 648 533 648 391 649 533 649 395 649 395 650 533 650 532 650 395 651 532 651 396 651 532 652 531 652 396 652 396 653 531 653 530 653 396 654 530 654 537 654 537 655 536 655 396 655 396 656 536 656 535 656 396 657 535 657 677 657 400 658 399 658 677 658 677 659 399 659 398 659 677 660 398 660 396 660 340 661 385 661 678 661 678 662 385 662 384 662 678 663 384 663 390 663 535 664 341 664 677 664 677 665 341 665 340 665 677 666 340 666 400 666 400 667 340 667 678 667 400 668 678 668 401 668 390 669 389 669 678 669 678 670 389 670 387 670 678 671 387 671 401 671 305 672 307 672 679 672 668 673 670 673 680 673 680 674 670 674 681 674 682 675 329 675 683 675 683 676 329 676 680 676 683 677 680 677 684 677 684 678 680 678 681 678 668 679 680 679 666 679 666 680 680 680 685 680 666 681 685 681 664 681 664 682 685 682 662 682 662 683 685 683 686 683 662 684 686 684 660 684 660 685 686 685 658 685 658 686 686 686 687 686 658 687 687 687 688 687 689 688 690 688 691 688 691 689 690 689 692 689 691 690 692 690 687 690 687 691 692 691 693 691 687 692 693 692 688 692 694 693 691 693 695 693 695 219 691 219 696 219 695 694 696 694 697 694 694 695 698 695 691 695 691 696 698 696 699 696 691 697 699 697 700 697 700 698 701 698 691 698 691 699 701 699 702 699 691 700 702 700 689 700 703 701 704 701 310 701 310 702 309 702 703 702 703 703 309 703 705 703 703 704 705 704 696 704 696 705 705 705 706 705 696 706 706 706 697 706 679 707 307 707 707 707 307 708 308 708 707 708 707 709 308 709 313 709 707 710 313 710 704 710 704 711 313 711 312 711 704 712 312 712 310 712 328 713 708 713 679 713 679 714 708 714 709 714 679 715 709 715 305 715 325 716 324 716 710 716 711 717 333 717 712 717 712 718 333 718 713 718 712 719 713 719 653 719 653 720 713 720 652 720 652 721 713 721 651 721 651 722 713 722 714 722 651 723 714 723 654 723 654 724 714 724 655 724 655 725 714 725 715 725 655 726 715 726 656 726 656 727 715 727 657 727 657 728 715 728 716 728 657 729 716 729 717 729 718 730 719 730 720 730 720 731 719 731 721 731 720 732 721 732 716 732 716 733 721 733 722 733 716 734 722 734 717 734 723 735 720 735 724 735 724 100 720 100 725 100 724 736 725 736 726 736 723 737 727 737 720 737 720 738 727 738 728 738 720 739 728 739 729 739 729 740 730 740 720 740 720 741 730 741 731 741 720 742 731 742 718 742 732 743 733 743 317 743 317 744 316 744 732 744 732 745 316 745 734 745 732 746 734 746 725 746 725 747 734 747 735 747 725 748 735 748 726 748 710 749 324 749 736 749 324 750 322 750 736 750 736 751 322 751 320 751 736 752 320 752 733 752 733 753 320 753 318 753 733 754 318 754 317 754 336 755 737 755 710 755 710 756 737 756 738 756 710 757 738 757 739 757 739 758 740 758 710 758 710 759 740 759 741 759 710 760 741 760 325 760 742 761 743 761 744 761 745 762 746 762 747 762 747 763 746 763 748 763 748 764 749 764 747 764 747 765 749 765 337 765 747 766 337 766 338 766 505 767 504 767 750 767 750 768 504 768 751 768 750 769 751 769 747 769 747 770 751 770 752 770 747 771 752 771 745 771 505 772 750 772 508 772 508 773 750 773 753 773 508 774 753 774 512 774 512 775 753 775 514 775 514 776 753 776 754 776 514 777 754 777 516 777 501 778 502 778 755 778 755 779 502 779 519 779 755 780 519 780 754 780 754 781 519 781 518 781 754 782 518 782 516 782 450 783 501 783 442 783 442 784 501 784 755 784 442 785 755 785 561 785 561 786 755 786 756 786 561 787 756 787 557 787 557 788 756 788 757 788 557 789 757 789 558 789 558 790 757 790 758 790 558 791 758 791 550 791 550 792 758 792 759 792 550 793 759 793 551 793 551 794 759 794 760 794 744 795 743 795 759 795 759 796 743 796 761 796 759 797 761 797 760 797 339 798 762 798 744 798 744 799 762 799 763 799 744 800 763 800 742 800 764 801 765 801 766 801 766 802 765 802 767 802 766 803 767 803 330 803 554 804 768 804 769 804 769 805 768 805 770 805 769 806 770 806 766 806 766 807 770 807 771 807 766 808 771 808 764 808 772 809 446 809 773 809 773 810 446 810 559 810 773 811 559 811 774 811 774 812 559 812 560 812 774 813 560 813 775 813 775 814 560 814 556 814 775 815 556 815 769 815 769 816 556 816 555 816 769 817 555 817 554 817 493 818 491 818 776 818 776 819 491 819 490 819 776 820 490 820 772 820 772 821 490 821 488 821 772 822 488 822 446 822 446 823 488 823 487 823 446 824 487 824 444 824 777 825 778 825 484 825 484 826 480 826 777 826 777 827 480 827 478 827 777 828 478 828 776 828 776 829 478 829 494 829 776 830 494 830 493 830 779 831 780 831 778 831 778 832 780 832 482 832 778 833 482 833 484 833 781 834 782 834 779 834 779 835 782 835 783 835 779 836 783 836 780 836 779 837 331 837 332 837 781 838 779 838 784 838 784 839 779 839 332 839 784 840 332 840 785 840 315 841 786 841 316 841 316 842 786 842 787 842 589 843 588 843 788 843 788 844 588 844 787 844 788 845 787 845 789 845 789 846 787 846 786 846 790 847 731 847 730 847 787 848 588 848 587 848 316 849 787 849 791 849 316 850 791 850 734 850 734 851 791 851 792 851 734 852 792 852 735 852 735 853 792 853 793 853 735 854 793 854 726 854 793 855 794 855 726 855 726 856 794 856 795 856 726 857 795 857 724 857 724 858 795 858 796 858 724 859 796 859 723 859 723 860 796 860 797 860 723 861 797 861 727 861 727 862 797 862 798 862 727 863 798 863 728 863 728 864 798 864 799 864 728 865 799 865 729 865 729 866 799 866 800 866 729 867 800 867 730 867 730 868 800 868 801 868 730 869 801 869 790 869 790 870 802 870 731 870 731 871 802 871 803 871 731 872 803 872 718 872 718 873 803 873 804 873 718 874 804 874 719 874 719 875 804 875 805 875 719 876 805 876 721 876 787 877 587 877 791 877 791 878 587 878 586 878 791 879 586 879 792 879 792 880 586 880 585 880 792 881 585 881 793 881 793 882 585 882 593 882 793 883 593 883 794 883 794 884 593 884 595 884 794 885 595 885 795 885 795 886 595 886 599 886 795 887 599 887 796 887 796 888 599 888 598 888 796 889 598 889 797 889 797 890 598 890 597 890 797 891 597 891 798 891 798 892 597 892 602 892 798 893 602 893 799 893 799 894 602 894 601 894 799 895 601 895 800 895 800 896 601 896 600 896 800 897 600 897 801 897 801 898 600 898 603 898 801 899 603 899 790 899 790 900 603 900 596 900 790 901 596 901 802 901 802 902 596 902 594 902 802 903 594 903 803 903 803 904 594 904 592 904 803 905 592 905 804 905 804 906 592 906 591 906 804 907 591 907 805 907 805 908 591 908 590 908 805 909 590 909 806 909 806 910 590 910 584 910 806 911 584 911 807 911 721 912 805 912 722 912 722 913 805 913 806 913 722 914 806 914 717 914 717 915 806 915 807 915 717 916 807 916 657 916 616 917 657 917 617 917 617 917 657 917 807 917 617 918 807 918 583 918 583 919 807 919 584 919 309 920 311 920 808 920 808 920 311 920 621 920 808 921 621 921 568 921 568 922 621 922 569 922 809 923 702 923 701 923 808 924 568 924 567 924 309 925 808 925 810 925 309 926 810 926 705 926 705 927 810 927 811 927 705 928 811 928 706 928 706 929 811 929 812 929 706 930 812 930 697 930 812 931 813 931 697 931 697 932 813 932 814 932 697 933 814 933 695 933 695 934 814 934 815 934 695 935 815 935 694 935 694 936 815 936 816 936 694 937 816 937 698 937 698 938 816 938 817 938 698 939 817 939 699 939 699 940 817 940 818 940 699 941 818 941 700 941 700 942 818 942 819 942 700 943 819 943 701 943 701 944 819 944 820 944 701 945 820 945 809 945 809 946 821 946 702 946 702 947 821 947 822 947 702 948 822 948 689 948 689 949 822 949 823 949 689 950 823 950 690 950 690 951 823 951 824 951 690 952 824 952 692 952 808 953 567 953 810 953 810 954 567 954 566 954 810 955 566 955 811 955 811 956 566 956 565 956 811 957 565 957 812 957 812 958 565 958 572 958 812 959 572 959 813 959 813 960 572 960 574 960 813 961 574 961 814 961 814 962 574 962 578 962 814 963 578 963 815 963 815 964 578 964 577 964 815 965 577 965 816 965 816 966 577 966 576 966 816 967 576 967 817 967 817 968 576 968 581 968 817 969 581 969 818 969 818 970 581 970 580 970 818 971 580 971 819 971 819 972 580 972 579 972 819 973 579 973 820 973 820 974 579 974 582 974 820 975 582 975 809 975 809 976 582 976 575 976 809 977 575 977 821 977 821 978 575 978 573 978 821 979 573 979 822 979 822 980 573 980 571 980 822 981 571 981 823 981 823 982 571 982 570 982 823 983 570 983 824 983 824 984 570 984 564 984 824 985 564 985 825 985 825 986 564 986 563 986 825 987 563 987 826 987 692 988 824 988 693 988 693 989 824 989 825 989 693 990 825 990 688 990 688 991 825 991 826 991 688 992 826 992 658 992 659 993 658 993 827 993 827 994 658 994 826 994 827 995 826 995 828 995 828 996 826 996 829 996 829 997 826 997 563 997 829 998 563 998 562 998 332 999 52 999 785 999 785 1000 52 1000 784 1000 66 1001 830 1001 831 1001 782 1002 832 1002 783 1002 781 1003 784 1003 833 1003 784 1004 52 1004 53 1004 784 1005 53 1005 833 1005 833 1006 53 1006 54 1006 833 1007 54 1007 834 1007 834 1008 54 1008 50 1008 834 1009 50 1009 835 1009 50 1010 51 1010 835 1010 835 1011 51 1011 61 1011 835 1012 61 1012 836 1012 836 1013 61 1013 60 1013 836 1014 60 1014 837 1014 60 1015 59 1015 837 1015 837 1016 59 1016 58 1016 837 1017 58 1017 838 1017 838 1018 58 1018 57 1018 838 1019 57 1019 831 1019 831 1020 57 1020 64 1020 831 1021 64 1021 66 1021 66 1022 67 1022 830 1022 830 1023 67 1023 839 1023 830 1024 839 1024 840 1024 781 1025 833 1025 782 1025 782 1026 833 1026 834 1026 782 1027 834 1027 832 1027 832 1028 834 1028 835 1028 832 1029 835 1029 841 1029 841 1030 835 1030 836 1030 841 1031 836 1031 842 1031 842 1032 836 1032 837 1032 842 1033 837 1033 843 1033 843 1034 837 1034 838 1034 843 1035 838 1035 844 1035 844 1036 838 1036 831 1036 844 1037 831 1037 845 1037 845 1038 831 1038 830 1038 845 1039 830 1039 846 1039 846 1040 830 1040 840 1040 846 1041 840 1041 847 1041 783 1042 832 1042 780 1042 780 1043 832 1043 841 1043 780 1044 841 1044 482 1044 482 1045 841 1045 842 1045 482 1046 842 1046 483 1046 483 1047 842 1047 843 1047 483 1048 843 1048 485 1048 485 1049 843 1049 844 1049 485 1050 844 1050 486 1050 486 1051 844 1051 845 1051 486 1052 845 1052 481 1052 481 1053 845 1053 846 1053 481 1054 846 1054 479 1054 479 1055 846 1055 847 1055 479 1056 847 1056 477 1056 848 1057 849 1057 850 1057 851 1058 839 1058 67 1058 67 1059 68 1059 851 1059 851 1060 68 1060 73 1060 851 1061 73 1061 852 1061 852 1062 73 1062 74 1062 852 1063 74 1063 853 1063 853 1064 74 1064 77 1064 853 1065 77 1065 854 1065 854 1066 77 1066 86 1066 854 1067 86 1067 855 1067 856 1068 840 1068 839 1068 86 1069 85 1069 855 1069 855 1070 85 1070 857 1070 855 1071 857 1071 858 1071 839 1072 851 1072 856 1072 856 1073 851 1073 852 1073 856 1074 852 1074 859 1074 859 1075 852 1075 853 1075 859 1076 853 1076 860 1076 860 1077 853 1077 854 1077 860 1078 854 1078 861 1078 861 1079 854 1079 855 1079 861 1080 855 1080 862 1080 862 1081 855 1081 858 1081 862 1082 858 1082 863 1082 864 1083 847 1083 840 1083 840 1084 856 1084 864 1084 864 1085 856 1085 859 1085 864 1086 859 1086 865 1086 865 1087 859 1087 860 1087 865 1088 860 1088 866 1088 866 1089 860 1089 861 1089 866 1090 861 1090 867 1090 867 1091 861 1091 862 1091 867 1092 862 1092 850 1092 850 1093 862 1093 863 1093 850 1094 863 1094 848 1094 477 1095 847 1095 492 1095 492 1096 847 1096 864 1096 492 1097 864 1097 489 1097 489 1098 864 1098 865 1098 489 1099 865 1099 495 1099 495 1100 865 1100 866 1100 495 1101 866 1101 496 1101 496 1102 866 1102 867 1102 496 1103 867 1103 497 1103 497 1104 867 1104 500 1104 500 1105 867 1105 850 1105 500 1106 850 1106 499 1106 499 1107 850 1107 849 1107 499 1108 849 1108 498 1108 85 1109 83 1109 857 1109 857 1109 83 1109 868 1109 857 1110 868 1110 858 1110 858 1111 868 1111 869 1111 858 1112 869 1112 863 1112 863 1113 869 1113 870 1113 863 1114 870 1114 848 1114 848 1115 870 1115 871 1115 848 1116 871 1116 849 1116 849 1117 871 1117 872 1117 849 1118 872 1118 498 1118 498 1119 872 1119 630 1119 873 1120 874 1120 875 1120 876 1121 631 1121 630 1121 874 1122 629 1122 649 1122 874 1123 649 1123 875 1123 875 1124 649 1124 650 1124 875 1125 650 1125 877 1125 650 1126 648 1126 877 1126 877 1127 648 1127 647 1127 877 1128 647 1128 878 1128 647 1129 646 1129 878 1129 878 1130 646 1130 645 1130 878 1131 645 1131 879 1131 879 1132 645 1132 642 1132 879 1133 642 1133 880 1133 642 1134 643 1134 880 1134 880 1135 643 1135 644 1135 880 1136 644 1136 881 1136 644 1137 641 1137 881 1137 881 1138 641 1138 640 1138 881 1139 640 1139 882 1139 882 1140 640 1140 637 1140 882 1141 637 1141 883 1141 883 1142 637 1142 638 1142 883 1143 638 1143 884 1143 884 1144 638 1144 639 1144 639 1145 636 1145 884 1145 884 1146 636 1146 635 1146 884 1147 635 1147 885 1147 885 1148 635 1148 632 1148 885 1149 632 1149 886 1149 886 1150 632 1150 633 1150 886 1151 633 1151 876 1151 876 1152 633 1152 634 1152 876 1153 634 1153 631 1153 887 1154 888 1154 889 1154 889 1155 888 1155 873 1155 873 1156 875 1156 889 1156 889 1157 875 1157 877 1157 889 1158 877 1158 890 1158 890 1159 877 1159 878 1159 890 1160 878 1160 891 1160 891 1161 878 1161 879 1161 891 1162 879 1162 892 1162 892 1163 879 1163 880 1163 892 1164 880 1164 893 1164 893 1165 880 1165 881 1165 893 1166 881 1166 894 1166 894 1167 881 1167 882 1167 894 1168 882 1168 895 1168 895 1169 882 1169 883 1169 895 1170 883 1170 896 1170 896 1171 883 1171 884 1171 896 1172 884 1172 897 1172 897 1173 884 1173 885 1173 897 1174 885 1174 898 1174 898 1175 885 1175 886 1175 898 1176 886 1176 899 1176 899 1177 886 1177 876 1177 899 1178 876 1178 900 1178 81 1179 901 1179 902 1179 902 1180 901 1180 887 1180 630 1181 872 1181 876 1181 876 1182 872 1182 871 1182 876 1183 871 1183 900 1183 900 1184 871 1184 870 1184 900 1185 870 1185 869 1185 887 1186 889 1186 902 1186 902 1187 889 1187 890 1187 902 1188 890 1188 903 1188 903 1189 890 1189 891 1189 903 1190 891 1190 904 1190 904 1191 891 1191 892 1191 904 1192 892 1192 905 1192 905 1193 892 1193 893 1193 905 1194 893 1194 906 1194 906 1195 893 1195 894 1195 906 1196 894 1196 907 1196 907 1197 894 1197 895 1197 907 1198 895 1198 908 1198 908 1199 895 1199 896 1199 908 1200 896 1200 909 1200 909 1201 896 1201 897 1201 909 1202 897 1202 910 1202 910 1203 897 1203 898 1203 910 1204 898 1204 911 1204 911 1205 898 1205 899 1205 911 1206 899 1206 912 1206 912 1207 899 1207 900 1207 912 1208 900 1208 913 1208 913 1209 900 1209 869 1209 913 1210 869 1210 868 1210 81 1211 902 1211 91 1211 91 1212 902 1212 903 1212 91 1213 903 1213 92 1213 92 1214 903 1214 904 1214 92 1215 904 1215 90 1215 90 1216 904 1216 905 1216 90 1217 905 1217 89 1217 89 1218 905 1218 906 1218 89 1219 906 1219 87 1219 87 1220 906 1220 907 1220 87 1221 907 1221 88 1221 88 1222 907 1222 908 1222 88 1223 908 1223 94 1223 94 1224 908 1224 909 1224 94 1225 909 1225 93 1225 93 1226 909 1226 910 1226 93 1227 910 1227 95 1227 95 1228 910 1228 911 1228 95 1229 911 1229 79 1229 79 1230 911 1230 912 1230 79 1231 912 1231 80 1231 80 1232 912 1232 913 1232 80 1233 913 1233 82 1233 82 1234 913 1234 868 1234 82 1235 868 1235 83 1235 81 1236 84 1236 901 1236 901 1236 84 1236 914 1236 901 1237 914 1237 887 1237 887 1238 914 1238 915 1238 887 1239 915 1239 888 1239 888 1240 915 1240 916 1240 888 1241 916 1241 873 1241 873 1242 916 1242 917 1242 873 1243 917 1243 874 1243 874 1244 917 1244 918 1244 874 1245 918 1245 629 1245 629 1246 918 1246 525 1246 71 1247 70 1247 919 1247 84 1248 78 1248 914 1248 914 1249 78 1249 920 1249 525 1250 918 1250 921 1250 921 1251 918 1251 917 1251 921 1252 917 1252 922 1252 922 1253 917 1253 916 1253 922 1254 916 1254 920 1254 920 1255 916 1255 915 1255 920 1256 915 1256 914 1256 76 1257 75 1257 923 1257 923 1258 75 1258 924 1258 923 1259 924 1259 925 1259 925 1260 924 1260 926 1260 925 1261 926 1261 927 1261 927 1262 926 1262 928 1262 75 1263 72 1263 924 1263 924 1264 72 1264 929 1264 924 1265 929 1265 926 1265 926 1266 929 1266 930 1266 926 1267 930 1267 928 1267 928 1268 930 1268 931 1268 72 1269 71 1269 929 1269 929 1270 71 1270 932 1270 929 1271 932 1271 930 1271 930 1272 932 1272 933 1272 930 1273 933 1273 931 1273 931 1274 933 1274 934 1274 522 1275 523 1275 921 1275 921 1276 523 1276 524 1276 921 1277 524 1277 525 1277 78 1278 76 1278 920 1278 920 1279 76 1279 923 1279 920 1280 923 1280 922 1280 922 1281 923 1281 925 1281 922 1282 925 1282 921 1282 921 1283 925 1283 927 1283 921 1284 927 1284 522 1284 522 1285 927 1285 928 1285 522 1286 928 1286 521 1286 521 1287 928 1287 931 1287 521 1288 931 1288 520 1288 934 1289 515 1289 931 1289 931 1290 515 1290 517 1290 931 1291 517 1291 520 1291 71 1292 919 1292 932 1292 932 1293 919 1293 935 1293 932 1294 935 1294 933 1294 933 1295 935 1295 936 1295 933 1296 936 1296 934 1296 934 1297 936 1297 513 1297 934 1298 513 1298 515 1298 935 1299 919 1299 937 1299 504 1300 938 1300 939 1300 938 1301 504 1301 940 1301 745 1302 752 1302 939 1302 939 1303 752 1303 751 1303 939 1304 751 1304 504 1304 941 1305 748 1305 746 1305 108 1306 748 1306 109 1306 109 1307 748 1307 941 1307 109 1308 941 1308 942 1308 919 1309 70 1309 102 1309 919 1310 102 1310 937 1310 937 1311 102 1311 103 1311 937 1312 103 1312 943 1312 943 1313 103 1313 100 1313 943 1314 100 1314 944 1314 944 1315 100 1315 107 1315 944 1316 107 1316 945 1316 945 1317 107 1317 106 1317 945 1318 106 1318 946 1318 946 1319 106 1319 105 1319 946 1320 105 1320 947 1320 504 1321 503 1321 940 1321 940 1322 503 1322 510 1322 940 1323 510 1323 948 1323 948 1324 510 1324 509 1324 948 1325 509 1325 949 1325 949 1326 509 1326 507 1326 949 1327 507 1327 950 1327 950 1328 507 1328 506 1328 950 1329 506 1329 951 1329 951 1330 506 1330 511 1330 951 1331 511 1331 952 1331 952 1332 511 1332 513 1332 952 1333 513 1333 936 1333 746 1334 745 1334 941 1334 941 1335 745 1335 939 1335 941 1336 939 1336 942 1336 942 1337 939 1337 938 1337 942 1338 938 1338 953 1338 953 1339 938 1339 940 1339 953 1340 940 1340 947 1340 947 1341 940 1341 948 1341 947 1342 948 1342 946 1342 946 1343 948 1343 949 1343 946 1344 949 1344 945 1344 945 1345 949 1345 950 1345 945 1346 950 1346 944 1346 944 1347 950 1347 951 1347 944 1348 951 1348 943 1348 943 1349 951 1349 952 1349 943 1350 952 1350 937 1350 937 1351 952 1351 936 1351 937 1352 936 1352 935 1352 105 1353 104 1353 947 1353 947 1354 104 1354 112 1354 947 1355 112 1355 953 1355 953 1356 112 1356 111 1356 953 1357 111 1357 942 1357 942 1358 111 1358 110 1358 942 1359 110 1359 109 1359 748 1360 108 1360 749 1360 749 1361 108 1361 337 1361 336 1361 191 1361 737 1361 737 1362 191 1362 954 1362 737 1363 954 1363 738 1363 741 1364 740 1364 955 1364 954 1365 956 1365 738 1365 738 1366 956 1366 739 1366 741 1367 955 1367 325 1367 954 1368 191 1368 190 1368 954 1369 190 1369 956 1369 956 1370 190 1370 192 1370 956 1371 192 1371 957 1371 957 1372 192 1372 195 1372 957 1373 195 1373 958 1373 958 1374 195 1374 196 1374 958 1375 196 1375 959 1375 959 1376 196 1376 198 1376 959 1377 198 1377 960 1377 739 1378 956 1378 740 1378 740 1379 956 1379 957 1379 740 1380 957 1380 955 1380 955 1381 957 1381 958 1381 955 1382 958 1382 961 1382 961 1383 958 1383 959 1383 961 1384 959 1384 962 1384 962 1385 959 1385 960 1385 962 1386 960 1386 963 1386 325 1387 955 1387 323 1387 323 1388 955 1388 961 1388 323 1389 961 1389 321 1389 321 1390 961 1390 962 1390 321 1391 962 1391 319 1391 319 1392 962 1392 963 1392 319 1393 963 1393 314 1393 315 1394 314 1394 964 1394 964 1395 314 1395 963 1395 964 1396 963 1396 965 1396 965 1397 963 1397 966 1397 966 1398 963 1398 960 1398 966 1399 960 1399 967 1399 967 1400 960 1400 968 1400 968 1401 960 1401 198 1401 968 1402 198 1402 209 1402 969 1403 214 1403 216 1403 209 1404 210 1404 968 1404 968 1405 210 1405 970 1405 315 1406 964 1406 971 1406 971 1407 964 1407 965 1407 971 1408 965 1408 972 1408 972 1409 965 1409 966 1409 972 1410 966 1410 970 1410 970 1411 966 1411 967 1411 970 1412 967 1412 968 1412 216 1413 973 1413 969 1413 969 1414 973 1414 974 1414 969 1415 974 1415 975 1415 975 1416 974 1416 976 1416 975 1417 976 1417 977 1417 977 1418 976 1418 978 1418 977 1419 978 1419 979 1419 788 1420 789 1420 971 1420 971 1421 789 1421 786 1421 971 1422 786 1422 315 1422 210 1423 214 1423 970 1423 970 1424 214 1424 969 1424 970 1425 969 1425 972 1425 972 1426 969 1426 975 1426 972 1427 975 1427 971 1427 971 1428 975 1428 977 1428 971 1429 977 1429 788 1429 788 1430 977 1430 979 1430 788 1431 979 1431 589 1431 216 1432 232 1432 973 1432 973 1433 232 1433 980 1433 973 1434 980 1434 974 1434 974 1435 980 1435 981 1435 974 1436 981 1436 976 1436 976 1437 981 1437 982 1437 976 1438 982 1438 978 1438 978 1439 982 1439 983 1439 978 1440 983 1440 979 1440 979 1441 983 1441 984 1441 979 1442 984 1442 589 1442 589 1443 984 1443 541 1443 232 1444 205 1444 980 1444 980 1445 205 1445 985 1445 986 1446 983 1446 987 1446 987 1447 983 1447 982 1447 987 1448 982 1448 985 1448 985 1449 982 1449 981 1449 985 1450 981 1450 980 1450 546 1451 541 1451 986 1451 986 1452 541 1452 984 1452 986 1453 984 1453 983 1453 205 1454 213 1454 985 1454 985 1455 213 1455 988 1455 985 1456 988 1456 987 1456 987 1457 988 1457 989 1457 987 1458 989 1458 986 1458 986 1459 989 1459 990 1459 986 1460 990 1460 546 1460 546 1461 990 1461 345 1461 203 1462 991 1462 992 1462 991 1463 993 1463 994 1463 993 1464 995 1464 996 1464 995 1465 418 1465 416 1465 995 1466 416 1466 996 1466 996 1467 416 1467 414 1467 996 1468 414 1468 997 1468 414 1469 412 1469 997 1469 997 1470 412 1470 410 1470 997 1471 410 1471 998 1471 410 1472 409 1472 998 1472 998 1473 409 1473 407 1473 998 1474 407 1474 999 1474 999 1475 407 1475 405 1475 999 1476 405 1476 1000 1476 1000 1477 405 1477 403 1477 1000 1478 403 1478 1001 1478 1001 1479 403 1479 392 1479 392 1480 438 1480 1001 1480 1001 1481 438 1481 439 1481 1001 1482 439 1482 1002 1482 1002 1483 439 1483 436 1483 1002 1484 436 1484 1003 1484 1003 1485 436 1485 435 1485 1003 1486 435 1486 1004 1486 435 1487 433 1487 1004 1487 1004 1488 433 1488 432 1488 1004 1489 432 1489 1005 1489 432 1490 430 1490 1005 1490 1005 1491 430 1491 429 1491 1005 1492 429 1492 1006 1492 1006 1493 429 1493 425 1493 1006 1494 425 1494 1007 1494 1007 1495 425 1495 427 1495 1007 1496 427 1496 1008 1496 1008 1497 427 1497 428 1497 428 1498 423 1498 1008 1498 1008 1499 423 1499 422 1499 1008 1500 422 1500 1009 1500 1009 1501 422 1501 420 1501 1009 1502 420 1502 1010 1502 1010 1503 420 1503 362 1503 1010 1504 362 1504 1011 1504 362 1505 370 1505 1011 1505 1011 1506 370 1506 368 1506 1011 1507 368 1507 1012 1507 368 1508 366 1508 1012 1508 1012 1509 366 1509 364 1509 1012 1510 364 1510 1013 1510 1013 1511 364 1511 363 1511 1013 1512 363 1512 1014 1512 1014 1513 363 1513 351 1513 1014 1514 351 1514 1015 1514 1015 1515 351 1515 349 1515 349 1516 347 1516 1015 1516 1015 1517 347 1517 345 1517 1015 1518 345 1518 990 1518 993 1519 996 1519 994 1519 994 1520 996 1520 997 1520 994 1521 997 1521 1016 1521 1016 1522 997 1522 998 1522 1016 1523 998 1523 1017 1523 1017 1524 998 1524 999 1524 1017 1525 999 1525 1018 1525 1018 1526 999 1526 1000 1526 1018 1527 1000 1527 1019 1527 1019 1528 1000 1528 1001 1528 1019 1529 1001 1529 1020 1529 1020 1530 1001 1530 1002 1530 1020 1531 1002 1531 1021 1531 1021 1532 1002 1532 1003 1532 1021 1533 1003 1533 1022 1533 1022 1534 1003 1534 1004 1534 1022 1535 1004 1535 1023 1535 1023 1536 1004 1536 1005 1536 1023 1537 1005 1537 1024 1537 1024 1538 1005 1538 1006 1538 1024 1539 1006 1539 1025 1539 1025 1540 1006 1540 1007 1540 1025 1541 1007 1541 1026 1541 1026 1542 1007 1542 1008 1542 1026 1543 1008 1543 1027 1543 1027 1544 1008 1544 1009 1544 1027 1545 1009 1545 1028 1545 1028 1546 1009 1546 1010 1546 1028 1547 1010 1547 1029 1547 1029 1548 1010 1548 1011 1548 1029 1549 1011 1549 1030 1549 1030 1550 1011 1550 1012 1550 1030 1551 1012 1551 1031 1551 1031 1552 1012 1552 1013 1552 1031 1553 1013 1553 1032 1553 1032 1554 1013 1554 1014 1554 1032 1555 1014 1555 1033 1555 1033 1556 1014 1556 1015 1556 1033 1557 1015 1557 1034 1557 1034 1558 1015 1558 990 1558 1034 1559 990 1559 989 1559 991 1560 994 1560 992 1560 992 1561 994 1561 1016 1561 992 1562 1016 1562 1035 1562 1035 1563 1016 1563 1017 1563 1035 1564 1017 1564 1036 1564 1036 1565 1017 1565 1018 1565 1036 1566 1018 1566 1037 1566 1037 1567 1018 1567 1019 1567 1037 1568 1019 1568 1038 1568 1038 1569 1019 1569 1020 1569 1038 1570 1020 1570 1039 1570 1039 1571 1020 1571 1021 1571 1039 1572 1021 1572 1040 1572 1040 1573 1021 1573 1022 1573 1040 1574 1022 1574 1041 1574 1041 1575 1022 1575 1023 1575 1041 1576 1023 1576 1042 1576 1042 1577 1023 1577 1024 1577 1042 1578 1024 1578 1043 1578 1043 1579 1024 1579 1025 1579 1043 1580 1025 1580 1044 1580 1044 1581 1025 1581 1026 1581 1044 1582 1026 1582 1045 1582 1045 1583 1026 1583 1027 1583 1045 1584 1027 1584 1046 1584 1046 1585 1027 1585 1028 1585 1046 1586 1028 1586 1047 1586 1047 1587 1028 1587 1029 1587 1047 1588 1029 1588 1048 1588 1048 1589 1029 1589 1030 1589 1048 1590 1030 1590 1049 1590 1049 1591 1030 1591 1031 1591 1049 1592 1031 1592 1050 1592 1050 1593 1031 1593 1032 1593 1050 1594 1032 1594 1051 1594 1051 1595 1032 1595 1033 1595 1051 1596 1033 1596 1052 1596 1052 1597 1033 1597 1034 1597 1052 1598 1034 1598 1053 1598 1053 1599 1034 1599 989 1599 1053 1600 989 1600 988 1600 203 1601 992 1601 204 1601 204 1602 992 1602 1035 1602 204 1603 1035 1603 217 1603 217 1604 1035 1604 1036 1604 217 1605 1036 1605 211 1605 211 1606 1036 1606 1037 1606 211 1607 1037 1607 212 1607 212 1608 1037 1608 1038 1608 212 1609 1038 1609 222 1609 222 1610 1038 1610 1039 1610 222 1611 1039 1611 223 1611 223 1612 1039 1612 1040 1612 223 1613 1040 1613 224 1613 224 1614 1040 1614 1041 1614 224 1615 1041 1615 225 1615 225 1616 1041 1616 1042 1616 225 1617 1042 1617 226 1617 226 1618 1042 1618 1043 1618 226 1619 1043 1619 227 1619 227 1620 1043 1620 1044 1620 227 1621 1044 1621 228 1621 228 1622 1044 1622 1045 1622 228 1623 1045 1623 229 1623 229 1624 1045 1624 1046 1624 229 1625 1046 1625 218 1625 218 1626 1046 1626 1047 1626 218 1627 1047 1627 219 1627 219 1628 1047 1628 1048 1628 219 1629 1048 1629 220 1629 220 1630 1048 1630 1049 1630 220 1631 1049 1631 221 1631 221 1632 1049 1632 1050 1632 221 1633 1050 1633 230 1633 230 1634 1050 1634 1051 1634 230 1635 1051 1635 231 1635 231 1636 1051 1636 1052 1636 231 1637 1052 1637 235 1637 235 1638 1052 1638 1053 1638 235 1639 1053 1639 236 1639 236 1640 1053 1640 988 1640 236 1641 988 1641 213 1641 1054 1642 234 1642 233 1642 233 1643 1055 1643 1054 1643 1054 1644 1055 1644 1056 1644 1054 1645 1056 1645 1057 1645 1057 1646 1056 1646 1058 1646 1057 1647 1058 1647 1059 1647 203 1648 234 1648 991 1648 991 1649 234 1649 1054 1649 991 1650 1054 1650 993 1650 993 1651 1054 1651 1057 1651 993 1652 1057 1652 995 1652 995 1653 1057 1653 1059 1653 995 1654 1059 1654 418 1654 418 1655 1059 1655 527 1655 1058 1656 1060 1656 1059 1656 1059 1657 1060 1657 1061 1657 1059 1658 1061 1658 527 1658 527 1659 1061 1659 528 1659 233 1660 215 1660 1055 1660 1055 1661 215 1661 1062 1661 1055 1662 1062 1662 1056 1662 1056 1663 1062 1663 1063 1663 1056 1664 1063 1664 1058 1664 1058 1665 1063 1665 1064 1665 1058 1666 1064 1666 1060 1666 1060 1667 1064 1667 1065 1667 1060 1668 1065 1668 1061 1668 1061 1669 1065 1669 1066 1669 1061 1670 1066 1670 528 1670 528 1671 1066 1671 562 1671 1067 1672 207 1672 206 1672 215 1673 208 1673 1062 1673 1062 1674 208 1674 1068 1674 1069 1675 1065 1675 1070 1675 1070 1676 1065 1676 1064 1676 1070 1677 1064 1677 1068 1677 1068 1678 1064 1678 1063 1678 1068 1679 1063 1679 1062 1679 208 1680 207 1680 1068 1680 1068 1681 207 1681 1067 1681 1068 1682 1067 1682 1070 1682 1070 1683 1067 1683 1071 1683 1070 1684 1071 1684 1069 1684 1069 1685 1071 1685 1072 1685 206 1686 1073 1686 1067 1686 1067 1687 1073 1687 1074 1687 1067 1688 1074 1688 1071 1688 1071 1689 1074 1689 1075 1689 1071 1690 1075 1690 1072 1690 1072 1691 1075 1691 1076 1691 1072 1692 1076 1692 1077 1692 829 1693 562 1693 1069 1693 1069 1694 562 1694 1066 1694 1069 1695 1066 1695 1065 1695 829 1696 1069 1696 828 1696 828 1697 1069 1697 1072 1697 828 1698 1072 1698 827 1698 827 1699 1072 1699 1077 1699 827 1700 1077 1700 659 1700 659 1701 1077 1701 661 1701 661 1702 1077 1702 1078 1702 1077 1703 1076 1703 1078 1703 1078 1704 1076 1704 1075 1704 1078 1705 1075 1705 1079 1705 206 1706 202 1706 1073 1706 1073 1707 202 1707 1079 1707 1073 1708 1079 1708 1074 1708 1074 1709 1079 1709 1075 1709 683 1710 684 1710 1080 1710 1080 1711 684 1711 681 1711 246 1712 1081 1712 1082 1712 1082 1713 1081 1713 683 1713 661 1714 1078 1714 1083 1714 245 1715 1084 1715 244 1715 244 1716 1084 1716 1085 1716 244 1717 1085 1717 240 1717 240 1718 1085 1718 1086 1718 240 1719 1086 1719 241 1719 241 1720 1086 1720 1079 1720 241 1721 1079 1721 202 1721 683 1722 1080 1722 1082 1722 1082 1723 1080 1723 1087 1723 1082 1724 1087 1724 1084 1724 1084 1725 1087 1725 1088 1725 1084 1726 1088 1726 1085 1726 1085 1727 1088 1727 1083 1727 1085 1728 1083 1728 1086 1728 1086 1729 1083 1729 1078 1729 1086 1730 1078 1730 1079 1730 661 1731 1083 1731 663 1731 663 1732 1083 1732 1088 1732 663 1733 1088 1733 665 1733 665 1734 1088 1734 1087 1734 665 1735 1087 1735 667 1735 667 1736 1087 1736 1080 1736 667 1737 1080 1737 669 1737 669 1738 1080 1738 681 1738 669 1739 681 1739 670 1739 245 1740 249 1740 1084 1740 1084 1741 249 1741 248 1741 1084 1742 248 1742 1082 1742 1082 1743 248 1743 247 1743 1082 1744 247 1744 246 1744 246 1745 329 1745 1081 1745 1081 1746 329 1746 682 1746 1081 1747 682 1747 683 1747 335 1748 604 1748 742 1748 742 1749 763 1749 335 1749 335 1750 763 1750 762 1750 335 1751 762 1751 339 1751 610 1752 552 1752 551 1752 551 1753 760 1753 610 1753 610 1754 760 1754 761 1754 610 1755 761 1755 604 1755 604 1756 761 1756 743 1756 604 1757 743 1757 742 1757 554 1758 553 1758 768 1758 768 1759 553 1759 605 1759 607 1760 771 1760 605 1760 605 1761 771 1761 770 1761 605 1762 770 1762 768 1762 330 1763 767 1763 326 1763 326 1764 767 1764 765 1764 326 1765 765 1765 607 1765 607 1766 765 1766 764 1766 607 1767 764 1767 771 1767 708 1768 328 1768 327 1768 708 1769 327 1769 709 1769 327 1770 606 1770 709 1770 709 1771 606 1771 306 1771 709 1772 306 1772 305 1772 615 1773 614 1773 653 1773 653 1774 614 1774 712 1774 712 1775 614 1775 711 1775 711 1776 614 1776 334 1776 711 1777 334 1777 333 1777 772 1778 773 1778 774 1778 766 3 330 3 331 3 776 3 772 3 766 3 766 1779 772 1779 774 1779 766 3 774 3 769 3 769 1780 774 1780 775 1780 777 3 776 3 778 3 778 3 776 3 766 3 778 1781 766 1781 779 1781 779 1782 766 1782 331 1782 753 3 744 3 754 3 754 1783 744 1783 759 1783 754 1784 759 1784 758 1784 338 3 339 3 747 3 747 1785 339 1785 744 1785 747 3 744 3 750 3 750 1786 744 1786 753 1786 758 1787 757 1787 754 1787 754 1788 757 1788 756 1788 754 1789 756 1789 755 1789 713 3 333 3 336 3 713 1790 732 1790 725 1790 715 3 714 3 716 3 716 1791 714 1791 713 1791 716 3 713 3 720 3 720 3 713 3 725 3 733 3 732 3 736 3 736 3 732 3 713 3 736 3 713 3 710 3 710 3 713 3 336 3 696 3 691 3 687 3 679 3 687 3 686 3 679 1792 707 1792 704 1792 329 3 328 3 680 3 680 3 328 3 679 3 680 3 679 3 685 3 685 3 679 3 686 3 687 3 679 3 696 3 696 1793 679 1793 704 1793 696 3 704 3 703 3 1089 1794 451 1794 1090 1794 1090 1795 451 1795 453 1795 1090 1796 453 1796 1091 1796 1091 1797 453 1797 455 1797 1091 1798 455 1798 1092 1798 1092 1799 455 1799 457 1799 1092 1800 457 1800 1093 1800 1093 1801 457 1801 459 1801 1093 1802 459 1802 1094 1802 1094 1802 459 1802 461 1802 1094 1803 461 1803 1095 1803 1095 1804 461 1804 441 1804 1095 1805 441 1805 1096 1805 1096 1806 441 1806 440 1806 1096 3 440 3 1097 3 1097 3 440 3 443 3 1097 1807 443 1807 1098 1807 1098 1808 443 1808 464 1808 1098 1809 464 1809 1099 1809 1099 1810 464 1810 466 1810 1099 1811 466 1811 1100 1811 1100 1811 466 1811 468 1811 1100 1812 468 1812 1101 1812 1101 1813 468 1813 470 1813 1101 1814 470 1814 1102 1814 1102 1815 470 1815 472 1815 1102 1816 472 1816 1103 1816 1103 1817 472 1817 474 1817 1103 1818 474 1818 1089 1818 1089 1819 474 1819 451 1819 1102 159 1103 159 1104 159 1104 159 1103 159 1089 159 1104 159 1089 159 1090 159 1099 159 1100 159 1104 159 1104 159 1100 159 1101 159 1104 159 1101 159 1102 159 1096 159 1097 159 1104 159 1104 159 1097 159 1098 159 1104 159 1098 159 1099 159 1093 159 1094 159 1104 159 1104 159 1094 159 1095 159 1104 159 1095 159 1096 159 1090 1820 1091 1820 1104 1820 1104 159 1091 159 1092 159 1104 159 1092 159 1093 159 1105 1821 609 1821 1106 1821 1106 1822 609 1822 608 1822 1106 1823 608 1823 1107 1823 1107 1824 608 1824 611 1824 1107 1825 611 1825 1108 1825 1108 1826 611 1826 612 1826 1108 1827 612 1827 1109 1827 1109 1828 612 1828 613 1828 1109 1829 613 1829 1110 1829 1110 1829 613 1829 627 1829 1110 1830 627 1830 1111 1830 1111 1831 627 1831 624 1831 1111 1832 624 1832 1112 1832 1112 1833 624 1833 625 1833 1112 0 625 0 1113 0 1113 0 625 0 626 0 1113 1834 626 1834 1114 1834 1114 1835 626 1835 628 1835 1114 1836 628 1836 1115 1836 1115 1837 628 1837 622 1837 1115 1838 622 1838 1116 1838 1116 1838 622 1838 623 1838 1116 1839 623 1839 1117 1839 1117 1840 623 1840 619 1840 1117 1841 619 1841 1118 1841 1118 1842 619 1842 618 1842 1118 1843 618 1843 1119 1843 1119 1844 618 1844 620 1844 1119 1845 620 1845 1105 1845 1105 1846 620 1846 609 1846 1118 1847 1119 1847 1120 1847 1120 1848 1119 1848 1105 1848 1120 1849 1105 1849 1106 1849 1115 1850 1116 1850 1120 1850 1120 1851 1116 1851 1117 1851 1120 47 1117 47 1118 47 1112 47 1113 47 1120 47 1120 1852 1113 1852 1114 1852 1120 47 1114 47 1115 47 1109 47 1110 47 1120 47 1120 47 1110 47 1111 47 1120 1853 1111 1853 1112 1853 1106 1854 1107 1854 1120 1854 1120 47 1107 47 1108 47 1120 1855 1108 1855 1109 1855 1121 1856 1122 1856 1123 1856 1123 1857 1122 1857 1124 1857 1123 1858 1124 1858 1125 1858 1125 1859 1124 1859 1126 1859 1125 1860 1126 1860 1127 1860 1127 1861 1126 1861 1128 1861 1127 1862 1128 1862 1129 1862 1129 1863 1128 1863 1130 1863 1129 1864 1130 1864 1131 1864 1131 1865 1130 1865 1132 1865 1132 1866 1130 1866 1133 1866 1132 1867 1133 1867 1134 1867 1134 1868 1133 1868 1135 1868 1134 1869 1135 1869 137 1869 137 1870 1135 1870 1136 1870 137 1871 1136 1871 136 1871 136 1872 1136 1872 1137 1872 136 1873 1137 1873 135 1873 1138 1874 1139 1874 1140 1874 1141 1875 1142 1875 1143 1875 1143 1876 1142 1876 1144 1876 1141 1877 1143 1877 1139 1877 1139 1878 1143 1878 1145 1878 1139 1879 1145 1879 1140 1879 171 1880 172 1880 1146 1880 171 1881 1146 1881 170 1881 170 1882 1146 1882 1147 1882 170 1883 1147 1883 1148 1883 1149 1884 1150 1884 1151 1884 1138 1885 1140 1885 1151 1885 1151 1886 1140 1886 1152 1886 1151 1887 1152 1887 1149 1887 1148 1888 1147 1888 1150 1888 1150 1889 1147 1889 1153 1889 1150 1890 1153 1890 1151 1890 1154 1891 1155 1891 1156 1891 1156 1892 1155 1892 1157 1892 1158 1893 1159 1893 1160 1893 1160 1894 1159 1894 1161 1894 1160 1895 1161 1895 1155 1895 1155 1896 1161 1896 1162 1896 1155 1897 1162 1897 1157 1897 1163 1898 1164 1898 1165 1898 1165 1899 1166 1899 1163 1899 1163 1900 1166 1900 1167 1900 1163 1901 1167 1901 1168 1901 1168 1902 1167 1902 1169 1902 1168 1903 1169 1903 1170 1903 1170 1904 1169 1904 1171 1904 1170 1905 1171 1905 1172 1905 1172 1906 1171 1906 1173 1906 1172 1907 1173 1907 1174 1907 1175 159 267 159 1176 159 1176 1908 267 1908 7 1908 1176 159 7 159 1148 159 1148 159 7 159 6 159 1148 159 6 159 170 159 32 47 1177 47 22 47 22 1909 1177 1909 1178 1909 22 47 1178 47 23 47 23 47 1178 47 1134 47 23 47 1134 47 137 47 1179 1910 1180 1910 1181 1910 1182 1911 1183 1911 1184 1911 1182 1912 1184 1912 1185 1912 1185 1913 1184 1913 1186 1913 1185 1914 1186 1914 1187 1914 1187 1915 1186 1915 1188 1915 1187 1916 1188 1916 1189 1916 1189 1917 1188 1917 1190 1917 1189 1918 1190 1918 1191 1918 1192 1919 1193 1919 1194 1919 1192 1920 1194 1920 1195 1920 1196 1921 1197 1921 1194 1921 1194 1922 1197 1922 1198 1922 1194 1923 1198 1923 1195 1923 1190 1924 1199 1924 1191 1924 1191 1925 1199 1925 1200 1925 1191 1926 1200 1926 1201 1926 1201 1927 1200 1927 1202 1927 1201 1928 1202 1928 1203 1928 1203 1929 1202 1929 1204 1929 1203 1930 1204 1930 1205 1930 1205 1931 1204 1931 1206 1931 1205 1932 1206 1932 1207 1932 1207 1933 1206 1933 1208 1933 1207 1934 1208 1934 1209 1934 1209 1935 1208 1935 1193 1935 1210 1936 1211 1936 1212 1936 1212 1937 1211 1937 1213 1937 1212 1938 1213 1938 1196 1938 1196 1939 1213 1939 1214 1939 1196 1940 1214 1940 1197 1940 1215 1941 1216 1941 1217 1941 1217 1942 1216 1942 1218 1942 1217 1943 1218 1943 1210 1943 1210 1944 1218 1944 1219 1944 1210 1945 1219 1945 1211 1945 1220 1946 1221 1946 1181 1946 1181 1947 1221 1947 1222 1947 1181 1948 1222 1948 1179 1948 1223 1949 1224 1949 1225 1949 1225 1950 1224 1950 1226 1950 1225 1951 1226 1951 1220 1951 1220 1952 1226 1952 1227 1952 1220 1953 1227 1953 1221 1953 1228 1954 1229 1954 1230 1954 1231 1955 1232 1955 1233 1955 1233 1956 1232 1956 1234 1956 1229 1957 1235 1957 1230 1957 1230 1958 1235 1958 1236 1958 1230 1959 1236 1959 1223 1959 1223 1960 1236 1960 1237 1960 1223 1961 1237 1961 1224 1961 1234 1962 1232 1962 1238 1962 1238 1963 1232 1963 1239 1963 1238 1964 1239 1964 1240 1964 1240 1965 1239 1965 1241 1965 1240 1966 1241 1966 1242 1966 1242 1967 1241 1967 1243 1967 1242 1968 1243 1968 1244 1968 1243 1969 1245 1969 1244 1969 1244 1970 1245 1970 1246 1970 1244 1971 1246 1971 1247 1971 1247 1972 1246 1972 1248 1972 1247 1973 1248 1973 1249 1973 1249 1974 1248 1974 1250 1974 1249 1975 1250 1975 1251 1975 1251 1976 1250 1976 1252 1976 1251 1977 1252 1977 1253 1977 1253 1978 1252 1978 1254 1978 1253 1979 1254 1979 1255 1979 1193 1980 1208 1980 1194 1980 1194 1981 1208 1981 1256 1981 1194 1982 1256 1982 1257 1982 1256 1983 1258 1983 1257 1983 1257 1984 1258 1984 1259 1984 1257 1985 1259 1985 1260 1985 1261 1986 1262 1986 1263 1986 1263 1987 1262 1987 1260 1987 1263 1988 1260 1988 1264 1988 1264 1989 1260 1989 1259 1989 1261 1990 1265 1990 1262 1990 1262 1991 1265 1991 1266 1991 1262 1992 1266 1992 1267 1992 1266 1993 1268 1993 1267 1993 1267 1994 1268 1994 1269 1994 1267 1995 1269 1995 1270 1995 1269 1996 1271 1996 1270 1996 1270 1997 1271 1997 1272 1997 1270 1998 1272 1998 1273 1998 1231 1999 1228 1999 1232 1999 1232 2000 1228 2000 1230 2000 1232 2001 1230 2001 1274 2001 1274 2002 1230 2002 1273 2002 1274 2003 1273 2003 1275 2003 1275 2004 1273 2004 1272 2004 1276 2005 1277 2005 1278 2005 1276 2006 1278 2006 1279 2006 1280 219 1281 219 1282 219 1282 219 1281 219 1283 219 1284 2007 1285 2007 1286 2007 1286 219 1285 219 1287 219 1286 2008 1287 2008 1288 2008 1288 219 1287 219 1289 219 1288 2009 1289 2009 1290 2009 1290 219 1289 219 1291 219 1290 219 1291 219 1292 219 1292 219 1291 219 1293 219 1292 219 1293 219 1294 219 1294 219 1293 219 1295 219 1294 2010 1295 2010 1277 2010 1278 2011 1282 2011 1279 2011 1279 2012 1282 2012 1283 2012 1279 219 1283 219 1296 219 1296 219 1283 219 1297 219 1296 219 1297 219 1298 219 1298 2013 1297 2013 1299 2013 1298 2014 1299 2014 1300 2014 1300 219 1299 219 1301 219 1300 219 1301 219 1302 219 1302 219 1301 219 1303 219 1302 219 1303 219 1304 219 1304 219 1303 219 1305 219 1304 2015 1305 2015 1306 2015 1306 2016 1305 2016 1307 2016 1306 219 1307 219 1284 219 1284 2017 1307 2017 1308 2017 1284 219 1308 219 1285 219 1295 219 1309 219 1277 219 1277 219 1309 219 1310 219 1277 2018 1310 2018 1278 2018 1278 219 1310 219 1311 219 1278 219 1311 219 1312 219 1313 2019 1314 2019 1315 2019 1313 2020 1315 2020 1316 2020 1316 2021 1315 2021 1317 2021 1316 2022 1317 2022 1318 2022 1319 2023 1320 2023 1321 2023 1321 2024 1320 2024 1322 2024 1321 2025 1322 2025 1317 2025 1317 2026 1322 2026 1323 2026 1317 2027 1323 2027 1318 2027 1281 2028 1280 2028 1324 2028 1324 2029 1325 2029 1326 2029 1326 2030 1325 2030 1327 2030 1326 2031 1327 2031 1328 2031 1314 2032 1313 2032 1328 2032 1328 2033 1313 2033 1329 2033 1328 2034 1329 2034 1326 2034 1324 2035 1326 2035 1281 2035 1281 2036 1326 2036 1330 2036 1281 2037 1330 2037 1283 2037 1330 2038 1331 2038 1283 2038 1283 2039 1331 2039 1332 2039 1283 2040 1332 2040 1297 2040 1333 2041 1299 2041 1334 2041 1334 2042 1299 2042 1297 2042 1334 2043 1297 2043 1335 2043 1335 2044 1297 2044 1332 2044 1336 2045 1337 2045 1338 2045 1339 2046 1312 2046 1311 2046 1338 2047 1337 2047 1340 2047 1340 2048 1337 2048 1341 2048 1340 2049 1341 2049 1342 2049 1342 2050 1341 2050 1343 2050 1342 2051 1343 2051 1344 2051 1345 2052 1346 2052 1347 2052 1348 2053 1349 2053 1347 2053 1347 2054 1349 2054 1350 2054 1347 2055 1350 2055 1345 2055 1338 2056 1351 2056 1336 2056 1336 2057 1351 2057 1352 2057 1336 2058 1352 2058 1348 2058 1348 2059 1352 2059 1353 2059 1348 2060 1353 2060 1349 2060 1344 2061 1339 2061 1342 2061 1342 2062 1339 2062 1311 2062 1342 2063 1311 2063 1354 2063 1354 2064 1311 2064 1310 2064 1354 2065 1310 2065 1355 2065 1355 2066 1310 2066 1356 2066 1356 2067 1310 2067 1309 2067 1356 2068 1309 2068 1357 2068 1357 2069 1309 2069 1358 2069 1358 2070 1309 2070 1295 2070 1358 2071 1295 2071 1359 2071 1255 2072 1254 2072 1360 2072 1360 2073 1254 2073 1361 2073 1362 2074 1363 2074 1364 2074 1364 2075 1363 2075 1365 2075 1364 2076 1365 2076 1361 2076 1361 2077 1365 2077 1366 2077 1361 2078 1366 2078 1360 2078 1367 2079 1181 2079 1180 2079 1180 2080 1368 2080 1367 2080 1367 2081 1368 2081 1369 2081 1367 2082 1369 2082 1362 2082 1362 2083 1369 2083 1370 2083 1362 2084 1370 2084 1363 2084 1215 2085 1217 2085 1371 2085 1371 2086 1217 2086 1372 2086 1373 2087 1374 2087 1375 2087 1375 2088 1376 2088 1373 2088 1373 2089 1376 2089 1377 2089 1373 2090 1377 2090 1372 2090 1372 2091 1377 2091 1378 2091 1372 2092 1378 2092 1371 2092 1379 2093 1184 2093 1183 2093 1183 2094 1380 2094 1379 2094 1379 2095 1380 2095 1381 2095 1379 2096 1381 2096 1374 2096 1374 2097 1381 2097 1382 2097 1374 2098 1382 2098 1375 2098 1383 2099 1282 2099 1144 2099 1144 0 1282 0 1384 0 1385 2100 1386 2100 1121 2100 1121 2101 1386 2101 1387 2101 1121 2102 1387 2102 1122 2102 1388 0 1383 0 1389 0 1389 2103 1383 2103 1144 2103 1389 0 1144 0 1390 0 1390 0 1144 0 1142 0 1384 0 1282 0 1391 0 1391 0 1282 0 1278 0 1391 2104 1278 2104 1121 2104 1121 2105 1278 2105 1392 2105 1121 0 1392 0 1385 0 1393 159 1394 159 1364 159 1364 2106 1394 2106 1395 2106 1364 159 1395 159 1396 159 1396 159 1397 159 1364 159 1364 2107 1397 2107 1398 2107 1364 159 1398 159 1362 159 1362 2108 1398 2108 1399 2108 1362 159 1399 159 1400 159 1395 159 1401 159 1396 159 1396 159 1401 159 1402 159 1396 2109 1402 2109 1403 2109 1403 159 1402 159 1404 159 1403 159 1404 159 1405 159 1405 2110 1404 2110 1406 2110 1407 2111 1408 2111 1406 2111 1406 2112 1408 2112 1409 2112 1406 2113 1409 2113 1405 2113 1410 159 1411 159 1412 159 1407 159 1406 159 1412 159 1412 159 1406 159 1413 159 1412 159 1413 159 1410 159 1373 47 1414 47 1415 47 1416 47 1417 47 1373 47 1373 2114 1417 2114 1418 2114 1373 47 1418 47 1374 47 1374 2115 1418 2115 1419 2115 1374 47 1419 47 1420 47 1415 47 1421 47 1373 47 1373 2116 1421 2116 1422 2116 1373 2117 1422 2117 1416 2117 1416 47 1422 47 1423 47 1416 2118 1423 2118 1424 2118 1424 47 1423 47 1425 47 1424 47 1425 47 1426 47 1426 2119 1425 2119 1427 2119 1428 2120 1429 2120 1427 2120 1427 2121 1429 2121 1430 2121 1427 2122 1430 2122 1426 2122 1431 47 1432 47 1433 47 1428 47 1427 47 1433 47 1433 47 1427 47 1434 47 1433 47 1434 47 1431 47 1175 100 1176 100 1435 100 1436 100 1178 100 1177 100 1437 2123 1260 2123 1438 2123 1438 2124 1260 2124 1262 2124 1438 2125 1262 2125 1439 2125 1367 100 1440 100 1181 100 1181 2126 1440 2126 1441 2126 1442 2127 1443 2127 1400 2127 1400 2128 1443 2128 1440 2128 1400 100 1440 100 1362 100 1362 100 1440 100 1367 100 1262 2129 1267 2129 1439 2129 1439 2124 1267 2124 1270 2124 1439 2130 1270 2130 1444 2130 1444 100 1270 100 1273 100 1444 100 1273 100 1445 100 1446 100 1196 100 1447 100 1447 2131 1196 2131 1194 2131 1447 2132 1194 2132 1437 2132 1437 2133 1194 2133 1257 2133 1437 100 1257 100 1260 100 1273 2134 1230 2134 1445 2134 1445 2131 1230 2131 1223 2131 1445 100 1223 100 1448 100 1448 2135 1223 2135 1225 2135 1448 100 1225 100 1441 100 1441 2136 1225 2136 1220 2136 1441 2137 1220 2137 1181 2137 1373 100 1372 100 1449 100 1449 2138 1372 2138 1217 2138 1449 100 1217 100 1450 100 1450 2137 1217 2137 1210 2137 1450 100 1210 100 1446 100 1446 2139 1210 2139 1212 2139 1446 2135 1212 2135 1196 2135 1442 2140 1160 2140 1443 2140 1443 2141 1160 2141 1451 2141 1443 100 1451 100 1452 100 1452 100 1451 100 1384 100 1452 2142 1384 2142 1453 2142 1453 2143 1384 2143 1391 2143 1177 2144 1454 2144 1436 2144 1436 2145 1454 2145 1455 2145 1436 100 1455 100 1456 100 1456 100 1455 100 1457 100 1456 2146 1457 2146 1391 2146 1391 100 1457 100 1458 100 1391 100 1458 100 1453 100 1453 2147 1458 2147 1459 2147 1453 100 1459 100 1449 100 1449 2148 1459 2148 1414 2148 1449 100 1414 100 1373 100 1160 2149 1155 2149 1451 2149 1451 100 1155 100 1460 100 1451 2150 1460 2150 1435 2150 1435 2145 1460 2145 1461 2145 1435 2151 1461 2151 1175 2151 1359 47 1295 47 1462 47 1462 47 1295 47 1293 47 1463 159 1301 159 1333 159 1333 159 1301 159 1299 159 1463 2152 1464 2152 1301 2152 1301 2153 1464 2153 1303 2153 1464 2154 1465 2154 1303 2154 1303 2155 1465 2155 1466 2155 1303 2156 1466 2156 1305 2156 1467 2157 1307 2157 1468 2157 1468 2158 1307 2158 1305 2158 1468 2159 1305 2159 1469 2159 1469 2160 1305 2160 1466 2160 1470 2161 1308 2161 1471 2161 1471 2162 1308 2162 1307 2162 1471 2163 1307 2163 1472 2163 1472 2164 1307 2164 1467 2164 1470 2165 1473 2165 1308 2165 1308 2166 1473 2166 1474 2166 1308 2167 1474 2167 1285 2167 1475 2168 1287 2168 1476 2168 1476 2169 1287 2169 1285 2169 1476 2170 1285 2170 1477 2170 1477 2171 1285 2171 1474 2171 1475 2172 1478 2172 1287 2172 1287 2173 1478 2173 1479 2173 1287 2174 1479 2174 1289 2174 1479 2175 1480 2175 1289 2175 1289 2176 1480 2176 1481 2176 1289 2177 1481 2177 1291 2177 1462 2178 1293 2178 1482 2178 1482 2179 1293 2179 1291 2179 1482 2180 1291 2180 1483 2180 1483 2181 1291 2181 1481 2181 1484 2182 1457 2182 1485 2182 1485 2183 1457 2183 1486 2183 1484 2184 1487 2184 1457 2184 1457 2185 1487 2185 1488 2185 1457 2186 1488 2186 1458 2186 1458 2187 1488 2187 1489 2187 1458 2188 1489 2188 1490 2188 1491 2189 1492 2189 1493 2189 1493 2190 1492 2190 1494 2190 1493 2191 1494 2191 1495 2191 1495 2192 1494 2192 1496 2192 1495 2193 1496 2193 1497 2193 1497 2194 1496 2194 1498 2194 1497 2195 1498 2195 1499 2195 1499 2196 1498 2196 1500 2196 1499 2197 1500 2197 1501 2197 1501 2198 1500 2198 1502 2198 1501 2199 1502 2199 1503 2199 1214 2200 1504 2200 1197 2200 1197 2201 1504 2201 1198 2201 1214 2202 1213 2202 1504 2202 1504 2203 1213 2203 1211 2203 1504 2204 1211 2204 1219 2204 1192 2205 1195 2205 1505 2205 1505 2206 1195 2206 1198 2206 1505 2207 1198 2207 1216 2207 1216 2208 1198 2208 1504 2208 1216 2209 1504 2209 1218 2209 1218 2210 1504 2210 1219 2210 1216 2211 1215 2211 1505 2211 1505 2212 1215 2212 1371 2212 1505 2213 1371 2213 1192 2213 1192 2214 1371 2214 1378 2214 1192 2215 1378 2215 1193 2215 1193 2216 1378 2216 1377 2216 1193 2217 1377 2217 1209 2217 1209 2218 1377 2218 1376 2218 1376 2219 1375 2219 1209 2219 1209 2220 1375 2220 1382 2220 1209 2221 1382 2221 1381 2221 1381 2222 1380 2222 1209 2222 1209 2223 1380 2223 1506 2223 1209 2224 1506 2224 1207 2224 1207 2225 1506 2225 1205 2225 1182 2226 1185 2226 1507 2226 1507 2227 1185 2227 1187 2227 1507 2228 1187 2228 1189 2228 1380 2229 1183 2229 1506 2229 1506 2230 1183 2230 1182 2230 1506 2231 1182 2231 1205 2231 1205 2232 1182 2232 1507 2232 1205 2233 1507 2233 1203 2233 1189 2234 1191 2234 1507 2234 1507 2235 1191 2235 1201 2235 1507 2236 1201 2236 1203 2236 1508 2237 1255 2237 1360 2237 1255 2238 1508 2238 1253 2238 1242 2239 1509 2239 1240 2239 1240 2240 1509 2240 1238 2240 1242 2241 1244 2241 1509 2241 1509 2242 1244 2242 1247 2242 1509 2243 1247 2243 1249 2243 1249 2244 1251 2244 1509 2244 1509 2245 1251 2245 1253 2245 1509 2246 1253 2246 1238 2246 1238 2247 1253 2247 1508 2247 1238 2248 1508 2248 1234 2248 1365 2249 1229 2249 1366 2249 1366 2250 1229 2250 1228 2250 1366 2251 1228 2251 1360 2251 1360 2252 1228 2252 1231 2252 1360 2253 1231 2253 1508 2253 1508 2254 1231 2254 1233 2254 1508 2255 1233 2255 1234 2255 1365 2256 1363 2256 1229 2256 1229 2257 1363 2257 1370 2257 1229 2258 1370 2258 1369 2258 1369 2259 1368 2259 1229 2259 1229 2260 1368 2260 1510 2260 1229 2261 1510 2261 1235 2261 1235 2262 1510 2262 1236 2262 1179 2263 1222 2263 1511 2263 1511 2264 1222 2264 1221 2264 1511 2265 1221 2265 1227 2265 1368 2266 1180 2266 1510 2266 1510 2267 1180 2267 1179 2267 1510 2268 1179 2268 1236 2268 1236 2269 1179 2269 1511 2269 1236 2270 1511 2270 1237 2270 1227 2271 1226 2271 1511 2271 1511 2272 1226 2272 1224 2272 1511 2273 1224 2273 1237 2273 1512 2274 1513 2274 1514 2274 1515 2275 1497 2275 1499 2275 1515 2276 1499 2276 1516 2276 1517 2277 1518 2277 1519 2277 1519 2278 1518 2278 1520 2278 1521 2279 1522 2279 1518 2279 1518 2280 1522 2280 1523 2280 1518 2281 1523 2281 1520 2281 1499 2282 1501 2282 1516 2282 1516 2283 1501 2283 1503 2283 1516 2284 1503 2284 1521 2284 1521 2285 1503 2285 1524 2285 1521 2286 1524 2286 1522 2286 1497 2287 1515 2287 1495 2287 1495 2288 1515 2288 1525 2288 1495 2289 1525 2289 1493 2289 1493 2290 1525 2290 1491 2290 1491 2291 1525 2291 1526 2291 1491 2292 1526 2292 1527 2292 1528 2293 1529 2293 1530 2293 1530 2294 1529 2294 1531 2294 1530 2295 1531 2295 1526 2295 1526 2296 1531 2296 1532 2296 1526 2297 1532 2297 1527 2297 1533 2298 1530 2298 1534 2298 1534 2299 1530 2299 1535 2299 1534 2300 1535 2300 1536 2300 1533 2301 1537 2301 1530 2301 1530 2302 1537 2302 1538 2302 1530 2303 1538 2303 1539 2303 1539 2304 1540 2304 1530 2304 1530 2305 1540 2305 1541 2305 1530 2306 1541 2306 1528 2306 1542 2307 1543 2307 1159 2307 1159 2308 1158 2308 1542 2308 1542 2309 1158 2309 1544 2309 1542 2310 1544 2310 1535 2310 1535 2311 1544 2311 1545 2311 1535 2312 1545 2312 1536 2312 1156 2313 1157 2313 1546 2313 1546 2314 1157 2314 1162 2314 1546 2315 1162 2315 1543 2315 1543 2316 1162 2316 1161 2316 1543 2317 1161 2317 1159 2317 1512 2318 1514 2318 1547 2318 1546 2319 1548 2319 1156 2319 1156 2320 1548 2320 1549 2320 1156 2321 1549 2321 1154 2321 1154 2322 1549 2322 1550 2322 1154 2323 1550 2323 1551 2323 1551 2324 1550 2324 1547 2324 1551 2325 1547 2325 1552 2325 1552 2326 1547 2326 1514 2326 1171 2327 1169 2327 1553 2327 1554 2328 1487 2328 1484 2328 1554 2329 1484 2329 1555 2329 1555 2330 1484 2330 1485 2330 1555 2331 1485 2331 1556 2331 1557 2332 1558 2332 1559 2332 1556 2333 1485 2333 1560 2333 1560 2334 1485 2334 1486 2334 1560 2335 1486 2335 1561 2335 1561 2336 1486 2336 1562 2336 1561 2337 1562 2337 1559 2337 1559 2338 1562 2338 1563 2338 1559 2339 1563 2339 1557 2339 1487 2340 1554 2340 1488 2340 1488 2341 1554 2341 1564 2341 1488 2342 1564 2342 1489 2342 1489 2343 1564 2343 1490 2343 1490 2344 1564 2344 1565 2344 1490 2345 1565 2345 1566 2345 1567 2346 1568 2346 1569 2346 1569 2347 1568 2347 1570 2347 1569 2348 1570 2348 1565 2348 1565 2349 1570 2349 1571 2349 1565 2350 1571 2350 1566 2350 1572 2351 1573 2351 1569 2351 1569 2352 1573 2352 1574 2352 1569 2353 1574 2353 1575 2353 1575 2354 1576 2354 1569 2354 1569 2355 1576 2355 1577 2355 1569 2356 1577 2356 1567 2356 1578 2357 1579 2357 1580 2357 1580 2358 1579 2358 1581 2358 1581 2359 1582 2359 1580 2359 1580 2360 1582 2360 1583 2360 1580 2361 1583 2361 1569 2361 1569 2362 1583 2362 1584 2362 1569 2363 1584 2363 1572 2363 1553 2364 1169 2364 1585 2364 1169 2365 1167 2365 1585 2365 1585 2366 1167 2366 1166 2366 1585 2367 1166 2367 1578 2367 1578 2368 1166 2368 1165 2368 1578 2369 1165 2369 1579 2369 1171 2370 1553 2370 1173 2370 1173 2371 1553 2371 1586 2371 1173 2372 1586 2372 1174 2372 1174 2373 1586 2373 1587 2373 1174 2374 1587 2374 1588 2374 1589 2375 1590 2375 1587 2375 1587 2376 1590 2376 1591 2376 1587 2377 1591 2377 1588 2377 1592 2378 1593 2378 1594 2378 1594 2379 1593 2379 1595 2379 1594 2380 1595 2380 1587 2380 1587 2381 1595 2381 1596 2381 1587 2382 1596 2382 1589 2382 1597 2383 1135 2383 1598 2383 1598 2384 1135 2384 1133 2384 1598 2385 1133 2385 1599 2385 1599 2386 1133 2386 1130 2386 1347 2387 1346 2387 1124 2387 1124 2388 1346 2388 1600 2388 1124 2389 1600 2389 1126 2389 1126 2390 1600 2390 1601 2390 1126 2391 1601 2391 1128 2391 1128 2392 1601 2392 1602 2392 1128 2393 1602 2393 1130 2393 1130 2394 1602 2394 1603 2394 1130 2395 1603 2395 1599 2395 1124 2396 1122 2396 1347 2396 1347 2397 1122 2397 1387 2397 1347 2398 1387 2398 1348 2398 1348 2399 1387 2399 1386 2399 1348 2400 1386 2400 1336 2400 1336 2401 1386 2401 1337 2401 1337 2402 1386 2402 1385 2402 1337 2403 1385 2403 1341 2403 1341 2404 1385 2404 1343 2404 1343 2405 1385 2405 1392 2405 1343 2406 1392 2406 1344 2406 1344 2407 1392 2407 1339 2407 1339 2408 1392 2408 1278 2408 1339 2409 1278 2409 1312 2409 1317 2410 1315 2410 1389 2410 1280 2411 1282 2411 1324 2411 1324 2412 1282 2412 1383 2412 1324 2413 1383 2413 1325 2413 1325 2414 1383 2414 1327 2414 1327 2415 1383 2415 1388 2415 1327 2416 1388 2416 1328 2416 1389 2417 1315 2417 1388 2417 1388 2418 1315 2418 1314 2418 1388 2419 1314 2419 1328 2419 1317 2420 1389 2420 1321 2420 1321 2421 1389 2421 1390 2421 1321 2422 1390 2422 1142 2422 1151 2423 1604 2423 1138 2423 1138 2424 1604 2424 1605 2424 1138 2425 1605 2425 1139 2425 1139 2426 1605 2426 1606 2426 1139 2427 1606 2427 1141 2427 1141 2428 1606 2428 1607 2428 1141 2429 1607 2429 1142 2429 1142 2430 1607 2430 1319 2430 1142 2431 1319 2431 1321 2431 1147 2432 1608 2432 1153 2432 1153 2433 1608 2433 1609 2433 1153 2434 1609 2434 1151 2434 1151 2435 1609 2435 1610 2435 1151 2436 1610 2436 1604 2436 1164 2437 1611 2437 1165 2437 1165 2438 1611 2438 1612 2438 1420 2439 1419 2439 1613 2439 1613 2440 1419 2440 1612 2440 1613 2441 1612 2441 1614 2441 1614 2442 1612 2442 1611 2442 1612 2443 1419 2443 1418 2443 1165 2444 1612 2444 1615 2444 1165 2445 1615 2445 1579 2445 1579 2446 1615 2446 1616 2446 1579 2447 1616 2447 1581 2447 1581 2448 1616 2448 1617 2448 1581 2449 1617 2449 1582 2449 1617 2450 1618 2450 1582 2450 1582 2451 1618 2451 1619 2451 1582 2452 1619 2452 1583 2452 1583 2453 1619 2453 1620 2453 1583 2454 1620 2454 1584 2454 1584 2455 1620 2455 1621 2455 1584 2456 1621 2456 1572 2456 1572 2457 1621 2457 1622 2457 1572 2458 1622 2458 1573 2458 1573 2459 1622 2459 1623 2459 1573 2460 1623 2460 1574 2460 1574 2461 1623 2461 1624 2461 1574 2462 1624 2462 1575 2462 1575 2463 1624 2463 1625 2463 1575 2464 1625 2464 1576 2464 1576 2465 1625 2465 1626 2465 1576 2466 1626 2466 1577 2466 1626 2467 1627 2467 1577 2467 1577 2468 1627 2468 1628 2468 1577 2469 1628 2469 1567 2469 1567 2470 1628 2470 1629 2470 1567 2471 1629 2471 1568 2471 1568 2472 1629 2472 1630 2472 1568 2473 1630 2473 1570 2473 1612 2474 1418 2474 1615 2474 1615 2475 1418 2475 1417 2475 1615 2476 1417 2476 1616 2476 1616 2477 1417 2477 1416 2477 1616 2478 1416 2478 1617 2478 1617 2479 1416 2479 1424 2479 1617 2480 1424 2480 1618 2480 1618 2481 1424 2481 1426 2481 1618 2482 1426 2482 1619 2482 1619 2483 1426 2483 1430 2483 1619 2484 1430 2484 1620 2484 1620 2485 1430 2485 1429 2485 1620 2486 1429 2486 1621 2486 1621 2487 1429 2487 1428 2487 1621 2488 1428 2488 1622 2488 1622 2489 1428 2489 1433 2489 1622 2490 1433 2490 1623 2490 1623 2491 1433 2491 1432 2491 1623 2492 1432 2492 1624 2492 1624 2493 1432 2493 1431 2493 1624 2494 1431 2494 1625 2494 1625 2495 1431 2495 1434 2495 1625 2496 1434 2496 1626 2496 1626 2497 1434 2497 1427 2497 1626 2498 1427 2498 1627 2498 1627 2499 1427 2499 1425 2499 1627 2500 1425 2500 1628 2500 1628 2501 1425 2501 1423 2501 1628 2502 1423 2502 1629 2502 1629 2503 1423 2503 1422 2503 1629 2504 1422 2504 1630 2504 1630 2505 1422 2505 1421 2505 1630 2506 1421 2506 1631 2506 1631 2507 1421 2507 1415 2507 1631 2508 1415 2508 1632 2508 1570 2509 1630 2509 1571 2509 1571 2510 1630 2510 1631 2510 1571 2511 1631 2511 1566 2511 1566 2512 1631 2512 1632 2512 1566 2513 1632 2513 1490 2513 1458 2514 1490 2514 1459 2514 1459 2515 1490 2515 1632 2515 1459 2516 1632 2516 1414 2516 1414 2516 1632 2516 1415 2516 1158 2517 1160 2517 1633 2517 1633 2518 1160 2518 1442 2518 1633 2519 1442 2519 1399 2519 1399 2519 1442 2519 1400 2519 1634 2520 1541 2520 1540 2520 1633 2521 1399 2521 1398 2521 1158 2522 1633 2522 1635 2522 1158 2523 1635 2523 1544 2523 1544 2524 1635 2524 1636 2524 1544 2525 1636 2525 1545 2525 1545 2526 1636 2526 1637 2526 1545 2527 1637 2527 1536 2527 1637 2528 1638 2528 1536 2528 1536 2529 1638 2529 1639 2529 1536 2530 1639 2530 1534 2530 1534 2531 1639 2531 1640 2531 1534 2532 1640 2532 1533 2532 1533 2533 1640 2533 1641 2533 1533 2534 1641 2534 1537 2534 1537 2535 1641 2535 1642 2535 1537 2536 1642 2536 1538 2536 1538 2537 1642 2537 1643 2537 1538 2538 1643 2538 1539 2538 1539 2539 1643 2539 1644 2539 1539 2540 1644 2540 1540 2540 1540 2541 1644 2541 1645 2541 1540 2542 1645 2542 1634 2542 1634 2543 1646 2543 1541 2543 1541 2544 1646 2544 1647 2544 1541 2545 1647 2545 1528 2545 1528 2546 1647 2546 1648 2546 1528 2547 1648 2547 1529 2547 1529 2548 1648 2548 1649 2548 1529 2549 1649 2549 1531 2549 1633 2550 1398 2550 1635 2550 1635 2551 1398 2551 1397 2551 1635 2552 1397 2552 1636 2552 1636 2553 1397 2553 1396 2553 1636 2554 1396 2554 1637 2554 1637 2555 1396 2555 1403 2555 1637 2556 1403 2556 1638 2556 1638 2557 1403 2557 1405 2557 1638 2558 1405 2558 1639 2558 1639 2559 1405 2559 1409 2559 1639 2560 1409 2560 1640 2560 1640 2561 1409 2561 1408 2561 1640 2562 1408 2562 1641 2562 1641 2563 1408 2563 1407 2563 1641 2564 1407 2564 1642 2564 1642 2565 1407 2565 1412 2565 1642 2566 1412 2566 1643 2566 1643 2567 1412 2567 1411 2567 1643 2568 1411 2568 1644 2568 1644 2569 1411 2569 1410 2569 1644 2570 1410 2570 1645 2570 1645 2571 1410 2571 1413 2571 1645 2572 1413 2572 1634 2572 1634 2573 1413 2573 1406 2573 1634 2574 1406 2574 1646 2574 1646 2575 1406 2575 1404 2575 1646 2576 1404 2576 1647 2576 1647 2577 1404 2577 1402 2577 1647 2578 1402 2578 1648 2578 1648 2579 1402 2579 1401 2579 1648 2580 1401 2580 1649 2580 1649 2581 1401 2581 1395 2581 1649 2582 1395 2582 1650 2582 1650 2583 1395 2583 1394 2583 1650 2584 1394 2584 1651 2584 1531 2585 1649 2585 1532 2585 1532 2586 1649 2586 1650 2586 1532 2587 1650 2587 1527 2587 1527 2588 1650 2588 1651 2588 1527 2589 1651 2589 1491 2589 1492 2590 1491 2590 1652 2590 1652 2591 1491 2591 1651 2591 1652 2592 1651 2592 1653 2592 1653 2593 1651 2593 1654 2593 1654 2594 1651 2594 1394 2594 1654 2595 1394 2595 1393 2595 1655 2596 1656 2596 1657 2596 1658 2597 1659 2597 1660 2597 1608 2598 1147 2598 1146 2598 139 2599 1661 2599 1662 2599 139 2600 1662 2600 184 2600 184 2601 1662 2601 1663 2601 184 2602 1663 2602 183 2602 183 2603 1663 2603 176 2603 176 2604 1663 2604 1664 2604 176 2605 1664 2605 177 2605 177 2606 1664 2606 1665 2606 177 2607 1665 2607 178 2607 178 2608 1665 2608 179 2608 179 2609 1665 2609 1666 2609 179 2610 1666 2610 180 2610 180 2611 1666 2611 1667 2611 180 2612 1667 2612 166 2612 166 2613 1667 2613 167 2613 167 2614 1667 2614 1660 2614 167 2615 1660 2615 168 2615 168 2616 1660 2616 1659 2616 168 2617 1659 2617 169 2617 1609 2618 1608 2618 1668 2618 1668 2619 1608 2619 1146 2619 1668 2620 1146 2620 1659 2620 1659 2621 1146 2621 172 2621 1659 2622 172 2622 169 2622 1658 2623 1660 2623 1656 2623 1656 2624 1660 2624 1667 2624 1656 2625 1667 2625 1657 2625 1657 2626 1667 2626 1666 2626 1657 2627 1666 2627 1669 2627 1669 2628 1666 2628 1665 2628 1669 2629 1665 2629 1670 2629 1670 2630 1665 2630 1664 2630 1670 2631 1664 2631 1671 2631 1671 2632 1664 2632 1663 2632 1671 2633 1663 2633 1672 2633 1672 2634 1663 2634 1662 2634 1672 2635 1662 2635 1673 2635 1673 2636 1662 2636 1661 2636 1673 2637 1661 2637 1674 2637 1655 2638 1657 2638 1675 2638 1675 2639 1657 2639 1669 2639 1675 2640 1669 2640 1676 2640 1676 2641 1669 2641 1670 2641 1676 2642 1670 2642 1677 2642 1677 2643 1670 2643 1671 2643 1677 2644 1671 2644 1678 2644 1678 2645 1671 2645 1672 2645 1678 2646 1672 2646 1679 2646 1679 2647 1672 2647 1673 2647 1679 2648 1673 2648 1680 2648 1680 2649 1673 2649 1674 2649 1680 2650 1674 2650 1681 2650 1609 2651 1668 2651 1610 2651 1610 2652 1668 2652 1659 2652 1610 2653 1659 2653 1604 2653 1604 2654 1659 2654 1658 2654 1604 2655 1658 2655 1605 2655 1605 2656 1658 2656 1656 2656 1605 2657 1656 2657 1606 2657 1606 2658 1656 2658 1655 2658 1606 2659 1655 2659 1607 2659 1607 2660 1655 2660 1675 2660 1607 2661 1675 2661 1319 2661 1319 2662 1675 2662 1676 2662 1319 2663 1676 2663 1320 2663 1320 2664 1676 2664 1677 2664 1320 2665 1677 2665 1322 2665 1322 2666 1677 2666 1678 2666 1322 2667 1678 2667 1323 2667 1323 2668 1678 2668 1679 2668 1323 2669 1679 2669 1318 2669 1318 2670 1679 2670 1680 2670 1318 2671 1680 2671 1316 2671 1316 2672 1680 2672 1681 2672 1316 2673 1681 2673 1313 2673 1682 2674 1683 2674 1684 2674 1685 2675 1661 2675 139 2675 139 2676 141 2676 1685 2676 1685 2677 141 2677 142 2677 1685 2678 142 2678 1686 2678 1686 2679 142 2679 148 2679 1686 2680 148 2680 1687 2680 1687 2681 148 2681 146 2681 1687 2682 146 2682 1688 2682 1688 2683 146 2683 156 2683 1688 2684 156 2684 1689 2684 1690 2685 1674 2685 1661 2685 156 2686 155 2686 1689 2686 1689 2687 155 2687 1691 2687 1689 2688 1691 2688 1692 2688 1661 2689 1685 2689 1690 2689 1690 2690 1685 2690 1686 2690 1690 2691 1686 2691 1693 2691 1693 2692 1686 2692 1687 2692 1693 2693 1687 2693 1694 2693 1694 2694 1687 2694 1688 2694 1694 2695 1688 2695 1695 2695 1695 2696 1688 2696 1689 2696 1695 2697 1689 2697 1696 2697 1696 2698 1689 2698 1692 2698 1696 2699 1692 2699 1697 2699 1698 2700 1681 2700 1674 2700 1674 2701 1690 2701 1698 2701 1698 2702 1690 2702 1693 2702 1698 2703 1693 2703 1699 2703 1699 2704 1693 2704 1694 2704 1699 2705 1694 2705 1700 2705 1700 2706 1694 2706 1695 2706 1700 2707 1695 2707 1701 2707 1701 2708 1695 2708 1696 2708 1701 2709 1696 2709 1684 2709 1684 2710 1696 2710 1697 2710 1684 2711 1697 2711 1682 2711 1313 2712 1681 2712 1329 2712 1329 2713 1681 2713 1698 2713 1329 2714 1698 2714 1326 2714 1326 2715 1698 2715 1699 2715 1326 2716 1699 2716 1330 2716 1330 2717 1699 2717 1700 2717 1330 2718 1700 2718 1331 2718 1331 2719 1700 2719 1701 2719 1331 2720 1701 2720 1332 2720 1332 2721 1701 2721 1335 2721 1335 2722 1701 2722 1684 2722 1335 2723 1684 2723 1334 2723 1334 2724 1684 2724 1683 2724 1334 2725 1683 2725 1333 2725 1463 2726 1333 2726 1702 2726 1702 2727 1333 2727 1683 2727 1702 2728 1683 2728 1703 2728 1703 2729 1683 2729 1682 2729 1703 2730 1682 2730 1704 2730 1704 2730 1682 2730 1697 2730 1704 2731 1697 2731 1705 2731 1705 2731 1697 2731 1692 2731 1705 2732 1692 2732 1706 2732 1706 2732 1692 2732 1691 2732 1706 2733 1691 2733 153 2733 153 2734 1691 2734 155 2734 1707 2735 1708 2735 1709 2735 1710 2736 1464 2736 1463 2736 1708 2737 1462 2737 1482 2737 1708 2738 1482 2738 1709 2738 1709 2739 1482 2739 1483 2739 1709 2740 1483 2740 1711 2740 1483 2741 1481 2741 1711 2741 1711 2742 1481 2742 1480 2742 1711 2743 1480 2743 1712 2743 1480 2744 1479 2744 1712 2744 1712 2745 1479 2745 1478 2745 1712 2746 1478 2746 1713 2746 1713 2747 1478 2747 1475 2747 1713 2748 1475 2748 1714 2748 1475 2749 1476 2749 1714 2749 1714 2750 1476 2750 1477 2750 1714 2751 1477 2751 1715 2751 1477 2752 1474 2752 1715 2752 1715 2753 1474 2753 1473 2753 1715 2754 1473 2754 1716 2754 1716 2755 1473 2755 1470 2755 1716 2756 1470 2756 1717 2756 1717 2757 1470 2757 1471 2757 1717 2758 1471 2758 1718 2758 1718 2759 1471 2759 1472 2759 1472 2760 1467 2760 1718 2760 1718 2761 1467 2761 1468 2761 1718 2762 1468 2762 1719 2762 1719 2763 1468 2763 1469 2763 1719 2764 1469 2764 1720 2764 1720 2765 1469 2765 1466 2765 1720 2766 1466 2766 1710 2766 1710 2767 1466 2767 1465 2767 1710 2768 1465 2768 1464 2768 1721 2769 1722 2769 1723 2769 1723 2770 1722 2770 1707 2770 1707 2771 1709 2771 1723 2771 1723 2772 1709 2772 1711 2772 1723 2773 1711 2773 1724 2773 1724 2774 1711 2774 1712 2774 1724 2775 1712 2775 1725 2775 1725 2776 1712 2776 1713 2776 1725 2777 1713 2777 1726 2777 1726 2778 1713 2778 1714 2778 1726 2779 1714 2779 1727 2779 1727 2780 1714 2780 1715 2780 1727 2781 1715 2781 1728 2781 1728 2782 1715 2782 1716 2782 1728 2783 1716 2783 1729 2783 1729 2784 1716 2784 1717 2784 1729 2785 1717 2785 1730 2785 1730 2786 1717 2786 1718 2786 1730 2787 1718 2787 1731 2787 1731 2788 1718 2788 1719 2788 1731 2789 1719 2789 1732 2789 1732 2790 1719 2790 1720 2790 1732 2791 1720 2791 1733 2791 1733 2792 1720 2792 1710 2792 1733 2793 1710 2793 1734 2793 151 2794 1735 2794 1736 2794 1736 2795 1735 2795 1721 2795 1463 2796 1702 2796 1710 2796 1710 2797 1702 2797 1703 2797 1710 2798 1703 2798 1734 2798 1734 2799 1703 2799 1704 2799 1734 2800 1704 2800 1705 2800 1721 2801 1723 2801 1736 2801 1736 2802 1723 2802 1724 2802 1736 2803 1724 2803 1737 2803 1737 2804 1724 2804 1725 2804 1737 2805 1725 2805 1738 2805 1738 2806 1725 2806 1726 2806 1738 2807 1726 2807 1739 2807 1739 2808 1726 2808 1727 2808 1739 2809 1727 2809 1740 2809 1740 2810 1727 2810 1728 2810 1740 2811 1728 2811 1741 2811 1741 2812 1728 2812 1729 2812 1741 2813 1729 2813 1742 2813 1742 2814 1729 2814 1730 2814 1742 2815 1730 2815 1743 2815 1743 2816 1730 2816 1731 2816 1743 2817 1731 2817 1744 2817 1744 2818 1731 2818 1732 2818 1744 2819 1732 2819 1745 2819 1745 2820 1732 2820 1733 2820 1745 2821 1733 2821 1746 2821 1746 2822 1733 2822 1734 2822 1746 2823 1734 2823 1747 2823 1747 2824 1734 2824 1705 2824 1747 2825 1705 2825 1706 2825 151 2826 1736 2826 161 2826 161 2827 1736 2827 1737 2827 161 2828 1737 2828 162 2828 162 2829 1737 2829 1738 2829 162 2830 1738 2830 160 2830 160 2831 1738 2831 1739 2831 160 2832 1739 2832 159 2832 159 2833 1739 2833 1740 2833 159 2834 1740 2834 157 2834 157 2835 1740 2835 1741 2835 157 2836 1741 2836 158 2836 158 2837 1741 2837 1742 2837 158 2838 1742 2838 164 2838 164 2839 1742 2839 1743 2839 164 2840 1743 2840 163 2840 163 2841 1743 2841 1744 2841 163 2842 1744 2842 165 2842 165 2843 1744 2843 1745 2843 165 2844 1745 2844 149 2844 149 2845 1745 2845 1746 2845 149 2846 1746 2846 150 2846 150 2847 1746 2847 1747 2847 150 2848 1747 2848 152 2848 152 2849 1747 2849 1706 2849 152 2850 1706 2850 153 2850 151 2851 154 2851 1735 2851 1735 2852 154 2852 1748 2852 1735 2853 1748 2853 1721 2853 1721 2853 1748 2853 1749 2853 1721 2854 1749 2854 1722 2854 1722 2854 1749 2854 1750 2854 1722 2855 1750 2855 1707 2855 1707 2855 1750 2855 1751 2855 1707 2856 1751 2856 1708 2856 1708 2857 1751 2857 1752 2857 1708 2858 1752 2858 1462 2858 1462 2859 1752 2859 1359 2859 138 2860 124 2860 1753 2860 154 2861 145 2861 1748 2861 1748 2862 145 2862 1754 2862 1359 2863 1752 2863 1755 2863 1755 2864 1752 2864 1751 2864 1755 2865 1751 2865 1756 2865 1756 2866 1751 2866 1750 2866 1756 2867 1750 2867 1754 2867 1754 2868 1750 2868 1749 2868 1754 2869 1749 2869 1748 2869 144 2870 147 2870 1757 2870 1757 2871 147 2871 1758 2871 1757 2872 1758 2872 1759 2872 1759 2873 1758 2873 1760 2873 1759 2874 1760 2874 1761 2874 1761 2875 1760 2875 1762 2875 147 2876 143 2876 1758 2876 1758 2877 143 2877 1763 2877 1758 2878 1763 2878 1760 2878 1760 2879 1763 2879 1764 2879 1760 2880 1764 2880 1762 2880 1762 2881 1764 2881 1765 2881 143 2882 138 2882 1763 2882 1763 2883 138 2883 1766 2883 1763 2884 1766 2884 1764 2884 1764 2885 1766 2885 1767 2885 1764 2886 1767 2886 1765 2886 1765 2887 1767 2887 1768 2887 1356 2888 1357 2888 1755 2888 1755 2889 1357 2889 1358 2889 1755 2890 1358 2890 1359 2890 145 2891 144 2891 1754 2891 1754 2892 144 2892 1757 2892 1754 2893 1757 2893 1756 2893 1756 2894 1757 2894 1759 2894 1756 2895 1759 2895 1755 2895 1755 2896 1759 2896 1761 2896 1755 2897 1761 2897 1356 2897 1356 2898 1761 2898 1762 2898 1356 2899 1762 2899 1355 2899 1355 2900 1762 2900 1765 2900 1355 2901 1765 2901 1354 2901 1768 2902 1340 2902 1765 2902 1765 2903 1340 2903 1342 2903 1765 2904 1342 2904 1354 2904 138 2905 1753 2905 1766 2905 1766 2906 1753 2906 1769 2906 1766 2907 1769 2907 1767 2907 1767 2908 1769 2908 1770 2908 1767 2909 1770 2909 1768 2909 1768 2910 1770 2910 1338 2910 1768 2911 1338 2911 1340 2911 1599 2912 1771 2912 1598 2912 1599 2913 1603 2913 1772 2913 1772 2914 1603 2914 1602 2914 1601 2915 1600 2915 1773 2915 1773 2916 1600 2916 1346 2916 1773 2917 1346 2917 1774 2917 1774 2918 1346 2918 1775 2918 1771 2919 1599 2919 1776 2919 1598 2920 1771 2920 1597 2920 1597 2921 1771 2921 1136 2921 1597 2922 1136 2922 1135 2922 1777 2923 131 2923 1776 2923 1776 2924 131 2924 135 2924 1776 2925 135 2925 1771 2925 1771 2926 135 2926 1137 2926 1771 2927 1137 2927 1136 2927 134 2928 133 2928 1777 2928 1777 2929 133 2929 132 2929 1777 2930 132 2930 131 2930 1777 2931 1778 2931 134 2931 134 2932 1778 2932 1779 2932 134 2933 1779 2933 127 2933 127 2934 1779 2934 128 2934 128 2935 1779 2935 1780 2935 128 2936 1780 2936 129 2936 129 2937 1780 2937 1781 2937 129 2938 1781 2938 130 2938 130 2939 1781 2939 1782 2939 130 2940 1782 2940 121 2940 121 2941 1782 2941 1783 2941 121 2942 1783 2942 126 2942 126 2943 1783 2943 1784 2943 126 2944 1784 2944 123 2944 123 2945 1784 2945 1753 2945 123 2946 1753 2946 124 2946 1346 2947 1345 2947 1775 2947 1775 2948 1345 2948 1350 2948 1775 2949 1350 2949 1785 2949 1785 2950 1350 2950 1349 2950 1785 2951 1349 2951 1786 2951 1786 2952 1349 2952 1353 2952 1786 2953 1353 2953 1787 2953 1787 2954 1353 2954 1352 2954 1787 2955 1352 2955 1788 2955 1788 2956 1352 2956 1351 2956 1788 2957 1351 2957 1789 2957 1789 2958 1351 2958 1338 2958 1789 2959 1338 2959 1770 2959 1602 2960 1601 2960 1772 2960 1772 2961 1601 2961 1773 2961 1772 2962 1773 2962 1790 2962 1790 2963 1773 2963 1774 2963 1790 2964 1774 2964 1791 2964 1791 2965 1774 2965 1775 2965 1791 2966 1775 2966 1792 2966 1792 2967 1775 2967 1785 2967 1792 2968 1785 2968 1793 2968 1793 2969 1785 2969 1786 2969 1793 2970 1786 2970 1794 2970 1794 2971 1786 2971 1787 2971 1794 2972 1787 2972 1795 2972 1795 2973 1787 2973 1788 2973 1795 2974 1788 2974 1796 2974 1796 2975 1788 2975 1789 2975 1796 2976 1789 2976 1797 2976 1797 2977 1789 2977 1770 2977 1797 2978 1770 2978 1769 2978 1599 2979 1772 2979 1776 2979 1776 2980 1772 2980 1790 2980 1776 2981 1790 2981 1777 2981 1777 2982 1790 2982 1791 2982 1777 2983 1791 2983 1778 2983 1778 2984 1791 2984 1792 2984 1778 2985 1792 2985 1779 2985 1779 2986 1792 2986 1793 2986 1779 2987 1793 2987 1780 2987 1780 2988 1793 2988 1794 2988 1780 2989 1794 2989 1781 2989 1781 2990 1794 2990 1795 2990 1781 2991 1795 2991 1782 2991 1782 2992 1795 2992 1796 2992 1782 2993 1796 2993 1783 2993 1783 2994 1796 2994 1797 2994 1783 2995 1797 2995 1784 2995 1784 2996 1797 2996 1769 2996 1784 2997 1769 2997 1753 2997 1588 2998 1591 2998 1798 2998 1589 2999 1799 2999 1590 2999 42 3000 1800 3000 40 3000 40 3001 1800 3001 1801 3001 40 3002 1801 3002 39 3002 39 3003 1801 3003 1802 3003 39 3004 1802 3004 38 3004 38 3005 1802 3005 1803 3005 38 3006 1803 3006 34 3006 34 3007 1803 3007 1804 3007 1804 3008 1803 3008 1593 3008 1804 3009 1593 3009 1592 3009 1589 3010 1596 3010 1803 3010 1803 3011 1596 3011 1595 3011 1803 3012 1595 3012 1593 3012 1588 3013 1798 3013 1174 3013 1589 3014 1803 3014 1799 3014 1799 3015 1803 3015 1802 3015 1799 3016 1802 3016 1805 3016 1805 3017 1802 3017 1801 3017 1805 3018 1801 3018 1806 3018 1806 3019 1801 3019 1800 3019 1806 3020 1800 3020 1807 3020 42 3021 1808 3021 1800 3021 1800 3022 1808 3022 1809 3022 1800 3023 1809 3023 1807 3023 1807 3024 1809 3024 1810 3024 1807 3025 1810 3025 1811 3025 1590 3026 1799 3026 1591 3026 1591 3027 1799 3027 1805 3027 1591 3028 1805 3028 1798 3028 1798 3029 1805 3029 1806 3029 1798 3030 1806 3030 1812 3030 1812 3031 1806 3031 1807 3031 1812 3032 1807 3032 1813 3032 1813 3033 1807 3033 1811 3033 1813 3034 1811 3034 1814 3034 1174 3035 1798 3035 1172 3035 1172 3036 1798 3036 1812 3036 1172 3037 1812 3037 1170 3037 1170 3038 1812 3038 1813 3038 1170 3039 1813 3039 1168 3039 1168 3040 1813 3040 1814 3040 1168 3041 1814 3041 1163 3041 42 3042 274 3042 1808 3042 1808 3043 274 3043 1815 3043 1808 3044 1815 3044 1809 3044 1809 3045 1815 3045 1816 3045 1809 3046 1816 3046 1810 3046 1810 3047 1816 3047 1817 3047 1810 3048 1817 3048 1811 3048 1811 3049 1817 3049 1818 3049 1811 3050 1818 3050 1814 3050 1814 3051 1818 3051 1819 3051 1814 3052 1819 3052 1163 3052 1163 3053 1819 3053 1164 3053 1820 3054 276 3054 278 3054 274 3055 275 3055 1815 3055 1815 3056 275 3056 1821 3056 1164 3057 1819 3057 1822 3057 1822 3058 1819 3058 1818 3058 1822 3059 1818 3059 1823 3059 1823 3060 1818 3060 1817 3060 1823 3061 1817 3061 1821 3061 1821 3062 1817 3062 1816 3062 1821 3063 1816 3063 1815 3063 278 3064 1824 3064 1820 3064 1820 3065 1824 3065 1825 3065 1820 3066 1825 3066 1826 3066 1826 3067 1825 3067 1827 3067 1826 3068 1827 3068 1828 3068 1828 3069 1827 3069 1829 3069 1828 3070 1829 3070 1830 3070 1613 3071 1614 3071 1822 3071 1822 3072 1614 3072 1611 3072 1822 3073 1611 3073 1164 3073 275 3074 276 3074 1821 3074 1821 3075 276 3075 1820 3075 1821 3076 1820 3076 1823 3076 1823 3077 1820 3077 1826 3077 1823 3078 1826 3078 1822 3078 1822 3079 1826 3079 1828 3079 1822 3080 1828 3080 1613 3080 1613 3081 1828 3081 1830 3081 1613 3082 1830 3082 1420 3082 278 3083 283 3083 1824 3083 1824 3084 283 3084 1831 3084 1824 3085 1831 3085 1825 3085 1825 3086 1831 3086 1832 3086 1825 3087 1832 3087 1827 3087 1827 3087 1832 3087 1833 3087 1827 3088 1833 3088 1829 3088 1829 3089 1833 3089 1834 3089 1829 3090 1834 3090 1830 3090 1830 3091 1834 3091 1835 3091 1830 3092 1835 3092 1420 3092 1420 3093 1835 3093 1374 3093 283 3094 282 3094 1831 3094 1831 3095 282 3095 1836 3095 1837 3096 1834 3096 1838 3096 1838 3097 1834 3097 1833 3097 1838 3098 1833 3098 1836 3098 1836 3099 1833 3099 1832 3099 1836 3100 1832 3100 1831 3100 1379 3101 1374 3101 1837 3101 1837 3102 1374 3102 1835 3102 1837 3103 1835 3103 1834 3103 282 3104 280 3104 1836 3104 1836 3105 280 3105 1839 3105 1836 3106 1839 3106 1838 3106 1838 3107 1839 3107 1840 3107 1838 3108 1840 3108 1837 3108 1837 3109 1840 3109 1841 3109 1837 3110 1841 3110 1379 3110 1379 3111 1841 3111 1184 3111 285 3112 1842 3112 1843 3112 1842 3113 1844 3113 1845 3113 1844 3114 1846 3114 1847 3114 1846 3115 1254 3115 1252 3115 1846 3116 1252 3116 1847 3116 1847 3117 1252 3117 1250 3117 1847 3118 1250 3118 1848 3118 1250 3119 1248 3119 1848 3119 1848 3120 1248 3120 1246 3120 1848 3121 1246 3121 1849 3121 1246 3122 1245 3122 1849 3122 1849 3123 1245 3123 1243 3123 1849 3124 1243 3124 1850 3124 1850 3125 1243 3125 1241 3125 1850 3126 1241 3126 1851 3126 1851 3127 1241 3127 1239 3127 1851 3128 1239 3128 1852 3128 1852 3129 1239 3129 1232 3129 1232 3130 1274 3130 1852 3130 1852 3131 1274 3131 1275 3131 1852 3132 1275 3132 1853 3132 1853 3133 1275 3133 1272 3133 1853 3134 1272 3134 1854 3134 1854 3135 1272 3135 1271 3135 1854 3136 1271 3136 1855 3136 1271 3137 1269 3137 1855 3137 1855 3138 1269 3138 1268 3138 1855 3139 1268 3139 1856 3139 1268 3140 1266 3140 1856 3140 1856 3141 1266 3141 1265 3141 1856 3142 1265 3142 1857 3142 1857 3143 1265 3143 1261 3143 1857 3144 1261 3144 1858 3144 1858 3145 1261 3145 1263 3145 1858 3146 1263 3146 1859 3146 1859 3147 1263 3147 1264 3147 1264 3148 1259 3148 1859 3148 1859 3149 1259 3149 1258 3149 1859 3150 1258 3150 1860 3150 1860 3151 1258 3151 1256 3151 1860 3152 1256 3152 1861 3152 1861 3153 1256 3153 1208 3153 1861 3154 1208 3154 1862 3154 1208 3155 1206 3155 1862 3155 1862 3156 1206 3156 1204 3156 1862 3157 1204 3157 1863 3157 1204 3158 1202 3158 1863 3158 1863 3159 1202 3159 1200 3159 1863 3160 1200 3160 1864 3160 1864 3161 1200 3161 1199 3161 1864 3162 1199 3162 1865 3162 1865 3163 1199 3163 1190 3163 1865 3164 1190 3164 1866 3164 1866 3165 1190 3165 1188 3165 1188 3166 1186 3166 1866 3166 1866 3167 1186 3167 1184 3167 1866 3168 1184 3168 1841 3168 1844 3169 1847 3169 1845 3169 1845 3170 1847 3170 1848 3170 1845 3171 1848 3171 1867 3171 1867 3172 1848 3172 1849 3172 1867 3173 1849 3173 1868 3173 1868 3174 1849 3174 1850 3174 1868 3175 1850 3175 1869 3175 1869 3176 1850 3176 1851 3176 1869 3177 1851 3177 1870 3177 1870 3178 1851 3178 1852 3178 1870 3179 1852 3179 1871 3179 1871 3180 1852 3180 1853 3180 1871 3181 1853 3181 1872 3181 1872 3182 1853 3182 1854 3182 1872 3183 1854 3183 1873 3183 1873 3184 1854 3184 1855 3184 1873 3185 1855 3185 1874 3185 1874 3186 1855 3186 1856 3186 1874 3187 1856 3187 1875 3187 1875 3188 1856 3188 1857 3188 1875 3189 1857 3189 1876 3189 1876 3190 1857 3190 1858 3190 1876 3191 1858 3191 1877 3191 1877 3192 1858 3192 1859 3192 1877 3193 1859 3193 1878 3193 1878 3194 1859 3194 1860 3194 1878 3195 1860 3195 1879 3195 1879 3196 1860 3196 1861 3196 1879 3197 1861 3197 1880 3197 1880 3198 1861 3198 1862 3198 1880 3199 1862 3199 1881 3199 1881 3200 1862 3200 1863 3200 1881 3201 1863 3201 1882 3201 1882 3202 1863 3202 1864 3202 1882 3203 1864 3203 1883 3203 1883 3204 1864 3204 1865 3204 1883 3205 1865 3205 1884 3205 1884 3206 1865 3206 1866 3206 1884 3207 1866 3207 1885 3207 1885 3208 1866 3208 1841 3208 1885 3209 1841 3209 1840 3209 1842 3210 1845 3210 1843 3210 1843 3211 1845 3211 1867 3211 1843 3212 1867 3212 1886 3212 1886 3213 1867 3213 1868 3213 1886 3214 1868 3214 1887 3214 1887 3215 1868 3215 1869 3215 1887 3216 1869 3216 1888 3216 1888 3217 1869 3217 1870 3217 1888 3218 1870 3218 1889 3218 1889 3219 1870 3219 1871 3219 1889 3220 1871 3220 1890 3220 1890 3221 1871 3221 1872 3221 1890 3222 1872 3222 1891 3222 1891 3223 1872 3223 1873 3223 1891 3224 1873 3224 1892 3224 1892 3225 1873 3225 1874 3225 1892 3226 1874 3226 1893 3226 1893 3227 1874 3227 1875 3227 1893 3228 1875 3228 1894 3228 1894 3229 1875 3229 1876 3229 1894 3230 1876 3230 1895 3230 1895 3231 1876 3231 1877 3231 1895 3232 1877 3232 1896 3232 1896 3233 1877 3233 1878 3233 1896 3234 1878 3234 1897 3234 1897 3235 1878 3235 1879 3235 1897 3236 1879 3236 1898 3236 1898 3237 1879 3237 1880 3237 1898 3238 1880 3238 1899 3238 1899 3239 1880 3239 1881 3239 1899 3240 1881 3240 1900 3240 1900 3241 1881 3241 1882 3241 1900 3242 1882 3242 1901 3242 1901 3243 1882 3243 1883 3243 1901 3244 1883 3244 1902 3244 1902 3245 1883 3245 1884 3245 1902 3246 1884 3246 1903 3246 1903 3247 1884 3247 1885 3247 1903 3248 1885 3248 1904 3248 1904 3249 1885 3249 1840 3249 1904 3250 1840 3250 1839 3250 285 3251 1843 3251 291 3251 291 3252 1843 3252 1886 3252 291 3253 1886 3253 292 3253 292 3254 1886 3254 1887 3254 292 3255 1887 3255 293 3255 293 3256 1887 3256 1888 3256 293 3257 1888 3257 294 3257 294 3258 1888 3258 1889 3258 294 3259 1889 3259 287 3259 287 3260 1889 3260 1890 3260 287 3261 1890 3261 288 3261 288 3262 1890 3262 1891 3262 288 3263 1891 3263 290 3263 290 3264 1891 3264 1892 3264 290 3265 1892 3265 295 3265 295 3266 1892 3266 1893 3266 295 3267 1893 3267 296 3267 296 3268 1893 3268 1894 3268 296 3269 1894 3269 299 3269 299 3270 1894 3270 1895 3270 299 3271 1895 3271 300 3271 300 3272 1895 3272 1896 3272 300 3273 1896 3273 302 3273 302 3274 1896 3274 1897 3274 302 3275 1897 3275 303 3275 303 3276 1897 3276 1898 3276 303 3277 1898 3277 301 3277 301 3278 1898 3278 1899 3278 301 3279 1899 3279 304 3279 304 3280 1899 3280 1900 3280 304 3281 1900 3281 297 3281 297 3282 1900 3282 1901 3282 297 3283 1901 3283 289 3283 289 3284 1901 3284 1902 3284 289 3285 1902 3285 286 3285 286 3286 1902 3286 1903 3286 286 3287 1903 3287 284 3287 284 3288 1903 3288 1904 3288 284 3289 1904 3289 279 3289 279 3290 1904 3290 1839 3290 279 3291 1839 3291 280 3291 1905 3292 281 3292 298 3292 298 3293 1906 3293 1905 3293 1905 3294 1906 3294 1907 3294 1905 3295 1907 3295 1908 3295 1908 3296 1907 3296 1909 3296 1908 3297 1909 3297 1910 3297 285 3298 281 3298 1842 3298 1842 3299 281 3299 1905 3299 1842 3300 1905 3300 1844 3300 1844 3301 1905 3301 1908 3301 1844 3302 1908 3302 1846 3302 1846 3303 1908 3303 1910 3303 1846 3304 1910 3304 1254 3304 1254 3305 1910 3305 1361 3305 1909 3306 1911 3306 1910 3306 1910 3307 1911 3307 1912 3307 1910 3308 1912 3308 1361 3308 1361 3309 1912 3309 1364 3309 298 3310 277 3310 1906 3310 1906 3311 277 3311 1913 3311 1906 3312 1913 3312 1907 3312 1907 3313 1913 3313 1914 3313 1907 3314 1914 3314 1909 3314 1909 3314 1914 3314 1915 3314 1909 3315 1915 3315 1911 3315 1911 3316 1915 3316 1916 3316 1911 3317 1916 3317 1912 3317 1912 3318 1916 3318 1917 3318 1912 3319 1917 3319 1364 3319 1364 3320 1917 3320 1393 3320 1918 3321 272 3321 271 3321 277 3322 273 3322 1913 3322 1913 3323 273 3323 1919 3323 1393 3324 1917 3324 1920 3324 1920 3325 1917 3325 1916 3325 1920 3326 1916 3326 1921 3326 1921 3327 1916 3327 1915 3327 1921 3328 1915 3328 1919 3328 1919 3329 1915 3329 1914 3329 1919 3330 1914 3330 1913 3330 271 3331 1922 3331 1918 3331 1918 3332 1922 3332 1923 3332 1918 3333 1923 3333 1924 3333 1924 3334 1923 3334 1925 3334 1924 3335 1925 3335 1926 3335 1926 3336 1925 3336 1927 3336 1926 3337 1927 3337 1928 3337 1652 3338 1653 3338 1920 3338 1920 3339 1653 3339 1654 3339 1920 3340 1654 3340 1393 3340 273 3341 272 3341 1919 3341 1919 3342 272 3342 1918 3342 1919 3343 1918 3343 1921 3343 1921 3344 1918 3344 1924 3344 1921 3345 1924 3345 1920 3345 1920 3346 1924 3346 1926 3346 1920 3347 1926 3347 1652 3347 1652 3348 1926 3348 1928 3348 1652 3349 1928 3349 1492 3349 271 3350 260 3350 1922 3350 1922 3351 260 3351 1929 3351 1922 3352 1929 3352 1923 3352 1923 3353 1929 3353 1930 3353 1923 3354 1930 3354 1925 3354 1925 3355 1930 3355 1931 3355 1925 3356 1931 3356 1927 3356 1927 3357 1931 3357 1932 3357 1927 3358 1932 3358 1928 3358 1928 3359 1932 3359 1933 3359 1928 3360 1933 3360 1492 3360 1492 3361 1933 3361 1494 3361 1522 3362 1524 3362 1934 3362 1934 3363 1524 3363 1503 3363 1935 3364 1523 3364 1522 3364 1936 3365 1520 3365 1523 3365 269 3366 1937 3366 1517 3366 1517 3367 1519 3367 269 3367 269 3368 1519 3368 1520 3368 269 3369 1520 3369 270 3369 270 3370 1520 3370 1936 3370 270 3371 1936 3371 265 3371 265 3372 1936 3372 266 3372 266 3373 1936 3373 1938 3373 266 3374 1938 3374 264 3374 264 3375 1938 3375 1939 3375 264 3376 1939 3376 263 3376 263 3377 1939 3377 257 3377 257 3378 1939 3378 1940 3378 257 3379 1940 3379 259 3379 259 3380 1940 3380 1929 3380 259 3381 1929 3381 260 3381 1941 3382 1931 3382 1930 3382 1942 3383 1933 3383 1932 3383 1523 3384 1935 3384 1936 3384 1936 3385 1935 3385 1943 3385 1936 3386 1943 3386 1938 3386 1938 3387 1943 3387 1944 3387 1938 3388 1944 3388 1939 3388 1939 3389 1944 3389 1941 3389 1939 3390 1941 3390 1940 3390 1940 3391 1941 3391 1930 3391 1940 3392 1930 3392 1929 3392 1522 3393 1934 3393 1935 3393 1935 3394 1934 3394 1945 3394 1935 3395 1945 3395 1943 3395 1943 3396 1945 3396 1946 3396 1943 3397 1946 3397 1944 3397 1944 3398 1946 3398 1942 3398 1944 3399 1942 3399 1941 3399 1941 3400 1942 3400 1932 3400 1941 3401 1932 3401 1931 3401 1503 3402 1502 3402 1934 3402 1934 3403 1502 3403 1500 3403 1934 3404 1500 3404 1945 3404 1945 3405 1500 3405 1498 3405 1945 3406 1498 3406 1946 3406 1946 3407 1498 3407 1496 3407 1946 3408 1496 3408 1942 3408 1942 3409 1496 3409 1494 3409 1942 3410 1494 3410 1933 3410 1178 3411 1436 3411 1129 3411 1129 3412 1131 3412 1178 3412 1178 3413 1131 3413 1132 3413 1178 3414 1132 3414 1134 3414 1456 3415 1391 3415 1121 3415 1121 3416 1123 3416 1456 3416 1456 3417 1123 3417 1125 3417 1456 2183 1125 2183 1436 2183 1436 3418 1125 3418 1127 3418 1436 3419 1127 3419 1129 3419 1144 3420 1384 3420 1143 3420 1143 3421 1384 3421 1451 3421 1435 3422 1140 3422 1451 3422 1451 3423 1140 3423 1145 3423 1451 3424 1145 3424 1143 3424 1148 3425 1150 3425 1176 3425 1176 3426 1150 3426 1149 3426 1176 3427 1149 3427 1435 3427 1435 3428 1149 3428 1152 3428 1435 3429 1152 3429 1140 3429 1551 3430 1552 3430 1461 3430 1461 3431 1552 3431 1514 3431 1461 3432 1514 3432 1513 3432 1461 3433 1460 3433 1551 3433 1551 3434 1460 3434 1155 3434 1551 3435 1155 3435 1154 3435 1486 3436 1457 3436 1455 3436 1558 3437 1557 3437 1454 3437 1454 3438 1557 3438 1563 3438 1454 3439 1563 3439 1455 3439 1455 3440 1563 3440 1562 3440 1455 3441 1562 3441 1486 3441 1516 0 1548 0 1515 0 1515 0 1548 0 1546 0 1515 0 1546 0 1525 0 1525 0 1546 0 1526 0 1535 0 1530 0 1542 0 1542 3442 1530 3442 1526 3442 1542 0 1526 0 1543 0 1543 3443 1526 3443 1546 3443 1554 3444 1585 3444 1578 3444 1585 0 1554 0 1553 0 1553 3445 1554 3445 1555 3445 1553 0 1555 0 1586 0 1565 0 1564 0 1569 0 1569 0 1564 0 1554 0 1569 0 1554 0 1580 0 1580 0 1554 0 1578 0 33 3446 34 3446 1804 3446 33 3447 1804 3447 32 3447 32 3448 1804 3448 1592 3448 32 3449 1592 3449 1177 3449 1454 3450 1177 3450 1558 3450 1558 3451 1177 3451 1592 3451 1558 3452 1592 3452 1559 3452 1559 3453 1592 3453 1594 3453 1559 3454 1594 3454 1561 3454 1561 3455 1594 3455 1587 3455 1561 3456 1587 3456 1560 3456 1560 3457 1587 3457 1556 3457 1556 3458 1587 3458 1586 3458 1556 3459 1586 3459 1555 3459 1175 3460 1461 3460 1513 3460 1512 3461 1518 3461 1513 3461 1513 3462 1518 3462 1517 3462 1513 3463 1517 3463 1175 3463 1175 3464 1517 3464 267 3464 267 3465 1517 3465 268 3465 268 3466 1517 3466 1937 3466 268 3467 1937 3467 269 3467 1512 3468 1547 3468 1518 3468 1518 3469 1547 3469 1550 3469 1518 3470 1550 3470 1521 3470 1521 3471 1550 3471 1516 3471 1516 3472 1550 3472 1549 3472 1516 3473 1549 3473 1548 3473 1947 3474 1452 3474 1948 3474 1948 3475 1452 3475 1453 3475 1948 3476 1453 3476 1949 3476 1949 3477 1453 3477 1449 3477 1949 3478 1449 3478 1950 3478 1950 3479 1449 3479 1450 3479 1950 3480 1450 3480 1951 3480 1951 3481 1450 3481 1446 3481 1951 3482 1446 3482 1952 3482 1952 3483 1446 3483 1447 3483 1952 3484 1447 3484 1953 3484 1953 3485 1447 3485 1437 3485 1953 3486 1437 3486 1954 3486 1954 3486 1437 3486 1438 3486 1954 3 1438 3 1955 3 1955 3 1438 3 1439 3 1955 3487 1439 3487 1956 3487 1956 3487 1439 3487 1444 3487 1956 3488 1444 3488 1957 3488 1957 3489 1444 3489 1445 3489 1957 3490 1445 3490 1958 3490 1958 3491 1445 3491 1448 3491 1958 3492 1448 3492 1959 3492 1959 3493 1448 3493 1441 3493 1959 3494 1441 3494 1960 3494 1960 3495 1441 3495 1440 3495 1960 3496 1440 3496 1961 3496 1961 3497 1440 3497 1443 3497 1961 3498 1443 3498 1947 3498 1947 3499 1443 3499 1452 3499 1960 3500 1961 3500 1962 3500 1962 100 1961 100 1947 100 1962 100 1947 100 1948 100 1957 100 1958 100 1962 100 1962 3501 1958 3501 1959 3501 1962 100 1959 100 1960 100 1954 100 1955 100 1962 100 1962 100 1955 100 1956 100 1962 3502 1956 3502 1957 3502 1951 100 1952 100 1962 100 1962 3502 1952 3502 1953 3502 1962 100 1953 100 1954 100 1948 100 1949 100 1962 100 1962 100 1949 100 1950 100 1962 3501 1950 3501 1951 3501 1963 3503 1284 3503 1964 3503 1964 3504 1284 3504 1286 3504 1964 3505 1286 3505 1965 3505 1965 3506 1286 3506 1288 3506 1965 3507 1288 3507 1966 3507 1966 3508 1288 3508 1290 3508 1966 3509 1290 3509 1967 3509 1967 3510 1290 3510 1292 3510 1967 3511 1292 3511 1968 3511 1968 3512 1292 3512 1294 3512 1968 3513 1294 3513 1969 3513 1969 3514 1294 3514 1277 3514 1969 3515 1277 3515 1970 3515 1970 3515 1277 3515 1276 3515 1970 0 1276 0 1971 0 1971 0 1276 0 1279 0 1971 3516 1279 3516 1972 3516 1972 3516 1279 3516 1296 3516 1972 3517 1296 3517 1973 3517 1973 3518 1296 3518 1298 3518 1973 3519 1298 3519 1974 3519 1974 3520 1298 3520 1300 3520 1974 3521 1300 3521 1975 3521 1975 3522 1300 3522 1302 3522 1975 3523 1302 3523 1976 3523 1976 3524 1302 3524 1304 3524 1976 3525 1304 3525 1977 3525 1977 3526 1304 3526 1306 3526 1977 3527 1306 3527 1963 3527 1963 3528 1306 3528 1284 3528 1976 3529 1977 3529 1978 3529 1978 219 1977 219 1963 219 1978 219 1963 219 1964 219 1973 219 1974 219 1978 219 1978 3530 1974 3530 1975 3530 1978 219 1975 219 1976 219 1970 219 1971 219 1978 219 1978 3531 1971 3531 1972 3531 1978 3532 1972 3532 1973 3532 1967 219 1968 219 1978 219 1978 3532 1968 3532 1969 3532 1978 3531 1969 3531 1970 3531 1964 3533 1965 3533 1978 3533 1978 219 1965 219 1966 219 1978 3530 1966 3530 1967 3530</p>
        </triangles>
      </mesh>
    </geometry>
  </library_geometries>
  <library_visual_scenes>
    <visual_scene id="Scene" name="Scene">
      <node id="link_5_2" name="link_5_2" type="NODE">
        <matrix sid="transform">0 1 0 0 -1 0 0 0 0 0 1 0 0 0 0 1</matrix>
        <instance_geometry url="#link_5_2-mesh" name="link_5_2">
          <bind_material>
            <technique_common>
              <instance_material symbol="m_1-material" target="#m_1-material"/>
            </technique_common>
          </bind_material>
        </instance_geometry>
      </node>
    </visual_scene>
  </library_visual_scenes>
  <scene>
    <instance_visual_scene url="#Scene"/>
  </scene>
</COLLADA>