<?xml version="1.0" encoding="utf-8"?>
<COLLADA xmlns="http://www.collada.org/2005/11/COLLADASchema" version="1.4.1" xmlns:xsi="http://www.w3.org/2001/XMLSchema-instance">
  <asset>
    <contributor>
      <author>Blender User</author>
      <authoring_tool>Blender 4.0.2 commit date:2023-12-05, commit time:07:41, hash:9be62e85b727</authoring_tool>
    </contributor>
    <created>2025-10-30T11:55:08</created>
    <modified>2025-10-30T11:55:08</modified>
    <unit name="meter" meter="1"/>
    <up_axis>Z_UP</up_axis>
  </asset>
  <library_effects>
    <effect id="m_1-effect">
      <profile_COMMON>
        <technique sid="common">
          <lambert>
            <emission>
              <color sid="emission">0 0 0 1</color>
            </emission>
            <diffuse>
              <color sid="diffuse">0.2 0.2 0.17 1</color>
            </diffuse>
            <reflectivity>
              <float sid="specular">1</float>
            </reflectivity>
            <index_of_refraction>
              <float sid="ior">1.45</float>
            </index_of_refraction>
          </lambert>
        </technique>
      </profile_COMMON>
    </effect>
  </library_effects>
  <library_images/>
  <library_materials>
    <material id="m_1-material" name="m_1">
      <instance_effect url="#m_1-effect"/>
    </material>
  </library_materials>
  <library_geometries>
    <geometry id="link_1_4-mesh" name="link_1_4">
      <mesh>
        <source id="link_1_4-mesh-positions">
          <float_array id="link_1_4-mesh-positions-array" count="2298">-0.0284 -0.008256673 -0.007859647 -0.0284 -0.00716418 -0.005414187 -0.0284 -0.006515324 -0.005847752 -0.0284 -0.007299959 -0.008049964 -0.0284 -0.00575 -0.005999982 -0.0284 0.007299959 -0.008049964 -0.0284 0.009609699 -0.006506681 -0.0284 0.00716418 -0.005414187 -0.0284 0.007597744 -0.004765331 -0.0284 0.009799957 -0.005549967 -0.0284 0.007749974 -0.003999948 -0.0284 0.009799957 0.005549967 -0.0284 -0.009799957 -0.005549967 -0.0284 -0.007597744 -0.004765331 -0.0284 -0.009609699 -0.006506681 -0.0284 -0.009067714 -0.007317721 -0.0284 0.00575 -0.005999982 -0.0284 0.006515324 -0.005847752 -0.0284 0.008256673 -0.007859647 -0.0284 0.009067714 -0.007317721 -0.0284 0.007749974 0.003999948 -0.0284 0.007597744 0.004765331 -0.0284 0.009609699 0.006506681 -0.0284 0.00716418 0.005414187 -0.0284 0.009067714 0.007317721 -0.0284 -0.009345173 0.00698775 -0.0284 -0.00716418 0.005414187 -0.0284 -0.009711325 0.00620979 -0.0284 -0.007597744 0.004765331 -0.0284 -0.009799957 0.005549967 -0.0284 -0.007749974 0.003999948 -0.0284 -0.007749974 -0.003999948 -0.0284 0.008256673 0.007859647 -0.0284 0.006515324 0.005847752 -0.0284 0.007299959 0.008049964 -0.0284 0.00575 0.005999982 -0.0284 -0.007299959 0.008049964 -0.0284 -0.00575 0.005999982 -0.0284 -0.006515324 0.005847752 -0.0284 -0.007959067 0.007961511 -0.0284 -0.008737087 0.007595598 -0.008499979 0.007299959 0.008049964 -0.008499979 0.004699945 0.008049964 -0.01199996 -0.002999961 0.008049964 0 0.004699945 0.008049964 0 -0.002999961 0.008049964 -0.01199996 -0.007299959 0.008049964 -0.02635633 -0.007299602 0.008049964 -0.0264002 -0.007299184 0.008049964 -0.004725694 0.009799957 0.004374742 -0.005001902 0.009799957 0.004989922 -0.005377471 0.009799957 0.005549967 -0.004556834 0.009799957 0.003721892 -0.004499971 0.009799957 0.003049969 -0.004499971 0.009799957 -0.003049969 -0.004556834 0.009799957 -0.003721892 -0.004725694 0.009799957 -0.004374742 -0.005001902 0.009799957 -0.004989922 -0.005377471 0.009799957 -0.005549967 -0.008499979 0.007299959 -0.008049964 -0.008499979 0.004699945 -0.008049964 0 0.004699945 -0.008049964 0 -0.002999961 -0.008049964 -0.01199996 -0.002999961 -0.008049964 -0.01199996 -0.007299959 -0.008049964 -0.008056819 -0.009799957 -0.003721892 -0.007999956 -0.009799957 -0.003049969 -0.007999956 -0.009799957 0.003049969 -0.008056819 -0.009799957 0.003721892 -0.008225739 -0.009799957 0.004374742 -0.008501887 -0.009799957 0.004989922 -0.008877456 -0.009799957 0.005549967 -0.008877456 -0.009799957 -0.005549967 -0.008501887 -0.009799957 -0.004989922 -0.008225739 -0.009799957 -0.004374742 -0.006797969 0.008963286 0.007416367 -0.006665229 0.009078085 0.007307291 -0.006260871 0.009399235 0.006907582 -0.005901575 0.009631633 0.006451845 -0.00562793 0.009754717 0.006023526 -0.007552504 0.008255302 0.007860243 -0.00728935 0.008510589 0.007737278 -0.008488297 0.007309496 0.008049964 -0.008162081 0.007644295 0.008026123 -0.007807731 0.008001983 0.007949411 -0.01166212 -0.007644295 0.008026123 -0.01198917 -0.007310986 0.008049964 -0.01078933 -0.008510589 0.007737278 -0.01130777 -0.008001983 0.007949411 -0.009760856 -0.009399235 0.006907582 -0.01016527 -0.009078085 0.007307291 -0.01029801 -0.008963286 0.007416367 -0.01055055 -0.008735239 0.007596909 -0.009401619 -0.009631633 0.006451845 -0.009127914 -0.009754717 0.006023526 -0.008488297 0.007309496 -0.008049964 -0.008162081 0.007644295 -0.008026123 -0.007807731 0.008001983 -0.007949411 -0.006665229 0.009078085 -0.007307291 -0.006797969 0.008963286 -0.007416367 -0.00728935 0.008510589 -0.007737278 -0.007552504 0.008255302 -0.007860243 -0.006260871 0.009399235 -0.006907582 -0.005901575 0.009631633 -0.006451845 -0.00562793 0.009754717 -0.006023526 -0.01029801 -0.008963286 -0.007416367 -0.01016527 -0.009078085 -0.007307291 -0.009760856 -0.009399235 -0.006907582 -0.009401619 -0.009631633 -0.006451845 -0.009127914 -0.009754717 -0.006023526 -0.01105248 -0.008255302 -0.007860243 -0.01078933 -0.008510589 -0.007737278 -0.01198917 -0.007310986 -0.008049964 -0.01166212 -0.007644295 -0.008026123 -0.01130777 -0.008001983 -0.007949411 -0.0309 -0.00575 -0.005999982 -0.0309 -0.006515324 -0.005847752 -0.0309 -0.00716418 -0.005414187 -0.0309 -0.007597744 -0.004765331 -0.0309 -0.007749974 -0.003999948 -0.0309 -0.007749974 0.003999948 -0.0309 -0.007597744 0.004765331 -0.0309 -0.00716418 0.005414187 -0.0309 -0.006515324 0.005847752 -0.0309 -0.00575 0.005999982 -0.0309 0.00575 0.005999982 -0.0309 0.006515324 0.005847752 -0.0309 0.00716418 0.005414187 -0.0309 0.007597744 0.004765331 -0.0309 0.007749974 0.003999948 -0.0309 0.007749974 -0.003999948 -0.0309 0.007597744 -0.004765331 -0.0309 0.00716418 -0.005414187 -0.0309 0.006515324 -0.005847752 -0.0309 0.00575 -0.005999982 -0.03139996 0.007249951 0.003999948 -0.03139996 -0.007249951 0.003999948 -0.03139996 -0.00575 0.005499958 -0.03139996 -0.006323993 0.005385816 -0.03139996 -0.006810605 0.005060613 -0.03139996 -0.007135808 0.004574 -0.03139996 -0.00575 -0.005499958 -0.03139996 -0.006323993 -0.005385816 -0.03139996 -0.006810605 -0.005060613 -0.03139996 0.006810605 0.005060613 -0.03139996 0.007135808 0.004574 -0.03139996 0.006323993 0.005385816 -0.03139996 0.00575 0.005499958 -0.03139996 0.00575 -0.005499958 -0.03139996 -0.007249951 -0.003999948 -0.03139996 -0.007135808 -0.004574 -0.03139996 0.006810605 -0.005060613 -0.03139996 0.006323993 -0.005385816 -0.03139996 0.007135808 -0.004574 -0.03139996 0.007249951 -0.003999948 -0.006999969 -0.00879997 -0.003049969 -0.006999969 -0.004499971 -0.003049969 -0.006999969 -0.00879997 0.003049969 -0.006999969 -0.004499971 0.003049969 -0.003499984 0.00879997 0.003049969 -0.003499984 0.006199955 0.003049969 -0.003499984 0.00879997 -0.003049969 -0.003499984 0.006199955 -0.003049969 0.001324951 0.004699945 0.007940173 0.001324951 -0.002999961 0.007940173 0.001791238 0.004699945 0.007848143 0.001791238 -0.002999961 0.007848143 0.002613782 0.004699945 0.007613778 0.002613782 -0.002999961 0.007613778 0.003492712 0.004699945 0.007252752 0.003492712 -0.002999961 0.007252752 0.003831326 0.004699945 0.00707972 0.003831326 -0.002999961 0.00707972 0.004944384 0.004699945 0.006352543 0.004944384 -0.002999961 0.006352543 0.005019068 0.004699945 0.006293714 0.005019068 -0.002999961 0.006293714 0.005922555 0.004699945 0.005452096 0.005922555 -0.002999961 0.005452096 0.006293714 0.004699945 0.005019068 0.006293714 -0.002999961 0.005019068 0.006739139 0.004699945 0.004402875 0.006739139 -0.002999961 0.004402875 0.007252752 0.004699945 0.003492712 0.007252752 -0.002999961 0.003492712 0.007371962 0.004699945 0.003233611 0.007371962 -0.002999961 0.003233611 0.007803618 0.004699945 0.001976132 0.007803618 -0.002999961 0.001976132 0.007848143 0.004699945 0.001791238 0.007848143 -0.002999961 0.001791238 0.008022487 0.004699945 6.64764e-4 0.008022487 -0.002999961 6.64764e-4 0.008049964 0.004699945 0 0.008049964 -0.002999961 0 0.008022487 0.004699945 -6.64764e-4 0.008022487 -0.002999961 -6.64764e-4 0.007848143 0.004699945 -0.001791238 0.007848143 -0.002999961 -0.001791238 0.007803618 0.004699945 -0.001976132 0.007803618 -0.002999961 -0.001976132 0.007371962 0.004699945 -0.003233611 0.007371962 -0.002999961 -0.003233611 0.007252752 0.004699945 -0.003492712 0.007252752 -0.002999961 -0.003492712 0.006739139 0.004699945 -0.004402875 0.006739139 -0.002999961 -0.004402875 0.006293714 0.004699945 -0.005019068 0.006293714 -0.002999961 -0.005019068 0.005922555 0.004699945 -0.005452096 0.005922555 -0.002999961 -0.005452096 0.005019068 0.004699945 -0.006293714 0.005019068 -0.002999961 -0.006293714 0.004944384 0.004699945 -0.006352543 0.004944384 -0.002999961 -0.006352543 0.003831326 0.004699945 -0.00707972 0.003831326 -0.002999961 -0.00707972 0.003492712 0.004699945 -0.007252752 0.003492712 -0.002999961 -0.007252752 0.002613782 0.004699945 -0.007613778 0.002613782 -0.002999961 -0.007613778 0.001791238 0.004699945 -0.007848143 0.001791238 -0.002999961 -0.007848143 0.001324951 0.004699945 -0.007940173 0.001324951 -0.002999961 -0.007940173 -0.004929244 0.006199955 -0.006549954 -0.004169821 0.006199955 -0.005549967 -7.72542e-4 0.006199955 -0.002377629 -0.003670334 0.006199955 -0.004344046 -0.001672804 0.006199955 -0.001857817 -0.002283811 0.006199955 -0.001016795 0 0.006199955 -0.006549954 2.61321e-4 0.006199955 -0.002486288 0.001078069 0.006199955 -0.006460666 -0.004169821 0.006199955 0.005549967 -0.004929244 0.006199955 0.006549954 -7.72542e-4 0.006199955 0.002377629 0.002126753 0.006199955 -0.006195068 0.001249969 0.006199955 -0.002165019 0.003117442 0.006199955 -0.00576055 0.004023075 0.006199955 -0.005168855 0.002022504 0.006199955 -0.001469433 0.004818975 0.006199955 -0.004436194 0.001078069 0.006199955 0.006460666 0.002126753 0.006199955 0.006195068 2.61321e-4 0.006199955 0.002486288 0.001249969 0.006199955 0.002165019 -0.002499997 0.006199955 0 0 0.006199955 0.006549954 -0.003670334 0.006199955 0.004344046 -0.001672804 0.006199955 0.001857817 -0.002283811 0.006199955 0.001016795 0.00244534 0.006199955 -5.19779e-4 0.005998313 0.006199955 -0.002631068 0.005483388 0.006199955 -0.003582477 0.005483388 0.006199955 0.003582477 0.005998313 0.006199955 0.002631068 0.002022504 0.006199955 0.001469433 0.00244534 0.006199955 5.19779e-4 0.003117442 0.006199955 0.00576055 0.004023075 0.006199955 0.005168855 0.004818975 0.006199955 0.004436194 0.006349563 0.006199955 0.001607894 0.006527602 0.006199955 5.40895e-4 0.002499997 0.006199955 0 0.006527602 0.006199955 -5.40895e-4 0.006349563 0.006199955 -0.001607894 -0.007170319 -0.004499971 -0.004344046 -0.001672804 -0.004499971 -0.001857817 -0.007669866 -0.004499971 -0.005549967 -0.008429229 -0.004499971 -0.006549954 -7.72542e-4 -0.004499971 -0.002377629 0 -0.004499971 -0.006549954 2.61321e-4 -0.004499971 -0.002486288 -0.008429229 -0.004499971 0.006549954 -0.001672804 -0.004499971 0.001857817 0 -0.004499971 0.006549954 -7.72542e-4 -0.004499971 0.002377629 0.001078069 -0.004499971 0.006460666 2.61321e-4 -0.004499971 0.002486288 0.002126753 -0.004499971 0.006195068 0.001249969 -0.004499971 0.002165019 0.003117442 -0.004499971 0.00576055 0.006349563 -0.004499971 -0.001607894 0.00244534 -0.004499971 -5.19779e-4 0.005998313 -0.004499971 -0.002631068 0.002022504 -0.004499971 -0.001469433 0.005483388 -0.004499971 -0.003582477 0.001078069 -0.004499971 -0.006460666 0.002126753 -0.004499971 -0.006195068 0.001249969 -0.004499971 -0.002165019 -0.002283811 -0.004499971 -0.001016795 -0.002499997 -0.004499971 0 -0.002283811 -0.004499971 0.001016795 -0.007170319 -0.004499971 0.004344046 -0.007669866 -0.004499971 0.005549967 0.004023075 -0.004499971 0.005168855 0.002022504 -0.004499971 0.001469433 0.004818975 -0.004499971 0.004436194 0.00244534 -0.004499971 5.19779e-4 0.005998313 -0.004499971 0.002631068 0.005483388 -0.004499971 0.003582477 0.006527602 -0.004499971 -5.40895e-4 0.006527602 -0.004499971 5.40895e-4 0.006349563 -0.004499971 0.001607894 0.003117442 -0.004499971 -0.00576055 0.004023075 -0.004499971 -0.005168855 0.004818975 -0.004499971 -0.004436194 -0.003571033 0.00879997 0.003889858 -0.003670334 0.00879997 0.004344046 -0.003782153 0.00879997 0.004705905 -0.004127383 0.00879997 0.005474925 -0.004596829 0.00879997 0.006174981 -0.004909932 0.00877279 0.006530165 -0.004964768 0.008763492 0.006585836 -0.005252003 0.00869894 0.006851375 -0.005283355 0.006163656 0.006877958 -0.005701124 0.008559525 0.007193207 -0.00568515 0.006060123 0.007182419 -0.006001293 0.0084486 0.007380843 -0.005882859 0.005992949 0.00731033 -0.006928324 0.005534291 0.007796525 -0.006389737 0.00578773 0.007582843 -0.007206916 0.007924258 0.007879853 -0.006206572 0.008366882 0.007492959 -0.006372511 0.00829792 0.007574796 -0.006986677 0.008026361 0.00781548 -0.007634699 0.007721185 0.007974505 -0.007204473 0.005394995 0.007879257 -0.007097363 0.005449652 0.007849216 -0.008487582 0.00470674 0.008049964 -0.007838129 0.005060613 0.008005976 -0.008486509 0.007306575 0.008049964 -0.008077621 0.007506549 0.008032083 -0.008487582 0.00470674 -0.008049964 -0.008077621 0.007506549 -0.008032083 -0.00709939 0.005448579 -0.007849812 -0.008486509 0.007306575 -0.008049964 -0.007570326 0.005203902 -0.007962763 -0.008231878 0.004846692 -0.008042752 -0.006202757 0.005868077 -0.007490992 -0.006372511 0.00829792 -0.007574796 -0.005870997 0.00599724 -0.007302999 -0.006206572 0.008366882 -0.007492959 -0.006001293 0.0084486 -0.007380843 -0.006766974 0.005613029 -0.00774002 -0.007206916 0.007924258 -0.007879853 -0.006986677 0.008026361 -0.00781548 -0.007634699 0.007721185 -0.007974505 -0.006928324 0.005534291 -0.007796525 -0.004964768 0.008763492 -0.006585836 -0.005252003 0.00869894 -0.006851375 -0.005306661 0.006159186 -0.006897449 -0.005701124 0.008559525 -0.007193207 -0.00568515 0.006060123 -0.007182419 -0.004909932 0.00877279 -0.006530165 -0.004596829 0.00879997 -0.006174981 -0.004127383 0.00879997 -0.005474925 -0.003782153 0.00879997 -0.004705905 -0.003571033 0.00879997 -0.003889858 -0.003670334 0.00879997 -0.004344046 -0.01107031 -0.003503918 0.007962763 -0.01059937 -0.003748595 0.007849812 -0.01198738 -0.007308065 0.008049964 -0.0115776 -0.007506549 0.008032083 -0.01173192 -0.003146708 0.008042752 -0.01198756 -0.003006756 0.008049964 -0.01048666 -0.008026361 0.00781548 -0.009872496 -0.00829792 0.007574796 -0.009370982 -0.004297256 0.007302999 -0.009706556 -0.008366882 0.007492959 -0.009501278 -0.0084486 0.007380843 -0.0107069 -0.007924258 0.007879853 -0.009702742 -0.004168093 0.007490992 -0.01026701 -0.003913044 0.00774002 -0.01113468 -0.007721185 0.007974505 -0.0104283 -0.003834307 0.007796525 -0.008464753 -0.008763492 0.006585836 -0.008751988 -0.00869894 0.006851375 -0.008806705 -0.004459202 0.006897449 -0.009201109 -0.008559525 0.007193207 -0.009185194 -0.004360139 0.007182419 -0.008409917 -0.00877279 0.006530165 -0.008096873 -0.00879997 0.006174981 -0.007627367 -0.00879997 0.005474925 -0.007282137 -0.00879997 0.004705905 -0.007071018 -0.00879997 0.003889858 -0.007170319 -0.00879997 0.004344046 -0.007071018 -0.00879997 -0.003889858 -0.007170319 -0.00879997 -0.004344046 -0.007282137 -0.00879997 -0.004705905 -0.007627367 -0.00879997 -0.005474925 -0.008096873 -0.00879997 -0.006174981 -0.008409917 -0.00877279 -0.006530165 -0.008464753 -0.008763492 -0.006585836 -0.008751988 -0.00869894 -0.006851375 -0.00878334 -0.004463672 -0.006877958 -0.009201109 -0.008559525 -0.007193207 -0.009185194 -0.004360139 -0.007182419 -0.009501278 -0.0084486 -0.007380843 -0.009382843 -0.004292964 -0.00731033 -0.009706556 -0.008366882 -0.007492959 -0.009872496 -0.00829792 -0.007574796 -0.01048666 -0.008026361 -0.00781548 -0.009889781 -0.004087686 -0.007582843 -0.0107069 -0.007924258 -0.007879853 -0.0104283 -0.003834307 -0.007796525 -0.01113468 -0.007721185 -0.007974505 -0.01070451 -0.003695011 -0.007879257 -0.01059734 -0.003749608 -0.007849216 -0.01198756 -0.003006756 -0.008049964 -0.01133811 -0.003360629 -0.008005976 -0.01198738 -0.007308065 -0.008049964 -0.0115776 -0.007506549 -0.008032083 -0.005388796 0.009104132 0.006847977 -0.005840063 0.008897781 0.007206261 -0.008105635 0.007552683 0.008033037 -0.008133828 0.007598638 0.00803101 -0.00774908 0.007910311 0.007969796 -0.007080972 0.008196234 0.007825553 -0.007691204 0.007816314 0.00797826 -0.006494998 0.008544147 0.007590472 -0.006334841 0.008634865 0.00750935 -0.005034983 0.009229779 0.006497085 -0.004701435 0.009299993 0.006091237 -0.004825472 0.00950706 0.005991935 -0.007183134 0.00835973 0.007799148 -0.006640553 0.008771657 0.007536292 -0.006492376 0.008879184 0.007445573 -0.006035387 0.009190797 0.007106602 -0.005619406 0.009435236 0.006706178 -0.005293786 0.009583711 0.006314516 -0.00498718 0.009666025 0.005862474 -0.004193961 0.009182631 0.00543797 -0.003853976 0.009182631 0.004680693 -0.003646075 0.009182631 0.003877103 -0.004383504 0.00950706 0.005332887 -0.004058539 0.00950706 0.004608929 -0.003859758 0.00950706 0.003840684 -0.004667222 0.009723842 0.00517553 -0.003576099 0.009182631 0.003049969 -0.003633916 0.009299993 0.003049969 -0.003792881 0.00950706 0.003049969 -0.003999948 0.009666025 0.003049969 -0.004364609 0.009723842 0.004501461 -0.004179537 0.009723842 0.003786206 -0.00411731 0.009723842 0.003049969 -0.003576099 0.009182631 -0.003049969 -0.003633916 0.009299993 -0.003049969 -0.003792881 0.00950706 -0.003049969 -0.003999948 0.009666025 -0.003049969 -0.00411731 0.009723842 -0.003049969 -0.004701435 0.009299993 -0.006091237 -0.003853976 0.009182631 -0.004680693 -0.003646075 0.009182631 -0.003877103 -0.003859758 0.00950706 -0.003840684 -0.004179537 0.009723842 -0.003786206 -0.004364609 0.009723842 -0.004501461 -0.004058539 0.00950706 -0.004608929 -0.004193961 0.009182631 -0.00543797 -0.004383504 0.00950706 -0.005332887 -0.004667222 0.009723842 -0.00517553 -0.004825472 0.00950706 -0.005991935 -0.00498718 0.009666025 -0.005862474 -0.005388796 0.009104132 -0.006847977 -0.008133828 0.007598638 -0.00803101 -0.008105635 0.007552683 -0.008033037 -0.007691204 0.007816314 -0.00797826 -0.007183134 0.00835973 -0.007799148 -0.00774908 0.007910311 -0.007969796 -0.006334841 0.008634865 -0.00750935 -0.006494998 0.008544147 -0.007590472 -0.007080972 0.008196234 -0.007825553 -0.005840063 0.008897781 -0.007206261 -0.006640553 0.008771657 -0.007536292 -0.006492376 0.008879184 -0.007445573 -0.006035387 0.009190797 -0.007106602 -0.005619406 0.009435236 -0.006706178 -0.005293786 0.009583711 -0.006314516 -0.005034983 0.009229779 -0.006497085 -0.00888884 -0.009104132 -0.006847977 -0.009340047 -0.008897781 -0.007206261 -0.01160567 -0.007552683 -0.008033037 -0.01163381 -0.007598638 -0.00803101 -0.01124912 -0.007910311 -0.007969796 -0.01058095 -0.008196234 -0.007825553 -0.01119118 -0.007816314 -0.00797826 -0.009995043 -0.008544147 -0.007590472 -0.009834825 -0.008634865 -0.00750935 -0.008534967 -0.009229779 -0.006497085 -0.00820142 -0.009299993 -0.006091237 -0.008325517 -0.00950706 -0.005991935 -0.01068317 -0.00835973 -0.007799148 -0.01014053 -0.008771657 -0.007536292 -0.009992361 -0.008879184 -0.007445573 -0.009535372 -0.009190797 -0.007106602 -0.009119391 -0.009435236 -0.006706178 -0.008793771 -0.009583711 -0.006314516 -0.008487164 -0.009666025 -0.005862474 -0.007693946 -0.009182631 -0.00543797 -0.007353961 -0.009182631 -0.004680693 -0.00714606 -0.009182631 -0.003877103 -0.007883489 -0.00950706 -0.005332887 -0.007558524 -0.00950706 -0.004608929 -0.007359743 -0.00950706 -0.003840684 -0.008167207 -0.009723842 -0.00517553 -0.007076084 -0.009182631 -0.003049969 -0.00713396 -0.009299993 -0.003049969 -0.007292866 -0.00950706 -0.003049969 -0.007499992 -0.009666025 -0.003049969 -0.007864654 -0.009723842 -0.004501461 -0.007679581 -0.009723842 -0.003786206 -0.007617294 -0.009723842 -0.003049969 -0.007076084 -0.009182631 0.003049969 -0.00713396 -0.009299993 0.003049969 -0.007292866 -0.00950706 0.003049969 -0.007499992 -0.009666025 0.003049969 -0.007617294 -0.009723842 0.003049969 -0.00820142 -0.009299993 0.006091237 -0.007353961 -0.009182631 0.004680693 -0.00714606 -0.009182631 0.003877103 -0.007359743 -0.00950706 0.003840684 -0.007679581 -0.009723842 0.003786206 -0.007864654 -0.009723842 0.004501461 -0.007558524 -0.00950706 0.004608929 -0.007693946 -0.009182631 0.00543797 -0.007883489 -0.00950706 0.005332887 -0.008167207 -0.009723842 0.00517553 -0.008325517 -0.00950706 0.005991935 -0.008487164 -0.009666025 0.005862474 -0.00888884 -0.009104132 0.006847977 -0.01160567 -0.007552683 0.008033037 -0.01119118 -0.007816314 0.00797826 -0.01163381 -0.007598638 0.00803101 -0.01124912 -0.007910311 0.007969796 -0.01014053 -0.008771657 0.007536292 -0.01068317 -0.00835973 0.007799148 -0.009834825 -0.008634865 0.00750935 -0.009995043 -0.008544147 0.007590472 -0.01058095 -0.008196234 0.007825553 -0.009340047 -0.008897781 0.007206261 -0.009992361 -0.008879184 0.007445573 -0.009535372 -0.009190797 0.007106602 -0.009119391 -0.009435236 0.006706178 -0.008793771 -0.009583711 0.006314516 -0.008534967 -0.009229779 0.006497085 0 -0.004298985 0.007299959 0 -0.004426538 0.007013499 0 -0.003749966 0.007849037 0 -0.004213511 0.007431626 0 -0.003881633 0.007763504 0 -0.003463506 0.007976531 0.003796398 -0.003463506 -0.007015168 0.005868554 -0.003463506 -0.005402386 0.006677687 -0.003463506 -0.004362761 0.007949292 -0.003463506 -6.58701e-4 0.00773245 -0.003463506 0.001958131 0.006677687 -0.003463506 0.004362761 0.004899263 -0.003463506 0.006294608 0.002589941 -0.003463506 0.007544338 0.001154363 -0.004426538 -0.006917834 0.001154363 -0.004426538 0.006917834 0.001223206 -0.004213511 0.007330298 0.003338038 -0.004426538 -0.006168186 0.002277255 -0.004426538 -0.00663346 0.003537058 -0.004213511 -0.006535947 0.002413034 -0.004213511 -0.007028996 0.003695011 -0.003881633 -0.006827771 0.002520799 -0.003881633 -0.007342875 0.001223206 -0.004213511 -0.007330298 0.001277804 -0.003881633 -0.007657587 0.001312851 -0.003463506 0.007867753 0.001277804 -0.003881633 0.007657587 0.002277255 -0.004426538 0.00663346 0.002413034 -0.004213511 0.007028996 0.002520799 -0.003881633 0.007342875 0.005159974 -0.004426538 0.004750072 0.005871474 -0.004426538 0.003835976 0.005467653 -0.004213511 0.005033314 0.006221532 -0.004213511 0.004064738 0.005711793 -0.003881633 0.005258083 0.00649935 -0.003881633 0.004246234 0.005868554 -0.003463506 0.005402386 0.006989538 -0.004426538 5.79172e-4 0.006989538 -0.004426538 -5.79172e-4 0.007406294 -0.004213511 6.13703e-4 0.007406294 -0.004213511 -6.13703e-4 0.00773698 -0.003881633 6.41107e-4 0.00773698 -0.003881633 -6.41107e-4 0.007949292 -0.003463506 6.58701e-4 0.006422758 -0.004426538 -0.002817273 0.005871474 -0.004426538 -0.003835976 0.006805717 -0.004213511 -0.002985239 0.006221532 -0.004213511 -0.004064738 0.007109582 -0.003881633 -0.003118515 0.00649935 -0.003881633 -0.004246234 0.007304728 -0.003463506 -0.003204107 0 -0.004426538 -0.007013499 0 -0.004298985 -0.007299959 0 -0.004213511 -0.007431626 0 -0.003881633 -0.007763504 0 -0.003749966 -0.007849037 0.002589941 -0.003463506 -0.007544338 0.001312851 -0.003463506 -0.007867753 0 -0.003463506 -0.007976531 0.003796398 -0.003463506 0.007015168 0.003695011 -0.003881633 0.006827771 0.003537058 -0.004213511 0.006535947 0.003338038 -0.004426538 0.006168186 0.004307746 -0.004426538 0.005534648 0.004564583 -0.004213511 0.00586462 0.004768431 -0.003881633 0.006126463 0.007304728 -0.003463506 0.003204107 0.007109582 -0.003881633 0.003118515 0.006805717 -0.004213511 0.002985239 0.006422758 -0.004426538 0.002817273 0.006798863 -0.004426538 0.00172168 0.007204234 -0.004213511 0.001824319 0.00752592 -0.003881633 0.001905798 0.00773245 -0.003463506 -0.001958131 0.00752592 -0.003881633 -0.001905798 0.007204234 -0.004213511 -0.001824319 0.006798863 -0.004426538 -0.00172168 0.005711793 -0.003881633 -0.005258083 0.005467653 -0.004213511 -0.005033314 0.005159974 -0.004426538 -0.004750072 0.004899263 -0.003463506 -0.006294608 0.004768431 -0.003881633 -0.006126463 0.004564583 -0.004213511 -0.00586462 0.004307746 -0.004426538 -0.005534648 0 0.005999028 -0.007299959 0 0.006126582 -0.007013499 0 0.00544995 -0.007849037 0 0.005913496 -0.007431626 0 0.005581676 -0.007763504 0 0.00516349 -0.007976531 0.003796398 0.00516349 0.007015168 0.005868554 0.00516349 0.005402386 0.006677687 0.00516349 0.004362761 0.007949292 0.00516349 6.58701e-4 0.007949292 0.00516349 -6.58701e-4 0.00773245 0.00516349 -0.001958131 0.006677687 0.00516349 -0.004362761 0.004899263 0.00516349 -0.006294608 0.002589941 0.00516349 -0.007544338 0.001154363 0.006126582 0.006917834 0.001154363 0.006126582 -0.006917834 0.001223206 0.005913496 -0.007330298 0.003338038 0.006126582 0.006168186 0.002277255 0.006126582 0.00663346 0.003537058 0.005913496 0.006535947 0.002413034 0.005913496 0.007028996 0.003695011 0.005581676 0.006827771 0.002520799 0.005581676 0.007342875 0.001223206 0.005913496 0.007330298 0.001277804 0.005581676 0.007657587 0.001312851 0.00516349 -0.007867753 0.001277804 0.005581676 -0.007657587 0.002277255 0.006126582 -0.00663346 0.002413034 0.005913496 -0.007028996 0.002520799 0.005581676 -0.007342875 0.005159974 0.006126582 -0.004750072 0.005871474 0.006126582 -0.003835976 0.005467653 0.005913496 -0.005033314 0.006221532 0.005913496 -0.004064738 0.005711793 0.005581676 -0.005258083 0.00649935 0.005581676 -0.004246234 0.005868554 0.00516349 -0.005402386 0.006422758 0.006126582 0.002817273 0.005871474 0.006126582 0.003835976 0.006805717 0.005913496 0.002985239 0.006221532 0.005913496 0.004064738 0.007109582 0.005581676 0.003118515 0.00649935 0.005581676 0.004246234 0.007304728 0.00516349 0.003204107 0 0.006126582 0.007013499 0 0.005999028 0.007299959 0 0.005913496 0.007431626 0 0.005581676 0.007763504 0 0.00544995 0.007849037 0.002589941 0.00516349 0.007544338 0.001312851 0.00516349 0.007867753 0 0.00516349 0.007976531 0.003796398 0.00516349 -0.007015168 0.003695011 0.005581676 -0.006827771 0.003537058 0.005913496 -0.006535947 0.003338038 0.006126582 -0.006168186 0.004307746 0.006126582 -0.005534648 0.004564583 0.005913496 -0.00586462 0.004768431 0.005581676 -0.006126463 0.007304728 0.00516349 -0.003204107 0.007109582 0.005581676 -0.003118515 0.006805717 0.005913496 -0.002985239 0.006422758 0.006126582 -0.002817273 0.006798863 0.006126582 -0.00172168 0.007204234 0.005913496 -0.001824319 0.00752592 0.005581676 -0.001905798 0.00773698 0.005581676 -6.41107e-4 0.007406294 0.005913496 -6.13703e-4 0.006989538 0.006126582 -5.79172e-4 0.00773698 0.005581676 6.41107e-4 0.007406294 0.005913496 6.13703e-4 0.006989538 0.006126582 5.79172e-4 0.00773245 0.00516349 0.001958131 0.00752592 0.005581676 0.001905798 0.007204234 0.005913496 0.001824319 0.006798863 0.006126582 0.00172168 0.005711793 0.005581676 0.005258083 0.005467653 0.005913496 0.005033314 0.005159974 0.006126582 0.004750072 0.004899263 0.00516349 0.006294608 0.004768431 0.005581676 0.006126463 0.004564583 0.005913496 0.00586462 0.004307746 0.006126582 0.005534648 -0.02599996 0.001407146 -4.5e-4 -0.02570718 0.001699984 -4.5e-4 -0.02639997 0.00209999 -4.5e-4 -0.02559995 0.00209999 -4.5e-4 -0.02570718 0.002499997 -4.5e-4 -0.02709281 0.001699984 -4.5e-4 -0.02679997 0.001407146 -4.5e-4 -0.02639997 0.001299977 -4.5e-4 -0.02679997 0.002792775 -4.5e-4 -0.02709281 0.002499997 -4.5e-4 -0.02719998 0.00209999 -4.5e-4 -0.02599996 0.002792775 -4.5e-4 -0.02639997 0.002899944 -4.5e-4 -0.02559995 0.00209999 0.003049969 -0.02570718 0.002499997 0.003049969 -0.02599996 0.002792775 0.003049969 -0.02639997 0.002899944 0.003049969 -0.02679997 0.002792775 0.003049969 -0.02709281 0.002499997 0.003049969 -0.02719998 0.00209999 0.003049969 -0.02709281 0.001699984 0.003049969 -0.02679997 0.001407146 0.003049969 -0.02639997 0.001299977 0.003049969 -0.02599996 0.001407146 0.003049969 -0.02570718 0.001699984 0.003049969 -0.02639997 0.00209999 0.003049969 -0.02599996 -0.002792775 -4.5e-4 -0.02570718 -0.002499997 -4.5e-4 -0.02639997 -0.00209999 -4.5e-4 -0.02559995 -0.00209999 -4.5e-4 -0.02570718 -0.001699984 -4.5e-4 -0.02709281 -0.002499997 -4.5e-4 -0.02679997 -0.002792775 -4.5e-4 -0.02639997 -0.002899944 -4.5e-4 -0.02679997 -0.001407146 -4.5e-4 -0.02709281 -0.001699984 -4.5e-4 -0.02719998 -0.00209999 -4.5e-4 -0.02599996 -0.001407146 -4.5e-4 -0.02639997 -0.001299977 -4.5e-4 -0.02559995 -0.00209999 0.003049969 -0.02570718 -0.001699984 0.003049969 -0.02599996 -0.001407146 0.003049969 -0.02639997 -0.001299977 0.003049969 -0.02679997 -0.001407146 0.003049969 -0.02709281 -0.001699984 0.003049969 -0.02719998 -0.00209999 0.003049969 -0.02709281 -0.002499997 0.003049969 -0.02679997 -0.002792775 0.003049969 -0.02639997 -0.002899944 0.003049969 -0.02599996 -0.002792775 0.003049969 -0.02570718 -0.002499997 0.003049969 -0.02639997 -0.00209999 0.003049969</float_array>
          <technique_common>
            <accessor source="#link_1_4-mesh-positions-array" count="766" stride="3">
              <param name="X" type="float"/>
              <param name="Y" type="float"/>
              <param name="Z" type="float"/>
            </accessor>
          </technique_common>
        </source>
        <source id="link_1_4-mesh-normals">
          <float_array id="link_1_4-mesh-normals-array" count="4008">-1 -1.76568e-6 0 -1 0 0 -1 -5.03882e-7 0 -1 -1.61242e-6 0 -1 2.01553e-6 0 -1 -2.55802e-6 0 -1 3.22484e-6 0 -1 5.03882e-7 0 -1 1.76568e-6 0 -1 1.33097e-6 0 -1 -3.22484e-6 0 -1 -1.60062e-6 0 -1 2.38931e-6 0 -1 -2.01553e-6 0 -1 2.55802e-6 0 -1 -1.77462e-6 0 -1 1.82132e-6 0 -1 -6.40252e-6 0 -1 6.3751e-6 0 0 0 1 0 0 1 0 0 1 0 1 0 0 1 2.2572e-6 0 1 -4.9283e-7 0 1 4.9283e-7 0 1 -5.10971e-7 0 1 -1.19914e-6 0 0 -1 -2.10938e-7 0 -1 0 0 -1 0 -1 2.14546e-6 0 -1 0 0 -1 -1.38282e-6 0 -1 -1.806e-6 0 -1 1.41412e-6 0 -1 -2.66187e-6 0 -1 1.806e-6 0 -1 -8.58878e-7 1.94754e-5 0.6886266 0.7251163 -1.30046e-4 0.8314693 0.5555707 -0.003869831 0.7814876 0.6239089 2.38183e-4 0.8907784 0.454438 -4.81652e-4 0.980785 0.1950915 -0.003785431 0.9617373 0.2739474 0 0.9954637 0.09514302 1.41775e-5 0.5555697 0.83147 -0.006266534 0.439114 0.8984096 -9.22409e-4 0.5790182 0.8153141 0 0.1950909 0.9807852 -0.008941233 0.01299226 0.9998757 -0.005882799 0.07663178 0.9970422 -0.001643598 0.2113829 0.9774019 -4.06128e-6 0.3319466 0.9432982 -0.002465307 -0.0736339 0.9972823 0 -0.002199292 0.9999976 -1.03548e-4 -0.1326032 0.9911692 -0.001067936 -0.1296342 0.9915613 5.05267e-5 -0.132997 0.9911165 -0.001806616 -0.4255795 0.9049192 -3.11595e-4 -0.3851423 0.9228571 1.68278e-4 -0.2096674 0.9777728 4.33608e-4 -0.7793715 0.626562 -0.00257343 -0.690194 0.7236199 -0.001830339 -0.7069984 0.7072129 7.35742e-6 -0.6207599 0.7840009 -6.77919e-6 -0.5299235 0.8480454 -6.32359e-4 -0.8910577 0.4538897 -0.001630246 -0.9047888 0.4258576 5.08898e-4 -0.9610164 0.2764909 -9.44092e-4 -0.9910963 0.1331441 0 -0.9954636 0.09514403 0 0.002049446 -0.999998 -9.25749e-5 0.195091 -0.9807852 -0.005882799 0.07663178 -0.9970422 -0.001643598 0.2113832 -0.9774019 1.94631e-5 0.6886266 -0.7251163 -9.22409e-4 0.5790182 -0.8153141 -0.001862406 0.555569 -0.8314684 4.07961e-6 0.4338824 -0.9009696 -4.06128e-6 0.3319466 -0.9432982 -7.14522e-5 0.7796201 -0.6262529 -0.002157032 0.8314678 -0.5555688 2.3818e-4 0.8907784 -0.4544379 -2.65259e-4 0.9611482 -0.2760331 -0.00210762 0.9807835 -0.195088 0 0.9954636 -0.09514373 2.32161e-5 -0.6886242 -0.7251185 -1.55007e-4 -0.83147 -0.5555698 -0.00458312 -0.7818362 -0.6234672 2.82158e-4 -0.8907663 -0.4544619 -5.70385e-4 -0.9807847 -0.1950924 -0.004462778 -0.9618476 -0.2735494 0 -0.9954637 -0.09514325 1.70379e-5 -0.5555694 -0.8314702 -0.007468461 -0.4401125 -0.8979116 -0.001099467 -0.579146 -0.8152231 0 -0.1950913 -0.9807851 -0.01086097 -0.01283156 -0.9998587 -0.007057309 -0.07811444 -0.9969195 -0.001975119 -0.2116965 -0.9773336 -4.88064e-6 -0.3319493 -0.9432973 0 -0.1950897 -0.9807855 0 -0.1950908 -0.9807852 0 -0.5555701 -0.8314698 0 -0.5555707 -0.8314693 0 -0.8314698 -0.5555701 0 -0.9807854 -0.1950904 0 -0.9807854 -0.1950901 0 -0.9807854 0.1950904 0 -0.9807854 0.1950901 0 -0.8314698 0.5555701 0 -0.5555701 0.8314698 0 -0.5555707 0.8314693 0 -0.1950904 0.9807854 0 -0.1950901 0.9807854 0 0.1950897 0.9807855 0 0.1950908 0.9807852 0 0.5555701 0.8314698 0 0.5555707 0.8314693 0 0.8314698 0.5555701 0 0.9807854 0.1950904 0 0.9807854 0.1950901 0 0.9807854 -0.1950904 0 0.9807854 -0.1950901 0 0.8314698 -0.5555701 0 0.5555701 -0.8314698 0 0.5555707 -0.8314693 0 0.1950904 -0.9807854 0 0.1950901 -0.9807854 -1 -7.80699e-6 0 -1 2.77528e-5 0 -1 2.77529e-5 0 -1 -9.74549e-6 0 -1 -3.03165e-6 0 -1 -3.9035e-6 0 -1 2.77529e-5 0 -1 -6.09092e-6 0 -1 4.85064e-6 0 -0.7071074 0 0.7071062 -0.7002148 0.1392824 0.700214 -0.700215 0.1392825 0.7002139 -0.7002162 0.3966369 0.5936132 -0.7002143 0.3966401 0.5936133 -0.7002144 0.5936142 0.3966384 -0.7002152 0.5936118 0.3966406 -0.7002151 0.7002141 0.1392809 -0.7002124 0.7002168 0.1392807 -0.7002151 -0.7002141 0.1392809 -0.7002135 -0.7002157 0.1392809 -0.7002165 -0.5936101 0.3966409 -0.7002136 -0.5936157 0.3966376 -0.7002153 -0.3966369 0.5936141 -0.700215 -0.3966402 0.5936123 -0.7002156 -0.1392793 0.7002139 -0.7002136 -0.1392912 0.7002136 -0.7071093 0.7071043 0 -0.7071093 -0.7071043 0 -0.7002151 0.7002141 -0.1392809 -0.7002135 0.7002157 -0.1392809 -0.7002165 0.5936101 -0.3966409 -0.7002136 0.5936157 -0.3966376 -0.7002153 0.3966369 -0.5936141 -0.700215 0.3966402 -0.5936123 -0.7002156 0.1392793 -0.7002139 -0.7002136 0.1392912 -0.7002136 -0.7002148 -0.1392824 -0.700214 -0.700215 -0.1392825 -0.7002139 -0.7002162 -0.3966369 -0.5936132 -0.7002143 -0.3966401 -0.5936133 -0.7002144 -0.5936142 -0.3966384 -0.7002152 -0.5936118 -0.3966406 -0.7002151 -0.7002141 -0.1392809 -0.7002124 -0.7002168 -0.1392807 -0.7071074 0 -0.7071062 1 0 0 0.08257925 0 0.9965845 0.08258062 0 0.9965844 0.1936406 0 0.9810726 0.1936425 0 0.9810722 0.2739979 0 0.9617304 0.2739958 0 0.961731 0.3799546 0 0.9250053 0.3799537 0 0.9250056 0.4550422 0 0.8904699 0.5469483 0 0.8371665 0.6188583 0 0.7855027 0.6188645 0 0.7854978 0.6816146 0 0.7317115 0.6816146 0 0.7317114 0.7592539 0 0.6507946 0.7592539 0 0.6507945 0.810403 0 0.5858728 0.8709046 0 0.4914521 0.8709046 0 0.4914523 0.9085141 0 0.4178544 0.9085137 0 0.417855 0.9458172 0 0.3246995 0.9458173 0 0.3246995 0.9722319 0 0.2340198 0.9722318 0 0.2340201 0.9882365 0 0.1529337 0.9882365 0 0.1529337 0.9991458 0 0.04132586 0.9991458 0 -0.04132586 0.9882365 0 -0.1529337 0.9882365 0 -0.1529337 0.9722318 0 -0.2340201 0.9722319 0 -0.2340199 0.9458173 0 -0.3246995 0.9458172 0 -0.3246995 0.9085137 0 -0.417855 0.9085141 0 -0.4178544 0.8709046 0 -0.4914523 0.8709046 0 -0.4914521 0.810403 0 -0.5858728 0.7592539 0 -0.6507946 0.7592539 0 -0.6507945 0.6816146 0 -0.7317115 0.6816146 0 -0.7317114 0.6188645 0 -0.7854979 0.6188583 0 -0.7855026 0.5469483 0 -0.8371665 0.4550422 0 -0.8904699 0.3799537 0 -0.9250056 0.3799546 0 -0.9250053 0.2739958 0 -0.961731 0.2739979 0 -0.9617304 0.1936425 0 -0.9810722 0.1936406 0 -0.9810726 0.08258062 0 -0.9965844 0.08257925 0 -0.9965845 0 1 1.81011e-7 0 1 -2.6533e-7 0 1 2.15026e-7 0 1 2.0871e-7 0 1 -2.13192e-7 0 1 2.13192e-7 0 1 -2.0871e-7 0 1 1.3566e-7 0 1 2.07615e-7 0 1 -2.0867e-7 0 1 -4.12459e-7 0 1 2.0867e-7 0 -1 6.75245e-7 0 -1 -7.12059e-7 0 -1 1.61269e-7 0 -1 0 0 -1 -2.26232e-7 0 -1 2.13192e-7 0 -1 -7.99317e-7 0 -1 2.07421e-7 0 -1 -2.13192e-7 0 -1 -6.98443e-7 0 -1 2.606e-7 0 -1 -2.606e-7 0 -1 4.44181e-7 0 -1 -6.75245e-7 0 -1 1.13929e-6 0 -1 0 0 -1 8.52605e-7 0 -1 0 0 -1 0 0 -1 8.34461e-7 0 -1 -7.04077e-7 0 -1 0 0 -1 0 0 -1 0 0.9964413 0 0.0842911 0.9913324 -0.01507061 0.1305114 0.9769144 0 0.2136319 0.9554303 0 0.2952171 0.9237951 -0.01352894 0.3826483 0.912285 -0.0030815 0.4095445 0.7963795 0.00444889 0.604781 0.8302513 -0.02584123 0.55679 0.7501791 -5.39584e-4 0.6612346 0.7125404 5.42039e-5 0.7016311 0.6789405 -8.66479e-4 0.7341928 0.6795619 -7.17093e-4 0.7336179 0.6054816 8.52128e-4 0.7958589 0.6038427 4.02511e-4 0.7971035 0.5301634 -2.86612e-4 0.8478955 0.5428522 0.002061963 0.8398258 0.3647025 0.01004505 0.9310699 0.4799678 -0.002046406 0.8772838 0.4448937 -0.008233726 0.8955456 0.4736518 -4.23949e-4 0.8807121 0.3646835 4.87869e-4 0.9311314 0.2900573 -0.02207386 0.9567548 0.2160647 -4.32363e-5 0.9763791 0.2698227 1.11042e-5 0.9629101 0.2968708 0.001307845 0.9549168 0.001240789 0 0.9999992 0.06739872 3.16233e-4 0.9977262 0.00957483 -0.01680207 0.999813 0.1794863 0.03256064 0.9832215 0.06556266 -0.04505884 0.9968307 0.1362074 -0.01539337 0.9905608 0.001240789 0 -0.9999992 0.07029652 -0.05481529 -0.996019 0.2082449 0.0502426 -0.9767854 0.01775127 -0.03364354 -0.9992762 0.1149019 0.009643614 -0.9933301 0.02798658 1.27767e-4 -0.9996083 0.4916927 0.004328787 -0.8707581 0.4450681 -0.008752048 -0.8954541 0.480057 -0.002336859 -0.8772342 0.3961771 0.01986861 -0.9179592 0.2958826 -0.03603005 -0.9545446 0.3673176 -0.006403684 -0.9300736 0.139131 -0.0215671 -0.9900391 0.2171436 -0.002427697 -0.9761367 0.2966843 0.001283764 -0.9549748 0.3281944 0.005317628 -0.9445952 0.6789404 -8.6648e-4 -0.734193 0.6773652 -0.001245617 -0.7356459 0.6053729 0.001397192 -0.7959409 0.5343492 -0.01633083 -0.8451061 0.5992929 0.01280629 -0.8004274 0.5439726 0.002270817 -0.8391 0.7125403 5.41331e-5 -0.7016312 0.7501791 -5.39584e-4 -0.6612346 0.7963027 -0.01458758 -0.6047226 0.8305259 0.002510607 -0.5569744 0.912285 -0.0030815 -0.4095445 0.9237951 -0.01352894 -0.3826482 0.9964413 0 -0.0842911 0.9913324 -0.01507067 -0.1305113 0.9769144 0 -0.2136319 0.9554303 0 -0.2952171 0.2179427 -0.03097015 0.9754701 0.02991247 0.04448181 0.9985623 0.05941992 0.03293102 0.9976897 0.116935 -0.005828022 0.9931225 0.02801626 -7.72283e-5 0.9996075 0.001160621 0 0.9999994 0.3711531 0.0165382 0.9284244 0.4439013 0.005220592 0.8960606 0.4797691 0.001391589 0.8773937 0.2982692 0.04180097 0.953566 0.4813711 -0.03802734 0.8756916 0.3992784 -0.01183027 0.9167534 0.1350257 0.01291292 0.990758 0.2167037 0.001451492 0.9762364 0.2969309 -7.67581e-4 0.9548988 0.3291262 -0.003177762 0.9442806 0.6789 5.21662e-4 0.7342307 0.677336 7.45312e-4 0.7356734 0.6054849 -8.34535e-4 0.7958564 0.5326634 0.009806275 0.8462705 0.6001992 -0.007581532 0.7998146 0.5441926 -0.0013507 0.8389593 0.7125458 -3.27066e-5 0.7016257 0.7501699 3.24938e-4 0.6612451 0.7963566 0.008821189 0.6047631 0.8305274 -0.001518547 0.5569757 0.9122876 0.001862883 0.409546 0.9238487 0.008180737 0.3826707 0.9964413 0 0.08429116 0.9914038 0.009112954 0.1305205 0.9769144 0 0.2136313 0.9554302 0 0.2952173 0.9964413 0 -0.08429116 0.9914038 0.009112954 -0.1305205 0.9769144 0 -0.2136313 0.9554302 0 -0.2952173 0.9238487 0.008180677 -0.3826707 0.9122876 0.001862883 -0.409546 0.7963848 -0.002689659 -0.6047844 0.8304268 0.01562786 -0.5569084 0.7501699 3.24938e-4 -0.6612451 0.7125457 -3.27066e-5 -0.7016257 0.6789 5.21662e-4 -0.7342306 0.6795471 4.29119e-4 -0.7336317 0.6055489 -5.09367e-4 -0.7958081 0.6038682 -2.39551e-4 -0.7970842 0.5301328 1.70752e-4 -0.8479148 0.5430545 -0.001226603 -0.8396966 0.4797149 0.001218378 -0.8774235 0.4437963 0.004911839 -0.8961144 0.3709345 0.01595926 -0.9285219 0.4675607 -0.01866656 -0.883764 0.2863146 0.01318883 -0.9580449 0.3663628 -0.005995333 -0.9304528 0.2160584 2.57782e-5 -0.9763804 0.2698164 -6.76278e-6 -0.9629118 0.2971211 -7.819e-4 -0.9548395 0.001227736 0 -0.9999993 0.06746649 -1.91229e-4 -0.9977216 0.007683336 0.009869098 -0.9999218 0.1861132 -0.01966667 -0.9823315 0.0565921 0.02706474 -0.9980305 0.1332755 0.009218215 -0.9910362 0.554111 0.1938701 0.8095527 0.04110777 0.005157709 0.9991415 0.1070973 0.0453965 0.9932117 -0.02237826 0.09257674 0.9954541 0.04780483 0.1353518 0.9896437 -0.004976868 0.2145298 0.9767048 0.1588006 0.1221625 0.9797238 0.1958727 0.07824736 0.9775025 0.1131323 0.0285179 0.9931706 0.2458617 0.07912915 0.9660696 0.3159934 0.1195234 0.9412027 0.3193931 0.09890067 0.9424473 0.3916682 0.1369425 0.9098588 0.3882727 0.130074 0.9123187 0.4272502 0.1499929 0.8916051 0.4408552 0.183279 0.8786669 0.4788557 0.1633799 0.8625568 0.554471 0.1965235 0.8086658 0.6450234 0.2239044 0.7306241 0.630631 0.2356706 0.7394349 0.6727345 0.2348185 0.7016328 0.7182317 0.2436548 0.6517481 0.7239122 0.258534 0.6396182 0.5598217 0.6062346 0.5648712 0.001104474 8.94825e-4 0.999999 0.03173768 0.01974505 0.9993013 0.01206326 0.05058217 0.9986471 0.07478487 0.08881765 0.9932365 0.05717861 0.123964 0.990638 0.1370941 0.1718596 0.9755356 0.112108 0.2262565 0.9675949 0.208594 0.2815552 0.9365978 0.1883717 0.3398455 0.9214235 0.2444394 0.3697422 0.8964039 0.2543518 0.3945236 0.8829814 0.3022626 0.4184905 0.8564479 0.290866 0.4761497 0.8298666 0.3771194 0.5135436 0.7707491 0.3696614 0.5713535 0.7327386 0.4479197 0.5970586 0.665499 0.4481059 0.6463341 0.6176191 0.4978489 0.6564657 0.5667444 0.4293512 0.7913221 0.435278 0.07534074 0.262612 0.9619557 0.08673346 0.2563277 0.9626908 0.03773444 0.401739 0.9149765 0.1008365 0.4373956 0.8935979 0.03628081 0.551466 0.8334081 0.08057028 0.5755836 0.813764 0.09749454 0.6237831 0.775493 0.1276169 0.6384874 0.7589783 0.08350098 0.7339217 0.6740821 0.1537777 0.7642983 0.6262592 0.1167522 0.8444931 0.5226858 0.1749311 0.8635917 0.4728729 0.1544121 0.9190052 0.3627483 0.2061785 0.92849 0.308864 0.1808925 0.965379 0.1879397 0.7847972 0.2584853 0.563275 0.8146796 0.1944235 0.5463486 0.8948804 0.1944227 0.4017323 0.8948811 0.194423 0.4017308 0.937097 0.1949564 0.2895535 0.9404825 0.2372437 0.2433273 0.9581827 0.1948868 0.2095357 0.9774271 0.1944215 0.08268338 0.6597726 0.6073945 0.4424612 0.7022987 0.5548924 0.4459495 0.7593747 0.5542008 0.3408984 0.7593727 0.5542008 0.3409028 0.8058485 0.5542016 0.2084922 0.8058491 0.5541999 0.2084941 0.5271118 0.790424 0.312063 0.9774274 0.1944208 0.08268237 0.8942999 0.4410268 0.07565128 0.826951 0.5548915 0.09081667 0.7915714 0.6073969 0.06696182 0.6079573 0.7923024 0.05142802 0.4625542 0.8305525 0.3102035 0.5080896 0.8305534 0.2280923 0.5080907 0.8305528 0.2280918 0.5391845 0.8305538 0.1395014 0.5391868 0.8305526 0.1394999 0.5516124 0.8312216 0.06924313 0.4419794 0.896246 0.03738504 0.2156727 0.9656945 0.1446355 0.1406223 0.9789485 0.1479369 0.1785909 0.9806515 0.08017474 0.1785902 0.9806518 0.08017241 0.1895207 0.9806517 0.0490328 0.1895206 0.9806516 0.04903525 0.1950641 0.9806517 0.01649999 0.1950641 0.9806516 0.01650172 0.9807854 0.1950898 0 0.8968735 0.442287 0 0.8968718 0.4422907 0 0.7933537 0.6087609 0 0.7933527 0.6087624 0 0.6087628 0.7933524 0 0.6087617 0.7933531 0 0.4422885 0.8968728 0 0.4422849 0.8968746 0 0.195091 0.9807851 0 0.8024194 0.2579604 -0.5381262 0.937097 0.1949566 -0.2895534 0.9405255 0.2703871 -0.2056762 0.8942999 0.4410268 -0.07565158 0.8269513 0.5548909 -0.09081667 0.5516124 0.8312216 -0.06924313 0.6079573 0.7923024 -0.05142802 0.7915714 0.6073969 -0.06696182 0.1950642 0.9806517 -0.01649999 0.1950641 0.9806517 -0.01650118 0.4419794 0.896246 -0.03738504 0.1895208 0.9806516 -0.04903262 0.1895205 0.9806517 -0.04903358 0.5391859 0.8305528 -0.1395013 0.5391852 0.8305534 -0.1395009 0.8058486 0.5542005 -0.2084943 0.8058488 0.554201 -0.2084923 0.9496487 0.1944216 -0.2456981 0.9774274 0.1944208 -0.08268272 0.9774271 0.1944215 -0.08268302 0.8948813 0.1944215 -0.4017313 0.8948807 0.1944242 -0.401731 0.7593745 0.5542007 -0.3408991 0.7593732 0.5542008 -0.3409015 0.5080908 0.8305526 -0.2280926 0.5080896 0.8305535 -0.2280917 0.1785907 0.9806515 -0.08017474 0.1785903 0.9806518 -0.08017241 0.7912953 0.1935991 -0.5799751 0.6772986 0.6058622 -0.4173699 0.691318 0.5542004 -0.4636179 0.5067283 0.7923023 -0.3398287 0.4738786 0.8312215 -0.2907059 0.1940442 0.9658474 -0.1717145 0.1625851 0.9806516 -0.1090347 0.5552135 0.1942362 -0.808709 -0.02237826 0.09257674 -0.9954541 0.06604826 0.1463814 -0.9870209 0.04110777 0.005157709 -0.9991415 0.1037463 0.0433548 -0.9936584 0.08885502 0.2497786 -0.9642176 0.07935696 0.2649665 -0.9609867 -0.01384323 0.2090958 -0.9777972 0.4272527 0.1499923 -0.8916039 0.3933845 0.1326768 -0.9097503 0.3861843 0.1340386 -0.9126311 0.3238652 0.1012409 -0.9406709 0.3097923 0.1159322 -0.94371 0.245859 0.07912874 -0.9660705 0.1729813 0.115281 -0.9781553 0.1833859 0.07072281 -0.9804938 0.1147725 0.0294981 -0.9929538 0.4562817 0.2227187 -0.8615123 0.4556669 0.1533048 -0.8768498 0.5532259 0.1959729 -0.8096516 0.001104474 8.94825e-4 -0.999999 0.03580749 0.02197939 -0.9991171 0.0118032 0.05043983 -0.9986574 0.08222985 0.0933547 -0.9922315 0.05354386 0.1217597 -0.9911144 0.1503988 0.1797565 -0.972146 0.1044925 0.2217998 -0.9694774 0.2279461 0.2923851 -0.9287365 0.1745598 0.3323082 -0.9268766 0.2658562 0.3808618 -0.8855874 0.2344511 0.3842926 -0.8929457 0.3289244 0.4314098 -0.8400562 0.2688258 0.4659209 -0.843001 0.4087541 0.5261224 -0.7457314 0.3419441 0.5610838 -0.7538298 0.4827995 0.6067673 -0.6314572 0.4157716 0.6382939 -0.6478543 0.6349276 0.2205784 -0.7404136 0.6408812 0.235534 -0.7306129 0.6727313 0.2348188 -0.7016358 0.03773444 0.401739 -0.9149765 0.1461576 0.4616464 -0.8749404 0.004816591 0.5333974 -0.8458512 0.1292115 0.6002473 -0.7893084 0.05277007 0.6004928 -0.7978872 0.1867564 0.6649664 -0.7231472 0.03669804 0.7105777 -0.7026611 0.2203206 0.7876715 -0.5753542 0.06195795 0.8220002 -0.5661069 0.2439358 0.8795121 -0.4085998 0.09501081 0.9020643 -0.4210143 0.2736998 0.9329348 -0.2339257 0.7148074 0.2583443 -0.6498528 0.7277079 0.2454321 -0.6404719 0.5598213 0.606235 -0.5648709 0.4978491 0.6564654 -0.5667446 0.4293507 0.7913218 -0.435279 0.1226742 0.958414 -0.2576695 0.5541093 -0.1938696 -0.8095539 0.04104286 -0.005126655 -0.9991443 0.1070973 -0.04540503 -0.9932113 -0.02208125 -0.09274971 -0.9954447 0.04780477 -0.135356 -0.9896432 -0.004976809 -0.2145287 -0.9767051 0.1588007 -0.12216 -0.9797242 0.1958727 -0.07825291 -0.9775021 0.1131323 -0.02851581 -0.9931707 0.2458617 -0.07913035 -0.9660696 0.3159933 -0.119525 -0.9412025 0.319393 -0.09890311 -0.942447 0.391668 -0.1369445 -0.9098585 0.38827 -0.1300703 -0.9123202 0.4272502 -0.1499914 -0.8916053 0.4408557 -0.1832782 -0.8786669 0.4788557 -0.1633799 -0.8625568 0.554471 -0.1965246 -0.8086657 0.6450225 -0.2239041 -0.7306251 0.6306321 -0.2356709 -0.7394338 0.672735 -0.2348157 -0.7016333 0.7182315 -0.2436558 -0.651748 0.723912 -0.2585347 -0.639618 0.5598228 -0.6062325 -0.5648723 6.90558e-5 -0.002212464 -0.9999976 0.03058218 -0.02109807 -0.9993097 0.01219356 -0.05065083 -0.998642 0.07478487 -0.08881556 -0.9932367 0.05717861 -0.1239642 -0.9906379 0.1370941 -0.1718596 -0.9755356 0.112108 -0.2262569 -0.9675948 0.2085942 -0.2815523 -0.9365986 0.1883723 -0.3398471 -0.9214227 0.2444404 -0.3697436 -0.8964032 0.2543518 -0.3945236 -0.8829814 0.3022629 -0.4184885 -0.8564488 0.2908657 -0.47615 -0.8298665 0.3771194 -0.5135436 -0.7707491 0.369662 -0.5713536 -0.7327381 0.4479186 -0.5970591 -0.6654993 0.448107 -0.6463353 -0.617617 0.4978484 -0.6564667 -0.5667438 0.4293512 -0.7913212 -0.4352796 0.07533991 -0.2626091 -0.9619566 0.08673346 -0.2563296 -0.9626902 0.03773444 -0.4017377 -0.9149771 0.1008367 -0.4373917 -0.8935998 0.03628057 -0.551465 -0.8334088 0.0805701 -0.5755804 -0.8137664 0.0974943 -0.6237854 -0.7754912 0.1276167 -0.6384888 -0.7589771 0.08350104 -0.7339212 -0.6740825 0.1537778 -0.7642948 -0.6262636 0.116752 -0.8444936 -0.522685 0.1749304 -0.8635926 -0.4728712 0.154412 -0.9190053 -0.362748 0.2061792 -0.9284894 -0.308865 0.1808923 -0.9653791 -0.1879394 0.7847969 -0.2584867 -0.5632748 0.8146805 -0.194418 -0.5463492 0.8948804 -0.1944227 -0.4017323 0.8948809 -0.1944211 -0.4017322 0.9370968 -0.1949579 -0.2895534 0.9404828 -0.2372424 -0.2433273 0.9581827 -0.1948868 -0.2095357 0.9774269 -0.1944229 -0.08268266 0.6597709 -0.6073973 -0.4424601 0.7022994 -0.5548913 -0.4459499 0.759374 -0.5542018 -0.3408982 0.7593722 -0.5542014 -0.3409026 0.8058485 -0.5542016 -0.2084922 0.8058477 -0.5542022 -0.2084937 0.5271098 -0.7904263 -0.3120606 0.9774274 -0.1944208 -0.08268272 0.8943017 -0.4410235 -0.07565039 0.826951 -0.5548915 -0.09081524 0.7915714 -0.6073969 -0.06696182 0.6079593 -0.7923008 -0.0514304 0.4625552 -0.8305518 -0.3102042 0.5080915 -0.8305521 -0.2280932 0.5080897 -0.8305536 -0.2280914 0.539185 -0.8305531 -0.139503 0.5391861 -0.830553 -0.1394997 0.5516104 -0.831223 -0.06924211 0.4419774 -0.8962467 -0.03738957 0.2156727 -0.9656945 -0.1446355 0.1406223 -0.9789485 -0.1479369 0.178591 -0.9806516 -0.08017319 0.1785908 -0.9806516 -0.08017271 0.1895216 -0.9806514 -0.04903382 0.1895205 -0.9806516 -0.04903525 0.1950647 -0.9806516 -0.01650005 0.1950648 -0.9806515 -0.01650178 0.9807852 -0.1950913 0 0.9807857 -0.1950883 0 0.8968718 -0.4422907 0 0.8968753 -0.4422834 0 0.7933527 -0.6087624 0 0.6087639 -0.7933515 0 0.6087617 -0.7933531 0 0.4422849 -0.8968746 0 0.4422885 -0.8968728 0 0.195091 -0.9807851 0 0.1950905 -0.9807853 0 0.8024194 -0.2579599 0.5381262 0.9370969 -0.1949575 0.2895534 0.9405266 -0.270385 0.205674 0.8943017 -0.4410235 0.07565081 0.8269516 -0.5548908 0.09081524 0.5516104 -0.831223 0.06924211 0.6079593 -0.7923008 0.0514304 0.7915714 -0.6073969 0.06696182 0.1950649 -0.9806516 0.01649999 0.1950647 -0.9806516 0.01650124 0.4419774 -0.8962467 0.03738957 0.1895211 -0.9806516 0.04903274 0.189521 -0.9806516 0.04903531 0.5391858 -0.8305528 0.1395021 0.5391852 -0.8305533 0.1395009 0.805848 -0.5542015 0.2084941 0.805848 -0.5542021 0.2084921 0.9496483 -0.1944219 0.2456994 0.9774268 -0.1944234 0.08268231 0.9774275 -0.1944202 0.08268308 0.8948809 -0.19442 0.4017326 0.8948805 -0.1944229 0.4017323 0.7593739 -0.5542017 0.3408988 0.7593725 -0.554202 0.3409012 0.5080909 -0.8305528 0.2280917 0.5080896 -0.8305531 0.2280933 0.1785913 -0.9806515 0.08017343 0.1785903 -0.9806518 0.08017241 0.791296 -0.1935949 0.5799756 0.6772986 -0.6058622 0.4173699 0.6913174 -0.5542014 0.4636175 0.5067283 -0.7923029 0.3398275 0.473878 -0.831222 0.2907056 0.1940446 -0.9658471 0.1717149 0.1625849 -0.9806516 0.1090345 0.5552134 -0.1942371 0.8087089 0.04104286 -0.005126655 0.9991443 0.103748 -0.04335767 0.9936581 -0.02208125 -0.09274971 0.9954447 0.06604826 -0.1463814 0.9870209 -0.01384311 -0.2090959 0.9777972 0.111424 -0.2835831 0.9524523 0.09022063 -0.4570361 0.8848606 0.1008367 -0.4373917 0.8935998 -0.01433098 -0.3706919 0.9286453 0.4272528 -0.14999 0.8916042 0.3933846 -0.1326749 0.9097505 0.3861828 -0.1340396 0.9126315 0.3238652 -0.1012421 0.9406707 0.3097921 -0.1159359 0.9437096 0.245859 -0.07913106 0.9660703 0.1729813 -0.1152819 0.9781552 0.1833859 -0.07072073 0.9804939 0.1147725 -0.02949911 0.9929538 0.456278 -0.222721 0.8615136 0.4556686 -0.1533033 0.8768491 0.5532277 -0.1959735 0.8096503 6.90558e-5 -0.002212464 0.9999976 0.03436261 -0.02329671 0.9991379 0.0119521 -0.05051082 0.9986521 0.08223134 -0.09334778 0.992232 0.05354338 -0.121762 0.9911141 0.1503988 -0.1797565 0.972146 0.1044925 -0.2218002 0.9694773 0.2279474 -0.2923883 0.9287352 0.1745598 -0.3323053 0.9268776 0.2658559 -0.3808636 0.8855867 0.2344518 -0.3842939 0.8929449 0.3289241 -0.4314023 0.8400601 0.2688254 -0.465925 0.8429987 0.4087541 -0.5261224 0.7457314 0.3419447 -0.5610839 0.7538294 0.4828007 -0.6067668 0.6314567 0.4157711 -0.6382946 0.6478537 0.6349287 -0.2205802 0.7404121 0.6408812 -0.2355331 0.730613 0.6727316 -0.2348166 0.7016362 0.07036089 -0.570158 0.8185165 0.1292105 -0.6002506 0.789306 0.05277031 -0.600488 0.7978907 0.1867555 -0.6649678 0.723146 0.0366981 -0.7105777 0.7026611 0.2203206 -0.7876715 0.5753542 0.06195777 -0.8219989 0.5661088 0.2439346 -0.8795143 0.4085958 0.09501063 -0.9020638 0.4210155 0.2737008 -0.9329343 0.2339265 0.7148074 -0.2583443 0.6498528 0.7277079 -0.2454324 0.6404719 0.5598225 -0.606233 0.564872 0.4978487 -0.6564663 0.5667441 0.4293507 -0.7913218 0.435279 0.1226738 -0.9584143 0.2576687 -0.9135455 0 -0.4067366 -0.9945219 0 -0.1045283 -0.999987 0.005105614 0 -0.9945219 0 0.1045283 -0.9135455 0 0.4067366 -0.9135454 0 0.4067366 -0.6691307 0 0.7431448 -0.6691306 0 0.7431449 -0.3090174 0 0.9510564 -0.3090168 0 0.9510566 0.1045284 0 0.994522 0.5000002 0 0.8660253 0.5 0 0.8660255 0.8090171 0 0.5877852 0.809017 0 0.5877854 0.9781477 0 0.2079116 0.9781477 0 -0.2079116 0.809017 0 -0.5877854 0.8090171 0 -0.5877852 0.5 0 -0.8660255 0.5000002 0 -0.8660253 0.1045284 0 -0.994522 -0.3090168 0 -0.9510566 -0.3090174 0 -0.9510564 -0.6691305 0 -0.7431449 -0.6691308 0 -0.7431448 -0.9135454 0 -0.4067366 0.002046883 -0.9437293 0.3307127 0 -0.9931773 0.1166141 0.00159651 -0.987687 0.1564348 -0.001977026 -0.9135445 0.4067342 -4.78529e-6 -0.527953 0.8492737 -5.94922e-4 -0.8386718 0.5446368 2.91623e-5 -0.8241476 0.5663752 -1.66405e-5 -0.8867347 0.4622787 6.12956e-4 -0.5819368 0.8132337 0.003403782 -0.6948058 0.7191894 -0.007475197 -0.5446196 0.8386499 0.001015126 -0.7071069 0.7071061 0 -0.002330541 0.9999973 2.759e-5 -0.05116891 0.99869 0.002087831 -0.2148318 0.9766489 1.35341e-5 -0.4191976 0.907895 3.48576e-4 -0.4067388 0.9135445 -6.57522e-4 -0.1564344 0.9876882 0.4494411 -0.1563915 -0.8795138 0.673271 -0.1559829 -0.7227555 0.8004478 -0.156264 -0.5786752 0.9761295 -0.1560515 -0.1510602 0.960264 -0.1564217 0.2311396 0.8602269 -0.156111 0.4854268 0.611247 -0.1564298 0.7758266 0.3752921 -0.1561679 0.913656 0.0129615 -0.9876053 -0.1564218 0.01296126 -0.9876057 0.1564201 0.01296138 -0.9876052 0.1564224 0.03368401 -0.9130275 0.4065048 0.05107688 -0.8907518 0.4516112 0.06304895 -0.9876052 -0.1437391 0.06304919 -0.9876055 -0.1437373 0.1828619 -0.8903772 -0.4168813 0.1828613 -0.8903771 -0.4168818 0.284527 -0.705896 -0.6486565 0.2845267 -0.7058968 -0.6486558 0.358165 -0.4527587 -0.8165338 0.03853058 -0.9876055 -0.1521546 0.03853088 -0.9876052 -0.1521556 0.111751 -0.8903774 -0.4412934 0.1117509 -0.8903763 -0.4412958 0.1738813 -0.7058957 -0.6866415 0.1738815 -0.7058967 -0.6866404 0.08619982 -0.4531445 0.8872597 0.06932663 -0.5433259 0.8366547 0.0584914 -0.7058968 0.7058956 0.05849349 -0.7058955 0.7058967 0.04508441 -0.837816 0.5440881 0.0385307 -0.9876055 0.1521547 0.03853076 -0.9876053 0.1521551 0.111751 -0.8903774 0.4412935 0.1117508 -0.8903764 0.4412954 0.1738816 -0.7058963 0.6866409 0.1738813 -0.7058963 0.6866409 0.2188825 -0.4527581 0.8643499 0.2188838 -0.452758 0.8643495 0.1238616 -0.9876055 0.09640508 0.1238614 -0.9876055 0.09640568 0.359236 -0.8903772 0.2796032 0.3592362 -0.8903766 0.2796049 0.5589603 -0.7058957 0.4350572 0.5589602 -0.7058968 0.4350554 0.7036235 -0.4527596 0.5476522 0.7036237 -0.4527586 0.5476526 0.1569576 -0.9876055 0 0.1569573 -0.9876055 0 0.4552238 -0.8903771 0 0.4552246 -0.8903768 0 0.7083157 -0.7058959 0 0.7083145 -0.7058971 0 0.8916339 -0.452757 0 0.8916328 -0.4527594 0 0.1380401 -0.9876055 -0.07470327 0.1380401 -0.9876053 -0.07470464 0.4003574 -0.8903773 -0.2166615 0.4003573 -0.8903769 -0.2166636 0.622945 -0.7058958 -0.3371215 0.6229447 -0.7058964 -0.3371205 0.784168 -0.4527581 -0.424371 0.7841687 -0.4527575 -0.4243702 0.0129612 -0.9876055 -0.156421 0.03368401 -0.9130275 -0.4065048 0.05107688 -0.8907518 -0.451611 0.04508441 -0.837816 -0.5440881 0.05849188 -0.7058957 -0.7058966 0.05849289 -0.7058966 -0.7058957 0.06932663 -0.5433259 -0.8366547 0.3581649 -0.4527576 -0.8165345 0.2188832 -0.4527579 -0.8643497 0.2188832 -0.4527584 -0.8643496 0.08619982 -0.4531445 -0.8872597 0.07548159 -0.405579 -0.9109382 0.08156949 -0.1559133 0.9843971 0.08157002 -0.1559132 0.984397 0.07548159 -0.405579 0.9109382 0.2424828 -0.1559135 0.9575453 0.2663065 -0.2352712 0.9347344 0.1912611 -0.156368 0.9690037 0.449441 -0.1563915 0.8795138 0.3934143 -0.2020081 0.8968935 0.3581649 -0.4527583 0.8165341 0.3581648 -0.4527579 0.8165343 0.2845275 -0.7058966 0.6486557 0.2845261 -0.7058961 0.6486567 0.1828618 -0.8903771 0.4168816 0.1828613 -0.8903773 0.4168815 0.06304907 -0.9876053 0.143738 0.06304907 -0.9876055 0.1437375 0.08584761 -0.9876055 0.1313997 0.08584755 -0.9876053 0.1314004 0.2489842 -0.8903772 0.3810976 0.2489839 -0.8903765 0.3810993 0.3874107 -0.7058965 0.5929782 0.387412 -0.7058967 0.5929771 0.4876778 -0.4527583 0.7464452 0.4876768 -0.4527589 0.7464454 0.5402596 -0.1559144 0.8269283 0.5402594 -0.1559129 0.8269286 0.6732708 -0.1559833 0.7227556 0.6673035 -0.1710173 0.7248856 0.6038866 -0.4527593 0.6559956 0.603887 -0.452758 0.6559961 0.4797295 -0.7058964 0.5211237 0.4797292 -0.7058957 0.5211251 0.3083143 -0.8903769 0.33492 0.3083156 -0.8903768 0.3349189 0.1063044 -0.9876055 0.1154771 0.1063045 -0.9876055 0.1154776 0.7794905 -0.155915 0.6067004 0.784538 -0.2506237 0.5671756 0.7499182 -0.1563386 0.6427916 0.8973326 -0.1564089 0.4127112 0.8627604 -0.1940277 0.4669023 0.7841693 -0.4527556 0.4243712 0.7841675 -0.4527601 0.42437 0.6229459 -0.7058951 0.3371212 0.6229437 -0.7058971 0.3371208 0.4003572 -0.8903771 0.2166631 0.4003576 -0.8903772 0.2166619 0.1380399 -0.9876055 0.07470393 0.1380403 -0.9876053 0.07470422 0.1484524 -0.9876055 0.05096346 0.1484532 -0.9876055 0.05096364 0.4305586 -0.8903771 0.1478104 0.4305586 -0.890377 0.1478115 0.6699369 -0.7058961 0.2299898 0.6699386 -0.7058945 0.2299899 0.8433216 -0.4527596 0.2895128 0.8433216 -0.4527597 0.2895126 0.9342507 -0.1559122 0.3207291 0.9342507 -0.1559128 0.3207287 0.9761295 -0.1560514 0.1510602 0.9695742 -0.1837086 0.1617933 0.8794727 -0.452758 0.1467581 0.8794729 -0.4527577 0.1467581 0.6986545 -0.7058965 0.1165849 0.6986547 -0.7058963 0.1165849 0.4490137 -0.8903779 0.07492738 0.4490161 -0.8903767 0.07492697 0.1548172 -0.9876053 0.02583479 0.1548164 -0.9876055 0.02583444 0.9877705 -0.155915 0 0.9632102 -0.2657799 -0.03983962 0.9868659 -0.1563003 0.04081803 0.9602636 -0.156423 -0.2311398 0.9695744 -0.1837078 -0.1617934 0.8794727 -0.452758 -0.1467582 0.8794727 -0.452758 -0.1467583 0.6986547 -0.7058965 -0.1165845 0.6986557 -0.7058953 -0.1165851 0.4490162 -0.8903765 -0.07492762 0.4490141 -0.8903777 -0.07492667 0.1548167 -0.9876055 -0.02583509 0.1548168 -0.9876055 -0.0258345 0.1484527 -0.9876055 -0.0509634 0.1484531 -0.9876055 -0.05096441 0.4305592 -0.8903768 -0.1478114 0.4305581 -0.8903773 -0.1478109 0.669937 -0.7058959 -0.2299902 0.6699379 -0.7058953 -0.2299893 0.8433204 -0.4527617 -0.2895126 0.8433223 -0.4527579 -0.289513 0.9342508 -0.1559121 -0.3207286 0.9342505 -0.1559134 -0.320729 0.8687185 -0.1559151 -0.4701264 0.8525873 -0.2040153 -0.4811161 0.8973323 -0.1564106 -0.4127113 0.7499182 -0.1563386 -0.6427916 0.7713598 -0.2110824 -0.6003735 0.7036235 -0.4527594 -0.5476523 0.7036237 -0.4527588 -0.5476526 0.5589603 -0.7058965 -0.4350559 0.5589603 -0.705896 -0.4350568 0.3592367 -0.8903768 -0.2796039 0.3592355 -0.8903772 -0.2796039 0.1238616 -0.9876055 -0.09640449 0.1238613 -0.9876055 -0.09640538 0.611247 -0.15643 -0.7758266 0.6673035 -0.1710178 -0.7248855 0.603887 -0.4527581 -0.6559959 0.6038862 -0.4527595 -0.6559958 0.4797297 -0.7058956 -0.5211246 0.4797286 -0.705896 -0.521125 0.3083148 -0.8903766 -0.3349205 0.3083152 -0.8903774 -0.3349177 0.1063043 -0.9876055 -0.1154771 0.1063046 -0.9876055 -0.1154771 0.08584749 -0.9876055 -0.1313996 0.08584773 -0.9876053 -0.1314 0.2489842 -0.8903769 -0.3810985 0.2489838 -0.8903768 -0.3810989 0.3874109 -0.7058969 -0.5929777 0.3874118 -0.7058963 -0.5929778 0.4876772 -0.4527584 -0.7464455 0.4876775 -0.4527587 -0.746445 0.5402593 -0.1559135 -0.8269286 0.5402595 -0.1559135 -0.8269284 0.3706683 -0.2197313 -0.9023986 0.3967832 -0.1559136 -0.904574 0.2706326 -0.1562193 -0.949923 0.2401332 -0.2076864 -0.9482628 0.1912611 -0.156368 -0.9690038 0.08157002 -0.1559134 -0.984397 0.08156949 -0.1559131 -0.9843971 0 -0.002330541 -0.9999973 6.17368e-5 -0.8386719 -0.544637 -0.003153562 -0.7071032 -0.7071033 0.005433201 -0.7938651 -0.6080696 -0.003971457 -0.5446332 -0.8386651 0.001344442 -0.6429578 -0.7659004 -1.18363e-6 -0.5282774 -0.849072 3.96839e-6 -0.4067396 -0.9135442 0.0023548 -0.4781144 -0.8782945 -0.005596995 -0.156432 -0.987673 0.00724405 -0.3423756 -0.9395353 6.84456e-5 -0.1232259 -0.9923787 0 -0.9876883 -0.1564355 0.002461194 -0.9936354 -0.112617 -0.002415835 -0.9135429 -0.4067353 0.002140343 -0.9458762 -0.3245208 -5.65352e-5 -0.8854504 -0.464734 0.00327152 0.9432176 -0.3321594 0 0.9931776 -0.116612 0.002649426 0.9876851 -0.1564331 -0.003280997 0.9135407 -0.4067341 -7.3041e-6 0.5279552 -0.8492723 -9.30612e-4 0.83867 -0.544639 4.65626e-5 0.824134 -0.5663949 -2.65687e-5 0.8867394 -0.4622697 9.15414e-4 0.581533 -0.8135223 0.005087971 0.6928782 -0.7210367 -0.01169276 0.5446003 -0.8386143 0.001587927 0.707107 -0.7071049 0 0.002330303 -0.9999973 3.89512e-5 0.05114895 -0.998691 0.002948164 0.213312 -0.9769797 2.0209e-5 0.4191877 -0.9078996 5.09734e-4 0.4067392 -0.9135442 -9.61511e-4 0.1564338 -0.9876881 0.4494413 0.1563915 0.8795136 0.6732711 0.1559827 0.7227554 0.8004482 0.1562638 0.5786746 0.9761296 0.1560513 0.1510602 0.9868659 0.1563001 -0.04081785 0.9602639 0.1564217 -0.2311399 0.8602269 0.156111 -0.4854268 0.6112473 0.1564299 -0.7758263 0.3752933 0.1561679 -0.9136557 0.0129615 0.9876053 0.1564218 0.01296126 0.9876053 -0.1564218 0.01296138 0.9876056 -0.1564205 0.03368395 0.9130256 -0.406509 0.05107688 0.890752 -0.4516108 0.06304901 0.9876055 0.1437374 0.06304919 0.9876055 0.1437373 0.1828616 0.890376 0.4168841 0.1828619 0.8903766 0.4168824 0.284527 0.705896 0.6486565 0.2845267 0.7058967 0.6486558 0.358165 0.4527587 0.8165338 0.03853058 0.9876055 0.1521546 0.03853088 0.9876055 0.1521542 0.1117512 0.890376 0.4412961 0.1117509 0.8903767 0.4412948 0.1738815 0.7058964 0.6866407 0.1738814 0.7058963 0.6866409 0.08619982 0.4531445 -0.8872597 0.06932687 0.5433279 -0.8366532 0.0584914 0.7058968 -0.7058956 0.05849349 0.7058955 -0.7058967 0.04508441 0.837816 -0.5440881 0.0385307 0.9876057 -0.1521529 0.03853076 0.9876053 -0.1521551 0.1117509 0.8903767 -0.4412949 0.1117512 0.8903767 -0.4412947 0.1738814 0.7058955 -0.6866418 0.1738814 0.7058964 -0.6866407 0.2188825 0.4527581 -0.8643499 0.2188833 0.4527585 -0.8643495 0.1238616 0.9876053 -0.0964064 0.1238614 0.9876055 -0.09640526 0.3592364 0.8903768 -0.2796039 0.3592368 0.8903761 -0.2796059 0.5589605 0.7058959 -0.4350566 0.5589603 0.7058969 -0.4350551 0.7036229 0.4527592 -0.5476533 0.7036236 0.4527587 -0.5476527 0.1380401 0.9876055 0.07470327 0.1380401 0.9876053 0.07470381 0.400358 0.8903768 0.216663 0.4003582 0.8903766 0.2166628 0.6229451 0.7058959 0.3371208 0.6229448 0.7058965 0.3371202 0.7841681 0.4527584 0.4243705 0.7841686 0.4527579 0.4243699 0.0129612 0.9876055 0.156421 0.03368395 0.9130256 0.406509 0.05107688 0.8907518 0.451611 0.04508441 0.837816 0.5440881 0.05849188 0.7058957 0.7058966 0.05849289 0.7058966 0.7058957 0.06932687 0.5433279 0.8366532 0.358165 0.4527578 0.8165343 0.2188825 0.452758 0.8643499 0.2188833 0.4527586 0.8643494 0.08619982 0.4531445 0.8872597 0.07548159 0.405579 0.9109382 0.08156949 0.1559133 -0.9843971 0.08157002 0.1559132 -0.984397 0.07548159 0.405579 -0.9109382 0.2424824 0.1559132 -0.9575455 0.2663067 0.2352714 -0.9347342 0.1912609 0.1563679 -0.9690038 0.4494413 0.1563915 -0.8795136 0.3934143 0.2020081 -0.8968935 0.3581651 0.4527586 -0.8165339 0.358165 0.4527581 -0.8165342 0.2845275 0.7058966 -0.6486557 0.2845261 0.7058961 -0.6486569 0.182862 0.8903765 -0.4168829 0.1828617 0.8903769 -0.4168822 0.06304907 0.9876054 -0.1437371 0.06304907 0.9876055 -0.1437375 0.08584767 0.9876056 -0.1313979 0.08584755 0.9876053 -0.1313999 0.2489843 0.8903763 -0.3810997 0.2489848 0.8903765 -0.3810989 0.3874105 0.7058961 -0.5929787 0.387412 0.7058969 -0.5929769 0.4876772 0.4527584 -0.7464455 0.4876773 0.4527594 -0.7464447 0.5402589 0.1559141 -0.8269287 0.5402594 0.1559128 -0.8269286 0.6732712 0.1559832 -0.7227553 0.6673039 0.1710172 -0.7248854 0.6038867 0.4527599 -0.655995 0.6038873 0.4527581 -0.6559956 0.4797291 0.7058959 -0.5211248 0.4797292 0.7058958 -0.5211248 0.308315 0.8903766 -0.3349199 0.3083158 0.8903764 -0.33492 0.1063044 0.9876053 -0.1154779 0.1063045 0.9876055 -0.1154771 0.7794907 0.1559149 -0.6067 0.784538 0.2506237 -0.5671756 0.7499182 0.1563386 -0.6427916 0.8973323 0.1564092 -0.412712 0.8627603 0.1940276 -0.4669026 0.7841696 0.4527561 -0.4243705 0.7841669 0.4527602 -0.4243707 0.6229459 0.7058951 -0.3371208 0.6229438 0.7058972 -0.3371205 0.4003578 0.8903766 -0.2166635 0.4003583 0.8903766 -0.2166631 0.1380399 0.9876055 -0.07470333 0.1380403 0.9876053 -0.07470422 0.1484524 0.9876055 -0.05096399 0.1484532 0.9876055 -0.05096364 0.4305593 0.8903768 -0.1478108 0.4305595 0.8903766 -0.147811 0.6699368 0.705896 -0.22999 0.6699387 0.7058945 -0.2299895 0.8433215 0.4527595 -0.2895132 0.8433213 0.4527599 -0.2895126 0.9342507 0.1559121 -0.320729 0.9342508 0.1559127 -0.3207284 0.9761296 0.1560513 -0.1510602 0.9695742 0.1837084 -0.1617936 0.8794727 0.4527582 -0.1467578 0.8794727 0.4527578 -0.1467585 0.6986546 0.7058966 -0.1165845 0.6986547 0.7058963 -0.1165853 0.4490145 0.8903775 -0.07492715 0.4490168 0.8903762 -0.07492738 0.1548172 0.9876053 -0.02583479 0.1548164 0.9876055 -0.02583444 0.9868658 0.1563002 0.04081803 0.9772229 0.2122154 0 0.8916321 0.4527606 0 0.8916344 0.4527562 0 0.7083151 0.7058964 0 0.708315 0.7058966 0 0.4552257 0.8903762 0 0.4552243 0.8903769 0 0.1569571 0.9876055 0 0.1569575 0.9876055 0 0.9602636 0.156423 0.2311398 0.9695743 0.1837077 0.1617936 0.8794726 0.4527583 0.1467583 0.8794727 0.4527582 0.1467581 0.6986547 0.7058965 0.1165845 0.6986557 0.7058953 0.1165855 0.4490169 0.8903761 0.07492756 0.449015 0.8903771 0.07492786 0.1548167 0.9876055 0.02583426 0.1548168 0.9876055 0.02583539 0.1484527 0.9876054 0.05096429 0.1484531 0.9876055 0.05096358 0.4305598 0.8903761 0.147813 0.4305589 0.8903771 0.1478101 0.669937 0.7058959 0.2299902 0.669938 0.7058953 0.229989 0.8433203 0.4527619 0.2895128 0.8433222 0.452758 0.2895132 0.9342507 0.1559121 0.3207291 0.9342507 0.1559134 0.3207286 0.8687185 0.1559151 0.4701264 0.8525874 0.2040151 0.4811161 0.8973318 0.1564108 0.4127122 0.7499182 0.1563386 0.6427916 0.7713599 0.2110824 0.6003733 0.7036232 0.4527592 0.5476528 0.7036232 0.4527587 0.5476531 0.5589603 0.7058965 0.4350559 0.5589606 0.7058963 0.4350558 0.3592372 0.8903762 0.2796053 0.359236 0.8903768 0.2796046 0.1238616 0.9876055 0.09640449 0.1238613 0.9876053 0.09640628 0.6112476 0.1564301 0.775826 0.667304 0.1710177 0.7248851 0.6038876 0.4527585 0.6559951 0.6038862 0.45276 0.6559954 0.4797297 0.7058956 0.5211246 0.4797284 0.7058957 0.5211256 0.3083155 0.8903764 0.3349204 0.3083153 0.8903765 0.3349202 0.1063043 0.9876055 0.1154771 0.1063046 0.9876055 0.1154771 0.08584749 0.9876055 0.1313996 0.08584773 0.9876055 0.1313992 0.2489849 0.8903767 0.3810984 0.2489841 0.8903765 0.3810994 0.3874109 0.7058969 0.5929777 0.3874118 0.7058963 0.5929778 0.4876772 0.4527584 0.7464455 0.487677 0.4527589 0.7464452 0.5402584 0.1559135 0.8269292 0.54026 0.1559134 0.8269282 0.3706692 0.2197313 0.9023983 0.3967832 0.1559136 0.904574 0.2706328 0.1562194 0.9499229 0.2401326 0.2076858 0.9482632 0.1912609 0.1563678 0.9690039 0.08157002 0.1559134 0.984397 0.08156949 0.1559131 0.9843971 0 0.002330303 0.9999973 9.84822e-5 0.8386704 0.5446395 -0.005029737 0.7070983 0.7070974 0.008234143 0.7913125 0.6113564 -0.006146728 0.5446278 0.8386555 0.002008318 0.6421304 0.7665928 -1.92806e-6 0.5282784 0.8490713 5.92536e-6 0.4067392 0.9135443 0.003433942 0.4764816 0.8791778 -0.008315861 0.1564292 0.9876542 0.0102387 0.3373753 0.9413146 9.66298e-5 0.1231753 0.9923849 0 0.9876887 0.1564328 0.004046738 0.993437 0.1143094 -0.00401628 0.9135372 0.4067354 0.003421127 0.9453529 0.326031 -9.01304e-5 0.8854717 0.4646934 0 0 1 0 0 1 0 0 1 -1.77635e-7 0 1 0 0 1 0 0 1 -0.965925 -0.2588222 0 -0.7071099 -0.7071037 0 -0.7070999 -0.7071137 0 -0.2588196 -0.9659258 0 -0.2588196 -0.9659258 0 0.2588196 -0.9659258 0 0.2588196 -0.9659258 0 0.7071049 -0.7071087 0 0.7071099 -0.7071037 0 0.965925 -0.2588222 0 0.965925 0.2588223 0 0.965925 0.2588223 0 0.7071099 0.7071037 0 0.7071049 0.7071087 0 0.2588196 0.9659258 0 0.2588196 0.9659258 0 -0.2588196 0.9659258 0 -0.2588196 0.9659258 0 -0.7070999 0.7071137 0 -0.7071099 0.7071037 0 -0.965925 0.2588223 0 -0.965925 0.2588223 0 -7.10542e-7 0 -1 0 0 1 1.77635e-7 0 1 -0.965925 -0.2588223 0 -0.965925 -0.2588223 0 0.965925 -0.2588223 0 0.965925 -0.2588223 0 0.965925 0.2588222 0 -0.965925 0.2588222 0 7.10542e-7 0 -1</float_array>
          <technique_common>
            <accessor source="#link_1_4-mesh-normals-array" count="1336" stride="3">
              <param name="X" type="float"/>
              <param name="Y" type="float"/>
              <param name="Z" type="float"/>
            </accessor>
          </technique_common>
        </source>
        <vertices id="link_1_4-mesh-vertices">
          <input semantic="POSITION" source="#link_1_4-mesh-positions"/>
        </vertices>
        <triangles material="m_1-material" count="1524">
          <input semantic="VERTEX" source="#link_1_4-mesh-vertices" offset="0"/>
          <input semantic="NORMAL" source="#link_1_4-mesh-normals" offset="1"/>
          <p>0 0 1 0 2 0 0 1 2 1 3 1 3 2 2 2 4 2 3 1 4 1 5 1 6 1 7 1 8 1 6 3 8 3 9 3 9 4 8 4 10 4 9 5 10 5 11 5 12 6 13 6 14 6 14 1 13 1 1 1 14 1 1 1 15 1 15 1 1 1 0 1 4 1 16 1 5 1 5 7 16 7 17 7 5 1 17 1 18 1 18 8 17 8 7 8 18 1 7 1 19 1 19 1 7 1 6 1 10 9 20 9 11 9 11 4 20 4 21 4 11 10 21 10 22 10 22 1 21 1 23 1 22 1 23 1 24 1 25 11 26 11 27 11 27 1 26 1 28 1 27 12 28 12 29 12 29 13 28 13 30 13 29 14 30 14 12 14 12 15 30 15 31 15 12 13 31 13 13 13 24 1 23 1 32 1 32 8 23 8 33 8 32 1 33 1 34 1 34 7 33 7 35 7 34 1 35 1 36 1 35 1 37 1 36 1 36 2 37 2 38 2 36 1 38 1 39 1 39 16 38 16 26 16 39 17 26 17 40 17 40 18 26 18 25 18 41 19 34 19 42 19 42 20 34 20 43 20 42 19 43 19 44 19 44 19 43 19 45 19 46 19 43 19 47 19 47 21 43 21 34 21 47 19 34 19 48 19 48 19 34 19 36 19 49 22 11 22 50 22 50 23 11 23 51 23 49 22 52 22 11 22 11 24 52 24 53 24 11 22 53 22 9 22 9 22 53 22 54 22 9 25 54 25 55 25 55 22 56 22 9 22 9 26 56 26 57 26 9 27 57 27 58 27 5 28 59 28 3 28 3 29 59 29 60 29 61 28 62 28 60 28 60 28 62 28 63 28 60 30 63 30 3 30 3 28 63 28 64 28 65 31 66 31 12 31 12 32 66 32 29 32 29 32 66 32 67 32 29 33 67 33 68 33 68 32 69 32 29 32 29 34 69 34 70 34 29 35 70 35 71 35 72 36 73 36 12 36 12 37 73 37 74 37 12 38 74 38 65 38 75 39 76 39 24 39 24 40 76 40 22 40 76 41 77 41 22 41 22 42 77 42 78 42 22 43 78 43 11 43 11 44 78 44 79 44 11 45 79 45 51 45 32 46 80 46 24 46 24 47 80 47 81 47 24 48 81 48 75 48 34 49 41 49 32 49 32 50 41 50 82 50 82 51 83 51 32 51 32 52 83 52 84 52 32 53 84 53 80 53 85 54 86 54 39 54 86 55 46 55 47 55 86 56 47 56 39 56 39 57 47 57 48 57 39 58 48 58 36 58 40 59 87 59 39 59 39 60 87 60 88 60 39 61 88 61 85 61 89 62 90 62 25 62 25 63 90 63 91 63 25 64 91 64 40 64 40 65 91 65 92 65 40 66 92 66 87 66 89 67 25 67 93 67 93 68 25 68 27 68 93 69 27 69 94 69 94 70 27 70 29 70 94 71 29 71 71 71 59 72 5 72 95 72 95 73 5 73 18 73 95 74 18 74 96 74 96 75 18 75 97 75 98 76 99 76 19 76 19 77 99 77 100 77 19 78 100 78 18 78 18 79 100 79 101 79 18 80 101 80 97 80 98 81 19 81 102 81 102 82 19 82 6 82 102 83 6 83 103 83 103 84 6 84 104 84 104 85 6 85 9 85 104 86 9 86 58 86 105 87 106 87 15 87 15 88 106 88 14 88 106 89 107 89 14 89 14 90 107 90 108 90 14 91 108 91 12 91 12 92 108 92 109 92 12 93 109 93 72 93 0 94 110 94 15 94 15 95 110 95 111 95 15 96 111 96 105 96 3 97 64 97 0 97 0 98 64 98 112 98 112 99 113 99 0 99 0 100 113 100 114 100 0 101 114 101 110 101 115 102 4 102 2 102 115 103 2 103 116 103 116 104 2 104 1 104 116 105 1 105 117 105 117 106 1 106 13 106 117 106 13 106 118 106 118 107 13 107 31 107 118 108 31 108 119 108 119 32 31 32 120 32 120 32 31 32 30 32 120 109 30 109 28 109 120 110 28 110 121 110 121 111 28 111 26 111 121 111 26 111 122 111 122 112 26 112 38 112 122 113 38 113 123 113 123 114 38 114 37 114 123 115 37 115 124 115 124 19 37 19 125 19 125 19 37 19 35 19 125 116 35 116 33 116 125 117 33 117 126 117 126 118 33 118 23 118 126 119 23 119 127 119 127 120 23 120 21 120 127 120 21 120 128 120 128 121 21 121 20 121 128 122 20 122 129 122 129 22 20 22 130 22 130 22 20 22 10 22 130 123 10 123 8 123 130 124 8 124 131 124 131 125 8 125 7 125 131 125 7 125 132 125 132 126 7 126 17 126 132 127 17 127 133 127 133 128 17 128 16 128 133 129 16 129 134 129 134 28 16 28 115 28 115 28 16 28 4 28 135 1 136 1 137 1 138 1 137 1 139 1 139 130 137 130 136 130 139 131 136 131 140 131 141 1 142 1 143 1 144 132 145 132 146 132 146 133 145 133 135 133 146 1 135 1 147 1 147 1 135 1 137 1 135 1 148 1 136 1 136 1 148 1 141 1 136 134 141 134 149 134 149 135 141 135 143 135 149 136 143 136 150 136 151 132 152 132 153 132 153 137 152 137 148 137 153 1 148 1 154 1 154 138 148 138 135 138 125 139 147 139 124 139 124 139 147 139 137 139 147 140 125 140 126 140 147 141 126 141 146 141 146 142 126 142 127 142 146 143 127 143 144 143 144 144 127 144 128 144 144 145 128 145 145 145 145 146 128 146 129 146 145 147 129 147 135 147 136 148 120 148 121 148 136 149 121 149 140 149 140 150 121 150 122 150 140 151 122 151 139 151 139 152 122 152 123 152 139 153 123 153 138 153 138 154 123 154 124 154 138 155 124 155 137 155 130 156 154 156 129 156 129 156 154 156 135 156 149 157 119 157 136 157 136 157 119 157 120 157 154 158 130 158 131 158 154 159 131 159 153 159 153 160 131 160 132 160 153 161 132 161 151 161 151 162 132 162 133 162 151 163 133 163 152 163 152 164 133 164 134 164 152 165 134 165 148 165 141 166 115 166 116 166 141 167 116 167 142 167 142 168 116 168 117 168 142 169 117 169 143 169 143 170 117 170 118 170 143 171 118 171 150 171 150 172 118 172 119 172 150 173 119 173 149 173 115 174 141 174 134 174 134 174 141 174 148 174 155 175 156 175 157 175 157 175 156 175 158 175 159 175 160 175 161 175 161 175 160 175 162 175 44 176 45 176 163 176 163 177 45 177 164 177 163 178 164 178 165 178 165 179 164 179 166 179 165 180 166 180 167 180 167 181 166 181 168 181 167 182 168 182 169 182 169 183 168 183 170 183 169 184 170 184 171 184 171 184 170 184 172 184 171 185 172 185 173 185 173 185 172 185 174 185 173 186 174 186 175 186 175 187 174 187 176 187 175 188 176 188 177 188 177 189 176 189 178 189 177 190 178 190 179 190 179 191 178 191 180 191 179 192 180 192 181 192 181 192 180 192 182 192 181 193 182 193 183 193 183 194 182 194 184 194 183 195 184 195 185 195 185 196 184 196 186 196 185 197 186 197 187 197 187 198 186 198 188 198 187 199 188 199 189 199 189 200 188 200 190 200 189 201 190 201 191 201 191 202 190 202 192 202 191 203 192 203 193 203 193 203 192 203 194 203 193 204 194 204 195 204 195 204 194 204 196 204 195 205 196 205 197 205 197 206 196 206 198 206 197 207 198 207 199 207 199 208 198 208 200 208 199 209 200 209 201 209 201 210 200 210 202 210 201 211 202 211 203 211 203 212 202 212 204 212 203 213 204 213 205 213 205 214 204 214 206 214 205 215 206 215 207 215 207 215 206 215 208 215 207 216 208 216 209 216 209 217 208 217 210 217 209 218 210 218 211 218 211 219 210 219 212 219 211 220 212 220 213 220 213 221 212 221 214 221 213 222 214 222 215 222 215 222 214 222 216 222 215 223 216 223 217 223 217 223 216 223 218 223 217 224 218 224 219 224 219 225 218 225 220 225 219 226 220 226 221 226 221 227 220 227 222 227 221 228 222 228 223 228 223 229 222 229 224 229 223 230 224 230 61 230 61 231 224 231 62 231 225 22 226 22 227 22 227 232 226 232 228 232 227 22 228 22 229 22 229 22 228 22 230 22 225 233 227 233 231 233 231 234 227 234 232 234 231 235 232 235 233 235 234 22 235 22 236 22 233 22 232 22 237 22 237 236 232 236 238 236 237 22 238 22 239 22 239 22 238 22 240 22 240 22 238 22 241 22 240 22 241 22 242 22 243 22 244 22 245 22 245 237 244 237 246 237 230 22 228 22 247 22 247 22 228 22 162 22 247 22 162 22 160 22 236 22 235 22 245 22 245 22 235 22 248 22 245 238 248 238 243 238 234 22 236 22 249 22 249 22 236 22 250 22 249 22 250 22 160 22 160 22 250 22 251 22 160 239 251 239 247 239 252 22 253 22 241 22 241 240 253 240 254 240 241 241 254 241 242 241 255 22 256 22 257 22 257 22 256 22 258 22 244 22 259 22 246 22 246 22 259 22 260 22 246 22 260 22 257 22 257 242 260 242 261 242 257 243 261 243 255 243 256 22 262 22 258 22 258 22 262 22 263 22 258 22 263 22 264 22 264 22 263 22 265 22 264 22 265 22 252 22 252 22 265 22 266 22 252 22 266 22 253 22 156 32 267 32 268 32 267 244 269 244 268 244 268 245 269 245 270 245 268 32 270 32 271 32 271 32 270 32 272 32 271 246 272 246 273 246 274 247 275 247 276 247 276 32 275 32 277 32 276 32 277 32 278 32 278 248 277 248 279 248 278 32 279 32 280 32 280 249 279 249 281 249 280 32 281 32 282 32 283 32 284 32 285 32 285 250 284 250 286 250 285 32 286 32 287 32 272 32 288 32 273 32 273 251 288 251 289 251 273 252 289 252 290 252 268 253 291 253 156 253 156 254 291 254 292 254 156 32 292 32 158 32 158 255 292 255 293 255 158 32 293 32 294 32 294 256 293 256 275 256 294 257 275 257 295 257 295 258 275 258 274 258 282 32 281 32 296 32 296 259 281 259 297 259 296 32 297 32 298 32 299 260 300 260 297 260 297 261 300 261 301 261 297 262 301 262 298 262 283 263 302 263 284 263 284 32 302 32 303 32 284 32 303 32 299 32 299 264 303 264 304 264 299 265 304 265 300 265 289 32 305 32 290 32 290 32 305 32 306 32 290 32 306 32 286 32 286 266 306 266 307 266 286 267 307 267 287 267 159 268 308 268 160 268 160 269 308 269 249 269 308 270 309 270 249 270 249 271 309 271 310 271 249 272 310 272 234 272 234 273 310 273 311 273 234 274 311 274 235 274 235 275 311 275 312 275 235 276 312 276 313 276 313 277 314 277 235 277 235 278 314 278 315 278 235 279 315 279 316 279 316 280 315 280 317 280 316 281 317 281 318 281 318 282 317 282 319 282 318 283 319 283 320 283 321 284 322 284 323 284 319 285 324 285 320 285 320 286 324 286 325 286 320 287 325 287 322 287 322 288 325 288 326 288 322 289 326 289 323 289 327 290 328 290 323 290 323 291 328 291 329 291 323 292 329 292 321 292 42 293 330 293 41 293 41 294 330 294 331 294 41 295 331 295 332 295 332 296 331 296 328 296 332 297 328 297 333 297 333 298 328 298 327 298 334 299 60 299 59 299 335 300 336 300 337 300 337 301 336 301 338 301 337 302 338 302 59 302 59 303 338 303 339 303 59 304 339 304 334 304 340 305 341 305 342 305 342 306 341 306 343 306 342 307 343 307 344 307 345 308 346 308 340 308 340 309 346 309 347 309 340 310 347 310 341 310 335 311 348 311 336 311 336 312 348 312 346 312 336 313 346 313 349 313 349 314 346 314 345 314 350 315 225 315 351 315 351 316 225 316 352 316 351 317 352 317 353 317 353 318 352 318 344 318 344 319 352 319 354 319 344 320 354 320 342 320 350 321 355 321 225 321 225 322 355 322 356 322 225 323 356 323 226 323 356 324 357 324 226 324 226 325 357 325 358 325 226 326 358 326 228 326 161 327 162 327 359 327 359 328 162 328 228 328 359 329 228 329 360 329 360 330 228 330 358 330 361 331 46 331 362 331 362 332 46 332 363 332 362 333 363 333 364 333 361 334 365 334 46 334 46 335 365 335 366 335 46 336 366 336 43 336 367 337 368 337 369 337 369 338 368 338 370 338 369 339 370 339 371 339 367 340 369 340 372 340 372 341 369 341 373 341 372 342 373 342 374 342 364 343 375 343 362 343 362 344 375 344 372 344 362 345 372 345 376 345 376 346 372 346 374 346 377 347 274 347 378 347 378 348 274 348 379 348 378 349 379 349 380 349 380 350 379 350 371 350 371 351 379 351 381 351 371 352 381 352 369 352 377 353 382 353 274 353 274 354 382 354 383 354 274 355 383 355 295 355 383 356 384 356 295 356 295 357 384 357 385 357 295 358 385 358 294 358 157 359 158 359 386 359 386 360 158 360 294 360 386 361 294 361 387 361 387 362 294 362 385 362 155 363 388 363 156 363 156 364 388 364 267 364 388 365 389 365 267 365 267 366 389 366 390 366 267 367 390 367 269 367 269 368 390 368 391 368 269 369 391 369 270 369 270 370 391 370 392 370 270 371 392 371 393 371 393 372 394 372 270 372 270 373 394 373 395 373 270 374 395 374 396 374 396 375 395 375 397 375 396 376 397 376 398 376 398 377 397 377 399 377 398 378 399 378 400 378 400 379 399 379 401 379 401 380 402 380 400 380 400 381 402 381 403 381 400 382 403 382 404 382 404 383 403 383 405 383 404 384 405 384 406 384 407 385 408 385 405 385 405 386 408 386 409 386 405 387 409 387 406 387 63 388 410 388 64 388 64 389 410 389 411 389 64 390 411 390 412 390 412 391 411 391 408 391 412 392 408 392 413 392 413 393 408 393 407 393 315 394 414 394 415 394 332 395 333 395 416 395 416 396 333 396 327 396 82 397 417 397 83 397 83 398 417 398 418 398 83 399 418 399 84 399 323 400 419 400 327 400 327 401 419 401 420 401 327 402 420 402 416 402 323 403 326 403 419 403 419 404 326 404 325 404 419 405 325 405 421 405 421 406 325 406 324 406 421 407 324 407 422 407 422 408 324 408 319 408 422 409 319 409 415 409 415 410 319 410 317 410 415 411 317 411 315 411 414 412 315 412 423 412 423 413 315 413 314 413 423 414 314 414 313 414 313 415 312 415 423 415 423 416 312 416 424 416 423 417 424 417 425 417 41 418 332 418 82 418 82 419 332 419 416 419 82 420 416 420 417 420 417 421 416 421 420 421 417 422 420 422 418 422 418 423 420 423 419 423 418 424 419 424 426 424 426 425 419 425 421 425 426 426 421 426 427 426 427 427 421 427 422 427 427 428 422 428 428 428 428 429 422 429 415 429 428 430 415 430 429 430 429 431 415 431 414 431 429 432 414 432 430 432 430 433 414 433 423 433 430 434 423 434 431 434 431 435 423 435 425 435 431 436 425 436 432 436 84 437 418 437 80 437 80 438 418 438 426 438 80 439 426 439 81 439 81 440 426 440 427 440 81 441 427 441 75 441 75 442 427 442 428 442 75 443 428 443 76 443 76 444 428 444 429 444 76 445 429 445 77 445 77 446 429 446 430 446 77 447 430 447 78 447 78 448 430 448 431 448 78 449 431 449 79 449 79 450 431 450 432 450 79 451 432 451 51 451 433 452 424 452 312 452 312 453 311 453 433 453 433 454 311 454 310 454 433 455 310 455 434 455 434 456 310 456 309 456 434 457 309 457 435 457 435 458 309 458 308 458 435 459 308 459 159 459 436 460 425 460 424 460 424 461 433 461 436 461 436 462 433 462 434 462 436 463 434 463 437 463 437 464 434 464 435 464 437 465 435 465 438 465 439 466 432 466 425 466 159 467 440 467 435 467 435 468 440 468 441 468 435 469 441 469 438 469 438 470 441 470 442 470 438 471 442 471 443 471 425 472 436 472 439 472 439 473 436 473 437 473 439 474 437 474 444 474 444 475 437 475 438 475 444 476 438 476 445 476 445 477 438 477 443 477 445 478 443 478 446 478 50 479 51 479 432 479 432 480 439 480 50 480 50 481 439 481 444 481 50 482 444 482 49 482 49 483 444 483 445 483 49 484 445 484 52 484 52 485 445 485 446 485 52 486 446 486 53 486 159 487 161 487 440 487 440 487 161 487 447 487 440 488 447 488 441 488 441 489 447 489 448 489 441 490 448 490 442 490 442 491 448 491 449 491 442 492 449 492 443 492 443 493 449 493 450 493 443 494 450 494 446 494 446 495 450 495 451 495 446 496 451 496 53 496 53 496 451 496 54 496 357 497 356 497 452 497 360 498 358 498 453 498 360 499 453 499 359 499 447 500 454 500 448 500 448 501 454 501 455 501 456 502 450 502 455 502 455 503 450 503 449 503 455 504 449 504 448 504 55 505 54 505 456 505 456 506 54 506 451 506 456 507 451 507 450 507 56 508 55 508 457 508 457 509 55 509 456 509 457 510 456 510 458 510 458 511 456 511 455 511 458 512 455 512 453 512 453 513 455 513 454 513 453 514 454 514 359 514 359 515 454 515 447 515 359 516 447 516 161 516 358 517 357 517 453 517 453 518 357 518 459 518 453 519 459 519 458 519 458 520 459 520 460 520 458 521 460 521 457 521 457 522 460 522 461 522 457 523 461 523 56 523 56 524 461 524 57 524 357 525 452 525 459 525 459 526 452 526 462 526 459 527 462 527 460 527 460 528 462 528 463 528 460 529 463 529 461 529 461 530 463 530 58 530 461 531 58 531 57 531 464 532 351 532 353 532 95 533 96 533 465 533 465 534 96 534 97 534 337 535 466 535 335 535 335 536 466 536 467 536 101 537 468 537 97 537 97 538 468 538 469 538 97 539 469 539 465 539 344 540 343 540 470 540 470 541 343 541 341 541 470 542 341 542 471 542 471 543 341 543 347 543 471 544 347 544 472 544 472 545 347 545 346 545 472 546 346 546 467 546 467 547 346 547 348 547 467 548 348 548 335 548 344 549 470 549 353 549 353 550 470 550 473 550 353 551 473 551 464 551 59 552 95 552 337 552 337 553 95 553 465 553 337 554 465 554 466 554 466 555 465 555 469 555 466 556 469 556 467 556 467 557 469 557 468 557 467 558 468 558 472 558 472 559 468 559 474 559 472 560 474 560 471 560 471 561 474 561 475 561 471 562 475 562 470 562 470 563 475 563 476 563 470 564 476 564 473 564 473 565 476 565 477 565 473 566 477 566 464 566 464 567 477 567 478 567 464 568 478 568 479 568 351 569 464 569 350 569 350 570 464 570 479 570 350 571 479 571 355 571 101 572 100 572 468 572 468 573 100 573 99 573 468 574 99 574 474 574 474 575 99 575 98 575 474 576 98 576 475 576 475 577 98 577 102 577 475 578 102 578 476 578 476 579 102 579 103 579 476 580 103 580 477 580 477 581 103 581 104 581 477 582 104 582 478 582 478 583 104 583 58 583 356 584 355 584 452 584 452 585 355 585 479 585 452 586 479 586 462 586 462 587 479 587 478 587 462 588 478 588 463 588 463 589 478 589 58 589 395 590 480 590 481 590 412 591 413 591 482 591 482 592 413 592 407 592 112 593 483 593 113 593 113 594 483 594 484 594 113 595 484 595 114 595 405 596 485 596 407 596 407 597 485 597 486 597 407 598 486 598 482 598 405 599 403 599 485 599 485 600 403 600 402 600 485 601 402 601 487 601 487 602 402 602 401 602 487 603 401 603 488 603 488 604 401 604 399 604 488 605 399 605 481 605 481 606 399 606 397 606 481 607 397 607 395 607 480 608 395 608 489 608 489 609 395 609 394 609 489 610 394 610 393 610 393 611 392 611 489 611 489 612 392 612 490 612 489 613 490 613 491 613 64 614 412 614 112 614 112 615 412 615 482 615 112 616 482 616 483 616 483 617 482 617 486 617 483 618 486 618 484 618 484 619 486 619 485 619 484 620 485 620 492 620 492 621 485 621 487 621 492 622 487 622 493 622 493 623 487 623 488 623 493 624 488 624 494 624 494 625 488 625 481 625 494 626 481 626 495 626 495 627 481 627 480 627 495 628 480 628 496 628 496 629 480 629 489 629 496 630 489 630 497 630 497 631 489 631 491 631 497 632 491 632 498 632 114 633 484 633 110 633 110 634 484 634 492 634 110 635 492 635 111 635 111 636 492 636 493 636 111 637 493 637 105 637 105 638 493 638 494 638 105 639 494 639 106 639 106 640 494 640 495 640 106 641 495 641 107 641 107 642 495 642 496 642 107 643 496 643 108 643 108 644 496 644 497 644 108 645 497 645 109 645 109 646 497 646 498 646 109 647 498 647 72 647 499 648 490 648 392 648 392 649 391 649 499 649 499 650 391 650 390 650 499 651 390 651 500 651 500 652 390 652 389 652 500 653 389 653 501 653 501 654 389 654 388 654 501 655 388 655 155 655 502 656 491 656 490 656 490 657 499 657 502 657 502 658 499 658 500 658 502 659 500 659 503 659 503 660 500 660 501 660 503 661 501 661 504 661 505 662 498 662 491 662 155 663 506 663 501 663 501 664 506 664 507 664 501 665 507 665 504 665 504 666 507 666 508 666 504 667 508 667 509 667 491 668 502 668 505 668 505 669 502 669 503 669 505 670 503 670 510 670 510 671 503 671 504 671 510 672 504 672 511 672 511 673 504 673 509 673 511 674 509 674 512 674 73 675 72 675 498 675 498 676 505 676 73 676 73 677 505 677 510 677 73 678 510 678 74 678 74 679 510 679 511 679 74 680 511 680 65 680 65 681 511 681 512 681 65 682 512 682 66 682 155 683 157 683 506 683 506 684 157 684 513 684 506 685 513 685 507 685 507 686 513 686 514 686 507 687 514 687 508 687 508 687 514 687 515 687 508 688 515 688 509 688 509 689 515 689 516 689 509 690 516 690 512 690 512 691 516 691 517 691 512 692 517 692 66 692 66 693 517 693 67 693 384 694 383 694 518 694 387 695 385 695 519 695 387 696 519 696 386 696 513 697 520 697 514 697 514 698 520 698 521 698 522 699 516 699 521 699 521 700 516 700 515 700 521 701 515 701 514 701 68 702 67 702 522 702 522 703 67 703 517 703 522 704 517 704 516 704 69 705 68 705 523 705 523 706 68 706 522 706 523 707 522 707 524 707 524 708 522 708 521 708 524 709 521 709 519 709 519 710 521 710 520 710 519 711 520 711 386 711 386 712 520 712 513 712 386 713 513 713 157 713 385 714 384 714 519 714 519 715 384 715 525 715 519 716 525 716 524 716 524 717 525 717 526 717 524 718 526 718 523 718 523 719 526 719 527 719 523 720 527 720 69 720 69 721 527 721 70 721 384 722 518 722 525 722 525 723 518 723 528 723 525 724 528 724 526 724 526 725 528 725 529 725 526 726 529 726 527 726 527 727 529 727 71 727 527 728 71 728 70 728 530 729 378 729 380 729 363 730 531 730 364 730 364 731 531 731 532 731 86 732 85 732 533 732 533 733 85 733 88 733 533 734 88 734 534 734 534 735 88 735 87 735 92 736 535 736 87 736 87 737 535 737 536 737 87 738 536 738 534 738 371 739 370 739 537 739 537 740 370 740 368 740 537 741 368 741 538 741 538 742 368 742 367 742 538 743 367 743 539 743 539 744 367 744 372 744 539 745 372 745 532 745 532 746 372 746 375 746 532 747 375 747 364 747 371 748 537 748 380 748 380 749 537 749 540 749 380 750 540 750 530 750 46 751 86 751 363 751 363 752 86 752 533 752 363 753 533 753 531 753 531 754 533 754 534 754 531 755 534 755 532 755 532 756 534 756 536 756 532 757 536 757 539 757 539 758 536 758 535 758 539 759 535 759 538 759 538 760 535 760 541 760 538 761 541 761 537 761 537 762 541 762 542 762 537 763 542 763 540 763 540 764 542 764 543 764 540 765 543 765 530 765 530 766 543 766 544 766 530 767 544 767 545 767 378 768 530 768 377 768 377 769 530 769 545 769 377 770 545 770 382 770 92 771 91 771 535 771 535 772 91 772 90 772 535 773 90 773 541 773 541 774 90 774 89 774 541 775 89 775 542 775 542 776 89 776 93 776 542 777 93 777 543 777 543 778 93 778 94 778 543 779 94 779 544 779 544 780 94 780 71 780 383 781 382 781 518 781 518 782 382 782 545 782 518 783 545 783 528 783 528 784 545 784 544 784 528 785 544 785 529 785 529 786 544 786 71 786 257 787 258 787 299 787 299 788 258 788 264 788 299 789 264 789 284 789 284 790 264 790 252 790 284 791 252 791 286 791 286 792 252 792 241 792 286 793 241 793 290 793 290 794 241 794 238 794 290 795 238 795 273 795 273 796 238 796 232 796 273 797 232 797 271 797 271 797 232 797 227 797 271 798 227 798 268 798 268 799 227 799 229 799 268 800 229 800 291 800 291 801 229 801 230 801 291 802 230 802 292 802 292 802 230 802 247 802 292 803 247 803 293 803 293 803 247 803 251 803 293 804 251 804 275 804 275 805 251 805 250 805 275 806 250 806 277 806 277 807 250 807 236 807 277 808 236 808 279 808 279 808 236 808 245 808 279 809 245 809 281 809 281 810 245 810 246 810 281 811 246 811 297 811 297 812 246 812 257 812 297 813 257 813 299 813 381 814 379 814 546 814 274 815 276 815 379 815 379 816 276 816 547 816 379 817 547 817 546 817 548 818 362 818 376 818 549 819 373 819 546 819 546 820 373 820 369 820 546 821 369 821 381 821 376 822 374 822 548 822 548 823 374 823 373 823 548 824 373 824 550 824 550 825 373 825 549 825 43 826 366 826 45 826 45 827 366 827 365 827 45 828 365 828 361 828 362 829 548 829 361 829 361 830 548 830 551 830 361 831 551 831 45 831 218 832 216 832 552 832 212 833 210 833 553 833 208 834 206 834 554 834 198 835 196 835 555 835 190 836 188 836 556 836 184 837 182 837 557 837 176 838 174 838 558 838 170 839 168 839 559 839 560 840 288 840 272 840 276 841 278 841 547 841 547 842 278 842 561 842 547 843 561 843 546 843 546 844 561 844 562 844 305 845 289 845 563 845 563 846 289 846 564 846 563 847 564 847 565 847 565 848 564 848 566 848 565 849 566 849 567 849 567 850 566 850 568 850 567 851 568 851 552 851 289 852 288 852 564 852 564 853 288 853 560 853 564 854 560 854 566 854 566 855 560 855 569 855 566 856 569 856 568 856 568 857 569 857 570 857 571 858 548 858 572 858 572 859 548 859 550 859 572 860 550 860 562 860 562 861 550 861 549 861 562 862 549 862 546 862 278 863 280 863 561 863 561 864 280 864 573 864 561 865 573 865 562 865 562 866 573 866 574 866 562 867 574 867 572 867 572 868 574 868 575 868 572 869 575 869 571 869 571 870 575 870 559 870 298 871 301 871 576 871 576 872 301 872 577 872 576 873 577 873 578 873 578 874 577 874 579 874 578 875 579 875 580 875 580 876 579 876 581 876 580 877 581 877 582 877 582 878 581 878 557 878 303 879 302 879 583 879 583 880 302 880 584 880 583 881 584 881 585 881 585 882 584 882 586 882 585 883 586 883 587 883 587 884 586 884 588 884 587 885 588 885 589 885 589 886 588 886 555 886 285 887 287 887 590 887 590 888 287 888 591 888 590 889 591 889 592 889 592 890 591 890 593 890 592 891 593 891 594 891 594 892 593 892 595 892 594 893 595 893 596 893 596 894 595 894 554 894 272 895 597 895 560 895 560 896 597 896 598 896 560 897 598 897 569 897 569 898 598 898 599 898 569 899 599 899 570 899 570 900 599 900 600 900 570 901 600 901 601 901 552 902 568 902 602 902 602 903 568 903 570 903 602 904 570 904 603 904 603 905 570 905 601 905 603 906 601 906 604 906 164 907 45 907 571 907 571 908 45 908 551 908 571 909 551 909 548 909 559 910 168 910 571 910 571 911 168 911 166 911 571 912 166 912 164 912 172 913 170 913 605 913 605 914 170 914 559 914 605 915 559 915 606 915 606 916 559 916 575 916 606 917 575 917 607 917 607 918 575 918 574 918 607 919 574 919 608 919 608 920 574 920 573 920 608 921 573 921 282 921 282 922 573 922 280 922 282 923 296 923 608 923 608 924 296 924 609 924 608 925 609 925 607 925 607 926 609 926 610 926 607 927 610 927 606 927 606 928 610 928 611 928 606 929 611 929 605 929 605 930 611 930 558 930 605 931 558 931 172 931 172 932 558 932 174 932 178 933 176 933 582 933 582 934 176 934 558 934 582 935 558 935 580 935 580 936 558 936 611 936 580 937 611 937 578 937 578 938 611 938 610 938 578 939 610 939 576 939 576 940 610 940 609 940 576 941 609 941 298 941 298 942 609 942 296 942 557 943 182 943 582 943 582 944 182 944 180 944 582 945 180 945 178 945 186 946 184 946 612 946 612 947 184 947 557 947 612 948 557 948 613 948 613 949 557 949 581 949 613 950 581 950 614 950 614 951 581 951 579 951 614 952 579 952 615 952 615 953 579 953 577 953 615 954 577 954 300 954 300 955 577 955 301 955 300 956 304 956 615 956 615 957 304 957 616 957 615 958 616 958 614 958 614 959 616 959 617 959 614 960 617 960 613 960 613 961 617 961 618 961 613 962 618 962 612 962 612 963 618 963 556 963 612 964 556 964 186 964 186 965 556 965 188 965 192 966 190 966 589 966 589 967 190 967 556 967 589 968 556 968 587 968 587 969 556 969 618 969 587 970 618 970 585 970 585 971 618 971 617 971 585 972 617 972 583 972 583 973 617 973 616 973 583 974 616 974 303 974 303 975 616 975 304 975 555 976 196 976 589 976 589 977 196 977 194 977 589 978 194 978 192 978 200 979 198 979 619 979 619 980 198 980 555 980 619 981 555 981 620 981 620 982 555 982 588 982 620 983 588 983 621 983 621 984 588 984 586 984 621 985 586 985 622 985 622 986 586 986 584 986 622 987 584 987 283 987 283 988 584 988 302 988 283 989 285 989 622 989 622 990 285 990 590 990 622 991 590 991 621 991 621 992 590 992 592 992 621 993 592 993 620 993 620 994 592 994 594 994 620 995 594 995 619 995 619 996 594 996 596 996 619 997 596 997 200 997 200 998 596 998 202 998 554 999 206 999 596 999 596 1000 206 1000 204 1000 596 1001 204 1001 202 1001 210 1002 208 1002 553 1002 553 1003 208 1003 554 1003 553 1004 554 1004 623 1004 623 1005 554 1005 595 1005 623 1006 595 1006 624 1006 624 1007 595 1007 593 1007 624 1008 593 1008 625 1008 625 1009 593 1009 591 1009 625 1010 591 1010 307 1010 307 1011 591 1011 287 1011 214 1012 212 1012 626 1012 626 1013 212 1013 553 1013 626 1014 553 1014 627 1014 627 1015 553 1015 623 1015 627 1016 623 1016 628 1016 628 1017 623 1017 624 1017 628 1018 624 1018 629 1018 629 1019 624 1019 625 1019 629 1020 625 1020 306 1020 306 1021 625 1021 307 1021 306 1022 305 1022 629 1022 629 1023 305 1023 563 1023 629 1024 563 1024 628 1024 628 1025 563 1025 565 1025 628 1026 565 1026 627 1026 627 1027 565 1027 567 1027 627 1028 567 1028 626 1028 626 1029 567 1029 552 1029 626 1030 552 1030 214 1030 214 1031 552 1031 216 1031 218 1032 552 1032 220 1032 220 1033 552 1033 602 1033 220 1034 602 1034 222 1034 222 1035 602 1035 603 1035 222 1036 603 1036 224 1036 224 1037 603 1037 604 1037 224 1038 604 1038 62 1038 410 1039 63 1039 62 1039 599 1040 598 1040 400 1040 599 1041 400 1041 600 1041 600 1042 400 1042 404 1042 600 1043 404 1043 601 1043 404 1044 406 1044 601 1044 601 1045 406 1045 409 1045 601 1046 409 1046 604 1046 604 1047 409 1047 408 1047 604 1048 408 1048 62 1048 62 1049 408 1049 411 1049 62 1050 411 1050 410 1050 272 1051 270 1051 597 1051 597 1052 270 1052 396 1052 597 1053 396 1053 598 1053 598 1054 396 1054 398 1054 598 1055 398 1055 400 1055 354 1056 352 1056 630 1056 225 1057 231 1057 352 1057 352 1058 231 1058 631 1058 352 1059 631 1059 630 1059 632 1060 336 1060 349 1060 633 1061 340 1061 630 1061 630 1062 340 1062 342 1062 630 1063 342 1063 354 1063 349 1064 345 1064 632 1064 632 1065 345 1065 340 1065 632 1066 340 1066 634 1066 634 1067 340 1067 633 1067 60 1068 334 1068 61 1068 61 1069 334 1069 339 1069 61 1070 339 1070 338 1070 336 1071 632 1071 338 1071 338 1072 632 1072 635 1072 338 1073 635 1073 61 1073 169 1074 171 1074 636 1074 175 1075 177 1075 637 1075 179 1076 181 1076 638 1076 189 1077 191 1077 639 1077 193 1078 195 1078 640 1078 197 1079 199 1079 641 1079 203 1080 205 1080 642 1080 211 1081 213 1081 643 1081 217 1082 219 1082 644 1082 645 1083 243 1083 248 1083 231 1084 233 1084 631 1084 631 1085 233 1085 646 1085 631 1086 646 1086 630 1086 630 1087 646 1087 647 1087 259 1088 244 1088 648 1088 648 1089 244 1089 649 1089 648 1090 649 1090 650 1090 650 1091 649 1091 651 1091 650 1092 651 1092 652 1092 652 1093 651 1093 653 1093 652 1094 653 1094 636 1094 244 1095 243 1095 649 1095 649 1096 243 1096 645 1096 649 1097 645 1097 651 1097 651 1098 645 1098 654 1098 651 1099 654 1099 653 1099 653 1100 654 1100 655 1100 656 1101 632 1101 657 1101 657 1102 632 1102 634 1102 657 1103 634 1103 647 1103 647 1104 634 1104 633 1104 647 1105 633 1105 630 1105 233 1106 237 1106 646 1106 646 1107 237 1107 658 1107 646 1108 658 1108 647 1108 647 1109 658 1109 659 1109 647 1110 659 1110 657 1110 657 1111 659 1111 660 1111 657 1112 660 1112 656 1112 656 1113 660 1113 644 1113 242 1114 254 1114 661 1114 661 1115 254 1115 662 1115 661 1116 662 1116 663 1116 663 1117 662 1117 664 1117 663 1118 664 1118 665 1118 665 1119 664 1119 666 1119 665 1120 666 1120 667 1120 667 1121 666 1121 642 1121 256 1122 255 1122 668 1122 668 1123 255 1123 669 1123 668 1124 669 1124 670 1124 670 1125 669 1125 671 1125 670 1126 671 1126 672 1126 672 1127 671 1127 673 1127 672 1128 673 1128 674 1128 674 1129 673 1129 638 1129 248 1130 675 1130 645 1130 645 1131 675 1131 676 1131 645 1132 676 1132 654 1132 654 1133 676 1133 677 1133 654 1134 677 1134 655 1134 655 1135 677 1135 678 1135 655 1136 678 1136 679 1136 636 1137 653 1137 680 1137 680 1138 653 1138 655 1138 680 1139 655 1139 681 1139 681 1140 655 1140 679 1140 681 1141 679 1141 682 1141 223 1142 61 1142 656 1142 656 1143 61 1143 635 1143 656 1144 635 1144 632 1144 644 1145 219 1145 656 1145 656 1146 219 1146 221 1146 656 1147 221 1147 223 1147 215 1148 217 1148 683 1148 683 1149 217 1149 644 1149 683 1150 644 1150 684 1150 684 1151 644 1151 660 1151 684 1152 660 1152 685 1152 685 1153 660 1153 659 1153 685 1154 659 1154 686 1154 686 1155 659 1155 658 1155 686 1156 658 1156 239 1156 239 1157 658 1157 237 1157 239 1158 240 1158 686 1158 686 1159 240 1159 687 1159 686 1160 687 1160 685 1160 685 1161 687 1161 688 1161 685 1162 688 1162 684 1162 684 1163 688 1163 689 1163 684 1164 689 1164 683 1164 683 1165 689 1165 643 1165 683 1166 643 1166 215 1166 215 1167 643 1167 213 1167 209 1168 211 1168 667 1168 667 1169 211 1169 643 1169 667 1170 643 1170 665 1170 665 1171 643 1171 689 1171 665 1172 689 1172 663 1172 663 1173 689 1173 688 1173 663 1174 688 1174 661 1174 661 1175 688 1175 687 1175 661 1176 687 1176 242 1176 242 1177 687 1177 240 1177 642 1178 205 1178 667 1178 667 1179 205 1179 207 1179 667 1180 207 1180 209 1180 201 1181 203 1181 690 1181 690 1182 203 1182 642 1182 690 1183 642 1183 691 1183 691 1184 642 1184 666 1184 691 1185 666 1185 692 1185 692 1186 666 1186 664 1186 692 1187 664 1187 693 1187 693 1188 664 1188 662 1188 693 1189 662 1189 253 1189 253 1190 662 1190 254 1190 253 1191 266 1191 693 1191 693 1192 266 1192 694 1192 693 1193 694 1193 692 1193 692 1194 694 1194 695 1194 692 1195 695 1195 691 1195 691 1196 695 1196 696 1196 691 1197 696 1197 690 1197 690 1198 696 1198 641 1198 690 1199 641 1199 201 1199 201 1200 641 1200 199 1200 195 1201 197 1201 640 1201 640 1202 197 1202 641 1202 640 1203 641 1203 697 1203 697 1204 641 1204 696 1204 697 1205 696 1205 698 1205 698 1206 696 1206 695 1206 698 1207 695 1207 699 1207 699 1208 695 1208 694 1208 699 1209 694 1209 265 1209 265 1210 694 1210 266 1210 191 1211 193 1211 639 1211 639 1212 193 1212 640 1212 639 1213 640 1213 700 1213 700 1214 640 1214 697 1214 700 1215 697 1215 701 1215 701 1216 697 1216 698 1216 701 1217 698 1217 702 1217 702 1218 698 1218 699 1218 702 1219 699 1219 263 1219 263 1220 699 1220 265 1220 187 1221 189 1221 703 1221 703 1222 189 1222 639 1222 703 1223 639 1223 704 1223 704 1224 639 1224 700 1224 704 1225 700 1225 705 1225 705 1226 700 1226 701 1226 705 1227 701 1227 706 1227 706 1228 701 1228 702 1228 706 1229 702 1229 262 1229 262 1230 702 1230 263 1230 262 1231 256 1231 706 1231 706 1232 256 1232 668 1232 706 1233 668 1233 705 1233 705 1234 668 1234 670 1234 705 1235 670 1235 704 1235 704 1236 670 1236 672 1236 704 1237 672 1237 703 1237 703 1238 672 1238 674 1238 703 1239 674 1239 187 1239 187 1240 674 1240 185 1240 638 1241 181 1241 674 1241 674 1242 181 1242 183 1242 674 1243 183 1243 185 1243 177 1244 179 1244 637 1244 637 1245 179 1245 638 1245 637 1246 638 1246 707 1246 707 1247 638 1247 673 1247 707 1248 673 1248 708 1248 708 1249 673 1249 671 1249 708 1250 671 1250 709 1250 709 1251 671 1251 669 1251 709 1252 669 1252 261 1252 261 1253 669 1253 255 1253 173 1254 175 1254 710 1254 710 1255 175 1255 637 1255 710 1256 637 1256 711 1256 711 1257 637 1257 707 1257 711 1258 707 1258 712 1258 712 1259 707 1259 708 1259 712 1260 708 1260 713 1260 713 1261 708 1261 709 1261 713 1262 709 1262 260 1262 260 1263 709 1263 261 1263 260 1264 259 1264 713 1264 713 1265 259 1265 648 1265 713 1266 648 1266 712 1266 712 1267 648 1267 650 1267 712 1268 650 1268 711 1268 711 1269 650 1269 652 1269 711 1270 652 1270 710 1270 710 1271 652 1271 636 1271 710 1272 636 1272 173 1272 173 1273 636 1273 171 1273 169 1274 636 1274 167 1274 167 1275 636 1275 680 1275 167 1276 680 1276 165 1276 165 1277 680 1277 681 1277 165 1278 681 1278 163 1278 163 1279 681 1279 682 1279 163 1280 682 1280 44 1280 330 1281 42 1281 44 1281 677 1282 676 1282 320 1282 677 1283 320 1283 678 1283 678 1284 320 1284 322 1284 678 1285 322 1285 679 1285 322 1286 321 1286 679 1286 679 1287 321 1287 329 1287 679 1288 329 1288 682 1288 682 1289 329 1289 328 1289 682 1290 328 1290 44 1290 44 1291 328 1291 331 1291 44 1292 331 1292 330 1292 248 1293 235 1293 675 1293 675 1294 235 1294 316 1294 675 1295 316 1295 676 1295 676 1296 316 1296 318 1296 676 1297 318 1297 320 1297 714 19 715 19 716 19 716 19 715 19 717 19 716 19 717 19 718 19 719 19 720 19 716 19 716 1298 720 1298 721 1298 716 1299 721 1299 714 1299 722 1300 723 1300 716 1300 716 19 723 19 724 19 716 19 724 19 719 19 718 1301 725 1301 716 1301 716 1302 725 1302 726 1302 716 1303 726 1303 722 1303 717 1304 727 1304 718 1304 718 1304 727 1304 728 1304 718 1305 728 1305 725 1305 725 1306 728 1306 729 1306 725 1307 729 1307 726 1307 726 1308 729 1308 730 1308 726 1309 730 1309 722 1309 722 1310 730 1310 731 1310 722 1311 731 1311 723 1311 723 1312 731 1312 732 1312 723 1313 732 1313 724 1313 724 1313 732 1313 733 1313 724 1314 733 1314 719 1314 719 1315 733 1315 734 1315 719 1316 734 1316 720 1316 720 1317 734 1317 735 1317 720 1318 735 1318 721 1318 721 1319 735 1319 736 1319 721 1320 736 1320 714 1320 714 1321 736 1321 737 1321 714 1322 737 1322 715 1322 715 1323 737 1323 738 1323 715 1324 738 1324 717 1324 717 1325 738 1325 727 1325 729 28 728 28 739 28 739 28 728 28 727 28 739 28 727 28 738 28 732 28 731 28 739 28 739 28 731 28 730 28 739 28 730 28 729 28 735 1326 734 1326 739 1326 739 28 734 28 733 28 739 28 733 28 732 28 738 28 737 28 739 28 739 28 737 28 736 28 739 28 736 28 735 28 740 1327 741 1327 742 1327 742 19 741 19 743 19 742 19 743 19 744 19 745 1328 746 1328 742 1328 742 1303 746 1303 747 1303 742 1302 747 1302 740 1302 748 19 749 19 742 19 742 19 749 19 750 19 742 19 750 19 745 19 744 19 751 19 742 19 742 1299 751 1299 752 1299 742 1298 752 1298 748 1298 743 1329 753 1329 744 1329 744 1330 753 1330 754 1330 744 1305 754 1305 751 1305 751 1306 754 1306 755 1306 751 1307 755 1307 752 1307 752 1308 755 1308 756 1308 752 1309 756 1309 748 1309 748 1310 756 1310 757 1310 748 1311 757 1311 749 1311 749 1312 757 1312 758 1312 749 1331 758 1331 750 1331 750 1332 758 1332 759 1332 750 1333 759 1333 745 1333 745 1333 759 1333 760 1333 745 1316 760 1316 746 1316 746 1317 760 1317 761 1317 746 1318 761 1318 747 1318 747 1319 761 1319 762 1319 747 1320 762 1320 740 1320 740 1321 762 1321 763 1321 740 1322 763 1322 741 1322 741 1323 763 1323 764 1323 741 1334 764 1334 743 1334 743 1334 764 1334 753 1334 755 1335 754 1335 765 1335 765 28 754 28 753 28 765 28 753 28 764 28 758 28 757 28 765 28 765 28 757 28 756 28 765 28 756 28 755 28 761 28 760 28 765 28 765 28 760 28 759 28 765 28 759 28 758 28 764 28 763 28 765 28 765 28 763 28 762 28 765 28 762 28 761 28</p>
        </triangles>
      </mesh>
    </geometry>
  </library_geometries>
  <library_visual_scenes>
    <visual_scene id="Scene" name="Scene">
      <node id="link_1_4" name="link_1_4" type="NODE">
        <matrix sid="transform">0 1 0 0 -1 0 0 0 0 0 1 0 0 0 0 1</matrix>
        <instance_geometry url="#link_1_4-mesh" name="link_1_4">
          <bind_material>
            <technique_common>
              <instance_material symbol="m_1-material" target="#m_1-material"/>
            </technique_common>
          </bind_material>
        </instance_geometry>
      </node>
    </visual_scene>
  </library_visual_scenes>
  <scene>
    <instance_visual_scene url="#Scene"/>
  </scene>
</COLLADA>