<?xml version="1.0" encoding="utf-8"?>
<COLLADA xmlns="http://www.collada.org/2005/11/COLLADASchema" version="1.4.1" xmlns:xsi="http://www.w3.org/2001/XMLSchema-instance">
  <asset>
    <contributor>
      <author>Blender User</author>
      <authoring_tool>Blender 4.0.2 commit date:2023-12-05, commit time:07:41, hash:9be62e85b727</authoring_tool>
    </contributor>
    <created>2025-10-30T12:05:39</created>
    <modified>2025-10-30T12:05:39</modified>
    <unit name="meter" meter="1"/>
    <up_axis>Z_UP</up_axis>
  </asset>
  <library_effects>
    <effect id="m_1-effect">
      <profile_COMMON>
        <technique sid="common">
          <lambert>
            <emission>
              <color sid="emission">0 0 0 1</color>
            </emission>
            <diffuse>
              <color sid="diffuse">0.2 0.2 0.17 1</color>
            </diffuse>
            <reflectivity>
              <float sid="specular">1</float>
            </reflectivity>
            <index_of_refraction>
              <float sid="ior">1.45</float>
            </index_of_refraction>
          </lambert>
        </technique>
      </profile_COMMON>
    </effect>
  </library_effects>
  <library_images/>
  <library_materials>
    <material id="m_1-material" name="m_1">
      <instance_effect url="#m_1-effect"/>
    </material>
  </library_materials>
  <library_geometries>
    <geometry id="link_2_2-mesh" name="link_2_2">
      <mesh>
        <source id="link_2_2-mesh-positions">
          <float_array id="link_2_2-mesh-positions-array" count="4359">0.009799957 0.004401922 0.006071567 0.009799957 0.00487864 0.006692886 0.009799957 -0.00410217 0.005348026 0.009799957 0.005549967 0.007364213 0.009799957 -0.004401922 0.006071567 0.009799957 -0.00487864 0.006692886 0.009799957 0.005549967 0.02452248 0.009799957 0.004790127 0.02500158 0.009799957 -0.005549967 0.02452248 0.009799957 -0.005549967 0.007364213 0.009799957 -0.004790127 0.02500158 0.009799957 -0.003942549 0.02529913 0.009799957 -0.003049969 0.02539998 0.009799957 0.003942549 0.02529913 0.009799957 0.003049969 0.02539998 0.009799957 0.004817187 0.001339495 0.009799957 -0.00411266 0.003180265 0.009799957 0.004988908 3.32487e-4 0.009799957 -0.00444442 0.002290606 0.009799957 0.004952371 -6.88413e-4 0.009799957 0.003651142 -0.003415942 0.009799957 0.004269242 -0.002602577 0.009799957 0.004709064 -0.001680552 0.009799957 0.001016199 -0.004895627 0.009799957 0.00198996 -0.004586875 0.009799957 0.002880692 -0.004086732 0.009799957 0.00444442 0.002290606 0.009799957 0.00411266 0.003180265 0.009799957 -0.003999948 0.004123091 0.009799957 0.003999948 0.004123091 0.009799957 -0.003999948 0.004571557 0.009799957 0.003999948 0.004571557 0.009799957 0.00410217 0.005348026 0.009799957 -0.004817187 0.001339495 0.009799957 -0.004988908 3.32487e-4 0.009799957 -0.004952371 -6.88413e-4 0.009799957 -0.004709064 -0.001680552 0.009799957 -0.004269242 -0.002602577 0.009799957 -0.003651142 -0.003415942 0.009799957 -0.002880692 -0.004086732 0.009799957 -0.00198996 -0.004586875 0.009799957 0 -0.004999995 0.009799957 -0.001016199 -0.004895627 0.007147669 -0.008049964 0.008864164 0.007299959 -0.008049964 0.008864164 0.007299959 -0.008049964 0.02139997 0.002999961 -0.008049964 0.02139997 0.002999961 -0.008049964 0.03339999 -0.004699945 -0.008049964 0.03339999 0.004899978 -0.008049964 0.009499967 0.004899978 -0.008049964 0.008864164 0.006052255 -0.008049964 0.008864164 -0.004699945 -0.008049964 0.02489995 -0.006052255 -0.008049964 0.009499967 -0.007299959 -0.008049964 0.02489995 -0.007147669 -0.008049964 0.009499967 -0.007299959 -0.008049964 0.009290218 -0.007147669 -0.008049964 0.009290218 0.00879997 0.003049969 0.02639997 0.004499971 0.003049969 0.02639997 0.00879997 -0.003049969 0.02639997 0.004499971 -0.003049969 0.02639997 0.007299959 0.008049964 0.008864164 0.007299959 0.008049964 0.02139997 0.008066594 0.007929563 0.008791923 0.007310986 0.008049964 0.02141076 0.007644295 0.008026123 0.02173787 0.007927238 0.007969975 0.02201765 0.008255183 0.007860302 0.02234733 0.008476495 0.007755815 0.02257502 0.0089491 0.007428884 0.008491516 0.008261203 0.007857799 0.008748888 0.008963286 0.007416367 0.02310198 0.009027659 0.007356941 0.02317583 0.009070873 0.007314562 0.00842297 0.009576082 0.006584048 0.007984638 0.009379863 0.006937026 0.02361267 0.009631633 0.006451845 0.02399832 0.009748399 0.006055295 0.02425342 0.009793579 -0.005728662 0.007471382 0.009748399 -0.006055295 0.02425342 0.009610712 -0.006504118 0.007936656 0.009631633 -0.006451845 0.02399832 0.00951904 -0.00670135 0.008055031 0.009379863 -0.006937026 0.02361267 0.009070813 -0.007314622 0.00842297 0.009027659 -0.007356941 0.02317583 0.008931636 -0.007444083 0.008500635 0.008963286 -0.007416367 0.02310198 0.008476495 -0.007755815 0.02257502 0.008164405 -0.007895767 0.008771657 0.008255183 -0.007860302 0.02234733 0.007927238 -0.007969975 0.02201765 0.007310986 -0.008049964 0.02141076 0.007644295 -0.008026123 0.02173787 -0.007147669 0.008049964 0.009290218 -0.007299959 0.008049964 0.009290218 -0.007147669 0.008049964 0.009499967 -0.007299959 0.008049964 0.02489995 0.002999961 0.008049964 0.02139997 -0.004699945 0.008049964 0.02489995 0.002999961 0.008049964 0.03339999 -0.004699945 0.008049964 0.03339999 0.007147669 0.008049964 0.008864164 0.006052255 0.008049964 0.008864164 0.004899978 0.008049964 0.008864164 0.004899978 0.008049964 0.009499967 -0.006052255 0.008049964 0.009499967 -0.009799957 -0.002543747 0.004174172 -0.009799957 -0.002822339 0.005242466 -0.009799957 0.002543747 0.004174172 -0.009799957 0.005549967 0.02802246 -0.009799957 0.005549967 0.008613944 -0.009799957 0.00466144 0.00795865 -0.009799957 -0.003942549 0.02879911 -0.009799957 -0.003049969 0.02889996 -0.009799957 -0.00466144 0.00795865 -0.009799957 0.003049969 0.02889996 -0.009799957 -0.005549967 0.008613944 -0.009799957 -0.005549967 0.02802246 -0.009799957 -0.004790127 0.02850162 -0.009799957 0.003942549 0.02879911 -0.009799957 0.004790127 0.02850162 -0.009799957 0.003896653 0.007162392 -0.009799957 -0.003896653 0.007162392 -0.009799957 0.003277659 0.006248235 -0.009799957 0.002822339 0.005242466 -0.009799957 -0.003277659 0.006248235 -0.009799957 -0.002449989 0.003074109 -0.009799957 0.002449989 0.003074109 -0.009799957 -0.002449989 0 -0.009799957 0.002449989 0 -0.009799957 0.002366483 -6.34107e-4 -0.009799957 0.002121746 -0.001224994 -0.009799957 0.001732409 -0.001732409 -0.009799957 0.001224994 -0.002121746 -0.009799957 -0.001224994 -0.002121746 -0.009799957 -0.001732409 -0.001732409 -0.009799957 -0.002121746 -0.001224994 -0.009799957 6.34107e-4 -0.002366483 -0.009799957 0 -0.002449989 -0.009799957 -0.002366483 -6.34107e-4 -0.009799957 -6.34107e-4 -0.002366483 -0.00879997 -0.003049969 0.02989995 -0.006199955 -0.003049969 0.02989995 -0.00879997 0.003049969 0.02989995 -0.006199955 0.003049969 0.02989995 -0.00854361 0.007718682 0.009225964 -0.008799016 0.007550656 0.009190618 -0.009027659 0.007356941 0.02667582 -0.009160578 0.007219791 0.009115576 -0.009379863 0.006937026 0.02711266 -0.009343385 0.006990253 0.009059071 -0.009631633 0.006451845 0.02749836 -0.009586095 0.006561696 0.008943438 -0.009748399 0.006055295 0.02775341 -0.009686231 0.006295502 0.00886476 -0.009787261 0.005801916 0.008703947 -0.007792115 0.008001029 0.009281158 -0.008255183 0.007860302 0.02584737 -0.007927238 0.007969975 0.02551764 -0.007309496 0.008049964 0.02491164 -0.007644295 0.008026123 0.02523785 -0.008963286 0.007416367 0.02660197 -0.008476495 0.007755815 0.026075 -0.008256852 0.007859587 0.009254157 -0.00809431 0.007920444 0.009265899 -0.008256852 -0.007859587 0.009254157 -0.008029103 -0.007941246 0.009269893 -0.008255183 -0.007860302 0.02584737 -0.007706403 -0.008016705 0.009284079 -0.007927238 -0.007969975 0.02551764 -0.007644295 -0.008026123 0.02523785 -0.007309496 -0.008049964 0.02491164 -0.009166479 -0.007213175 0.009113967 -0.008804678 -0.007546424 0.009189724 -0.009027659 -0.007356941 0.02667582 -0.008484542 -0.007751524 0.00923264 -0.008963286 -0.007416367 0.02660197 -0.008476495 -0.007755815 0.026075 -0.009631633 -0.006451845 0.02749836 -0.009609878 -0.006506204 0.008927524 -0.009431481 -0.006856381 0.009024381 -0.009379863 -0.006937026 0.02711266 -0.009748756 -0.006053328 0.008788347 -0.009646892 -0.006411373 0.008899688 -0.009748399 -0.006055295 0.02775341 0.002999961 0.007927656 0.03479784 -0.004699945 0.007927656 0.03479784 0.002999961 0.007816076 0.03532648 -0.004699945 0.007816076 0.03532648 0.002999961 0.007564485 0.03615325 -0.004699945 0.007564485 0.03615325 0.002999961 0.007127881 0.03714102 -0.004699945 0.007127881 0.03714102 0.002999961 0.006971478 0.03742498 -0.004699945 0.006971478 0.03742498 0.002999961 0.006166636 0.03857439 -0.004699945 0.006166636 0.03857439 0.002999961 0.006025493 0.03873813 -0.004699945 0.006025493 0.03873813 0.002999961 0.005174398 0.03956663 -0.004699945 0.005174398 0.03956663 0.002999961 0.004572868 0.04002499 -0.004699945 0.004572868 0.04002499 0.002999961 0.004024982 0.04037147 -0.004699945 0.004024982 0.04037147 0.002999961 0.002854526 0.04092687 -0.004699945 0.002854526 0.04092687 0.002999961 0.002753257 0.04096448 -0.004699945 0.002753257 0.04096448 0.002999961 0.001397848 0.04132765 -0.004699945 0.001397848 0.04132765 0.002999961 9.7032e-4 0.04139125 -0.004699945 9.7032e-4 0.04139125 0.002999961 0 0.04144996 -0.004699945 0 0.04144996 0.002999961 -9.7032e-4 0.04139125 -0.004699945 -9.7032e-4 0.04139125 0.002999961 -0.001397848 0.04132765 -0.004699945 -0.001397848 0.04132765 0.002999961 -0.002753257 0.04096448 -0.004699945 -0.002753257 0.04096448 0.002999961 -0.002854526 0.04092687 -0.004699945 -0.002854526 0.04092687 0.002999961 -0.004024982 0.04037147 -0.004699945 -0.004024982 0.04037147 0.002999961 -0.004572868 0.04002499 -0.004699945 -0.004572868 0.04002499 0.002999961 -0.005174398 0.03956663 -0.004699945 -0.005174398 0.03956663 0.002999961 -0.006025493 0.03873813 -0.004699945 -0.006025493 0.03873813 0.002999961 -0.006166636 0.03857439 -0.004699945 -0.006166636 0.03857439 0.002999961 -0.006971478 0.03742498 -0.004699945 -0.006971478 0.03742498 0.002999961 -0.007127881 0.03714102 -0.004699945 -0.007127881 0.03714102 0.002999961 -0.007564485 0.03615325 -0.004699945 -0.007564485 0.03615325 0.002999961 -0.007816076 0.03532648 -0.004699945 -0.007816076 0.03532648 0.002999961 -0.007927656 0.03479784 -0.004699945 -0.007927656 0.03479784 -0.006199955 -0.005988895 0.02894508 -0.006199955 -0.006549954 0.02847069 -0.006199955 -0.006549954 0.03339999 -0.006199955 0 0.03994995 -0.006199955 0 0.03589999 -0.006199955 -0.001137375 0.03985047 -0.006199955 -0.001084685 0.03565239 -0.006199955 -0.00224018 0.03955495 -0.006199955 -0.003274977 0.03907245 -0.006199955 -0.004210233 0.03841757 -0.006199955 -0.001954555 0.03495872 -0.006199955 -0.005017578 0.03761023 -0.006199955 -0.002437293 0.03395628 -0.006199955 -0.002437293 0.03284364 -0.006199955 -0.001954555 0.03184127 -0.006199955 0.001954555 0.03184127 -0.006199955 0.004595041 0.02965527 -0.006199955 0.001084685 0.03114753 -0.006199955 0 0.0309 -0.006199955 0.004210233 0.03841757 -0.006199955 0.001954555 0.03495872 -0.006199955 0.001084685 0.03565239 -0.006199955 -0.004595041 0.02965527 -0.006199955 -0.001084685 0.03114753 -0.006199955 0.006549954 0.03339999 -0.006199955 0.002437293 0.03284364 -0.006199955 0.006450474 0.03453737 -0.006199955 0.002437293 0.03395628 -0.006199955 0.001137375 0.03985047 -0.006199955 0.00224018 0.03955495 -0.006199955 0.003274977 0.03907245 -0.006199955 -0.006450474 0.03453737 -0.006199955 -0.006154954 0.03564018 -0.006199955 -0.005672454 0.03667497 -0.006199955 0.005988895 0.02894508 -0.006199955 0.006549954 0.02847069 -0.006199955 0.005017578 0.03761023 -0.006199955 0.005672454 0.03667497 -0.006199955 0.006154954 0.03564018 0.004499971 0 0.0309 0.004499971 -0.001084685 0.03114753 0.004499971 -0.004595041 0.02615523 0.004499971 -0.001954555 0.03184127 0.004499971 -0.005988895 0.02544504 0.004499971 -0.004210233 0.03841757 0.004499971 -0.001954555 0.03495872 0.004499971 -0.001084685 0.03565239 0.004499971 0 0.03994995 0.004499971 0 0.03589999 0.004499971 0.001137375 0.03985047 0.004499971 0.001084685 0.03565239 0.004499971 0.00224018 0.03955495 0.004499971 0.003274977 0.03907245 0.004499971 0.004210233 0.03841757 0.004499971 0.001954555 0.03495872 0.004499971 0.005017578 0.03761023 0.004499971 -0.002437293 0.03395628 0.004499971 -0.006450474 0.03453737 0.004499971 -0.002437293 0.03284364 0.004499971 -0.006549954 0.03339999 0.004499971 -0.006549954 0.02497071 0.004499971 -0.001137375 0.03985047 0.004499971 -0.00224018 0.03955495 0.004499971 -0.003274977 0.03907245 0.004499971 0.004595041 0.02615523 0.004499971 0.001954555 0.03184127 0.004499971 0.001084685 0.03114753 0.004499971 0.005988895 0.02544504 0.004499971 0.006549954 0.02497071 0.004499971 0.002437293 0.03284364 0.004499971 0.006549954 0.03339999 0.004499971 0.002437293 0.03395628 0.004499971 -0.005017578 0.03761023 0.004499971 -0.005672454 0.03667497 0.004499971 -0.006154954 0.03564018 0.004499971 0.006450474 0.03453737 0.004499971 0.006154954 0.03564018 0.004499971 0.005672454 0.03667497 -0.00879997 -0.004165709 0.02977389 -0.00879997 -0.004595041 0.02965527 -0.00879997 -0.005225181 0.02940201 -0.00879997 -0.005988895 0.02894508 -0.00879997 -0.006174981 0.02880311 -0.008040606 -0.007805466 0.02644437 -0.005534291 -0.007796525 0.02647161 -0.00580424 -0.00756514 0.02704781 -0.00829792 -0.007574796 0.02702742 -0.005998313 -0.007301211 0.02753186 -0.006017982 -0.007266104 0.02758777 -0.008336603 -0.007530212 0.02711981 -0.006060123 -0.007182419 0.02771478 -0.008547902 -0.007215261 0.02766585 -0.006097137 -0.007095813 0.02783787 -0.008606553 -0.007095932 0.02783769 -0.006168723 -0.006854653 0.02814412 -0.00869894 -0.006851375 0.02814793 -0.008769035 -0.006553947 0.02846682 -0.00470674 -0.008049964 0.02491235 -0.005085289 -0.007999658 0.02560764 -0.007306575 -0.008049964 0.02491348 -0.005440652 -0.007854342 0.02628493 -0.008005857 -0.007829368 0.02636879 -0.007676303 -0.007990002 0.02567207 -0.007506549 -0.008032083 0.02532231 -0.00470674 0.008049964 0.02491235 -0.007506549 0.008032083 0.02532231 -0.007676303 0.007990002 0.02567207 -0.00544846 0.007849872 0.02630037 -0.005534291 0.007796525 0.02647161 -0.007306575 0.008049964 0.02491348 -0.005179643 0.007971227 0.02578395 -0.004795193 0.008046925 0.02507382 -0.005852401 0.007510125 0.02715986 -0.008040606 0.007805466 0.02644437 -0.005997061 0.007303357 0.02752846 -0.00829792 0.007574796 0.02702742 -0.006060123 0.007182419 0.02771478 -0.008005857 0.007829368 0.02636879 -0.005573511 0.007769346 0.02655148 -0.00879997 0.006174981 0.02880311 -0.008336603 0.007530212 0.02711981 -0.008547902 0.007215261 0.02766585 -0.006097197 0.007095634 0.02783811 -0.008606553 0.007095932 0.02783769 -0.006153523 0.006920337 0.0280655 -0.00869894 0.006851375 0.02814793 -0.008769035 0.006553947 0.02846682 -0.00879997 0.005988895 0.02894508 -0.00879997 0.005225181 0.02940201 -0.00879997 0.004165709 0.02977389 -0.00879997 0.004595041 0.02965527 0.003748476 -0.007849872 0.02280032 0.003479659 -0.007971227 0.02228391 0.003834307 -0.007796525 0.02297163 0.007308065 -0.008049964 0.02141255 0.007506549 -0.008032083 0.02182233 0.007676303 -0.007990002 0.02217209 0.003095149 -0.008046925 0.02157384 0.003006756 -0.008049964 0.02141237 0.008336603 -0.007530212 0.02361977 0.004397213 -0.007095634 0.02433806 0.00829792 -0.007574796 0.02352744 0.004360139 -0.007182419 0.02421474 0.008040606 -0.007805466 0.02294439 0.004297077 -0.007303357 0.02402842 0.004152417 -0.007510125 0.02365988 0.008005857 -0.007829368 0.02286881 0.003873527 -0.007769346 0.0230515 0.00879997 -0.006174981 0.02530312 0.008547902 -0.007215261 0.02416586 0.008606553 -0.007095932 0.0243377 0.004453539 -0.006920337 0.02456551 0.00869894 -0.006851375 0.02464795 0.008769035 -0.006553947 0.02496677 0.00879997 -0.005988895 0.02544504 0.00879997 -0.005225181 0.02590203 0.00879997 -0.004165709 0.0262739 0.00879997 -0.004595041 0.02615523 0.00879997 0.004165709 0.0262739 0.00879997 0.004595041 0.02615523 0.00879997 0.005225181 0.02590203 0.00869894 0.006851375 0.02464795 0.004468679 0.006854653 0.02464413 0.008606553 0.007095932 0.0243377 0.004397153 0.007095813 0.02433782 0.00879997 0.005988895 0.02544504 0.00879997 0.006174981 0.02530312 0.008769035 0.006553947 0.02496677 0.004104256 0.00756514 0.02354776 0.004298269 0.007301211 0.02403187 0.008040606 0.007805466 0.02294439 0.004317998 0.007266104 0.02408778 0.00829792 0.007574796 0.02352744 0.004360139 0.007182419 0.02421474 0.008336603 0.007530212 0.02361977 0.008547902 0.007215261 0.02416586 0.003006756 0.008049964 0.02141237 0.003834307 0.007796525 0.02297163 0.008005857 0.007829368 0.02286881 0.007676303 0.007990002 0.02217209 0.003385305 0.007999658 0.02210766 0.003740668 0.007854342 0.02278494 0.007308065 0.008049964 0.02141255 0.007506549 0.008032083 0.02182233 -0.009222567 -0.006523609 0.02834063 -0.009104132 -0.006847977 0.02801114 -0.007598638 -0.00803101 0.02526611 -0.007844984 -0.007986307 0.02556979 -0.007552683 -0.008033037 0.0252943 -0.007761061 -0.007992982 0.02562147 -0.008170485 -0.007838964 0.02627688 -0.008544147 -0.007590472 0.02690494 -0.00859487 -0.007546365 0.02699393 -0.008881449 -0.00722891 0.02752721 -0.009182631 -0.006127417 0.02874368 -0.009299993 -0.006091237 0.0286985 -0.00950706 -0.005991935 0.02857446 -0.008329272 -0.007814168 0.02617776 -0.008771657 -0.007536292 0.02675944 -0.008831739 -0.007486939 0.02684175 -0.009171366 -0.007131993 0.02733445 -0.009435236 -0.006706178 0.02778053 -0.009575188 -0.006344079 0.0280838 -0.009666025 -0.005862474 0.02841275 -0.009182631 -0.004148721 0.02969968 -0.009182631 -0.003049969 0.02982383 -0.009299993 -0.003049969 0.02976602 -0.00950706 -0.004100382 0.02948838 -0.009182631 -0.005192101 0.02933347 -0.00950706 -0.005097746 0.02913832 -0.009723842 -0.004956662 0.0288462 -0.009723842 -0.004027962 0.02917212 -0.00950706 -0.003049969 0.02960705 -0.009666025 -0.003049969 0.02939999 -0.009723842 -0.003049969 0.02928268 -0.009182631 0.003049969 0.02982383 -0.009299993 0.003049969 0.02976602 -0.00950706 0.003049969 0.02960705 -0.009666025 0.003049969 0.02939999 -0.009723842 0.003049969 0.02928268 -0.009182631 0.006127417 0.02874368 -0.009182631 0.005192101 0.02933347 -0.009182631 0.004148721 0.02969968 -0.00950706 0.004100382 0.02948838 -0.009299993 0.006091237 0.0286985 -0.00950706 0.005097746 0.02913832 -0.009723842 0.004027962 0.02917212 -0.009723842 0.004956662 0.0288462 -0.00950706 0.005991935 0.02857446 -0.009666025 0.005862474 0.02841275 -0.008329272 0.007814168 0.02617776 -0.007598638 0.00803101 0.02526611 -0.007552683 0.008033037 0.0252943 -0.007844984 0.007986307 0.02556979 -0.007761061 0.007992982 0.02562147 -0.008170485 0.007838964 0.02627688 -0.008771657 0.007536292 0.02675944 -0.008831739 0.007486939 0.02684175 -0.008544147 0.007590472 0.02690494 -0.00859487 0.007546365 0.02699393 -0.009171366 0.007131993 0.02733445 -0.008881449 0.00722891 0.02752721 -0.009435236 0.006706178 0.02778053 -0.009575188 0.006344079 0.0280838 -0.009104132 0.006847977 0.02801114 -0.009222567 0.006523609 0.02834063 0.009222567 0.006523609 0.02484065 0.009104132 0.006847977 0.02451115 0.007598638 0.00803101 0.02176612 0.007844984 0.007986307 0.02206981 0.007552683 0.008033037 0.02179431 0.007761061 0.007992982 0.02212148 0.008170485 0.007838964 0.0227769 0.008544147 0.007590472 0.02340495 0.00859487 0.007546365 0.02349394 0.008881449 0.00722891 0.02402722 0.009182631 0.006127417 0.02524369 0.009299993 0.006091237 0.02519851 0.00950706 0.005991935 0.02507448 0.008329272 0.007814168 0.02267777 0.008771657 0.007536292 0.0232594 0.008831739 0.007486939 0.02334177 0.009171366 0.007131993 0.02383446 0.009435236 0.006706178 0.02428054 0.009575188 0.006344079 0.02458375 0.009666025 0.005862474 0.02491277 0.009182631 0.004148721 0.02619969 0.009182631 0.003049969 0.02632385 0.009299993 0.003049969 0.02626597 0.00950706 0.004100382 0.02598839 0.009182631 0.005192101 0.02583348 0.00950706 0.005097746 0.02563828 0.009723842 0.004956662 0.02534615 0.009723842 0.004027962 0.02567213 0.00950706 0.003049969 0.02610707 0.009666025 0.003049969 0.0259 0.009723842 0.003049969 0.02578264 0.009723842 -0.003049969 0.02578264 0.009666025 -0.003049969 0.0259 0.00950706 -0.003049969 0.02610707 0.009299993 -0.003049969 0.02626597 0.009182631 -0.003049969 0.02632385 0.009182631 -0.006127417 0.02524369 0.009182631 -0.005192101 0.02583348 0.009182631 -0.004148721 0.02619969 0.00950706 -0.004100382 0.02598839 0.009299993 -0.006091237 0.02519851 0.00950706 -0.005097746 0.02563828 0.009723842 -0.004027962 0.02567213 0.009723842 -0.004956662 0.02534615 0.00950706 -0.005991935 0.02507448 0.009666025 -0.005862474 0.02491277 0.008329272 -0.007814168 0.02267777 0.007598638 -0.00803101 0.02176612 0.007552683 -0.008033037 0.02179431 0.007844984 -0.007986307 0.02206981 0.007761061 -0.007992982 0.02212148 0.008170485 -0.007838964 0.0227769 0.008771657 -0.007536292 0.0232594 0.008831739 -0.007486939 0.02334177 0.008544147 -0.007590472 0.02340495 0.00859487 -0.007546365 0.02349394 0.009171366 -0.007131993 0.02383446 0.008881449 -0.00722891 0.02402722 0.009435236 -0.006706178 0.02428054 0.009575188 -0.006344079 0.02458375 0.009104132 -0.006847977 0.02451115 0.009222567 -0.006523609 0.02484065 0.004298985 -0.007299959 0.03339999 0.004385769 -0.007124006 0.03339999 0.003749966 -0.007849037 0.03339999 0.004060626 -0.007610619 0.03339999 0.003574013 -0.007935762 0.03339999 0.003574013 0.007457196 0.03611415 0.003574013 -0.003967881 0.04027259 0.003574013 -0.005101025 0.03947913 0.004385769 -0.007015764 0.03463703 0.004385769 0.007015764 0.03463703 0.004385769 -0.006694376 0.03583651 0.004385769 -0.006169557 0.03696197 0.004385769 -0.005457282 0.03797918 0.004060626 -0.007494986 0.03472155 0.004060626 -0.007151663 0.03600299 0.004060626 -0.006591022 0.03720527 0.004060626 -0.005830049 0.03829199 0.004385769 0.007124006 0.03339999 0.004298985 0.007299959 0.03339999 0.004060626 0.007494986 0.03472155 0.003574013 -0.007815241 0.03477799 0.003574013 -0.007457196 0.03611415 0.003574013 -0.006872594 0.03736788 0.003574013 -0.006079137 0.03850102 0.004385769 -0.001237034 0.04041576 0.004385769 0 0.040524 0.004060626 -0.001321554 0.04089498 0.004060626 0 0.04101061 0.003574013 -0.001377999 0.04121524 0.003574013 0 0.04133582 0.004385769 0.001237034 0.04041576 0.004060626 0.001321554 0.04089498 0.003574013 0.001377999 0.04121524 0.004385769 0.002436518 0.04009437 0.004060626 0.002602994 0.04055166 0.003574013 0.002714157 0.04085719 0.004385769 0.003561973 0.03956955 0.004385769 0.004579186 0.03885728 0.004060626 0.003805279 0.03999102 0.004060626 0.004891991 0.0392301 0.003574013 0.003967881 0.04027259 0.003574013 0.005101025 0.03947913 0.004385769 0.005457282 0.03797918 0.004060626 0.005830049 0.03829199 0.003574013 0.006079137 0.03850102 0.004385769 0.006169557 0.03696197 0.004060626 0.006591022 0.03720527 0.003574013 0.006872594 0.03736788 0.004060626 -0.004891991 0.0392301 0.004385769 -0.004579186 0.03885728 0.004060626 -0.003805279 0.03999102 0.004385769 -0.003561973 0.03956955 0.003574013 -0.002714157 0.04085719 0.004060626 -0.002602994 0.04055166 0.004385769 -0.002436518 0.04009437 0.004060626 0.007151663 0.03600299 0.004385769 0.006694376 0.03583651 0.003574013 0.007815241 0.03477799 0.004060626 0.007610619 0.03339999 0.003749966 0.007849037 0.03339999 0.003574013 0.007935762 0.03339999 -0.005999028 0.007299959 0.03339999 -0.006085813 0.007124006 0.03339999 -0.00544995 0.007849037 0.03339999 -0.00576061 0.007610619 0.03339999 -0.005273997 0.007935762 0.03339999 -0.005273997 -0.007457196 0.03611415 -0.005273997 0.003967881 0.04027259 -0.005273997 0.005101025 0.03947913 -0.006085813 0.007015764 0.03463703 -0.006085813 -0.007015764 0.03463703 -0.006085813 0.006694376 0.03583651 -0.006085813 0.006169557 0.03696197 -0.006085813 0.005457282 0.03797918 -0.00576061 0.007494986 0.03472155 -0.00576061 0.007151663 0.03600299 -0.00576061 0.006591022 0.03720527 -0.00576061 0.005830049 0.03829199 -0.006085813 -0.007124006 0.03339999 -0.005999028 -0.007299959 0.03339999 -0.00576061 -0.007494986 0.03472155 -0.005273997 0.007815241 0.03477799 -0.005273997 0.007457196 0.03611415 -0.005273997 0.006872594 0.03736788 -0.005273997 0.006079137 0.03850102 -0.006085813 0.001237034 0.04041576 -0.006085813 0 0.040524 -0.00576061 0.001321554 0.04089498 -0.00576061 0 0.04101061 -0.005273997 0.001377999 0.04121524 -0.005273997 0 0.04133582 -0.006085813 -0.001237034 0.04041576 -0.00576061 -0.001321554 0.04089498 -0.005273997 -0.001377999 0.04121524 -0.006085813 -0.002436518 0.04009437 -0.00576061 -0.002602994 0.04055166 -0.005273997 -0.002714157 0.04085719 -0.006085813 -0.003561973 0.03956955 -0.006085813 -0.004579186 0.03885728 -0.00576061 -0.003805279 0.03999102 -0.00576061 -0.004891991 0.0392301 -0.005273997 -0.003967881 0.04027259 -0.005273997 -0.005101025 0.03947913 -0.006085813 -0.005457282 0.03797918 -0.00576061 -0.005830049 0.03829199 -0.005273997 -0.006079137 0.03850102 -0.006085813 -0.006169557 0.03696197 -0.00576061 -0.006591022 0.03720527 -0.005273997 -0.006872594 0.03736788 -0.00576061 0.004891991 0.0392301 -0.006085813 0.004579186 0.03885728 -0.00576061 0.003805279 0.03999102 -0.006085813 0.003561973 0.03956955 -0.005273997 0.002714157 0.04085719 -0.00576061 0.002602994 0.04055166 -0.006085813 0.002436518 0.04009437 -0.00576061 -0.007151663 0.03600299 -0.006085813 -0.006694376 0.03583651 -0.005273997 -0.007815241 0.03477799 -0.00576061 -0.007610619 0.03339999 -0.00544995 -0.007849037 0.03339999 -0.005273997 -0.007935762 0.03339999 0.005568683 -0.007757067 0.008157074 0.004899978 -0.007757067 0.008157074 0.005446374 -0.007635235 0.008035242 0.005221962 -0.007309675 0.007709681 0.005427837 -0.00558573 0.005985736 0.005115509 -0.00615406 0.006554067 0.004899978 -0.00558573 0.005985736 0.005050957 -0.006544172 0.006944179 0.005087256 -0.006937921 0.007337927 0.00879997 0.006257057 0.006657063 0.00879997 0.00558573 0.005985736 0.007772088 0.00558573 0.005985736 0.008084475 0.00615406 0.006554067 0.008148968 0.006544172 0.006944179 0.008665621 0.006877541 0.007277548 0.008112668 0.006937921 0.007337927 0.008289456 0.007384419 0.007784426 0.007977962 0.007309675 0.007709681 0.007759928 0.007684826 0.008084833 0.007753551 0.007635235 0.008035242 0.007685065 0.00770682 0.008106827 0.005569517 -0.005442142 0.002526462 0.005706608 -0.005333304 0.002748727 0.004899978 -0.005333304 0.002748727 0.007630467 0.005442142 0.002526462 0.007493317 0.005333304 0.002748727 0.00879997 0.005333304 0.002748727 0.007870674 0.00571233 0.001835346 0.00879997 0.005780637 0.001607358 0.007982552 0.00589925 0.001094818 0.00879997 0.00589925 0.001094818 0.008027374 0.00599581 2.23511e-4 0.00879997 0.00598669 3.98985e-4 0.008013665 0.005964457 -6.52008e-4 0.005812942 0.005264639 -0.00287801 0.004899978 0.004613459 -0.003836035 0.005547642 0.00546199 -0.002483248 0.004899978 0.005523383 -0.002343475 0.005484879 0.005523383 -0.002343475 0.006208777 0.005100131 -0.003160417 0.006584465 0.005050063 -0.00323981 0.00879997 0.004613459 -0.003836035 0.00879997 0.005964457 -6.52008e-4 0.00879997 0.005942821 -8.26095e-4 0.007929384 0.005803048 -0.001524567 0.00879997 0.005650877 -0.002016663 0.007715046 0.005523383 -0.002343475 0.00879997 0.005523383 -0.002343475 0.007630467 0.005442142 -0.002526462 0.00879997 0.005123078 -0.003123104 0.007360398 0.005249321 -0.002905905 0.006962478 0.005092978 -0.00317198 0.004899978 0.00589925 0.001094818 0.00517255 0.005995869 2.21145e-4 0.004899978 0.005964457 -6.52008e-4 0.005186259 0.005964457 -6.52008e-4 0.00527054 0.005802989 -0.001524686 0.005706608 0.005333304 0.002748727 0.005547642 0.00546199 0.002483248 0.004899978 0.005333304 0.002748727 0.005324363 0.005719423 0.001813113 0.005217432 0.00589925 0.001094818 0.004899978 -0.005964457 -6.52008e-4 0.00517255 -0.00599581 2.23511e-4 0.004899978 -0.00589925 0.001094818 0.005217432 -0.00589925 0.001094818 0.00532931 -0.00571233 0.001835346 0.004899978 -0.005523383 -0.002343475 0.00527054 -0.005803048 -0.001524567 0.005186259 -0.005964457 -6.52008e-4 0.007386982 -0.005264639 -0.00287801 0.006991147 -0.005100131 -0.003160417 0.00879997 -0.004613459 -0.003836035 0.007652342 -0.00546199 -0.002483248 0.00879997 -0.005123078 -0.003123104 0.007715046 -0.005523383 -0.002343475 0.00879997 -0.005523383 -0.002343475 0.007929384 -0.005802989 -0.001524686 0.004899978 -0.004613459 -0.003836035 0.006615459 -0.005050063 -0.00323981 0.006237447 -0.005092978 -0.00317198 0.005839526 -0.005249321 -0.002905905 0.005569517 -0.005442142 -0.002526462 0.005484879 -0.005523383 -0.002343475 0.00879997 -0.005650877 -0.002016663 0.00879997 -0.005942821 -8.26095e-4 0.008013665 -0.005964457 -6.52008e-4 0.00879997 -0.005964457 -6.52008e-4 0.008027434 -0.005995869 2.21145e-4 0.00879997 -0.00598669 3.98985e-4 0.007982552 -0.00589925 0.001094818 0.00879997 -0.00589925 0.001094818 0.007875561 -0.005719423 0.001813113 0.00879997 -0.005780637 0.001607358 0.007652342 -0.00546199 0.002483248 0.00879997 -0.005333304 0.002748727 0.007493317 -0.005333304 0.002748727 0.00879997 0.004381418 -0.00409913 0.00879997 0.00345683 -0.004904031 0.004899978 0.003311991 -0.005003035 0.00879997 0.003311991 -0.005003035 0.00879997 0.002388 -0.00550431 0.004899978 0.001729369 -0.005745351 0.00879997 0.001729369 -0.005745351 0.00879997 0.001219451 -0.005874752 0.004899978 0 -0.005999982 0.00879997 0 -0.005999982 0.00879997 -0.001219451 -0.005874752 0.004899978 -0.001729369 -0.005745351 0.00879997 -0.003311991 -0.005003035 0.004899978 -0.003311991 -0.005003035 0.00879997 -0.002388 -0.00550431 0.00879997 -0.001729369 -0.005745351 0.00879997 -0.004381418 -0.00409913 0.00879997 -0.00345683 -0.004904031 -0.006399989 -0.005062937 0.008499979 -0.006399989 -0.001084685 0.002252399 -0.006399989 0.005062937 0.008499979 -0.006399989 0 0.002499997 -0.006399989 0.001084685 0.002252399 -0.006399989 0.004123508 0.005711376 -0.006399989 0.004926145 0.006823658 -0.006399989 0.005062937 0.006965219 -0.006399989 -0.005062937 0.006965219 -0.006399989 -0.004926145 0.006823658 -0.006399989 -0.004123508 0.005711376 -0.006399989 -0.003620982 0.004435062 -0.006399989 -0.001954555 0.001558721 -0.006399989 -0.003449976 0.003074109 -0.006399989 -0.002437293 5.56302e-4 -0.006399989 -0.003449976 0 -0.006399989 -0.002437293 -5.56302e-4 -0.006399989 -0.003241896 -0.001179933 -0.006399989 -0.001954555 -0.001558721 -0.006399989 -0.00264281 -0.00221759 -0.006399989 -0.001084685 -0.002252399 -0.006399989 -0.001724958 -0.002987742 -0.006399989 0 -0.002499997 -0.006399989 -5.99086e-4 -0.003397583 -0.006399989 5.99086e-4 -0.003397583 -0.006399989 0.001084685 -0.002252399 -0.006399989 0.001724958 -0.002987742 -0.006399989 0.001954555 -0.001558721 -0.006399989 0.00264281 -0.00221759 -0.006399989 0.002437293 -5.56302e-4 -0.006399989 0.003241896 -0.001179933 -0.006399989 0.002437293 5.56302e-4 -0.006399989 0.003449976 0 -0.006399989 0.001954555 0.001558721 -0.006399989 0.003449976 0.003074109 -0.006399989 0.003620982 0.004435062 -0.00879997 -0.006073057 0.007761657 -0.008072555 -0.00611633 0.007787942 -0.008769273 -0.006328582 0.007909238 -0.008146584 -0.006497383 0.007996976 -0.008708119 -0.006510376 0.008003413 -0.008038163 -0.007177948 0.008280813 -0.008202791 -0.007086634 0.008248865 -0.008121371 -0.006896495 0.008176386 -0.008419871 -0.006917417 0.00818479 -0.008578836 -0.006736338 0.008108973 -0.006685376 -0.005052328 0.00695461 -0.006964802 -0.005093514 0.006995558 -0.00879997 -0.004926145 0.006823658 -0.007342696 -0.005239486 0.00713396 -0.007652163 -0.005461812 0.007326483 -0.00879997 -0.005321204 0.007207155 -0.007863759 -0.005702555 0.007513046 -0.008020162 -0.00597912 0.007702708 -0.00879997 -0.004674077 0.006533443 -0.00879997 -0.004150331 0.005759894 -0.00879997 -0.003765046 0.004908859 -0.00879997 -0.003449976 0.003074109 -0.00879997 -0.00352931 0.004004895 -0.00879997 -0.003620982 0.004435062 -0.006684601 0.005052268 0.00695455 -0.00807321 0.006118178 0.007789075 -0.007862985 0.005701482 0.007512271 -0.00879997 0.005321204 0.007207155 -0.00879997 0.004926145 0.006823658 -0.007652163 0.005461812 0.007326483 -0.007342219 0.005239248 0.007133722 -0.006964802 0.005093514 0.006995558 -0.008416295 0.006920814 0.008186101 -0.008199393 0.00708878 0.00824964 -0.008121371 0.006896495 0.008176386 -0.00804615 0.007174074 0.008279502 -0.008038163 0.007177948 0.008280813 -0.008526027 0.006804287 0.008138298 -0.008146643 0.006498515 0.007997572 -0.008671641 0.00658667 0.008040487 -0.00879997 0.006073057 0.007761657 -0.00879234 0.006200969 0.007837831 -0.008731722 0.006451547 0.007973909 -0.00879997 0.004674077 0.006533443 -0.00879997 0.004150331 0.005759894 -0.00879997 0.003765046 0.004908859 -0.00879997 0.003620982 0.004435062 -0.00879997 0.00352931 0.004004895 -0.00879997 0.003449976 0.003074109 0.006991147 -0.005100131 0.00335431 0.00879997 -0.005084514 0.003415942 0.00879997 -0.004999995 0.004123091 0.004899978 -0.004999995 0.004123091 0.006599485 -0.005049943 0.003577649 0.006691575 -0.005052685 0.003563165 0.00677675 -0.005060076 0.003525495 0.006925284 -0.005084514 0.003415942 0.004899978 -0.005084514 0.003415942 0.00595504 -0.005190491 0.00307095 0.006237447 -0.005092978 0.003381967 0.006422758 -0.005060136 0.003525316 0.006208777 0.005100131 0.00335431 0.004899978 0.005084514 0.003415942 0.004899978 0.004999995 0.004123091 0.00879997 0.004999995 0.004123091 0.006600499 0.005049943 0.003577649 0.00650835 0.005052685 0.003563165 0.006423175 0.005060076 0.003525495 0.00627464 0.005084514 0.003415942 0.00879997 0.005084514 0.003415942 0.007244884 0.005190491 0.00307095 0.006962478 0.005092978 0.003381967 0.006777167 0.005060136 0.003525316 -0.005089342 0.0069471 0.008499979 -0.00511676 0.007049977 0.008499979 0.004899978 0.007049977 0.008499979 0.004899978 -0.007049977 0.008499979 -0.00511676 -0.007049977 0.008499979 -0.005089342 -0.0069471 0.008499979 -0.005111515 -0.00616759 0.008499979 -0.005510389 0.005497515 0.008499979 -0.005111515 0.00616759 0.008499979 -0.006185114 -0.005106508 0.008499979 -0.005510389 -0.005497515 0.008499979 -0.006185114 0.005106508 0.008499979 0.006226658 -0.004999995 0.004757225 0.005966007 -0.004999995 0.004651129 0.005702853 -0.004999995 0.004591524 0.005427837 -0.004999995 0.004571557 0.004899978 -0.004999995 0.004571557 0.00879997 -0.004999995 0.004571557 0.007772088 -0.004999995 0.004571557 0.007472157 -0.004999995 0.004595398 0.007190346 -0.004999995 0.004665315 0.006933569 -0.004999995 0.004778325 0.006508827 -0.004999995 0.004942059 0.006705462 -0.004999995 0.004930734 0.006519854 -0.004999995 0.004950881 0.006674528 -0.004999995 0.004955291 0.006593704 -0.004999995 0.005004286 0.006586492 -0.004999995 0.005000829 0.006575226 -0.004999995 0.004993736 0.006604909 -0.004999995 0.005004703 0.006599247 -0.004999995 0.005005538 0.006595611 -0.004999995 0.005004882 0.006614148 -0.004999995 0.005000412 0.004899978 0.004999995 0.004571557 0.005427837 0.004999995 0.004571557 0.006973326 0.004999995 0.004757225 0.007233917 0.004999995 0.004651129 0.007497072 0.004999995 0.004591524 0.007772088 0.004999995 0.004571557 0.00879997 0.004999995 0.004571557 0.005727827 0.004999995 0.004595398 0.006009578 0.004999995 0.004665315 0.006266355 0.004999995 0.004778325 0.006691157 0.004999995 0.004942059 0.006494462 0.004999995 0.004930734 0.00668013 0.004999995 0.004950881 0.006525397 0.004999995 0.004955291 0.006606221 0.004999995 0.005004286 0.006613433 0.004999995 0.005000829 0.006624758 0.004999995 0.004993736 0.006595015 0.004999995 0.005004703 0.006600677 0.004999995 0.005005538 0.006604313 0.004999995 0.005004882 0.006585776 0.004999995 0.005000412 0.004899978 -0.007549941 0.008633971 0.004899978 -0.007973849 0.008481502 0.004899978 -0.007915973 0.008999943 0.004899978 0.001084685 0.002252399 0.004899978 0 0.002499997 0.004899978 0.007549941 0.008633971 0.004899978 0.007915973 0.008999943 0.004899978 -0.001084685 0.002252399 0.004899978 -0.005152225 0.00533694 0.004899978 -0.001954555 -0.001558721 0.004899978 -0.002437293 -5.56302e-4 0.004899978 -0.002437293 5.56302e-4 0.004899978 -0.001954555 0.001558721 0.004899978 0 -0.002499997 0.004899978 -0.001084685 -0.002252399 0.004899978 0.002437293 -5.56302e-4 0.004899978 0.001954555 -0.001558721 0.004899978 0.001084685 -0.002252399 0.004899978 0.001954555 0.001558721 0.004899978 0.007973849 0.008481502 0.004899978 0.007757067 0.008157074 0.004899978 0.00558573 0.005985736 0.004899978 0.005152225 0.00533694 0.004899978 0.002437293 5.56302e-4 -0.00879997 0.003449976 0 -0.00879997 -0.003449976 0 -0.00879997 -0.003332436 -8.92926e-4 -0.00879997 -0.003241896 -0.001179933 -0.00879997 -0.002987742 -0.001724958 -0.00879997 -0.00264281 -0.00221759 -0.00879997 -0.002439498 -0.002439498 -0.00879997 -0.001724958 -0.002987742 -0.00879997 -8.92926e-4 -0.003332436 -0.00879997 -5.99086e-4 -0.003397583 -0.00879997 0 -0.003449976 -0.00879997 5.99086e-4 -0.003397583 -0.00879997 8.92926e-4 -0.003332436 -0.00879997 0.001724958 -0.002987742 -0.00879997 0.002439498 -0.002439498 -0.00879997 0.00264281 -0.00221759 -0.00879997 0.002987742 -0.001724958 -0.00879997 0.003332436 -8.92926e-4 -0.00879997 0.003241896 -0.001179933 0.005221962 0.007309675 0.007709681 0.005441784 0.00763005 0.008030056 0.005568683 0.007757067 0.008157074 0.005087256 0.006937921 0.007337927 0.005050957 0.006544172 0.006944179 0.005115509 0.00615406 0.006554067 0.005427837 0.00558573 0.005985736 0.007772088 -0.00558573 0.005985736 0.00879997 -0.00558573 0.005985736 0.008084475 -0.00615406 0.006554067 0.00879997 -0.006257057 0.006657063 0.008148968 -0.006544172 0.006944179 0.008796155 -0.006364285 0.006764292 0.008112668 -0.006937921 0.007337927 0.008631408 -0.006947875 0.007347881 0.007977962 -0.007309675 0.007709681 0.008278965 -0.007393538 0.007793545 0.007756173 -0.007632255 0.008032262 0.007818639 -0.007664561 0.008064568 0.007685065 -0.00770682 0.008106827 0.005947232 0.005194127 -2.05842e-4 0.005515813 0.00549221 6.98833e-5 0.007239282 0.005187988 -2.11623e-4 0.007673501 0.005481958 9.14847e-5 0.007252693 -0.005194127 -2.05842e-4 0.007684111 -0.00549221 6.98833e-5 0.005960643 -0.005187988 -2.11623e-4 0.005526423 -0.005481958 9.14847e-5 0.005446374 -0.007635235 0.008864164 0.007753551 -0.007635235 0.008864164 0.007195353 -0.00803107 0.008670628 0.007299959 -0.007982909 0.008504152 0.007421553 -0.007914304 0.0083642 0.008112668 -0.006937921 0.008864164 0.008084475 -0.00615406 0.008864164 0.007676064 -0.005484402 0.008864164 0.007681906 -0.005490064 0.005890071 0.007358789 -0.005248427 0.005648434 0.007438898 -0.005296647 0.005696594 0.006992161 -0.005100429 0.008864164 0.007574915 -0.005394995 0.005795001 0.007680356 -0.005488514 0.005888521 0.006230592 -0.005094647 0.005494654 0.006207764 -0.005100429 0.005500376 0.006207764 -0.005100429 0.008864164 0.005841135 -0.005248427 0.005648434 0.006322681 -0.005074977 0.005474984 0.006425917 -0.005059778 0.005459785 0.006467223 -0.005055665 0.005455672 0.006599962 -0.005049943 0.00544995 0.006992161 -0.005100429 0.005500376 0.00552386 -0.005484402 0.008864164 0.005115509 -0.00615406 0.008864164 0.00552386 -0.005484402 0.005884408 0.005606412 -0.005410254 0.00581026 0.005087256 -0.006937921 0.008864164 0.005997836 -0.008028209 0.008656799 0.005882382 -0.007973849 0.008481502 0.005997896 0.008028268 0.008656859 0.005882382 0.007973849 0.008481502 0.005446374 0.007635235 0.008864164 0.005087256 0.006937921 0.008864164 0.005115509 0.00615406 0.008864164 0.00552386 0.005484402 0.008864164 0.005518019 0.005490064 0.005890071 0.005841135 0.005248427 0.005648434 0.005761027 0.005296647 0.005696594 0.006207764 0.005100429 0.008864164 0.005625009 0.005394995 0.005795001 0.005519568 0.005488514 0.005888521 0.006877243 0.005074977 0.005474984 0.006774067 0.005059778 0.005459785 0.006732702 0.005055665 0.005455672 0.006599962 0.005049943 0.00544995 0.006207764 0.005100429 0.005500376 0.007676064 0.005484402 0.008864164 0.007676064 0.005484402 0.005884408 0.006992161 0.005100429 0.008864164 0.007593512 0.005410254 0.00581026 0.007358789 0.005248427 0.005648434 0.006992161 0.005100429 0.005500376 0.006969392 0.005094647 0.005494654 0.008084475 0.00615406 0.008864164 0.008112668 0.006937921 0.008864164 0.007553339 0.007822096 0.008233606 0.007753551 0.007635235 0.008864164 0.007195353 0.00803107 0.008670628 0.007299959 0.007982909 0.008504152 -0.007798731 0.007582545 0.0084697 -0.007544815 0.007828652 0.008676588 -0.007784426 0.007599771 0.009499967 -0.007346153 0.007958531 0.008873343 -0.007299959 0.007982909 0.008930146 -0.007195353 0.00803107 0.009096682 -0.00785619 0.007507979 0.008425235 -0.008121371 0.006896495 0.009499967 -0.00807321 0.006118178 0.009499967 -0.007652163 0.005461812 0.009499967 -0.006964802 0.005093514 0.009499967 -0.006185114 0.005106508 0.009499967 -0.005510389 0.005497515 0.009499967 -0.005111515 0.00616759 0.009499967 -0.005089342 0.0069471 0.009499967 -0.005226612 0.007318615 0.008536756 -0.005449533 0.007638692 0.009499967 -0.006024479 0.008039176 0.009353339 -0.005781054 0.007915973 0.008999943 -0.005449533 0.007638692 0.008691668 -0.005375206 0.007549941 0.008633971 -0.005781054 -0.007915973 0.008999943 -0.005957961 -0.008010745 0.009222686 -0.005449533 -0.007638692 0.009499967 -0.006024718 -0.008039236 0.009353995 -0.005226135 -0.007317602 0.008536458 -0.005089342 -0.0069471 0.009499967 -0.005377709 -0.00755316 0.008635759 -0.005449533 -0.007638692 0.008691668 -0.006964802 -0.005093514 0.009499967 -0.006185114 -0.005106508 0.009499967 -0.005510389 -0.005497515 0.009499967 -0.005111515 -0.00616759 0.009499967 -0.007652163 -0.005461812 0.009499967 -0.00807321 -0.006118178 0.009499967 -0.008121371 -0.006896495 0.009499967 -0.007784426 -0.007599771 0.009499967 -0.007998466 -0.007268369 0.008313655 -0.007463991 -0.007886826 0.008750498 -0.007725954 -0.007665157 0.008526682 -0.007798731 -0.007582545 0.0084697 -0.007299959 -0.007982909 0.008930146 -0.007195353 -0.00803107 0.009096682 0.00879997 0.005267918 0.005571544 0.007772088 0.005152225 0.00533694 0.00879997 0.005068123 0.005089163 0.00879997 0.005152225 0.00533694 0.006449103 0.005019187 0.005240738 0.007600247 0.005128681 0.005289793 0.007423758 0.005105316 0.005262911 0.00722891 0.005079865 0.005255103 0.006944 0.005041718 0.005260229 0.006926774 0.005039393 0.005259573 0.006799161 0.005023777 0.005247175 0.00674659 0.00501883 0.005240142 0.0066908 0.005014955 0.005233764 0.006668984 0.005013942 0.005231857 0.006612479 0.005012571 0.005229234 0.006523728 0.00501424 0.005232453 0.006282448 0.005038142 0.005259096 0.006235241 0.005044519 0.005260765 0.006003797 0.005075573 0.00525552 0.005807042 0.005101263 0.005260288 0.00561583 0.005126476 0.005286455 0.005427837 0.005152225 0.00533694 0.005427837 -0.005152225 0.00533694 0.006750881 -0.005019187 0.005240738 0.005599677 -0.005128681 0.005289793 0.005776226 -0.005105316 0.005262911 0.005971074 -0.005079865 0.005255103 0.006255924 -0.005041718 0.005260229 0.00627321 -0.005039393 0.005259573 0.006400823 -0.005023777 0.005247175 0.006453335 -0.00501883 0.005240142 0.006509184 -0.005014955 0.005233764 0.00653094 -0.005013942 0.005231857 0.006587505 -0.005012571 0.005229234 0.006676197 -0.00501424 0.005232453 0.006917476 -0.005038142 0.005259096 0.006964683 -0.005044519 0.005260765 0.007196187 -0.005075573 0.00525552 0.007392883 -0.005101263 0.005260288 0.007584095 -0.005126476 0.005286455 0.007772088 -0.005152225 0.00533694 0.00879997 -0.005267918 0.005571544 0.00879997 -0.005152225 0.00533694 0.00879997 -0.005068123 0.005089163 -0.009588241 -0.006246328 0.008371472 -0.009477972 -0.00655359 0.008486986 -0.007671475 -0.007932305 0.00887227 -0.007863342 -0.007635116 0.008520781 -0.007966697 -0.007866978 0.008858621 -0.008383929 -0.007703006 0.008822441 -0.008678436 -0.007526397 0.0087803 -0.009014308 -0.007240235 0.00870496 -0.009265184 -0.006934642 0.008614599 -0.009666025 -0.005811512 0.00818783 -0.00950706 -0.005919814 0.008011281 -0.008215844 -0.007504105 0.00848633 -0.008464694 -0.00736308 0.008446156 -0.008748531 -0.007134974 0.008374154 -0.008960545 -0.006891727 0.008287489 -0.009140431 -0.006589233 0.008164703 -0.009233713 -0.006345987 0.008053302 -0.009299993 -0.006002962 0.007875859 -0.009299993 -0.003315985 0.003074109 -0.009182631 -0.003373861 0.003074109 -0.009182631 -0.003454267 0.00401777 -0.009723842 -0.004913926 0.007671058 -0.009723842 -0.0041942 0.006921708 -0.009723842 -0.003611624 0.006061375 -0.009723842 -0.003183066 0.005114793 -0.009723842 -0.002920866 0.004109382 -0.00950706 -0.005127966 0.007427275 -0.009723842 -0.002832651 0.003074109 -0.009666025 -0.002949953 0.003074109 -0.00950706 -0.004446387 0.006717681 -0.00950706 -0.003894746 0.005902945 -0.00950706 -0.003488898 0.005006551 -0.00950706 -0.003240644 0.004054486 -0.00950706 -0.003157079 0.003074109 -0.009182631 -0.005271017 0.007264375 -0.009182631 -0.004614949 0.006581306 -0.009182631 -0.004083931 0.005797088 -0.009182631 -0.003693282 0.004934251 -0.009723842 -0.002832651 0 -0.009666025 -0.002949953 0 -0.00950706 -0.003157079 0 -0.009299993 -0.003315985 0 -0.009182631 -0.003373861 0 -0.009299993 0.003315985 0 -0.009182631 0.003373861 0 -0.009182631 0.003258883 -8.73224e-4 -0.009182631 -0.003258883 -8.73224e-4 -0.009182631 0.002385675 -0.002385675 -0.009182631 0.002921819 -0.00168693 -0.009182631 0.00168693 -0.002921819 -0.009182631 8.73224e-4 -0.003258883 -0.009182631 0 -0.003373861 -0.009182631 -8.73224e-4 -0.003258883 -0.009182631 -0.00168693 -0.002921819 -0.009182631 -0.002385675 -0.002385675 -0.009182631 -0.002921819 -0.00168693 -0.009666025 0.002949953 0 -0.00950706 0.003157079 0 -0.00950706 0.003049492 -8.17119e-4 -0.00950706 0.002734124 -0.001578509 -0.00950706 0.002232372 -0.002232372 -0.00950706 0.001578509 -0.002734124 -0.00950706 8.17119e-4 -0.003049492 -0.00950706 0 -0.003157079 -0.00950706 -8.17119e-4 -0.003049492 -0.00950706 -0.001578509 -0.002734124 -0.00950706 -0.002232372 -0.002232372 -0.00950706 -0.002734124 -0.001578509 -0.00950706 -0.003049492 -8.17119e-4 -0.009723842 0.002832651 0 -0.009723842 0.002736151 -7.33152e-4 -0.009723842 0.002453148 -0.001416325 -0.009723842 0.002002954 -0.002002954 -0.009723842 0.001416325 -0.002453148 -0.009723842 7.33152e-4 -0.002736151 -0.009723842 0 -0.002832651 -0.009723842 -7.33152e-4 -0.002736151 -0.009723842 -0.001416325 -0.002453148 -0.009723842 -0.002002954 -0.002002954 -0.009723842 -0.002453148 -0.001416325 -0.009723842 -0.002736151 -7.33152e-4 -0.009182631 0.003373861 0.003074109 -0.009299993 0.003315985 0.003074109 -0.00950706 0.003157079 0.003074109 -0.009666025 0.002949953 0.003074109 -0.009723842 0.002832651 0.003074109 -0.009666025 0.005811512 0.00818783 -0.009723842 0.002920866 0.004109382 -0.009182631 0.003454267 0.00401777 -0.00950706 0.003240644 0.004054486 -0.009723842 0.003183066 0.005114793 -0.009723842 0.003611624 0.006061375 -0.00950706 0.003488898 0.005006551 -0.00950706 0.003894746 0.005902945 -0.009182631 0.003693282 0.004934251 -0.009182631 0.004083931 0.005797088 -0.009723842 0.0041942 0.006921708 -0.00950706 0.004446387 0.006717681 -0.009182631 0.004614949 0.006581306 -0.009723842 0.004913926 0.007671058 -0.00950706 0.005127966 0.007427275 -0.009182631 0.005271017 0.007264375 -0.00950706 0.005919814 0.008011281 -0.009299993 0.006002962 0.007875859 -0.007749915 0.007918715 0.008869469 -0.008026361 0.007848918 0.008854746 -0.009637832 0.006029665 0.008283019 -0.00826168 0.007481515 0.008480131 -0.007913708 0.007620692 0.008517086 -0.008460342 0.007366001 0.008447051 -0.008743822 0.007139444 0.008375644 -0.008889436 0.006982922 0.008321166 -0.009088337 0.006691336 0.008208036 -0.009175121 0.006510496 0.008129954 -0.009275853 0.006174862 0.007967889 -0.008438169 0.007674753 0.008815884 -0.00867325 0.007530033 0.008781194 -0.009008765 0.007245898 0.00870651 -0.009181082 0.007049262 0.008649706 -0.009416401 0.006682395 0.008531987 -0.00951904 0.006454288 0.008450925 0.007299959 0.008015871 0.00860536 0.009666025 0.005903542 0.007010638 0.009380459 0.006799876 0.007679998 0.007873535 0.007834017 0.008288145 0.007978379 0.007917761 0.00853002 0.008775293 0.007506728 0.008215665 0.008546829 0.00749129 0.00797075 0.009057879 0.006903827 0.00742942 0.009299993 0.006162345 0.006751835 0.009182631 0.005531907 0.006039559 0.009299993 0.005491018 0.006080508 0.00950706 0.005378663 0.006192862 0.009666025 0.005232214 0.006339311 0.009723842 0.005149245 0.006422281 0.009723842 0.004471838 0.005248963 0.009723842 0.004733324 0.005880177 0.009182631 0.005201995 0.005609631 0.00950706 0.00501424 0.005717992 0.009723842 0.004382669 0.004571557 0.009666025 0.004499971 0.004571557 0.00950706 0.00478518 0.00516498 0.00950706 0.004707098 0.004571557 0.009182631 0.004994571 0.005108892 0.009299993 0.004866003 0.004571557 0.009182631 0.00492388 0.004571557 0.009723842 0.004382669 0.004123091 0.009666025 0.004499971 0.004123091 0.00950706 0.004707098 0.004123091 0.009299993 0.004866003 0.004123091 0.009182631 0.00492388 0.004123091 0.009723842 0.004484593 0.003270447 0.009182631 0.005010545 0.003398001 0.00950706 0.004799842 0.00334692 0.009723842 0.004784584 0.002465903 0.00950706 0.005072951 0.002614498 0.009182631 0.005265653 0.002713859 0.009723842 -0.004784584 0.002465903 0.009723842 -0.005185902 0.001442015 0.00950706 -0.005072951 0.002614498 0.00950706 -0.005498468 0.001528918 0.009182631 -0.005265653 0.002713859 0.009182631 -0.005707323 0.001586973 0.009182631 -0.005910754 3.93923e-4 0.009182631 -0.005867421 -8.15615e-4 0.009182631 -0.005579233 -0.001991093 0.009182631 -0.005058109 -0.003083467 0.009182631 -0.004325807 -0.004047095 0.009182631 -0.003412961 -0.004841864 0.009182631 -0.002357661 -0.005434453 0.009182631 -0.001203954 -0.005800187 0.009182631 0 -0.005923867 0.009182631 0.001203954 -0.005800187 0.009182631 0.002357661 -0.005434453 0.009182631 0.003412961 -0.004841864 0.009182631 0.004325807 -0.004047095 0.009182631 0.005058109 -0.003083467 0.009182631 0.005579233 -0.001991093 0.009182631 0.005867421 -8.15615e-4 0.009182631 0.005910754 3.93923e-4 0.009182631 0.005707323 0.001586973 0.00950706 -0.005694448 3.79508e-4 0.00950706 -0.005652725 -7.85769e-4 0.00950706 -0.005375027 -0.001918196 0.00950706 -0.004872977 -0.002970635 0.00950706 -0.004167497 -0.003899037 0.00950706 -0.00328809 -0.004664659 0.00950706 -0.002271413 -0.005235612 0.00950706 -0.001159906 -0.005587935 0.00950706 0 -0.005707085 0.00950706 0.001159906 -0.005587935 0.00950706 0.002271413 -0.005235612 0.00950706 0.00328809 -0.004664659 0.00950706 0.004167497 -0.003899037 0.00950706 0.004872977 -0.002970635 0.00950706 0.005375027 -0.001918196 0.00950706 0.005652725 -7.85769e-4 0.00950706 0.005694448 3.79508e-4 0.00950706 0.005498468 0.001528918 0.009723842 -0.005370736 3.57935e-4 0.009723842 -0.005331397 -7.41102e-4 0.009723842 -0.005069494 -0.001809179 0.009723842 -0.004595994 -0.002801775 0.009723842 -0.003930628 -0.003677368 0.009723842 -0.00310117 -0.004399478 0.009723842 -0.00214225 -0.004937946 0.009723842 -0.001093983 -0.005270302 0.009723842 0 -0.005382657 0.009723842 0.001093983 -0.005270302 0.009723842 0.00214225 -0.004937946 0.009723842 0.00310117 -0.004399478 0.009723842 0.003930628 -0.003677368 0.009723842 0.004595994 -0.002801775 0.009723842 0.005069494 -0.001809179 0.009723842 0.005331397 -7.41102e-4 0.009723842 0.005370736 3.57935e-4 0.009723842 0.005185902 0.001442015 0.009723842 -0.004484593 0.003270447 0.009723842 -0.004382669 0.004123091 0.009666025 -0.004499971 0.004123091 0.00950706 -0.004799842 0.00334692 0.00950706 -0.004707098 0.004123091 0.009182631 -0.005010545 0.003398001 0.009299993 -0.004866003 0.004123091 0.009182631 -0.00492388 0.004123091 0.009182631 -0.00492388 0.004571557 0.009299993 -0.004866003 0.004571557 0.00950706 -0.004707098 0.004571557 0.009666025 -0.004499971 0.004571557 0.009723842 -0.004382669 0.004571557 0.009723842 -0.004733324 0.005880177 0.009723842 -0.004471838 0.005248963 0.009182631 -0.004994571 0.005108892 0.00950706 -0.00478518 0.00516498 0.00950706 -0.00501424 0.005717992 0.009182631 -0.005201995 0.005609631 0.009723842 -0.005149245 0.006422281 0.009666025 -0.005232214 0.006339311 0.00950706 -0.005378663 0.006192862 0.009299993 -0.005491018 0.006080508 0.009182631 -0.005531907 0.006039559 0.009299993 -0.006162345 0.006751835 0.009666025 -0.005903542 0.007010638 0.009008228 -0.0069862 0.007505118 0.007947146 -0.007811009 0.008266806 0.007299959 -0.008015871 0.00860536 0.008065521 -0.007890164 0.008508861 0.00928086 -0.00629276 0.006870508 0.009643733 -0.006061553 0.007127761 0.009321689 -0.006899118 0.007754802 0.00875914 -0.007519245 0.008225202 0.008533179 -0.00750178 0.007980465 -0.007399976 0 -0.002499997 -0.007399976 0.001084685 -0.002252399 -0.007399976 0.001954555 -0.001558721 -0.007399976 0.002437293 -5.56302e-4 -0.007399976 0.002437293 5.56302e-4 -0.007399976 0.001954555 0.001558721 -0.007399976 0.001084685 0.002252399 -0.007399976 0 0.002499997 -0.007399976 -0.001084685 0.002252399 -0.007399976 -0.001954555 0.001558721 -0.007399976 -0.002437293 5.56302e-4 -0.007399976 -0.002437293 -5.56302e-4 -0.007399976 -0.001954555 -0.001558721 -0.007399976 -0.001084685 -0.002252399 -0.007399976 0 0 0.005899965 0 0.002499997 0.005899965 0.001084685 0.002252399 0.005899965 0.001954555 0.001558721 0.005899965 0.002437293 5.56302e-4 0.005899965 0.002437293 -5.56302e-4 0.005899965 0.001954555 -0.001558721 0.005899965 0.001084685 -0.002252399 0.005899965 0 -0.002499997 0.005899965 -0.001084685 -0.002252399 0.005899965 -0.001954555 -0.001558721 0.005899965 -0.002437293 -5.56302e-4 0.005899965 -0.002437293 5.56302e-4 0.005899965 -0.001954555 0.001558721 0.005899965 -0.001084685 0.002252399 0.005899965 0 0</float_array>
          <technique_common>
            <accessor source="#link_2_2-mesh-positions-array" count="1453" stride="3">
              <param name="X" type="float"/>
              <param name="Y" type="float"/>
              <param name="Z" type="float"/>
            </accessor>
          </technique_common>
        </source>
        <source id="link_2_2-mesh-normals">
          <float_array id="link_2_2-mesh-normals-array" count="7896">1 0 0 1 1.33757e-7 0 1 -9.31856e-7 0 1 2.65106e-6 0 1 4.02831e-7 0 1 4.19288e-7 0 1 2.01164e-7 0 1 -3.74968e-7 0 1 -7.19553e-7 0 1 8.92852e-7 0 1 -1.81031e-7 0 1 -1.94661e-7 0 1 1.20314e-6 0 1 2.32992e-7 0 1 -1.84842e-6 0 1 -2.61914e-7 0 1 4.70672e-7 0 1 -9.13726e-7 0 0 -1 0 0 -1 0 0 -1 0 0 -1 0 0 0 1 0.1552008 0.987883 0 0.01090788 0.9999011 -0.008889853 0.07606852 0.9970903 -0.004959821 0.195534 0.9806965 -9.40445e-4 0.3168563 0.9484735 4.36383e-4 0.4322504 0.9017308 -0.006427288 0.5291002 0.8485593 7.8557e-5 0.3458673 0.9382835 -1.92646e-5 0.5718967 0.8203257 1.48778e-4 0.6783084 0.7347774 -2.76012e-5 0.6843709 0.729134 -8.75787e-5 0.8227031 0.5684707 7.79149e-4 0.7685785 0.6397376 -0.004800617 0.8873983 0.4610031 7.27868e-4 0.977149 0.2125498 -0.001634776 0.9602222 0.2791848 -0.005419254 0.9948266 0.1015887 0 0.9993609 -0.03574687 0 0.9947887 -0.1019558 6.95347e-4 0.9730579 -0.2305539 -0.001865983 0.9593548 -0.2822025 -3.29557e-4 0.9068719 -0.4214063 1.91393e-4 0.8873223 -0.4611489 9.5137e-4 0.806864 -0.5907348 -0.001731693 0.7659287 -0.6429256 3.9854e-4 0.6809629 -0.7323179 -1.06435e-4 0.6783267 -0.7347605 -7.49269e-5 0.5717725 -0.8204122 3.1863e-4 0.506615 -0.8621681 -0.002713322 0.4272739 -0.9041222 -4.94215e-4 0.3169263 -0.9484501 3.59291e-4 0.002199411 -0.9999976 0 0.1756024 -0.9844612 -1.52049e-4 0.077959 -0.9969328 -0.006897628 0.1965197 -0.980498 -0.00197643 0 1 0 0 1 0 0 1 -1.19933e-6 0 1 0 0 1 0 0 1 2.79076e-7 -1 0 0 -1 -1.9514e-6 0 -1 1.6877e-6 0 -1 6.38419e-7 0 -1 -3.90897e-7 0 -1 3.37288e-7 0 -1 -4.96804e-7 0 -1 2.38338e-7 0 -1 -3.67177e-7 0 -1 6.50401e-7 0 -1 -7.75979e-7 0 -1 -1.90688e-6 0 -1 2.27505e-6 0 -1 -1.46502e-6 0 -0.5497639 0.8353176 0.002067267 -0.6751086 0.7377181 -6.53015e-4 -0.7657384 0.6431517 7.71704e-4 -0.7821794 0.6230532 2.55535e-4 -0.8877755 0.4602767 -4.37432e-4 -0.8702332 0.4926397 7.8153e-4 -0.9594153 0.2819964 -6.84322e-4 -0.9361257 0.3516629 0.001392185 -0.9949319 0.1005311 -0.001995086 -0.9798138 0.199903 0.00196141 -0.9987265 0.05045324 0 -0.3180029 0.9480894 -8.33141e-4 -0.002049922 0.9999979 0 -0.09891366 0.9950961 -5.92124e-5 -0.0718072 0.9974181 -9.03325e-4 -0.1943919 0.980924 2.58189e-4 -0.6805778 0.7326666 -0.003689765 -0.5716611 0.8204898 4.68958e-4 -0.4409871 0.8975135 -2.2117e-4 -0.4268509 0.904322 5.2629e-6 -0.350451 0.9365811 -3.79003e-6 -0.2578517 0.9661841 0.001001954 -0.3376014 -0.9412891 -5.26758e-6 -0.2276878 -0.9737328 0.001652002 -0.3187032 -0.9478532 -0.001607954 -0.1944696 -0.9809086 1.77053e-4 -0.08155584 -0.9966689 0 -0.004513144 -0.9999878 -0.002010941 -0.0712341 -0.9974596 -3.12362e-4 -0.6774527 -0.7355661 -6.67188e-4 -0.5396261 -0.8419019 0.002242505 -0.6811695 -0.7321111 -0.004648268 -0.4288326 -0.903384 5.49169e-6 -0.4268801 -0.9043083 -2.74036e-5 -0.5719578 -0.8202831 6.32562e-5 -0.8910695 -0.4538669 2.84291e-4 -0.8029512 -0.5960431 0.001467049 -0.7664814 -0.6422663 -6.77864e-4 -0.8874739 -0.4608579 4.76018e-4 -0.9948667 -0.1011948 0 -0.9621734 -0.2723998 0.004567503 -0.931546 -0.3636234 -2.72877e-5 -0.9592661 -0.2825042 1.72052e-4 -0.9950063 -0.0997523 -0.003471732 0 0.9961947 0.08715617 0 0.9961948 0.08715486 0 0.9784255 0.2066002 0 0.9784259 0.2065985 0 0.9566964 0.2910876 0 0.9566959 0.2910897 0 0.9146345 0.4042819 0 0.9146349 0.4042811 0 0.875918 0.4824601 0 0.8759193 0.4824579 0 0.8191514 0.5735775 0 0.8191519 0.5735766 0 0.7573507 0.6530084 0 0.7573508 0.6530084 0 0.6975499 0.7165363 0 0.6060959 0.7953916 0 0.6060964 0.7953912 0 0.534463 0.8451918 0 0.4286933 0.9034502 0 0.3483136 0.9373781 0 0.2588202 0.9659256 0 0.1471405 0.9891156 0 0.1471406 0.9891157 0 0.06038063 0.9981755 0 -0.06038063 0.9981755 0 -0.1471406 0.9891157 0 -0.1471405 0.9891156 0 -0.2588202 0.9659256 0 -0.3483136 0.9373781 0 -0.4286933 0.9034502 0 -0.534463 0.8451918 0 -0.6060965 0.7953912 0 -0.6060959 0.7953917 0 -0.6975499 0.7165363 0 -0.7573507 0.6530084 0 -0.7573508 0.6530084 0 -0.8191519 0.5735766 0 -0.8191514 0.5735775 0 -0.8759193 0.4824579 0 -0.875918 0.4824601 0 -0.9146348 0.4042811 0 -0.9146345 0.4042819 0 -0.9566959 0.2910897 0 -0.9566964 0.2910876 0 -0.9784259 0.2065985 0 -0.9784255 0.2066002 0 -0.9961948 0.08715486 0 -0.9961947 0.08715617 -1 2.63079e-6 0 -1 7.89758e-7 0 -1 1.49368e-7 0 -1 -7.83144e-7 0 -1 -1.9886e-7 0 -1 0 0 -1 4.71511e-7 0 -1 1.9886e-7 0 -1 -1.23585e-7 0 -1 -7.89758e-7 0 -1 4.3606e-7 0 -1 -2.96844e-7 0 -1 1.96309e-7 0 -1 0 0 -1 -1.94533e-7 0 -1 3.95337e-7 0 -1 -9.82658e-7 0 -1 0 0 -1 -2.63079e-6 0 -1 -3.95337e-7 0 -1 3.90387e-7 0 1 0 0 1 5.30745e-7 0 1 -2.01282e-7 0 1 0 0 1 0 0 1 -7.91583e-7 0 1 0 0 1 1.87834e-7 0 1 -2.17199e-6 0 1 0 0 1 4.94739e-7 0 1 -1.96309e-7 0 1 -4.13926e-7 0 1 0 0 1 2.17199e-6 0 1 -2.09882e-7 0 1 1.97668e-7 0 1 1.95193e-7 0 1 0 0 1 1.94533e-7 0 1 -1.97668e-7 0 0 -0.1122848 0.9936761 0.01923149 -0.1564048 0.9875058 0 -0.2663441 0.963878 0 -0.3728914 0.927875 0.02323949 -0.4538687 0.8907656 0 -0.5134535 0.8581175 0 -0.6065585 0.7950389 0.004510462 -0.645631 0.7636362 -7.39194e-4 -0.9280851 0.3723676 5.83858e-4 -0.9297717 0.3681362 -5.15647e-4 -0.8780661 0.4785392 -0.01485306 -0.8490145 0.5281609 0.01363396 -0.8982231 0.4393284 -0.01500755 -0.8371389 0.5467844 0.001618981 -0.8660033 0.5000358 -4.93988e-4 -0.8179891 0.5752335 2.44293e-6 -0.8213067 0.5704869 -3.71883e-6 -0.7856522 0.6186684 -7.71495e-5 -0.7853608 0.6190384 8.69299e-5 -0.7311922 0.6821715 9.65807e-5 -0.7312229 0.6821387 -1.07587e-4 -0.6637549 0.7479501 0 -0.9999992 0.001240909 -3.38489e-4 -0.9974045 0.07200169 0.01927161 -0.9997566 0.01074153 -0.03741294 -0.9809136 0.1908109 1.22932e-4 -0.9535063 0.3013734 0.00352323 -0.9740634 0.2262483 -0.02036219 -0.9579159 0.2863262 0.02421343 -0.9910787 0.1310605 0.05330532 -0.996152 0.06956839 0 0.9999992 0.001240909 0.02523618 0.9909888 0.1315462 -0.02088916 0.9575115 0.2876378 0.05479359 0.9960209 0.07028615 -0.04766887 0.97762 0.2049071 0.03034782 0.9994071 0.01626294 -0.00594002 0.9946768 0.102873 -8.28137e-5 0.9998273 0.01858758 -0.03769624 0.8777508 0.4776323 0.02686274 0.9254114 0.3780109 -0.01831138 0.8414663 0.5399993 0.003523111 0.9740633 0.2262482 1.22931e-4 0.9535041 0.3013804 -1.284e-4 0.9466487 0.3222675 -0.003478169 0.9205332 0.3906487 0.004509508 0.645631 0.7636362 0.02150988 0.8967886 0.4419361 0.0016191 0.8660033 0.5000359 -4.94191e-4 0.8179723 0.5752575 5.19713e-6 0.8213093 0.5704833 -6.31085e-6 0.7919297 0.6106124 -0.001226782 0.7855255 0.618828 0.00187081 0.7380387 0.6747558 9.57691e-5 0.7312235 0.682138 -1.08984e-4 0.6637554 0.7479497 0 0.6065585 0.7950389 0 0.5134535 0.8581175 0.02323949 0.4538687 0.8907656 0 0.1122848 0.9936761 0.01923239 0.1564048 0.9875058 0 0.2663441 0.963878 0 0.3728914 0.927875 0.02941459 -0.9763649 0.214118 0.0532819 -0.9607062 0.2724054 -0.0560224 -0.997734 0.03726232 -0.04372835 -0.9969515 0.06461822 -0.02277737 -0.9912025 0.13038 0.003590643 -0.9945571 0.1041312 5.00529e-5 -0.9998267 0.01861506 0 -0.9999994 0.001160621 -0.01857292 -0.8973285 0.4409725 0.0180341 -0.820315 0.5716277 -0.02628034 -0.9255162 0.3777952 0.04139673 -0.8444127 0.5340915 0.02227157 -0.8756163 0.4824938 -0.002104043 -0.9742153 0.225611 -7.33957e-5 -0.9535065 0.3013728 7.69901e-5 -0.9466367 0.3223028 0.002075254 -0.9203065 0.3911926 -0.00272727 -0.645635 0.7636414 -0.004170775 -0.8655695 0.5007716 -3.09828e-6 -0.8213098 0.5704825 3.00977e-6 -0.7919267 0.6106162 7.32637e-4 -0.7854539 0.6189199 -0.001120865 -0.7380837 0.6747084 -5.76404e-5 -0.7312282 0.682133 6.47476e-5 -0.6637534 0.7479516 0 -0.6065587 0.7950388 0 -0.5134517 0.8581185 -0.01405471 -0.4539454 0.8909187 0 -0.1122849 0.9936761 -0.01163023 -0.1564242 0.9876215 0 -0.2663478 0.9638771 0 -0.372892 0.9278748 0 0.1122849 0.9936761 -0.01163023 0.1564242 0.9876215 0 0.2663478 0.9638771 0 0.372892 0.9278748 -0.01405471 0.4539454 0.8909187 -5.23538e-5 0.7311935 0.6821702 4.68176e-5 0.785356 0.6190445 1.84784e-6 0.7856513 0.6186696 0 0.5134517 0.8581185 0 0.6065587 0.7950388 -0.00272727 0.645635 0.7636414 6.47476e-5 0.6637534 0.7479516 -5.76404e-5 0.7312282 0.682133 0.01869601 0.8809569 0.4728273 0.03695052 0.8519912 0.5222506 -0.01906752 0.9267833 0.3751122 0.01217854 0.8367425 0.5474613 -0.0128743 0.8983538 0.439084 0.01395213 0.8198114 0.5724638 -0.004163444 0.8655706 0.5007699 -1.37769e-6 0.8213102 0.5704819 0 0.9999994 0.001160621 4.41295e-4 0.9280371 0.3724876 -7.33957e-5 0.9535065 0.3013728 -0.002103984 0.9742153 0.2256109 2.04514e-4 0.9973993 0.07207369 0.02320361 0.9799167 0.198053 -0.04348748 0.9986231 0.02933782 0.05176526 0.9610323 0.271546 -0.04372805 0.9969516 0.06461787 -0.02277737 0.9912025 0.13038 -0.2272562 -0.7335441 0.6405215 -0.09257352 -0.9954544 -0.02237874 -0.1306272 -0.9906264 0.03995019 -0.1943753 -0.9809273 2.83426e-4 -0.005157649 -0.9991415 0.04110789 -0.04094886 -0.9941641 0.09980618 -0.02735674 -0.994174 0.104259 -0.07831144 -0.9789165 0.1886529 -0.0528807 -0.9789759 0.1970026 -0.09031444 -0.9607886 0.2621612 -0.1351512 -0.9462022 0.2939997 -0.1026053 -0.9396168 0.3264852 -0.1334323 -0.9132052 0.3850353 -0.1282873 -0.9157281 0.3807684 -0.1618757 -0.8806698 0.4452155 -0.1490052 -0.8828482 0.4453948 -0.1813448 -0.83561 0.5185267 -0.2168185 -0.8130683 0.5402866 -0.1989526 -0.7975907 0.5694444 -0.2218028 -0.7368509 0.6386348 -0.194716 -0.6598961 0.7256879 -0.2382496 -0.680711 0.6927263 -0.441043 -0.6178221 0.6509816 -0.6059096 -0.5688467 0.556136 -8.95041e-4 -0.9999991 0.001104712 -0.01976323 -0.9993008 0.03173768 -0.05058175 -0.9986471 0.01206326 -0.08456128 -0.9941086 0.06780469 -0.1127284 -0.9921178 0.05472385 -0.1585391 -0.9786358 0.1309099 -0.2159426 -0.9709706 0.1028835 -0.2759816 -0.9385696 0.207175 -0.3375849 -0.9230936 0.1842141 -0.3660777 -0.899787 0.2374248 -0.3844001 -0.8881769 0.2517509 -0.4067553 -0.8643031 0.2958549 -0.4674482 -0.8379873 0.2815485 -0.508814 -0.7746052 0.3756263 -0.5698436 -0.7360005 0.3654884 -0.5959914 -0.6688601 0.4443202 -0.6424767 -0.6225234 0.4468649 -0.6533877 -0.5691648 0.4991354 -0.7909606 -0.4398055 0.4253851 -0.2424682 -0.9668108 0.08053773 -0.2424061 -0.9668183 0.08063381 -0.3922579 -0.9189695 0.04035925 -0.4279215 -0.8978765 0.1034454 -0.5486808 -0.8354445 0.03133481 -0.5714921 -0.8173695 0.07282936 -0.6088019 -0.7866938 0.1023392 -0.6215761 -0.7727724 0.1283203 -0.7231801 -0.6863939 0.07664233 -0.7580327 -0.6332562 0.1561189 -0.8427794 -0.5264411 0.1121733 -0.8624337 -0.4764449 0.1709053 -0.9156749 -0.370207 0.1564812 -0.9253507 -0.3168013 0.2082383 -0.9651579 -0.1927685 0.1769483 -0.3109494 -0.3544066 0.8818767 -0.1949073 -0.2612361 0.9453925 -0.1938897 -0.1101542 0.9748195 -0.1939174 -0.1101528 0.9748141 -0.4400059 -0.1008315 0.892316 -0.5538692 -0.1089504 0.8254446 -0.1950384 -0.5949105 0.7797703 -0.2444355 -0.5172142 0.8202077 -0.4400457 -0.4789785 0.7595654 -0.5538784 -0.4308504 0.7124513 -0.6063275 -0.4241642 0.6726453 -0.8298334 -0.297641 0.4720025 -0.7898097 -0.3050358 0.5321221 -0.9792641 -0.1348693 0.1511693 -0.9655134 -0.1388715 0.2202242 -0.1943349 -0.5036647 0.8417576 -0.1939011 -0.3249046 0.9256561 -0.5531417 -0.2759098 0.7860713 -0.5531272 -0.275916 0.7860793 -0.8298349 -0.1848104 0.526516 -0.8298386 -0.1848047 0.5265123 -0.9805469 -0.06500852 0.1852074 -0.9805468 -0.06500774 0.1852076 -0.606328 -0.08928942 0.7901861 -0.7914845 -0.06862515 0.6073246 -0.8305976 -0.07927143 0.5512022 -0.8957614 -0.04991418 0.4417242 -0.9805469 -0.02203881 0.1950439 -0.9805473 -0.02204018 0.1950421 -0.1950972 0 0.9807839 -0.1950854 0 0.9807863 -0.4422907 0 0.8968718 -0.6087566 0 0.7933571 -0.6087681 0 0.7933483 -0.7933498 0 0.6087661 -0.8968746 0 0.4422849 -0.9807851 0 0.1950917 -0.9807856 0 0.1950893 -0.1950361 0.59491 0.7797712 -0.1946607 0.3657596 0.9101247 -0.1943374 0.5036642 0.8417573 -0.1939058 0.1101539 0.9748162 -0.1939031 0.1101523 0.974817 -0.4400059 0.1008315 0.892316 -0.5538735 0.108949 0.8254419 -0.2444432 0.517214 0.8202057 -0.4400475 0.478976 0.7595658 -0.5538812 0.4308497 0.7124494 -0.8305976 0.07927143 0.5512021 -0.7914845 0.06862515 0.6073246 -0.606328 0.08928942 0.7901861 -0.9805473 0.02203887 0.1950423 -0.9805469 0.02204 0.1950438 -0.8957614 0.04991418 0.4417242 -0.1949073 0.2612364 0.9453924 -0.2666762 0.3191959 0.9093942 -0.553142 0.2759099 0.7860711 -0.5531344 0.2759137 0.7860751 -0.8298355 0.1848075 0.5265161 -0.8298403 0.1848059 0.5265091 -0.980547 0.0650072 0.1852075 -0.980547 0.06500768 0.1852074 -0.6063275 0.4241642 0.6726453 -0.791484 0.3260057 0.5169849 -0.8305971 0.2826226 0.4798259 -0.9659214 0.1592975 0.2040103 -0.9805469 0.1047002 0.1660292 -0.3922579 0.9189695 0.04035925 -8.95041e-4 0.9999991 0.001104712 -0.02201575 0.9991163 0.03580749 -0.05043822 0.9986575 0.0118032 -0.08861041 0.9932798 0.07445436 -0.1105207 0.99256 0.051086 -0.005157649 0.9991415 0.04110789 -0.03912192 0.9945342 0.09680491 -0.02834403 0.9939723 0.1059041 -0.2423717 0.9668265 0.0806387 -0.09257352 0.9954544 -0.02237874 -0.1404917 0.9884821 0.05626153 -0.1889421 0.9819505 -0.008604943 -0.2424892 0.9668025 0.08057272 -0.1662174 0.9755499 0.1437858 -0.2119591 0.9725417 0.09610503 -0.07512575 0.9801654 0.1833902 -0.1512263 0.9401844 0.3052605 -0.09031444 0.9607886 0.2621612 -0.05447429 0.9783223 0.1997954 -0.5956724 0.7942336 0.1198645 -0.5854101 0.8086976 0.05747574 -0.3768631 0.8895841 0.2580978 -0.3741078 0.8979184 0.2319179 -0.6482058 0.7381818 0.1868605 -0.7001455 0.7133128 0.03132504 -0.4196844 0.8485922 0.3221122 -0.4574297 0.8502989 0.2602884 -0.4522377 0.8794065 0.1487464 -0.531058 0.8473351 8.48974e-4 -0.2868435 0.9308147 0.2265058 -0.3302561 0.9283052 0.1708234 -0.09699869 0.9438679 0.3157609 -0.1305384 0.9159049 0.3795761 -0.1310026 0.9131386 0.3860262 -0.1592994 0.8836004 0.4403113 -0.2420137 0.7957473 0.5551719 -0.1813448 0.83561 0.5185267 -0.1507748 0.8805061 0.4494175 -0.605771 0.6352725 0.4790309 -0.6342514 0.6525903 0.4145492 -0.9301502 0.2420113 0.2761362 -0.8984701 0.4282479 0.09672266 -0.8787377 0.412805 0.2396085 -0.9577174 0.2619433 0.11901 -0.7909606 0.4398055 0.4253851 -0.6533877 0.5691648 0.4991354 -0.6059096 0.5688467 0.556136 -0.441043 0.6178221 0.6509816 -0.7816151 0.5826194 0.2227838 -0.820234 0.5690732 0.05806952 -0.5215249 0.7497838 0.4072299 -0.5596151 0.7566493 0.3381017 -0.1927249 0.8121716 0.5506671 -0.2229158 0.7335298 0.6420612 -0.2265756 0.7365466 0.6373089 -0.2382496 0.680711 0.6927263 -0.194716 0.6598961 0.7256879 0.2272647 0.7335408 0.6405223 0.09275376 0.9954442 -0.02208119 0.1306378 0.990625 0.03995013 0.1943705 0.9809283 2.83429e-4 0.005126476 0.9991443 0.0410422 0.04094344 0.9941642 0.09980618 0.0273512 0.9941741 0.104259 0.07830554 0.9789169 0.188653 0.05287802 0.978976 0.1970026 0.09030747 0.9607893 0.2621614 0.1351454 0.9462028 0.2939999 0.1026104 0.9396163 0.326485 0.1334267 0.9132036 0.3850411 0.128288 0.9157249 0.3807759 0.1618757 0.8806698 0.4452155 0.1490115 0.8828482 0.4453929 0.1813448 0.83561 0.5185267 0.216822 0.8130678 0.5402863 0.1989476 0.7975915 0.569445 0.2217982 0.7368517 0.6386355 0.1947249 0.6598946 0.7256868 0.2382431 0.6807122 0.6927274 0.4410264 0.6178285 0.6509867 0.6059222 0.5688412 0.5561277 0.002212405 0.9999976 6.90368e-5 0.02111625 0.9993093 0.03058212 0.05064946 0.9986422 0.01219356 0.08457201 0.9941077 0.06780463 0.1127263 0.992118 0.0547232 0.1585543 0.9786335 0.130908 0.215942 0.9709708 0.1028829 0.2759816 0.9385696 0.207175 0.3375886 0.9230922 0.1842138 0.3660749 0.8997873 0.2374278 0.3844025 0.8881753 0.2517524 0.4067553 0.8643031 0.2958549 0.4674468 0.837988 0.2815487 0.5088084 0.7746083 0.3756278 0.5698453 0.7359991 0.3654884 0.5959914 0.6688601 0.4443202 0.642476 0.6225247 0.4468644 0.6533839 0.5691672 0.4991375 0.790964 0.4398024 0.425382 0.2424659 0.9668114 0.08053696 0.2424097 0.9668173 0.08063501 0.3922517 0.9189721 0.04035937 0.4279215 0.8978765 0.1034454 0.5486808 0.8354445 0.03133481 0.5714872 0.8173729 0.07282966 0.6088019 0.7866938 0.1023392 0.6215817 0.772768 0.1283196 0.7231783 0.6863957 0.07664251 0.7580327 0.6332562 0.1561189 0.8427799 0.5264402 0.1121738 0.8624315 0.4764484 0.1709066 0.9156762 0.3702042 0.1564801 0.9253507 0.3168013 0.2082383 0.9651581 0.192767 0.1769483 0.3109433 0.3544079 0.8818783 0.194907 0.261241 0.9453912 0.1939057 0.1101537 0.9748163 0.1939093 0.110153 0.9748157 0.4400263 0.1008304 0.8923062 0.5538752 0.1089488 0.8254408 0.1950384 0.5949105 0.7797703 0.2444274 0.5172169 0.8202085 0.440047 0.4789736 0.7595677 0.5538792 0.4308501 0.7124509 0.6063275 0.4241642 0.6726453 0.8298351 0.2976396 0.4720004 0.7898106 0.3050325 0.5321226 0.9792638 0.1348702 0.1511703 0.9655131 0.1388735 0.2202241 0.1943461 0.5036621 0.8417566 0.1938931 0.3249042 0.925658 0.5531359 0.2759111 0.7860749 0.5531309 0.2759142 0.7860774 0.8298381 0.1848068 0.5265123 0.8298336 0.1848083 0.5265189 0.9805473 0.06500792 0.1852057 0.9805466 0.06500834 0.1852093 0.6063362 0.08929038 0.7901796 0.7914794 0.06862753 0.6073308 0.8305977 0.07927024 0.5512022 0.8957558 0.04991549 0.4417354 0.9805473 0.02203863 0.1950421 0.9805473 0.02204018 0.1950421 0.9807856 0 0.1950893 0.9807851 0 0.1950917 0.8968746 0 0.4422849 0.7933565 0 0.6087573 0.7933498 0 0.6087661 0.6087681 0 0.7933483 0.6087566 0 0.7933571 0.4422614 0 0.8968862 0.4422907 0 0.8968718 0.1950854 0 0.9807863 0.1950972 0 0.9807839 0.195036 -0.5949108 0.7797706 0.1946464 -0.36576 0.9101278 0.1943477 -0.5036612 0.8417567 0.1939058 -0.1101539 0.9748162 0.1939061 -0.1101523 0.9748165 0.4400263 -0.1008304 0.8923062 0.553876 -0.1089498 0.8254401 0.2444354 -0.5172151 0.8202074 0.440056 -0.4789732 0.7595627 0.5538812 -0.4308497 0.7124494 0.8305977 -0.07927083 0.5512021 0.7914794 -0.06862753 0.6073308 0.6063362 -0.08929038 0.7901796 0.9805473 -0.02203887 0.1950423 0.9805473 -0.02203983 0.195042 0.8957558 -0.04991549 0.4417354 0.194907 -0.2612404 0.9453913 0.2666762 -0.3191959 0.9093942 0.5531419 -0.2759104 0.786071 0.5531277 -0.2759137 0.7860798 0.8298328 -0.1848089 0.52652 0.8298385 -0.1848068 0.5265117 0.9805469 -0.0650084 0.1852074 0.9805468 -0.0650078 0.1852079 0.6063275 -0.4241642 0.6726453 0.7914822 -0.326007 0.516987 0.8306005 -0.2826184 0.4798225 0.9659218 -0.1592973 0.2040089 0.9805461 -0.1047023 0.1660326 0.3922517 -0.9189721 0.04035937 0.002212405 -0.9999976 6.90368e-5 0.02326709 -0.9991382 0.03437268 0.05051201 -0.9986521 0.01195186 0.08861041 -0.9932798 0.07445436 0.1105245 -0.9925596 0.05108535 0.005126476 -0.9991443 0.0410422 0.03911113 -0.9945346 0.09680497 0.02834147 -0.9939724 0.1059041 0.2423766 -0.9668253 0.08063858 0.09275376 -0.9954442 -0.02208119 0.1404947 -0.9884815 0.05626273 0.1889379 -0.9819514 -0.008604943 0.2424809 -0.9668045 0.08057385 0.166225 -0.9755491 0.1437823 0.2119627 -0.9725409 0.09610497 0.07511413 -0.9801663 0.1833903 0.151228 -0.9401841 0.3052604 0.09030747 -0.9607893 0.2621614 0.05447429 -0.9783223 0.1997954 0.5956724 -0.7942336 0.1198645 0.5854008 -0.8087043 0.05747622 0.3768504 -0.8895891 0.2580992 0.374115 -0.8979142 0.2319223 0.6482058 -0.7381818 0.1868605 0.7001455 -0.7133128 0.03132504 0.4196861 -0.8485909 0.3221134 0.4574245 -0.8503015 0.2602887 0.4522277 -0.8794115 0.1487472 0.5310611 -0.8473331 8.48973e-4 0.2868435 -0.9308147 0.2265058 0.3302599 -0.9283037 0.1708232 0.09699892 -0.9438678 0.3157609 0.1305406 -0.9159019 0.3795825 0.1310069 -0.9131348 0.3860337 0.1593033 -0.8836008 0.4403092 0.2420107 -0.7957478 0.5551723 0.1813448 -0.83561 0.5185267 0.1507785 -0.8805056 0.4494172 0.605774 -0.635273 0.4790263 0.6342532 -0.652588 0.4145503 0.9301515 -0.2420082 0.2761345 0.8984717 -0.4282449 0.096722 0.8787356 -0.4128082 0.2396103 0.9577168 -0.2619448 0.1190106 0.790964 -0.4398024 0.425382 0.6533839 -0.5691672 0.4991375 0.6059222 -0.5688412 0.5561277 0.4410264 -0.6178285 0.6509867 0.7816151 -0.5826194 0.2227838 0.8202355 -0.5690711 0.05806964 0.5215256 -0.7497829 0.4072304 0.559614 -0.7566501 0.338102 0.1927279 -0.8121712 0.5506668 0.2229335 -0.7335249 0.6420608 0.2265663 -0.7365483 0.6373103 0.2382431 -0.6807122 0.6927274 0.1947249 -0.6598946 0.7256868 0 -0.222522 0.9749277 0 -0.222522 0.9749277 0 -0.6234887 0.7818324 0 -0.6234886 0.7818325 0 -0.9009693 0.4338831 0 -0.900969 0.4338836 0 -0.9009683 -0.4338849 0 -0.9009686 -0.4338843 0 -0.6234896 -0.7818318 0 -0.6234896 -0.7818316 0 -0.222522 -0.9749277 0 -0.222522 -0.9749277 0 0.222522 -0.9749277 0 0.222522 -0.9749277 0 0.6234897 -0.7818317 0 0.6234896 -0.7818317 0 0.9009686 -0.4338843 0 0.9009683 -0.4338849 0 0.900969 0.4338836 0 0.9009693 0.4338831 0 0.6234886 0.7818326 0 0.6234887 0.7818324 0 0.222522 0.9749277 0 0.222522 0.9749277 0.8866777 -0.4623881 -1.84198e-5 0.9922304 -0.1244148 0 0.9190368 -0.3941704 0.001070141 0.950792 -0.3098124 0.003316462 0.8968677 -0.4422864 -0.003319799 0.9807813 -0.1950874 0.003022909 0.5279155 -0.8492969 -5.09762e-6 0.5687416 -0.8225162 4.59194e-4 0.6779846 -0.735072 0.002436935 0.8193879 -0.5732395 3.54057e-5 0.7933512 -0.6087631 0.001193583 0.6087605 -0.7933503 -0.002451121 0.002330362 -0.9999974 0 0.03398329 -0.9994224 1.80993e-5 0.1909877 -0.9815916 0.001286506 0.4113613 -0.9114723 1.60034e-5 0.4422903 -0.8968716 -8.96538e-4 0.1950907 -0.9807841 0.001468956 0.1948252 0.9383639 0.2855105 0.1944854 -0.4205079 0.8861989 0.1948915 -0.5944744 0.7801395 0.8962022 -0.4419578 0.0386663 0.9806429 0.1950604 0.01706576 0.980643 -0.1950594 0.01706552 0.9806421 -0.1950634 0.01706582 0.9806424 -0.1891356 0.0506789 0.9806424 -0.1891352 0.05067849 0.9806427 -0.1774603 0.08275157 0.9806426 -0.1774612 0.08275103 0.9806429 -0.1603937 0.112309 0.9806422 -0.1603969 0.1123107 0.6072987 -0.7914505 0.06924313 0.7922295 -0.6079013 0.05318444 0.8311346 -0.5518392 0.06847488 0.8304888 -0.538055 0.1441717 0.8304902 -0.538053 0.1441708 0.8304891 -0.5048452 0.2354128 0.8304904 -0.5048438 0.235412 0.8304919 -0.4562928 0.3195002 0.8304898 -0.4562954 0.3195016 0.9806424 0.1950622 0.01706558 0.8962017 0.4419585 0.03866636 0.8311337 0.5518406 0.06847536 0.5547615 -0.8270052 0.09111607 0.554107 -0.8040806 0.2154532 0.5541067 -0.8040808 0.2154525 0.5541041 -0.7544538 0.351807 0.5541059 -0.7544527 0.3518064 0.5540985 -0.6819041 0.4774742 0.554111 -0.6818974 0.4774694 0.9806429 -0.01706457 0.1950597 0.9806421 -0.01706582 0.1950637 0.830493 -0.04854893 0.5549094 0.8304847 -0.04854863 0.5549218 0.5541149 -0.07255125 0.8292727 0.5541062 -0.07255381 0.8292782 0.9806429 0.01706457 0.1950597 0.9806421 0.01706582 0.1950637 0.830493 0.04854828 0.5549094 0.8304859 0.04854905 0.55492 0.5541149 0.07255095 0.8292727 0.554107 0.07255405 0.8292777 0.9806421 0.05067986 0.189137 0.9806426 0.05067831 0.1891348 0.8304964 0.144167 0.5380443 0.8304872 0.1441721 0.5380571 0.5541019 0.2154533 0.804084 0.5540991 0.2154546 0.8040855 0.9806426 0.1123103 0.1603956 0.9806424 0.1123107 0.1603963 0.8304897 0.3195025 0.456295 0.8304912 0.3195 0.4562939 0.5540957 0.4774746 0.6819062 0.5541043 0.4774723 0.6819008 0.9806421 0.1384581 0.1384579 0.9806429 0.1384552 0.138455 0.8304852 0.3938876 0.393887 0.8304913 0.3938809 0.3938809 0.5541021 0.5886302 0.5886302 0.5541051 0.5886281 0.5886294 0.9806432 0.1603928 0.1123092 0.9806423 0.1603964 0.1123102 0.8304907 0.4562936 0.3195019 0.8304917 0.4562935 0.3194993 0.5541056 0.6819002 0.4774717 0.5541059 0.6819002 0.4774714 0.1943749 -0.9771947 0.08549344 0.1943774 -0.9771942 0.0854935 0.4409365 -0.894123 0.07822465 0.1950727 -0.7427997 0.6404649 0.1943629 -0.8035303 0.5626385 0.1943828 -0.8035272 0.5626361 0.1950444 -0.8590959 0.4731932 0.2297276 -0.8820688 0.4113149 0.1946691 -0.8971371 0.3965464 0.194379 -0.947502 0.2538839 0.2691795 -0.9213845 0.2803443 0.1949846 -0.9596464 0.2026327 0.1945837 -0.6842172 0.7028399 0.220378 -0.6897213 0.6897233 0.5541068 -0.5886276 0.5886282 0.5541005 -0.5886303 0.5886316 0.8304877 -0.393885 0.3938844 0.8304891 -0.3938832 0.3938832 0.9806424 -0.1384565 0.1384564 0.9806424 -0.1384567 0.1384572 0.1949357 -0.5242097 0.8289778 0.2436404 -0.556292 0.7944675 0.5540998 -0.4774742 0.6819032 0.5541069 -0.4774705 0.6819 0.8304877 -0.3195029 0.4562984 0.8304921 -0.3195002 0.4562921 0.9806429 -0.1123096 0.1603938 0.980642 -0.1123107 0.1603983 0.1950755 -0.3416222 0.9193693 0.2086056 -0.4133202 0.8863691 0.5541063 -0.3518072 0.7544521 0.5541052 -0.3518069 0.754453 0.8304875 -0.2354143 0.5048472 0.8304916 -0.2354115 0.5048418 0.9806424 -0.08275216 0.1774613 0.9806424 -0.08275181 0.1774618 0.9806426 -0.05067861 0.189135 0.9806421 -0.05067944 0.1891368 0.8304901 -0.1441697 0.5380533 0.8304922 -0.1441696 0.53805 0.5541083 -0.2154525 0.8040799 0.554093 -0.2154558 0.8040895 0.1943898 -0.2538824 0.9475001 0.1943699 -0.2538841 0.9475038 0.1950825 0.3416217 0.919368 0.1943712 0.2538841 0.9475034 0.1943885 0.2538824 0.9475004 0.1950271 0.1443153 0.9701224 0.2366961 0.08468067 0.9678865 0.1947464 0.0592246 0.9790641 0.1943724 -0.08549505 0.977195 0.2545752 -0.05839133 0.9652885 0.1950271 -0.1443153 0.9701224 0.1944872 0.4205078 0.8861986 0.2086045 0.4133204 0.8863694 0.5541063 0.3518072 0.7544521 0.5541028 0.3518078 0.7544545 0.8304905 0.2354126 0.5048431 0.8304871 0.2354148 0.5048477 0.9806424 0.08275175 0.1774613 0.9806425 0.08275222 0.1774613 0.1950468 0.8590956 0.4731931 0.1943715 0.8035286 0.5626382 0.1943747 0.803529 0.5626364 0.1950762 0.742799 0.6404646 0.2203796 0.6897209 0.6897231 0.1945837 0.6842172 0.7028399 0.1943724 0.562637 0.8035291 0.2836068 0.5812102 0.7627333 0.1949357 0.5242097 0.8289778 0.1946663 0.8971375 0.3965467 0.2297277 0.8820688 0.411315 0.5541055 0.754453 0.3518067 0.554103 0.7544546 0.3518072 0.8304899 0.5048441 0.2354124 0.8304895 0.5048448 0.2354123 0.9806425 0.1774614 0.08275127 0.9806429 0.1774597 0.08275115 0.1949855 0.9596461 0.2026326 0.241327 0.9373764 0.2511708 0.5541065 0.8040809 0.2154526 0.5541069 0.8040807 0.2154531 0.8304898 0.5380533 0.1441711 0.830489 0.5380546 0.1441713 0.9806422 0.1891366 0.05067873 0.9806426 0.1891345 0.05067873 0.7922301 0.6079005 0.05318439 0.6072976 0.7914512 0.06924319 0.554762 0.8270049 0.09111601 0.4409365 0.894123 0.07822465 0.1943754 0.9771945 0.0854935 0.1943765 0.9771943 0.08549338 0.002330362 0.9999974 0 0.4422916 0.8968713 6.24175e-5 0.1950888 0.9807754 -0.004463195 0.364847 0.9310305 0.008298993 0.1316385 0.9912979 7.33424e-5 0.9807855 0.1950893 0 0.9940744 0.108533 0.006074488 0.8968599 0.4422853 -0.005112648 0.9573205 0.2890033 0.003854453 0.9190089 0.3942354 0.001069188 0.8930435 0.4499703 1.82984e-4 0.8721961 0.4891564 -1.9595e-6 0.7933539 0.6087607 2.01444e-5 0.8049544 0.5933363 8.23859e-4 0.60876 0.7933539 -9.67627e-4 0.6490306 0.760761 0.001419305 0.525403 0.8508535 -3.33522e-5 -0.8866876 0.462369 -2.92677e-5 -0.9922301 0.1244168 0 -0.918704 0.394943 0.00170958 -0.9500216 0.3121391 0.005304217 -0.8968591 0.4422823 -0.005497932 -0.9807733 0.1950871 0.005006194 -0.5279254 0.8492908 -7.61177e-6 -0.5684256 0.8227344 6.85737e-4 -0.6765666 0.7363725 0.003641664 -0.819367 0.5732694 5.65311e-5 -0.7933522 0.6087602 0.001863002 -0.6087576 0.7933471 -0.003826081 -0.002330005 0.9999974 0 -0.03396999 0.9994229 2.5401e-5 -0.190045 0.9817737 0.001816451 -0.4113472 0.9114788 2.38961e-5 -0.4422897 0.8968713 -0.0013085 -0.1950902 0.9807831 0.002144038 -0.1948254 -0.9383638 0.2855108 -0.1944854 0.4205076 0.8861991 -0.1948915 0.5944749 0.7801392 -0.8962022 0.4419578 0.0386663 -0.9806423 -0.195063 0.01706576 -0.9806425 0.195062 0.01706564 -0.9806422 0.1950629 0.01706582 -0.9806423 0.1891356 0.05067902 -0.9806423 0.1891355 0.05067861 -0.9806425 0.1774616 0.08275192 -0.9806424 0.1774618 0.08275151 -0.9806427 0.160395 0.1123094 -0.9806424 0.1603956 0.1123111 -0.6072987 0.7914505 0.06924313 -0.7922303 0.6079002 0.05318492 -0.831135 0.5518388 0.06847494 -0.8304882 0.5380558 0.1441716 -0.8304909 0.5380519 0.1441704 -0.8304893 0.5048453 0.2354122 -0.8304908 0.5048429 0.2354121 -0.8304921 0.4562928 0.3194996 -0.8304901 0.456295 0.3195014 -0.9806424 -0.1950622 0.01706576 -0.8962017 -0.4419585 0.03866636 -0.8311343 -0.5518397 0.06847506 -0.5547608 0.8270057 0.09111595 -0.554107 0.8040806 0.2154532 -0.5541061 0.8040812 0.2154529 -0.5541042 0.754454 0.3518065 -0.5541053 0.7544531 0.3518066 -0.5540984 0.681904 0.4774747 -0.5541105 0.6818979 0.477469 -0.9806428 0.01706522 0.1950604 -0.980642 0.01706647 0.1950644 -0.8304935 0.04854828 0.5549088 -0.8304851 0.04854923 0.5549213 -0.5541148 0.07255119 0.8292728 -0.554106 0.07255411 0.8292783 -0.9806428 -0.01706457 0.1950604 -0.980642 -0.01706647 0.1950644 -0.8304935 -0.04854893 0.5549088 -0.8304863 -0.04854786 0.5549194 -0.5541148 -0.07255095 0.8292728 -0.5541068 -0.07255405 0.8292777 -0.9806419 -0.0506798 0.1891378 -0.9806424 -0.05067831 0.1891356 -0.8304966 -0.1441683 0.5380436 -0.8304876 -0.1441722 0.5380566 -0.5541016 -0.2154532 0.8040843 -0.554099 -0.2154549 0.8040854 -0.9806424 -0.1123102 0.1603962 -0.9806422 -0.1123113 0.1603969 -0.8304904 -0.3195015 0.4562947 -0.830492 -0.3194986 0.4562935 -0.5540954 -0.4774756 0.6819058 -0.5541041 -0.4774721 0.6819011 -0.9806419 -0.1384594 0.1384586 -0.9806428 -0.1384552 0.1384555 -0.8304858 -0.3938866 0.3938866 -0.8304918 -0.3938799 0.3938808 -0.5541018 -0.58863 0.5886306 -0.5541049 -0.5886286 0.5886291 -0.9806426 -0.1603955 0.1123097 -0.9806424 -0.1603958 0.1123105 -0.8304898 -0.4562956 0.3195013 -0.8304927 -0.4562917 0.3194991 -0.5541051 -0.6819006 0.4774718 -0.5541059 -0.6819002 0.4774714 -0.1943749 0.9771947 0.08549344 -0.1943772 0.9771941 0.08549338 -0.4409378 0.8941223 0.07822489 -0.1950728 0.7427994 0.6404653 -0.1943626 0.8035305 0.5626384 -0.1943829 0.8035275 0.5626357 -0.1950441 0.8590939 0.4731972 -0.2297275 0.8820689 0.4113147 -0.194669 0.8971372 0.3965462 -0.194379 0.947502 0.2538839 -0.26918 0.9213843 0.2803447 -0.1949844 0.9596464 0.2026326 -0.1945837 0.6842166 0.7028406 -0.2203778 0.6897217 0.6897228 -0.5541064 0.5886279 0.5886284 -0.5541002 0.5886307 0.5886313 -0.8304883 0.3938836 0.3938844 -0.8304895 0.3938828 0.3938828 -0.9806423 0.1384572 0.138457 -0.9806421 0.1384573 0.1384577 -0.1949356 0.5242102 0.8289776 -0.2436401 0.5562925 0.7944672 -0.5540998 0.4774739 0.6819033 -0.5541065 0.4774706 0.6819001 -0.8304884 0.3195017 0.4562979 -0.8304924 0.3195 0.4562917 -0.9806427 0.1123099 0.1603945 -0.9806419 0.1123114 0.1603989 -0.1950762 0.3416242 0.9193685 -0.2086055 0.4133206 0.8863689 -0.5541061 0.3518073 0.7544523 -0.5541051 0.3518068 0.7544532 -0.830488 0.2354135 0.5048468 -0.8304917 0.2354121 0.5048412 -0.9806423 0.0827521 0.1774621 -0.9806423 0.08275175 0.1774625 -0.9806424 0.05067861 0.1891356 -0.980642 0.05067944 0.1891375 -0.8304904 0.1441701 0.5380527 -0.8304926 0.1441703 0.5380493 -0.5541081 0.2154523 0.80408 -0.5540928 0.2154557 0.8040896 -0.1943896 0.2538825 0.9475001 -0.1943699 0.253884 0.9475038 -0.195083 -0.3416236 0.9193671 -0.1943711 -0.2538843 0.9475035 -0.1943884 -0.2538825 0.9475004 -0.1950271 -0.1443152 0.9701225 -0.236696 -0.08468073 0.9678865 -0.1947464 -0.05922448 0.9790641 -0.1943724 0.08549487 0.9771951 -0.2545751 0.05839139 0.9652885 -0.1950271 0.1443152 0.9701225 -0.1944871 -0.4205076 0.8861988 -0.2086044 -0.4133206 0.8863692 -0.5541062 -0.3518071 0.7544522 -0.5541025 -0.3518077 0.7544547 -0.830491 -0.2354115 0.5048428 -0.8304876 -0.2354143 0.5048472 -0.9806423 -0.08275175 0.177462 -0.9806423 -0.08275222 0.1774621 -0.1950464 -0.8590934 0.473197 -0.1943714 -0.803529 0.5626375 -0.1943746 -0.8035288 0.5626368 -0.1950764 -0.7427986 0.6404651 -0.2203794 -0.6897215 0.6897225 -0.1945836 -0.6842169 0.7028402 -0.1943723 -0.5626378 0.8035286 -0.2836063 -0.5812107 0.7627329 -0.1949356 -0.5242102 0.8289776 -0.1946662 -0.8971377 0.3965464 -0.2297275 -0.8820689 0.4113147 -0.5541051 -0.7544535 0.3518064 -0.5541029 -0.7544547 0.3518072 -0.830491 -0.5048425 0.2354121 -0.8304895 -0.5048448 0.2354123 -0.9806422 -0.1774626 0.08275169 -0.9806427 -0.1774603 0.08275145 -0.1949856 -0.9596462 0.2026328 -0.2413268 -0.9373766 0.2511705 -0.554106 -0.8040813 0.215453 -0.5541069 -0.8040806 0.2154531 -0.8304905 -0.5380525 0.1441707 -0.8304892 -0.5380543 0.1441714 -0.9806422 -0.1891366 0.0506789 -0.9806422 -0.1891362 0.05067884 -0.7922309 -0.6078994 0.05318486 -0.6072976 -0.7914512 0.06924319 -0.5547615 -0.8270052 0.09111589 -0.4409378 -0.8941223 0.07822489 -0.1943752 -0.9771946 0.08549344 -0.1943765 -0.9771943 0.08549338 -0.4422918 -0.8968713 9.31624e-5 -0.3811524 -0.9245108 -0.001655638 -0.1950897 -0.9807798 0.003311395 -0.1315845 -0.991305 1.03543e-4 -0.002330064 -0.9999974 0 -0.9807849 -0.1950924 0 -0.9935927 -0.1125859 0.009904146 -0.8968387 -0.442276 -0.008517146 -0.956493 -0.2916904 0.006166696 -0.9186742 -0.3950123 0.001707911 -0.892985 -0.4500864 2.92344e-4 -0.8721835 -0.4891789 -3.12858e-6 -0.7933537 -0.6087611 3.20604e-5 -0.804563 -0.593866 0.001271247 -0.6087581 -0.7933545 -0.001500546 -0.6481656 -0.7614966 0.002120256 -0.5254272 -0.8508386 -4.98007e-5 0 -0.7071117 -0.7071019 1.56674e-6 -0.7071068 -0.7071068 0 -0.7071076 -0.707106 5.32623e-6 -0.707107 -0.7071067 -3.92284e-6 -0.7071077 -0.7071059 3.10781e-6 -0.7071049 -0.7071088 -1.78653e-6 -0.7071077 -0.7071059 0 0.7071073 -0.7071063 0 0.7071068 -0.7071068 0 0.7071065 -0.7071072 1.76025e-6 0.7071059 -0.7071077 0 0.7071081 -0.7071055 -1.2484e-6 0.7071062 -0.7071074 0 0.7071094 -0.7071043 2.41478e-6 0.7071068 -0.7071068 -2.43505e-5 0.7070886 -0.7071251 0 0.7070964 -0.7071173 0 -0.8981478 0.4396936 0 0.8981485 0.4396923 0.01632028 0.9292655 0.3690518 0.02109837 0.930831 0.3648405 -0.01166385 0.9699543 0.2430077 0 0.9742658 0.2254028 0 0.9939143 0.110157 -0.01661181 0.9920579 0.1246802 0.0199905 0.999148 -0.03610897 -0.09555172 0.8632355 -0.4956759 -0.03135263 0.8534311 -0.520262 0 0.9155229 -0.4022658 -0.03470206 0.8416115 -0.5389676 -0.01105576 0.8214144 -0.5702248 0 0.8068301 -0.5907837 0 0.999776 -0.02116602 0 0.9923837 -0.123185 -0.01296836 0.983461 -0.1806555 0.03510069 0.9706309 -0.2379993 -0.01508462 0.9474297 -0.3196081 0 0.9315924 -0.3635046 0 0.9139222 -0.4058894 0.009650766 0.8895434 -0.4567488 0.008859217 0.8889234 -0.4579703 -0.01638346 0.8134481 -0.5814067 0.02659684 0.8439592 -0.5357477 0.008863091 0.8222146 -0.5691087 -0.2285984 0.9728434 0.03631204 0 0.9993519 -0.03600007 0 0.9676446 -0.2523171 -0.2685745 0.9422181 -0.2002322 0 0.9463337 -0.3231914 0 0.8998824 0.4361326 -0.0336458 0.9291279 0.3682246 -0.1455986 0.9360603 0.3203002 0 0.9700776 0.2427951 0 0.9939361 0.1099599 -0.2285716 -0.9728497 0.03631246 0 -0.9939144 0.1101559 0 -0.9461423 0.3237512 -0.2438116 -0.9309681 0.271762 -0.02720254 -0.9277386 0.372238 -0.1701673 -0.9535317 -0.2486376 0 -0.9833205 -0.1818816 0 -0.999359 -0.03580343 0.02854716 -0.8457798 -0.532768 0.07302618 -0.8716129 -0.4847249 -0.08366048 -0.810705 -0.5794467 0.03657972 -0.9087616 -0.4157096 0 -0.889585 -0.4567699 0 -0.9463338 -0.3231912 -0.009715795 -0.819913 -0.5724056 -0.03214919 -0.8399578 -0.5416985 -0.08779132 -0.8614544 -0.5001893 -0.03858798 -0.8532151 -0.5201298 0 -0.9139214 -0.4058914 0 -0.9463365 -0.3231829 -0.04261082 -0.9307453 -0.3631772 0.03509837 -0.9706313 -0.2379982 -0.01297026 -0.9834596 -0.1806633 0 -0.9923837 -0.123185 0 -0.9993518 -0.03600031 0.01678073 -0.9996353 -0.02116388 -0.01331353 -0.9939224 0.109275 0 -0.9921948 0.1246972 0 -0.9700778 0.2427948 -0.01432865 -0.9741658 0.2253792 0.01943206 -0.9310997 0.3642468 0.01996111 -0.9308529 0.3648486 0 -0.899882 0.4361335 0 0.7499004 -0.6615508 -0.01180005 0.6565807 -0.7541635 -0.005900979 0.6675707 -0.7445231 0 0.5641339 -0.8256833 0 0.4768349 -0.878993 -0.01575094 0.424596 -0.9052459 0 0.3437047 -0.9390778 0 0.2459749 -0.9692763 -0.01377969 0.1456574 -0.9892392 0 0.1021555 -0.9947685 0 -0.1021555 -0.9947685 -0.01377969 -0.1456574 -0.9892392 0 -0.4768349 -0.878993 -0.01575106 -0.424596 -0.9052459 0 -0.3437047 -0.9390778 0 -0.2459749 -0.9692763 0.009980976 -0.8238728 -0.5666871 0 -0.8068301 -0.5907837 0 -0.7499004 -0.6615508 -0.01049536 -0.6675451 -0.7444953 -0.005248606 -0.656618 -0.7542052 0 -0.5641339 -0.8256833 1 -1.08175e-6 0 1 7.32355e-7 0 1 -6.96319e-7 0 1 7.62091e-7 0 1 -7.62091e-7 0 1 6.96319e-7 0 1 8.49844e-7 0 1 8.21111e-7 0 1 -8.20163e-7 0 1 2.43474e-7 0 1 7.78617e-7 0 1 -4.75588e-7 0 1 4.17066e-7 0 1 -8.01419e-7 0 1 2.03188e-6 0 1 -6.93913e-7 0 1 7.91359e-7 0 1 -3.86102e-7 0 1 -8.49844e-7 0 0.00155884 -0.4998843 -0.8660908 -0.006453096 -0.4799693 -0.8772616 4.44061e-4 -0.460049 -0.8878935 -0.01298564 -0.3512417 -0.9361948 -0.001281499 -0.3556587 -0.934615 0.003143548 -0.4098029 -0.9121687 -0.01709067 -0.3987502 -0.9169004 -6.08844e-4 -0.4234184 -0.905934 0.00132668 -0.7094388 -0.7047659 -8.6925e-4 -0.7192833 -0.6947164 0.004208624 -0.6937279 -0.720225 0.01533389 -0.6666926 -0.7451751 -0.01072841 -0.6965201 -0.7174572 0.00642234 -0.6160662 -0.7876683 0.02117514 -0.5934351 -0.8046033 0.006176948 -0.5679249 -0.8230572 -6.86814e-4 -0.5275499 -0.8495239 0 -0.7202301 -0.6937353 0 -0.7549774 -0.6557509 -0.01440453 -0.8108167 -0.5851228 -0.002078771 -0.8280364 -0.5606706 0.00184673 -0.9109788 -0.4124493 -0.01648473 -0.930358 -0.3662818 0 -0.9963873 -0.08492535 -0.01556098 -0.9920749 -0.1246808 0 -0.9780207 -0.208508 0 -0.9567794 -0.2908151 -8.76525e-4 0.7192884 -0.6947112 0.03829813 0.5662497 -0.8233436 -0.04899466 0.695724 -0.7166364 0.04176157 0.6348096 -0.7715392 0.01532161 0.666709 -0.7451607 0.00670135 0.7274581 -0.6861196 -0.001500189 0.3554105 -0.9347091 -0.01298141 0.3513043 -0.9361714 -0.01571559 0.3519909 -0.9358716 7.4707e-4 0.3789606 -0.9254126 -0.00765562 0.4102515 -0.9119403 -0.005126535 0.4128541 -0.9107828 -0.006517529 0.5935557 -0.8047666 6.34997e-4 0.511466 -0.8593033 -0.004195809 0.4800379 -0.8772379 -0.002812147 0.4777271 -0.8785039 8.29328e-4 0.4417133 -0.897156 0.004204213 0.6937461 -0.7202074 0 0.7165575 -0.6975281 0 0.7549774 -0.6557509 -0.01440435 0.8108167 -0.5851228 -0.002078771 0.8280364 -0.5606706 0.001846611 0.9109788 -0.4124493 -0.01648467 0.930358 -0.3662818 0 0.9567794 -0.2908151 0 0.9780207 -0.208508 -0.01556098 0.9920749 -0.1246808 0 0.9963873 -0.08492535 0 -0.9332242 0.3592947 -0.003803193 -0.9369731 0.3493809 0 -0.9958245 0.09128838 -0.009126782 -0.9917658 0.1277393 -0.01678872 -0.987585 0.1561867 -0.00555253 -0.9929161 0.1186885 0 -0.9760657 0.2174763 0 -0.9692727 0.2459886 0 -0.9369804 0.349382 0.03273314 -0.9228792 0.383696 0.001541972 -0.9545519 0.2980405 -0.003263771 -0.992926 0.1186896 0.03284478 -0.9826456 0.182562 0.0156238 -0.9901071 0.1394416 0 0.9332233 0.3592973 0.005256056 0.9369674 0.3493773 0 0.9958246 0.09128838 0.01001554 0.9924541 0.1222068 0.01972782 0.9885303 0.1497295 0.007375061 0.9929043 0.1186869 0 0.9760648 0.2174799 0 0.9692716 0.2459936 0 0.9369801 0.3493828 -0.02368813 0.9206457 0.3896802 -0.001129209 0.9544461 0.2983815 0.002375662 0.9929285 0.1186901 -0.02693712 0.9814304 0.189918 -0.01367801 0.9892144 0.145835 0 0 -1 -6.68807e-6 0 -1 -7.35609e-7 0 -1 2.11183e-6 0 -1 6.63097e-6 0 -1 0 -1 -4.15088e-6 0 -1 -4.4306e-6 0 -1 1.49346e-6 0 -1 -4.0321e-6 0 -1 -4.13383e-6 0 -1 2.43569e-6 0 -1 -8.30323e-6 0 -1 6.13516e-5 0 -1 1.44174e-5 0 -1 -1.24517e-5 0 -1 -8.90282e-6 0 -1 -1.85874e-4 0 1 1.63518e-6 0 1 -4.42408e-6 0 1 -8.30317e-6 0 1 1.44174e-5 0 1 -1.24528e-5 0 1 -8.90282e-6 0 1 -1.85874e-4 -1 3.69079e-6 0 -1 -1.60397e-6 0 -1 2.73804e-6 0 -1 -2.30277e-6 0 -1 1.04787e-6 0 -1 3.02743e-7 0 -1 2.31758e-7 0 -1 -1.7202e-7 0 -1 2.29589e-7 0 -1 3.56581e-7 0 -1 3.02835e-7 0 -1 -1.49912e-7 0 -1 1.50558e-7 0 -1 2.29884e-7 0 -1 -1.50558e-7 0 -1 0 0 -1 2.94377e-7 0 -1 -3.02835e-7 0 -1 -2.25386e-7 0 -1 2.25386e-7 0 -1 -9.68523e-7 0 -1 -1.04787e-6 0 -1 1.7202e-7 0 -1 -3.56581e-7 0 -1 -4.59178e-7 0 -1 -2.95525e-7 0 -1 -3.02743e-7 0 0 -0.9914449 -0.1305263 0.01636648 -0.9846758 -0.1736249 0 -0.953717 -0.3007057 0 -0.9063076 -0.4226189 0.02183359 -0.8658193 -0.4998804 0 -0.8191519 -0.5735768 0 -0.7372772 -0.6755904 0.01636648 -0.6427015 -0.7659419 0 -0.6087614 -0.7933534 0 -0.3826832 -0.9238797 0.01636648 -0.3419745 -0.9395668 0 -0.2164399 -0.976296 0 -0.08715558 -0.9961947 0.02183377 0 -0.9997617 0 0.08715558 -0.9961947 0 0.2164399 -0.976296 0.01636648 0.3419745 -0.9395667 0 0.3826832 -0.9238797 0 0.6087614 -0.7933534 0.01636642 0.6427016 -0.7659419 0 0.7372772 -0.6755904 0 0.8191519 -0.5735768 0.02183359 0.8658193 -0.4998804 0 0.9914449 -0.1305263 0.01636648 0.9846759 -0.1736249 0 0.953717 -0.3007057 0 0.9063076 -0.4226189 7.97862e-7 0.7071064 -0.7071072 0 0.7071096 -0.707104 -3.57307e-6 0.7071068 -0.7071068 3.10781e-6 0.7071049 -0.7071088 -5.88426e-6 0.7071077 -0.7071059 5.32623e-6 0.707107 -0.7071067 0 0.7071076 -0.707106 0 -0.7071062 -0.7071074 0 -0.7071075 -0.7071062 0 -0.7071068 -0.7071068 -1.1703e-6 -0.7071064 -0.7071072 0 -0.7071071 -0.7071065 0 -0.7071085 -0.7071052 1.96416e-6 -0.7071049 -0.7071088 1.38941e-6 -0.7071075 -0.7071061 0 -0.7071018 -0.7071118 5.78422e-6 -0.7071039 -0.7071097 0.4286916 0.9034186 -0.007650434 0.5887914 0.8082429 -0.008253812 0.7578592 0.6524157 -0.001808166 0.8269174 0.5620496 0.01755517 0.83474 0.5502382 -0.0211485 0.8252704 0.5646899 -0.007371127 0.8288553 0.559131 0.0192784 0.6157279 0.7878513 0.01302433 0.5567762 0.8306626 0 0.689265 0.7245094 0 0.6997396 0.714398 2.50551e-4 0.7905312 0.6124177 -0.002229928 0.386722 0.9221834 0.004905641 0.3381086 0.9411071 0 0.132177 0.9912262 0 0.2263003 0.9740422 0.005492746 -0.1109557 0.993772 -0.01030772 0.149968 0.9885459 0.01692801 0.08157718 0.9966012 0.01146012 0.02816975 0.9995722 0.007876992 -0.05642902 0.9984011 0.003331959 -0.1744202 0.9846713 0 -0.3264974 0.9451981 0 -0.3228617 0.9464461 -1.83849e-4 -0.3683996 0.9296562 0.004612743 -0.5743355 0.8185888 -0.007172763 -0.8226895 0.5684414 -0.00750488 -0.8326961 0.5532968 -0.02191179 -0.7505363 0.6608247 -0.002470254 -0.8241207 0.5661167 0.01836121 -0.8258365 0.5635564 0.01995509 -0.4981732 0.8670775 1.76338e-4 -0.6082744 0.7936167 0.0132308 -0.5448464 0.8385359 0 -0.6788374 0.7342888 0 -0.6931073 0.7208343 4.39537e-4 -0.7894063 0.6138636 -0.003023326 -0.4286913 -0.9034187 -0.007650434 -0.5887905 -0.8082436 -0.008253812 -0.757857 -0.6524183 -0.001808166 -0.8269174 -0.5620496 0.01755553 -0.8347399 -0.5502382 -0.02114742 -0.8252711 -0.5646887 -0.007372021 -0.8288575 -0.5591276 0.01927864 -0.6157279 -0.7878513 0.01302433 -0.5567765 -0.8306624 0 -0.6892691 -0.7245054 0 -0.6997394 -0.7143982 2.50551e-4 -0.7905327 -0.6124158 -0.002229928 -0.3867231 -0.9221829 0.004905641 -0.338108 -0.9411074 0 -0.1321766 -0.9912262 0 -0.2263098 -0.9740399 0.005492985 0.1109547 -0.9937721 -0.01030761 -0.1499697 -0.9885457 0.01692819 -0.08157634 -0.9966012 0.01146 -0.02816975 -0.9995722 0.007876992 0.05642896 -0.9984011 0.003331959 0.1744198 -0.9846715 0 0.3264985 -0.9451978 0 0.3228606 -0.9464465 -1.83849e-4 0.3683996 -0.9296562 0.004612982 0.5743355 -0.8185888 -0.007172763 0.8226895 -0.5684414 -0.007504045 0.8326979 -0.5532938 -0.02191311 0.7505363 -0.6608247 -0.002470254 0.8241214 -0.5661156 0.01836121 0.8258374 -0.5635553 0.01995521 0.4981732 -0.8670775 1.76338e-4 0.6082741 -0.7936168 0.0132308 0.544845 -0.8385369 0 0.6788434 -0.7342831 0 0.6931073 -0.7208343 4.39537e-4 0.7894054 -0.6138649 -0.003023326 0.705899 0.7083126 0 -0.7233203 0.6905127 1.51758e-4 -0.4480126 0.8937312 -0.0230059 -0.5628421 0.8221938 -0.08489024 -0.5624437 0.8223946 -0.08558219 -0.6285871 0.7775613 -0.01664173 -0.8243646 0.5660589 -6.0695e-4 -0.8881744 0.4574293 -0.04364311 -0.9401595 0.3407347 0 -0.9957806 0.09176659 0 -0.9990074 -0.03598153 -0.02625876 -0.9865983 -0.1631684 0 -0.8763562 -0.4816638 0 -0.8537324 -0.5206134 -0.01014596 -0.727717 -0.6858776 -1.23255e-4 -0.5074834 -0.8614692 -0.01820939 -0.5714804 -0.8200745 -0.02979886 -0.48955 -0.871926 -0.009265482 -0.6637361 -0.7479669 8.69004e-5 -0.6974606 -0.7166232 -5.38531e-6 0.2323901 -0.9711126 -0.05417811 0.3743527 -0.9272864 0 0.1989524 -0.9788985 -0.04664522 0.140525 -0.9894518 -0.03518223 0.09620964 -0.9949707 -0.0278775 0.04201835 -0.9989249 -0.01958245 -0.1275511 -0.9918321 0 -0.3743525 -0.9272866 0 0.8537761 -0.5206403 0 0.8712744 -0.4906546 -0.01178592 0.7259705 -0.6877259 0 0.4895716 -0.8719632 0 0.6425672 -0.7646647 -0.04894363 0.555719 -0.8309909 -0.02511161 0.8890205 0.4578673 0 0.8518645 0.5193531 -0.06781846 0.940161 0.3407307 0 0.999352 -0.03599572 0 0.9978769 0.04856234 -0.04339849 0.9865981 -0.1631694 0 0.5638089 0.8236052 -0.06159639 0.5504634 0.8281446 -0.1056725 0.5930835 0.8043333 -0.03605347 0.4599765 -0.8875002 -0.02766257 0.5627705 -0.8220959 -0.08630096 0.5930832 -0.8043336 -0.03605383 0.7072461 -0.7069674 4.65587e-4 0.8251184 -0.5649589 -0.001065909 0.8881736 -0.4574309 -0.04364305 0.9401615 -0.3407294 0 0.9957806 -0.09176659 0 0.9990074 0.03598278 -0.02625876 0.9865983 0.1631684 0 0.8763572 0.4816619 0 0.853732 0.520614 -0.01014596 0.7277123 0.6858825 -1.23254e-4 0.5074884 0.8614662 -0.01820957 0.5714819 0.8200736 -0.02979892 0.4895493 0.8719264 -0.009265422 0.6637358 0.7479672 8.69004e-5 0.6978541 0.7162399 -4.84951e-6 -0.1405248 0.9894519 -0.03518217 -0.09620821 0.9949708 -0.02787709 -0.04201835 0.9989249 -0.01958245 0.1275512 0.9918321 0 0.3743523 0.9272866 0 -0.4895716 0.8719632 0 -0.642567 0.7646648 -0.04894363 -0.55572 0.8309901 -0.02511167 -0.3743525 0.9272866 0 -0.2323791 0.9711151 -0.05417931 -0.1989546 0.978898 -0.04664522 -0.999352 0.03599727 0 -0.9978769 -0.04856383 -0.04339849 -0.9865983 0.1631679 0 -0.8537757 0.5206411 0 -0.8712748 0.4906542 -0.01178592 -0.7259687 0.6877278 0 -0.664317 -0.7473765 -0.01055836 -0.7225184 -0.6913517 0 -0.8890211 -0.4578663 0 -0.8518652 -0.5193519 -0.06781852 -0.9401597 -0.340734 0 -0.5639163 -0.8237663 -0.05837368 -0.5503864 -0.8281148 -0.1063048 -0.5781183 -0.8139144 -0.05764275 0.695053 -0.7189547 0.002356886 0.5840192 -0.8098593 -0.05522441 0.5498139 -0.8303296 -0.09087008 0.5425168 -0.8341166 -0.09962475 0.5634831 -0.8240722 -0.05824083 0.5773288 -0.8165118 0 0.7925419 -0.6098171 -8.26959e-4 0.901598 -0.4319469 -0.02330237 0.8833066 -0.4663922 -0.04741245 0.9975435 0.06171089 -0.033149 0.9979844 -0.06345987 0 0.9590118 -0.2833662 0 0.8414663 0.5397686 -0.02417182 0.8928384 0.4503774 0 0.9818568 0.1896244 0 0.1455873 0.9893454 0 0.3602011 0.9328747 0 0.4721816 0.8812502 -0.02104091 0.5832846 0.8122679 0 0.7508322 0.6604932 0 -0.03738099 0.9993011 0 0.03162384 0.9994191 -0.01270914 -0.1968628 0.9702579 -0.1408711 -0.0166819 0.999861 0 -0.5014264 0.8652004 0 -0.5014273 0.8651999 0 -0.8592549 0.5115478 0 -0.859255 0.5115476 0 -0.9995962 0.02841591 0 -0.9995962 0.02841705 0 -0.9663362 -0.2572827 0 -0.9261012 -0.3770366 -0.01342302 -0.5630312 -0.8251588 -0.04592329 -0.5531377 -0.8279544 -0.09236007 -0.6415323 -0.7670961 0 -0.886928 -0.4619077 0 -0.8020071 -0.5807821 -0.1395592 -0.8533359 -0.5156084 -0.07724064 -0.5558004 0.8264556 -0.08976131 -0.5513117 0.8282365 -0.1003988 -0.5630318 0.8251683 -0.04574412 -0.9262323 0.3767154 -0.01338595 -0.8529212 0.5162612 -0.07745873 -0.8865815 0.4617252 -0.02798134 -0.7658809 0.6429826 0 -0.6415323 0.7670961 0 -0.01666873 -0.9990617 -0.03997498 -0.1988446 -0.980031 0 -0.5014273 -0.8651999 0 -0.5014264 -0.8652004 0 -0.8592554 -0.5115468 0 -0.8592543 -0.5115486 0 -0.9995962 -0.02841585 0 -0.9995962 -0.02841705 0 -0.9663362 0.2572827 0 0.7511158 -0.6601706 0 0.5834183 -0.8121719 0 0.4721813 -0.8812503 -0.02104169 0.360354 -0.9328157 0 0.05407702 -0.9985368 0 0.1410546 -0.989457 -0.03283983 -0.03712117 -0.9993109 0 0.9980919 -0.06174564 0 0.9976298 0.03697162 -0.05803418 0.98168 -0.1905376 1.42082e-4 0.8417131 -0.5399252 -2.86467e-4 0.9155634 -0.3953655 -0.07368946 0.8609883 -0.5077289 -0.03017473 0.9010488 0.4316818 -0.04197633 0.9188866 0.3935156 -0.02816039 0.9590118 0.2833662 0 0.6517283 0.7583605 -0.01181495 0.7501927 0.661219 6.23374e-4 0.8445583 0.5354562 -0.002794504 0.5773288 0.8165118 0 0.5634073 0.8228345 -0.07426714 0.5572912 0.8262797 -0.08178281 0.4480141 0.8937302 -0.02301412 0 0.7933533 -0.6087614 0.03320276 0.8310105 -0.555265 0 0.9914449 -0.1305265 0.03320264 0.9802445 -0.1949827 0 0.9469307 -0.3214378 0 0.8968732 -0.4422878 0.09756046 0.9720721 -0.2134427 -0.01417523 0.9806867 -0.1950716 0.03839886 0.8308573 -0.5551592 -0.3965235 0.8091936 -0.4335609 -0.03615295 0.8596119 -0.509667 -0.4571661 0.8296523 -0.3204317 -0.0966109 0.8819145 -0.4614036 -0.4428194 0.867764 -0.225603 -0.1304899 0.9261767 -0.3537926 -0.1084837 0.9208483 -0.374526 -0.3169873 0.936312 -0.1511253 -0.09750562 0.9707424 -0.2194355 -0.2121178 0.9683697 -0.1314006 -0.06009668 0.9698041 -0.2363652 -0.1795802 0.9746819 -0.133215 -0.04291349 0.9768064 -0.2097803 -0.1224957 0.9811693 -0.1493371 -0.03086668 0.9825599 -0.1833671 -0.08193576 0.9837023 -0.160051 -0.01587194 0.983743 -0.1788797 -0.03501385 0.9850023 -0.1689514 0.01291579 0.9859731 -0.1664041 0.0450204 0.9831462 -0.1771911 0.08599478 0.9708325 -0.2238067 0.1225695 0.9695208 -0.2121464 0.30345 0.9350349 -0.1833794 0.1323152 0.926311 -0.3527618 0.3989248 0.8887308 -0.2258689 0.1095508 0.9114772 -0.3964948 0.3723118 0.8611022 -0.3462471 -0.0885173 0.9818264 -0.1678742 -0.03974533 0.9836899 -0.1754267 -0.1095685 0.9846894 -0.135578 -0.06138807 0.9866475 -0.1508586 -0.1252374 0.9876447 -0.09420061 -0.07787442 0.9898514 -0.1188697 -0.1331691 0.9908002 -0.02410948 -0.06367295 0.9947673 -0.07989847 -0.1317481 0.9910545 -0.02129745 -0.06078267 0.9950589 -0.07850658 -0.1204555 0.9926648 -0.01035743 -0.04121702 0.9970148 -0.06528908 -0.09040611 0.9955094 -0.02806758 -0.02947402 0.9976329 -0.06212896 -0.06363302 0.9970989 -0.04176831 -0.01914399 0.9981201 -0.05822247 -0.04315036 0.9978595 -0.04913842 -0.01034235 0.9982327 -0.05852043 -0.02194529 0.9982449 -0.05500435 0.008280277 0.9983617 -0.05661582 0.01706182 0.9982126 -0.05727612 0.02529996 0.9981827 -0.05469214 0.06058067 0.9971389 -0.04521161 0.04180902 0.9975599 -0.05591547 0.1090916 0.993319 -0.03763765 0.06077599 0.9952154 -0.07650196 0.1317651 0.9908215 -0.03017801 0.05877935 0.9943869 -0.08797615 0.1344191 0.9874873 -0.08246457 0.05558699 0.9904326 -0.1263074 0.1256789 0.9841876 -0.1248191 0.03847026 0.987163 -0.1550144 0.1071162 0.9809194 -0.1622449 0.01414173 0.9839534 -0.1778648 0.08151543 0.9775212 -0.1944416 0.4752235 0.8293715 -0.2937781 0.0435543 0.8592458 -0.5097055 0.3765978 0.8192736 -0.4323944 -0.02224957 0.8548033 -0.5184751 0.2809868 0.7979716 -0.5331864 0 0.8314697 -0.5555701 0 0.8314694 -0.5555707 0 0.9807854 -0.1950898 0 0.9807853 -0.1950907 0 -0.8314694 -0.5555707 0 -0.8314697 -0.5555701 0 -0.9807855 -0.1950896 0 -0.9807852 -0.1950908 -0.09756052 -0.9720721 -0.2134428 0.01417523 -0.9806866 -0.1950716 -0.03839886 -0.8308568 -0.5551599 0.396521 -0.8091961 -0.4335583 0.03615295 -0.8596121 -0.5096668 0.4571706 -0.8296486 -0.3204348 0.0966106 -0.8819152 -0.4614023 0.4428194 -0.867764 -0.225603 0.1304895 -0.9261773 -0.3537914 0.1084897 -0.9208391 -0.3745468 0.3169857 -0.9363127 -0.1511246 0.09750592 -0.9707422 -0.219436 0.2121178 -0.9683697 -0.1314006 0.06009709 -0.9698036 -0.2363668 0.1795802 -0.9746819 -0.133215 0.04291337 -0.9768066 -0.2097796 0.1224945 -0.9811697 -0.1493356 0.03086531 -0.982562 -0.1833561 0.08193778 -0.9837015 -0.1600549 0.015872 -0.9837428 -0.1788805 0.03501385 -0.9850022 -0.1689523 -0.01291579 -0.9859736 -0.1664012 -0.04502046 -0.9831461 -0.1771914 -0.08599478 -0.9708325 -0.2238067 -0.1225691 -0.969521 -0.2121458 -0.30345 -0.9350349 -0.1833794 -0.1323154 -0.9263107 -0.3527623 -0.3989186 -0.8887343 -0.2258654 -0.109551 -0.9114769 -0.3964954 -0.372314 -0.8611003 -0.3462492 0.0885173 -0.9818264 -0.1678742 0.03974527 -0.98369 -0.1754264 0.109569 -0.9846893 -0.1355786 0.06138807 -0.9866475 -0.1508586 0.1252374 -0.9876447 -0.09420061 0.07787424 -0.9898515 -0.1188682 0.1331697 -0.9907999 -0.02411204 0.06367349 -0.9947689 -0.07987934 0.1317366 -0.991056 -0.0212956 0.06078338 -0.9950588 -0.07850754 0.1204555 -0.9926648 -0.01035743 0.04121851 -0.9970146 -0.0652914 0.09040433 -0.9955097 -0.02806705 0.02947282 -0.9976331 -0.06212651 0.06363302 -0.9970989 -0.04176831 0.01914882 -0.9981192 -0.05823713 0.04314631 -0.9978598 -0.04913383 0.01034575 -0.9982315 -0.0585395 0.02194529 -0.9982449 -0.05500435 -0.008277595 -0.9983634 -0.05658626 -0.01706218 -0.9982125 -0.05727738 -0.02530056 -0.9981827 -0.05469334 -0.06058067 -0.9971389 -0.04521161 -0.04180878 -0.9975598 -0.05591511 -0.1090916 -0.9933192 -0.03763276 -0.06077527 -0.995215 -0.07650846 -0.1317651 -0.9908215 -0.03017801 -0.05877959 -0.9943868 -0.08797651 -0.1344191 -0.9874873 -0.08246457 -0.05558711 -0.9904326 -0.1263076 -0.1256789 -0.9841876 -0.1248191 -0.03847026 -0.9871629 -0.1550145 -0.1071155 -0.9809197 -0.1622439 -0.01414179 -0.9839534 -0.1778651 -0.08151543 -0.9775212 -0.1944416 -0.4752235 -0.8293715 -0.2937781 -0.04355454 -0.8592441 -0.5097083 -0.376133 -0.819647 -0.4320915 0.02224963 -0.8548029 -0.5184757 -0.2809887 -0.7979707 -0.5331869 0 -0.7933533 -0.6087614 0.03320288 -0.8310105 -0.555265 0 -0.8968732 -0.4422878 0 -0.9469307 -0.3214378 0.03320264 -0.9802445 -0.1949827 0 -0.9914449 -0.1305265 0 -0.9952599 -0.09725189 -0.1590492 -0.9705771 -0.1807858 -0.9058205 -0.3884943 -0.1690014 -0.07744652 -0.9801365 -0.1825772 -0.1001342 -0.9730029 -0.2079391 -0.05554246 -0.9006937 -0.4308897 -0.1701501 -0.7924289 -0.5857523 -0.148217 -0.7935965 -0.5901157 -0.1033588 -0.6247823 -0.7739278 -0.3164964 -0.9239119 -0.2149813 -0.338346 -0.912172 -0.2312238 -0.4039375 -0.8916406 -0.2044788 -0.5045934 -0.8342274 -0.2223742 -0.4845892 -0.8535908 -0.1911963 -0.6325433 -0.7392097 -0.2312097 -0.6147813 -0.7683857 -0.177841 -0.7500821 -0.6169577 -0.2382019 -0.7354193 -0.6550911 -0.173246 -0.8349385 -0.4930132 -0.2445725 -0.8283126 -0.5265933 -0.1913058 -0.8848965 -0.4101439 -0.2207719 -0.9063419 -0.3371389 -0.2547192 -0.9424195 -0.1909708 -0.2745462 -0.9588569 -0.2373148 -0.1558049 -0.7927326 -0.3519883 -0.4976741 -0.2134658 -0.9533353 -0.2135046 -0.202569 -0.9578232 -0.203815 -0.1483548 -0.7936176 -0.5900526 -0.24743 -0.7618843 -0.5985906 -0.2336427 -0.781051 -0.5791118 -0.3465723 -0.7209958 -0.6000439 -0.3303745 -0.7472935 -0.576546 -0.4339165 -0.6683305 -0.6041944 -0.4245131 -0.7067143 -0.5659891 -0.5165753 -0.6037165 -0.6071874 -0.5131133 -0.6479635 -0.5629016 -0.5839264 -0.5315522 -0.6135815 -0.5938834 -0.5795648 -0.5580388 -0.6377972 -0.4607989 -0.6171542 -0.6499835 -0.5080848 -0.5651295 -0.657067 -0.4789065 -0.5821611 -0.6081008 -0.4542843 -0.6510293 -0.2080525 -0.5379567 -0.8168947 -0.1101455 -0.5191885 -0.8475325 -0.2372561 -0.4220787 -0.8749625 -0.1299245 -0.4769408 -0.8692797 -0.1131845 -0.5039314 -0.8562958 -0.1577098 -0.470299 -0.868301 -0.148975 -0.5116392 -0.8461866 -0.1862248 -0.469887 -0.8628595 -0.1836866 -0.5123541 -0.8388996 -0.2085966 -0.4716866 -0.8567377 -0.2166401 -0.512084 -0.8311662 -0.2296164 -0.4765963 -0.8486061 -0.2376779 -0.5087967 -0.8274269 -0.2430528 -0.482372 -0.8415716 -0.2588171 -0.5061317 -0.8227056 -0.4409999 -0.8942647 -0.07622134 -0.964874 -0.1750007 -0.1959417 -0.9806494 -0.1162057 -0.1575534 -0.9806501 -0.1411882 -0.1356148 -0.9806496 -0.1411918 -0.1356142 -0.98065 -0.1621037 -0.1097639 -0.98065 -0.1621038 -0.1097636 -0.9806501 -0.178341 -0.08074575 -0.9806496 -0.178344 -0.08074563 -0.98065 -0.1894342 -0.04939842 -0.9806495 -0.1894367 -0.04939842 -0.7922855 -0.3621677 -0.4910382 -0.98065 -0.1950618 -0.01662606 -0.9806499 -0.1950625 -0.016626 -0.8962354 -0.4419763 -0.03767067 -0.829764 -0.3176736 -0.4588848 -0.8305382 -0.4016839 -0.3858194 -0.8305388 -0.401685 -0.3858168 -0.8305387 -0.4611843 -0.312273 -0.8305385 -0.4611853 -0.3122723 -0.8305395 -0.5073793 -0.2297186 -0.8305396 -0.5073792 -0.229718 -0.8305376 -0.5389406 -0.1405364 -0.8305397 -0.5389372 -0.1405366 -0.829764 -0.5572685 -0.03071826 -0.7922845 -0.6079477 -0.05181699 -0.6082629 -0.4491949 -0.6544007 -0.5541797 -0.4940853 -0.669899 -0.5541813 -0.6003291 -0.5766178 -0.5541799 -0.6003293 -0.5766189 -0.5541817 -0.6892559 -0.4667001 -0.5541803 -0.6892546 -0.4667037 -0.5541787 -0.7582987 -0.3433207 -0.5541809 -0.7582961 -0.3433229 -0.5541791 -0.805463 -0.2100359 -0.5541827 -0.8054599 -0.2100378 -0.5541806 -0.8293893 -0.07069152 -0.6082613 -0.7927008 -0.0405445 -0.2579475 -0.5734819 -0.7775485 -0.1948651 -0.6102494 -0.7678694 -0.194853 -0.68321 -0.7037446 -0.1463236 -0.7134426 -0.6852657 -0.1949761 -0.7404886 -0.6431649 -0.1944123 -0.8122378 -0.5499759 -0.1944119 -0.8122391 -0.5499743 -0.1944134 -0.8935985 -0.4045803 -0.1944124 -0.8935993 -0.4045792 -0.1948992 -0.938432 -0.285236 -0.1449081 -0.9574285 -0.2496647 -0.1949402 -0.9592574 -0.2045083 -0.1944137 -0.9773759 -0.08330595 -0.1944121 -0.9773762 -0.08330488 -0.9807852 -0.1950911 0 -0.8968744 -0.4422854 0 -0.7933534 -0.6087614 0 -0.7933513 -0.6087642 0 -0.6087613 -0.7933534 0 -0.6087635 -0.7933519 0 -0.4422876 -0.8968734 0 -0.195091 -0.9807852 0 -0.1950898 -0.9807854 0 -0.4392365 0.8906857 -0.1172619 -0.1934825 -0.9727104 -0.1280586 -0.2860704 0.7849202 -0.5496035 -0.1934846 0.7783598 -0.5972603 -0.1943758 0.8890224 -0.4145566 -0.2568423 0.8928861 -0.3698468 -0.1949113 0.9354259 -0.2949375 -0.1934846 0.9727098 -0.1280603 -0.193483 0.9727103 -0.1280592 -0.1949112 0.7231384 -0.6626316 -0.1934842 0.5972571 -0.7783622 -0.1934844 0.5972564 -0.7783628 -0.1934835 0.3754526 -0.9064213 -0.193484 0.3754516 -0.9064216 -0.1949108 0.2122896 -0.9575713 -0.2568417 0.1261472 -0.9581854 -0.1943771 0.0854938 -0.9771942 -0.1934846 -0.1280596 -0.9727099 -0.2860704 -0.08351331 -0.9545624 -0.1949118 -0.2122896 -0.9575712 -0.1934846 -0.3754535 -0.9064206 -0.193484 -0.375451 -0.9064218 -0.1934843 -0.5972573 -0.7783621 -0.193484 -0.5972565 -0.7783628 -0.1949114 -0.7231383 -0.6626315 -0.2568427 -0.7667384 -0.5883402 -0.1943761 -0.8035284 -0.5626367 -0.1934844 -0.9064212 -0.3754526 -0.2860699 -0.8684323 -0.4049563 -0.1949112 -0.9354259 -0.2949374 -0.7908166 0.6068171 -0.07988888 -0.605467 0.7890617 -0.103882 -0.5533559 0.8230252 -0.1281676 -0.5522716 0.7702051 -0.3190299 -0.552271 0.770206 -0.3190291 -0.5522717 0.6613897 -0.5075035 -0.5522705 0.6613915 -0.5075024 -0.5522707 0.5075038 -0.6613903 -0.552271 0.5075047 -0.6613894 -0.5522704 0.31903 -0.7702061 -0.552271 0.3190305 -0.7702054 -0.5522714 0.1088141 -0.8265324 -0.552271 0.1088148 -0.8265326 -0.5522705 -0.1088142 -0.8265331 -0.5522718 -0.1088148 -0.8265322 -0.5522714 -0.3190298 -0.7702055 -0.55227 -0.3190307 -0.7702061 -0.5522723 -0.5075015 -0.6613907 -0.55227 -0.5075055 -0.6613895 -0.5522722 -0.6613884 -0.5075045 -0.5522706 -0.6613917 -0.507502 -0.5522726 -0.7702043 -0.3190307 -0.55227 -0.770207 -0.3190283 -0.9804623 0.1950246 -0.02567571 -0.8953554 0.4415425 -0.05812954 -0.1934851 -0.9727097 -0.1280609 -0.4392365 -0.8906857 -0.1172619 -0.5533555 -0.8230253 -0.1281679 -0.605467 -0.7890617 -0.103882 -0.7908166 -0.6068171 -0.07988888 -0.8303993 0.5490757 -0.09462058 -0.8292549 0.5163292 -0.213871 -0.8292543 0.51633 -0.2138711 -0.8292527 0.4433864 -0.3402186 -0.829255 0.4433813 -0.3402193 -0.8292542 0.34022 -0.4433826 -0.8292547 0.3402181 -0.443383 -0.8292544 0.2138711 -0.5163297 -0.8292547 0.2138704 -0.5163295 -0.8292544 0.07294851 -0.5540901 -0.8292542 0.07294642 -0.5540906 -0.8292541 -0.0729472 -0.5540907 -0.8292546 -0.07294785 -0.5540897 -0.8292547 -0.2138697 -0.5163298 -0.8292546 -0.2138717 -0.5163291 -0.8292549 -0.3402175 -0.443383 -0.8292542 -0.3402194 -0.4433827 -0.8292547 -0.4433818 -0.3402196 -0.8292536 -0.4433846 -0.3402185 -0.8292549 -0.516329 -0.2138713 -0.8292547 -0.5163293 -0.213871 -0.8303995 -0.5490754 -0.0946204 -0.8953554 -0.4415425 -0.05812954 -0.980462 0.1950259 -0.02567565 -0.9804618 0.181736 -0.07527756 -0.980462 0.1817351 -0.0752775 -0.9804621 0.1560585 -0.1197491 -0.9804619 0.1560596 -0.1197491 -0.9804619 0.1197493 -0.15606 -0.9804618 0.1197494 -0.1560602 -0.9804617 0.07527834 -0.1817358 -0.9804619 0.07527738 -0.1817358 -0.9804618 0.02567481 -0.1950268 -0.9804618 0.02567732 -0.1950265 -0.9804619 -0.02567636 -0.1950265 -0.9804618 -0.02567553 -0.1950268 -0.9804618 -0.07527834 -0.1817358 -0.9804619 -0.07527744 -0.1817358 -0.9804619 -0.1197493 -0.15606 -0.9804618 -0.1197494 -0.1560601 -0.9804622 -0.1560584 -0.1197491 -0.9804619 -0.1560597 -0.1197491 -0.9804618 -0.1817359 -0.07527756 -0.9804618 -0.1817361 -0.0752775 -0.9804623 -0.1950247 -0.02567571 -0.9804618 -0.1950268 -0.02567565 -0.1950898 0.9807854 0 -0.195091 0.9807852 0 -0.4422876 0.8968734 0 -0.6087635 0.7933519 0 -0.6087613 0.7933534 0 -0.7933513 0.6087642 0 -0.7933534 0.6087614 0 -0.8968744 0.4422854 0 -0.9807852 0.1950911 0 -0.9656909 0.1541463 -0.2089978 -0.9806501 0.1950616 -0.016626 -0.9806495 0.1950647 -0.016626 -0.1944134 0.977376 -0.08330535 -0.4410002 0.8942647 -0.07622134 -0.553394 0.8312309 -0.05301177 -0.6073748 0.7915456 -0.0674659 -0.8305381 0.5549498 -0.04730033 -0.7930589 0.6085361 -0.02722716 -0.8962354 0.4419763 -0.03767067 -0.9806494 0.1783452 -0.08074563 -0.98065 0.1783418 -0.08074575 -0.8305397 0.5073789 -0.2297182 -0.8305385 0.507381 -0.2297183 -0.5541787 0.7582987 -0.3433207 -0.5541804 0.7582967 -0.3433222 -0.98065 0.1621036 -0.1097636 -0.9806495 0.1621061 -0.1097639 -0.8305372 0.461188 -0.3122719 -0.8305392 0.4611836 -0.312273 -0.5541798 0.6892564 -0.4667017 -0.5541819 0.6892539 -0.4667028 -0.9806495 0.1411923 -0.1356145 -0.9806499 0.1411898 -0.1356145 -0.8305399 0.4016809 -0.3858187 -0.8305378 0.4016866 -0.3858172 -0.5541805 0.6003295 -0.5766182 -0.5541795 0.6003301 -0.5766185 -0.09926325 0.9520549 -0.2893761 -0.1949401 0.9592574 -0.2045082 -0.1944124 0.9773761 -0.08330547 -0.9806493 0.1894384 -0.04939836 -0.9806498 0.1894354 -0.04939842 -0.8305378 0.5389403 -0.1405363 -0.8305391 0.5389383 -0.1405366 -0.5541789 0.805463 -0.2100365 -0.5541824 0.8054605 -0.2100369 -0.1944131 0.9491789 -0.2475137 -0.1944134 0.8935985 -0.4045803 -0.1944133 0.893599 -0.4045793 -0.1944135 0.8122377 -0.5499758 -0.1944113 0.8122397 -0.5499736 -0.1944134 0.7074455 -0.679503 -0.1114775 0.6922186 -0.7130261 -0.1949759 0.7404881 -0.6431654 -0.9806482 0.1412549 -0.1355594 -0.7930608 0.3415151 -0.5044027 -0.830537 0.3305965 -0.4482347 -0.6073744 0.47154 -0.6393327 -0.553394 0.479978 -0.6807175 -0.2572861 0.5949209 -0.7614939 -0.1944112 0.5822429 -0.7894287 -0.228496 0.9498714 -0.2133865 -0.7933204 0.3265671 -0.5138062 -0.1484489 0.4640278 -0.8732932 -0.1463108 0.579023 -0.8020758 -0.1368458 0.5829095 -0.8009306 -0.08082902 0.8674427 -0.4909276 -0.2390043 0.7573462 -0.6077038 -0.159986 0.7650199 -0.6238182 -0.08948987 0.9396322 -0.330277 -0.1109321 0.9722847 -0.2058072 -0.09393727 0.9787428 -0.1823136 -0.9658981 0.128978 -0.2245119 -0.09704548 0.495424 -0.8632133 -0.1046323 0.4909992 -0.8648538 -0.1381238 0.4849426 -0.8635697 -0.1288015 0.4919227 -0.8610588 -0.1720403 0.4853909 -0.8572035 -0.1593986 0.4994366 -0.8515605 -0.1951128 0.479194 -0.8557476 -0.1798248 0.5009264 -0.8466025 -0.2208067 0.4800903 -0.8489745 -0.2095734 0.5055626 -0.8369501 -0.2342911 0.4781073 -0.8464758 -0.2255129 0.5064677 -0.8322467 -0.2518553 0.4809941 -0.83977 -0.249389 0.506288 -0.8255167 -0.2587395 0.4838557 -0.8360249 0.05141925 0.8352571 -0.5474503 -0.2422054 0.7644109 -0.5975055 -0.2693099 0.7667317 -0.5827476 -0.3277812 0.7340965 -0.5946949 -0.3602945 0.725897 -0.5858853 -0.4034746 0.6931229 -0.597318 -0.4484503 0.6815107 -0.578304 -0.477521 0.6498016 -0.5913811 -0.5181061 0.6232098 -0.585812 -0.5360987 0.5972744 -0.5965412 -0.588207 0.5634777 -0.580091 -0.5979007 0.5420582 -0.5904978 -0.6343737 0.4961757 -0.5927729 -0.6388231 0.4814146 -0.6001209 -0.6852517 0.4254521 -0.5911183 -0.6862882 0.4157491 -0.5967925 -0.5908225 0.6081349 -0.5301893 -0.9508858 0.2184386 -0.2193195 -0.9460729 0.2576254 -0.1964058 -0.9083579 0.3466388 -0.233939 -0.893552 0.3976709 -0.2083816 -0.8586591 0.4638482 -0.2180582 -0.8315058 0.5220957 -0.1897739 -0.7846052 0.5765259 -0.2280626 -0.7412753 0.6401778 -0.2017012 -0.7022172 0.6780018 -0.2172663 -0.641029 0.7435328 -0.1903703 -0.6005288 0.7678175 -0.2232074 -0.5187435 0.830902 -0.2012638 -0.4884071 0.845395 -0.2162539 -0.4158326 0.8867183 -0.2020245 -0.3602694 0.903514 -0.2320955 -0.3286603 0.919817 -0.2142877 -0.242658 0.9482033 -0.205006 -0.1590499 0.9705771 -0.1807857 0 0.9952599 -0.09725189 0.06215244 0.9895285 -0.1302713 -0.05541288 0.949321 -0.3093849 0.945004 0.3254227 -0.03267562 0.2796255 0.8633448 -0.4200541 0.1025887 0.9457634 -0.3082326 0.02892333 0.7543469 -0.6558386 0.1420032 0.9813982 -0.1292001 0.132901 0.9871104 -0.08916509 0.3131681 0.9381501 -0.147649 0.3713474 0.8986117 -0.2336627 0.5066061 0.858731 -0.07701492 0.6197597 0.7650939 -0.1747266 0.6411527 0.7294995 -0.2382304 0.7949586 0.6006931 -0.08490508 0.878443 0.3709368 -0.3012373 0.2977765 0.8942915 -0.3340241 0.4579812 0.7517259 -0.4745118 0.5225738 0.7773388 -0.35023 0.604917 0.5911144 -0.5335348 0.7003952 0.592444 -0.3980662 0.102503 0.8943001 -0.4355694 0.02202826 0.9417831 -0.3354987 0.07592564 0.7831493 -0.6171811 0.1000115 0.7746677 -0.62441 0.1073253 0.7912267 -0.6020313 0.1631926 0.7415785 -0.6507146 0.1892852 0.7609981 -0.6205264 0.2181655 0.6962089 -0.6838838 0.2586155 0.710475 -0.6544796 0.1950907 0.6935223 -0.6935175 0.2587251 0.7017651 -0.6637674 0.442289 0.6341829 -0.6341866 0.6087645 0.5609816 -0.5609861 0.7066522 0.52504 -0.4743162 0.793352 0.4304625 -0.4304589 0.8968734 0.3127434 -0.3127457 0.9655774 0.2019446 -0.1639469 0.9807851 0.1379512 -0.13795 0.9804614 0.1950291 -0.02567565 0.9804618 0.1560607 -0.1197494 0.9804618 0.1560608 -0.1197491 0.1934855 0.7783606 -0.5972591 0.4392375 0.7127269 -0.5468919 0.5501778 0.6435723 -0.5320895 0.6054673 0.6314076 -0.4844935 0.8292539 0.4433835 -0.3402191 0.7926378 0.4600786 -0.4000661 0.8953574 0.3533185 -0.271111 0.9804621 0.1950255 -0.02567583 0.8953558 0.4415414 -0.05813026 0.827383 0.5596328 -0.04741948 0.7908159 0.6068181 -0.07988786 0.5522687 0.8265343 -0.1088138 0.6077795 0.7920674 -0.05686426 0.4392378 0.8906851 -0.1172612 0.1052694 0.9416698 -0.3196506 0.194688 0.8797097 -0.433829 0.1934827 0.7783635 -0.597256 0.9804621 0.1817348 -0.07527744 0.9804621 0.1817346 -0.07527732 0.8292543 0.5163298 -0.2138713 0.829254 0.5163302 -0.2138717 0.5522705 0.7702063 -0.3190292 0.5522724 0.7702046 -0.3190303 0.1934853 0.9064203 -0.375454 0.1934847 0.9727097 -0.1280609 0.1934836 0.9727102 -0.1280589 0.980786 0.1950873 0 0.9807848 0.1950924 0 0.896876 0.442282 0 0.89687 0.4422945 0 0.7933534 0.6087613 0 0.7933539 0.6087609 0 0.608759 0.7933552 0 0.6087622 0.7933529 0 0.4422906 0.8968719 0 0.1950903 0.9807854 0 0.195089 0.9807856 0 0.9805191 0.1950355 0.02331382 0.9805185 0.1950386 0.02331387 0.5514473 0.8307082 0.07635515 0.6060431 0.7898092 0.09441041 0.8296406 0.5543516 0.06626433 0.7926287 0.6082007 0.04279822 0.8956205 0.4416748 0.05279529 0.1937631 0.9741139 0.1164398 0.1937632 0.9741135 0.1164414 0.4397683 0.8917629 0.1065968 0.9805189 0.1840463 0.06862789 0.9805181 0.1840509 0.06862777 0.8296414 0.5231134 0.1950579 0.8296423 0.5231118 0.1950585 0.552846 0.78077 0.291135 0.5528471 0.7807691 0.2911354 0.1937644 0.9192219 0.3427633 0.1937621 0.9192237 0.3427594 0.9805884 -0.1825559 0.07155293 0.8301195 -0.5191338 0.2034744 0.5535567 -0.7753794 0.3039107 0.1941074 -0.9133308 0.3579792 0.1941079 -0.9133301 0.3579812 0.1949096 -0.9555805 0.2210795 0.26804 -0.9497019 0.1619291 0.1947689 -0.9731934 0.1223095 0.1943675 -0.980709 -0.02076303 0.2315603 -0.9721977 -0.0348072 0.1950688 -0.9733189 -0.1208243 0.1941079 -0.9527571 -0.2336153 0.1941086 -0.9527565 -0.233617 0.1950099 -0.9137079 -0.3565236 0.2559956 -0.8724818 -0.4162232 0.1945897 -0.872581 -0.4480373 0.1941095 -0.7810652 -0.5935137 0.2792677 -0.781189 -0.5583487 0.1950097 -0.735503 -0.6488503 0.1941075 -0.6441386 -0.7398701 0.1941104 -0.6441371 -0.7398707 0.1950706 -0.5532968 -0.8098211 0.2315601 -0.476324 -0.8482308 0.194367 -0.4677437 -0.862228 0.1941072 -0.2964543 -0.9351136 0.319554 -0.3256841 -0.88984 0.1949122 -0.2412583 -0.950686 0.1941057 -0.1002128 -0.9758486 0.1941091 -0.100212 -0.975848 0.1941075 0.1002128 -0.9758482 0.1941073 0.1002115 -0.9758484 0.1949123 0.2412589 -0.9506858 0.2680395 0.2911439 -0.9183628 0.1947684 0.337123 -0.9210936 0.194367 0.4677437 -0.862228 0.2315604 0.4763247 -0.8482303 0.1950702 0.5532968 -0.8098211 0.1941093 0.6441384 -0.7398698 0.1941093 0.6441372 -0.7398709 0.1950098 0.7355037 -0.6488494 0.2559964 0.7696776 -0.584861 0.1945896 0.7980059 -0.5703696 0.1941092 0.8853906 -0.4223805 0.2792677 0.8541909 -0.4385974 0.19501 0.9137077 -0.356524 0.1941076 0.9527571 -0.2336153 0.1941087 0.9527565 -0.2336168 0.1950688 0.9733189 -0.1208244 0.2315599 0.9721978 -0.03480714 0.1943675 0.980709 -0.02076303 0.1941083 0.9670242 0.164883 0.3195535 0.9401724 0.1181593 0.1949093 0.9555807 0.2210792 0.1941076 0.9133306 0.35798 0.1941077 0.9133304 0.3579801 0.5535557 -0.77538 0.303911 0.5535575 -0.8209631 0.1399779 0.5535542 -0.8209653 0.1399777 0.5535572 -0.832278 -0.02979761 0.5535537 -0.8322804 -0.02979743 0.5535567 -0.8088511 -0.1983306 0.5535535 -0.8088538 -0.1983285 0.5535568 -0.75166 -0.3585835 0.5535563 -0.7516609 -0.3585827 0.5535554 -0.6630939 -0.5038681 0.5535556 -0.6630944 -0.5038672 0.5535559 -0.5468448 -0.6281215 0.553554 -0.5468496 -0.6281191 0.553555 -0.4077728 -0.7261531 0.5535555 -0.4077726 -0.7261529 0.5535564 -0.2516767 -0.7938729 0.5535555 -0.2516773 -0.7938734 0.5535549 -0.08507573 -0.8284559 0.5535573 -0.08507633 -0.8284542 0.5535562 0.08507567 -0.828455 0.5535564 0.08507639 -0.8284549 0.5535562 0.2516767 -0.7938731 0.5535563 0.2516787 -0.7938724 0.5535554 0.4077711 -0.7261538 0.5535557 0.4077737 -0.726152 0.5535551 0.546846 -0.6281212 0.5535553 0.5468481 -0.6281192 0.5535568 0.6630918 -0.5038694 0.553555 0.6630949 -0.503867 0.5535575 0.7516596 -0.3585833 0.5535563 0.7516607 -0.358583 0.553555 0.8088525 -0.198329 0.5535549 0.8088524 -0.19833 0.5535572 0.832278 -0.02979761 0.5535537 0.8322803 -0.02979743 0.5535558 0.8209643 0.1399779 0.5535568 0.8209635 0.1399779 0.5535585 0.7753774 0.3039124 0.553555 0.7753809 0.30391 0.830119 -0.5191344 0.2034751 0.8301189 -0.549654 0.09371846 0.8301204 -0.5496518 0.09371769 0.8301226 -0.557224 -0.01995033 0.8301191 -0.5572292 -0.01995027 0.8301209 -0.5415415 -0.1327862 0.83012 -0.541543 -0.1327857 0.8301194 -0.5032529 -0.2400796 0.830119 -0.5032542 -0.2400785 0.8301199 -0.4439544 -0.3373509 0.8301184 -0.4439581 -0.3373496 0.8301208 -0.3661228 -0.4205397 0.8301195 -0.3661264 -0.4205391 0.8301202 -0.2730144 -0.4861724 0.8301194 -0.2730124 -0.4861749 0.8301188 -0.1685047 -0.5315157 0.83012 -0.1685029 -0.5315147 0.8301203 -0.05696022 -0.5546675 0.8301188 -0.05696117 -0.5546694 0.8301196 0.05696028 -0.5546684 0.8301193 0.05696111 -0.5546689 0.8301191 0.1685038 -0.5315158 0.8301197 0.1685039 -0.5315146 0.8301206 0.2730112 -0.4861738 0.8301197 0.2730139 -0.4861738 0.830121 0.3661224 -0.4205395 0.8301197 0.3661258 -0.4205392 0.830119 0.4439569 -0.3373497 0.8301188 0.4439566 -0.3373505 0.8301197 0.5032528 -0.240079 0.8301181 0.5032555 -0.2400789 0.8301188 0.5415449 -0.1327855 0.8301209 0.5415415 -0.1327862 0.8301207 0.5572269 -0.01995033 0.8301199 0.5572281 -0.01995027 0.8301191 0.5496539 0.09371793 0.830119 0.549654 0.09371811 0.8301192 0.5191342 0.2034745 0.8301197 0.5191331 0.203475 0.9805889 -0.1825532 0.07155293 0.9805884 -0.1932882 0.03295636 0.9805892 -0.1932846 0.03295665 0.9805886 -0.1959511 -0.007015466 0.9805885 -0.1959518 -0.007015824 0.9805874 -0.1904418 -0.04669469 0.9805897 -0.1904302 -0.04669475 0.9805893 -0.176966 -0.08442497 0.980588 -0.1769741 -0.08442497 0.9805891 -0.1561149 -0.118631 0.9805881 -0.1561209 -0.1186308 0.9805881 -0.1287515 -0.1478849 0.9805887 -0.1287468 -0.1478847 0.9805882 -0.09600734 -0.1709662 0.9805886 -0.09600508 -0.1709655 0.9805883 -0.05925565 -0.1869099 0.9805884 -0.05925458 -0.1869095 0.9805884 -0.02003037 -0.195052 0.9805884 -0.02003097 -0.195052 0.9805885 0.02003145 -0.1950516 0.9805883 0.02002984 -0.1950523 0.9805884 0.05925554 -0.1869094 0.9805884 0.0592547 -0.1869099 0.9805886 0.09600502 -0.1709658 0.9805882 0.09600746 -0.1709658 0.9805884 0.1287494 -0.1478849 0.9805887 0.128748 -0.1478849 0.9805884 0.1561191 -0.1186308 0.9805884 0.1561186 -0.118631 0.9805887 0.1769702 -0.08442491 0.9805882 0.1769729 -0.08442497 0.980589 0.1904335 -0.04669475 0.9805887 0.1904352 -0.04669475 0.9805895 0.1959469 -0.007015645 0.9805877 0.1959555 -0.007015645 0.9805884 0.1932882 0.03295648 0.9805891 0.1932849 0.03295654 0.9805884 0.1825558 0.07155293 0.9805889 0.1825532 0.07155293 0.9805191 -0.1950354 0.02331393 0.9805184 -0.1950387 0.0233137 0.8956205 -0.4416748 0.05279529 0.8283334 -0.5583339 0.04612267 0.7912607 -0.6071568 0.07257544 0.5528453 -0.8273937 0.09890252 0.9805184 -0.184049 0.06862783 0.9805184 -0.1840485 0.06862783 0.8296428 -0.5231111 0.1950581 0.8296411 -0.5231137 0.1950584 0.552845 -0.7807711 0.2911342 0.5528477 -0.7807685 0.2911359 0.1937634 -0.9192226 0.3427619 0.1937633 -0.9192231 0.3427606 0.6076828 -0.7919455 0.05953019 0.4397683 -0.8917629 0.1065968 0.193764 -0.9741137 0.116439 0.1937623 -0.9741137 0.1164422 0.1950893 -0.9807855 0 0.19509 -0.9807854 0 0.4422906 -0.8968719 0 0.6087628 -0.7933524 0 0.6087584 -0.7933558 0 0.7933534 -0.6087613 0 0.7933539 -0.6087609 0 0.89687 -0.4422945 0 0.896876 -0.442282 0 0.980785 -0.1950922 0 0.9807859 -0.1950875 0 0.9804613 -0.1560636 -0.119749 0.9804618 -0.1950266 -0.02567553 0.9804617 -0.1950275 -0.02567601 0.5501754 -0.8313197 -0.07883238 0.6054674 -0.7890615 -0.1038812 0.8292543 -0.5540904 -0.07294654 0.7926393 -0.6082124 -0.04243487 0.8953558 -0.4415414 -0.05813026 0.9804614 -0.181738 -0.07527756 0.980462 -0.1817352 -0.07527714 0.829254 -0.5163302 -0.2138715 0.8292531 -0.5163316 -0.2138714 0.5522716 -0.7702051 -0.3190303 0.5522713 -0.7702056 -0.3190296 0.980462 -0.1560588 -0.1197493 0.8953574 -0.3533185 -0.271111 0.8273808 -0.4292544 -0.3621902 0.7908174 -0.4855729 -0.3725948 0.5522724 -0.66139 -0.5075023 0.6077777 -0.6002857 -0.5198687 0.4392375 -0.7127269 -0.5468919 0.1934846 -0.9727098 -0.1280599 0.1934837 -0.9727101 -0.1280599 0.4392378 -0.8906851 -0.1172612 0.1946887 -0.9288113 -0.3152873 0.1507562 -0.9133199 -0.3783113 0.1946877 -0.8797094 -0.4338297 0.1934844 -0.7783607 -0.5972592 0.1934829 -0.7783644 -0.5972549 0.1950907 -0.6935223 -0.6935175 0.2587248 -0.7017654 -0.6637672 0.442289 -0.6341829 -0.6341866 0.6087631 -0.5609833 -0.5609861 0.706652 -0.5250407 -0.4743155 0.9807854 -0.1379486 -0.1379498 0.9655774 -0.2019446 -0.1639469 0.8968734 -0.3127434 -0.3127457 0.7933531 -0.4304595 -0.4304595 0.2034079 -0.7204321 -0.6630256 0.04655551 -0.8003991 -0.597657 0.05743283 -0.7908734 -0.6092789 0.09190273 -0.7778252 -0.6217249 0.1448196 -0.9809927 -0.1291538 0.1162819 -0.9443245 -0.3077821 0.965362 -0.1587759 -0.2070426 0.2587798 -0.6705905 -0.6952277 0.6878261 -0.5411164 -0.4838269 0.6825279 -0.5876868 -0.434488 0.7069002 -0.4828047 -0.5169061 0.9519986 -0.2571914 -0.1659862 0.9240384 -0.3807783 -0.03407388 0.8204956 -0.4237079 -0.3837429 0.8325837 -0.5127258 -0.209563 0.7292651 -0.6836149 -0.02903735 0.5189157 -0.7630512 -0.3853303 0.5693382 -0.6655213 -0.482634 0.2494602 -0.7053328 -0.6635324 0.2506645 -0.688997 -0.6800371 0.6556978 -0.6782481 -0.3317228 0.6158506 -0.7679217 -0.1761372 0.4881312 -0.8700973 -0.06825411 0.1145691 -0.9277567 -0.3551638 0.1154223 -0.9260793 -0.3592422 0.2593607 -0.8733119 -0.4123814 0.1152302 -0.7836115 -0.6104711 0.1478254 -0.7553463 -0.6384353 0.1865553 -0.7533181 -0.6306418 0.4180858 -0.7932906 -0.4425996 0.3215201 -0.8760542 -0.35938 0.4085922 -0.8962079 -0.1728122 0.1663391 -0.9825286 -0.08348006 0 -0.9914444 -0.1305297 0.09848242 -0.9924781 -0.07272243 -0.05541288 -0.949321 -0.3093849 0 0.9659261 -0.258818 0.003453493 0.9450213 -0.3269906 0 0.997295 -0.07350403 0 0.258819 -0.9659259 0.006352126 0.1381176 -0.9903956 0 0.3873862 -0.9219175 0 0.7071051 -0.7071086 0.01009464 0.55104 -0.8344178 0 0.7435427 -0.6686885 0 -0.1350651 -0.9908368 0.003360867 -0.2588179 -0.9659203 0.002120673 -0.7071037 -0.7071067 1.88379e-5 -0.5466906 -0.8373347 -4.51885e-5 -0.3885766 -0.9214165 0 -0.9973195 -0.07316946 0.001863658 -0.977439 -0.21121 0.003121137 -0.965921 -0.2588185 0 -0.9201639 -0.3915335 0 -0.7435427 -0.6686885 0 -0.9945507 -0.1042551 -0.03313881 -0.9605463 -0.2761389 0 -0.9807853 -0.1950904 0 -0.8314701 -0.5555694 0 -0.8314697 -0.5555703 0 0.8314697 -0.5555703 0 0.8314701 -0.5555694 0 0.9551096 -0.2962527 -0.01742833 0.9806359 -0.1950631 0 0.9945546 -0.104217 -1.97072e-7 0 -1 -2.23642e-6 0 -1 2.56046e-6 0 -1 -1.85159e-6 0 -1 7.70006e-7 0 -1 -5.58346e-7 0 -1 1.5358e-6 0 -1 -9.14937e-7 0 -1 2.56046e-6 0 -1 -2.23642e-6 0 -1 -7.6703e-7 0 -1 -2.31244e-7 0 -1 1.56324e-6 0 -1 -1.50983e-6 0 -1 3.83515e-7 0 -1 -9.06272e-7 0 -1 1.26208e-6 0 -1 0 -0.2225207 0.974928 0 -0.222521 0.974928 0 -0.6234899 0.7818315 0 -0.9009693 0.4338831 0 -0.9009688 0.4338841 0 -0.9009689 -0.4338838 0 -0.900969 -0.4338834 0 -0.6234899 -0.7818315 0 -0.2225207 -0.974928 0 -0.222521 -0.974928 0 0.2225207 -0.974928 0 0.222521 -0.974928 0 0.6234899 -0.7818315 0 0.9009693 -0.4338831 0 0.9009688 -0.4338841 0 0.9009689 0.4338838 0 0.900969 0.4338834 0 0.6234899 0.7818315 0 0.2225207 0.974928 0 0.222521 0.974928 1 1.34155e-6 0 1 -1.34155e-6 0 1 -3.35387e-7 0 1 3.35387e-7 0 1 6.70775e-7 0 1 -3.35387e-7 0 1 1.00616e-6 0 1 -6.70775e-7 0 1 3.35387e-7 0 0 -0.9009688 -0.4338841 0 -0.900969 0.4338834 0 -0.6234896 0.7818316 0 0.6234896 0.7818316 0 0.9009688 0.4338841 0 0.900969 -0.4338834 0 0.6234896 -0.7818316 -1 -3.35387e-7 0 -1 3.35387e-7 0 -1 6.70775e-7 0 -1 -3.35387e-7 0 -1 -1.67694e-7 0 -1 -6.70775e-7 0 -1 3.35387e-7 0</float_array>
          <technique_common>
            <accessor source="#link_2_2-mesh-normals-array" count="2632" stride="3">
              <param name="X" type="float"/>
              <param name="Y" type="float"/>
              <param name="Z" type="float"/>
            </accessor>
          </technique_common>
        </source>
        <vertices id="link_2_2-mesh-vertices">
          <input semantic="POSITION" source="#link_2_2-mesh-positions"/>
        </vertices>
        <triangles material="m_1-material" count="2906">
          <input semantic="VERTEX" source="#link_2_2-mesh-vertices" offset="0"/>
          <input semantic="NORMAL" source="#link_2_2-mesh-normals" offset="1"/>
          <p>0 0 1 0 2 0 2 0 1 0 3 0 2 0 3 0 4 0 4 1 3 1 5 1 5 0 3 0 6 0 5 2 6 2 7 2 8 0 9 0 10 0 10 3 9 3 5 3 10 0 5 0 11 0 11 0 5 0 12 0 7 0 13 0 5 0 5 4 13 4 14 4 5 0 14 0 12 0 15 5 16 5 17 5 17 6 16 6 18 6 17 7 18 7 19 7 20 8 21 8 18 8 18 9 21 9 22 9 18 10 22 10 19 10 23 0 24 0 18 0 18 11 24 11 25 11 18 12 25 12 20 12 15 13 26 13 16 13 16 0 26 0 27 0 16 0 27 0 28 0 28 0 27 0 29 0 28 0 29 0 30 0 30 0 29 0 31 0 30 0 31 0 2 0 2 0 31 0 32 0 2 0 32 0 0 0 18 14 33 14 23 14 23 15 33 15 34 15 23 0 34 0 35 0 35 0 36 0 23 0 23 16 36 16 37 16 23 0 37 0 38 0 38 17 39 17 23 17 23 0 39 0 40 0 23 0 40 0 41 0 41 0 40 0 42 0 43 18 44 18 45 18 46 18 47 18 48 18 49 18 50 18 51 18 49 19 52 19 53 19 53 20 52 20 54 20 53 18 54 18 55 18 55 18 54 18 56 18 55 18 56 18 57 18 48 18 52 18 46 18 46 18 52 18 49 18 46 21 49 21 45 21 45 18 49 18 51 18 45 18 51 18 43 18 58 22 59 22 60 22 60 22 59 22 61 22 62 23 63 23 64 23 64 24 63 24 65 24 65 25 66 25 64 25 64 26 66 26 67 26 64 27 67 27 68 27 69 28 70 28 68 28 68 29 70 29 71 29 68 30 71 30 64 30 69 31 72 31 70 31 70 32 72 32 73 32 70 33 73 33 74 33 74 34 73 34 75 34 73 35 76 35 75 35 75 36 76 36 77 36 75 37 77 37 3 37 3 38 77 38 78 38 3 39 78 39 6 39 9 40 8 40 79 40 79 41 8 41 80 41 79 42 80 42 81 42 81 43 80 43 82 43 81 44 82 44 83 44 83 45 82 45 84 45 83 46 84 46 85 46 85 47 84 47 86 47 85 48 86 48 87 48 86 49 88 49 87 49 87 50 88 50 89 50 87 51 89 51 90 51 90 52 89 52 91 52 90 53 91 53 92 53 45 54 44 54 93 54 93 55 44 55 90 55 93 56 90 56 94 56 94 57 90 57 92 57 95 58 96 58 97 58 97 58 96 58 98 58 97 59 98 59 99 59 99 60 98 60 100 60 99 58 100 58 101 58 101 58 100 58 102 58 63 58 62 58 103 58 104 58 105 58 106 58 103 58 104 58 63 58 63 58 104 58 106 58 63 61 106 61 99 61 99 62 106 62 107 62 99 63 107 63 97 63 108 64 109 64 110 64 111 65 112 65 113 65 114 64 115 64 116 64 116 64 115 64 117 64 118 66 119 66 116 66 116 67 119 67 120 67 116 68 120 68 114 68 117 64 121 64 116 64 116 69 121 69 122 69 116 70 122 70 111 70 111 64 113 64 116 64 116 64 113 64 123 64 116 64 123 64 124 64 124 64 123 64 125 64 124 71 125 71 126 71 110 64 109 64 126 64 126 64 109 64 127 64 126 72 127 72 124 72 108 64 110 64 128 64 128 64 110 64 129 64 128 64 129 64 130 64 130 64 129 64 131 64 130 64 131 64 132 64 132 64 133 64 130 64 130 73 133 73 134 73 130 64 134 64 135 64 136 64 137 64 138 64 135 64 139 64 130 64 130 74 139 74 140 74 130 64 140 64 141 64 141 75 140 75 138 75 138 76 140 76 142 76 138 77 142 77 136 77 143 22 144 22 145 22 145 22 144 22 146 22 147 78 148 78 149 78 149 79 148 79 150 79 149 80 150 80 151 80 151 81 150 81 152 81 151 82 152 82 153 82 153 83 152 83 154 83 153 84 154 84 155 84 155 85 154 85 156 85 155 86 156 86 111 86 111 87 156 87 157 87 111 88 157 88 112 88 158 89 159 89 160 89 98 90 96 90 161 90 161 91 96 91 158 91 161 92 158 92 162 92 162 93 158 93 160 93 149 94 163 94 147 94 147 95 163 95 164 95 147 96 164 96 165 96 165 97 164 97 159 97 165 98 159 98 166 98 166 99 159 99 158 99 167 100 168 100 169 100 169 101 168 101 170 101 169 102 170 102 171 102 171 103 170 103 172 103 56 104 54 104 170 104 170 105 54 105 173 105 170 106 173 106 172 106 174 107 175 107 176 107 176 108 175 108 177 108 176 109 177 109 178 109 167 110 169 110 177 110 177 111 169 111 179 111 177 112 179 112 178 112 180 113 181 113 182 113 174 114 176 114 182 114 182 115 176 115 183 115 182 116 183 116 180 116 118 117 184 117 119 117 119 118 184 118 185 118 181 119 180 119 185 119 185 120 180 120 186 120 185 121 186 121 119 121 101 122 102 122 187 122 187 123 102 123 188 123 187 124 188 124 189 124 189 125 188 125 190 125 189 126 190 126 191 126 191 127 190 127 192 127 191 128 192 128 193 128 193 129 192 129 194 129 193 130 194 130 195 130 195 131 194 131 196 131 195 132 196 132 197 132 197 133 196 133 198 133 197 134 198 134 199 134 199 135 198 135 200 135 199 136 200 136 201 136 201 136 200 136 202 136 201 137 202 137 203 137 203 138 202 138 204 138 203 139 204 139 205 139 205 139 204 139 206 139 205 140 206 140 207 140 207 140 206 140 208 140 207 141 208 141 209 141 209 141 208 141 210 141 209 142 210 142 211 142 211 142 210 142 212 142 211 143 212 143 213 143 213 144 212 144 214 144 213 145 214 145 215 145 215 145 214 145 216 145 215 146 216 146 217 146 217 146 216 146 218 146 217 147 218 147 219 147 219 148 218 148 220 148 219 149 220 149 221 149 221 149 220 149 222 149 221 150 222 150 223 150 223 150 222 150 224 150 223 151 224 151 225 151 225 151 224 151 226 151 225 152 226 152 227 152 227 152 226 152 228 152 227 153 228 153 229 153 229 154 228 154 230 154 229 155 230 155 231 155 231 155 230 155 232 155 231 156 232 156 233 156 233 157 232 157 234 157 233 158 234 158 235 158 235 159 234 159 236 159 235 160 236 160 237 160 237 161 236 161 238 161 237 162 238 162 239 162 239 163 238 163 240 163 239 164 240 164 241 164 241 165 240 165 242 165 241 166 242 166 243 166 243 167 242 167 244 167 243 168 244 168 47 168 47 169 244 169 48 169 245 170 246 170 247 170 248 171 249 171 250 171 250 172 249 172 251 172 250 173 251 173 252 173 252 64 251 64 253 64 253 64 251 64 254 64 254 174 251 174 255 174 254 64 255 64 256 64 257 175 258 175 247 175 247 64 258 64 259 64 260 64 261 64 262 64 262 176 261 176 146 176 262 64 146 64 263 64 263 64 146 64 144 64 264 177 265 177 266 177 245 64 247 64 267 64 267 64 247 64 259 64 267 64 259 64 144 64 144 64 259 64 268 64 144 178 268 178 263 178 269 64 270 64 271 64 271 64 270 64 272 64 248 179 273 179 249 179 249 180 273 180 274 180 249 64 274 64 266 64 266 181 274 181 275 181 266 182 275 182 264 182 247 183 276 183 257 183 257 64 276 64 277 64 257 64 277 64 255 64 255 184 277 184 278 184 255 185 278 185 256 185 260 186 270 186 261 186 261 187 270 187 269 187 261 64 269 64 279 64 279 188 269 188 280 188 264 64 281 64 265 64 265 189 281 189 282 189 265 64 282 64 272 64 272 190 282 190 283 190 272 64 283 64 271 64 59 0 284 0 61 0 61 191 284 191 285 191 61 192 285 192 286 192 286 193 285 193 287 193 286 0 287 0 288 0 289 194 290 194 291 194 292 0 293 0 294 0 294 195 293 195 295 195 294 0 295 0 296 0 296 196 295 196 297 196 297 0 295 0 298 0 298 197 295 197 299 197 298 0 299 0 300 0 301 0 302 0 303 0 303 0 302 0 304 0 303 0 304 0 287 0 287 198 304 198 305 198 287 199 305 199 288 199 292 0 306 0 293 0 293 200 306 200 307 200 293 0 307 0 291 0 291 201 307 201 308 201 291 202 308 202 289 202 309 0 310 0 59 0 59 203 310 203 311 203 59 204 311 204 284 204 309 0 312 0 310 0 310 205 312 205 313 205 310 0 313 0 314 0 314 206 313 206 315 206 314 0 315 0 316 0 289 0 317 0 290 0 290 207 317 207 318 207 290 0 318 0 301 0 301 208 318 208 319 208 301 0 319 0 302 0 315 0 320 0 316 0 316 0 320 0 321 0 316 209 321 209 299 209 299 210 321 210 322 210 299 211 322 211 300 211 143 212 323 212 144 212 144 213 323 213 267 213 323 214 324 214 267 214 267 215 324 215 325 215 267 216 325 216 245 216 325 217 326 217 245 217 245 218 326 218 327 218 245 219 327 219 246 219 328 220 329 220 330 220 328 221 330 221 331 221 330 222 332 222 331 222 331 223 332 223 333 223 331 224 333 224 334 224 334 225 333 225 335 225 334 226 335 226 336 226 336 227 335 227 337 227 336 228 337 228 338 228 338 229 337 229 339 229 338 230 339 230 340 230 340 231 339 231 246 231 340 232 246 232 341 232 341 233 246 233 327 233 52 234 342 234 54 234 54 235 342 235 343 235 54 236 343 236 344 236 344 237 343 237 345 237 328 238 346 238 329 238 329 239 346 239 347 239 329 240 347 240 345 240 345 241 347 241 348 241 345 242 348 242 344 242 349 243 100 243 98 243 350 244 351 244 352 244 352 245 351 245 353 245 350 246 352 246 354 246 354 247 352 247 355 247 354 248 355 248 98 248 98 249 355 249 356 249 98 250 356 250 349 250 357 251 358 251 359 251 359 252 358 252 360 252 359 253 360 253 361 253 351 254 362 254 353 254 353 255 362 255 358 255 353 256 358 256 363 256 363 257 358 257 357 257 364 258 279 258 280 258 360 259 365 259 361 259 361 260 365 260 366 260 361 261 366 261 367 261 367 262 366 262 368 262 367 263 368 263 369 263 369 264 368 264 370 264 369 265 370 265 280 265 280 266 370 266 371 266 280 267 371 267 364 267 364 268 372 268 279 268 279 269 372 269 373 269 279 270 373 270 261 270 145 271 146 271 374 271 374 272 146 272 261 272 374 273 261 273 375 273 375 274 261 274 373 274 376 275 377 275 45 275 376 276 45 276 378 276 45 277 379 277 378 277 378 278 379 278 380 278 378 279 380 279 381 279 377 280 382 280 45 280 45 281 382 281 383 281 45 282 383 282 46 282 384 283 385 283 386 283 386 284 385 284 387 284 386 285 387 285 388 285 388 286 387 286 389 286 388 287 389 287 390 287 381 288 391 288 378 288 378 289 391 289 388 289 378 290 388 290 392 290 392 291 388 291 390 291 393 292 288 292 305 292 384 293 394 293 385 293 385 294 394 294 395 294 385 295 395 295 396 295 396 296 395 296 397 296 396 297 397 297 305 297 305 298 397 298 398 298 305 299 398 299 393 299 393 300 399 300 288 300 288 301 399 301 400 301 288 302 400 302 286 302 60 303 61 303 401 303 401 304 61 304 286 304 401 305 286 305 402 305 402 306 286 306 400 306 58 307 403 307 59 307 59 308 403 308 309 308 403 309 404 309 309 309 309 310 404 310 405 310 309 311 405 311 312 311 313 312 406 312 407 312 407 313 406 313 408 313 407 314 408 314 409 314 405 315 410 315 312 315 312 316 410 316 411 316 312 317 411 317 313 317 313 318 411 318 412 318 313 319 412 319 406 319 413 320 414 320 415 320 415 321 414 321 416 321 415 322 416 322 417 322 417 323 416 323 418 323 417 324 418 324 419 324 419 325 418 325 409 325 419 326 409 326 420 326 420 327 409 327 408 327 63 328 99 328 421 328 413 329 415 329 422 329 422 330 415 330 423 330 422 331 423 331 424 331 421 332 425 332 63 332 63 333 425 333 426 333 63 334 426 334 427 334 427 335 426 335 422 335 427 336 422 336 428 336 428 337 422 337 424 337 341 338 429 338 430 338 173 339 431 339 172 339 172 340 431 340 432 340 172 341 432 341 171 341 344 342 348 342 433 342 433 343 348 343 347 343 433 344 347 344 434 344 434 345 347 345 346 345 434 346 346 346 435 346 435 347 346 347 328 347 435 348 328 348 436 348 328 349 331 349 436 349 436 350 331 350 334 350 436 351 334 351 437 351 437 352 334 352 336 352 437 353 336 353 438 353 438 354 336 354 338 354 438 355 338 355 430 355 430 356 338 356 340 356 430 357 340 357 341 357 341 358 327 358 439 358 341 359 439 359 429 359 429 360 439 360 440 360 429 361 440 361 441 361 54 362 344 362 173 362 173 363 344 363 433 363 173 364 433 364 431 364 431 365 433 365 434 365 431 366 434 366 432 366 432 367 434 367 435 367 432 368 435 368 442 368 442 369 435 369 436 369 442 370 436 370 443 370 443 371 436 371 437 371 443 372 437 372 444 372 444 373 437 373 438 373 444 374 438 374 445 374 445 375 438 375 430 375 445 376 430 376 446 376 446 377 430 377 429 377 446 378 429 378 447 378 447 379 429 379 441 379 447 380 441 380 448 380 171 381 432 381 169 381 169 382 432 382 442 382 169 383 442 383 179 383 179 384 442 384 443 384 179 385 443 385 178 385 178 386 443 386 444 386 178 387 444 387 176 387 176 388 444 388 445 388 176 389 445 389 183 389 183 390 445 390 446 390 183 391 446 391 180 391 180 392 446 392 447 392 180 393 447 393 186 393 186 394 447 394 448 394 186 395 448 395 119 395 325 396 324 396 449 396 449 397 324 397 323 397 449 398 323 398 143 398 143 399 450 399 449 399 449 400 450 400 451 400 449 401 451 401 452 401 327 402 326 402 439 402 439 403 326 403 453 403 439 404 453 404 440 404 440 405 453 405 454 405 440 406 454 406 441 406 441 407 454 407 455 407 441 408 455 408 448 408 448 409 455 409 120 409 448 410 120 410 119 410 326 411 325 411 453 411 453 412 325 412 449 412 453 413 449 413 454 413 454 414 449 414 452 414 454 415 452 415 455 415 455 416 452 416 456 416 455 417 456 417 120 417 120 418 456 418 114 418 451 419 457 419 452 419 452 420 457 420 458 420 452 421 458 421 456 421 456 422 458 422 459 422 456 423 459 423 114 423 114 424 459 424 115 424 143 425 145 425 450 425 450 426 145 426 460 426 450 427 460 427 451 427 451 427 460 427 461 427 451 428 461 428 457 428 457 429 461 429 462 429 457 430 462 430 458 430 458 430 462 430 463 430 458 431 463 431 459 431 459 431 463 431 464 431 459 432 464 432 115 432 115 433 464 433 117 433 372 434 364 434 465 434 375 435 373 435 466 435 466 436 373 436 372 436 145 437 374 437 460 437 460 438 374 438 467 438 460 439 467 439 461 439 461 440 467 440 468 440 372 441 465 441 466 441 466 442 465 442 469 442 466 443 469 443 470 443 471 444 463 444 468 444 468 445 463 445 462 445 468 446 462 446 461 446 121 447 117 447 471 447 471 448 117 448 464 448 471 449 464 449 463 449 374 450 375 450 467 450 467 451 375 451 466 451 467 452 466 452 468 452 468 453 466 453 470 453 468 454 470 454 471 454 471 455 470 455 472 455 471 456 472 456 121 456 121 457 472 457 122 457 469 458 473 458 470 458 470 459 473 459 474 459 470 460 474 460 472 460 472 461 474 461 111 461 472 462 111 462 122 462 159 463 164 463 475 463 98 464 161 464 354 464 354 465 161 465 476 465 354 466 476 466 477 466 477 467 476 467 478 467 477 468 478 468 479 468 354 469 477 469 350 469 350 470 477 470 479 470 350 471 479 471 351 471 159 472 475 472 160 472 161 473 162 473 476 473 476 474 162 474 160 474 476 475 160 475 478 475 478 476 160 476 475 476 478 477 475 477 479 477 479 478 475 478 480 478 479 479 480 479 351 479 360 480 358 480 480 480 480 481 358 481 362 481 480 482 362 482 351 482 163 483 149 483 481 483 481 484 149 484 482 484 481 485 482 485 483 485 483 486 482 486 484 486 149 487 151 487 482 487 482 488 151 488 485 488 482 489 485 489 484 489 484 490 485 490 486 490 164 491 163 491 475 491 475 492 163 492 481 492 475 493 481 493 480 493 480 494 481 494 483 494 480 495 483 495 360 495 360 496 483 496 484 496 360 497 484 497 365 497 365 498 484 498 486 498 370 499 368 499 486 499 486 500 368 500 366 500 486 501 366 501 365 501 487 502 488 502 489 502 489 503 488 503 490 503 111 504 488 504 155 504 155 505 488 505 487 505 155 506 487 506 153 506 111 507 474 507 488 507 488 508 474 508 473 508 488 509 473 509 490 509 490 510 473 510 469 510 490 511 469 511 465 511 151 512 153 512 485 512 485 513 153 513 487 513 485 514 487 514 486 514 486 515 487 515 489 515 486 516 489 516 370 516 370 517 489 517 490 517 370 518 490 518 371 518 371 519 490 519 465 519 371 520 465 520 364 520 412 521 491 521 492 521 65 522 493 522 66 522 66 523 493 523 494 523 66 524 494 524 67 524 427 525 428 525 495 525 495 526 428 526 424 526 495 527 424 527 496 527 496 528 424 528 423 528 496 529 423 529 497 529 497 530 423 530 415 530 497 531 415 531 498 531 415 532 417 532 498 532 498 533 417 533 419 533 498 534 419 534 499 534 499 535 419 535 420 535 499 536 420 536 500 536 500 537 420 537 408 537 500 538 408 538 492 538 492 539 408 539 406 539 492 540 406 540 412 540 412 541 411 541 501 541 412 542 501 542 491 542 491 543 501 543 502 543 491 544 502 544 503 544 63 545 427 545 65 545 65 546 427 546 495 546 65 547 495 547 493 547 493 548 495 548 496 548 493 549 496 549 494 549 494 550 496 550 497 550 494 551 497 551 504 551 504 552 497 552 498 552 504 553 498 553 505 553 505 554 498 554 499 554 505 555 499 555 506 555 506 556 499 556 500 556 506 557 500 557 507 557 507 558 500 558 492 558 507 559 492 559 508 559 508 560 492 560 491 560 508 561 491 561 509 561 509 562 491 562 503 562 509 563 503 563 510 563 67 564 494 564 68 564 68 565 494 565 504 565 68 566 504 566 69 566 69 567 504 567 505 567 69 568 505 568 72 568 72 569 505 569 506 569 72 570 506 570 73 570 73 571 506 571 507 571 73 572 507 572 76 572 76 573 507 573 508 573 76 574 508 574 77 574 77 575 508 575 509 575 77 576 509 576 78 576 78 577 509 577 510 577 78 578 510 578 6 578 405 579 404 579 511 579 511 580 404 580 403 580 511 581 403 581 58 581 58 582 512 582 511 582 511 583 512 583 513 583 511 584 513 584 514 584 411 585 410 585 501 585 501 586 410 586 515 586 501 587 515 587 502 587 502 588 515 588 516 588 502 589 516 589 503 589 503 590 516 590 517 590 503 591 517 591 510 591 510 592 517 592 7 592 510 593 7 593 6 593 410 594 405 594 515 594 515 595 405 595 511 595 515 596 511 596 516 596 516 597 511 597 514 597 516 598 514 598 517 598 517 599 514 599 518 599 517 600 518 600 7 600 7 601 518 601 13 601 513 602 519 602 514 602 514 603 519 603 520 603 514 604 520 604 518 604 518 605 520 605 521 605 518 606 521 606 13 606 13 607 521 607 14 607 12 608 14 608 522 608 522 609 14 609 521 609 522 610 521 610 523 610 523 610 521 610 520 610 523 611 520 611 524 611 524 612 520 612 519 612 524 613 519 613 525 613 525 614 519 614 513 614 525 615 513 615 526 615 526 616 513 616 512 616 526 617 512 617 60 617 60 618 512 618 58 618 399 619 393 619 527 619 402 620 400 620 528 620 528 621 400 621 399 621 60 622 401 622 526 622 526 623 401 623 529 623 526 624 529 624 525 624 525 625 529 625 530 625 399 626 527 626 528 626 528 627 527 627 531 627 528 628 531 628 532 628 533 629 523 629 530 629 530 630 523 630 524 630 530 631 524 631 525 631 11 632 12 632 533 632 533 633 12 633 522 633 533 634 522 634 523 634 401 635 402 635 529 635 529 636 402 636 528 636 529 637 528 637 530 637 530 638 528 638 532 638 530 639 532 639 533 639 533 640 532 640 534 640 533 641 534 641 11 641 11 642 534 642 10 642 531 643 535 643 532 643 532 644 535 644 536 644 532 645 536 645 534 645 534 646 536 646 8 646 534 647 8 647 10 647 91 648 89 648 537 648 45 649 93 649 379 649 379 650 93 650 538 650 379 651 538 651 539 651 539 652 538 652 540 652 539 653 540 653 541 653 379 654 539 654 380 654 380 655 539 655 541 655 380 656 541 656 381 656 91 657 537 657 92 657 93 658 94 658 538 658 538 659 94 659 92 659 538 660 92 660 540 660 540 661 92 661 537 661 540 662 537 662 541 662 541 663 537 663 542 663 541 664 542 664 381 664 386 665 388 665 542 665 542 666 388 666 391 666 542 667 391 667 381 667 88 668 86 668 543 668 543 669 86 669 544 669 543 670 544 670 545 670 545 671 544 671 546 671 86 672 84 672 544 672 544 673 84 673 547 673 544 674 547 674 546 674 546 675 547 675 548 675 89 676 88 676 537 676 537 677 88 677 543 677 537 678 543 678 542 678 542 679 543 679 545 679 542 680 545 680 386 680 386 681 545 681 546 681 386 682 546 682 384 682 384 683 546 683 548 683 397 684 395 684 548 684 548 685 395 685 394 685 548 686 394 686 384 686 549 687 550 687 551 687 551 688 550 688 552 688 8 689 550 689 80 689 80 690 550 690 549 690 80 691 549 691 82 691 8 692 536 692 550 692 550 693 536 693 535 693 550 694 535 694 552 694 552 695 535 695 531 695 552 696 531 696 527 696 84 697 82 697 547 697 547 698 82 698 549 698 547 699 549 699 548 699 548 700 549 700 551 700 548 701 551 701 397 701 397 702 551 702 552 702 397 703 552 703 398 703 398 704 552 704 527 704 398 705 527 705 393 705 263 706 284 706 262 706 262 707 284 707 311 707 262 708 311 708 260 708 260 709 311 709 310 709 260 710 310 710 270 710 270 711 310 711 314 711 270 18 314 18 272 18 272 18 314 18 316 18 272 712 316 712 265 712 265 713 316 713 299 713 265 714 299 714 266 714 266 715 299 715 295 715 266 716 295 716 249 716 249 717 295 717 293 717 249 718 293 718 251 718 251 719 293 719 291 719 251 720 291 720 255 720 255 721 291 721 290 721 255 722 290 722 257 722 257 723 290 723 301 723 257 58 301 58 258 58 258 58 301 58 303 58 258 724 303 724 259 724 259 725 303 725 287 725 259 726 287 726 268 726 268 727 287 727 285 727 268 728 285 728 263 728 263 729 285 729 284 729 553 730 389 730 387 730 396 731 305 731 304 731 387 732 385 732 553 732 553 733 385 733 396 733 553 734 396 734 554 734 554 735 396 735 304 735 376 736 378 736 555 736 555 737 378 737 392 737 555 738 392 738 390 738 389 739 553 739 390 739 390 740 553 740 556 740 390 741 556 741 555 741 46 742 383 742 47 742 47 743 383 743 382 743 47 744 382 744 377 744 376 745 555 745 377 745 377 746 555 746 557 746 377 747 557 747 47 747 189 748 191 748 558 748 223 749 225 749 559 749 227 750 229 750 560 750 553 751 554 751 561 751 562 752 320 752 315 752 554 753 304 753 302 753 554 754 302 754 561 754 561 755 302 755 319 755 561 756 319 756 563 756 563 757 319 757 318 757 563 758 318 758 564 758 564 759 318 759 317 759 564 760 317 760 565 760 555 761 556 761 566 761 566 762 556 762 553 762 553 763 561 763 566 763 566 764 561 764 563 764 566 765 563 765 567 765 567 766 563 766 564 766 567 767 564 767 568 767 568 768 564 768 565 768 568 769 565 769 569 769 315 770 570 770 562 770 562 771 570 771 571 771 562 772 571 772 572 772 555 773 566 773 573 773 573 774 566 774 567 774 573 775 567 775 574 775 574 776 567 776 568 776 574 777 568 777 575 777 575 778 568 778 569 778 575 779 569 779 576 779 306 780 292 780 577 780 577 781 292 781 578 781 577 782 578 782 579 782 579 783 578 783 580 783 579 784 580 784 581 784 581 785 580 785 582 785 292 786 294 786 578 786 578 787 294 787 583 787 578 788 583 788 580 788 580 789 583 789 584 789 580 790 584 790 582 790 582 791 584 791 585 791 294 792 296 792 583 792 583 793 296 793 586 793 583 794 586 794 584 794 584 795 586 795 587 795 584 796 587 796 585 796 585 797 587 797 588 797 297 798 298 798 589 798 589 799 298 799 590 799 589 800 590 800 591 800 591 801 590 801 592 801 591 802 592 802 593 802 593 803 592 803 594 803 298 804 300 804 590 804 590 805 300 805 595 805 590 806 595 806 592 806 592 807 595 807 596 807 592 808 596 808 594 808 594 809 596 809 597 809 300 810 322 810 595 810 595 811 322 811 598 811 595 812 598 812 596 812 596 813 598 813 599 813 596 814 599 814 597 814 597 815 599 815 600 815 243 816 47 816 573 816 573 817 47 817 557 817 573 818 557 818 555 818 231 819 233 819 576 819 576 820 233 820 235 820 576 821 235 821 575 821 575 822 235 822 237 822 575 823 237 823 574 823 574 824 237 824 239 824 574 825 239 825 573 825 573 826 239 826 241 826 573 827 241 827 243 827 229 828 231 828 560 828 560 829 231 829 576 829 560 830 576 830 601 830 601 831 576 831 569 831 601 832 569 832 602 832 602 833 569 833 565 833 602 834 565 834 289 834 289 835 565 835 317 835 225 836 227 836 559 836 559 837 227 837 560 837 559 838 560 838 603 838 603 839 560 839 601 839 603 840 601 840 604 840 604 841 601 841 602 841 604 842 602 842 308 842 308 843 602 843 289 843 221 844 223 844 605 844 605 845 223 845 559 845 605 846 559 846 606 846 606 847 559 847 603 847 606 848 603 848 607 848 607 849 603 849 604 849 607 850 604 850 307 850 307 851 604 851 308 851 307 852 306 852 607 852 607 853 306 853 577 853 607 854 577 854 606 854 606 855 577 855 579 855 606 856 579 856 605 856 605 857 579 857 581 857 605 858 581 858 221 858 221 859 581 859 219 859 207 860 209 860 588 860 588 861 209 861 211 861 588 862 211 862 585 862 585 863 211 863 213 863 585 864 213 864 582 864 582 865 213 865 215 865 582 866 215 866 581 866 581 867 215 867 217 867 581 868 217 868 219 868 205 869 207 869 593 869 593 870 207 870 588 870 593 871 588 871 591 871 591 872 588 872 587 872 591 873 587 873 589 873 589 874 587 874 586 874 589 875 586 875 297 875 297 876 586 876 296 876 193 877 195 877 600 877 600 878 195 878 197 878 600 879 197 879 597 879 597 880 197 880 199 880 597 881 199 881 594 881 594 882 199 882 201 882 594 883 201 883 593 883 593 884 201 884 203 884 593 885 203 885 205 885 191 886 193 886 558 886 558 887 193 887 600 887 558 888 600 888 608 888 608 889 600 889 599 889 608 890 599 890 609 890 609 891 599 891 598 891 609 892 598 892 321 892 321 893 598 893 322 893 187 894 189 894 610 894 610 895 189 895 558 895 610 896 558 896 572 896 572 897 558 897 608 897 572 898 608 898 562 898 562 899 608 899 609 899 562 900 609 900 320 900 320 901 609 901 321 901 571 902 611 902 572 902 572 903 611 903 612 903 572 904 612 904 610 904 610 905 612 905 613 905 610 906 613 906 187 906 187 907 613 907 101 907 421 908 99 908 101 908 613 909 612 909 426 909 613 910 426 910 101 910 101 911 426 911 425 911 101 912 425 912 421 912 315 913 313 913 570 913 570 914 313 914 407 914 570 915 407 915 571 915 571 916 407 916 409 916 571 917 409 917 418 917 418 918 416 918 571 918 571 919 416 919 414 919 571 920 414 920 611 920 611 921 414 921 413 921 611 922 413 922 612 922 612 923 413 923 422 923 612 924 422 924 426 924 614 925 359 925 361 925 369 926 280 926 269 926 361 927 367 927 614 927 614 928 367 928 369 928 614 929 369 929 615 929 615 930 369 930 269 930 352 931 353 931 616 931 616 932 353 932 363 932 616 933 363 933 357 933 359 934 614 934 357 934 357 935 614 935 617 935 357 936 617 936 616 936 100 937 349 937 102 937 102 938 349 938 356 938 102 939 356 939 355 939 352 940 616 940 355 940 355 941 616 941 618 941 355 942 618 942 102 942 242 943 240 943 619 943 208 944 206 944 620 944 204 945 202 945 621 945 614 946 615 946 622 946 623 947 276 947 247 947 615 948 269 948 271 948 615 949 271 949 622 949 622 950 271 950 283 950 622 951 283 951 624 951 624 952 283 952 282 952 624 953 282 953 625 953 625 954 282 954 281 954 625 955 281 955 626 955 616 956 617 956 627 956 627 957 617 957 614 957 614 958 622 958 627 958 627 959 622 959 624 959 627 960 624 960 628 960 628 961 624 961 625 961 628 962 625 962 629 962 629 963 625 963 626 963 629 964 626 964 630 964 247 965 631 965 623 965 623 966 631 966 632 966 623 967 632 967 633 967 616 968 627 968 634 968 634 969 627 969 628 969 634 970 628 970 635 970 635 971 628 971 629 971 635 972 629 972 636 972 636 973 629 973 630 973 636 974 630 974 637 974 273 975 248 975 638 975 638 976 248 976 639 976 638 977 639 977 640 977 640 978 639 978 641 978 640 979 641 979 642 979 642 980 641 980 643 980 248 981 250 981 639 981 639 982 250 982 644 982 639 983 644 983 641 983 641 984 644 984 645 984 641 985 645 985 643 985 643 986 645 986 646 986 250 987 252 987 644 987 644 988 252 988 647 988 644 989 647 989 645 989 645 990 647 990 648 990 645 991 648 991 646 991 646 992 648 992 649 992 253 993 254 993 650 993 650 994 254 994 651 994 650 995 651 995 652 995 652 996 651 996 653 996 652 997 653 997 654 997 654 998 653 998 655 998 254 999 256 999 651 999 651 1000 256 1000 656 1000 651 1001 656 1001 653 1001 653 1002 656 1002 657 1002 653 1003 657 1003 655 1003 655 1004 657 1004 658 1004 256 1005 278 1005 656 1005 656 1006 278 1006 659 1006 656 1007 659 1007 657 1007 657 1008 659 1008 660 1008 657 1009 660 1009 658 1009 658 1010 660 1010 661 1010 188 1011 102 1011 634 1011 634 1012 102 1012 618 1012 634 1013 618 1013 616 1013 200 1014 198 1014 637 1014 637 1015 198 1015 196 1015 637 1016 196 1016 636 1016 636 1017 196 1017 194 1017 636 1018 194 1018 635 1018 635 1019 194 1019 192 1019 635 1020 192 1020 634 1020 634 1021 192 1021 190 1021 634 1022 190 1022 188 1022 202 1023 200 1023 621 1023 621 1024 200 1024 637 1024 621 1025 637 1025 662 1025 662 1026 637 1026 630 1026 662 1027 630 1027 663 1027 663 1028 630 1028 626 1028 663 1029 626 1029 264 1029 264 1030 626 1030 281 1030 206 1031 204 1031 620 1031 620 1032 204 1032 621 1032 620 1033 621 1033 664 1033 664 1034 621 1034 662 1034 664 1035 662 1035 665 1035 665 1036 662 1036 663 1036 665 1037 663 1037 275 1037 275 1038 663 1038 264 1038 210 1039 208 1039 666 1039 666 1040 208 1040 620 1040 666 1041 620 1041 667 1041 667 1042 620 1042 664 1042 667 1043 664 1043 668 1043 668 1044 664 1044 665 1044 668 1045 665 1045 274 1045 274 1046 665 1046 275 1046 274 1047 273 1047 668 1047 668 1048 273 1048 638 1048 668 1049 638 1049 667 1049 667 1050 638 1050 640 1050 667 1051 640 1051 666 1051 666 1052 640 1052 642 1052 666 1053 642 1053 210 1053 210 1054 642 1054 212 1054 224 1055 222 1055 649 1055 649 1056 222 1056 220 1056 649 1057 220 1057 646 1057 646 1058 220 1058 218 1058 646 1059 218 1059 643 1059 643 1060 218 1060 216 1060 643 1061 216 1061 642 1061 642 1062 216 1062 214 1062 642 1063 214 1063 212 1063 226 1064 224 1064 654 1064 654 1065 224 1065 649 1065 654 1066 649 1066 652 1066 652 1067 649 1067 648 1067 652 1068 648 1068 650 1068 650 1069 648 1069 647 1069 650 1070 647 1070 253 1070 253 1071 647 1071 252 1071 238 1072 236 1072 661 1072 661 1073 236 1073 234 1073 661 1074 234 1074 658 1074 658 1075 234 1075 232 1075 658 1076 232 1076 655 1076 655 1077 232 1077 230 1077 655 1078 230 1078 654 1078 654 1079 230 1079 228 1079 654 1080 228 1080 226 1080 240 1081 238 1081 619 1081 619 1082 238 1082 661 1082 619 1083 661 1083 669 1083 669 1084 661 1084 660 1084 669 1085 660 1085 670 1085 670 1086 660 1086 659 1086 670 1087 659 1087 277 1087 277 1088 659 1088 278 1088 244 1089 242 1089 671 1089 671 1090 242 1090 619 1090 671 1091 619 1091 633 1091 633 1092 619 1092 669 1092 633 1093 669 1093 623 1093 623 1094 669 1094 670 1094 623 1095 670 1095 276 1095 276 1096 670 1096 277 1096 632 1097 672 1097 633 1097 633 1098 672 1098 673 1098 633 1099 673 1099 671 1099 671 1100 673 1100 674 1100 671 1101 674 1101 244 1101 244 1102 674 1102 48 1102 673 1103 345 1103 674 1103 674 1104 345 1104 343 1104 674 1105 343 1105 48 1105 48 1106 343 1106 342 1106 48 1107 342 1107 52 1107 247 1108 246 1108 631 1108 631 1109 246 1109 339 1109 631 1110 339 1110 632 1110 632 1111 339 1111 337 1111 632 1112 337 1112 335 1112 335 1113 333 1113 632 1113 632 1114 333 1114 332 1114 632 1115 332 1115 672 1115 672 1116 332 1116 330 1116 672 1117 330 1117 673 1117 673 1118 330 1118 329 1118 673 1119 329 1119 345 1119 675 1120 676 1120 677 1120 677 1121 676 1121 678 1121 679 1122 680 1122 681 1122 681 1123 680 1123 682 1123 681 1124 682 1124 676 1124 676 1125 682 1125 683 1125 676 1126 683 1126 678 1126 684 1127 685 1127 686 1127 686 1128 687 1128 684 1128 684 1129 687 1129 688 1129 684 1130 688 1130 689 1130 689 1131 688 1131 690 1131 689 1132 690 1132 691 1132 691 1133 690 1133 692 1133 691 1134 692 1134 693 1134 693 1135 692 1135 694 1135 693 1136 694 1136 695 1136 696 1137 697 1137 698 1137 699 1138 700 1138 701 1138 699 1139 701 1139 702 1139 702 1140 701 1140 703 1140 702 1141 703 1141 704 1141 704 1142 703 1142 705 1142 704 1143 705 1143 706 1143 706 1144 705 1144 707 1144 706 1145 707 1145 708 1145 709 1146 710 1146 711 1146 711 1147 710 1147 712 1147 711 1148 712 1148 713 1148 709 1149 714 1149 710 1149 710 1150 714 1150 715 1150 710 1151 715 1151 716 1151 707 1152 717 1152 708 1152 708 1153 717 1153 718 1153 708 1154 718 1154 719 1154 719 1155 718 1155 720 1155 719 1156 720 1156 721 1156 721 1157 720 1157 722 1157 721 1158 722 1158 723 1158 723 1159 722 1159 724 1159 723 1160 724 1160 725 1160 725 1161 724 1161 716 1161 725 1162 716 1162 726 1162 726 1163 716 1163 715 1163 727 1164 728 1164 729 1164 729 1165 728 1165 730 1165 729 1166 730 1166 712 1166 712 1167 730 1167 731 1167 712 1168 731 1168 713 1168 732 1169 733 1169 734 1169 734 1170 733 1170 735 1170 734 1171 735 1171 727 1171 727 1172 735 1172 736 1172 727 1173 736 1173 728 1173 737 1174 738 1174 739 1174 739 1175 738 1175 740 1175 739 1176 740 1176 698 1176 698 1177 740 1177 741 1177 698 1178 741 1178 696 1178 742 1179 743 1179 737 1179 737 1180 743 1180 744 1180 737 1181 744 1181 738 1181 745 1182 746 1182 747 1182 745 1183 747 1183 748 1183 748 1184 747 1184 749 1184 748 1185 749 1185 750 1185 750 1186 749 1186 751 1186 750 1187 751 1187 752 1187 753 1188 754 1188 755 1188 755 1189 756 1189 753 1189 753 1190 756 1190 757 1190 753 1191 757 1191 742 1191 742 1192 757 1192 758 1192 742 1193 758 1193 743 1193 751 1194 759 1194 752 1194 752 1195 759 1195 760 1195 752 1196 760 1196 761 1196 761 1197 760 1197 762 1197 761 1198 762 1198 763 1198 763 1199 762 1199 764 1199 763 1200 764 1200 765 1200 765 1201 764 1201 766 1201 765 1202 766 1202 767 1202 767 1203 766 1203 768 1203 767 1204 768 1204 769 1204 769 1205 768 1205 770 1205 769 1206 770 1206 771 1206 716 1207 772 1207 710 1207 710 1208 772 1208 773 1208 710 1209 773 1209 774 1209 773 1210 775 1210 774 1210 774 1211 775 1211 776 1211 774 1212 776 1212 777 1212 776 1213 778 1213 777 1213 777 1214 778 1214 779 1214 777 1215 779 1215 780 1215 779 1216 781 1216 780 1216 780 1217 781 1217 782 1217 780 1218 782 1218 783 1218 784 1219 785 1219 786 1219 786 1220 785 1220 783 1220 786 1221 783 1221 787 1221 787 1222 783 1222 782 1222 746 1223 754 1223 747 1223 747 1224 754 1224 753 1224 747 1225 753 1225 788 1225 788 1226 753 1226 785 1226 788 1227 785 1227 789 1227 789 1228 785 1228 784 1228 790 0 791 0 792 0 792 1229 791 1229 793 1229 792 1230 793 1230 794 1230 794 1231 795 1231 792 1231 792 1232 795 1232 796 1232 792 0 796 0 797 0 798 0 799 0 790 0 790 1233 799 1233 800 1233 790 1234 800 1234 791 1234 791 1235 800 1235 801 1235 791 0 801 0 802 0 802 0 801 0 803 0 802 0 803 0 804 0 804 0 803 0 805 0 804 0 805 0 806 0 806 0 805 0 807 0 806 1236 807 1236 808 1236 808 1237 807 1237 809 1237 808 1238 809 1238 810 1238 810 1239 809 1239 811 1239 810 1240 811 1240 812 1240 811 0 813 0 812 0 812 0 813 0 814 0 812 0 814 0 815 0 815 1241 814 1241 816 1241 815 0 816 0 817 0 817 1242 816 1242 818 1242 817 0 818 0 819 0 819 0 818 0 820 0 819 1243 820 1243 821 1243 821 1244 820 1244 822 1244 821 0 822 0 823 0 823 1245 822 1245 824 1245 823 1246 824 1246 794 1246 794 0 824 0 825 0 794 1247 825 1247 795 1247 826 1248 827 1248 828 1248 828 1249 827 1249 829 1249 828 1250 829 1250 830 1250 831 1251 832 1251 833 1251 833 1252 832 1252 834 1252 833 1253 834 1253 829 1253 829 1254 834 1254 835 1254 829 1255 835 1255 830 1255 836 1256 837 1256 838 1256 799 1257 798 1257 836 1257 837 1258 839 1258 838 1258 838 1259 839 1259 840 1259 838 1260 840 1260 841 1260 841 1261 840 1261 842 1261 841 1262 842 1262 826 1262 826 1263 842 1263 843 1263 826 1264 843 1264 827 1264 836 1265 838 1265 799 1265 799 1266 838 1266 844 1266 799 1267 844 1267 800 1267 844 1268 845 1268 800 1268 800 1269 845 1269 846 1269 800 1270 846 1270 801 1270 847 1271 803 1271 848 1271 848 1272 803 1272 801 1272 848 1273 801 1273 849 1273 849 1274 801 1274 846 1274 850 1275 797 1275 796 1275 851 1276 852 1276 853 1276 853 1277 852 1277 854 1277 854 1278 852 1278 855 1278 854 1279 855 1279 856 1279 850 1280 796 1280 857 1280 858 1281 859 1281 860 1281 860 1282 859 1282 861 1282 860 1283 861 1283 862 1283 858 1284 860 1284 863 1284 863 1285 860 1285 864 1285 863 1286 864 1286 865 1286 853 1287 866 1287 851 1287 851 1288 866 1288 867 1288 851 1289 867 1289 864 1289 864 1290 867 1290 868 1290 864 1291 868 1291 865 1291 856 1292 857 1292 854 1292 854 1293 857 1293 796 1293 854 1294 796 1294 869 1294 869 1295 796 1295 795 1295 869 1296 795 1296 870 1296 870 1297 795 1297 871 1297 871 1298 795 1298 825 1298 871 1299 825 1299 872 1299 872 1300 825 1300 873 1300 873 1301 825 1301 824 1301 873 1302 824 1302 874 1302 771 1303 770 1303 875 1303 875 1304 770 1304 876 1304 877 1305 878 1305 879 1305 879 1306 880 1306 877 1306 877 1307 880 1307 881 1307 877 1308 881 1308 876 1308 876 1309 881 1309 882 1309 876 1310 882 1310 875 1310 883 1311 698 1311 697 1311 697 1312 884 1312 883 1312 883 1313 884 1313 885 1313 883 1314 885 1314 878 1314 878 1315 885 1315 886 1315 878 1316 886 1316 879 1316 732 1317 734 1317 887 1317 887 1318 734 1318 888 1318 889 1319 890 1319 891 1319 891 1320 892 1320 889 1320 889 1321 892 1321 893 1321 889 1322 893 1322 888 1322 888 1323 893 1323 894 1323 888 1324 894 1324 887 1324 895 1325 701 1325 700 1325 700 1326 896 1326 895 1326 895 1327 896 1327 897 1327 895 1328 897 1328 890 1328 890 1329 897 1329 898 1329 890 1330 898 1330 891 1330 899 1331 900 1331 901 1331 902 1331 903 1331 904 1331 904 1331 905 1331 902 1331 902 1331 905 1331 906 1331 902 1331 906 1331 901 1331 901 1331 906 1331 907 1331 901 1331 907 1331 899 1331 908 1332 790 1332 792 1332 905 1331 909 1331 906 1331 906 1333 909 1333 908 1333 906 1334 908 1334 910 1334 910 1335 908 1335 792 1335 911 1336 912 1336 877 1336 877 1337 912 1337 913 1337 877 1338 913 1338 878 1338 878 1339 913 1339 914 1339 878 18 914 18 915 18 916 18 917 18 877 18 877 1340 917 1340 918 1340 877 1341 918 1341 911 1341 918 18 919 18 911 18 911 18 919 18 920 18 911 18 920 18 921 18 921 1342 920 1342 922 1342 921 1343 922 1343 923 1343 923 1344 922 1344 924 1344 925 18 926 18 924 18 924 1345 926 1345 927 1345 924 1346 927 1346 923 1346 928 18 929 18 930 18 925 18 924 18 930 18 930 18 924 18 931 18 930 1347 931 1347 928 1347 889 58 932 58 933 58 934 58 935 58 889 58 889 1348 935 1348 936 1348 889 58 936 58 890 58 890 1349 936 1349 937 1349 890 58 937 58 938 58 933 58 939 58 889 58 889 58 939 58 940 58 889 58 940 58 934 58 934 58 940 58 941 58 934 58 941 58 942 58 942 1350 941 1350 943 1350 942 58 943 58 944 58 944 1351 943 1351 945 1351 946 58 947 58 945 58 945 1352 947 1352 948 1352 945 1353 948 1353 944 1353 949 58 950 58 951 58 946 58 945 58 951 58 951 58 945 58 952 58 951 1354 952 1354 949 1354 953 64 954 64 955 64 955 1355 954 1355 50 1355 955 64 50 64 49 64 956 64 957 64 105 64 902 64 901 64 957 64 957 1356 901 1356 958 1356 957 1357 958 1357 105 1357 105 1358 958 1358 959 1358 105 64 959 64 106 64 960 1359 961 1359 681 1359 962 64 742 64 963 64 963 1360 742 1360 737 1360 963 1361 737 1361 964 1361 965 64 878 64 960 64 960 64 878 64 915 64 960 1362 915 1362 961 1362 957 64 960 64 902 64 902 64 960 64 681 64 902 64 681 64 953 64 953 64 681 64 676 64 953 64 676 64 954 64 737 64 739 64 964 64 964 64 739 64 698 64 964 1363 698 1363 965 1363 965 1364 698 1364 883 1364 965 64 883 64 878 64 966 64 783 64 967 64 967 1365 783 1365 785 1365 967 64 785 64 962 64 962 1366 785 1366 753 1366 962 1367 753 1367 742 1367 968 1368 712 1368 969 1368 969 1369 712 1369 710 1369 969 64 710 64 970 64 889 64 971 64 932 64 932 1370 971 1370 956 1370 710 1371 774 1371 970 1371 970 1372 774 1372 777 1372 970 64 777 64 966 64 966 1373 777 1373 780 1373 966 1374 780 1374 783 1374 972 64 973 64 105 64 105 64 973 64 974 64 105 1375 974 1375 956 1375 956 1376 974 1376 975 1376 956 1377 975 1377 932 1377 889 64 888 64 971 64 971 1378 888 1378 734 1378 971 1379 734 1379 976 1379 976 64 734 64 727 64 976 64 727 64 968 64 968 1380 727 1380 729 1380 968 1381 729 1381 712 1381 874 58 824 58 977 58 977 58 824 58 822 58 978 18 805 18 847 18 847 18 805 18 803 18 978 1382 979 1382 805 1382 805 1383 979 1383 807 1383 979 1384 980 1384 807 1384 807 1385 980 1385 981 1385 807 1386 981 1386 809 1386 981 1387 982 1387 809 1387 809 1388 982 1388 983 1388 809 1389 983 1389 811 1389 983 1390 984 1390 811 1390 811 1391 984 1391 985 1391 811 1392 985 1392 813 1392 985 1393 986 1393 813 1393 813 1394 986 1394 987 1394 813 1395 987 1395 814 1395 987 1396 988 1396 814 1396 814 1397 988 1397 989 1397 814 1398 989 1398 816 1398 989 1399 990 1399 816 1399 816 1400 990 1400 991 1400 816 1401 991 1401 818 1401 991 1402 992 1402 818 1402 818 1403 992 1403 993 1403 818 1404 993 1404 820 1404 977 1405 822 1405 994 1405 994 1406 822 1406 820 1406 994 1407 820 1407 995 1407 995 1408 820 1408 993 1408 996 1409 973 1409 997 1409 997 1410 973 1410 998 1410 996 1411 999 1411 973 1411 973 1412 999 1412 1000 1412 973 1413 1000 1413 974 1413 974 1414 1000 1414 1001 1414 974 1415 1001 1415 1002 1415 1003 1416 1004 1416 1005 1416 1005 1417 1004 1417 1006 1417 1005 1418 1006 1418 1007 1418 1007 1419 1006 1419 1008 1419 1007 1418 1008 1418 1009 1418 1009 1420 1008 1420 1010 1420 1009 1421 1010 1421 1011 1421 1011 1422 1010 1422 1012 1422 1011 1423 1012 1423 1013 1423 1013 1424 1012 1424 1014 1424 1013 1425 1014 1425 1015 1425 1016 1426 732 1426 887 1426 709 1427 711 1427 1016 1427 733 1428 1017 1428 735 1428 735 1429 1017 1429 736 1429 731 1430 730 1430 1017 1430 1017 1431 730 1431 728 1431 1017 1432 728 1432 736 1432 732 1433 1016 1433 733 1433 733 1434 1016 1434 711 1434 733 1435 711 1435 1017 1435 1017 1436 711 1436 713 1436 1017 1437 713 1437 731 1437 709 1438 1016 1438 714 1438 714 1439 1016 1439 887 1439 714 1440 887 1440 715 1440 715 1441 887 1441 894 1441 715 1442 894 1442 726 1442 726 1443 894 1443 893 1443 726 1444 893 1444 892 1444 892 1445 891 1445 726 1445 726 1446 891 1446 898 1446 726 1447 898 1447 897 1447 897 1448 896 1448 726 1448 726 1449 896 1449 1018 1449 726 1450 1018 1450 725 1450 725 1451 1018 1451 723 1451 706 1452 708 1452 1019 1452 1019 1453 708 1453 719 1453 699 1454 702 1454 1019 1454 1019 1455 702 1455 704 1455 1019 1456 704 1456 706 1456 896 1457 700 1457 1018 1457 1018 1458 700 1458 699 1458 1018 1459 699 1459 723 1459 723 1460 699 1460 1019 1460 723 1461 1019 1461 721 1461 721 1462 1019 1462 719 1462 1020 1463 771 1463 875 1463 745 1464 748 1464 1020 1464 769 1465 1021 1465 767 1465 767 1466 1021 1466 765 1466 752 1467 761 1467 1021 1467 1021 1468 761 1468 763 1468 1021 1469 763 1469 765 1469 771 1470 1020 1470 769 1470 769 1471 1020 1471 748 1471 769 1472 748 1472 1021 1472 1021 1473 748 1473 750 1473 1021 1474 750 1474 752 1474 745 1475 1020 1475 746 1475 746 1476 1020 1476 875 1476 746 1477 875 1477 754 1477 754 1478 875 1478 882 1478 754 1479 882 1479 755 1479 755 1480 882 1480 881 1480 755 1481 881 1481 880 1481 880 1482 879 1482 755 1482 755 1483 879 1483 886 1483 755 1484 886 1484 885 1484 885 1485 884 1485 755 1485 755 1486 884 1486 1022 1486 755 1487 1022 1487 756 1487 756 1488 1022 1488 757 1488 738 1489 744 1489 1023 1489 1023 1490 744 1490 743 1490 696 1491 741 1491 1023 1491 1023 1492 741 1492 740 1492 1023 1493 740 1493 738 1493 884 1494 697 1494 1022 1494 1022 1495 697 1495 696 1495 1022 1496 696 1496 757 1496 757 1497 696 1497 1023 1497 757 1498 1023 1498 758 1498 758 1499 1023 1499 743 1499 675 1500 677 1500 1024 1500 1025 1501 1013 1501 1015 1501 1026 1502 43 1502 1027 1502 1027 1503 43 1503 1025 1503 1027 1504 1025 1504 1028 1504 1028 1505 1025 1505 1015 1505 1013 1506 1025 1506 1011 1506 1011 1507 1025 1507 1029 1507 1011 1508 1029 1508 1009 1508 1009 1509 1029 1509 1007 1509 1007 1510 1029 1510 1030 1510 1007 1511 1030 1511 1005 1511 1005 1512 1030 1512 1003 1512 1003 1513 1030 1513 1031 1513 1003 1514 1031 1514 1032 1514 1033 1515 1034 1515 1035 1515 1035 1516 1034 1516 1036 1516 1035 1517 1036 1517 1031 1517 1031 1518 1036 1518 1037 1518 1031 1519 1037 1519 1032 1519 1038 1520 1035 1520 1039 1520 1039 18 1035 18 1040 18 1039 1521 1040 1521 1041 1521 1038 1522 1042 1522 1035 1522 1035 1523 1042 1523 1043 1523 1035 1524 1043 1524 1044 1524 1044 1525 1045 1525 1035 1525 1035 1526 1045 1526 1046 1526 1035 1527 1046 1527 1033 1527 1047 1528 1048 1528 680 1528 680 1529 679 1529 1047 1529 1047 1530 679 1530 1049 1530 1047 1531 1049 1531 1040 1531 1040 1532 1049 1532 1050 1532 1040 1533 1050 1533 1041 1533 1024 1534 677 1534 1051 1534 677 1535 678 1535 1051 1535 1051 1536 678 1536 683 1536 1051 1537 683 1537 1048 1537 1048 1538 683 1538 682 1538 1048 1539 682 1539 680 1539 51 1540 1052 1540 1024 1540 1024 1541 1052 1541 1053 1541 1024 1542 1053 1542 675 1542 1054 1543 104 1543 1055 1543 1055 1544 104 1544 1056 1544 1055 1545 1056 1545 998 1545 998 1546 1056 1546 997 1546 997 1547 1056 1547 996 1547 996 1548 1056 1548 1057 1548 996 1549 1057 1549 999 1549 999 1550 1057 1550 1000 1550 1000 1551 1057 1551 1058 1551 1000 1552 1058 1552 1001 1552 1001 1553 1058 1553 1002 1553 1002 1554 1058 1554 1059 1554 1002 1555 1059 1555 1060 1555 1061 1556 1062 1556 1063 1556 1063 1557 1062 1557 1064 1557 1063 1558 1064 1558 1059 1558 1059 1559 1064 1559 1065 1559 1059 1560 1065 1560 1060 1560 1066 1561 1067 1561 1063 1561 1063 1562 1067 1562 1068 1562 1068 1563 1069 1563 1063 1563 1063 1564 1069 1564 1070 1564 1063 1565 1070 1565 1061 1565 1071 1566 1072 1566 1073 1566 1073 1567 1072 1567 1074 1567 1074 1568 1075 1568 1073 1568 1073 1569 1075 1569 1076 1569 1073 58 1076 58 1063 58 1063 1570 1076 1570 1077 1570 1063 1571 1077 1571 1066 1571 1078 1572 1079 1572 690 1572 690 1573 688 1573 1078 1573 1078 1574 688 1574 687 1574 1078 1575 687 1575 1071 1575 1071 1576 687 1576 686 1576 1071 1577 686 1577 1072 1577 1080 1578 695 1578 1081 1578 1081 1579 695 1579 694 1579 1081 1580 694 1580 1079 1580 1079 1581 694 1581 692 1581 1079 1582 692 1582 690 1582 103 1583 1082 1583 1081 1583 1081 1584 1082 1584 1083 1584 1081 1585 1083 1585 1080 1585 1084 1586 1085 1586 1086 1586 1086 1587 1085 1587 1087 1587 1086 1588 1087 1588 1088 1588 1088 1589 1089 1589 1086 1589 1086 1590 1089 1590 95 1590 1086 1591 95 1591 97 1591 1084 1592 1086 1592 1090 1592 1090 1593 1086 1593 1091 1593 1090 1594 1091 1594 862 1594 1092 1595 864 1595 1091 1595 1091 1596 864 1596 860 1596 1091 1597 860 1597 862 1597 1093 1598 852 1598 1092 1598 1092 1599 852 1599 851 1599 1092 1600 851 1600 864 1600 850 1601 857 1601 1094 1601 1094 1602 857 1602 856 1602 1094 1603 856 1603 1093 1603 1093 1604 856 1604 855 1604 1093 1605 855 1605 852 1605 797 1606 850 1606 792 1606 792 1607 850 1607 1094 1607 792 1608 1094 1608 910 1608 910 1609 1094 1609 1095 1609 910 1610 1095 1610 906 1610 906 1611 1095 1611 1096 1611 906 1612 1096 1612 907 1612 907 1613 1096 1613 1097 1613 907 1614 1097 1614 899 1614 899 1615 1097 1615 1098 1615 899 1616 1098 1616 900 1616 900 1617 1098 1617 1099 1617 1100 1618 107 1618 1101 1618 1101 1619 1102 1619 1100 1619 1100 1620 1102 1620 1103 1620 1100 1621 1103 1621 1098 1621 1098 1622 1103 1622 1104 1622 1098 1623 1104 1623 1099 1623 1105 1624 1106 1624 1107 1624 1107 1625 1106 1625 1108 1625 1107 1626 1108 1626 53 1626 903 1627 1109 1627 1110 1627 1110 1628 1109 1628 1111 1628 1110 1629 1111 1629 1107 1629 1107 1630 1111 1630 1112 1630 1107 1631 1112 1631 1105 1631 1113 1632 790 1632 1114 1632 1114 1633 790 1633 908 1633 1114 1634 908 1634 1115 1634 1115 1635 908 1635 909 1635 1115 1636 909 1636 1116 1636 1116 1637 909 1637 905 1637 1116 1638 905 1638 1110 1638 1110 1639 905 1639 904 1639 1110 1640 904 1640 903 1640 842 1641 840 1641 1117 1641 1117 1642 840 1642 839 1642 1117 1643 839 1643 1113 1643 1113 1644 839 1644 837 1644 1113 1645 837 1645 790 1645 790 1646 837 1646 836 1646 790 1647 836 1647 798 1647 1118 1648 1119 1648 833 1648 833 1649 829 1649 1118 1649 1118 1650 829 1650 827 1650 1118 1651 827 1651 1117 1651 1117 1652 827 1652 843 1652 1117 1653 843 1653 842 1653 1120 1654 1121 1654 1119 1654 1119 1655 1121 1655 831 1655 1119 1656 831 1656 833 1656 1122 1657 1123 1657 1120 1657 1120 1658 1123 1658 1124 1658 1120 1659 1124 1659 1121 1659 1120 1660 55 1660 57 1660 1122 1661 1120 1661 1125 1661 1125 1662 1120 1662 57 1662 1125 1663 57 1663 1126 1663 685 1664 1127 1664 686 1664 686 1665 1127 1665 1128 1665 938 1666 937 1666 1129 1666 1129 1667 937 1667 1128 1667 1129 1668 1128 1668 1130 1668 1130 1669 1128 1669 1127 1669 1131 1670 1070 1670 1069 1670 1128 1671 937 1671 936 1671 686 1672 1128 1672 1132 1672 686 1673 1132 1673 1072 1673 1072 1674 1132 1674 1133 1674 1072 1675 1133 1675 1074 1675 1074 1676 1133 1676 1134 1676 1074 1677 1134 1677 1075 1677 1134 1678 1135 1678 1075 1678 1075 1679 1135 1679 1136 1679 1075 1680 1136 1680 1076 1680 1076 1681 1136 1681 1137 1681 1076 1682 1137 1682 1077 1682 1077 1683 1137 1683 1138 1683 1077 1684 1138 1684 1066 1684 1066 1685 1138 1685 1139 1685 1066 1686 1139 1686 1067 1686 1067 1687 1139 1687 1140 1687 1067 1688 1140 1688 1068 1688 1068 1689 1140 1689 1141 1689 1068 1690 1141 1690 1069 1690 1069 1691 1141 1691 1142 1691 1069 1692 1142 1692 1131 1692 1131 1693 1143 1693 1070 1693 1070 1694 1143 1694 1144 1694 1070 1695 1144 1695 1061 1695 1061 1696 1144 1696 1145 1696 1061 1697 1145 1697 1062 1697 1062 1698 1145 1698 1146 1698 1062 1699 1146 1699 1064 1699 1128 1700 936 1700 1132 1700 1132 1701 936 1701 935 1701 1132 1702 935 1702 1133 1702 1133 1703 935 1703 934 1703 1133 1704 934 1704 1134 1704 1134 1705 934 1705 942 1705 1134 1706 942 1706 1135 1706 1135 1707 942 1707 944 1707 1135 1708 944 1708 1136 1708 1136 1709 944 1709 948 1709 1136 1710 948 1710 1137 1710 1137 1711 948 1711 947 1711 1137 1712 947 1712 1138 1712 1138 1713 947 1713 946 1713 1138 1714 946 1714 1139 1714 1139 1715 946 1715 951 1715 1139 1716 951 1716 1140 1716 1140 1717 951 1717 950 1717 1140 1718 950 1718 1141 1718 1141 1719 950 1719 949 1719 1141 1720 949 1720 1142 1720 1142 1721 949 1721 952 1721 1142 1722 952 1722 1131 1722 1131 1723 952 1723 945 1723 1131 1724 945 1724 1143 1724 1143 1725 945 1725 943 1725 1143 1726 943 1726 1144 1726 1144 1727 943 1727 941 1727 1144 1728 941 1728 1145 1728 1145 1729 941 1729 940 1729 1145 1730 940 1730 1146 1730 1146 1731 940 1731 939 1731 1146 1732 939 1732 1147 1732 1147 1733 939 1733 933 1733 1147 1734 933 1734 1148 1734 1064 1735 1146 1735 1065 1735 1065 1736 1146 1736 1147 1736 1065 1737 1147 1737 1060 1737 1060 1738 1147 1738 1148 1738 1060 1739 1148 1739 1002 1739 974 1740 1002 1740 975 1740 975 1741 1002 1741 1148 1741 975 1742 1148 1742 932 1742 932 1743 1148 1743 933 1743 679 1744 681 1744 1149 1744 1149 1745 681 1745 961 1745 1149 1746 961 1746 914 1746 914 1747 961 1747 915 1747 1150 1748 1046 1748 1045 1748 1149 1749 914 1749 913 1749 679 1750 1149 1750 1151 1750 679 1751 1151 1751 1049 1751 1049 1752 1151 1752 1152 1752 1049 1753 1152 1753 1050 1753 1050 1754 1152 1754 1153 1754 1050 1755 1153 1755 1041 1755 1153 1756 1154 1756 1041 1756 1041 1757 1154 1757 1155 1757 1041 1758 1155 1758 1039 1758 1039 1759 1155 1759 1156 1759 1039 1760 1156 1760 1038 1760 1038 1761 1156 1761 1157 1761 1038 1762 1157 1762 1042 1762 1042 1763 1157 1763 1158 1763 1042 1764 1158 1764 1043 1764 1043 1765 1158 1765 1159 1765 1043 1766 1159 1766 1044 1766 1044 1767 1159 1767 1160 1767 1044 1768 1160 1768 1045 1768 1045 1769 1160 1769 1161 1769 1045 1770 1161 1770 1150 1770 1150 1771 1162 1771 1046 1771 1046 1772 1162 1772 1163 1772 1046 1773 1163 1773 1033 1773 1033 1774 1163 1774 1164 1774 1033 1775 1164 1775 1034 1775 1034 1776 1164 1776 1165 1776 1034 1777 1165 1777 1036 1777 1149 1778 913 1778 1151 1778 1151 1779 913 1779 912 1779 1151 1780 912 1780 1152 1780 1152 1781 912 1781 911 1781 1152 1782 911 1782 1153 1782 1153 1783 911 1783 921 1783 1153 1784 921 1784 1154 1784 1154 1785 921 1785 923 1785 1154 1786 923 1786 1155 1786 1155 1787 923 1787 927 1787 1155 1788 927 1788 1156 1788 1156 1789 927 1789 926 1789 1156 1790 926 1790 1157 1790 1157 1791 926 1791 925 1791 1157 1792 925 1792 1158 1792 1158 1793 925 1793 930 1793 1158 1794 930 1794 1159 1794 1159 1795 930 1795 929 1795 1159 1796 929 1796 1160 1796 1160 1797 929 1797 928 1797 1160 1798 928 1798 1161 1798 1161 1799 928 1799 931 1799 1161 1800 931 1800 1150 1800 1150 1801 931 1801 924 1801 1150 1802 924 1802 1162 1802 1162 1803 924 1803 922 1803 1162 1804 922 1804 1163 1804 1163 1805 922 1805 920 1805 1163 1806 920 1806 1164 1806 1164 1807 920 1807 919 1807 1164 1808 919 1808 1165 1808 1165 1809 919 1809 918 1809 1165 1810 918 1810 1166 1810 1166 1811 918 1811 917 1811 1166 1812 917 1812 1167 1812 1036 1813 1165 1813 1037 1813 1037 1814 1165 1814 1166 1814 1037 1815 1166 1815 1032 1815 1032 1816 1166 1816 1167 1816 1032 1817 1167 1817 1003 1817 1004 1818 1003 1818 1168 1818 1168 1819 1003 1819 1167 1819 1168 1820 1167 1820 1169 1820 1169 1821 1167 1821 1170 1821 1170 1822 1167 1822 917 1822 1170 1823 917 1823 916 1823 57 1824 56 1824 1126 1824 1126 1825 56 1825 1125 1825 184 1826 1171 1826 1172 1826 56 1827 170 1827 1125 1827 1125 1828 170 1828 1173 1828 1125 1829 1173 1829 1122 1829 1122 1830 1173 1830 1123 1830 1123 1831 1173 1831 1174 1831 1123 1832 1174 1832 1124 1832 168 1833 167 1833 1175 1833 1175 1834 167 1834 1176 1834 167 1835 177 1835 1176 1835 1176 1836 177 1836 175 1836 1176 1837 175 1837 1177 1837 1177 1838 175 1838 174 1838 1177 1839 174 1839 1178 1839 1178 1840 174 1840 182 1840 1178 1841 182 1841 1179 1841 1179 1842 182 1842 181 1842 1179 1843 181 1843 1172 1843 1172 1844 181 1844 185 1844 1172 1845 185 1845 184 1845 184 1846 118 1846 1171 1846 1171 1847 118 1847 1180 1847 1171 1848 1180 1848 1181 1848 170 1849 168 1849 1173 1849 1173 1850 168 1850 1175 1850 1173 1851 1175 1851 1174 1851 1174 1852 1175 1852 1176 1852 1174 1853 1176 1853 1182 1853 1182 1854 1176 1854 1177 1854 1182 1855 1177 1855 1183 1855 1183 1856 1177 1856 1178 1856 1183 1857 1178 1857 1184 1857 1184 1858 1178 1858 1179 1858 1184 1859 1179 1859 1185 1859 1185 1860 1179 1860 1172 1860 1185 1861 1172 1861 1186 1861 1186 1862 1172 1862 1171 1862 1186 1863 1171 1863 1187 1863 1187 1864 1171 1864 1181 1864 1187 1865 1181 1865 1188 1865 1124 1866 1174 1866 1121 1866 1121 1867 1174 1867 1182 1867 1121 1868 1182 1868 831 1868 831 1869 1182 1869 1183 1869 831 1870 1183 1870 832 1870 832 1871 1183 1871 1184 1871 832 1872 1184 1872 834 1872 834 1873 1184 1873 1185 1873 834 1874 1185 1874 835 1874 835 1875 1185 1875 1186 1875 835 1876 1186 1876 830 1876 830 1877 1186 1877 1187 1877 830 1878 1187 1878 828 1878 828 1879 1187 1879 1188 1879 828 1880 1188 1880 826 1880 1189 1881 1190 1881 1191 1881 1192 1882 1180 1882 118 1882 118 1883 116 1883 1192 1883 1192 1884 116 1884 124 1884 1192 1885 124 1885 1193 1885 1193 1886 124 1886 127 1886 1193 1887 127 1887 1194 1887 1194 1888 127 1888 109 1888 1194 1889 109 1889 1195 1889 1195 1890 109 1890 108 1890 1195 1891 108 1891 1196 1891 1197 1892 1181 1892 1180 1892 108 1893 128 1893 1196 1893 1196 1894 128 1894 1198 1894 1196 1895 1198 1895 1199 1895 1180 1896 1192 1896 1197 1896 1197 1897 1192 1897 1193 1897 1197 1898 1193 1898 1200 1898 1200 1899 1193 1899 1194 1899 1200 1900 1194 1900 1201 1900 1201 1901 1194 1901 1195 1901 1201 1902 1195 1902 1202 1902 1202 1903 1195 1903 1196 1903 1202 1904 1196 1904 1203 1904 1203 1905 1196 1905 1199 1905 1203 1906 1199 1906 1204 1906 1205 1907 1188 1907 1181 1907 1181 1908 1197 1908 1205 1908 1205 1909 1197 1909 1200 1909 1205 1910 1200 1910 1206 1910 1206 1911 1200 1911 1201 1911 1206 1912 1201 1912 1207 1912 1207 1913 1201 1913 1202 1913 1207 1914 1202 1914 1208 1914 1208 1915 1202 1915 1203 1915 1208 1916 1203 1916 1191 1916 1191 1917 1203 1917 1204 1917 1191 1918 1204 1918 1189 1918 826 1919 1188 1919 841 1919 841 1920 1188 1920 1205 1920 841 1921 1205 1921 838 1921 838 1922 1205 1922 1206 1922 838 1923 1206 1923 844 1923 844 1924 1206 1924 1207 1924 844 1925 1207 1925 845 1925 845 1926 1207 1926 1208 1926 845 1927 1208 1927 846 1927 846 1928 1208 1928 849 1928 849 1929 1208 1929 1191 1929 849 1930 1191 1930 848 1930 848 1931 1191 1931 1190 1931 848 1932 1190 1932 847 1932 128 1933 130 1933 1198 1933 1198 1933 130 1933 1209 1933 1198 1934 1209 1934 1199 1934 1199 1934 1209 1934 1210 1934 1199 1935 1210 1935 1204 1935 1204 1936 1210 1936 1211 1936 1204 1937 1211 1937 1189 1937 1189 1938 1211 1938 1212 1938 1189 1939 1212 1939 1190 1939 1190 1939 1212 1939 1213 1939 1190 1940 1213 1940 847 1940 847 1941 1213 1941 978 1941 1214 1942 1215 1942 1216 1942 1217 1943 979 1943 978 1943 992 1944 1218 1944 993 1944 993 1945 1218 1945 1219 1945 993 1946 1219 1946 995 1946 995 1947 1219 1947 1216 1947 995 1948 1216 1948 994 1948 994 1949 1216 1949 1215 1949 994 1950 1215 1950 977 1950 992 1951 991 1951 1218 1951 1218 1952 991 1952 990 1952 1218 1953 990 1953 1220 1953 1220 1954 990 1954 989 1954 1220 1955 989 1955 1221 1955 1221 1956 989 1956 988 1956 1221 1957 988 1957 1222 1957 1222 1958 988 1958 987 1958 1222 1959 987 1959 1223 1959 1223 1960 987 1960 986 1960 986 1961 985 1961 1223 1961 1223 1962 985 1962 984 1962 1223 1963 984 1963 1224 1963 1224 1964 984 1964 983 1964 1224 1965 983 1965 1225 1965 1225 1966 983 1966 982 1966 1225 1967 982 1967 1226 1967 1226 1968 982 1968 981 1968 1226 1969 981 1969 1217 1969 1217 1970 981 1970 980 1970 1217 1971 980 1971 979 1971 1227 1972 1228 1972 1229 1972 1229 1973 1228 1973 1214 1973 1214 1974 1216 1974 1229 1974 1229 1975 1216 1975 1219 1975 1229 1976 1219 1976 1230 1976 1230 1977 1219 1977 1218 1977 1230 1978 1218 1978 1231 1978 1231 1979 1218 1979 1220 1979 1231 1980 1220 1980 1232 1980 1232 1981 1220 1981 1221 1981 1232 1982 1221 1982 1233 1982 1233 1983 1221 1983 1222 1983 1233 1984 1222 1984 1234 1984 1234 1985 1222 1985 1223 1985 1234 1986 1223 1986 1235 1986 1235 1987 1223 1987 1224 1987 1235 1988 1224 1988 1236 1988 1236 1989 1224 1989 1225 1989 1236 1990 1225 1990 1237 1990 1237 1991 1225 1991 1226 1991 1237 1992 1226 1992 1238 1992 1238 1993 1226 1993 1217 1993 1238 1994 1217 1994 1239 1994 131 1995 1240 1995 1241 1995 1241 1996 1240 1996 1227 1996 978 1997 1213 1997 1217 1997 1217 1998 1213 1998 1212 1998 1217 1999 1212 1999 1239 1999 1239 2000 1212 2000 1211 2000 1239 2001 1211 2001 1210 2001 1227 2002 1229 2002 1241 2002 1241 2003 1229 2003 1230 2003 1241 2004 1230 2004 1242 2004 1242 2005 1230 2005 1231 2005 1242 2006 1231 2006 1243 2006 1243 2007 1231 2007 1232 2007 1243 2008 1232 2008 1244 2008 1244 2009 1232 2009 1233 2009 1244 2010 1233 2010 1245 2010 1245 2011 1233 2011 1234 2011 1245 2012 1234 2012 1246 2012 1246 2013 1234 2013 1235 2013 1246 2014 1235 2014 1247 2014 1247 2015 1235 2015 1236 2015 1247 2016 1236 2016 1248 2016 1248 2017 1236 2017 1237 2017 1248 2018 1237 2018 1249 2018 1249 2019 1237 2019 1238 2019 1249 2020 1238 2020 1250 2020 1250 2021 1238 2021 1239 2021 1250 2022 1239 2022 1251 2022 1251 2023 1239 2023 1210 2023 1251 2024 1210 2024 1209 2024 131 2025 1241 2025 132 2025 132 2026 1241 2026 1242 2026 132 2027 1242 2027 133 2027 133 2028 1242 2028 1243 2028 133 2029 1243 2029 134 2029 134 2030 1243 2030 1244 2030 134 2031 1244 2031 135 2031 135 2032 1244 2032 1245 2032 135 2033 1245 2033 139 2033 139 2034 1245 2034 1246 2034 139 2035 1246 2035 140 2035 140 2036 1246 2036 1247 2036 140 2037 1247 2037 142 2037 142 2038 1247 2038 1248 2038 142 2039 1248 2039 136 2039 136 2040 1248 2040 1249 2040 136 2041 1249 2041 137 2041 137 2042 1249 2042 1250 2042 137 2043 1250 2043 138 2043 138 2044 1250 2044 1251 2044 138 2045 1251 2045 141 2045 141 2046 1251 2046 1209 2046 141 2047 1209 2047 130 2047 874 2048 977 2048 1252 2048 1252 2049 977 2049 1215 2049 1252 2050 1215 2050 1253 2050 1253 2050 1215 2050 1214 2050 1253 2051 1214 2051 1254 2051 1254 2052 1214 2052 1228 2052 1254 2053 1228 2053 1255 2053 1255 2054 1228 2054 1227 2054 1255 2055 1227 2055 1256 2055 1256 2055 1227 2055 1240 2055 1256 2056 1240 2056 129 2056 129 2056 1240 2056 131 2056 113 2057 112 2057 1257 2057 129 2058 110 2058 1256 2058 1256 2059 110 2059 1258 2059 874 2060 1252 2060 1259 2060 1259 2061 1252 2061 1253 2061 1259 2062 1253 2062 1260 2062 1260 2063 1253 2063 1254 2063 1260 2064 1254 2064 1258 2064 1258 2065 1254 2065 1255 2065 1258 2066 1255 2066 1256 2066 126 2067 125 2067 1261 2067 1261 2068 125 2068 1262 2068 1261 2069 1262 2069 1263 2069 1263 2070 1262 2070 1264 2070 1263 2071 1264 2071 1265 2071 1265 2072 1264 2072 1266 2072 125 2073 123 2073 1262 2073 1262 2074 123 2074 1267 2074 1262 2075 1267 2075 1264 2075 1264 2076 1267 2076 1268 2076 1264 2077 1268 2077 1266 2077 1266 2078 1268 2078 1269 2078 123 2079 113 2079 1267 2079 1267 2080 113 2080 1270 2080 1267 2081 1270 2081 1268 2081 1268 2082 1270 2082 1271 2082 1268 2083 1271 2083 1269 2083 1269 2084 1271 2084 1272 2084 871 2085 872 2085 1259 2085 1259 2086 872 2086 873 2086 1259 2087 873 2087 874 2087 110 2088 126 2088 1258 2088 1258 2089 126 2089 1261 2089 1258 2090 1261 2090 1260 2090 1260 2091 1261 2091 1263 2091 1260 2092 1263 2092 1259 2092 1259 2093 1263 2093 1265 2093 1259 2094 1265 2094 871 2094 871 2095 1265 2095 1266 2095 871 2096 1266 2096 870 2096 870 2097 1266 2097 1269 2097 870 2098 1269 2098 869 2098 1272 2099 853 2099 1269 2099 1269 2100 853 2100 854 2100 1269 2101 854 2101 869 2101 113 2102 1257 2102 1270 2102 1270 2103 1257 2103 1273 2103 1270 2104 1273 2104 1271 2104 1271 2105 1273 2105 1274 2105 1271 2106 1274 2106 1272 2106 1272 2107 1274 2107 866 2107 1272 2108 866 2108 853 2108 158 2109 1275 2109 1276 2109 1273 2110 1257 2110 1277 2110 862 2111 1278 2111 1090 2111 1090 2112 1278 2112 1279 2112 1090 2113 1279 2113 1084 2113 1087 2114 1085 2114 1275 2114 1275 2115 1085 2115 1084 2115 1275 2116 1084 2116 1276 2116 1087 2117 1275 2117 1088 2117 1088 2118 1275 2118 158 2118 1088 2119 158 2119 96 2119 1257 2120 112 2120 157 2120 862 2121 861 2121 1278 2121 1278 2122 861 2122 859 2122 1278 2123 859 2123 1280 2123 1280 2124 859 2124 858 2124 1280 2125 858 2125 1281 2125 1281 2126 858 2126 863 2126 1281 2127 863 2127 1282 2127 1282 2128 863 2128 865 2128 1282 2129 865 2129 1283 2129 1283 2130 865 2130 868 2130 1283 2131 868 2131 1284 2131 1284 2132 868 2132 867 2132 1284 2133 867 2133 1285 2133 1285 2134 867 2134 866 2134 1285 2135 866 2135 1274 2135 1084 2136 1279 2136 1276 2136 1276 2137 1279 2137 1278 2137 1276 2138 1278 2138 1286 2138 1286 2139 1278 2139 1280 2139 1286 2140 1280 2140 1287 2140 1287 2141 1280 2141 1281 2141 1287 2142 1281 2142 1288 2142 1288 2143 1281 2143 1282 2143 1288 2144 1282 2144 1289 2144 1289 2145 1282 2145 1283 2145 1289 2146 1283 2146 1290 2146 1290 2147 1283 2147 1284 2147 1290 2148 1284 2148 1291 2148 1291 2149 1284 2149 1285 2149 1291 2150 1285 2150 1277 2150 1277 2151 1285 2151 1274 2151 1277 2152 1274 2152 1273 2152 1257 2153 157 2153 1277 2153 1277 2154 157 2154 156 2154 1277 2155 156 2155 1291 2155 1291 2156 156 2156 154 2156 1291 2157 154 2157 1290 2157 1290 2158 154 2158 152 2158 1290 2159 152 2159 1289 2159 1289 2160 152 2160 150 2160 1289 2161 150 2161 1288 2161 1288 2162 150 2162 148 2162 1288 2163 148 2163 1287 2163 1287 2164 148 2164 147 2164 1287 2165 147 2165 1286 2165 1286 2166 147 2166 165 2166 1286 2167 165 2167 1276 2167 1276 2168 165 2168 166 2168 1276 2169 166 2169 158 2169 1088 2170 96 2170 1089 2170 1089 2171 96 2171 95 2171 103 2171 62 2171 1082 2171 1082 2172 62 2172 1292 2172 1082 2173 1292 2173 1083 2173 3 2174 1293 2174 1294 2174 1295 2175 1296 2175 1297 2175 1083 2176 1292 2176 1296 2176 693 2177 695 2177 1080 2177 1292 2178 62 2178 64 2178 1292 2179 64 2179 1296 2179 1296 2180 64 2180 71 2180 1296 2181 71 2181 1297 2181 71 2182 70 2182 1297 2182 1297 2183 70 2183 74 2183 1297 2184 74 2184 1294 2184 1294 2185 74 2185 75 2185 1294 2186 75 2186 3 2186 1295 2187 1297 2187 1298 2187 1298 2188 1297 2188 1294 2188 1298 2189 1294 2189 1299 2189 1299 2190 1294 2190 1293 2190 1299 2191 1293 2191 1300 2191 1083 2192 1296 2192 1080 2192 1080 2193 1296 2193 1295 2193 1080 2194 1295 2194 693 2194 693 2195 1295 2195 1298 2195 693 2196 1298 2196 691 2196 691 2197 1298 2197 1299 2197 691 2198 1299 2198 689 2198 689 2199 1299 2199 1300 2199 689 2200 1300 2200 684 2200 685 2201 684 2201 1301 2201 1301 2202 684 2202 1300 2202 1301 2203 1300 2203 1302 2203 1302 2204 1300 2204 1303 2204 1303 2205 1300 2205 1293 2205 1303 2206 1293 2206 1304 2206 1304 2207 1293 2207 1305 2207 1305 2208 1293 2208 3 2208 1305 2209 3 2209 1 2209 1306 2210 32 2210 31 2210 1 2211 0 2211 1305 2211 1305 2212 0 2212 1307 2212 685 2213 1301 2213 1308 2213 1308 2214 1301 2214 1302 2214 1308 2215 1302 2215 1309 2215 1309 2216 1302 2216 1303 2216 1309 2217 1303 2217 1307 2217 1307 2218 1303 2218 1304 2218 1307 2219 1304 2219 1305 2219 31 2220 1310 2220 1306 2220 1306 2221 1310 2221 1311 2221 1306 2222 1311 2222 1312 2222 1312 2223 1311 2223 1313 2223 1312 2224 1313 2224 1314 2224 1314 2225 1313 2225 1315 2225 1314 2226 1315 2226 1316 2226 1129 2227 1130 2227 1308 2227 1308 2228 1130 2228 1127 2228 1308 2229 1127 2229 685 2229 0 2230 32 2230 1307 2230 1307 2231 32 2231 1306 2231 1307 2232 1306 2232 1309 2232 1309 2233 1306 2233 1312 2233 1309 2234 1312 2234 1308 2234 1308 2235 1312 2235 1314 2235 1308 2236 1314 2236 1129 2236 1129 2237 1314 2237 1316 2237 1129 2238 1316 2238 938 2238 31 2239 29 2239 1310 2239 1310 2240 29 2240 1317 2240 1310 2241 1317 2241 1311 2241 1311 2242 1317 2242 1318 2242 1311 2243 1318 2243 1313 2243 1313 2244 1318 2244 1319 2244 1313 2245 1319 2245 1315 2245 1315 2246 1319 2246 1320 2246 1315 2247 1320 2247 1316 2247 1316 2247 1320 2247 1321 2247 1316 2248 1321 2248 938 2248 938 2249 1321 2249 890 2249 29 2250 27 2250 1317 2250 1317 2251 27 2251 1322 2251 1323 2252 1320 2252 1324 2252 1324 2253 1320 2253 1319 2253 1324 2254 1319 2254 1322 2254 1322 2255 1319 2255 1318 2255 1322 2256 1318 2256 1317 2256 895 2257 890 2257 1323 2257 1323 2258 890 2258 1321 2258 1323 2259 1321 2259 1320 2259 27 2260 26 2260 1322 2260 1322 2261 26 2261 1325 2261 1322 2262 1325 2262 1324 2262 1324 2263 1325 2263 1326 2263 1324 2264 1326 2264 1323 2264 1323 2265 1326 2265 1327 2265 1323 2266 1327 2266 895 2266 895 2267 1327 2267 701 2267 18 2268 1328 2268 1329 2268 1328 2269 1330 2269 1331 2269 1330 2270 1332 2270 1333 2270 1332 2271 770 2271 768 2271 1332 2272 768 2272 1333 2272 1333 2273 768 2273 766 2273 1333 2274 766 2274 1334 2274 766 2275 764 2275 1334 2275 1334 2276 764 2276 762 2276 1334 2277 762 2277 1335 2277 762 2278 760 2278 1335 2278 1335 2279 760 2279 759 2279 1335 2280 759 2280 1336 2280 1336 2281 759 2281 751 2281 1336 2282 751 2282 1337 2282 1337 2283 751 2283 749 2283 1337 2284 749 2284 1338 2284 1338 2285 749 2285 747 2285 747 2286 788 2286 1338 2286 1338 2287 788 2287 789 2287 1338 2288 789 2288 1339 2288 1339 2289 789 2289 784 2289 1339 2290 784 2290 1340 2290 1340 2291 784 2291 786 2291 1340 2292 786 2292 1341 2292 1341 2293 786 2293 787 2293 787 2294 782 2294 1341 2294 1341 2295 782 2295 781 2295 1341 2296 781 2296 1342 2296 1342 2297 781 2297 779 2297 1342 2298 779 2298 1343 2298 1343 2299 779 2299 778 2299 1343 2300 778 2300 1344 2300 778 2301 776 2301 1344 2301 1344 2302 776 2302 775 2302 1344 2303 775 2303 1345 2303 775 2304 773 2304 1345 2304 1345 2305 773 2305 772 2305 1345 2306 772 2306 1346 2306 1346 2307 772 2307 716 2307 1346 2308 716 2308 1347 2308 1347 2309 716 2309 724 2309 1347 2310 724 2310 1348 2310 1348 2311 724 2311 722 2311 722 2312 720 2312 1348 2312 1348 2313 720 2313 718 2313 1348 2314 718 2314 1349 2314 1349 2315 718 2315 717 2315 1349 2316 717 2316 1350 2316 1350 2317 717 2317 707 2317 1350 2318 707 2318 1351 2318 1351 2319 707 2319 705 2319 705 2320 703 2320 1351 2320 1351 2321 703 2321 701 2321 1351 2322 701 2322 1327 2322 1330 2323 1333 2323 1331 2323 1331 2324 1333 2324 1334 2324 1331 2325 1334 2325 1352 2325 1352 2326 1334 2326 1335 2326 1352 2327 1335 2327 1353 2327 1353 2328 1335 2328 1336 2328 1353 2329 1336 2329 1354 2329 1354 2330 1336 2330 1337 2330 1354 2331 1337 2331 1355 2331 1355 2332 1337 2332 1338 2332 1355 2333 1338 2333 1356 2333 1356 2334 1338 2334 1339 2334 1356 2335 1339 2335 1357 2335 1357 2336 1339 2336 1340 2336 1357 2337 1340 2337 1358 2337 1358 2338 1340 2338 1341 2338 1358 2339 1341 2339 1359 2339 1359 2340 1341 2340 1342 2340 1359 2341 1342 2341 1360 2341 1360 2342 1342 2342 1343 2342 1360 2343 1343 2343 1361 2343 1361 2344 1343 2344 1344 2344 1361 2345 1344 2345 1362 2345 1362 2346 1344 2346 1345 2346 1362 2347 1345 2347 1363 2347 1363 2348 1345 2348 1346 2348 1363 2349 1346 2349 1364 2349 1364 2350 1346 2350 1347 2350 1364 2351 1347 2351 1365 2351 1365 2352 1347 2352 1348 2352 1365 2353 1348 2353 1366 2353 1366 2354 1348 2354 1349 2354 1366 2355 1349 2355 1367 2355 1367 2356 1349 2356 1350 2356 1367 2357 1350 2357 1368 2357 1368 2358 1350 2358 1351 2358 1368 2359 1351 2359 1369 2359 1369 2360 1351 2360 1327 2360 1369 2361 1327 2361 1326 2361 1328 2362 1331 2362 1329 2362 1329 2363 1331 2363 1352 2363 1329 2364 1352 2364 1370 2364 1370 2365 1352 2365 1353 2365 1370 2366 1353 2366 1371 2366 1371 2367 1353 2367 1354 2367 1371 2368 1354 2368 1372 2368 1372 2369 1354 2369 1355 2369 1372 2370 1355 2370 1373 2370 1373 2371 1355 2371 1356 2371 1373 2372 1356 2372 1374 2372 1374 2373 1356 2373 1357 2373 1374 2374 1357 2374 1375 2374 1375 2375 1357 2375 1358 2375 1375 2376 1358 2376 1376 2376 1376 2377 1358 2377 1359 2377 1376 2378 1359 2378 1377 2378 1377 2379 1359 2379 1360 2379 1377 2380 1360 2380 1378 2380 1378 2381 1360 2381 1361 2381 1378 2382 1361 2382 1379 2382 1379 2383 1361 2383 1362 2383 1379 2384 1362 2384 1380 2384 1380 2385 1362 2385 1363 2385 1380 2386 1363 2386 1381 2386 1381 2387 1363 2387 1364 2387 1381 2388 1364 2388 1382 2388 1382 2389 1364 2389 1365 2389 1382 2390 1365 2390 1383 2390 1383 2391 1365 2391 1366 2391 1383 2392 1366 2392 1384 2392 1384 2393 1366 2393 1367 2393 1384 2394 1367 2394 1385 2394 1385 2395 1367 2395 1368 2395 1385 2396 1368 2396 1386 2396 1386 2397 1368 2397 1369 2397 1386 2398 1369 2398 1387 2398 1387 2399 1369 2399 1326 2399 1387 2400 1326 2400 1325 2400 18 2401 1329 2401 33 2401 33 2402 1329 2402 1370 2402 33 2403 1370 2403 34 2403 34 2404 1370 2404 1371 2404 34 2405 1371 2405 35 2405 35 2406 1371 2406 1372 2406 35 2407 1372 2407 36 2407 36 2408 1372 2408 1373 2408 36 2409 1373 2409 37 2409 37 2410 1373 2410 1374 2410 37 2411 1374 2411 38 2411 38 2412 1374 2412 1375 2412 38 2413 1375 2413 39 2413 39 2414 1375 2414 1376 2414 39 2415 1376 2415 40 2415 40 2416 1376 2416 1377 2416 40 2417 1377 2417 42 2417 42 2418 1377 2418 1378 2418 42 2419 1378 2419 41 2419 41 2420 1378 2420 1379 2420 41 2421 1379 2421 23 2421 23 2422 1379 2422 1380 2422 23 2423 1380 2423 24 2423 24 2424 1380 2424 1381 2424 24 2425 1381 2425 25 2425 25 2426 1381 2426 1382 2426 25 2427 1382 2427 20 2427 20 2428 1382 2428 1383 2428 20 2429 1383 2429 21 2429 21 2430 1383 2430 1384 2430 21 2431 1384 2431 22 2431 22 2432 1384 2432 1385 2432 22 2433 1385 2433 19 2433 19 2434 1385 2434 1386 2434 19 2435 1386 2435 17 2435 17 2436 1386 2436 1387 2436 17 2437 1387 2437 15 2437 15 2438 1387 2438 1325 2438 15 2439 1325 2439 26 2439 1388 2440 16 2440 28 2440 28 2441 1389 2441 1388 2441 1388 2442 1389 2442 1390 2442 1388 2443 1390 2443 1391 2443 1391 2444 1390 2444 1392 2444 1391 2445 1392 2445 1393 2445 18 2446 16 2446 1328 2446 1328 2447 16 2447 1388 2447 1328 2448 1388 2448 1330 2448 1330 2449 1388 2449 1391 2449 1330 2450 1391 2450 1332 2450 1332 2451 1391 2451 1393 2451 1332 2452 1393 2452 770 2452 770 2453 1393 2453 876 2453 1392 2454 1394 2454 1393 2454 1393 2455 1394 2455 1395 2455 1393 2456 1395 2456 876 2456 876 2457 1395 2457 877 2457 916 2458 877 2458 1396 2458 1396 2459 877 2459 1395 2459 1396 2460 1395 2460 1397 2460 1397 2460 1395 2460 1394 2460 1397 2461 1394 2461 1398 2461 1398 2462 1394 2462 1392 2462 1398 2463 1392 2463 1399 2463 1399 2464 1392 2464 1390 2464 1399 2465 1390 2465 1400 2465 1400 2466 1390 2466 1389 2466 1400 2467 1389 2467 30 2467 30 2468 1389 2468 28 2468 1401 2469 4 2469 5 2469 30 2470 2 2470 1400 2470 1400 2471 2 2471 1402 2471 1403 2472 1397 2472 1404 2472 1404 2473 1397 2473 1398 2473 1404 2474 1398 2474 1402 2474 1402 2475 1398 2475 1399 2475 1402 2476 1399 2476 1400 2476 2 2477 4 2477 1402 2477 1402 2478 4 2478 1401 2478 1402 2479 1401 2479 1404 2479 1404 2480 1401 2480 1405 2480 1404 2481 1405 2481 1403 2481 1403 2482 1405 2482 1406 2482 5 2483 1407 2483 1401 2483 1401 2484 1407 2484 1408 2484 1401 2485 1408 2485 1405 2485 1405 2486 1408 2486 1409 2486 1405 2487 1409 2487 1406 2487 1406 2488 1409 2488 1410 2488 1406 2489 1410 2489 1411 2489 1170 2490 916 2490 1403 2490 1403 2491 916 2491 1396 2491 1403 2492 1396 2492 1397 2492 1170 2493 1403 2493 1169 2493 1169 2494 1403 2494 1406 2494 1169 2495 1406 2495 1168 2495 1168 2496 1406 2496 1411 2496 1168 2497 1411 2497 1004 2497 1004 2498 1411 2498 1006 2498 1006 2499 1411 2499 1412 2499 1411 2500 1410 2500 1412 2500 1412 2501 1410 2501 1409 2501 1412 2502 1409 2502 1413 2502 5 2503 9 2503 1407 2503 1407 2504 9 2504 1413 2504 1407 2505 1413 2505 1408 2505 1408 2506 1413 2506 1409 2506 1414 2507 1010 2507 1008 2507 1028 2508 1015 2508 1415 2508 1415 2509 1015 2509 1014 2509 1415 2510 1014 2510 1012 2510 44 2511 1416 2511 1417 2511 1417 2512 1416 2512 1027 2512 1413 2513 9 2513 79 2513 1006 2514 1412 2514 1418 2514 1418 2515 1412 2515 1419 2515 1418 2516 1419 2516 1420 2516 1412 2517 1413 2517 1419 2517 1419 2518 1413 2518 79 2518 1419 2519 79 2519 1420 2519 1420 2520 79 2520 81 2520 1420 2521 81 2521 83 2521 83 2522 1421 2522 1420 2522 1420 2523 1421 2523 1414 2523 1420 2524 1414 2524 1418 2524 1418 2525 1414 2525 1008 2525 1418 2526 1008 2526 1006 2526 83 2527 85 2527 1421 2527 1421 2528 85 2528 87 2528 1421 2529 87 2529 90 2529 1027 2530 1028 2530 1417 2530 1417 2531 1028 2531 1415 2531 1417 2532 1415 2532 1422 2532 1422 2533 1415 2533 1012 2533 1422 2534 1012 2534 1010 2534 1010 2535 1414 2535 1422 2535 1422 2536 1414 2536 1421 2536 1422 2537 1421 2537 1417 2537 1417 2538 1421 2538 90 2538 1417 2539 90 2539 44 2539 44 2540 43 2540 1416 2540 1416 2541 43 2541 1026 2541 1416 2542 1026 2542 1027 2542 959 2543 1102 2543 106 2543 106 2544 1102 2544 1101 2544 106 2545 1101 2545 107 2545 958 2546 901 2546 900 2546 900 2547 1099 2547 958 2547 958 2548 1099 2548 1104 2548 958 2549 1104 2549 959 2549 959 2550 1104 2550 1103 2550 959 2551 1103 2551 1102 2551 903 2552 902 2552 1109 2552 1109 2553 902 2553 953 2553 955 2554 1112 2554 953 2554 953 2555 1112 2555 1111 2555 953 2556 1111 2556 1109 2556 53 2557 1108 2557 49 2557 49 2558 1108 2558 1106 2558 49 2559 1106 2559 955 2559 955 2560 1106 2560 1105 2560 955 2561 1105 2561 1112 2561 1052 2562 51 2562 50 2562 1052 2563 50 2563 1053 2563 50 2564 954 2564 1053 2564 1053 2565 954 2565 676 2565 1053 2566 676 2566 675 2566 973 2567 972 2567 998 2567 998 2568 972 2568 1055 2568 1055 2569 972 2569 1054 2569 1054 2570 972 2570 105 2570 1054 2571 105 2571 104 2571 1118 1331 1117 1331 1107 1331 1107 2572 1117 2572 1113 2572 1116 1331 1110 1331 1115 1331 1115 2573 1110 2573 1107 2573 1115 2574 1107 2574 1114 2574 1114 2575 1107 2575 1113 2575 1119 1331 1118 1331 1120 1331 1120 1331 1118 1331 1107 1331 1120 1331 1107 1331 55 1331 55 1331 1107 1331 53 1331 1100 2576 1093 2576 1092 2576 1100 1331 1098 1331 1097 1331 97 1331 107 1331 1086 1331 1086 1331 107 1331 1100 1331 1086 2577 1100 2577 1091 2577 1091 1331 1100 1331 1092 1331 1094 2578 1093 2578 1095 2578 1095 2579 1093 2579 1100 2579 1095 2580 1100 2580 1096 2580 1096 2581 1100 2581 1097 2581 1073 1331 1063 1331 1059 1331 1058 1331 1057 1331 1056 1331 1059 2582 1058 2582 1081 2582 1081 1331 1058 1331 1056 1331 1081 1331 1056 1331 103 1331 103 1331 1056 1331 104 1331 1071 1331 1073 1331 1078 1331 1078 2583 1073 2583 1059 2583 1078 1331 1059 1331 1079 1331 1079 2584 1059 2584 1081 2584 1040 1331 1035 1331 1031 1331 1048 2585 1047 2585 1040 2585 1024 2586 1031 2586 1030 2586 43 1331 51 1331 1025 1331 1025 1331 51 1331 1024 1331 1025 1331 1024 1331 1029 1331 1029 1331 1024 1331 1030 1331 1031 2587 1024 2587 1040 2587 1040 2588 1024 2588 1051 2588 1040 1331 1051 1331 1048 1331 1423 2589 812 2589 1424 2589 1424 2590 812 2590 815 2590 1424 2591 815 2591 1425 2591 1425 2591 815 2591 817 2591 1425 2592 817 2592 1426 2592 1426 2593 817 2593 819 2593 1426 18 819 18 1427 18 1427 18 819 18 821 18 1427 2594 821 2594 1428 2594 1428 2595 821 2595 823 2595 1428 2596 823 2596 1429 2596 1429 2596 823 2596 794 2596 1429 2597 794 2597 1430 2597 1430 2598 794 2598 793 2598 1430 2599 793 2599 1431 2599 1431 2600 793 2600 791 2600 1431 2601 791 2601 1432 2601 1432 2601 791 2601 802 2601 1432 2602 802 2602 1433 2602 1433 2603 802 2603 804 2603 1433 58 804 58 1434 58 1434 58 804 58 806 58 1434 2604 806 2604 1435 2604 1435 2605 806 2605 808 2605 1435 2606 808 2606 1436 2606 1436 2606 808 2606 810 2606 1436 2607 810 2607 1423 2607 1423 2608 810 2608 812 2608 1423 2609 1424 2609 1437 2609 1423 2610 1437 2610 1436 2610 1433 0 1434 0 1437 0 1437 2611 1434 2611 1435 2611 1437 2612 1435 2612 1436 2612 1430 2610 1431 2610 1437 2610 1437 2612 1431 2612 1432 2612 1437 2611 1432 2611 1433 2611 1427 2613 1428 2613 1437 2613 1437 2614 1428 2614 1429 2614 1437 2615 1429 2615 1430 2615 1424 2616 1425 2616 1437 2616 1437 2617 1425 2617 1426 2617 1437 0 1426 0 1427 0 1438 2597 957 2597 1439 2597 1439 2597 957 2597 956 2597 1439 2596 956 2596 1440 2596 1440 715 956 715 971 715 1440 2595 971 2595 1441 2595 1441 2618 971 2618 976 2618 1441 18 976 18 1442 18 1442 18 976 18 968 18 1442 2593 968 2593 1443 2593 1443 2619 968 2619 969 2619 1443 2591 969 2591 1444 2591 1444 2620 969 2620 970 2620 1444 2589 970 2589 1445 2589 1445 2589 970 2589 966 2589 1445 2607 966 2607 1446 2607 1446 2607 966 2607 967 2607 1446 2606 967 2606 1447 2606 1447 2621 967 2621 962 2621 1447 2605 962 2605 1448 2605 1448 2622 962 2622 963 2622 1448 58 963 58 1449 58 1449 58 963 58 964 58 1449 2603 964 2603 1450 2603 1450 2623 964 2623 965 2623 1450 2601 965 2601 1451 2601 1451 2624 965 2624 960 2624 1451 2599 960 2599 1438 2599 1438 2599 960 2599 957 2599 1438 64 1439 64 1452 64 1438 64 1452 64 1451 64 1448 64 1449 64 1452 64 1452 2625 1449 2625 1450 2625 1452 2626 1450 2626 1451 2626 1445 64 1446 64 1452 64 1452 2626 1446 2626 1447 2626 1452 2625 1447 2625 1448 2625 1442 2627 1443 2627 1452 2627 1452 2628 1443 2628 1444 2628 1452 2629 1444 2629 1445 2629 1439 2630 1440 2630 1452 2630 1452 2631 1440 2631 1441 2631 1452 64 1441 64 1442 64</p>
        </triangles>
      </mesh>
    </geometry>
  </library_geometries>
  <library_visual_scenes>
    <visual_scene id="Scene" name="Scene">
      <node id="link_2_2" name="link_2_2" type="NODE">
        <matrix sid="transform">0 1 0 0 -1 0 0 0 0 0 1 0 0 0 0 1</matrix>
        <instance_geometry url="#link_2_2-mesh" name="link_2_2">
          <bind_material>
            <technique_common>
              <instance_material symbol="m_1-material" target="#m_1-material"/>
            </technique_common>
          </bind_material>
        </instance_geometry>
      </node>
    </visual_scene>
  </library_visual_scenes>
  <scene>
    <instance_visual_scene url="#Scene"/>
  </scene>
</COLLADA>