<?xml version="1.0" encoding="utf-8"?>
<COLLADA xmlns="http://www.collada.org/2005/11/COLLADASchema" version="1.4.1" xmlns:xsi="http://www.w3.org/2001/XMLSchema-instance">
  <asset>
    <contributor>
      <author>Blender User</author>
      <authoring_tool>Blender 4.0.2 commit date:2023-12-05, commit time:07:41, hash:9be62e85b727</authoring_tool>
    </contributor>
    <created>2025-10-30T12:15:03</created>
    <modified>2025-10-30T12:15:03</modified>
    <unit name="meter" meter="1"/>
    <up_axis>Z_UP</up_axis>
  </asset>
  <library_effects>
    <effect id="m_2-effect">
      <profile_COMMON>
        <technique sid="common">
          <lambert>
            <emission>
              <color sid="emission">0 0 0 1</color>
            </emission>
            <diffuse>
              <color sid="diffuse">0.6 0.6 0.6 1</color>
            </diffuse>
            <reflectivity>
              <float sid="specular">1</float>
            </reflectivity>
            <index_of_refraction>
              <float sid="ior">1.45</float>
            </index_of_refraction>
          </lambert>
        </technique>
      </profile_COMMON>
    </effect>
    <effect id="m_1-effect">
      <profile_COMMON>
        <technique sid="common">
          <lambert>
            <emission>
              <color sid="emission">0 0 0 1</color>
            </emission>
            <diffuse>
              <color sid="diffuse">0.2 0.2 0.17 1</color>
            </diffuse>
            <reflectivity>
              <float sid="specular">1</float>
            </reflectivity>
            <index_of_refraction>
              <float sid="ior">1.45</float>
            </index_of_refraction>
          </lambert>
        </technique>
      </profile_COMMON>
    </effect>
  </library_effects>
  <library_images/>
  <library_materials>
    <material id="m_2-material" name="m_2">
      <instance_effect url="#m_2-effect"/>
    </material>
    <material id="m_1-material" name="m_1">
      <instance_effect url="#m_1-effect"/>
    </material>
  </library_materials>
  <library_geometries>
    <geometry id="link_5_1-mesh" name="link_5_1">
      <mesh>
        <source id="link_5_1-mesh-positions">
          <float_array id="link_5_1-mesh-positions-array" count="4671">0.01295 -0.009495496 -0.007330715 0.01295 -0.008839726 -0.008399963 0.01295 -0.01809996 -0.008399963 0.01295 -0.01809996 0.03959995 0.01295 -0.01009994 0.03959995 0.01295 -0.01009994 0.0097 0.01295 -0.009799957 0.0097 0.01295 -0.009799957 -0.005799949 0.01295 0.01009994 0.0097 0.01295 0.009799957 0.0097 0.0129525 0.01009994 0.0097 0.02999997 0.009799957 0.0097 0.02999997 -0.009799957 0.0097 0.03099995 -0.01009994 0.0097 0.03125 -0.009465038 0.0097 0.032 -0.009832024 0.0097 0.03216505 -0.008549988 0.0097 0.032732 -0.00909996 0.0097 0.03249996 -0.007299959 0.0097 0.03299999 -0.008099973 0.0097 0.03249996 0.007299959 0.0097 0.03299999 0.008099973 0.0097 0.03216505 0.008549988 0.0097 0.032732 0.00909996 0.0097 0.03125 0.009465038 0.0097 0.032 0.009832024 0.0097 0.03099995 0.01009994 0.0097 0.0129525 0.01009994 0.03972244 0.03099995 0.01009994 0.02219998 0.03413736 0.01009994 0.03498548 0.03334307 0.01009994 0.03597944 0.03444749 0.01009994 0.03377467 0.0322082 0.01009994 0.03655475 0.03444749 0.01009994 0.02219998 0.02784049 0.01009994 0.0379514 0.02364873 0.01009994 0.03981053 0.01968157 0.01009994 0.04211038 0.01889604 0.01009994 0.04247498 0.01594996 0.01009994 0.04259997 0.01482391 0.01009994 0.04238063 0.01386249 0.01009994 0.0417546 0.0180391 0.01009994 0.04259997 0.01320636 0.01009994 0.0408135 0.03099995 -0.01009994 0.02219998 0.02784049 -0.01009994 0.0379514 0.0322082 -0.01009994 0.03655475 0.0180391 -0.01009994 0.04259997 0.01889604 -0.01009994 0.04247498 0.01968157 -0.01009994 0.04211038 0.02364873 -0.01009994 0.03981053 0.01317834 -0.01009994 0.040748 0.01382863 -0.01009994 0.04172128 0.03444999 -0.01009994 0.02219998 0.03444999 -0.01009994 0.03365218 0.03416621 -0.01009994 0.03492569 0.0333687 -0.01009994 0.03595834 0.01594996 -0.01009994 0.04259997 0.01480191 -0.01009994 0.04237163 0.03299999 -0.008099973 0.02219998 0.03299999 0.008099973 0.02219998 0.032 -0.009832024 0.02219998 0.032732 -0.00909996 0.02219998 0.032 0.009832024 0.02219998 0.032732 0.00909996 0.02219998 0.03444999 0.00999999 0.02219998 0.02432185 -0.01581192 -0.01239997 0.02379369 -0.01638084 -0.01239997 0.01694995 0.01199996 -0.01239997 0.02340662 -0.01669114 -0.01239997 0.02329027 -0.01677238 -0.01239997 0.02494996 -0.01409149 -0.01239997 0.02487534 -0.0146889 -0.01239997 0.02477556 -0.01500606 -0.01239997 0.02250838 -0.01721042 -0.01239997 0.02171063 -0.01750868 -0.01239997 0.01694995 -0.01891678 -0.01239997 0.0244674 -0.01560562 -0.01239997 0.02225059 0.01199996 -0.01239997 0.02454781 -0.0154764 -0.01239997 0.02296173 0.0119313 -0.01239997 0.02325063 0.01186114 -0.01239997 0.02409255 0.01146948 -0.01239997 0.02450829 0.01110392 -0.01239997 0.02494996 0.00999999 -0.01239997 0.02384066 0.01162266 -0.01239997 0.02460533 0.01098507 -0.01239997 0.02484697 0.01055192 -0.01239997 0.02487331 0.01047724 -0.01239997 0.03244996 0.01199996 0.0364806 0.0322082 0.01199996 0.03655475 0.01541924 0.01199996 -0.01209551 0.02784049 0.01199996 0.0379514 0.01494997 0.01199996 -0.01186406 0.02364873 0.01199996 0.03981053 0.0180391 0.01199996 0.04259997 0.01594996 0.01199996 0.04259997 0.01494997 0.01199996 0.04242837 0.01889604 0.01199996 0.04247498 0.01968157 0.01199996 0.04211038 0.03244996 0.01199996 0.01065629 0.03239184 0.01199996 0.008623719 0.03221756 0.01199996 0.006597757 0.03049099 0.01199996 1.22811e-4 0.0288403 0.01199996 -0.003286957 0.02689588 0.01199996 -0.006538212 0.0246728 0.01199996 -0.009605705 0.03185367 0.01199996 0.004386663 0.03127628 0.01199996 0.002221524 0.01295 0.009799957 -0.005799949 0.01295 0.01009994 -0.008399963 0.01295 0.009495496 -0.007330715 0.01295 0.008839726 -0.008399963 0.03420454 -0.01126044 0.006369471 0.03420454 0.00999999 0.006369471 0.03438353 -0.01119059 0.00842303 0.03438854 0.00999999 0.008509397 0.03444999 -0.01116442 0.01065629 0.03444999 0.00999999 0.01065629 0.03444999 -0.01116442 0.03365218 0.0322082 -0.0141009 0.03655475 0.03002643 -0.01495206 0.03718745 0.02713209 -0.01590502 0.03822815 0.02364873 -0.0169354 0.03981053 0.01968157 -0.01810884 0.04211038 0.01594996 -0.0192126 0.04259997 0.0180391 -0.01859468 0.04259997 0.01889604 -0.01834118 0.04247498 0.03232777 0.00999999 -6.6852e-4 0.03232777 -0.01192086 -6.6852e-4 0.0306003 0.00999999 -0.004236876 0.03125065 -0.01228797 -0.002985358 0.03027665 0.00999999 -0.004825949 0.03004378 -0.01266884 -0.00523734 0.0285654 0.00999999 -0.007639348 0.02880126 -0.01302826 -0.007278025 0.0278086 0.00999999 -0.008750319 0.02780783 -0.0133025 -0.008751451 0.02623903 0.00999999 -0.01084947 0.02661979 -0.0136305 -0.01036322 0.03380894 0.00999999 0.003966093 0.03392505 -0.01136338 0.004538357 0.03352385 0.00999999 0.002781748 0.03351241 -0.01151245 0.002739131 0.03318136 0.00999999 0.001612663 0.03296691 -0.01170408 9.71557e-4 0.03435313 0.01061475 0.03440827 0.03422808 0.01091563 0.03478455 0.03418201 0.01099997 0.01065629 0.03429776 0.01076531 0.01065629 0.03344994 0.01173204 0.01065629 0.03369021 0.01156896 0.03564745 0.0338642 0.01141417 0.01065629 0.03395038 0.01132237 0.03530985 0.0341832 0.01099795 0.03488892 0.03261977 0.01199275 0.03641468 0.0330798 0.01189821 0.03617084 0.03321534 0.01184773 0.01065629 0.03328537 0.01181715 0.03602522 0.03345429 0.01172953 0.03588438 0.03315591 0.01184773 0.008579969 0.03380376 0.01141417 0.008542895 0.03297793 0.01184773 0.006510376 0.03362256 0.01141417 0.006436347 0.03405326 0.01076531 0.006386876 0.03423655 0.01076531 0.008518099 0.03303635 0.01076531 0.001659035 0.03119391 0.01184773 -1.80019e-4 0.03200536 0.01184773 0.00198853 0.03178977 0.01141417 -4.36745e-4 0.03262341 0.01141417 0.001791 0.03218793 0.01076531 -6.08284e-4 0.03366011 0.01076531 0.00399816 0.03323626 0.01141417 0.004089295 0.03260189 0.01184773 0.00422573 0.02843832 0.01076531 -0.007555484 0.02578026 0.01141417 -0.01048517 0.02527219 0.01184773 -0.01008164 0.02611976 0.01076531 -0.01075482 0.02807641 0.01141417 -0.007316827 0.02753478 0.01184773 -0.006959557 0.03046631 0.01076531 -0.004164576 0.03008478 0.01141417 -0.003958642 0.02951377 0.01184773 -0.003650426 0.01432019 0.01189821 0.04211866 0.01414746 0.01183187 -0.01125407 0.01397544 0.01174646 0.04185855 0.01397645 0.01174706 -0.01107543 0.01387435 0.01168608 0.04176604 0.01459485 0.01196819 -0.01163315 0.01447141 0.0119419 0.04221034 0.01334875 0.01119834 0.04109448 0.01346999 0.0113452 -0.01037216 0.01325136 0.01105576 0.04091048 0.01325315 0.01105868 -0.00992757 0.01317191 0.01091563 0.04073232 0.01383537 0.01166057 -0.01090979 0.01370972 0.01156896 0.04159528 0.0131672 0.01090651 -0.009700298 0.01299649 0.0104289 -0.009008347 0.0129525 0.01009994 -0.008541405 0.01299297 0.01041245 0.04010605 0.02509605 -0.01650726 -0.008529901 0.0144934 -0.01964342 -0.0115568 0.01541924 -0.0193696 -0.01209551 0.02713209 -0.01590502 -0.005650401 0.01480191 -0.01955217 0.04237163 0.0144934 -0.01964342 0.04222267 0.03123193 -0.01449638 0.001961708 0.03174263 -0.01429247 0.00351721 0.03151541 -0.01438403 0.0036152 0.03212893 -0.01413393 0.005100548 0.03239053 -0.01402437 0.0067119 0.03256577 -0.01395004 0.008601427 0.03063362 -0.01472699 5.18476e-4 0.02956414 -0.01511752 -0.001643896 0.0326308 -0.01392227 0.01065629 0.02836579 -0.01552271 -0.003745734 0.0326308 -0.01392227 0.03640997 0.03337979 -0.01346135 0.03594911 0.03358799 -0.01326888 0.03575664 0.03358799 -0.01326888 0.01065629 0.03422611 -0.0123015 0.01065629 0.03422611 -0.0123015 0.03478926 0.0335232 -0.01329743 0.008527815 0.03334867 -0.01337379 0.006570279 0.03416097 -0.01232928 0.00846523 0.03398537 -0.01240354 0.006450057 0.0321663 -0.0131126 -4.04825e-4 0.03156799 -0.01410359 1.43749e-5 0.03278684 -0.01287943 0.001195907 0.03217536 -0.01386356 0.001544892 0.03331565 -0.01267367 0.002918481 0.03371512 -0.01251387 0.004669606 0.03269302 -0.01365178 0.003192186 0.03308403 -0.01348727 0.004867136 0.02930676 -0.01492625 -0.004395723 0.02807348 -0.01532405 -0.006369352 0.02990281 -0.01391249 -0.004925608 0.02866822 -0.01429903 -0.006949305 0.03050255 -0.01450657 -0.00222063 0.03109979 -0.0135045 -0.002695679 0.02598291 -0.01593607 -0.009344995 0.02652662 -0.01490956 -0.009999155 0.01382863 -0.01897865 0.04172128 0.01317834 -0.0183283 0.040748 0.01300764 -0.0181576 0.04018527 0.01412153 -0.01927155 -0.01122838 0.01302683 -0.01817685 -0.009180307 0.01325446 -0.01840448 -0.009930729 0.01362407 -0.01877409 -0.01062226 0.01295655 0.008627891 -0.008628904 0.0129565 -0.008628427 -0.008628427 0.01301628 -0.008023083 -0.009125292 0.01310294 -0.007330715 -0.009495496 0.01317489 -0.006583809 -0.009722411 0.01320296 -0.005799949 -0.009799957 0.01320296 0.005799949 -0.009799957 0.01310294 0.007330715 -0.009495496 0.01301681 0.008018851 -0.009128093 0.01317512 0.006580471 -0.009723067 0.01249998 0.005549967 -0.009799957 0.01249998 0.005799949 -0.009799957 0.01249998 -0.005799949 -0.009799957 0.01249998 -0.005549967 -0.009799957 0.008613944 -0.005549967 -0.009799957 0.007809996 -0.004497826 -0.009799957 0.006809473 -0.003630459 -0.009799957 0.008613944 0.005549967 -0.009799957 0.005653977 -0.002983868 -0.009799957 0.008314251 0.005104064 -0.009799957 0.007651805 0.004335343 -0.009799957 0.004085779 0.002529203 -0.009799957 0.005072772 0.00276488 -0.009799957 0.004391372 -0.002584815 -0.009799957 0.006011068 0.003151357 -0.009799957 0.006877779 0.003679096 -0.009799957 0.003074109 0.002449989 -0.009799957 0.003074109 -0.002449989 -0.009799957 0 0.002449989 -0.009799957 0 -0.002449989 -0.009799957 -5.45176e-4 -0.002388536 -0.009799957 -0.002207338 0.001062989 -0.009799957 -0.001915454 0.001527547 -0.009799957 -0.002388536 5.45176e-4 -0.009799957 -0.002449989 0 -0.009799957 -0.001915454 -0.001527547 -0.009799957 -0.002207338 -0.001062989 -0.009799957 -0.002388536 -5.45176e-4 -0.009799957 -5.45176e-4 0.002388536 -0.009799957 -0.001062989 0.002207338 -0.009799957 -0.001062989 -0.002207338 -0.009799957 -0.001527547 -0.001915454 -0.009799957 -0.001527547 0.001915454 -0.009799957 0.01249998 -0.009799957 -0.005799949 0.01249998 -0.009495496 -0.007330715 0.01249998 -0.007330715 -0.009495496 0.01249998 -0.008628427 -0.008628427 0.01249998 0.009799957 -0.005799949 0.01249998 0.008628427 -0.008628427 0.01249998 0.007330715 -0.009495496 0.01249998 0.009495496 -0.007330715 0.03249996 -0.007299959 0.0187 0.03249996 -0.002999961 0.0187 0.03249996 0.004699945 0.03069996 0.03249996 -0.002999961 0.03069996 0.03249996 0.004699945 0.02219998 0.03249996 0.007299959 0.02219998 0.01889997 0.009799957 0.009799957 0.01249998 0.009799957 0.009799957 0.02016389 0.009799957 0.02600419 0.019584 0.009799957 0.02576398 0.01889997 0.009799957 0.02532249 0.0281257 0.009799957 0.0261507 0.02873605 0.009799957 0.02600419 0.02077424 0.009799957 0.0261507 0.02139997 0.009799957 0.02619999 0.02749997 0.009799957 0.02619999 0.02931594 0.009799957 0.02576398 0.02985113 0.009799957 0.02543604 0.02999997 0.009799957 0.02532249 0.0281257 -0.009799957 0.02265071 0.02749997 -0.009799957 0.02269995 0.01889997 -0.009799957 0.009799957 0.01249998 -0.009799957 0.009799957 0.02139997 -0.009799957 0.02269995 0.02077424 -0.009799957 0.02265071 0.02016389 -0.009799957 0.02250421 0.02999997 -0.009799957 0.02182245 0.02931594 -0.009799957 0.022264 0.02873605 -0.009799957 0.02250421 0.019584 -0.009799957 0.022264 0.01904881 -0.009799957 0.02193605 0.01889997 -0.009799957 0.02182245 0.03146648 -0.009324669 0.02083921 0.03125351 -0.009463012 0.02102887 0.03059172 -0.009728908 0.02150154 0.03090184 -0.009631633 0.02129834 0.0321663 -0.008547723 0.01994955 0.03186637 -0.008963286 0.02040195 0.03247612 -0.007644295 0.01903784 0.03246384 -0.007723331 0.01911568 0.03225153 -0.008386552 0.01978182 0.03249996 -0.007310986 0.01871079 0.0321663 0.008547723 0.02344954 0.03225153 0.008386552 0.02328181 0.03246384 0.007723331 0.02261573 0.03249996 0.007309496 0.02221167 0.03247612 0.007644295 0.02253782 0.03186637 0.008963286 0.02390193 0.03146648 0.009324669 0.02433919 0.03059172 0.009728908 0.02500152 0.03090184 0.009631633 0.02479833 0.03125351 0.009463012 0.02452886 0.01249998 0.006799995 0.009465038 0.01249998 0.005549967 0.009799957 0.01249998 0.006799995 -0.009465038 0.01249998 0.008049964 -0.007299959 0.01249998 0.008049964 0.007299959 0.01249998 0.007715046 0.008549988 0.01249998 0.007715046 -0.008549988 0.01249998 -0.005549967 0.009799957 0.01249998 -0.006799995 0.009465038 0.01249998 -0.006799995 -0.009465038 0.01249998 -0.007715046 -0.008549988 0.01249998 -0.008049964 -0.007299959 0.01249998 -0.007715046 0.008549988 0.01249998 -0.008049964 0.007299959 0.01639997 0.007299959 0.009799957 0.01673489 0.008549988 0.009799957 0.01764994 0.009465038 0.009799957 0.007364213 0.005549967 0.009799957 0.01764994 -0.009465038 0.009799957 0.01673489 -0.008549988 0.009799957 0.01639997 -0.007299959 0.009799957 0.00150299 -0.004768729 0.009799957 0.002290606 -0.00444442 0.009799957 0.003180265 0.00411266 0.009799957 0.006692886 0.00487864 0.009799957 0.006071567 0.004401922 0.009799957 0.007364213 -0.005549967 0.009799957 0.005348026 0.00410217 0.009799957 0.006692886 -0.00487864 0.009799957 0.006238281 -0.004505574 0.009799957 0.002290606 0.00444442 0.009799957 -1.78899e-4 -0.004996776 0.009799957 6.71808e-4 -0.004954636 0.009799957 -0.002602577 -0.004269242 0.009799957 -0.001840174 -0.004649043 0.009799957 -0.001024365 -0.004893898 0.009799957 -0.004359602 0.002448141 0.009799957 -0.004711866 0.001672625 0.009799957 -0.004927396 8.48654e-4 0.009799957 -0.004999995 0 0.009799957 -0.004927396 -8.48654e-4 0.009799957 -0.004711866 -0.001672625 0.009799957 -0.004359602 -0.002448141 0.009799957 0.00150299 0.004768729 0.009799957 6.71808e-4 0.004954636 0.009799957 -0.003289401 0.003765523 0.009799957 -1.78899e-4 0.004996776 0.009799957 -0.001024365 0.004893898 0.009799957 -0.001840174 0.004649043 0.009799957 -0.002602577 0.004269242 0.009799957 -0.003880798 0.003152608 0.009799957 -0.003880798 -0.003152608 0.009799957 -0.003289401 -0.003765523 0.009799957 0.003180265 -0.00411266 0.009799957 0.004123091 -0.003999948 0.009799957 0.004123091 0.003999948 0.009799957 0.004571557 0.003999948 0.009799957 0.004571557 -0.003999948 0.009799957 0.005156815 -0.004057586 0.009799957 0.005719602 -0.004228353 0.009799957 0.01639997 0.004699945 0.02219998 0.01639997 0.007299959 0.02219998 0.01639997 -0.007299959 0.0187 0.01639997 -0.002999961 0.0187 0.01639997 -0.002999961 0.03069996 0.01639997 0.004699945 0.03069996 0.02749997 -0.00879997 0.02369999 0.02749997 -0.004499971 0.02369999 0.02139997 -0.00879997 0.02369999 0.02139997 -0.004499971 0.02369999 0.01673364 -0.008547723 0.01994955 0.01664847 -0.008386552 0.01978182 0.0164361 -0.007723331 0.01911568 0.01639997 -0.007310986 0.01871079 0.01642382 -0.007644295 0.01903784 0.01703357 -0.008963286 0.02040195 0.01743346 -0.009324669 0.02083921 0.01830822 -0.009728908 0.02150154 0.01799809 -0.009631633 0.02129834 0.01764643 -0.009463012 0.02102887 0.02139997 0.00879997 0.02719998 0.02139997 0.006199955 0.02719998 0.02749997 0.00879997 0.02719998 0.02749997 0.006199955 0.02719998 0.01743346 0.009324669 0.02433919 0.01764643 0.009463012 0.02452886 0.01830822 0.009728908 0.02500152 0.01799809 0.009631633 0.02479833 0.01673364 0.008547723 0.02344954 0.01703357 0.008963286 0.02390193 0.01642382 0.007644295 0.02253782 0.0164361 0.007723331 0.02261573 0.01664847 0.008386552 0.02328181 0.01639997 0.007309496 0.02221167 0.03232407 -0.002999961 0.03237366 0.03232407 0.004699945 0.03237366 0.03217387 -0.002999961 0.03296792 0.03217387 0.004699945 0.03296792 0.03180402 -0.002999961 0.03397423 0.03180402 0.004699945 0.03397423 0.03122204 -0.002999961 0.03505212 0.03122204 0.004699945 0.03505212 0.03096258 -0.002999961 0.03543162 0.03096258 0.004699945 0.03543162 0.02983647 -0.002999961 0.0366823 0.02983647 0.004699945 0.0366823 0.02972161 -0.002999961 0.03678375 0.02972161 0.004699945 0.03678375 0.02847498 -0.002999961 0.0376715 0.02847498 0.004699945 0.0376715 0.02779406 -0.002999961 0.03802251 0.02779406 0.004699945 0.03802251 0.02693754 -0.002999961 0.038356 0.02693754 0.004699945 0.038356 0.0255956 -0.002999961 0.03866803 0.0255956 0.004699945 0.03866803 0.02529144 -0.002999961 0.03870588 0.02529144 0.004699945 0.03870588 0.0236085 -0.002999961 0.03870588 0.0236085 0.004699945 0.03870588 0.02330434 -0.002999961 0.03866803 0.02330434 0.004699945 0.03866803 0.0219624 -0.002999961 0.038356 0.0219624 0.004699945 0.038356 0.02110588 -0.002999961 0.03802251 0.02110588 0.004699945 0.03802251 0.02042496 -0.002999961 0.0376715 0.02042496 0.004699945 0.0376715 0.01917833 -0.002999961 0.03678375 0.01917833 0.004699945 0.03678375 0.01906347 -0.002999961 0.0366823 0.01906347 0.004699945 0.0366823 0.01793736 -0.002999961 0.03543162 0.01793736 0.004699945 0.03543162 0.0176779 -0.002999961 0.03505212 0.0176779 0.004699945 0.03505212 0.01709592 -0.002999961 0.03397423 0.01709592 0.004699945 0.03397423 0.01672607 -0.002999961 0.03296792 0.01672607 0.004699945 0.03296792 0.01657587 -0.002999961 0.03237366 0.01657587 0.004699945 0.03237366 0.01846104 0.006199955 0.02624505 0.01789999 0.006199955 0.02577066 0.01789999 0.006199955 0.03069996 0.0198549 0.006199955 0.02695524 0.02228492 0.006199955 0.02944999 0.02319997 0.006199955 0.02853488 0.02445 0.006199955 0.02819997 0.02569997 0.006199955 0.02853488 0.02904504 0.006199955 0.02695524 0.02661502 0.006199955 0.02944999 0.03043889 0.006199955 0.02624505 0.02695 0.006199955 0.03069996 0.02319997 0.006199955 0.03286504 0.02117496 0.006199955 0.03637242 0.02242588 0.006199955 0.03692936 0.03099995 0.006199955 0.02577066 0.03099995 0.006199955 0.03069996 0.03085684 0.006199955 0.03206181 0.02661502 0.006199955 0.03194999 0.03043371 0.006199955 0.03336411 0.02974903 0.006199955 0.03454995 0.02445 0.006199955 0.03319996 0.02883279 0.006199955 0.03556758 0.02569997 0.006199955 0.03286504 0.02772498 0.006199955 0.03637242 0.02006715 0.006199955 0.03556758 0.02228492 0.006199955 0.03194999 0.01915091 0.006199955 0.03454995 0.02195 0.006199955 0.03069996 0.0180431 0.006199955 0.03206181 0.01846623 0.006199955 0.03336411 0.02376532 0.006199955 0.0372141 0.02513462 0.006199955 0.0372141 0.02647405 0.006199955 0.03692936 0.03099995 -0.004499971 0.03069996 0.02695 -0.004499971 0.03069996 0.03099995 -0.004499971 0.02227067 0.02661502 -0.004499971 0.02944999 0.03043889 -0.004499971 0.02274507 0.02883279 -0.004499971 0.03556758 0.02569997 -0.004499971 0.03286504 0.02661502 -0.004499971 0.03194999 0.03085684 -0.004499971 0.03206181 0.03043371 -0.004499971 0.03336411 0.02974903 -0.004499971 0.03454995 0.02904504 -0.004499971 0.02345526 0.02569997 -0.004499971 0.02853488 0.02445 -0.004499971 0.02819997 0.02319997 -0.004499971 0.02853488 0.0198549 -0.004499971 0.02345526 0.01846104 -0.004499971 0.02274507 0.02228492 -0.004499971 0.02944999 0.01789999 -0.004499971 0.02227067 0.02513462 -0.004499971 0.0372141 0.02445 -0.004499971 0.03319996 0.02647405 -0.004499971 0.03692936 0.02772498 -0.004499971 0.03637242 0.02376532 -0.004499971 0.0372141 0.02242588 -0.004499971 0.03692936 0.02319997 -0.004499971 0.03286504 0.01789999 -0.004499971 0.03069996 0.02195 -0.004499971 0.03069996 0.0180431 -0.004499971 0.03206181 0.02228492 -0.004499971 0.03194999 0.01846623 -0.004499971 0.03336411 0.02117496 -0.004499971 0.03637242 0.02006715 -0.004499971 0.03556758 0.01915091 -0.004499971 0.03454995 0.02061778 0.00879997 0.02713841 0.01639997 0.00470674 0.02221238 0.01647001 0.005153059 0.02303409 0.01639997 0.007306575 0.02221345 0.01660001 0.005448341 0.0236001 0.0198549 0.00879997 0.02695524 0.01913005 0.00879997 0.02665501 0.01827496 0.00879997 0.02610307 0.01783114 0.008757352 0.02570194 0.01766091 0.006180822 0.02551949 0.01759856 0.00869894 0.02544796 0.01726752 0.006060123 0.02501475 0.01717507 0.008514761 0.02487403 0.01714652 0.005997002 0.02482831 0.01687514 0.00829792 0.02432745 0.01693546 0.005848765 0.02445125 0.0165863 0.007951915 0.02355229 0.01665341 0.005534291 0.02377164 0.01642704 0.007553994 0.02271962 0.01641786 0.007506549 0.02262228 0.03231364 0.007951915 0.02355229 0.03224653 0.005534291 0.02377164 0.0324729 0.007553994 0.02271962 0.03230005 0.005448162 0.02359974 0.03248208 0.007506549 0.02262228 0.03249996 0.007306575 0.02221345 0.03244227 0.005112111 0.02295756 0.03249996 0.00470674 0.02221238 0.0310688 0.008757352 0.02570194 0.03062498 0.00879997 0.02610307 0.03130137 0.00869894 0.02544796 0.03143239 0.006136298 0.02528804 0.03172487 0.008514761 0.02487403 0.03163242 0.006060123 0.02501475 0.0320248 0.00829792 0.02432745 0.03175419 0.005996584 0.02482706 0.03201103 0.005808055 0.02435648 0.03043889 0.00879997 0.02624505 0.02976995 0.00879997 0.02665501 0.02828216 0.00879997 0.02713841 0.02904504 0.00879997 0.02695524 0.01659989 -0.003748178 0.02009975 0.01665341 -0.003834307 0.02027165 0.01639997 -0.007308065 0.01871258 0.01641786 -0.007506549 0.0191223 0.01642704 -0.007553994 0.01921963 0.0165863 -0.007951915 0.02005231 0.01645773 -0.003412127 0.01945757 0.01639997 -0.003006756 0.0187124 0.01783114 -0.008757352 0.02220195 0.01827496 -0.00879997 0.02260309 0.01759856 -0.00869894 0.02194792 0.01746761 -0.004436314 0.02178806 0.01717507 -0.008514761 0.02137398 0.01726752 -0.004360139 0.02151477 0.01687514 -0.00829792 0.02082747 0.01714575 -0.004296541 0.02132701 0.01688891 -0.004108011 0.02085649 0.01846104 -0.00879997 0.02274507 0.01913005 -0.00879997 0.02315503 0.02061778 -0.00879997 0.02363842 0.0198549 -0.00879997 0.02345526 0.02828216 -0.00879997 0.02363842 0.02904504 -0.00879997 0.02345526 0.02976995 -0.00879997 0.02315503 0.03062498 -0.00879997 0.02260309 0.03231364 -0.007951915 0.02005231 0.03175342 -0.004297018 0.02132833 0.0320248 -0.00829792 0.02082747 0.03163242 -0.004360139 0.02151477 0.03172487 -0.008514761 0.02137398 0.03123903 -0.004480779 0.0220195 0.03130137 -0.00869894 0.02194792 0.0310688 -0.008757352 0.02220195 0.03249996 -0.003006756 0.0187124 0.0324729 -0.007553994 0.01921963 0.03224653 -0.003834307 0.02027165 0.03196448 -0.004148781 0.02095127 0.03242993 -0.003453075 0.01953405 0.03229993 -0.003748357 0.02010011 0.03249996 -0.007308065 0.01871258 0.03248208 -0.007506549 0.0191223 0.01724994 0.00911653 0.02455079 0.01641893 0.007598638 0.02256613 0.0164287 0.007667303 0.02265053 0.01659888 0.008249163 0.02337574 0.01691365 0.008771657 0.02405941 0.0164169 0.007552683 0.02259427 0.01642566 0.007610738 0.02268522 0.01657795 0.008102774 0.02346682 0.01685947 0.008544147 0.0242049 0.01716017 0.008835196 0.02473658 0.01760196 0.009104132 0.02531111 0.01785457 0.009201169 0.02557289 0.0183587 0.009299993 0.02599853 0.01774376 0.009435236 0.02508056 0.01802581 0.009549915 0.02532148 0.01858747 0.009666025 0.02571278 0.01935702 0.009666025 0.02620953 0.01919084 0.009299993 0.02653563 0.01989626 0.009299993 0.02682781 0.02063876 0.009299993 0.02700608 0.02139997 0.009299993 0.02706599 0.02000939 0.009666025 0.02647972 0.02069604 0.009666025 0.02664458 0.02139997 0.009666025 0.02669996 0.02749997 0.009666025 0.02669996 0.02749997 0.009299993 0.02706599 0.0282039 0.009666025 0.02664458 0.02826118 0.009299993 0.02700608 0.02900367 0.009299993 0.02682781 0.0297091 0.009299993 0.02653563 0.03036016 0.009299993 0.02613669 0.03054124 0.009299993 0.02599853 0.02889055 0.009666025 0.02647972 0.02954292 0.009666025 0.02620953 0.03014498 0.009666025 0.02584058 0.03031247 0.009666025 0.02571278 0.03248101 0.007598638 0.02256613 0.03247123 0.007667303 0.02265053 0.03230106 0.008249163 0.02337574 0.03198629 0.008771657 0.02405941 0.03115618 0.009435236 0.02508056 0.03165 0.00911653 0.02455079 0.03087413 0.009549915 0.02532148 0.03248304 0.007552683 0.02259427 0.03247427 0.007610738 0.02268522 0.03232198 0.008102774 0.02346682 0.03204047 0.008544147 0.0242049 0.03173977 0.008835196 0.02473658 0.03129798 0.009104132 0.02531111 0.03104537 0.009201169 0.02557289 0.03165 -0.00911653 0.02105075 0.03248101 -0.007598638 0.01906609 0.03247123 -0.007667303 0.01915055 0.03230106 -0.008249163 0.01987576 0.03198629 -0.008771657 0.02055943 0.03248304 -0.007552683 0.01909428 0.03247427 -0.007610738 0.01918524 0.03232198 -0.008102774 0.01996678 0.03204047 -0.008544147 0.02070492 0.03173977 -0.008835196 0.02123659 0.03129798 -0.009104132 0.02181112 0.03104537 -0.009201169 0.02207285 0.03054124 -0.009299993 0.02249848 0.03115618 -0.009435236 0.02158057 0.03087413 -0.009549915 0.02182143 0.03031247 -0.009666025 0.0222128 0.02954292 -0.009666025 0.02270948 0.0297091 -0.009299993 0.02303564 0.02900367 -0.009299993 0.02332782 0.02826118 -0.009299993 0.0235061 0.02749997 -0.009299993 0.023566 0.02889055 -0.009666025 0.02297973 0.0282039 -0.009666025 0.0231446 0.02749997 -0.009666025 0.02319997 0.02139997 -0.009666025 0.02319997 0.02139997 -0.009299993 0.023566 0.02069604 -0.009666025 0.0231446 0.02063876 -0.009299993 0.0235061 0.01989626 -0.009299993 0.02332782 0.01919084 -0.009299993 0.02303564 0.01853978 -0.009299993 0.02263665 0.0183587 -0.009299993 0.02249848 0.02000939 -0.009666025 0.02297973 0.01935702 -0.009666025 0.02270948 0.01875495 -0.009666025 0.02234053 0.01858747 -0.009666025 0.0222128 0.01641893 -0.007598638 0.01906609 0.0164287 -0.007667303 0.01915055 0.01659888 -0.008249163 0.01987576 0.01691365 -0.008771657 0.02055943 0.01774376 -0.009435236 0.02158057 0.01724994 -0.00911653 0.02105075 0.01802581 -0.009549915 0.02182143 0.0164169 -0.007552683 0.01909428 0.01642566 -0.007610738 0.01918524 0.01657795 -0.008102774 0.01996678 0.01685947 -0.008544147 0.02070492 0.01716017 -0.008835196 0.02123659 0.01760196 -0.009104132 0.02181112 0.01785457 -0.009201169 0.02207285 0.01714998 -0.004298985 0.03069996 0.01732593 -0.004385769 0.03069996 0.01660096 -0.003749966 0.03069996 0.01683932 -0.004060626 0.03069996 0.01651418 -0.003574013 0.03069996 0.03087019 -0.003574013 0.0353645 0.02841788 -0.003574013 0.03757262 0.02690225 -0.003574013 0.0382474 0.01748162 -0.004385769 0.03218114 0.03141832 -0.004385769 0.03218114 0.01794183 -0.004385769 0.03359758 0.01868653 -0.004385769 0.03488737 0.01968306 -0.004385769 0.03599417 0.01700562 -0.004060626 0.03228229 0.0174973 -0.004060626 0.03379553 0.01829284 -0.004060626 0.03517341 0.01935744 -0.004060626 0.03635579 0.03021341 -0.004385769 0.03488737 0.03095811 -0.004385769 0.03359758 0.0306071 -0.004060626 0.03517341 0.03140264 -0.004060626 0.03379553 0.03189432 -0.004060626 0.03228229 0.01668757 -0.003574013 0.03234994 0.01720023 -0.003574013 0.03392773 0.01802974 -0.003574013 0.0353645 0.01913988 -0.003574013 0.03659743 0.02088797 -0.004385769 0.03686958 0.0222485 -0.004385769 0.03747534 0.02064466 -0.004060626 0.03729099 0.02209812 -0.004060626 0.03793811 0.02048206 -0.003574013 0.03757262 0.02199769 -0.003574013 0.0382474 0.0237053 -0.004385769 0.03778499 0.02365446 -0.004060626 0.03826892 0.02362048 -0.003574013 0.03859233 0.02519464 -0.004385769 0.03778499 0.02524548 -0.004060626 0.03826892 0.02527952 -0.003574013 0.03859233 0.03157401 -0.004385769 0.03069996 0.03174996 -0.004298985 0.03069996 0.03206062 -0.004060626 0.03069996 0.03229904 -0.003749966 0.03069996 0.03169971 -0.003574013 0.03392773 0.03221237 -0.003574013 0.03234994 0.03238576 -0.003574013 0.03069996 0.02680182 -0.004060626 0.03793811 0.02665144 -0.004385769 0.03747534 0.02825528 -0.004060626 0.03729099 0.02801197 -0.004385769 0.03686958 0.02976006 -0.003574013 0.03659743 0.0295425 -0.004060626 0.03635579 0.02921688 -0.004385769 0.03599417 0.03174996 0.005999028 0.03069996 0.03157401 0.006085813 0.03069996 0.03229904 0.00544995 0.03069996 0.03206062 0.00576061 0.03069996 0.03238576 0.005273997 0.03069996 0.01802974 0.005273997 0.0353645 0.02048206 0.005273997 0.03757262 0.02199769 0.005273997 0.0382474 0.03141832 0.006085813 0.03218114 0.01748162 0.006085813 0.03218114 0.03095811 0.006085813 0.03359758 0.03021341 0.006085813 0.03488737 0.02921688 0.006085813 0.03599417 0.03189432 0.00576061 0.03228229 0.03140264 0.00576061 0.03379553 0.0306071 0.00576061 0.03517341 0.0295425 0.00576061 0.03635579 0.01868653 0.006085813 0.03488737 0.01794183 0.006085813 0.03359758 0.01829284 0.00576061 0.03517341 0.0174973 0.00576061 0.03379553 0.01700562 0.00576061 0.03228229 0.03221237 0.005273997 0.03234994 0.03169971 0.005273997 0.03392773 0.03087019 0.005273997 0.0353645 0.02976006 0.005273997 0.03659743 0.02801197 0.006085813 0.03686958 0.02665144 0.006085813 0.03747534 0.02825528 0.00576061 0.03729099 0.02680182 0.00576061 0.03793811 0.02841788 0.005273997 0.03757262 0.02690225 0.005273997 0.0382474 0.02519464 0.006085813 0.03778499 0.02524548 0.00576061 0.03826892 0.02527952 0.005273997 0.03859233 0.0237053 0.006085813 0.03778499 0.02365446 0.00576061 0.03826892 0.02362048 0.005273997 0.03859233 0.01732593 0.006085813 0.03069996 0.01714998 0.005999028 0.03069996 0.01683932 0.00576061 0.03069996 0.01660096 0.00544995 0.03069996 0.01720023 0.005273997 0.03392773 0.01668757 0.005273997 0.03234994 0.01651418 0.005273997 0.03069996 0.02209812 0.00576061 0.03793811 0.0222485 0.006085813 0.03747534 0.02064466 0.00576061 0.03729099 0.02088797 0.006085813 0.03686958 0.01913988 0.005273997 0.03659743 0.01935744 0.00576061 0.03635579 0.01968306 0.006085813 0.03599417 0.005985736 0.00558573 0.005427837 0.006554067 0.00615406 0.005115509 0.005985736 0.00558573 0.004899978 0.007337927 0.006937921 0.005087256 0.008157074 0.007757067 0.004899978 0.008035242 0.007635235 0.005446374 0.008157074 0.007757067 0.005568683 0.005985736 -0.00558573 0.00879997 0.005985736 -0.00558573 0.007772088 0.006657063 -0.006257057 0.00879997 0.006554067 -0.00615406 0.008084475 0.00738269 -0.006982684 0.008612811 0.007337927 -0.006937921 0.008112668 0.007923901 -0.007523953 0.008103132 0.008035242 -0.007635235 0.007753551 0.008106827 -0.00770682 0.007685065 0.009499967 0.008049964 0.004899978 0.008864164 0.008049964 0.004899978 0.008864164 0.008049964 0.006052255 0.008864164 0.008049964 0.007147669 0.008864164 0.008049964 0.007299959 0.009499967 0.008049964 -0.006052255 0.009499967 0.008049964 -0.007147669 0.009290218 0.008049964 -0.007299959 0.009290218 0.008049964 -0.007147669 0.008864164 -0.008049964 0.006052255 0.008864164 -0.008049964 0.004899978 0.009499967 -0.008049964 0.004899978 0.008864164 -0.008049964 0.007299959 0.008864164 -0.008049964 0.007147669 0.009290218 -0.008049964 -0.007147669 0.009290218 -0.008049964 -0.007299959 0.009499967 -0.008049964 -0.007147669 0.009499967 -0.008049964 -0.006052255 0.002526462 0.005442142 0.005569517 0.002748727 0.005333304 0.005706608 0.002748727 0.005333304 0.004899978 -0.003123104 -0.005123078 0.007070362 -0.00286442 -0.00527203 0.007399439 -0.003123104 -0.005123078 0.00879997 -0.002526462 -0.005442142 0.007630467 -0.002208232 -0.005578815 0.00879997 -0.001903176 -0.005690097 0.007854819 -0.001229286 -0.005872666 0.00879997 -0.001229286 -0.005872666 0.007968723 -2.14679e-4 -0.005996108 0.00879997 -2.17738e-4 -0.005996048 0.008027493 8.06169e-4 -0.005945563 0.00879997 8.06169e-4 -0.005945563 0.008005023 0.001803576 -0.005722463 0.00879997 0.001697182 -0.005754947 0.007899343 0.002748727 -0.005333304 0.00879997 0.002526462 -0.005442142 0.007630467 0.002748727 -0.005333304 0.007493317 -0.00323981 -0.005050063 0.006584465 -0.00317198 -0.005092978 0.006962478 -0.00465697 -0.003783106 0.00879997 -0.003947317 -0.004518628 0.00879997 -0.002483248 -0.00546199 0.005547642 -0.002846956 -0.005281507 0.005784988 -0.003123104 -0.005123078 0.004899978 -0.003132522 -0.005117297 0.006148099 -0.00465697 -0.003783106 0.004899978 -0.003160417 -0.005100131 0.006208777 8.06169e-4 -0.005945563 0.004899978 -2.14383e-4 -0.005996167 0.005172431 -0.001229286 -0.005872666 0.004899978 -0.001229286 -0.005872666 0.005231201 -0.001877963 -0.005698502 0.005339086 0.002748727 -0.005333304 0.005706608 0.002483248 -0.00546199 0.005547642 0.002748727 -0.005333304 0.004899978 0.001675963 -0.005761146 0.005296587 8.06169e-4 -0.005945563 0.005194902 -0.001229286 0.005872666 0.004899978 -2.17738e-4 0.005996048 0.005172491 8.06169e-4 0.005945563 0.004899978 8.06169e-4 0.005945563 0.005194902 0.001697182 0.005754947 0.005300581 -0.00286442 0.00527203 0.005800545 -0.002526462 0.005442142 0.005569517 -0.003123104 0.005123078 0.004899978 -0.001903176 0.005690097 0.005345106 -0.001229286 0.005872666 0.005231201 -0.003160417 0.005100131 0.006991147 -0.00323981 0.005050063 0.006615459 -0.00465697 0.003783106 0.004899978 -0.00317198 0.005092978 0.006237447 -0.003123104 0.005123078 0.006129562 -0.002483248 0.00546199 0.007652342 -0.003123104 0.005123078 0.00879997 -0.001877963 0.005698502 0.007860839 -0.002208232 0.005578815 0.00879997 -0.001229286 0.005872666 0.007968723 -0.001229286 0.005872666 0.00879997 -2.14383e-4 0.005996167 0.008027493 -2.14679e-4 0.005996108 0.00879997 8.06169e-4 0.005945563 0.008005023 8.06169e-4 0.005945563 0.00879997 0.001675963 0.005761146 0.007903397 0.001803576 0.005722463 0.00879997 0.002483248 0.00546199 0.007652342 0.002748727 0.005333304 0.00879997 0.002748727 0.005333304 0.007493317 -0.005231559 -0.002937793 0.00879997 -0.005654275 -0.002007186 0.004899978 -0.005654275 -0.002007186 0.00879997 -0.005912899 -0.001018345 0.00879997 -0.005999982 0 0.004899978 -0.005999982 0 0.00879997 -0.005912899 0.001018345 0.00879997 -0.005654275 0.002007186 0.004899978 -0.002846956 0.005281507 0.007414937 -0.003132522 0.005117297 0.007051825 -0.003947317 0.004518628 0.00879997 -0.00465697 0.003783106 0.00879997 -0.005231559 0.002937793 0.00879997 -0.005654275 0.002007186 0.00879997 -0.002499997 0 -0.006399989 -0.002165019 0.001249969 -0.006399989 -0.002697288 0.002151012 -0.006399989 0.006292641 -0.004490017 -0.006399989 0.006965219 -0.005062937 -0.006399989 0.008499979 -0.005062937 -0.006399989 0.008499979 0.005062937 -0.006399989 0.002165019 0.001249969 -0.006399989 0.002499997 0 -0.006399989 0.002165019 -0.001249969 -0.006399989 -0.001496851 0.003108322 -0.006399989 -0.001249969 0.002165019 -0.006399989 0 0.003449976 -0.006399989 0 0.002499997 -0.006399989 0.003074109 0.003449976 -0.006399989 0.001249969 0.002165019 -0.006399989 0.004765272 0.003716409 -0.006399989 0.006292641 0.004490017 -0.006399989 0.006965219 0.005062937 -0.006399989 -0.00336349 7.67697e-4 -0.006399989 -0.00336349 -7.67697e-4 -0.006399989 -0.002165019 -0.001249969 -0.006399989 -0.002697288 -0.002151012 -0.006399989 -0.001249969 -0.002165019 -0.006399989 -0.001496851 -0.003108322 -0.006399989 0 -0.002499997 -0.006399989 0 -0.003449976 -0.006399989 0.001249969 -0.002165019 -0.006399989 0.003074109 -0.003449976 -0.006399989 0.004765272 -0.003716409 -0.006399989 0.008125901 0.006775259 -0.008549451 0.007996976 0.006497383 -0.008146584 0.00818479 0.006917417 -0.008419871 0.008176386 0.006896495 -0.008121371 0.008258461 0.007113575 -0.008158981 0.008280813 0.007177948 -0.008038163 0.006995558 0.005093514 -0.006964802 0.006292641 0.004490017 -0.00879997 0.00713396 0.005239486 -0.007342696 0.007326483 0.005461812 -0.007652163 0.008003413 0.006510376 -0.008708119 0.007934331 0.006375432 -0.008756756 0.007789075 0.006118178 -0.00807321 0.007761657 0.006073057 -0.00879997 0.007508099 0.00569576 -0.007858872 0.007508099 0.00569576 -0.00879997 0.006947517 0.005045294 -0.00879997 0.005559265 0.004043459 -0.00879997 0.003074109 0.003449976 -0.00879997 0.003930151 0.003516972 -0.00879997 0.004765272 0.003716409 -0.00879997 0.006995558 -0.005093514 -0.006964802 0.008172452 -0.00688672 -0.008451223 0.00824964 -0.00708878 -0.008199393 0.00817418 -0.006891071 -0.008122384 0.008271515 -0.007150769 -0.008092284 0.008280813 -0.007177948 -0.008038163 0.008138298 -0.006804287 -0.008526027 0.007997572 -0.006498515 -0.008146643 0.00802046 -0.006545066 -0.008692383 0.007789075 -0.006118178 -0.00807321 0.00781089 -0.006154835 -0.00879687 0.007973909 -0.006451547 -0.008731722 0.007133722 -0.005239248 -0.007342219 0.006234824 -0.004448831 -0.00879997 0.007329583 -0.005465567 -0.007656216 0.007081389 -0.005182802 -0.00879997 0.007508099 -0.00569576 -0.007858872 0.007508099 -0.00569576 -0.00879997 0.007761657 -0.006073057 -0.00879997 0.00525707 -0.00390172 -0.00879997 0.004765272 -0.003716409 -0.00879997 0.004188716 -0.003564119 -0.00879997 0.003074109 -0.003449976 -0.00879997 0.004123091 0.004999995 0.004899978 0.003381967 0.005092978 0.006237447 0.003563582 0.005052626 0.006509542 0.003576993 0.005050122 0.006619572 0.004123091 0.004999995 0.00879997 0.003550052 0.005055189 0.006727218 0.00335431 0.005100131 0.006991147 0.003496289 0.005066156 0.006823539 0.003415942 0.005084514 0.00879997 0.003415942 -0.005084514 0.00879997 0.003381967 -0.005092978 0.006962478 0.004123091 -0.004999995 0.00879997 0.003563582 -0.005052626 0.006690382 0.003576993 -0.005050122 0.006580412 0.004123091 -0.004999995 0.004899978 0.003550052 -0.005055189 0.006472706 0.00335431 -0.005100131 0.006208777 0.003496289 -0.005066156 0.006376385 0.008499979 -0.007049977 0.004899978 0.008499979 0.007049977 0.004899978 0.008499979 -0.005497515 -0.005510389 0.008499979 -0.00616759 -0.005111515 0.008499979 -0.0069471 -0.005089342 0.008499979 -0.007049977 -0.00511676 0.008499979 0.005106508 -0.006185114 0.008499979 -0.005106508 -0.006185114 0.008499979 0.005497515 -0.005510389 0.008499979 0.00616759 -0.005111515 0.008499979 0.0069471 -0.005089342 0.008499979 0.007049977 -0.00511676 0.004571557 0.004999995 0.005427837 0.004571557 0.004999995 0.004899978 0.004803359 0.004999995 0.00688976 0.004757225 0.004999995 0.006226658 0.00463885 0.004999995 0.005924582 0.004591524 0.004999995 0.005702853 0.004571557 0.004999995 0.00879997 0.004571557 0.004999995 0.007772088 0.004604995 0.004999995 0.007418036 0.004665315 0.004999995 0.007190346 0.004955291 0.004999995 0.006674528 0.004942059 0.004999995 0.006508827 0.004776298 0.004999995 0.00626266 0.005004286 0.004999995 0.006593704 0.004999816 0.004999995 0.006584703 0.004993736 0.004999995 0.006575226 0.005004703 0.004999995 0.006604909 0.005005538 0.004999995 0.006599247 0.005000412 0.004999995 0.006614148 0.004571557 -0.004999995 0.007772088 0.004571557 -0.004999995 0.00879997 0.004757225 -0.004999995 0.006973326 0.00463885 -0.004999995 0.007275342 0.004803359 -0.004999995 0.006310164 0.004591524 -0.004999995 0.007497072 0.004571557 -0.004999995 0.004899978 0.004571557 -0.004999995 0.005427837 0.004604995 -0.004999995 0.005781888 0.004665315 -0.004999995 0.006009578 0.004955291 -0.004999995 0.006525397 0.004942059 -0.004999995 0.006691157 0.004776298 -0.004999995 0.006937325 0.005004703 -0.004999995 0.006604969 0.004999816 -0.004999995 0.006615221 0.004993736 -0.004999995 0.006624758 0.005004703 -0.004999995 0.006595015 0.005005538 -0.004999995 0.006600677 0.005000412 -0.004999995 0.006585776 0.002165019 -0.001249969 0.004899978 0.002499997 0 0.004899978 -0.001249969 0.002165019 0.004899978 -0.002165019 0.001249969 0.004899978 -0.002499997 0 0.004899978 -0.002165019 -0.001249969 0.004899978 -0.001249969 -0.002165019 0.004899978 0 -0.002499997 0.004899978 0.001249969 -0.002165019 0.004899978 0.008481502 -0.007973849 0.004899978 0.008157074 -0.007757067 0.004899978 0.005985736 -0.00558573 0.004899978 0.00533694 -0.005152225 0.004899978 0.008633971 -0.007549941 0.004899978 0.008999943 -0.007915973 0.004899978 0.008633971 0.007549941 0.004899978 0.008481502 0.007973849 0.004899978 0.008999943 0.007915973 0.004899978 0.00533694 0.005152225 0.004899978 0.002165019 0.001249969 0.004899978 0 0.002499997 0.004899978 0.001249969 0.002165019 0.004899978 0 -0.003449976 -0.00879997 0 0.003449976 -0.00879997 -7.67697e-4 0.00336349 -0.00879997 -0.001496851 0.003108322 -0.00879997 -0.002151012 0.002697288 -0.00879997 -0.002697288 0.002151012 -0.00879997 -0.003108322 0.001496851 -0.00879997 -0.00336349 7.67697e-4 -0.00879997 -0.003449976 0 -0.00879997 -0.00336349 -7.67697e-4 -0.00879997 -0.003108322 -0.001496851 -0.00879997 -0.002697288 -0.002151012 -0.00879997 -0.002151012 -0.002697288 -0.00879997 -7.67697e-4 -0.00336349 -0.00879997 -0.001496851 -0.003108322 -0.00879997 0.008157074 -0.007757067 0.005568683 0.008035242 -0.007635235 0.005446374 0.007337927 -0.006937921 0.005087256 0.006554067 -0.00615406 0.005115509 0.005985736 -0.00558573 0.005427837 0.005985736 0.00558573 0.007772088 0.005985736 0.00558573 0.00879997 0.006554067 0.00615406 0.008084475 0.006657063 0.006257057 0.00879997 0.007337927 0.006937921 0.008112668 0.007101714 0.006701707 0.008732557 0.007688581 0.007288575 0.008388996 0.008035242 0.007635235 0.007753551 0.008045792 0.007645785 0.007866919 0.008106827 0.00770682 0.007685065 0.008672118 -0.005711078 -0.009794771 0.00886476 -0.006295502 -0.009686231 0.009216487 -0.007672727 -0.00862056 0.009190618 -0.007550656 -0.008799016 0.009099423 -0.007152616 -0.009218692 0.009059071 -0.006990253 -0.009343385 0.009009182 -0.006799101 -0.009465515 0.008919775 -0.00647974 -0.009620666 0.009277522 -0.007981657 -0.007880389 0.009265899 -0.007920444 -0.00809431 0.009225189 -0.007714986 -0.008550107 0.00923264 0.007751524 -0.008484542 0.009274601 0.007966101 -0.00794214 0.009284079 0.008016705 -0.007706403 0.009044408 0.006933152 -0.009382486 0.009113967 0.007213175 -0.009166479 0.009201049 0.007599472 -0.008731603 0.009225189 0.007714986 -0.008550047 0.00881803 0.006145596 -0.009727954 0.008899688 0.006411373 -0.009646892 0.009009182 0.006799221 -0.009465456 0.008110046 0.006793022 0.009469032 0.007808804 0.006291031 0.009687602 0.008752942 0.007864534 0.008244872 0.008660912 0.007711231 0.008556544 0.008395671 0.007269144 0.00911504 0.008847832 -0.008022785 0.007667779 0.008662581 -0.007713973 0.008551836 0.00863105 -0.007661402 0.00863862 0.008113384 -0.006798624 0.009465813 0.00808978 -0.006759345 0.009487986 -2.05842e-4 -0.005194127 0.005947232 3.0265e-4 -0.005574941 0.005437314 -2.11623e-4 -0.005187988 0.007239282 6.48588e-4 -0.005642354 0.007818758 -2.05842e-4 0.005194127 0.007252693 3.0265e-4 0.005574941 0.00776261 -2.11623e-4 0.005187988 0.005960643 6.48588e-4 0.005642354 0.005381166 0.008670628 0.00803107 0.007195353 0.008504152 0.007982909 0.007299959 0.008864164 0.007635235 0.007753551 0.008453369 0.007961452 0.007340848 0.008864164 0.00615406 0.008084475 0.008864164 0.006937921 0.008112668 0.008864164 0.005484402 0.007676064 0.005648434 0.005248427 0.007358789 0.005677461 0.005277454 0.00740838 0.008864164 0.005100429 0.006992161 0.005795001 0.005394995 0.007574915 0.005872368 0.005472362 0.007663488 0.005888521 0.005488514 0.007680356 0.005478441 0.005078434 0.006304323 0.005459785 0.005059778 0.006425917 0.005457043 0.005057036 0.006452023 0.00544995 0.005049943 0.006599962 0.005500376 0.005100429 0.006992161 0.005713164 0.005313158 0.005735874 0.005698204 0.005298197 0.005758583 0.008864164 0.005100429 0.006207764 0.005648434 0.005248427 0.005841135 0.005500376 0.005100429 0.006207764 0.005494654 0.005094647 0.006230592 0.008864164 0.005484402 0.00552386 0.005884408 0.005484402 0.00552386 0.005824565 0.005424559 0.005589544 0.008864164 0.007635235 0.005446374 0.008864164 0.006937921 0.005087256 0.008864164 0.00615406 0.005115509 0.008656799 0.008028209 0.005997836 0.008481502 0.007973849 0.005882382 0.008656859 -0.008028268 0.005997896 0.008481502 -0.007973849 0.005882382 0.008864164 -0.007635235 0.005446374 0.008864164 -0.00615406 0.005115509 0.008864164 -0.006937921 0.005087256 0.008864164 -0.005484402 0.00552386 0.005648434 -0.005248427 0.005841135 0.005677461 -0.005277454 0.005791604 0.008864164 -0.005100429 0.006207764 0.005795001 -0.005394995 0.005625009 0.005872368 -0.005472362 0.005536437 0.005888521 -0.005488514 0.005519568 0.005478441 -0.005078434 0.006895601 0.005459785 -0.005059778 0.006774067 0.005457043 -0.005057036 0.006747901 0.00544995 -0.005049943 0.006599962 0.005500376 -0.005100429 0.006207764 0.005713164 -0.005313158 0.007464051 0.005698204 -0.005298197 0.007441341 0.008864164 -0.005100429 0.006992161 0.005648434 -0.005248427 0.007358789 0.005500376 -0.005100429 0.006992161 0.005494654 -0.005094647 0.006969392 0.008864164 -0.005484402 0.007676064 0.005884408 -0.005484402 0.007676064 0.005824565 -0.005424559 0.00761038 0.008864164 -0.007635235 0.007753551 0.008864164 -0.006937921 0.008112668 0.008864164 -0.00615406 0.008084475 0.00818932 -0.007784605 0.007599592 0.008670628 -0.00803107 0.007195353 0.008504152 -0.007982909 0.007299959 0.0084697 -0.007582545 -0.007798731 0.008750498 -0.007886826 -0.007463991 0.009499967 -0.007599771 -0.007784426 0.008930146 -0.007982909 -0.007299959 0.009096682 -0.00803107 -0.007195353 0.009499967 -0.006896495 -0.008121371 0.009499967 -0.006118178 -0.00807321 0.009499967 -0.005461812 -0.007652163 0.009499967 -0.005093514 -0.006964802 0.009499967 -0.005106508 -0.006185114 0.009499967 -0.005497515 -0.005510389 0.009499967 -0.00616759 -0.005111515 0.009499967 -0.0069471 -0.005089342 0.008536756 -0.007318615 -0.005226612 0.009499967 -0.007638692 -0.005449533 0.008633971 -0.007549941 -0.005375206 0.009353339 -0.008039176 -0.006024479 0.008999943 -0.007915973 -0.005781054 0.008999943 0.007915973 -0.005781054 0.009222686 0.008010745 -0.005957961 0.009499967 0.007638692 -0.005449533 0.009353995 0.008039236 -0.006024718 0.008536458 0.007317602 -0.005226135 0.009499967 0.0069471 -0.005089342 0.008635759 0.00755316 -0.005377709 0.008691668 0.007638692 -0.005449533 0.009499967 0.005093514 -0.006964802 0.009499967 0.005106508 -0.006185114 0.009499967 0.005497515 -0.005510389 0.009499967 0.00616759 -0.005111515 0.009499967 0.005461812 -0.007652163 0.009499967 0.006118178 -0.00807321 0.008485198 0.007606387 -0.007778823 0.0084697 0.007582545 -0.007798731 0.009499967 0.007599771 -0.007784426 0.009499967 0.006896495 -0.008121371 0.008750498 0.007886826 -0.007463991 0.008610606 0.007765114 -0.007622182 0.008524596 0.007662355 -0.007728576 0.008930146 0.007982909 -0.007299959 0.009096682 0.00803107 -0.007195353 0.005682706 -0.005337059 0.00879997 0.00533694 -0.005152225 0.007772088 0.004961729 -0.00503838 0.00879997 0.00533694 -0.005152225 0.00879997 0.00525546 -0.005075991 0.007199287 0.005255103 -0.005079865 0.00722891 0.005265951 -0.005109071 0.007452547 0.005289793 -0.005128681 0.007600247 0.005260229 -0.005041718 0.006944 0.005247175 -0.005023777 0.006799161 0.005241513 -0.005019664 0.006756842 0.005233764 -0.005014955 0.0066908 0.005232512 -0.0050143 0.006676971 0.005229234 -0.005012571 0.006612479 0.005232453 -0.00501424 0.006523728 0.005240738 -0.005019187 0.006449103 0.005259096 -0.005038142 0.006282448 0.005256414 -0.005070567 0.006041407 0.005260288 -0.005101263 0.005807042 0.005279779 -0.005121767 0.005651235 0.00533694 -0.005152225 0.005427837 0.00533694 0.005152225 0.005427837 0.00525546 0.005075991 0.006000638 0.005255103 0.005079865 0.005971074 0.005265951 0.005109071 0.005747437 0.005289793 0.005128681 0.005599677 0.005260229 0.005041718 0.006255924 0.005247175 0.005023777 0.006400823 0.005241513 0.005019664 0.006443083 0.005233764 0.005014955 0.006509184 0.005232512 0.0050143 0.006522953 0.005229234 0.005012571 0.006587505 0.005232453 0.00501424 0.006676197 0.005240738 0.005019187 0.006750881 0.005259096 0.005038142 0.006917476 0.005256414 0.005070567 0.007158577 0.005260288 0.005101263 0.007392883 0.005279779 0.005121767 0.007548749 0.00533694 0.005152225 0.007772088 0.005571544 0.005267918 0.00879997 0.005089163 0.005068123 0.00879997 0.008525073 0.007652282 -0.007796108 0.00887227 0.007932305 -0.007671475 0.008863151 0.007888436 -0.007887125 0.008822441 0.007703006 -0.008383929 0.008791506 0.007571995 -0.008611083 0.00870496 0.007240235 -0.009014308 0.008634924 0.007000386 -0.009218275 0.008486986 0.00655359 -0.009477972 0.008402407 0.006325662 -0.009564399 0.00818783 0.005811512 -0.009666025 0.00848633 0.007504105 -0.008215844 0.008456885 0.007399499 -0.008407771 0.008374154 0.007134974 -0.008748531 0.00830698 0.006944 -0.008920848 0.008164703 0.006589233 -0.009140431 0.008083164 0.006408691 -0.009213566 0.007875859 0.006002962 -0.009299993 0.007616102 0.005616486 -0.009299993 0.007911145 0.005399882 -0.009666025 0.007299661 0.004690349 -0.009666025 0.00658518 0.004084587 -0.009666025 0.005785167 0.003597378 -0.009666025 0.004919052 0.003240644 -0.009666025 0.004007935 0.003023087 -0.009666025 0.003074109 0.002949953 -0.009666025 0.007041871 0.004950165 -0.009299993 0.006371021 0.004381358 -0.009299993 0.005619764 0.003923892 -0.009299993 0.004806518 0.003588974 -0.009299993 0.003951013 0.003384649 -0.009299993 0.003074109 0.003315985 -0.009299993 0 0.002949953 -0.009666025 0 0.003315985 -0.009299993 0 -0.002949953 -0.009666025 -6.56437e-4 -0.002875983 -0.009666025 0 -0.003315985 -0.009299993 -7.37885e-4 -0.003232836 -0.009299993 -0.001438736 -0.002987623 -0.009299993 -0.002067506 -0.002592563 -0.009299993 -0.002592563 -0.002067506 -0.009299993 -0.002987623 -0.001438736 -0.009299993 -0.003232836 -7.37885e-4 -0.009299993 -0.003315985 0 -0.009299993 -0.003232836 7.37885e-4 -0.009299993 -0.002987623 0.001438736 -0.009299993 -0.002592563 0.002067506 -0.009299993 -0.002067506 0.002592563 -0.009299993 -0.001438736 0.002987623 -0.009299993 -7.37885e-4 0.003232836 -0.009299993 -0.00127995 -0.00265783 -0.009666025 -0.00183928 -0.002306401 -0.009666025 -0.002306401 -0.00183928 -0.009666025 -0.00265783 -0.00127995 -0.009666025 -0.002875983 -6.56437e-4 -0.009666025 -0.002949953 0 -0.009666025 -0.002875983 6.56437e-4 -0.009666025 -0.00265783 0.00127995 -0.009666025 -0.002306401 0.00183928 -0.009666025 -0.00183928 0.002306401 -0.009666025 -0.00127995 0.00265783 -0.009666025 -6.56437e-4 0.002875983 -0.009666025 0.003074109 -0.002949953 -0.009666025 0.003074109 -0.003315985 -0.009299993 0.004215836 -0.003432869 -0.009299993 0.004290044 -0.003074467 -0.009666025 0.005455493 -0.003442823 -0.009666025 0.006522119 -0.004039645 -0.009666025 0.007445693 -0.004840314 -0.009666025 0.005310237 -0.003778755 -0.009299993 0.006311774 -0.004339218 -0.009299993 0.007179021 -0.005091011 -0.009299993 0.007875859 -0.006002962 -0.009299993 0.00818783 -0.005811512 -0.009666025 0.008527755 -0.007663071 -0.007748305 0.00847131 -0.007449865 -0.008321404 0.008517086 -0.007620692 -0.007913708 0.008865952 -0.007901906 -0.007830619 0.008854746 -0.007848918 -0.008026361 0.008249461 -0.005951166 -0.009650409 0.008450925 -0.006454288 -0.00951904 0.008507728 -0.006612181 -0.00945121 0.008649706 -0.007049262 -0.009181082 0.008447051 -0.007366001 -0.008460342 0.008360147 -0.007093608 -0.008789896 0.008321166 -0.006982922 -0.008889436 0.008184671 -0.006635665 -0.009117722 0.008129954 -0.006510496 -0.009175121 0.007935464 -0.006112933 -0.009286642 0.008690357 -0.007188379 -0.009063303 0.008781194 -0.007530033 -0.00867325 0.008806586 -0.007635116 -0.008508861 0.00860536 -0.008015871 0.007299959 0.007010638 -0.005903542 0.009666025 0.007791757 -0.006948053 0.009290218 0.008347034 -0.007897496 0.007574677 0.008588373 -0.007993757 0.007624864 0.008361876 -0.007698237 0.008491337 0.00811845 -0.007650911 0.00830698 0.00754249 -0.007026791 0.008981704 0.006751835 -0.006162345 0.009299993 0.006080508 -0.005491018 0.009299993 0.006339311 -0.005232214 0.009666025 0.005757093 -0.005225658 0.009299993 0.005960464 -0.004921317 0.009666025 0.005528271 -0.004690289 0.009666025 0.005059242 -0.004548013 0.009666025 0.004571557 -0.004499971 0.009666025 0.0053882 -0.005028426 0.009299993 0.004987835 -0.004907011 0.009299993 0.004571557 -0.004866003 0.009299993 0.004123091 -0.004499971 0.009666025 0.004123091 -0.004866003 0.009299993 0.003298103 -0.004598557 0.009666025 0.003384411 -0.004954278 0.009299993 0.002519667 -0.004888832 0.009666025 0.002687335 -0.005214214 0.009299993 0.002519667 0.004888832 0.009666025 0.001653313 0.005245566 0.009666025 0.002687335 0.005214214 0.009299993 0.001763343 0.00559467 0.009299993 7.88168e-4 0.005812823 0.009299993 -2.09885e-4 0.005862236 0.009299993 -0.001201808 0.005741536 0.009299993 -0.00215888 0.005454242 0.009299993 -0.003053367 0.005008697 0.009299993 -0.003859162 0.004417777 0.009299993 -0.00455302 0.003698647 0.009299993 -0.005114734 0.002872169 0.009299993 -0.005528032 0.001962363 0.009299993 -0.005780875 9.95645e-4 0.009299993 -0.005865991 0 0.009299993 -0.005780875 -9.95645e-4 0.009299993 -0.005528032 -0.001962363 0.009299993 -0.005114734 -0.002872169 0.009299993 -0.00455302 -0.003698647 0.009299993 -0.003859162 -0.004417777 0.009299993 -0.003053367 -0.005008697 0.009299993 -0.00215888 -0.005454242 0.009299993 -0.001201808 -0.005741536 0.009299993 -2.09885e-4 -0.005862236 0.009299993 7.88168e-4 -0.005812823 0.009299993 0.001763343 -0.00559467 0.009299993 7.38989e-4 0.005450069 0.009666025 -1.96789e-4 0.005496442 0.009666025 -0.001126825 0.005383312 0.009666025 -0.002024173 0.005113899 0.009666025 -0.002862811 0.00469613 0.009666025 -0.003618359 0.004142105 0.009666025 -0.004268884 0.003467857 0.009666025 -0.004795551 0.002692937 0.009666025 -0.0051831 0.001839935 0.009666025 -0.005420148 9.3352e-4 0.009666025 -0.005499958 0 0.009666025 -0.005420148 -9.3352e-4 0.009666025 -0.0051831 -0.001839935 0.009666025 -0.004795551 -0.002692937 0.009666025 -0.004268884 -0.003467857 0.009666025 -0.003618359 -0.004142105 0.009666025 -0.002862811 -0.00469613 0.009666025 -0.002024173 -0.005113899 0.009666025 -0.001126825 -0.005383312 0.009666025 -1.96789e-4 -0.005496442 0.009666025 7.38989e-4 -0.005450069 0.009666025 0.001653313 -0.005245566 0.009666025 0.003298103 0.004598557 0.009666025 0.003384411 0.004954278 0.009299993 0.004123091 0.004499971 0.009666025 0.004123091 0.004866003 0.009299993 0.004571557 0.004499971 0.009666025 0.004571557 0.004866003 0.009299993 0.005218565 0.004585146 0.009666025 0.005123853 0.004938721 0.009299993 0.005821526 0.00483489 0.009666025 0.005638539 0.005151867 0.009299993 0.006339311 0.005232214 0.009666025 0.006080508 0.005491018 0.009299993 0.006751835 0.006162345 0.009299993 0.007010638 0.005903542 0.009666025 0.008247077 0.007789731 0.008007824 0.007492184 0.006549894 0.009501576 0.008114933 0.007374405 0.008929729 0.00848931 0.007864654 0.008137345 0.007869064 0.0073812 0.008677303 0.00723946 0.006696701 0.00916022 0.00860536 0.008015871 0.007299959 -0.002499997 0 -0.007399976 -0.002165019 -0.001249969 -0.007399976 -0.001249969 -0.002165019 -0.007399976 0 -0.002499997 -0.007399976 0.001249969 -0.002165019 -0.007399976 0.002165019 -0.001249969 -0.007399976 0.002499997 0 -0.007399976 0.002165019 0.001249969 -0.007399976 0.001249969 0.002165019 -0.007399976 0 0.002499997 -0.007399976 -0.001249969 0.002165019 -0.007399976 -0.002165019 0.001249969 -0.007399976 0 0 -0.007399976 0.002499997 0 0.005899965 0.002165019 -0.001249969 0.005899965 0.001249969 -0.002165019 0.005899965 0 -0.002499997 0.005899965 -0.001249969 -0.002165019 0.005899965 -0.002165019 -0.001249969 0.005899965 -0.002499997 0 0.005899965 -0.002165019 0.001249969 0.005899965 -0.001249969 0.002165019 0.005899965 0 0.002499997 0.005899965 0.001249969 0.002165019 0.005899965 0.002165019 0.001249969 0.005899965 0 0 0.005899965</float_array>
          <technique_common>
            <accessor source="#link_5_1-mesh-positions-array" count="1557" stride="3">
              <param name="X" type="float"/>
              <param name="Y" type="float"/>
              <param name="Z" type="float"/>
            </accessor>
          </technique_common>
        </source>
        <source id="link_5_1-mesh-normals">
          <float_array id="link_5_1-mesh-normals-array" count="8247">-1 0 0 -1 2.43343e-7 0 -1 -2.26225e-7 0 -1 -2.69545e-7 0 0 0 1 -1.11227e-6 0 1 -2.54632e-6 0 1 -4.44908e-7 0 1 3.20273e-7 0 1 0 -1 0 0 -1 0 0 -1 1.53977e-7 0 -1 -3.68189e-6 0 -1 -2.34583e-6 0 -1 6.05164e-7 0 -1 2.5804e-6 0 1 0 0 1 -2.26882e-6 0 1 1.64385e-6 0 1 -1.79163e-7 0 1 1.73456e-6 0 1 0 0 1 5.80456e-7 0 1 -4.87936e-7 -0.2588192 0.9659258 0 -0.2588182 0.9659261 0 -0.7071059 0.7071077 0 -0.7071081 0.7071055 0 -0.9659267 0.2588163 0 -0.9659255 0.2588205 0 -0.2588193 -0.9659258 0 -0.2588181 -0.9659261 0 -0.7071058 -0.7071078 0 -0.7071081 -0.7071055 0 -0.9659267 -0.2588163 0 -0.9659255 -0.2588205 0 -2.09021e-5 0 1 1.85697e-6 0 1 -1.99718e-6 0 1 0 0 -1 -4.17884e-6 0 -1 -1.03847e-6 0 -1 2.22455e-7 0 -1 -1.43712e-6 0 -1 2.18455e-6 0 -1 6.11342e-6 0 -1 4.55084e-6 0 -1 -7.10886e-7 0 -1 -6.56204e-7 0 -1 -2.85738e-6 0 -1 -3.32995e-5 0 -1 1.02488e-5 0 -1 -3.30808e-5 0 -1 0 1 -2.24445e-6 0 1 2.7428e-7 0 1 0 0 1 0 0 1 0 0 1 -1.46986e-7 0 1 6.91475e-7 0 1 -6.94973e-7 0 1 4.16292e-7 0 1 2.45618e-7 0 1 -2.01419e-7 0 1 1.95754e-7 -1 5.35983e-6 0 -1 2.90835e-6 0 0.9962225 0 -0.08683758 0.9963219 1.11905e-4 -0.08568918 0.9995576 -1.16187e-4 -0.02974253 0.9995912 0 -0.02859425 1 0 0 1 -4.75589e-6 0 0.2785171 0 0.9604313 0.3045515 -0.01275247 0.9524105 0.3372664 0.003720045 0.9414019 0.4054149 -0.005896985 0.9141138 0.4135863 0 0.910465 0.5015513 0 0.8651279 0.5015492 0 0.8651291 3.0575e-6 0 1 0.4209796 0 0.9070702 0.4209709 0 0.9070742 0.1443336 0 0.9895291 0.1443312 0 0.9895294 0.9000739 0 -0.4357374 0.9066212 0.002762556 -0.4219365 0.8764335 -0.00146377 -0.4815209 0.8814375 -4.84149e-4 -0.4723005 0.8543724 6.53258e-4 -0.519661 0.8540884 5.85782e-4 -0.5201277 0.8264706 -3.69951e-4 -0.5629799 0.8291519 -1.22995e-6 -0.5590234 0.8008683 1.78688e-6 -0.5988405 0.8048768 7.57649e-4 -0.5934417 0.7689588 -7.64904e-4 -0.6392979 0.7733284 0 -0.6340057 0.9867244 0 -0.1624042 0.9885416 0.001329183 -0.1509433 0.9722277 -9.84661e-4 -0.2340354 0.9746995 -7.42176e-5 -0.2235198 0.9596728 4.8309e-5 -0.2811197 0.9555466 -7.33947e-4 -0.2948391 0.9365787 0.001096487 -0.3504558 0.9317552 0 -0.3630874 0.3045743 0 0.9524886 0.3045758 0 0.9524882 0.4054232 0 0.9141291 0.405422 0 0.9141296 0.501551 0 0.865128 0.5015495 0 0.8651291 0.4209774 0 0.9070712 0.4209706 0 0.9070744 0.1443414 0 0.989528 0.1443242 0 0.9895305 0.9836207 0.1802511 0 0.9231963 0.3843287 -4.17858e-4 0.9688152 0.247767 -0.002961277 0.896787 0.4422456 0.01385867 0.9996197 0.02505123 -0.0115261 0.9807868 0.1950829 0 0.6087674 0.7933484 -6.76341e-4 0.6881318 0.7255858 2.95963e-4 0.7933579 0.6087553 -5.06906e-4 0.812467 0.5830072 9.2577e-6 0.8780734 0.4785261 -2.351e-6 0.04249471 0.9990968 0 0.2007595 0.97964 -0.001048803 0.195092 0.9807845 -9.0429e-4 0.3669351 0.9302466 1.08702e-4 0.4422832 0.8968755 -1.39572e-4 0.4604391 0.8876914 9.18777e-6 0.5625729 0.8267477 -1.43352e-5 0.1950876 0.98077 -0.005580782 0.1950881 0.9807699 -0.005580306 0.4422493 0.8968031 -0.01265096 0.5546378 0.8314684 -0.03220653 0.1944496 0.98077 -0.0167244 0.1944506 0.9807698 -0.01672345 0.5536804 0.8313665 -0.04761976 0.5536859 0.831363 -0.04762041 0.8285154 0.555414 -0.07125759 0.8285201 0.5554068 -0.07125824 0.977193 0.1950136 -0.08404427 0.9771933 0.1950128 -0.08404415 0.6086655 0.793236 -0.01741123 0.7931558 0.608596 -0.0226888 0.8305295 0.5555526 -0.03977656 0.8965666 0.442166 -0.02564799 0.9803995 0.1950136 -0.02804672 0.9804013 0.1950047 -0.02804535 0.9412447 0.1950289 -0.2757216 0.1829257 0.980741 -0.0684489 0.1829264 0.9807409 -0.06844919 0.5207682 0.8311607 -0.194865 0.520757 0.8311684 -0.1948621 0.7790291 0.5551031 -0.2915036 0.7790172 0.5551223 -0.2914988 0.9186255 0.1948618 -0.3437386 0.918625 0.1948648 -0.3437383 0.9535577 0.1950345 -0.2295414 0.940096 0.2310358 -0.2506831 0.8036947 0.5551088 -0.2143109 0.8036898 0.5551168 -0.2143085 0.537257 0.8311623 -0.1432628 0.5372541 0.8311644 -0.1432619 0.1887174 0.9807413 -0.05032289 0.1887212 0.9807405 -0.0503233 0.1927182 0.9807413 -0.0317192 0.1927219 0.9807407 -0.03171974 0.5486434 0.8311657 -0.09030044 0.5486488 0.831162 -0.09030139 0.8207284 0.5551193 -0.1350832 0.8207367 0.5551068 -0.1350845 0.9678083 0.1948692 -0.1592901 0.9678083 0.1948683 -0.1592909 0.8379774 0.194965 -0.5096889 0.5760338 0.6551623 -0.4888225 0.4285165 0.831425 -0.3537037 0.4819195 0.7921638 -0.374473 0.3567103 0.8826971 -0.3059474 0.149855 0.9807745 -0.1249993 0.2327566 0.95825 -0.1660766 0.09577691 0.9919344 -0.08302438 0.7854923 0.1950097 -0.5873441 0.7541911 0.1950442 -0.6270197 0.7801069 0.125249 -0.6129811 0.7460765 0.2637009 -0.6114178 0.6215546 0.5549699 -0.552882 0.7338796 0.4093741 -0.5420643 0.6591932 0.5382568 -0.5251132 0.8105927 0.1950733 -0.5521649 0.7855722 0.2424157 -0.5693075 0.6734611 0.5552002 -0.4880604 0.6734636 0.555195 -0.4880627 0.4501594 0.8312212 -0.3262327 0.4501615 0.8312196 -0.3262342 0.1581172 0.980749 -0.1145874 0.1581172 0.980749 -0.1145881 0.8595952 0.1950816 -0.4722703 0.8362373 0.2249333 -0.5001124 0.7138042 0.5552002 -0.4268915 0.7138078 0.5551939 -0.4268937 0.477126 0.8312215 -0.2853446 0.4771268 0.8312203 -0.2853471 0.1675891 0.9807489 -0.1002271 0.1675885 0.980749 -0.1002277 0.1757602 0.980749 -0.08508741 0.1757598 0.980749 -0.08508718 0.5003901 0.8312202 -0.2422452 0.5003893 0.8312209 -0.2422447 0.7486092 0.5551964 -0.3624104 0.7486052 0.5552019 -0.3624101 0.8828138 0.1948986 -0.4273808 0.8828121 0.1949053 -0.4273812 -0.4029874 0.9152056 1.66854e-4 -0.4445165 0.8957707 1.08006e-6 -0.5127614 0.8585311 -6.20355e-7 -0.08913135 0.9960199 0 -0.2903612 0.9569163 0.001344799 -0.1199234 0.9927823 -0.001315355 -0.277137 0.9608305 -2.97125e-4 -0.8255305 0.5643575 -3.34241e-4 -0.7974241 0.6034195 6.14977e-6 -0.869881 0.4932618 -2.79026e-6 -0.5225006 0.852639 -2.62587e-5 -0.6533294 0.7570739 1.16851e-4 -0.5791314 0.8152338 -8.38977e-4 -0.7165946 0.6974899 3.02306e-4 -0.8632623 0.5046263 0.01142334 -0.9398914 0.3414526 0.003791213 -0.9911569 0.1326959 0 -0.9419853 0.335654 -5.63464e-4 -0.962549 0.2711035 -0.001504123 -0.991707 0.1285195 0 0.2836424 -0.9589301 -7.57394e-7 0.2836424 -0.9589301 -2.97835e-7 0.2836418 -0.9589304 0 0.2836425 -0.9589301 0 0.2836427 -0.9589301 0 0.2836434 -0.9589298 0 0.2836442 -0.9589297 0 0.2836422 -0.9589302 0 0.2836431 -0.95893 0 0.2836425 -0.9589301 0 0.2836419 -0.9589303 0 0.2836442 -0.9589296 0 0.3127312 -0.9498417 0 0.3624975 -0.9319773 -0.00375986 0.3732348 -0.9277365 -9.441e-4 0.37416 -0.9273629 0.001577973 0.3717371 -0.928334 0.002753078 0.3749041 -0.9270621 0.001707136 0.3533816 -0.9354745 0.002982795 0.3049259 -0.9521938 0.0186364 0.3138319 -0.9493399 0.01622962 0.3587128 -0.9334471 0.001272857 0.2855479 -0.958114 0.02191036 0.2467973 -0.9684517 0.03453344 0.33921 -0.9407108 0 0.3872967 -0.9219272 -0.007172584 0.5240999 -0.8516569 0 0.6754314 -0.7373937 -0.006563246 0.5637629 -0.8259368 0 0.8347532 -0.5506244 0 0.83475 -0.5506293 0 0.9811689 -0.1931517 0 0.9811702 -0.1931449 0 0.5620869 -0.8268462 -0.01959353 0.5598943 -0.8283769 -0.01761382 0.8323687 -0.5517106 -0.05270516 0.831923 -0.5524387 -0.05211132 0.9778906 -0.1940091 -0.07804131 0.9780374 -0.193007 -0.07868528 0.5637486 -0.8259196 -0.00667262 0.5628929 -0.8265077 -0.006052851 0.8346141 -0.55054 -0.01802533 0.8344381 -0.550813 -0.01783519 0.9808198 -0.1930763 -0.02672356 0.9808862 -0.1927094 -0.02693337 0.9217956 -0.198574 -0.3329585 0.7899152 -0.5712319 -0.2229983 0.5249618 -0.8477837 -0.07535231 0.9224497 -0.2039226 -0.3278755 0.9427897 -0.1959321 -0.2697374 0.9429664 -0.2007883 -0.2655154 0.9595429 -0.1940948 -0.2039719 0.9594204 -0.1979816 -0.2007879 0.9715362 -0.1929568 -0.1374232 0.9712797 -0.1957143 -0.1353209 0.790179 -0.5704382 -0.2240924 0.8056561 -0.5643985 -0.1799244 0.8059629 -0.5636811 -0.1807965 0.8181408 -0.5587928 -0.1356335 0.8184236 -0.558225 -0.1362627 0.8270535 -0.5546769 -0.09119224 0.8272747 -0.5542811 -0.09159231 0.5290727 -0.8443682 -0.08440637 0.5373798 -0.841152 -0.06071752 0.5416262 -0.8378633 -0.06801623 0.5476101 -0.8354786 -0.04581445 0.5512969 -0.8327424 -0.0511071 0.5551733 -0.8311618 -0.03086918 0.5579677 -0.8291565 -0.03422683 0.4670524 -0.8750807 -0.1268695 0.4599344 -0.8811361 -0.1098155 0.7265319 -0.6011386 -0.3328419 0.7253882 -0.6057963 -0.3268377 0.8512895 -0.2163046 -0.4780361 0.850709 -0.2133374 -0.4803973 0.4918789 -0.8631641 -0.1140313 0.483608 -0.8697774 -0.09803384 0.7506573 -0.589167 -0.2989915 0.749139 -0.5938556 -0.2934731 0.8767477 -0.2115452 -0.4319285 0.8763155 -0.2082046 -0.4344214 0.5141179 -0.8518186 -0.100439 0.5057571 -0.8583441 -0.08634471 0.7722519 -0.5778924 -0.2639461 0.7706382 -0.5821958 -0.2591618 0.9000343 -0.2068371 -0.3836103 0.8997506 -0.2034749 -0.3860658 0.7803503 -0.09748929 -0.6176968 0.6741916 -0.6259329 -0.3920124 0.7401118 -0.522269 -0.4236386 0.6775276 -0.6154724 -0.4026789 0.7360706 -0.4578096 -0.4986086 0.7584303 -0.3672863 -0.5384092 0.3494715 -0.9347696 -0.06383991 0.4819632 -0.8603327 -0.1659497 0.4388812 -0.8869268 -0.1440283 0.551231 -0.7895675 -0.2696806 0.5931919 -0.7398607 -0.3173792 0.7017727 -0.6081515 -0.3710349 0.7001523 -0.6131843 -0.3657757 0.4476684 -0.8843086 -0.1326327 0.4465463 -0.8851766 -0.130609 0.7874671 -0.2476943 -0.5643963 0.794385 -0.2190992 -0.566523 0.8192992 -0.2113648 -0.5329856 0.7998463 -0.2746103 -0.5336996 0.8272975 -0.2202895 -0.5167703 -0.7071008 -0.7071128 0 -0.70712 -0.7070937 -5.26742e-6 -0.7071034 -0.7071102 4.2751e-6 -0.7071072 -0.7071064 0 -0.7071068 -0.7071068 0 -0.7071029 -0.7071107 0 -0.7071068 -0.7071068 -5.36126e-6 -0.7071073 -0.7071064 1.81026e-6 -0.7071082 -0.7071054 -1.84574e-6 -0.1950911 0 0.9807851 -0.1950898 0 0.9807854 -0.555568 0 0.8314712 -0.4704952 0.1808533 0.8636703 -0.5555705 0 0.8314695 -0.8314691 0 0.5555711 -0.8314704 0 0.5555691 -0.9807851 0 0.1950912 -0.9949486 0.01413863 0.09938603 -0.9569408 0 0.2902834 -0.7218907 -0.001941204 -0.6920044 -0.9995902 0 -0.02862834 -0.9998422 -0.001705408 -0.0176829 -0.9951848 0 -0.0980165 -0.9994215 -0.005420386 -0.03357446 -0.9927847 -3.81353e-4 -0.1199107 -0.9568908 5.80302e-4 -0.2904472 -0.971973 -0.004062712 -0.235058 -0.9522093 -0.001026034 -0.3054447 -0.9306131 0 -0.3660045 -0.9942056 -0.01746809 -0.1060666 -0.9343644 0.06963479 -0.3494486 -0.9920747 0.004730105 -0.1255615 -0.938405 5.71607e-4 -0.3455369 -0.9508284 0.002423644 -0.3097086 -0.9345783 -0.003565847 -0.3557397 -0.9715011 0.003897786 -0.2370031 -0.7610813 -8.45252e-4 -0.648656 -0.9393949 -2.80855e-4 -0.3428371 -0.9305236 -1.99788e-6 -0.3662319 -0.8819186 1.13382e-5 -0.471402 -0.8985797 -9.54728e-4 -0.4388095 -0.8271796 4.32982e-4 -0.5619378 -0.5450291 -0.001968145 -0.8384149 -0.5028318 -4.75049e-4 -0.8643842 -0.646483 2.31005e-4 -0.7629285 -0.6619325 -6.73091e-5 -0.7495636 -0.7729619 1.20136e-4 -0.6344526 -0.4422876 0 -0.8968734 -0.1950913 0 -0.9807851 -0.1950906 0 -0.9807853 0.9760693 0 0.2174599 0.978366 0.01382672 0.2064195 0.8396403 -0.01082038 0.543035 0.7913353 0.01586371 0.6111766 0.6786271 2.11571e-4 0.734483 0.524378 -6.17061e-4 0.8514854 0.4570353 0.01684898 0.8892891 0.3240792 0 0.94603 -0.962911 -0.1503018 0.2240797 -0.8042645 -0.01922494 0.5939605 -0.8510801 -0.08690476 0.5177938 -0.8201603 -0.01941925 0.5718041 -0.9137896 0.001787722 0.4061839 -0.9588038 -0.01229184 0.2838033 -0.5141643 -0.01910763 0.8574789 -0.588301 -0.0471962 0.8072636 -0.5455889 -0.01547449 0.8379101 -0.675126 -2.66994e-4 0.7377024 -0.7200192 3.85105e-4 0.6939541 -0.415146 0.004666388 0.9097428 -0.1911911 -0.01199889 0.9814795 -0.1690962 0 0.9855996 0.2933225 0 0.9560136 0.3614152 -0.009591102 0.9323558 0.7061772 -0.006892263 0.7080017 0.6407238 0.001063406 0.7677709 0.4521545 -0.008576631 0.8918985 0.551679 -0.09037441 0.8291459 0.4624674 -0.03499585 0.8859454 0.776564 -0.04145717 0.628673 0.7803549 -0.04609537 0.6236358 0.8772978 0.006875276 0.4798972 0.9609253 -0.1267579 0.2460793 0.9430349 -0.02305102 0.3318943 0.9175526 -0.00403279 0.3975942 -9.32419e-7 0 -1 -1.28815e-7 0 -1 9.26864e-7 0 -1 1.42117e-6 0 -1 0 0 -1 -8.86614e-7 0 -1 1.46217e-6 0 -1 -8.10219e-7 0 -1 2.85136e-6 0 -1 2.71586e-5 0 -1 -9.20673e-6 0 -1 -5.11061e-7 0 -1 -3.06954e-6 0 -1 -2.38974e-6 0 -1 3.97832e-6 0 -1 -2.93121e-6 0 -1 5.60949e-6 0 -1 0 -0.9807854 -0.19509 0 -0.4715059 -0.881863 -0.1472373 -0.5495153 -0.8224075 0 -0.2907053 -0.9568126 -0.1131429 -0.1938381 -0.9744873 0 -0.09845596 -0.9951415 0 -0.6344876 -0.7729331 0 -0.7340807 -0.6790624 -0.1077913 -0.8266252 -0.5523331 0 -0.8524494 -0.5228099 0 -0.9807854 -0.1950898 0 0.9807852 -0.195091 6.31293e-5 0.7340182 -0.6791299 -3.21647e-4 0.5555706 -0.8314693 -0.2555299 0.5976257 -0.7599659 0 0.4709451 -0.8821625 0 0.195091 -0.9807852 -0.2008832 0.2666251 -0.9426331 0 0.09803515 -0.995183 -0.1336932 0.8447977 -0.5181151 0 0.8314689 -0.5555713 0 0.9807856 -0.1950888 1 4.52098e-7 0 0 1 -1.70697e-5 0 1 0 0 1 1.86261e-7 0 1 0 0 1 0 0 1 0 0 1 0 0 1 0 0 -1 0 0 -1 -1.28023e-5 0 -1 0 0 -1 0 0 -1 2.40334e-7 0 -1 -1.27712e-7 0 -1 2.38414e-7 0 -1 -1.2876e-7 0 -1 1.41091e-7 0.544682 -0.8386427 -1.88109e-5 0.1191964 -0.9928708 0 0.2588195 -0.9659257 9.39235e-5 0.4201281 -0.9072554 -0.01950079 0.2939839 -0.9557682 -0.008986949 0.7071053 -0.7071083 6.51404e-5 0.8012323 -0.5980795 -0.01810675 0.6683099 -0.7438743 -0.003615021 0.9854151 -0.1693751 -0.0164116 0.9514356 -0.3078316 -0.003169775 0.88416 -0.4671844 -9.60929e-6 0.9659264 -0.2588168 0 0.9988684 -0.03474688 -0.03247475 0.9952284 -0.09458029 -0.02398318 0.8841629 0.4671791 -7.16365e-6 0.9516734 0.3071031 -0.002363264 0.9999989 0.001464068 0 0.9659252 0.2588214 -1.95955e-4 0.9959356 0.08826941 -0.01790869 0.9861692 0.1652902 -0.01223742 0.8108316 0.5852796 1.89063e-5 0.7070949 0.7070958 -0.005707204 0.6688203 0.7434191 -0.002762734 0.1191963 0.9928707 0 0.2951871 0.955414 -0.006979465 0.2588153 0.9659156 -0.00469011 0.4324218 0.9016715 2.12262e-5 0.5446923 0.8386359 -1.43684e-5 -1 2.84773e-7 0 -1 1.2027e-6 0 -1 -6.66297e-7 0 -1 -1.2027e-6 0 -1 1.06607e-6 0 -3.18432e-7 0 1 5.11132e-7 0 1 -8.77944e-7 0 1 -3.09564e-7 0 1 1.33511e-6 0 1 -2.06522e-6 0 1 -3.59577e-7 0 1 4.06359e-6 0 1 -1.4196e-7 0 1 2.89422e-7 0 1 3.42333e-6 0 1 -3.23666e-7 0 1 -1.1318e-6 0 1 -7.03283e-7 0 1 9.30464e-7 0 1 -5.99513e-7 0 1 6.27046e-7 0 1 -2.48608e-6 0 1 3.69305e-6 0 1 3.01272e-7 0 1 2.43901e-7 0 1 1.86827e-6 0 1 -2.26035e-6 0 1 5.86394e-7 0 1 -1.92933e-6 0 1 -1.67538e-6 0 1 2.30389e-6 0 1 2.11403e-6 0 1 -3.34236e-6 0 1 -0.884158 -0.467188 -9.51968e-6 -0.9514251 -0.3078637 -0.003200769 -0.9999972 -0.002376139 0 -0.9659266 -0.258816 -3.1718e-4 -0.9951974 -0.0948463 -0.02421903 -0.9854025 -0.1694322 -0.01657396 -0.8108355 -0.5852742 2.57857e-5 -0.7070857 -0.7070866 -0.007645189 -0.6682861 -0.7438955 -0.003647267 -0.1191962 -0.9928707 0 -0.2939344 -0.9557827 -0.009061276 -0.258814 -0.9659076 -0.00615859 -0.4324272 -0.9016689 2.81335e-5 -0.5446954 -0.838634 -1.88144e-5 -0.5446999 0.8386312 -1.44053e-5 -0.1191966 0.9928707 0 -0.258819 0.9659259 7.22421e-5 -0.422827 0.9060821 -0.01525557 -0.295156 0.9554232 -0.007024228 -0.7071068 0.7071067 4.89146e-5 -0.8034749 0.5951754 -0.01394301 -0.6688101 0.7434281 -0.002781569 -0.9861527 0.1653814 -0.01232749 -0.9516683 0.3071187 -0.00238043 -0.8841643 0.4671761 -7.07912e-6 -0.9659256 0.2588203 0 -0.9992286 0.03120028 -0.02385169 -0.9959217 0.08840036 -0.0180394 0.9945219 0 0.1045287 0.994522 0 0.1045285 0.9695235 0 0.2449986 0.9695227 0 0.2450016 0.9386028 0 0.345 0.9386036 0 0.3449977 0.8799492 0 0.4750678 0.8799506 0 0.4750652 0.8254733 0 0.5644413 0.8254733 0 0.5644414 0.7431461 0 0.6691292 0.7431441 0 0.6691315 0.6620038 0 0.7495005 0.6620315 0 0.7494761 0.5800598 0 0.814574 0.5800532 0 0.8145786 0.4582237 0 0.8888369 0.4582315 0 0.888833 0.3628026 0 0.9318661 0.3628168 0 0.9318606 0.2264992 0 0.9740114 0.226494 0 0.9740126 0.1234562 0 0.9923501 0.1234076 0 0.9923561 -0.1234076 0 0.9923561 -0.1234562 0 0.9923501 -0.226494 0 0.9740126 -0.2264992 0 0.9740114 -0.3628169 0 0.9318605 -0.3628025 0 0.9318661 -0.4582305 0 0.8888334 -0.4582226 0 0.8888374 -0.5800538 0 0.8145782 -0.5800604 0 0.8145735 -0.6620315 0 0.7494761 -0.6620038 0 0.7495005 -0.7431436 0 0.669132 -0.7431456 0 0.6691298 -0.8254733 0 0.5644413 -0.8254733 0 0.5644414 -0.8799506 0 0.4750652 -0.8799492 0 0.4750678 -0.9386035 0 0.3449977 -0.9386028 0 0.3449999 -0.9695227 0 0.2450016 -0.9695235 0 0.2449987 -0.994522 0 0.1045285 -0.9945219 0 0.1045287 0 1 -3.10766e-7 0 1 -3.29803e-7 0 1 6.59606e-7 0 1 -3.40653e-7 0 1 -3.40654e-7 0 1 3.29803e-7 0 1 3.40654e-7 0 1 -6.52969e-7 0 1 -1.23676e-7 0 1 -2.44864e-7 0 1 4.96393e-7 0 1 -1.63242e-7 0 1 0 0 -1 3.17168e-7 0 -1 -1.70327e-7 0 -1 -4.8171e-7 0 -1 0 0 -1 1.63242e-7 0 -1 -2.74361e-7 0 -1 0 0 -1 1.36837e-7 0 -1 -2.832e-7 0 -1 -1.70327e-7 0 -1 0 0 -1 2.24566e-7 0 -1 -2.12908e-7 0 -1 -1.64901e-7 0 -1 3.40654e-7 0 -1 1.63242e-7 -0.0784614 0 0.9969173 -0.1563876 -0.02366966 0.9874122 -0.9999994 0 0.001201152 -0.9964045 3.99592e-4 0.08472377 -0.9995318 -0.02690315 0.01457911 -0.978506 0.04487246 0.2012771 -0.2334509 0 0.9723687 -0.3826787 0 0.9238816 -0.4538618 -0.02366936 0.8907577 -0.5422981 0.007062613 0.8401564 -0.6456352 -0.004510462 0.7636327 -0.6706799 0.001902461 0.7417445 -0.7243123 -9.46143e-4 0.6894714 -0.7375566 9.33671e-4 0.6752846 -0.7885293 -0.002040505 0.6149938 -0.8052364 0.003675222 0.5929425 -0.8387391 -3.62367e-4 0.5445336 -0.8768774 0.001228153 0.4807125 -0.8731303 0.003142714 0.4874768 -0.9362671 -0.005298674 0.3512492 -0.9250088 0.008793771 0.3798441 -0.9812736 -0.009776353 0.1923714 -0.9593678 0.03809875 0.2795746 -0.9931889 -0.03513133 0.1110933 -0.9960228 -0.05477356 0.07027518 0.9812732 -0.009776353 0.1923732 0.9593786 0.03810346 0.2795372 0.9931905 -0.0351268 0.1110806 0.9960262 -0.05473768 0.07025474 0.9798174 0.04060369 0.1957277 0.9996781 -0.0222361 0.01222622 0.9970297 3.61316e-4 0.0770179 0.9999994 0 0.001201212 0.6706795 0.001900672 0.7417449 0.6456352 -0.004511415 0.7636328 0.7372667 -0.001668214 0.6755997 0.7445635 -0.003590643 0.667542 0.8053093 0.004177033 0.5928403 0.8073934 0.003426074 0.5900036 0.8757727 -0.005303323 0.4826949 0.8415474 0.01825368 0.5398749 0.9319701 -0.03115665 0.3611938 0.8848469 0.04888898 0.4633095 0.9288436 0.007831394 0.3703897 0.6065527 0 0.7950434 0.5225014 0 0.8526386 0.4538618 -0.02366977 0.8907576 0.0784614 0 0.9969173 0.1563877 -0.0236696 0.9874121 0.2334515 0 0.9723685 0.3826777 0 0.9238819 -0.9607218 -0.05325973 0.2723547 -0.9977318 0.05604827 0.03728306 -0.9969515 0.04372817 0.0646193 -0.993647 0.02977782 0.1085306 -0.9816573 0.005842566 0.1905646 -0.9787361 -0.02513527 0.203578 -0.9970234 -2.19599e-4 0.07710039 -0.9999993 0 0.001201391 -0.6706412 -0.001143634 0.7417811 -0.6456365 0.002727448 0.7636401 -0.7373435 0.001005887 0.6755173 -0.7446637 0.002151131 0.6674364 -0.8050576 -0.002488851 0.5931915 -0.8072062 -0.002035558 0.5902662 -0.8761393 0.003163397 0.4820477 -0.8404915 -0.01080387 0.5417171 -0.9341386 0.01866388 0.3564224 -0.8822412 -0.0288558 0.4699127 -0.9283535 -0.004672944 0.3716695 -0.6065551 0 0.7950415 -0.5224951 0 0.8526424 -0.453944 0.01431423 0.8909153 -0.07846289 0 0.9969171 -0.1564173 0.01431447 0.9875873 -0.2334477 0 0.9723694 -0.3826838 0 0.9238794 0.07846289 0 0.9969171 0.1564174 0.01431435 0.9875874 0.2334482 0 0.9723693 0.3826829 0 0.9238798 0.453944 0.01431393 0.8909153 0.5423024 -0.004270493 0.8401725 0.6456365 0.002727866 0.76364 0.9341281 0.01873153 0.356446 0.8404114 -0.01083177 0.5418409 0.8761394 0.003163039 0.4820476 0.7891382 -0.003249704 0.6142073 0.8043994 0.001806318 0.5940864 0.7243821 -9.91126e-4 0.6893981 0.7373409 0.001004636 0.6755201 0.6706427 -0.001142919 0.7417797 0.9999993 0 0.001201391 0.981657 0.005843043 0.1905666 0.9244545 -0.005248665 0.3812565 0.877541 -0.0325126 0.478398 0.9963973 -2.41097e-4 0.08480906 0.9773188 -0.02771961 0.2099516 0.9985664 0.0445047 0.0297414 0.9606419 -0.0523706 0.2728087 0.9969515 0.04372608 0.0646193 0.9936472 0.02977114 0.108532 -0.710776 0.6997546 0.07170104 -0.9954509 0.09261548 -0.02236253 -0.9928505 0.1178387 0.01902663 -0.9900982 0.139628 0.01448458 -0.979757 0.1816087 0.08422845 -0.9452712 0.3254946 -0.02270853 -0.9159434 0.3912996 0.08906334 -0.8974411 0.3336479 0.2885804 -0.851068 0.5249715 -0.009394943 -0.7925148 0.597285 0.1231706 -0.9991418 0.005166828 0.04109895 -0.9963608 0.02895283 0.08016836 -0.9964773 0.02442234 0.08022832 -0.9854258 0.07000738 0.1550322 -0.9851779 0.03994148 0.1668215 -0.9465905 0.1176541 0.3002066 -0.9474672 0.0920794 0.3063128 -0.8907352 0.1557441 0.4270069 -0.892883 0.1417168 0.4274066 -0.8180996 0.1940686 0.5413414 -0.8192506 0.1895906 0.5411877 -0.7440968 0.2193075 0.6310501 -0.7414172 0.2231074 0.6328694 -0.663457 0.2409502 0.7083558 -0.6522817 0.2582827 0.7126141 -0.9999989 0.001035571 0.001062572 -0.9992973 0.01979959 0.03182858 -0.9986485 0.05055594 0.01205688 -0.996113 0.07315886 0.04905807 -0.9954209 0.08263015 0.0480594 -0.9857639 0.1229533 0.1146833 -0.9789128 0.1886529 0.07835835 -0.9435142 0.2614716 0.2035028 -0.9273113 0.3316851 0.1734325 -0.8766174 0.3894581 0.2826031 -0.8523332 0.449006 0.2681825 -0.7849863 0.4957595 0.3715093 -0.7447856 0.5656401 0.3540422 -0.6779207 0.5930082 0.4344707 -0.6357451 0.6318207 0.4434309 -0.5618293 0.6472542 0.5151796 -0.4976058 0.705231 0.5050126 -0.6420379 0.7460006 0.1768344 -0.6455894 0.7484855 0.1516042 -0.5094206 0.850225 0.1326958 -0.4860633 0.85916 0.1599584 -0.3905877 0.9061563 0.162241 -0.3384608 0.9163328 0.2139593 -0.2058978 0.9643622 0.1661682 -0.1410444 0.9655878 0.2185103 -0.3844693 0.7052612 0.5956425 -0.5240117 0.2575621 0.8118335 -0.5240162 0.2575654 0.8118295 -0.3697192 0.2580736 0.8925838 -0.369722 0.2580738 0.8925825 -0.225535 0.2580745 0.9394315 -0.225536 0.2580762 0.9394308 -0.07580542 0.2580754 0.9631463 -0.07580316 0.2580751 0.9631465 -0.3844698 0.7052638 0.5956392 -0.2710149 0.7060151 0.6542887 -0.2710166 0.7060133 0.6542899 -0.165323 0.7060109 0.6886342 -0.1653273 0.7060166 0.6886274 -0.05556815 0.706016 0.7060125 -0.05556285 0.7060145 0.7060145 -0.1410428 0.9655872 0.218514 -0.09933096 0.9657253 0.2398087 -0.09933245 0.9657259 0.2398053 -0.06059294 0.9657257 0.2523934 -0.06059467 0.9657257 0.2523933 -0.02036488 0.9657257 0.2587649 -0.02036708 0.9657248 0.2587678 0 0.9659253 0.258821 0 0.9659259 0.2588189 0 0.7071082 0.7071053 0 0.7071074 0.7071062 0 0.2588193 0.9659258 0 0.258818 0.9659261 0.02036619 0.9657255 0.2587656 0.05556827 0.7060148 0.7060137 0.07580548 0.2580738 0.9631466 0.0758031 0.2580772 0.9631459 0.2255397 0.2580758 0.9394301 0.2255316 0.2580741 0.9394325 0.369722 0.2580748 0.8925822 0.3697188 0.2580748 0.8925837 0.5047965 0.2580808 0.8237566 0.504803 0.2580736 0.8237549 0.5858991 0.2587538 0.7679641 0.5858981 0.2587526 0.7679652 0.05556285 0.7060146 0.7060143 0.165327 0.7060126 0.6886314 0.1653233 0.706016 0.6886289 0.2710162 0.7060139 0.6542894 0.271016 0.7060142 0.6542891 0.3700297 0.706016 0.6038373 0.3700363 0.7060111 0.603839 0.4289524 0.7070077 0.5622633 0.428963 0.7070131 0.5622485 0.02036559 0.9657254 0.2587658 0.06059455 0.9657252 0.2523949 0.0605933 0.9657255 0.252394 0.09933078 0.965726 0.2398057 0.09933239 0.9657257 0.2398059 0.1356224 0.9657253 0.2213173 0.1356212 0.9657264 0.2213129 0.1570312 0.9659075 0.2058255 0.1570285 0.9659093 0.2058187 0.995449 0.0926339 -0.02236598 0.9917609 0.1245445 0.02998483 0.9909492 0.1341232 0.005554199 0.9735864 0.198556 0.112717 0.9472225 0.3188216 -0.03350108 0.9159374 0.3913134 0.08906549 0.9154134 0.3808121 0.1303856 0.8311116 0.5545382 0.04172551 0.7605316 0.6238802 0.1799032 0.6287029 0.7631661 0.1493654 0.6521647 0.7404416 0.1625654 0.735374 0.6770803 0.02805894 0.5094164 0.8502271 0.1326993 0.4242024 0.8764597 0.2277521 0.4479903 0.8882528 0.1015466 0.2640975 0.922097 0.2828246 0.2735013 0.9556692 0.1090574 0.9999994 5.52333e-4 0.001062572 0.9991209 0.02215087 0.0355944 0.9986632 0.05031597 0.01183646 0.9956772 0.07590484 0.05352991 0.9957795 0.08028995 0.04446119 0.9834123 0.1299949 0.1264973 0.9797758 0.1859782 0.07383447 0.9360309 0.2724358 0.2227667 0.9319151 0.3249113 0.161143 0.8622572 0.4021672 0.3078539 0.863492 0.439211 0.2479421 0.760698 0.5088195 0.4030402 0.7642425 0.5555387 0.3275823 0.6455773 0.6029745 0.4686703 0.6653456 0.6230984 0.4111735 0.5192764 0.6526751 0.5516949 0.5348922 0.7017027 0.4706418 0.9991419 0.005273699 0.04108047 0.9965593 0.02772003 0.07811105 0.9963169 0.02548485 0.08187443 0.9864143 0.06691622 0.1500309 0.9848029 0.04105156 0.1687549 0.9490408 0.1138964 0.2938524 0.9459199 0.09420102 0.3104221 0.8937244 0.152929 0.4217457 0.8905109 0.1436702 0.4316819 0.8194334 0.1932751 0.5396053 0.8181602 0.190074 0.5426656 0.7413891 0.2202552 0.6339006 0.7439155 0.2224534 0.6301621 0.6531382 0.2429743 0.7171987 0.6613937 0.2580718 0.7042424 0.7107778 -0.6997525 0.07170313 0.9954482 -0.09271073 -0.02208095 0.9928456 -0.1178817 0.01901268 0.9901093 -0.1395505 0.01446396 0.9797531 -0.1816373 0.08421349 0.9452706 -0.3254962 -0.02270847 0.9159415 -0.3913043 0.08906316 0.8974421 -0.3336425 0.2885836 0.8510704 -0.5249674 -0.009400546 0.792516 -0.5972835 0.1231699 0.9991444 -0.005199134 0.04102987 0.9963585 -0.02907025 0.08015513 0.9964793 -0.02439075 0.08021342 0.9854287 -0.06998032 0.1550262 0.9851784 -0.03992879 0.1668211 0.9465893 -0.1176554 0.3002099 0.9474688 -0.09205913 0.3063139 0.8907355 -0.1557341 0.4270095 0.8928805 -0.1417299 0.4274073 0.8181001 -0.1940759 0.5413382 0.8192514 -0.189588 0.5411871 0.7440902 -0.2193026 0.6310596 0.7414276 -0.2231094 0.6328566 0.6634528 -0.2409573 0.7083573 0.6522794 -0.2582885 0.712614 0.9999962 -0.002763509 -3.19267e-4 0.9993324 -0.0198118 0.03070104 0.9986404 -0.05068671 0.01218587 0.996115 -0.07312005 0.04907763 0.9954318 -0.08248609 0.04807966 0.9857602 -0.1229529 0.1147158 0.9789125 -0.1886506 0.07836556 0.9435096 -0.2614852 0.2035073 0.9273073 -0.3316965 0.1734317 0.8766224 -0.3894429 0.2826087 0.8523286 -0.449015 0.2681818 0.7849797 -0.4957709 0.3715078 0.744794 -0.5656247 0.3540489 0.6779238 -0.5930052 0.4344699 0.6357482 -0.6318187 0.4434294 0.5618305 -0.6472489 0.5151848 0.4976087 -0.7052305 0.5050104 0.6420329 -0.7460057 0.1768311 0.6455915 -0.7484844 0.1516009 0.5094197 -0.850225 0.132699 0.4860543 -0.8591655 0.1599563 0.390596 -0.9061529 0.1622396 0.3384535 -0.9163365 0.2139546 0.2058988 -0.9643617 0.166169 0.1410438 -0.9655876 0.2185114 0.3844703 -0.7052595 0.5956441 0.5240147 -0.2575585 0.8118328 0.5240135 -0.2575675 0.8118305 0.369722 -0.2580748 0.8925822 0.369719 -0.2580726 0.8925842 0.2255357 -0.2580719 0.939432 0.2255402 -0.258078 0.9394292 0.07580101 -0.2580749 0.9631468 0.07580316 -0.2580762 0.9631462 0.3844672 -0.7052668 0.5956372 0.2710162 -0.7060139 0.6542894 0.271016 -0.7060142 0.6542891 0.165327 -0.7060126 0.6886314 0.1653233 -0.7060158 0.688629 0.05556827 -0.7060148 0.7060137 0.05556285 -0.7060145 0.7060145 0.1410428 -0.9655872 0.218514 0.09933143 -0.9657256 0.2398069 0.09933215 -0.9657254 0.2398073 0.06059294 -0.965725 0.252396 0.06059503 -0.9657252 0.2523946 0.02036619 -0.9657255 0.2587656 0.02036559 -0.9657253 0.2587664 0 -0.9659253 0.258821 0 -0.9659259 0.2588189 0 -0.7071086 0.7071051 0 -0.7071071 0.7071065 0 -0.2588191 0.9659258 0 -0.2588181 0.9659262 -0.02036499 -0.9657254 0.2587661 -0.05556356 -0.7060161 0.7060127 -0.07580101 -0.2580744 0.9631469 -0.0758031 -0.2580761 0.9631463 -0.2255392 -0.2580752 0.9394302 -0.2255359 -0.2580749 0.9394312 -0.3697189 -0.2580757 0.8925833 -0.3697224 -0.2580706 0.8925833 -0.5047968 -0.258072 0.8237593 -0.5047985 -0.2580817 0.823755 -0.5859109 -0.2587562 0.7679543 -0.5858985 -0.2587528 0.7679648 -0.05556774 -0.7060157 0.7060129 -0.1653271 -0.7060121 0.688632 -0.165323 -0.7060145 0.6886305 -0.2710158 -0.7060129 0.6542908 -0.2710155 -0.7060155 0.654288 -0.3700327 -0.7060102 0.6038423 -0.370032 -0.7060124 0.6038402 -0.4289624 -0.7070103 0.5622524 -0.4289665 -0.7070105 0.562249 -0.0203669 -0.9657258 0.2587644 -0.06059449 -0.9657253 0.2523946 -0.06059294 -0.965726 0.2523919 -0.0993312 -0.9657257 0.2398063 -0.09933102 -0.9657259 0.239806 -0.1356219 -0.9657256 0.221316 -0.1356219 -0.965726 0.2213142 -0.157034 -0.9659074 0.2058237 -0.1570299 -0.9659087 0.2058205 -0.9954465 -0.09272915 -0.02208089 -0.9917555 -0.1245877 0.02998584 -0.990949 -0.1341232 0.005585789 -0.9735886 -0.1985331 0.1127389 -0.9472247 -0.3188148 -0.03350204 -0.9159435 -0.3912988 0.08906716 -0.9153968 -0.3808534 0.1303825 -0.8311253 -0.5545175 0.04172867 -0.7605289 -0.623882 0.1799086 -0.6287097 -0.7631603 0.149367 -0.6521682 -0.740438 0.162568 -0.7353648 -0.6770906 0.02805304 -0.5094221 -0.8502243 0.132695 -0.4241979 -0.8764621 0.2277513 -0.4479943 -0.8882507 0.1015477 -0.264096 -0.9220958 0.28283 -0.2735007 -0.9556694 0.1090572 -0.999998 -0.00200355 -2.12935e-4 -0.9991446 -0.02329003 0.03417092 -0.99865 -0.05055433 0.01194149 -0.995674 -0.07594949 0.05352663 -0.9957751 -0.08036363 0.04442805 -0.9834169 -0.1299955 0.1264613 -0.9797757 -0.1859815 0.07382911 -0.9360409 -0.2724041 0.2227633 -0.9319138 -0.324914 0.1611452 -0.8622613 -0.4021595 0.3078529 -0.8634893 -0.4392174 0.2479405 -0.7606954 -0.5088244 0.4030388 -0.7642397 -0.5555449 0.3275784 -0.6455821 -0.6029712 0.4686677 -0.6653391 -0.6231021 0.4111785 -0.5192742 -0.6526749 0.5516972 -0.5348933 -0.7017052 0.4706368 -0.9991444 -0.005092263 0.04104489 -0.9965576 -0.02772104 0.07813102 -0.9963177 -0.02542078 0.08188396 -0.9864082 -0.06697434 0.1500446 -0.9848027 -0.04105329 0.1687549 -0.9490386 -0.113918 0.2938511 -0.9459184 -0.09422188 0.3104204 -0.8937249 -0.1529389 0.4217411 -0.890513 -0.14366 0.4316809 -0.8194344 -0.1932686 0.5396059 -0.8181579 -0.1900764 0.5426682 -0.7413908 -0.2202427 0.6339029 -0.7439189 -0.2224544 0.6301578 -0.6531388 -0.2429751 0.717198 -0.6613906 -0.2580626 0.7042486 -0.2588171 0 0.9659264 -0.258821 0 0.9659254 -0.7071064 0 0.7071073 -0.9659258 0 0.2588192 -0.9659258 0 0.2588192 -0.9659258 0 -0.2588192 -0.9659258 0 -0.2588192 -0.7071043 0 -0.7071093 -0.7071064 0 -0.7071073 -0.2588171 0 -0.9659264 -0.2588249 0 -0.9659243 0.2588245 0 -0.9659245 0.2588167 0 -0.9659265 0.7071064 0 -0.7071073 0.7071043 0 -0.7071093 0.9659261 0 -0.2588179 0.9659262 0 -0.2588179 0.9659261 0 0.2588179 0.9659262 0 0.2588179 0.7071064 0 0.7071073 0.2588206 0 0.9659255 0.2588167 0 0.9659265 -0.1456838 -0.9893313 0 -0.4626888 -0.8865208 -2.30564e-5 -0.3577924 -0.9337998 0.00163412 -0.4422833 -0.8968733 -0.001946032 -0.1950892 -0.9807825 0.002457976 -0.7595632 -0.6504321 0.00143665 -0.8493633 -0.5278086 -6.41734e-6 -0.5918357 -0.8060586 5.63902e-5 -0.6087599 -0.7933543 7.51577e-4 -0.7933538 -0.6087599 -0.001067459 -0.9900355 -0.1408181 7.85832e-5 -0.9999969 -0.002498984 0 -0.9209672 -0.3896401 2.38134e-5 -0.8968677 -0.442295 -0.001865625 -0.9807826 -0.1950925 0.002115368 0.8096233 -0.1950135 0.5536065 0.5690084 -0.1942309 0.7990643 0.3558599 -0.1947822 0.9140152 -0.4418089 -0.8959066 0.04643565 0.1950481 -0.9805794 0.0205003 -0.1950487 -0.9805794 0.0205006 -0.1950496 -0.9805792 0.02050036 -0.1865236 -0.9805794 0.0606051 -0.1865255 -0.9805791 0.06060594 -0.169849 -0.980579 0.09806209 -0.169846 -0.9805796 0.09806191 -0.14575 -0.9805791 0.1312314 -0.145748 -0.9805793 0.1312323 -0.7906061 -0.6066607 0.08309537 -0.6075192 -0.7917344 0.06385248 -0.5515887 -0.8307526 0.07483381 -0.5303852 -0.8300561 0.1723324 -0.5303869 -0.8300547 0.1723338 -0.4829646 -0.8300563 0.2788399 -0.4829658 -0.8300559 0.2788391 -0.4144354 -0.8300564 0.3731617 -0.414439 -0.8300555 0.3731599 0.1698476 -0.9805793 0.09806144 0.1698485 -0.9805791 0.09806263 0.4829661 -0.8300558 0.2788391 0.482964 -0.8300565 0.2788406 0.7212886 -0.5534647 0.4164369 0.1865236 -0.9805794 0.06060516 0.1865241 -0.9805793 0.06060546 0.5303892 -0.830053 0.1723349 0.5303856 -0.830056 0.1723318 -0.8260893 -0.5541431 0.1024785 -0.7921108 -0.5534612 0.2573738 -0.7921128 -0.5534586 0.2573729 -0.7212941 -0.553458 0.4164363 -0.7212912 -0.55346 0.4164386 -0.6189453 -0.553463 0.557302 -0.6189479 -0.5534587 0.5573033 -0.07977044 -0.9805793 0.1791672 -0.07977122 -0.9805789 0.179169 -0.2268304 -0.8300565 0.5094646 -0.22683 -0.8300544 0.5094683 -0.3387596 -0.5534639 0.7608678 -0.3387647 -0.5534628 0.7608664 -0.04077661 -0.9805794 0.1918367 -0.04077523 -0.9805789 0.1918396 -0.1159483 -0.8300546 0.5454956 -0.1159474 -0.8300572 0.5454919 -0.1731618 -0.5534637 0.8146735 -0.1731641 -0.553461 0.814675 0 -0.9805793 0.1961231 0 -0.9805789 0.196125 0 -0.8300569 0.5576787 0 -0.8300557 0.5576804 0 -0.5534601 0.8328757 0 -0.5534611 0.8328751 0.1950469 -0.9805796 0.0205003 0.4418238 -0.8958993 0.0464372 0.5515886 -0.8307526 0.07483363 0.6075192 -0.7917345 0.0638532 0.7906116 -0.6066532 0.08309686 0.7212933 -0.5534573 0.4164386 0.7921109 -0.5534613 0.2573732 0.7921108 -0.5534619 0.2573722 0.8260837 -0.5541518 0.102478 0.8929246 -0.4403159 0.09384948 -0.9756153 -0.194062 0.1025414 -0.9756158 -0.1940588 0.1025421 -0.8929069 -0.4403519 0.0938487 -0.6492726 -0.195088 0.7351093 -0.7290174 -0.194065 0.6564088 -0.7290163 -0.1940632 0.6564106 -0.8096221 -0.19502 0.5536057 -0.8384133 -0.2505062 0.4840556 -0.8631371 -0.1945475 0.4659889 -0.9329754 -0.194069 0.3031407 -0.8968921 -0.2947915 0.3296707 -0.9509202 -0.1949535 0.2402999 -0.5690084 -0.1942355 0.7990633 -0.5736707 -0.2178458 0.7895855 -0.4895503 -0.5534622 0.6738101 -0.4895531 -0.5534612 0.673809 -0.3277955 -0.8300555 0.4511741 -0.3277933 -0.8300564 0.451174 -0.1152781 -0.9805791 0.1586683 -0.1152791 -0.9805793 0.1586666 0.1210838 -0.1950553 0.9732894 0 -0.1940602 0.9809896 0 -0.1940605 0.9809896 -0.1210837 -0.1950564 0.9732891 -0.2020052 -0.2366049 0.9503747 -0.222173 -0.1944036 0.95543 -0.3990039 -0.1940625 0.8961784 -0.3439093 -0.3185906 0.8833044 -0.449438 -0.1948764 0.8717963 0.222173 -0.1944025 0.9554302 0.2020048 -0.236605 0.9503747 0.1731634 -0.5534663 0.8146715 0.1731628 -0.5534584 0.8146769 0.1159485 -0.8300536 0.5454971 0.1159477 -0.830057 0.5454919 0.04077631 -0.980579 0.1918388 0.04077559 -0.9805792 0.1918382 0.4494397 -0.1948711 0.8717967 0.3922795 -0.2642675 0.8810672 0.3387639 -0.5534651 0.7608649 0.33876 -0.5534626 0.7608686 0.2268288 -0.8300561 0.5094659 0.2268308 -0.8300547 0.5094674 0.0797705 -0.9805789 0.1791698 0.0797711 -0.9805793 0.1791672 0.6492726 -0.195088 0.7351093 0.5736705 -0.2178462 0.7895855 0.489555 -0.5534577 0.6738104 0.4895503 -0.5534614 0.6738109 0.3277953 -0.8300551 0.4511749 0.3277935 -0.8300561 0.4511744 0.1152781 -0.9805791 0.1586683 0.1152794 -0.9805791 0.1586669 0.1457489 -0.9805793 0.1312309 0.1457484 -0.9805792 0.1312323 0.4144434 -0.8300516 0.3731637 0.414434 -0.8300583 0.3731592 0.6189419 -0.5534673 0.5573015 0.6189488 -0.5534608 0.5573002 0.7290204 -0.1940512 0.6564096 0.7290162 -0.1940666 0.6564097 0.8471707 -0.2704029 0.4573664 0.8495619 -0.1940588 0.4904956 0.9206447 -0.1946738 0.3384015 0.9184259 -0.2596986 0.2984133 0.9509211 -0.1949489 0.2402999 0.9756162 -0.1940582 0.1025406 0.9756137 -0.1940698 0.1025417 0.8968755 -0.4422833 1.12332e-5 0.914732 -0.4040604 -7.62398e-4 0.9807858 -0.1950802 0.001762032 0.987928 -0.1549134 8.6557e-5 0.9999973 -0.002344191 0 0.1950899 -0.9807854 0 0.08778721 -0.9961109 0.007514536 0.4422765 -0.8968495 -0.00725013 0.2962731 -0.9550999 0.002563297 0.4624155 -0.8866633 -1.87641e-5 0.6087575 -0.7933565 5.48334e-5 0.5768055 -0.8168798 0.00169599 0.7933507 -0.6087605 -0.002321779 0.7461822 -0.6657399 0.001627862 0.8493383 -0.527849 -5.88613e-6 0.1456831 0.9893314 0 0.4626653 0.8865331 -3.68121e-5 0.3589428 0.933356 0.002611219 0.4423061 0.8968585 -0.003204703 0.1950873 0.9807776 0.00404787 0.7603139 0.6495524 0.002146184 0.8493609 0.5278126 -9.58231e-6 0.5918737 0.8060309 8.97937e-5 0.6087654 0.7933496 0.001166164 0.7933474 0.6087669 -0.001656591 0.9900432 0.1407645 1.10922e-4 0.999998 0.002016007 0 0.9209661 0.3896428 3.55137e-5 0.8968855 0.4422546 -0.002708435 0.980782 0.1950825 0.003072142 -0.8096224 0.1950201 0.5536054 -0.569011 0.1942355 0.7990614 -0.3558601 0.1947831 0.9140148 0.4418238 0.8958993 0.0464372 -0.195051 0.9805788 0.02050107 0.1950498 0.9805791 0.02050083 0.1950473 0.9805796 0.02049952 0.1865242 0.9805793 0.06060564 0.186526 0.9805789 0.06060612 0.1698483 0.9805791 0.09806221 0.1698486 0.980579 0.09806388 0.1457506 0.9805787 0.1312343 0.1457471 0.9805796 0.131231 0.7906116 0.6066532 0.08309721 0.6075192 0.7917345 0.0638532 0.5515868 0.8307539 0.07483381 0.5303833 0.8300573 0.1723323 0.530389 0.8300536 0.172333 0.482963 0.8300576 0.2788389 0.4829679 0.8300539 0.2788417 0.4144371 0.8300557 0.3731612 0.4144385 0.8300554 0.3731607 -0.1698479 0.9805792 0.09806239 -0.1698482 0.9805791 0.09806197 -0.4829663 0.8300554 0.2788396 -0.4829629 0.830058 0.278838 -0.7212955 0.5534552 0.4164376 -0.1865261 0.9805788 0.06060636 -0.1865253 0.980579 0.0606057 -0.5303837 0.830057 0.1723331 -0.5303886 0.830054 0.1723327 0.8260826 0.5541535 0.1024777 0.792111 0.5534614 0.2573727 0.7921107 0.5534625 0.2573714 0.7212889 0.5534649 0.4164361 0.7212919 0.5534589 0.4164387 0.618947 0.5534605 0.5573025 0.6189459 0.5534635 0.5573009 0.07977157 0.9805787 0.1791706 0.0797711 0.9805793 0.1791671 0.2268308 0.8300547 0.5094676 0.2268291 0.8300552 0.5094674 0.3387599 0.5534625 0.7608686 0.338764 0.5534634 0.7608661 0.04077661 0.9805791 0.191838 0.04077637 0.9805789 0.1918395 0.1159484 0.8300533 0.5454975 0.1159475 0.830058 0.5454905 0.1731621 0.5534652 0.8146725 0.1731641 0.5534592 0.8146761 0 0.9805794 0.1961227 0 0.9805786 0.1961271 0 0.8300569 0.5576787 0 0.8300572 0.5576784 0 0.5534597 0.832876 0 0.5534605 0.8328754 -0.1950496 0.9805792 0.02050036 -0.4418089 0.8959066 0.04643607 -0.5515872 0.8307537 0.07483351 -0.6075192 0.7917345 0.06385213 -0.7906061 0.6066607 0.0830959 -0.7212901 0.5534619 0.4164379 -0.7921122 0.5534595 0.2573732 -0.7921125 0.5534591 0.2573732 -0.8260889 0.5541439 0.102478 -0.892907 0.4403519 0.09384834 0.9756168 0.1940549 0.1025415 0.9756134 0.1940726 0.1025405 0.8929246 0.4403159 0.0938493 0.6492969 0.195078 0.7350906 0.7290171 0.1940622 0.65641 0.7290195 0.1940556 0.6564092 0.8096239 0.1950103 0.5536065 0.8384118 0.2505069 0.484058 0.8631386 0.1945467 0.4659864 0.9329754 0.194066 0.3031424 0.8968946 0.2947848 0.3296696 0.9509211 0.1949486 0.2402998 0.5690116 0.1942311 0.7990621 0.5736675 0.2178475 0.7895873 0.4895499 0.5534636 0.6738094 0.4895537 0.5534589 0.6738104 0.3277946 0.8300571 0.4511719 0.3277941 0.8300553 0.4511756 0.1152778 0.9805791 0.1586681 0.1152805 0.9805789 0.1586675 -0.1210839 0.1950553 0.9732893 0 0.1940604 0.9809896 0 0.1940606 0.9809896 0.1210839 0.1950541 0.9732896 0.202008 0.2366039 0.9503743 0.2221686 0.1944049 0.9554307 0.3990067 0.194062 0.8961772 0.3439042 0.3185903 0.8833065 0.4494393 0.1948709 0.8717969 -0.2221687 0.1944027 0.9554312 -0.2020084 0.2366039 0.9503743 -0.1731603 0.5534628 0.8146745 -0.173166 0.5534622 0.8146737 -0.1159481 0.8300548 0.5454953 -0.1159476 0.8300562 0.5454934 -0.04077613 0.9805794 0.191837 -0.04077672 0.9805788 0.1918398 -0.4494381 0.1948744 0.8717966 -0.3922797 0.2642676 0.8810672 -0.338761 0.5534629 0.7608679 -0.3387633 0.5534616 0.7608678 -0.2268298 0.8300558 0.5094661 -0.2268305 0.8300558 0.5094658 -0.07977157 0.980579 0.1791687 -0.07977104 0.980579 0.1791689 -0.6492962 0.1950829 0.7350898 -0.5736675 0.2178465 0.7895875 -0.4895537 0.55346 0.6738095 -0.4895493 0.5534642 0.6738094 -0.3277956 0.8300559 0.4511734 -0.327793 0.8300568 0.4511736 -0.1152791 0.980579 0.1586683 -0.1152789 0.9805792 0.1586673 -0.1457482 0.9805793 0.131232 -0.1457492 0.980579 0.131233 -0.4144389 0.8300549 0.3731611 -0.4144343 0.8300578 0.37316 -0.6189453 0.553463 0.557302 -0.6189482 0.5534575 0.5573043 -0.7290161 0.1940622 0.6564109 -0.7290174 0.1940659 0.6564084 -0.8471711 0.270403 0.4573659 -0.8495622 0.1940588 0.4904948 -0.9206424 0.1946849 0.338401 -0.9184257 0.2596986 0.2984138 -0.9509204 0.1949527 0.2402999 -0.975616 0.1940582 0.1025418 -0.9756153 0.194062 0.1025414 -0.8968665 0.4423015 1.70562e-5 -0.9144816 0.404626 -0.001121044 -0.9807821 0.1950895 0.002566516 -0.9879393 0.1548418 1.22206e-4 -0.9999985 0.001803874 0 -0.1950909 0.9807853 0 -0.09273672 0.9956152 0.01226288 -0.4422608 0.8968042 -0.01214796 -0.29807 0.9545353 0.004098176 -0.4624017 0.8866706 -2.99595e-5 -0.608762 0.7933531 8.75196e-5 -0.5778993 0.8161039 0.002618074 -0.7933441 0.6087626 -0.003622055 -0.7470474 0.6647663 0.002431809 -0.8493225 0.5278744 -8.55144e-6 -0.7071071 0.7071065 0 -0.7071074 0.7071062 3.47659e-6 -0.7071064 0.7071072 -3.16284e-6 -0.7071076 0.7071061 0 -0.7071088 0.7071049 0 -0.7071073 -0.7071063 0 -0.7071059 -0.7071077 0 -0.7071071 -0.7071065 0 -0.7071067 -0.707107 0 -0.7071065 -0.7071071 0 -0.7071068 -0.7071068 3.15549e-6 -0.7071276 -0.707086 -9.24024e-6 0 1 1.78813e-6 0 -1 5.47589e-7 0.4396936 0.8981478 0 -0.499118 -0.8665341 0 -0.4552326 -0.8903092 0.01063293 -0.4458374 -0.8949583 0.016694 -0.3669402 -0.9302021 -0.008892595 -0.2874488 -0.9575876 0.01998347 -0.2614869 -0.965207 0 -0.1207705 -0.9926806 0 -0.1210427 -0.9926473 3.38587e-4 0.04947102 -0.9987756 -3.39803e-4 0.04921603 -0.9987882 0 0.2182757 -0.9758872 0 0.2103853 -0.9775636 0.01037079 0.3807209 -0.9246166 -0.0116598 0.3582 -0.9334562 0.01877206 0.4396938 -0.8981478 0 -0.6414088 -0.7666827 0.0281496 -0.5246002 -0.8513488 0 -0.5913508 -0.8064105 0.002511858 -0.7169592 -0.6917494 -0.08632713 -0.453741 -0.8909532 -0.01793372 -0.4982562 -0.86703 2.37921e-4 -0.6578896 -0.753113 -0.001498281 -0.6253523 -0.7774401 -0.06724137 -0.6433038 -0.7648534 -0.03405272 -0.03408223 -0.9519438 -0.3043705 -0.1207455 -0.9926836 0 -0.3680396 -0.9298101 0 -0.295863 -0.8949838 -0.3338697 -0.3902231 -0.9159346 -0.09375435 0.4361334 -0.8998821 0 0.3577973 -0.9329975 -0.0386883 0.2938408 -0.9322928 -0.2109215 0.2074173 -0.9782526 0 0.04949527 -0.9987744 0 -0.03408282 0.9519613 -0.3043158 0.04921609 0.9987882 0 0.3006036 0.9537492 0 0.2351756 0.9102782 -0.3407141 0.3616558 0.9317837 -0.03137212 -0.457871 0.8888829 -0.01554346 -0.3945028 0.915005 -0.08446043 -0.3624789 0.9157609 -0.1731788 -0.2614873 0.9652069 0 -0.1210235 0.9926497 0 -0.7006192 0.7115432 0.05328196 -0.6461457 0.7626455 -0.02945816 -0.6578738 0.7530949 -0.007083058 -0.5245971 0.8513507 0 -0.4991181 0.8665341 0 -0.3811588 0.9225658 0.05991983 -0.4454926 0.8942659 -0.04271906 -0.2638865 0.9640856 0.03004831 -0.2875061 0.9577788 0 -0.1207456 0.9926836 0 -0.1207703 0.9926806 -3.22547e-5 0.04949605 0.9987744 3.22642e-5 0.04947102 0.9987756 0 0.2074169 0.9782527 0 0.2182626 0.9758279 0.01102048 0.3451224 0.9385179 -0.008646011 0.3807008 0.9245669 0.01558959 0.436133 0.8998823 0 -0.6664895 -0.7455145 0 -0.8270552 -0.5621207 0 -0.871711 -0.4895119 -0.02231669 -0.910464 -0.4135884 0 -0.9674524 -0.2530531 0 -0.9852451 -0.1696883 -0.02231681 -0.996366 -0.08517539 0 -0.996366 0.08517539 0 -0.9852451 0.1696883 -0.02231681 -0.4508026 0.8925399 0.01222676 -0.498321 0.8669927 -1.69391e-4 -0.5913526 0.8064129 5.33454e-4 -0.5597699 0.8283357 0.02275699 -0.7167575 0.6915544 -0.08950513 -0.6606346 0.7507077 0 -0.8270552 0.5621207 0 -0.871711 0.489512 -0.02231669 -0.910464 0.4135884 0 -0.9674524 0.2530531 0 9.40425e-7 0 1 0 0 1 -5.93422e-7 0 1 7.59941e-7 0 1 -8.35097e-7 0 1 1.07824e-6 0 1 3.40251e-7 0 1 0 0 1 2.61471e-7 0 1 -5.18061e-7 0 1 -0.9174043 0.3974839 -0.01938879 -0.9121701 0.4097997 0.003145277 -0.9354393 0.3534845 -0.001457035 -0.9360711 0.3515284 -0.01410347 -0.6593553 0.7518127 0.005323708 -0.6901966 0.7231342 0.02656584 -0.7156072 0.6963326 0.05502098 -0.9075342 0.4199779 -7.09788e-4 -0.8900907 0.4557834 3.18551e-4 -0.8773059 0.4798966 -0.005811333 -0.8685349 0.4956243 0.001968204 -0.8332855 0.5528354 -0.002913594 -0.8299387 0.5578546 0 -0.7899516 0.6131693 0 -0.7574637 0.6527438 0.01320612 -0.6454051 0.7612253 -0.06315404 -0.6484261 0.7612777 0 -0.5200995 0.8541057 0 -0.4516667 0.89175 -0.02791643 -0.07805883 0.9969488 0 -0.1555804 0.9874288 -0.02791607 -0.2322737 0.9726505 0 -0.3808279 0.9246461 0 -0.6484124 -0.7612622 0.006423115 -0.9342811 -0.3565372 2.82836e-4 -0.9358779 -0.3520977 -0.01264387 -0.9357248 -0.3523836 -0.01565539 -0.9238559 -0.3827406 -1.23543e-4 -0.9117413 -0.4107015 -0.007215738 -0.9096819 -0.4152966 -0.002755403 -0.8770732 -0.4803522 -0.002116739 -0.8761633 -0.4820034 -0.003253281 -0.8952208 -0.4456228 4.38902e-4 -0.7121844 -0.6994283 0.05994516 -0.6543883 -0.7548403 -0.04463165 -0.7831455 -0.6216266 0.01623874 -0.7688018 -0.6394872 0 -0.8326073 -0.5538639 0 -0.829935 -0.5578503 -0.00335139 -0.8567951 -0.515657 2.8253e-4 -0.6863931 -0.7266409 0.02928471 -0.6501808 -0.7597751 0.002632498 -0.4883224 -0.8726575 -0.003201246 -0.4517157 -0.8918471 -0.02370059 -0.3525971 -0.9357753 0 -0.2554473 -0.9668231 0 -0.1555913 -0.9874974 -0.02530235 -0.101857 -0.9947991 0 0.2357023 0.9718254 0 0.2852281 0.954061 0.09172087 0.1754621 0.9840646 0.02881103 0.1175164 0.9930356 0.008375763 0.09140008 0.9958143 0 0.1393827 0.9901642 -0.0121473 0.3592958 0.9332238 0 0.1660565 0.9859207 -0.01963448 0.1986963 0.9795959 -0.03019654 0.1186888 0.9929212 0.004543244 0.3493798 0.9369736 -0.003803431 0.3493822 -0.9369803 0 0.3532158 -0.9355392 -0.002231538 0.1186897 -0.9929286 0.002375602 0.1825682 -0.9829028 -0.02389603 0.122565 -0.9924303 -0.007745504 0.0914002 -0.9958143 0 0.1332063 -0.9909933 0.01372992 0.3592957 -0.9332239 0 0.2352201 -0.9698372 0.06393355 0.1909087 -0.9809082 0.03705751 0.1594538 -0.9869272 0.02343571 -1 -4.57876e-6 0 -1 1.25234e-6 0 -1 1.13074e-5 0 -1 2.49959e-7 0 -1 -1.86938e-6 0 -1 -1.41204e-5 0 0 1 -1.76189e-6 0 1 -8.63155e-7 0 1 -6.30012e-7 0 1 1.37104e-6 0 1 -1.08633e-6 0 1 2.37259e-7 0 1 3.55341e-5 0 1 -4.10004e-5 0 -1 1.76188e-6 0 -1 1.34761e-6 0 -1 6.91255e-7 0 -1 -1.20848e-6 0 -1 9.74047e-7 0 -1 -2.07386e-7 0 -1 3.17783e-5 0 -1 -4.65419e-5 -1.97067e-7 0 -1 0 0 -1 4.11461e-7 0 -1 -5.19261e-7 0 -1 0 0 -1 5.23101e-7 0 -1 -2.53098e-7 0 -1 -3.56679e-7 0 -1 3.90277e-6 0 -1 2.37375e-6 0 -1 -1.57243e-6 0 -1 -4.08659e-7 0 -1 -2.30277e-6 0 -1 -5.3893e-7 0 -1 -9.227e-7 0 -1 -3.24538e-7 0 -1 4.7406e-7 0 -1 -7.94838e-7 0 -1 1.28601e-7 0 -1 -2.34948e-7 0 -1 3.68915e-7 0 -1 6.85539e-7 0 -1 1.33308e-6 0 -1 -0.1119644 0.9937123 0 -0.2223767 0.9742954 0.03601753 -0.3302788 0.9438835 0 -0.5320323 0.846724 0 -0.6230853 0.7813243 0.03601759 -0.7071065 0.7071071 0 -0.8467243 0.532032 0 -0.9003843 0.4336023 0.03601777 -0.9438836 0.3302783 0 -0.9937123 0.1119648 0 -0.9993512 0 0.03601771 -0.9937123 -0.1119648 0 -0.9438836 -0.3302783 0 -0.9003843 -0.4336023 0.03601777 -0.8467243 -0.532032 0 -0.6230853 -0.7813243 0.03601759 -0.1119644 -0.9937123 0 -0.2223767 -0.9742954 0.03601753 -0.3302788 -0.9438835 0 -0.5320323 -0.846724 0 -0.7071078 -0.7071058 0 -0.7071076 -0.7071061 0 -0.7071064 -0.7071072 -3.16284e-6 -0.7071074 -0.7071062 3.47659e-6 -0.7071071 -0.7071065 0 -0.7071074 0.7071062 0 -0.7071062 0.7071075 0 -0.7071074 0.7071062 0 -0.7071049 0.7071086 -2.47646e-6 -0.7071068 0.7071068 0 -0.7071079 0.7071058 1.00922e-6 -0.7071068 0.7071068 0 -0.7071228 0.7070909 -9.09488e-6 0 -0.03223711 -0.9994803 0.006266295 -0.1806185 -0.9835333 0.006085455 -0.7070937 -0.7070937 0.0709728 -0.8185643 -0.5700135 0.0248959 -0.7226102 -0.6908073 0.005574345 -0.6082199 -0.793749 -1.29232e-5 -0.5384384 -0.8426648 7.32838e-5 -0.2588189 -0.9659259 0.06412994 -0.4214066 -0.9046015 0.03712713 -0.325213 -0.9449117 0 -0.9659258 -0.2588195 0.05752158 -0.9913548 -0.1179282 0.0220955 -0.9608285 -0.2762615 -4.72181e-6 -0.9116566 -0.410953 4.2273e-7 -0.8576624 -0.5142133 0.003011226 0.9297972 -0.3680599 0.02640038 0.9655895 -0.2587276 0.01650351 0.9774377 -0.2105782 0 0.9966688 -0.08155548 0.00458163 0.610077 -0.7923289 0.03194725 0.7440423 -0.6673684 0.01415967 0.707036 -0.7070358 6.45224e-7 0.8436838 -0.5368406 -4.62811e-7 0.8734136 -0.4869793 0 0.1199918 -0.992775 0.02721709 0.2840855 -0.9584127 0.02084779 0.2587625 -0.965716 2.09925e-5 0.4236781 -0.9058129 -7.44312e-6 0.5267518 -0.8500192 4.69714e-4 0.2588186 0.9659259 0.03785026 0.3797562 0.9243121 0 0.1499019 0.9887009 0 0.9659258 0.2588192 0.02322566 0.980495 0.1951673 -1.34614e-4 0.8973437 0.4413326 5.09295e-4 0.7071067 0.7071067 0.03488796 0.7754775 0.6304106 -2.14587e-4 0.5967451 0.8024309 0 -0.9972759 0.07376241 0.01886773 -0.9657539 0.2587732 -1.03796e-4 -0.9440692 0.3297476 1.13885e-5 -0.8552579 0.5182027 0.006392955 -0.707092 0.7070927 -8.33767e-5 -0.6921091 0.7217929 3.44466e-6 -0.4916185 0.8708108 0.002643764 -0.2588177 0.9659227 0 -0.2497898 0.9683002 0.2240798 -0.9745577 0.005049347 -0.007650136 -0.9034186 0.4286914 -0.009985089 -0.8033732 0.5953922 -0.006407141 -0.6325979 0.7744539 0.01302438 -0.7878526 0.6157261 0 -0.8306626 0.5567762 0 -0.6986674 0.7154467 0.003237426 -0.6566486 0.7541897 -0.006888091 -0.5449565 0.8384361 -0.01381391 -0.520094 0.8539974 0.008203685 -0.5395277 0.841928 0.01430135 -0.5336414 0.84559 0.01329898 -0.9942898 0.1058823 -0.005831599 -0.9937186 -0.1117559 0.003693163 -0.9806756 0.1956061 0 -0.9912263 0.1321761 0 -0.9411073 0.3381083 -0.006807386 -0.9630812 0.2691254 0.004609167 -0.9097759 0.4150744 0.008901834 -0.9989395 0.04517686 0 -0.9937663 -0.1114838 0 -0.9458431 -0.3246244 -0.009503364 -0.8118687 -0.5837629 0.003794789 -0.9098535 -0.4149124 -0.006029605 -0.963867 -0.2663158 -0.009323775 -0.4911512 -0.8710244 -0.009256362 -0.6376424 -0.7702769 0.009858608 -0.5197204 -0.8542796 0.006976187 -0.5208236 -0.8536359 -0.00843048 -0.907124 -0.4207792 0.01323038 -0.7936162 -0.6082749 0 -0.8385369 -0.544845 0 -0.685113 -0.7284368 0.001992762 -0.6681604 -0.7440147 -0.001938223 -0.5345242 -0.845151 0.2240798 0.9745577 -0.005049347 -0.007650136 0.9034186 -0.4286914 -0.009984791 0.8033732 -0.5953922 -0.006407141 0.6325979 -0.7744539 0.01302438 0.7878526 -0.6157261 0 0.8306626 -0.5567762 0 0.6986674 -0.7154467 0.003237426 0.6566486 -0.7541897 -0.006888091 0.5449565 -0.8384361 -0.01381468 0.520094 -0.8539974 0.008203804 0.5395274 -0.8419282 0.01430177 0.5336405 -0.8455905 0.01329892 0.9942898 -0.1058823 -0.005831599 0.9937186 0.1117559 0.003693222 0.9806756 -0.1956061 0 0.9912263 -0.1321761 0 0.9411073 -0.3381083 -0.006807625 0.9630812 -0.2691254 0.004609167 0.9097759 -0.4150744 0.008901834 0.9989395 -0.04517686 0 0.9937663 0.1114838 0 0.9458431 0.3246244 -0.009503364 0.8118692 0.5837623 0.00379461 0.9098532 0.4149129 -0.006029486 0.963867 0.2663158 -0.009324669 0.4911512 0.8710244 -0.009257376 0.6376413 0.7702777 0.009857952 0.5197216 0.8542789 0.006977975 0.5208244 0.8536354 -0.00843048 0.907124 0.4207792 0.01323056 0.7936162 0.6082749 0 0.8385369 0.544845 0 0.685113 0.7284368 0.001992881 0.6681604 0.7440147 -0.001937806 0.5345242 0.845151 -0.02299773 -0.8937347 -0.4480061 -0.08489203 -0.8221958 -0.5628388 -0.09791994 -0.8258626 -0.5553042 0 0.03599506 -0.999352 0 -0.4578664 -0.889021 0 -0.4578668 -0.8890208 0 -0.6913496 -0.7225205 -0.02009409 -0.7939946 -0.6075927 -0.01014572 0.5206138 -0.8537321 0 0.4816622 -0.8763571 0 0.03599512 -0.999352 -0.01689809 0.8669213 -0.4981587 -0.02766901 0.8258634 -0.5631911 -0.04631161 0.7718791 -0.6340802 -0.001441001 0.8719622 -0.4895711 1.10283e-5 0.7222921 -0.6915882 -8.96113e-5 0.6863797 -0.7272434 -0.03610497 0.988605 0.1461389 -0.02864557 0.9944914 0.1008284 -0.02012926 0.998701 0.0468105 0 0.9918323 -0.1275494 0 0.9272856 -0.3743549 -0.02387356 0.8419579 0.5390151 -0.01831567 0.8610241 0.5082343 0 0.9272856 0.3743549 -0.0541864 0.9711257 0.2323331 -0.04785358 0.9777332 0.2043233 -0.01178574 0.4906537 0.871275 0 0.6877249 0.7259715 0 0.8719632 0.4895714 -0.05045104 0.7608371 0.646979 -0.03369629 0.8074108 0.5890266 0 -0.7083142 0.7058973 0 -0.4578674 0.8890206 0 -0.4578661 0.8890212 0 0.03599506 0.999352 0 0.03599512 0.999352 0 0.5206415 0.8537756 -0.06159937 -0.8236069 0.5638061 -0.1056717 -0.8281408 0.5504693 -0.03605347 -0.8043348 0.5930816 -0.02765214 0.8875032 0.459971 -0.08630114 0.8220941 0.5627731 0 -0.03599506 0.999352 0 0.4578664 0.889021 0 0.4578668 0.8890208 0 0.7083134 0.7058981 -0.03605347 0.8043348 0.5930816 -0.01014572 -0.5206138 0.8537321 0 -0.4816622 0.8763571 0 -0.03599512 0.999352 -0.01689928 -0.8669213 0.4981587 -0.02766901 -0.8258634 0.5631911 -0.04631131 -0.7718791 0.6340802 -0.001441121 -0.8719622 0.4895711 1.10283e-5 -0.7222921 0.6915882 -8.98967e-5 -0.6863797 0.7272434 -0.03610497 -0.988605 -0.1461389 -0.02864569 -0.9944912 -0.1008298 -0.0201292 -0.998701 -0.04681038 0 -0.9918323 0.1275494 0 -0.9272856 0.3743549 -0.02387356 -0.8419579 -0.5390151 -0.01831567 -0.8610241 -0.5082343 0 -0.9272856 -0.3743549 -0.0541864 -0.9711257 -0.2323331 -0.0478537 -0.9777332 -0.2043233 -0.0117858 -0.4906537 -0.871275 0 -0.6877249 -0.7259715 0 -0.8719632 -0.4895714 -0.05044972 -0.7608371 -0.646979 -0.03369647 -0.8074108 -0.5890266 0 0.4578661 -0.8890212 0 -0.03599506 -0.999352 0 -0.03599512 -0.999352 0 -0.5206415 -0.8537756 -0.008279442 0.735669 -0.6772907 0 0.6913496 -0.7225205 0 0.4578674 -0.8890206 -0.05838346 0.8237644 -0.5639182 -0.1062992 0.8281202 -0.5503794 -0.04591971 0.8100935 -0.5844997 0.003061473 0.7412638 0.6712068 -0.07426822 0.822835 0.5634065 -0.0996198 0.8341207 0.5425114 -0.05824565 0.8240716 0.5634834 0 0.81651 0.5773314 -0.003485977 0.5080733 0.8613068 -0.03819715 0.4317479 0.9011853 3.95541e-4 0.281797 0.9594741 -5.33851e-4 0.0614472 0.9981102 -0.03314894 -0.06171256 0.9975434 0 -0.1896228 0.9818571 0 -0.4524129 0.8918087 -0.02394163 -0.5397714 0.8414712 -2.5519e-4 -0.6609811 0.7504026 3.11697e-4 -0.8111398 0.5848523 -0.02104067 -0.8812506 0.4721808 0 -0.9328743 0.3602024 0 -0.9985369 0.05407571 0 -0.9985368 0.05407685 -0.1408719 -0.9702578 -0.1968631 0 -0.999861 -0.01668167 0 -0.8651996 -0.5014278 0 -0.8652006 -0.5014259 0 -0.5115473 -0.8592551 0 -0.5115476 -0.859255 0 -0.02841651 -0.9995962 0 -0.02841651 -0.9995962 0 0.257286 -0.9663353 -0.01342308 0.3770376 -0.9261007 -0.0516715 0.4612902 -0.8857434 -0.01764214 0.5350559 -0.8446325 -0.04591906 0.8251596 -0.5630304 -0.09236103 0.8279526 -0.5531401 0.02044063 0.7515528 -0.6593563 -0.08976155 -0.8264531 -0.5558041 -0.1003972 -0.8282388 -0.5513083 -0.04574418 -0.825165 -0.5630366 -0.01338511 -0.376713 -0.9262333 -0.07745873 -0.5162619 -0.8529208 -0.02798128 -0.4617265 -0.886581 0 -0.6429747 -0.7658874 0 -0.7670975 -0.6415306 0 0.9985368 0.05407685 0 0.9985369 0.05407571 -0.03997486 0.9990617 -0.01666831 0 0.9800308 -0.198846 0 0.8652001 -0.5014267 0 0.8652001 -0.5014269 0 0.5115482 -0.8592546 0 0.5115468 -0.8592554 0 0.02841657 -0.9995962 0 0.02841645 -0.9995962 0 -0.257286 -0.9663353 0 0.9328161 0.3603529 -0.02104115 0.8812501 0.4721817 0 0.8121716 0.5834187 0 0.5399266 0.8417122 -0.03613901 0.4711324 0.8813218 0 0.6622026 0.7493249 6.18939e-5 -0.641668 0.7669826 -0.003485977 -0.5080729 0.861307 -0.03819715 -0.4317477 0.9011853 0 -0.2833688 0.959011 0 0.06174635 0.9980919 -0.05803304 -0.03697317 0.9976298 0 0.1899934 0.9817854 -0.03059047 -0.7789894 0.6262906 -0.006121039 -0.7168872 0.6971623 -2.29122e-4 -0.6674504 0.7446542 0 -0.81651 0.5773314 -0.07426714 -0.8228345 0.5634073 -0.08178412 -0.8262801 0.5572905 -0.02299779 -0.8937256 0.4480243 -0.6343939 -0.77301 0 -0.5551819 -0.8308895 0.03736066 -0.09801769 -0.9951847 0 -0.1949544 -0.9801006 0.03736096 -0.290284 -0.9569405 0 -0.4713981 -0.8819206 0 -0.1950707 -0.9806867 -0.01417499 -0.3988109 -0.9085431 -0.1244969 -0.1635558 -0.8409917 -0.5157348 -0.4698156 -0.8779637 -0.09194183 -0.342978 -0.8286665 -0.442355 -0.5101865 -0.8594878 -0.03147441 -0.433559 -0.8091918 -0.3965291 -0.555162 -0.8308554 0.03840118 -0.1960735 -0.96122 -0.1939366 -0.1664763 -0.9358487 -0.3106007 -0.3533213 -0.9262871 -0.1309829 -0.2282605 -0.8884581 -0.3981699 -0.1933596 -0.8729984 -0.4477568 -0.2086766 -0.9726986 -0.1015459 -0.2348605 -0.9700286 -0.06233036 -0.1332712 -0.9737207 -0.1846804 -0.2160417 -0.9753897 -0.04405677 -0.1472747 -0.9807946 -0.1278765 -0.1827797 -0.9826157 -0.0325281 -0.1600772 -0.9833512 -0.08599925 -0.1817495 -0.9831934 -0.01726073 -0.1691455 -0.9848185 -0.03902041 -0.1664013 -0.9859736 0.01291632 -0.1771916 -0.9831463 0.04501801 -0.2134447 -0.9720718 0.09755963 -0.2238054 -0.9708326 0.08599537 -0.1423438 -0.9364624 0.3205878 -0.3545016 -0.9261791 0.1285349 -0.1963344 -0.8918046 0.4075995 -0.3829376 -0.9167447 0.1137461 -0.3513338 -0.8636536 0.3614791 -0.4654123 -0.8831968 0.0579214 -0.4232696 -0.8324489 0.3575915 -0.1678768 -0.9818254 -0.08852297 -0.175758 -0.9837178 -0.03752964 -0.140865 -0.9841635 -0.107607 -0.1545107 -0.9861352 -0.06053131 -0.09458947 -0.9877017 -0.1244921 -0.1248873 -0.9899607 -0.06619036 -0.08507698 -0.987733 -0.1309409 -0.1148144 -0.9903734 -0.07732009 -0.02387624 -0.9907659 -0.1334656 -0.08061867 -0.9947699 -0.06271755 -0.009316265 -0.9924936 -0.1219416 -0.06492304 -0.9970176 -0.04172456 -0.02683192 -0.9953252 -0.09277778 -0.06363934 -0.9975128 -0.03030538 -0.04051727 -0.9969809 -0.06623989 -0.0483911 -0.9978003 -0.045309 -0.05911326 -0.9981855 -0.01146513 -0.0548923 -0.9982027 -0.02404916 -0.05661106 -0.9983624 0.008230745 -0.05728113 -0.9982122 0.01707482 -0.05470037 -0.9981836 0.02524822 -0.04520183 -0.9971395 0.06057941 -0.0559147 -0.99756 0.04180568 -0.0376352 -0.9933192 0.109091 -0.07996922 -0.9951975 0.05645418 -0.07468044 -0.9881961 0.1337586 -0.1214037 -0.991036 0.05575656 -0.1243982 -0.9840885 0.1268659 -0.1542088 -0.9871935 0.04084807 -0.1559916 -0.9816617 0.1095771 -0.1745306 -0.9845136 0.01649558 -0.1944103 -0.9773662 0.08342665 -0.4100061 -0.8222509 0.3947135 -0.5185445 -0.8548983 -0.01613843 -0.5332469 -0.7980613 0.2806174 -0.5555701 -0.8314697 0 -0.5555707 -0.8314694 0 -0.1950903 -0.9807853 0 -0.5555701 0.8314697 0 -0.5555707 0.8314694 0 -0.1950903 0.9807853 0 -0.1950707 0.9806867 0.01417499 -0.3988236 0.9085376 0.1244962 -0.1635489 0.8409928 0.5157355 -0.4698193 0.8779616 0.09194159 -0.3429674 0.82867 0.4423569 -0.5101898 0.8594858 0.03147435 -0.4335544 0.8091937 0.39653 -0.5551643 0.8308538 -0.03840112 -0.1960836 0.9612181 0.1939362 -0.1664751 0.935849 0.3106008 -0.3533213 0.9262871 0.1309829 -0.2282586 0.8884586 0.3981702 -0.1933708 0.8729964 0.4477558 -0.2086751 0.9726989 0.1015459 -0.2348716 0.970026 0.06232923 -0.1332641 0.9737216 0.1846806 -0.2160428 0.9753894 0.04405707 -0.1472768 0.9807941 0.1278765 -0.1827568 0.9826199 0.03252828 -0.1600837 0.9833502 0.08599746 -0.1817539 0.9831926 0.01726055 -0.1691429 0.9848188 0.03902059 -0.1664023 0.9859734 -0.01291638 -0.1771916 0.9831463 -0.04501801 -0.2134447 0.9720718 -0.09755963 -0.2238048 0.9708328 -0.08599537 -0.1423438 0.9364624 -0.3205878 -0.3545032 0.9261783 -0.1285347 -0.1963487 0.891802 -0.4075983 -0.3829367 0.916745 -0.1137462 -0.3513338 0.8636536 -0.3614791 -0.4654124 0.8831968 -0.0579214 -0.4232696 0.8324489 -0.3575915 -0.1678768 0.9818254 0.08852297 -0.1757574 0.9837179 0.03752964 -0.1408663 0.9841634 0.107607 -0.1545107 0.9861352 0.06053131 -0.09458845 0.9877018 0.1244921 -0.1248903 0.9899603 0.06618934 -0.08508092 0.9877326 0.1309409 -0.1148142 0.9903734 0.07732021 -0.02387619 0.9907659 0.1334652 -0.08061909 0.9947699 0.06271785 -0.009316265 0.9924936 0.1219416 -0.06492304 0.9970176 0.04172456 -0.02683156 0.9953254 0.09277671 -0.06309837 0.9975192 0.03120923 -0.04081624 0.9969708 0.06620651 -0.04856365 0.9977936 0.04527187 -0.05848151 0.998199 0.01336818 -0.05489301 0.9982026 0.02404904 -0.05661106 0.9983624 -0.008230745 -0.05728077 0.998212 -0.01707494 -0.05470037 0.9981836 -0.02524822 -0.04520183 0.9971395 -0.06057941 -0.0559144 0.99756 -0.04180544 -0.03763639 0.993319 -0.1090909 -0.07996833 0.9951975 -0.0564543 -0.07468146 0.9881961 -0.1337586 -0.1214033 0.9910361 -0.05575656 -0.124399 0.9840884 -0.1268658 -0.154208 0.9871937 -0.04084807 -0.1559926 0.9816615 -0.1095771 -0.1745306 0.9845136 -0.01649558 -0.1944097 0.9773663 -0.08342671 -0.4100443 0.8222354 -0.394706 -0.5185447 0.8548983 0.01613843 -0.5332469 0.7980613 -0.2806174 -0.6087614 0.7933533 0 -0.5552636 0.8310114 0.03320288 -0.382631 0.9237514 -0.01664376 -0.194983 0.9802445 0.03320294 -0.1305267 0.9914449 0 -0.09724277 0.9952607 0 -0.1807931 0.9705761 -0.1590475 -0.7695745 0.6307192 -0.09974205 -0.1825733 0.9801372 -0.07744765 -0.4308833 0.9006969 -0.05554163 -0.551961 0.8213438 -0.1439915 -0.2079444 0.973002 -0.1001315 -0.21287 0.9570209 -0.1969704 -0.2062309 0.9605347 -0.1866601 -0.2183714 0.9131026 -0.3443219 -0.1901507 0.9247916 -0.3295503 -0.2141453 0.8632997 -0.4570071 -0.2173957 0.8580545 -0.4652758 -0.20502 0.8378686 -0.5059081 -0.2325356 0.7497786 -0.6194831 -0.172944 0.7784535 -0.6034076 -0.2339306 0.6296135 -0.7408531 -0.1802701 0.6672049 -0.7227312 -0.2292664 0.5555904 -0.7992224 -0.2374282 0.5457683 -0.803595 -0.1957282 0.4602844 -0.8659266 -0.248177 0.3516935 -0.9026184 -0.1771233 0.4056997 -0.8966801 -0.2785076 0.2087187 -0.9374806 -0.1471212 0.2504498 -0.9568857 -0.5530404 0.776291 -0.3025208 -0.5934934 0.7932224 -0.1362499 -0.5904232 0.797589 -0.1234999 -0.5984351 0.7654361 -0.2366076 -0.5769144 0.7854935 -0.2239862 -0.5986901 0.7264345 -0.3374361 -0.5801942 0.7493116 -0.3192287 -0.6050783 0.6736094 -0.4244178 -0.5625688 0.7135767 -0.417522 -0.6048375 0.6109622 -0.5107806 -0.5674328 0.6527191 -0.5019741 -0.6149766 0.538496 -0.5760434 -0.5535502 0.5873497 -0.5904258 -0.6137494 0.4686266 -0.6353745 -0.5690642 0.5163297 -0.6399764 -0.6309426 0.3952214 -0.6676164 -0.5594874 0.4359948 -0.7048989 -0.773035 0.619049 -0.1385478 -0.7719004 0.6184977 -0.1470727 -0.8686922 0.4793792 -0.1247784 -0.868964 0.4782633 -0.1271451 -0.8584547 0.5013232 -0.1083078 -0.8694363 0.4695765 -0.153553 -0.8453356 0.5135486 -0.1472263 -0.8625317 0.4708028 -0.1854292 -0.8411625 0.510612 -0.1781045 -0.8582354 0.4707372 -0.2045447 -0.830494 0.5133802 -0.2161494 -0.848706 0.4763818 -0.2296925 -0.8288675 0.5085952 -0.2330443 -0.8429405 0.4817178 -0.2395817 -0.8224442 0.506556 -0.2588179 -0.801705 0.538877 -0.2586132 -0.5871059 0.394631 -0.7068048 -0.2149754 0.144499 -0.9658705 -0.2149736 0.1444985 -0.9658709 -0.1966218 0.1694395 -0.9657279 -0.1966235 0.169439 -0.9657275 -0.1678582 0.1979767 -0.9657271 -0.1678534 0.1979777 -0.9657278 -0.1349974 0.2216899 -0.9657273 -0.1349944 0.2216896 -0.9657279 -0.09884655 0.2399989 -0.9657277 -0.09884738 0.2399988 -0.9657276 -0.0602892 0.2524592 -0.9657275 -0.06028687 0.2524585 -0.9657278 -0.02026146 0.2587656 -0.9657276 -0.02025926 0.2587656 -0.9657278 -0.5871087 0.3946287 -0.7068039 -0.5364719 0.4623057 -0.706025 -0.5364742 0.4623034 -0.7060247 -0.4579792 0.5401687 -0.7060261 -0.4579829 0.5401673 -0.7060248 -0.3683253 0.6048661 -0.7060266 -0.3683302 0.6048651 -0.7060248 -0.2696949 0.6548221 -0.706026 -0.269699 0.6548212 -0.7060253 -0.1644918 0.6888188 -0.7060249 -0.1644939 0.6888182 -0.7060251 -0.05527985 0.706026 -0.7060251 -0.05527979 0.7060258 -0.7060253 -0.8017075 0.5388739 -0.2586119 -0.731867 0.6306861 -0.2580812 -0.7318676 0.630685 -0.2580819 -0.6247862 0.7369093 -0.2580834 -0.6247877 0.7369089 -0.2580807 -0.5024804 0.8251713 -0.2580814 -0.5024809 0.8251708 -0.2580814 -0.3679258 0.8933221 -0.2580817 -0.3679269 0.8933218 -0.2580814 -0.2244046 0.9397004 -0.258081 -0.2244055 0.9396997 -0.2580827 -0.07541376 0.9631753 -0.2580818 -0.07541424 0.9631752 -0.2580823 0 0.2588187 -0.9659259 0 0.2588189 -0.9659259 0 0.7071069 -0.7071068 0 0.9659259 -0.2588186 -0.0291503 -0.2587088 -0.9655155 -0.07942152 -0.704873 -0.7048733 -0.108195 -0.9602555 -0.2572999 -0.1081948 -0.960256 -0.2572983 -0.3191592 -0.9121043 -0.2573 -0.3191587 -0.9121046 -0.2572993 -0.5141207 -0.8182159 -0.2572993 -0.5141186 -0.8182167 -0.2573009 -0.6833009 -0.6832986 -0.2572995 -0.6832989 -0.6833003 -0.2573001 -0.8182174 -0.5141181 -0.2572994 -0.8182154 -0.5141207 -0.2573002 -0.912105 -0.3191573 -0.2572995 -0.9121038 -0.3191605 -0.2573002 -0.9602557 -0.1081947 -0.2572993 -0.9602556 -0.1081949 -0.2572999 -0.9602558 0.1081948 -0.2572989 -0.9602554 0.108195 -0.2573005 -0.9121047 0.3191584 -0.2572992 -0.912104 0.3191596 -0.2573006 -0.8182169 0.514119 -0.2572993 -0.818216 0.5141199 -0.2573005 -0.6833009 0.6832986 -0.2572995 -0.6832981 0.6833011 -0.2573002 -0.5141198 0.8182163 -0.2572994 -0.514119 0.8182163 -0.2573007 -0.319159 0.9121044 -0.2572998 -0.3191589 0.9121045 -0.2572996 -0.1081944 0.9602556 -0.2572999 -0.1081953 0.9602558 -0.2572988 -0.07941955 -0.7048734 -0.7048732 -0.2342787 -0.6695283 -0.7048726 -0.2342765 -0.6695282 -0.7048735 -0.3773899 -0.6006094 -0.7048726 -0.3773886 -0.6006106 -0.7048722 -0.5015764 -0.5015743 -0.704872 -0.5015738 -0.5015745 -0.7048736 -0.600611 -0.3773885 -0.7048719 -0.6006092 -0.3773885 -0.7048734 -0.6695289 -0.2342773 -0.7048726 -0.6695274 -0.2342786 -0.7048735 -0.7048741 -0.07942003 -0.7048724 -0.7048726 -0.07942092 -0.7048738 -0.7048741 0.07942062 -0.7048723 -0.7048727 0.07942026 -0.7048737 -0.6695288 0.2342779 -0.7048724 -0.6695281 0.2342779 -0.7048731 -0.600611 0.3773882 -0.7048721 -0.6006097 0.3773888 -0.7048729 -0.5015762 0.5015738 -0.7048724 -0.5015738 0.5015748 -0.7048733 -0.37739 0.6006096 -0.7048723 -0.3773873 0.6006106 -0.704873 -0.2342787 0.6695283 -0.7048726 -0.2342765 0.6695283 -0.7048733 -0.07942152 0.704873 -0.7048733 -0.07941955 0.7048734 -0.7048732 -0.02914774 -0.2587093 -0.9655154 -0.08598762 -0.2457363 -0.9655154 -0.08598709 -0.245736 -0.9655154 -0.1385132 -0.220441 -0.9655154 -0.1385129 -0.220441 -0.9655154 -0.1840923 -0.1840925 -0.9655155 -0.1840919 -0.1840923 -0.9655156 -0.2204433 -0.1385121 -0.965515 -0.2204412 -0.1385125 -0.9655154 -0.2457346 -0.08598673 -0.9655158 -0.2457383 -0.08598691 -0.9655148 -0.2587079 -0.02914965 -0.9655157 -0.2587088 -0.02914935 -0.9655155 -0.2587078 0.02914965 -0.9655158 -0.2587097 0.02914935 -0.9655153 -0.2457373 0.08598673 -0.9655151 -0.245736 0.08598691 -0.9655155 -0.2204409 0.1385123 -0.9655156 -0.2204426 0.1385123 -0.9655151 -0.1840897 0.1840924 -0.965516 -0.1840934 0.1840924 -0.9655152 -0.1385105 0.2204409 -0.9655157 -0.1385162 0.2204411 -0.965515 -0.08598619 0.245736 -0.9655156 -0.08598721 0.2457363 -0.9655154 -0.02914768 0.258709 -0.9655154 -0.02915096 0.2587089 -0.9655154 0 -0.2588187 -0.9659259 0 -0.2588189 -0.9659259 0 -0.7071069 -0.7071068 0 -0.9659259 -0.2588186 -0.0984202 -0.9612364 -0.2575621 -0.07221072 -0.7052614 -0.7052603 -0.02649044 -0.258728 -0.965587 -0.02649188 -0.2587277 -0.965587 -0.07837301 -0.2479908 -0.9655871 -0.07837373 -0.2479912 -0.9655869 -0.1270037 -0.2269621 -0.965587 -0.1270038 -0.2269626 -0.9655869 -0.1703656 -0.1965155 -0.9655866 -0.1703621 -0.1965149 -0.9655873 -0.07221192 -0.7052613 -0.7052602 -0.2136369 -0.6759933 -0.7052606 -0.2136374 -0.6759939 -0.7052597 -0.3461962 -0.6186718 -0.7052612 -0.3461992 -0.6186723 -0.7052593 -0.4643907 -0.5356757 -0.7052608 -0.4643916 -0.5356765 -0.7052597 -0.7426973 -0.6177727 -0.258375 -0.6329416 -0.7301009 -0.2575612 -0.6329407 -0.7301005 -0.257564 -0.4718503 -0.843219 -0.2575638 -0.4718491 -0.8432198 -0.2575635 -0.3406085 -0.9039587 -0.2585428 -0.2949367 -0.9332409 -0.205119 -0.2467675 -0.9339711 -0.2584642 -0.09842091 -0.9612362 -0.2575625 -0.8017076 -0.5388741 -0.2586109 -0.7773905 -0.5940402 -0.2068338 -0.5633138 -0.4304485 -0.70526 -0.5633105 -0.4304512 -0.705261 -0.2066531 -0.1579131 -0.9655869 -0.2066535 -0.1579124 -0.9655869 -0.8489053 -0.385786 0.361288 -0.8688994 -0.479147 -0.1242257 -0.8107906 -0.5667634 -0.1462801 -0.7720326 -0.6258748 -0.1106634 -0.4045106 -0.9100992 -0.08994871 -0.1819911 -0.9770137 -0.1110112 -0.2031308 -0.9713131 -0.1236487 -0.2128084 -0.9461256 -0.2440475 -0.2328619 -0.1152319 -0.9656588 -0.2127206 -0.2004443 -0.9563327 -0.1892875 -0.2392755 -0.9523222 -0.2399916 -0.3341285 -0.9114615 -0.2153974 -0.3839288 -0.8978879 -0.2124105 -0.4493137 -0.8677552 -0.2008135 -0.4728617 -0.8579487 -0.2332398 -0.5649463 -0.7914764 -0.8614277 -0.4976544 -0.1014025 -0.8631657 -0.4930111 -0.1090192 -0.8642577 -0.4829605 -0.1407411 -0.8613899 -0.4910249 -0.1300077 -0.8554729 -0.4867485 -0.1767547 -0.8495088 -0.5012414 -0.1645968 -0.856342 -0.4777089 -0.1961445 -0.846778 -0.5005262 -0.1801131 -0.8474728 -0.4809411 -0.2246901 -0.8352691 -0.5062346 -0.2145976 -0.8466576 -0.4777281 -0.2344073 -0.8321653 -0.5066226 -0.2254655 -0.8386497 -0.4815626 -0.2544886 -0.8246313 -0.5059338 -0.2530106 -0.8357251 -0.4843729 -0.2587403 -0.2321205 -0.5660371 -0.7910261 -0.2070968 -0.6277481 -0.7503622 -0.2130539 -0.6668779 -0.7140603 -0.1848129 -0.7327911 -0.6548751 -0.2261082 -0.7582093 -0.6115503 -0.204889 -0.821521 -0.532094 -0.2138077 -0.8377656 -0.5024293 -0.2097688 -0.8498141 -0.4835422 -0.2093063 -0.901575 -0.3786203 -0.2194932 -0.8966261 -0.3845577 -0.2068718 -0.9434993 -0.2588689 -0.5948032 -0.7888072 -0.1548948 -0.5953473 -0.7867122 -0.1632351 -0.591278 -0.7863302 -0.1790958 -0.5982052 -0.7608551 -0.251496 -0.5796098 -0.7648811 -0.281086 -0.5927286 -0.7310634 -0.3379632 -0.5883015 -0.7195606 -0.3689634 -0.5990063 -0.687591 -0.410378 -0.5746768 -0.6772453 -0.4594403 -0.5885231 -0.645133 -0.4872822 -0.5891106 -0.6154747 -0.5235837 -0.5990535 -0.590864 -0.5403839 -0.5766208 -0.5568462 -0.5978552 -0.5875225 -0.5352562 -0.6068922 -0.5967246 -0.4883077 -0.6367696 -0.603348 -0.4747735 -0.6407506 -0.5883771 -0.416563 -0.693028 -0.594489 -0.4064646 -0.6938079 -0.6145994 -0.3500459 -0.7069197 -0.1807929 -0.9705751 -0.1590532 -0.09724277 -0.9952607 0 -0.09724313 -0.9952607 0 -0.1302738 -0.9895278 0.06215679 -0.309399 -0.9493175 -0.05539739 -0.01031124 -0.3452981 0.9384365 -0.589066 -0.8033718 -0.0871495 -0.3095094 -0.9496573 0.04852896 -0.1302287 -0.9891917 0.06738239 -0.1209 -0.990776 0.06120574 -0.1544478 -0.9423653 0.2968057 -0.1090816 -0.9491792 0.2952288 -0.1410344 -0.8686076 0.4750053 -0.2401332 -0.7430325 0.624691 -0.02546238 -0.7377717 0.67457 -0.1789531 -0.5629199 0.8069059 -0.3110924 -0.4080718 0.8583118 -0.3817976 -0.921726 0.06820571 -0.3986846 -0.8947942 0.2009821 -0.3343276 -0.919808 0.205374 -0.4624696 -0.7867948 0.4087491 -0.3291329 -0.8165232 0.4743009 -0.5332377 -0.6097233 0.5864257 -0.3814216 -0.6059004 0.6981421 -0.5473358 -0.8104144 0.2089306 -0.5959548 -0.7987238 0.08293461 -0.603995 -0.7927023 0.08254289 -0.6434252 -0.751487 0.1458472 -0.6107936 -0.7728583 0.1721084 -0.6812757 -0.7008847 0.2112444 -0.6489084 -0.7155981 0.258529 -0.6830137 -0.6830123 0.2588176 -0.6830126 -0.6830126 0.2588201 -0.4999994 -0.4999994 0.7071076 -0.5000014 -0.5000005 0.7071055 -0.1830119 -0.1830126 0.9659261 -0.1830131 -0.1830126 0.9659258 -0.6129722 -0.7469125 0.2576565 -0.449664 -0.5479189 0.7053987 -0.164934 -0.2009723 0.9656122 -0.1649313 -0.2009725 0.9656127 -0.122559 -0.2292873 0.9656121 -0.1225587 -0.2292872 0.9656122 -0.07547014 -0.248792 0.9656122 -0.07546836 -0.248791 0.9656125 -0.02548319 -0.258735 0.9656122 -0.02548259 -0.2587347 0.9656124 -0.449665 -0.5479193 0.7053978 -0.3341291 -0.6251153 0.7053997 -0.3341344 -0.6251148 0.7053976 -0.2057564 -0.6782913 0.7053972 -0.2057588 -0.6782901 0.7053977 -0.06947368 -0.7053992 0.7053974 -0.06947797 -0.7053981 0.7053981 -0.6129749 -0.7469105 0.257656 -0.4554802 -0.8521452 0.2576556 -0.4554827 -0.852144 0.2576555 -0.2804821 -0.9246314 0.2576559 -0.2804839 -0.9246306 0.2576571 -0.09470814 -0.961584 0.2576563 -0.09470844 -0.9615845 0.2576544 0 -0.2588188 0.965926 0 -0.2588192 0.9659259 0 -0.7071068 0.7071068 0 -0.7071073 0.7071063 0 -0.9659256 0.2588201 0 -0.965926 0.2588183 0.03092265 -0.2586954 0.9654639 0.03092283 -0.2586945 0.9654642 0.08422458 -0.7045946 0.704594 0.08422309 -0.7045945 0.7045943 0.1146998 -0.9595511 0.2571104 0.1146997 -0.9595511 0.2571106 0.09102612 -0.2441173 0.9654641 0.09102737 -0.2441178 0.9654639 0.2479245 -0.6648921 0.7045935 0.2479265 -0.6648908 0.704594 0.337636 -0.9054815 0.2571095 0.3376362 -0.9054809 0.2571116 0.09887909 0.2401385 0.9656896 0.2697191 0.6550358 0.7058185 0.367863 0.893388 0.2579429 0.3678634 0.8933893 0.2579384 0.2108889 0.9428638 0.2579414 0.2108892 0.9428637 0.2579418 0.04779702 0.964978 0.2579398 0.04779678 0.9649773 0.2579423 -0.1166836 0.9590892 0.2579398 -0.1166837 0.9590893 0.2579395 -0.2777769 0.9253687 0.2579398 -0.2777764 0.9253681 0.257942 -0.4308099 0.8647938 0.2579429 -0.4308099 0.8647947 0.25794 -0.571344 0.779123 0.257941 -0.5713406 0.779125 0.2579421 -0.6952936 0.6708449 0.2579421 -0.6952925 0.6708462 0.2579412 -0.7990693 0.5430971 0.2579418 -0.7990675 0.5431002 0.2579407 -0.8796543 0.3995932 0.2579415 -0.8796547 0.3995931 0.2579405 -0.9347149 0.2444888 0.2579405 -0.9347143 0.2444899 0.2579417 -0.9626497 0.08229297 0.2579411 -0.9626498 0.08229255 0.2579409 -0.9626498 -0.08229213 0.2579406 -0.9626494 -0.08229351 0.2579417 -0.9347146 -0.2444896 0.2579407 -0.9347146 -0.2444891 0.2579415 -0.8796549 -0.3995927 0.2579402 -0.8796545 -0.3995929 0.2579413 -0.7990695 -0.5430973 0.2579406 -0.799067 -0.5431002 0.2579419 -0.6952947 -0.6708444 0.2579401 -0.6952919 -0.6708464 0.2579424 -0.5713428 -0.7791237 0.2579412 -0.5713416 -0.7791246 0.2579411 -0.43081 -0.8647943 0.2579413 -0.4308093 -0.8647944 0.2579416 -0.277777 -0.9253687 0.2579398 -0.2777763 -0.9253681 0.2579422 -0.1166836 -0.9590892 0.2579398 -0.1166837 -0.9590893 0.2579394 0.04779678 -0.9649772 0.257943 0.04779684 -0.964978 0.2579399 0.2108889 -0.9428639 0.2579414 0.2108892 -0.9428632 0.2579433 0.3678629 -0.8933882 0.2579428 0.367863 -0.8933891 0.2579395 0.269717 0.6550358 0.7058193 0.1546252 0.6913123 0.7058175 0.1546257 0.6913114 0.7058184 0.0350455 0.7075244 0.7058194 0.03504341 0.7075254 0.7058186 -0.08555251 0.7032058 0.7058203 -0.08555239 0.7032077 0.7058184 -0.2036684 0.6784843 0.7058176 -0.2036671 0.6784827 0.7058194 -0.3158721 0.6340711 0.7058179 -0.3158718 0.6340699 0.705819 -0.4189105 0.5712565 0.7058187 -0.4189097 0.5712575 0.7058184 -0.5097935 0.4918652 0.7058182 -0.5097916 0.4918673 0.7058181 -0.5858812 0.3982021 0.7058176 -0.5858795 0.3982029 0.7058184 -0.6449676 0.2929826 0.7058173 -0.6449661 0.2929834 0.7058183 -0.6853374 0.1792601 0.7058177 -0.6853358 0.1792615 0.7058188 -0.7058181 0.06033772 0.7058188 -0.7058181 0.06033736 0.7058189 -0.7058194 -0.06033754 0.7058175 -0.7058174 -0.06033754 0.7058196 -0.6853376 -0.179261 0.7058172 -0.6853355 -0.1792604 0.7058193 -0.6449651 -0.2929835 0.7058191 -0.6449671 -0.2929829 0.7058176 -0.5858814 -0.3982021 0.7058173 -0.5858791 -0.398203 0.7058187 -0.5097941 -0.4918658 0.7058174 -0.5097911 -0.4918668 0.7058188 -0.4189105 -0.5712565 0.7058187 -0.4189096 -0.5712574 0.7058186 -0.3158728 -0.6340692 0.7058191 -0.3158715 -0.6340709 0.7058182 -0.2036689 -0.6784834 0.7058182 -0.2036665 -0.6784836 0.7058188 -0.08555275 -0.7032076 0.7058187 -0.08555132 -0.7032068 0.7058196 0.03504467 -0.7075254 0.7058185 0.03504437 -0.7075252 0.7058187 0.1546256 -0.6913139 0.7058159 0.1546244 -0.69131 0.70582 0.2697179 -0.6550351 0.7058196 0.2697183 -0.6550366 0.7058181 0.0988785 0.2401388 0.9656896 0.0566864 0.2534375 0.9656895 0.05668669 0.2534372 0.9656896 0.01284736 0.2593817 0.9656895 0.01284748 0.2593817 0.9656895 -0.0313642 0.2577988 0.9656895 -0.03136426 0.2577983 0.9656897 -0.07466477 0.2487343 0.9656896 -0.07466536 0.2487345 0.9656896 -0.1157984 0.2324528 0.9656897 -0.1158013 0.2324524 0.9656894 -0.153573 0.2094252 0.9656897 -0.1535727 0.2094247 0.9656898 -0.1868915 0.1803199 0.9656896 -0.1868931 0.1803197 0.9656894 -0.2147855 0.1459823 0.9656897 -0.2147851 0.1459824 0.9656897 -0.2364436 0.1074083 0.9656904 -0.2364473 0.1074087 0.9656894 -0.2512484 0.06571763 0.9656891 -0.2512472 0.06571763 0.9656895 -0.2587562 0.02211999 0.9656894 -0.2587549 0.02211958 0.9656898 -0.2587563 -0.02211976 0.9656893 -0.2587531 -0.02211982 0.9656902 -0.2512448 -0.06571763 0.9656901 -0.2512485 -0.06571763 0.9656891 -0.2364437 -0.1074084 0.9656904 -0.2364482 -0.1074087 0.9656893 -0.2147854 -0.1459823 0.9656896 -0.2147852 -0.1459825 0.9656897 -0.1868915 -0.1803197 0.9656896 -0.186893 -0.1803199 0.9656893 -0.1535727 -0.2094249 0.9656897 -0.153574 -0.2094249 0.9656896 -0.1157984 -0.2324528 0.9656897 -0.1158013 -0.2324524 0.9656894 -0.07466477 -0.2487343 0.9656896 -0.0746653 -0.2487344 0.9656897 -0.03136509 -0.2577983 0.9656896 -0.03136432 -0.2577986 0.9656895 0.01284736 -0.2593817 0.9656894 0.01284748 -0.2593814 0.9656895 0.05668634 -0.2534371 0.9656896 0.05668669 -0.2534372 0.9656896 0.09887927 -0.240139 0.9656895 0.09887844 -0.2401386 0.9656897 0.09102624 0.2441177 0.965464 0.09102731 0.2441176 0.9654639 0.2479233 0.6648916 0.7045944 0.2479264 0.6648909 0.704594 0.3376358 0.9054813 0.2571105 0.3376365 0.9054809 0.257111 0.03092259 0.2586947 0.9654641 0.03092288 0.2586952 0.9654639 0.08422362 0.7045952 0.7045936 0.08422422 0.704594 0.7045946 0.1146993 0.9595511 0.2571104 0.1147003 0.9595509 0.2571107 0 0.2588188 0.965926 0 0.2588192 0.9659259 0 0.7071063 0.7071073 0 0.7071078 0.7071058 0 0.9659256 0.2588201 0 0.965926 0.2588183 -0.03405207 0.2586691 0.9653657 -0.03405326 0.258668 0.9653659 -0.09269219 0.704064 0.7040612 -0.09269154 0.7040619 0.7040634 -0.1261506 0.9582092 0.2567516 -0.1261508 0.9582093 0.2567511 -0.09984368 0.2410411 0.9653655 -0.09984523 0.2410411 0.9653654 -0.2717561 0.6560828 0.7040625 -0.2717595 0.6560804 0.7040635 -0.3698543 0.8929088 0.2567521 -0.3698551 0.892909 0.2567507 -0.1588258 0.2069866 0.9653658 -0.1588253 0.2069863 0.9653658 -0.4323047 0.5633901 0.7040627 -0.4323046 0.563391 0.7040621 -0.5883542 0.766758 0.256752 -0.5883549 0.766758 0.2567506 -0.6830141 0.6830118 0.2588179 -0.6830119 0.6830137 0.2588187 -0.4999998 0.4999998 0.7071071 -0.5000008 0.4999999 0.7071064 -0.1830127 0.1830122 0.9659259 -0.1830113 0.1830129 0.9659261 -0.5684201 0.8219588 0.03581029 -0.1369478 0.2283125 0.963908 -0.2117893 0.3861657 0.897787 -0.1360673 0.4630074 0.8758481 -0.2236386 0.663842 0.7136523 -0.222109 0.6640728 0.7139152 -0.0216906 0.8547745 0.5185462 -0.3867171 0.8035893 0.4524313 -0.1614544 0.9035961 0.3967955 -0.3551159 0.9259408 0.1285549 -0.4201043 0.8605765 0.2879593 -0.3524073 0.8611904 0.3662789 -0.4603589 0.7540112 0.4685477 -0.3900643 0.705213 0.5920512 -0.4889671 0.609441 0.6240937 -0.4695687 0.5295328 0.7064703 -0.6086164 0.7911003 0.06120872 -0.6249321 0.7739893 0.1019829 -0.6108234 0.7807599 0.1315631 -0.6470263 0.7441847 0.1659709 -0.6388249 0.7388651 0.2144322 -0.6717881 0.7058523 0.2246627 -0.6788237 0.6871782 0.2588139 -0.3078761 0.9446569 0.1132954 -0.3036134 0.944099 0.1284371 -0.1288683 0.9788426 0.1589347 -0.07442414 0.9801782 0.1836076 -0.1305269 0.9914448 0 -0.07271844 0.9924777 0.09848964 -0.309399 0.9493175 -0.05539739 -0.07350343 -0.997295 0 -0.3269916 -0.945021 0.003453552 -0.2588183 -0.9659261 0 -0.7071081 -0.7071055 0 -0.7071087 -0.7071049 0 -0.9659258 -0.2588191 0 -0.9903953 -0.1381193 0.006352186 -0.9219169 -0.3873879 0 -0.9908365 0.1350675 0 -0.9659205 0.2588174 0.003360748 -0.707106 0.7071045 0.002120733 -0.837333 0.5466935 1.90002e-5 -0.9214174 0.3885742 -4.49721e-5 -0.07318431 0.9973185 0 -0.2112111 0.9774387 0.001863777 -0.2588176 0.9659212 0.003121197 -0.3915279 0.9201663 0 -0.668688 0.7435431 0 -0.104253 0.9945509 0 -0.276139 0.9605463 -0.03313916 -0.1950899 0.9807854 0 -0.5555703 0.8314697 0 -0.5555719 0.8314686 0 -0.5555719 -0.8314686 0 -0.5555703 -0.8314697 0 -0.2962478 -0.9551112 0 -0.1950606 -0.9806364 -0.01742804 -0.1042209 -0.9945542 0 -1 -2.34638e-7 0 -1 -8.70026e-7 0 -1 3.54451e-6 0 -1 -5.75924e-7 0 -1 -2.7737e-6 0 -1 1.71988e-6 0 -1 -4.57468e-7 0 -1 2.34638e-7 0 -1 1.90096e-6 0 -1 3.30146e-6 0 -1 -1.16293e-6 0 -1 9.58787e-7 0 -1 0 0 -1 -1.50982e-6 0 -1 -1.50984e-6 0 -1 -1.90096e-6 0 -1 -4.35172e-7 0 -1 6.3104e-7 0 -1 -2.20097e-6 0 -1 3.01965e-6 0 0.9659259 0.2588189 0 0.9659258 0.2588193 0 0.7071071 0.7071065 0 0.7071067 0.7071069 0 0.2588189 0.9659259 0 -0.2588189 0.9659259 0 -0.7071067 0.7071069 0 -0.9659259 0.2588189 0 -0.9659258 0.2588193 0 -0.9659259 -0.2588189 0 -0.9659258 -0.2588193 0 -0.7071067 -0.7071069 0 -0.2588189 -0.9659259 0 0.2588189 -0.9659259 0 0.7071071 -0.7071065 0 0.7071067 -0.7071069 0 0.9659259 -0.2588189 0 0.9659258 -0.2588193 0 -0.2588192 0.9659259 0 0.2588192 0.9659259 0 0.2588192 -0.9659259 0 -0.2588192 -0.9659259 0 2.91038e-7 0 -1 -2.91038e-7 0 -1</float_array>
          <technique_common>
            <accessor source="#link_5_1-mesh-normals-array" count="2749" stride="3">
              <param name="X" type="float"/>
              <param name="Y" type="float"/>
              <param name="Z" type="float"/>
            </accessor>
          </technique_common>
        </source>
        <vertices id="link_5_1-mesh-vertices">
          <input semantic="POSITION" source="#link_5_1-mesh-positions"/>
        </vertices>
        <triangles material="m_2-material" count="548">
          <input semantic="VERTEX" source="#link_5_1-mesh-vertices" offset="0"/>
          <input semantic="NORMAL" source="#link_5_1-mesh-normals" offset="1"/>
          <p>0 0 1 0 2 0 3 0 4 0 2 0 2 1 4 1 5 1 5 0 6 0 2 0 2 2 6 2 7 2 2 3 7 3 0 3 8 4 9 4 10 4 10 4 9 4 11 4 6 4 5 4 12 4 12 4 5 4 13 4 12 4 13 4 14 4 14 4 13 4 15 4 14 4 15 4 16 4 16 5 15 5 17 5 16 4 17 4 18 4 18 4 17 4 19 4 18 4 19 4 20 4 20 4 19 4 21 4 20 4 21 4 22 4 22 6 21 6 23 6 22 7 23 7 24 7 24 4 23 4 25 4 24 8 25 8 11 8 11 4 25 4 26 4 11 4 26 4 10 4 10 9 26 9 27 9 27 9 26 9 28 9 29 9 30 9 31 9 31 9 30 9 32 9 31 9 32 9 33 9 33 10 32 10 28 10 32 9 34 9 28 9 28 9 34 9 35 9 28 11 35 11 27 11 27 9 35 9 36 9 27 9 36 9 37 9 38 12 39 12 40 12 37 13 41 13 27 13 27 14 41 14 38 14 27 9 38 9 42 9 42 15 38 15 40 15 13 16 5 16 43 16 43 16 5 16 4 16 43 16 44 16 45 16 46 17 47 17 4 17 4 18 47 18 48 18 4 19 48 19 43 19 43 16 48 16 49 16 43 16 49 16 44 16 4 20 50 20 51 20 52 16 43 16 53 16 53 21 43 21 45 21 53 16 45 16 54 16 54 16 45 16 55 16 46 22 4 22 56 22 56 23 4 23 51 23 56 16 51 16 57 16 19 0 58 0 21 0 21 0 58 0 59 0 13 24 43 24 15 24 15 25 43 25 60 25 15 26 60 26 17 26 17 27 60 27 61 27 17 28 61 28 19 28 19 29 61 29 58 29 28 30 26 30 62 30 62 31 26 31 25 31 62 32 25 32 63 32 63 33 25 33 23 33 63 34 23 34 59 34 59 35 23 35 21 35 60 4 43 4 52 4 60 4 52 4 61 4 28 4 62 4 33 4 33 4 62 4 63 4 33 36 63 36 64 36 64 37 63 37 59 37 64 38 59 38 52 38 52 4 59 4 58 4 52 4 58 4 61 4 65 39 66 39 67 39 67 39 66 39 68 39 67 40 68 40 69 40 70 39 71 39 72 39 69 39 73 39 67 39 67 41 73 41 74 41 67 42 74 42 75 42 65 39 67 39 76 39 76 39 67 39 77 39 76 39 77 39 78 39 78 43 77 43 79 43 78 44 79 44 80 44 81 45 82 45 83 45 72 39 78 39 70 39 70 46 78 46 80 46 70 47 80 47 83 47 83 48 80 48 84 48 83 49 84 49 81 49 82 50 85 50 83 50 83 51 85 51 86 51 83 52 86 52 87 52 88 53 67 53 89 53 89 54 67 54 90 54 89 16 90 16 91 16 91 55 90 55 92 55 91 16 92 16 93 16 94 56 92 56 95 56 95 16 92 16 96 16 94 16 97 16 92 16 92 57 97 57 98 57 92 16 98 16 93 16 88 16 99 16 67 16 67 58 99 58 100 58 67 59 100 59 101 59 102 16 103 16 67 16 103 60 104 60 67 60 67 61 104 61 105 61 67 62 105 62 77 62 101 16 106 16 67 16 67 63 106 63 107 63 67 64 107 64 102 64 9 0 8 0 108 0 108 65 8 65 109 65 108 66 109 66 110 66 110 0 109 0 111 0 112 67 113 67 114 67 114 68 113 68 115 68 114 69 115 69 116 69 116 70 115 70 117 70 53 71 118 71 52 71 52 72 118 72 116 72 52 71 116 71 64 71 64 71 116 71 117 71 119 73 45 73 120 73 120 74 45 74 44 74 120 75 44 75 121 75 121 76 44 76 49 76 121 77 49 77 122 77 122 78 49 78 48 78 122 79 48 79 123 79 124 80 125 80 56 80 56 4 125 4 46 4 123 81 48 81 47 81 123 82 47 82 126 82 126 83 47 83 46 83 126 84 46 84 125 84 127 85 128 85 129 85 129 86 128 86 130 86 129 87 130 87 131 87 131 88 130 88 132 88 131 89 132 89 133 89 133 90 132 90 134 90 133 91 134 91 135 91 135 92 134 92 136 92 135 93 136 93 137 93 137 94 136 94 138 94 137 95 138 95 83 95 83 96 138 96 70 96 113 97 112 97 139 97 139 98 112 98 140 98 139 99 140 99 141 99 141 100 140 100 142 100 141 101 142 101 143 101 143 102 142 102 144 102 143 103 144 103 127 103 127 104 144 104 128 104 38 4 41 4 95 4 95 4 41 4 94 4 32 105 89 105 34 105 34 106 89 106 91 106 34 107 91 107 35 107 35 108 91 108 93 108 35 109 93 109 36 109 36 110 93 110 98 110 36 111 98 111 97 111 36 112 97 112 37 112 37 113 97 113 94 113 37 114 94 114 41 114 145 115 31 115 33 115 146 116 145 116 147 116 147 117 145 117 33 117 147 118 33 118 148 118 148 119 33 119 64 119 148 120 64 120 117 120 149 121 150 121 151 121 151 122 150 122 152 122 151 123 152 123 147 123 147 124 152 124 153 124 147 125 153 125 146 125 88 126 154 126 99 126 99 127 154 127 155 127 99 128 155 128 156 128 156 129 155 129 157 129 156 130 157 130 149 130 149 131 157 131 158 131 149 132 158 132 150 132 159 133 100 133 99 133 99 134 156 134 159 134 159 135 156 135 149 135 159 136 149 136 160 136 101 137 100 137 161 137 161 138 100 138 159 138 161 139 159 139 162 139 162 140 159 140 160 140 162 141 160 141 163 141 163 142 160 142 164 142 163 143 164 143 113 143 113 144 164 144 115 144 149 145 151 145 160 145 160 146 151 146 147 146 160 147 147 147 164 147 164 148 147 148 148 148 164 149 148 149 115 149 115 150 148 150 117 150 141 151 143 151 165 151 102 152 107 152 166 152 166 153 107 153 167 153 166 154 167 154 168 154 168 155 167 155 169 155 168 156 169 156 170 156 170 157 169 157 165 157 170 158 165 158 127 158 127 159 165 159 143 159 139 160 141 160 171 160 171 161 141 161 165 161 171 162 165 162 172 162 172 163 165 163 169 163 172 164 169 164 173 164 173 165 169 165 167 165 173 166 167 166 106 166 106 167 167 167 107 167 106 168 101 168 173 168 173 169 101 169 161 169 173 170 161 170 172 170 172 171 161 171 162 171 172 172 162 172 171 172 171 173 162 173 163 173 171 174 163 174 139 174 139 175 163 175 113 175 131 176 133 176 174 176 82 177 81 177 175 177 175 178 81 178 176 178 81 179 84 179 176 179 176 180 84 180 80 180 176 181 80 181 105 181 105 182 80 182 79 182 105 183 79 183 77 183 135 184 137 184 177 184 177 185 137 185 83 185 83 186 87 186 177 186 177 187 87 187 86 187 177 188 86 188 175 188 175 189 86 189 85 189 175 190 85 190 82 190 133 191 135 191 174 191 174 192 135 192 177 192 174 193 177 193 178 193 178 194 177 194 175 194 178 195 175 195 179 195 179 196 175 196 176 196 179 197 176 197 104 197 104 198 176 198 105 198 129 199 131 199 180 199 180 200 131 200 174 200 180 201 174 201 181 201 181 202 174 202 178 202 181 203 178 203 182 203 182 204 178 204 179 204 182 205 179 205 103 205 103 206 179 206 104 206 103 207 102 207 182 207 182 208 102 208 166 208 182 209 166 209 181 209 181 210 166 210 168 210 181 211 168 211 180 211 180 212 168 212 170 212 180 213 170 213 129 213 129 214 170 214 127 214 183 215 184 215 185 215 185 216 184 216 186 216 185 217 186 217 187 217 92 218 188 218 96 218 96 219 188 219 184 219 96 220 184 220 189 220 189 221 184 221 183 221 190 222 191 222 192 222 192 223 191 223 193 223 192 224 193 224 194 224 186 225 195 225 187 225 187 226 195 226 191 226 187 227 191 227 196 227 196 228 191 228 190 228 193 229 197 229 10 229 10 230 197 230 198 230 10 231 198 231 199 231 194 232 193 232 200 232 200 233 193 233 10 233 200 234 10 234 27 234 75 235 74 235 201 235 126 236 125 236 202 236 203 237 75 237 122 237 122 238 75 238 201 238 122 239 201 239 121 239 121 240 201 240 204 240 203 241 122 241 202 241 202 242 122 242 123 242 202 243 123 243 126 243 125 244 124 244 202 244 202 245 124 245 205 245 202 246 205 246 206 246 120 247 121 247 204 247 120 248 204 248 119 248 207 249 208 249 209 249 208 250 210 250 209 250 209 251 210 251 211 251 209 252 211 252 212 252 207 253 209 253 213 253 213 254 209 254 212 254 213 255 212 255 214 255 214 256 212 256 215 256 214 257 215 257 216 257 216 258 215 258 204 258 204 259 215 259 217 259 204 260 217 260 119 260 218 261 217 261 215 261 218 262 215 262 219 262 215 263 220 263 219 263 219 264 220 264 221 264 219 265 221 265 222 265 222 266 221 266 116 266 222 267 116 267 118 267 212 268 211 268 223 268 223 269 211 269 224 269 223 270 224 270 225 270 225 271 224 271 226 271 225 272 226 272 114 272 114 273 226 273 112 273 215 274 212 274 220 274 220 275 212 275 223 275 220 276 223 276 221 276 221 277 223 277 225 277 221 278 225 278 116 278 116 279 225 279 114 279 227 280 128 280 144 280 228 281 227 281 229 281 213 282 228 282 230 282 227 283 144 283 229 283 229 284 144 284 142 284 229 285 142 285 231 285 231 286 142 286 140 286 231 287 140 287 232 287 232 288 140 288 112 288 232 289 112 289 226 289 228 290 229 290 230 290 230 291 229 291 231 291 230 292 231 292 233 292 233 293 231 293 232 293 233 294 232 294 234 294 234 295 232 295 226 295 234 296 226 296 224 296 213 297 230 297 207 297 207 298 230 298 233 298 207 299 233 299 208 299 208 300 233 300 234 300 208 301 234 301 210 301 210 302 234 302 224 302 210 303 224 303 211 303 216 304 204 304 235 304 235 305 204 305 236 305 235 306 236 306 237 306 237 307 236 307 238 307 237 308 238 308 132 308 132 309 238 309 134 309 214 310 216 310 239 310 239 311 216 311 235 311 239 312 235 312 240 312 240 313 235 313 237 313 240 314 237 314 130 314 130 315 237 315 132 315 213 316 214 316 228 316 228 317 214 317 239 317 228 318 239 318 227 318 227 319 239 319 240 319 227 320 240 320 128 320 128 321 240 321 130 321 71 322 70 322 138 322 66 323 65 323 241 323 241 324 65 324 76 324 241 325 76 325 242 325 242 326 76 326 78 326 242 327 78 327 72 327 74 328 73 328 201 328 201 329 73 329 69 329 201 330 69 330 241 330 241 331 69 331 68 331 241 332 68 332 66 332 242 333 238 333 241 333 241 334 238 334 236 334 241 335 236 335 201 335 201 336 236 336 204 336 72 337 71 337 242 337 242 338 71 338 138 338 242 339 138 339 238 339 238 340 138 340 136 340 238 341 136 341 134 341 206 342 243 342 244 342 244 343 245 343 206 343 206 344 245 344 3 344 206 345 3 345 202 345 202 346 3 346 2 346 202 347 2 347 246 347 247 348 248 348 2 348 2 349 248 349 249 349 2 350 249 350 246 350 124 351 56 351 57 351 124 352 57 352 205 352 205 353 57 353 243 353 205 354 243 354 206 354 57 355 51 355 243 355 243 356 51 356 50 356 243 357 50 357 244 357 4 358 3 358 50 358 50 359 3 359 245 359 50 360 245 360 244 360 186 361 184 361 249 361 111 362 109 362 250 362 250 363 109 363 199 363 247 364 2 364 1 364 1 365 251 365 247 365 247 366 251 366 252 366 247 367 252 367 248 367 248 368 252 368 253 368 248 369 253 369 254 369 255 370 256 370 193 370 198 371 257 371 199 371 199 372 257 372 258 372 199 373 258 373 250 373 256 374 259 374 193 374 193 375 259 375 257 375 193 376 257 376 197 376 197 377 257 377 198 377 186 378 249 378 195 378 254 379 255 379 248 379 248 380 255 380 193 380 248 381 193 381 249 381 249 382 193 382 191 382 249 383 191 383 195 383 92 384 203 384 188 384 188 385 203 385 202 385 188 386 202 386 184 386 184 387 202 387 246 387 184 388 246 388 249 388 92 389 90 389 203 389 203 390 90 390 67 390 203 391 67 391 75 391 53 392 54 392 118 392 118 393 54 393 222 393 222 394 54 394 219 394 219 395 54 395 55 395 219 396 55 396 218 396 218 397 55 397 217 397 217 398 55 398 45 398 217 399 45 399 119 399 200 400 27 400 42 400 196 401 190 401 40 401 40 402 190 402 192 402 40 403 192 403 42 403 42 404 192 404 194 404 42 405 194 405 200 405 189 406 183 406 39 406 39 407 183 407 185 407 39 408 185 408 40 408 40 409 185 409 187 409 40 410 187 410 196 410 189 411 39 411 96 411 96 412 39 412 38 412 96 413 38 413 95 413 88 414 89 414 32 414 88 415 32 415 154 415 150 416 158 416 30 416 30 417 158 417 157 417 30 418 157 418 32 418 32 419 157 419 155 419 32 420 155 420 154 420 150 421 30 421 152 421 152 422 30 422 29 422 152 423 29 423 153 423 31 424 145 424 29 424 29 425 145 425 146 425 29 426 146 426 153 426 8 16 10 16 109 16 109 16 10 16 199 16 307 467 11 467 9 467 12 476 322 476 6 476 443 755 646 755 647 755 650 764 582 764 581 764 414 778 566 778 446 778 446 779 566 779 650 779 646 781 650 781 651 781 306 879 346 879 588 879 301 936 643 936 342 936 731 1022 425 1022 732 1022 415 1037 426 1037 606 1037 607 1055 738 1055 739 1055 607 1056 739 1056 608 1056 1073 16 1083 16 1074 16 1084 1607 1085 1607 1081 1607 1081 16 1085 16 1086 16 1081 16 1086 16 1082 16 1087 16 1088 16 1084 16 1084 1608 1081 1608 1089 1608 1084 16 1089 16 1087 16 1103 1615 1104 1615 1100 1615 1100 9 1104 9 1105 9 1106 9 1107 9 1103 9 1103 1616 1100 1616 1108 1616 1103 9 1108 9 1106 9 1190 1717 361 1717 1191 1717 1192 1737 912 1737 910 1737 1200 1790 868 1790 1201 1790 1232 1831 874 1831 1233 1831 1261 1866 864 1866 1258 1866 1258 1867 864 1867 863 1867 1266 1875 1268 1875 879 1875 1296 1931 1297 1931 1298 1931 1298 1932 1297 1932 1002 1932 1298 1933 1002 1933 1299 1933 1300 1938 1301 1938 1298 1938 1298 1939 1301 1939 1302 1939 1298 1940 1302 1940 1296 1940 1298 1941 871 1941 873 1941 1300 1942 1298 1942 1303 1942 1303 1943 1298 1943 873 1943 1303 1944 873 1944 1304 1944 1318 2002 1107 2002 1106 2002 1319 2004 1106 2004 1108 2004 1223 2033 1222 2033 1331 2033 1223 2039 1332 2039 1333 2039 1214 2043 1334 2043 1335 2043 1215 2045 1335 2045 1336 2045 1332 2069 1086 2069 1085 2069 1334 2073 1084 2073 1335 2073 1336 2076 1088 2076 1087 2076 1337 2078 1087 2078 1089 2078 1296 2140 1346 2140 1297 2140 1439 2397 1190 2397 1191 2397 1201 2670 1203 2670 1530 2670 1530 2675 868 2675 1200 2675</p>
        </triangles>
        <triangles material="m_1-material" count="2566">
          <input semantic="VERTEX" source="#link_5_1-mesh-vertices" offset="0"/>
          <input semantic="NORMAL" source="#link_5_1-mesh-normals" offset="1"/>
          <p>260 39 261 39 256 39 255 39 262 39 263 39 264 39 260 39 263 39 263 427 260 427 256 427 263 39 256 39 255 39 264 39 265 39 260 39 260 428 265 428 266 428 260 39 266 39 267 39 267 429 266 429 268 429 267 39 268 39 269 39 269 39 268 39 270 39 271 430 272 430 273 430 273 431 272 431 274 431 273 39 274 39 268 39 268 432 274 432 275 432 268 433 275 433 270 433 271 39 273 39 276 39 276 434 273 434 277 434 276 39 277 39 278 39 278 39 277 39 279 39 278 435 279 435 280 435 281 436 282 436 283 436 283 437 282 437 284 437 285 39 286 39 278 39 278 438 286 438 287 438 278 39 287 39 288 39 288 439 287 439 289 439 280 39 290 39 278 39 278 440 290 440 291 440 278 441 291 441 285 441 284 39 282 39 287 39 287 442 282 442 292 442 287 443 292 443 289 443 7 444 293 444 294 444 295 445 253 445 252 445 295 446 252 446 296 446 253 447 295 447 254 447 254 448 295 448 262 448 254 449 262 449 255 449 252 450 251 450 296 450 296 451 251 451 1 451 296 452 1 452 294 452 294 453 1 453 0 453 294 454 0 454 7 454 297 455 108 455 110 455 111 456 250 456 298 456 298 457 250 457 299 457 250 458 258 458 299 458 299 459 258 459 257 459 299 460 257 460 261 460 261 461 257 461 259 461 261 462 259 462 256 462 111 463 298 463 110 463 110 464 298 464 300 464 110 465 300 465 297 465 301 71 18 71 302 71 302 71 18 71 20 71 303 71 304 71 305 71 305 71 304 71 302 71 305 71 302 71 306 71 306 466 302 466 20 466 108 16 297 16 9 16 9 16 297 16 308 16 9 16 308 16 307 16 309 468 307 468 310 468 310 16 307 16 311 16 312 469 313 469 11 469 309 16 314 16 307 16 307 470 314 470 315 470 307 16 315 16 11 16 11 471 315 471 316 471 11 472 316 472 312 472 313 473 317 473 11 473 11 474 317 474 318 474 11 16 318 16 319 16 320 9 321 9 12 9 12 475 321 475 322 475 6 9 322 9 323 9 6 9 323 9 7 9 7 9 323 9 293 9 321 477 324 477 322 477 322 478 324 478 325 478 322 479 325 479 326 479 327 9 328 9 12 9 12 480 328 480 329 480 12 481 329 481 320 481 326 482 330 482 322 482 322 483 330 483 331 483 322 9 331 9 332 9 333 484 334 484 14 484 335 485 327 485 12 485 14 486 334 486 12 486 12 487 334 487 336 487 12 488 336 488 335 488 16 489 337 489 14 489 14 490 337 490 338 490 14 491 338 491 333 491 339 492 340 492 16 492 16 493 340 493 341 493 16 494 341 494 337 494 18 495 301 495 16 495 16 496 301 496 342 496 16 497 342 497 339 497 343 498 344 498 22 498 22 499 344 499 345 499 306 500 20 500 346 500 346 501 20 501 22 501 346 502 22 502 347 502 347 503 22 503 345 503 343 504 22 504 348 504 348 505 22 505 24 505 348 506 24 506 349 506 319 507 350 507 11 507 11 508 350 508 351 508 11 509 351 509 24 509 24 510 351 510 352 510 24 511 352 511 349 511 353 0 354 0 308 0 261 0 260 0 355 0 356 512 357 512 308 512 308 513 357 513 358 513 308 0 358 0 353 0 308 514 297 514 356 514 356 0 297 0 300 0 356 0 300 0 359 0 359 0 300 0 298 0 359 0 298 0 355 0 355 0 298 0 299 0 355 0 299 0 261 0 323 0 360 0 361 0 263 0 262 0 362 0 362 0 262 0 295 0 362 0 295 0 363 0 363 0 295 0 296 0 363 0 296 0 364 0 361 0 365 0 323 0 323 515 365 515 366 515 323 516 366 516 293 516 293 0 366 0 364 0 293 0 364 0 294 0 294 0 364 0 296 0 367 517 368 517 308 517 308 4 368 4 369 4 308 4 369 4 307 4 360 4 354 4 370 4 322 4 371 4 323 4 323 4 371 4 372 4 367 518 308 518 373 518 373 519 308 519 354 519 373 4 354 4 372 4 372 520 354 520 360 520 372 4 360 4 323 4 374 4 375 4 376 4 370 521 377 521 360 521 360 522 377 522 378 522 360 4 378 4 379 4 379 523 378 523 380 523 379 4 380 4 381 4 381 524 380 524 382 524 383 4 384 4 376 4 376 525 384 525 385 525 376 526 385 526 374 526 386 527 387 527 383 527 383 528 387 528 388 528 383 529 388 529 384 529 389 4 390 4 383 4 383 530 390 530 391 530 383 531 391 531 392 531 392 4 393 4 383 4 383 4 393 4 394 4 383 532 394 532 395 532 396 4 397 4 398 4 398 533 397 533 399 533 399 4 400 4 398 4 398 534 400 534 401 534 398 535 401 535 402 535 396 4 398 4 383 4 383 536 398 536 403 536 383 537 403 537 389 537 395 4 404 4 383 4 383 538 404 538 405 538 383 539 405 539 386 539 375 4 406 4 376 4 376 540 406 540 407 540 376 541 407 541 408 541 408 4 407 4 409 4 407 4 410 4 409 4 409 542 410 542 411 542 409 543 411 543 380 543 380 544 411 544 412 544 380 545 412 545 382 545 413 0 414 0 367 0 373 0 415 0 416 0 417 0 418 0 416 0 416 0 418 0 413 0 416 0 413 0 373 0 373 0 413 0 367 0 419 4 420 4 421 4 421 4 420 4 422 4 423 546 424 546 372 546 372 547 424 547 425 547 415 548 373 548 426 548 426 549 373 549 372 549 426 550 372 550 427 550 427 551 372 551 425 551 423 552 372 552 428 552 428 553 372 553 371 553 428 554 371 554 429 554 332 555 430 555 322 555 322 556 430 556 431 556 322 557 431 557 371 557 371 558 431 558 432 558 371 559 432 559 429 559 433 4 434 4 435 4 435 4 434 4 436 4 437 560 438 560 369 560 439 561 311 561 307 561 369 562 438 562 307 562 307 563 438 563 440 563 307 564 440 564 439 564 368 565 441 565 369 565 369 566 441 566 442 566 369 567 442 567 437 567 443 568 444 568 368 568 368 569 444 569 445 569 368 570 445 570 441 570 367 571 414 571 368 571 368 572 414 572 446 572 368 573 446 573 443 573 304 574 303 574 447 574 447 575 303 575 448 575 447 576 448 576 449 576 449 577 448 577 450 577 449 578 450 578 451 578 451 579 450 579 452 579 451 580 452 580 453 580 453 581 452 581 454 581 453 582 454 582 455 582 455 583 454 583 456 583 455 584 456 584 457 584 457 585 456 585 458 585 457 586 458 586 459 586 459 587 458 587 460 587 459 588 460 588 461 588 461 589 460 589 462 589 461 590 462 590 463 590 463 591 462 591 464 591 463 592 464 592 465 592 465 593 464 593 466 593 465 594 466 594 467 594 467 595 466 595 468 595 467 596 468 596 469 596 469 597 468 597 470 597 469 4 470 4 471 4 471 4 470 4 472 4 471 598 472 598 473 598 473 599 472 599 474 599 473 600 474 600 475 600 475 601 474 601 476 601 475 602 476 602 477 602 477 603 476 603 478 603 477 604 478 604 479 604 479 605 478 605 480 605 479 606 480 606 481 606 481 607 480 607 482 607 481 608 482 608 483 608 483 609 482 609 484 609 483 610 484 610 485 610 485 611 484 611 486 611 485 612 486 612 487 612 487 613 486 613 488 613 487 614 488 614 489 614 489 615 488 615 490 615 489 616 490 616 491 616 491 617 490 617 492 617 491 618 492 618 493 618 493 619 492 619 494 619 493 620 494 620 417 620 417 621 494 621 418 621 495 16 496 16 497 16 434 16 498 16 499 16 499 16 500 16 434 16 434 16 500 16 501 16 434 16 501 16 436 16 436 16 501 16 502 16 436 16 502 16 503 16 503 16 502 16 504 16 503 16 504 16 505 16 505 622 504 622 506 622 507 623 508 623 509 623 510 16 505 16 511 16 511 16 505 16 506 16 511 624 506 624 512 624 512 625 506 625 513 625 512 16 513 16 514 16 514 16 513 16 515 16 507 16 509 16 516 16 515 16 513 16 517 16 517 626 513 626 518 626 517 627 518 627 519 627 508 16 507 16 520 16 520 628 507 628 521 628 520 629 521 629 522 629 498 16 495 16 499 16 499 16 495 16 497 16 499 16 497 16 523 16 523 630 497 630 524 630 523 16 524 16 521 16 521 631 524 631 525 631 521 632 525 632 522 632 509 633 526 633 516 633 516 16 526 16 527 16 516 634 527 634 518 634 518 16 527 16 528 16 518 16 528 16 519 16 529 9 530 9 531 9 531 635 530 635 532 635 531 9 532 9 533 9 534 636 535 636 536 636 529 9 537 9 530 9 530 637 537 637 538 637 530 9 538 9 536 9 536 638 538 638 539 638 536 639 539 639 534 639 533 640 532 640 540 640 540 641 532 641 541 641 540 9 541 9 420 9 420 642 541 642 542 642 420 9 542 9 422 9 422 9 542 9 543 9 422 9 543 9 544 9 544 9 543 9 545 9 545 643 543 643 546 643 545 9 546 9 547 9 548 9 549 9 550 9 550 644 549 644 535 644 550 9 535 9 551 9 551 9 535 9 534 9 548 9 552 9 549 9 549 9 552 9 553 9 549 645 553 645 554 645 547 9 546 9 555 9 555 646 546 646 556 646 555 9 556 9 557 9 557 647 556 647 558 647 557 9 558 9 559 9 553 9 560 9 554 9 554 648 560 648 561 648 554 649 561 649 558 649 558 650 561 650 562 650 558 9 562 9 559 9 434 651 433 651 563 651 434 652 563 652 498 652 413 653 564 653 414 653 414 654 564 654 565 654 414 655 565 655 566 655 566 656 565 656 567 656 563 657 568 657 498 657 498 658 568 658 569 658 498 659 569 659 495 659 495 660 569 660 570 660 495 661 570 661 496 661 496 662 570 662 571 662 496 663 571 663 572 663 572 664 571 664 573 664 572 665 573 665 574 665 574 666 573 666 575 666 574 667 575 667 576 667 576 668 575 668 577 668 576 669 577 669 578 669 578 670 577 670 579 670 578 671 579 671 580 671 580 672 579 672 581 672 580 673 581 673 567 673 567 674 581 674 582 674 567 675 582 675 566 675 583 676 584 676 585 676 585 677 584 677 586 677 585 678 586 678 587 678 587 679 586 679 588 679 588 680 586 680 589 680 588 681 589 681 306 681 306 682 589 682 590 682 306 683 590 683 305 683 591 684 592 684 510 684 510 685 592 685 505 685 591 686 510 686 593 686 593 687 510 687 594 687 593 688 594 688 595 688 595 689 594 689 596 689 595 690 596 690 597 690 597 691 596 691 598 691 597 692 598 692 583 692 583 693 598 693 599 693 583 694 599 694 584 694 592 695 600 695 505 695 505 696 600 696 601 696 505 697 601 697 503 697 435 698 436 698 602 698 602 699 436 699 503 699 602 700 503 700 603 700 603 701 503 701 601 701 604 702 415 702 605 702 605 703 415 703 606 703 606 704 607 704 605 704 605 705 607 705 608 705 605 706 608 706 609 706 604 707 610 707 415 707 415 708 610 708 611 708 415 709 611 709 416 709 612 710 613 710 547 710 547 711 613 711 545 711 612 712 547 712 614 712 614 713 547 713 615 713 614 714 615 714 616 714 616 715 615 715 617 715 616 716 617 716 618 716 618 717 617 717 619 717 618 718 619 718 609 718 609 719 619 719 620 719 609 720 620 720 605 720 613 721 621 721 545 721 545 722 621 722 622 722 545 723 622 723 544 723 421 724 422 724 623 724 623 725 422 725 544 725 623 726 544 726 624 726 624 727 544 727 622 727 420 728 419 728 625 728 420 729 625 729 540 729 625 730 626 730 540 730 540 731 626 731 627 731 540 732 627 732 533 732 533 733 627 733 628 733 533 734 628 734 531 734 629 735 630 735 631 735 631 736 630 736 632 736 631 737 632 737 633 737 633 738 632 738 634 738 633 739 634 739 635 739 635 740 634 740 531 740 635 741 531 741 636 741 636 742 531 742 628 742 301 743 302 743 637 743 638 744 639 744 629 744 629 745 639 745 640 745 629 746 640 746 630 746 637 747 641 747 301 747 301 748 641 748 642 748 301 749 642 749 643 749 643 750 642 750 639 750 643 751 639 751 644 751 644 752 639 752 638 752 645 753 437 753 442 753 446 754 646 754 443 754 443 756 647 756 444 756 444 757 647 757 648 757 444 758 648 758 445 758 445 759 648 759 441 759 441 760 648 760 442 760 442 761 648 761 649 761 442 762 649 762 645 762 566 763 582 763 650 763 650 765 581 765 651 765 651 766 581 766 579 766 651 767 579 767 652 767 652 768 579 768 577 768 652 769 577 769 653 769 653 770 577 770 575 770 653 771 575 771 654 771 654 772 575 772 573 772 654 773 573 773 655 773 655 774 573 774 571 774 655 775 571 775 656 775 656 776 571 776 570 776 656 777 570 777 657 777 446 780 650 780 646 780 646 782 651 782 647 782 647 783 651 783 652 783 647 784 652 784 648 784 648 785 652 785 653 785 648 786 653 786 649 786 649 787 653 787 654 787 649 788 654 788 645 788 645 789 654 789 655 789 645 790 655 790 658 790 658 791 655 791 656 791 658 792 656 792 659 792 659 793 656 793 657 793 659 794 657 794 660 794 437 795 645 795 438 795 438 796 645 796 658 796 438 797 658 797 440 797 440 798 658 798 659 798 440 799 659 799 439 799 439 800 659 800 660 800 439 801 660 801 311 801 311 802 660 802 661 802 660 803 657 803 662 803 657 804 570 804 569 804 657 805 569 805 662 805 662 806 569 806 568 806 662 807 568 807 663 807 663 808 568 808 563 808 663 809 563 809 664 809 664 810 563 810 433 810 664 811 433 811 665 811 660 812 662 812 661 812 661 813 662 813 663 813 661 814 663 814 666 814 666 815 663 815 664 815 666 816 664 816 667 816 667 817 664 817 665 817 667 818 665 818 668 818 311 819 661 819 310 819 310 820 661 820 666 820 310 821 666 821 309 821 309 822 666 822 667 822 309 823 667 823 314 823 314 824 667 824 668 824 314 825 668 825 315 825 316 826 315 826 668 826 316 827 668 827 669 827 669 828 668 828 665 828 669 829 665 829 670 829 670 830 665 830 433 830 670 831 433 831 435 831 316 832 669 832 671 832 669 833 670 833 672 833 670 834 435 834 602 834 670 835 602 835 672 835 672 836 602 836 603 836 672 837 603 837 673 837 673 838 603 838 601 838 673 839 601 839 674 839 674 840 601 840 600 840 674 841 600 841 675 841 675 842 600 842 592 842 675 843 592 843 676 843 669 844 672 844 671 844 671 845 672 845 673 845 671 846 673 846 677 846 677 847 673 847 674 847 677 848 674 848 678 848 678 849 674 849 675 849 678 850 675 850 679 850 679 851 675 851 676 851 679 852 676 852 680 852 316 853 671 853 312 853 312 854 671 854 677 854 312 855 677 855 313 855 313 856 677 856 678 856 313 857 678 857 317 857 317 858 678 858 679 858 317 859 679 859 318 859 318 860 679 860 680 860 318 861 680 861 319 861 346 862 347 862 681 862 681 863 347 863 345 863 681 864 345 864 682 864 682 865 345 865 344 865 682 866 344 866 683 866 683 867 344 867 343 867 683 868 343 868 684 868 684 869 343 869 348 869 684 870 348 870 349 870 352 871 685 871 349 871 349 872 685 872 686 872 349 873 686 873 684 873 352 874 351 874 685 874 685 875 351 875 350 875 685 876 350 876 687 876 687 877 350 877 319 877 687 878 319 878 680 878 588 880 346 880 681 880 588 881 681 881 688 881 688 882 681 882 682 882 688 883 682 883 689 883 689 884 682 884 683 884 689 885 683 885 690 885 690 886 683 886 684 886 690 887 684 887 691 887 691 888 684 888 686 888 691 889 686 889 692 889 692 890 686 890 685 890 692 891 685 891 693 891 693 892 685 892 687 892 693 893 687 893 694 893 694 894 687 894 680 894 694 895 680 895 676 895 588 896 688 896 587 896 587 897 688 897 689 897 587 898 689 898 585 898 585 899 689 899 690 899 585 900 690 900 583 900 583 901 690 901 691 901 583 902 691 902 597 902 597 903 691 903 692 903 597 904 692 904 595 904 595 905 692 905 693 905 595 906 693 906 593 906 593 907 693 907 694 907 593 908 694 908 591 908 591 909 694 909 676 909 591 910 676 910 592 910 695 911 333 911 338 911 342 912 696 912 339 912 339 913 696 913 697 913 339 914 697 914 340 914 340 915 697 915 698 915 340 916 698 916 341 916 341 917 698 917 337 917 337 918 698 918 338 918 338 919 698 919 699 919 338 920 699 920 695 920 643 921 644 921 700 921 700 922 644 922 638 922 700 923 638 923 701 923 701 924 638 924 629 924 701 925 629 925 702 925 702 926 629 926 631 926 702 927 631 927 703 927 703 928 631 928 633 928 703 929 633 929 704 929 704 930 633 930 635 930 704 931 635 931 705 931 705 932 635 932 636 932 705 933 636 933 706 933 706 934 636 934 628 934 706 935 628 935 707 935 342 937 643 937 700 937 342 938 700 938 696 938 696 939 700 939 701 939 696 940 701 940 697 940 697 941 701 941 702 941 697 942 702 942 698 942 698 943 702 943 703 943 698 944 703 944 699 944 699 945 703 945 704 945 699 946 704 946 695 946 695 947 704 947 705 947 695 948 705 948 708 948 708 949 705 949 706 949 708 950 706 950 709 950 709 951 706 951 707 951 709 952 707 952 710 952 333 953 695 953 334 953 334 954 695 954 708 954 334 955 708 955 336 955 336 956 708 956 709 956 336 957 709 957 335 957 335 958 709 958 710 958 335 959 710 959 327 959 327 960 710 960 711 960 710 961 707 961 712 961 707 962 628 962 627 962 707 963 627 963 712 963 712 964 627 964 626 964 712 965 626 965 713 965 713 966 626 966 625 966 713 967 625 967 714 967 714 968 625 968 419 968 714 969 419 969 715 969 710 970 712 970 711 970 711 971 712 971 713 971 711 972 713 972 716 972 716 973 713 973 714 973 716 974 714 974 717 974 717 975 714 975 715 975 717 976 715 976 718 976 327 977 711 977 328 977 328 978 711 978 716 978 328 979 716 979 329 979 329 980 716 980 717 980 329 981 717 981 320 981 320 982 717 982 718 982 320 983 718 983 321 983 324 984 321 984 718 984 324 985 718 985 719 985 719 986 718 986 715 986 719 987 715 987 720 987 720 988 715 988 419 988 720 989 419 989 421 989 324 990 719 990 721 990 719 991 720 991 722 991 720 992 421 992 623 992 720 993 623 993 722 993 722 994 623 994 624 994 722 995 624 995 723 995 723 996 624 996 622 996 723 997 622 997 724 997 724 998 622 998 621 998 724 999 621 999 725 999 725 1000 621 1000 613 1000 725 1001 613 1001 726 1001 719 1002 722 1002 721 1002 721 1003 722 1003 723 1003 721 1004 723 1004 727 1004 727 1005 723 1005 724 1005 727 1006 724 1006 728 1006 728 1007 724 1007 725 1007 728 1008 725 1008 729 1008 729 1009 725 1009 726 1009 729 1010 726 1010 730 1010 324 1011 721 1011 325 1011 325 1012 721 1012 727 1012 325 1013 727 1013 326 1013 326 1014 727 1014 728 1014 326 1015 728 1015 330 1015 330 1016 728 1016 729 1016 330 1017 729 1017 331 1017 331 1018 729 1018 730 1018 331 1019 730 1019 332 1019 426 1020 427 1020 731 1020 731 1021 427 1021 425 1021 732 1023 425 1023 424 1023 732 1024 424 1024 733 1024 733 1025 424 1025 423 1025 733 1026 423 1026 734 1026 734 1027 423 1027 428 1027 734 1028 428 1028 429 1028 432 1029 735 1029 429 1029 429 1030 735 1030 736 1030 429 1031 736 1031 734 1031 432 1032 431 1032 735 1032 735 1033 431 1033 430 1033 735 1034 430 1034 737 1034 737 1035 430 1035 332 1035 737 1036 332 1036 730 1036 606 1038 426 1038 731 1038 606 1039 731 1039 738 1039 738 1040 731 1040 732 1040 738 1041 732 1041 739 1041 739 1042 732 1042 733 1042 739 1043 733 1043 740 1043 740 1044 733 1044 734 1044 740 1045 734 1045 741 1045 741 1046 734 1046 736 1046 741 1047 736 1047 742 1047 742 1048 736 1048 735 1048 742 1049 735 1049 743 1049 743 1050 735 1050 737 1050 743 1051 737 1051 744 1051 744 1052 737 1052 730 1052 744 1053 730 1053 726 1053 606 1054 738 1054 607 1054 608 1057 739 1057 740 1057 608 1058 740 1058 609 1058 609 1059 740 1059 741 1059 609 1060 741 1060 618 1060 618 1061 741 1061 742 1061 618 1062 742 1062 616 1062 616 1063 742 1063 743 1063 616 1064 743 1064 614 1064 614 1065 743 1065 744 1065 614 1066 744 1066 612 1066 612 1067 744 1067 726 1067 612 1068 726 1068 613 1068 501 1069 542 1069 502 1069 502 1070 542 1070 541 1070 502 1071 541 1071 504 1071 504 1071 541 1071 532 1071 504 1072 532 1072 506 1072 506 1073 532 1073 530 1073 506 1074 530 1074 513 1074 513 1075 530 1075 536 1075 513 1076 536 1076 518 1076 518 1077 536 1077 535 1077 518 1078 535 1078 516 1078 516 1079 535 1079 549 1079 516 1080 549 1080 507 1080 507 1081 549 1081 554 1081 507 1082 554 1082 521 1082 521 1083 554 1083 558 1083 521 1084 558 1084 523 1084 523 1085 558 1085 556 1085 523 1086 556 1086 499 1086 499 1087 556 1087 546 1087 499 1088 546 1088 500 1088 500 1088 546 1088 543 1088 500 1089 543 1089 501 1089 501 1090 543 1090 542 1090 615 1091 547 1091 555 1091 619 1092 617 1092 745 1092 745 1093 617 1093 615 1093 745 1094 615 1094 746 1094 746 1095 615 1095 555 1095 620 1096 747 1096 605 1096 605 1097 747 1097 604 1097 619 1098 745 1098 620 1098 620 1099 745 1099 748 1099 620 1100 748 1100 747 1100 610 1101 417 1101 611 1101 611 1102 417 1102 416 1102 604 1103 747 1103 610 1103 610 1104 747 1104 749 1104 610 1105 749 1105 417 1105 453 1106 455 1106 750 1106 459 1107 461 1107 751 1107 463 1108 465 1108 752 1108 745 1109 746 1109 753 1109 754 1110 537 1110 529 1110 746 1111 555 1111 557 1111 746 1112 557 1112 753 1112 753 1113 557 1113 559 1113 753 1114 559 1114 755 1114 755 1115 559 1115 562 1115 755 1116 562 1116 756 1116 756 1117 562 1117 561 1117 756 1118 561 1118 757 1118 747 1119 748 1119 758 1119 758 1120 748 1120 745 1120 745 1121 753 1121 758 1121 758 1122 753 1122 755 1122 758 1123 755 1123 759 1123 759 1124 755 1124 756 1124 759 1125 756 1125 760 1125 760 1126 756 1126 757 1126 760 1127 757 1127 761 1127 539 1128 538 1128 762 1128 762 1129 538 1129 763 1129 762 1130 763 1130 764 1130 764 1131 763 1131 765 1131 764 1132 765 1132 750 1132 538 1133 537 1133 763 1133 763 1134 537 1134 754 1134 763 1135 754 1135 765 1135 765 1136 754 1136 766 1136 747 1137 758 1137 767 1137 767 1138 758 1138 759 1138 767 1139 759 1139 768 1139 768 1140 759 1140 760 1140 768 1141 760 1141 769 1141 769 1142 760 1142 761 1142 769 1143 761 1143 770 1143 560 1144 553 1144 771 1144 771 1145 553 1145 772 1145 771 1146 772 1146 773 1146 773 1147 772 1147 774 1147 773 1148 774 1148 775 1148 775 1149 774 1149 776 1149 553 1150 552 1150 772 1150 772 1151 552 1151 777 1151 772 1152 777 1152 774 1152 774 1153 777 1153 778 1153 774 1154 778 1154 776 1154 776 1155 778 1155 779 1155 552 1156 548 1156 777 1156 777 1157 548 1157 780 1157 777 1158 780 1158 778 1158 778 1159 780 1159 781 1159 778 1160 781 1160 779 1160 779 1161 781 1161 782 1161 529 1162 783 1162 754 1162 754 1163 783 1163 784 1163 754 1164 784 1164 766 1164 766 1165 784 1165 785 1165 766 1166 785 1166 786 1166 750 1167 765 1167 787 1167 787 1168 765 1168 766 1168 787 1169 766 1169 788 1169 788 1170 766 1170 786 1170 788 1171 786 1171 789 1171 493 1172 417 1172 767 1172 767 1173 417 1173 749 1173 767 1174 749 1174 747 1174 481 1175 483 1175 770 1175 770 1176 483 1176 485 1176 770 1177 485 1177 769 1177 769 1178 485 1178 487 1178 769 1179 487 1179 768 1179 768 1180 487 1180 489 1180 768 1181 489 1181 767 1181 767 1182 489 1182 491 1182 767 1183 491 1183 493 1183 479 1184 481 1184 775 1184 775 1185 481 1185 770 1185 775 1186 770 1186 773 1186 773 1187 770 1187 761 1187 773 1188 761 1188 771 1188 771 1189 761 1189 757 1189 771 1190 757 1190 560 1190 560 1191 757 1191 561 1191 467 1192 469 1192 782 1192 782 1193 469 1193 471 1193 782 1194 471 1194 779 1194 779 1195 471 1195 473 1195 779 1196 473 1196 776 1196 776 1197 473 1197 475 1197 776 1198 475 1198 775 1198 775 1199 475 1199 477 1199 775 1200 477 1200 479 1200 465 1201 467 1201 752 1201 752 1202 467 1202 782 1202 752 1203 782 1203 790 1203 790 1204 782 1204 781 1204 790 1205 781 1205 791 1205 791 1206 781 1206 780 1206 791 1207 780 1207 550 1207 550 1208 780 1208 548 1208 461 1209 463 1209 751 1209 751 1210 463 1210 752 1210 751 1211 752 1211 792 1211 792 1212 752 1212 790 1212 792 1213 790 1213 793 1213 793 1214 790 1214 791 1214 793 1215 791 1215 551 1215 551 1216 791 1216 550 1216 457 1217 459 1217 794 1217 794 1218 459 1218 751 1218 794 1219 751 1219 795 1219 795 1220 751 1220 792 1220 795 1221 792 1221 796 1221 796 1222 792 1222 793 1222 796 1223 793 1223 534 1223 534 1224 793 1224 551 1224 534 1225 539 1225 796 1225 796 1226 539 1226 762 1226 796 1227 762 1227 795 1227 795 1228 762 1228 764 1228 795 1229 764 1229 794 1229 794 1230 764 1230 750 1230 794 1231 750 1231 457 1231 457 1232 750 1232 455 1232 453 1233 750 1233 451 1233 451 1234 750 1234 787 1234 451 1235 787 1235 449 1235 449 1236 787 1236 788 1236 449 1237 788 1237 447 1237 447 1238 788 1238 789 1238 447 1239 789 1239 304 1239 786 1240 642 1240 789 1240 789 1241 642 1241 641 1241 789 1242 641 1242 304 1242 304 1243 641 1243 637 1243 304 1244 637 1244 302 1244 529 1245 531 1245 783 1245 783 1246 531 1246 634 1246 783 1247 634 1247 784 1247 634 1248 632 1248 784 1248 784 1249 632 1249 630 1249 784 1250 630 1250 785 1250 785 1251 630 1251 640 1251 785 1252 640 1252 786 1252 786 1253 640 1253 639 1253 786 1254 639 1254 642 1254 594 1255 510 1255 511 1255 598 1256 596 1256 797 1256 797 1257 596 1257 594 1257 797 1258 594 1258 798 1258 798 1259 594 1259 511 1259 599 1260 799 1260 584 1260 584 1261 799 1261 586 1261 598 1262 797 1262 599 1262 599 1263 797 1263 800 1263 599 1264 800 1264 799 1264 589 1265 303 1265 590 1265 590 1266 303 1266 305 1266 586 1267 799 1267 589 1267 589 1268 799 1268 801 1268 589 1269 801 1269 303 1269 488 1270 486 1270 802 1270 482 1271 480 1271 803 1271 478 1272 476 1272 804 1272 797 1273 798 1273 805 1273 806 1274 524 1274 497 1274 798 1275 511 1275 512 1275 798 1276 512 1276 805 1276 805 1277 512 1277 514 1277 805 1278 514 1278 807 1278 807 1279 514 1279 515 1279 807 1280 515 1280 808 1280 808 1281 515 1281 517 1281 808 1282 517 1282 809 1282 799 1283 800 1283 810 1283 810 1284 800 1284 797 1284 797 1285 805 1285 810 1285 810 1286 805 1286 807 1286 810 1287 807 1287 811 1287 811 1288 807 1288 808 1288 811 1289 808 1289 812 1289 812 1290 808 1290 809 1290 812 1291 809 1291 813 1291 522 1292 525 1292 814 1292 814 1293 525 1293 815 1293 814 1294 815 1294 816 1294 816 1295 815 1295 817 1295 816 1296 817 1296 802 1296 525 1297 524 1297 815 1297 815 1298 524 1298 806 1298 815 1299 806 1299 817 1299 817 1300 806 1300 818 1300 799 1301 810 1301 819 1301 819 1302 810 1302 811 1302 819 1303 811 1303 820 1303 820 1304 811 1304 812 1304 820 1305 812 1305 821 1305 821 1306 812 1306 813 1306 821 1307 813 1307 822 1307 519 1308 528 1308 823 1308 823 1309 528 1309 824 1309 823 1310 824 1310 825 1310 825 1311 824 1311 826 1311 825 1312 826 1312 827 1312 827 1313 826 1313 828 1313 528 1314 527 1314 824 1314 824 1315 527 1315 829 1315 824 1316 829 1316 826 1316 826 1317 829 1317 830 1317 826 1318 830 1318 828 1318 828 1319 830 1319 831 1319 527 1320 526 1320 829 1320 829 1321 526 1321 832 1321 829 1322 832 1322 830 1322 830 1323 832 1323 833 1323 830 1324 833 1324 831 1324 831 1325 833 1325 834 1325 497 1326 835 1326 806 1326 806 1327 835 1327 836 1327 806 1328 836 1328 818 1328 818 1329 836 1329 837 1329 818 1330 837 1330 838 1330 802 1331 817 1331 839 1331 839 1332 817 1332 818 1332 839 1333 818 1333 840 1333 840 1334 818 1334 838 1334 840 1335 838 1335 841 1335 448 1336 303 1336 819 1336 819 1337 303 1337 801 1337 819 1338 801 1338 799 1338 460 1339 458 1339 822 1339 822 1340 458 1340 456 1340 822 1341 456 1341 821 1341 821 1342 456 1342 454 1342 821 1343 454 1343 820 1343 820 1344 454 1344 452 1344 820 1345 452 1345 819 1345 819 1346 452 1346 450 1346 819 1347 450 1347 448 1347 462 1348 460 1348 827 1348 827 1349 460 1349 822 1349 827 1350 822 1350 825 1350 825 1351 822 1351 813 1351 825 1352 813 1352 823 1352 823 1353 813 1353 809 1353 823 1354 809 1354 519 1354 519 1355 809 1355 517 1355 474 1356 472 1356 834 1356 834 1357 472 1357 470 1357 834 1358 470 1358 831 1358 831 1359 470 1359 468 1359 831 1360 468 1360 828 1360 828 1361 468 1361 466 1361 828 1362 466 1362 827 1362 827 1363 466 1363 464 1363 827 1364 464 1364 462 1364 476 1365 474 1365 804 1365 804 1366 474 1366 834 1366 804 1367 834 1367 842 1367 842 1368 834 1368 833 1368 842 1369 833 1369 843 1369 843 1370 833 1370 832 1370 843 1371 832 1371 509 1371 509 1372 832 1372 526 1372 480 1373 478 1373 803 1373 803 1374 478 1374 804 1374 803 1375 804 1375 844 1375 844 1376 804 1376 842 1376 844 1377 842 1377 845 1377 845 1378 842 1378 843 1378 845 1379 843 1379 508 1379 508 1380 843 1380 509 1380 484 1381 482 1381 846 1381 846 1382 482 1382 803 1382 846 1383 803 1383 847 1383 847 1384 803 1384 844 1384 847 1385 844 1385 848 1385 848 1386 844 1386 845 1386 848 1387 845 1387 520 1387 520 1388 845 1388 508 1388 520 1389 522 1389 848 1389 848 1390 522 1390 814 1390 848 1391 814 1391 847 1391 847 1392 814 1392 816 1392 847 1393 816 1393 846 1393 846 1394 816 1394 802 1394 846 1395 802 1395 484 1395 484 1396 802 1396 486 1396 488 1397 802 1397 490 1397 490 1398 802 1398 839 1398 490 1399 839 1399 492 1399 492 1400 839 1400 840 1400 492 1401 840 1401 494 1401 494 1402 840 1402 841 1402 494 1403 841 1403 418 1403 838 1404 567 1404 841 1404 841 1405 567 1405 565 1405 841 1406 565 1406 418 1406 418 1407 565 1407 564 1407 418 1408 564 1408 413 1408 497 1409 496 1409 835 1409 835 1410 496 1410 572 1410 835 1411 572 1411 836 1411 572 1412 574 1412 836 1412 836 1413 574 1413 576 1413 836 1414 576 1414 837 1414 837 1415 576 1415 578 1415 837 1416 578 1416 838 1416 838 1417 578 1417 580 1417 838 1418 580 1418 567 1418 849 1419 850 1419 851 1419 851 1420 850 1420 852 1420 851 1421 852 1421 853 1421 853 1422 852 1422 854 1422 853 1423 854 1423 855 1423 856 1424 857 1424 858 1424 858 1425 857 1425 859 1425 858 1426 859 1426 860 1426 860 1427 859 1427 861 1427 860 1428 861 1428 862 1428 862 1429 861 1429 863 1429 862 1430 863 1430 864 1430 357 1431 865 1431 866 1431 866 16 867 16 357 16 357 16 867 16 868 16 357 16 868 16 869 16 865 16 357 16 870 16 870 16 357 16 356 16 870 16 356 16 871 16 871 16 356 16 872 16 871 16 872 16 873 16 874 9 875 9 876 9 366 9 877 9 878 9 879 9 880 9 881 9 881 9 880 9 364 9 878 9 874 9 366 9 366 1432 874 1432 876 1432 366 9 876 9 364 9 364 9 876 9 882 9 364 9 882 9 881 9 883 1433 884 1433 885 1433 886 1434 887 1434 888 1434 888 1435 887 1435 889 1435 888 1436 889 1436 890 1436 890 1437 889 1437 891 1437 890 1438 891 1438 892 1438 892 1439 891 1439 893 1439 892 1440 893 1440 894 1440 894 1441 893 1441 895 1441 894 1442 895 1442 896 1442 896 1443 895 1443 897 1443 896 1444 897 1444 898 1444 898 1445 897 1445 899 1445 898 1446 899 1446 900 1446 900 1447 899 1447 901 1447 900 1448 901 1448 902 1448 903 1449 904 1449 905 1449 886 1450 888 1450 904 1450 904 1451 888 1451 906 1451 904 1452 906 1452 905 1452 907 1453 908 1453 909 1453 909 1454 908 1454 910 1454 909 1455 910 1455 911 1455 911 1456 910 1456 912 1456 911 1457 912 1457 903 1457 913 1458 914 1458 915 1458 915 1459 914 1459 916 1459 915 1460 916 1460 909 1460 909 1461 916 1461 917 1461 909 1462 917 1462 907 1462 918 1463 919 1463 920 1463 920 1464 919 1464 921 1464 920 1465 921 1465 913 1465 913 1466 921 1466 922 1466 913 1467 922 1467 914 1467 923 1468 924 1468 925 1468 925 1469 924 1469 926 1469 925 1470 926 1470 885 1470 885 1471 926 1471 927 1471 885 1472 927 1472 883 1472 928 1473 929 1473 930 1473 930 1474 929 1474 931 1474 930 1475 931 1475 923 1475 923 1476 931 1476 932 1476 923 1477 932 1477 924 1477 933 1478 934 1478 935 1478 935 1479 934 1479 936 1479 935 1480 936 1480 930 1480 930 1481 936 1481 937 1481 930 1482 937 1482 928 1482 938 1483 939 1483 940 1483 940 1484 939 1484 941 1484 940 1485 941 1485 942 1485 942 1486 941 1486 943 1486 942 1487 943 1487 944 1487 944 1488 943 1488 945 1488 944 1489 945 1489 946 1489 946 1490 945 1490 947 1490 946 1491 947 1491 948 1491 948 1492 947 1492 949 1492 948 1493 949 1493 950 1493 950 1494 949 1494 951 1494 950 1495 951 1495 952 1495 903 1496 905 1496 911 1496 911 1497 905 1497 953 1497 911 1498 953 1498 954 1498 953 1499 955 1499 954 1499 954 1500 955 1500 956 1500 954 1501 956 1501 957 1501 956 1502 958 1502 957 1502 957 1503 958 1503 959 1503 957 1504 959 1504 960 1504 938 1505 961 1505 939 1505 939 1506 961 1506 962 1506 939 1507 962 1507 963 1507 963 1508 962 1508 933 1508 963 1509 933 1509 964 1509 964 1510 933 1510 935 1510 964 1511 935 1511 965 1511 965 1512 935 1512 960 1512 965 1513 960 1513 966 1513 966 1514 960 1514 959 1514 967 1515 968 1515 969 1515 970 4 971 4 972 4 972 1516 973 1516 974 1516 974 4 975 4 972 4 972 1517 975 1517 976 1517 972 1518 976 1518 970 1518 969 4 968 4 977 4 977 1519 968 1519 978 1519 977 4 978 4 979 4 979 4 978 4 980 4 979 4 980 4 981 4 981 4 980 4 982 4 981 1520 982 1520 983 1520 983 4 982 4 974 4 983 4 974 4 984 4 984 1518 974 1518 973 1518 984 4 973 4 985 4 969 4 986 4 967 4 967 4 986 4 987 4 967 1521 987 1521 988 1521 988 4 987 4 989 4 988 1522 989 1522 990 1522 990 4 989 4 991 4 990 4 991 4 992 4 992 4 991 4 993 4 992 4 993 4 994 4 994 4 993 4 995 4 994 4 995 4 976 4 976 1523 995 1523 996 1523 976 1524 996 1524 970 1524 997 1525 998 1525 999 1525 999 1526 998 1526 1000 1526 999 1527 1000 1527 1001 1527 1001 1528 1000 1528 1002 1528 985 1529 1003 1529 1004 1529 1004 1530 1003 1530 1005 1530 1004 1531 1005 1531 1006 1531 997 1532 1007 1532 998 1532 998 1533 1007 1533 1008 1533 998 1534 1008 1534 1009 1534 1009 1535 1008 1535 1010 1535 1009 1536 1010 1536 1011 1536 1011 1537 1010 1537 1012 1537 1011 1538 1012 1538 1006 1538 1006 1539 1012 1539 1013 1539 1006 1540 1013 1540 1004 1540 985 1541 1004 1541 984 1541 984 1542 1004 1542 1014 1542 984 1543 1014 1543 983 1543 1015 1544 981 1544 1016 1544 1016 1545 981 1545 983 1545 1016 1546 983 1546 1017 1546 1017 1547 983 1547 1014 1547 1018 1548 971 1548 970 1548 1019 1549 1020 1549 1021 1549 1021 1550 1020 1550 1022 1550 1021 1551 1022 1551 1023 1551 1019 1552 1021 1552 1024 1552 1024 1553 1021 1553 1025 1553 1024 1554 1025 1554 1026 1554 1027 1555 1028 1555 1025 1555 1025 1556 1028 1556 1029 1556 1025 1557 1029 1557 1026 1557 1030 1558 1031 1558 1032 1558 1032 1559 1031 1559 1033 1559 1032 1560 1033 1560 1034 1560 1034 1561 1033 1561 1035 1561 1034 1562 1035 1562 1027 1562 1027 1563 1035 1563 1036 1563 1027 1564 1036 1564 1028 1564 1030 1565 1018 1565 1031 1565 1031 1566 1018 1566 970 1566 1031 1567 970 1567 1037 1567 1037 1568 970 1568 996 1568 1037 1569 996 1569 1038 1569 1038 1570 996 1570 1039 1570 1039 1571 996 1571 995 1571 1039 1572 995 1572 1040 1572 885 1573 884 1573 1041 1573 1041 1574 884 1574 1042 1574 1042 1575 1043 1575 1041 1575 1041 1576 1043 1576 1044 1576 1041 1577 1044 1577 1045 1577 1045 1578 1044 1578 1046 1578 1047 1579 952 1579 951 1579 1046 1580 1048 1580 1045 1580 1045 1581 1048 1581 1047 1581 1045 1582 1047 1582 1049 1582 1049 1583 1047 1583 951 1583 900 1584 902 1584 1050 1584 1050 1585 902 1585 1051 1585 1050 1586 1051 1586 1052 1586 1051 1587 1053 1587 1052 1587 1052 1588 1053 1588 1054 1588 1052 1589 1054 1589 1055 1589 1055 1590 1054 1590 1056 1590 918 1591 920 1591 1057 1591 1057 1592 920 1592 1055 1592 1057 1593 1055 1593 1058 1593 1058 1594 1055 1594 1056 1594 1059 0 1060 0 1061 0 1061 1595 1062 1595 1059 1595 1059 1596 1062 1596 1063 1596 1059 1597 1063 1597 1064 1597 973 0 972 0 1065 0 1065 0 972 0 1066 0 1065 0 1066 0 1067 0 1067 0 1066 0 1061 0 1067 0 1061 0 1068 0 1068 1598 1061 1598 1060 1598 1068 1599 1060 1599 1069 1599 1069 1600 1060 1600 1070 1600 1071 16 1072 16 1041 16 1073 1601 1074 1601 1075 1601 1073 16 1075 16 1041 16 1041 1602 1075 1602 1076 1602 1041 1603 1076 1603 1071 1603 1077 16 1078 16 1045 16 1045 1604 1078 1604 1079 1604 1045 16 1079 16 1041 16 1041 1605 1079 1605 1080 1605 1041 1606 1080 1606 1073 1606 1081 16 1082 16 1073 16 1073 16 1082 16 1083 16 1090 9 1091 9 1052 9 1092 1609 1093 1609 1094 1609 1094 9 1093 9 1052 9 1052 1610 1093 1610 1095 1610 1052 1611 1095 1611 1090 1611 1096 9 1097 9 1055 9 1055 1612 1097 1612 1098 1612 1055 9 1098 9 1052 9 1052 1613 1098 1613 1099 1613 1052 1614 1099 1614 1094 1614 1100 9 1101 9 1094 9 1094 9 1101 9 1102 9 1094 9 1102 9 1092 9 1100 9 1105 9 1101 9 1109 39 1110 39 875 39 1111 39 1112 39 935 39 935 39 1112 39 960 39 960 1617 1112 1617 1113 1617 960 1618 1113 1618 957 1618 957 39 1113 39 954 39 954 1617 1113 1617 1114 1617 954 39 1114 39 911 39 911 39 1114 39 909 39 909 1619 1114 1619 1115 1619 909 1620 1115 1620 915 1620 915 1621 1115 1621 1116 1621 915 1622 1116 1622 913 1622 913 1623 1116 1623 920 1623 920 1624 1116 1624 1117 1624 920 39 1117 39 1055 39 1055 39 1117 39 1109 39 1055 39 1109 39 1096 39 1118 1625 1119 1625 875 1625 875 39 1119 39 1120 39 875 1626 1120 1626 1109 1626 1109 1627 1120 1627 1121 1627 1109 1628 1121 1628 1096 1628 1060 39 1059 39 1110 39 1110 39 1059 39 1122 39 1110 39 1122 39 875 39 875 1629 1122 1629 1123 1629 875 39 1123 39 876 39 1124 1630 1125 1630 1126 1630 1126 1631 1125 1631 866 1631 1126 39 866 39 865 39 1072 39 1127 39 1128 39 1128 1627 1127 1627 851 1627 935 39 930 39 1111 39 1111 1632 930 1632 923 1632 1111 39 923 39 1129 39 1129 1633 923 1633 925 1633 1129 1634 925 1634 1130 1634 1130 1635 925 1635 885 1635 1130 39 885 39 1128 39 1128 1636 885 1636 1041 1636 1128 39 1041 39 1072 39 1110 1637 1128 1637 1060 1637 1060 1638 1128 1638 851 1638 1060 39 851 39 1124 39 1124 39 851 39 853 39 1124 1639 853 1639 1125 1639 1040 9 995 9 1131 9 1131 9 995 9 993 9 1132 16 979 16 1015 16 1015 16 979 16 981 16 1132 1640 1133 1640 979 1640 979 1641 1133 1641 977 1641 1133 1642 1134 1642 977 1642 977 1643 1134 1643 1135 1643 977 1644 1135 1644 969 1644 1135 1645 1136 1645 969 1645 969 1646 1136 1646 1137 1646 969 1647 1137 1647 986 1647 1137 1648 1138 1648 986 1648 986 1649 1138 1649 1139 1649 986 1650 1139 1650 987 1650 1139 1651 1140 1651 987 1651 987 1652 1140 1652 1141 1652 987 1653 1141 1653 989 1653 1141 1654 1142 1654 989 1654 989 1428 1142 1428 1143 1428 989 1655 1143 1655 991 1655 1131 1656 993 1656 1144 1656 1144 1657 993 1657 991 1657 1144 1658 991 1658 1145 1658 1145 1659 991 1659 1143 1659 1146 1660 1147 1660 1119 1660 1119 1661 1147 1661 1148 1661 1119 1662 1148 1662 1120 1662 1120 1663 1148 1663 1149 1663 1120 1664 1149 1664 1150 1664 1151 1665 1152 1665 1153 1665 1153 1666 1152 1666 1154 1666 1153 1667 1154 1667 1155 1667 1154 1668 1156 1668 1155 1668 1155 1669 1156 1669 1157 1669 1155 1670 1157 1670 1158 1670 1158 1671 1157 1671 1159 1671 1158 1672 1159 1672 1160 1672 1161 1673 264 1673 263 1673 1161 1674 263 1674 1162 1674 363 1675 1163 1675 362 1675 362 1676 1163 1676 1164 1676 362 1677 1164 1677 1165 1677 1165 1678 1166 1678 362 1678 362 1679 1166 1679 1167 1679 362 1680 1167 1680 263 1680 263 1681 1167 1681 1168 1681 263 1682 1168 1682 1162 1682 364 1683 880 1683 363 1683 363 1684 880 1684 1169 1684 1169 1685 1170 1685 363 1685 363 1686 1170 1686 1171 1686 363 1687 1171 1687 1163 1687 1172 1688 1173 1688 359 1688 359 1689 1173 1689 356 1689 356 1690 1173 1690 1174 1690 356 1691 1174 1691 872 1691 1175 1692 1176 1692 355 1692 355 1693 1176 1693 1177 1693 355 1694 1177 1694 359 1694 359 1695 1177 1695 1178 1695 359 1696 1178 1696 1172 1696 267 1697 1179 1697 260 1697 260 1698 1179 1698 1180 1698 260 1699 1180 1699 355 1699 355 1700 1180 1700 1181 1700 355 1701 1181 1701 1175 1701 353 1702 1182 1702 354 1702 354 1703 1182 1703 1183 1703 354 1704 1183 1704 370 1704 358 1705 357 1705 869 1705 869 1706 1184 1706 358 1706 358 1707 1184 1707 1185 1707 358 1708 1185 1708 353 1708 353 1709 1185 1709 1186 1709 353 1710 1186 1710 1182 1710 877 1711 366 1711 1187 1711 1187 1712 366 1712 365 1712 1187 1713 365 1713 1188 1713 1188 1714 365 1714 1189 1714 1189 1715 365 1715 361 1715 1189 1716 361 1716 1190 1716 1191 1718 361 1718 360 1718 1191 1719 360 1719 379 1719 1054 1720 1053 1720 1051 1720 1192 1721 918 1721 1057 1721 908 1722 907 1722 1192 1722 921 1723 919 1723 1193 1723 918 1724 1192 1724 919 1724 919 1725 1192 1725 907 1725 919 1726 907 1726 1193 1726 1193 1727 907 1727 917 1727 1193 1728 917 1728 916 1728 916 1729 914 1729 1193 1729 1193 1730 914 1730 922 1730 1193 1731 922 1731 921 1731 1056 1732 904 1732 1058 1732 1058 1733 904 1733 903 1733 1058 1734 903 1734 1057 1734 1057 1735 903 1735 912 1735 1057 1736 912 1736 1192 1736 1192 1738 910 1738 908 1738 1056 1739 1054 1739 904 1739 904 1740 1054 1740 1051 1740 904 1741 1051 1741 1194 1741 889 1742 887 1742 1194 1742 1194 1743 887 1743 886 1743 1194 1744 886 1744 904 1744 895 1745 893 1745 1195 1745 901 1746 899 1746 1195 1746 1195 1747 899 1747 897 1747 1195 1748 897 1748 895 1748 1051 1749 902 1749 1194 1749 1194 1750 902 1750 901 1750 1194 1751 901 1751 889 1751 889 1752 901 1752 1195 1752 889 1753 1195 1753 891 1753 891 1754 1195 1754 893 1754 1044 1755 1043 1755 1042 1755 1196 1756 952 1756 1047 1756 961 1757 938 1757 1196 1757 948 1758 950 1758 1197 1758 952 1759 1196 1759 950 1759 950 1760 1196 1760 938 1760 950 1761 938 1761 1197 1761 1197 1762 938 1762 940 1762 1197 1763 940 1763 942 1763 942 1764 944 1764 1197 1764 1197 1765 944 1765 946 1765 1197 1766 946 1766 948 1766 1046 1767 936 1767 1048 1767 1048 1768 936 1768 934 1768 1048 1769 934 1769 1047 1769 1047 1770 934 1770 933 1770 1047 1771 933 1771 1196 1771 1196 1772 933 1772 962 1772 1196 1773 962 1773 961 1773 1046 1774 1044 1774 936 1774 936 1775 1044 1775 1042 1775 936 1776 1042 1776 1198 1776 929 1777 928 1777 1198 1777 1198 1778 928 1778 937 1778 1198 1779 937 1779 936 1779 924 1780 932 1780 1199 1780 883 1781 927 1781 1199 1781 1199 1782 927 1782 926 1782 1199 1783 926 1783 924 1783 1042 1784 884 1784 1198 1784 1198 1785 884 1785 883 1785 1198 1786 883 1786 929 1786 929 1787 883 1787 1199 1787 929 1788 1199 1788 931 1788 931 1789 1199 1789 932 1789 1201 1791 868 1791 1202 1791 1201 1792 1202 1792 1203 1792 1204 1793 1155 1793 1205 1793 1205 1794 1155 1794 1158 1794 1205 1795 1158 1795 1202 1795 1202 1796 1158 1796 1160 1796 1202 1797 1160 1797 1203 1797 1206 1798 1151 1798 1204 1798 1204 1799 1151 1799 1153 1799 1204 1800 1153 1800 1155 1800 1207 1801 1208 1801 1209 1801 1208 1802 1210 1802 1209 1802 1209 1803 1210 1803 1211 1803 1209 1804 1211 1804 1206 1804 1206 1805 1211 1805 1212 1805 1206 1806 1212 1806 1151 1806 1213 1807 1214 1807 1209 1807 1209 1808 1214 1808 1215 1808 1215 1809 1216 1809 1209 1809 1209 1810 1216 1810 1217 1810 1209 1811 1217 1811 1207 1811 1218 1812 1219 1812 1220 1812 1219 1813 1221 1813 1220 1813 1220 1814 1221 1814 1222 1814 1220 16 1222 16 1209 16 1209 1815 1222 1815 1223 1815 1209 1816 1223 1816 1213 1816 850 1817 849 1817 1224 1817 1224 1818 849 1818 1225 1818 1224 1819 1225 1819 1220 1819 1220 1820 1225 1820 1226 1820 1220 1821 1226 1821 1218 1821 855 1822 854 1822 1227 1822 1227 1823 854 1823 852 1823 1227 1824 852 1824 1228 1824 1228 1825 852 1825 850 1825 1228 1826 850 1826 1229 1826 1229 1827 850 1827 1224 1827 867 1828 1230 1828 1227 1828 1227 1829 1230 1829 1231 1829 1227 1830 1231 1830 855 1830 1233 1832 874 1832 1234 1832 1235 1833 1148 1833 1236 1833 1236 1834 1148 1834 1147 1834 1236 1835 1147 1835 1234 1835 1234 1836 1147 1836 1146 1836 1234 1837 1146 1837 1233 1837 1237 1838 1150 1838 1235 1838 1235 1839 1150 1839 1149 1839 1235 1840 1149 1840 1148 1840 1238 1841 1239 1841 1240 1841 1239 1842 1241 1842 1240 1842 1240 1843 1241 1843 1242 1843 1240 1844 1242 1844 1237 1844 1237 1845 1242 1845 1243 1845 1237 1846 1243 1846 1150 1846 1244 1847 1245 1847 1240 1847 1240 1848 1245 1848 1246 1848 1246 1849 1247 1849 1240 1849 1240 1850 1247 1850 1248 1850 1240 1851 1248 1851 1238 1851 1249 1852 1250 1852 1251 1852 1250 1853 1252 1853 1251 1853 1251 1854 1252 1854 1253 1854 1251 9 1253 9 1240 9 1240 1855 1253 1855 1254 1855 1240 1856 1254 1856 1244 1856 859 1857 857 1857 1255 1857 1255 1858 857 1858 1256 1858 1255 1859 1256 1859 1251 1859 1251 1860 1256 1860 1257 1860 1251 1861 1257 1861 1249 1861 1258 1862 861 1862 1259 1862 1259 1863 861 1863 859 1863 1259 1864 859 1864 1260 1864 1260 1865 859 1865 1255 1865 1258 1868 863 1868 861 1868 878 1869 1262 1869 1258 1869 1258 1870 1262 1870 1263 1870 1258 1871 1263 1871 1261 1871 1264 1872 1265 1872 1266 1872 1266 1873 1265 1873 1267 1873 1267 1874 1268 1874 1266 1874 1266 1876 879 1876 881 1876 1264 1877 1266 1877 1023 1877 1023 1878 1266 1878 1269 1878 1023 1879 1269 1879 1021 1879 1021 1880 1269 1880 1025 1880 1025 1881 1269 1881 1270 1881 1025 1882 1270 1882 1027 1882 1027 1883 1270 1883 1034 1883 1034 1884 1270 1884 1271 1884 1034 1885 1271 1885 1032 1885 1032 1886 1271 1886 1030 1886 1030 1887 1271 1887 1272 1887 1030 1888 1272 1888 1018 1888 971 1889 1018 1889 972 1889 972 1890 1018 1890 1272 1890 972 1891 1272 1891 1066 1891 1066 1892 1272 1892 1273 1892 1066 1893 1273 1893 1061 1893 1061 1894 1273 1894 1274 1894 1061 1895 1274 1895 1062 1895 1062 1896 1274 1896 1275 1896 1062 1897 1275 1897 1063 1897 1063 1898 1275 1898 1276 1898 1063 1899 1276 1899 1064 1899 1064 1900 1276 1900 1277 1900 1277 1901 1276 1901 1278 1901 1277 1902 1278 1902 1279 1902 882 1903 1280 1903 1278 1903 1278 1904 1280 1904 1281 1904 1278 1905 1281 1905 1279 1905 1282 1906 1283 1906 1284 1906 1284 1907 1283 1907 1285 1907 1284 1908 1285 1908 870 1908 1070 1909 1286 1909 1287 1909 1287 1910 1286 1910 1288 1910 1287 1911 1288 1911 1284 1911 1284 1912 1288 1912 1289 1912 1284 1913 1289 1913 1282 1913 1003 1914 985 1914 1290 1914 1290 1915 985 1915 973 1915 1290 1916 973 1916 1291 1916 1291 1917 973 1917 1065 1917 1291 1918 1065 1918 1292 1918 1292 1919 1065 1919 1067 1919 1292 1920 1067 1920 1293 1920 1293 1921 1067 1921 1068 1921 1293 1922 1068 1922 1287 1922 1287 1923 1068 1923 1069 1923 1287 1924 1069 1924 1070 1924 1003 1925 1290 1925 1005 1925 1005 1926 1290 1926 1294 1926 1005 1927 1294 1927 1006 1927 1295 1928 1009 1928 1294 1928 1294 1929 1009 1929 1011 1929 1294 1930 1011 1930 1006 1930 1299 1934 1002 1934 1000 1934 1299 1935 1000 1935 1295 1935 1295 1936 1000 1936 998 1936 1295 1937 998 1937 1009 1937 856 1945 1305 1945 857 1945 857 1946 1305 1946 1306 1946 1091 1947 1090 1947 1307 1947 1307 1948 1090 1948 1306 1948 1307 1949 1306 1949 1308 1949 1308 1950 1306 1950 1305 1950 1306 1951 1090 1951 1095 1951 1309 1952 1249 1952 1310 1952 1310 1953 1249 1953 1257 1953 1310 1954 1257 1954 1311 1954 1311 1955 1257 1955 1256 1955 1311 1956 1256 1956 1312 1956 1312 1957 1256 1957 857 1957 1312 1958 857 1958 1306 1958 1254 1959 1253 1959 1313 1959 1313 1960 1253 1960 1252 1960 1313 1961 1252 1961 1309 1961 1309 1962 1252 1962 1250 1962 1309 1963 1250 1963 1249 1963 1313 1964 1314 1964 1254 1964 1254 1965 1314 1965 1315 1965 1254 1966 1315 1966 1244 1966 1244 1967 1315 1967 1316 1967 1244 1968 1316 1968 1245 1968 1245 1969 1316 1969 1317 1969 1245 1970 1317 1970 1246 1970 1246 1971 1317 1971 1318 1971 1246 1972 1318 1972 1247 1972 1318 1973 1319 1973 1247 1973 1247 1974 1319 1974 1320 1974 1247 1975 1320 1975 1248 1975 1248 1976 1320 1976 1321 1976 1248 1977 1321 1977 1238 1977 1238 1978 1321 1978 1322 1978 1238 1979 1322 1979 1239 1979 1239 1980 1322 1980 1323 1980 1239 1981 1323 1981 1241 1981 1241 1982 1323 1982 1324 1982 1241 1983 1324 1983 1242 1983 1306 1984 1095 1984 1312 1984 1312 1985 1095 1985 1093 1985 1312 1986 1093 1986 1311 1986 1311 1987 1093 1987 1092 1987 1311 1988 1092 1988 1310 1988 1310 1989 1092 1989 1102 1989 1310 1990 1102 1990 1309 1990 1309 1991 1102 1991 1101 1991 1309 1992 1101 1992 1313 1992 1313 1993 1101 1993 1105 1993 1313 1994 1105 1994 1314 1994 1314 1995 1105 1995 1104 1995 1314 1996 1104 1996 1315 1996 1315 1997 1104 1997 1103 1997 1315 1998 1103 1998 1316 1998 1316 1999 1103 1999 1317 1999 1317 2000 1103 2000 1107 2000 1317 2001 1107 2001 1318 2001 1318 2003 1106 2003 1319 2003 1319 2005 1108 2005 1320 2005 1320 2006 1108 2006 1100 2006 1320 2007 1100 2007 1321 2007 1321 2008 1100 2008 1094 2008 1321 2009 1094 2009 1322 2009 1322 2010 1094 2010 1099 2010 1322 2011 1099 2011 1323 2011 1323 2012 1099 2012 1098 2012 1323 2013 1098 2013 1324 2013 1324 2014 1098 2014 1097 2014 1324 2015 1097 2015 1325 2015 1242 2016 1324 2016 1243 2016 1243 2017 1324 2017 1325 2017 1243 2018 1325 2018 1150 2018 1120 2019 1150 2019 1121 2019 1121 2020 1150 2020 1325 2020 1121 2021 1325 2021 1096 2021 1096 2021 1325 2021 1097 2021 849 2022 851 2022 1326 2022 1326 2023 851 2023 1127 2023 1326 2024 1127 2024 1071 2024 1071 2024 1127 2024 1072 2024 1326 2025 1071 2025 1076 2025 1327 2026 1218 2026 1328 2026 1328 2027 1218 2027 1226 2027 1328 2028 1226 2028 1329 2028 1329 2029 1226 2029 1225 2029 1329 2030 1225 2030 1330 2030 1330 2031 1225 2031 849 2031 1330 2032 849 2032 1326 2032 1331 2034 1222 2034 1221 2034 1331 2035 1221 2035 1327 2035 1327 2036 1221 2036 1219 2036 1327 2037 1219 2037 1218 2037 1331 2038 1332 2038 1223 2038 1223 2040 1333 2040 1213 2040 1213 2041 1333 2041 1334 2041 1213 2042 1334 2042 1214 2042 1214 2044 1335 2044 1215 2044 1215 2046 1336 2046 1216 2046 1336 2047 1337 2047 1216 2047 1216 2048 1337 2048 1338 2048 1216 2049 1338 2049 1217 2049 1217 2050 1338 2050 1339 2050 1217 2051 1339 2051 1207 2051 1207 2052 1339 2052 1340 2052 1207 2053 1340 2053 1208 2053 1208 2054 1340 2054 1341 2054 1208 2055 1341 2055 1210 2055 1210 2056 1341 2056 1342 2056 1210 2057 1342 2057 1211 2057 1326 2058 1076 2058 1330 2058 1330 2059 1076 2059 1075 2059 1330 2060 1075 2060 1329 2060 1329 2061 1075 2061 1074 2061 1329 2062 1074 2062 1328 2062 1328 2063 1074 2063 1083 2063 1328 2064 1083 2064 1327 2064 1327 2065 1083 2065 1082 2065 1327 2066 1082 2066 1331 2066 1331 2067 1082 2067 1086 2067 1331 2068 1086 2068 1332 2068 1332 2070 1085 2070 1333 2070 1333 2071 1085 2071 1084 2071 1333 2072 1084 2072 1334 2072 1335 2074 1084 2074 1088 2074 1335 2075 1088 2075 1336 2075 1336 2077 1087 2077 1337 2077 1337 2079 1089 2079 1338 2079 1338 2080 1089 2080 1081 2080 1338 2081 1081 2081 1339 2081 1339 2082 1081 2082 1073 2082 1339 2083 1073 2083 1340 2083 1340 2084 1073 2084 1080 2084 1340 2085 1080 2085 1341 2085 1341 2086 1080 2086 1079 2086 1341 2087 1079 2087 1342 2087 1342 2088 1079 2088 1078 2088 1342 2089 1078 2089 1343 2089 1211 2090 1342 2090 1212 2090 1212 2091 1342 2091 1343 2091 1212 2092 1343 2092 1151 2092 1152 2093 1151 2093 1344 2093 1344 2094 1151 2094 1343 2094 1344 2095 1343 2095 1345 2095 1345 2096 1343 2096 1078 2096 1345 2097 1078 2097 1077 2097 873 2098 872 2098 1304 2098 1304 2099 872 2099 1303 2099 1302 2100 1346 2100 1296 2100 1303 2101 872 2101 1174 2101 1303 2102 1347 2102 1300 2102 1300 2103 1347 2103 1301 2103 1303 2104 1174 2104 1347 2104 1347 2105 1174 2105 1173 2105 1347 2106 1173 2106 1348 2106 1348 2107 1173 2107 1172 2107 1348 2108 1172 2108 1349 2108 1349 2109 1172 2109 1178 2109 1349 2110 1178 2110 1350 2110 1178 2111 1177 2111 1350 2111 1350 2112 1177 2112 1176 2112 1350 2113 1176 2113 1351 2113 1351 2114 1176 2114 1175 2114 1351 2115 1175 2115 1352 2115 1352 2116 1175 2116 1181 2116 1352 2117 1181 2117 1353 2117 1181 2118 1180 2118 1353 2118 1353 2119 1180 2119 1179 2119 1353 2120 1179 2120 1354 2120 1354 2121 1179 2121 267 2121 1354 2122 267 2122 1355 2122 1301 2123 1347 2123 1302 2123 1302 2124 1347 2124 1348 2124 1302 2125 1348 2125 1346 2125 1346 2126 1348 2126 1349 2126 1346 2127 1349 2127 1356 2127 1356 2128 1349 2128 1350 2128 1356 2129 1350 2129 1357 2129 1357 2130 1350 2130 1351 2130 1357 2131 1351 2131 1358 2131 1358 2132 1351 2132 1352 2132 1358 2133 1352 2133 1359 2133 1359 2134 1352 2134 1353 2134 1359 2135 1353 2135 1360 2135 1360 2136 1353 2136 1354 2136 1360 2137 1354 2137 1361 2137 1361 2138 1354 2138 1355 2138 1361 2139 1355 2139 1362 2139 1297 2141 1346 2141 1356 2141 1297 2142 1356 2142 1002 2142 1002 2143 1356 2143 1357 2143 1002 2144 1357 2144 1001 2144 1001 2145 1357 2145 1358 2145 1001 2146 1358 2146 999 2146 999 2147 1358 2147 1359 2147 999 2148 1359 2148 997 2148 997 2149 1359 2149 1360 2149 997 2150 1360 2150 1007 2150 1007 2151 1360 2151 1361 2151 1007 2152 1361 2152 1008 2152 1008 2153 1361 2153 1362 2153 1008 2154 1362 2154 1010 2154 1010 2155 1362 2155 1363 2155 1362 2156 1355 2156 1364 2156 1355 2157 267 2157 269 2157 1355 2158 269 2158 1364 2158 1364 2159 269 2159 270 2159 1364 2160 270 2160 1365 2160 1365 2161 270 2161 275 2161 1365 2162 275 2162 1366 2162 1366 2163 275 2163 274 2163 1366 2164 274 2164 1367 2164 1367 2165 274 2165 272 2165 1367 2166 272 2166 1368 2166 1368 2167 272 2167 271 2167 1368 2168 271 2168 1369 2168 1369 2169 271 2169 276 2169 1369 2170 276 2170 1370 2170 1362 2171 1364 2171 1363 2171 1363 2172 1364 2172 1365 2172 1363 2173 1365 2173 1371 2173 1371 2174 1365 2174 1366 2174 1371 2175 1366 2175 1372 2175 1372 2176 1366 2176 1367 2176 1372 2177 1367 2177 1373 2177 1373 2178 1367 2178 1368 2178 1373 2179 1368 2179 1374 2179 1374 2180 1368 2180 1369 2180 1374 2181 1369 2181 1375 2181 1375 2182 1369 2182 1370 2182 1375 2183 1370 2183 1376 2183 1010 2184 1363 2184 1012 2184 1012 2185 1363 2185 1371 2185 1012 2186 1371 2186 1013 2186 1013 2187 1371 2187 1372 2187 1013 2188 1372 2188 1004 2188 1004 2189 1372 2189 1373 2189 1004 2190 1373 2190 1014 2190 1014 2191 1373 2191 1374 2191 1014 2192 1374 2192 1017 2192 1017 2193 1374 2193 1375 2193 1017 2194 1375 2194 1016 2194 1016 2195 1375 2195 1376 2195 1016 2196 1376 2196 1015 2196 276 2197 278 2197 1377 2197 276 2198 1377 2198 1370 2198 1370 2199 1377 2199 1378 2199 1370 2199 1378 2199 1376 2199 1376 2200 1378 2200 1132 2200 1376 2200 1132 2200 1015 2200 279 2201 1379 2201 1380 2201 1379 2202 1381 2202 1382 2202 1381 2203 1131 2203 1144 2203 1381 2204 1144 2204 1382 2204 1382 2205 1144 2205 1145 2205 1382 2206 1145 2206 1383 2206 1383 2207 1145 2207 1143 2207 1383 2208 1143 2208 1384 2208 1384 2209 1143 2209 1142 2209 1384 2210 1142 2210 1385 2210 1385 2211 1142 2211 1141 2211 1385 2212 1141 2212 1386 2212 1386 2213 1141 2213 1140 2213 1386 2214 1140 2214 1387 2214 1387 2215 1140 2215 1139 2215 1387 2216 1139 2216 1388 2216 1388 2217 1139 2217 1138 2217 1388 2218 1138 2218 1389 2218 1389 2219 1138 2219 1137 2219 1389 2220 1137 2220 1390 2220 1390 2221 1137 2221 1136 2221 1390 2222 1136 2222 1391 2222 1391 2223 1136 2223 1135 2223 1391 2224 1135 2224 1392 2224 1392 2225 1135 2225 1134 2225 1392 2226 1134 2226 1393 2226 1393 2227 1134 2227 1133 2227 1393 2228 1133 2228 1394 2228 1394 2229 1133 2229 1132 2229 1394 2230 1132 2230 1378 2230 1379 2231 1382 2231 1380 2231 1380 2232 1382 2232 1383 2232 1380 2233 1383 2233 1395 2233 1395 2234 1383 2234 1384 2234 1395 2235 1384 2235 1396 2235 1396 2236 1384 2236 1385 2236 1396 2237 1385 2237 1397 2237 1397 2238 1385 2238 1386 2238 1397 2239 1386 2239 1398 2239 1398 2240 1386 2240 1387 2240 1398 2241 1387 2241 1399 2241 1399 2242 1387 2242 1388 2242 1399 2243 1388 2243 1400 2243 1400 2244 1388 2244 1389 2244 1400 2245 1389 2245 1401 2245 1401 2246 1389 2246 1390 2246 1401 2247 1390 2247 1402 2247 1402 2248 1390 2248 1391 2248 1402 2249 1391 2249 1403 2249 1403 2250 1391 2250 1392 2250 1403 2251 1392 2251 1404 2251 1404 2252 1392 2252 1393 2252 1404 2253 1393 2253 1405 2253 1405 2254 1393 2254 1394 2254 1405 2255 1394 2255 1406 2255 1406 2256 1394 2256 1378 2256 1406 2257 1378 2257 1377 2257 279 2258 1380 2258 280 2258 280 2259 1380 2259 1395 2259 280 2260 1395 2260 290 2260 290 2261 1395 2261 1396 2261 290 2262 1396 2262 291 2262 291 2263 1396 2263 1397 2263 291 2264 1397 2264 285 2264 285 2265 1397 2265 1398 2265 285 2266 1398 2266 286 2266 286 2267 1398 2267 1399 2267 286 2268 1399 2268 287 2268 287 2269 1399 2269 1400 2269 287 2270 1400 2270 284 2270 284 2271 1400 2271 1401 2271 284 2272 1401 2272 283 2272 283 2273 1401 2273 1402 2273 283 2274 1402 2274 281 2274 281 2275 1402 2275 1403 2275 281 2276 1403 2276 282 2276 282 2277 1403 2277 1404 2277 282 2278 1404 2278 292 2278 292 2279 1404 2279 1405 2279 292 2280 1405 2280 289 2280 289 2281 1405 2281 1406 2281 289 2282 1406 2282 288 2282 288 2283 1406 2283 1377 2283 288 2284 1377 2284 278 2284 279 2285 277 2285 1407 2285 279 2286 1407 2286 1379 2286 1379 2287 1407 2287 1408 2287 1379 2287 1408 2287 1381 2287 1381 2288 1408 2288 1040 2288 1381 2288 1040 2288 1131 2288 1040 2289 1408 2289 1409 2289 1408 2290 1407 2290 1410 2290 1407 2291 277 2291 273 2291 1407 2292 273 2292 1410 2292 1410 2293 273 2293 268 2293 1410 2294 268 2294 1411 2294 1411 2295 268 2295 266 2295 1411 2296 266 2296 1412 2296 1412 2297 266 2297 265 2297 1412 2298 265 2298 1413 2298 1408 2299 1410 2299 1409 2299 1409 2300 1410 2300 1411 2300 1409 2301 1411 2301 1414 2301 1414 2302 1411 2302 1412 2302 1414 2303 1412 2303 1415 2303 1415 2304 1412 2304 1413 2304 1415 2305 1413 2305 1416 2305 1035 2306 1033 2306 1416 2306 1416 2307 1033 2307 1031 2307 1416 2308 1031 2308 1415 2308 1415 2309 1031 2309 1037 2309 1415 2310 1037 2310 1414 2310 1414 2311 1037 2311 1038 2311 1414 2312 1038 2312 1409 2312 1409 2313 1038 2313 1039 2313 1409 2314 1039 2314 1040 2314 1036 2315 1035 2315 1417 2315 1417 2316 1035 2316 1416 2316 1417 2317 1416 2317 1418 2317 1418 2318 1416 2318 1413 2318 1418 2319 1413 2319 264 2319 264 2320 1413 2320 265 2320 1264 2321 1419 2321 1265 2321 1023 2322 1420 2322 1264 2322 1264 2323 1420 2323 1421 2323 1264 2324 1421 2324 1419 2324 1422 2325 1267 2325 1265 2325 880 2326 1267 2326 1169 2326 1169 2327 1267 2327 1422 2327 1169 2328 1422 2328 1423 2328 1418 2329 264 2329 1161 2329 1418 2330 1161 2330 1424 2330 1424 2331 1161 2331 1162 2331 1424 2332 1162 2332 1425 2332 1425 2333 1162 2333 1168 2333 1425 2334 1168 2334 1426 2334 1426 2335 1168 2335 1167 2335 1426 2336 1167 2336 1427 2336 1023 2337 1022 2337 1420 2337 1420 2338 1022 2338 1020 2338 1420 2339 1020 2339 1428 2339 1428 2340 1020 2340 1019 2340 1428 2341 1019 2341 1429 2341 1429 2342 1019 2342 1024 2342 1429 2343 1024 2343 1430 2343 1430 2344 1024 2344 1026 2344 1430 2345 1026 2345 1431 2345 1431 2346 1026 2346 1029 2346 1431 2347 1029 2347 1432 2347 1432 2348 1029 2348 1028 2348 1432 2349 1028 2349 1433 2349 1433 2350 1028 2350 1036 2350 1433 2351 1036 2351 1417 2351 1167 2352 1166 2352 1427 2352 1427 2353 1166 2353 1165 2353 1427 2354 1165 2354 1434 2354 1434 2355 1165 2355 1164 2355 1434 2356 1164 2356 1435 2356 1435 2357 1164 2357 1163 2357 1435 2358 1163 2358 1436 2358 1436 2359 1163 2359 1171 2359 1436 2360 1171 2360 1423 2360 1423 2361 1171 2361 1170 2361 1423 2362 1170 2362 1169 2362 1265 2363 1419 2363 1422 2363 1422 2364 1419 2364 1421 2364 1422 2365 1421 2365 1423 2365 1423 2366 1421 2366 1420 2366 1423 2367 1420 2367 1436 2367 1436 2368 1420 2368 1428 2368 1436 2369 1428 2369 1435 2369 1435 2370 1428 2370 1429 2370 1435 2371 1429 2371 1434 2371 1434 2372 1429 2372 1430 2372 1434 2373 1430 2373 1427 2373 1427 2374 1430 2374 1431 2374 1427 2375 1431 2375 1426 2375 1426 2376 1431 2376 1432 2376 1426 2377 1432 2377 1425 2377 1425 2378 1432 2378 1433 2378 1425 2379 1433 2379 1424 2379 1424 2380 1433 2380 1417 2380 1424 2381 1417 2381 1418 2381 1267 2382 880 2382 1268 2382 1268 2383 880 2383 879 2383 878 2384 877 2384 1262 2384 1262 2385 877 2385 1437 2385 1262 2386 1437 2386 1263 2386 379 2387 1438 2387 1439 2387 1263 2388 1440 2388 1261 2388 1263 2389 1437 2389 1441 2389 1437 2390 877 2390 1187 2390 1437 2391 1187 2391 1441 2391 1441 2392 1187 2392 1188 2392 1441 2393 1188 2393 1442 2393 1188 2394 1189 2394 1442 2394 1442 2395 1189 2395 1190 2395 1442 2396 1190 2396 1439 2396 1439 2398 1191 2398 379 2398 1263 2399 1441 2399 1440 2399 1440 2400 1441 2400 1442 2400 1440 2401 1442 2401 1443 2401 1443 2402 1442 2402 1439 2402 1443 2403 1439 2403 1444 2403 1444 2404 1439 2404 1438 2404 1444 2405 1438 2405 1445 2405 1261 2406 1440 2406 864 2406 864 2407 1440 2407 1443 2407 864 2408 1443 2408 862 2408 862 2409 1443 2409 1444 2409 862 2410 1444 2410 860 2410 860 2411 1444 2411 1445 2411 860 2412 1445 2412 858 2412 856 2413 858 2413 1445 2413 856 2414 1445 2414 1446 2414 1446 2415 1445 2415 1438 2415 1446 2416 1438 2416 1447 2416 1447 2417 1438 2417 379 2417 1447 2418 379 2418 381 2418 856 2419 1446 2419 1448 2419 1446 2420 1447 2420 1449 2420 1447 2421 381 2421 382 2421 1447 2422 382 2422 1449 2422 1449 2423 382 2423 412 2423 1449 2424 412 2424 1450 2424 1450 2425 412 2425 411 2425 1450 2426 411 2426 1451 2426 1451 2427 411 2427 410 2427 1451 2428 410 2428 1452 2428 1446 2429 1449 2429 1448 2429 1448 2430 1449 2430 1450 2430 1448 2431 1450 2431 1453 2431 1453 2432 1450 2432 1451 2432 1453 2433 1451 2433 1454 2433 1454 2434 1451 2434 1452 2434 1454 2435 1452 2435 1455 2435 856 2436 1448 2436 1305 2436 1305 2437 1448 2437 1453 2437 1305 2438 1453 2438 1308 2438 1308 2439 1453 2439 1454 2439 1308 2440 1454 2440 1307 2440 1307 2441 1454 2441 1455 2441 1307 2442 1455 2442 1091 2442 410 2443 407 2443 1456 2443 410 2444 1456 2444 1452 2444 1452 2445 1456 2445 1457 2445 1452 2446 1457 2446 1455 2446 1455 2447 1457 2447 1052 2447 1455 2448 1052 2448 1091 2448 407 2449 406 2449 1456 2449 1456 2450 406 2450 1458 2450 1456 2451 1458 2451 1457 2451 1457 2452 1458 2452 1459 2452 1457 2453 1459 2453 1052 2453 1052 2454 1459 2454 1050 2454 406 2455 375 2455 1458 2455 1458 2456 375 2456 1460 2456 1458 2457 1460 2457 1459 2457 1459 2458 1460 2458 1461 2458 1459 2459 1461 2459 1050 2459 1050 2460 1461 2460 900 2460 383 2461 1462 2461 1463 2461 1462 2462 1464 2462 1465 2462 1464 2463 951 2463 949 2463 1464 2464 949 2464 1465 2464 1465 2465 949 2465 947 2465 1465 2466 947 2466 1466 2466 1466 2467 947 2467 945 2467 1466 2468 945 2468 1467 2468 1467 2469 945 2469 943 2469 1467 2470 943 2470 1468 2470 1468 2471 943 2471 941 2471 1468 2472 941 2472 1469 2472 1469 2473 941 2473 939 2473 1469 2474 939 2474 1470 2474 1470 2475 939 2475 963 2475 1470 2476 963 2476 1471 2476 1471 2477 963 2477 964 2477 1471 2478 964 2478 1472 2478 1472 2479 964 2479 965 2479 1472 2480 965 2480 1473 2480 1473 2481 965 2481 966 2481 1473 2482 966 2482 1474 2482 1474 2483 966 2483 959 2483 1474 2484 959 2484 1475 2484 1475 2485 959 2485 958 2485 1475 2486 958 2486 1476 2486 1476 2487 958 2487 956 2487 1476 2488 956 2488 1477 2488 1477 2489 956 2489 955 2489 1477 2490 955 2490 1478 2490 1478 2491 955 2491 953 2491 1478 2492 953 2492 1479 2492 1479 2493 953 2493 905 2493 1479 2494 905 2494 1480 2494 1480 2495 905 2495 906 2495 1480 2496 906 2496 1481 2496 1481 2497 906 2497 888 2497 1481 2498 888 2498 1482 2498 1482 2499 888 2499 890 2499 1482 2500 890 2500 1483 2500 1483 2501 890 2501 892 2501 1483 2502 892 2502 1484 2502 1484 2503 892 2503 894 2503 1484 2504 894 2504 1485 2504 1485 2505 894 2505 896 2505 1485 2506 896 2506 1486 2506 1486 2507 896 2507 898 2507 1486 2508 898 2508 1487 2508 1487 2509 898 2509 900 2509 1487 2510 900 2510 1461 2510 1462 2511 1465 2511 1463 2511 1463 2512 1465 2512 1466 2512 1463 2513 1466 2513 1488 2513 1488 2514 1466 2514 1467 2514 1488 2515 1467 2515 1489 2515 1489 2516 1467 2516 1468 2516 1489 2517 1468 2517 1490 2517 1490 2518 1468 2518 1469 2518 1490 2519 1469 2519 1491 2519 1491 2520 1469 2520 1470 2520 1491 2521 1470 2521 1492 2521 1492 2522 1470 2522 1471 2522 1492 2523 1471 2523 1493 2523 1493 2524 1471 2524 1472 2524 1493 2525 1472 2525 1494 2525 1494 2526 1472 2526 1473 2526 1494 2527 1473 2527 1495 2527 1495 2528 1473 2528 1474 2528 1495 2529 1474 2529 1496 2529 1496 2530 1474 2530 1475 2530 1496 2531 1475 2531 1497 2531 1497 2532 1475 2532 1476 2532 1497 2533 1476 2533 1498 2533 1498 2534 1476 2534 1477 2534 1498 2535 1477 2535 1499 2535 1499 2536 1477 2536 1478 2536 1499 2537 1478 2537 1500 2537 1500 2538 1478 2538 1479 2538 1500 2539 1479 2539 1501 2539 1501 2540 1479 2540 1480 2540 1501 2541 1480 2541 1502 2541 1502 2542 1480 2542 1481 2542 1502 2543 1481 2543 1503 2543 1503 2544 1481 2544 1482 2544 1503 2545 1482 2545 1504 2545 1504 2546 1482 2546 1483 2546 1504 2547 1483 2547 1505 2547 1505 2548 1483 2548 1484 2548 1505 2549 1484 2549 1506 2549 1506 2550 1484 2550 1485 2550 1506 2551 1485 2551 1507 2551 1507 2552 1485 2552 1486 2552 1507 2553 1486 2553 1508 2553 1508 2554 1486 2554 1487 2554 1508 2555 1487 2555 1509 2555 1509 2556 1487 2556 1461 2556 1509 2557 1461 2557 1460 2557 383 2558 1463 2558 396 2558 396 2559 1463 2559 1488 2559 396 2560 1488 2560 397 2560 397 2561 1488 2561 1489 2561 397 2562 1489 2562 399 2562 399 2563 1489 2563 1490 2563 399 2564 1490 2564 400 2564 400 2565 1490 2565 1491 2565 400 2566 1491 2566 401 2566 401 2567 1491 2567 1492 2567 401 2568 1492 2568 402 2568 402 2569 1492 2569 1493 2569 402 2570 1493 2570 398 2570 398 2571 1493 2571 1494 2571 398 2572 1494 2572 403 2572 403 2573 1494 2573 1495 2573 403 2574 1495 2574 389 2574 389 2575 1495 2575 1496 2575 389 2576 1496 2576 390 2576 390 2577 1496 2577 1497 2577 390 2578 1497 2578 391 2578 391 2579 1497 2579 1498 2579 391 2580 1498 2580 392 2580 392 2581 1498 2581 1499 2581 392 2582 1499 2582 393 2582 393 2583 1499 2583 1500 2583 393 2584 1500 2584 394 2584 394 2585 1500 2585 1501 2585 394 2586 1501 2586 395 2586 395 2587 1501 2587 1502 2587 395 2588 1502 2588 404 2588 404 2589 1502 2589 1503 2589 404 2590 1503 2590 405 2590 405 2591 1503 2591 1504 2591 405 2592 1504 2592 386 2592 386 2593 1504 2593 1505 2593 386 2594 1505 2594 387 2594 387 2595 1505 2595 1506 2595 387 2596 1506 2596 388 2596 388 2597 1506 2597 1507 2597 388 2598 1507 2598 384 2598 384 2599 1507 2599 1508 2599 384 2600 1508 2600 385 2600 385 2601 1508 2601 1509 2601 385 2602 1509 2602 374 2602 374 2603 1509 2603 1460 2603 374 2604 1460 2604 375 2604 383 2605 376 2605 1462 2605 1462 2606 376 2606 1510 2606 1462 2607 1510 2607 1464 2607 1464 2608 1510 2608 1511 2608 1464 2609 1511 2609 951 2609 951 2610 1511 2610 1049 2610 376 2611 408 2611 1510 2611 1510 2612 408 2612 1512 2612 1510 2613 1512 2613 1511 2613 1511 2614 1512 2614 1513 2614 1511 2615 1513 2615 1049 2615 1049 2616 1513 2616 1045 2616 408 2617 409 2617 1514 2617 408 2618 1514 2618 1512 2618 1512 2619 1514 2619 1515 2619 1512 2620 1515 2620 1513 2620 1513 2621 1515 2621 1077 2621 1513 2622 1077 2622 1045 2622 409 2623 380 2623 1514 2623 1514 2624 380 2624 1516 2624 1514 2625 1516 2625 1515 2625 1515 2626 1516 2626 1517 2626 1515 2627 1517 2627 1077 2627 1077 2628 1517 2628 1345 2628 380 2629 378 2629 1516 2629 1516 2630 378 2630 1518 2630 1516 2631 1518 2631 1517 2631 1517 2632 1518 2632 1519 2632 1517 2633 1519 2633 1345 2633 1345 2634 1519 2634 1344 2634 378 2635 377 2635 1518 2635 1518 2636 377 2636 1520 2636 1518 2637 1520 2637 1519 2637 1519 2638 1520 2638 1521 2638 1519 2639 1521 2639 1344 2639 1344 2640 1521 2640 1152 2640 1154 2641 1152 2641 1521 2641 1154 2642 1521 2642 1522 2642 1522 2643 1521 2643 1520 2643 1522 2644 1520 2644 1523 2644 1523 2645 1520 2645 377 2645 1523 2646 377 2646 370 2646 1524 2647 1203 2647 1160 2647 1523 2648 370 2648 1183 2648 1523 2649 1183 2649 1525 2649 1525 2650 1183 2650 1182 2650 1525 2651 1182 2651 1526 2651 1526 2652 1182 2652 1186 2652 1526 2653 1186 2653 1527 2653 1527 2654 1186 2654 1185 2654 1527 2655 1185 2655 1184 2655 1203 2656 1524 2656 1527 2656 1527 2657 1524 2657 1528 2657 1527 2658 1528 2658 1526 2658 1526 2659 1528 2659 1529 2659 1526 2660 1529 2660 1525 2660 1525 2661 1529 2661 1522 2661 1525 2662 1522 2662 1523 2662 1160 2663 1159 2663 1524 2663 1524 2664 1159 2664 1157 2664 1524 2665 1157 2665 1528 2665 1528 2666 1157 2666 1156 2666 1528 2667 1156 2667 1529 2667 1529 2668 1156 2668 1154 2668 1529 2669 1154 2669 1522 2669 1530 2671 1203 2671 1527 2671 1530 2672 1527 2672 869 2672 869 2673 1527 2673 1184 2673 869 2674 868 2674 1530 2674 1530 2676 1200 2676 1201 2676 1280 2677 882 2677 876 2677 1280 2678 876 2678 1281 2678 876 2679 1123 2679 1281 2679 1281 2680 1123 2680 1122 2680 1281 2681 1122 2681 1279 2681 1059 2682 1064 2682 1122 2682 1122 2683 1064 2683 1277 2683 1122 2684 1277 2684 1279 2684 1070 2685 1060 2685 1286 2685 1286 2686 1060 2686 1124 2686 1126 2687 1289 2687 1124 2687 1124 2688 1289 2688 1288 2688 1124 2689 1288 2689 1286 2689 870 2690 1285 2690 865 2690 865 2691 1285 2691 1283 2691 865 2692 1283 2692 1126 2692 1126 2693 1283 2693 1282 2693 1126 2694 1282 2694 1289 2694 1230 2695 867 2695 866 2695 1230 2696 866 2696 1231 2696 866 2697 1125 2697 1231 2697 1231 2698 1125 2698 853 2698 1231 2699 853 2699 855 2699 1119 2700 1118 2700 1146 2700 1146 2701 1118 2701 1233 2701 1233 2702 1118 2702 1232 2702 1232 2703 1118 2703 875 2703 1232 2704 875 2704 874 2704 1293 0 1287 0 1284 0 1284 0 870 0 871 0 1292 0 1293 0 1291 0 1291 2705 1293 2705 1284 2705 1291 0 1284 0 1290 0 1290 0 1284 0 1294 0 1295 0 1294 0 1299 0 1299 2706 1294 2706 1284 2706 1299 0 1284 0 1298 0 1298 2707 1284 2707 871 2707 1273 0 1272 0 1271 0 1278 0 1271 0 1270 0 1278 2708 1276 2708 1275 2708 881 0 882 0 1266 0 1266 2709 882 2709 1278 2709 1266 0 1278 0 1269 0 1269 2710 1278 2710 1270 2710 1271 2711 1278 2711 1273 2711 1273 2712 1278 2712 1275 2712 1273 0 1275 0 1274 0 874 0 878 0 1234 0 1234 2713 878 2713 1258 2713 1234 0 1258 0 1236 0 1251 0 1240 0 1255 0 1255 2714 1240 2714 1237 2714 1260 0 1255 0 1259 0 1259 2715 1255 2715 1237 2715 1259 0 1237 0 1258 0 1258 2716 1237 2716 1235 2716 1258 2717 1235 2717 1236 2717 1228 2718 1229 2718 1224 2718 1204 2719 1205 2719 1202 2719 868 0 867 0 1202 0 1202 2720 867 2720 1227 2720 1227 0 1228 0 1202 0 1202 2721 1228 2721 1224 2721 1202 0 1224 0 1204 0 1204 2722 1224 2722 1220 2722 1204 2723 1220 2723 1206 2723 1206 2724 1220 2724 1209 2724 1531 2725 967 2725 1532 2725 1532 2726 967 2726 988 2726 1532 2727 988 2727 1533 2727 1533 2728 988 2728 990 2728 1533 2729 990 2729 1534 2729 1534 2729 990 2729 992 2729 1534 2730 992 2730 1535 2730 1535 2730 992 2730 994 2730 1535 1419 994 1419 1536 1419 1536 2731 994 2731 976 2731 1536 2732 976 2732 1537 2732 1537 2733 976 2733 975 2733 1537 2734 975 2734 1538 2734 1538 2735 975 2735 974 2735 1538 1664 974 1664 1539 1664 1539 2736 974 2736 982 2736 1539 2737 982 2737 1540 2737 1540 2737 982 2737 980 2737 1540 2738 980 2738 1541 2738 1541 2738 980 2738 978 2738 1541 2739 978 2739 1542 2739 1542 2740 978 2740 968 2740 1542 2741 968 2741 1531 2741 1531 2742 968 2742 967 2742 1541 4 1542 4 1543 4 1543 4 1542 4 1531 4 1543 4 1531 4 1532 4 1538 4 1539 4 1543 4 1543 4 1539 4 1540 4 1543 4 1540 4 1541 4 1535 4 1536 4 1543 4 1543 4 1536 4 1537 4 1543 4 1537 4 1538 4 1532 4 1533 4 1543 4 1543 4 1533 4 1534 4 1543 4 1534 4 1535 4 1544 2732 1110 2732 1545 2732 1545 2732 1110 2732 1109 2732 1545 2731 1109 2731 1546 2731 1546 2731 1109 2731 1117 2731 1546 2743 1117 2743 1547 2743 1547 2730 1117 2730 1116 2730 1547 2744 1116 2744 1548 2744 1548 2729 1116 2729 1115 2729 1548 2728 1115 2728 1549 2728 1549 2728 1115 2728 1114 2728 1549 2725 1114 2725 1550 2725 1550 2725 1114 2725 1113 2725 1550 2741 1113 2741 1551 2741 1551 2741 1113 2741 1112 2741 1551 2740 1112 2740 1552 2740 1552 2740 1112 2740 1111 2740 1552 2745 1111 2745 1553 2745 1553 2738 1111 2738 1129 2738 1553 2746 1129 2746 1554 2746 1554 2737 1129 2737 1130 2737 1554 2736 1130 2736 1555 2736 1555 2736 1130 2736 1128 2736 1555 2734 1128 2734 1544 2734 1544 2734 1128 2734 1110 2734 1554 2747 1555 2747 1556 2747 1556 39 1555 39 1544 39 1556 39 1544 39 1545 39 1551 39 1552 39 1556 39 1556 2747 1552 2747 1553 2747 1556 2748 1553 2748 1554 2748 1548 2748 1549 2748 1556 2748 1556 39 1549 39 1550 39 1556 39 1550 39 1551 39 1545 39 1546 39 1556 39 1556 2748 1546 2748 1547 2748 1556 2747 1547 2747 1548 2747</p>
        </triangles>
      </mesh>
    </geometry>
  </library_geometries>
  <library_visual_scenes>
    <visual_scene id="Scene" name="Scene">
      <node id="link_5_1" name="link_5_1" type="NODE">
        <matrix sid="transform">0 1 0 0 -1 0 0 0 0 0 1 0 0 0 0 1</matrix>
        <instance_geometry url="#link_5_1-mesh" name="link_5_1">
          <bind_material>
            <technique_common>
              <instance_material symbol="m_2-material" target="#m_2-material"/>
              <instance_material symbol="m_1-material" target="#m_1-material"/>
            </technique_common>
          </bind_material>
        </instance_geometry>
      </node>
    </visual_scene>
  </library_visual_scenes>
  <scene>
    <instance_visual_scene url="#Scene"/>
  </scene>
</COLLADA>