<?xml version="1.0" encoding="utf-8"?>
<COLLADA xmlns="http://www.collada.org/2005/11/COLLADASchema" version="1.4.1" xmlns:xsi="http://www.w3.org/2001/XMLSchema-instance">
  <asset>
    <contributor>
      <author>Blender User</author>
      <authoring_tool>Blender 4.0.2 commit date:2023-12-05, commit time:07:41, hash:9be62e85b727</authoring_tool>
    </contributor>
    <created>2025-10-30T11:54:26</created>
    <modified>2025-10-30T11:54:26</modified>
    <unit name="meter" meter="1"/>
    <up_axis>Z_UP</up_axis>
  </asset>
  <library_effects>
    <effect id="m_1-effect">
      <profile_COMMON>
        <technique sid="common">
          <lambert>
            <emission>
              <color sid="emission">0 0 0 1</color>
            </emission>
            <diffuse>
              <color sid="diffuse">0.2 0.2 0.17 1</color>
            </diffuse>
            <reflectivity>
              <float sid="specular">1</float>
            </reflectivity>
            <index_of_refraction>
              <float sid="ior">1.45</float>
            </index_of_refraction>
          </lambert>
        </technique>
      </profile_COMMON>
    </effect>
  </library_effects>
  <library_images/>
  <library_materials>
    <material id="m_1-material" name="m_1">
      <instance_effect url="#m_1-effect"/>
    </material>
  </library_materials>
  <library_geometries>
    <geometry id="link_1_3-mesh" name="link_1_3">
      <mesh>
        <source id="link_1_3-mesh-positions">
          <float_array id="link_1_3-mesh-positions-array" count="4359">-0.02670711 -0.009799957 -0.00487864 -0.02603578 -0.009799957 -0.005549967 -0.02805197 -0.009799957 0.00410217 -0.02732843 -0.009799957 0.004401922 -0.02670711 -0.009799957 0.00487864 -0.008877456 -0.009799957 -0.005549967 -0.008398354 -0.009799957 -0.004790127 -0.008100807 -0.009799957 -0.003942549 -0.007999956 -0.009799957 -0.003049969 -0.007999956 -0.009799957 0.003049969 -0.008877456 -0.009799957 0.005549967 -0.02603578 -0.009799957 0.005549967 -0.008398354 -0.009799957 0.004790127 -0.008100807 -0.009799957 0.003942549 -0.03021967 -0.009799957 -0.00411266 -0.03206044 -0.009799957 0.004817187 -0.03110933 -0.009799957 -0.00444442 -0.03306746 -0.009799957 0.004988908 -0.03408837 -0.009799957 0.004952371 -0.03508055 -0.009799957 0.004709064 -0.03600257 -0.009799957 0.004269242 -0.03798687 -0.009799957 0.00198996 -0.03829562 -0.009799957 0.001016199 -0.03839999 -0.009799957 0 -0.03829562 -0.009799957 -0.001016199 -0.03798687 -0.009799957 -0.00198996 -0.03748673 -0.009799957 -0.002880692 -0.03681594 -0.009799957 -0.003651142 -0.03600257 -0.009799957 -0.004269242 -0.03508055 -0.009799957 -0.004709064 -0.03408837 -0.009799957 -0.004952371 -0.02927684 -0.009799957 -0.003999948 -0.02882838 -0.009799957 -0.003999948 -0.02882838 -0.009799957 0.003999948 -0.02805197 -0.009799957 -0.00410217 -0.02732843 -0.009799957 -0.004401922 -0.03681594 -0.009799957 0.003651142 -0.03748673 -0.009799957 0.002880692 -0.03306746 -0.009799957 -0.004988908 -0.03206044 -0.009799957 -0.004817187 -0.02927684 -0.009799957 0.003999948 -0.03021967 -0.009799957 0.00411266 -0.03110933 -0.009799957 0.00444442 -0.02453577 -0.007147669 0.008049964 -0.02453577 -0.007299959 0.008049964 -0.01199996 -0.007299959 0.008049964 -0.008499979 0.007299959 0.008049964 -0.02410972 0.007299959 0.008049964 -0.02389997 0.007147669 0.008049964 -0.02410972 0.007147669 0.008049964 -0.02453577 -0.006052255 0.008049964 0 -0.002999961 0.008049964 0 0.004699945 0.008049964 -0.01199996 -0.002999961 0.008049964 -0.008499979 0.004699945 0.008049964 -0.02453577 -0.004899978 0.008049964 -0.02389997 -0.004899978 0.008049964 -0.02389997 0.006052255 0.008049964 -0.006999969 -0.00879997 -0.003049969 -0.006999969 -0.004499971 -0.003049969 -0.006999969 -0.00879997 0.003049969 -0.006999969 -0.004499971 0.003049969 -0.02453577 -0.007299959 -0.008049964 -0.01199996 -0.007299959 -0.008049964 -0.02460801 -0.008066594 -0.007929563 -0.01198917 -0.007310986 -0.008049964 -0.01166212 -0.007644295 -0.008026123 -0.01138228 -0.007927238 -0.007969975 -0.0110526 -0.008255183 -0.007860302 -0.01082491 -0.008476495 -0.007755815 -0.02490842 -0.0089491 -0.007428884 -0.02465105 -0.008261203 -0.007857799 -0.01029801 -0.008963286 -0.007416367 -0.0102241 -0.009027659 -0.007356941 -0.02497702 -0.009070873 -0.007314562 -0.0254153 -0.009576082 -0.006584048 -0.009787261 -0.009379863 -0.006937026 -0.009401619 -0.009631633 -0.006451845 -0.009146511 -0.009748399 -0.006055295 -0.02592855 -0.009793579 0.005728662 -0.009146511 -0.009748399 0.006055295 -0.02546328 -0.009610712 0.006504118 -0.009401619 -0.009631633 0.006451845 -0.02534496 -0.00951904 0.00670135 -0.009787261 -0.009379863 0.006937026 -0.02497696 -0.009070813 0.007314622 -0.0102241 -0.009027659 0.007356941 -0.0248993 -0.008931636 0.007444083 -0.01029801 -0.008963286 0.007416367 -0.01082491 -0.008476495 0.007755815 -0.02462828 -0.008164405 0.007895767 -0.0110526 -0.008255183 0.007860302 -0.01138228 -0.007927238 0.007969975 -0.01198917 -0.007310986 0.008049964 -0.01166212 -0.007644295 0.008026123 -0.02453577 -0.007147669 -0.008049964 -0.02453577 -0.006052255 -0.008049964 -0.02453577 -0.004899978 -0.008049964 -0.02389997 -0.004899978 -0.008049964 -0.01199996 -0.002999961 -0.008049964 -0.02389997 0.006052255 -0.008049964 -0.02389997 0.007147669 -0.008049964 -0.02410972 0.007147669 -0.008049964 -0.02410972 0.007299959 -0.008049964 -0.008499979 0.007299959 -0.008049964 -0.008499979 0.004699945 -0.008049964 0 -0.002999961 -0.008049964 0 0.004699945 -0.008049964 -0.02544128 0.009799957 -0.00466144 -0.02623754 0.009799957 -0.003896653 -0.02544128 0.009799957 0.00466144 -0.0271517 0.009799957 -0.003277659 -0.02815747 0.009799957 -0.002822339 -0.02623754 0.009799957 0.003896653 -0.02922576 0.009799957 0.002543747 -0.02815747 0.009799957 0.002822339 -0.02922576 0.009799957 -0.002543747 -0.004600822 0.009799957 0.003942549 -0.004499971 0.009799957 0.003049969 -0.004499971 0.009799957 -0.003049969 -0.004600822 0.009799957 -0.003942549 -0.02478599 0.009799957 0.005549967 -0.005377471 0.009799957 0.005549967 -0.004898309 0.009799957 0.004790127 -0.02478599 0.009799957 -0.005549967 -0.005377471 0.009799957 -0.005549967 -0.004898309 0.009799957 -0.004790127 -0.0271517 0.009799957 0.003277659 -0.03403407 0.009799957 -0.002366483 -0.03462499 0.009799957 -0.002121746 -0.03339999 0.009799957 0.002449989 -0.03032582 0.009799957 0.002449989 -0.03032582 0.009799957 -0.002449989 -0.03339999 0.009799957 -0.002449989 -0.0351324 0.009799957 -0.001732409 -0.03552174 0.009799957 -0.001224994 -0.03576648 0.009799957 -6.34107e-4 -0.03584998 0.009799957 0 -0.03576648 0.009799957 6.34107e-4 -0.03552174 0.009799957 0.001224994 -0.0351324 0.009799957 0.001732409 -0.03462499 0.009799957 0.002121746 -0.03403407 0.009799957 0.002366483 -0.003499984 0.00879997 0.003049969 -0.003499984 0.006199955 0.003049969 -0.003499984 0.00879997 -0.003049969 -0.003499984 0.006199955 -0.003049969 -0.02417397 0.00854361 -0.007718682 -0.02420932 0.008799016 -0.007550656 -0.006724119 0.009027659 -0.007356941 -0.02428442 0.009160578 -0.007219791 -0.006287276 0.009379863 -0.006937026 -0.02434086 0.009343385 -0.006990253 -0.005901575 0.009631633 -0.006451845 -0.0244565 0.009586095 -0.006561696 -0.005646526 0.009748399 -0.006055295 -0.02453517 0.009686231 -0.006295502 -0.02469599 0.009787261 -0.005801916 -0.02411878 0.007792115 -0.008001029 -0.007552623 0.008255183 -0.007860302 -0.007882297 0.007927238 -0.007969975 -0.008488297 0.007309496 -0.008049964 -0.008162081 0.007644295 -0.008026123 -0.006797969 0.008963286 -0.007416367 -0.007324934 0.008476495 -0.007755815 -0.02414578 0.008256852 -0.007859587 -0.02413403 0.00809431 -0.007920444 -0.02414578 0.008256852 0.007859587 -0.02413004 0.008029103 0.007941246 -0.007552623 0.008255183 0.007860302 -0.02411586 0.007706403 0.008016705 -0.007882297 0.007927238 0.007969975 -0.008162081 0.007644295 0.008026123 -0.008488297 0.007309496 0.008049964 -0.02428597 0.009166479 0.007213175 -0.02421021 0.008804678 0.007546424 -0.006724119 0.009027659 0.007356941 -0.02416729 0.008484542 0.007751524 -0.006797969 0.008963286 0.007416367 -0.007324934 0.008476495 0.007755815 -0.005901575 0.009631633 0.006451845 -0.02447241 0.009609878 0.006506204 -0.02437555 0.009431481 0.006856381 -0.006287276 0.009379863 0.006937026 -0.02461159 0.009748756 0.006053328 -0.02450025 0.009646892 0.006411373 -0.005646526 0.009748399 0.006055295 0.001397848 0.004699945 0.007927656 0.001397848 -0.002999961 0.007927656 0.001926481 0.004699945 0.007816076 0.001926481 -0.002999961 0.007816076 0.002753257 0.004699945 0.007564485 0.002753257 -0.002999961 0.007564485 0.003740966 0.004699945 0.007127881 0.003740966 -0.002999961 0.007127881 0.004024982 0.004699945 0.006971478 0.004024982 -0.002999961 0.006971478 0.005174398 0.004699945 0.006166636 0.005174398 -0.002999961 0.006166636 0.005338132 0.004699945 0.006025493 0.005338132 -0.002999961 0.006025493 0.006166636 0.004699945 0.005174398 0.006166636 -0.002999961 0.005174398 0.006624996 0.004699945 0.004572868 0.006624996 -0.002999961 0.004572868 0.006971478 0.004699945 0.004024982 0.006971478 -0.002999961 0.004024982 0.007526874 0.004699945 0.002854526 0.007526874 -0.002999961 0.002854526 0.007564485 0.004699945 0.002753257 0.007564485 -0.002999961 0.002753257 0.007927656 0.004699945 0.001397848 0.007927656 -0.002999961 0.001397848 0.007991254 0.004699945 9.7032e-4 0.007991254 -0.002999961 9.7032e-4 0.008049964 0.004699945 0 0.008049964 -0.002999961 0 0.007991254 0.004699945 -9.7032e-4 0.007991254 -0.002999961 -9.7032e-4 0.007927656 0.004699945 -0.001397848 0.007927656 -0.002999961 -0.001397848 0.007564485 0.004699945 -0.002753257 0.007564485 -0.002999961 -0.002753257 0.007526874 0.004699945 -0.002854526 0.007526874 -0.002999961 -0.002854526 0.006971478 0.004699945 -0.004024982 0.006971478 -0.002999961 -0.004024982 0.006624996 0.004699945 -0.004572868 0.006624996 -0.002999961 -0.004572868 0.006166636 0.004699945 -0.005174398 0.006166636 -0.002999961 -0.005174398 0.005338132 0.004699945 -0.006025493 0.005338132 -0.002999961 -0.006025493 0.005174398 0.004699945 -0.006166636 0.005174398 -0.002999961 -0.006166636 0.004024982 0.004699945 -0.006971478 0.004024982 -0.002999961 -0.006971478 0.003740966 0.004699945 -0.007127881 0.003740966 -0.002999961 -0.007127881 0.002753257 0.004699945 -0.007564485 0.002753257 -0.002999961 -0.007564485 0.001926481 0.004699945 -0.007816076 0.001926481 -0.002999961 -0.007816076 0.001397848 0.004699945 -0.007927656 0.001397848 -0.002999961 -0.007927656 -0.002252399 0.006199955 -0.001084685 -0.001558721 0.006199955 -0.001954555 -0.003744661 0.006199955 -0.004595041 0 0.006199955 -0.006549954 -5.56302e-4 0.006199955 -0.002437293 0.001137375 0.006199955 -0.006450474 5.56302e-4 0.006199955 -0.002437293 0.005017578 0.006199955 -0.004210233 0.001558721 0.006199955 -0.001954555 0.002252399 0.006199955 -0.001084685 0.006549954 0.006199955 0 0.006450474 0.006199955 -0.001137375 0.002499997 0.006199955 0 0.006154954 0.006199955 -0.00224018 0.005672454 0.006199955 -0.003274977 -0.00445491 0.006199955 0.005988895 -0.004929244 0.006199955 0.006549954 0 0.006199955 0.006549954 -0.00445491 0.006199955 -0.005988895 -0.004929244 0.006199955 -0.006549954 0.004210233 0.006199955 -0.005017578 0.003274977 0.006199955 -0.005672454 0.00224018 0.006199955 -0.006154954 0.002252399 0.006199955 0.001084685 0.006154954 0.006199955 0.00224018 0.006450474 0.006199955 0.001137375 0.001558721 0.006199955 0.001954555 0.005017578 0.006199955 0.004210233 0.005672454 0.006199955 0.003274977 0.001137375 0.006199955 0.006450474 0.00224018 0.006199955 0.006154954 5.56302e-4 0.006199955 0.002437293 0.003274977 0.006199955 0.005672454 0.004210233 0.006199955 0.005017578 -5.56302e-4 0.006199955 0.002437293 -0.001558721 0.006199955 0.001954555 -0.002499997 0.006199955 0 -0.003744661 0.006199955 0.004595041 -0.002252399 0.006199955 0.001084685 0.001558721 -0.004499971 -0.001954555 0.004210233 -0.004499971 -0.005017578 0.005017578 -0.004499971 -0.004210233 0.002252399 -0.004499971 -0.001084685 5.56302e-4 -0.004499971 0.002437293 0.001137375 -0.004499971 0.006450474 -5.56302e-4 -0.004499971 0.002437293 0 -0.004499971 0.006549954 -0.001558721 -0.004499971 0.001954555 -0.008429229 -0.004499971 0.006549954 0.005672454 -0.004499971 0.003274977 0.005017578 -0.004499971 0.004210233 0.002252399 -0.004499971 0.001084685 0.001558721 -0.004499971 0.001954555 0.006450474 -0.004499971 -0.001137375 0.002499997 -0.004499971 0 0.006154954 -0.004499971 -0.00224018 0.005672454 -0.004499971 -0.003274977 0.003274977 -0.004499971 -0.005672454 5.56302e-4 -0.004499971 -0.002437293 0.00224018 -0.004499971 -0.006154954 -0.002499997 -0.004499971 0 -0.002252399 -0.004499971 0.001084685 -0.007244706 -0.004499971 0.004595041 -0.007954895 -0.004499971 0.005988895 0.004210233 -0.004499971 0.005017578 0.003274977 -0.004499971 0.005672454 0.00224018 -0.004499971 0.006154954 -0.007244706 -0.004499971 -0.004595041 -0.001558721 -0.004499971 -0.001954555 -0.002252399 -0.004499971 -0.001084685 -0.007954895 -0.004499971 -0.005988895 -0.008429229 -0.004499971 -0.006549954 -5.56302e-4 -0.004499971 -0.002437293 0 -0.004499971 -0.006549954 0.001137375 -0.004499971 -0.006450474 0.006549954 -0.004499971 0 0.006450474 -0.004499971 0.001137375 0.006154954 -0.004499971 0.00224018 -0.003626048 0.00879997 0.004165709 -0.003744661 0.00879997 0.004595041 -0.003997921 0.00879997 0.005225181 -0.00445491 0.00879997 0.005988895 -0.004596829 0.00879997 0.006174981 -0.006955564 0.008040606 0.007805466 -0.006928324 0.005534291 0.007796525 -0.006352186 0.00580424 0.00756514 -0.006372511 0.00829792 0.007574796 -0.005868077 0.005998313 0.007301211 -0.005812168 0.006017982 0.007266104 -0.006280124 0.008336603 0.007530212 -0.00568515 0.006060123 0.007182419 -0.005734086 0.008547902 0.007215261 -0.005562126 0.006097137 0.007095813 -0.005562245 0.008606553 0.007095932 -0.005255818 0.006168723 0.006854653 -0.005252003 0.00869894 0.006851375 -0.004933178 0.008769035 0.006553947 -0.008487582 0.00470674 0.008049964 -0.007792294 0.005085289 0.007999658 -0.008486509 0.007306575 0.008049964 -0.007115006 0.005440652 0.007854342 -0.007031142 0.008005857 0.007829368 -0.007727861 0.007676303 0.007990002 -0.008077621 0.007506549 0.008032083 -0.008487582 0.00470674 -0.008049964 -0.008077621 0.007506549 -0.008032083 -0.007727861 0.007676303 -0.007990002 -0.007099628 0.00544846 -0.007849872 -0.006928324 0.005534291 -0.007796525 -0.008486509 0.007306575 -0.008049964 -0.007615983 0.005179643 -0.007971227 -0.008326113 0.004795193 -0.008046925 -0.006240069 0.005852401 -0.007510125 -0.006955564 0.008040606 -0.007805466 -0.005871474 0.005997061 -0.007303357 -0.006372511 0.00829792 -0.007574796 -0.00568515 0.006060123 -0.007182419 -0.007031142 0.008005857 -0.007829368 -0.006848454 0.005573511 -0.007769346 -0.004596829 0.00879997 -0.006174981 -0.006280124 0.008336603 -0.007530212 -0.005734086 0.008547902 -0.007215261 -0.005561828 0.006097197 -0.007095634 -0.005562245 0.008606553 -0.007095932 -0.005334436 0.006153523 -0.006920337 -0.005252003 0.00869894 -0.006851375 -0.004933178 0.008769035 -0.006553947 -0.00445491 0.00879997 -0.005988895 -0.003997921 0.00879997 -0.005225181 -0.003626048 0.00879997 -0.004165709 -0.003744661 0.00879997 -0.004595041 -0.01059961 -0.003748476 0.007849872 -0.01111602 -0.003479659 0.007971227 -0.0104283 -0.003834307 0.007796525 -0.01198738 -0.007308065 0.008049964 -0.0115776 -0.007506549 0.008032083 -0.01122784 -0.007676303 0.007990002 -0.01182609 -0.003095149 0.008046925 -0.01198756 -0.003006756 0.008049964 -0.009780168 -0.008336603 0.007530212 -0.009061872 -0.004397213 0.007095634 -0.009872496 -0.00829792 0.007574796 -0.009185194 -0.004360139 0.007182419 -0.01045554 -0.008040606 0.007805466 -0.009371519 -0.004297077 0.007303357 -0.009740054 -0.004152417 0.007510125 -0.01053118 -0.008005857 0.007829368 -0.01034849 -0.003873527 0.007769346 -0.008096873 -0.00879997 0.006174981 -0.00923407 -0.008547902 0.007215261 -0.00906223 -0.008606553 0.007095932 -0.008834481 -0.004453539 0.006920337 -0.008751988 -0.00869894 0.006851375 -0.008433163 -0.008769035 0.006553947 -0.007954895 -0.00879997 0.005988895 -0.007497906 -0.00879997 0.005225181 -0.007126033 -0.00879997 0.004165709 -0.007244706 -0.00879997 0.004595041 -0.007126033 -0.00879997 -0.004165709 -0.007244706 -0.00879997 -0.004595041 -0.007497906 -0.00879997 -0.005225181 -0.008751988 -0.00869894 -0.006851375 -0.008755862 -0.004468679 -0.006854653 -0.00906223 -0.008606553 -0.007095932 -0.009062111 -0.004397153 -0.007095813 -0.007954895 -0.00879997 -0.005988895 -0.008096873 -0.00879997 -0.006174981 -0.008433163 -0.008769035 -0.006553947 -0.00985217 -0.004104256 -0.00756514 -0.009368062 -0.004298269 -0.007301211 -0.01045554 -0.008040606 -0.007805466 -0.009312212 -0.004317998 -0.007266104 -0.009872496 -0.00829792 -0.007574796 -0.009185194 -0.004360139 -0.007182419 -0.009780168 -0.008336603 -0.007530212 -0.00923407 -0.008547902 -0.007215261 -0.01198756 -0.003006756 -0.008049964 -0.0104283 -0.003834307 -0.007796525 -0.01053118 -0.008005857 -0.007829368 -0.01122784 -0.007676303 -0.007990002 -0.01129233 -0.003385305 -0.007999658 -0.01061499 -0.003740668 -0.007854342 -0.01198738 -0.007308065 -0.008049964 -0.0115776 -0.007506549 -0.008032083 -0.005059301 0.009222567 0.006523609 -0.005388796 0.009104132 0.006847977 -0.008133828 0.007598638 0.00803101 -0.007830142 0.007844984 0.007986307 -0.008105635 0.007552683 0.008033037 -0.007778465 0.007761061 0.007992982 -0.007123053 0.008170485 0.007838964 -0.006494998 0.008544147 0.007590472 -0.006406009 0.00859487 0.007546365 -0.005872726 0.008881449 0.00722891 -0.004656255 0.009182631 0.006127417 -0.004701435 0.009299993 0.006091237 -0.004825472 0.00950706 0.005991935 -0.007222175 0.008329272 0.007814168 -0.006640553 0.008771657 0.007536292 -0.006558179 0.008831739 0.007486939 -0.006065487 0.009171366 0.007131993 -0.005619406 0.009435236 0.006706178 -0.005316138 0.009575188 0.006344079 -0.00498718 0.009666025 0.005862474 -0.003700256 0.009182631 0.004148721 -0.003576099 0.009182631 0.003049969 -0.003633916 0.009299993 0.003049969 -0.003911554 0.00950706 0.004100382 -0.004066467 0.009182631 0.005192101 -0.004261672 0.00950706 0.005097746 -0.004553735 0.009723842 0.004956662 -0.004227817 0.009723842 0.004027962 -0.003792881 0.00950706 0.003049969 -0.003999948 0.009666025 0.003049969 -0.00411731 0.009723842 0.003049969 -0.003576099 0.009182631 -0.003049969 -0.003633916 0.009299993 -0.003049969 -0.003792881 0.00950706 -0.003049969 -0.003999948 0.009666025 -0.003049969 -0.00411731 0.009723842 -0.003049969 -0.004656255 0.009182631 -0.006127417 -0.004066467 0.009182631 -0.005192101 -0.003700256 0.009182631 -0.004148721 -0.003911554 0.00950706 -0.004100382 -0.004701435 0.009299993 -0.006091237 -0.004261672 0.00950706 -0.005097746 -0.004227817 0.009723842 -0.004027962 -0.004553735 0.009723842 -0.004956662 -0.004825472 0.00950706 -0.005991935 -0.00498718 0.009666025 -0.005862474 -0.007222175 0.008329272 -0.007814168 -0.008133828 0.007598638 -0.00803101 -0.008105635 0.007552683 -0.008033037 -0.007830142 0.007844984 -0.007986307 -0.007778465 0.007761061 -0.007992982 -0.007123053 0.008170485 -0.007838964 -0.006640553 0.008771657 -0.007536292 -0.006558179 0.008831739 -0.007486939 -0.006494998 0.008544147 -0.007590472 -0.006406009 0.00859487 -0.007546365 -0.006065487 0.009171366 -0.007131993 -0.005872726 0.008881449 -0.00722891 -0.005619406 0.009435236 -0.006706178 -0.005316138 0.009575188 -0.006344079 -0.005388796 0.009104132 -0.006847977 -0.005059301 0.009222567 -0.006523609 -0.008559346 -0.009222567 -0.006523609 -0.00888884 -0.009104132 -0.006847977 -0.01163381 -0.007598638 -0.00803101 -0.01133012 -0.007844984 -0.007986307 -0.01160567 -0.007552683 -0.008033037 -0.01127851 -0.007761061 -0.007992982 -0.01062309 -0.008170485 -0.007838964 -0.009995043 -0.008544147 -0.007590472 -0.009905993 -0.00859487 -0.007546365 -0.009372711 -0.008881449 -0.00722891 -0.008156239 -0.009182631 -0.006127417 -0.00820142 -0.009299993 -0.006091237 -0.008325517 -0.00950706 -0.005991935 -0.01072216 -0.008329272 -0.007814168 -0.01014053 -0.008771657 -0.007536292 -0.01005816 -0.008831739 -0.007486939 -0.009565472 -0.009171366 -0.007131993 -0.009119391 -0.009435236 -0.006706178 -0.008816182 -0.009575188 -0.006344079 -0.008487164 -0.009666025 -0.005862474 -0.007200241 -0.009182631 -0.004148721 -0.007076084 -0.009182631 -0.003049969 -0.00713396 -0.009299993 -0.003049969 -0.007411539 -0.00950706 -0.004100382 -0.007566452 -0.009182631 -0.005192101 -0.007761657 -0.00950706 -0.005097746 -0.008053779 -0.009723842 -0.004956662 -0.007727801 -0.009723842 -0.004027962 -0.007292866 -0.00950706 -0.003049969 -0.007499992 -0.009666025 -0.003049969 -0.007617294 -0.009723842 -0.003049969 -0.007617294 -0.009723842 0.003049969 -0.007499992 -0.009666025 0.003049969 -0.007292866 -0.00950706 0.003049969 -0.00713396 -0.009299993 0.003049969 -0.007076084 -0.009182631 0.003049969 -0.008156239 -0.009182631 0.006127417 -0.007566452 -0.009182631 0.005192101 -0.007200241 -0.009182631 0.004148721 -0.007411539 -0.00950706 0.004100382 -0.00820142 -0.009299993 0.006091237 -0.007761657 -0.00950706 0.005097746 -0.007727801 -0.009723842 0.004027962 -0.008053779 -0.009723842 0.004956662 -0.008325517 -0.00950706 0.005991935 -0.008487164 -0.009666025 0.005862474 -0.01072216 -0.008329272 0.007814168 -0.01163381 -0.007598638 0.00803101 -0.01160567 -0.007552683 0.008033037 -0.01133012 -0.007844984 0.007986307 -0.01127851 -0.007761061 0.007992982 -0.01062309 -0.008170485 0.007838964 -0.01014053 -0.008771657 0.007536292 -0.01005816 -0.008831739 0.007486939 -0.009995043 -0.008544147 0.007590472 -0.009905993 -0.00859487 0.007546365 -0.009565472 -0.009171366 0.007131993 -0.009372711 -0.008881449 0.00722891 -0.009119391 -0.009435236 0.006706178 -0.008816182 -0.009575188 0.006344079 -0.00888884 -0.009104132 0.006847977 -0.008559346 -0.009222567 0.006523609 0 -0.004298985 0.007299959 0 -0.004385769 0.007124006 0 -0.003749966 0.007849037 0 -0.004060626 0.007610619 0 -0.003574013 0.007935762 0.002714157 -0.003574013 -0.007457196 0.006872594 -0.003574013 0.003967881 0.006079137 -0.003574013 0.005101025 0.001237034 -0.004385769 0.007015764 0.001237034 -0.004385769 -0.007015764 0.002436518 -0.004385769 0.006694376 0.003561973 -0.004385769 0.006169557 0.004579186 -0.004385769 0.005457282 0.001321554 -0.004060626 0.007494986 0.002602994 -0.004060626 0.007151663 0.003805279 -0.004060626 0.006591022 0.004891991 -0.004060626 0.005830049 0 -0.004385769 -0.007124006 0 -0.004298985 -0.007299959 0.001321554 -0.004060626 -0.007494986 0.001377999 -0.003574013 0.007815241 0.002714157 -0.003574013 0.007457196 0.003967881 -0.003574013 0.006872594 0.005101025 -0.003574013 0.006079137 0.007015764 -0.004385769 0.001237034 0.007124006 -0.004385769 0 0.007494986 -0.004060626 0.001321554 0.007610619 -0.004060626 0 0.007815241 -0.003574013 0.001377999 0.007935762 -0.003574013 0 0.007015764 -0.004385769 -0.001237034 0.007494986 -0.004060626 -0.001321554 0.007815241 -0.003574013 -0.001377999 0.006694376 -0.004385769 -0.002436518 0.007151663 -0.004060626 -0.002602994 0.007457196 -0.003574013 -0.002714157 0.006169557 -0.004385769 -0.003561973 0.005457282 -0.004385769 -0.004579186 0.006591022 -0.004060626 -0.003805279 0.005830049 -0.004060626 -0.004891991 0.006872594 -0.003574013 -0.003967881 0.006079137 -0.003574013 -0.005101025 0.004579186 -0.004385769 -0.005457282 0.004891991 -0.004060626 -0.005830049 0.005101025 -0.003574013 -0.006079137 0.003561973 -0.004385769 -0.006169557 0.003805279 -0.004060626 -0.006591022 0.003967881 -0.003574013 -0.006872594 0.005830049 -0.004060626 0.004891991 0.005457282 -0.004385769 0.004579186 0.006591022 -0.004060626 0.003805279 0.006169557 -0.004385769 0.003561973 0.007457196 -0.003574013 0.002714157 0.007151663 -0.004060626 0.002602994 0.006694376 -0.004385769 0.002436518 0.002602994 -0.004060626 -0.007151663 0.002436518 -0.004385769 -0.006694376 0.001377999 -0.003574013 -0.007815241 0 -0.004060626 -0.007610619 0 -0.003749966 -0.007849037 0 -0.003574013 -0.007935762 0 0.005999028 -0.007299959 0 0.006085813 -0.007124006 0 0.00544995 -0.007849037 0 0.00576061 -0.007610619 0 0.005273997 -0.007935762 0.002714157 0.005273997 0.007457196 0.006872594 0.005273997 -0.003967881 0.006079137 0.005273997 -0.005101025 0.001237034 0.006085813 -0.007015764 0.001237034 0.006085813 0.007015764 0.002436518 0.006085813 -0.006694376 0.003561973 0.006085813 -0.006169557 0.004579186 0.006085813 -0.005457282 0.001321554 0.00576061 -0.007494986 0.002602994 0.00576061 -0.007151663 0.003805279 0.00576061 -0.006591022 0.004891991 0.00576061 -0.005830049 0 0.006085813 0.007124006 0 0.005999028 0.007299959 0.001321554 0.00576061 0.007494986 0.001377999 0.005273997 -0.007815241 0.002714157 0.005273997 -0.007457196 0.003967881 0.005273997 -0.006872594 0.005101025 0.005273997 -0.006079137 0.007015764 0.006085813 -0.001237034 0.007124006 0.006085813 0 0.007494986 0.00576061 -0.001321554 0.007610619 0.00576061 0 0.007815241 0.005273997 -0.001377999 0.007935762 0.005273997 0 0.007015764 0.006085813 0.001237034 0.007494986 0.00576061 0.001321554 0.007815241 0.005273997 0.001377999 0.006694376 0.006085813 0.002436518 0.007151663 0.00576061 0.002602994 0.007457196 0.005273997 0.002714157 0.006169557 0.006085813 0.003561973 0.005457282 0.006085813 0.004579186 0.006591022 0.00576061 0.003805279 0.005830049 0.00576061 0.004891991 0.006872594 0.005273997 0.003967881 0.006079137 0.005273997 0.005101025 0.004579186 0.006085813 0.005457282 0.004891991 0.00576061 0.005830049 0.005101025 0.005273997 0.006079137 0.003561973 0.006085813 0.006169557 0.003805279 0.00576061 0.006591022 0.003967881 0.005273997 0.006872594 0.005830049 0.00576061 -0.004891991 0.005457282 0.006085813 -0.004579186 0.006591022 0.00576061 -0.003805279 0.006169557 0.006085813 -0.003561973 0.007457196 0.005273997 -0.002714157 0.007151663 0.00576061 -0.002602994 0.006694376 0.006085813 -0.002436518 0.002602994 0.00576061 0.007151663 0.002436518 0.006085813 0.006694376 0.001377999 0.005273997 0.007815241 0 0.00576061 0.007610619 0 0.00544995 0.007849037 0 0.005273997 0.007935762 -0.02524286 -0.005568683 0.007757067 -0.02524286 -0.004899978 0.007757067 -0.02536469 -0.005446374 0.007635235 -0.02569025 -0.005221962 0.007309675 -0.0274142 -0.005427837 0.00558573 -0.02684587 -0.005115509 0.00615406 -0.0274142 -0.004899978 0.00558573 -0.02645576 -0.005050957 0.006544172 -0.02606201 -0.005087256 0.006937921 -0.02674287 -0.00879997 -0.006257057 -0.0274142 -0.00879997 -0.00558573 -0.0274142 -0.007772088 -0.00558573 -0.02684587 -0.008084475 -0.00615406 -0.02645576 -0.008148968 -0.006544172 -0.02612239 -0.008665621 -0.006877541 -0.02606201 -0.008112668 -0.006937921 -0.02561551 -0.008289456 -0.007384419 -0.02569025 -0.007977962 -0.007309675 -0.0253151 -0.007759928 -0.007684826 -0.02536469 -0.007753551 -0.007635235 -0.02529317 -0.007685065 -0.00770682 -0.03087347 -0.005569517 0.005442142 -0.03065121 -0.005706608 0.005333304 -0.03065121 -0.004899978 0.005333304 -0.03087347 -0.007630467 -0.005442142 -0.03065121 -0.007493317 -0.005333304 -0.03065121 -0.00879997 -0.005333304 -0.03156459 -0.007870674 -0.00571233 -0.03179258 -0.00879997 -0.005780637 -0.03230512 -0.007982552 -0.00589925 -0.03230512 -0.00879997 -0.00589925 -0.03317648 -0.008027374 -0.00599581 -0.033001 -0.00879997 -0.00598669 -0.03405195 -0.008013665 -0.005964457 -0.03627806 -0.005812942 -0.005264639 -0.03723603 -0.004899978 -0.004613459 -0.03588324 -0.005547642 -0.00546199 -0.03574347 -0.004899978 -0.005523383 -0.03574347 -0.005484879 -0.005523383 -0.03656041 -0.006208777 -0.005100131 -0.0366398 -0.006584465 -0.005050063 -0.03723603 -0.00879997 -0.004613459 -0.03405195 -0.00879997 -0.005964457 -0.03422605 -0.00879997 -0.005942821 -0.03492456 -0.007929384 -0.005803048 -0.03541666 -0.00879997 -0.005650877 -0.03574347 -0.007715046 -0.005523383 -0.03574347 -0.00879997 -0.005523383 -0.03592646 -0.007630467 -0.005442142 -0.0365231 -0.00879997 -0.005123078 -0.0363059 -0.007360398 -0.005249321 -0.03657197 -0.006962478 -0.005092978 -0.03230512 -0.004899978 -0.00589925 -0.0331788 -0.00517255 -0.005995869 -0.03405195 -0.004899978 -0.005964457 -0.03405195 -0.005186259 -0.005964457 -0.03492468 -0.00527054 -0.005802989 -0.03065121 -0.005706608 -0.005333304 -0.03091669 -0.005547642 -0.00546199 -0.03065121 -0.004899978 -0.005333304 -0.03158682 -0.005324363 -0.005719423 -0.03230512 -0.005217432 -0.00589925 -0.03405195 -0.004899978 0.005964457 -0.03317648 -0.00517255 0.00599581 -0.03230512 -0.004899978 0.00589925 -0.03230512 -0.005217432 0.00589925 -0.03156459 -0.00532931 0.00571233 -0.03574347 -0.004899978 0.005523383 -0.03492456 -0.00527054 0.005803048 -0.03405195 -0.005186259 0.005964457 -0.03627806 -0.007386982 0.005264639 -0.03723603 -0.00879997 0.004613459 -0.03588324 -0.007652342 0.00546199 -0.0365231 -0.00879997 0.005123078 -0.03574347 -0.007715046 0.005523383 -0.03574347 -0.00879997 0.005523383 -0.03492468 -0.007929384 0.005802989 -0.03656041 -0.006991147 0.005100131 -0.0366398 -0.006615459 0.005050063 -0.03723603 -0.004899978 0.004613459 -0.03657197 -0.006237447 0.005092978 -0.0363059 -0.005839526 0.005249321 -0.03592646 -0.005569517 0.005442142 -0.03574347 -0.005484879 0.005523383 -0.03541666 -0.00879997 0.005650877 -0.03422605 -0.00879997 0.005942821 -0.03405195 -0.008013665 0.005964457 -0.03405195 -0.00879997 0.005964457 -0.0331788 -0.008027434 0.005995869 -0.033001 -0.00879997 0.00598669 -0.03230512 -0.007982552 0.00589925 -0.03230512 -0.00879997 0.00589925 -0.03158682 -0.007875561 0.005719423 -0.03179258 -0.00879997 0.005780637 -0.03091669 -0.007652342 0.00546199 -0.03065121 -0.00879997 0.005333304 -0.03065121 -0.007493317 0.005333304 -0.03749912 -0.00879997 -0.004381418 -0.03830409 -0.00879997 -0.00345683 -0.03840303 -0.004899978 -0.003311991 -0.03840303 -0.00879997 -0.003311991 -0.0389043 -0.00879997 -0.002388 -0.03914535 -0.004899978 -0.001729369 -0.03914535 -0.00879997 -0.001729369 -0.03927475 -0.00879997 -0.001219451 -0.03939998 -0.004899978 0 -0.03939998 -0.00879997 0 -0.03927475 -0.00879997 0.001219451 -0.03914535 -0.004899978 0.001729369 -0.03914535 -0.00879997 0.001729369 -0.0389043 -0.00879997 0.002388 -0.03840303 -0.004899978 0.003311991 -0.03840303 -0.00879997 0.003311991 -0.03830409 -0.00879997 0.00345683 -0.03749912 -0.00879997 0.004381418 -0.02489995 0.006399989 0.005062937 -0.03114753 0.006399989 0.001084685 -0.02489995 0.006399989 -0.005062937 -0.0309 0.006399989 0 -0.03114753 0.006399989 -0.001084685 -0.02643471 0.006399989 0.005062937 -0.02657634 0.006399989 0.004926145 -0.02768856 0.006399989 0.004123508 -0.02896487 0.006399989 0.003620982 -0.03184127 0.006399989 0.001954555 -0.03032582 0.006399989 0.003449976 -0.03284364 0.006399989 0.002437293 -0.03339999 0.006399989 0.003449976 -0.03395628 0.006399989 0.002437293 -0.03457993 0.006399989 0.003241896 -0.03495872 0.006399989 0.001954555 -0.03561758 0.006399989 0.00264281 -0.03565239 0.006399989 0.001084685 -0.03638774 0.006399989 0.001724958 -0.03589999 0.006399989 0 -0.03679758 0.006399989 5.99086e-4 -0.03679758 0.006399989 -5.99086e-4 -0.03565239 0.006399989 -0.001084685 -0.03638774 0.006399989 -0.001724958 -0.03495872 0.006399989 -0.001954555 -0.03561758 0.006399989 -0.00264281 -0.03395628 0.006399989 -0.002437293 -0.03457993 0.006399989 -0.003241896 -0.03284364 0.006399989 -0.002437293 -0.03339999 0.006399989 -0.003449976 -0.03184127 0.006399989 -0.001954555 -0.03032582 0.006399989 -0.003449976 -0.02896487 0.006399989 -0.003620982 -0.02768856 0.006399989 -0.004123508 -0.02657634 0.006399989 -0.004926145 -0.02643471 0.006399989 -0.005062937 -0.02563828 0.00879997 0.006073057 -0.02561199 0.008072555 0.00611633 -0.0254907 0.008769273 0.006328582 -0.02540296 0.008146584 0.006497383 -0.02539652 0.008708119 0.006510376 -0.02511912 0.008038163 0.007177948 -0.02515107 0.008202791 0.007086634 -0.02522355 0.008121371 0.006896495 -0.0252152 0.008419871 0.006917417 -0.02529096 0.008578836 0.006736338 -0.02644532 0.006685376 0.005052328 -0.02640438 0.006964802 0.005093514 -0.02657634 0.00879997 0.004926145 -0.02626597 0.007342696 0.005239486 -0.02607345 0.007652163 0.005461812 -0.02619278 0.00879997 0.005321204 -0.02588689 0.007863759 0.005702555 -0.02569723 0.008020162 0.00597912 -0.02686649 0.00879997 0.004674077 -0.02764004 0.00879997 0.004150331 -0.02849107 0.00879997 0.003765046 -0.03032582 0.00879997 0.003449976 -0.02939504 0.00879997 0.00352931 -0.02896487 0.00879997 0.003620982 -0.02644538 0.006684601 -0.005052268 -0.02561086 0.00807321 -0.006118178 -0.02588766 0.007862985 -0.005701482 -0.02619278 0.00879997 -0.005321204 -0.02657634 0.00879997 -0.004926145 -0.02607345 0.007652163 -0.005461812 -0.02626621 0.007342219 -0.005239248 -0.02640438 0.006964802 -0.005093514 -0.02521383 0.008416295 -0.006920814 -0.02515029 0.008199393 -0.00708878 -0.02522355 0.008121371 -0.006896495 -0.02512043 0.00804615 -0.007174074 -0.02511912 0.008038163 -0.007177948 -0.02526164 0.008526027 -0.006804287 -0.02540236 0.008146643 -0.006498515 -0.02535945 0.008671641 -0.00658667 -0.02563828 0.00879997 -0.006073057 -0.0255621 0.00879234 -0.006200969 -0.02542603 0.008731722 -0.006451547 -0.02686649 0.00879997 -0.004674077 -0.02764004 0.00879997 -0.004150331 -0.02849107 0.00879997 -0.003765046 -0.02896487 0.00879997 -0.003620982 -0.02939504 0.00879997 -0.00352931 -0.03032582 0.00879997 -0.003449976 -0.03004562 -0.006991147 0.005100131 -0.02998399 -0.00879997 0.005084514 -0.02927684 -0.00879997 0.004999995 -0.02927684 -0.004899978 0.004999995 -0.02982228 -0.006599485 0.005049943 -0.02983677 -0.006691575 0.005052685 -0.02987444 -0.00677675 0.005060076 -0.02998399 -0.006925284 0.005084514 -0.02998399 -0.004899978 0.005084514 -0.03032898 -0.00595504 0.005190491 -0.03001803 -0.006237447 0.005092978 -0.02987468 -0.006422758 0.005060136 -0.03004562 -0.006208777 -0.005100131 -0.02998399 -0.004899978 -0.005084514 -0.02927684 -0.004899978 -0.004999995 -0.02927684 -0.00879997 -0.004999995 -0.02982228 -0.006600499 -0.005049943 -0.02983677 -0.00650835 -0.005052685 -0.02987444 -0.006423175 -0.005060076 -0.02998399 -0.00627464 -0.005084514 -0.02998399 -0.00879997 -0.005084514 -0.03032898 -0.007244884 -0.005190491 -0.03001803 -0.006962478 -0.005092978 -0.02987468 -0.006777167 -0.005060136 -0.02489995 0.005510389 -0.005497515 -0.02489995 0.005111515 -0.00616759 -0.02489995 -0.004899978 -0.007049977 -0.02489995 0.005089342 -0.0069471 -0.02489995 0.00511676 -0.007049977 -0.02489995 0.006185114 0.005106508 -0.02489995 0.00511676 0.007049977 -0.02489995 0.005089342 0.0069471 -0.02489995 -0.004899978 0.007049977 -0.02489995 0.005111515 0.00616759 -0.02489995 0.005510389 0.005497515 -0.02489995 0.006185114 -0.005106508 -0.02864271 -0.006226658 0.004999995 -0.02874881 -0.005966007 0.004999995 -0.02880841 -0.005702853 0.004999995 -0.02882838 -0.005427837 0.004999995 -0.02882838 -0.004899978 0.004999995 -0.02882838 -0.00879997 0.004999995 -0.02882838 -0.007772088 0.004999995 -0.02880454 -0.007472157 0.004999995 -0.02873462 -0.007190346 0.004999995 -0.02862161 -0.006933569 0.004999995 -0.02845788 -0.006508827 0.004999995 -0.0284692 -0.006705462 0.004999995 -0.02844911 -0.006519854 0.004999995 -0.02844464 -0.006674528 0.004999995 -0.02839565 -0.006593704 0.004999995 -0.0283991 -0.006586492 0.004999995 -0.0284062 -0.006575226 0.004999995 -0.02839523 -0.006604909 0.004999995 -0.0283944 -0.006599247 0.004999995 -0.02839505 -0.006595611 0.004999995 -0.02839952 -0.006614148 0.004999995 -0.02882838 -0.004899978 -0.004999995 -0.02882838 -0.005427837 -0.004999995 -0.02864271 -0.006973326 -0.004999995 -0.02874881 -0.007233917 -0.004999995 -0.02880841 -0.007497072 -0.004999995 -0.02882838 -0.007772088 -0.004999995 -0.02882838 -0.00879997 -0.004999995 -0.02880454 -0.005727827 -0.004999995 -0.02873462 -0.006009578 -0.004999995 -0.02862161 -0.006266355 -0.004999995 -0.02845788 -0.006691157 -0.004999995 -0.0284692 -0.006494462 -0.004999995 -0.02844911 -0.00668013 -0.004999995 -0.02844464 -0.006525397 -0.004999995 -0.02839565 -0.006606221 -0.004999995 -0.0283991 -0.006613433 -0.004999995 -0.0284062 -0.006624758 -0.004999995 -0.02839523 -0.006595015 -0.004999995 -0.0283944 -0.006600677 -0.004999995 -0.02839505 -0.006604313 -0.004999995 -0.02839952 -0.006585776 -0.004999995 -0.02439999 -0.004899978 -0.007915973 -0.02476602 -0.004899978 0.007549941 -0.02491843 -0.004899978 0.007973849 -0.02439999 -0.004899978 0.007915973 -0.02476602 -0.004899978 -0.007549941 -0.03565239 -0.004899978 -0.001084685 -0.03495872 -0.004899978 -0.001954555 -0.03395628 -0.004899978 -0.002437293 -0.03589999 -0.004899978 0 -0.03565239 -0.004899978 0.001084685 -0.03495872 -0.004899978 0.001954555 -0.0309 -0.004899978 0 -0.03114753 -0.004899978 -0.001084685 -0.03114753 -0.004899978 0.001084685 -0.02806305 -0.004899978 0.005152225 -0.03184127 -0.004899978 0.001954555 -0.03284364 -0.004899978 0.002437293 -0.03395628 -0.004899978 0.002437293 -0.03284364 -0.004899978 -0.002437293 -0.03184127 -0.004899978 -0.001954555 -0.02491843 -0.004899978 -0.007973849 -0.02524286 -0.004899978 -0.007757067 -0.0274142 -0.004899978 -0.00558573 -0.02806305 -0.004899978 -0.005152225 -0.03339999 0.00879997 -0.003449976 -0.03339999 0.00879997 0.003449976 -0.03429287 0.00879997 0.003332436 -0.03457993 0.00879997 0.003241896 -0.03512495 0.00879997 0.002987742 -0.03561758 0.00879997 0.00264281 -0.03583949 0.00879997 0.002439498 -0.03638774 0.00879997 0.001724958 -0.03673243 0.00879997 8.92926e-4 -0.03679758 0.00879997 5.99086e-4 -0.03684997 0.00879997 0 -0.03679758 0.00879997 -5.99086e-4 -0.03673243 0.00879997 -8.92926e-4 -0.03638774 0.00879997 -0.001724958 -0.03583949 0.00879997 -0.002439498 -0.03561758 0.00879997 -0.00264281 -0.03512495 0.00879997 -0.002987742 -0.03429287 0.00879997 -0.003332436 -0.03457993 0.00879997 -0.003241896 -0.02569025 -0.005221962 -0.007309675 -0.02536988 -0.005441784 -0.00763005 -0.02524286 -0.005568683 -0.007757067 -0.02606201 -0.005087256 -0.006937921 -0.02645576 -0.005050957 -0.006544172 -0.02684587 -0.005115509 -0.00615406 -0.0274142 -0.005427837 -0.00558573 -0.0274142 -0.007772088 0.00558573 -0.0274142 -0.00879997 0.00558573 -0.02684587 -0.008084475 0.00615406 -0.02674287 -0.00879997 0.006257057 -0.02645576 -0.008148968 0.006544172 -0.02663564 -0.008796155 0.006364285 -0.02606201 -0.008112668 0.006937921 -0.02605205 -0.008631408 0.006947875 -0.02569025 -0.007977962 0.007309675 -0.02560639 -0.008278965 0.007393538 -0.02536767 -0.007756173 0.007632255 -0.02533537 -0.007818639 0.007664561 -0.02529317 -0.007685065 0.00770682 -0.03360581 -0.005947232 -0.005194127 -0.03333008 -0.005515813 -0.00549221 -0.03361159 -0.007239282 -0.005187988 -0.0333085 -0.007673501 -0.005481958 -0.03360581 -0.007252693 0.005194127 -0.03333008 -0.007684111 0.00549221 -0.03361159 -0.005960643 0.005187988 -0.0333085 -0.005526423 0.005481958 -0.02453577 -0.005446374 0.007635235 -0.02453577 -0.007753551 0.007635235 -0.02472931 -0.007195353 0.00803107 -0.02489578 -0.007299959 0.007982909 -0.02503573 -0.007421553 0.007914304 -0.02453577 -0.008112668 0.006937921 -0.02453577 -0.008084475 0.00615406 -0.02453577 -0.007676064 0.005484402 -0.02750986 -0.007681906 0.005490064 -0.0277515 -0.007358789 0.005248427 -0.02770334 -0.007438898 0.005296647 -0.02453577 -0.006992161 0.005100429 -0.02760493 -0.007574915 0.005394995 -0.02751141 -0.007680356 0.005488514 -0.02790528 -0.006230592 0.005094647 -0.02789956 -0.006207764 0.005100429 -0.02453577 -0.006207764 0.005100429 -0.0277515 -0.005841135 0.005248427 -0.02792495 -0.006322681 0.005074977 -0.02794015 -0.006425917 0.005059778 -0.02794426 -0.006467223 0.005055665 -0.02794998 -0.006599962 0.005049943 -0.02789956 -0.006992161 0.005100429 -0.02453577 -0.00552386 0.005484402 -0.02453577 -0.005115509 0.00615406 -0.02751553 -0.00552386 0.005484402 -0.02758967 -0.005606412 0.005410254 -0.02453577 -0.005087256 0.006937921 -0.02474313 -0.005997836 0.008028209 -0.02491843 -0.005882382 0.007973849 -0.02474308 -0.005997896 -0.008028268 -0.02491843 -0.005882382 -0.007973849 -0.02453577 -0.005446374 -0.007635235 -0.02453577 -0.005087256 -0.006937921 -0.02453577 -0.005115509 -0.00615406 -0.02453577 -0.00552386 -0.005484402 -0.02750986 -0.005518019 -0.005490064 -0.0277515 -0.005841135 -0.005248427 -0.02770334 -0.005761027 -0.005296647 -0.02453577 -0.006207764 -0.005100429 -0.02760493 -0.005625009 -0.005394995 -0.02751141 -0.005519568 -0.005488514 -0.02792495 -0.006877243 -0.005074977 -0.02794015 -0.006774067 -0.005059778 -0.02794426 -0.006732702 -0.005055665 -0.02794998 -0.006599962 -0.005049943 -0.02789956 -0.006207764 -0.005100429 -0.02453577 -0.007676064 -0.005484402 -0.02751553 -0.007676064 -0.005484402 -0.02453577 -0.006992161 -0.005100429 -0.02758967 -0.007593512 -0.005410254 -0.0277515 -0.007358789 -0.005248427 -0.02789956 -0.006992161 -0.005100429 -0.02790528 -0.006969392 -0.005094647 -0.02453577 -0.008084475 -0.00615406 -0.02453577 -0.008112668 -0.006937921 -0.02516633 -0.007553339 -0.007822096 -0.02453577 -0.007753551 -0.007635235 -0.02472931 -0.007195353 -0.00803107 -0.02489578 -0.007299959 -0.007982909 -0.02493023 0.007798731 -0.007582545 -0.02472335 0.007544815 -0.007828652 -0.02389997 0.007784426 -0.007599771 -0.02452659 0.007346153 -0.007958531 -0.02446979 0.007299959 -0.007982909 -0.02430331 0.007195353 -0.00803107 -0.0249747 0.00785619 -0.007507979 -0.02389997 0.008121371 -0.006896495 -0.02389997 0.00807321 -0.006118178 -0.02389997 0.007652163 -0.005461812 -0.02389997 0.006964802 -0.005093514 -0.02389997 0.006185114 -0.005106508 -0.02389997 0.005510389 -0.005497515 -0.02389997 0.005111515 -0.00616759 -0.02389997 0.005089342 -0.0069471 -0.02486324 0.005226612 -0.007318615 -0.02389997 0.005449533 -0.007638692 -0.02404659 0.006024479 -0.008039176 -0.02439999 0.005781054 -0.007915973 -0.02470827 0.005449533 -0.007638692 -0.02476602 0.005375206 -0.007549941 -0.02439999 0.005781054 0.007915973 -0.02417731 0.005957961 0.008010745 -0.02389997 0.005449533 0.007638692 -0.02404594 0.006024718 0.008039236 -0.02486348 0.005226135 0.007317602 -0.02389997 0.005089342 0.0069471 -0.02476418 0.005377709 0.00755316 -0.02470827 0.005449533 0.007638692 -0.02389997 0.006964802 0.005093514 -0.02389997 0.006185114 0.005106508 -0.02389997 0.005510389 0.005497515 -0.02389997 0.005111515 0.00616759 -0.02389997 0.007652163 0.005461812 -0.02389997 0.00807321 0.006118178 -0.02389997 0.008121371 0.006896495 -0.02389997 0.007784426 0.007599771 -0.02508628 0.007998466 0.007268369 -0.0246495 0.007463991 0.007886826 -0.02487325 0.007725954 0.007665157 -0.02493023 0.007798731 0.007582545 -0.02446979 0.007299959 0.007982909 -0.02430331 0.007195353 0.00803107 -0.02782839 -0.00879997 -0.005267918 -0.02806305 -0.007772088 -0.005152225 -0.02831077 -0.00879997 -0.005068123 -0.02806305 -0.00879997 -0.005152225 -0.0281592 -0.006449103 -0.005019187 -0.02811014 -0.007600247 -0.005128681 -0.02813702 -0.007423758 -0.005105316 -0.02814489 -0.00722891 -0.005079865 -0.02813971 -0.006944 -0.005041718 -0.02814036 -0.006926774 -0.005039393 -0.02815276 -0.006799161 -0.005023777 -0.02815979 -0.00674659 -0.00501883 -0.02816617 -0.0066908 -0.005014955 -0.02816808 -0.006668984 -0.005013942 -0.0281707 -0.006612479 -0.005012571 -0.02816748 -0.006523728 -0.00501424 -0.02814084 -0.006282448 -0.005038142 -0.02813923 -0.006235241 -0.005044519 -0.02814441 -0.006003797 -0.005075573 -0.02813965 -0.005807042 -0.005101263 -0.02811348 -0.00561583 -0.005126476 -0.02806305 -0.005427837 -0.005152225 -0.02806305 -0.005427837 0.005152225 -0.0281592 -0.006750881 0.005019187 -0.02811014 -0.005599677 0.005128681 -0.02813702 -0.005776226 0.005105316 -0.02814489 -0.005971074 0.005079865 -0.02813971 -0.006255924 0.005041718 -0.02814036 -0.00627321 0.005039393 -0.02815276 -0.006400823 0.005023777 -0.02815979 -0.006453335 0.00501883 -0.02816617 -0.006509184 0.005014955 -0.02816808 -0.00653094 0.005013942 -0.0281707 -0.006587505 0.005012571 -0.02816748 -0.006676197 0.00501424 -0.02814084 -0.006917476 0.005038142 -0.02813923 -0.006964683 0.005044519 -0.02814441 -0.007196187 0.005075573 -0.02813965 -0.007392883 0.005101263 -0.02811348 -0.007584095 0.005126476 -0.02806305 -0.007772088 0.005152225 -0.02782839 -0.00879997 0.005267918 -0.02806305 -0.00879997 0.005152225 -0.02831077 -0.00879997 0.005068123 -0.02502846 0.009588241 0.006246328 -0.02491295 0.009477972 0.00655359 -0.02452766 0.007671475 0.007932305 -0.02487915 0.007863342 0.007635116 -0.02454131 0.007966697 0.007866978 -0.02457755 0.008383929 0.007703006 -0.02461969 0.008678436 0.007526397 -0.02469497 0.009014308 0.007240235 -0.02478533 0.009265184 0.006934642 -0.0252121 0.009666025 0.005811512 -0.02538865 0.00950706 0.005919814 -0.0249136 0.008215844 0.007504105 -0.02495378 0.008464694 0.00736308 -0.02502578 0.008748531 0.007134974 -0.0251125 0.008960545 0.006891727 -0.02523523 0.009140431 0.006589233 -0.02534663 0.009233713 0.006345987 -0.02552407 0.009299993 0.006002962 -0.03032582 0.009299993 0.003315985 -0.03032582 0.009182631 0.003373861 -0.02938216 0.009182631 0.003454267 -0.02572888 0.009723842 0.004913926 -0.02647823 0.009723842 0.0041942 -0.02733862 0.009723842 0.003611624 -0.02828514 0.009723842 0.003183066 -0.02929055 0.009723842 0.002920866 -0.02597266 0.00950706 0.005127966 -0.03032582 0.009723842 0.002832651 -0.03032582 0.009666025 0.002949953 -0.02668231 0.00950706 0.004446387 -0.02749705 0.00950706 0.003894746 -0.02839338 0.00950706 0.003488898 -0.02934545 0.00950706 0.003240644 -0.03032582 0.00950706 0.003157079 -0.02613556 0.009182631 0.005271017 -0.02681863 0.009182631 0.004614949 -0.02760285 0.009182631 0.004083931 -0.02846568 0.009182631 0.003693282 -0.03339999 0.009723842 0.002832651 -0.03339999 0.009666025 0.002949953 -0.03339999 0.00950706 0.003157079 -0.03339999 0.009299993 0.003315985 -0.03339999 0.009182631 0.003373861 -0.03339999 0.009299993 -0.003315985 -0.03339999 0.009182631 -0.003373861 -0.0342732 0.009182631 -0.003258883 -0.0342732 0.009182631 0.003258883 -0.03578567 0.009182631 -0.002385675 -0.03508692 0.009182631 -0.002921819 -0.03632181 0.009182631 -0.00168693 -0.03665888 0.009182631 -8.73224e-4 -0.03677386 0.009182631 0 -0.03665888 0.009182631 8.73224e-4 -0.03632181 0.009182631 0.00168693 -0.03578567 0.009182631 0.002385675 -0.03508692 0.009182631 0.002921819 -0.03339999 0.009666025 -0.002949953 -0.03339999 0.00950706 -0.003157079 -0.03421711 0.00950706 -0.003049492 -0.0349785 0.00950706 -0.002734124 -0.03563237 0.00950706 -0.002232372 -0.03613412 0.00950706 -0.001578509 -0.03644949 0.00950706 -8.17119e-4 -0.03655707 0.00950706 0 -0.03644949 0.00950706 8.17119e-4 -0.03613412 0.00950706 0.001578509 -0.03563237 0.00950706 0.002232372 -0.0349785 0.00950706 0.002734124 -0.03421711 0.00950706 0.003049492 -0.03339999 0.009723842 -0.002832651 -0.03413313 0.009723842 -0.002736151 -0.03481632 0.009723842 -0.002453148 -0.03540301 0.009723842 -0.002002954 -0.03585314 0.009723842 -0.001416325 -0.03613615 0.009723842 -7.33152e-4 -0.03623265 0.009723842 0 -0.03613615 0.009723842 7.33152e-4 -0.03585314 0.009723842 0.001416325 -0.03540301 0.009723842 0.002002954 -0.03481632 0.009723842 0.002453148 -0.03413313 0.009723842 0.002736151 -0.03032582 0.009723842 -0.002832651 -0.03032582 0.009666025 -0.002949953 -0.03032582 0.00950706 -0.003157079 -0.03032582 0.009299993 -0.003315985 -0.03032582 0.009182631 -0.003373861 -0.0252121 0.009666025 -0.005811512 -0.02929055 0.009723842 -0.002920866 -0.02938216 0.009182631 -0.003454267 -0.02934545 0.00950706 -0.003240644 -0.02828514 0.009723842 -0.003183066 -0.02733862 0.009723842 -0.003611624 -0.02839338 0.00950706 -0.003488898 -0.02749705 0.00950706 -0.003894746 -0.02846568 0.009182631 -0.003693282 -0.02760285 0.009182631 -0.004083931 -0.02647823 0.009723842 -0.0041942 -0.02668231 0.00950706 -0.004446387 -0.02681863 0.009182631 -0.004614949 -0.02572888 0.009723842 -0.004913926 -0.02597266 0.00950706 -0.005127966 -0.02613556 0.009182631 -0.005271017 -0.02538865 0.00950706 -0.005919814 -0.02552407 0.009299993 -0.006002962 -0.02453047 0.007749915 -0.007918715 -0.02454519 0.008026361 -0.007848918 -0.02511692 0.009637832 -0.006029665 -0.0249198 0.00826168 -0.007481515 -0.02488285 0.007913708 -0.007620692 -0.02495288 0.008460342 -0.007366001 -0.02502429 0.008743822 -0.007139444 -0.02507877 0.008889436 -0.006982922 -0.0251919 0.009088337 -0.006691336 -0.02527004 0.009175121 -0.006510496 -0.02543205 0.009275853 -0.006174862 -0.02458405 0.008438169 -0.007674753 -0.02461874 0.00867325 -0.007530033 -0.02469342 0.009008765 -0.007245898 -0.02475023 0.009181082 -0.007049262 -0.02486795 0.009416401 -0.006682395 -0.02494907 0.00951904 -0.006454288 -0.02479457 -0.007299959 -0.008015871 -0.0263893 -0.009666025 -0.005903542 -0.02571994 -0.009380459 -0.006799876 -0.02511179 -0.007873535 -0.007834017 -0.02486991 -0.007978379 -0.007917761 -0.02518427 -0.008775293 -0.007506728 -0.02542918 -0.008546829 -0.00749129 -0.02597051 -0.009057879 -0.006903827 -0.02664816 -0.009299993 -0.006162345 -0.02736037 -0.009182631 -0.005531907 -0.02731943 -0.009299993 -0.005491018 -0.02720707 -0.00950706 -0.005378663 -0.02706062 -0.009666025 -0.005232214 -0.02697765 -0.009723842 -0.005149245 -0.02815097 -0.009723842 -0.004471838 -0.02751976 -0.009723842 -0.004733324 -0.02779036 -0.009182631 -0.005201995 -0.02768194 -0.00950706 -0.00501424 -0.02823495 -0.00950706 -0.00478518 -0.02829104 -0.009182631 -0.004994571 -0.02882838 -0.009723842 -0.004382669 -0.02882838 -0.009666025 -0.004499971 -0.02882838 -0.00950706 -0.004707098 -0.02882838 -0.009299993 -0.004866003 -0.02882838 -0.009182631 -0.00492388 -0.02927684 -0.009723842 -0.004382669 -0.02927684 -0.009666025 -0.004499971 -0.02927684 -0.00950706 -0.004707098 -0.02927684 -0.009299993 -0.004866003 -0.02927684 -0.009182631 -0.00492388 -0.03012949 -0.009723842 -0.004484593 -0.03000193 -0.009182631 -0.005010545 -0.03005301 -0.00950706 -0.004799842 -0.03093403 -0.009723842 -0.004784584 -0.03078544 -0.00950706 -0.005072951 -0.03068614 -0.009182631 -0.005265653 -0.03093403 -0.009723842 0.004784584 -0.03195792 -0.009723842 0.005185902 -0.03078544 -0.00950706 0.005072951 -0.03187102 -0.00950706 0.005498468 -0.03068614 -0.009182631 0.005265653 -0.03181296 -0.009182631 0.005707323 -0.03300607 -0.009182631 0.005910754 -0.03421556 -0.009182631 0.005867421 -0.03539109 -0.009182631 0.005579233 -0.03648346 -0.009182631 0.005058109 -0.03744709 -0.009182631 0.004325807 -0.03824186 -0.009182631 0.003412961 -0.03883445 -0.009182631 0.002357661 -0.03920018 -0.009182631 0.001203954 -0.03932386 -0.009182631 0 -0.03920018 -0.009182631 -0.001203954 -0.03883445 -0.009182631 -0.002357661 -0.03824186 -0.009182631 -0.003412961 -0.03744709 -0.009182631 -0.004325807 -0.03648346 -0.009182631 -0.005058109 -0.03539109 -0.009182631 -0.005579233 -0.03421556 -0.009182631 -0.005867421 -0.03300607 -0.009182631 -0.005910754 -0.03181296 -0.009182631 -0.005707323 -0.03302049 -0.00950706 0.005694448 -0.03418576 -0.00950706 0.005652725 -0.03531819 -0.00950706 0.005375027 -0.03637063 -0.00950706 0.004872977 -0.03729903 -0.00950706 0.004167497 -0.03806465 -0.00950706 0.00328809 -0.03863561 -0.00950706 0.002271413 -0.03898799 -0.00950706 0.001159906 -0.03910708 -0.00950706 0 -0.03898799 -0.00950706 -0.001159906 -0.03863561 -0.00950706 -0.002271413 -0.03806465 -0.00950706 -0.00328809 -0.03729903 -0.00950706 -0.004167497 -0.03637063 -0.00950706 -0.004872977 -0.03531819 -0.00950706 -0.005375027 -0.03418576 -0.00950706 -0.005652725 -0.03302049 -0.00950706 -0.005694448 -0.03187102 -0.00950706 -0.005498468 -0.03304201 -0.009723842 0.005370736 -0.03414106 -0.009723842 0.005331397 -0.03520917 -0.009723842 0.005069494 -0.03620177 -0.009723842 0.004595994 -0.03707736 -0.009723842 0.003930628 -0.03779947 -0.009723842 0.00310117 -0.03833794 -0.009723842 0.00214225 -0.0386703 -0.009723842 0.001093983 -0.03878265 -0.009723842 0 -0.0386703 -0.009723842 -0.001093983 -0.03833794 -0.009723842 -0.00214225 -0.03779947 -0.009723842 -0.00310117 -0.03707736 -0.009723842 -0.003930628 -0.03620177 -0.009723842 -0.004595994 -0.03520917 -0.009723842 -0.005069494 -0.03414106 -0.009723842 -0.005331397 -0.03304201 -0.009723842 -0.005370736 -0.03195792 -0.009723842 -0.005185902 -0.03012949 -0.009723842 0.004484593 -0.02927684 -0.009723842 0.004382669 -0.02927684 -0.009666025 0.004499971 -0.03005301 -0.00950706 0.004799842 -0.02927684 -0.00950706 0.004707098 -0.03000193 -0.009182631 0.005010545 -0.02927684 -0.009299993 0.004866003 -0.02927684 -0.009182631 0.00492388 -0.02882838 -0.009723842 0.004382669 -0.02882838 -0.009666025 0.004499971 -0.02882838 -0.00950706 0.004707098 -0.02882838 -0.009299993 0.004866003 -0.02882838 -0.009182631 0.00492388 -0.02751976 -0.009723842 0.004733324 -0.02815097 -0.009723842 0.004471838 -0.02829104 -0.009182631 0.004994571 -0.02823495 -0.00950706 0.00478518 -0.02768194 -0.00950706 0.00501424 -0.02779036 -0.009182631 0.005201995 -0.02697765 -0.009723842 0.005149245 -0.02706062 -0.009666025 0.005232214 -0.02720707 -0.00950706 0.005378663 -0.02731943 -0.009299993 0.005491018 -0.02736037 -0.009182631 0.005531907 -0.02664816 -0.009299993 0.006162345 -0.0263893 -0.009666025 0.005903542 -0.02589482 -0.009008228 0.0069862 -0.02513313 -0.007947146 0.007811009 -0.02479457 -0.007299959 0.008015871 -0.02489107 -0.008065521 0.007890164 -0.02652943 -0.00928086 0.00629276 -0.02627217 -0.009643733 0.006061553 -0.02564513 -0.009321689 0.006899118 -0.02517473 -0.00875914 0.007519245 -0.02541947 -0.008533179 0.00750178 -0.03589999 0.007399976 0 -0.03565239 0.007399976 -0.001084685 -0.03495872 0.007399976 -0.001954555 -0.03395628 0.007399976 -0.002437293 -0.03284364 0.007399976 -0.002437293 -0.03184127 0.007399976 -0.001954555 -0.03114753 0.007399976 -0.001084685 -0.0309 0.007399976 0 -0.03114753 0.007399976 0.001084685 -0.03184127 0.007399976 0.001954555 -0.03284364 0.007399976 0.002437293 -0.03395628 0.007399976 0.002437293 -0.03495872 0.007399976 0.001954555 -0.03565239 0.007399976 0.001084685 -0.03339999 0.007399976 0 -0.0309 -0.005899965 0 -0.03114753 -0.005899965 -0.001084685 -0.03184127 -0.005899965 -0.001954555 -0.03284364 -0.005899965 -0.002437293 -0.03395628 -0.005899965 -0.002437293 -0.03495872 -0.005899965 -0.001954555 -0.03565239 -0.005899965 -0.001084685 -0.03589999 -0.005899965 0 -0.03565239 -0.005899965 0.001084685 -0.03495872 -0.005899965 0.001954555 -0.03395628 -0.005899965 0.002437293 -0.03284364 -0.005899965 0.002437293 -0.03184127 -0.005899965 0.001954555 -0.03114753 -0.005899965 0.001084685 -0.03339999 -0.005899965 0</float_array>
          <technique_common>
            <accessor source="#link_1_3-mesh-positions-array" count="1453" stride="3">
              <param name="X" type="float"/>
              <param name="Y" type="float"/>
              <param name="Z" type="float"/>
            </accessor>
          </technique_common>
        </source>
        <source id="link_1_3-mesh-normals">
          <float_array id="link_1_3-mesh-normals-array" count="7896">0 -1 0 0 -1 2.39717e-7 0 -1 -1.33757e-7 0 -1 -1.61848e-6 0 -1 1.58219e-6 0 -1 -4.02831e-7 0 -1 -2.23236e-6 0 -1 4.56572e-6 0 -1 -1.87866e-6 0 -1 1.98506e-7 0 -1 -3.7497e-7 0 -1 3.62064e-7 0 -1 -8.90254e-7 0 -1 0 0 -1 1.30156e-6 0 -1 -1.64735e-6 0 -1 1.2624e-6 0 -1 1.84151e-7 0 -1 -7.19553e-7 0 -1 6.47845e-7 0 -1 -1.94661e-7 0 -1 -1.48043e-6 0 0 1 -1.42192e-7 0 1 0 0 1 1 0 0 0 -0.1552009 -0.987883 -0.008889794 -0.01090943 -0.999901 -0.004959821 -0.07606846 -0.9970903 -9.40445e-4 -0.195534 -0.9806965 4.36383e-4 -0.3168563 -0.9484735 -0.006427228 -0.432249 -0.9017314 7.8557e-5 -0.5291004 -0.8485593 -1.92646e-5 -0.3458674 -0.9382835 1.48778e-4 -0.5718967 -0.8203257 -2.7601e-5 -0.6783035 -0.7347819 -8.75787e-5 -0.6843711 -0.7291339 7.79149e-4 -0.8227032 -0.5684708 -0.004800617 -0.7685785 -0.6397375 7.27868e-4 -0.8873982 -0.4610032 -0.001634776 -0.977149 -0.2125498 -0.005419254 -0.9602222 -0.2791846 0 -0.9948264 -0.10159 0 -0.9993609 0.03574687 6.95347e-4 -0.9947887 0.101957 -0.001865983 -0.9730588 0.2305497 -3.29556e-4 -0.9593548 0.2822025 1.91393e-4 -0.9068719 0.4214063 9.5137e-4 -0.8873223 0.461149 -0.001731693 -0.806864 0.5907349 3.9854e-4 -0.7659287 0.6429256 -1.06435e-4 -0.6809628 0.732318 -7.49282e-5 -0.6783379 0.7347502 3.18631e-4 -0.5717732 0.8204118 -0.002713322 -0.5066145 0.8621685 -4.94215e-4 -0.4272739 0.9041222 3.59291e-4 -0.3169263 0.9484501 0 -0.002199411 0.9999976 -1.52049e-4 -0.1756024 0.9844613 -0.006897628 -0.07795912 0.9969328 -0.00197643 -0.1965195 0.980498 0 0 -1 0 0 -1 0 0 -1 2.79076e-7 0 -1 0 0 -1 -1.19933e-6 0 -1 0 1 0 0 1 -2.07559e-7 0 1 0 0 1 1.91526e-6 0 1 -1.27693e-6 0 1 -1.44525e-6 0 1 1.43909e-6 0 1 3.67179e-7 0 1 6.3358e-7 0 1 1.09555e-6 0 1 -1.43018e-6 0.002067267 0.5497638 -0.8353177 -6.53013e-4 0.6751073 -0.7377194 7.71705e-4 0.7657399 -0.64315 2.55535e-4 0.7821789 -0.623054 -4.37432e-4 0.8877755 -0.4602766 7.81531e-4 0.8702334 -0.4926391 -6.84321e-4 0.9594143 -0.2819999 0.001392185 0.9361257 -0.3516629 -0.001995086 0.9949322 -0.100528 0.00196141 0.9798136 -0.1999037 0 0.998727 -0.05044358 -8.3314e-4 0.3180025 -0.9480895 0 0.002049922 -0.9999979 -5.92125e-5 0.0989139 -0.9950961 -9.03321e-4 0.07180678 -0.9974182 2.5819e-4 0.194393 -0.9809238 -0.003689825 0.6805875 -0.7326575 4.68959e-4 0.5716622 -0.8204891 -2.21169e-4 0.4409849 -0.8975146 5.2629e-6 0.426851 -0.904322 -3.79006e-6 0.3504543 -0.9365798 0.001001954 0.2578517 -0.9661841 -5.26761e-6 0.3376038 0.9412884 0.001652002 0.2276872 0.9737329 -0.001607954 0.3187032 0.9478533 1.77054e-4 0.1944708 0.9809084 0 0.08155584 0.9966689 -0.00201112 0.00451523 0.9999878 -3.1236e-4 0.07123368 0.9974597 -6.67189e-4 0.6774544 0.7355645 0.002242505 0.5396261 0.8419019 -0.004648327 0.6811793 0.732102 5.49165e-6 0.4288299 0.9033852 -2.74036e-5 0.4268801 0.9043083 6.32562e-5 0.5719575 0.8202834 2.84291e-4 0.8910686 0.4538687 0.001467049 0.8029513 0.596043 -6.77863e-4 0.7664803 0.6422675 4.76019e-4 0.8874746 0.4608563 0 0.994867 0.1011918 0.004567503 0.9621738 0.2723984 -2.72879e-5 0.9315512 0.3636102 1.72052e-4 0.9592661 0.2825043 -0.003471732 0.9950064 0.09975117 0.08715635 0 0.9961947 0.08715498 0 0.9961948 0.2065998 0 0.9784256 0.2065982 0 0.9784259 0.2910869 0 0.9566967 0.2910889 0 0.9566961 0.4042823 0 0.9146344 0.4042816 0 0.9146345 0.4824604 0 0.8759178 0.4824582 0 0.875919 0.5735769 0 0.8191518 0.5735759 0 0.8191524 0.6530159 0 0.7573444 0.6530159 0 0.7573443 0.7165359 0 0.6975503 0.7953925 0 0.6060947 0.7953922 0 0.6060953 0.84519 0 0.5344661 0.9034506 0 0.4286924 0.9034506 0 0.4286924 0.9373753 0 0.3483211 0.9659258 0 0.2588193 0.989115 0 0.1471447 0.989115 0 0.1471449 0.9981756 0 0.06037873 0.9981756 0 0.06037873 0.9981756 0 -0.06037873 0.9981756 0 -0.06037873 0.989115 0 -0.1471449 0.989115 0 -0.1471447 0.9659258 0 -0.2588193 0.9373753 0 -0.3483211 0.9034506 0 -0.4286924 0.9034506 0 -0.4286924 0.84519 0 -0.5344661 0.7953922 0 -0.6060953 0.7953925 0 -0.6060947 0.7165359 0 -0.6975503 0.6530159 0 -0.7573444 0.6530159 0 -0.7573443 0.5735759 0 -0.8191524 0.5735769 0 -0.8191518 0.4824582 0 -0.875919 0.4824604 0 -0.8759178 0.4042816 0 -0.9146345 0.4042823 0 -0.9146344 0.2910889 0 -0.9566961 0.2910869 0 -0.9566967 0.2065982 0 -0.9784259 0.2065998 0 -0.9784256 0.08715498 0 -0.9961948 0.08715635 0 -0.9961947 0 1 -3.84312e-7 0 1 4.07382e-7 0 1 7.89757e-7 0 1 -5.81413e-7 0 1 3.92616e-7 0 1 2.63079e-6 0 1 0 0 1 -2.63079e-6 0 1 -1.97667e-7 0 1 -3.90387e-7 0 1 -1.9782e-7 0 1 5.81413e-7 0 1 -5.67638e-7 0 1 -3.92616e-7 0 1 3.90387e-7 0 1 -3.99303e-7 0 1 1.97667e-7 0 1 0 0 1 2.35982e-7 0 1 2.84681e-7 0 1 -1.28447e-7 0 1 -3.70754e-7 0 -1 0 0 -1 -2.03691e-7 0 -1 2.35982e-7 0 -1 -1.87834e-7 0 -1 -3.92616e-7 0 -1 2.51562e-7 0 -1 3.92616e-7 0 -1 -3.95335e-7 0 -1 3.99303e-7 0 -1 -1.95193e-7 0 -1 -2.01705e-7 0 -1 2.68375e-7 0 -1 1.97667e-7 0 -1 -3.99303e-7 0 -1 1.95193e-7 0 -1 1.9782e-7 0 -1 -3.31141e-7 0 -1 2.01705e-7 0 -1 -2.17198e-6 0 -1 2.09882e-7 0 -1 -1.9782e-7 0 -1 2.96159e-7 0 -1 2.93679e-7 0.9936762 0 0.1122845 0.9875057 -0.01923292 0.1564055 0.9638771 0 0.2663474 0.9278751 0 0.3728911 0.8907658 -0.02323973 0.4538682 0.858118 0 0.5134526 0.7950389 0 0.6065585 0.7636362 -0.0045107 0.645631 0.3723676 7.39194e-4 0.9280851 0.3681364 -5.83678e-4 0.9297717 0.4785405 5.15814e-4 0.8780654 0.5281609 0.01485586 0.8490144 0.439332 -0.01363497 0.8982214 0.546783 0.01500666 0.8371399 0.5000355 -0.001619637 0.8660035 0.575232 4.93685e-4 0.8179903 0.5704869 -1.69347e-6 0.8213067 0.618669 3.02155e-6 0.7856518 0.6190374 7.74907e-5 0.7853615 0.6821706 -8.81371e-5 0.731193 0.682139 -9.55187e-5 0.7312225 0.7479501 1.08635e-4 0.6637549 0.001240789 0 0.9999992 0.07200157 3.38237e-4 0.9974045 0.01074099 -0.01926237 0.9997568 0.1908112 0.03741288 0.9809136 0.3013734 -1.22789e-4 0.9535063 0.2262483 -0.003522694 0.9740634 0.2863246 0.02036118 0.9579163 0.1310603 -0.02421391 0.9910787 0.06956839 -0.05330526 0.9961521 0.001240789 0 -0.9999992 0.131546 -0.02523636 -0.9909889 0.287635 0.02088594 -0.9575124 0.07028603 -0.05479323 -0.9960209 0.2049075 0.04766929 -0.9776198 0.01626211 -0.03034955 -0.9994071 0.1028729 0.0059399 -0.9946768 0.01858758 8.28137e-5 -0.9998273 0.4776341 0.03769683 -0.8777498 0.3780109 -0.02686274 -0.9254114 0.5399986 0.01831138 -0.8414668 0.2262482 -0.003522753 -0.9740633 0.3013804 -1.22789e-4 -0.9535041 0.322269 1.28668e-4 -0.9466481 0.3906486 0.003478467 -0.9205334 0.7636362 -0.0045107 -0.645631 0.4419389 -0.02150827 -0.8967873 0.5000354 -0.001619577 -0.8660036 0.5752575 4.94191e-4 -0.8179723 0.5704835 -4.11439e-6 -0.8213091 0.6106122 5.36422e-6 -0.7919298 0.6188271 0.001226544 -0.7855263 0.674755 -0.001871168 -0.7380394 0.6821384 -9.55663e-5 -0.7312232 0.7479497 1.08635e-4 -0.6637554 0.7950389 0 -0.6065585 0.858118 0 -0.5134526 0.8907658 -0.02323973 -0.4538682 0.9936762 0 -0.1122845 0.9875057 -0.01923304 -0.1564055 0.9638771 0 -0.2663474 0.9278751 0 -0.3728911 0.2141177 -0.02941477 0.9763649 0.2724048 -0.05327999 0.9607065 0.03726106 0.0560286 0.9977337 0.06461834 0.04372787 0.9969515 0.1303793 0.02277791 0.9912025 0.1041311 -0.003590524 0.9945572 0.01861506 -5.00631e-5 0.9998267 0.001160621 0 0.9999994 0.4409691 0.018579 0.89733 0.5716332 -0.01803499 0.8203111 0.3777951 0.02628064 0.9255163 0.5340918 -0.04140031 0.8444122 0.4824936 -0.02227103 0.8756164 0.225611 0.002103984 0.9742153 0.3013761 7.33965e-5 0.9535053 0.3223061 -7.68311e-5 0.9466356 0.3911921 -0.002075076 0.9203067 0.7636414 0.002727568 0.645635 0.5007723 0.004170894 0.865569 0.5704825 2.32371e-6 0.8213098 0.6106132 -3.19787e-6 0.791929 0.6189188 -7.32363e-4 0.7854547 0.6747093 0.00112009 0.7380828 0.682134 5.7152e-5 0.7312272 0.7479516 -6.53782e-5 0.6637534 0.7950388 0 0.6065587 0.8581181 0 0.5134525 0.8909185 0.01405459 0.4539459 0.9936762 0 0.1122845 0.9876216 0.01163053 0.1564236 0.9638773 0 0.2663468 0.9278748 0 0.372892 0.9936762 0 -0.1122845 0.9876216 0.01163035 -0.1564236 0.9638773 0 -0.2663468 0.9278748 0 -0.372892 0.8909185 0.01405459 -0.4539459 0.6821691 5.25324e-5 -0.7311945 0.6190433 -4.62731e-5 -0.785357 0.6186708 -1.74676e-6 -0.7856504 0.8581181 0 -0.5134525 0.7950388 0 -0.6065587 0.7636414 0.002727568 -0.645635 0.7479516 -6.53782e-5 -0.6637534 0.682134 5.7152e-5 -0.7312272 0.4728271 -0.01869595 -0.880957 0.5222504 -0.03696125 -0.8519909 0.3751122 0.01906788 -0.9267833 0.5474612 -0.01217925 -0.8367424 0.4390807 0.01287841 -0.8983554 0.5724666 -0.01394981 -0.8198094 0.5007706 0.004163026 -0.86557 0.5704819 9.31151e-7 -0.8213102 0.001160621 0 -0.9999994 0.3724876 -4.41371e-4 -0.9280371 0.3013761 7.33965e-5 -0.9535053 0.2256109 0.002103984 -0.9742153 0.07207357 -2.04589e-4 -0.9973993 0.1980531 -0.02320373 -0.9799166 0.02933639 0.0434935 -0.9986229 0.2715439 -0.0517646 -0.961033 0.06461799 0.04372787 -0.9969516 0.1303793 0.02277785 -0.9912026 0.6405216 0.2272624 0.7335421 -0.02237826 0.09257674 0.9954541 0.03995013 0.1306298 0.990626 2.83429e-4 0.1943726 0.9809278 0.04110777 0.005157709 0.9991415 0.09980827 0.04095244 0.9941636 0.1042585 0.02735239 0.9941741 0.1886507 0.07831633 0.9789165 0.1970007 0.05287694 0.9789764 0.2621631 0.09031158 0.9607884 0.2939983 0.1351417 0.9462038 0.3264861 0.1026114 0.9396157 0.3850381 0.1334314 0.9132041 0.3807684 0.1282877 0.9157281 0.4452154 0.161878 0.8806695 0.445394 0.1490106 0.8828477 0.5185282 0.1813424 0.8356097 0.540286 0.2168237 0.8130674 0.5694437 0.1989484 0.7975923 0.6386364 0.2217997 0.7368504 0.7256872 0.1947208 0.6598955 0.6927254 0.2382493 0.6807119 0.6509875 0.4410254 0.6178284 0.556128 0.6059217 0.5688415 0.001104474 8.94825e-4 0.999999 0.03173768 0.01974505 0.9993013 0.01206326 0.05058217 0.9986471 0.06780606 0.0845738 0.9941075 0.0547232 0.1127229 0.9921185 0.1309098 0.1585419 0.9786354 0.1028838 0.2159452 0.97097 0.2071736 0.2759828 0.9385694 0.1842148 0.3375825 0.9230942 0.237424 0.3660672 0.8997915 0.2517521 0.3844056 0.8881741 0.2958549 0.4067553 0.8643031 0.2815483 0.4674478 0.8379876 0.3756281 0.508807 0.7746091 0.3654886 0.5698448 0.7359994 0.4443213 0.5959885 0.6688619 0.4468649 0.642477 0.6225233 0.4991376 0.6533823 0.569169 0.4253801 0.7909686 0.4397959 0.08053779 0.2424635 0.9668119 0.08063441 0.2424061 0.9668182 0.04035931 0.3922556 0.9189705 0.1034452 0.427924 0.8978753 0.03133481 0.5486816 0.8354441 0.07282978 0.5714846 0.8173746 0.102339 0.6088041 0.786692 0.1283199 0.6215789 0.7727702 0.07664263 0.7231811 0.6863929 0.1561191 0.758032 0.6332571 0.1121736 0.8427815 0.5264375 0.1709066 0.8624314 0.4764484 0.1564807 0.9156755 0.3702056 0.2082394 0.9253492 0.3168048 0.1769484 0.9651578 0.1927686 0.8818793 0.3109403 0.3544081 0.9453923 0.1949033 0.26124 0.9748167 0.1939037 0.1101538 0.9748169 0.1939032 0.1101537 0.8923037 0.4400314 0.1008294 0.8254387 0.5538781 0.1089496 0.7797703 0.1950384 0.5949105 0.8202075 0.2444365 0.5172141 0.7595739 0.4400318 0.4789776 0.712451 0.5538796 0.4308491 0.6726427 0.6063316 0.4241626 0.4720005 0.8298351 0.2976397 0.5321265 0.7898057 0.3050383 0.1511687 0.9792643 0.1348688 0.2202254 0.965513 0.1388723 0.8417565 0.1943455 0.5036627 0.9256558 0.1939032 0.3249045 0.7860749 0.5531359 0.2759111 0.7860762 0.5531323 0.2759149 0.5265153 0.8298361 0.1848078 0.5265159 0.8298361 0.184806 0.1852074 0.9805469 0.06500852 0.1852073 0.980547 0.06500762 0.7901844 0.60633 0.08929008 0.6073261 0.7914832 0.06862699 0.551199 0.8305998 0.07926982 0.4417354 0.8957558 0.04991549 0.1950435 0.980547 0.02203875 0.1950441 0.9805468 0.02204173 0.9807854 0.1950898 0 0.8968735 0.442287 0 0.8968718 0.4422907 0 0.7933537 0.6087609 0 0.7933527 0.6087624 0 0.6087628 0.7933524 0 0.6087617 0.7933531 0 0.4422885 0.8968728 0 0.4422849 0.8968746 0 0.195091 0.9807851 0 0.7797707 0.1950391 -0.5949096 0.9101261 0.1946571 -0.3657584 0.8417561 0.1943449 -0.5036635 0.9748167 0.1939038 -0.1101535 0.974817 0.1939024 -0.1101533 0.8923037 0.4400314 -0.1008294 0.8254387 0.5538781 -0.1089497 0.8202069 0.2444373 -0.5172148 0.7595718 0.4400337 -0.4789794 0.7124509 0.5538802 -0.4308485 0.551199 0.8305999 -0.07926982 0.6073261 0.7914832 -0.06862699 0.7901844 0.60633 -0.08929008 0.1950438 0.980547 -0.02204036 0.1950438 0.9805469 -0.02204 0.4417354 0.8957558 -0.04991549 0.9453923 0.1949033 -0.2612397 0.9093929 0.26668 -0.3191964 0.7860755 0.5531345 -0.2759125 0.7860757 0.5531333 -0.275914 0.5265142 0.829837 -0.1848065 0.5265169 0.8298351 -0.1848075 0.1852074 0.9805469 -0.0650084 0.1852073 0.980547 -0.06500762 0.6726427 0.6063316 -0.4241626 0.516988 0.7914808 -0.3260084 0.4798232 0.8305994 -0.282621 0.20401 0.9659216 -0.1592972 0.1660305 0.9805467 -0.1047009 0.04035931 0.3922556 -0.9189705 0.001104474 8.94825e-4 -0.999999 0.03580749 0.02197939 -0.9991171 0.0118032 0.05043983 -0.9986574 0.07445436 0.08861309 -0.9932796 0.051086 0.1105209 -0.99256 0.04110777 0.005157709 -0.9991415 0.096807 0.03912007 -0.9945341 0.1059024 0.0283423 -0.9939725 0.08063948 0.2423742 -0.9668257 -0.02237826 0.09257674 -0.9954541 0.05626279 0.1404894 -0.9884823 -0.008604943 0.1889414 -0.9819507 0.0805729 0.2424781 -0.9668052 0.1437841 0.1662183 -0.9755499 0.09610587 0.2119629 -0.9725407 0.1833839 0.07512027 -0.980167 0.3052597 0.1512231 -0.9401853 0.2621631 0.09031158 -0.9607884 0.1997954 0.05447584 -0.9783222 0.1198635 0.5956671 -0.7942377 0.0574764 0.5854064 -0.8087 0.2580993 0.376858 -0.8895859 0.2319181 0.3741063 -0.897919 0.1868605 0.6482083 -0.7381796 0.0313251 0.7001463 -0.7133119 0.3221128 0.4196853 -0.8485916 0.2602882 0.4574292 -0.8502991 0.148747 0.4522302 -0.8794102 8.4897e-4 0.5310649 -0.8473308 0.2265062 0.2868378 -0.9308164 0.1708231 0.3302581 -0.9283044 0.3157618 0.09700083 -0.9438673 0.3795758 0.1305439 -0.9159042 0.3860312 0.1310057 -0.9131361 0.440311 0.1593039 -0.8835998 0.5551702 0.2420146 -0.7957481 0.5185282 0.1813424 -0.8356097 0.4494172 0.1507794 -0.8805055 0.4790283 0.6057765 -0.6352691 0.414551 0.6342476 -0.6525931 0.2761358 0.9301505 -0.2420109 0.09672302 0.8984693 -0.4282494 0.2396078 0.8787385 -0.4128038 0.1190109 0.9577162 -0.2619469 0.4253801 0.7909686 -0.4397959 0.4991376 0.6533823 -0.569169 0.556128 0.6059217 -0.5688415 0.6509875 0.4410254 -0.6178284 0.2227869 0.7816104 -0.5826246 0.0580691 0.8202381 -0.5690672 0.4072317 0.5215215 -0.7497852 0.3381025 0.5596141 -0.7566497 0.5506664 0.1927284 -0.8121715 0.6420603 0.2229288 -0.7335267 0.6373105 0.2265689 -0.7365473 0.6927254 0.2382493 -0.6807119 0.7256872 0.1947208 -0.6598955 0.6405209 -0.2272601 -0.7335433 -0.02208125 -0.09274971 -0.9954447 0.03995013 -0.1306325 -0.9906257 2.83429e-4 -0.194374 -0.9809274 0.04104286 -0.005126655 -0.9991443 0.09980827 -0.04095518 -0.9941635 0.1042587 -0.02735257 -0.9941741 0.1886507 -0.07831633 -0.9789165 0.1970007 -0.0528773 -0.9789764 0.2621647 -0.09031563 -0.9607877 0.294 -0.1351425 -0.9462033 0.3264846 -0.1026098 -0.9396165 0.3850382 -0.1334295 -0.9132043 0.3807684 -0.1282873 -0.9157281 0.4452152 -0.1618803 -0.8806692 0.445393 -0.1490097 -0.8828483 0.5185272 -0.1813392 -0.835611 0.5402858 -0.2168254 -0.8130671 0.5694438 -0.1989471 -0.7975925 0.6386374 -0.2218013 -0.7368491 0.7256875 -0.1947183 -0.6598958 0.6927263 -0.2382496 -0.680711 0.6509877 -0.4410248 -0.6178286 0.5561289 -0.6059228 -0.5688394 6.90558e-5 -0.002212464 -0.9999976 0.03058218 -0.02109807 -0.9993097 0.01219356 -0.05065083 -0.998642 0.06780463 -0.08457201 -0.9941077 0.05472385 -0.1127222 -0.9921185 0.1309098 -0.1585448 -0.9786349 0.1028835 -0.215944 -0.9709702 0.2071748 -0.2759845 -0.9385688 0.1842153 -0.337585 -0.9230933 0.2374258 -0.366068 -0.8997907 0.2517541 -0.3844049 -0.8881738 0.2958546 -0.4067573 -0.8643024 0.2815485 -0.4674485 -0.8379871 0.3756281 -0.508807 -0.7746091 0.3654887 -0.5698425 -0.7360011 0.4443213 -0.5959885 -0.6688619 0.4468647 -0.6424773 -0.6225231 0.4991377 -0.6533808 -0.5691707 0.4253771 -0.7909712 -0.4397943 0.08053779 -0.2424635 -0.9668119 0.08063441 -0.2424079 -0.9668177 0.04035931 -0.3922548 -0.9189709 0.1034446 -0.4279217 -0.8978765 0.03133481 -0.5486803 -0.8354449 0.07283037 -0.5714856 -0.8173738 0.1023383 -0.6088108 -0.786687 0.1283201 -0.6215775 -0.7727713 0.07664239 -0.7231797 -0.6863943 0.1561184 -0.7580343 -0.6332544 0.1121733 -0.8427805 -0.5264392 0.1709064 -0.8624328 -0.4764458 0.1564804 -0.9156758 -0.3702049 0.2082408 -0.9253482 -0.3168067 0.1769477 -0.9651581 -0.1927679 0.8818783 -0.3109433 -0.3544077 0.9453923 -0.1949046 -0.2612388 0.9748179 -0.1938977 -0.1101534 0.9748165 -0.1939052 -0.1101531 0.8923012 -0.4400364 -0.1008298 0.8254397 -0.5538766 -0.1089508 0.7797698 -0.1950408 -0.5949102 0.8202074 -0.2444375 -0.5172141 0.7595739 -0.4400318 -0.4789776 0.7124513 -0.5538784 -0.4308504 0.672644 -0.6063296 -0.4241634 0.472 -0.8298355 -0.2976394 0.5321251 -0.7898071 -0.3050374 0.1511693 -0.9792641 -0.1348693 0.220225 -0.9655132 -0.138872 0.8417562 -0.1943461 -0.5036626 0.9256551 -0.1939051 -0.3249053 0.7860777 -0.5531315 -0.275912 0.7860749 -0.5531349 -0.2759133 0.5265153 -0.8298361 -0.1848078 0.5265145 -0.829837 -0.1848055 0.1852079 -0.9805468 -0.06500869 0.1852071 -0.9805471 -0.06500756 0.7901859 -0.6063279 -0.08929026 0.6073244 -0.7914842 -0.06862843 0.5512001 -0.8305991 -0.07926994 0.4417354 -0.8957558 -0.04991549 0.1950435 -0.980547 -0.02203875 0.1950436 -0.980547 -0.02204036 0.1950905 -0.9807853 0 0.195091 -0.9807851 0 0.4422885 -0.8968728 0 0.4422849 -0.8968746 0 0.6087617 -0.7933531 0 0.6087639 -0.7933515 0 0.7933527 -0.6087624 0 0.8968753 -0.4422834 0 0.8968718 -0.4422907 0 0.9807857 -0.1950883 0 0.9807852 -0.1950913 0 0.7797704 -0.1950409 0.5949094 0.9101251 -0.1946593 0.3657597 0.8417561 -0.1943449 0.5036635 0.9748172 -0.1939018 0.1101536 0.9748172 -0.1939016 0.1101531 0.8923012 -0.4400364 0.1008298 0.8254396 -0.5538765 0.1089509 0.8202069 -0.2444373 0.5172148 0.7595728 -0.4400315 0.47898 0.7124511 -0.5538783 0.4308508 0.5512 -0.8305992 0.07927054 0.6073244 -0.7914842 0.06862843 0.7901859 -0.6063279 0.08929026 0.1950442 -0.9805468 0.02203911 0.1950429 -0.9805471 0.02203994 0.4417354 -0.8957558 0.04991549 0.9453923 -0.1949046 0.2612391 0.9093924 -0.2666819 0.3191962 0.7860766 -0.5531332 0.2759118 0.7860754 -0.5531345 0.2759127 0.5265161 -0.8298355 0.1848075 0.5265134 -0.8298376 0.1848062 0.1852083 -0.9805467 0.06500869 0.1852064 -0.9805471 0.06500732 0.672644 -0.6063296 0.4241634 0.5169866 -0.7914825 0.3260068 0.4798222 -0.8306 0.2826205 0.2040105 -0.9659214 0.1592977 0.1660301 -0.9805468 0.1047007 0.04035931 -0.3922548 0.9189709 6.90558e-5 -0.002212464 0.9999976 0.03436261 -0.02329671 0.9991379 0.0119521 -0.05051082 0.9986521 0.07445597 -0.08861231 0.9932795 0.05108541 -0.1105176 0.9925604 0.04104286 -0.005126655 0.9991443 0.09680908 -0.03911823 0.994534 0.1059038 -0.02834433 0.9939723 0.08063858 -0.2423766 0.9668253 -0.02208125 -0.09274971 0.9954447 0.05626279 -0.1404894 0.9884823 -0.008604943 -0.1889443 0.9819502 0.08057391 -0.2424781 0.9668052 0.1437842 -0.1662155 0.9755504 0.09610551 -0.2119647 0.9725403 0.1833838 -0.07512319 0.9801669 0.3052608 -0.1512197 0.9401853 0.2621647 -0.09031563 0.9607877 0.1997954 -0.05447429 0.9783223 0.1198636 -0.5956606 0.7942426 0.0574764 -0.5854167 0.8086927 0.2581018 -0.3768617 0.8895835 0.2319182 -0.3741048 0.8979195 0.1868608 -0.6482069 0.7381808 0.03132498 -0.700146 0.7133123 0.3221122 -0.4196844 0.8485922 0.2602884 -0.45743 0.8502987 0.1487476 -0.452229 0.8794107 8.48964e-4 -0.5310623 0.8473324 0.2265071 -0.2868452 0.9308139 0.1708238 -0.3302568 0.9283049 0.3157604 -0.09700268 0.9438675 0.3795758 -0.1305439 0.9159042 0.3860313 -0.1310025 0.9131365 0.4403108 -0.1593061 0.8835994 0.5551702 -0.2420146 0.7957481 0.5185272 -0.1813392 0.835611 0.4494158 -0.150778 0.8805065 0.4790296 -0.6057738 0.6352708 0.4145505 -0.6342484 0.6525925 0.2761353 -0.9301507 0.2420105 0.09672296 -0.8984705 0.428247 0.239607 -0.8787392 0.4128025 0.1190113 -0.9577159 0.2619476 0.4253771 -0.7909712 0.4397943 0.4991377 -0.6533808 0.5691707 0.5561289 -0.6059228 0.5688394 0.6509877 -0.4410248 0.6178286 0.2227858 -0.7816106 0.5826247 0.0580691 -0.8202379 0.5690677 0.4072315 -0.5215194 0.7497867 0.3381031 -0.5596143 0.7566493 0.550666 -0.1927282 0.8121718 0.6420593 -0.2229285 0.7335277 0.6373112 -0.2265674 0.7365471 0.6927263 -0.2382496 0.680711 0.7256875 -0.1947183 0.6598958 0.974928 0 0.2225208 0.7818316 0 0.6234898 0.7818316 0 0.6234897 0.4338835 0 0.900969 0.433884 0 0.9009688 -0.433884 0 0.9009688 -0.4338835 0 0.900969 -0.7818316 0 0.6234897 -0.7818316 0 0.6234898 -0.974928 0 0.2225208 -0.974928 0 -0.2225208 -0.7818316 0 -0.6234898 -0.7818316 0 -0.6234897 -0.4338835 0 -0.900969 -0.433884 0 -0.9009688 0.433884 0 -0.9009688 0.4338835 0 -0.900969 0.7818316 0 -0.6234897 0.7818316 0 -0.6234898 0.974928 0 -0.2225208 -1.84198e-5 -0.8866777 0.4623881 0 -0.9922304 0.1244148 0.001070141 -0.9190338 0.3941775 0.003316462 -0.9507929 0.3098094 -0.003319799 -0.8968676 0.4422866 0.003022909 -0.9807813 0.1950874 -5.09762e-6 -0.5279155 0.8492971 4.59194e-4 -0.5687417 0.822516 0.002436935 -0.6779848 0.735072 3.54057e-5 -0.8193882 0.5732393 0.001193583 -0.7933513 0.608763 -0.002451121 -0.6087604 0.7933503 0 -0.002330541 0.9999973 1.80993e-5 -0.03398329 0.9994224 0.001286506 -0.1909874 0.9815917 1.60034e-5 -0.4113613 0.9114725 -8.96535e-4 -0.4422891 0.8968722 0.001468956 -0.195091 0.9807841 0.2855101 -0.1948199 -0.9383652 0.8862001 -0.194481 0.4205074 0.7801418 -0.1948829 0.5944742 0.03866636 -0.8962017 0.4419586 0.01706576 -0.9806428 -0.1950605 0.01706558 -0.9806425 0.1950618 0.01706582 -0.9806424 0.1950623 0.05067861 -0.9806426 0.1891344 0.05067849 -0.9806424 0.1891354 0.08275157 -0.9806427 0.1774602 0.08275139 -0.9806423 0.1774623 0.1123104 -0.9806426 0.1603956 0.1123101 -0.9806424 0.1603964 0.06924307 -0.6072998 0.7914496 0.05318433 -0.792229 0.6079019 0.06847494 -0.8311356 0.5518377 0.1441708 -0.8304888 0.5380552 0.1441714 -0.830489 0.5380544 0.2354134 -0.8304889 0.5048453 0.235413 -0.8304893 0.5048449 0.3195019 -0.8304891 0.4562966 0.3195021 -0.830489 0.4562965 0.01706564 -0.9806423 -0.1950631 0.03866636 -0.8962017 -0.4419586 0.06847524 -0.8311358 -0.5518373 0.09111601 -0.554764 0.8270035 0.2154532 -0.5541067 0.8040807 0.2154523 -0.5541061 0.8040813 0.3518073 -0.5541063 0.7544521 0.3518067 -0.554105 0.7544533 0.477472 -0.5541058 0.6818997 0.4774707 -0.5541071 0.6818996 0.1950618 -0.9806426 0.01706612 0.1950618 -0.9806426 0.01706564 0.5549152 -0.8304892 0.04854911 0.5549153 -0.830489 0.04854863 0.8292781 -0.5541068 0.07255214 0.8292783 -0.5541063 0.07255244 0.1950612 -0.9806426 -0.0170654 0.1950622 -0.9806424 -0.01706635 0.5549151 -0.8304892 -0.04854881 0.5549155 -0.8304889 -0.04854863 0.829278 -0.5541068 -0.07255256 0.8292785 -0.5541059 -0.0725522 0.1891347 -0.9806425 -0.0506792 0.1891347 -0.9806426 -0.05067831 0.5380543 -0.8304893 -0.1441709 0.5380545 -0.830489 -0.1441714 0.804082 -0.5541052 -0.2154527 0.8040806 -0.5541068 -0.2154533 0.1603956 -0.9806427 -0.1123089 0.1603956 -0.9806424 -0.1123114 0.4562961 -0.8304893 -0.319502 0.456296 -0.8304896 -0.3195012 0.6818997 -0.5541056 -0.4774724 0.6819001 -0.5541066 -0.4774707 0.1384564 -0.9806427 -0.1384552 0.1384565 -0.9806423 -0.1384575 0.3938829 -0.8304891 -0.3938835 0.3938829 -0.8304895 -0.3938826 0.5886281 -0.5541065 -0.5886281 0.5886277 -0.5541066 -0.5886284 0.1123102 -0.9806426 -0.1603956 0.1123102 -0.9806424 -0.160396 0.3195024 -0.8304894 -0.4562955 0.3195018 -0.8304889 -0.4562969 0.4774706 -0.5541068 -0.6818999 0.4774718 -0.5541061 -0.6818997 0.08549368 -0.1943761 0.9771943 0.08549338 -0.1943766 0.9771943 0.07822471 -0.4409351 0.8941237 0.6404723 -0.1950722 0.7427935 0.5626363 -0.1943759 0.8035288 0.5626365 -0.1943758 0.8035287 0.4731932 -0.1950522 0.8590942 0.4113156 -0.2297284 0.8820682 0.3965468 -0.1946678 0.8971372 0.253884 -0.1943764 0.9475024 0.2803434 -0.269178 0.9213852 0.2026324 -0.1949846 0.9596464 0.7028403 -0.1945785 0.6842183 0.6897225 -0.2203782 0.6897219 0.5886282 -0.5541056 0.5886288 0.5886279 -0.5541073 0.5886275 0.3938826 -0.8304897 0.3938826 0.3938832 -0.8304893 0.3938829 0.1384567 -0.9806424 0.1384569 0.1384562 -0.9806426 0.138456 0.8289754 -0.1949375 0.524213 0.7944687 -0.2436352 0.5562928 0.6819001 -0.5541062 0.4774712 0.6819003 -0.5541054 0.4774718 0.4562966 -0.8304891 0.3195019 0.4562958 -0.8304894 0.3195021 0.1603954 -0.9806424 0.1123107 0.1603958 -0.9806424 0.1123104 0.9193647 -0.1950854 0.341629 0.8863679 -0.208612 0.4133197 0.7544521 -0.5541063 0.3518072 0.7544514 -0.5541081 0.3518061 0.5048463 -0.8304885 0.2354131 0.5048448 -0.8304894 0.2354126 0.1774613 -0.9806424 0.08275204 0.1774614 -0.9806426 0.08275157 0.1891344 -0.9806426 0.05067813 0.1891349 -0.9806424 0.05067896 0.5380544 -0.8304892 0.1441712 0.5380543 -0.8304892 0.1441708 0.8040819 -0.554105 0.215453 0.8040807 -0.5541066 0.2154535 0.9475027 -0.1943768 0.2538827 0.947503 -0.194375 0.2538831 0.9193643 -0.1950862 -0.3416293 0.9475025 -0.1943776 -0.2538828 0.9475032 -0.1943741 -0.253883 0.9701225 -0.1950235 -0.1443194 0.9678861 -0.2366982 -0.0846787 0.9790635 -0.1947495 -0.05922263 0.9771943 -0.1943767 0.08549302 0.9652887 -0.2545753 0.05838948 0.9701225 -0.1950235 0.1443194 0.8862004 -0.1944804 -0.4205074 0.8863679 -0.2086117 -0.4133197 0.7544521 -0.5541063 -0.3518072 0.7544515 -0.5541078 -0.3518062 0.5048455 -0.8304887 -0.2354137 0.5048457 -0.8304889 -0.2354125 0.1774611 -0.9806425 -0.08275169 0.1774615 -0.9806424 -0.08275163 0.4731932 -0.1950522 -0.8590943 0.5626369 -0.194376 -0.8035283 0.5626361 -0.1943759 -0.803529 0.6404723 -0.1950722 -0.7427935 0.6897225 -0.2203783 -0.689722 0.7028402 -0.1945798 -0.6842181 0.8035287 -0.1943746 -0.5626367 0.7627383 -0.2835886 -0.5812125 0.8289754 -0.1949375 -0.524213 0.3965468 -0.1946678 -0.8971372 0.4113156 -0.2297284 -0.8820682 0.351807 -0.5541058 -0.7544525 0.3518069 -0.5541055 -0.7544529 0.2354134 -0.830489 -0.504845 0.235413 -0.8304892 -0.504845 0.08275145 -0.9806424 -0.1774618 0.08275151 -0.9806426 -0.1774609 0.2026324 -0.1949846 -0.9596464 0.2511706 -0.2413269 -0.9373765 0.2154523 -0.5541064 -0.8040811 0.2154531 -0.5541064 -0.8040809 0.1441712 -0.830489 -0.5380548 0.1441709 -0.8304889 -0.5380548 0.05067861 -0.9806423 -0.1891362 0.05067849 -0.9806428 -0.1891336 0.05318433 -0.792229 -0.6079019 0.06924307 -0.6072998 -0.7914496 0.09111601 -0.554764 -0.8270036 0.07822471 -0.4409351 -0.8941237 0.08549338 -0.1943759 -0.9771944 0.08549368 -0.1943768 -0.9771943 0 -0.002330541 -0.9999973 6.24175e-5 -0.4422917 -0.8968713 -0.004463195 -0.1950888 -0.9807755 0.008298993 -0.3648474 -0.9310303 7.33423e-5 -0.1316384 -0.9912978 0 -0.9807856 -0.1950892 0.006074488 -0.9940743 -0.1085334 -0.005112707 -0.8968597 -0.4422858 0.003854453 -0.9573206 -0.2890027 0.001069188 -0.9190092 -0.3942347 1.82984e-4 -0.8930435 -0.4499704 -1.9595e-6 -0.8721963 -0.4891563 2.01444e-5 -0.793354 -0.6087607 8.23859e-4 -0.8049544 -0.5933364 -9.67627e-4 -0.6087598 -0.7933541 0.001419305 -0.6490306 -0.7607611 -3.33522e-5 -0.5254033 -0.8508533 -2.92676e-5 0.886685 -0.4623741 0 0.9922308 -0.1244111 0.00170958 0.9187087 -0.3949323 0.005304217 0.9500217 -0.3121391 -0.005497932 0.8968592 -0.442282 0.005006194 0.9807729 -0.1950891 -7.61177e-6 0.5279253 -0.8492908 6.85734e-4 0.5684231 -0.8227362 0.003641664 0.6765668 -0.7363723 5.6531e-5 0.8193672 -0.5732689 0.001863002 0.793352 -0.6087604 -0.003826081 0.6087573 -0.7933473 0 0.002330303 -0.9999973 2.5401e-5 0.03396999 -0.9994229 0.001816451 0.1900447 -0.9817738 2.38961e-5 0.4113471 -0.9114789 -0.0013085 0.4422898 -0.8968713 0.002144038 0.1950905 -0.9807829 0.2855101 0.1948199 0.9383652 0.8862006 0.194481 -0.4205066 0.780142 0.1948829 -0.594474 0.0386663 0.8962003 -0.4419617 0.01706576 0.9806423 0.1950631 0.01706576 0.9806425 -0.1950618 0.01706582 0.9806423 -0.1950625 0.05067873 0.9806426 -0.1891345 0.05067867 0.9806423 -0.1891356 0.08275187 0.9806425 -0.1774615 0.08275187 0.9806423 -0.177462 0.1123107 0.9806422 -0.1603969 0.1123105 0.9806424 -0.1603961 0.06924295 0.607299 -0.7914502 0.05318492 0.7922315 -0.6078986 0.06847488 0.8311352 -0.5518383 0.1441708 0.8304892 -0.5380542 0.1441709 0.8304895 -0.5380538 0.2354129 0.830489 -0.5048454 0.2354131 0.8304898 -0.504844 0.3195013 0.8304892 -0.4562966 0.319502 0.8304896 -0.4562956 0.01706582 0.9806425 0.1950618 0.0386663 0.8962003 0.4419617 0.06847488 0.8311353 0.5518382 0.09111589 0.5547634 -0.827004 0.2154532 0.5541067 -0.8040807 0.2154529 0.5541061 -0.8040813 0.3518068 0.5541064 -0.7544522 0.3518072 0.554105 -0.754453 0.4774721 0.5541053 -0.6819002 0.4774708 0.5541072 -0.6818996 0.1950625 0.9806423 -0.01706612 0.1950625 0.9806423 -0.01706564 0.5549146 0.8304895 -0.04854881 0.5549148 0.8304894 -0.04854923 0.8292781 0.5541066 -0.07255256 0.8292785 0.5541061 -0.07255214 0.195062 0.9806424 0.01706606 0.1950629 0.9806423 0.01706504 0.5549146 0.8304896 0.04854947 0.554915 0.8304892 0.04854863 0.8292781 0.5541065 0.07255196 0.8292786 0.5541058 0.07255244 0.1891354 0.9806424 0.0506792 0.1891354 0.9806424 0.05067831 0.5380537 0.8304896 0.144171 0.5380539 0.8304894 0.1441715 0.804082 0.5541048 0.2154532 0.8040806 0.5541068 0.215453 0.1603962 0.9806423 0.1123116 0.1603963 0.9806424 0.1123095 0.4562956 0.8304895 0.3195021 0.4562953 0.83049 0.3195016 0.6819 0.5541059 0.4774715 0.6819002 0.5541061 0.4774711 0.138457 0.9806426 0.1384552 0.138457 0.9806423 0.1384566 0.3938824 0.8304893 0.3938837 0.3938828 0.8304898 0.3938822 0.5886285 0.5541063 0.5886279 0.5886275 0.5541064 0.5886289 0.1123107 0.9806422 0.1603969 0.1123105 0.9806423 0.1603963 0.3195019 0.8304891 0.4562966 0.3195016 0.8304899 0.4562951 0.4774715 0.5541071 0.6818991 0.4774714 0.5541056 0.6819005 0.08549362 0.1943759 -0.9771944 0.0854935 0.1943768 -0.9771942 0.07822471 0.4409351 -0.8941237 0.6404721 0.1950722 -0.7427936 0.5626369 0.194376 -0.8035283 0.5626361 0.1943758 -0.803529 0.4731965 0.1950516 -0.8590925 0.411315 0.2297281 -0.8820686 0.3965468 0.1946678 -0.8971372 0.2538837 0.1943761 -0.9475024 0.2803439 0.2691785 -0.921385 0.2026323 0.1949844 -0.9596465 0.7028407 0.1945785 -0.684218 0.6897224 0.2203782 -0.6897221 0.5886284 0.5541053 -0.588629 0.5886277 0.554107 -0.5886279 0.3938825 0.8304902 -0.3938817 0.3938826 0.8304893 -0.3938835 0.1384574 0.9806423 -0.1384569 0.1384567 0.9806426 -0.1384556 0.8289754 0.1949375 -0.524213 0.7944688 0.2436351 -0.5562925 0.6818997 0.5541059 -0.477472 0.6819009 0.5541054 -0.4774709 0.4562959 0.8304894 -0.3195021 0.4562953 0.8304896 -0.3195025 0.1603961 0.9806424 -0.1123098 0.1603963 0.9806423 -0.112311 0.919364 0.195086 -0.3416305 0.8863677 0.2086119 -0.41332 0.7544523 0.5541061 -0.3518073 0.7544513 0.5541079 -0.3518062 0.5048459 0.8304889 -0.2354124 0.5048443 0.8304896 -0.235413 0.1774621 0.9806423 -0.08275198 0.1774621 0.9806424 -0.08275228 0.1891351 0.9806424 -0.05067849 0.1891357 0.9806424 -0.05067896 0.5380538 0.8304895 -0.1441713 0.5380537 0.8304895 -0.1441715 0.804082 0.5541049 -0.2154529 0.804081 0.5541065 -0.2154531 0.9475027 0.1943767 -0.253883 0.947503 0.1943749 -0.253883 0.9193635 0.1950868 0.3416312 0.9475026 0.1943776 0.2538824 0.9475031 0.194374 0.2538833 0.9701226 0.1950235 0.1443192 0.9678862 0.2366981 0.08467876 0.9790635 0.1947495 0.05922263 0.9771943 0.1943767 -0.08549314 0.9652886 0.2545751 -0.05838942 0.9701226 0.1950235 -0.1443192 0.8862006 0.1944803 0.4205067 0.8863677 0.2086116 0.41332 0.7544519 0.554106 0.3518081 0.7544519 0.5541076 0.3518058 0.5048452 0.8304892 0.2354127 0.5048452 0.8304892 0.2354127 0.1774618 0.9806424 0.08275288 0.1774622 0.9806424 0.08275163 0.4731968 0.1950517 0.8590924 0.5626365 0.1943761 0.8035286 0.5626364 0.1943758 0.8035287 0.6404718 0.1950721 0.7427939 0.6897225 0.2203783 0.689722 0.7028402 0.1945797 0.6842182 0.8035287 0.1943746 0.5626367 0.7627387 0.2835884 0.5812121 0.8289754 0.1949375 0.524213 0.3965468 0.1946678 0.8971372 0.4113152 0.2297281 0.8820685 0.351807 0.5541058 0.7544525 0.351807 0.5541056 0.7544528 0.235413 0.8304897 0.5048443 0.235413 0.8304892 0.504845 0.08275192 0.9806427 0.1774605 0.08275187 0.9806424 0.1774619 0.2026323 0.1949844 0.9596465 0.2511705 0.2413268 0.9373766 0.2154529 0.5541064 0.804081 0.2154531 0.5541064 0.8040809 0.1441708 0.83049 0.5380531 0.1441709 0.8304888 0.5380551 0.05067878 0.9806427 0.1891337 0.05067861 0.9806423 0.1891366 0.05318492 0.7922315 0.6078986 0.06924295 0.607299 0.7914502 0.09111601 0.554764 0.8270036 0.07822471 0.4409351 0.8941237 0.08549338 0.1943759 0.9771944 0.08549368 0.1943768 0.9771943 9.31624e-5 0.4422917 0.8968713 -0.001655638 0.3811527 0.9245107 0.003311395 0.1950897 0.9807798 1.03543e-4 0.1315845 0.9913051 0 0.002330303 0.9999973 0 0.9807854 0.1950898 0.009904146 0.9935924 0.1125886 -0.008517146 0.8968381 0.4422768 0.006166696 0.9564927 0.291691 0.001707911 0.9186801 0.3949987 2.92342e-4 0.8929798 0.4500966 -3.12858e-6 0.8721836 0.4891789 3.20604e-5 0.7933538 0.6087609 0.001271247 0.8045629 0.5938661 -0.001500546 0.6087577 0.7933548 0.002120256 0.6481655 0.7614966 -4.98005e-5 0.5254256 0.8508396 -0.7071019 0 0.7071117 -0.7071068 6.26697e-6 0.7071068 -0.7071065 0 0.7071071 -0.7071067 0 0.707107 -0.7071059 1.56914e-5 0.7071077 -0.7071072 -2.48624e-5 0.7071064 -0.7071059 7.14613e-6 0.7071077 -0.7071059 0 -0.7071077 -0.7071067 -2.57612e-6 -0.7071069 -0.7071072 0 -0.7071065 -0.7071081 -3.5205e-6 -0.7071055 -0.7071048 0 -0.7071089 -0.7071081 -4.9936e-6 -0.7071056 -0.7071056 0 -0.7071081 -0.707108 9.65915e-6 -0.7071056 -0.7071008 -9.73985e-5 -0.7071129 -0.7071173 0 -0.7070964 0.4396923 0 0.8981486 0.439691 0 -0.8981492 0.3690525 -0.01631981 -0.9292654 0.3648405 -0.02109897 -0.930831 0.2430074 0.01166498 -0.9699544 0.2254028 0 -0.9742658 0.1101568 0 -0.9939143 0.1246798 0.01661187 -0.992058 -0.0361092 -0.0199908 -0.999148 -0.4956762 0.0955556 -0.8632348 -0.5202627 0.03135383 -0.8534306 -0.4022686 0 -0.9155217 -0.5389685 0.03469282 -0.8416112 -0.570225 0.0110659 -0.8214141 -0.5907831 0 -0.8068304 -0.02116608 0 -0.9997761 -0.1231828 0 -0.992384 -0.1806553 0.01296919 -0.983461 -0.2379997 -0.03509873 -0.9706309 -0.3196069 0.01508605 -0.9474303 -0.3635038 0 -0.9315927 -0.4058921 0 -0.913921 -0.4567492 -0.009652316 -0.8895432 -0.4579687 -0.008860111 -0.8889242 -0.581408 0.01638263 -0.8134472 -0.5357486 -0.02659559 -0.8439586 -0.5691133 -0.008867621 -0.8222113 0.03631216 0.2285997 -0.9728431 -0.03600025 0 -0.9993519 -0.2523171 0 -0.9676446 -0.2002321 0.268575 -0.942218 -0.3231908 0 -0.9463339 0.4361322 0 -0.8998827 0.3682237 0.03364658 -0.9291283 0.3203005 0.1455923 -0.9360612 0.2427951 0 -0.9700776 0.1099596 0 -0.9939361 0.03631252 0.2285717 0.9728497 0.1101559 0 0.9939144 0.3237503 0 0.9461426 0.2717632 0.2438033 0.9309699 0.3722385 0.02720499 0.9277384 -0.248638 0.1701639 0.953532 -0.1818816 0 0.9833205 -0.03580355 0 0.9993588 -0.4847256 -0.07302922 0.8716123 -0.5794473 0.08366668 0.8107039 -0.415714 -0.03659659 0.9087589 -0.4567699 0 0.889585 -0.3231912 0 0.9463338 -0.532769 -0.02853959 0.8457794 -0.5666882 -0.009989917 0.8238718 -0.590783 0 0.8068305 -0.5724096 0.009720802 0.8199102 -0.5416997 0.032148 0.8399571 -0.5001891 0.08778643 0.8614548 -0.5201302 0.03859424 0.8532145 -0.4058942 0 0.9139201 -0.3231818 0 0.9463369 -0.3631752 0.0426113 0.9307461 -0.2379982 -0.03509801 0.9706313 -0.1806628 0.01296991 0.9834597 -0.1231828 0 0.992384 -0.03600037 0 0.9993519 -0.02116394 -0.01678103 0.9996353 0.109275 0.01331287 0.9939224 0.1246968 0 0.9921949 0.2427951 0 0.9700776 0.2253792 0.01432985 0.9741658 0.3642463 -0.019432 0.9310999 0.364849 -0.01996159 0.9308527 0.436133 0 0.8998822 -0.6615496 0 -0.7499015 -0.7541639 0.01179838 -0.6565803 -0.7445231 0.005901694 -0.6675707 -0.8256833 0 -0.5641339 -0.8789924 0 -0.4768359 -0.9052459 0.0157513 -0.424596 -0.9390785 0 -0.3437029 -0.969276 0 -0.2459757 -0.989239 0.01377809 -0.145658 -0.9947685 0 -0.1021559 -0.9947685 0 0.1021559 -0.989239 0.01377862 0.145658 -0.969276 0 0.2459757 -0.9390785 0 0.3437029 -0.9052459 0.01575183 0.424596 -0.8789924 0 0.4768359 -0.8256833 0 0.5641339 -0.7445231 0.005901813 0.6675707 -0.7541639 0.01179838 0.6565803 -0.6615496 0 0.7499015 0 -1 4.32702e-7 0 -1 -2.92941e-7 0 -1 -1.52418e-6 0 -1 -6.96319e-7 0 -1 1.02421e-6 0 -1 4.03603e-7 0 -1 4.10555e-7 0 -1 2.43478e-7 0 -1 -7.52559e-7 0 -1 -2.03188e-6 0 -1 6.9391e-7 0 -1 -3.86103e-7 0 -1 -5.90868e-7 0 -1 6.96318e-7 0 -1 1.52418e-6 0 -1 2.16645e-6 -0.8660913 -0.001553535 0.4998835 -0.8772616 0.006453096 0.4799693 -0.8878935 -4.39154e-4 0.460049 -0.9361966 0.01299113 0.3512369 -0.9346163 0.001266062 0.3556554 -0.9121687 -0.003147006 0.4098029 -0.9169023 0.0170961 0.3987456 -0.9059328 6.08844e-4 0.423421 -0.7047633 -0.001325368 0.7094414 -0.6947178 8.73046e-4 0.7192819 -0.720225 -0.004209578 0.6937279 -0.7451763 -0.01533514 0.6666912 -0.7174577 0.01073098 0.6965195 -0.787668 -0.006421744 0.6160665 -0.8046033 -0.02117621 0.5934351 -0.8230581 -0.006173253 0.5679237 -0.849523 6.84921e-4 0.5275512 -0.6937381 0 0.7202274 -0.6557509 0 0.7549774 -0.5851222 0.01440572 0.8108172 -0.5606706 0.00207901 0.8280364 -0.4124491 -0.001846492 0.9109788 -0.3662819 0.01648455 0.930358 -0.08492547 0 0.9963874 -0.1246808 0.01556104 0.9920749 -0.2085078 0 0.9780207 -0.2908148 0 0.9567794 -0.6947132 8.76528e-4 -0.7192864 -0.8233429 -0.03829574 -0.5662508 -0.7166374 0.0489912 -0.6957232 -0.7715393 -0.04175937 -0.6348097 -0.7451607 -0.01532238 -0.666709 -0.6861295 -0.006688237 -0.7274487 -0.9347118 0.001488566 -0.3554037 -0.9361724 0.01297259 -0.3513018 -0.9358621 0.01603746 -0.3520013 -0.925417 -7.61277e-4 -0.3789496 -0.9119403 0.007660806 -0.4102515 -0.9107843 0.005124092 -0.4128506 -0.8047666 0.006518542 -0.5935557 -0.8593019 -6.32887e-4 -0.5114684 -0.8772372 0.004194319 -0.480039 -0.8785039 0.00281769 -0.4777271 -0.8971559 -8.34678e-4 -0.4417132 -0.7202099 -0.00420624 -0.6937435 -0.6975288 0 -0.7165567 -0.6557509 0 -0.7549774 -0.5851222 0.01440572 -0.8108172 -0.5606706 0.00207901 -0.8280364 -0.4124491 -0.001846492 -0.9109788 -0.3662819 0.01648426 -0.9303579 -0.2908148 0 -0.9567794 -0.2085078 0 -0.9780207 -0.1246808 0.01556104 -0.9920749 -0.08492547 0 -0.9963874 0.3592947 0 0.9332242 0.3493812 0.003803431 0.936973 0.09128826 0 0.9958245 0.1277393 0.009128153 0.9917658 0.1561867 0.01678937 0.9875848 0.1186886 0.005552411 0.992916 0.2174775 0 0.9760654 0.2459903 0 0.9692723 0.3493825 0 0.9369803 0.3836964 -0.03273391 0.922879 0.2980406 -0.001542329 0.9545519 0.1186897 0.003263711 0.992926 0.1825605 -0.03284394 0.9826459 0.1394433 -0.01562398 0.9901069 0.3592973 0 -0.9332233 0.3493776 -0.005256414 -0.9369673 0.09128826 0 -0.9958246 0.1222075 -0.01001709 -0.9924541 0.1497294 -0.0197286 -0.9885302 0.1186869 -0.007374942 -0.9929044 0.2174811 0 -0.9760645 0.2459953 0 -0.9692711 0.3493831 0 -0.93698 0.3896809 0.02368873 -0.9206452 0.2983816 0.001129448 -0.954446 0.1186902 -0.002375602 -0.9929285 0.1899166 0.02693641 -0.9814307 0.1458371 0.01367819 -0.9892141 -1 5.72343e-7 0 -1 0 0 -1 -1.51824e-6 0 -1 5.08523e-7 0 -1 -6.86568e-6 0 -1 2.65239e-5 0 -4.15087e-6 0 1 -4.43063e-6 0 1 1.49346e-6 0 1 -4.0321e-6 0 1 -4.13388e-6 0 1 2.43568e-6 0 1 -8.30337e-6 0 1 6.136e-5 0 1 1.44171e-5 0 1 -1.24517e-5 0 1 -8.90274e-6 0 1 -1.85908e-4 0 1 1.63518e-6 0 -1 -4.42408e-6 0 -1 -8.3033e-6 0 -1 1.44171e-5 0 -1 -1.24524e-5 0 -1 -8.90274e-6 0 -1 -1.85908e-4 0 -1 0 1 -3.69076e-6 0 1 4.75489e-7 0 1 -1.79753e-7 0 1 9.21372e-7 0 1 -3.02835e-7 0 1 -2.94377e-7 0 1 3.02835e-7 0 1 -9.2137e-7 0 1 0 0 1 0 0 1 1.04789e-6 0 1 -2.29589e-7 0 1 2.99823e-7 0 1 3.02743e-7 0 1 5.75584e-7 0 1 -1.72023e-7 0 1 2.29589e-7 0 1 -3.84288e-7 0 1 1.33184e-6 0 1 -5.75584e-7 0 1 -6.2185e-7 0 1 6.2185e-7 0 1 -1.04789e-6 0 1 1.72023e-7 -0.1305263 0 0.991445 -0.1736247 -0.01636642 0.984676 -0.3007048 0 0.9537174 -0.4226199 0 0.9063071 -0.499881 -0.02183383 0.8658188 -0.5735767 0 0.819152 -0.6755912 0 0.7372764 -0.7659418 -0.01636457 0.6427016 -0.7933531 0 0.6087617 -0.9238797 0 0.3826832 -0.9395663 -0.01636648 0.3419756 -0.9762949 0 0.2164444 -0.9961945 0 0.08715832 -0.9997617 -0.02183318 0 -0.9961945 0 -0.08715832 -0.9762949 0 -0.2164444 -0.9395664 -0.01636707 -0.3419755 -0.9238797 0 -0.3826832 -0.7933531 0 -0.6087617 -0.7659418 -0.01636421 -0.6427016 -0.6755912 0 -0.7372764 -0.5735767 0 -0.819152 -0.499881 -0.02183383 -0.8658188 -0.1305263 0 -0.991445 -0.1736248 -0.01636642 -0.9846759 -0.3007048 0 -0.9537174 -0.4226199 0 -0.9063071 -0.707108 3.19145e-6 -0.7071056 -0.707104 0 -0.7071096 -0.707105 0 -0.7071086 -0.7071072 -2.48624e-5 -0.7071064 -0.7071059 1.56914e-5 -0.7071077 -0.7071067 0 -0.707107 -0.7071065 0 -0.7071071 -0.7071068 0 0.7071068 -0.7071062 0 0.7071075 -0.7071083 -4.6812e-6 0.7071053 -0.7071055 -5.18034e-6 0.7071081 -0.7071052 0 0.7071085 -0.7071098 -7.85664e-6 0.7071039 -0.7071061 1.11153e-5 0.7071075 -0.7071118 0 0.7071018 -0.7071155 0 0.7070981 -0.007650434 -0.4286911 -0.9034187 -0.008253812 -0.5887892 -0.8082445 -0.001808166 -0.7578579 -0.6524174 0.01755523 -0.8269177 -0.5620489 -0.0211485 -0.8347399 -0.5502384 -0.007371127 -0.8252722 -0.5646873 0.0192784 -0.8288547 -0.5591316 0.01302433 -0.6157242 -0.7878542 0 -0.5567769 -0.8306621 0 -0.6892648 -0.7245095 2.50551e-4 -0.6997405 -0.7143971 -0.002229928 -0.7905312 -0.6124177 0.004905641 -0.3867228 -0.922183 0 -0.3381078 -0.9411074 0 -0.1321771 -0.9912262 0.005492925 -0.2263075 -0.9740405 -0.01030766 0.110955 -0.993772 0.01692807 -0.1499687 -0.9885458 0.01146012 -0.08157718 -0.9966012 0.007876992 -0.02816945 -0.9995722 0.003331959 0.05642932 -0.9984011 0 0.1744191 -0.9846716 0 0.3264973 -0.9451982 -1.83849e-4 0.3228607 -0.9464465 0.004612684 0.3683993 -0.9296563 -0.007172822 0.5743381 -0.8185868 -0.00750488 0.8226883 -0.5684434 -0.02191174 0.8326967 -0.5532956 -0.002470254 0.7505374 -0.6608235 0.01836121 0.8241207 -0.5661168 0.01995515 0.8258366 -0.5635564 1.76339e-4 0.4981745 -0.8670768 0.0132308 0.6082751 -0.7936161 0 0.5448461 -0.8385362 0 0.6788369 -0.7342892 4.39536e-4 0.6931082 -0.7208335 -0.003023326 0.7894052 -0.6138653 -0.007650434 0.4286914 0.9034186 -0.008253872 0.588791 0.8082432 -0.001808166 0.7578589 0.652416 0.01755559 0.8269163 0.5620511 -0.02114742 0.8347392 0.5502394 -0.007372021 0.8252738 0.5646849 0.01927864 0.8288563 0.5591294 0.01302438 0.6157268 0.7878521 0 0.5567762 0.8306626 0 0.689269 0.7245056 2.50551e-4 0.6997395 0.7143982 -0.002229928 0.7905312 0.6124177 0.004905641 0.3867228 0.922183 0 0.3381078 0.9411074 0 0.1321771 0.9912262 0.005492866 0.2263057 0.9740409 -0.01030766 -0.1109553 0.993772 0.01692813 0.1499689 0.9885458 0.01146 0.08157634 0.9966012 0.007876992 0.02816945 0.9995722 0.003331959 -0.05642926 0.9984011 0 -0.1744195 0.9846715 0 -0.3264973 0.9451982 -1.83849e-4 -0.3228619 0.9464461 0.004612982 -0.3684003 0.9296559 -0.007172763 -0.5743346 0.8185893 -0.007504045 -0.8226898 0.568441 -0.02191299 -0.8326975 0.5532946 -0.002470254 -0.7505374 0.6608235 0.01836121 -0.8241213 0.5661157 0.01995521 -0.8258366 0.5635564 1.76338e-4 -0.4981728 0.8670778 0.01323074 -0.6082741 0.7936168 0 -0.5448454 0.8385365 0 -0.67884 0.7342863 4.39536e-4 -0.6931082 0.7208335 -0.003023326 -0.7894042 0.6138665 0 -0.7058997 -0.7083118 1.51758e-4 0.723321 -0.690512 -0.02300596 0.448006 -0.8937346 -0.08489054 0.5628405 -0.8221948 -0.08558177 0.5624445 -0.8223942 -0.01664167 0.6285875 -0.7775609 -6.06953e-4 0.8243628 -0.5660615 -0.04364317 0.888174 -0.4574301 0 0.9401597 -0.3407342 0 0.9957806 -0.09176647 -0.02625876 0.9990074 0.03598153 0 0.9865983 0.1631682 0 0.8763574 0.4816617 -0.01014596 0.8537324 0.5206132 -1.23255e-4 0.727717 0.6858776 -0.01820945 0.5074818 0.8614701 -0.0297988 0.5714809 0.8200743 -0.009265482 0.4895498 0.8719263 8.69004e-5 0.6637371 0.747966 -5.38532e-6 0.6974587 0.716625 -0.05417811 -0.2323901 0.9711126 0 -0.3743529 0.9272863 -0.0466457 -0.1989544 0.9788981 -0.03518211 -0.1405244 0.9894519 -0.0278775 -0.09620982 0.9949707 -0.01958245 -0.04201859 0.9989249 0 0.1275513 0.9918321 0 0.3743531 0.9272863 0 -0.8537756 0.5206413 -0.01178592 -0.8712746 0.4906543 0 -0.7259736 0.6877226 0 -0.4895712 0.8719634 -0.04894393 -0.6425657 0.7646659 -0.02511161 -0.5557194 0.8309907 0 -0.8890211 -0.4578662 -0.06781864 -0.8518639 -0.5193541 0 -0.9401606 -0.3407315 0 -0.999352 0.03599566 -0.04339855 -0.997877 -0.04856091 0 -0.9865984 0.1631672 -0.06159669 -0.5638089 -0.8236051 -0.1056716 -0.5504646 -0.8281438 -0.03605359 -0.5930811 -0.8043352 -0.02766263 -0.459971 0.887503 -0.08630073 -0.5627719 0.822095 -0.03605395 -0.5930795 0.8043363 4.65587e-4 -0.7072454 0.706968 -0.001065909 -0.8251202 0.5649564 -0.04364311 -0.8881732 0.4574317 0 -0.9401606 0.3407315 0 -0.9957806 0.09176647 -0.02625876 -0.9990075 -0.03598272 0 -0.9865983 -0.1631682 0 -0.8763568 -0.4816626 -0.01014596 -0.8537321 -0.5206138 -1.23255e-4 -0.727717 -0.6858776 -0.01820963 -0.5074868 -0.8614671 -0.02979892 -0.571483 -0.8200727 -0.009265422 -0.4895491 -0.8719266 8.69008e-5 -0.66374 -0.7479634 -4.84761e-6 -0.6975765 -0.7165104 -0.03518253 0.1405259 -0.9894518 -0.02787709 0.09620845 -0.9949708 -0.01958245 0.04201859 -0.9989249 0 -0.1275514 -0.991832 0 -0.3743526 -0.9272865 0 0.4895719 -0.871963 -0.04894405 0.6425678 -0.7646641 -0.02511161 0.5557187 -0.8309912 0 0.3743531 -0.9272863 -0.05418062 0.2323848 -0.9711137 -0.0466448 0.1989529 -0.9788984 0 0.999352 -0.03599715 -0.04339855 0.9978768 0.04856389 0 0.9865984 -0.1631677 0 0.8537756 -0.5206413 -0.01178592 0.8712751 -0.4906535 0 0.7259685 -0.6877279 -0.01055836 0.6643143 0.7473788 0 0.7225191 0.6913511 0 0.8890218 0.4578651 -0.06781864 0.8518645 0.5193529 0 0.9401599 0.3407335 -0.05837357 0.5639185 0.8237648 -0.1063058 0.5503821 0.8281176 -0.05764281 0.5781202 0.8139131 0.002356886 -0.6950517 0.7189559 -0.05522459 -0.5840214 0.8098577 -0.09086966 -0.5498201 0.8303257 -0.09962511 -0.542508 0.8341224 -0.05824118 -0.5634857 0.8240703 0 -0.5773342 0.816508 -8.2696e-4 -0.7925409 0.6098182 -0.02330237 -0.9015977 0.4319473 -0.04741245 -0.8833065 0.4663922 -0.033149 -0.9975433 -0.06171244 0 -0.9979845 0.06345981 0 -0.9590108 0.2833693 -0.02417176 -0.8414667 -0.539768 0 -0.8928395 -0.4503751 0 -0.9818567 -0.1896251 0 -0.145588 -0.9893453 0 -0.3602008 -0.9328749 -0.02104091 -0.4721812 -0.8812504 0 -0.5832843 -0.8122681 0 -0.7508319 -0.6604933 0 0.03738081 -0.9993011 -0.01270914 -0.03162366 -0.9994191 -0.1408711 0.1968633 -0.9702578 0 0.0166819 -0.999861 0 0.5014276 -0.8651996 0 0.5014264 -0.8652004 0 0.859255 -0.5115476 0 0.9995962 -0.02841579 0 0.9995962 -0.02841705 0 0.9663364 0.257282 -0.01342296 0.9261021 0.3770344 -0.04592365 0.5630222 0.8251649 -0.09236025 0.5531373 0.8279545 0 0.6415332 0.7670953 0 0.8869284 0.4619071 -0.1395576 0.8020075 0.5807819 -0.07724148 0.8533356 0.5156084 -0.08976155 0.555802 -0.8264545 -0.1003996 0.5512934 -0.8282485 -0.04574406 0.5630415 -0.8251618 -0.01338595 0.9262335 -0.3767128 -0.07745802 0.8529225 -0.5162593 -0.0279814 0.8865811 -0.461726 0 0.7658836 -0.6429793 0 0.6415332 -0.7670953 -0.03997492 0.01666861 0.9990617 0 0.198846 0.9800308 0 0.5014259 0.8652006 0 0.5014281 0.8651994 0 0.859255 0.5115476 0 0.9995962 0.02841591 0 0.9995962 0.02841693 0 0.9663364 -0.257282 0 -0.7511164 0.6601699 0 -0.5834175 0.8121725 -0.02104169 -0.472181 0.8812505 0 -0.360354 0.9328157 0 -0.05407708 0.9985368 -0.03283977 -0.1410542 0.9894571 0 0.03712123 0.9993109 0 -0.9980919 0.0617454 -0.05803442 -0.9976298 -0.03696906 1.42083e-4 -0.9816799 0.1905378 -2.86467e-4 -0.8417127 0.5399258 -0.07368946 -0.9155629 0.3953663 -0.03017473 -0.8609883 0.5077289 -0.04197645 -0.9010483 -0.4316829 -0.02816009 -0.9188897 -0.3935086 0 -0.9590108 -0.2833693 -0.01181495 -0.6517281 -0.7583607 6.23374e-4 -0.7501932 -0.6612185 -0.002794504 -0.8445587 -0.5354557 0 -0.5773342 -0.816508 -0.07426714 -0.5634073 -0.8228345 -0.08178311 -0.5572876 -0.8262821 -0.02301502 -0.4480093 -0.8937327 -0.6087614 0 -0.7933533 -0.555265 -0.03320348 -0.8310105 -0.1305265 0 -0.9914449 -0.1949827 -0.03320294 -0.9802445 -0.3214389 0 -0.9469304 -0.4422864 0 -0.8968739 -0.2134422 -0.09755963 -0.9720723 -0.1950716 0.01417469 -0.9806867 -0.5551618 -0.0383861 -0.8308563 -0.4335622 0.3965172 -0.8091959 -0.5096659 0.03615862 -0.8596124 -0.3204385 0.4571295 -0.8296697 -0.4614048 0.09661805 -0.8819131 -0.2256029 0.4428095 -0.8677691 -0.3537901 0.130489 -0.9261777 -0.374548 0.1085054 -0.9208369 -0.1511249 0.3169877 -0.936312 -0.2194373 0.09749448 -0.9707431 -0.131391 0.2122324 -0.968346 -0.2363708 0.06008321 -0.9698035 -0.1332136 0.1795753 -0.9746831 -0.2097802 0.04292058 -0.9768061 -0.1493373 0.122487 -0.9811705 -0.1833701 0.03088456 -0.9825587 -0.160051 0.08193576 -0.9837023 -0.1788791 0.01587235 -0.983743 -0.1689514 0.03501385 -0.9850023 -0.1664041 -0.01291918 -0.9859731 -0.1771922 -0.04501938 -0.9831461 -0.2238067 -0.08599621 -0.9708322 -0.2121462 -0.1225638 -0.9695217 -0.1833801 -0.3034538 -0.9350335 -0.3527625 -0.1323155 -0.9263106 -0.2258647 -0.3989259 -0.8887313 -0.396493 -0.1095491 -0.9114782 -0.3462511 -0.3723018 -0.8611049 -0.1678729 0.08851855 -0.9818265 -0.1754271 0.0397436 -0.9836899 -0.135578 0.1095685 -0.9846895 -0.1508579 0.06138592 -0.9866477 -0.09420102 0.125242 -0.9876441 -0.1188694 0.07787394 -0.9898514 -0.02410948 0.1331718 -0.9907997 -0.07990437 0.06365793 -0.9947679 -0.02129739 0.1317642 -0.9910523 -0.07850611 0.06078022 -0.9950591 -0.01035743 0.1204509 -0.9926652 -0.06528586 0.04124259 -0.997014 -0.02806758 0.09040004 -0.99551 -0.0621345 0.02945709 -0.997633 -0.04176753 0.06363302 -0.9970991 -0.05822551 0.01905834 -0.9981216 -0.0491361 0.04315423 -0.9978595 -0.05852103 0.01043975 -0.9982316 -0.05500435 0.0219419 -0.998245 -0.05661529 -0.008280158 -0.9983618 -0.05727612 -0.01706326 -0.9982126 -0.05469214 -0.02529996 -0.9981827 -0.04521226 -0.06057983 -0.9971389 -0.05591499 -0.04180866 -0.9975598 -0.03763794 -0.1090968 -0.9933183 -0.07650125 -0.0607773 -0.9952155 -0.03017807 -0.1317578 -0.9908226 -0.08797633 -0.05877828 -0.9943869 -0.08246463 -0.1344186 -0.9874874 -0.1263074 -0.05558818 -0.9904324 -0.1248186 -0.1256784 -0.9841876 -0.1550145 -0.03847026 -0.9871629 -0.162245 -0.1071128 -0.9809197 -0.1778652 -0.01414233 -0.9839533 -0.1944417 -0.08151465 -0.9775214 -0.2937794 -0.475216 -0.8293753 -0.5097051 -0.0435701 -0.8592453 -0.4326199 -0.3754073 -0.8197009 -0.5184745 0.02224665 -0.8548037 -0.5331801 -0.2810083 -0.7979683 -0.5555701 0 -0.8314697 -0.1950898 0 -0.9807854 -0.195091 0 -0.9807851 -0.5555701 0 0.8314697 -0.19509 0 0.9807854 -0.1950908 0 0.9807852 -0.2134423 0.09755969 0.9720723 -0.1950716 -0.01417469 0.9806866 -0.5551608 0.03838604 0.8308569 -0.4335595 -0.3965148 0.8091984 -0.5096672 -0.03615868 0.8596116 -0.3204385 -0.4571295 0.8296697 -0.4614021 -0.09661746 0.8819145 -0.2256039 -0.4428116 0.8677677 -0.3537901 -0.130489 0.9261777 -0.3745236 -0.1084983 0.9208475 -0.1511257 -0.3169893 0.9363113 -0.2194363 -0.09749406 0.9707433 -0.131391 -0.2122324 0.968346 -0.2363685 -0.06008261 0.9698042 -0.1332151 -0.1795774 0.9746825 -0.2097796 -0.04292041 0.9768063 -0.1493358 -0.1224858 0.9811708 -0.1833584 -0.03088313 0.9825609 -0.1600549 -0.08193778 0.9837015 -0.17888 -0.01587247 0.9837428 -0.1689523 -0.03501385 0.9850022 -0.1664012 0.01291918 0.9859736 -0.1771926 0.0450195 0.983146 -0.2238054 0.08599573 0.9708326 -0.2121488 0.1225653 0.9695208 -0.1833793 0.3034523 0.9350341 -0.3527631 0.1323156 0.9263104 -0.2258613 0.3989198 0.8887349 -0.3964936 0.1095493 0.9114779 -0.3462511 0.3723018 0.8611049 -0.1678729 -0.08851855 0.9818265 -0.1754267 -0.03974354 0.98369 -0.1355775 -0.109568 0.9846897 -0.1508582 -0.06138604 0.9866476 -0.09420102 -0.125242 0.9876441 -0.1188682 -0.07787394 0.9898515 -0.02411192 -0.1331718 0.9907996 -0.07987958 -0.06365388 0.9947701 -0.02129739 -0.1317642 0.9910523 -0.07850641 -0.06078046 0.995059 -0.01035749 -0.1204518 0.9926651 -0.06528788 -0.04124391 0.9970138 -0.02806758 -0.09040004 0.99551 -0.06213289 -0.02945637 0.9976332 -0.04176753 -0.06363302 0.9970991 -0.05823665 -0.01906198 0.9981209 -0.04913151 -0.04315018 0.9978598 -0.05853909 -0.01044297 0.9982305 -0.05500531 -0.02194231 0.998245 -0.0565871 0.008277714 0.9983634 -0.05727738 0.01706361 0.9982125 -0.05469292 0.02530038 0.9981827 -0.04521226 0.06057983 0.9971389 -0.05591404 0.041808 0.9975599 -0.0376327 0.1090958 0.9933186 -0.07650995 0.06077837 0.9952147 -0.03017896 0.1317617 0.990822 -0.08797651 0.0587784 0.9943869 -0.08246427 0.1344181 0.9874875 -0.1263074 0.05558812 0.9904325 -0.1248182 0.125678 0.9841877 -0.1550149 0.03847038 0.9871629 -0.1622439 0.1071121 0.98092 -0.1778655 0.01414233 0.9839532 -0.1944417 0.08151465 0.9775214 -0.2937841 0.4752237 0.8293694 -0.509705 0.04357004 0.8592454 -0.4326438 0.3752275 0.8197705 -0.5184719 -0.02224653 0.8548053 -0.5331885 0.2810143 0.7979606 -0.6087614 0 0.7933533 -0.555265 -0.03320401 0.8310105 -0.4422864 0 0.8968739 -0.3214389 0 0.9469304 -0.1949827 -0.03320294 0.9802445 -0.1305265 0 0.9914449 -0.09725189 0 0.9952599 -0.180788 0.1590424 0.9705778 -0.1690004 0.9058206 0.3884947 -0.1825772 0.07744729 0.9801365 -0.2079391 0.1001342 0.9730029 -0.4308898 0.05554157 0.9006938 -0.5857523 0.1701501 0.7924289 -0.5901157 0.148217 0.7935965 -0.7739285 0.1033492 0.6247829 -0.2149813 0.3164955 0.9239121 -0.2312234 0.3383442 0.9121726 -0.2044788 0.4039379 0.8916405 -0.2223742 0.5045934 0.8342274 -0.1911949 0.4845895 0.853591 -0.2312084 0.6325439 0.7392097 -0.1778398 0.614785 0.768383 -0.2382026 0.7500801 0.6169598 -0.1732465 0.7354246 0.655085 -0.2445748 0.8349336 0.4930203 -0.1913044 0.8283153 0.5265895 -0.220772 0.8848992 0.4101382 -0.2547179 0.9063423 0.3371384 -0.274548 0.9424188 0.190972 -0.1558043 0.9588564 0.2373175 -0.497673 0.7927328 0.3519893 -0.2135045 0.2134671 0.9533351 -0.2038149 0.2025707 0.9578229 -0.5900513 0.1483687 0.7936159 -0.5985904 0.2474287 0.7618849 -0.5791131 0.2336432 0.7810499 -0.600045 0.3465684 0.7209968 -0.576549 0.3303689 0.7472937 -0.6041982 0.4339121 0.66833 -0.5659909 0.4245116 0.7067137 -0.6071932 0.5165674 0.6037172 -0.5628976 0.5131196 0.6479619 -0.6135813 0.5839218 0.5315575 -0.5580347 0.5938915 0.5795604 -0.6171541 0.6377971 0.4607989 -0.5651314 0.6499857 0.5080798 -0.5821595 0.6570695 0.4789052 -0.6510329 0.6080952 0.4542868 -0.81689 0.2080633 0.5379596 -0.8475324 0.1101386 0.5191902 -0.8749542 0.2372813 0.4220817 -0.8692788 0.1299189 0.476944 -0.8562963 0.1131789 0.5039317 -0.8682991 0.1577152 0.4703008 -0.8461828 0.1489856 0.5116426 -0.8628587 0.1862184 0.4698912 -0.8389018 0.1836952 0.5123474 -0.8567375 0.2085911 0.4716892 -0.8311659 0.216633 0.5120874 -0.8486096 0.229607 0.4765948 -0.8274262 0.237681 0.5087963 -0.8415706 0.2430573 0.4823714 -0.8227083 0.2588083 0.5061318 -0.0762214 0.4409984 0.8942654 -0.1959414 0.9648741 0.1750004 -0.1575523 0.9806497 0.1162048 -0.1356139 0.9806504 0.1411873 -0.1356154 0.9806494 0.1411931 -0.1097642 0.9806499 0.162104 -0.1097637 0.98065 0.162104 -0.08074635 0.9806499 0.1783423 -0.08074504 0.98065 0.1783427 -0.04939842 0.98065 0.1894341 -0.04939854 0.9806495 0.1894373 -0.4910423 0.792284 0.3621653 -0.016626 0.9806501 0.1950613 -0.016626 0.9806499 0.1950629 -0.03767073 0.8962352 0.4419768 -0.4588885 0.8297606 0.3176773 -0.3858187 0.8305388 0.4016832 -0.3858162 0.8305405 0.401682 -0.312271 0.8305411 0.4611814 -0.3122732 0.8305371 0.4611872 -0.229718 0.8305405 0.5073779 -0.2297192 0.8305377 0.5073817 -0.1405363 0.8305379 0.53894 -0.140536 0.8305413 0.5389348 -0.03071832 0.8297635 0.5572692 -0.05181735 0.7922866 0.6079449 -0.6544011 0.6082595 0.4491988 -0.6698948 0.5541875 0.4940822 -0.576617 0.5541805 0.6003306 -0.5766214 0.5541768 0.60033 -0.4667012 0.5541818 0.6892551 -0.4667043 0.5541766 0.6892572 -0.3433215 0.5541762 0.7583002 -0.3433231 0.5541787 0.7582976 -0.2100355 0.554182 0.8054611 -0.2100372 0.5541803 0.8054618 -0.07069158 0.5541796 0.8293899 -0.04054439 0.6082633 0.7926992 -0.7775496 0.2579422 0.5734827 -0.7678698 0.19487 0.6102473 -0.7037449 0.1948509 0.6832103 -0.6852639 0.1463282 0.7134433 -0.6431651 0.1949743 0.7404889 -0.5499756 0.1944159 0.8122373 -0.5499734 0.1944133 0.8122393 -0.4045823 0.1944119 0.8935979 -0.4045792 0.1944134 0.893599 -0.285236 0.1948981 0.9384323 -0.2496635 0.1449062 0.9574291 -0.2045081 0.1949387 0.9592578 -0.08330595 0.194413 0.9773759 -0.08330488 0.1944124 0.9773762 0 0.9807851 0.1950915 0 0.9807852 0.1950909 0 0.8968741 0.4422861 0 0.8968747 0.4422848 0 0.7933512 0.6087644 0 0.7933537 0.608761 0 0.6087582 0.7933558 0 0.6087662 0.7933498 0 0.442287 0.8968737 0 0.4422848 0.8968746 0 0.1950907 0.9807853 0 0.1950908 0.9807853 -0.1172605 0.4392253 -0.8906913 -0.1280592 0.1934871 0.9727095 -0.5496034 0.2860713 -0.78492 -0.5972617 0.1934725 -0.7783616 -0.4145569 0.1943732 -0.889023 -0.369848 0.256839 -0.8928864 -0.2949366 0.1949102 -0.9354264 -0.1280602 0.1934856 -0.9727097 -0.1280592 0.1934837 -0.9727101 -0.6626335 0.1949072 -0.7231376 -0.7783617 0.1934795 -0.5972594 -0.7783632 0.1934884 -0.5972547 -0.9064216 0.1934797 -0.375454 -0.9064198 0.1934925 -0.3754515 -0.9575704 0.1949107 -0.2122943 -0.9581825 0.2568527 -0.1261467 -0.9771947 0.1943734 -0.085496 -0.9727084 0.1934922 0.1280594 -0.9545617 0.286072 0.08351582 -0.9575706 0.1949097 0.2122943 -0.906422 0.1934798 0.3754529 -0.9064189 0.1934967 0.3754518 -0.77836 0.1934896 0.5972583 -0.7783644 0.1934813 0.5972554 -0.6626345 0.1949036 0.7231377 -0.588342 0.256839 0.7667382 -0.5626361 0.1943653 0.8035314 -0.3754545 0.1934834 0.9064205 -0.4049569 0.2860646 0.8684336 -0.2949364 0.19491 0.9354265 -0.07988882 0.790817 -0.6068166 -0.1038812 0.6054636 -0.7890643 -0.1281681 0.5533574 -0.823024 -0.3190299 0.5522716 -0.7702051 -0.319027 0.5522743 -0.7702045 -0.5075014 0.55228 -0.6613843 -0.5075052 0.5522608 -0.6613973 -0.6613987 0.5522571 -0.5075076 -0.6613881 0.5522759 -0.5075008 -0.77021 0.5522639 -0.3190316 -0.7702032 0.5522762 -0.3190267 -0.8265421 0.5522566 -0.108816 -0.8265264 0.5522795 -0.1088182 -0.8265324 0.5522714 0.1088154 -0.8265343 0.5522677 0.1088193 -0.77021 0.552264 0.3190317 -0.7702081 0.5522683 0.3190287 -0.6613948 0.5522645 0.5075047 -0.6613933 0.5522661 0.5075048 -0.5075044 0.5522726 0.6613882 -0.5075026 0.5522665 0.6613946 -0.319029 0.5522753 0.7702029 -0.3190274 0.5522722 0.7702059 -0.02567559 0.9804617 -0.1950269 -0.05812978 0.8953591 -0.441535 -0.1280603 0.193482 0.9727103 -0.1172603 0.4392285 0.8906898 -0.1281687 0.5533559 0.8230249 -0.1038812 0.6054636 0.7890643 -0.07988893 0.7908163 0.6068176 -0.09462112 0.8303984 -0.5490768 -0.2138708 0.8292533 -0.5163316 -0.2138704 0.8292555 -0.5163283 -0.3402161 0.829257 -0.4433803 -0.3402185 0.8292567 -0.4433788 -0.4433832 0.8292547 -0.3402177 -0.443383 0.8292527 -0.3402228 -0.5163353 0.8292506 -0.213872 -0.516335 0.8292512 -0.213871 -0.5540959 0.8292504 -0.07295 -0.5540854 0.8292576 -0.07294732 -0.5540959 0.8292505 0.07295 -0.554087 0.8292566 0.0729475 -0.5163353 0.8292506 0.213872 -0.5163364 0.8292502 0.2138716 -0.443387 0.8292503 0.3402234 -0.4433763 0.8292591 0.3402161 -0.3402162 0.8292568 0.4433802 -0.3402167 0.829259 0.4433758 -0.2138704 0.8292562 0.516327 -0.2138711 0.8292532 0.5163316 -0.09462064 0.8303988 0.5490765 -0.05812978 0.8953591 0.441535 -0.02567583 0.9804621 -0.1950254 -0.07527726 0.980462 -0.1817353 -0.07527685 0.9804612 -0.1817391 -0.1197508 0.9804611 -0.1560639 -0.1197507 0.9804613 -0.1560618 -0.1560586 0.9804623 -0.1197482 -0.1560595 0.980462 -0.1197488 -0.1817362 0.9804617 -0.07527858 -0.1817355 0.980462 -0.07527726 -0.1950296 0.9804613 -0.02567559 -0.1950222 0.9804627 -0.02567678 -0.1950247 0.9804622 0.02567654 -0.1950268 0.9804618 0.02567553 -0.181734 0.9804621 0.07527762 -0.1817364 0.9804618 0.07527762 -0.1560586 0.9804623 0.1197482 -0.1560589 0.9804621 0.1197484 -0.1197508 0.9804611 0.1560639 -0.1197499 0.9804617 0.1560607 -0.07527726 0.9804614 0.1817384 -0.07527691 0.9804618 0.1817365 -0.02567559 0.9804624 0.1950239 -0.02567577 0.9804615 0.1950281 0 0.9807852 -0.1950909 0 0.9807851 -0.1950915 0 0.8968747 -0.4422848 0 0.8968741 -0.4422861 0 0.7933516 -0.6087638 0 0.7933533 -0.6087615 0 0.6087597 -0.7933548 0 0.6087648 -0.7933508 0 0.4422884 -0.8968729 0 0.4422835 -0.8968754 0 0.1950914 -0.9807851 0 0.1950901 -0.9807853 -0.2089978 0.9656909 -0.1541463 -0.016626 0.9806501 -0.1950613 -0.016626 0.9806495 -0.1950648 -0.08330535 0.1944119 -0.9773762 -0.07622134 0.4409999 -0.8942647 -0.05301201 0.5533959 -0.8312298 -0.06746542 0.6073728 -0.7915471 -0.04730057 0.8305399 -0.5549472 -0.02722716 0.7930582 -0.6085372 -0.03767073 0.8962352 -0.4419768 -0.08074569 0.9806494 -0.1783453 -0.08074587 0.98065 -0.178342 -0.2297186 0.8305391 -0.5073797 -0.2297184 0.8305386 -0.5073806 -0.343321 0.5541778 -0.7582992 -0.3433227 0.554178 -0.7582984 -0.1097643 0.9806498 -0.1621047 -0.1097634 0.9806497 -0.1621055 -0.3122722 0.8305369 -0.4611884 -0.3122728 0.8305394 -0.4611834 -0.4667029 0.5541824 -0.6892535 -0.4667028 0.5541765 -0.6892582 -0.1356143 0.9806496 -0.141192 -0.1356153 0.9806497 -0.1411906 -0.3858162 0.8305424 -0.4016783 -0.3858181 0.8305375 -0.4016864 -0.5766177 0.5541765 -0.6003338 -0.5766203 0.5541782 -0.6003295 -0.2893754 0.09926599 -0.9520547 -0.2045083 0.1949388 -0.9592577 -0.08330547 0.1944124 -0.9773761 -0.04939854 0.9806492 -0.1894388 -0.04939854 0.9806498 -0.189436 -0.1405361 0.8305385 -0.5389393 -0.1405365 0.8305392 -0.5389381 -0.2100362 0.5541803 -0.805462 -0.2100361 0.5541815 -0.8054612 -0.2475138 0.1944109 -0.9491794 -0.4045797 0.1944206 -0.8935973 -0.4045802 0.1944089 -0.8935995 -0.5499761 0.1944112 -0.812238 -0.5499733 0.1944139 -0.8122392 -0.6795027 0.1944158 -0.7074452 -0.7130267 0.1114712 -0.6922191 -0.6431654 0.1949759 -0.7404881 -0.1355583 0.9806485 -0.1412537 -0.5044074 0.7930573 -0.3415166 -0.4482368 0.8305361 -0.3305957 -0.6393303 0.6073757 -0.4715418 -0.6807147 0.553399 -0.4799761 -0.7614958 0.2572805 -0.594921 -0.7894271 0.1944208 -0.5822417 -0.2133851 0.2284983 -0.9498713 -0.51381 0.7933153 -0.3265733 -0.8732926 0.1484494 -0.464029 -0.80207 0.1463097 -0.5790314 -0.8009243 0.136849 -0.5829176 -0.4909306 0.0808345 -0.8674405 -0.6077057 0.2389975 -0.7573467 -0.6238172 0.1599953 -0.7650187 -0.3302829 0.08948677 -0.9396304 -0.2058072 0.1109327 -0.9722846 -0.1823139 0.09393876 -0.9787427 -0.2245104 0.9658986 -0.1289772 -0.863249 0.09692955 -0.4953845 -0.8648509 0.1046425 -0.491002 -0.8635724 0.1381011 -0.4849441 -0.8610566 0.1288068 -0.4919252 -0.8572033 0.1720417 -0.4853907 -0.8515605 0.1594032 -0.4994351 -0.8557497 0.1951133 -0.4791904 -0.8466021 0.1798303 -0.5009252 -0.8489746 0.2208033 -0.4800917 -0.8369507 0.2095705 -0.5055629 -0.846478 0.234294 -0.4781019 -0.8322473 0.2255097 -0.506468 -0.8397707 0.2518455 -0.480998 -0.8255159 0.2493857 -0.5062906 -0.8360262 0.2587377 -0.4838543 -0.5474503 -0.05141925 -0.8352571 -0.5975064 0.2422 -0.7644117 -0.5827476 0.2693099 -0.7667317 -0.5946958 0.3277771 -0.7340975 -0.5858845 0.3602979 -0.725896 -0.5973177 0.4034759 -0.6931226 -0.5783035 0.4484482 -0.6815125 -0.5913798 0.4775293 -0.6497966 -0.5858126 0.5181046 -0.6232104 -0.5965442 0.5360876 -0.5972815 -0.5800895 0.5882099 -0.5634762 -0.5904988 0.597904 -0.5420535 -0.5927754 0.6343699 -0.4961777 -0.6001186 0.6388257 -0.481414 -0.5911178 0.6852511 -0.4254537 -0.5967946 0.6862883 -0.415746 -0.5301905 0.5908201 -0.6081362 -0.2193186 0.950886 -0.2184378 -0.1964045 0.9460737 -0.2576236 -0.2339394 0.9083592 -0.3466352 -0.2083822 0.8935512 -0.3976721 -0.2180582 0.8586591 -0.4638482 -0.1897736 0.8315047 -0.5220979 -0.2280625 0.7846055 -0.5765256 -0.2017011 0.7412749 -0.6401783 -0.2172665 0.7022241 -0.6779947 -0.1903715 0.6410245 -0.7435364 -0.223207 0.6005308 -0.7678162 -0.2012628 0.5187478 -0.8308996 -0.2162536 0.4884093 -0.8453938 -0.2020245 0.4158326 -0.8867183 -0.2320955 0.3602703 -0.9035138 -0.2142883 0.3286612 -0.9198166 -0.2050072 0.2426552 -0.9482039 -0.180788 0.1590439 -0.9705776 -0.09725189 0 -0.9952599 -0.1302724 -0.0621488 -0.9895285 -0.3093848 0.05541795 -0.9493208 -0.03267568 -0.9450038 -0.3254232 -0.4200545 -0.2796328 -0.8633422 -0.3082322 -0.1025854 -0.9457638 -0.655825 -0.02896171 -0.7543573 -0.1292006 -0.1420037 -0.9813981 -0.08916467 -0.1328995 -0.9871107 -0.1476486 -0.3131672 -0.9381504 -0.2336632 -0.3713421 -0.8986138 -0.0770148 -0.506606 -0.8587311 -0.1747282 -0.6197503 -0.7651011 -0.2382301 -0.6411541 -0.7294985 -0.0849049 -0.7949613 -0.6006894 -0.3012392 -0.8784413 -0.3709391 -0.3340259 -0.297775 -0.8942912 -0.4745122 -0.4579841 -0.7517238 -0.3502307 -0.5225728 -0.7773393 -0.533533 -0.6049187 -0.5911143 -0.3980662 -0.7003952 -0.592444 -0.4355695 -0.1025009 -0.8943002 -0.3354987 -0.02202826 -0.9417831 -0.6171813 -0.0759226 -0.7831495 -0.62441 -0.1000115 -0.7746677 -0.6020284 -0.107331 -0.791228 -0.6507107 -0.1632031 -0.7415797 -0.6205269 -0.189279 -0.7609993 -0.6838845 -0.2181615 -0.6962096 -0.6544792 -0.2586176 -0.7104745 -0.6935186 -0.1950911 -0.6935211 -0.6637662 -0.2587262 -0.7017657 -0.6341866 -0.442289 -0.6341829 -0.5609813 -0.6087667 -0.5609841 -0.4743172 -0.7066519 -0.5250393 -0.4304589 -0.793352 -0.4304625 -0.3127416 -0.8968762 -0.3127393 -0.1639465 -0.9655777 -0.2019441 -0.1379493 -0.9807853 -0.1379505 -0.02567583 -0.9804611 -0.1950307 -0.1197488 -0.980462 -0.1560598 -0.1197509 -0.9804611 -0.1560631 -0.5320906 -0.5501748 -0.6435738 -0.4844911 -0.6054708 -0.6314059 -0.3402208 -0.8292521 -0.4433857 -0.4000629 -0.7926418 -0.4600749 -0.2711108 -0.895358 -0.353317 -0.07527792 -0.9804618 -0.1817358 -0.07527703 -0.9804622 -0.181734 -0.2138698 -0.829257 -0.5163261 -0.2138714 -0.8292551 -0.5163286 -0.3190305 -0.5522708 -0.7702056 -0.3190293 -0.5522761 -0.7702023 -0.02567571 -0.9804623 -0.1950244 -0.05813014 -0.8953564 -0.4415404 -0.04741954 -0.8273825 -0.5596337 -0.07988792 -0.7908156 -0.6068184 -0.1088138 -0.5522693 -0.8265338 -0.05686402 -0.6077841 -0.7920638 -0.1172611 -0.4392411 -0.8906835 -0.5972558 -0.1934849 -0.7783631 -0.5972586 -0.1934853 -0.7783609 -0.5468914 -0.4392396 -0.7127262 -0.4338289 -0.194689 -0.8797094 -0.3783112 -0.1507583 -0.9133196 -0.3152877 -0.1946856 -0.9288117 -0.1280609 -0.1934832 -0.97271 -0.1280583 -0.1934836 -0.9727102 0 -0.9807857 -0.1950885 0 -0.9807851 -0.1950915 0 -0.8968757 -0.4422827 0 -0.8968712 -0.4422922 0 -0.7933524 -0.6087628 0 -0.7933552 -0.608759 0 -0.6087541 -0.7933591 0 -0.6087628 -0.7933524 0 -0.442289 -0.8968726 0 -0.4422921 -0.8968711 0 -0.19509 -0.9807854 0 -0.195089 -0.9807856 0.02331387 -0.9805191 -0.195036 0.02331387 -0.9805179 -0.1950415 0.07635533 -0.5514495 -0.8307065 0.09441 -0.606042 -0.78981 0.06626427 -0.8296449 -0.5543452 0.04279804 -0.7926242 -0.6082067 0.05279576 -0.8956264 -0.4416627 0.1164394 -0.1937625 -0.974114 0.1164414 -0.1937632 -0.9741135 0.1065978 -0.4397691 -0.8917623 0.06862789 -0.9805198 -0.1840413 0.06862777 -0.9805186 -0.1840481 0.1950587 -0.82964 -0.5231154 0.1950584 -0.8296425 -0.5231115 0.2911354 -0.5528441 -0.7807711 0.2911351 -0.5528461 -0.78077 0.3427623 -0.1937627 -0.9192226 0.34276 -0.1937663 -0.9192226 0.07155305 -0.9805876 0.1825604 0.2034728 -0.8301222 0.5191299 0.3039113 -0.5535542 0.775381 0.3579795 -0.1941033 0.9133316 0.3579819 -0.1941153 0.9133281 0.2210785 -0.1949113 0.9555805 0.1619294 -0.2680391 0.949702 0.1223087 -0.1947676 0.9731939 -0.02076315 -0.1943678 0.9807089 -0.03480708 -0.2315588 0.972198 -0.1208227 -0.1950729 0.9733183 -0.2336151 -0.1941115 0.9527565 -0.2336167 -0.1941083 0.9527567 -0.3565238 -0.1950063 0.9137086 -0.416222 -0.255993 0.8724831 -0.4480378 -0.1945839 0.872582 -0.593512 -0.194109 0.7810668 -0.5583533 -0.2792551 0.7811903 -0.6488491 -0.1950064 0.7355049 -0.7398717 -0.1940965 0.6441401 -0.739871 -0.1941116 0.6441364 -0.8098183 -0.1950882 0.5532948 -0.8482307 -0.2315562 0.4763259 -0.8622295 -0.1943585 0.4677445 -0.935114 -0.1941092 0.2964516 -0.8898468 -0.319534 0.325685 -0.9506841 -0.1949202 0.241259 -0.9758533 -0.1940819 0.1002132 -0.9758449 -0.1941239 0.1002138 -0.9758475 -0.1941112 -0.1002132 -0.97585 -0.1940982 -0.1002141 -0.9506858 -0.1949123 -0.2412589 -0.918366 -0.26803 -0.2911421 -0.9210937 -0.1947704 -0.3371217 -0.8622295 -0.1943585 -0.4677445 -0.8482292 -0.2315635 -0.476325 -0.8098188 -0.195085 -0.5532952 -0.7398717 -0.1940965 -0.6441401 -0.7398703 -0.1941129 -0.6441367 -0.6488499 -0.1950066 -0.7355041 -0.5848628 -0.2559791 -0.7696819 -0.5703697 -0.1945996 -0.7980034 -0.4223811 -0.1941023 -0.8853918 -0.4385951 -0.2792683 -0.8541917 -0.3565231 -0.1950093 -0.9137082 -0.2336162 -0.1941078 -0.9527569 -0.2336156 -0.1941101 -0.9527566 -0.1208227 -0.1950713 -0.9733186 -0.03480714 -0.2315596 -0.9721978 -0.02076315 -0.1943678 -0.9807089 0.164883 -0.1941061 -0.9670245 0.1181585 -0.3195534 -0.9401724 0.221078 -0.1949109 -0.9555805 0.3579803 -0.1941033 -0.9133313 0.3579805 -0.1941141 -0.913329 0.3039099 -0.5535529 0.7753825 0.1399784 -0.5535593 0.8209618 0.1399785 -0.5535527 0.8209662 -0.02979761 -0.5535587 0.832277 -0.02979749 -0.5535525 0.8322811 -0.1983306 -0.5535565 0.8088513 -0.1983304 -0.5535542 0.8088527 -0.3585827 -0.5535595 0.7516584 -0.3585817 -0.5535577 0.7516602 -0.5038672 -0.5535669 0.6630851 -0.5038683 -0.5535542 0.6630947 -0.6281169 -0.5535653 0.5468407 -0.6281228 -0.5535466 0.5468529 -0.7261533 -0.5535532 0.4077748 -0.7261511 -0.5535586 0.4077715 -0.7938752 -0.5535541 0.2516746 -0.7938624 -0.5535719 0.2516758 -0.8284567 -0.5535535 0.08507776 -0.828445 -0.5535711 0.08507633 -0.8284567 -0.5535534 -0.08507776 -0.8284456 -0.5535701 -0.08507645 -0.7938752 -0.5535538 -0.2516754 -0.7938621 -0.5535725 -0.2516754 -0.7261534 -0.5535531 -0.4077747 -0.7261492 -0.5535614 -0.4077711 -0.6281272 -0.5535431 -0.5468512 -0.6281138 -0.5535651 -0.5468445 -0.503868 -0.5535601 -0.66309 -0.5038671 -0.5535589 -0.6630916 -0.3585843 -0.5535542 -0.7516617 -0.3585802 -0.5535594 -0.7516597 -0.1983289 -0.5535619 -0.8088479 -0.1983316 -0.5535487 -0.8088563 -0.02979761 -0.5535574 -0.8322779 -0.02979749 -0.5535534 -0.8322805 0.1399788 -0.5535592 -0.8209617 0.1399779 -0.5535526 -0.8209664 0.3039116 -0.5535567 -0.7753792 0.3039092 -0.5535515 -0.7753838 0.2034775 -0.8301177 0.5191354 0.09371852 -0.8301213 0.5496504 0.09371781 -0.8301185 0.5496547 -0.01995021 -0.8301224 0.5572242 -0.01995021 -0.8301187 0.5572298 -0.1327857 -0.8301195 0.5415437 -0.1327855 -0.8301215 0.5415406 -0.2400814 -0.8301167 0.5032568 -0.2400779 -0.8301185 0.5032554 -0.3373466 -0.8301244 0.4439489 -0.3373535 -0.8301162 0.4439591 -0.4205344 -0.8301236 0.3661223 -0.4205403 -0.8301188 0.3661264 -0.4861754 -0.8301193 0.2730121 -0.4861736 -0.8301201 0.2730128 -0.5315158 -0.830119 0.1685038 -0.5315206 -0.8301156 0.1685058 -0.5546694 -0.830119 0.0569604 -0.5546694 -0.830119 0.05696016 -0.5546768 -0.830114 -0.05696117 -0.5546646 -0.8301222 -0.05695962 -0.5315228 -0.8301139 -0.168507 -0.5315178 -0.8301175 -0.1685049 -0.4861751 -0.8301188 -0.273014 -0.4861754 -0.830119 -0.2730127 -0.420535 -0.8301242 -0.3661205 -0.4205427 -0.8301157 -0.3661309 -0.3373483 -0.8301205 -0.443955 -0.3373525 -0.830118 -0.4439566 -0.2400804 -0.8301151 -0.5032598 -0.2400788 -0.8301199 -0.5032525 -0.1327859 -0.8301202 -0.5415427 -0.1327854 -0.8301217 -0.5415406 -0.01995021 -0.8301224 -0.5572242 -0.01995027 -0.8301194 -0.5572286 0.09371811 -0.8301183 -0.549655 0.09371846 -0.8301197 -0.5496526 0.2034742 -0.8301197 -0.5191333 0.2034758 -0.8301195 -0.5191332 0.07155245 -0.9805889 0.1825532 0.03295582 -0.9805883 0.1932891 0.03295677 -0.9805887 0.1932865 -0.007015526 -0.9805886 0.1959514 -0.007015824 -0.9805881 0.1959539 -0.04669469 -0.9805883 0.1904375 -0.04669487 -0.9805883 0.190437 -0.08442485 -0.9805887 0.17697 -0.08442527 -0.9805886 0.17697 -0.1186298 -0.9805887 0.1561176 -0.1186311 -0.9805883 0.1561191 -0.1478846 -0.9805885 0.1287492 -0.1478859 -0.9805885 0.1287478 -0.1709654 -0.9805884 0.09600692 -0.1709665 -0.9805884 0.09600561 -0.1869094 -0.9805884 0.05925554 -0.1869103 -0.9805883 0.05925488 -0.1950548 -0.9805879 0.02003014 -0.1950489 -0.980589 0.0200318 -0.1950548 -0.9805878 -0.02003121 -0.1950489 -0.980589 -0.02003061 -0.1869063 -0.9805891 -0.05925452 -0.1869133 -0.9805877 -0.05925577 -0.1709682 -0.980588 -0.09600645 -0.1709638 -0.9805887 -0.09600633 -0.1478845 -0.9805885 -0.1287492 -0.1478859 -0.9805884 -0.1287489 -0.1186317 -0.9805881 -0.1561202 -0.1186292 -0.980589 -0.1561163 -0.08442413 -0.980589 -0.1769685 -0.08442562 -0.9805882 -0.1769725 -0.04669469 -0.9805883 -0.1904375 -0.04669487 -0.9805878 -0.1904397 -0.007015645 -0.9805894 -0.1959472 -0.007015705 -0.9805877 -0.1959555 0.03295624 -0.9805887 -0.1932866 0.03295648 -0.9805884 -0.1932878 0.07155311 -0.9805883 -0.1825563 0.07155245 -0.9805887 -0.1825543 0.02331399 -0.980519 0.1950358 0.02331376 -0.9805184 0.195039 0.05279576 -0.8956264 0.4416627 0.04612272 -0.8283331 0.5583342 0.07257509 -0.7912632 0.6071536 0.09890234 -0.5528479 0.8273921 0.0686286 -0.9805184 0.1840486 0.06862723 -0.9805193 0.1840441 0.1950595 -0.8296384 0.5231178 0.1950581 -0.8296414 0.5231134 0.2911354 -0.5528441 0.7807711 0.2911354 -0.5528468 0.7807692 0.3427603 -0.193772 0.9192214 0.3427618 -0.1937598 0.9192234 0.05953019 -0.6076833 0.7919452 0.1065978 -0.4397691 0.8917623 0.1164386 -0.1937658 0.9741134 0.1164423 -0.1937613 0.9741138 0 -0.9807861 0.1950865 0 -0.9807847 0.1950935 0 -0.8968772 0.4422797 0 -0.8968696 0.4422953 0 -0.7933552 0.608759 0 -0.7933524 0.6087628 0 -0.608759 0.7933552 0 -0.6087579 0.7933561 0 -0.4422921 0.8968711 0 -0.442289 0.8968726 0 -0.19509 0.9807854 0 -0.195089 0.9807856 -0.1197497 -0.9804611 0.1560645 -0.02567547 -0.980462 0.1950264 -0.02567613 -0.9804614 0.1950285 -0.07883244 -0.5501753 0.8313199 -0.1038812 -0.6054669 0.7890619 -0.0729466 -0.8292516 0.5540945 -0.04243463 -0.7926414 0.6082096 -0.05813014 -0.8953564 0.4415404 -0.0752772 -0.9804617 0.1817371 -0.07527703 -0.9804621 0.1817349 -0.2138712 -0.8292546 0.5163294 -0.2138715 -0.8292554 0.5163279 -0.3190294 -0.5522695 0.7702069 -0.3190308 -0.5522743 0.770203 -0.1197497 -0.980462 0.1560593 -0.2711108 -0.895358 0.353317 -0.3621897 -0.8273813 0.4292538 -0.3725948 -0.7908174 0.4855729 -0.5075017 -0.5522738 0.6613893 -0.51987 -0.6077767 0.6002855 -0.5468914 -0.4392396 0.7127262 -0.1280593 -0.1934834 0.9727101 -0.1280599 -0.1934832 0.9727101 -0.1172611 -0.4392411 0.8906835 -0.3152878 -0.1946812 0.9288127 -0.3783112 -0.1507583 0.9133196 -0.4338289 -0.194689 0.8797094 -0.5972595 -0.1934814 0.7783612 -0.5972558 -0.1934893 0.778362 -0.6935186 -0.1950911 0.6935211 -0.663766 -0.2587262 0.701766 -0.6341866 -0.442289 0.6341829 -0.5609835 -0.6087635 0.5609853 -0.4743177 -0.7066515 0.5250394 -0.1379487 -0.9807858 0.1379474 -0.1639465 -0.9655777 0.2019441 -0.3127416 -0.8968762 0.3127393 -0.4304607 -0.793348 0.430468 -0.6630252 -0.2034105 0.7204316 -0.597657 -0.04655468 0.8003991 -0.6092826 -0.05744153 0.79087 -0.6217262 -0.09190297 0.7778241 -0.1291543 -0.1448202 0.9809926 -0.3077818 -0.1162894 0.9443237 -0.2070456 -0.9653609 0.1587783 -0.6952307 -0.2587772 0.6705884 -0.4838317 -0.6878226 0.5411165 -0.4344885 -0.682527 0.5876876 -0.516905 -0.7068986 0.4828081 -0.1659858 -0.9519987 0.2571908 -0.03407382 -0.9240391 0.3807764 -0.3837407 -0.8204979 0.4237055 -0.2095649 -0.8325819 0.512728 -0.02903747 -0.7292664 0.6836135 -0.3853293 -0.5189192 0.7630493 -0.4826343 -0.5693318 0.6655263 -0.6635321 -0.249462 0.7053325 -0.6800395 -0.2506595 0.6889964 -0.3317228 -0.6556978 0.6782481 -0.1761355 -0.6158517 0.7679213 -0.06825411 -0.4881312 0.8700973 -0.3551647 -0.1145654 0.9277569 -0.3592433 -0.1154196 0.9260792 -0.412382 -0.2593634 0.8733109 -0.6104695 -0.115226 0.7836135 -0.6384341 -0.1478289 0.7553468 -0.6306424 -0.18655 0.7533188 -0.4425989 -0.4180885 0.7932895 -0.3593798 -0.3215216 0.8760538 -0.1728116 -0.4085907 0.8962086 -0.08347946 -0.1663368 0.9825291 -0.1305304 0 0.9914444 -0.07272243 -0.09848082 0.9924782 -0.3093848 0.05541795 0.9493208 -0.2588185 0 -0.9659261 -0.3269914 -0.003453433 -0.945021 -0.07350403 0 -0.997295 -0.9659259 0 -0.258819 -0.9903945 -0.006352126 -0.1381241 -0.9219202 0 -0.3873799 -0.7071067 0 -0.7071068 -0.8344178 -0.01009505 -0.5510401 -0.6686863 0 -0.7435447 -0.9908368 0 0.1350651 -0.9659203 -0.003360867 0.2588179 -0.7071049 -0.002120792 0.7071055 -0.837339 -1.86215e-5 0.5466842 -0.9214152 4.4669e-5 0.3885796 -0.07316994 0 0.9973195 -0.2112086 -0.001863718 0.9774394 -0.2588189 -0.003121197 0.9659208 -0.3915349 0 0.9201633 -0.6686863 0 0.7435447 -0.1042556 0 0.9945506 -0.2761368 0.03313755 0.9605469 -0.1950899 0 0.9807854 -0.5555706 0 0.8314695 -0.5555715 0 0.8314688 -0.5555715 0 -0.8314688 -0.5555706 0 -0.8314695 -0.2962516 0 -0.95511 -0.1950625 0.01742804 -0.980636 -0.104217 0 -0.9945546 -1 -1.22864e-5 0 -1 -6.14319e-6 0 -1 -4.47284e-6 0 -1 1.82987e-6 0 -1 -1.74005e-6 0 -1 2.79173e-7 0 -1 1.77225e-6 0 -1 -6.14318e-6 0 -1 1.84913e-6 0 -1 -8.94568e-6 0 -1 1.17752e-6 0 -1 -1.54001e-6 0 -1 -3.12647e-6 0 -1 1.00966e-5 0 -1 -1.20786e-5 0 -1 -2.32587e-6 0 -1 3.12647e-6 0 0.9749277 0 0.2225219 0.9749277 0 0.2225221 0.7818315 0 0.6234899 0.7818319 0 0.6234894 0.4338843 0 0.9009686 0.4338847 0 0.9009684 -0.4338834 0 0.9009691 -0.4338831 0 0.9009693 -0.7818323 0 0.6234889 -0.7818326 0 0.6234884 -0.9749277 0 0.2225219 -0.9749277 0 0.2225221 -0.9749277 0 -0.2225219 -0.9749277 0 -0.2225221 -0.7818323 0 -0.6234889 -0.7818326 0 -0.6234884 -0.4338828 0 -0.9009694 -0.4338838 0 -0.9009689 0.433885 0 -0.9009683 0.4338841 0 -0.9009688 0.7818315 0 -0.6234899 0.7818319 0 -0.6234894 0.9749277 0 -0.2225219 0.9749277 0 -0.2225221 0 -1 -3.3539e-7 0 -1 -3.35386e-7 0 -1 3.35386e-7 0 -1 -3.35386e-7 0 -1 -5.86928e-7 0 -1 6.7077e-7 0 -1 3.3539e-7 -0.7818325 0 0.6234886 0.433885 0 0.9009683 0.4338841 0 0.9009688 0.7818316 0 0.6234896 0.7818316 0 -0.6234896 0.4338843 0 -0.9009686 0.4338847 0 -0.9009684 -0.7818325 0 -0.6234886 0 1 1.67693e-7 0 1 0</float_array>
          <technique_common>
            <accessor source="#link_1_3-mesh-normals-array" count="2632" stride="3">
              <param name="X" type="float"/>
              <param name="Y" type="float"/>
              <param name="Z" type="float"/>
            </accessor>
          </technique_common>
        </source>
        <vertices id="link_1_3-mesh-vertices">
          <input semantic="POSITION" source="#link_1_3-mesh-positions"/>
        </vertices>
        <triangles material="m_1-material" count="2906">
          <input semantic="VERTEX" source="#link_1_3-mesh-vertices" offset="0"/>
          <input semantic="NORMAL" source="#link_1_3-mesh-normals" offset="1"/>
          <p>0 0 1 0 2 0 2 1 1 1 3 1 3 2 1 2 4 2 4 0 1 0 5 0 4 3 5 3 6 3 6 4 7 4 4 4 4 5 7 5 8 5 4 0 8 0 9 0 10 6 11 6 12 6 12 7 11 7 4 7 12 8 4 8 13 8 13 0 4 0 9 0 14 0 15 0 16 0 16 9 15 9 17 9 17 10 18 10 16 10 16 11 18 11 19 11 16 0 19 0 20 0 16 12 21 12 22 12 22 0 23 0 16 0 16 13 23 13 24 13 16 14 24 14 25 14 25 0 26 0 16 0 16 15 26 15 27 15 16 16 27 16 28 16 28 0 29 0 30 0 31 0 32 0 33 0 33 0 32 0 34 0 33 0 34 0 2 0 2 0 34 0 35 0 2 17 35 17 0 17 20 18 36 18 16 18 16 19 36 19 37 19 16 20 37 20 21 20 30 0 38 0 28 0 28 21 38 21 39 21 28 0 39 0 16 0 33 0 40 0 31 0 31 0 40 0 41 0 31 0 41 0 14 0 14 0 41 0 42 0 14 0 42 0 15 0 43 22 44 22 45 22 46 22 47 22 48 22 48 22 47 22 49 22 43 22 45 22 50 22 51 22 52 22 53 22 53 22 52 22 54 22 55 22 50 22 56 22 56 22 50 22 45 22 56 22 45 22 57 22 57 23 45 23 53 23 57 22 53 22 48 22 48 22 53 22 54 22 48 24 54 24 46 24 58 25 59 25 60 25 60 25 59 25 61 25 62 26 63 26 64 26 64 27 63 27 65 27 65 28 66 28 64 28 64 29 66 29 67 29 64 30 67 30 68 30 69 31 70 31 68 31 68 32 70 32 71 32 68 33 71 33 64 33 69 34 72 34 70 34 70 35 72 35 73 35 70 36 73 36 74 36 74 37 73 37 75 37 73 38 76 38 75 38 75 39 76 39 77 39 75 40 77 40 1 40 1 41 77 41 78 41 1 42 78 42 5 42 11 43 10 43 79 43 79 44 10 44 80 44 79 45 80 45 81 45 81 46 80 46 82 46 81 47 82 47 83 47 83 48 82 48 84 48 83 49 84 49 85 49 85 50 84 50 86 50 85 51 86 51 87 51 86 52 88 52 87 52 87 53 88 53 89 53 87 54 89 54 90 54 90 55 89 55 91 55 90 56 91 56 92 56 45 57 44 57 93 57 93 58 44 58 90 58 93 59 90 59 94 59 94 60 90 60 92 60 63 61 62 61 95 61 96 61 97 61 98 61 95 61 96 61 63 61 63 61 96 61 98 61 63 62 98 62 99 62 99 63 98 63 100 63 99 64 100 64 101 64 102 61 103 61 101 61 101 61 103 61 104 61 101 65 104 65 99 65 99 66 104 66 105 66 99 61 105 61 106 61 106 61 105 61 107 61 108 67 109 67 110 67 109 67 111 67 110 67 110 68 111 68 112 68 110 67 112 67 113 67 114 67 115 67 116 67 117 67 118 67 110 67 110 67 118 67 119 67 110 69 119 69 120 69 121 67 122 67 110 67 110 70 122 70 123 70 110 71 123 71 117 71 124 67 108 67 125 67 125 67 108 67 110 67 125 72 110 72 126 72 126 73 110 73 120 73 116 67 115 67 112 67 112 67 115 67 127 67 112 74 127 74 113 74 128 67 129 67 130 67 114 67 116 67 131 67 131 67 116 67 132 67 131 67 132 67 130 67 130 67 132 67 133 67 130 67 133 67 128 67 129 67 134 67 130 67 130 67 134 67 135 67 130 75 135 75 136 75 136 67 137 67 130 67 130 76 137 76 138 76 130 77 138 77 139 77 139 67 140 67 130 67 130 67 140 67 141 67 130 67 141 67 142 67 143 25 144 25 145 25 145 25 144 25 146 25 147 78 148 78 149 78 149 79 148 79 150 79 149 80 150 80 151 80 151 81 150 81 152 81 151 82 152 82 153 82 153 83 152 83 154 83 153 84 154 84 155 84 155 85 154 85 156 85 155 86 156 86 125 86 125 87 156 87 157 87 125 88 157 88 124 88 158 89 159 89 160 89 104 90 103 90 161 90 161 91 103 91 158 91 161 92 158 92 162 92 162 93 158 93 160 93 149 94 163 94 147 94 147 95 163 95 164 95 147 96 164 96 165 96 165 97 164 97 159 97 165 98 159 98 166 98 166 99 159 99 158 99 167 100 168 100 169 100 169 101 168 101 170 101 169 102 170 102 171 102 171 103 170 103 172 103 47 104 46 104 170 104 170 105 46 105 173 105 170 106 173 106 172 106 174 107 175 107 176 107 176 108 175 108 177 108 176 109 177 109 178 109 167 110 169 110 177 110 177 111 169 111 179 111 177 112 179 112 178 112 180 113 181 113 182 113 174 114 176 114 182 114 182 115 176 115 183 115 182 116 183 116 180 116 121 117 184 117 122 117 122 118 184 118 185 118 181 119 180 119 185 119 185 120 180 120 186 120 185 121 186 121 122 121 52 122 51 122 187 122 187 123 51 123 188 123 187 124 188 124 189 124 189 125 188 125 190 125 189 126 190 126 191 126 191 127 190 127 192 127 191 128 192 128 193 128 193 129 192 129 194 129 193 130 194 130 195 130 195 131 194 131 196 131 195 132 196 132 197 132 197 133 196 133 198 133 197 134 198 134 199 134 199 135 198 135 200 135 199 136 200 136 201 136 201 136 200 136 202 136 201 137 202 137 203 137 203 138 202 138 204 138 203 139 204 139 205 139 205 139 204 139 206 139 205 140 206 140 207 140 207 141 206 141 208 141 207 142 208 142 209 142 209 142 208 142 210 142 209 143 210 143 211 143 211 143 210 143 212 143 211 144 212 144 213 144 213 145 212 145 214 145 213 146 214 146 215 146 215 147 214 147 216 147 215 148 216 148 217 148 217 149 216 149 218 149 217 150 218 150 219 150 219 151 218 151 220 151 219 152 220 152 221 152 221 152 220 152 222 152 221 153 222 153 223 153 223 153 222 153 224 153 223 154 224 154 225 154 225 155 224 155 226 155 225 156 226 156 227 156 227 156 226 156 228 156 227 157 228 157 229 157 229 158 228 158 230 158 229 159 230 159 231 159 231 159 230 159 232 159 231 160 232 160 233 160 233 161 232 161 234 161 233 162 234 162 235 162 235 163 234 163 236 163 235 164 236 164 237 164 237 165 236 165 238 165 237 166 238 166 239 166 239 167 238 167 240 167 239 168 240 168 241 168 241 169 240 169 242 169 241 170 242 170 243 170 243 171 242 171 244 171 243 172 244 172 107 172 107 173 244 173 106 173 245 67 246 67 247 67 248 174 249 174 250 174 250 175 249 175 251 175 252 67 253 67 254 67 255 176 256 176 257 176 257 177 256 177 258 177 257 67 258 67 254 67 254 67 258 67 259 67 254 178 259 178 252 178 260 179 261 179 262 179 246 67 249 67 247 67 247 180 249 180 248 180 247 67 248 67 263 67 263 181 248 181 264 181 252 67 265 67 253 67 253 182 265 182 266 182 253 67 266 67 251 67 251 183 266 183 267 183 251 184 267 184 250 184 268 67 269 67 257 67 257 185 269 185 270 185 257 186 270 186 255 186 271 67 272 67 268 67 268 187 272 187 273 187 268 67 273 67 269 67 274 67 275 67 276 67 276 188 275 188 277 188 276 189 277 189 271 189 271 190 277 190 278 190 271 67 278 67 272 67 274 191 276 191 262 191 262 67 276 67 279 67 262 192 279 192 280 192 245 67 247 67 281 67 281 193 247 193 146 193 281 67 146 67 144 67 260 67 262 67 282 67 282 194 262 194 280 194 282 67 280 67 144 67 144 67 280 67 283 67 144 195 283 195 281 195 284 196 285 196 286 196 284 0 286 0 287 0 288 197 289 197 290 197 290 0 289 0 291 0 290 198 291 198 292 198 292 199 291 199 293 199 294 200 295 200 296 200 296 0 295 0 297 0 298 0 299 0 300 0 300 201 299 201 287 201 300 0 287 0 301 0 301 202 287 202 286 202 285 203 284 203 302 203 302 204 284 204 303 204 302 205 303 205 304 205 59 0 305 0 61 0 61 206 305 206 306 206 61 0 306 0 307 0 307 207 306 207 292 207 307 0 292 0 308 0 308 0 292 0 293 0 295 0 309 0 297 0 297 208 309 208 310 208 297 209 310 209 288 209 288 210 310 210 311 210 288 211 311 211 289 211 312 0 313 0 59 0 59 212 313 212 314 212 59 213 314 213 305 213 312 0 315 0 313 0 313 214 315 214 316 214 313 0 316 0 317 0 317 215 316 215 318 215 317 0 318 0 303 0 303 0 318 0 319 0 303 216 319 216 304 216 298 0 320 0 299 0 299 217 320 217 321 217 299 0 321 0 296 0 296 218 321 218 322 218 296 0 322 0 294 0 143 219 323 219 144 219 144 220 323 220 282 220 323 221 324 221 282 221 282 222 324 222 325 222 282 223 325 223 260 223 325 224 326 224 260 224 260 225 326 225 327 225 260 226 327 226 261 226 328 227 329 227 330 227 328 228 330 228 331 228 330 229 332 229 331 229 331 230 332 230 333 230 331 231 333 231 334 231 334 232 333 232 335 232 334 233 335 233 336 233 336 234 335 234 337 234 336 235 337 235 338 235 338 236 337 236 339 236 338 237 339 237 340 237 340 238 339 238 261 238 340 239 261 239 341 239 341 240 261 240 327 240 54 241 342 241 46 241 46 242 342 242 343 242 46 243 343 243 344 243 344 244 343 244 345 244 328 245 346 245 329 245 329 246 346 246 347 246 329 247 347 247 345 247 345 248 347 248 348 248 345 249 348 249 344 249 349 250 105 250 104 250 350 251 351 251 352 251 352 252 351 252 353 252 350 253 352 253 354 253 354 254 352 254 355 254 354 255 355 255 104 255 104 256 355 256 356 256 104 257 356 257 349 257 357 258 358 258 359 258 359 259 358 259 360 259 359 260 360 260 361 260 351 261 362 261 353 261 353 262 362 262 358 262 353 263 358 263 363 263 363 264 358 264 357 264 364 265 263 265 264 265 360 266 365 266 361 266 361 267 365 267 366 267 361 268 366 268 367 268 367 269 366 269 368 269 367 270 368 270 369 270 369 271 368 271 370 271 369 272 370 272 264 272 264 273 370 273 371 273 264 274 371 274 364 274 364 275 372 275 263 275 263 276 372 276 373 276 263 277 373 277 247 277 145 278 146 278 374 278 374 279 146 279 247 279 374 280 247 280 375 280 375 281 247 281 373 281 376 282 377 282 45 282 376 283 45 283 378 283 45 284 379 284 378 284 378 285 379 285 380 285 378 286 380 286 381 286 377 287 382 287 45 287 45 288 382 288 383 288 45 289 383 289 53 289 384 290 385 290 386 290 386 291 385 291 387 291 386 292 387 292 388 292 388 293 387 293 389 293 388 294 389 294 390 294 381 295 391 295 378 295 378 296 391 296 388 296 378 297 388 297 392 297 392 298 388 298 390 298 393 299 308 299 293 299 384 300 394 300 385 300 385 301 394 301 395 301 385 302 395 302 396 302 396 303 395 303 397 303 396 304 397 304 293 304 293 305 397 305 398 305 293 306 398 306 393 306 393 307 399 307 308 307 308 308 399 308 400 308 308 309 400 309 307 309 60 310 61 310 401 310 401 311 61 311 307 311 401 312 307 312 402 312 402 313 307 313 400 313 58 314 403 314 59 314 59 315 403 315 312 315 403 316 404 316 312 316 312 317 404 317 405 317 312 318 405 318 315 318 316 319 406 319 407 319 407 320 406 320 408 320 407 321 408 321 409 321 405 322 410 322 315 322 315 323 410 323 411 323 315 324 411 324 316 324 316 325 411 325 412 325 316 326 412 326 406 326 413 327 414 327 415 327 415 328 414 328 416 328 415 329 416 329 417 329 417 330 416 330 418 330 417 331 418 331 419 331 419 332 418 332 409 332 419 333 409 333 420 333 420 334 409 334 408 334 63 335 99 335 421 335 413 336 415 336 422 336 422 337 415 337 423 337 422 338 423 338 424 338 421 339 425 339 63 339 63 340 425 340 426 340 63 341 426 341 427 341 427 342 426 342 422 342 427 343 422 343 428 343 428 344 422 344 424 344 341 345 429 345 430 345 173 346 431 346 172 346 172 347 431 347 432 347 172 348 432 348 171 348 344 349 348 349 433 349 433 350 348 350 347 350 433 351 347 351 434 351 434 352 347 352 346 352 434 353 346 353 435 353 435 354 346 354 328 354 435 355 328 355 436 355 328 356 331 356 436 356 436 357 331 357 334 357 436 358 334 358 437 358 437 359 334 359 336 359 437 360 336 360 438 360 438 361 336 361 338 361 438 362 338 362 430 362 430 363 338 363 340 363 430 364 340 364 341 364 341 365 327 365 439 365 341 366 439 366 429 366 429 367 439 367 440 367 429 368 440 368 441 368 46 369 344 369 173 369 173 370 344 370 433 370 173 371 433 371 431 371 431 372 433 372 434 372 431 373 434 373 432 373 432 374 434 374 435 374 432 375 435 375 442 375 442 376 435 376 436 376 442 377 436 377 443 377 443 378 436 378 437 378 443 379 437 379 444 379 444 380 437 380 438 380 444 381 438 381 445 381 445 382 438 382 430 382 445 383 430 383 446 383 446 384 430 384 429 384 446 385 429 385 447 385 447 386 429 386 441 386 447 387 441 387 448 387 171 388 432 388 169 388 169 389 432 389 442 389 169 390 442 390 179 390 179 391 442 391 443 391 179 392 443 392 178 392 178 393 443 393 444 393 178 394 444 394 176 394 176 395 444 395 445 395 176 396 445 396 183 396 183 397 445 397 446 397 183 398 446 398 180 398 180 399 446 399 447 399 180 400 447 400 186 400 186 401 447 401 448 401 186 402 448 402 122 402 325 403 324 403 449 403 449 404 324 404 323 404 449 405 323 405 143 405 143 406 450 406 449 406 449 407 450 407 451 407 449 408 451 408 452 408 327 409 326 409 439 409 439 410 326 410 453 410 439 411 453 411 440 411 440 412 453 412 454 412 440 413 454 413 441 413 441 414 454 414 455 414 441 415 455 415 448 415 448 416 455 416 123 416 448 417 123 417 122 417 326 418 325 418 453 418 453 419 325 419 449 419 453 420 449 420 454 420 454 421 449 421 452 421 454 422 452 422 455 422 455 423 452 423 456 423 455 424 456 424 123 424 123 425 456 425 117 425 451 426 457 426 452 426 452 427 457 427 458 427 452 428 458 428 456 428 456 429 458 429 459 429 456 430 459 430 117 430 117 431 459 431 118 431 143 432 145 432 450 432 450 432 145 432 460 432 450 433 460 433 451 433 451 434 460 434 461 434 451 435 461 435 457 435 457 436 461 436 462 436 457 437 462 437 458 437 458 438 462 438 463 438 458 439 463 439 459 439 459 440 463 440 464 440 459 441 464 441 118 441 118 441 464 441 119 441 372 442 364 442 465 442 375 443 373 443 466 443 466 444 373 444 372 444 145 445 374 445 460 445 460 446 374 446 467 446 460 447 467 447 461 447 461 448 467 448 468 448 372 449 465 449 466 449 466 450 465 450 469 450 466 451 469 451 470 451 471 452 463 452 468 452 468 453 463 453 462 453 468 454 462 454 461 454 120 455 119 455 471 455 471 456 119 456 464 456 471 457 464 457 463 457 374 458 375 458 467 458 467 459 375 459 466 459 467 460 466 460 468 460 468 461 466 461 470 461 468 462 470 462 471 462 471 463 470 463 472 463 471 464 472 464 120 464 120 465 472 465 126 465 469 466 473 466 470 466 470 467 473 467 474 467 470 468 474 468 472 468 472 469 474 469 125 469 472 470 125 470 126 470 159 471 164 471 475 471 104 472 161 472 354 472 354 473 161 473 476 473 354 474 476 474 477 474 477 475 476 475 478 475 477 476 478 476 479 476 354 477 477 477 350 477 350 478 477 478 479 478 350 479 479 479 351 479 159 480 475 480 160 480 161 481 162 481 476 481 476 482 162 482 160 482 476 483 160 483 478 483 478 484 160 484 475 484 478 485 475 485 479 485 479 486 475 486 480 486 479 487 480 487 351 487 360 488 358 488 480 488 480 489 358 489 362 489 480 490 362 490 351 490 163 491 149 491 481 491 481 492 149 492 482 492 481 493 482 493 483 493 483 494 482 494 484 494 149 495 151 495 482 495 482 496 151 496 485 496 482 497 485 497 484 497 484 498 485 498 486 498 164 499 163 499 475 499 475 500 163 500 481 500 475 501 481 501 480 501 480 502 481 502 483 502 480 503 483 503 360 503 360 504 483 504 484 504 360 505 484 505 365 505 365 506 484 506 486 506 370 507 368 507 486 507 486 508 368 508 366 508 486 509 366 509 365 509 487 510 488 510 489 510 489 511 488 511 490 511 125 512 488 512 155 512 155 513 488 513 487 513 155 514 487 514 153 514 125 515 474 515 488 515 488 516 474 516 473 516 488 517 473 517 490 517 490 518 473 518 469 518 490 519 469 519 465 519 151 520 153 520 485 520 485 521 153 521 487 521 485 522 487 522 486 522 486 523 487 523 489 523 486 524 489 524 370 524 370 525 489 525 490 525 370 526 490 526 371 526 371 527 490 527 465 527 371 528 465 528 364 528 412 529 491 529 492 529 65 530 493 530 66 530 66 531 493 531 494 531 66 532 494 532 67 532 427 533 428 533 495 533 495 534 428 534 424 534 495 535 424 535 496 535 496 536 424 536 423 536 496 537 423 537 497 537 497 538 423 538 415 538 497 539 415 539 498 539 415 540 417 540 498 540 498 541 417 541 419 541 498 542 419 542 499 542 499 543 419 543 420 543 499 544 420 544 500 544 500 545 420 545 408 545 500 546 408 546 492 546 492 547 408 547 406 547 492 548 406 548 412 548 412 549 411 549 501 549 412 550 501 550 491 550 491 551 501 551 502 551 491 552 502 552 503 552 63 553 427 553 65 553 65 554 427 554 495 554 65 555 495 555 493 555 493 556 495 556 496 556 493 557 496 557 494 557 494 558 496 558 497 558 494 559 497 559 504 559 504 560 497 560 498 560 504 561 498 561 505 561 505 562 498 562 499 562 505 563 499 563 506 563 506 564 499 564 500 564 506 565 500 565 507 565 507 566 500 566 492 566 507 567 492 567 508 567 508 568 492 568 491 568 508 569 491 569 509 569 509 570 491 570 503 570 509 571 503 571 510 571 67 572 494 572 68 572 68 573 494 573 504 573 68 574 504 574 69 574 69 575 504 575 505 575 69 576 505 576 72 576 72 577 505 577 506 577 72 578 506 578 73 578 73 579 506 579 507 579 73 580 507 580 76 580 76 581 507 581 508 581 76 582 508 582 77 582 77 583 508 583 509 583 77 584 509 584 78 584 78 585 509 585 510 585 78 586 510 586 5 586 405 587 404 587 511 587 511 588 404 588 403 588 511 589 403 589 58 589 58 590 512 590 511 590 511 591 512 591 513 591 511 592 513 592 514 592 411 593 410 593 501 593 501 594 410 594 515 594 501 595 515 595 502 595 502 596 515 596 516 596 502 597 516 597 503 597 503 598 516 598 517 598 503 599 517 599 510 599 510 600 517 600 6 600 510 601 6 601 5 601 410 602 405 602 515 602 515 603 405 603 511 603 515 604 511 604 516 604 516 605 511 605 514 605 516 606 514 606 517 606 517 607 514 607 518 607 517 608 518 608 6 608 6 609 518 609 7 609 513 610 519 610 514 610 514 611 519 611 520 611 514 612 520 612 518 612 518 613 520 613 521 613 518 614 521 614 7 614 7 615 521 615 8 615 9 616 8 616 522 616 522 617 8 617 521 617 522 618 521 618 523 618 523 619 521 619 520 619 523 620 520 620 524 620 524 621 520 621 519 621 524 622 519 622 525 622 525 622 519 622 513 622 525 623 513 623 526 623 526 624 513 624 512 624 526 625 512 625 60 625 60 626 512 626 58 626 399 627 393 627 527 627 402 628 400 628 528 628 528 629 400 629 399 629 60 630 401 630 526 630 526 631 401 631 529 631 526 632 529 632 525 632 525 633 529 633 530 633 399 634 527 634 528 634 528 635 527 635 531 635 528 636 531 636 532 636 533 637 523 637 530 637 530 638 523 638 524 638 530 639 524 639 525 639 13 640 9 640 533 640 533 641 9 641 522 641 533 642 522 642 523 642 401 643 402 643 529 643 529 644 402 644 528 644 529 645 528 645 530 645 530 646 528 646 532 646 530 647 532 647 533 647 533 648 532 648 534 648 533 649 534 649 13 649 13 650 534 650 12 650 531 651 535 651 532 651 532 652 535 652 536 652 532 653 536 653 534 653 534 654 536 654 10 654 534 655 10 655 12 655 91 656 89 656 537 656 45 657 93 657 379 657 379 658 93 658 538 658 379 659 538 659 539 659 539 660 538 660 540 660 539 661 540 661 541 661 379 662 539 662 380 662 380 663 539 663 541 663 380 664 541 664 381 664 91 665 537 665 92 665 93 666 94 666 538 666 538 667 94 667 92 667 538 668 92 668 540 668 540 669 92 669 537 669 540 670 537 670 541 670 541 671 537 671 542 671 541 672 542 672 381 672 386 673 388 673 542 673 542 674 388 674 391 674 542 675 391 675 381 675 88 676 86 676 543 676 543 677 86 677 544 677 543 678 544 678 545 678 545 679 544 679 546 679 86 680 84 680 544 680 544 681 84 681 547 681 544 682 547 682 546 682 546 683 547 683 548 683 89 684 88 684 537 684 537 685 88 685 543 685 537 686 543 686 542 686 542 687 543 687 545 687 542 688 545 688 386 688 386 689 545 689 546 689 386 690 546 690 384 690 384 691 546 691 548 691 397 692 395 692 548 692 548 693 395 693 394 693 548 694 394 694 384 694 549 695 550 695 551 695 551 696 550 696 552 696 10 697 550 697 80 697 80 698 550 698 549 698 80 699 549 699 82 699 10 700 536 700 550 700 550 701 536 701 535 701 550 702 535 702 552 702 552 703 535 703 531 703 552 704 531 704 527 704 84 705 82 705 547 705 547 706 82 706 549 706 547 707 549 707 548 707 548 708 549 708 551 708 548 709 551 709 397 709 397 710 551 710 552 710 397 711 552 711 398 711 398 712 552 712 527 712 398 713 527 713 393 713 281 714 305 714 245 714 245 714 305 714 314 714 245 715 314 715 246 715 246 716 314 716 313 716 246 717 313 717 249 717 249 718 313 718 317 718 249 22 317 22 251 22 251 22 317 22 303 22 251 719 303 719 253 719 253 720 303 720 284 720 253 721 284 721 254 721 254 722 284 722 287 722 254 723 287 723 257 723 257 723 287 723 299 723 257 724 299 724 268 724 268 724 299 724 296 724 268 725 296 725 271 725 271 726 296 726 297 726 271 727 297 727 276 727 276 728 297 728 288 728 276 61 288 61 279 61 279 61 288 61 290 61 279 729 290 729 280 729 280 730 290 730 292 730 280 731 292 731 283 731 283 732 292 732 306 732 283 733 306 733 281 733 281 733 306 733 305 733 553 734 389 734 387 734 396 735 293 735 291 735 387 736 385 736 553 736 553 737 385 737 396 737 553 738 396 738 554 738 554 739 396 739 291 739 376 740 378 740 555 740 555 741 378 741 392 741 555 742 392 742 390 742 389 743 553 743 390 743 390 744 553 744 556 744 390 745 556 745 555 745 53 746 383 746 51 746 51 747 383 747 382 747 51 748 382 748 377 748 376 749 555 749 377 749 377 750 555 750 557 750 377 751 557 751 51 751 242 752 240 752 558 752 208 753 206 753 559 753 204 754 202 754 560 754 553 755 554 755 561 755 562 756 319 756 318 756 554 757 291 757 289 757 554 758 289 758 561 758 561 759 289 759 311 759 561 760 311 760 563 760 563 761 311 761 310 761 563 762 310 762 564 762 564 763 310 763 309 763 564 764 309 764 565 764 555 765 556 765 566 765 566 766 556 766 553 766 553 767 561 767 566 767 566 768 561 768 563 768 566 769 563 769 567 769 567 770 563 770 564 770 567 771 564 771 568 771 568 772 564 772 565 772 568 773 565 773 569 773 318 774 570 774 562 774 562 775 570 775 571 775 562 776 571 776 572 776 555 777 566 777 573 777 573 778 566 778 567 778 573 779 567 779 574 779 574 780 567 780 568 780 574 781 568 781 575 781 575 782 568 782 569 782 575 783 569 783 576 783 321 784 320 784 577 784 577 785 320 785 578 785 577 786 578 786 579 786 579 787 578 787 580 787 579 788 580 788 581 788 581 789 580 789 582 789 320 790 298 790 578 790 578 791 298 791 583 791 578 792 583 792 580 792 580 793 583 793 584 793 580 794 584 794 582 794 582 795 584 795 585 795 298 796 300 796 583 796 583 797 300 797 586 797 583 798 586 798 584 798 584 799 586 799 587 799 584 800 587 800 585 800 585 801 587 801 588 801 301 802 286 802 589 802 589 803 286 803 590 803 589 804 590 804 591 804 591 805 590 805 592 805 591 806 592 806 593 806 593 807 592 807 594 807 286 808 285 808 590 808 590 809 285 809 595 809 590 810 595 810 592 810 592 811 595 811 596 811 592 812 596 812 594 812 594 813 596 813 597 813 285 814 302 814 595 814 595 815 302 815 598 815 595 816 598 816 596 816 596 817 598 817 599 817 596 818 599 818 597 818 597 819 599 819 600 819 188 820 51 820 573 820 573 821 51 821 557 821 573 822 557 822 555 822 200 823 198 823 576 823 576 824 198 824 196 824 576 825 196 825 575 825 575 826 196 826 194 826 575 827 194 827 574 827 574 828 194 828 192 828 574 829 192 829 573 829 573 830 192 830 190 830 573 831 190 831 188 831 202 832 200 832 560 832 560 833 200 833 576 833 560 834 576 834 601 834 601 835 576 835 569 835 601 836 569 836 602 836 602 837 569 837 565 837 602 838 565 838 295 838 295 839 565 839 309 839 206 840 204 840 559 840 559 841 204 841 560 841 559 842 560 842 603 842 603 843 560 843 601 843 603 844 601 844 604 844 604 845 601 845 602 845 604 846 602 846 294 846 294 847 602 847 295 847 210 848 208 848 605 848 605 849 208 849 559 849 605 850 559 850 606 850 606 851 559 851 603 851 606 852 603 852 607 852 607 853 603 853 604 853 607 854 604 854 322 854 322 855 604 855 294 855 322 856 321 856 607 856 607 857 321 857 577 857 607 858 577 858 606 858 606 859 577 859 579 859 606 860 579 860 605 860 605 861 579 861 581 861 605 862 581 862 210 862 210 863 581 863 212 863 224 864 222 864 588 864 588 865 222 865 220 865 588 866 220 866 585 866 585 867 220 867 218 867 585 868 218 868 582 868 582 869 218 869 216 869 582 870 216 870 581 870 581 871 216 871 214 871 581 872 214 872 212 872 226 873 224 873 593 873 593 874 224 874 588 874 593 875 588 875 591 875 591 876 588 876 587 876 591 877 587 877 589 877 589 878 587 878 586 878 589 879 586 879 301 879 301 880 586 880 300 880 238 881 236 881 600 881 600 882 236 882 234 882 600 883 234 883 597 883 597 884 234 884 232 884 597 885 232 885 594 885 594 886 232 886 230 886 594 887 230 887 593 887 593 888 230 888 228 888 593 889 228 889 226 889 240 890 238 890 558 890 558 891 238 891 600 891 558 892 600 892 608 892 608 893 600 893 599 893 608 894 599 894 609 894 609 895 599 895 598 895 609 896 598 896 304 896 304 897 598 897 302 897 244 898 242 898 610 898 610 899 242 899 558 899 610 900 558 900 572 900 572 901 558 901 608 901 572 902 608 902 562 902 562 903 608 903 609 903 562 904 609 904 319 904 319 905 609 905 304 905 571 906 611 906 572 906 572 907 611 907 612 907 572 908 612 908 610 908 610 909 612 909 613 909 610 910 613 910 244 910 244 911 613 911 106 911 421 912 99 912 106 912 613 913 612 913 426 913 613 914 426 914 106 914 106 915 426 915 425 915 106 916 425 916 421 916 318 917 316 917 570 917 570 918 316 918 407 918 570 919 407 919 571 919 571 920 407 920 409 920 571 921 409 921 418 921 418 922 416 922 571 922 571 923 416 923 414 923 571 924 414 924 611 924 611 925 414 925 413 925 611 926 413 926 612 926 612 927 413 927 422 927 612 928 422 928 426 928 614 929 359 929 361 929 369 930 264 930 248 930 361 931 367 931 614 931 614 932 367 932 369 932 614 933 369 933 615 933 615 934 369 934 248 934 352 935 353 935 616 935 616 936 353 936 363 936 616 937 363 937 357 937 359 938 614 938 357 938 357 939 614 939 617 939 357 940 617 940 616 940 105 941 349 941 107 941 107 942 349 942 356 942 107 943 356 943 355 943 352 944 616 944 355 944 355 945 616 945 618 945 355 946 618 946 107 946 189 947 191 947 619 947 223 948 225 948 620 948 227 949 229 949 621 949 614 950 615 950 622 950 623 951 274 951 262 951 615 952 248 952 250 952 615 953 250 953 622 953 622 954 250 954 267 954 622 955 267 955 624 955 624 956 267 956 266 956 624 957 266 957 625 957 625 958 266 958 265 958 625 959 265 959 626 959 616 960 617 960 627 960 627 961 617 961 614 961 614 962 622 962 627 962 627 963 622 963 624 963 627 964 624 964 628 964 628 965 624 965 625 965 628 966 625 966 629 966 629 967 625 967 626 967 629 968 626 968 630 968 262 969 631 969 623 969 623 970 631 970 632 970 623 971 632 971 633 971 616 972 627 972 634 972 634 973 627 973 628 973 634 974 628 974 635 974 635 975 628 975 629 975 635 976 629 976 636 976 636 977 629 977 630 977 636 978 630 978 637 978 256 979 255 979 638 979 638 980 255 980 639 980 638 981 639 981 640 981 640 982 639 982 641 982 640 983 641 983 642 983 642 984 641 984 643 984 255 985 270 985 639 985 639 986 270 986 644 986 639 987 644 987 641 987 641 988 644 988 645 988 641 989 645 989 643 989 643 990 645 990 646 990 270 991 269 991 644 991 644 992 269 992 647 992 644 993 647 993 645 993 645 994 647 994 648 994 645 995 648 995 646 995 646 996 648 996 649 996 273 997 272 997 650 997 650 998 272 998 651 998 650 999 651 999 652 999 652 1000 651 1000 653 1000 652 1001 653 1001 654 1001 654 1002 653 1002 655 1002 272 1003 278 1003 651 1003 651 1004 278 1004 656 1004 651 1005 656 1005 653 1005 653 1006 656 1006 657 1006 653 1007 657 1007 655 1007 655 1008 657 1008 658 1008 278 1009 277 1009 656 1009 656 1010 277 1010 659 1010 656 1011 659 1011 657 1011 657 1012 659 1012 660 1012 657 1013 660 1013 658 1013 658 1014 660 1014 661 1014 243 1015 107 1015 634 1015 634 1016 107 1016 618 1016 634 1017 618 1017 616 1017 231 1018 233 1018 637 1018 637 1019 233 1019 235 1019 637 1020 235 1020 636 1020 636 1021 235 1021 237 1021 636 1022 237 1022 635 1022 635 1023 237 1023 239 1023 635 1024 239 1024 634 1024 634 1025 239 1025 241 1025 634 1026 241 1026 243 1026 229 1027 231 1027 621 1027 621 1028 231 1028 637 1028 621 1029 637 1029 662 1029 662 1030 637 1030 630 1030 662 1031 630 1031 663 1031 663 1032 630 1032 626 1032 663 1033 626 1033 252 1033 252 1034 626 1034 265 1034 225 1035 227 1035 620 1035 620 1036 227 1036 621 1036 620 1037 621 1037 664 1037 664 1038 621 1038 662 1038 664 1039 662 1039 665 1039 665 1040 662 1040 663 1040 665 1041 663 1041 259 1041 259 1042 663 1042 252 1042 221 1043 223 1043 666 1043 666 1044 223 1044 620 1044 666 1045 620 1045 667 1045 667 1046 620 1046 664 1046 667 1047 664 1047 668 1047 668 1048 664 1048 665 1048 668 1049 665 1049 258 1049 258 1050 665 1050 259 1050 258 1051 256 1051 668 1051 668 1052 256 1052 638 1052 668 1053 638 1053 667 1053 667 1054 638 1054 640 1054 667 1055 640 1055 666 1055 666 1056 640 1056 642 1056 666 1057 642 1057 221 1057 221 1058 642 1058 219 1058 207 1059 209 1059 649 1059 649 1060 209 1060 211 1060 649 1061 211 1061 646 1061 646 1062 211 1062 213 1062 646 1063 213 1063 643 1063 643 1064 213 1064 215 1064 643 1065 215 1065 642 1065 642 1066 215 1066 217 1066 642 1067 217 1067 219 1067 205 1068 207 1068 654 1068 654 1069 207 1069 649 1069 654 1070 649 1070 652 1070 652 1071 649 1071 648 1071 652 1072 648 1072 650 1072 650 1073 648 1073 647 1073 650 1074 647 1074 273 1074 273 1075 647 1075 269 1075 193 1076 195 1076 661 1076 661 1077 195 1077 197 1077 661 1078 197 1078 658 1078 658 1079 197 1079 199 1079 658 1080 199 1080 655 1080 655 1081 199 1081 201 1081 655 1082 201 1082 654 1082 654 1083 201 1083 203 1083 654 1084 203 1084 205 1084 191 1085 193 1085 619 1085 619 1086 193 1086 661 1086 619 1087 661 1087 669 1087 669 1088 661 1088 660 1088 669 1089 660 1089 670 1089 670 1090 660 1090 659 1090 670 1091 659 1091 275 1091 275 1092 659 1092 277 1092 187 1093 189 1093 671 1093 671 1094 189 1094 619 1094 671 1095 619 1095 633 1095 633 1096 619 1096 669 1096 633 1097 669 1097 623 1097 623 1098 669 1098 670 1098 623 1099 670 1099 274 1099 274 1100 670 1100 275 1100 632 1101 672 1101 633 1101 633 1102 672 1102 673 1102 633 1103 673 1103 671 1103 671 1104 673 1104 674 1104 671 1105 674 1105 187 1105 187 1106 674 1106 52 1106 673 1107 345 1107 674 1107 674 1108 345 1108 343 1108 674 1109 343 1109 52 1109 52 1110 343 1110 342 1110 52 1111 342 1111 54 1111 262 1112 261 1112 631 1112 631 1113 261 1113 339 1113 631 1114 339 1114 632 1114 632 1115 339 1115 337 1115 632 1116 337 1116 335 1116 335 1117 333 1117 632 1117 632 1118 333 1118 332 1118 632 1119 332 1119 672 1119 672 1120 332 1120 330 1120 672 1121 330 1121 673 1121 673 1122 330 1122 329 1122 673 1123 329 1123 345 1123 675 1124 676 1124 677 1124 677 1125 676 1125 678 1125 679 1126 680 1126 681 1126 681 1127 680 1127 682 1127 681 1128 682 1128 676 1128 676 1129 682 1129 683 1129 676 1130 683 1130 678 1130 684 1131 685 1131 686 1131 686 1132 687 1132 684 1132 684 1133 687 1133 688 1133 684 1134 688 1134 689 1134 689 1135 688 1135 690 1135 689 1136 690 1136 691 1136 691 1137 690 1137 692 1137 691 1138 692 1138 693 1138 693 1139 692 1139 694 1139 693 1140 694 1140 695 1140 696 1141 697 1141 698 1141 699 1142 700 1142 701 1142 699 1143 701 1143 702 1143 702 1144 701 1144 703 1144 702 1145 703 1145 704 1145 704 1146 703 1146 705 1146 704 1147 705 1147 706 1147 706 1148 705 1148 707 1148 706 1149 707 1149 708 1149 709 1150 710 1150 711 1150 711 1151 710 1151 712 1151 711 1152 712 1152 713 1152 709 1153 714 1153 710 1153 710 1154 714 1154 715 1154 710 1155 715 1155 716 1155 707 1156 717 1156 708 1156 708 1157 717 1157 718 1157 708 1158 718 1158 719 1158 719 1159 718 1159 720 1159 719 1160 720 1160 721 1160 721 1161 720 1161 722 1161 721 1162 722 1162 723 1162 723 1163 722 1163 724 1163 723 1164 724 1164 725 1164 725 1165 724 1165 716 1165 725 1166 716 1166 726 1166 726 1167 716 1167 715 1167 727 1168 728 1168 729 1168 729 1169 728 1169 730 1169 729 1170 730 1170 712 1170 712 1171 730 1171 731 1171 712 1172 731 1172 713 1172 732 1173 733 1173 734 1173 734 1174 733 1174 735 1174 734 1175 735 1175 727 1175 727 1176 735 1176 736 1176 727 1177 736 1177 728 1177 737 1178 738 1178 739 1178 739 1179 738 1179 740 1179 739 1180 740 1180 698 1180 698 1181 740 1181 741 1181 698 1182 741 1182 696 1182 742 1183 743 1183 737 1183 737 1184 743 1184 744 1184 737 1185 744 1185 738 1185 745 1186 746 1186 747 1186 747 1187 746 1187 748 1187 747 1188 748 1188 749 1188 749 1189 748 1189 750 1189 749 1190 750 1190 751 1190 745 1191 752 1191 746 1191 746 1192 752 1192 753 1192 746 1193 753 1193 754 1193 754 1194 753 1194 755 1194 755 1195 756 1195 754 1195 754 1196 756 1196 757 1196 754 1197 757 1197 742 1197 742 1198 757 1198 758 1198 742 1199 758 1199 743 1199 750 1200 759 1200 751 1200 751 1201 759 1201 760 1201 751 1202 760 1202 761 1202 761 1203 760 1203 762 1203 761 1204 762 1204 763 1204 763 1205 762 1205 764 1205 763 1206 764 1206 765 1206 765 1207 764 1207 766 1207 765 1208 766 1208 767 1208 767 1209 766 1209 768 1209 767 1210 768 1210 769 1210 769 1211 768 1211 770 1211 769 1212 770 1212 771 1212 716 1213 772 1213 710 1213 710 1214 772 1214 773 1214 710 1215 773 1215 774 1215 773 1216 775 1216 774 1216 774 1217 775 1217 776 1217 774 1218 776 1218 777 1218 776 1219 778 1219 777 1219 777 1220 778 1220 779 1220 777 1221 779 1221 780 1221 779 1222 781 1222 780 1222 780 1223 781 1223 782 1223 780 1224 782 1224 783 1224 782 1225 784 1225 783 1225 783 1226 784 1226 785 1226 783 1227 785 1227 786 1227 785 1228 787 1228 786 1228 786 1229 787 1229 788 1229 786 1230 788 1230 754 1230 754 1231 788 1231 789 1231 754 1232 789 1232 746 1232 790 0 791 0 792 0 792 1233 791 1233 793 1233 792 1234 793 1234 794 1234 795 0 796 0 790 0 790 1235 796 1235 797 1235 790 1236 797 1236 791 1236 791 0 797 0 798 0 791 0 798 0 799 0 799 1237 798 1237 800 1237 799 0 800 0 801 0 801 0 800 0 802 0 801 1238 802 1238 803 1238 803 0 802 0 804 0 803 1239 804 1239 805 1239 805 0 804 0 806 0 805 1240 806 1240 807 1240 807 0 806 0 808 0 807 0 808 0 809 0 808 0 810 0 809 0 809 0 810 0 811 0 809 0 811 0 812 0 812 0 811 0 813 0 812 0 813 0 814 0 814 0 813 0 815 0 814 0 815 0 816 0 816 1241 815 1241 817 1241 816 1242 817 1242 818 1242 818 1243 817 1243 819 1243 818 0 819 0 820 0 820 0 819 0 821 0 820 1244 821 1244 794 1244 821 1245 822 1245 794 1245 794 0 822 0 823 0 794 1246 823 1246 792 1246 792 1247 823 1247 824 1247 792 1248 824 1248 825 1248 826 1249 827 1249 828 1249 828 1250 827 1250 829 1250 828 1251 829 1251 830 1251 831 1252 832 1252 833 1252 833 1253 832 1253 834 1253 833 1254 834 1254 829 1254 829 1255 834 1255 835 1255 829 1256 835 1256 830 1256 836 1257 837 1257 838 1257 796 1258 795 1258 836 1258 837 1259 839 1259 838 1259 838 1260 839 1260 840 1260 838 1261 840 1261 841 1261 841 1262 840 1262 842 1262 841 1263 842 1263 826 1263 826 1264 842 1264 843 1264 826 1265 843 1265 827 1265 836 1266 838 1266 796 1266 796 1267 838 1267 844 1267 796 1268 844 1268 797 1268 844 1269 845 1269 797 1269 797 1270 845 1270 846 1270 797 1271 846 1271 798 1271 847 1272 800 1272 848 1272 848 1273 800 1273 798 1273 848 1274 798 1274 849 1274 849 1275 798 1275 846 1275 850 1276 825 1276 824 1276 851 1277 852 1277 853 1277 853 1278 852 1278 854 1278 854 1279 852 1279 855 1279 854 1280 855 1280 856 1280 850 1281 824 1281 857 1281 858 1282 859 1282 860 1282 860 1283 859 1283 861 1283 860 1284 861 1284 862 1284 858 1285 860 1285 863 1285 863 1286 860 1286 864 1286 863 1287 864 1287 865 1287 853 1288 866 1288 851 1288 851 1289 866 1289 867 1289 851 1290 867 1290 864 1290 864 1291 867 1291 868 1291 864 1292 868 1292 865 1292 856 1293 857 1293 854 1293 854 1294 857 1294 824 1294 854 1295 824 1295 869 1295 869 1296 824 1296 823 1296 869 1297 823 1297 870 1297 870 1298 823 1298 871 1298 871 1299 823 1299 822 1299 871 1300 822 1300 872 1300 872 1301 822 1301 873 1301 873 1302 822 1302 821 1302 873 1303 821 1303 874 1303 771 1304 770 1304 875 1304 875 1305 770 1305 876 1305 877 1306 878 1306 879 1306 879 1307 880 1307 877 1307 877 1308 880 1308 881 1308 877 1309 881 1309 876 1309 876 1310 881 1310 882 1310 876 1311 882 1311 875 1311 883 1312 698 1312 697 1312 697 1313 884 1313 883 1313 883 1314 884 1314 885 1314 883 1315 885 1315 878 1315 878 1316 885 1316 886 1316 878 1317 886 1317 879 1317 732 1318 734 1318 887 1318 887 1319 734 1319 888 1319 889 1320 890 1320 891 1320 891 1321 892 1321 889 1321 889 1322 892 1322 893 1322 889 1323 893 1323 888 1323 888 1324 893 1324 894 1324 888 1325 894 1325 887 1325 895 1326 701 1326 700 1326 700 1327 896 1327 895 1327 895 1328 896 1328 897 1328 895 1329 897 1329 890 1329 890 1330 897 1330 898 1330 890 1331 898 1331 891 1331 899 1332 900 1332 901 1332 901 1333 900 1333 902 1333 901 1333 902 1333 903 1333 904 1333 790 1333 792 1333 905 1333 906 1333 907 1333 907 1333 906 1333 908 1333 907 1333 908 1333 901 1333 901 1334 908 1334 909 1334 901 1335 909 1335 899 1335 899 1336 909 1336 904 1336 899 1333 904 1333 910 1333 910 1337 904 1337 792 1337 911 1338 912 1338 877 1338 877 1339 912 1339 913 1339 877 1340 913 1340 878 1340 878 1341 913 1341 914 1341 878 22 914 22 915 22 916 22 917 22 877 22 877 1342 917 1342 918 1342 877 1343 918 1343 911 1343 918 22 919 22 911 22 911 22 919 22 920 22 911 22 920 22 921 22 921 1344 920 1344 922 1344 921 1345 922 1345 923 1345 923 1346 922 1346 924 1346 925 22 926 22 924 22 924 1347 926 1347 927 1347 924 1348 927 1348 923 1348 928 22 929 22 930 22 925 22 924 22 930 22 930 22 924 22 931 22 930 1349 931 1349 928 1349 889 61 932 61 933 61 934 61 935 61 889 61 889 1350 935 1350 936 1350 889 61 936 61 890 61 890 1351 936 1351 937 1351 890 61 937 61 938 61 933 61 939 61 889 61 889 61 939 61 940 61 889 61 940 61 934 61 934 61 940 61 941 61 934 61 941 61 942 61 942 1352 941 1352 943 1352 942 61 943 61 944 61 944 1353 943 1353 945 1353 946 61 947 61 945 61 945 1354 947 1354 948 1354 945 1355 948 1355 944 1355 949 61 950 61 951 61 946 61 945 61 951 61 951 61 945 61 952 61 951 1356 952 1356 949 1356 953 67 98 67 97 67 954 67 955 67 956 67 956 1357 955 1357 55 1357 956 67 55 67 56 67 953 67 97 67 957 67 958 1358 959 1358 710 1358 710 67 959 67 712 67 712 67 959 67 960 67 712 1359 960 1359 729 1359 961 1360 783 1360 962 1360 962 1361 783 1361 786 1361 962 67 786 67 963 67 710 1362 774 1362 958 1362 958 1363 774 1363 777 1363 958 1364 777 1364 961 1364 961 1365 777 1365 780 1365 961 1366 780 1366 783 1366 964 67 907 67 965 67 965 67 907 67 901 67 966 1367 967 1367 681 1367 698 1368 968 1368 969 1368 786 1369 754 1369 963 1369 963 67 754 67 742 67 963 67 742 67 970 67 970 1370 742 1370 737 1370 970 67 737 67 969 67 969 67 737 67 739 67 969 67 739 67 698 67 698 67 883 67 968 67 968 1371 883 1371 878 1371 968 67 878 67 966 67 966 67 878 67 915 67 966 1372 915 1372 967 1372 729 67 960 67 727 67 727 67 960 67 971 67 727 67 971 67 734 67 734 1373 971 1373 972 1373 734 67 972 67 888 67 965 1374 932 1374 972 1374 972 1375 932 1375 889 1375 972 1376 889 1376 888 1376 964 67 966 67 907 67 907 1377 966 1377 681 1377 907 67 681 67 954 67 954 67 681 67 676 67 954 67 676 67 955 67 97 67 973 67 957 67 957 67 973 67 974 67 957 67 974 67 901 67 901 67 974 67 975 67 901 1378 975 1378 965 1378 965 1379 975 1379 976 1379 965 1380 976 1380 932 1380 874 61 821 61 977 61 977 61 821 61 819 61 978 22 802 22 847 22 847 22 802 22 800 22 978 1381 979 1381 802 1381 802 1382 979 1382 804 1382 979 1383 980 1383 804 1383 804 1384 980 1384 981 1384 804 1385 981 1385 806 1385 981 1386 982 1386 806 1386 806 1387 982 1387 983 1387 806 1388 983 1388 808 1388 983 1389 984 1389 808 1389 808 1390 984 1390 985 1390 808 1391 985 1391 810 1391 985 1392 986 1392 810 1392 810 1393 986 1393 987 1393 810 1394 987 1394 811 1394 987 1395 988 1395 811 1395 811 1396 988 1396 989 1396 811 1397 989 1397 813 1397 989 1398 990 1398 813 1398 813 1399 990 1399 991 1399 813 1400 991 1400 815 1400 991 1401 992 1401 815 1401 815 1402 992 1402 993 1402 815 1403 993 1403 817 1403 977 1404 819 1404 994 1404 994 1405 819 1405 817 1405 994 1406 817 1406 995 1406 995 1407 817 1407 993 1407 996 1408 974 1408 997 1408 997 1409 974 1409 998 1409 996 1410 999 1410 974 1410 974 1411 999 1411 1000 1411 974 1412 1000 1412 975 1412 975 1413 1000 1413 1001 1413 975 1414 1001 1414 1002 1414 1003 1415 1004 1415 1005 1415 1005 1416 1004 1416 1006 1416 1005 1415 1006 1415 1007 1415 1007 1417 1006 1417 1008 1417 1007 1418 1008 1418 1009 1418 1009 1126 1008 1126 1010 1126 1009 1419 1010 1419 1011 1419 1011 1420 1010 1420 1012 1420 1011 1421 1012 1421 1013 1421 1013 1422 1012 1422 1014 1422 1013 1423 1014 1423 1015 1423 1016 1424 732 1424 887 1424 709 1425 711 1425 1016 1425 733 1426 1017 1426 735 1426 735 1427 1017 1427 736 1427 731 1428 730 1428 1017 1428 1017 1429 730 1429 728 1429 1017 1430 728 1430 736 1430 732 1431 1016 1431 733 1431 733 1432 1016 1432 711 1432 733 1433 711 1433 1017 1433 1017 1434 711 1434 713 1434 1017 1435 713 1435 731 1435 709 1436 1016 1436 714 1436 714 1437 1016 1437 887 1437 714 1438 887 1438 715 1438 715 1439 887 1439 894 1439 715 1440 894 1440 726 1440 726 1441 894 1441 893 1441 726 1442 893 1442 892 1442 892 1443 891 1443 726 1443 726 1444 891 1444 898 1444 726 1445 898 1445 897 1445 897 1446 896 1446 726 1446 726 1447 896 1447 1018 1447 726 1448 1018 1448 725 1448 725 1449 1018 1449 723 1449 706 1450 708 1450 1019 1450 1019 1451 708 1451 719 1451 699 1452 702 1452 1019 1452 1019 1453 702 1453 704 1453 1019 1454 704 1454 706 1454 896 1455 700 1455 1018 1455 1018 1456 700 1456 699 1456 1018 1457 699 1457 723 1457 723 1458 699 1458 1019 1458 723 1459 1019 1459 721 1459 721 1460 1019 1460 719 1460 1020 1461 771 1461 875 1461 745 1462 747 1462 1020 1462 769 1463 1021 1463 767 1463 767 1464 1021 1464 765 1464 751 1465 761 1465 1021 1465 1021 1466 761 1466 763 1466 1021 1467 763 1467 765 1467 771 1468 1020 1468 769 1468 769 1469 1020 1469 747 1469 769 1470 747 1470 1021 1470 1021 1471 747 1471 749 1471 1021 1472 749 1472 751 1472 745 1473 1020 1473 752 1473 752 1474 1020 1474 875 1474 752 1475 875 1475 753 1475 753 1476 875 1476 882 1476 753 1477 882 1477 755 1477 755 1478 882 1478 881 1478 755 1479 881 1479 880 1479 880 1480 879 1480 755 1480 755 1481 879 1481 886 1481 755 1482 886 1482 885 1482 885 1483 884 1483 755 1483 755 1484 884 1484 1022 1484 755 1485 1022 1485 756 1485 756 1486 1022 1486 757 1486 738 1487 744 1487 1023 1487 1023 1488 744 1488 743 1488 696 1489 741 1489 1023 1489 1023 1490 741 1490 740 1490 1023 1491 740 1491 738 1491 884 1492 697 1492 1022 1492 1022 1493 697 1493 696 1493 1022 1494 696 1494 757 1494 757 1495 696 1495 1023 1495 757 1496 1023 1496 758 1496 758 1497 1023 1497 743 1497 675 1498 677 1498 1024 1498 1025 1499 1013 1499 1015 1499 1026 1500 43 1500 1027 1500 1027 1501 43 1501 1025 1501 1027 1502 1025 1502 1028 1502 1028 1503 1025 1503 1015 1503 1013 1504 1025 1504 1011 1504 1011 1505 1025 1505 1029 1505 1011 1506 1029 1506 1009 1506 1009 1507 1029 1507 1007 1507 1007 1508 1029 1508 1030 1508 1007 1509 1030 1509 1005 1509 1005 1510 1030 1510 1003 1510 1003 1511 1030 1511 1031 1511 1003 1512 1031 1512 1032 1512 1033 1513 1034 1513 1035 1513 1035 1514 1034 1514 1036 1514 1035 1515 1036 1515 1031 1515 1031 1516 1036 1516 1037 1516 1031 1517 1037 1517 1032 1517 1038 1518 1035 1518 1039 1518 1039 22 1035 22 1040 22 1039 1519 1040 1519 1041 1519 1038 1520 1042 1520 1035 1520 1035 1521 1042 1521 1043 1521 1035 1522 1043 1522 1044 1522 1044 1523 1045 1523 1035 1523 1035 1524 1045 1524 1046 1524 1035 1525 1046 1525 1033 1525 1047 1526 1048 1526 680 1526 680 1527 679 1527 1047 1527 1047 1528 679 1528 1049 1528 1047 1529 1049 1529 1040 1529 1040 1530 1049 1530 1050 1530 1040 1531 1050 1531 1041 1531 1024 1532 677 1532 1051 1532 677 1533 678 1533 1051 1533 1051 1534 678 1534 683 1534 1051 1535 683 1535 1048 1535 1048 1536 683 1536 682 1536 1048 1537 682 1537 680 1537 50 1538 1052 1538 1024 1538 1024 1539 1052 1539 1053 1539 1024 1540 1053 1540 675 1540 1054 1541 96 1541 1055 1541 1055 1542 96 1542 1056 1542 1055 1543 1056 1543 998 1543 998 1544 1056 1544 997 1544 997 1545 1056 1545 996 1545 996 1546 1056 1546 1057 1546 996 1547 1057 1547 999 1547 999 1548 1057 1548 1000 1548 1000 1549 1057 1549 1058 1549 1000 1550 1058 1550 1001 1550 1001 1551 1058 1551 1002 1551 1002 1552 1058 1552 1059 1552 1002 1553 1059 1553 1060 1553 1061 1554 1062 1554 1063 1554 1063 1555 1062 1555 1064 1555 1063 1556 1064 1556 1059 1556 1059 1557 1064 1557 1065 1557 1059 1558 1065 1558 1060 1558 1066 1559 1067 1559 1063 1559 1063 1560 1067 1560 1068 1560 1068 1561 1069 1561 1063 1561 1063 1562 1069 1562 1070 1562 1063 1563 1070 1563 1061 1563 1071 1564 1072 1564 1073 1564 1073 1565 1072 1565 1074 1565 1074 1566 1075 1566 1073 1566 1073 1567 1075 1567 1076 1567 1073 61 1076 61 1063 61 1063 1568 1076 1568 1077 1568 1063 1569 1077 1569 1066 1569 1078 1570 1079 1570 690 1570 690 1571 688 1571 1078 1571 1078 1572 688 1572 687 1572 1078 1573 687 1573 1071 1573 1071 1574 687 1574 686 1574 1071 1575 686 1575 1072 1575 1080 1576 695 1576 1081 1576 1081 1577 695 1577 694 1577 1081 1578 694 1578 1079 1578 1079 1579 694 1579 692 1579 1079 1580 692 1580 690 1580 95 1581 1082 1581 1081 1581 1081 1582 1082 1582 1083 1582 1081 1583 1083 1583 1080 1583 1084 1584 1085 1584 1086 1584 1086 1585 1085 1585 1087 1585 1086 1586 1087 1586 1088 1586 1088 1587 1089 1587 1086 1587 1086 1588 1089 1588 102 1588 1086 1589 102 1589 101 1589 1084 1590 1086 1590 1090 1590 1090 1591 1086 1591 1091 1591 1090 1592 1091 1592 862 1592 1092 1593 864 1593 1091 1593 1091 1594 864 1594 860 1594 1091 1595 860 1595 862 1595 1093 1596 852 1596 1092 1596 1092 1597 852 1597 851 1597 1092 1598 851 1598 864 1598 850 1599 857 1599 1094 1599 1094 1600 857 1600 856 1600 1094 1601 856 1601 1093 1601 1093 1602 856 1602 855 1602 1093 1603 855 1603 852 1603 825 1604 850 1604 792 1604 792 1605 850 1605 1094 1605 792 1606 1094 1606 910 1606 910 1607 1094 1607 1095 1607 910 1608 1095 1608 899 1608 899 1609 1095 1609 1096 1609 899 1610 1096 1610 900 1610 900 1610 1096 1610 1097 1610 900 1611 1097 1611 902 1611 902 1612 1097 1612 1098 1612 902 1613 1098 1613 903 1613 903 1614 1098 1614 1099 1614 1100 1615 100 1615 1101 1615 1101 1616 1102 1616 1100 1616 1100 1617 1102 1617 1103 1617 1100 1618 1103 1618 1098 1618 1098 1619 1103 1619 1104 1619 1098 1620 1104 1620 1099 1620 1105 1621 1106 1621 1107 1621 1107 1622 1106 1622 1108 1622 1107 1623 1108 1623 57 1623 905 1624 1109 1624 1110 1624 1110 1625 1109 1625 1111 1625 1110 1626 1111 1626 1107 1626 1107 1627 1111 1627 1112 1627 1107 1628 1112 1628 1105 1628 1113 1629 790 1629 1114 1629 1114 1630 790 1630 904 1630 1114 1631 904 1631 1115 1631 1115 1632 904 1632 909 1632 1115 1633 909 1633 1116 1633 1116 1633 909 1633 908 1633 1116 1634 908 1634 1110 1634 1110 1635 908 1635 906 1635 1110 1636 906 1636 905 1636 842 1637 840 1637 1117 1637 1117 1638 840 1638 839 1638 1117 1639 839 1639 1113 1639 1113 1640 839 1640 837 1640 1113 1641 837 1641 790 1641 790 1642 837 1642 836 1642 790 1643 836 1643 795 1643 1118 1644 1119 1644 833 1644 833 1645 829 1645 1118 1645 1118 1646 829 1646 827 1646 1118 1647 827 1647 1117 1647 1117 1648 827 1648 843 1648 1117 1649 843 1649 842 1649 1120 1650 1121 1650 1119 1650 1119 1651 1121 1651 831 1651 1119 1652 831 1652 833 1652 1122 1653 1123 1653 1120 1653 1120 1654 1123 1654 1124 1654 1120 1655 1124 1655 1121 1655 1120 1656 48 1656 49 1656 1122 1657 1120 1657 1125 1657 1125 1658 1120 1658 49 1658 1125 1659 49 1659 1126 1659 685 1660 1127 1660 686 1660 686 1661 1127 1661 1128 1661 938 1662 937 1662 1129 1662 1129 1663 937 1663 1128 1663 1129 1664 1128 1664 1130 1664 1130 1665 1128 1665 1127 1665 1131 1666 1070 1666 1069 1666 1128 1667 937 1667 936 1667 686 1668 1128 1668 1132 1668 686 1669 1132 1669 1072 1669 1072 1670 1132 1670 1133 1670 1072 1671 1133 1671 1074 1671 1074 1672 1133 1672 1134 1672 1074 1673 1134 1673 1075 1673 1134 1674 1135 1674 1075 1674 1075 1675 1135 1675 1136 1675 1075 1676 1136 1676 1076 1676 1076 1677 1136 1677 1137 1677 1076 1678 1137 1678 1077 1678 1077 1679 1137 1679 1138 1679 1077 1680 1138 1680 1066 1680 1066 1681 1138 1681 1139 1681 1066 1682 1139 1682 1067 1682 1067 1683 1139 1683 1140 1683 1067 1684 1140 1684 1068 1684 1068 1685 1140 1685 1141 1685 1068 1686 1141 1686 1069 1686 1069 1687 1141 1687 1142 1687 1069 1688 1142 1688 1131 1688 1131 1689 1143 1689 1070 1689 1070 1690 1143 1690 1144 1690 1070 1691 1144 1691 1061 1691 1061 1692 1144 1692 1145 1692 1061 1693 1145 1693 1062 1693 1062 1694 1145 1694 1146 1694 1062 1695 1146 1695 1064 1695 1128 1696 936 1696 1132 1696 1132 1697 936 1697 935 1697 1132 1698 935 1698 1133 1698 1133 1699 935 1699 934 1699 1133 1700 934 1700 1134 1700 1134 1701 934 1701 942 1701 1134 1702 942 1702 1135 1702 1135 1703 942 1703 944 1703 1135 1704 944 1704 1136 1704 1136 1705 944 1705 948 1705 1136 1706 948 1706 1137 1706 1137 1707 948 1707 947 1707 1137 1708 947 1708 1138 1708 1138 1709 947 1709 946 1709 1138 1710 946 1710 1139 1710 1139 1711 946 1711 951 1711 1139 1712 951 1712 1140 1712 1140 1713 951 1713 950 1713 1140 1714 950 1714 1141 1714 1141 1715 950 1715 949 1715 1141 1716 949 1716 1142 1716 1142 1717 949 1717 952 1717 1142 1718 952 1718 1131 1718 1131 1719 952 1719 945 1719 1131 1720 945 1720 1143 1720 1143 1721 945 1721 943 1721 1143 1722 943 1722 1144 1722 1144 1723 943 1723 941 1723 1144 1724 941 1724 1145 1724 1145 1725 941 1725 940 1725 1145 1726 940 1726 1146 1726 1146 1727 940 1727 939 1727 1146 1728 939 1728 1147 1728 1147 1729 939 1729 933 1729 1147 1730 933 1730 1148 1730 1064 1731 1146 1731 1065 1731 1065 1732 1146 1732 1147 1732 1065 1733 1147 1733 1060 1733 1060 1734 1147 1734 1148 1734 1060 1735 1148 1735 1002 1735 975 1736 1002 1736 976 1736 976 1736 1002 1736 1148 1736 976 1737 1148 1737 932 1737 932 1738 1148 1738 933 1738 679 1739 681 1739 1149 1739 1149 1739 681 1739 967 1739 1149 1740 967 1740 914 1740 914 1741 967 1741 915 1741 1150 1742 1046 1742 1045 1742 1149 1743 914 1743 913 1743 679 1744 1149 1744 1151 1744 679 1745 1151 1745 1049 1745 1049 1746 1151 1746 1152 1746 1049 1747 1152 1747 1050 1747 1050 1748 1152 1748 1153 1748 1050 1749 1153 1749 1041 1749 1153 1750 1154 1750 1041 1750 1041 1751 1154 1751 1155 1751 1041 1752 1155 1752 1039 1752 1039 1753 1155 1753 1156 1753 1039 1754 1156 1754 1038 1754 1038 1755 1156 1755 1157 1755 1038 1756 1157 1756 1042 1756 1042 1757 1157 1757 1158 1757 1042 1758 1158 1758 1043 1758 1043 1759 1158 1759 1159 1759 1043 1760 1159 1760 1044 1760 1044 1761 1159 1761 1160 1761 1044 1762 1160 1762 1045 1762 1045 1763 1160 1763 1161 1763 1045 1764 1161 1764 1150 1764 1150 1765 1162 1765 1046 1765 1046 1766 1162 1766 1163 1766 1046 1767 1163 1767 1033 1767 1033 1768 1163 1768 1164 1768 1033 1769 1164 1769 1034 1769 1034 1770 1164 1770 1165 1770 1034 1771 1165 1771 1036 1771 1149 1772 913 1772 1151 1772 1151 1773 913 1773 912 1773 1151 1774 912 1774 1152 1774 1152 1775 912 1775 911 1775 1152 1776 911 1776 1153 1776 1153 1777 911 1777 921 1777 1153 1778 921 1778 1154 1778 1154 1779 921 1779 923 1779 1154 1780 923 1780 1155 1780 1155 1781 923 1781 927 1781 1155 1782 927 1782 1156 1782 1156 1783 927 1783 926 1783 1156 1784 926 1784 1157 1784 1157 1785 926 1785 925 1785 1157 1786 925 1786 1158 1786 1158 1787 925 1787 930 1787 1158 1788 930 1788 1159 1788 1159 1789 930 1789 929 1789 1159 1790 929 1790 1160 1790 1160 1791 929 1791 928 1791 1160 1792 928 1792 1161 1792 1161 1793 928 1793 931 1793 1161 1794 931 1794 1150 1794 1150 1795 931 1795 924 1795 1150 1796 924 1796 1162 1796 1162 1797 924 1797 922 1797 1162 1798 922 1798 1163 1798 1163 1799 922 1799 920 1799 1163 1800 920 1800 1164 1800 1164 1801 920 1801 919 1801 1164 1802 919 1802 1165 1802 1165 1803 919 1803 918 1803 1165 1804 918 1804 1166 1804 1166 1805 918 1805 917 1805 1166 1806 917 1806 1167 1806 1036 1807 1165 1807 1037 1807 1037 1808 1165 1808 1166 1808 1037 1809 1166 1809 1032 1809 1032 1810 1166 1810 1167 1810 1032 1811 1167 1811 1003 1811 1004 1812 1003 1812 1168 1812 1168 1813 1003 1813 1167 1813 1168 1814 1167 1814 1169 1814 1169 1815 1167 1815 1170 1815 1170 1816 1167 1816 917 1816 1170 1817 917 1817 916 1817 49 1818 47 1818 1126 1818 1126 1819 47 1819 1125 1819 184 1820 1171 1820 1172 1820 47 1821 170 1821 1125 1821 1125 1822 170 1822 1173 1822 1125 1823 1173 1823 1122 1823 1122 1824 1173 1824 1123 1824 1123 1825 1173 1825 1174 1825 1123 1826 1174 1826 1124 1826 168 1827 167 1827 1175 1827 1175 1828 167 1828 1176 1828 167 1829 177 1829 1176 1829 1176 1830 177 1830 175 1830 1176 1831 175 1831 1177 1831 1177 1832 175 1832 174 1832 1177 1833 174 1833 1178 1833 1178 1834 174 1834 182 1834 1178 1835 182 1835 1179 1835 1179 1836 182 1836 181 1836 1179 1837 181 1837 1172 1837 1172 1838 181 1838 185 1838 1172 1839 185 1839 184 1839 184 1840 121 1840 1171 1840 1171 1841 121 1841 1180 1841 1171 1842 1180 1842 1181 1842 170 1843 168 1843 1173 1843 1173 1844 168 1844 1175 1844 1173 1845 1175 1845 1174 1845 1174 1846 1175 1846 1176 1846 1174 1847 1176 1847 1182 1847 1182 1848 1176 1848 1177 1848 1182 1849 1177 1849 1183 1849 1183 1850 1177 1850 1178 1850 1183 1851 1178 1851 1184 1851 1184 1852 1178 1852 1179 1852 1184 1853 1179 1853 1185 1853 1185 1854 1179 1854 1172 1854 1185 1855 1172 1855 1186 1855 1186 1856 1172 1856 1171 1856 1186 1857 1171 1857 1187 1857 1187 1858 1171 1858 1181 1858 1187 1859 1181 1859 1188 1859 1124 1860 1174 1860 1121 1860 1121 1861 1174 1861 1182 1861 1121 1862 1182 1862 831 1862 831 1863 1182 1863 1183 1863 831 1864 1183 1864 832 1864 832 1865 1183 1865 1184 1865 832 1866 1184 1866 834 1866 834 1867 1184 1867 1185 1867 834 1868 1185 1868 835 1868 835 1869 1185 1869 1186 1869 835 1870 1186 1870 830 1870 830 1871 1186 1871 1187 1871 830 1872 1187 1872 828 1872 828 1873 1187 1873 1188 1873 828 1874 1188 1874 826 1874 1189 1875 1190 1875 1191 1875 1192 1876 1180 1876 121 1876 121 1877 110 1877 1192 1877 1192 1878 110 1878 113 1878 1192 1879 113 1879 1193 1879 1193 1880 113 1880 127 1880 1193 1881 127 1881 1194 1881 1194 1882 127 1882 115 1882 1194 1883 115 1883 1195 1883 1195 1884 115 1884 114 1884 1195 1885 114 1885 1196 1885 1197 1886 1181 1886 1180 1886 114 1887 131 1887 1196 1887 1196 1888 131 1888 1198 1888 1196 1889 1198 1889 1199 1889 1180 1890 1192 1890 1197 1890 1197 1891 1192 1891 1193 1891 1197 1892 1193 1892 1200 1892 1200 1893 1193 1893 1194 1893 1200 1894 1194 1894 1201 1894 1201 1895 1194 1895 1195 1895 1201 1896 1195 1896 1202 1896 1202 1897 1195 1897 1196 1897 1202 1898 1196 1898 1203 1898 1203 1899 1196 1899 1199 1899 1203 1900 1199 1900 1204 1900 1205 1901 1188 1901 1181 1901 1181 1902 1197 1902 1205 1902 1205 1903 1197 1903 1200 1903 1205 1904 1200 1904 1206 1904 1206 1905 1200 1905 1201 1905 1206 1906 1201 1906 1207 1906 1207 1907 1201 1907 1202 1907 1207 1908 1202 1908 1208 1908 1208 1909 1202 1909 1203 1909 1208 1910 1203 1910 1191 1910 1191 1911 1203 1911 1204 1911 1191 1912 1204 1912 1189 1912 826 1913 1188 1913 841 1913 841 1914 1188 1914 1205 1914 841 1915 1205 1915 838 1915 838 1916 1205 1916 1206 1916 838 1917 1206 1917 844 1917 844 1918 1206 1918 1207 1918 844 1919 1207 1919 845 1919 845 1920 1207 1920 1208 1920 845 1921 1208 1921 846 1921 846 1922 1208 1922 849 1922 849 1923 1208 1923 1191 1923 849 1924 1191 1924 848 1924 848 1925 1191 1925 1190 1925 848 1926 1190 1926 847 1926 131 1927 130 1927 1198 1927 1198 1928 130 1928 1209 1928 1198 1929 1209 1929 1199 1929 1199 1930 1209 1930 1210 1930 1199 1931 1210 1931 1204 1931 1204 1932 1210 1932 1211 1932 1204 1933 1211 1933 1189 1933 1189 1934 1211 1934 1212 1934 1189 1935 1212 1935 1190 1935 1190 1936 1212 1936 1213 1936 1190 1937 1213 1937 847 1937 847 1938 1213 1938 978 1938 1214 1939 1215 1939 1216 1939 1217 1940 979 1940 978 1940 992 1941 1218 1941 993 1941 993 1942 1218 1942 1219 1942 993 1943 1219 1943 995 1943 995 1944 1219 1944 1216 1944 995 1945 1216 1945 994 1945 994 1946 1216 1946 1215 1946 994 1947 1215 1947 977 1947 992 1948 991 1948 1218 1948 1218 1949 991 1949 990 1949 1218 1950 990 1950 1220 1950 1220 1951 990 1951 989 1951 1220 1952 989 1952 1221 1952 1221 1953 989 1953 988 1953 1221 1954 988 1954 1222 1954 1222 1955 988 1955 987 1955 1222 1956 987 1956 1223 1956 1223 1957 987 1957 986 1957 986 1958 985 1958 1223 1958 1223 1959 985 1959 984 1959 1223 1960 984 1960 1224 1960 1224 1961 984 1961 983 1961 1224 1962 983 1962 1225 1962 1225 1963 983 1963 982 1963 1225 1964 982 1964 1226 1964 1226 1965 982 1965 981 1965 1226 1966 981 1966 1217 1966 1217 1967 981 1967 980 1967 1217 1968 980 1968 979 1968 1227 1969 1228 1969 1229 1969 1229 1970 1228 1970 1214 1970 1214 1971 1216 1971 1229 1971 1229 1972 1216 1972 1219 1972 1229 1973 1219 1973 1230 1973 1230 1974 1219 1974 1218 1974 1230 1975 1218 1975 1231 1975 1231 1976 1218 1976 1220 1976 1231 1977 1220 1977 1232 1977 1232 1978 1220 1978 1221 1978 1232 1979 1221 1979 1233 1979 1233 1980 1221 1980 1222 1980 1233 1981 1222 1981 1234 1981 1234 1982 1222 1982 1223 1982 1234 1983 1223 1983 1235 1983 1235 1984 1223 1984 1224 1984 1235 1985 1224 1985 1236 1985 1236 1986 1224 1986 1225 1986 1236 1987 1225 1987 1237 1987 1237 1988 1225 1988 1226 1988 1237 1989 1226 1989 1238 1989 1238 1990 1226 1990 1217 1990 1238 1991 1217 1991 1239 1991 133 1992 1240 1992 1241 1992 1241 1993 1240 1993 1227 1993 978 1994 1213 1994 1217 1994 1217 1995 1213 1995 1212 1995 1217 1996 1212 1996 1239 1996 1239 1997 1212 1997 1211 1997 1239 1998 1211 1998 1210 1998 1227 1999 1229 1999 1241 1999 1241 2000 1229 2000 1230 2000 1241 2001 1230 2001 1242 2001 1242 2002 1230 2002 1231 2002 1242 2003 1231 2003 1243 2003 1243 2004 1231 2004 1232 2004 1243 2005 1232 2005 1244 2005 1244 2006 1232 2006 1233 2006 1244 2007 1233 2007 1245 2007 1245 2008 1233 2008 1234 2008 1245 2009 1234 2009 1246 2009 1246 2010 1234 2010 1235 2010 1246 2011 1235 2011 1247 2011 1247 2012 1235 2012 1236 2012 1247 2013 1236 2013 1248 2013 1248 2014 1236 2014 1237 2014 1248 2015 1237 2015 1249 2015 1249 2016 1237 2016 1238 2016 1249 2017 1238 2017 1250 2017 1250 2018 1238 2018 1239 2018 1250 2019 1239 2019 1251 2019 1251 2020 1239 2020 1210 2020 1251 2021 1210 2021 1209 2021 133 2022 1241 2022 128 2022 128 2023 1241 2023 1242 2023 128 2024 1242 2024 129 2024 129 2025 1242 2025 1243 2025 129 2026 1243 2026 134 2026 134 2027 1243 2027 1244 2027 134 2028 1244 2028 135 2028 135 2029 1244 2029 1245 2029 135 2030 1245 2030 136 2030 136 2031 1245 2031 1246 2031 136 2032 1246 2032 137 2032 137 2033 1246 2033 1247 2033 137 2034 1247 2034 138 2034 138 2035 1247 2035 1248 2035 138 2036 1248 2036 139 2036 139 2037 1248 2037 1249 2037 139 2038 1249 2038 140 2038 140 2039 1249 2039 1250 2039 140 2040 1250 2040 141 2040 141 2041 1250 2041 1251 2041 141 2042 1251 2042 142 2042 142 2043 1251 2043 1209 2043 142 2044 1209 2044 130 2044 133 2045 132 2045 1240 2045 1240 2046 132 2046 1252 2046 1240 2047 1252 2047 1227 2047 1227 2048 1252 2048 1253 2048 1227 2049 1253 2049 1228 2049 1228 2050 1253 2050 1254 2050 1228 2051 1254 2051 1214 2051 1214 2052 1254 2052 1255 2052 1214 2053 1255 2053 1215 2053 1215 2054 1255 2054 1256 2054 1215 2055 1256 2055 977 2055 977 2056 1256 2056 874 2056 108 2057 124 2057 1257 2057 132 2058 116 2058 1252 2058 1252 2059 116 2059 1258 2059 874 2060 1256 2060 1259 2060 1259 2061 1256 2061 1255 2061 1259 2062 1255 2062 1260 2062 1260 2063 1255 2063 1254 2063 1260 2064 1254 2064 1258 2064 1258 2065 1254 2065 1253 2065 1258 2066 1253 2066 1252 2066 112 2067 111 2067 1261 2067 1261 2068 111 2068 1262 2068 1261 2069 1262 2069 1263 2069 1263 2070 1262 2070 1264 2070 1263 2071 1264 2071 1265 2071 1265 2072 1264 2072 1266 2072 111 2073 109 2073 1262 2073 1262 2074 109 2074 1267 2074 1262 2075 1267 2075 1264 2075 1264 2076 1267 2076 1268 2076 1264 2077 1268 2077 1266 2077 1266 2078 1268 2078 1269 2078 109 2079 108 2079 1267 2079 1267 2080 108 2080 1270 2080 1267 2081 1270 2081 1268 2081 1268 2082 1270 2082 1271 2082 1268 2083 1271 2083 1269 2083 1269 2084 1271 2084 1272 2084 871 2085 872 2085 1259 2085 1259 2086 872 2086 873 2086 1259 2087 873 2087 874 2087 116 2088 112 2088 1258 2088 1258 2089 112 2089 1261 2089 1258 2090 1261 2090 1260 2090 1260 2091 1261 2091 1263 2091 1260 2092 1263 2092 1259 2092 1259 2093 1263 2093 1265 2093 1259 2094 1265 2094 871 2094 871 2095 1265 2095 1266 2095 871 2096 1266 2096 870 2096 870 2097 1266 2097 1269 2097 870 2098 1269 2098 869 2098 1272 2099 853 2099 1269 2099 1269 2100 853 2100 854 2100 1269 2101 854 2101 869 2101 108 2102 1257 2102 1270 2102 1270 2103 1257 2103 1273 2103 1270 2104 1273 2104 1271 2104 1271 2105 1273 2105 1274 2105 1271 2106 1274 2106 1272 2106 1272 2107 1274 2107 866 2107 1272 2108 866 2108 853 2108 158 2109 1275 2109 1276 2109 1273 2110 1257 2110 1277 2110 862 2111 1278 2111 1090 2111 1090 2112 1278 2112 1279 2112 1090 2113 1279 2113 1084 2113 1087 2114 1085 2114 1275 2114 1275 2115 1085 2115 1084 2115 1275 2116 1084 2116 1276 2116 1087 2117 1275 2117 1088 2117 1088 2118 1275 2118 158 2118 1088 2119 158 2119 103 2119 1257 2120 124 2120 157 2120 862 2121 861 2121 1278 2121 1278 2122 861 2122 859 2122 1278 2123 859 2123 1280 2123 1280 2124 859 2124 858 2124 1280 2125 858 2125 1281 2125 1281 2126 858 2126 863 2126 1281 2127 863 2127 1282 2127 1282 2128 863 2128 865 2128 1282 2129 865 2129 1283 2129 1283 2130 865 2130 868 2130 1283 2131 868 2131 1284 2131 1284 2132 868 2132 867 2132 1284 2133 867 2133 1285 2133 1285 2134 867 2134 866 2134 1285 2135 866 2135 1274 2135 1084 2136 1279 2136 1276 2136 1276 2137 1279 2137 1278 2137 1276 2138 1278 2138 1286 2138 1286 2139 1278 2139 1280 2139 1286 2140 1280 2140 1287 2140 1287 2141 1280 2141 1281 2141 1287 2142 1281 2142 1288 2142 1288 2143 1281 2143 1282 2143 1288 2144 1282 2144 1289 2144 1289 2145 1282 2145 1283 2145 1289 2146 1283 2146 1290 2146 1290 2147 1283 2147 1284 2147 1290 2148 1284 2148 1291 2148 1291 2149 1284 2149 1285 2149 1291 2150 1285 2150 1277 2150 1277 2151 1285 2151 1274 2151 1277 2152 1274 2152 1273 2152 1257 2153 157 2153 1277 2153 1277 2154 157 2154 156 2154 1277 2155 156 2155 1291 2155 1291 2156 156 2156 154 2156 1291 2157 154 2157 1290 2157 1290 2158 154 2158 152 2158 1290 2159 152 2159 1289 2159 1289 2160 152 2160 150 2160 1289 2161 150 2161 1288 2161 1288 2162 150 2162 148 2162 1288 2163 148 2163 1287 2163 1287 2164 148 2164 147 2164 1287 2165 147 2165 1286 2165 1286 2166 147 2166 165 2166 1286 2167 165 2167 1276 2167 1276 2168 165 2168 166 2168 1276 2169 166 2169 158 2169 1088 2170 103 2170 1089 2170 1089 2171 103 2171 102 2171 95 2171 62 2171 1082 2171 1082 2172 62 2172 1292 2172 1082 2173 1292 2173 1083 2173 1 2174 1293 2174 1294 2174 1295 2175 1296 2175 1297 2175 1083 2176 1292 2176 1296 2176 693 2177 695 2177 1080 2177 1292 2178 62 2178 64 2178 1292 2179 64 2179 1296 2179 1296 2180 64 2180 71 2180 1296 2181 71 2181 1297 2181 71 2182 70 2182 1297 2182 1297 2183 70 2183 74 2183 1297 2184 74 2184 1294 2184 1294 2185 74 2185 75 2185 1294 2186 75 2186 1 2186 1295 2187 1297 2187 1298 2187 1298 2188 1297 2188 1294 2188 1298 2189 1294 2189 1299 2189 1299 2190 1294 2190 1293 2190 1299 2191 1293 2191 1300 2191 1083 2192 1296 2192 1080 2192 1080 2193 1296 2193 1295 2193 1080 2194 1295 2194 693 2194 693 2195 1295 2195 1298 2195 693 2196 1298 2196 691 2196 691 2197 1298 2197 1299 2197 691 2198 1299 2198 689 2198 689 2199 1299 2199 1300 2199 689 2200 1300 2200 684 2200 685 2201 684 2201 1301 2201 1301 2202 684 2202 1300 2202 1301 2203 1300 2203 1302 2203 1302 2204 1300 2204 1303 2204 1303 2205 1300 2205 1293 2205 1303 2206 1293 2206 1304 2206 1304 2207 1293 2207 1305 2207 1305 2208 1293 2208 1 2208 1305 2209 1 2209 0 2209 1306 2210 34 2210 32 2210 0 2211 35 2211 1305 2211 1305 2212 35 2212 1307 2212 1308 2213 1302 2213 1309 2213 1309 2214 1302 2214 1303 2214 1309 2215 1303 2215 1307 2215 1307 2216 1303 2216 1304 2216 1307 2217 1304 2217 1305 2217 35 2218 34 2218 1307 2218 1307 2219 34 2219 1306 2219 1307 2220 1306 2220 1309 2220 1309 2221 1306 2221 1310 2221 1309 2222 1310 2222 1308 2222 1308 2223 1310 2223 1311 2223 32 2224 1312 2224 1306 2224 1306 2225 1312 2225 1313 2225 1306 2226 1313 2226 1310 2226 1310 2227 1313 2227 1314 2227 1310 2228 1314 2228 1311 2228 1311 2229 1314 2229 1315 2229 1311 2230 1315 2230 1316 2230 1127 2231 685 2231 1308 2231 1308 2232 685 2232 1301 2232 1308 2233 1301 2233 1302 2233 1127 2234 1308 2234 1130 2234 1130 2235 1308 2235 1311 2235 1130 2236 1311 2236 1129 2236 1129 2237 1311 2237 1316 2237 1129 2238 1316 2238 938 2238 32 2239 31 2239 1312 2239 1312 2240 31 2240 1317 2240 1312 2241 1317 2241 1313 2241 1313 2242 1317 2242 1318 2242 1313 2243 1318 2243 1314 2243 1314 2244 1318 2244 1319 2244 1314 2245 1319 2245 1315 2245 1315 2246 1319 2246 1320 2246 1315 2247 1320 2247 1316 2247 1316 2248 1320 2248 1321 2248 1316 2249 1321 2249 938 2249 938 2250 1321 2250 890 2250 31 2251 14 2251 1317 2251 1317 2252 14 2252 1322 2252 1323 2253 1320 2253 1324 2253 1324 2254 1320 2254 1319 2254 1324 2255 1319 2255 1322 2255 1322 2256 1319 2256 1318 2256 1322 2257 1318 2257 1317 2257 895 2258 890 2258 1323 2258 1323 2259 890 2259 1321 2259 1323 2260 1321 2260 1320 2260 14 2261 16 2261 1322 2261 1322 2262 16 2262 1325 2262 1322 2263 1325 2263 1324 2263 1324 2264 1325 2264 1326 2264 1324 2265 1326 2265 1323 2265 1323 2266 1326 2266 1327 2266 1323 2267 1327 2267 895 2267 895 2268 1327 2268 701 2268 42 2269 1328 2269 1329 2269 1328 2270 1330 2270 1331 2270 1330 2271 1332 2271 1333 2271 1332 2272 770 2272 768 2272 1332 2273 768 2273 1333 2273 1333 2274 768 2274 766 2274 1333 2275 766 2275 1334 2275 766 2276 764 2276 1334 2276 1334 2277 764 2277 762 2277 1334 2278 762 2278 1335 2278 762 2279 760 2279 1335 2279 1335 2280 760 2280 759 2280 1335 2281 759 2281 1336 2281 1336 2282 759 2282 750 2282 1336 2283 750 2283 1337 2283 1337 2284 750 2284 748 2284 1337 2285 748 2285 1338 2285 1338 2286 748 2286 746 2286 746 2287 789 2287 1338 2287 1338 2288 789 2288 788 2288 1338 2289 788 2289 1339 2289 1339 2290 788 2290 787 2290 1339 2291 787 2291 1340 2291 1340 2292 787 2292 785 2292 1340 2293 785 2293 1341 2293 1341 2294 785 2294 784 2294 784 2295 782 2295 1341 2295 1341 2296 782 2296 781 2296 1341 2297 781 2297 1342 2297 1342 2298 781 2298 779 2298 1342 2299 779 2299 1343 2299 1343 2300 779 2300 778 2300 1343 2301 778 2301 1344 2301 778 2302 776 2302 1344 2302 1344 2303 776 2303 775 2303 1344 2304 775 2304 1345 2304 775 2305 773 2305 1345 2305 1345 2306 773 2306 772 2306 1345 2307 772 2307 1346 2307 1346 2308 772 2308 716 2308 1346 2309 716 2309 1347 2309 1347 2310 716 2310 724 2310 1347 2311 724 2311 1348 2311 1348 2312 724 2312 722 2312 722 2313 720 2313 1348 2313 1348 2314 720 2314 718 2314 1348 2315 718 2315 1349 2315 1349 2316 718 2316 717 2316 1349 2317 717 2317 1350 2317 1350 2318 717 2318 707 2318 1350 2319 707 2319 1351 2319 1351 2320 707 2320 705 2320 705 2321 703 2321 1351 2321 1351 2322 703 2322 701 2322 1351 2323 701 2323 1327 2323 1330 2324 1333 2324 1331 2324 1331 2325 1333 2325 1334 2325 1331 2326 1334 2326 1352 2326 1352 2327 1334 2327 1335 2327 1352 2328 1335 2328 1353 2328 1353 2329 1335 2329 1336 2329 1353 2330 1336 2330 1354 2330 1354 2331 1336 2331 1337 2331 1354 2332 1337 2332 1355 2332 1355 2333 1337 2333 1338 2333 1355 2334 1338 2334 1356 2334 1356 2335 1338 2335 1339 2335 1356 2336 1339 2336 1357 2336 1357 2337 1339 2337 1340 2337 1357 2338 1340 2338 1358 2338 1358 2339 1340 2339 1341 2339 1358 2340 1341 2340 1359 2340 1359 2341 1341 2341 1342 2341 1359 2342 1342 2342 1360 2342 1360 2343 1342 2343 1343 2343 1360 2344 1343 2344 1361 2344 1361 2345 1343 2345 1344 2345 1361 2346 1344 2346 1362 2346 1362 2347 1344 2347 1345 2347 1362 2348 1345 2348 1363 2348 1363 2349 1345 2349 1346 2349 1363 2350 1346 2350 1364 2350 1364 2351 1346 2351 1347 2351 1364 2352 1347 2352 1365 2352 1365 2353 1347 2353 1348 2353 1365 2354 1348 2354 1366 2354 1366 2355 1348 2355 1349 2355 1366 2356 1349 2356 1367 2356 1367 2357 1349 2357 1350 2357 1367 2358 1350 2358 1368 2358 1368 2359 1350 2359 1351 2359 1368 2360 1351 2360 1369 2360 1369 2361 1351 2361 1327 2361 1369 2362 1327 2362 1326 2362 1328 2363 1331 2363 1329 2363 1329 2364 1331 2364 1352 2364 1329 2365 1352 2365 1370 2365 1370 2366 1352 2366 1353 2366 1370 2367 1353 2367 1371 2367 1371 2368 1353 2368 1354 2368 1371 2369 1354 2369 1372 2369 1372 2370 1354 2370 1355 2370 1372 2371 1355 2371 1373 2371 1373 2372 1355 2372 1356 2372 1373 2373 1356 2373 1374 2373 1374 2374 1356 2374 1357 2374 1374 2375 1357 2375 1375 2375 1375 2376 1357 2376 1358 2376 1375 2377 1358 2377 1376 2377 1376 2378 1358 2378 1359 2378 1376 2379 1359 2379 1377 2379 1377 2380 1359 2380 1360 2380 1377 2381 1360 2381 1378 2381 1378 2382 1360 2382 1361 2382 1378 2383 1361 2383 1379 2383 1379 2384 1361 2384 1362 2384 1379 2385 1362 2385 1380 2385 1380 2386 1362 2386 1363 2386 1380 2387 1363 2387 1381 2387 1381 2388 1363 2388 1364 2388 1381 2389 1364 2389 1382 2389 1382 2390 1364 2390 1365 2390 1382 2391 1365 2391 1383 2391 1383 2392 1365 2392 1366 2392 1383 2393 1366 2393 1384 2393 1384 2394 1366 2394 1367 2394 1384 2395 1367 2395 1385 2395 1385 2396 1367 2396 1368 2396 1385 2397 1368 2397 1386 2397 1386 2398 1368 2398 1369 2398 1386 2399 1369 2399 1387 2399 1387 2400 1369 2400 1326 2400 1387 2401 1326 2401 1325 2401 42 2402 1329 2402 15 2402 15 2403 1329 2403 1370 2403 15 2404 1370 2404 17 2404 17 2405 1370 2405 1371 2405 17 2406 1371 2406 18 2406 18 2407 1371 2407 1372 2407 18 2408 1372 2408 19 2408 19 2409 1372 2409 1373 2409 19 2410 1373 2410 20 2410 20 2411 1373 2411 1374 2411 20 2412 1374 2412 36 2412 36 2413 1374 2413 1375 2413 36 2414 1375 2414 37 2414 37 2415 1375 2415 1376 2415 37 2416 1376 2416 21 2416 21 2417 1376 2417 1377 2417 21 2418 1377 2418 22 2418 22 2419 1377 2419 1378 2419 22 2420 1378 2420 23 2420 23 2421 1378 2421 1379 2421 23 2422 1379 2422 24 2422 24 2423 1379 2423 1380 2423 24 2424 1380 2424 25 2424 25 2425 1380 2425 1381 2425 25 2426 1381 2426 26 2426 26 2427 1381 2427 1382 2427 26 2428 1382 2428 27 2428 27 2429 1382 2429 1383 2429 27 2430 1383 2430 28 2430 28 2431 1383 2431 1384 2431 28 2432 1384 2432 29 2432 29 2433 1384 2433 1385 2433 29 2434 1385 2434 30 2434 30 2435 1385 2435 1386 2435 30 2436 1386 2436 38 2436 38 2437 1386 2437 1387 2437 38 2438 1387 2438 39 2438 39 2439 1387 2439 1325 2439 39 2440 1325 2440 16 2440 1388 2441 41 2441 40 2441 40 2442 1389 2442 1388 2442 1388 2443 1389 2443 1390 2443 1388 2444 1390 2444 1391 2444 1391 2445 1390 2445 1392 2445 1391 2446 1392 2446 1393 2446 42 2447 41 2447 1328 2447 1328 2448 41 2448 1388 2448 1328 2449 1388 2449 1330 2449 1330 2450 1388 2450 1391 2450 1330 2451 1391 2451 1332 2451 1332 2452 1391 2452 1393 2452 1332 2453 1393 2453 770 2453 770 2454 1393 2454 876 2454 1392 2455 1394 2455 1393 2455 1393 2456 1394 2456 1395 2456 1393 2457 1395 2457 876 2457 876 2458 1395 2458 877 2458 40 2459 33 2459 1389 2459 1389 2460 33 2460 1396 2460 1389 2461 1396 2461 1390 2461 1390 2462 1396 2462 1397 2462 1390 2463 1397 2463 1392 2463 1392 2464 1397 2464 1398 2464 1392 2465 1398 2465 1394 2465 1394 2466 1398 2466 1399 2466 1394 2467 1399 2467 1395 2467 1395 2468 1399 2468 1400 2468 1395 2469 1400 2469 877 2469 877 2470 1400 2470 916 2470 1401 2471 3 2471 4 2471 33 2472 2 2472 1396 2472 1396 2473 2 2473 1402 2473 1403 2474 1399 2474 1404 2474 1404 2475 1399 2475 1398 2475 1404 2476 1398 2476 1402 2476 1402 2477 1398 2477 1397 2477 1402 2478 1397 2478 1396 2478 2 2479 3 2479 1402 2479 1402 2480 3 2480 1401 2480 1402 2481 1401 2481 1404 2481 1404 2482 1401 2482 1405 2482 1404 2483 1405 2483 1403 2483 1403 2484 1405 2484 1406 2484 4 2485 1407 2485 1401 2485 1401 2486 1407 2486 1408 2486 1401 2487 1408 2487 1405 2487 1405 2488 1408 2488 1409 2488 1405 2489 1409 2489 1406 2489 1406 2490 1409 2490 1410 2490 1406 2491 1410 2491 1411 2491 1170 2492 916 2492 1403 2492 1403 2493 916 2493 1400 2493 1403 2494 1400 2494 1399 2494 1170 2495 1403 2495 1169 2495 1169 2496 1403 2496 1406 2496 1169 2497 1406 2497 1168 2497 1168 2498 1406 2498 1411 2498 1168 2499 1411 2499 1004 2499 1004 2500 1411 2500 1006 2500 1006 2501 1411 2501 1412 2501 1411 2502 1410 2502 1412 2502 1412 2503 1410 2503 1409 2503 1412 2504 1409 2504 1413 2504 4 2505 11 2505 1407 2505 1407 2506 11 2506 1413 2506 1407 2507 1413 2507 1408 2507 1408 2508 1413 2508 1409 2508 1414 2509 1010 2509 1008 2509 1028 2510 1015 2510 1415 2510 1415 2511 1015 2511 1014 2511 1415 2512 1014 2512 1012 2512 44 2513 1416 2513 1417 2513 1417 2514 1416 2514 1027 2514 1413 2515 11 2515 79 2515 1006 2516 1412 2516 1418 2516 1418 2517 1412 2517 1419 2517 1418 2518 1419 2518 1420 2518 1412 2519 1413 2519 1419 2519 1419 2520 1413 2520 79 2520 1419 2521 79 2521 1420 2521 1420 2522 79 2522 81 2522 1420 2523 81 2523 83 2523 83 2524 1421 2524 1420 2524 1420 2525 1421 2525 1414 2525 1420 2526 1414 2526 1418 2526 1418 2527 1414 2527 1008 2527 1418 2528 1008 2528 1006 2528 83 2529 85 2529 1421 2529 1421 2530 85 2530 87 2530 1421 2531 87 2531 90 2531 1027 2532 1028 2532 1417 2532 1417 2533 1028 2533 1415 2533 1417 2534 1415 2534 1422 2534 1422 2535 1415 2535 1012 2535 1422 2536 1012 2536 1010 2536 1010 2537 1414 2537 1422 2537 1422 2538 1414 2538 1421 2538 1422 2539 1421 2539 1417 2539 1417 2540 1421 2540 90 2540 1417 2541 90 2541 44 2541 44 2542 43 2542 1416 2542 1416 2543 43 2543 1026 2543 1416 2544 1026 2544 1027 2544 953 2545 1102 2545 98 2545 98 2546 1102 2546 1101 2546 98 2547 1101 2547 100 2547 957 2548 901 2548 903 2548 903 2549 1099 2549 957 2549 957 2550 1099 2550 1104 2550 957 2551 1104 2551 953 2551 953 2552 1104 2552 1103 2552 953 2553 1103 2553 1102 2553 905 2554 907 2554 1109 2554 1109 2555 907 2555 954 2555 956 2556 1112 2556 954 2556 954 2557 1112 2557 1111 2557 954 2558 1111 2558 1109 2558 57 2559 1108 2559 56 2559 56 2560 1108 2560 1106 2560 56 2561 1106 2561 956 2561 956 2562 1106 2562 1105 2562 956 2563 1105 2563 1112 2563 1052 2564 50 2564 55 2564 1052 2565 55 2565 1053 2565 55 2566 955 2566 1053 2566 1053 2567 955 2567 676 2567 1053 2568 676 2568 675 2568 974 2569 973 2569 998 2569 998 2570 973 2570 1055 2570 1055 2571 973 2571 1054 2571 1054 2572 973 2572 97 2572 1054 2573 97 2573 96 2573 1116 2574 1110 2574 1107 2574 1107 1333 57 1333 48 1333 1114 2575 1115 2575 1113 2575 1113 2576 1115 2576 1116 2576 1113 1333 1116 1333 1117 1333 1117 2577 1116 2577 1107 2577 1118 1333 1117 1333 1119 1333 1119 2578 1117 2578 1107 2578 1119 2579 1107 2579 1120 2579 1120 2580 1107 2580 48 2580 1095 2581 1094 2581 1093 2581 1098 1333 1097 1333 1096 1333 101 1333 100 1333 1086 1333 1086 2582 100 2582 1100 2582 1086 1333 1100 1333 1091 1333 1096 2583 1095 2583 1098 2583 1098 2584 1095 2584 1093 2584 1098 1333 1093 1333 1100 1333 1100 2585 1093 2585 1092 2585 1100 1333 1092 1333 1091 1333 1056 2586 1071 2586 1073 2586 1056 1333 96 1333 95 1333 1058 1333 1057 1333 1059 1333 1059 1333 1057 1333 1056 1333 1059 2587 1056 2587 1063 2587 1063 1333 1056 1333 1073 1333 1078 1333 1071 1333 1079 1333 1079 1333 1071 1333 1056 1333 1079 1333 1056 1333 1081 1333 1081 1333 1056 1333 95 1333 1030 2588 1029 2588 1025 2588 1040 1333 1035 1333 1031 1333 43 1333 50 1333 1025 1333 1025 1333 50 1333 1024 1333 1025 1333 1024 1333 1051 1333 1031 1333 1030 1333 1040 1333 1040 2589 1030 2589 1025 2589 1040 2590 1025 2590 1047 2590 1047 1333 1025 1333 1051 1333 1047 1333 1051 1333 1048 1333 1423 2591 809 2591 1424 2591 1424 2592 809 2592 812 2592 1424 2593 812 2593 1425 2593 1425 2594 812 2594 814 2594 1425 2595 814 2595 1426 2595 1426 2596 814 2596 816 2596 1426 22 816 22 1427 22 1427 22 816 22 818 22 1427 2597 818 2597 1428 2597 1428 2598 818 2598 820 2598 1428 2599 820 2599 1429 2599 1429 2600 820 2600 794 2600 1429 2601 794 2601 1430 2601 1430 2602 794 2602 793 2602 1430 2603 793 2603 1431 2603 1431 2604 793 2604 791 2604 1431 2605 791 2605 1432 2605 1432 2606 791 2606 799 2606 1432 2607 799 2607 1433 2607 1433 2608 799 2608 801 2608 1433 61 801 61 1434 61 1434 61 801 61 803 61 1434 2609 803 2609 1435 2609 1435 2610 803 2610 805 2610 1435 2611 805 2611 1436 2611 1436 2612 805 2612 807 2612 1436 2613 807 2613 1423 2613 1423 2614 807 2614 809 2614 1423 0 1424 0 1437 0 1423 0 1437 0 1436 0 1433 0 1434 0 1437 0 1437 2615 1434 2615 1435 2615 1437 2616 1435 2616 1436 2616 1430 0 1431 0 1437 0 1437 2617 1431 2617 1432 2617 1437 0 1432 0 1433 0 1427 0 1428 0 1437 0 1437 2618 1428 2618 1429 2618 1437 2619 1429 2619 1430 2619 1424 2620 1425 2620 1437 2620 1437 2621 1425 2621 1426 2621 1437 0 1426 0 1427 0 1438 2602 964 2602 1439 2602 1439 2601 964 2601 965 2601 1439 2622 965 2622 1440 2622 1440 2622 965 2622 972 2622 1440 2598 972 2598 1441 2598 1441 2597 972 2597 971 2597 1441 22 971 22 1442 22 1442 22 971 22 960 22 1442 2623 960 2623 1443 2623 1443 2624 960 2624 959 2624 1443 2625 959 2625 1444 2625 1444 2625 959 2625 958 2625 1444 2592 958 2592 1445 2592 1445 2591 958 2591 961 2591 1445 2614 961 2614 1446 2614 1446 2613 961 2613 962 2613 1446 2626 962 2626 1447 2626 1447 2626 962 2626 963 2626 1447 2627 963 2627 1448 2627 1448 2628 963 2628 970 2628 1448 61 970 61 1449 61 1449 61 970 61 969 61 1449 2608 969 2608 1450 2608 1450 2607 969 2607 968 2607 1450 2629 968 2629 1451 2629 1451 2629 968 2629 966 2629 1451 2604 966 2604 1438 2604 1438 2603 966 2603 964 2603 1438 67 1439 67 1452 67 1438 67 1452 67 1451 67 1448 2630 1449 2630 1452 2630 1452 67 1449 67 1450 67 1452 67 1450 67 1451 67 1445 67 1446 67 1452 67 1452 67 1446 67 1447 67 1452 67 1447 67 1448 67 1442 67 1443 67 1452 67 1452 67 1443 67 1444 67 1452 2631 1444 2631 1445 2631 1439 67 1440 67 1452 67 1452 67 1440 67 1441 67 1452 67 1441 67 1442 67</p>
        </triangles>
      </mesh>
    </geometry>
  </library_geometries>
  <library_visual_scenes>
    <visual_scene id="Scene" name="Scene">
      <node id="link_1_3" name="link_1_3" type="NODE">
        <matrix sid="transform">0 1 0 0 -1 0 0 0 0 0 1 0 0 0 0 1</matrix>
        <instance_geometry url="#link_1_3-mesh" name="link_1_3">
          <bind_material>
            <technique_common>
              <instance_material symbol="m_1-material" target="#m_1-material"/>
            </technique_common>
          </bind_material>
        </instance_geometry>
      </node>
    </visual_scene>
  </library_visual_scenes>
  <scene>
    <instance_visual_scene url="#Scene"/>
  </scene>
</COLLADA>