<?xml version="1.0" encoding="utf-8"?>
<COLLADA xmlns="http://www.collada.org/2005/11/COLLADASchema" version="1.4.1" xmlns:xsi="http://www.w3.org/2001/XMLSchema-instance">
  <asset>
    <contributor>
      <author>Blender User</author>
      <authoring_tool>Blender 4.0.2 commit date:2023-12-05, commit time:07:41, hash:9be62e85b727</authoring_tool>
    </contributor>
    <created>2025-10-30T11:55:54</created>
    <modified>2025-10-30T11:55:54</modified>
    <unit name="meter" meter="1"/>
    <up_axis>Z_UP</up_axis>
  </asset>
  <library_effects>
    <effect id="m_3-effect">
      <profile_COMMON>
        <technique sid="common">
          <lambert>
            <emission>
              <color sid="emission">0 0 0 1</color>
            </emission>
            <diffuse>
              <color sid="diffuse">0.8 0.8 0.8 1</color>
            </diffuse>
            <index_of_refraction>
              <float sid="ior">1.45</float>
            </index_of_refraction>
          </lambert>
        </technique>
      </profile_COMMON>
    </effect>
  </library_effects>
  <library_images/>
  <library_materials>
    <material id="m_3-material" name="m_3">
      <instance_effect url="#m_3-effect"/>
    </material>
  </library_materials>
  <library_geometries>
    <geometry id="link_1_tip-mesh" name="link_1_tip">
      <mesh>
        <source id="link_1_tip-mesh-positions">
          <float_array id="link_1_tip-mesh-positions-array" count="2862">-0.01685202 0.003998458 -0.002193808 -0.01678878 0.004110753 -0.002691805 -0.01714956 0.003403127 -0.002397656 -2.63213e-4 0.009797334 0.005502879 0 0.009799957 0.005549967 0 0.009799957 -0.005549967 -0.005305826 0.009453117 0.004604399 -0.003103196 0.00967431 -0.005430519 -0.004196941 0.009578824 -0.005357742 -0.006158053 0.009336054 0.004454493 -0.003513097 0.009641826 0.004922866 -0.003102779 0.00967437 0.004996001 -0.002011835 0.009742498 -0.005491495 -0.001947343 0.009745657 0.005202114 -0.00103861 0.009781122 0.005364358 -0.006157338 0.009336113 -0.005207598 -0.006378471 0.009302794 -0.005189001 -0.006667375 0.009257316 0.004356801 -0.008453488 0.008927166 -0.004988431 -0.007711887 0.009074687 0.004120767 -0.0103085 0.008476138 0.002539396 -0.009487628 0.008693099 0.00318402 -0.008719444 0.008870482 -0.004957258 -0.008718073 0.00887078 0.003796696 -0.008646965 0.008886277 0.003854334 -0.01241612 0.007734656 -0.004369437 -0.01241534 0.007734954 9.25915e-4 -0.01239472 0.007743895 -0.004373013 -0.01187825 0.007954478 0.001331806 -0.01147872 0.008102953 -0.004528284 -0.01063495 0.008380353 -0.004672229 -0.009419023 0.008709907 -0.004865944 -0.01043301 0.008440315 -0.004706442 -0.01063406 0.008380651 0.002286195 -0.01110595 0.008231163 0.001921832 -0.0137341 0.00707674 -0.004144132 -0.01403743 0.006895005 -0.004086315 -0.01435369 0.006690084 -4.95088e-4 -0.01481318 0.006359457 -0.003924965 -0.01482468 0.006350517 -8.26141e-4 -0.01482498 0.006350398 -0.003922402 -0.01485246 0.006328999 -8.45445e-4 -0.01402765 0.006901085 -2.62219e-4 -0.01373231 0.007077813 -4.88451e-5 -0.01321142 0.007360756 -0.00423634 -0.01333945 0.007294297 2.38168e-4 -0.01262271 0.007643461 7.70203e-4 -0.01532584 0.005932331 -0.001170635 -0.01540917 0.005855917 -0.003792643 -0.01570832 0.005561292 -0.001427829 -0.01570713 0.005562543 -0.003554403 -0.01590573 0.005347013 -0.003397643 -0.01647311 0.004615664 -0.002946555 -0.01652169 0.004543364 -0.001969814 -0.01647371 0.00461483 -0.001937448 -0.01637309 0.004759132 -0.003026723 -0.01618182 0.005014896 -0.001741826 -0.01577109 0.005495071 -0.001469492 -0.01147872 -0.008102953 -0.004528284 -0.01063495 -0.008380353 -0.004672229 -0.01187825 -0.007954478 0.001331806 -0.008718073 -0.00887078 0.003796696 -0.008719444 -0.008870482 -0.004957258 -0.008646905 -0.008886277 0.003854393 -0.008453547 -0.008927166 -0.004988431 -0.008335649 -0.008951663 0.003949642 -0.007392883 -0.009133517 0.004198849 -0.006502866 -0.009283483 0.004389405 -0.006378471 -0.009302794 -0.005189001 -0.006157755 -0.009336113 0.004454553 -0.003103196 -0.00967431 -0.005430519 -0.004866361 -0.009506523 0.004682123 -0.004196941 -0.009578824 -0.005357742 -0.006157338 -0.009336113 -0.005207598 0 -0.009799957 0.005549609 -0.001038491 -0.009781122 0.005364358 0 -0.009799957 -0.005549967 -0.001739382 -0.009755373 0.005239248 -0.002011835 -0.009742498 -0.005491495 -0.003102838 -0.00967437 0.004996001 -0.00322777 -0.009664833 0.004973709 -0.009487628 -0.008693099 0.00318402 -0.0103085 -0.008476138 0.002539396 -0.009419023 -0.008709907 -0.004865944 -0.01043301 -0.008440315 -0.004706442 -0.01110601 -0.008231163 0.001921832 -0.01063406 -0.008380651 0.002286195 -0.01241534 -0.007734954 9.25915e-4 -0.01241612 -0.007734656 -0.004369437 -0.01239472 -0.007743895 -0.004373013 -0.01333945 -0.007294297 2.38162e-4 -0.01373231 -0.007077813 -4.88451e-5 -0.0137341 -0.00707674 -0.004144132 -0.01262271 -0.007643461 7.70197e-4 -0.01321148 -0.007360756 -0.00423634 -0.01482468 -0.006350517 -8.26141e-4 -0.01482498 -0.006350398 -0.003922402 -0.01435369 -0.006690084 -4.95088e-4 -0.01481318 -0.006359457 -0.003924965 -0.01402765 -0.006901085 -2.62224e-4 -0.01403748 -0.006895005 -0.004086315 -0.01485246 -0.006328999 -8.45445e-4 -0.01532584 -0.005932331 -0.001170635 -0.01540917 -0.005855917 -0.003792643 -0.01570832 -0.005561292 -0.001427829 -0.01620125 -0.004989922 -0.003163754 -0.01581454 -0.005448222 -0.003469467 -0.01570791 -0.005561709 -0.003553748 -0.01577109 -0.005495071 -0.001469492 -0.01618182 -0.005014896 -0.001741826 -0.01647341 -0.004615187 -0.002946317 -0.01647371 -0.00461483 -0.001937448 -0.01655238 -0.004496753 -0.002882838 -0.01652169 -0.004543364 -0.001969814 -0.01686847 -0.003968477 -0.002627134 -0.01685202 -0.003998458 -0.002193808 -0.01714956 -0.003403127 -0.002397656 0 -0.00730127 0.008049964 0 0.007299959 0.008049964 -0.001104474 -0.007275938 0.008018851 -0.001104474 0.007275938 0.008018851 -0.002165675 -0.007219791 0.007945656 -0.002165675 0.007219791 0.007945656 -0.0022825 -0.007211565 0.007935643 -0.002282559 0.007211565 0.007935643 -0.003453969 -0.007106721 0.007817447 -0.003454029 0.007106721 0.007817447 -0.004612743 -0.006962954 0.00767076 -0.004612803 0.006962954 0.00767076 -0.005753517 0.00678277 0.007499992 -0.005753397 -0.00678277 0.007499992 -0.006061136 0.006727933 0.007448852 -0.006061136 -0.006727874 0.007448852 -0.002305388 -0.007717967 0.007881999 -0.006443202 -0.008081912 0.006969928 -0.006529092 -0.008233308 0.006838619 -0.005877137 -0.008336901 0.006958067 -0.005706012 -0.009397387 0.005013644 0 -0.007716834 0.008015394 -0.001116573 -0.007779955 0.007966935 -0.00112307 -0.008293271 0.007801592 0 -0.008118391 0.007912337 0 -0.007803499 0.007999181 0 -0.008846104 0.007514894 0 -0.00879997 0.007550477 -0.001122593 -0.008777439 0.007517099 0 -0.008500099 0.007743418 0 -0.008316159 0.007834196 0 -0.009151041 0.00723046 -0.001114428 -0.009192109 0.007125198 0 -0.009213924 0.007158696 0 -0.009404063 0.006900966 -0.001099288 -0.009504854 0.006654798 0 -0.009525954 0.006688356 0 -0.009598255 0.006533861 -0.001078605 -0.009699463 0.006145238 0 -0.009730219 0.006138443 -0.001054525 -0.009777724 0.005636334 0 -0.009793698 0.005729019 -0.002210021 -0.009729146 0.005540966 -0.003382682 -0.009649395 0.00540018 -0.004553854 -0.00953859 0.005222201 -0.006808757 -0.009231209 0.004776418 -0.007838189 -0.009047567 0.004505753 -0.008106172 -0.008998155 0.004288971 -0.008147478 -0.00898993 0.004255652 -0.006993293 -0.008760094 0.00609827 -0.007352292 -0.008955597 0.005512118 -0.006966114 -0.008919179 0.0058375 -0.007582724 -0.009014308 0.005135357 -0.005835652 -0.009097397 0.006064236 -0.005869805 -0.008768498 0.00655055 -0.006808757 -0.008597016 0.006396532 -0.006624877 -0.008377254 0.00668919 -0.006143152 -0.007237851 0.007383108 -0.00620377 -0.007475614 0.00731033 -0.005857467 -0.007835328 0.00725758 -0.006273627 -0.007692337 0.007217049 -0.006299674 -0.00776267 0.007180571 -0.006356239 -0.007900536 0.00709927 -0.005814194 -0.00730437 0.007436513 -0.006897211 -0.009134769 0.005306661 -0.005778849 -0.009306669 0.005538702 -0.007698655 -0.009027302 0.004946351 -0.002250313 -0.009648978 0.00605154 -0.002284348 -0.009452223 0.006562709 -0.002308547 -0.009137213 0.007034838 -0.002320289 -0.008720219 0.007428526 -0.002318859 -0.008233666 0.007714867 -0.003434836 -0.009566545 0.00591433 -0.003477632 -0.009366571 0.006429016 -0.003506302 -0.009047985 0.006904542 -0.003517806 -0.008627176 0.007301628 -0.003511309 -0.008136749 0.007591247 -0.003488779 -0.007617056 0.007761359 -0.004616081 -0.009452223 0.005741298 -0.004665613 -0.009248077 0.006260991 -0.004696846 -0.008924722 0.006741404 -0.004706203 -0.008498966 0.007143259 -0.00469309 -0.008003413 0.007437348 -0.004660308 -0.007478535 0.007611393 -0.007751345 0.009029865 0.004860699 -0.007581472 0.00901407 0.005137383 -0.006897389 0.009134531 0.005307495 -0.006860673 0.008648037 0.006312966 -0.006827116 0.008615553 0.006366968 -0.005869865 0.008768081 0.006550967 -0.006353616 0.007894575 0.007103085 -0.006283164 0.007718682 0.007203757 -0.005857527 0.00783503 0.007257699 -0.006207406 0.00748831 0.007305622 -0.006152093 0.007277131 0.007373094 -0.005814254 0.007304251 0.007436573 -0.006074011 0.006839931 0.007444262 0 0.007480323 0.008043646 0 0.007889747 0.007979869 -0.001116573 0.007779777 0.007966935 0 0.008652091 0.007653355 0 0.008799672 0.007550716 -0.001122593 0.008777081 0.007517397 0 0.008981466 0.007400155 0 0.009213507 0.007159113 -0.001114487 0.009191691 0.007125616 0 0.00926572 0.007095098 0 0.009494066 0.006748914 -0.001099288 0.009504497 0.006655395 0 0.009662747 0.006367146 0 0.009719729 0.006179749 -0.001078605 0.009699225 0.006146013 0 0.009765625 0.00596559 -0.001054584 0.009777724 0.005637168 -0.00610578 0.007049798 0.007420957 -0.006675124 0.008444011 0.006609737 -0.006528258 0.008231937 0.006839871 -0.005877256 0.008336544 0.006958305 -0.006507396 0.008197307 0.006871998 -0.006469428 0.008130729 0.006930112 -0.007460713 0.008988916 0.005334794 -0.007183134 0.008881032 0.005788862 -0.006966292 0.008918821 0.005838155 -0.006920874 0.00870198 0.006215751 -0.005835831 0.009097039 0.006064891 -0.008106172 0.008998155 0.004288971 -0.007838487 0.009047448 0.004506647 -0.006809055 0.00923115 0.004777312 -0.005706191 0.009397327 0.005014538 -0.004554033 0.009538531 0.005223095 -0.003382802 0.009649336 0.005401074 -0.00221014 0.009729087 0.005541861 -0.002305448 0.007717847 0.007882058 -0.004660367 0.007478356 0.007611393 -0.003488838 0.007616937 0.007761359 0 0.008285045 0.007847726 -0.00112313 0.008292973 0.007801711 -0.002318859 0.008233428 0.007714986 -0.003511369 0.008136451 0.007591366 -0.00469315 0.008003115 0.007437467 -0.002320289 0.008719861 0.007428765 -0.003517866 0.008626818 0.007301867 -0.004706263 0.008498609 0.007143497 -0.002308547 0.009136795 0.007035255 -0.003506422 0.009047567 0.006904959 -0.004696965 0.008924365 0.006741881 -0.002284407 0.009451925 0.006563365 -0.003477692 0.009366273 0.006429612 -0.004665732 0.00924772 0.006261587 -0.002250432 0.009648799 0.006052315 -0.003434956 0.009566366 0.005915105 -0.0046162 0.009451985 0.005742073 -0.005779027 0.00930649 0.005539476 -0.008057355 0.009007215 0.004366993 -0.004217624 -0.009534299 -0.005818724 -0.0114389 -0.005313575 -0.007180869 -0.01099574 -0.005502879 -0.007252871 -0.01114857 -0.005962789 -0.007183909 -0.009019613 -0.006116271 -0.007547199 -0.008138597 -0.006326973 -0.007635056 -0.008232176 -0.006795704 -0.00758326 -0.004824876 -0.006950199 -0.007857024 -0.004082083 -0.007047116 -0.00789833 -0.004125654 -0.00750643 -0.007853686 -0.002040445 -0.009564936 -0.006414055 0 -0.009765625 -0.00596559 -0.002028226 -0.009699761 -0.005947589 -0.002046942 -0.009331881 -0.006862998 0 -0.009494066 -0.006748914 0 -0.009662747 -0.006367146 -0.002046883 -0.009006083 -0.007263958 0 -0.00926572 -0.007095098 0 -0.009392857 -0.006918251 -0.002008974 -0.00769031 -0.007957935 0 -0.008285105 -0.007847726 -0.002026915 -0.008156597 -0.00782299 0 -0.008652091 -0.007653355 -0.002040028 -0.00860536 -0.007589817 0 -0.008981466 -0.007400155 0 -0.009067714 -0.007317721 0 -0.007301867 -0.008049964 0 -0.007480323 -0.008043646 0 -0.007889747 -0.007979869 -0.01260781 -0.005281925 -0.006946802 -0.01323366 -0.00505197 -0.006805598 -0.01316136 -0.004853188 -0.006856322 -0.01239585 -0.004841148 -0.007026731 -0.01308816 -0.004611909 -0.006892263 -0.0130617 -0.004508376 -0.006899893 -0.0133208 -0.005254924 -0.006730556 -0.01280838 -0.005731642 -0.006772577 -0.01334071 -0.005296647 -0.00671184 -0.01298445 -0.006165981 -0.006500661 -0.01354801 -0.005655527 -0.006489753 -0.01343852 -0.005481779 -0.00661236 -0.01312381 -0.006558537 -0.006138324 -0.013794 -0.005947113 -0.00618422 -0.01365888 -0.005802035 -0.006356298 -0.01429241 -0.006239712 -0.005488455 -0.0141735 -0.006199717 -0.005661368 -0.01405489 -0.006407678 -0.005528211 -0.01399379 -0.006105124 -0.005915462 -0.01395422 -0.006092071 -0.005958318 -0.01382321 -0.005974173 -0.006145894 -0.01451873 -0.006269276 -0.005153 -0.01410025 -0.006649732 -0.005055069 -0.01464986 -0.006260573 -0.004955112 -0.0140922 -0.006811559 -0.004566073 -0.0149073 -0.006190717 -0.004561603 -0.01486867 -0.006266236 -0.004394531 -0.01516151 -0.006053626 -0.004172444 -0.001987755 -0.007234454 -0.008000671 -0.001346349 -0.007267177 -0.008024334 -0.006146609 -0.006738364 -0.007778406 -0.006215035 -0.007202625 -0.007731199 -0.009210348 -0.006564199 -0.00748068 -0.009103298 -0.006095528 -0.007537305 -0.01009219 -0.005823671 -0.007399022 -0.01021784 -0.006289124 -0.007335484 -0.01191329 -0.005627691 -0.007060885 -0.01173049 -0.005175173 -0.007134139 -0.00627911 -0.007677376 -0.007589578 -0.008319675 -0.007274866 -0.007435917 -0.006334185 -0.008134484 -0.007347702 -0.008394658 -0.007736384 -0.007187366 -0.006375908 -0.008543133 -0.007011353 -0.008451402 -0.008149564 -0.006843566 -0.00640124 -0.008876204 -0.006598711 -0.008485615 -0.008487343 -0.006422996 -0.006409168 -0.009115755 -0.006137192 -0.008496105 -0.008731544 -0.005953252 -0.006400644 -0.009256005 -0.005657792 -0.008484184 -0.008876323 -0.005465507 -0.01033157 -0.006764531 -0.007177472 -0.01128953 -0.006432354 -0.007020592 -0.01042485 -0.00722295 -0.006920278 -0.01140844 -0.006885468 -0.00675857 -0.01049017 -0.007635176 -0.006570518 -0.0114963 -0.007293522 -0.006404697 -0.01052278 -0.007975041 -0.006146371 -0.01154696 -0.007631242 -0.005977094 -0.01052176 -0.008224964 -0.0056746 -0.01155865 -0.007881283 -0.005502283 -0.01048994 -0.008378505 -0.005185365 -0.01153391 -0.008037149 -0.005010187 -0.01208513 -0.006089627 -0.006892919 -0.01223427 -0.00653553 -0.006626069 -0.01234996 -0.006937623 -0.006267488 -0.01242446 -0.00727123 -0.005835235 -0.01245486 -0.007519483 -0.005356013 -0.01244294 -0.007675766 -0.004859447 -0.004165172 -0.007976233 -0.007716 -0.004197478 -0.008428454 -0.007479369 -0.004219949 -0.008832454 -0.007149398 -0.004230737 -0.009161293 -0.006743907 -0.004229605 -0.009397149 -0.006290137 -0.009308516 -0.007043242 -0.007328629 -0.009390413 -0.00750482 -0.007076025 -0.009449481 -0.007918834 -0.006729006 -0.00948143 -0.008258402 -0.006305992 -0.009485125 -0.008505702 -0.005834341 -0.009462773 -0.008654475 -0.005344927 -0.01321744 -0.006885766 -0.005703508 -0.01326143 -0.007131278 -0.005222499 -0.01325738 -0.007288575 -0.004724442 -0.0114389 0.005313575 -0.007180869 -0.01173049 0.005175173 -0.007134139 -0.01191329 0.005627691 -0.007060885 -0.009019315 0.00611639 -0.007547199 -0.009103298 0.006095528 -0.007537305 -0.009210348 0.006564199 -0.00748068 -0.01244294 0.007675766 -0.004859447 -0.01048994 0.008378505 -0.005185365 -0.008484184 0.008876323 -0.005465507 -0.002028226 0.009699761 -0.005947589 -0.01453381 0.006269216 -0.00513035 -0.01472586 0.006247162 -0.00483936 -0.01410025 0.006649732 -0.005055069 -0.002008974 0.00769031 -0.007957935 -0.002026915 0.008156597 -0.00782299 0 0.007715523 -0.008015632 0 0.008117139 -0.007912755 0 0.008498907 -0.007744073 -0.002040028 0.00860536 -0.007589817 0 0.008668243 -0.007642865 0 0.00884509 -0.007515728 -0.002046883 0.009006083 -0.007263958 0 0.009067714 -0.007317721 0 0.009150147 -0.007231473 -0.002046942 0.009331881 -0.006862998 0 0.009403347 -0.006902098 -0.002040445 0.009564936 -0.006414055 0 0.009597718 -0.006535112 0 0.009729862 -0.006139755 0 0.009793639 -0.00573033 -0.01486867 0.006266236 -0.004394531 -0.01508474 0.006101906 -0.004290878 -0.0140922 0.006811559 -0.004566073 -0.01432991 0.006248712 -0.00543344 -0.01405489 0.006407678 -0.005528211 -0.01411408 0.006173074 -0.005746424 -0.01395422 0.006092071 -0.005958318 -0.01388663 0.006028056 -0.006061494 -0.01298445 0.006165981 -0.00650072 -0.01360505 0.005734264 -0.006422102 -0.01312381 0.006558537 -0.006138324 -0.01374572 0.00589919 -0.006246745 -0.01260781 0.005281925 -0.006946802 -0.01320523 0.004977643 -0.006826996 -0.01328063 0.005165755 -0.006766736 -0.01280838 0.005731642 -0.006772577 -0.0133537 0.005323112 -0.006699264 -0.01343363 0.005473256 -0.006617605 -0.01351761 0.005610406 -0.006524801 -0.01315563 0.004835903 -0.006859779 -0.01239585 0.004841148 -0.007026731 -0.0130617 0.004508376 -0.006899893 -0.004217624 0.009534299 -0.005818724 -0.006400644 0.009256005 -0.005657792 -0.009462773 0.008654475 -0.005344927 -0.01153391 0.008037149 -0.005010187 -0.01325738 0.007288575 -0.004724442 -0.01321744 0.006885766 -0.005703508 -0.01326143 0.007131278 -0.005222499 -0.004229605 0.009397149 -0.006290137 -0.004230737 0.009161293 -0.006743907 -0.004219949 0.008832454 -0.007149398 -0.004197478 0.008428454 -0.007479369 -0.004165172 0.007976233 -0.007716 -0.004125654 0.00750643 -0.007853686 0 0.007299959 -0.008049964 -0.001987755 0.007234454 -0.008000671 -0.004082083 0.007047116 -0.00789833 -0.004824876 0.006950199 -0.007857024 -0.006409168 0.009115755 -0.006137192 -0.00640124 0.008876204 -0.006598711 -0.006375908 0.008543133 -0.007011353 -0.006334185 0.008134484 -0.007347702 -0.00627911 0.007677376 -0.007589578 -0.006215035 0.007202625 -0.007731199 -0.006146609 0.006738364 -0.007778406 -0.008496105 0.008731544 -0.005953252 -0.008485615 0.008487343 -0.006422996 -0.008451402 0.008149564 -0.006843566 -0.008394658 0.007736384 -0.007187366 -0.008319675 0.007274866 -0.007435917 -0.008232176 0.006795704 -0.00758326 -0.008138597 0.006326973 -0.007635056 -0.009485125 0.008505702 -0.005834341 -0.00948143 0.008258402 -0.006305992 -0.009449481 0.007918834 -0.006729006 -0.009390413 0.00750482 -0.007076025 -0.009308516 0.007043242 -0.007328629 -0.01052176 0.008224964 -0.0056746 -0.01052278 0.007975041 -0.006146371 -0.01049017 0.007635176 -0.006570518 -0.01042485 0.00722295 -0.006920278 -0.01033157 0.006764531 -0.007177472 -0.01021784 0.006289124 -0.007335484 -0.01009219 0.005823671 -0.007399022 -0.01155865 0.007881283 -0.005502283 -0.01154696 0.007631242 -0.005977094 -0.0114963 0.007293522 -0.006404697 -0.01140844 0.006885468 -0.00675857 -0.01128953 0.006432354 -0.007020592 -0.01114857 0.005962789 -0.007183969 -0.01099574 0.005502879 -0.007252871 -0.0124548 0.007519483 -0.005356013 -0.01242446 0.00727123 -0.005835235 -0.01234996 0.006937623 -0.006267488 -0.01223427 0.00653553 -0.006626069 -0.01208513 0.006089627 -0.006892919 0 -0.007368028 -0.00517553 0 -0.006925523 -0.005617976 0 -0.006367981 -0.005902111 0 -0.00575 -0.005999982 0 -0.006925523 0.005617976 0 -0.007368028 0.00517553 0 -0.006367981 0.005902111 0 -0.00575 0.005999982 0 -0.007652103 -0.004617989 0 -0.007749974 -0.003999948 0 -0.007749974 0.003999948 0 -0.007652103 0.004617989 0 0.00575 0.005999982 0 0.006367981 0.005902111 0 0.006925523 0.005617976 0 0.007368028 0.00517553 0 0.007368028 -0.00517553 0 0.00575 -0.005999982 0 0.006367981 -0.005902111 0 0.006925523 -0.005617976 0 0.007652103 0.004617989 0 0.007749974 0.003999948 0 0.007749974 -0.003999948 0 0.007652103 -0.004617989 -0.01607632 -0.004070997 -0.004224419 -0.01380664 0.004507958 -0.006494164 -0.01577061 -0.004433333 -0.004530131 -0.01380664 -0.004508316 -0.006494104 -0.01544761 -0.004758119 -0.004853129 -0.01468557 -0.00522387 -0.005615174 -0.01479303 -0.005188107 -0.005507707 -0.01621341 0.003886878 -0.004087388 -0.01584243 0.004353642 -0.004458308 -0.016613 -0.003248929 -0.003687798 -0.01501017 -0.005084991 -0.005290567 -0.01522934 -0.004940927 -0.005071401 -0.01414465 -0.005198478 -0.006156086 -0.01380783 -0.00456494 -0.006492912 -0.01382017 -0.004693984 -0.006480574 -0.01684248 -0.002787351 -0.003458321 -0.01684248 0.002787351 -0.003458321 -0.01654827 0.003364503 -0.00375247 -0.01402509 0.005115807 -0.006275653 -0.01397442 0.005062699 -0.006326377 -0.01384156 -0.004796504 -0.006459236 -0.0138756 -0.004897356 -0.006425142 -0.01388436 -0.004917562 -0.00641638 -0.01393181 -0.005004823 -0.006368994 -0.01399165 -0.005082368 -0.006309092 -0.01405793 -0.005143523 -0.006242871 -0.01428234 -0.005246877 -0.0060184 -0.01441484 -0.005261778 -0.005885899 -0.0145061 -0.005258202 -0.005794644 -0.01544761 0.004758119 -0.004853129 -0.01516211 0.004989326 -0.005138635 -0.01485639 0.005162119 -0.005444347 -0.01416414 -0.005207896 -0.006136596 -0.01469784 0.005220353 -0.005602896 -0.0145353 0.005254924 -0.005765438 -0.01437026 0.005259633 -0.005930483 -0.01392924 0.005000889 -0.006371498 -0.01389026 0.004930317 -0.006410479 -0.01385897 0.004853546 -0.006441771 -0.01420724 0.005225419 -0.006093502 -0.014113 0.005181133 -0.006187736 -0.01635724 -0.003676354 -0.003943502 -0.0138188 0.004684865 -0.006481945 -0.01009398 -0.007236421 0.004333078 -0.006773591 -0.006727874 0.007119238 -0.01086223 -0.007033407 0.003688454 -0.01159816 -0.006807386 0.00307089 -0.009296417 -0.007419526 0.005002319 -0.008817017 -0.007519125 0.005404591 -0.008317768 -0.007593095 0.005823493 -0.008376002 0.00758785 0.005774617 -0.008721053 0.007537961 0.005485117 -0.00677365 0.006727933 0.007119119 -0.009294688 0.007420122 0.00500375 -0.01009392 0.007236421 0.004333078 -0.01086217 0.007033407 0.003688454 -0.007943689 -0.007600367 0.006137371 -0.007572293 -0.007550001 0.006448984 -0.00738871 -0.007495164 0.006603062 -0.007259488 0.007439613 0.006711483 -0.007439792 0.007512927 0.006560206 -0.007499575 0.007531166 0.006510019 -0.007211744 -0.007414579 0.006751537 -0.00704509 -0.00729978 0.006891369 -0.006969392 -0.007226884 0.006954908 -0.006908893 0.007152438 0.007005691 -0.006967186 0.00722444 0.006956756 -0.00677514 0.006777405 0.007117867 -0.007068514 0.007319092 0.006871759 -0.007102847 0.007345318 0.006842911 -0.01159816 0.006807386 0.00307089 -0.01230132 0.006555497 0.002480864 -0.01230132 -0.006555497 0.002480864 -0.006901264 -0.00714153 0.007012069 -0.006847977 -0.00705111 0.007056772 -0.006807267 -0.006950139 0.007090926 -0.007766485 0.007584869 0.006286084 -0.008059144 0.007603406 0.006040513 -0.006786763 0.006869077 0.007108151 -0.00681281 0.006966948 0.007086277 -0.006850659 0.007056415 0.007054507 -0.01420104 -0.00562644 8.86842e-4 -0.0136047 -0.00596714 0.001387178 -0.01297068 -0.006275892 0.001919209 -0.01447856 -0.00544691 6.53979e-4 -0.01297068 0.006275892 0.001919269 -0.0136047 0.00596714 0.001387178 -0.01563984 0.004470348 -3.20456e-4 -0.01596438 0.004090845 -5.92782e-4 -0.0152837 -0.004819989 -2.16156e-5 -0.01420104 0.00562644 8.86848e-4 -0.01447856 0.00544691 6.53979e-4 -0.01489609 -0.005144655 3.03622e-4 -0.01489609 0.005144655 3.03622e-4 -0.0152837 0.004819989 -2.16157e-5 -0.01650309 0.003273367 -0.00104475 -0.01674598 0.002787351 -0.001248598 -0.01674598 -0.002787351 -0.001248598 -0.01650309 -0.003273367 -0.00104475 -0.01623612 -0.003713846 -8.20768e-4 -0.01623612 0.003713846 -8.20768e-4 -0.01596438 -0.004090845 -5.92782e-4 -0.01563984 -0.004470348 -3.20456e-4 -0.008953154 0.008722603 0.004261255 -0.009784579 0.008524298 0.003587305 -0.01709109 0.003133058 -0.001752495 -0.01695096 0.002965152 -0.001474916 -0.01669925 0.003484666 -0.001267015 -0.01715856 0.003281831 -0.002065837 -0.01682704 0.003683507 -0.001543879 -0.01656925 0.004386425 -0.001631319 -0.01687896 0.003858208 -0.001859009 -0.01586741 0.005312204 -0.001121699 -0.0162512 0.004844367 -0.001399278 -0.01500153 0.006133079 -4.86281e-4 -0.0154494 0.005741119 -8.17214e-4 -0.01421397 0.006703317 1.06016e-4 -0.01452624 0.006492376 -1.30311e-4 -0.01355105 0.007098615 6.1319e-4 -0.0128563 0.007451593 0.001151561 -0.01213115 0.007767677 0.001719295 -0.01137596 0.008050262 0.002315104 -0.01010781 0.007747709 0.004199922 -0.0108878 0.007533907 0.003549277 -0.01163721 0.007294654 0.002924859 -0.01235502 0.007027208 0.002327442 -0.01303994 0.006729841 0.001758038 -0.01369065 0.006400287 0.001217782 -0.01430487 0.00603491 7.0859e-4 -0.01459163 0.005841553 4.71217e-4 -0.0150243 0.00551486 1.13526e-4 -0.01542747 0.005162179 -2.19186e-4 -0.01579934 0.004780471 -5.25509e-4 -0.01613867 0.004366338 -8.04822e-4 -0.01642185 0.003958225 -0.001038134 -0.01653528 0.004187166 -0.001314103 -0.01623648 0.004623234 -0.001079797 -0.01587706 0.005068063 -7.99238e-4 -0.01548421 0.005477488 -4.91518e-4 -0.01506048 0.005853831 -1.57385e-4 -0.01460802 0.00620079 2.01724e-4 -0.01430934 0.006405353 4.3998e-4 -0.01367217 0.006790399 9.50922e-4 -0.01300042 0.007135987 0.001492857 -0.01229614 0.007446765 0.00206387 -0.01156014 0.007725536 0.002662837 -0.0107944 0.007974207 0.003288686 -0.01000022 0.008195579 0.003940582 -0.01059323 0.008301377 0.002937972 -0.009299695 0.007939457 0.004874885 -0.009180486 0.008393049 0.004616618 -0.008717238 0.008056044 0.005365192 -0.006254136 0.006727933 0.007402718 -0.006439328 0.006727933 0.00733149 -0.006263971 0.006825268 0.007398009 -0.006613492 0.006727933 0.007236421 -0.006446182 0.006809771 0.007327318 -0.006290793 0.00700736 0.007377386 -0.006332933 0.007204473 0.007336854 -0.006385505 0.007387697 0.007280707 -0.006459653 0.007588088 0.007196426 -0.006530046 0.007741808 0.007113277 -0.006647825 0.007949709 0.006970465 -0.006686866 0.008008778 0.006922364 -0.00686115 0.00823009 0.006704747 -0.007056772 0.008417785 0.006456851 -0.007120728 0.008468627 0.006375133 -0.007402122 0.008643984 0.006013631 -0.00770384 0.008762538 0.005623281 -0.00802344 0.008827149 0.00520873 -0.006467938 0.006962597 0.007309913 -0.00650531 0.007127642 0.007276237 -0.006554126 0.007280766 0.007229804 -0.006625056 0.007448136 0.007160305 -0.00669372 0.007576465 0.00709182 -0.006810188 0.007750093 0.006974041 -0.006849169 0.007799446 0.006934344 -0.007024705 0.007984697 0.006754398 -0.007223904 0.008142471 0.006548583 -0.007289469 0.008185327 0.006480515 -0.007579863 0.008334159 0.00617814 -0.007894575 0.008436441 0.005848824 -0.008231282 0.008494257 0.005495607 -0.008363127 0.008839964 0.004768669 -0.008592724 0.008509039 0.005115926 -0.008353054 0.008066177 0.005691051 -0.008016526 0.00803864 0.005991995 -0.007704138 0.007972836 0.006271064 -0.007418036 0.007867217 0.006526291 -0.007353723 0.007835745 0.006583631 -0.007159233 0.007717669 0.006756663 -0.0069893 0.007575988 0.006907582 -0.006951808 0.007537841 0.006940841 -0.006840586 0.007402658 0.007039248 -0.006775856 0.007301867 0.00709629 -0.006710171 0.007169663 0.007153928 -0.006666183 0.00704801 0.007192194 -0.006634175 0.006916224 0.007219672 -0.006617546 0.006793737 0.007233381 -0.006254136 -0.006727874 0.007402718 -0.006439328 -0.006727874 0.00733149 -0.006613492 -0.006727874 0.007236421 -0.008458554 -0.008828938 0.004664838 -0.008953213 -0.008722603 0.004261195 -0.008691549 -0.008499085 0.005021214 -0.009180545 -0.008393049 0.004616618 -0.009299695 -0.007939457 0.004874825 -0.007965266 -0.00881946 0.00528419 -0.007585585 -0.008723497 0.005776524 -0.007198035 -0.008524179 0.00627613 -0.007001757 -0.00837028 0.006526827 -0.006808638 -0.00816971 0.006770789 -0.006621003 -0.007906556 0.007003307 -0.006532669 -0.007747054 0.007110118 -0.006450176 -0.00756514 0.007207393 -0.006381928 -0.00737667 0.007284641 -0.006324589 -0.007170379 0.007345318 -0.00816971 -0.008487105 0.005560159 -0.007770836 -0.008402466 0.005978465 -0.007368922 -0.008232295 0.006397962 -0.007167696 -0.008102416 0.006606757 -0.006971538 -0.007934093 0.006809055 -0.006783485 -0.007714033 0.007001161 -0.006696283 -0.007580876 0.007089257 -0.006615936 -0.007429003 0.007169365 -0.006550788 -0.007271587 0.007233023 -0.00649774 -0.007099092 0.00728321 -0.008816361 -0.008042871 0.005278825 -0.008291363 -0.008064031 0.005746245 -0.007893443 -0.008017957 0.006102025 -0.007496118 -0.007901251 0.006456673 -0.007298707 -0.007806122 0.006632566 -0.007107615 -0.007679224 0.006802558 -0.006926238 -0.007509887 0.006963491 -0.00684303 -0.007406055 0.007037043 -0.006767332 -0.007286787 0.0071038 -0.006707072 -0.007162392 0.00715661 -0.006659567 -0.007025241 0.007197916 -0.01010781 -0.007747709 0.004199862 -0.01715856 -0.003281831 -0.002065837 -0.01709109 -0.003133058 -0.001752495 -0.01687896 -0.003858208 -0.001859009 -0.01695096 -0.002965152 -0.001474916 -0.01682704 -0.003683507 -0.001543879 -0.01656925 -0.004386425 -0.001631319 -0.0162512 -0.004844367 -0.001399278 -0.01586741 -0.005312204 -0.001121699 -0.0154494 -0.005741119 -8.17214e-4 -0.01500153 -0.006133079 -4.86281e-4 -0.01452624 -0.006492376 -1.30311e-4 -0.01421397 -0.006703317 1.06011e-4 -0.01355111 -0.007098615 6.13184e-4 -0.0128563 -0.007451593 0.001151561 -0.01213115 -0.007767677 0.001719295 -0.01059323 -0.008301377 0.002937972 -0.01137602 -0.008050262 0.002315044 -0.009784579 -0.008524298 0.003587305 -0.0108878 -0.007533907 0.003549277 -0.01163721 -0.007294654 0.002924859 -0.01235508 -0.007027208 0.002327442 -0.01303994 -0.006729841 0.001758038 -0.01369065 -0.006400287 0.001217722 -0.01430487 -0.00603491 7.08584e-4 -0.01459163 -0.005841553 4.71217e-4 -0.0150243 -0.00551486 1.13526e-4 -0.01542747 -0.005162179 -2.19186e-4 -0.01579934 -0.004780471 -5.25509e-4 -0.01613867 -0.004366338 -8.04822e-4 -0.01642185 -0.003958225 -0.001038134 -0.01669925 -0.003484666 -0.001267015 -0.01653528 -0.004187166 -0.001314103 -0.01623648 -0.004623234 -0.001079797 -0.01587706 -0.005068063 -7.99238e-4 -0.01548421 -0.005477488 -4.91518e-4 -0.01506048 -0.005853831 -1.57385e-4 -0.01460802 -0.00620079 2.01724e-4 -0.01430934 -0.006405353 4.39974e-4 -0.01367217 -0.006790339 9.50916e-4 -0.01300042 -0.007135987 0.001492857 -0.01229614 -0.007446765 0.00206387 -0.0115602 -0.007725536 0.002662837 -0.0107944 -0.007974207 0.003288686 -0.01000022 -0.008195519 0.003940582 -0.01709282 0.002787351 -0.003126502 -0.0170812 0.002902507 -0.003138124 -0.01701587 0.002787351 -0.001544952 -0.01712709 0.002787351 -0.001734197 -0.01720249 0.002787351 -0.001916408 -0.01716452 0.003163516 -0.001954317 -0.01728004 0.002787351 -0.002324759 -0.01724869 0.00309807 -0.002356112 -0.01728039 0.002787351 -0.00233221 -0.01722013 0.003008782 -0.002761065 -0.01724249 0.002787351 -0.002738714 -0.01717978 0.002787351 -0.00294131 -0.01715934 0.003228843 -0.002794444 -0.01705402 0.003017723 -0.003158152 -0.01600199 0.00474143 -0.00417906 -0.0155844 0.005194723 -0.004583358 -0.01602393 0.005085468 -0.003811717 -0.01557105 0.00557661 -0.004214406 -0.01682865 0.003903448 -0.003093183 -0.01644903 0.004522502 -0.003433763 -0.01639395 0.004221618 -0.003799617 -0.01674598 0.00364691 -0.003457844 -0.01701587 -0.002787351 -0.001544952 -0.01712709 -0.002787351 -0.001734197 -0.01720249 -0.002787351 -0.001916408 -0.01728004 -0.002787351 -0.002324759 -0.01728039 -0.002787351 -0.00233221 -0.01724249 -0.002787351 -0.002738714 -0.01717978 -0.002787351 -0.00294131 -0.01709282 -0.002787351 -0.003126502 -0.01522868 0.005802273 -0.004642307 -0.01525539 0.005418121 -0.004935026 -0.01333421 0.004508018 -0.006813287 -0.01339852 0.00478816 -0.006773769 -0.01349401 0.005066454 -0.006692886 -0.01355326 0.005198121 -0.006636142 -0.01362031 0.005322933 -0.006568312 -0.01369273 0.00543642 -0.006491839 -0.01376998 0.005538463 -0.006407678 -0.01389741 0.005673408 -0.006264388 -0.01402825 0.005778074 -0.006113231 -0.01424539 0.005893886 -0.005855739 -0.01445728 0.005951642 -0.005598664 -0.01466137 0.005963206 -0.005347967 -0.01485699 0.005938589 -0.005105435 -0.01490169 0.005566835 -0.005312681 -0.0147174 0.00560522 -0.005509257 -0.01452714 0.005613803 -0.005711495 -0.01433217 0.005584478 -0.005918085 -0.01413649 0.005507051 -0.006124079 -0.01402121 0.005431413 -0.00624454 -0.01391142 0.005330264 -0.006358385 -0.01384645 0.005252182 -0.006425082 -0.01378703 0.005164086 -0.006485521 -0.01373374 0.005065977 -0.006538987 -0.0136885 0.00496149 -0.006583571 -0.0136218 0.004737317 -0.006646573 -0.01358574 0.004507839 -0.006676375 -0.01724869 -0.00309807 -0.002356112 -0.01716452 -0.003163516 -0.001954317 -0.01722013 -0.003008782 -0.002761065 -0.01705402 -0.003017723 -0.003158152 -0.0170812 -0.002902507 -0.003138124 -0.01715934 -0.003228843 -0.002794444 -0.01358574 -0.004508495 -0.006676375 -0.01333415 -0.004508674 -0.006813287 -0.01592594 -0.004830896 -0.004252672 -0.0155844 -0.005194723 -0.004583358 -0.01557105 -0.00557661 -0.004214406 -0.01594114 -0.005182743 -0.003884971 -0.01629257 -0.004743218 -0.003573298 -0.01661258 -0.004271864 -0.003287374 -0.01690161 -0.003767728 -0.003027439 -0.01624941 -0.004425823 -0.003939688 -0.01654535 -0.003989279 -0.003652691 -0.01681381 -0.003520488 -0.003391861 -0.01335161 -0.004597187 -0.006804704 -0.01359426 -0.004581332 -0.006670057 -0.0134027 -0.004802882 -0.00677067 -0.01362448 -0.004749238 -0.006644129 -0.01345705 -0.004970848 -0.006726086 -0.01366156 -0.004884898 -0.006609559 -0.01352632 -0.005141139 -0.006662368 -0.01371294 -0.005020916 -0.006559669 -0.01354259 -0.005176007 -0.006646633 -0.01372539 -0.005048513 -0.006547272 -0.01362448 -0.005330026 -0.006563961 -0.01379036 -0.00516963 -0.006482124 -0.01371943 -0.005473673 -0.00646305 -0.01386868 -0.005280792 -0.006402254 -0.01381832 -0.005594015 -0.006353855 -0.01395273 -0.005372285 -0.006315648 -0.01394194 -0.005712449 -0.006213366 -0.01406019 -0.005460023 -0.006203889 -0.013969 -0.005734443 -0.006182134 -0.01408404 -0.005475938 -0.006178975 -0.01412963 -0.005840003 -0.005993962 -0.01422721 -0.005549788 -0.006028771 -0.01430326 -0.005914688 -0.005786001 -0.0143851 -0.005596697 -0.005862116 -0.01442015 -0.005945146 -0.005643963 -0.01449275 -0.005611658 -0.005747973 -0.01464617 -0.005963683 -0.005366742 -0.01470309 -0.005607008 -0.005524456 -0.01477921 -0.005952358 -0.005202114 -0.0148282 -0.005585491 -0.00539118 -0.01504427 -0.005884587 -0.004871964 -0.01507967 -0.00550425 -0.005122721 -0.01530939 -0.005757868 -0.004541277 -0.01533287 -0.005372941 -0.004852235 -0.002499997 -0.00575 -0.005999982 -0.002499997 0.00575 -0.005999982 -0.002499997 -0.007749974 0.003999948 -0.002499997 -0.007749974 -0.003999948 -0.002499997 0.00575 0.005999982 -0.002499997 -0.00575 0.005999982 -0.002499997 0.007749974 -0.003999948 -0.002499997 0.007749974 0.003999948 -0.002999961 -0.00575 -0.005499958 -0.002999961 -0.007249951 -0.003999948 -0.002999961 -0.007176578 -0.004463493 -0.002999961 0.00575 0.005499958 -0.002999961 0.007249951 0.003999948 -0.002999961 0.007176578 0.004463493 -0.002999961 -0.00575 0.005499958 -0.002999961 0.007249951 -0.003999948 -0.002999961 -0.006963491 -0.00488162 -0.002999961 -0.006631672 -0.005213499 -0.002999961 -0.006213486 -0.005426526 -0.002999961 0.00575 -0.005499958 -0.002999961 0.006213486 -0.005426526 -0.002999961 0.006631672 -0.005213499 -0.002999961 0.006963491 -0.00488162 -0.002999961 0.007176578 -0.004463493 -0.002999961 0.006963491 0.00488162 -0.002999961 0.006631672 0.005213499 -0.002999961 0.006213486 0.005426526 -0.002999961 -0.006963491 0.00488162 -0.002999961 -0.006631672 0.005213499 -0.002999961 -0.006213486 0.005426526 -0.002999961 -0.007176578 0.004463493 -0.002999961 -0.007249951 0.003999948 -0.002499997 0.006367981 0.005902111 -0.002499997 0.006925523 0.005617976 -0.002499997 0.007368028 0.00517553 -0.002499997 0.007652103 0.004617989 -0.002499997 0.007652103 -0.004617989 -0.002499997 0.007368028 -0.00517553 -0.002499997 0.006925523 -0.005617976 -0.002499997 0.006367981 -0.005902111 -0.002499997 -0.006367981 -0.005902111 -0.002499997 -0.006925523 -0.005617976 -0.002499997 -0.007368028 -0.00517553 -0.002499997 -0.007652103 -0.004617989 -0.002499997 -0.007652103 0.004617989 -0.002499997 -0.007368028 0.00517553 -0.002499997 -0.006925523 0.005617976 -0.002499997 -0.006367981 0.005902111</float_array>
          <technique_common>
            <accessor source="#link_1_tip-mesh-positions-array" count="954" stride="3">
              <param name="X" type="float"/>
              <param name="Y" type="float"/>
              <param name="Z" type="float"/>
            </accessor>
          </technique_common>
        </source>
        <source id="link_1_tip-mesh-normals">
          <float_array id="link_1_tip-mesh-normals-array" count="5589">-0.8928031 0.4502933 -0.01177316 -0.01000475 0.99995 0 -0.08680045 0.9962216 0.002907454 -0.1356555 0.9907526 -0.002600252 -0.1044804 0.9945265 -0.001010596 -0.0791558 0.9968624 -6.35821e-7 -0.06232219 0.9980561 -1.11679e-6 -0.06160968 0.9981003 7.29571e-5 -0.02856445 0.999592 -1.26581e-4 -0.03860151 0.9992528 -0.001946032 -0.02088367 0.9997819 -2.58922e-4 -0.1228615 0.9924239 -1.10633e-6 -0.1491631 0.9888126 -3.57783e-6 -0.152789 0.9882588 8.13314e-5 -0.178177 0.9839982 -7.07238e-4 -0.1718094 0.9851283 -0.001964747 -0.2534607 0.9673416 -0.00284177 -0.2249423 0.9743722 2.23651e-6 -0.208487 0.9780251 -3.82072e-7 -0.2124586 0.9771702 -1.25504e-4 -0.1976004 0.9802827 2.14094e-4 -0.3954393 0.9184921 9.91631e-6 -0.3784213 0.9256336 8.78894e-5 -0.3651505 0.9309476 -0.001309454 -0.3119047 0.9501093 0.002806484 -0.2232444 0.9747545 0.003953516 -0.2570084 0.9664091 -3.66026e-4 -0.2815843 0.9595366 9.06334e-5 -0.284513 0.9586723 -1.08586e-6 -0.3019388 0.9533274 1.58443e-6 -0.3354948 0.9420383 -0.002650856 -0.5134797 0.8580936 0.003740549 -0.5685614 0.8226349 -0.003133475 -0.5849413 0.8110756 1.76351e-4 -0.6095533 0.7927451 3.27536e-5 -0.6120748 0.7907999 3.29402e-5 -0.5417922 0.8405075 -0.002931296 -0.5134356 0.8581282 1.09724e-5 -0.4774853 0.8786398 -1.00792e-5 -0.4823051 0.876003 -7.88067e-4 -0.4252504 0.9050749 0.001276135 -0.4369714 0.8994741 -0.001607775 -0.4035354 0.914964 1.09895e-5 -0.6420686 0.7666472 -4.02485e-4 -0.6463206 0.763064 -0.001719176 -0.6967301 0.7173324 0.001216292 -0.7015404 0.7126297 2.35365e-5 -0.7354316 0.677599 -1.75162e-5 -0.8447669 0.5349664 0.0134167 -0.8544038 0.5195942 -0.004036903 -0.8300305 0.5577182 -5.56059e-6 -0.8202455 0.5720117 1.19216e-5 -0.8086298 0.5883091 0.00324577 -0.7847875 0.6197302 -0.006559073 -0.7608227 0.6489514 0.003297269 -0.725199 0.6885358 -0.002225935 -0.3119044 -0.9501094 0.002806484 -0.2125641 -0.9771472 3.56736e-7 -0.2084899 -0.9780246 -3.48873e-5 -0.2055417 -0.9786484 3.2522e-5 -0.1893978 -0.9819005 -1.89089e-4 -0.1654996 -0.9862052 -0.003044486 -0.1781421 -0.9840048 -3.31632e-4 -0.1507372 -0.9885739 3.36452e-5 -0.08690136 -0.9962161 0.00138235 -0.1305474 -0.9914409 -0.001561999 -0.1228616 -0.9924238 -1.97438e-6 -0.1491614 -0.9888129 -3.36731e-6 -0.01816016 -0.9998352 1.57772e-7 -0.03638273 -0.9993364 -0.001734972 -0.02857458 -0.9995916 -4.7477e-4 -0.05935734 -0.9982368 3.08309e-4 -0.06232219 -0.9980562 -1.1961e-6 -0.07592391 -0.9971137 -6.96151e-7 -0.09615266 -0.9953666 -2.44376e-4 -0.2249421 -0.9743721 2.4996e-6 -0.2534618 -0.9673412 -0.002842128 -0.2232435 -0.9747547 0.003953516 -0.2570092 -0.9664089 -3.65668e-4 -0.3354948 -0.9420384 -0.002650499 -0.2844886 -0.9586795 1.44681e-4 -0.2815184 -0.9595559 -1.54092e-6 -0.3019419 -0.9533264 1.58441e-6 -0.3783691 -0.9256549 6.809e-6 -0.3951485 -0.9186155 0.001865267 -0.3651514 -0.9309473 -0.001309454 -0.4827404 -0.8757635 -7.09629e-6 -0.4035369 -0.9149634 1.09891e-5 -0.4369723 -0.8994736 -0.001607954 -0.4252496 -0.9050753 0.001276493 -0.4775689 -0.8785942 -6.13672e-4 -0.5848741 -0.8111242 2.95941e-5 -0.6088469 -0.7932716 0.005082249 -0.5134357 -0.8581282 1.09721e-5 -0.5417922 -0.8405075 -0.002931058 -0.5134759 -0.858096 0.003740489 -0.5685633 -0.8226336 -0.003132879 -0.6121073 -0.7907748 3.2942e-5 -0.6420678 -0.7666479 -4.02484e-4 -0.6463167 -0.7630674 -0.001719117 -0.6967383 -0.7173245 0.001216471 -0.7629583 -0.6464361 0.003876626 -0.7289463 -0.684571 -3.43489e-6 -0.7015945 -0.7125765 7.39808e-6 -0.7176838 -0.6959115 -0.02524071 -0.7596147 -0.6503725 -0.001036345 -0.8089134 -0.5879275 7.36755e-4 -0.8078866 -0.5893383 1.68348e-5 -0.8320546 -0.5546938 -3.56328e-6 -0.8299106 -0.5578963 -5.81123e-4 -0.8575613 -0.5143755 0.002567708 -0.8545137 -0.5194174 -0.003458678 -0.8949078 -0.44624 0.003147661 -0.02815806 0 0.9996036 -0.0281592 0 0.9996035 -0.06880694 0 0.9976301 -0.06880789 0 0.99763 -0.08520746 0 0.9963633 -0.08521467 0 0.9963627 -0.1003921 0 0.994948 -0.1003897 0 0.9949483 -0.1256058 0 0.9920803 -0.1256043 0 0.9920805 -0.1480656 0 0.9889776 -0.1480653 0 0.9889777 -0.1639747 0 0.9864646 -0.1639696 0 0.9864654 -0.0918017 -0.1008104 0.9906613 -0.2345029 -0.5576146 0.796288 -0.1302191 -0.9914793 -0.003451466 -0.02996087 -0.08286273 0.9961106 -0.03743392 -0.1015647 0.9941245 -0.04615181 -0.3056505 0.9510246 -0.03346151 -0.2657878 0.9634507 -0.03228092 -0.1838129 0.9824311 -0.0357517 -0.6097608 0.7917788 -0.03581124 -0.540811 0.8403816 -0.04858672 -0.5060449 0.8611375 -0.03499472 -0.4421175 0.8962743 -0.0344308 -0.3672951 0.929467 -0.04026514 -0.6815814 0.7306336 -0.04325604 -0.6867226 0.7256315 -0.0345298 -0.7516928 0.658609 -0.03359889 -0.8042921 0.5932837 -0.04727005 -0.8325032 0.5520002 -0.03182154 -0.8670712 0.4971671 -0.03030693 -0.9053578 0.4235669 -0.04027444 -0.9339735 0.3550655 -0.02503836 -0.9482641 0.3164936 -0.02722066 -0.9881964 0.1507548 -0.02843403 -0.9877766 0.153261 -0.05850023 -0.9982773 -0.004509329 -0.04080832 -0.9988991 0.02313947 -0.07734042 -0.9969726 0.008014559 -0.09551888 -0.9954202 -0.003840982 -0.1744071 -0.9846615 -0.004902124 -0.1716623 -0.9847897 0.02685487 -0.1924176 -0.9813031 -0.004438817 -0.2069524 -0.978339 0.004865944 -0.3178876 -0.8237392 0.4694693 -0.07472378 -0.9773455 0.1980204 -0.2358496 -0.8125433 0.5330558 -0.2354582 -0.6693651 0.7046345 -0.1957026 -0.6407226 0.7424117 -0.2382738 -0.6988011 0.6744647 -0.1252078 -0.2610136 0.9571807 -0.2035089 -0.3311445 0.9213726 -0.2192329 -0.3838283 0.8970022 -0.2271856 -0.4926667 0.8400396 -0.1547973 -0.4539136 0.8774967 -0.2076485 -0.5000436 0.8407369 -0.2112233 -0.2967094 0.9313154 -0.1788202 -0.09826052 0.9789628 -0.1800366 -0.09718805 0.978847 -0.2116481 -0.915651 0.3417431 -0.1799848 -0.9726423 0.1468755 -0.1775634 -0.9735895 0.1435094 -0.1518039 -0.9883191 0.0134564 -0.1536362 -0.9880004 0.01584708 -0.1874105 -0.9822495 -0.007963418 -0.1857327 -0.9825832 0.005813777 -0.2827279 -0.9499117 0.1331648 -0.2022589 -0.9732759 0.1087449 -0.1867048 -0.9655988 0.1809983 -0.2056347 -0.9683001 0.1418077 -0.2441526 -0.9090929 0.3375495 -0.213146 -0.9145366 0.3437903 -0.230732 -0.84113 0.4891453 -0.2149171 -0.794766 0.5675894 -0.02435147 -0.9990985 0.03477537 -0.01614624 -0.9998047 0.01139408 -0.04282391 -0.9990346 0.009806573 -0.0538454 -0.9873158 0.1493594 -0.05455666 -0.9870768 0.1506748 -0.06844401 -0.9329202 0.3535186 -0.06892317 -0.9325677 0.3543546 -0.0796346 -0.8312706 0.5501342 -0.07987171 -0.831003 0.5505039 -0.08623975 -0.6852506 0.7231835 -0.08624613 -0.6852399 0.7231929 -0.08765286 -0.5047261 0.8588181 -0.08745789 -0.5050943 0.8586215 -0.0840007 -0.3044595 0.9488142 -0.08364695 -0.3052729 0.948584 -0.07607191 -0.1004207 0.9920327 -0.07399457 -0.1059311 0.9916167 -0.06944823 -0.9974942 0.01350367 -0.08477026 -0.9853451 0.1480175 -0.0859152 -0.9849442 0.1500114 -0.1054188 -0.9303905 0.3510848 -0.1062332 -0.9297908 0.3524255 -0.1207491 -0.8285356 0.5467618 -0.1212236 -0.8279927 0.5474789 -0.1290788 -0.6826922 0.7192149 -0.1292332 -0.6824538 0.7194134 -0.1296021 -0.5026715 0.8547074 -0.1294752 -0.5029207 0.8545801 -0.1226096 -0.3031076 0.9450359 -0.1222591 -0.3039632 0.9448064 -0.1093587 -0.09984034 0.9889755 -0.1088467 -0.1013153 0.9888821 -0.09448677 -0.9955247 0.001728117 -0.1152731 -0.9824523 0.1466282 -0.1169037 -0.9818586 0.1492894 -0.140726 -0.9267346 0.3483663 -0.1419132 -0.9258527 0.350225 -0.1590617 -0.8245877 0.5429132 -0.1597884 -0.8237564 0.5439605 -0.1681876 -0.6789907 0.714622 -0.1684774 -0.6785365 0.714985 -0.1671668 -0.4996775 0.8499281 -0.167076 -0.4998691 0.8498332 -0.1564833 -0.3011206 0.9406591 -0.1560936 -0.3021175 0.9404041 -0.137845 -0.09896546 0.9854972 -0.1372614 -0.1007977 0.9853929 -0.1239039 -0.9922119 0.01278156 -0.1462014 -0.9785372 0.1452251 -0.1482195 -0.9777708 0.148308 -0.1755756 -0.9218671 0.3454481 -0.1769906 -0.920809 0.3475416 -0.1960641 -0.8193897 0.5386647 -0.1968757 -0.8184537 0.5397902 -0.2052693 -0.6741572 0.7094905 -0.2055272 -0.6737415 0.7098106 -0.2022044 -0.4958108 0.8445622 -0.2020048 -0.4962357 0.8443603 -0.187585 -0.2986105 0.9357584 -0.1870479 -0.3000581 0.9354028 -0.1635506 -0.09794139 0.9816612 -0.1628172 -0.1004369 0.981531 -0.2151929 0.958553 0.1867302 -0.2373758 0.7604014 0.6045182 -0.2250266 0.4145411 0.8817702 -0.1981277 0.2507154 0.9475692 -0.1675822 0.02104717 0.9856334 -0.02659648 0.1537964 0.9877446 -0.03584241 0.5704534 0.8205475 -0.03490954 0.7199396 0.6931583 -0.03886985 0.8341119 0.5502241 -0.0272395 0.9564166 0.2907327 -0.02469134 0.9962976 0.08234977 -0.01197844 0.9970983 0.07517635 -0.1557978 0.08561313 0.984072 -0.2358114 0.6350039 0.7356379 -0.2350785 0.5810897 0.7791488 -0.232703 0.5607899 0.7945843 -0.2390831 0.9016234 0.3604366 -0.2582229 0.8240296 0.5042781 -0.2323809 0.8311045 0.5052373 -0.1947195 0.9808052 -0.01027595 -0.1872409 0.9822822 0.007919967 -0.1784399 0.9838902 0.01092779 -0.1729148 0.9849321 0.003080844 -0.1545378 0.9879416 0.009454011 -0.1520459 0.9882658 0.01459115 -0.1363983 0.9906526 0.001701653 -0.1241072 0.9921714 0.01390433 -0.08996856 0.9955496 -0.02804934 -0.0646004 0.9977673 0.01694881 -0.08023238 0.9967577 0.006084501 -0.107006 0.9941678 0.01341861 -0.02291315 0.9996758 0.01110416 -0.04074025 0.9991192 0.01006174 -0.04327231 0.9989467 0.01527166 -0.06742846 0.9977182 -0.00347191 -0.02890503 0.03510814 0.9989655 -0.04106831 0.1014373 0.993994 -0.07374745 0.1004672 0.9922034 -0.07628315 0.1052494 0.9915158 -0.1948337 0.1640349 0.9670225 -0.1425948 0.1031131 0.9843955 -0.1638612 0.1002694 0.9813743 -0.1624845 0.09803354 0.9818291 -0.1380225 0.1006907 0.9852975 -0.1370652 0.09900218 0.9856023 -0.1094622 0.1012399 0.9888219 -0.1087346 0.09984761 0.9890436 -0.09182655 0.1007839 0.9906617 -0.04218101 0.3168141 0.9475492 -0.0367878 0.3057984 0.9513854 -0.08362179 0.3043939 0.9488686 -0.08402043 0.3051764 0.9485821 -0.1222118 0.3030543 0.9451044 -0.122647 0.303855 0.944791 -0.1560179 0.3010841 0.940748 -0.1565439 0.3019919 0.9403696 -0.1869048 0.2986103 0.9358946 -0.1877029 0.2998917 0.9353249 -0.1708242 0.302115 0.937841 -0.2085242 0.3374156 0.9179698 -0.03285348 0.4677893 0.8832293 -0.04795593 0.5059392 0.8612352 -0.0874564 0.5046098 0.8589066 -0.08765482 0.5049656 0.8586772 -0.1294681 0.5025561 0.8547956 -0.1296059 0.5027907 0.8546368 -0.1670666 0.4995656 0.8500136 -0.1671693 0.4997347 0.8498939 -0.2019793 0.495718 0.8446704 -0.2022193 0.4960865 0.8443967 -0.2035487 0.4959053 0.8441836 -0.2155701 0.5059254 0.8352061 -0.03567701 0.6374976 0.769626 -0.04919618 0.6864485 0.7255125 -0.08625108 0.6851049 0.7233201 -0.08624386 0.6850935 0.7233318 -0.1292334 0.682534 0.7193372 -0.1290907 0.6823185 0.7195673 -0.1684734 0.6788173 0.7147194 -0.1682043 0.6784188 0.715161 -0.2055283 0.6739768 0.7095868 -0.2052811 0.6736299 0.7099876 -0.2186822 0.6717552 0.7077592 -0.2401231 0.7156348 0.6559022 -0.03412854 0.7745291 0.631617 -0.0401479 0.8325154 0.5525455 -0.07986485 0.831117 0.5503329 -0.07966411 0.8308691 0.550736 -0.1211942 0.8283571 0.546934 -0.1208121 0.8278841 0.5477339 -0.1597291 0.824377 0.5430372 -0.1591634 0.8236812 0.5442575 -0.1968044 0.8191477 0.5387625 -0.1961834 0.8184065 0.5401138 -0.2271175 0.8138465 0.5348566 -0.2098151 0.7940402 0.5705066 -0.02567148 0.9144012 0.4039945 -0.04123812 0.9338399 0.3553062 -0.06889033 0.9327898 0.353776 -0.06851804 0.9324784 0.3546682 -0.1061405 0.9302281 0.3512975 -0.105572 0.9297326 0.3527774 -0.1417429 0.9265193 0.3485267 -0.1409736 0.925842 0.3506323 -0.1767635 0.9216009 0.3455523 -0.1758948 0.9208451 0.3480019 -0.2128812 0.9153407 0.3418084 -0.212019 0.9146097 0.3442919 -0.2194795 0.9133982 0.3428303 -0.2297996 0.9378311 0.2601249 -0.025101 0.9774911 0.2094784 -0.03558665 0.9879447 0.1506618 -0.05448371 0.9872356 0.1496574 -0.05397582 0.9870497 0.1510614 -0.08573591 0.9852235 0.148271 -0.08503699 0.9849542 0.1504458 -0.1165837 0.9822703 0.1468108 -0.1157062 0.9819249 0.1497858 -0.1477718 0.9782845 0.1453377 -0.1467871 0.9779017 0.1488685 -0.1793922 0.9732493 0.1435422 -0.1783217 0.9728495 0.1475308 -0.1944611 0.9702287 0.1443653 -0.1996253 0.9750067 0.09752821 -0.2462529 0.9631222 0.1084219 -0.1800518 0.9836565 -0.001177668 -0.09267169 -0.991477 -0.09157192 -0.1939008 -0.08209395 -0.9775803 -0.1190721 -0.08547115 -0.9892 -0.06706637 -0.09026145 -0.9936575 -0.03362798 -0.9603551 -0.2767444 -0.03306329 -0.9960561 -0.08233565 -0.03111273 -0.9952653 -0.0920822 -0.04465615 -0.8869139 -0.4597712 -0.03454023 -0.9141517 -0.4038981 -0.04070335 -0.96792 -0.2479399 -0.04637235 -0.7752497 -0.6299504 -0.03991258 -0.8113119 -0.5832496 -0.03938978 -0.8576675 -0.5126938 -0.02924638 -0.2767794 -0.9604883 -0.04039996 -0.4676612 -0.8829841 -0.03814029 -0.4598532 -0.8871756 -0.0386011 -0.6089823 -0.792244 -0.04401814 -0.6298882 -0.7754375 -0.03977918 -0.6900918 -0.7226278 -0.03994035 -0.7466803 -0.6639829 -0.03889673 -0.03547304 -0.9986135 -0.02606487 -0.1538015 -0.9877579 -0.04180687 -0.316816 -0.9475652 -0.2682596 -0.145401 -0.9523106 -0.2156761 -0.07298058 -0.9737339 -0.2154676 -0.07961076 -0.9732605 -0.1976241 -0.02176094 -0.9800364 -0.2906866 -0.2193047 -0.9313467 -0.290332 -0.2302689 -0.9288076 -0.3162631 -0.2595835 -0.9124659 -0.364026 -0.3836961 -0.8486828 -0.3646691 -0.3725263 -0.8533703 -0.3441315 -0.2967194 -0.8908036 -0.4292222 -0.5256316 -0.734493 -0.4291708 -0.495889 -0.7549216 -0.4044674 -0.4292288 -0.8075698 -0.5476555 -0.6497445 -0.5271677 -0.4845277 -0.6506138 -0.5847518 -0.4235065 -0.6802268 -0.5982756 -0.6009179 -0.4170127 -0.6819076 -0.5658537 -0.6953645 -0.4430325 -0.5544627 -0.7181258 -0.420555 -0.5825573 -0.7318112 -0.3536659 -0.5895869 -0.7696604 -0.2449699 -0.5878683 -0.7700222 -0.2479449 -0.5926319 -0.7765206 -0.2140169 -0.6622458 -0.7282916 -0.1761307 -0.6248488 -0.7765762 -0.08058196 -0.649431 -0.7599145 -0.02773648 -0.05666851 -0.0905584 -0.9942777 -0.04137122 -0.0913335 -0.9949606 -0.02203297 -0.1212102 -0.9923824 -0.08954507 -0.08775776 -0.9921091 -0.1380795 -0.08771252 -0.9865297 -0.1877797 -0.08297055 -0.9787005 -0.1945418 -0.0795986 -0.9776592 -0.1970972 -0.07849699 -0.9772365 -0.09114086 -0.09131622 -0.9916425 -0.1241604 -0.2681725 -0.9553365 -0.1252598 -0.2706125 -0.9545046 -0.1546049 -0.4474958 -0.8808206 -0.1552095 -0.4488099 -0.8800453 -0.1785136 -0.6143376 -0.7685845 -0.1786771 -0.6146782 -0.7682742 -0.1940396 -0.7574884 -0.6233459 -0.1938563 -0.7571374 -0.6238291 -0.2002614 -0.868191 -0.4540263 -0.1998546 -0.8675146 -0.4554959 -0.197364 -0.9418395 -0.2720033 -0.1968505 -0.9412119 -0.2745358 -0.1887304 -0.08394062 -0.978435 -0.2414157 -0.2535886 -0.9367024 -0.2412549 -0.2534255 -0.9367879 -0.2874785 -0.4234251 -0.8591085 -0.286288 -0.4222452 -0.8600861 -0.3224772 -0.5821874 -0.7463688 -0.3204576 -0.5803006 -0.7487043 -0.3438078 -0.7197194 -0.6031586 -0.3412488 -0.7175764 -0.6071519 -0.3503226 -0.8279789 -0.4378644 -0.3475316 -0.8260912 -0.443616 -0.3425196 -0.9025231 -0.261022 -0.3397943 -0.9013822 -0.2684212 -0.1931397 -0.0817523 -0.9777595 -0.2585694 -0.2472022 -0.9338271 -0.2556733 -0.2450281 -0.9351965 -0.31472 -0.411926 -0.8551423 -0.3110482 -0.4092446 -0.8577692 -0.3589784 -0.5661923 -0.741998 -0.354827 -0.5633601 -0.7461389 -0.3882654 -0.7002705 -0.5990585 -0.3839761 -0.6977031 -0.6047915 -0.4010639 -0.8064112 -0.4345673 -0.3969502 -0.8045161 -0.441797 -0.3976658 -0.8802677 -0.258826 -0.3939728 -0.879385 -0.267334 -0.05688923 -0.09127843 -0.9941992 -0.07108533 -0.274707 -0.9588968 -0.07116824 -0.2749726 -0.9588145 -0.0828942 -0.4575728 -0.8852999 -0.08284366 -0.4574202 -0.8853833 -0.09104621 -0.6273901 -0.7733643 -0.09088104 -0.626922 -0.7737632 -0.094823 -0.7725851 -0.6277906 -0.09457004 -0.7719483 -0.6286115 -0.09400707 -0.8841626 -0.4576237 -0.09369629 -0.8835253 -0.4589165 -0.08892142 -0.957477 -0.2744646 -0.08858382 -0.9570029 -0.2762216 -0.08032256 -0.992691 -0.09007215 -0.0701555 -0.9855644 -0.1540816 -0.1324447 -0.9871535 -0.08936715 -0.1415346 -0.9507911 -0.2756163 -0.1419987 -0.9514096 -0.273233 -0.1453555 -0.8771284 -0.457731 -0.1458225 -0.8780012 -0.4559053 -0.1425415 -0.7658925 -0.6269695 -0.1429608 -0.7668188 -0.6257406 -0.1328438 -0.6217228 -0.7718895 -0.1331616 -0.6224917 -0.7712148 -0.1168342 -0.4535012 -0.8835647 -0.1169924 -0.4539055 -0.8833361 -0.09579086 -0.2726025 -0.9573463 -0.0957449 -0.2724856 -0.9573843 -0.0713995 -0.09055495 -0.9933288 -0.07505935 -0.1003018 -0.9921218 -0.1301105 -0.9859051 -0.1051785 -0.1559917 -0.9835793 -0.09076631 -0.1864931 -0.9784344 -0.08880645 -0.1859852 -0.978205 -0.09232854 -0.2176803 -0.9718969 -0.08962023 -0.1256521 -0.09317827 -0.9876889 -0.1619707 -0.262875 -0.9511374 -0.1656004 -0.2673069 -0.9492753 -0.1980319 -0.4396922 -0.8760446 -0.2006711 -0.4427353 -0.8739089 -0.2259856 -0.6045166 -0.7638654 -0.2276231 -0.6062363 -0.7620139 -0.2436515 -0.7464152 -0.6192725 -0.2443674 -0.7470615 -0.6182102 -0.2499546 -0.85679 -0.4510365 -0.2499043 -0.8567553 -0.4511301 -0.2451378 -0.9310371 -0.2703281 -0.2445222 -0.9307858 -0.2717476 -0.2313264 -0.9681302 -0.09597939 -0.2340427 -0.9679871 -0.09069156 -0.2709225 -0.9587291 -0.08625298 -0.2886411 -0.9186962 -0.2695993 -0.2899436 -0.9192821 -0.2661825 -0.2973273 -0.8439677 -0.4464472 -0.2979984 -0.8444625 -0.4450621 -0.2936575 -0.7348182 -0.6113981 -0.2933708 -0.7345464 -0.6118621 -0.2771551 -0.5957226 -0.7538565 -0.2756291 -0.5940929 -0.7557 -0.2487659 -0.4348607 -0.8654546 -0.2458304 -0.4314773 -0.8679832 -0.210698 -0.2625727 -0.9416274 -0.2063133 -0.257306 -0.944049 -0.1659235 -0.08933049 -0.9820843 -0.160178 -0.08231854 -0.9836497 -0.2693104 -0.9586864 -0.09161049 -0.2970053 -0.9508759 -0.087309 -0.3237409 -0.9413815 -0.09482967 -0.3250492 -0.9412842 -0.09125345 -0.3799563 -0.9213415 -0.08223867 -0.3768602 -0.921716 -0.09173917 -0.406262 -0.9095937 -0.08712488 -0.2006182 -0.08069467 -0.9763405 -0.2717544 -0.2380527 -0.9324594 -0.2733035 -0.2390066 -0.9317624 -0.3385173 -0.3972111 -0.853012 -0.3381913 -0.397018 -0.8532313 -0.3928495 -0.5465527 -0.7395604 -0.3909496 -0.5455246 -0.7413241 -0.4311099 -0.6767706 -0.5967628 -0.4280748 -0.6753846 -0.6005063 -0.4512758 -0.7804277 -0.4327618 -0.4476077 -0.7792483 -0.4386566 -0.4532982 -0.8532949 -0.2576987 -0.4494838 -0.8528714 -0.2656592 -0.4391087 -0.8945434 -0.08352094 -0.4361292 -0.8952267 -0.09143596 -0.5058699 -0.8589376 -0.07951027 -0.5157663 -0.8158541 -0.2614714 -0.5191617 -0.816211 -0.2535167 -0.5125517 -0.7435062 -0.4295223 -0.5140959 -0.7440308 -0.4267594 -0.4905086 -0.6438497 -0.5872469 -0.4889878 -0.643103 -0.5893297 -0.4653604 -0.5657971 -0.6806713 -0.4422419 -0.5386068 -0.7171645 -0.4907139 -0.8622374 -0.1254853 -0.5242494 -0.8470592 -0.08748388 -0.5840348 -0.808355 -0.0739299 -0.5786433 -0.8103201 -0.09248423 -0.6186827 -0.7813486 -0.08201307 -0.1945415 0.07959967 -0.9776593 -0.1380856 0.08771526 -0.9865285 -0.406265 0.9095922 -0.08712524 -0.2970067 0.9508755 -0.08731013 -0.2176759 0.9718979 -0.08962094 -0.06711173 0.9936203 -0.09063506 -0.5887688 0.7366603 -0.3326904 -0.03106182 0.2766991 -0.9604545 -0.03803133 0.247964 -0.9680225 -0.03261464 0.4039162 -0.9142144 -0.04308331 0.4596455 -0.8870569 -0.03809785 0.5127047 -0.8577194 -0.03906565 0.5832617 -0.8113444 -0.04584306 0.6298146 -0.7753916 -0.03962558 0.6639878 -0.7466927 -0.0399034 0.7226087 -0.6901047 -0.0445649 0.7753149 -0.6300007 -0.03927814 0.792217 -0.6089743 -0.03974497 0.887067 -0.4599266 -0.04191672 0.882927 -0.4676357 -0.03184288 0.9603979 -0.2768067 -0.04407644 0.9474699 -0.3167936 -0.02922862 0.9876706 -0.1537947 -0.03620386 0.9951116 -0.09188169 -0.02956283 0.9989453 -0.03513234 -0.6058602 0.7955694 -0.001642107 -0.6582282 0.7128966 -0.2418969 -0.5927751 0.7737358 -0.2234966 -0.5831306 0.7740666 -0.2465357 -0.5554702 0.7164079 -0.4221524 -0.5582744 0.7156849 -0.4196723 -0.553278 0.6378999 -0.5356932 -0.4500583 0.6664667 -0.5943651 -0.7054988 0.2941582 -0.6447809 -0.4500956 0.5141674 -0.7301 -0.3889817 0.4946852 -0.7771614 -0.4465524 0.5386752 -0.7144369 -0.2839882 0.1873767 -0.9403408 -0.2885538 0.2311874 -0.9291335 -0.3100687 0.2492654 -0.9174553 -0.3445968 0.3003917 -0.8893918 -0.3679003 0.3816555 -0.8479318 -0.3470019 0.3704146 -0.8616164 -0.3892356 0.4093636 -0.8251771 -0.2585687 0.1308633 -0.9570878 -0.2145755 0.07354474 -0.9739345 -0.2146921 0.0578503 -0.9749671 -0.1291214 0.9875759 -0.08956354 -0.09267169 0.9914766 -0.09157592 -0.1559918 0.9835792 -0.09076666 -0.1857171 0.9785767 -0.0888639 -0.2347499 0.967146 -0.09757614 -0.2686816 0.9593349 -0.08652681 -0.3250489 0.941284 -0.09125614 -0.3758547 0.9229602 -0.08293193 -0.4361299 0.8952263 -0.09143644 -0.6538278 0.7530448 -0.07370859 -0.6186502 0.7813754 -0.08200412 -0.5856938 0.8054439 -0.09068107 -0.5770936 0.8131752 -0.07555997 -0.5242501 0.8470587 -0.08748477 -0.4696074 0.578725 -0.666743 -0.4893737 0.64451 -0.5874693 -0.4901072 0.642469 -0.5890914 -0.5138813 0.7427415 -0.4292566 -0.5127853 0.7447844 -0.4270218 -0.5192589 0.8138645 -0.2607581 -0.5157151 0.8181908 -0.254169 -0.5083726 0.8546241 -0.1057127 -0.4870879 0.8694168 -0.082825 -0.08191579 0.9891898 -0.1216285 -0.08851957 0.9575076 -0.2744877 -0.08898091 0.9569726 -0.2761992 -0.09367483 0.8841858 -0.4576467 -0.09402501 0.8835008 -0.4588962 -0.09457677 0.7726029 -0.6278058 -0.09481358 0.7719275 -0.6286004 -0.09089845 0.6274008 -0.773373 -0.09102708 0.6269093 -0.7737563 -0.0828523 0.457575 -0.8853027 -0.08288449 0.4574154 -0.8853821 -0.07114917 0.2747033 -0.9588931 -0.07110512 0.2749789 -0.9588174 -0.02964502 0.08233517 -0.9961637 -0.02772992 0.09200626 -0.9953722 -0.05682969 0.09055012 -0.9942691 -0.05673068 0.09129422 -0.9942068 -0.06706649 0.09026122 -0.9936574 -0.1332897 0.9856677 -0.1034086 -0.1414494 0.9514809 -0.2732695 -0.1420744 0.9507194 -0.2755855 -0.1453502 0.8780595 -0.4559441 -0.1458192 0.8770673 -0.4577004 -0.142588 0.7668676 -0.6257658 -0.1429076 0.7658388 -0.6269517 -0.1329089 0.6225214 -0.7712345 -0.1330918 0.6216878 -0.7718749 -0.1168779 0.4539173 -0.8833451 -0.1169457 0.4534827 -0.8835594 -0.09577572 0.2724834 -0.9573819 -0.0957607 0.2726064 -0.9573482 -0.07226955 0.09679883 -0.9926767 -0.07351088 0.09023129 -0.9932042 -0.1867453 0.9780668 -0.09225881 -0.1967573 0.9419525 -0.2720517 -0.1974459 0.9411042 -0.2744778 -0.1998658 0.8682644 -0.4540603 -0.2002431 0.8674389 -0.4554695 -0.1938887 0.7575157 -0.6233596 -0.194005 0.7571092 -0.6238172 -0.1786326 0.6143175 -0.7685731 -0.178561 0.6147016 -0.7682825 -0.155 0.4474292 -0.8807849 -0.154824 0.4488878 -0.8800735 -0.1248157 0.2680674 -0.9552806 -0.1246222 0.2707437 -0.9545508 -0.09042406 0.08762091 -0.9920414 -0.09028685 0.09149295 -0.9917044 -0.2308534 0.9687175 -0.09106695 -0.2444482 0.9312009 -0.2703885 -0.245207 0.9306272 -0.2716736 -0.2499047 0.8568015 -0.4510421 -0.2499532 0.8567444 -0.4511235 -0.2443011 0.7462635 -0.6191993 -0.24372 0.7472097 -0.6182865 -0.2273471 0.6042011 -0.7637109 -0.2262697 0.6065562 -0.7621625 -0.2000687 0.4392362 -0.8758106 -0.1986489 0.4432132 -0.8741286 -0.1645992 0.262304 -0.9508438 -0.1629998 0.2679271 -0.9495506 -0.1237046 0.0844919 -0.9887155 -0.1212553 0.095115 -0.9880539 -0.2715312 0.9580923 -0.09126865 -0.288411 0.9197065 -0.2663815 -0.2901656 0.918283 -0.2693702 -0.2973148 0.844655 -0.4451538 -0.298009 0.8437796 -0.4463481 -0.2936309 0.734475 -0.611823 -0.2933985 0.7348892 -0.611437 -0.2768692 0.5937575 -0.7555102 -0.2759179 0.5960705 -0.7540354 -0.2480177 0.4309059 -0.8676447 -0.246592 0.4354757 -0.8657675 -0.2093457 0.2565397 -0.9435899 -0.2076974 0.2634316 -0.942054 -0.1639057 0.08140325 -0.9831116 -0.1622509 0.09039151 -0.9826007 -0.3237404 0.9413813 -0.09483301 -0.339355 0.9035646 -0.2615516 -0.3429414 0.9003353 -0.2679319 -0.3475809 0.82888 -0.4383442 -0.350259 0.8251654 -0.443194 -0.3416116 0.7204302 -0.6035577 -0.3434268 0.7168214 -0.6068156 -0.3209282 0.5826741 -0.7466565 -0.3219895 0.5797619 -0.7484645 -0.2866446 0.423679 -0.8592619 -0.2871069 0.4219567 -0.8599548 -0.241312 0.2536191 -0.9367208 -0.241357 0.2533897 -0.9367713 -0.1883594 0.08280026 -0.9786036 -0.1881654 0.0841431 -0.9785264 -0.3809343 0.9201024 -0.09110903 -0.3936622 0.8818587 -0.2595292 -0.397949 0.8777759 -0.2667325 -0.3972567 0.8079178 -0.4352653 -0.4007238 0.8029555 -0.4412289 -0.3847675 0.7016317 -0.5997225 -0.3874272 0.6962499 -0.6042652 -0.3559203 0.5673561 -0.7425819 -0.3578247 0.5620836 -0.7456699 -0.312228 0.4128496 -0.8556103 -0.3134758 0.4082027 -0.8573819 -0.2567303 0.247868 -0.934158 -0.2574526 0.2442617 -0.9349088 -0.1933595 0.08228808 -0.9776712 -0.1935259 0.08115655 -0.9777328 -0.4391085 0.8945437 -0.08351886 -0.4493684 0.8551645 -0.2583833 -0.4534024 0.8509894 -0.2650349 -0.4480372 0.7819651 -0.4333513 -0.4508323 0.7776744 -0.4381468 -0.4287402 0.6778802 -0.5972105 -0.430424 0.6742199 -0.6001356 -0.3915035 0.5471689 -0.7398184 -0.3922759 0.544856 -0.7411152 -0.3383043 0.3973059 -0.8530523 -0.3383991 0.3969141 -0.8531971 -0.2727103 0.2376337 -0.9322872 -0.2723754 0.239477 -0.9319134 -0.1991685 0.07760417 -0.9768877 -0.1986219 0.08171266 -0.976664 -0.01905143 -1.2756e-7 -0.9998186 -0.02482348 5.33511e-4 -0.9996918 -0.03687095 0 -0.99932 -0.04878926 0 -0.9988092 -0.04878783 0 -0.9988092 -0.05555236 0 -0.9984558 -0.05555331 0 -0.9984558 -0.07180112 0 -0.997419 -0.09921294 0 -0.9950662 -0.05904024 0.001954615 -0.9982537 -0.07155722 -0.001183092 -0.9974359 -0.05935192 0 -0.9982372 -0.1380108 -0.001771152 -0.9904292 -0.09921753 -4.0141e-7 -0.9950658 -0.117074 0 -0.9931232 -0.1170423 0 -0.9931269 -0.1384921 0 -0.9903635 -0.1590846 0.001744627 -0.9872635 -0.1871817 0 -0.9823253 -0.1871861 0 -0.9823244 -0.1593072 0 -0.9872291 -0.158287 6.97658e-5 -0.9873932 -0.1592954 -2.79149e-5 -0.987231 -0.1583189 0 -0.987388 -0.1603774 0 -0.9870558 -0.1603719 0 -0.9870567 -0.1596913 0 -0.987167 1 0 0 1 0 0 1 0 0 1 0 0 1 0 0 1 0 0 1 0 0 1 0 0 1 0 0 1 0 0 1 0 0 1 0 0 1 0 0 1 0 0 1 0 0 1 0 0 1 0 0 1 0 0 1 0 0 1 0 0 1 0 0 1 0 0 1 0 0 1 0 0 1 0 0 1 0 0 1 0 0 1 0 0 1 0 0 1 0 0 1 1.81635e-6 -2.40227e-6 1 1.3007e-5 0 1 1.16163e-5 -1.83982e-6 1 7.57401e-5 1.46002e-4 1 0 0 1 0 0 1 0 0 1 0 0 1 0 0 1 0 0 1 0 0 1 0 0 1 0 0 1 0 0 1 0 0 1 0 0 1 0 0 1 0 0 1 0 0 1 0 0 1 0 0 1 0 0 1 0 0 1 0 0 1 0 0 1 0 0 1 0 0 1 0 0 1 0 0 1 0 0 1 0 0 1 0 0 1 0 0 1 0 0 1 0 0 1 0 0 1 0 0 1 0 0 1 0 0 1 0 0 1 0 0 1 -3.8809e-5 6.08687e-5 1 -1.16009e-5 -1.83735e-6 1 -1.11762e-5 -2.39908e-6 1 0 0 1 0 0 1 0 0 1 0 0 1 0 0 1 0 0 -0.7071079 0 -0.7071056 -0.7071069 0 -0.7071067 -0.7071067 -4.19192e-6 -0.707107 -0.7071039 1.18761e-5 -0.7071098 -0.7071054 0 -0.7071082 -0.7071068 0 -0.7071068 -0.7071059 0 -0.7071077 -0.7071075 5.44215e-6 -0.7071062 -0.7071088 1.69145e-6 -0.7071049 -0.7071076 0 -0.707106 -0.7071065 3.37008e-7 -0.7071071 -0.7071076 -2.94881e-7 -0.707106 -0.7070997 0 -0.707114 -0.7071217 2.38144e-6 -0.7070919 -0.7070996 -9.32991e-5 -0.707114 -0.7071068 -1.8431e-5 -0.7071068 -0.7070989 0 -0.7071148 -0.707102 -1.35989e-5 -0.7071117 -0.7071099 6.08273e-6 -0.7071037 -0.7071082 9.56216e-7 -0.7071053 -0.7071075 9.56734e-7 -0.7071062 -0.7071065 -2.83602e-7 -0.7071072 -0.7070892 3.51157e-5 -0.7071244 -0.7071225 -4.30484e-5 -0.7070911 -0.7071118 0 -0.7071018 -0.7071045 -2.08864e-6 -0.7071092 -0.7071076 7.36374e-7 -0.707106 -0.7071046 -1.38399e-6 -0.707109 -0.7071038 3.61882e-6 -0.7071098 -0.7071027 0 -0.7071109 -0.7071101 0 -0.7071035 -0.707108 1.77661e-6 -0.7071056 -0.7071055 1.77811e-6 -0.7071082 -0.7071073 0 -0.7071063 -0.7071059 -8.08152e-7 -0.7071077 -0.707107 8.70328e-6 -0.7071067 -0.7071093 -6.51323e-6 -0.7071044 -0.6427885 0 0.7660438 -0.6427858 0 0.766046 -0.6427873 -2.74945e-6 0.7660447 -0.6427896 5.37929e-6 0.7660428 -0.6427878 1.91367e-6 0.7660443 -0.6427878 3.69918e-6 0.7660444 -0.6427869 -2.00755e-6 0.766045 -0.6427876 0 0.7660445 -0.6427875 0 0.7660446 -0.6427881 0 0.7660441 -0.6427868 -4.16062e-6 0.7660452 -0.6427877 1.31415e-6 0.7660444 -0.6427862 -3.25158e-6 0.7660457 -0.6427805 -7.51509e-6 0.7660505 -0.6427915 5.00671e-6 0.7660413 -0.6427856 0 0.7660462 -0.642794 -2.71468e-6 0.7660391 -0.6427718 0 0.7660577 -0.642786 0 0.7660459 -0.6427781 -3.21052e-6 0.7660525 -0.6428095 1.27027e-5 0.7660261 -0.6427935 -1.03766e-5 0.7660395 -0.6427904 5.30737e-6 0.7660422 -0.6427877 -5.04302e-7 0.7660444 -0.6427872 3.89492e-7 0.7660449 -0.6427876 0 0.7660445 -0.6427881 0 0.7660441 -0.6428092 5.03627e-6 0.7660265 -0.6427534 0 0.7660732 -0.6428248 7.7094e-6 0.7660133 -0.6427877 0 0.7660445 -0.6427885 0 0.7660437 -0.6427873 1.17132e-6 0.7660449 -0.6426624 0 0.7661495 -0.6428084 -1.14558e-5 0.7660272 -0.6427966 -4.83902e-6 0.7660369 -0.6427873 1.76121e-7 0.7660447 -0.6427879 0 0.7660443 -0.6427876 0 0.7660446 -0.6427884 -7.48789e-7 0.7660439 -0.6427875 0 0.7660446 -0.6427875 0 0.7660446 -0.6427866 0 0.7660453 -0.6427881 0 0.7660441 -0.6427879 0 0.7660443 -0.642787 0 0.7660451 -0.642787 0 0.7660449 -0.6427879 1.86461e-7 0.7660443 -0.6427879 0 0.7660442 -0.6427859 0 0.7660459 -0.6427868 0 0.7660452 -0.6427886 0 0.7660437 -0.6427882 0 0.7660439 -0.6427874 0 0.7660446 -0.6427872 0 0.7660449 -0.6427868 0 0.7660453 -0.642788 0 0.7660442 -0.3167913 0.9382601 0.1389651 -0.3295565 0.934941 0.1314457 -0.8263469 0.1879664 0.5308669 -0.8927248 0.3012222 0.3351237 -0.8782895 0.4621012 0.1227602 -0.9033324 0.4167048 0.1017239 -0.9095055 0.3977362 0.1208545 -0.8026167 0.5826992 0.1275467 -0.827407 0.5513338 0.1069053 -0.843569 0.522009 0.1260876 -0.8483474 0.5156885 0.1198846 -0.868767 0.4844891 0.1025393 -0.70569 0.696465 0.1301468 -0.7292951 0.6752339 0.1103984 -0.7547956 0.6427948 0.1307618 -0.758531 0.6393378 0.1260066 -0.7842122 0.6116579 0.1043358 -0.6193972 0.7747523 0.1269091 -0.6330485 0.7654606 0.1154111 -0.6585548 0.7409831 0.1313381 -0.6613718 0.7389549 0.1285809 -0.6820244 0.722826 0.1112005 -0.5693008 0.803768 0.1727823 -0.5799232 0.8029398 0.1377566 -0.5990946 0.791356 0.121826 -0.5677123 0.8164072 0.105746 -0.5309715 0.8362674 0.1368445 -0.5054625 0.8544321 0.1202228 -0.4844906 0.8638713 0.1378238 -0.4744834 0.8656706 0.1596247 -0.4708339 0.8747699 0.1144256 -0.4414979 0.8864024 0.1391777 -0.656132 0.1735221 0.7344256 -0.65844 0.1729547 0.7324913 -0.6594062 0.1699404 0.7323277 -0.6621997 0.1691447 0.7299875 -0.6632627 0.1655651 0.729843 -0.666459 0.164505 0.7271662 -0.6675543 0.1604277 0.7270724 -0.6710884 0.1590557 0.7241144 -0.6721488 0.1545478 0.7241071 -0.6759825 0.1528206 0.7208977 -0.6769742 0.1477692 0.7210203 -0.6812668 0.1455131 0.7174271 -0.6821271 0.1398066 0.7177442 -0.6851106 0.1379656 0.7152544 -0.6865013 0.1342312 0.7146314 -0.689059 0.1325107 0.7124876 -0.689917 0.1269983 0.7126613 -0.6938472 0.1239582 0.7093732 -0.6944529 0.1180257 0.7097924 -0.6988135 0.1140994 0.7061452 -0.6990573 0.1078587 0.7068844 -0.7038814 0.1027205 0.7028511 -0.7036635 0.09665107 0.7039292 -0.7081362 0.09094727 0.7001941 -0.7077186 0.08597165 0.7012442 -0.7118578 0.07975846 0.6977801 -0.710999 0.07535684 0.6991437 -0.7150462 0.06804805 0.6957575 -0.7139577 0.06443911 0.6972174 -0.8279029 0.1982947 0.5246487 -0.8160735 0.2197058 0.5345592 -0.816706 0.2321469 0.5282985 -0.8046151 0.2503551 0.5384395 -0.8038162 0.2644538 0.5328638 -0.7907262 0.2811333 0.5437981 -0.788802 0.2982768 0.5374219 -0.7744676 0.3135728 0.549429 -0.7710425 0.3311097 0.5439301 -0.7579392 0.3429419 0.5549046 -0.75346 0.3595524 0.5504727 -0.7416505 0.3687163 0.5603597 -0.7364926 0.3841053 0.556814 -0.7288035 0.3893005 0.5632855 -0.7231058 0.3997645 0.5632995 -0.7141585 0.4052668 0.5707334 -0.7085171 0.421016 0.5663471 -0.695765 0.4277224 0.577031 -0.6899725 0.4415822 0.5735357 -0.6786583 0.4466717 0.5830158 -0.6728817 0.4589675 0.5801545 -0.6625227 0.4629668 0.5888341 -0.6568202 0.4740212 0.5864225 -0.6474487 0.4771212 0.5942773 -0.6420838 0.4867495 0.5922865 -0.6338869 0.4890766 0.599159 -0.6291027 0.4971454 0.5975587 -0.3315023 0.932071 0.1461156 -0.348713 0.9279281 0.1317145 -0.3667882 0.9195374 0.1411297 -0.3741374 0.917497 0.1349833 -0.3986579 0.9070708 0.1352576 -0.3979035 0.9061128 0.1436406 -0.418675 0.8993167 0.1262565 -0.6552965 0.1759868 0.7345851 -0.6222378 0.4988301 0.6033147 -0.6182488 0.5052373 0.6020829 -0.5064929 0.7692916 0.3894299 -0.8919335 0.3167992 0.3226344 -0.8729124 0.3512476 0.3385988 -0.8701519 0.3698984 0.3255931 -0.8507233 0.3992065 0.3419123 -0.8454325 0.4201478 0.329727 -0.8243927 0.446941 0.3473045 -0.8162948 0.4720652 0.3328922 -0.7933127 0.4966231 0.3521654 -0.78263 0.5220859 0.3389936 -0.7617055 0.5410016 0.3565419 -0.7494705 0.5648891 0.3452451 -0.7307726 0.5794026 0.360921 -0.7176734 0.6012914 0.3512743 -0.7056698 0.6094443 0.3613973 -0.6935921 0.6244844 0.3590953 -0.6796669 0.6329846 0.3706528 -0.665132 0.654715 0.3590932 -0.6453585 0.6651163 0.3756765 -0.631127 0.6839187 0.36597 -0.6137475 0.6917387 0.3805414 -0.5999969 0.7081541 0.3721849 -0.5842247 0.7142422 0.3854083 -0.5709657 0.7287589 0.3780326 -0.5567944 0.7334468 0.3899179 -0.5445459 0.7458856 0.3835679 -0.5322261 0.7493829 0.3939045 -0.5214489 0.7596535 0.3886104 -0.5068895 0.763177 0.4007792 -0.6543627 0.1761898 0.7353684 -0.2324917 0.01303589 0.9725111 -0.3589968 0.008904933 0.9332963 -0.4790536 0.004502952 0.8777742 -0.2382777 0.02294838 0.9709259 -0.2412427 0.07089215 0.9678721 -0.2444874 0.07327252 0.9668802 -0.2587872 0.1483537 0.954474 -0.2494309 0.1435943 0.9576873 -0.2775846 0.2255179 0.9338569 -0.254181 0.2161356 0.942697 -0.2977815 0.3025224 0.9054316 -0.2553001 0.2930961 0.9213668 -0.3132361 0.3741157 0.8728806 -0.2626373 0.3630508 0.8939887 -0.3360679 0.443623 0.8308171 -0.2568098 0.4442216 0.8583216 -0.3327441 0.5052203 0.7962625 -0.2803536 0.4876594 0.8267951 -0.3327217 0.5257626 0.7828602 -0.3233881 0.5215944 0.7895311 -0.3050374 0.5953636 0.7432997 -0.3762735 0.6292169 0.6800768 -0.2791789 0.646703 0.709813 -0.348443 0.6919134 0.6323317 -0.3679209 0.6975746 0.6148365 -0.2875307 0.6958419 0.6581263 -0.4061524 0.7265128 0.5542739 -0.2529673 0.7784357 0.5744959 -0.4110949 0.7978638 0.4409246 -0.2538994 0.8532611 0.4555006 -0.3863841 0.8552202 0.3454069 -0.3093171 0.8740821 0.3745712 -0.3628807 0.01702278 0.9316802 -0.3649882 0.05131042 0.9295972 -0.3672505 0.05334275 0.9285913 -0.377707 0.1083353 0.9195657 -0.3710992 0.104293 0.9227179 -0.391969 0.1650661 0.9050489 -0.3752691 0.1572234 0.9134846 -0.4077649 0.22171 0.885761 -0.37759 0.2140704 0.9008882 -0.4208827 0.2746225 0.8645464 -0.384616 0.2659968 0.883921 -0.4392952 0.3262138 0.8370211 -0.3839156 0.3279126 0.8631815 -0.440671 0.373241 0.8163946 -0.4017519 0.3598198 0.8420958 -0.4657059 0.4062197 0.7861958 -0.3894324 0.4248774 0.8172035 -0.4831249 0.4712826 0.7378911 -0.3997005 0.4988451 0.7690208 -0.479814 0.5253701 0.702684 -0.4220696 0.5260601 0.7383211 -0.5088366 0.5495705 0.6626143 -0.4088822 0.599774 0.6878129 -0.5232228 0.6139708 0.5909972 -0.4219211 0.6695595 0.6112878 -0.5342705 0.6694526 0.5161283 -0.4327348 0.7281662 0.531521 -0.541812 0.7166587 0.4391357 -0.4402816 0.7772269 0.4495224 -0.6537125 0.1751337 0.7361986 -0.6475576 0.17628 0.7413465 -0.6606672 0.159834 0.7334657 -0.6389571 0.1620255 0.7519851 -0.6527122 0.1467093 0.7432652 -0.6303643 0.1466394 0.762324 -0.6446513 0.1326479 0.7528806 -0.6219113 0.1297461 0.7722645 -0.6365433 0.1175374 0.762232 -0.6183926 0.1123714 0.7777939 -0.6298933 0.1121962 0.7685353 -0.6132844 0.1067517 0.7826151 -0.6267979 0.1003341 0.772695 -0.6075099 0.0907154 0.7891151 -0.6201668 0.08661568 0.7796736 -0.6061278 0.07633173 0.7916961 -0.6144475 0.07985359 0.7849063 -0.6020709 0.06994313 0.7953732 -0.611879 0.07003647 0.7878445 -0.599753 0.05664134 0.798178 -0.6066609 0.05925363 0.7927495 -0.596942 0.04559904 0.8009876 -0.6024636 0.04801368 0.796701 -0.5950514 0.03329271 0.8029978 -0.5981453 0.03565621 0.8005942 -0.5933737 0.02176409 0.8046329 -0.5945525 0.02298283 0.8037284 -0.5921951 0.01063734 0.8057245 -0.5918123 0.01003509 0.8060134 -0.5913407 0.002552986 0.8064179 -0.5907552 4.09101e-4 0.8068507 -0.310409 0.9395865 0.1443039 -0.3402429 0.9035747 0.2603605 -0.4002565 0.8926931 0.2071079 -0.2392849 0.947448 0.2123323 -0.3558319 0.9274148 0.115262 -0.3104204 0.9396842 0.1436416 -0.498562 0.7679342 0.4021356 -0.492933 0.7722355 0.4008361 -0.6142388 0.5061026 0.605451 -0.4812564 0.010414 0.876518 -0.4825311 0.03088098 0.8753343 -0.4838317 0.03239166 0.8745614 -0.4902967 0.06635433 0.869026 -0.4864081 0.06333839 0.871433 -0.4994997 0.1015152 0.8603459 -0.4895319 0.09568673 0.8667194 -0.5100839 0.1364709 0.8492292 -0.4921625 0.1307326 0.8606306 -0.5195383 0.1690676 0.8375537 -0.4976947 0.1627689 0.8519427 -0.5321778 0.2008066 0.8224742 -0.4999797 0.2016949 0.842223 -0.5357185 0.2302 0.8124123 -0.5111786 0.2210241 0.830569 -0.5514755 0.2504637 0.7957026 -0.5085412 0.2632142 0.8198196 -0.5659099 0.2917111 0.7711359 -0.5196123 0.3108581 0.7958458 -0.5689805 0.3270397 0.7545238 -0.533968 0.3279166 0.779326 -0.5875481 0.3428926 0.7329475 -0.5345109 0.3782933 0.7557725 -0.6035692 0.3869622 0.6971116 -0.5507591 0.4269496 0.7172019 -0.6186749 0.4269942 0.6594827 -0.566686 0.4701678 0.676616 -0.6327047 0.463329 0.6204925 -0.5817406 0.5090025 0.6344245 -0.6132192 0.5034781 0.6086642 -0.2325031 0 0.9725957 -0.2325058 0 0.9725951 -0.3590099 0 0.9333338 -0.359005 0 0.9333357 -0.4790528 0 0.8777861 -0.479053 0 0.877786 -0.5907489 0 0.8068555 -0.5907171 5.80516e-7 0.8068789 -0.3158057 -0.9384694 0.1397937 -0.4965058 -0.7714871 0.3978565 -0.6539547 -0.1762313 0.7357214 -0.3062151 -0.9419345 0.1378108 -0.3021052 -0.9427532 0.1412406 -0.238201 -0.9495033 0.2042152 -0.4137923 -0.8840515 0.2173221 -0.3489094 -0.8956926 0.2756755 -0.2906624 -0.8718689 0.3941576 -0.40316 -0.8340834 0.3765194 -0.3032112 -0.8326373 0.4634416 -0.3559927 -0.7396104 0.5711793 -0.3224737 -0.7321926 0.5999205 -0.3312368 -0.666104 0.6682723 -0.3082446 -0.6575608 0.6874585 -0.3301809 -0.5840268 0.741548 -0.314152 -0.575231 0.7552602 -0.3096832 -0.4960203 0.8112091 -0.3413212 -0.4978839 0.7972525 -0.2937487 -0.457661 0.839201 -0.3027084 -0.4089223 0.8609008 -0.2899854 -0.3950506 0.87169 -0.2927386 -0.344069 0.892144 -0.3000701 -0.349063 0.8877573 -0.2703669 -0.3059214 0.9128603 -0.2846208 -0.2735087 0.9187949 -0.2589309 -0.2217099 0.9401062 -0.2710769 -0.2016009 0.941209 -0.2341604 -0.08712035 0.9682866 -0.231595 -0.08876371 0.9687543 -0.4907206 -0.7755842 0.3970673 -0.4872825 -0.7762705 0.3999502 -0.4944275 -0.7148451 0.494508 -0.4780615 -0.7162666 0.5083497 -0.4809001 -0.648648 0.5899077 -0.4552391 -0.6473208 0.6113373 -0.4725407 -0.5604885 0.6801161 -0.4534653 -0.5561449 0.6964713 -0.4479206 -0.4989475 0.741902 -0.4360648 -0.4945669 0.7518319 -0.4404007 -0.4324454 0.78679 -0.4148659 -0.4182378 0.8080615 -0.4315688 -0.3551082 0.8292446 -0.412036 -0.3384262 0.8459872 -0.4130415 -0.2983894 0.8604421 -0.400061 -0.2842423 0.8712965 -0.4061307 -0.2489483 0.8792513 -0.3896041 -0.2249558 0.8930866 -0.3970621 -0.1982719 0.8961194 -0.3793603 -0.162583 0.9108526 -0.386636 -0.1460363 0.9105966 -0.3598765 -0.06340652 0.9308429 -0.3582521 -0.0646494 0.9313839 -0.6114919 -0.509331 0.6055244 -0.6127295 -0.5090816 0.6044821 -0.6006014 -0.4601554 0.6538617 -0.5938484 -0.460738 0.6595944 -0.5807384 -0.4109632 0.7027463 -0.5695387 -0.410418 0.7121677 -0.564682 -0.3495894 0.7476105 -0.5575777 -0.3479425 0.7536864 -0.5453723 -0.309008 0.7791554 -0.5422087 -0.307843 0.78182 -0.5361885 -0.2658087 0.801154 -0.5246927 -0.2594258 0.8107995 -0.5268778 -0.2166291 0.8218708 -0.5180652 -0.209087 0.829392 -0.5143747 -0.1817243 0.8380902 -0.5086641 -0.1755002 0.8428882 -0.5088746 -0.151175 0.8474625 -0.5003229 -0.1387605 0.8546477 -0.5025309 -0.1202067 0.8561618 -0.4925448 -0.1000732 0.8645144 -0.4957098 -0.08850115 0.8639672 -0.4795662 -0.03843826 0.8766636 -0.4786856 -0.03929471 0.8771067 -0.5906684 -0.01308417 0.8068084 -0.5908885 -0.01278346 0.806652 -0.596622 -0.03076851 0.8019324 -0.5961659 -0.03503632 0.8020964 -0.5995436 -0.04186898 0.7992463 -0.5998276 -0.04868203 0.7986471 -0.6024754 -0.05253356 0.7964068 -0.6038519 -0.06136709 0.7947309 -0.6052669 -0.06291753 0.7935322 -0.6082156 -0.07277315 0.7904289 -0.610352 -0.07459789 0.78861 -0.612802 -0.08968949 0.7851303 -0.6154191 -0.09114992 0.782912 -0.6207443 -0.1058541 0.7768343 -0.6204589 -0.1057506 0.7770764 -0.6278445 -0.1193311 0.7691368 -0.6286188 -0.1195142 0.7684757 -0.6359793 -0.1407745 0.7587575 -0.6379811 -0.1408696 0.7570575 -0.6478303 -0.1585397 0.7451048 -0.648333 -0.158498 0.7446764 -0.6584377 -0.1764015 0.7316709 -0.6532597 -0.1774446 0.736047 -0.6143181 -0.5061024 0.6053708 -0.6552886 -0.1759445 0.7346022 -0.9039203 -0.4089906 0.1251199 -0.8886703 -0.309616 0.3382351 -0.823867 -0.1932601 0.5328168 -0.9087352 -0.4059923 0.09680265 -0.8706102 -0.4748383 0.1287113 -0.8761391 -0.4724212 0.09591001 -0.8483474 -0.5156885 0.1198846 -0.8435673 -0.5220119 0.1260868 -0.8274071 -0.5513337 0.106905 -0.7898714 -0.5976433 0.1375705 -0.7962795 -0.5976408 0.09361916 -0.7585307 -0.6393384 0.1260067 -0.7547956 -0.6427949 0.1307613 -0.7292951 -0.6752339 0.1103989 -0.6911708 -0.7086417 0.1418091 -0.695827 -0.7113259 0.09919947 -0.6613741 -0.7389526 0.1285817 -0.6585549 -0.740983 0.1313381 -0.6330472 -0.7654619 0.1154108 -0.6057353 -0.7835798 0.1381573 -0.6124023 -0.7827859 0.1104983 -0.5799245 -0.8029386 0.1377579 -0.5810652 -0.8027807 0.133815 -0.5468003 -0.8280839 0.1236394 -0.5190376 -0.8420838 0.1466121 -0.5169115 -0.8488866 0.1104276 -0.4844863 -0.8638742 0.13782 -0.4844567 -0.8638797 0.1378898 -0.4560398 -0.8808497 0.1270105 -0.4315028 -0.8899837 0.147426 -0.392534 -0.9097468 0.1351953 -0.4019494 -0.9048522 0.1402832 -0.428354 -0.89587 0.1180251 -0.3741374 -0.9174968 0.1349852 -0.3593 -0.9215165 0.1473467 -0.3560336 -0.9260045 0.125522 -0.3315035 -0.9320703 0.1461182 -0.3295572 -0.9349406 0.1314461 -0.316787 -0.9382612 0.1389679 -0.6561102 -0.1735305 0.7344431 -0.6595124 -0.1726921 0.731588 -0.6583171 -0.170246 0.733236 -0.6634716 -0.1687839 0.7289152 -0.661969 -0.1659905 0.7309201 -0.667903 -0.1640275 0.7259481 -0.666087 -0.1609861 0.7282936 -0.6726669 -0.1584492 0.7227815 -0.6705449 -0.1552625 0.72544 -0.6777188 -0.1520357 0.7194321 -0.6752093 -0.1486915 0.7224841 -0.6831818 -0.1444993 0.7158091 -0.6801809 -0.1410059 0.7193548 -0.6871644 -0.1366867 0.7135278 -0.6844354 -0.1356211 0.7163485 -0.6911957 -0.1310599 0.7106841 -0.687767 -0.1286581 0.7144395 -0.6960534 -0.1222306 0.7075093 -0.6922468 -0.1200119 0.711612 -0.7010185 -0.1120891 0.7042793 -0.6968762 -0.110175 0.7086783 -0.7058939 -0.1005586 0.7011432 -0.7017056 -0.09912186 0.7055381 -0.7097354 -0.08888608 0.6988383 -0.7061839 -0.08826595 0.7025051 -0.7130992 -0.07786768 0.6967254 -0.7098364 -0.07744753 0.7000958 -0.7159633 -0.06637781 0.6949753 -0.7131245 -0.06626349 0.6978988 -0.8960113 -0.3089303 0.3189449 -0.8673178 -0.3607566 0.3429498 -0.8756918 -0.3610546 0.3206298 -0.8433943 -0.4096396 0.3476803 -0.8526166 -0.4104684 0.3233585 -0.8150636 -0.4581523 0.3546375 -0.8253237 -0.4618385 0.3248785 -0.7828905 -0.5071253 0.3604254 -0.792658 -0.512518 0.3301799 -0.7511174 -0.5500775 0.3650172 -0.7596465 -0.5565872 0.336375 -0.7204072 -0.5870627 0.3692842 -0.7276442 -0.5942519 0.3426349 -0.695732 -0.6159481 0.369547 -0.703296 -0.618309 0.3508114 -0.6701882 -0.6385377 0.3783087 -0.6741979 -0.6496779 0.3512491 -0.636726 -0.6694198 0.3826971 -0.6394181 -0.6799893 0.3588303 -0.6058804 -0.6950982 0.3869724 -0.60758 -0.7050712 0.3656792 -0.5770125 -0.7168847 0.3913221 -0.5779427 -0.7263252 0.3720672 -0.5504211 -0.735448 0.3951621 -0.5507339 -0.7440334 0.3782941 -0.5268392 -0.7508395 0.3983473 -0.526703 -0.7582991 0.3841442 -0.5068902 -0.7631772 0.4007778 -0.5064913 -0.7692922 0.3894306 -0.830515 -0.1934033 0.522341 -0.8126398 -0.2257007 0.5372855 -0.8202397 -0.2266649 0.5251952 -0.8000932 -0.256958 0.5420549 -0.8083886 -0.2584446 0.5288802 -0.7849673 -0.2882503 0.5483961 -0.7945466 -0.2919505 0.5324103 -0.7680447 -0.3202196 0.5545871 -0.7773745 -0.325227 0.5384389 -0.7514295 -0.3486599 0.5601696 -0.7598357 -0.3544777 0.5449727 -0.7352951 -0.3735243 0.565527 -0.7426988 -0.3798204 0.5514844 -0.7227059 -0.3933516 0.5683051 -0.7291069 -0.3959953 0.5582033 -0.7083828 -0.4087411 0.5754342 -0.7141123 -0.4179954 0.5615368 -0.6905113 -0.4304125 0.5813255 -0.6950671 -0.4392285 0.569175 -0.6738801 -0.4487627 0.5869392 -0.6775237 -0.457129 0.5761899 -0.6581469 -0.4646139 0.592433 -0.6610758 -0.4725776 0.5827943 -0.6435887 -0.4783679 0.5974594 -0.6458471 -0.4856523 0.589087 -0.6306295 -0.4899784 0.6018534 -0.6322891 -0.4963453 0.5948545 -0.6196467 -0.4994513 0.6054638 -0.620799 -0.5046948 0.5999099 -0.7981038 0.01976108 -0.6021958 -0.7393791 0.00464487 0.6732733 -0.8564569 0.1143057 0.5034044 -0.8567482 0.1158229 0.5025612 -0.9177982 0.115687 0.3798198 -0.9254004 0.1293196 0.3562453 -0.9756898 0.1171357 0.1852266 -0.97569 0.1171357 0.1852257 -0.993436 0.1048738 0.04567652 -0.9914296 0.09415227 -0.09056931 -0.9915818 0.0907433 -0.09236407 -0.9313548 0.05767828 -0.3595157 -0.8906272 0.1782217 -0.4183544 -0.9531859 0.06641739 -0.2950008 -0.8457007 0.3881308 0.366258 -0.9991729 0.03857302 -0.01287806 -0.9353833 0.3233438 0.1432026 -0.949882 0.2941488 -0.1058344 -0.9612463 0.2471418 -0.122174 -0.9065886 0.1936767 -0.3749486 -0.913334 0.149524 -0.378766 -0.7854709 0.07850217 -0.6138999 -0.7657129 0.1470099 -0.6261563 -0.813288 0.4187678 -0.4039754 -0.904688 0.3978544 -0.1524851 -0.9111031 0.396081 -0.1140654 -0.8708794 0.4665881 -0.1544826 -0.8757158 0.4643977 -0.1321236 -0.8471654 0.5125741 -0.1399236 -0.8201891 0.5476728 -0.165362 -0.8276039 0.5501878 -0.1111991 -0.7809099 0.6041694 -0.1586165 -0.7848018 0.6015683 -0.149003 -0.7494197 0.6469637 -0.1407418 -0.822995 0.3892917 -0.4136803 -0.8497633 0.3585267 -0.3864725 -0.8378431 0.353004 -0.4164218 -0.8715628 0.3061386 -0.3829587 -0.8608893 0.3032256 -0.4085634 -0.889195 0.2541421 -0.3804528 -0.8799411 0.2533609 -0.4018853 -0.7667807 0.1361538 -0.6273034 -0.7760744 0.1256282 -0.6180016 -0.7698039 0.1231902 -0.6262797 -0.7814872 0.1069248 -0.6146908 -0.7760018 0.1055395 -0.6218383 -0.7857998 0.08853435 -0.6121116 -0.7811284 0.08801478 -0.6181357 -0.739387 0 0.6732807 -0.7393872 0 0.6732805 -0.8621088 0 0.5067234 -0.9240023 0 0.3823871 -0.9240021 0 0.3823876 -0.9824531 0 0.1865105 -0.9989445 0 0.04593384 -0.9956898 0 -0.09274661 -0.9956898 0 -0.09274649 -0.9552953 0 -0.2956535 -0.9051187 0 -0.4251592 -0.9051175 0 -0.4251617 -0.7982597 0 -0.6023135 -0.69569 0.6923645 -0.1914334 -0.8020318 0.4292946 -0.4152724 -0.7669785 0.145828 -0.6248826 -0.302656 0.02988463 -0.9526312 -0.3425279 0.05368429 -0.9379726 -0.3485049 0.09372627 -0.9326092 -0.3831064 0.134285 -0.9138911 -0.3813554 0.1398231 -0.9137929 -0.4032991 0.2030071 -0.8922657 -0.4047805 0.194999 -0.8933803 -0.4277936 0.2432749 -0.8705229 -0.4275234 0.2456774 -0.8699808 -0.4509751 0.282442 -0.8466688 -0.4507521 0.2941457 -0.8427935 -0.4724053 0.3200306 -0.821227 -0.473879 0.3391948 -0.812641 -0.4997744 0.3629276 -0.7864536 -0.4984635 0.3953043 -0.7715367 -0.5277268 0.4126818 -0.7424272 -0.5318604 0.4498353 -0.7174767 -0.56487 0.4616022 -0.6839922 -0.5630603 0.5171765 -0.6445865 -0.5980694 0.5200382 -0.6098142 -0.6062886 0.568975 -0.5555913 -0.6261394 0.5664697 -0.5357813 -0.6419448 0.6037126 -0.4726924 -0.6507639 0.6011115 -0.4638656 -0.6715084 0.6265279 -0.3956505 -0.6924223 0.6168878 -0.3741669 -0.6953331 0.662056 -0.2796316 -0.7693621 0.606154 -0.201642 -0.7545948 0.1402159 -0.6410354 -0.7499018 0.1434985 -0.6457983 -0.7373902 0.1328891 -0.662266 -0.7357192 0.1336356 -0.663972 -0.7243927 0.1281118 -0.6773791 -0.7251779 0.1278762 -0.6765832 -0.7146606 0.1198575 -0.6891258 -0.713428 0.1200181 -0.690374 -0.704411 0.1093945 -0.7013116 -0.6999093 0.1090424 -0.7058589 -0.6935535 0.09676873 -0.7138764 -0.6886935 0.09501099 -0.7188006 -0.6838428 0.08647245 -0.7244871 -0.6790425 0.08360981 -0.7293221 -0.6762778 0.07599169 -0.7327167 -0.6714832 0.07157272 -0.7375553 -0.6696438 0.06684237 -0.7396684 -0.6653065 0.06166684 -0.7440192 -0.6645242 0.05873155 -0.7449552 -0.6594416 0.05074304 -0.7500413 -0.6593484 0.0501393 -0.750164 -0.6541055 0.03914272 -0.75539 -0.6542312 0.0411756 -0.7551729 -0.6473689 0.02150315 -0.7618734 -0.6453978 0.02809089 -0.7633299 -0.6410686 -0.001198649 -0.7674826 -0.6363283 0.009316563 -0.7713623 -0.7811771 0.4118563 -0.4691875 -0.7630132 0.4245086 -0.4874458 -0.7434871 0.3916878 -0.5420403 -0.7339956 0.3959766 -0.5517727 -0.7108793 0.3782969 -0.5929099 -0.7091042 0.378823 -0.5946968 -0.6888043 0.3537645 -0.6327711 -0.6807693 0.3547922 -0.6408399 -0.6651843 0.3222693 -0.673552 -0.6479639 0.3209133 -0.6907659 -0.6395888 0.2839958 -0.7143337 -0.6227418 0.2779529 -0.7313924 -0.6146282 0.2529865 -0.747148 -0.5991474 0.2438114 -0.7626129 -0.5958144 0.2218741 -0.7718662 -0.5814421 0.208684 -0.786369 -0.5784433 0.195476 -0.7919548 -0.5659707 0.1805717 -0.8044072 -0.5649973 0.1724542 -0.806869 -0.5508442 0.1502699 -0.8209688 -0.5508149 0.1485906 -0.821294 -0.53649 0.1185623 -0.8355366 -0.5361241 0.1241146 -0.8349651 -0.517279 0.07051098 -0.8529073 -0.5083192 0.08947122 -0.8565084 -0.4964432 0.008480906 -0.8680278 -0.4778214 0.03880196 -0.8775997 -0.9756898 -0.1171364 0.1852255 -0.9160788 -0.1306771 0.3791084 -0.7393795 -0.004641652 0.6732729 -0.8570595 -0.1150014 0.5022189 -0.9756895 -0.1171373 0.1852265 -0.993436 -0.1048738 0.04567617 -0.9914296 -0.09415233 -0.09056943 -0.7854713 -0.07849639 -0.6139001 -0.9211878 -0.155186 -0.3568339 -0.902399 -0.1907816 -0.386366 -0.9634979 -0.2530321 -0.08744555 -0.9480094 -0.2901534 -0.130726 -0.9434124 -0.318863 0.09110194 -0.9637389 -0.2072931 0.1680389 -0.8456946 -0.3881468 0.3662551 -0.9277178 -0.1154136 0.3549923 -0.8563068 -0.1158213 0.5033133 -0.9915818 -0.0907433 -0.09236407 -0.9531859 -0.06641739 -0.2950008 -0.9156249 -0.1399221 -0.3768991 -0.9040593 -0.04833781 -0.4246649 -0.7981038 -0.01976108 -0.6021958 -0.6363676 -3.52201e-7 -0.7713861 -0.6363578 0 -0.7713941 -0.4781593 0 -0.8782731 -0.4781635 0 -0.8782709 -0.3027491 0 -0.9530704 -0.3027573 -1.32228e-7 -0.9530678 -0.8211886 -0.4111164 -0.3957685 -0.7685109 -0.1443892 -0.623332 -0.7750434 -0.6125485 -0.1552162 -0.7990749 -0.5867036 -0.1313707 -0.8211147 -0.5510078 -0.1488662 -0.8370431 -0.5307051 -0.1330825 -0.8574845 -0.493171 -0.1466386 -0.8575102 -0.4931475 -0.1465678 -0.8770528 -0.4632837 -0.1270704 -0.8887339 -0.435028 -0.1445785 -0.9077162 -0.4003407 -0.1256135 -0.9155039 -0.3761559 -0.1426869 -0.7494521 -0.6469339 -0.1407058 -0.7794526 -0.6087814 -0.1477801 -0.8096135 -0.4070045 -0.4229342 -0.8329365 -0.3822016 -0.4001735 -0.8407167 -0.3563207 -0.4077147 -0.8535151 -0.339869 -0.3949699 -0.8584811 -0.3170199 -0.4031236 -0.8709707 -0.2979585 -0.3906798 -0.8736351 -0.2782225 -0.3991919 -0.8857011 -0.2561993 -0.3871633 -0.8865491 -0.2395567 -0.395782 -0.7626593 -0.1424303 -0.6309236 -0.7705754 -0.1338947 -0.6231259 -0.7714736 -0.1244522 -0.6239714 -0.775914 -0.1187471 -0.6195617 -0.776081 -0.1104798 -0.6208806 -0.780411 -0.1038725 -0.6165787 -0.7800036 -0.09677916 -0.6182461 -0.7841819 -0.08915936 -0.6140922 -0.7833429 -0.0831964 -0.6159971 -0.7442759 -0.6517451 -0.1458827 -0.4781329 0.008804619 -0.8782435 -0.6363452 0.007937312 -0.7713636 -0.4860195 -0.01851069 -0.8737519 -0.4862302 -0.02390384 -0.8735039 -0.5027213 -0.04275488 -0.8633908 -0.5060559 -0.06431055 -0.8600999 -0.5175073 -0.0758478 -0.8523107 -0.5247108 -0.1028379 -0.8450461 -0.5318226 -0.1076298 -0.8399885 -0.5390553 -0.1248484 -0.832966 -0.5407851 -0.1276116 -0.8314246 -0.5500963 -0.1484694 -0.8217973 -0.5490418 -0.1480455 -0.8225787 -0.5720005 -0.1835947 -0.7994426 -0.5632516 -0.1819666 -0.8059999 -0.593769 -0.2152644 -0.7753062 -0.5780461 -0.2145819 -0.7872848 -0.6164843 -0.2445808 -0.7484166 -0.5930525 -0.2490296 -0.7656848 -0.6278406 -0.2666159 -0.7312539 -0.6082561 -0.2615494 -0.7494108 -0.6471518 -0.279342 -0.7093396 -0.6151317 -0.2945329 -0.7313436 -0.6735097 -0.3070926 -0.6723682 -0.6370086 -0.3306504 -0.6963407 -0.6922428 -0.3316075 -0.6409652 -0.6576245 -0.35109 -0.6665328 -0.7159748 -0.3451729 -0.6068243 -0.6760069 -0.3855256 -0.6280006 -0.7352429 -0.368763 -0.5687106 -0.6999383 -0.3987723 -0.5925092 -0.7588422 -0.3755161 -0.5321151 -0.7208359 -0.4269932 -0.5459603 -0.7855902 -0.3898514 -0.480483 -0.7519057 -0.4414333 -0.4896677 -0.63854 -0.002717256 -0.7695839 -0.6385878 -0.00378853 -0.7695398 -0.6432655 -0.01169425 -0.7655538 -0.6443687 -0.01877623 -0.7644844 -0.6478038 -0.02367949 -0.7614392 -0.6503441 -0.03314781 -0.7589162 -0.6525181 -0.03527575 -0.7569517 -0.6550902 -0.04143053 -0.754414 -0.6557211 -0.04251879 -0.7538052 -0.6591292 -0.05011379 -0.7503582 -0.6587928 -0.04991507 -0.7506667 -0.6672034 -0.06292426 -0.742213 -0.6644372 -0.06199842 -0.744768 -0.6755633 -0.07414609 -0.7335643 -0.6705371 -0.07336914 -0.7382391 -0.6844241 -0.08421975 -0.7242036 -0.6770617 -0.08511006 -0.7309882 -0.6895146 -0.09140914 -0.7184804 -0.6824625 -0.08931779 -0.7254428 -0.6965119 -0.09576708 -0.7111258 -0.686802 -0.1003165 -0.7198886 -0.7071647 -0.104736 -0.6992486 -0.6962845 -0.1122443 -0.7089352 -0.7153214 -0.1125803 -0.6896674 -0.7044192 -0.118961 -0.6997442 -0.7245242 -0.1170214 -0.6792428 -0.7134285 -0.1304418 -0.6884801 -0.7334573 -0.1247169 -0.6681962 -0.7227285 -0.1349286 -0.6778332 -0.7428193 -0.1271237 -0.6573121 -0.7331731 -0.1446135 -0.6644878 -0.7548096 -0.1322102 -0.6424819 -0.7466454 -0.1499271 -0.6481069 -0.7597815 -0.1525062 -0.6320396 -0.7665901 -0.1348578 -0.627816 -0.7815959 -0.4473596 -0.4347152 -0.8113241 -0.3965057 -0.4295771 -0.7293105 -0.6459029 -0.2256451 -0.6741736 -0.6841 -0.278383 -0.7449302 -0.6091212 -0.2721219 -0.6406939 -0.6688397 -0.3770475 -0.7178412 -0.5932592 -0.3643456 -0.6239929 -0.6311402 -0.4607549 -0.6868324 -0.5865718 -0.4291794 -0.5918017 -0.6129396 -0.5235226 -0.6674192 -0.5527803 -0.4989846 -0.5749176 -0.56278 -0.5939263 -0.6341181 -0.5334666 -0.5597389 -0.5464789 -0.5317255 -0.6470154 -0.6112617 -0.4959029 -0.6167977 -0.5187265 -0.4761111 -0.7100993 -0.5743429 -0.4523777 -0.6822645 -0.5144645 -0.4253744 -0.744569 -0.5438033 -0.4321781 -0.7193748 -0.4899029 -0.4047857 -0.7721034 -0.5292221 -0.396844 -0.7499592 -0.4690405 -0.3499983 -0.8108652 -0.4949052 -0.3497586 -0.7954483 -0.4468769 -0.2974202 -0.8437075 -0.4613129 -0.2989045 -0.8353721 -0.4247035 -0.2422724 -0.8723137 -0.4264569 -0.2427561 -0.8713231 -0.4113434 -0.2088651 -0.8872271 -0.4087399 -0.2051208 -0.8893015 -0.3964928 -0.1759414 -0.9010206 -0.3845318 -0.1701146 -0.9073017 -0.3721114 -0.1235318 -0.9199311 -0.3525559 -0.1089197 -0.9294304 -0.3463875 -0.06890809 -0.9355573 -0.3172149 -0.04487693 -0.9472914 -0.316646 -0.02975356 -0.9480771 -0.3027474 0.007131934 -0.9530442 0 0 1 0 1 0 0 1 0 0 0 -1 0 -1 0 0 -1 0 1 -3.88564e-7 0 1 3.88564e-7 0 1 -3.03165e-7 0 1 3.026e-7 0 1 5.82846e-7 0 1 -5.75583e-7 0 1 3.03165e-7 0 0 -0.1564346 -0.9876884 0 -0.1564347 -0.9876883 0 -0.4539906 -0.8910066 0 -0.7071075 -0.7071062 0 -0.7071063 -0.7071073 0 -0.8910063 -0.4539911 0 -0.9876886 -0.1564336 0 -0.9876886 0.1564336 0 -0.8910063 0.4539911 0 -0.7071063 0.7071073 0 -0.7071075 0.7071062 0 -0.4539906 0.8910066 0 -0.1564347 0.9876883 0 -0.1564346 0.9876884 0 0.1564346 0.9876884 0 0.1564347 0.9876883 0 0.4539906 0.8910066 0 0.7071063 0.7071073 0 0.8910072 0.4539892 0 0.8910063 0.4539911 0 0.9876886 0.1564336 0 0.9876886 -0.1564336 0 0.8910063 -0.4539911 0 0.8910072 -0.4539892 0 0.7071063 -0.7071073 0 0.4539906 -0.8910066 0 0.1564347 -0.9876883 0 0.1564346 -0.9876884 0.7027128 0.111299 -0.7027142 0.7027135 0.1112993 -0.7027135 0.7027135 0.3230015 -0.6339273 0.7027137 0.3230021 -0.6339269 0.7027124 0.5030881 -0.5030881 0.7027136 0.5030873 -0.5030873 0.702713 0.6339272 -0.3230028 0.702714 0.6339272 -0.3230007 0.7027128 0.7027142 -0.1112992 0.702714 0.7027131 -0.111299 0.7071071 0.7071065 0 0.7071068 0.7071069 0 0.7071068 0 -0.7071069 0.7027139 0.7027132 0.111299 0.7027132 0.7027139 0.1112992 0.7027145 0.6339263 0.3230013 0.7027133 0.6339274 0.3230019 0.7027133 0.5030874 0.5030878 0.7027137 0.5030869 0.5030875 0.702712 0.3230025 0.6339285 0.7027142 0.323002 0.6339263 0.7027143 0.1112984 0.7027129 0.702713 0.1112993 0.702714 0.7027139 -0.7027132 -0.111299 0.7027132 -0.7027139 -0.1112992 0.7027145 -0.6339263 -0.3230013 0.7027133 -0.633927 -0.3230027 0.7027137 -0.5030877 -0.5030868 0.7027133 -0.5030874 -0.5030878 0.702712 -0.3230025 -0.6339285 0.7027142 -0.323002 -0.6339263 0.7027143 -0.1112984 -0.7027129 0.702713 -0.1112993 -0.702714 0.7071068 0 0.7071069 0.7071068 -0.7071069 0 0.7071071 -0.7071065 0 0.7027128 -0.111299 0.7027142 0.7027135 -0.1112993 0.7027135 0.7027135 -0.3230015 0.6339273 0.7027137 -0.3230021 0.6339269 0.7027124 -0.5030881 0.5030881 0.7027134 -0.5030879 0.5030869 0.7027128 -0.6339274 0.3230029 0.702714 -0.6339268 0.3230015 0.7027128 -0.7027142 0.1112992 0.702714 -0.7027131 0.111299</float_array>
          <technique_common>
            <accessor source="#link_1_tip-mesh-normals-array" count="1863" stride="3">
              <param name="X" type="float"/>
              <param name="Y" type="float"/>
              <param name="Z" type="float"/>
            </accessor>
          </technique_common>
        </source>
        <vertices id="link_1_tip-mesh-vertices">
          <input semantic="POSITION" source="#link_1_tip-mesh-positions"/>
        </vertices>
        <triangles material="m_3-material" count="1904">
          <input semantic="VERTEX" source="#link_1_tip-mesh-vertices" offset="0"/>
          <input semantic="NORMAL" source="#link_1_tip-mesh-normals" offset="1"/>
          <p>0 0 1 0 2 0 3 1 4 1 5 1 6 2 7 2 8 2 6 3 8 3 9 3 6 4 10 4 7 4 7 5 10 5 11 5 7 6 11 6 12 6 12 7 11 7 13 7 12 8 13 8 5 8 5 9 13 9 14 9 5 10 14 10 3 10 8 11 15 11 9 11 9 12 15 12 16 12 9 13 16 13 17 13 17 14 16 14 18 14 17 15 18 15 19 15 20 16 21 16 22 16 22 17 21 17 23 17 22 18 23 18 18 18 18 19 23 19 24 19 18 20 24 20 19 20 25 21 26 21 27 21 27 22 26 22 28 22 27 23 28 23 29 23 29 24 28 24 30 24 22 25 31 25 20 25 20 26 31 26 32 26 20 27 32 27 33 27 33 28 32 28 30 28 33 29 30 29 34 29 34 30 30 30 28 30 35 31 36 31 37 31 37 32 36 32 38 32 37 33 38 33 39 33 39 34 38 34 40 34 39 35 40 35 41 35 37 36 42 36 35 36 35 37 42 37 43 37 35 38 43 38 44 38 44 39 43 39 45 39 44 40 45 40 25 40 25 41 45 41 46 41 25 42 46 42 26 42 41 43 40 43 47 43 47 44 40 44 48 44 47 45 48 45 49 45 49 46 48 46 50 46 49 47 50 47 51 47 1 48 0 48 52 48 0 49 53 49 52 49 52 50 53 50 54 50 52 51 54 51 55 51 55 52 54 52 56 52 55 53 56 53 51 53 51 54 56 54 57 54 51 55 57 55 49 55 58 56 59 56 60 56 61 57 62 57 63 57 63 58 62 58 64 58 63 59 64 59 65 59 65 60 64 60 66 60 66 61 64 61 67 61 67 62 64 62 68 62 67 63 68 63 69 63 70 64 71 64 72 64 72 65 71 65 69 65 72 66 69 66 73 66 73 67 69 67 68 67 74 68 75 68 76 68 76 69 75 69 77 69 76 70 77 70 78 70 78 71 77 71 79 71 78 72 79 72 70 72 70 73 79 73 80 73 70 74 80 74 71 74 61 75 81 75 62 75 62 76 81 76 82 76 62 77 82 77 83 77 83 78 82 78 84 78 60 79 59 79 85 79 84 80 82 80 59 80 59 81 82 81 86 81 59 82 86 82 85 82 87 83 88 83 60 83 60 84 88 84 89 84 60 85 89 85 58 85 90 86 91 86 92 86 87 87 93 87 88 87 88 88 93 88 90 88 88 89 90 89 94 89 94 90 90 90 92 90 95 91 96 91 97 91 97 92 96 92 98 92 91 93 99 93 92 93 92 94 99 94 97 94 92 95 97 95 100 95 100 96 97 96 98 96 95 97 101 97 96 97 96 98 101 98 102 98 96 99 102 99 103 99 103 100 102 100 104 100 105 101 106 101 104 101 104 102 106 102 107 102 104 103 107 103 103 103 104 104 108 104 105 104 105 105 108 105 109 105 105 106 109 106 110 106 110 107 109 107 111 107 110 108 111 108 112 108 112 109 111 109 113 109 112 110 113 110 114 110 114 111 113 111 115 111 114 112 115 112 116 112 117 113 118 113 119 113 119 114 118 114 120 114 119 115 120 115 121 115 121 116 120 116 122 116 121 117 122 117 123 117 123 118 122 118 124 118 123 119 124 119 125 119 125 120 124 120 126 120 125 121 126 121 127 121 126 122 128 122 127 122 127 123 128 123 129 123 127 124 129 124 130 124 130 125 129 125 131 125 130 126 131 126 132 126 121 127 123 127 133 127 134 128 135 128 136 128 69 129 71 129 137 129 117 130 119 130 138 130 138 131 119 131 139 131 140 132 141 132 139 132 139 133 141 133 142 133 139 134 142 134 138 134 143 135 144 135 145 135 145 136 144 136 146 136 145 137 146 137 140 137 140 138 146 138 147 138 140 139 147 139 141 139 143 140 145 140 148 140 148 141 145 141 149 141 148 142 149 142 150 142 150 143 149 143 151 143 151 144 149 144 152 144 151 145 152 145 153 145 153 146 152 146 154 146 154 147 152 147 155 147 154 148 155 148 156 148 156 149 155 149 157 149 156 150 157 150 158 150 79 151 77 151 159 151 159 152 77 152 75 152 160 153 80 153 79 153 161 154 71 154 80 154 162 155 163 155 67 155 67 156 163 156 66 156 164 157 165 157 65 157 65 158 165 158 63 158 166 159 167 159 168 159 168 160 167 160 169 160 170 161 171 161 172 161 136 162 135 162 171 162 171 163 135 163 173 163 171 164 173 164 172 164 174 165 175 165 176 165 175 166 177 166 176 166 176 167 177 167 178 167 176 168 178 168 136 168 136 169 178 169 179 169 136 170 179 170 134 170 176 171 180 171 174 171 174 172 180 172 130 172 174 173 130 173 132 173 170 174 181 174 182 174 182 175 181 175 162 175 182 176 162 176 137 176 137 177 162 177 67 177 137 178 67 178 69 178 65 179 66 179 164 179 164 180 66 180 163 180 164 181 163 181 183 181 183 182 163 182 162 182 183 183 162 183 169 183 169 184 162 184 181 184 169 185 181 185 168 185 168 186 181 186 170 186 168 187 170 187 166 187 166 188 170 188 172 188 74 189 158 189 75 189 75 190 158 190 157 190 75 191 157 191 159 191 159 192 157 192 155 192 159 193 155 193 184 193 184 194 155 194 152 194 184 195 152 195 185 195 185 196 152 196 149 196 185 197 149 197 186 197 186 198 149 198 145 198 186 199 145 199 187 199 187 200 145 200 140 200 187 201 140 201 188 201 188 202 140 202 139 202 188 203 139 203 133 203 133 204 139 204 119 204 133 205 119 205 121 205 79 206 159 206 160 206 160 207 159 207 184 207 160 208 184 208 189 208 189 209 184 209 185 209 189 210 185 210 190 210 190 211 185 211 186 211 190 212 186 212 191 212 191 213 186 213 187 213 191 214 187 214 192 214 192 215 187 215 188 215 192 216 188 216 193 216 193 217 188 217 133 217 193 218 133 218 194 218 194 219 133 219 123 219 194 220 123 220 125 220 80 221 160 221 161 221 161 222 160 222 189 222 161 223 189 223 195 223 195 224 189 224 190 224 195 225 190 225 196 225 196 226 190 226 191 226 196 227 191 227 197 227 197 228 191 228 192 228 197 229 192 229 198 229 198 230 192 230 193 230 198 231 193 231 199 231 199 232 193 232 194 232 199 233 194 233 200 233 200 234 194 234 125 234 200 235 125 235 127 235 71 236 161 236 137 236 137 237 161 237 195 237 137 238 195 238 182 238 182 239 195 239 196 239 182 240 196 240 170 240 170 241 196 241 197 241 170 242 197 242 171 242 171 243 197 243 198 243 171 244 198 244 136 244 136 245 198 245 199 245 136 246 199 246 176 246 176 247 199 247 200 247 176 248 200 248 180 248 180 249 200 249 127 249 180 250 127 250 130 250 201 251 202 251 203 251 204 252 205 252 206 252 207 253 208 253 209 253 210 254 211 254 212 254 213 255 131 255 129 255 214 256 215 256 216 256 217 257 218 257 219 257 220 258 221 258 222 258 223 259 224 259 225 259 226 260 227 260 228 260 229 261 4 261 3 261 229 262 3 262 230 262 213 263 129 263 231 263 232 264 233 264 234 264 234 265 233 265 235 265 234 266 235 266 236 266 237 267 238 267 239 267 239 268 238 268 240 268 239 269 240 269 241 269 19 270 24 270 242 270 242 271 243 271 19 271 19 272 243 272 244 272 19 273 244 273 17 273 17 274 244 274 9 274 9 275 244 275 245 275 9 276 245 276 6 276 6 277 245 277 246 277 6 278 246 278 247 278 13 279 11 279 247 279 247 280 11 280 10 280 247 281 10 281 6 281 3 282 14 282 230 282 230 283 14 283 13 283 230 284 13 284 248 284 248 285 13 285 247 285 118 286 214 286 120 286 120 287 214 287 216 287 120 288 216 288 122 288 122 289 216 289 249 289 211 290 231 290 212 290 212 291 231 291 129 291 212 292 129 292 250 292 250 293 129 293 128 293 250 294 128 294 251 294 251 295 128 295 126 295 251 296 126 296 249 296 249 297 126 297 124 297 249 298 124 298 122 298 215 299 252 299 216 299 216 300 252 300 253 300 216 301 253 301 249 301 249 302 253 302 254 302 249 303 254 303 251 303 251 304 254 304 255 304 251 305 255 305 250 305 250 306 255 306 256 306 250 307 256 307 212 307 212 308 256 308 209 308 212 309 209 309 210 309 210 310 209 310 208 310 252 311 217 311 253 311 253 312 217 312 219 312 253 313 219 313 254 313 254 314 219 314 257 314 254 315 257 315 255 315 255 316 257 316 258 316 255 317 258 317 256 317 256 318 258 318 259 318 256 319 259 319 209 319 209 320 259 320 234 320 209 321 234 321 207 321 207 322 234 322 236 322 218 323 220 323 219 323 219 324 220 324 222 324 219 325 222 325 257 325 257 326 222 326 260 326 257 327 260 327 258 327 258 328 260 328 261 328 258 329 261 329 259 329 259 330 261 330 262 330 259 331 262 331 234 331 234 332 262 332 206 332 234 333 206 333 232 333 232 334 206 334 205 334 221 335 223 335 222 335 222 336 223 336 225 336 222 337 225 337 260 337 260 338 225 338 263 338 260 339 263 339 261 339 261 340 263 340 264 340 261 341 264 341 262 341 262 342 264 342 265 342 262 343 265 343 206 343 206 344 265 344 241 344 206 345 241 345 204 345 204 346 241 346 240 346 224 347 226 347 225 347 225 348 226 348 228 348 225 349 228 349 263 349 263 350 228 350 266 350 263 351 266 351 264 351 264 352 266 352 267 352 264 353 267 353 265 353 265 354 267 354 268 354 265 355 268 355 241 355 241 356 268 356 269 356 241 357 269 357 239 357 239 358 269 358 203 358 239 359 203 359 237 359 237 360 203 360 202 360 227 361 229 361 228 361 228 362 229 362 230 362 228 363 230 363 266 363 266 364 230 364 248 364 266 365 248 365 267 365 267 366 248 366 247 366 267 367 247 367 268 367 268 368 247 368 246 368 268 369 246 369 269 369 269 370 246 370 245 370 269 371 245 371 203 371 203 372 245 372 244 372 203 373 244 373 201 373 201 374 244 374 243 374 201 375 243 375 270 375 270 376 243 376 242 376 70 377 72 377 271 377 272 378 273 378 274 378 275 379 276 379 277 379 278 380 279 380 280 380 281 381 282 381 283 381 283 382 282 382 76 382 283 383 76 383 78 383 284 384 285 384 281 384 281 385 285 385 286 385 281 386 286 386 282 386 287 387 288 387 284 387 284 388 288 388 289 388 284 389 289 389 285 389 290 390 291 390 292 390 292 391 291 391 293 391 292 392 293 392 294 392 294 393 293 393 295 393 294 394 295 394 287 394 287 395 295 395 296 395 287 396 296 396 288 396 297 397 298 397 290 397 290 398 298 398 299 398 290 399 299 399 291 399 300 400 301 400 302 400 300 401 302 401 303 401 303 402 302 402 304 402 303 403 304 403 305 403 301 404 300 404 306 404 306 405 300 405 307 405 306 406 307 406 308 406 309 407 310 407 307 407 307 408 310 408 311 408 307 409 311 409 308 409 312 410 313 410 309 410 309 411 313 411 314 411 309 412 314 412 310 412 315 413 316 413 317 413 317 414 316 414 318 414 317 415 318 415 319 415 319 416 318 416 320 416 315 417 317 417 321 417 321 418 317 418 322 418 321 419 322 419 323 419 323 420 322 420 324 420 323 421 324 421 325 421 325 422 324 422 326 422 325 423 326 423 327 423 327 424 326 424 96 424 327 425 96 425 103 425 279 426 328 426 290 426 290 427 328 427 329 427 290 428 329 428 297 428 276 429 330 429 331 429 332 430 333 430 275 430 273 431 334 431 335 431 336 432 337 432 272 432 337 433 336 433 303 433 276 434 331 434 277 434 277 435 331 435 338 435 277 436 338 436 339 436 339 437 338 437 340 437 339 438 340 438 341 438 341 439 340 439 342 439 341 440 342 440 343 440 343 441 342 441 344 441 343 442 344 442 345 442 345 443 344 443 346 443 345 444 346 444 347 444 347 445 346 445 348 445 347 446 348 446 349 446 273 447 335 447 274 447 274 448 335 448 350 448 274 449 350 449 351 449 351 450 350 450 352 450 351 451 352 451 353 451 353 452 352 452 354 452 353 453 354 453 355 453 355 454 354 454 356 454 355 455 356 455 357 455 357 456 356 456 358 456 357 457 358 457 359 457 359 458 358 458 360 458 359 459 360 459 361 459 272 460 274 460 336 460 336 461 274 461 351 461 336 462 351 462 362 462 362 463 351 463 353 463 362 464 353 464 363 464 363 465 353 465 355 465 363 466 355 466 364 466 364 467 355 467 357 467 364 468 357 468 365 468 365 469 357 469 359 469 365 470 359 470 366 470 366 471 359 471 361 471 366 472 361 472 367 472 279 473 290 473 280 473 280 474 290 474 292 474 280 475 292 475 368 475 368 476 292 476 294 476 368 477 294 477 369 477 369 478 294 478 287 478 369 479 287 479 370 479 370 480 287 480 284 480 370 481 284 481 371 481 371 482 284 482 281 482 371 483 281 483 372 483 372 484 281 484 283 484 372 485 283 485 271 485 271 486 283 486 78 486 271 487 78 487 70 487 72 488 348 488 271 488 271 489 348 489 346 489 271 490 346 490 372 490 372 491 346 491 344 491 372 492 344 492 371 492 371 493 344 493 342 493 371 494 342 494 370 494 370 495 342 495 340 495 370 496 340 496 369 496 369 497 340 497 338 497 369 498 338 498 368 498 368 499 338 499 331 499 368 500 331 500 280 500 280 501 331 501 330 501 280 502 330 502 278 502 72 503 73 503 348 503 348 504 73 504 68 504 348 505 68 505 349 505 349 506 68 506 64 506 349 507 64 507 62 507 275 508 277 508 332 508 332 509 277 509 339 509 332 510 339 510 373 510 373 511 339 511 341 511 373 512 341 512 374 512 374 513 341 513 343 513 374 514 343 514 375 514 375 515 343 515 345 515 375 516 345 516 376 516 376 517 345 517 347 517 376 518 347 518 377 518 377 519 347 519 349 519 377 520 349 520 378 520 378 521 349 521 62 521 378 522 62 522 83 522 83 523 360 523 378 523 378 524 360 524 358 524 378 525 358 525 377 525 377 526 358 526 356 526 377 527 356 527 376 527 376 528 356 528 354 528 376 529 354 529 375 529 375 530 354 530 352 530 375 531 352 531 374 531 374 532 352 532 350 532 374 533 350 533 373 533 373 534 350 534 335 534 373 535 335 535 332 535 332 536 335 536 334 536 332 537 334 537 333 537 83 538 84 538 360 538 360 539 84 539 59 539 360 540 59 540 361 540 361 541 59 541 58 541 361 542 58 542 367 542 367 543 58 543 89 543 367 544 89 544 88 544 303 545 336 545 300 545 300 546 336 546 362 546 300 547 362 547 307 547 307 548 362 548 363 548 307 549 363 549 309 549 309 550 363 550 364 550 309 551 364 551 312 551 312 552 364 552 365 552 312 553 365 553 379 553 379 554 365 554 366 554 379 555 366 555 380 555 380 556 366 556 367 556 380 557 367 557 381 557 381 558 367 558 88 558 381 559 88 559 94 559 94 560 324 560 381 560 381 561 324 561 322 561 381 562 322 562 380 562 380 563 322 563 317 563 380 564 317 564 379 564 379 565 317 565 319 565 379 566 319 566 312 566 312 567 319 567 320 567 312 568 320 568 313 568 94 569 92 569 324 569 324 570 92 570 100 570 324 571 100 571 326 571 326 572 100 572 98 572 326 573 98 573 96 573 382 574 383 574 384 574 385 575 386 575 387 575 25 576 27 576 388 576 30 577 32 577 389 577 22 578 18 578 390 578 7 579 12 579 391 579 392 580 393 580 394 580 395 581 396 581 397 581 397 582 396 582 398 582 398 583 396 583 399 583 399 584 396 584 400 584 399 585 400 585 401 585 401 586 400 586 402 586 402 587 400 587 403 587 402 588 403 588 404 588 404 589 403 589 405 589 405 590 403 590 406 590 405 591 406 591 407 591 407 592 406 592 408 592 407 593 408 593 409 593 409 594 408 594 391 594 409 595 391 595 410 595 410 596 391 596 411 596 411 597 391 597 12 597 411 598 12 598 5 598 412 599 413 599 48 599 413 600 412 600 393 600 393 601 412 601 414 601 393 602 414 602 394 602 392 603 394 603 415 603 415 604 394 604 416 604 415 605 416 605 417 605 417 606 416 606 418 606 417 607 418 607 419 607 420 608 421 608 422 608 422 609 421 609 423 609 422 610 423 610 419 610 424 611 425 611 426 611 424 612 426 612 427 612 426 613 428 613 427 613 427 614 428 614 429 614 427 615 429 615 420 615 420 616 429 616 430 616 420 617 430 617 421 617 425 618 424 618 431 618 431 619 424 619 432 619 431 620 432 620 433 620 15 621 8 621 434 621 434 622 8 622 7 622 435 623 16 623 15 623 16 624 435 624 18 624 22 625 390 625 31 625 32 626 31 626 436 626 437 627 29 627 30 627 29 628 437 628 27 628 438 629 44 629 25 629 48 630 40 630 412 630 412 631 40 631 38 631 412 632 38 632 414 632 414 633 38 633 36 633 414 634 36 634 35 634 419 635 418 635 422 635 422 636 418 636 416 636 422 637 416 637 439 637 439 638 416 638 394 638 439 639 394 639 440 639 440 640 394 640 414 640 440 641 414 641 438 641 438 642 414 642 35 642 438 643 35 643 44 643 7 644 391 644 434 644 434 645 391 645 408 645 434 646 408 646 441 646 441 647 408 647 406 647 441 648 406 648 442 648 442 649 406 649 403 649 442 650 403 650 443 650 443 651 403 651 400 651 443 652 400 652 444 652 444 653 400 653 396 653 444 654 396 654 445 654 445 655 396 655 395 655 445 656 395 656 446 656 397 657 447 657 395 657 395 658 447 658 448 658 395 659 448 659 446 659 446 660 448 660 449 660 446 661 449 661 450 661 15 662 434 662 435 662 435 663 434 663 441 663 435 664 441 664 451 664 451 665 441 665 442 665 451 666 442 666 452 666 452 667 442 667 443 667 452 668 443 668 453 668 453 669 443 669 444 669 453 670 444 670 454 670 454 671 444 671 445 671 454 672 445 672 455 672 455 673 445 673 446 673 455 674 446 674 456 674 456 675 446 675 450 675 456 676 450 676 457 676 18 677 435 677 390 677 390 678 435 678 451 678 390 679 451 679 458 679 458 680 451 680 452 680 458 681 452 681 459 681 459 682 452 682 453 682 459 683 453 683 460 683 460 684 453 684 454 684 460 685 454 685 461 685 461 686 454 686 455 686 461 687 455 687 462 687 462 688 455 688 456 688 462 689 456 689 463 689 463 690 456 690 457 690 463 691 457 691 464 691 31 692 390 692 436 692 436 693 390 693 458 693 436 694 458 694 465 694 465 695 458 695 459 695 465 696 459 696 466 696 466 697 459 697 460 697 466 698 460 698 467 698 467 699 460 699 461 699 467 700 461 700 468 700 468 701 461 701 462 701 468 702 462 702 469 702 469 703 462 703 463 703 469 704 463 704 387 704 387 705 463 705 464 705 387 706 464 706 385 706 32 707 436 707 389 707 389 708 436 708 465 708 389 709 465 709 470 709 470 710 465 710 466 710 470 711 466 711 471 711 471 712 466 712 467 712 471 713 467 713 472 713 472 714 467 714 468 714 472 715 468 715 473 715 473 716 468 716 469 716 473 717 469 717 474 717 474 718 469 718 387 718 474 719 387 719 475 719 475 720 387 720 386 720 475 721 386 721 476 721 30 722 389 722 437 722 437 723 389 723 470 723 437 724 470 724 477 724 477 725 470 725 471 725 477 726 471 726 478 726 478 727 471 727 472 727 478 728 472 728 479 728 479 729 472 729 473 729 479 730 473 730 480 730 480 731 473 731 474 731 480 732 474 732 481 732 481 733 474 733 475 733 481 734 475 734 482 734 482 735 475 735 476 735 482 736 476 736 483 736 27 737 437 737 388 737 388 738 437 738 477 738 388 739 477 739 484 739 484 740 477 740 478 740 484 741 478 741 485 741 485 742 478 742 479 742 485 743 479 743 486 743 486 744 479 744 480 744 486 745 480 745 487 745 487 746 480 746 481 746 487 747 481 747 488 747 488 748 481 748 482 748 488 749 482 749 384 749 384 750 482 750 483 750 384 751 483 751 382 751 25 752 388 752 438 752 438 753 388 753 484 753 438 754 484 754 440 754 440 755 484 755 485 755 440 756 485 756 439 756 439 757 485 757 486 757 439 758 486 758 422 758 422 759 486 759 487 759 422 760 487 760 420 760 420 761 487 761 488 761 420 762 488 762 427 762 427 763 488 763 384 763 427 764 384 764 424 764 424 765 384 765 383 765 424 766 383 766 432 766 297 767 329 767 447 767 447 768 329 768 448 768 329 769 328 769 448 769 448 770 328 770 279 770 448 771 279 771 449 771 449 772 279 772 278 772 449 773 278 773 450 773 330 774 276 774 464 774 464 775 276 775 385 775 330 776 464 776 278 776 278 777 464 777 457 777 278 778 457 778 450 778 476 779 386 779 273 779 276 780 275 780 385 780 385 781 275 781 333 781 385 782 333 782 386 782 386 783 333 783 334 783 386 784 334 784 273 784 305 785 433 785 303 785 303 786 433 786 432 786 303 787 432 787 337 787 337 788 432 788 272 788 432 789 383 789 272 789 272 790 383 790 382 790 272 791 382 791 273 791 273 792 382 792 483 792 273 793 483 793 476 793 286 794 285 794 489 794 288 795 296 795 490 795 296 796 295 796 490 796 490 797 295 797 293 797 490 798 293 798 291 798 291 799 299 799 490 799 490 800 299 800 298 800 490 801 298 801 491 801 491 802 298 802 297 802 491 803 297 803 492 803 489 804 285 804 490 804 490 805 285 805 289 805 490 806 289 806 288 806 146 807 144 807 493 807 493 808 144 808 143 808 493 809 151 809 494 809 494 810 151 810 153 810 494 811 153 811 154 811 142 812 141 812 493 812 493 813 141 813 147 813 493 814 147 814 146 814 142 815 493 815 138 815 138 816 493 816 495 816 138 817 495 817 117 817 117 818 495 818 496 818 117 819 496 819 118 819 286 820 489 820 282 820 282 821 489 821 497 821 282 822 497 822 76 822 76 823 497 823 498 823 76 824 498 824 74 824 498 825 499 825 74 825 74 826 499 826 500 826 74 827 500 827 158 827 158 828 500 828 494 828 158 829 494 829 156 829 156 830 494 830 154 830 143 831 148 831 493 831 493 832 148 832 150 832 493 833 150 833 151 833 496 834 501 834 118 834 118 835 501 835 502 835 118 836 502 836 214 836 214 837 502 837 503 837 214 838 503 838 215 838 215 839 503 839 252 839 223 840 221 840 504 840 402 841 404 841 505 841 492 842 297 842 506 842 506 843 297 843 447 843 506 844 447 844 507 844 507 845 447 845 397 845 507 846 397 846 508 846 221 847 220 847 504 847 504 848 220 848 218 848 504 849 218 849 503 849 503 850 218 850 217 850 503 851 217 851 252 851 227 852 226 852 504 852 504 853 226 853 224 853 504 854 224 854 223 854 397 855 398 855 508 855 508 856 398 856 399 856 508 857 399 857 505 857 505 858 399 858 401 858 505 859 401 859 402 859 404 860 405 860 505 860 505 861 405 861 407 861 505 862 407 862 409 862 227 863 504 863 229 863 229 864 504 864 509 864 229 865 509 865 4 865 4 866 509 866 510 866 4 867 510 867 5 867 510 868 511 868 5 868 5 869 511 869 512 869 5 870 512 870 411 870 411 871 512 871 505 871 411 872 505 872 410 872 410 873 505 873 409 873 513 874 514 874 515 874 515 875 514 875 516 875 515 876 516 876 517 876 518 877 519 877 516 877 520 878 521 878 522 878 519 879 523 879 516 879 516 880 523 880 524 880 516 881 524 881 517 881 525 882 526 882 527 882 528 883 529 883 522 883 522 884 529 884 530 884 522 885 530 885 520 885 531 879 532 879 522 879 527 886 533 886 525 886 525 887 533 887 534 887 525 888 534 888 535 888 536 879 537 879 535 879 535 889 537 889 538 889 535 890 538 890 525 890 539 879 540 879 516 879 516 891 540 891 541 891 516 892 541 892 518 892 521 893 542 893 522 893 522 894 542 894 543 894 522 895 543 895 544 895 526 896 525 896 516 896 516 897 525 897 545 897 516 898 545 898 539 898 544 899 546 899 522 899 522 900 546 900 547 900 522 901 547 901 548 901 532 879 549 879 522 879 522 902 549 902 550 902 522 903 550 903 551 903 548 904 552 904 522 904 522 905 552 905 553 905 522 906 553 906 531 906 513 907 554 907 514 907 514 908 554 908 522 908 514 909 522 909 555 909 555 910 522 910 551 910 556 911 557 911 558 911 558 912 557 912 559 912 556 913 560 913 557 913 557 914 560 914 561 914 557 915 561 915 562 915 563 916 564 916 565 916 565 917 564 917 566 917 565 918 566 918 557 918 557 919 566 919 567 919 557 920 567 920 568 920 562 921 569 921 557 921 557 922 569 922 570 922 557 923 570 923 571 923 572 924 573 924 565 924 565 925 573 925 574 925 571 926 575 926 557 926 557 927 575 927 576 927 557 928 576 928 577 928 578 929 579 929 580 929 580 930 579 930 581 930 580 931 581 931 565 931 565 932 581 932 582 932 565 933 582 933 572 933 568 934 583 934 557 934 557 935 583 935 584 935 557 936 584 936 559 936 559 937 584 937 585 937 577 938 586 938 557 938 557 939 586 939 587 939 557 940 587 940 588 940 574 941 589 941 565 941 565 942 589 942 590 942 565 943 590 943 563 943 591 944 592 944 580 944 580 945 592 945 593 945 580 946 593 946 578 946 594 947 595 947 584 947 584 948 595 948 596 948 584 949 596 949 585 949 594 950 584 950 597 950 597 951 584 951 598 951 597 952 598 952 599 952 600 953 601 953 602 953 599 954 603 954 597 954 597 955 603 955 604 955 597 956 604 956 605 956 605 957 604 957 606 957 605 955 606 955 602 955 602 958 606 958 607 958 602 959 607 959 600 959 608 960 609 960 610 960 610 961 611 961 608 961 608 962 611 962 612 962 608 963 612 963 613 963 613 964 612 964 614 964 613 965 614 965 601 965 601 966 614 966 615 966 601 967 615 967 602 967 616 968 24 968 23 968 616 969 23 969 617 969 618 970 619 970 620 970 621 971 618 971 622 971 623 972 0 972 624 972 624 973 0 973 2 973 624 974 2 974 621 974 625 975 56 975 626 975 626 976 56 976 54 976 626 977 54 977 623 977 623 978 54 978 53 978 623 979 53 979 0 979 627 980 47 980 628 980 628 981 47 981 49 981 628 982 49 982 625 982 625 983 49 983 57 983 625 984 57 984 56 984 629 985 37 985 630 985 630 986 37 986 39 986 630 987 39 987 627 987 627 988 39 988 41 988 627 989 41 989 47 989 45 990 43 990 629 990 629 991 43 991 42 991 629 992 42 992 37 992 629 993 631 993 45 993 45 994 631 994 632 994 45 995 632 995 46 995 46 996 632 996 26 996 26 997 632 997 28 997 28 998 632 998 633 998 28 999 633 999 634 999 566 1000 635 1000 567 1000 567 1001 635 1001 636 1001 567 1002 636 1002 568 1002 568 1003 636 1003 637 1003 568 1004 637 1004 583 1004 583 1005 637 1005 638 1005 583 1006 638 1006 584 1006 584 1007 638 1007 639 1007 584 1008 639 1008 598 1008 598 1009 639 1009 640 1009 598 1010 640 1010 599 1010 599 1011 640 1011 641 1011 599 1012 641 1012 603 1012 603 1013 641 1013 642 1013 603 1014 642 1014 604 1014 604 1015 642 1015 643 1015 604 1016 643 1016 606 1016 606 1017 643 1017 644 1017 606 1018 644 1018 607 1018 607 1019 644 1019 645 1019 607 1020 645 1020 600 1020 600 1021 645 1021 646 1021 600 1022 646 1022 601 1022 601 1023 646 1023 647 1023 601 1024 647 1024 613 1024 613 1025 647 1025 620 1025 613 1026 620 1026 608 1026 608 1027 620 1027 619 1027 608 1028 619 1028 609 1028 618 1029 620 1029 622 1029 622 1030 620 1030 647 1030 622 1031 647 1031 648 1031 648 1032 647 1032 646 1032 648 1033 646 1033 649 1033 649 1034 646 1034 645 1034 649 1035 645 1035 650 1035 650 1036 645 1036 644 1036 650 1037 644 1037 651 1037 651 1038 644 1038 643 1038 651 1039 643 1039 652 1039 652 1040 643 1040 642 1040 652 1041 642 1041 653 1041 653 1042 642 1042 641 1042 653 1043 641 1043 654 1043 654 1044 641 1044 640 1044 654 1045 640 1045 655 1045 655 1046 640 1046 639 1046 655 1047 639 1047 656 1047 656 1048 639 1048 638 1048 656 1049 638 1049 657 1049 657 1050 638 1050 637 1050 657 1051 637 1051 658 1051 658 1052 637 1052 636 1052 658 1053 636 1053 659 1053 659 1054 636 1054 635 1054 659 1055 635 1055 660 1055 23 1056 21 1056 617 1056 617 1057 21 1057 20 1057 617 1058 20 1058 661 1058 661 1059 20 1059 33 1059 661 1060 33 1060 634 1060 634 1061 33 1061 34 1061 634 1062 34 1062 28 1062 566 1063 662 1063 635 1063 635 1064 662 1064 660 1064 660 1065 662 1065 663 1065 660 1066 663 1066 616 1066 621 1067 622 1067 624 1067 624 1068 622 1068 648 1068 624 1069 648 1069 623 1069 623 1070 648 1070 649 1070 623 1071 649 1071 626 1071 626 1072 649 1072 650 1072 626 1073 650 1073 625 1073 625 1074 650 1074 651 1074 625 1075 651 1075 628 1075 628 1076 651 1076 652 1076 628 1077 652 1077 627 1077 627 1078 652 1078 653 1078 627 1079 653 1079 630 1079 630 1080 653 1080 654 1080 630 1081 654 1081 629 1081 629 1082 654 1082 655 1082 629 1083 655 1083 631 1083 631 1084 655 1084 656 1084 631 1085 656 1085 632 1085 632 1086 656 1086 657 1086 632 1087 657 1087 633 1087 633 1088 657 1088 658 1088 633 1089 658 1089 634 1089 634 1090 658 1090 659 1090 634 1091 659 1091 661 1091 661 1092 659 1092 660 1092 661 1093 660 1093 617 1093 617 1094 660 1094 616 1094 664 1095 662 1095 566 1095 665 1096 131 1096 213 1096 666 1097 665 1097 667 1097 668 1098 666 1098 669 1098 665 1099 213 1099 667 1099 667 1100 213 1100 231 1100 667 1101 231 1101 670 1101 670 1102 231 1102 211 1102 670 1103 211 1103 671 1103 671 1104 211 1104 210 1104 671 1105 210 1105 672 1105 672 1106 210 1106 208 1106 672 1107 208 1107 673 1107 673 1108 208 1108 207 1108 673 1109 207 1109 674 1109 674 1110 207 1110 236 1110 674 1111 236 1111 675 1111 675 1112 236 1112 235 1112 675 1113 235 1113 676 1113 676 1114 235 1114 233 1114 676 1115 233 1115 677 1115 233 1116 232 1116 677 1116 677 1117 232 1117 205 1117 677 1118 205 1118 678 1118 205 1119 204 1119 678 1119 678 1120 204 1120 240 1120 678 1121 240 1121 679 1121 679 1122 240 1122 238 1122 679 1123 238 1123 680 1123 680 1124 238 1124 237 1124 680 1125 237 1125 681 1125 681 1126 237 1126 202 1126 681 1127 202 1127 682 1127 666 1128 667 1128 669 1128 669 1129 667 1129 670 1129 669 1130 670 1130 683 1130 683 1131 670 1131 671 1131 683 1132 671 1132 684 1132 684 1133 671 1133 672 1133 684 1134 672 1134 685 1134 685 1135 672 1135 673 1135 685 1136 673 1136 686 1136 686 1137 673 1137 674 1137 686 1138 674 1138 687 1138 687 1139 674 1139 675 1139 687 1140 675 1140 688 1140 688 1141 675 1141 676 1141 688 1142 676 1142 689 1142 689 1143 676 1143 677 1143 689 1144 677 1144 690 1144 690 1145 677 1145 678 1145 690 1146 678 1146 691 1146 691 1147 678 1147 679 1147 691 1148 679 1148 692 1148 692 1149 679 1149 680 1149 692 1150 680 1150 693 1150 693 1151 680 1151 681 1151 693 1152 681 1152 694 1152 694 1153 681 1153 682 1153 694 1154 682 1154 695 1154 695 1155 682 1155 696 1155 695 1156 696 1156 697 1156 566 1157 564 1157 664 1157 664 1158 564 1158 563 1158 664 1159 563 1159 698 1159 698 1160 563 1160 590 1160 698 1161 590 1161 699 1161 699 1162 590 1162 589 1162 699 1163 589 1163 700 1163 700 1164 589 1164 574 1164 700 1165 574 1165 701 1165 701 1166 574 1166 573 1166 701 1167 573 1167 702 1167 702 1168 573 1168 572 1168 702 1169 572 1169 703 1169 703 1170 572 1170 582 1170 703 1171 582 1171 704 1171 704 1172 582 1172 581 1172 704 1173 581 1173 705 1173 705 1174 581 1174 579 1174 705 1175 579 1175 706 1175 706 1176 579 1176 578 1176 706 1177 578 1177 707 1177 707 1178 578 1178 593 1178 707 1179 593 1179 708 1179 708 1180 593 1180 592 1180 708 1181 592 1181 709 1181 709 1182 592 1182 591 1182 709 1183 591 1183 710 1183 710 1184 591 1184 580 1184 710 1185 580 1185 711 1185 711 1186 580 1186 565 1186 711 1187 565 1187 668 1187 242 1188 24 1188 616 1188 202 1189 201 1189 682 1189 682 1190 201 1190 270 1190 682 1191 270 1191 696 1191 696 1192 270 1192 242 1192 242 1193 616 1193 696 1193 696 1194 616 1194 697 1194 697 1195 616 1195 663 1195 697 1196 663 1196 662 1196 668 1197 669 1197 711 1197 711 1198 669 1198 683 1198 711 1199 683 1199 710 1199 710 1200 683 1200 684 1200 710 1201 684 1201 709 1201 709 1202 684 1202 685 1202 709 1203 685 1203 708 1203 708 1204 685 1204 686 1204 708 1205 686 1205 707 1205 707 1206 686 1206 687 1206 707 1207 687 1207 706 1207 706 1208 687 1208 688 1208 706 1209 688 1209 705 1209 705 1210 688 1210 689 1210 705 1211 689 1211 704 1211 704 1212 689 1212 690 1212 704 1213 690 1213 703 1213 703 1214 690 1214 691 1214 703 1215 691 1215 702 1215 702 1216 691 1216 692 1216 702 1217 692 1217 701 1217 701 1218 692 1218 693 1218 701 1219 693 1219 700 1219 700 1220 693 1220 694 1220 700 1221 694 1221 699 1221 699 1222 694 1222 695 1222 699 1223 695 1223 698 1223 698 1224 695 1224 697 1224 698 1225 697 1225 664 1225 664 1226 697 1226 662 1226 132 1227 131 1227 712 1227 712 1228 131 1228 665 1228 712 1229 665 1229 713 1229 665 1230 666 1230 713 1230 713 1231 666 1231 668 1231 713 1232 668 1232 714 1232 714 1233 668 1233 565 1233 714 1234 565 1234 557 1234 715 1235 716 1235 63 1235 717 1236 718 1236 716 1236 561 1237 560 1237 719 1237 63 1238 165 1238 715 1238 715 1239 165 1239 164 1239 715 1240 164 1240 720 1240 164 1241 183 1241 720 1241 720 1242 183 1242 169 1242 720 1243 169 1243 721 1243 169 1244 167 1244 721 1244 721 1245 167 1245 166 1245 721 1246 166 1246 722 1246 722 1247 166 1247 172 1247 722 1248 172 1248 723 1248 723 1249 172 1249 173 1249 723 1250 173 1250 724 1250 724 1251 173 1251 135 1251 724 1252 135 1252 725 1252 135 1253 134 1253 725 1253 725 1254 134 1254 179 1254 725 1255 179 1255 726 1255 726 1256 179 1256 178 1256 726 1257 178 1257 727 1257 178 1258 177 1258 727 1258 727 1259 177 1259 175 1259 727 1260 175 1260 728 1260 728 1261 175 1261 174 1261 728 1262 174 1262 729 1262 729 1263 174 1263 132 1263 729 1264 132 1264 712 1264 716 1265 715 1265 717 1265 717 1266 715 1266 720 1266 717 1267 720 1267 730 1267 730 1268 720 1268 721 1268 730 1269 721 1269 731 1269 731 1270 721 1270 722 1270 731 1271 722 1271 732 1271 732 1272 722 1272 723 1272 732 1273 723 1273 733 1273 733 1274 723 1274 724 1274 733 1275 724 1275 734 1275 734 1276 724 1276 725 1276 734 1277 725 1277 735 1277 735 1278 725 1278 726 1278 735 1279 726 1279 736 1279 736 1280 726 1280 727 1280 736 1281 727 1281 737 1281 737 1282 727 1282 728 1282 737 1283 728 1283 738 1283 738 1284 728 1284 729 1284 738 1285 729 1285 739 1285 739 1286 729 1286 712 1286 739 1287 712 1287 713 1287 718 1288 717 1288 740 1288 740 1289 717 1289 730 1289 740 1290 730 1290 741 1290 741 1291 730 1291 731 1291 741 1292 731 1292 742 1292 742 1293 731 1293 732 1293 742 1294 732 1294 743 1294 743 1295 732 1295 733 1295 743 1296 733 1296 744 1296 744 1297 733 1297 734 1297 744 1298 734 1298 745 1298 745 1299 734 1299 735 1299 745 1300 735 1300 746 1300 746 1301 735 1301 736 1301 746 1302 736 1302 747 1302 747 1303 736 1303 737 1303 747 1304 737 1304 748 1304 748 1305 737 1305 738 1305 748 1306 738 1306 749 1306 749 1307 738 1307 739 1307 749 1308 739 1308 750 1308 750 1309 739 1309 713 1309 750 1310 713 1310 714 1310 714 1311 557 1311 588 1311 714 1312 588 1312 750 1312 750 1313 588 1313 587 1313 750 1314 587 1314 749 1314 749 1315 587 1315 586 1315 749 1316 586 1316 748 1316 748 1317 586 1317 577 1317 748 1318 577 1318 747 1318 747 1319 577 1319 576 1319 747 1320 576 1320 746 1320 746 1321 576 1321 575 1321 746 1322 575 1322 745 1322 745 1323 575 1323 571 1323 745 1324 571 1324 744 1324 744 1325 571 1325 570 1325 744 1326 570 1326 743 1326 743 1327 570 1327 569 1327 743 1328 569 1328 742 1328 742 1329 569 1329 562 1329 742 1330 562 1330 741 1330 741 1331 562 1331 561 1331 741 1332 561 1332 740 1332 740 1333 561 1333 719 1333 740 1334 719 1334 718 1334 751 1335 719 1335 560 1335 752 1336 116 1336 115 1336 753 1337 752 1337 754 1337 755 1338 753 1338 756 1338 752 1339 115 1339 754 1339 754 1340 115 1340 113 1340 754 1341 113 1341 757 1341 757 1342 113 1342 111 1342 757 1343 111 1343 758 1343 111 1344 109 1344 758 1344 758 1345 109 1345 108 1345 758 1346 108 1346 759 1346 759 1347 108 1347 104 1347 759 1348 104 1348 760 1348 104 1349 102 1349 760 1349 760 1350 102 1350 101 1350 760 1351 101 1351 761 1351 761 1352 101 1352 95 1352 761 1353 95 1353 762 1353 95 1354 97 1354 762 1354 762 1355 97 1355 99 1355 762 1356 99 1356 763 1356 763 1357 99 1357 91 1357 763 1358 91 1358 764 1358 91 1359 90 1359 764 1359 764 1360 90 1360 93 1360 764 1361 93 1361 765 1361 765 1362 93 1362 87 1362 765 1363 87 1363 766 1363 766 1364 87 1364 60 1364 766 1365 60 1365 85 1365 86 1366 767 1366 85 1366 85 1367 767 1367 768 1367 85 1368 768 1368 766 1368 86 1369 82 1369 767 1369 767 1370 82 1370 81 1370 767 1371 81 1371 769 1371 769 1372 81 1372 61 1372 769 1373 61 1373 716 1373 716 1374 61 1374 63 1374 560 1375 556 1375 751 1375 751 1376 556 1376 558 1376 751 1377 558 1377 770 1377 770 1378 558 1378 559 1378 770 1379 559 1379 771 1379 771 1380 559 1380 585 1380 771 1381 585 1381 772 1381 772 1382 585 1382 596 1382 772 1383 596 1383 773 1383 773 1384 596 1384 595 1384 773 1385 595 1385 774 1385 774 1386 595 1386 594 1386 774 1387 594 1387 775 1387 775 1388 594 1388 597 1388 775 1389 597 1389 776 1389 776 1390 597 1390 605 1390 776 1391 605 1391 777 1391 777 1392 605 1392 602 1392 777 1393 602 1393 778 1393 778 1394 602 1394 615 1394 778 1395 615 1395 779 1395 779 1396 615 1396 614 1396 779 1397 614 1397 780 1397 780 1398 614 1398 612 1398 780 1399 612 1399 781 1399 781 1400 612 1400 611 1400 781 1401 611 1401 782 1401 782 1402 611 1402 610 1402 782 1403 610 1403 755 1403 753 1404 754 1404 756 1404 756 1405 754 1405 757 1405 756 1406 757 1406 783 1406 783 1407 757 1407 758 1407 783 1408 758 1408 784 1408 784 1409 758 1409 759 1409 784 1410 759 1410 785 1410 785 1411 759 1411 760 1411 785 1412 760 1412 786 1412 786 1413 760 1413 761 1413 786 1414 761 1414 787 1414 787 1415 761 1415 762 1415 787 1416 762 1416 788 1416 788 1417 762 1417 763 1417 788 1418 763 1418 789 1418 789 1419 763 1419 764 1419 789 1420 764 1420 790 1420 790 1421 764 1421 765 1421 790 1422 765 1422 791 1422 791 1423 765 1423 766 1423 791 1424 766 1424 792 1424 792 1425 766 1425 768 1425 792 1426 768 1426 793 1426 793 1427 768 1427 767 1427 793 1428 767 1428 794 1428 794 1429 767 1429 769 1429 794 1430 769 1430 795 1430 795 1431 769 1431 716 1431 795 1432 716 1432 718 1432 755 1433 756 1433 782 1433 782 1434 756 1434 783 1434 782 1435 783 1435 781 1435 781 1436 783 1436 784 1436 781 1437 784 1437 780 1437 780 1438 784 1438 785 1438 780 1439 785 1439 779 1439 779 1440 785 1440 786 1440 779 1441 786 1441 778 1441 778 1442 786 1442 787 1442 778 1443 787 1443 777 1443 777 1444 787 1444 788 1444 777 1445 788 1445 776 1445 776 1446 788 1446 789 1446 776 1447 789 1447 775 1447 775 1448 789 1448 790 1448 775 1449 790 1449 774 1449 774 1450 790 1450 791 1450 774 1451 791 1451 773 1451 773 1452 791 1452 792 1452 773 1453 792 1453 772 1453 772 1454 792 1454 793 1454 772 1455 793 1455 771 1455 771 1456 793 1456 794 1456 771 1457 794 1457 770 1457 770 1458 794 1458 795 1458 770 1459 795 1459 751 1459 751 1460 795 1460 718 1460 751 1461 718 1461 719 1461 796 1462 797 1462 529 1462 619 1463 798 1463 609 1463 798 1464 619 1464 799 1464 799 1465 619 1465 618 1465 799 1466 618 1466 800 1466 800 1467 618 1467 801 1467 800 1468 801 1468 802 1468 802 1469 801 1469 803 1469 802 1470 803 1470 804 1470 804 1471 803 1471 805 1471 804 1472 805 1472 806 1472 797 1473 796 1473 805 1473 805 1474 796 1474 807 1474 805 1475 807 1475 806 1475 618 1476 621 1476 801 1476 801 1477 621 1477 2 1477 801 1478 2 1478 803 1478 803 1479 2 1479 808 1479 803 1480 808 1480 805 1480 805 1481 808 1481 809 1481 805 1482 809 1482 797 1482 797 1483 809 1483 529 1483 810 1484 811 1484 542 1484 812 1485 813 1485 811 1485 808 1486 2 1486 1 1486 808 1487 1 1487 814 1487 814 1488 1 1488 52 1488 814 1489 52 1489 815 1489 52 1490 55 1490 815 1490 815 1491 55 1491 51 1491 815 1492 51 1492 812 1492 812 1493 51 1493 50 1493 812 1494 50 1494 813 1494 813 1495 50 1495 48 1495 811 1496 810 1496 812 1496 812 1497 810 1497 816 1497 812 1498 816 1498 815 1498 815 1499 816 1499 817 1499 815 1500 817 1500 814 1500 814 1501 817 1501 809 1501 814 1502 809 1502 808 1502 542 1503 521 1503 810 1503 810 1504 521 1504 520 1504 810 1505 520 1505 816 1505 816 1506 520 1506 530 1506 816 1507 530 1507 817 1507 817 1508 530 1508 529 1508 817 1509 529 1509 809 1509 610 1510 609 1510 818 1510 818 1511 609 1511 798 1511 818 1512 798 1512 819 1512 819 1512 798 1512 799 1512 819 1513 799 1513 820 1513 820 1514 799 1514 800 1514 820 1515 800 1515 821 1515 821 1515 800 1515 802 1515 821 1516 802 1516 822 1516 822 1516 802 1516 804 1516 822 1517 804 1517 823 1517 823 1518 804 1518 806 1518 823 1519 806 1519 824 1519 824 1519 806 1519 807 1519 824 1520 807 1520 825 1520 825 1521 807 1521 796 1521 825 1522 796 1522 528 1522 528 1522 796 1522 529 1522 826 1523 813 1523 48 1523 813 1524 826 1524 811 1524 542 1525 811 1525 827 1525 433 1526 828 1526 431 1526 431 1527 828 1527 829 1527 431 1528 829 1528 425 1528 425 1529 829 1529 830 1529 425 1530 830 1530 426 1530 426 1531 830 1531 831 1531 426 1532 831 1532 428 1532 428 1533 831 1533 832 1533 428 1534 832 1534 429 1534 429 1535 832 1535 833 1535 429 1536 833 1536 430 1536 430 1537 833 1537 834 1537 430 1538 834 1538 421 1538 421 1539 834 1539 835 1539 421 1540 835 1540 423 1540 423 1541 835 1541 836 1541 423 1542 836 1542 419 1542 419 1543 836 1543 837 1543 419 1544 837 1544 417 1544 417 1545 837 1545 838 1545 417 1546 838 1546 415 1546 415 1547 838 1547 839 1547 415 1548 839 1548 392 1548 392 1549 839 1549 840 1549 392 1550 840 1550 393 1550 393 1551 840 1551 826 1551 393 1552 826 1552 413 1552 413 1553 826 1553 48 1553 542 1554 827 1554 543 1554 543 1555 827 1555 841 1555 543 1556 841 1556 544 1556 544 1557 841 1557 842 1557 544 1558 842 1558 546 1558 546 1559 842 1559 843 1559 546 1560 843 1560 547 1560 547 1561 843 1561 844 1561 547 1562 844 1562 548 1562 548 1563 844 1563 845 1563 548 1564 845 1564 552 1564 552 1565 845 1565 846 1565 552 1566 846 1566 553 1566 553 1567 846 1567 847 1567 553 1568 847 1568 531 1568 531 1569 847 1569 848 1569 531 1570 848 1570 532 1570 532 1571 848 1571 849 1571 532 1572 849 1572 549 1572 549 1573 849 1573 850 1573 549 1574 850 1574 550 1574 550 1575 850 1575 851 1575 550 1576 851 1576 551 1576 551 1577 851 1577 852 1577 551 1578 852 1578 555 1578 555 1579 852 1579 853 1579 555 1580 853 1580 514 1580 811 1581 826 1581 827 1581 827 1582 826 1582 840 1582 827 1583 840 1583 841 1583 841 1584 840 1584 839 1584 841 1585 839 1585 842 1585 842 1586 839 1586 838 1586 842 1587 838 1587 843 1587 843 1588 838 1588 837 1588 843 1589 837 1589 844 1589 844 1590 837 1590 836 1590 844 1591 836 1591 845 1591 845 1592 836 1592 835 1592 845 1593 835 1593 846 1593 846 1594 835 1594 834 1594 846 1595 834 1595 847 1595 847 1596 834 1596 833 1596 847 1597 833 1597 848 1597 848 1598 833 1598 832 1598 848 1599 832 1599 849 1599 849 1600 832 1600 831 1600 849 1601 831 1601 850 1601 850 1602 831 1602 830 1602 850 1603 830 1603 851 1603 851 1604 830 1604 829 1604 851 1605 829 1605 852 1605 852 1606 829 1606 828 1606 852 1607 828 1607 853 1607 854 1608 855 1608 820 1608 820 1609 855 1609 819 1609 610 1610 818 1610 755 1610 755 1611 818 1611 753 1611 820 1612 821 1612 854 1612 854 1613 821 1613 822 1613 854 1614 822 1614 856 1614 528 1615 857 1615 858 1615 858 1616 857 1616 859 1616 858 1617 859 1617 856 1617 856 1618 859 1618 116 1618 856 1619 116 1619 854 1619 854 1620 116 1620 752 1620 854 1621 752 1621 855 1621 855 1622 752 1622 753 1622 855 1623 753 1623 819 1623 819 1624 753 1624 818 1624 822 1625 823 1625 856 1625 856 1626 823 1626 824 1626 856 1627 824 1627 858 1627 858 1628 824 1628 825 1628 858 1629 825 1629 528 1629 516 1630 514 1630 860 1630 860 1631 514 1631 853 1631 860 1632 853 1632 861 1632 853 1633 828 1633 861 1633 861 1634 828 1634 433 1634 861 1635 433 1635 305 1635 862 1636 863 1636 864 1636 515 1637 517 1637 863 1637 107 1638 106 1638 865 1638 865 1639 106 1639 105 1639 865 1640 105 1640 866 1640 866 1641 105 1641 110 1641 866 1642 110 1642 867 1642 110 1643 112 1643 867 1643 867 1644 112 1644 114 1644 867 1645 114 1645 868 1645 868 1646 114 1646 116 1646 868 1647 116 1647 859 1647 103 1648 107 1648 864 1648 864 1649 107 1649 865 1649 864 1650 865 1650 862 1650 862 1651 865 1651 866 1651 862 1652 866 1652 869 1652 869 1653 866 1653 867 1653 869 1654 867 1654 870 1654 870 1655 867 1655 868 1655 870 1656 868 1656 871 1656 871 1657 868 1657 859 1657 871 1658 859 1658 857 1658 863 1659 862 1659 515 1659 515 1660 862 1660 869 1660 515 1661 869 1661 513 1661 513 1662 869 1662 870 1662 513 1663 870 1663 554 1663 554 1664 870 1664 871 1664 554 1665 871 1665 522 1665 522 1666 871 1666 857 1666 522 1667 857 1667 528 1667 327 1668 103 1668 864 1668 860 1669 861 1669 872 1669 516 1670 860 1670 873 1670 860 1671 872 1671 873 1671 873 1672 872 1672 874 1672 873 1673 874 1673 875 1673 875 1674 874 1674 876 1674 875 1675 876 1675 877 1675 877 1676 876 1676 878 1676 877 1677 878 1677 879 1677 879 1678 878 1678 880 1678 879 1679 880 1679 881 1679 881 1680 880 1680 882 1680 881 1681 882 1681 883 1681 883 1682 882 1682 884 1682 883 1683 884 1683 885 1683 885 1684 884 1684 886 1684 885 1685 886 1685 887 1685 887 1686 886 1686 888 1686 887 1687 888 1687 889 1687 889 1688 888 1688 890 1688 889 1689 890 1689 891 1689 891 1690 890 1690 892 1690 891 1691 892 1691 893 1691 893 1692 892 1692 894 1692 893 1693 894 1693 895 1693 895 1694 894 1694 896 1694 895 1695 896 1695 897 1695 897 1696 896 1696 898 1696 897 1697 898 1697 899 1697 899 1698 898 1698 900 1698 899 1699 900 1699 901 1699 901 1700 900 1700 902 1700 901 1701 902 1701 903 1701 903 1702 902 1702 904 1702 903 1703 904 1703 905 1703 516 1704 873 1704 526 1704 526 1705 873 1705 875 1705 526 1706 875 1706 527 1706 527 1707 875 1707 877 1707 527 1708 877 1708 533 1708 533 1709 877 1709 879 1709 533 1710 879 1710 534 1710 534 1711 879 1711 881 1711 534 1712 881 1712 535 1712 535 1713 881 1713 883 1713 535 1714 883 1714 536 1714 536 1715 883 1715 885 1715 536 1716 885 1716 537 1716 537 1717 885 1717 887 1717 537 1718 887 1718 538 1718 538 1719 887 1719 889 1719 538 1720 889 1720 525 1720 525 1721 889 1721 891 1721 525 1722 891 1722 545 1722 545 1723 891 1723 893 1723 545 1724 893 1724 539 1724 539 1725 893 1725 895 1725 539 1726 895 1726 540 1726 540 1727 895 1727 897 1727 540 1728 897 1728 541 1728 541 1729 897 1729 899 1729 541 1730 899 1730 518 1730 518 1731 899 1731 901 1731 518 1732 901 1732 519 1732 519 1733 901 1733 903 1733 519 1734 903 1734 523 1734 523 1735 903 1735 905 1735 523 1736 905 1736 524 1736 517 1737 524 1737 863 1737 863 1738 524 1738 905 1738 863 1739 905 1739 864 1739 864 1740 905 1740 904 1740 864 1741 904 1741 327 1741 327 1742 904 1742 902 1742 327 1743 902 1743 325 1743 325 1744 902 1744 900 1744 325 1745 900 1745 323 1745 323 1746 900 1746 898 1746 323 1747 898 1747 321 1747 321 1748 898 1748 896 1748 321 1749 896 1749 315 1749 315 1750 896 1750 894 1750 315 1751 894 1751 316 1751 316 1752 894 1752 892 1752 316 1753 892 1753 318 1753 318 1754 892 1754 890 1754 318 1755 890 1755 320 1755 320 1756 890 1756 888 1756 320 1757 888 1757 313 1757 313 1758 888 1758 886 1758 313 1759 886 1759 314 1759 314 1760 886 1760 884 1760 314 1761 884 1761 310 1761 310 1762 884 1762 882 1762 310 1763 882 1763 311 1763 311 1764 882 1764 880 1764 311 1765 880 1765 308 1765 308 1766 880 1766 878 1766 308 1767 878 1767 306 1767 306 1768 878 1768 876 1768 306 1769 876 1769 301 1769 301 1770 876 1770 874 1770 301 1771 874 1771 302 1771 302 1772 874 1772 872 1772 302 1773 872 1773 304 1773 304 1774 872 1774 861 1774 304 1775 861 1775 305 1775 906 1776 492 1776 907 1776 907 1776 492 1776 506 1776 908 1777 499 1777 909 1777 909 1778 499 1778 498 1778 910 1779 501 1779 911 1779 911 1779 501 1779 496 1779 912 1780 511 1780 913 1780 913 1781 511 1781 510 1781 914 1782 915 1782 916 1782 917 1783 918 1783 919 1783 920 872 915 872 917 872 917 872 915 872 921 872 917 1784 921 1784 918 1784 922 872 923 872 916 872 916 872 923 872 924 872 916 1785 924 1785 914 1785 915 872 914 872 921 872 921 872 914 872 925 872 921 1786 925 1786 926 1786 926 872 927 872 921 872 921 872 927 872 928 872 921 872 928 872 929 872 919 872 930 872 917 872 917 872 930 872 931 872 917 872 931 872 932 872 933 1787 920 1787 934 1787 934 872 920 872 935 872 933 872 936 872 920 872 920 1782 936 1782 937 1782 920 1788 937 1788 915 1788 501 1789 910 1789 502 1789 502 1790 910 1790 938 1790 502 1791 938 1791 503 1791 503 1791 938 1791 939 1791 503 1792 939 1792 504 1792 504 1793 939 1793 940 1793 504 1794 940 1794 509 1794 509 1794 940 1794 941 1794 509 1795 941 1795 510 1795 510 1795 941 1795 913 1795 511 1796 912 1796 512 1796 512 1796 912 1796 942 1796 512 1797 942 1797 505 1797 505 1797 942 1797 943 1797 505 1798 943 1798 508 1798 508 1799 943 1799 944 1799 508 1800 944 1800 507 1800 507 1800 944 1800 945 1800 507 1801 945 1801 506 1801 506 1802 945 1802 907 1802 492 1803 906 1803 491 1803 491 1804 906 1804 946 1804 491 1805 946 1805 490 1805 490 1805 946 1805 947 1805 490 1806 947 1806 489 1806 489 1806 947 1806 948 1806 489 1807 948 1807 497 1807 497 1808 948 1808 949 1808 497 1809 949 1809 498 1809 498 1809 949 1809 909 1809 499 1810 908 1810 500 1810 500 1810 908 1810 950 1810 500 1811 950 1811 494 1811 494 1812 950 1812 951 1812 494 1813 951 1813 493 1813 493 1813 951 1813 952 1813 493 1814 952 1814 495 1814 495 1814 952 1814 953 1814 495 1815 953 1815 496 1815 496 1816 953 1816 911 1816 920 1817 911 1817 935 1817 935 1818 911 1818 953 1818 935 1819 953 1819 934 1819 934 1820 953 1820 952 1820 934 1821 952 1821 933 1821 933 1822 952 1822 951 1822 933 1823 951 1823 936 1823 936 1824 951 1824 950 1824 936 1825 950 1825 937 1825 937 1826 950 1826 908 1826 909 1827 915 1827 908 1827 908 1828 915 1828 937 1828 917 1829 910 1829 920 1829 920 1829 910 1829 911 1829 915 1830 909 1830 916 1830 916 1831 909 1831 949 1831 916 1832 949 1832 922 1832 922 1833 949 1833 948 1833 922 1834 948 1834 923 1834 923 1835 948 1835 947 1835 923 1836 947 1836 924 1836 924 1837 947 1837 946 1837 924 1838 946 1838 914 1838 914 1839 946 1839 906 1839 918 1840 913 1840 919 1840 919 1841 913 1841 941 1841 919 1842 941 1842 930 1842 930 1843 941 1843 940 1843 930 1844 940 1844 931 1844 931 1845 940 1845 939 1845 931 1846 939 1846 932 1846 932 1847 939 1847 938 1847 932 1848 938 1848 917 1848 917 1849 938 1849 910 1849 907 1850 925 1850 906 1850 906 1850 925 1850 914 1850 921 1851 912 1851 918 1851 918 1852 912 1852 913 1852 925 1853 907 1853 926 1853 926 1854 907 1854 945 1854 926 1855 945 1855 927 1855 927 1856 945 1856 944 1856 927 1857 944 1857 928 1857 928 1858 944 1858 943 1858 928 1859 943 1859 929 1859 929 1860 943 1860 942 1860 929 1861 942 1861 921 1861 921 1862 942 1862 912 1862</p>
        </triangles>
      </mesh>
    </geometry>
  </library_geometries>
  <library_visual_scenes>
    <visual_scene id="Scene" name="Scene">
      <node id="link_1_tip" name="link_1_tip" type="NODE">
        <matrix sid="transform">0 1 0 0 -1 0 0 0 0 0 1 0 0 0 0 1</matrix>
        <instance_geometry url="#link_1_tip-mesh" name="link_1_tip">
          <bind_material>
            <technique_common>
              <instance_material symbol="m_3-material" target="#m_3-material"/>
            </technique_common>
          </bind_material>
        </instance_geometry>
      </node>
    </visual_scene>
  </library_visual_scenes>
  <scene>
    <instance_visual_scene url="#Scene"/>
  </scene>
</COLLADA>