<?xml version="1.0" encoding="utf-8"?>
<COLLADA xmlns="http://www.collada.org/2005/11/COLLADASchema" version="1.4.1" xmlns:xsi="http://www.w3.org/2001/XMLSchema-instance">
  <asset>
    <contributor>
      <author>Blender User</author>
      <authoring_tool>Blender 4.0.2 commit date:2023-12-05, commit time:07:41, hash:9be62e85b727</authoring_tool>
    </contributor>
    <created>2025-10-30T14:27:18</created>
    <modified>2025-10-30T14:27:18</modified>
    <unit name="meter" meter="1"/>
    <up_axis>Z_UP</up_axis>
  </asset>
  <library_effects>
    <effect id="m_2-effect">
      <profile_COMMON>
        <technique sid="common">
          <lambert>
            <emission>
              <color sid="emission">0 0 0 1</color>
            </emission>
            <diffuse>
              <color sid="diffuse">0.6 0.6 0.6 1</color>
            </diffuse>
            <reflectivity>
              <float sid="specular">1</float>
            </reflectivity>
            <index_of_refraction>
              <float sid="ior">1.45</float>
            </index_of_refraction>
          </lambert>
        </technique>
      </profile_COMMON>
    </effect>
    <effect id="m_4-effect">
      <profile_COMMON>
        <technique sid="common">
          <lambert>
            <emission>
              <color sid="emission">0 0 0 1</color>
            </emission>
            <diffuse>
              <color sid="diffuse">0 0.8 0.15 1</color>
            </diffuse>
            <index_of_refraction>
              <float sid="ior">1.45</float>
            </index_of_refraction>
          </lambert>
        </technique>
      </profile_COMMON>
    </effect>
    <effect id="m_1-effect">
      <profile_COMMON>
        <technique sid="common">
          <lambert>
            <emission>
              <color sid="emission">0 0 0 1</color>
            </emission>
            <diffuse>
              <color sid="diffuse">0.2 0.2 0.17 1</color>
            </diffuse>
            <reflectivity>
              <float sid="specular">1</float>
            </reflectivity>
            <index_of_refraction>
              <float sid="ior">1.45</float>
            </index_of_refraction>
          </lambert>
        </technique>
      </profile_COMMON>
    </effect>
    <effect id="m_5-effect">
      <profile_COMMON>
        <technique sid="common">
          <lambert>
            <emission>
              <color sid="emission">0 0 0 1</color>
            </emission>
            <diffuse>
              <color sid="diffuse">0 0 0 1</color>
            </diffuse>
            <index_of_refraction>
              <float sid="ior">1.45</float>
            </index_of_refraction>
          </lambert>
        </technique>
      </profile_COMMON>
    </effect>
    <effect id="m_6-effect">
      <profile_COMMON>
        <technique sid="common">
          <lambert>
            <emission>
              <color sid="emission">0 0 0 1</color>
            </emission>
            <diffuse>
              <color sid="diffuse">0.4 0.4 0.4 1</color>
            </diffuse>
            <reflectivity>
              <float sid="specular">1</float>
            </reflectivity>
            <index_of_refraction>
              <float sid="ior">1.45</float>
            </index_of_refraction>
          </lambert>
        </technique>
      </profile_COMMON>
    </effect>
    <effect id="m_3-effect">
      <profile_COMMON>
        <technique sid="common">
          <lambert>
            <emission>
              <color sid="emission">0 0 0 1</color>
            </emission>
            <diffuse>
              <color sid="diffuse">0.8 0.8 0.8 1</color>
            </diffuse>
            <index_of_refraction>
              <float sid="ior">1.45</float>
            </index_of_refraction>
          </lambert>
        </technique>
      </profile_COMMON>
    </effect>
  </library_effects>
  <library_images/>
  <library_materials>
    <material id="m_2-material" name="m_2">
      <instance_effect url="#m_2-effect"/>
    </material>
    <material id="m_4-material" name="m_4">
      <instance_effect url="#m_4-effect"/>
    </material>
    <material id="m_1-material" name="m_1">
      <instance_effect url="#m_1-effect"/>
    </material>
    <material id="m_5-material" name="m_5">
      <instance_effect url="#m_5-effect"/>
    </material>
    <material id="m_6-material" name="m_6">
      <instance_effect url="#m_6-effect"/>
    </material>
    <material id="m_3-material" name="m_3">
      <instance_effect url="#m_3-effect"/>
    </material>
  </library_materials>
  <library_geometries>
    <geometry id="link_base-mesh" name="link_base">
      <mesh>
        <source id="link_base-mesh-positions">
          <float_array id="link_base-mesh-positions-array" count="17298">-0.03604996 0.006399989 0.08015 -0.03604996 0.008999943 0.08015 -0.03604996 0.006399989 0.08065897 -0.03604996 0.008999943 0.08065897 -0.01994997 -0.001299977 0.07664996 -0.01994997 -0.005599975 0.07664996 -0.01994997 -0.001299977 0.08172821 -0.01994997 -0.005599975 0.08172821 -0.03354996 -0.008099973 0.07977247 -0.03354996 -0.008099973 0.08064997 -0.03237473 -0.008099973 0.08042424 -0.03104996 -0.008099973 0.08064997 -0.02244997 -0.008099973 0.07977247 -0.02294999 -0.008099973 0.08011406 -0.02244997 -0.008099973 0.08064997 -0.02391469 -0.008099973 0.08051365 -0.02494996 -0.008099973 0.08064997 0.003049969 -0.001299977 0.08164995 0.003049969 -0.005599975 0.08164995 0.003049969 -0.001299977 0.08375 0.003049969 -0.005599975 0.08375 0.02604997 -0.00909996 0.07781124 0.02604997 -0.00909996 0.07783973 0.02604997 -0.005599975 0.07781124 0.02604997 -0.001299977 0.07783973 0.02604997 -0.005599975 0.07365 0.02604997 -0.001299977 0.07365 0.009949982 0.006399989 0.07714998 0.009949982 0.008999943 0.07714998 0.009949982 0.006399989 0.07866567 0.009949982 0.008999943 0.07866567 0.01494997 -0.008099973 0.07765001 0.01416963 -0.008099973 0.07757312 0.01244997 -0.008099973 0.07765001 0.01341927 -0.008099973 0.07734549 0.01244997 -0.008099973 0.07677245 0.02354997 -0.008099973 0.07677245 0.02304995 -0.008099973 0.0771141 0.02354997 -0.008099973 0.07765001 0.02208524 -0.008099973 0.07751369 0.02104997 -0.008099973 0.07765001 -0.02604997 -0.001299977 0.04679995 -0.02604997 -0.005599975 0.04679995 -0.02604997 -0.001299977 0.044371 -0.02604997 -0.005599975 0.044371 0.01014757 0.001636981 0.04954624 0.00999999 0.004499971 0.04869997 0.01033198 0.002046525 0.04994487 0.0103349 0.004499971 0.04995 0.01063358 0.002501964 0.05036324 0.01002377 0.001137852 0.04904431 0.00999999 8.10787e-4 0.048711 0.00999999 8e-4 0.04869997 0.01249998 0.004499971 0.05119997 0.01249998 0.003922462 0.05119997 0.01124995 0.004499971 0.05086505 0.01170074 0.003468751 0.05106878 0.01159811 0.003398358 0.05103164 0.01124316 0.003126084 0.05086106 0.01084792 0.002752244 0.05057632 0.01299995 0.004264056 0.05119997 0.01348012 0.004499971 0.05119997 0.02261984 0.004499971 0.05119997 0.02359998 0.004499971 0.05119997 0.02309995 0.004264056 0.05119997 0.02359998 0.003922462 0.05119997 0.02439922 0.003468751 0.05106878 0.02484995 0.004499971 0.05086505 0.02450186 0.003398358 0.05103164 0.0248568 0.003126084 0.05086106 0.02525204 0.002752244 0.05057632 0.02576506 0.004499971 0.04995 0.02546638 0.002501964 0.05036324 0.02609997 0.004499971 0.04869997 0.02609997 8e-4 0.04869997 0.02609997 8.10787e-4 0.048711 0.02607613 0.001137852 0.04904431 0.02595239 0.001636981 0.04954624 0.02576798 0.002046525 0.04994487 0.02609997 8e-4 0.04439997 0.02609997 0.004499971 0.04439997 0.02609997 0.004299998 0.03409999 0.02609997 0.004499971 0.03409999 0.02609997 0.004310786 0.03408896 0.02609163 0.004499971 0.03389596 0.01000833 0.004499971 0.03389596 0.00999999 0.004499971 0.03409999 0.00999999 0.004310786 0.03408896 0.00999999 0.004299998 0.03409999 0.00999999 0.004299998 0.03669995 0.00999999 0.004499971 0.03669995 -0.02499997 0.004999995 5e-4 -0.02499997 0.004999995 0.00999999 -0.02490568 0.006370067 0.00999999 -0.02451056 0.008090138 5e-4 -0.02438187 0.008461117 0.00999999 -0.02342212 0.01039135 0.00999999 -0.02309012 0.01087784 5e-4 -0.02309012 0.01087784 0.00999999 -0.02207106 0.01207101 0.00999999 -0.02087783 0.01309013 5e-4 -0.02087783 0.01309013 0.00999999 -0.02039134 0.01342213 0.00999999 -0.01809012 0.01451051 5e-4 -0.01499998 0.01499998 0.00999999 -0.01499998 0.01499998 5e-4 -0.01637011 0.01490569 0.00999999 -0.01846116 0.01438188 0.00999999 -0.01925623 0.01499998 0.01211065 -0.01801997 0.01499998 0.01157397 -0.0185253 0.01455587 0.0110383 -0.016918 0.01499998 0.01102972 -0.01592731 0.01499998 0.01050555 -0.0204913 0.01357829 0.0110383 -0.02086508 0.01416218 0.01212131 -0.02046829 0.01499998 0.0125361 -0.02000004 0.01499998 0.01238512 -0.0233066 0.01499998 0.01299995 -0.02200746 0.01499998 0.01289433 -0.02419239 0.01419234 0.01299995 -0.02345812 0.01345813 0.01281452 -0.02594882 0.01200878 0.01299995 -0.0250743 0.01144897 0.01281452 -0.02719646 0.00949949 0.01299995 -0.02622228 0.009140074 0.01281452 -0.02787739 0.00678116 0.01299995 -0.02684879 0.006638884 0.01281452 -0.02799999 0.004999995 0.01299995 -0.02587866 0.004999995 0.01212131 -0.02649998 0.004999995 0.01259803 -0.02696162 0.004999995 0.01281452 -0.02357834 0.01049131 0.0110383 -0.02455586 0.008525311 0.0110383 -0.02508932 0.006395518 0.0110383 -0.0251854 0.004999995 0.0110383 -0.02220213 0.01220214 0.0110383 -0.02540189 0.004999995 0.0115 -0.02577608 0.006490468 0.01212131 -0.02520626 0.00876528 0.01212131 -0.02416217 0.01086509 0.01212131 -0.02269238 0.01269239 0.01212131 0.01499998 0.01499998 0.00999999 0.01592731 0.01499998 0.01050555 0.01628488 0.01491707 0.00999999 0.0183925 0.01440691 0.00999999 0.02043968 0.01361113 0.0110383 0.02034068 0.01345437 0.00999999 0.01845544 0.01458132 0.0110383 0.01691329 0.01499998 0.01102733 0.0251854 0.004999995 0.0110383 0.02499997 0.004999995 0.00999999 0.02508819 0.006403803 0.0110383 0.02490454 0.006378233 0.00999999 0.02454835 0.008545577 0.0110383 0.02437454 0.008481025 0.00999999 0.02355951 0.01052057 0.0110383 0.0234037 0.01042008 0.00999999 0.02216815 0.01223599 0.0110383 0.02203762 0.01210427 0.00999999 0.02087783 0.01309013 0.00999999 0.0278759 0.00679177 0.01299995 0.02799427 0.00538516 0.01299995 0.02684748 0.006648659 0.01281452 0.02727723 0.005281805 0.01291239 0.02666741 0.004999995 0.0126878 0.02718687 0.009525358 0.01299995 0.02621346 0.009163916 0.01281452 0.0259248 0.01204615 0.01299995 0.02505218 0.01148331 0.01281452 0.02414894 0.01423555 0.01299995 0.02341818 0.01349788 0.01281452 0.02173376 0.01499998 0.01284754 0.0233066 0.01499998 0.01299995 0.02587866 0.004999995 0.01212131 0.02577483 0.00649935 0.01212131 0.02519828 0.008786916 0.01212131 0.02414208 0.01089638 0.01212131 0.02265602 0.01272851 0.01212131 0.02080994 0.01419728 0.01212131 0.02046829 0.01499998 0.0125361 0.01924604 0.01499998 0.01210659 0.01827228 0.01499998 0.01169067 0.0258609 -0.00909996 0.07777619 0.0258609 -0.006553649 0.07777619 0.02799999 -0.00909996 0.08499997 0.02799999 0.01199996 0.08499997 0.02799999 -0.00909996 0.08064997 0.02799999 0.01199996 0.08064997 0.02999997 -0.00909996 0.09307497 0.02999997 -0.00909996 0.08499997 -0.03859376 -0.00909996 0.08799999 -0.03521108 -0.00909996 0.10065 -0.0321052 -0.00909996 0.1020346 0.008894503 -0.00909996 0.09515523 0.01078885 -0.00909996 0.09764999 0.01389473 -0.00909996 0.09903454 -0.04059374 -0.00909996 0.08799999 -0.04016774 -0.00909996 0.0961287 -0.02799999 -0.00909996 0.10265 -0.02389472 -0.00909996 0.1020346 -0.03881347 -0.00909996 0.08380699 0.009199976 -0.00909996 0.08375 -0.03871709 -0.00909996 0.0985431 -0.03973883 -0.00909996 0.09752428 0.02961105 -0.00909996 0.09455221 0.0285452 -0.00909996 0.09564644 0.02521109 -0.00909996 0.09764999 0.02210521 -0.00909996 0.09903454 0.02759802 -0.00909996 0.07914996 0.02649998 -0.00909996 0.07805192 -0.01818382 -0.00909996 0.09721922 -0.01777839 -0.00909996 0.09685075 -0.01919996 -0.00909996 0.08375 0.007817864 -0.00909996 0.094567 0.008489131 -0.00909996 0.09478676 -0.03581762 -0.00909996 0.08064997 -0.0223 -0.00909996 0.08064997 -0.02074998 -0.00909996 0.08106529 -0.01961529 -0.00909996 0.08219999 -0.03700184 -0.00909996 0.08089363 -0.03799372 -0.00909996 0.08158493 -0.03863215 -0.00909996 0.08261162 0.01069998 -0.00909996 0.07805192 0.009601891 -0.00909996 0.07914996 0.01219999 -0.00909996 0.07765001 0.009199976 -0.00909996 0.08064997 0.02499997 -0.00909996 0.07765001 -0.02078884 -0.00909996 0.10065 -0.01710718 -0.00909996 0.09663099 -0.01640981 -0.00909996 0.0967428 -0.01584088 -0.00909996 0.09716129 0.01799994 -0.00909996 0.09964996 -0.01557093 -0.00909996 0.09763801 0.006281614 -0.00909996 0.09557396 0.006551563 -0.00909996 0.09509724 0.00712049 -0.00909996 0.09467875 -0.01298433 -0.00909996 0.10515 -0.01045882 -0.00909996 0.1065419 -0.006863653 -0.00909996 0.1075254 -0.003136336 -0.00909996 0.1075254 4.58871e-4 -0.00909996 0.1065419 0.002984344 -0.00909996 0.10515 -0.01271504 0.01024997 0.08375 -0.01179999 0.01116502 0.08375 -0.01919996 0.01199996 0.08375 -0.01054996 0.0115 0.08375 0.009199976 0.01199996 0.08375 5.5e-4 0.0115 0.08375 0.001799941 0.01116502 0.08375 -0.0120573 -0.007594466 0.08375 -0.01278501 -0.006720066 0.08375 -0.01134949 -0.007968664 0.08375 0.002784967 -0.006720066 0.08375 0.002057313 -0.007594466 0.08375 0.002715051 0.01024997 0.08375 0.003049969 0.008999943 0.08375 -0.01304996 -0.005599975 0.08375 -0.01304996 -0.001299977 0.08375 -0.01304996 0.008999943 0.08375 0.001349508 -0.007968664 0.08375 5.5e-4 -0.008099973 0.08375 -0.01054996 -0.008099973 0.08375 0.02604997 -0.005611002 0.07366079 0.02602612 -0.005944311 0.07398784 0.02590239 -0.006446182 0.07448697 0.02571505 -0.006849944 0.07773643 0.02480679 -0.007761061 0.07597613 0.0248 -0.007765054 0.07765001 0.02520203 -0.007476329 0.07560223 0.02499997 -0.007636487 0.07765001 0.02541637 -0.007263243 0.07535195 0.02571797 -0.006844878 0.07489651 0.02434921 -0.007968783 0.07631874 0.02445185 -0.007931649 0.07624834 -0.03881347 0.01199996 0.08380699 -0.03859376 0.01199996 0.08799999 -0.03604996 -0.001299977 0.08065897 -0.03604996 -0.005599975 0.08065897 -0.03604996 -0.001299977 0.07664996 -0.03604996 -0.005599975 0.07664996 -0.01994997 0.006399989 0.08172821 -0.01994997 0.008999943 0.08172821 -0.01994997 0.006399989 0.08015 -0.01994997 0.008999943 0.08015 -0.02067792 -0.007363438 0.08110821 -0.02028489 -0.006849944 0.08139425 -0.02028197 -0.006844878 0.07789653 -0.01994997 -0.005611002 0.07666075 -0.01997381 -0.005944311 0.07698786 -0.02009755 -0.006446182 0.07748699 -0.02003943 -0.006262719 0.08162868 -0.02172386 -0.007992208 0.08070397 -0.02165073 -0.007968783 0.07931876 -0.0223 -0.008095443 0.08064997 -0.02058357 -0.007263243 0.07835197 -0.0207979 -0.007476329 0.07860225 -0.0212 -0.007765054 0.08085173 -0.02119314 -0.007761061 0.07897609 -0.02154809 -0.007931649 0.07924836 -0.03604996 -0.005611002 0.07666075 -0.03450667 -0.007909655 0.08064997 -0.0343492 -0.007968783 0.07931876 -0.03445184 -0.007931649 0.07924836 -0.03531771 -0.00736773 0.08064997 -0.03520202 -0.007476329 0.07860225 -0.03541636 -0.007263243 0.07835197 -0.03590238 -0.006446182 0.07748699 -0.03581762 -0.006652534 0.08064997 -0.03602617 -0.005944311 0.07698786 0.02979904 0.004499971 0.05254995 0.02999997 0.004499971 0.05329996 0.02999997 0.004499971 0.032 0.01249998 0.004499971 0.05179995 0.02570188 0.004499971 0.03274643 0.02963823 0.004499971 0.03090047 0.02479708 0.004499971 0.03190523 0.02910101 0.004499971 0.03099995 0.02359998 0.004499971 0.03159999 0.01249998 0.004499971 0.03099995 0.01249998 0.004499971 0.03159999 0.01099997 0.004499971 0.05139803 0.009901881 0.004499971 0.0503 0.009499967 0.004499971 0.04879999 0.01130282 0.004499971 0.03190523 0.01099997 0.004499971 0.03140187 0.01039808 0.004499971 0.03274643 0.009901881 0.004499971 0.03249996 0.009499967 0.004499971 0.03399997 0.02849996 0.004499971 0.05179995 0.03010421 0.004499971 0.03061509 0.03041529 0.004499971 0.03022521 0.03043711 0.004499971 0.03018176 0.00999999 0.004499971 0.04439997 0.02609997 0.004499971 0.03669995 0.02924996 0.004499971 0.05200093 -0.04175049 -0.01245158 0.05334228 -0.04152184 -0.01302349 0.05058324 -0.04166042 -0.01270103 0.0579673 -0.04188942 -0.01195317 0.05593848 -0.04191321 -0.01184284 0.06254863 -0.04195368 -0.01162272 0.06070774 -0.0419535 -0.01162374 0.05843549 -0.04114365 -0.01369684 0.07547861 -0.04124104 -0.01354348 0.07564848 -0.04042631 -0.01459556 0.07334649 -0.04149734 -0.01307481 0.07075828 -0.04163926 -0.01275426 0.06804984 -0.04178071 -0.01235789 0.06535142 -0.04017174 -0.01485455 0.04114615 -0.03872936 -0.01612836 0.06347578 -0.04073923 -0.01424211 0.04448753 -0.03907597 -0.01584488 0.06459373 -0.03942012 -0.01554197 0.06693464 -0.04118829 -0.01362788 0.04763472 -0.04034936 -0.01467609 0.07302176 -0.03926664 -0.0156784 0.03646254 -0.03873515 -0.01612389 0.03425228 -0.03755033 -0.01689004 0.06013679 -0.03600615 -0.01762896 0.05501484 -0.03789359 -0.01669269 0.0311852 -0.03754234 -0.01689451 0.02999979 -0.03633314 -0.01748865 0.0265237 -0.03602576 -0.01762074 0.02574974 -0.03583365 -0.01770019 0.0544489 -0.03378605 -0.01842767 0.04796123 -0.03318196 -0.01860886 0.0198577 -0.03317248 -0.0186116 0.01986968 -0.03488022 -0.01806348 0.02314007 -0.03267771 -0.01875078 0.02061486 -0.03231042 -0.01884913 0.02148962 -0.0320627 -0.01891326 0.02271354 -0.03191077 -0.01895171 0.02433788 -0.0315715 -0.01903539 0.02912575 -0.03144365 -0.01906609 0.032121 -0.03143346 -0.01906853 0.03671354 -0.03163862 -0.01901906 0.03979617 -0.03168636 -0.01900738 0.0401979 -0.03212362 -0.01889765 0.04253786 -0.03287345 -0.01869666 0.04511368 0.02626967 -0.01162254 0.01299995 0.02607798 -0.01180273 0.01299995 0.02677023 -0.01051914 0.01299995 0.02799427 -0.00538516 0.01299995 0.02861464 -0.00538516 0.01299995 0.0276888 -0.007827222 0.01299995 0.02861464 -0.006629943 0.01299995 0.02852064 -0.007653713 0.01299995 0.02821183 -0.008754849 0.01299995 0.02770727 -0.009807884 0.01299995 0.0271576 -0.0106275 0.01299995 0.03320842 -0.01399791 0.02806264 0.03311622 -0.0140317 0.02807885 0.02875864 -0.01546633 0.02358001 0.02990633 -0.01108908 0.01441168 0.03042441 -0.009831368 0.01427322 0.03069782 -0.01055532 0.01509362 0.03109401 -0.01130598 0.01628202 0.02860766 -0.01310211 0.01470589 0.02925229 -0.01222598 0.01456564 0.03124123 -0.01152908 0.01672381 0.03176367 -0.01215827 0.01829105 0.02835589 -0.01340037 0.01475852 0.03102415 -0.01415926 0.02131497 0.02671307 -0.01544392 0.01658886 0.03181469 -0.01220875 0.01844412 0.02656424 -0.01505309 0.01509195 0.02794563 -0.0138452 0.01484233 0.0281791 -0.0135979 0.01479494 0.02287989 -0.01702773 0.01670306 0.02388721 -0.01656997 0.01543217 0.02484244 -0.01612436 0.01533043 0.02264833 -0.01709246 0.01698195 0.02432286 -0.01669394 0.01889282 0.02255368 -0.01711499 0.01709443 0.02253746 -0.01711863 0.01711362 0.02544599 -0.01579231 0.01525533 0.03376722 -0.01322197 0.0243017 0.03437495 -0.01326853 0.02612483 0.03445166 -0.01330578 0.02657979 0.03383558 -0.0137397 0.02780222 0.03418642 -0.01355439 0.02744579 0.03438889 -0.01340585 0.02702623 0.03202205 -0.01239758 0.01906621 0.03276383 -0.01289314 0.02129149 0.03355014 -0.013179 0.02365046 0.02582001 -0.01630377 0.02046287 0.02451056 -0.008090138 0.00999999 0.0247606 -0.007174789 0.00999999 0.02498352 -0.00722444 0.01114803 0.02511799 -0.01281827 0.01299238 0.02437961 -0.01224499 0.0127716 0.0234481 -0.01405674 0.01293629 0.02273851 -0.01430267 0.01286196 0.02257949 -0.01411151 0.0127716 0.0238887 -0.01381975 0.01296162 0.02370125 -0.01395052 0.01295506 0.02573078 -0.0100317 0.0127716 0.02405405 -0.009245455 0.00999999 0.02730661 -0.005290389 0.01291954 0.02656823 -0.007577538 0.0127716 0.02666741 -0.004999995 0.0126878 0.02561825 -0.007365882 0.01212131 0.02587866 -0.004999995 0.01212131 0.02522832 -0.004999995 0.01114803 0.02499997 -0.004999995 0.00999999 0.02195703 -0.0133633 0.01212131 0.02360939 -0.01165008 0.01212131 0.02154117 -0.01286333 0.01114803 0.02309471 -0.01125252 0.01114803 0.02139514 -0.01268774 0.00999999 0.02291399 -0.01111292 0.00999999 0.02484959 -0.00961852 0.01212131 0.02426075 -0.009342432 0.01114803 0.02616208 -0.00455445 0.01237106 0.02520561 0.00122559 0.01109153 0.02517157 0 0.01099997 0.02520561 -0.00122559 0.01109153 0.02548015 -0.003157138 0.01162797 0.02579426 -0.003997981 0.01203346 0.02616006 0.004552125 0.01236951 0.02579426 0.003997981 0.01203346 0.02548015 0.003157138 0.01162797 0.03013861 -0.005833148 0.01341593 0.03013861 -0.006629943 0.01341593 0.02946788 -0.006629943 0.01312386 0.02940446 -0.005505621 0.0131058 0.02620762 0.01709794 0.01299995 0.02687197 0.01681345 0.01299995 -0.02830141 0.01727795 0.01299995 -0.02767968 -0.007867932 0.01299995 -0.02673459 -0.01059454 0.01299995 -0.02830141 -0.01412475 0.01299995 -0.02521121 -0.01304548 0.01299995 -0.0242595 -0.01412475 0.01299995 0.02861464 0.00538516 0.01299995 0.01234143 0.01723384 0.01299995 0.008746862 0.01727795 0.01299995 0.02861464 0.01345676 0.01299995 0.02806407 0.0156604 0.01299995 0.02837306 0.01499998 0.01299995 0.02053272 0.01727795 0.01299995 0.0249843 0.01727795 0.01299995 0.02579802 0.0172013 0.01299995 0.02853739 0.01436948 0.01299995 0.0284307 0.01482188 0.01299995 -0.02799999 -0.004999995 0.01299995 0.02730894 0.01652109 0.01299995 0.02779597 0.01604115 0.01299995 -0.04168939 -0.01261168 0.06709384 -0.04111492 -0.01358139 0.07805526 -0.04107868 -0.01356941 0.07874715 -0.04159629 -0.01263433 0.0688703 -0.04079985 -0.01335382 0.08406752 -0.04072493 -0.01327359 0.08549726 -0.04045873 -0.01306211 0.09057551 -0.0402081 -0.01307719 0.09535825 -0.04016774 -0.01310539 0.0961287 -0.04159665 -0.012654 0.06886279 -0.04159736 -0.0126658 0.06884938 -0.0409342 0.01606595 0.08150339 -0.04059374 0.01199996 0.08799999 -0.04168462 -0.01262235 0.06718498 -0.04159981 -0.01268553 0.06880331 -0.04162698 -0.01271307 0.06828409 -0.04165422 -0.01268088 0.06776428 -0.04082822 0.01749706 0.08352607 -0.04061478 0.01821309 0.08759903 -0.04059374 0.01828277 0.08799999 -0.04109609 0.01478755 0.07841509 -0.04097205 -0.01351165 0.08078098 -0.04128891 0.0140894 0.07473546 -0.04139029 0.01399999 0.07280051 -0.04159629 0.01399999 0.0688703 -0.04159641 -0.01264488 0.06886827 -0.04112517 -0.01358407 0.07785981 -0.04118108 -0.0135923 0.07679247 -0.04122394 -0.01356792 0.07597476 -0.04120355 -0.01358598 0.07636415 0.02999997 -0.01295912 0.032 0.02999997 -0.01295912 0.09307497 0.02999997 0.01199996 0.08499997 0.02999997 0.01699167 0.05329996 0.02999997 0.01699167 0.08499997 -0.04172343 -0.01234579 0.06714022 -0.04193323 -0.01164203 0.06257468 -0.04196667 -0.01146191 0.06071764 -0.04195708 0.01399999 0.06144928 -0.04196649 -0.01146268 0.05842548 -0.04197198 0.01399999 0.05931818 -0.04191368 -0.01173198 0.05590653 -0.0418244 0.01399999 0.05374735 -0.04180014 -0.01213598 0.05328756 -0.04155308 0.01399999 0.04976785 -0.04161375 -0.01259791 0.05050432 -0.04133945 -0.01309061 0.04752993 -0.04117637 0.01399999 0.04607164 -0.04096031 -0.01360428 0.04435515 -0.04001599 0.01399999 0.03845649 -0.04045921 -0.01413983 0.04098451 -0.03958338 -0.01492935 0.03625977 -0.03834837 0.01399999 0.03093618 -0.03834837 -0.01583474 0.03093618 -0.03279864 0.01794534 0.01766443 -0.03245502 0.01932203 0.01709175 -0.03279864 -0.01751899 0.01766443 -0.03181952 0.01860058 0.01603257 -0.03197342 -0.01703959 0.01628905 -0.03087389 0.01727795 0.01445651 -0.03087389 -0.01590782 0.01445651 -0.03145575 -0.0166018 0.01542627 -0.03605341 -0.01690351 0.02409994 -0.03616088 0.01399999 0.02435892 -0.03545492 -0.01712155 0.02272683 -0.03562474 0.0141012 0.02310514 -0.03378099 -0.01764833 0.01937747 -0.0350691 0.01440095 0.02189689 -0.03499102 0.01445811 0.02173358 -0.03297394 -0.01759409 0.01795887 -0.0334894 -0.0176931 0.01885241 -0.0335626 -0.01768887 0.01898276 -0.03288644 -0.01755744 0.01781135 -0.03442627 0.01498126 0.02059561 -0.0338248 0.01576989 0.01945763 -0.03332942 0.01664632 0.01857048 -0.03290104 0.01765286 0.01783585 -0.03283947 0.0178256 0.01773262 -0.03686892 -0.01657348 0.02617949 -0.03802108 -0.01601898 0.02972656 -0.03736877 0.01399999 0.02760958 -0.03473836 -0.01412498 0.09985315 -0.03726243 -0.01408076 0.09831416 -0.03726643 -0.014054 0.09753173 0.01143401 -0.01913779 0.04072606 0.0118764 -0.01905828 0.0426163 0.007863223 -0.01915264 0.04020828 0.01514536 -0.01818203 0.01696789 -0.03117966 -0.01800698 0.01652246 0.01535707 -0.01810771 0.01677131 0.01563543 -0.01800554 0.01651901 -0.03151923 -0.01882529 0.01953935 -0.03178328 -0.0187155 0.01890987 0.01328718 -0.01873642 0.01901906 -0.03184479 -0.01868861 0.01877558 0.01410311 -0.01851195 0.01802062 -0.03194117 -0.01848357 0.01791512 -0.03202718 -0.01852518 0.01807117 -0.03211295 -0.01856487 0.01822751 0.01228171 -0.01897943 0.02086323 0.01219743 -0.01899772 0.02109938 -0.003500103 -0.0190649 0.02249997 0.01191085 -0.01905691 0.02222406 -0.001542985 -0.01906871 0.02265411 -0.03104138 -0.01900029 0.02113556 0.01293861 -0.01882487 0.01953697 0.01266086 -0.01889234 0.02001988 0.01315909 -0.01876944 0.01920056 -0.03135913 -0.0188874 0.01998114 -0.005183935 -0.01906776 0.02261394 -0.005447208 -0.01906865 0.02265256 -0.03082573 -0.01906722 0.02259165 -0.007358491 -0.01907873 0.02311038 -0.0307818 -0.01907873 0.02311092 -0.00898385 -0.01909214 0.02376711 -0.009743273 -0.01910001 0.02417081 -0.01186025 -0.01912754 0.02570718 -0.01223033 -0.01913326 0.02605402 -0.01361364 -0.01915729 0.02765393 -0.01459574 -0.01917737 0.02924376 -0.01491755 -0.01918458 0.02991187 -0.03069293 -0.01910138 0.02424293 -0.03039526 -0.01917535 0.02906751 -0.0157274 -0.01920449 0.03240388 -0.03028267 -0.01920264 0.03209 -0.01584124 -0.01920747 0.03301441 -0.03027367 -0.01920479 0.03674662 -0.01599997 -0.01921105 0.03500503 -0.03045427 -0.01915991 0.03991508 -0.01584124 -0.01920312 0.03698551 -0.0304715 -0.01915556 0.04009371 -0.007101118 -0.01875156 0.04697 -0.005347311 -0.01871973 0.04736274 -0.03303956 -0.01839083 0.05119407 -0.0117591 -0.0189476 0.04438275 -0.01033467 -0.0188688 0.045466 -0.01572632 -0.0191977 0.03760117 -0.01491504 -0.01915556 0.04009366 -0.03049623 -0.01914924 0.04033452 -0.01459568 -0.01913684 0.04075628 -0.03087878 -0.01904726 0.04281693 -0.01407462 -0.01910364 0.04166531 -0.03152757 -0.01886707 0.04548907 -0.03230184 -0.01863545 0.04838025 -0.01223033 -0.01897752 0.04394596 -0.0130105 -0.01903033 0.04311174 -0.00898391 -0.01881003 0.04623281 -0.008768796 -0.01880198 0.04633527 -0.003569304 -0.01870852 0.04749977 -0.001776516 -0.0187183 0.04738056 0.01451444 -0.01858574 0.04896646 -0.001213967 -0.01872575 0.04728919 -2.99939e-5 -0.01874846 0.04700869 0.001648962 -0.01879769 0.04639023 0.00252515 -0.01883178 0.04595202 0.003224909 -0.01886349 0.04553681 0.00465548 -0.01894128 0.04447299 0.006999909 -0.01909869 0.04178237 0.005656182 -0.01900595 0.0435096 0.005928754 -0.01902467 0.04320657 0.01347595 -0.01877367 0.04669386 0.01258236 -0.01893222 0.04460078 0.00789982 -0.01915556 0.04009366 0.0113337 -0.01915556 0.04009485 0.01138412 -0.01914668 0.04042738 -0.03675681 -0.01617389 0.07351779 -0.03609508 -0.0167818 0.0674445 0.01567447 -0.01836919 0.05143541 -0.03581875 -0.01702386 0.06511807 -0.03394657 -0.0180478 0.05491918 -0.03513127 -0.01748889 0.0606392 0.01694411 -0.01812416 0.05410653 0.01833105 -0.01784998 0.0569871 0.02058678 -0.01739662 0.06154787 0.02702575 -0.01573657 0.07775694 -0.037171 -0.01469743 0.08611959 -0.03707909 -0.01535224 0.08107769 -0.03704601 -0.01559376 0.07904243 -0.03701823 -0.01579368 0.07722681 -0.03700947 -0.01583456 0.07684224 0.02255487 -0.01695352 0.06578701 0.02457243 -0.01643711 0.0708667 -0.0369659 -0.01592332 0.075993 -0.03699475 -0.01587349 0.07647168 0.02913409 -0.01506757 0.08329105 0.0296328 -0.0143972 0.08878916 -0.03724092 -0.01422381 0.09078371 0.02968698 -0.01429331 0.08991497 0.02979236 -0.01405578 0.09401828 0.02481329 -0.01404076 0.09697312 0.008160293 -0.01406127 0.09383273 0.007335186 -0.0140618 0.0938155 -0.01473093 -0.01405405 0.09753328 -0.01479482 -0.01404911 0.09735029 0.005524098 -0.01403194 0.09531962 -0.01520156 -0.01403534 0.09663546 0.005948245 -0.01404213 0.09458577 -0.01584035 -0.01403057 0.09610611 0.006530582 -0.01405346 0.09410214 -0.01662242 -0.01402992 0.09583455 -0.01819729 -0.01403075 0.09614062 -0.01883751 -0.01403635 0.09671103 -0.0174843 -0.01402992 0.09585851 -0.03726893 -0.01403766 0.09483891 -0.02117568 -0.01412415 0.09979104 -0.02118778 -0.01412439 0.09980732 -0.02975547 -0.01412534 0.1005749 -0.02337491 -0.01411968 0.100907 -0.02477252 -0.01410585 0.1013608 -0.02621924 -0.01409345 0.1016509 -0.02917486 -0.01409006 0.1017214 -0.0306366 -0.01410019 0.1015005 -0.03206503 -0.01411437 0.1011103 -0.02010059 -0.01408231 0.09835571 0.004749715 -0.01405423 0.09753936 0.003874361 -0.01412701 0.1001011 -0.01350021 -0.01411294 0.1011559 0.002989053 -0.0140292 0.1027315 0.00271219 -0.01396793 0.1035439 -0.01258927 -0.01394343 0.1038433 0.002395689 -0.01388996 0.1044689 -0.007129073 -0.01369607 0.1065977 -0.008577585 -0.01372611 0.1062725 -0.004935562 -0.01383233 0.1051149 -0.009968161 -0.01377069 0.1057891 -0.01129561 -0.01382905 0.1051511 0.001424431 -0.0138356 0.1050789 9.98896e-5 -0.01377576 0.1057339 -0.001290142 -0.01372969 0.106234 -0.002716004 -0.01369851 0.1065711 -0.004180669 -0.01368236 0.1067467 -0.005659937 -0.01368153 0.1067558 -0.01236873 -0.01388829 0.1044874 0.01530987 -0.01409041 0.09857219 0.01386195 -0.01407587 0.09818452 0.01864153 -0.01404803 0.09730684 0.01680499 -0.01409852 0.09879612 0.02125537 -0.01408553 0.09844136 0.02267891 -0.01406896 0.0979945 0.01977998 -0.01409614 0.09872931 0.0182954 -0.01410031 0.09884738 0.01246976 -0.01405727 0.09764242 0.01137816 -0.01404297 0.09708458 0.00953257 -0.01404029 0.09468525 0.00892204 -0.01405256 0.09413391 0.00770241 -0.01916718 0.0395953 0.007651627 -0.01916784 0.03956294 0.01101231 -0.01921111 0.03495198 0.007908523 -0.01915824 0.03998607 0.007904827 -0.01915937 0.03993791 0.01112365 -0.01919203 0.03810203 0.007861614 -0.01916289 0.03978818 0.007774412 -0.01916575 0.03965896 0.007540822 -0.01919019 0.03048223 0.007692992 -0.01918953 0.03041136 0.007505238 -0.01916897 0.03950935 0.007210612 -0.01918995 0.0304591 0.007349491 -0.01916909 0.03950345 0.007069826 -0.01918911 0.03036767 0.00604242 -0.01918131 0.02959847 0.007267057 -0.01919013 0.03047955 0.00737375 -0.01919031 0.0304988 0.007493495 -0.01919025 0.03049278 0.004886507 -0.01917523 0.02905553 0.007267057 -0.01916873 0.03952038 0.004550695 -0.01917397 0.02894812 0.003640532 -0.01917165 0.02875632 0.007199525 -0.01916819 0.03954577 0.00235939 -0.01917117 0.02871543 -9.85517e-4 -0.01918512 0.02996408 -9.28605e-5 -0.01917916 0.02940344 0.003488481 -0.01921117 0.03463983 0.001101374 -0.0191738 0.02893328 0.00166279 -0.01917225 0.02880346 -0.002836406 -0.01919543 0.03781431 -0.003158509 -0.01920264 0.03704595 -0.003449141 -0.01920944 0.03579872 -0.003499984 -0.01921105 0.03499996 -0.003481745 -0.01921111 0.03452146 -0.003254473 -0.01920843 0.03325837 -0.002836406 -0.01920324 0.03218561 -0.002779066 -0.01920258 0.03207361 -0.002071082 -0.01919478 0.03100472 -0.00116223 -0.01918655 0.03010201 -9.07357e-4 -0.01915556 0.04009366 -9.85516e-4 -0.01915699 0.04003584 -0.001862525 -0.01917439 0.03923678 -0.002620756 -0.01919066 0.03821009 0.007850944 -0.0191878 0.03023326 0.01114135 -0.01918923 0.03038114 0.007813096 -0.0191884 0.03029406 0.007887601 -0.01918691 0.03014361 0.007908165 -0.0191853 0.02997702 0.01156669 -0.01911705 0.0250988 0.007863223 -0.01918339 0.02979171 0.01174807 -0.01908612 0.0234673 0.006553292 -0.01915615 0.02757155 0.005656242 -0.01914018 0.02649039 0.004809319 -0.01912677 0.02566164 0.002721369 -0.01909977 0.02415817 0.002525091 -0.01909768 0.02404791 3.58526e-4 -0.01907873 0.02311038 -0.001214027 -0.01907002 0.0227108 -0.03111594 -0.01795643 0.01640427 -0.03059828 -0.01746338 0.01543325 0.01687514 -0.01747334 0.01545017 -0.03014332 -0.01686704 0.01456111 0.01793688 -0.01687282 0.0145685 -0.02966248 -0.01616632 0.01380181 -0.0242595 -0.01616632 0.01380181 -0.02985459 -0.0164135 0.0140438 -0.03001636 -0.01666224 0.01431459 0.01499998 -0.01602399 0.01367342 0.01578897 -0.0160076 0.01365911 -0.01499998 -0.01602399 0.01367342 0.01725202 -0.01588976 0.01355916 0.01764464 -0.01583844 0.01351708 0.01855963 -0.01642835 0.01405912 0.01916384 -0.01555722 0.01330161 0.01971411 -0.01542121 0.01320594 -0.01798439 -0.01578706 0.01347583 -0.01649457 -0.0159651 0.01362252 -0.0223726 -0.0157957 0.01348274 -0.0232588 -0.01607608 0.01371955 -0.02186733 -0.01553523 0.01328581 -0.02106475 -0.01520425 0.0130639 -0.01918572 -0.01555222 0.01329797 -0.02079933 -0.01510626 0.01300376 -0.02078193 -0.0151 0.01299995 -0.02219229 -0.01570039 0.01340824 0.004550755 -0.01912713 0.0410518 0.001821696 -0.01914215 0.04058235 0.004749834 -0.01912921 0.04099065 0.006507337 -0.01915556 0.04009366 0.007069826 -0.01916635 0.03963232 8.50991e-4 -0.01912921 0.04099088 0.002800583 -0.01911813 0.04129999 0.00166279 -0.019122 0.04119646 0.03231352 -0.01431691 0.02829825 0.03115987 -0.01470869 0.02886724 0.0304718 -0.01493328 0.02936124 0.02946984 -0.01524931 0.0303235 0.02895808 -0.01540607 0.03097355 0.02865588 -0.0154972 0.03150707 0.02854603 -0.01553004 0.032 0.02854603 -0.01553004 0.07746183 0.0284518 -0.01555818 0.07721698 0.02587467 -0.01628905 0.07037216 0.02373665 -0.01683908 0.06526607 0.02159214 -0.01732039 0.06103944 0.01789867 -0.01805394 0.05364108 0.01868575 -0.01789981 0.0355848 0.01930308 -0.01777786 0.0565052 0.01605659 -0.01840442 0.01869046 0.01627427 -0.01836389 0.01858633 0.01611357 -0.01839381 0.02054888 0.01782846 -0.01806759 0.01797777 0.01953327 -0.0177322 0.01752853 0.01239925 -0.01904803 0.02518701 0.01258295 -0.01901698 0.02356922 0.01274794 -0.01898902 0.0223869 0.01303881 -0.01893949 0.02146065 0.01312446 -0.01892483 0.02127456 0.01351016 -0.01885867 0.02064287 0.01401829 -0.01877057 0.02006602 0.01414918 -0.01874768 0.01994287 0.01498514 -0.01859968 0.01929873 0.01660037 -0.01830273 0.05098813 0.01540774 -0.01852345 0.04854106 0.01434218 -0.01871383 0.04629713 0.01343023 -0.01887238 0.04424589 0.01271307 -0.01899492 0.04234898 0.01226502 -0.01907068 0.04057061 0.01221448 -0.0190792 0.04028654 0.01211816 -0.01909542 0.03549945 0.0119512 -0.01912349 0.03803962 0.01183867 -0.01914232 0.03494852 0.02074587 -0.01749068 0.01732546 0.01196902 -0.01912045 0.03042834 0.02982288 -0.0139746 0.09409046 0.02968543 -0.01375567 0.0944122 0.02961385 -0.01367145 0.09454727 0.02925807 -0.01340645 0.09505009 0.02918052 -0.01337087 0.09513539 0.0285452 -0.01324921 0.09564644 0.02521109 -0.0132547 0.09764999 0.02750784 -0.01572924 0.07758015 0.02867311 -0.01544922 0.07952851 0.0204854 -0.01726591 0.01571434 0.02415525 -0.01618129 0.01460373 0.02409285 -0.01639419 0.01505082 0.02341598 -0.01612633 0.01429015 0.02403652 -0.01645791 0.01518946 0.0197767 -0.01540058 0.01319193 0.02016031 -0.01526898 0.01310682 0.02014696 -0.01653331 0.01427817 0.02063995 -0.01509672 0.01299995 0.02065736 -0.01510477 0.01300525 0.02086842 -0.01520085 0.01307135 0.02172285 -0.0155701 0.01339566 0.02193665 -0.01565897 0.01349425 0.02241134 -0.01585787 0.01375138 0.02257513 -0.0159232 0.01385009 0.01891607 -0.01716983 0.01507484 0.01344805 -0.01880276 0.01948583 0.01357728 -0.01877552 0.01932334 0.01440143 -0.01859456 0.01843887 0.01545625 -0.01834052 0.01752525 0.01567071 -0.01828509 0.01735693 0.01720827 -0.01783657 0.0162422 0.01294583 -0.01890569 0.02022582 0.01256412 -0.0189808 0.02099943 0.0124793 -0.01899695 0.02121907 0.01219111 -0.01905053 0.02227801 0.01202756 -0.01907891 0.02350109 0.0118454 -0.01910972 0.02512806 0.0114184 -0.01918166 0.03039681 0.01128888 -0.01920342 0.03495085 0.01140064 -0.01918458 0.03808134 0.01924824 -0.0176146 0.01625829 0.01752972 -0.01803696 0.01709461 0.01597833 -0.01837104 0.01796573 0.01576173 -0.01841509 0.01810276 0.01469653 -0.01862388 0.01886647 0.01386529 -0.01877927 0.01963204 0.01373505 -0.01880311 0.01977497 0.01322942 -0.01889449 0.02043384 0.01284539 -0.01896262 0.0211367 0.01276016 -0.01897752 0.02133965 0.01247042 -0.01902788 0.02233237 0.01230615 -0.01905584 0.02353513 0.01212322 -0.01908671 0.02515751 0.01169461 -0.01915872 0.03041255 0.01156461 -0.01918047 0.03494971 0.01167678 -0.0191617 0.03806048 0.01193916 -0.01911753 0.04033368 0.01198947 -0.01910901 0.04062265 0.01243579 -0.01903325 0.0424385 0.01314938 -0.01891112 0.0443648 0.01405543 -0.01875394 0.04643011 0.01511216 -0.01856595 0.0486837 0.01629418 -0.01834839 0.05113816 0.01758319 -0.0181024 0.0537973 0.01898193 -0.01782804 0.05666697 0.0212602 -0.01737403 0.06121021 0.02334773 -0.01691436 0.06544148 0.02544701 -0.01638174 0.07053893 0.02798485 -0.01566958 0.07739955 0.02501159 -0.01643121 0.07070428 0.02295279 -0.01695257 0.06561553 0.02092444 -0.01739948 0.06138002 0.01865732 -0.01785212 0.05682784 0.01726448 -0.01812589 0.05395269 0.01598507 -0.01837056 0.05128753 0.01481395 -0.01858675 0.04882568 0.01376628 -0.01877391 0.04656255 0.01286643 -0.01893109 0.04448324 0.0121566 -0.01905435 0.04252767 0.01171219 -0.01913142 0.0406745 0.01166206 -0.01914 0.04038071 -0.03871709 -0.0131995 0.0985431 -0.03521108 -0.01326417 0.10065 -0.02078884 -0.01326417 0.10065 -0.02069485 -0.01331609 0.1005261 -0.01818382 -0.01322597 0.09721922 -0.01944684 -0.0132724 0.09888261 -0.02052199 -0.01331377 0.1002985 -0.02305048 -0.01325905 0.1017459 -0.02925729 -0.01323026 0.1025934 -0.02799999 -0.01322764 0.10265 -0.02609431 -0.01323354 0.1025196 -0.02454608 -0.01324558 0.1022173 -0.03082156 -0.01324009 0.1023627 -0.0321052 -0.01325166 0.1020346 -0.03235018 -0.01325386 0.101957 0.02295202 -0.01328319 0.09874492 0.01799994 -0.01331466 0.09964996 0.01831269 -0.01331454 0.0996465 0.01988387 -0.01331043 0.09952265 0.02144545 -0.01329988 0.09921938 0.01515281 -0.01330471 0.09935742 0.01673519 -0.01331275 0.09959274 0.01078885 -0.0132423 0.09764999 0.01081722 -0.013255 0.09766697 0.01214694 -0.01327139 0.09836775 0.01362037 -0.01329016 0.09894728 0.01389473 -0.01329326 0.09903454 0.008894503 -0.01323813 0.09515523 0.002984344 -0.01301312 0.10515 0.003005146 -0.01305264 0.1050896 0.003469645 -0.01316821 0.1037405 0.004631817 -0.01332473 0.1003653 0.006281614 -0.01322972 0.09557396 -0.00101757 -0.01285064 0.1070716 4.74661e-4 -0.01289671 0.1065351 0.00189656 -0.01295644 0.1058335 -0.002548158 -0.01281952 0.1074336 -0.003136277 -0.01281166 0.1075254 -0.007285535 -0.01281708 0.1074622 -0.005708396 -0.01280248 0.1076321 -0.004120409 -0.01280331 0.1076223 -0.008840501 -0.01284712 0.1071129 -0.01033324 -0.01289165 0.1065943 -0.01175826 -0.01294988 0.1059107 -0.01298433 -0.01301312 0.10515 -0.01300042 -0.0130437 0.1051031 -0.01336538 -0.01313579 0.1040434 -0.01427632 -0.01330292 0.1013978 -0.01557093 -0.0132389 0.09763801 -0.01583379 -0.01322495 0.09716975 -0.01624667 -0.01322013 0.09682303 -0.01640981 -0.01321965 0.0967428 -0.01776999 -0.01322031 0.09684562 -0.01730918 -0.01321947 0.09666091 -0.01710718 -0.01321947 0.09663099 -0.01675212 -0.01321947 0.09664523 0.008496582 -0.01325058 0.09479141 0.008000016 -0.01325941 0.09459269 0.007817864 -0.01326066 0.094567 0.007462143 -0.01325994 0.0945813 0.00712049 -0.01325541 0.09467875 0.006937682 -0.01325148 0.09477043 0.00655806 -0.01324003 0.09508955 -0.03778308 -0.01404339 0.09803634 -0.0392304 -0.01325345 0.09815394 -0.03873223 -0.01383936 0.09771156 -0.03966349 -0.01344472 0.09764248 -0.04001075 -0.01322102 0.09694153 -0.04104346 -0.01377803 0.07693862 -0.04082161 -0.01408952 0.07654595 -0.04036933 -0.01458412 0.07616168 -0.04003137 -0.01489484 0.07567816 -0.03927332 -0.01526343 0.07712936 -0.03934305 -0.01504248 0.07894301 -0.03937631 -0.01480221 0.08096969 -0.03946822 -0.01414746 0.08601117 -0.03953737 -0.01366847 0.09071838 -0.03956496 -0.01347947 0.09482514 -0.03278863 -0.01868885 0.01943945 -0.03289031 -0.01866656 0.01940858 -0.0327931 -0.01867407 0.01925933 -0.03231984 -0.01872169 0.01910299 -0.03225439 -0.01874405 0.01922285 -0.03180438 -0.01888966 0.02018898 -0.03146886 -0.0189889 0.02125203 -0.03124195 -0.01905065 0.02263182 -0.03110259 -0.0190851 0.02427423 -0.03079062 -0.01915991 0.0290867 -0.03067284 -0.01918745 0.03210026 -0.03066343 -0.01918965 0.03673571 -0.03085249 -0.01914483 0.03987586 -0.03089642 -0.01913422 0.04028946 -0.03129786 -0.01903396 0.04272508 -0.03198152 -0.01885414 0.04536581 -0.03280383 -0.01861977 0.04824316 -0.0345906 -0.01801806 0.05476713 -0.03271943 -0.0187093 0.01954418 -0.03224533 -0.01884394 0.02040088 -0.03189301 -0.01893836 0.02137035 -0.03165519 -0.01899921 0.02267253 -0.03150945 -0.0190351 0.02430593 -0.03118354 -0.01911312 0.02910614 -0.03106063 -0.01914185 0.03211057 -0.0310508 -0.01914411 0.03672468 -0.03124809 -0.0190978 0.0398361 -0.03129398 -0.01908683 0.04024386 -0.03171378 -0.01898396 0.0426318 -0.03243148 -0.01879715 0.04524028 -0.03330034 -0.01855027 0.04810297 -0.03522336 -0.01790153 0.05460941 -0.03678447 -0.01722979 0.06031101 -0.03809851 -0.01649743 0.06478255 -0.03842812 -0.01622635 0.067119 -0.0393055 -0.01549631 0.07320427 -0.03911012 -0.0153805 0.07673263 -0.03880524 -0.01554483 0.07634335 -0.03858655 -0.01566481 0.07585602 -0.0380786 -0.01600778 0.07337367 -0.0372973 -0.01664793 0.06729239 -0.03699189 -0.01689797 0.06496071 -0.03597015 -0.01743137 0.06048011 0.02990001 -0.01372712 0.032 0.02960675 -0.01444399 0.032 0.02913975 -0.01506185 0.032 0.03024315 -0.01295912 0.03062659 0.0315749 -0.01295912 0.0288189 0.03094309 -0.01295912 0.02942019 0.03041529 -0.01295912 0.03022521 0.03043711 0.01699167 0.03018176 0.03132468 0.01699167 0.02902626 0.03256726 0.01699167 0.02826535 0.03201466 -0.01295912 0.02852743 0.03323811 0.01699167 0.02807319 0.03323811 -0.01295912 0.02807319 0.03184753 -0.01424294 0.02852743 0.03081166 -0.01396858 0.02942019 0.0304262 -0.01491075 0.02942019 0.03013503 -0.01378941 0.03062659 0.02981799 -0.01456433 0.03062659 0.02931314 -0.01523232 0.03062659 0.03323048 -0.01348322 0.02807044 -0.04171681 -0.01247036 0.06711888 -0.04193115 -0.01170939 0.0625661 -0.04196524 -0.01151573 0.06071436 -0.04196512 -0.01151657 0.05842876 -0.04191118 -0.01180624 0.05591708 -0.04179519 -0.01224285 0.05330544 -0.04160469 -0.01274406 0.05052965 -0.04132443 -0.01327884 0.04756265 -0.04093807 -0.01383334 0.04439508 -0.04043024 -0.01440298 0.04103142 -0.0395531 -0.01520919 0.03631728 -0.04192447 -0.01177644 0.06255739 -0.04196089 -0.01156938 0.06071108 -0.04196077 -0.01157033 0.0584321 -0.04190307 -0.01188015 0.05592775 -0.04177862 -0.01234847 0.05332374 -0.04157382 -0.01288694 0.05055612 -0.04127341 -0.01346015 0.047598 -0.04086303 -0.01404988 0.04444003 -0.04033207 -0.01464706 0.04108667 -0.03944456 -0.01546591 0.03638678 -0.03830224 -0.01617389 0.03100025 -0.03814429 -0.01647192 0.0310868 -0.03540039 -0.01752495 0.02281689 -0.03780621 -0.01667463 0.02989035 -0.03797304 -0.01636958 0.02979516 -0.03681671 -0.01695322 0.02625995 -0.03662848 -0.01727473 0.02638089 -0.03351187 -0.01841354 0.01964616 -0.03519701 -0.0178582 0.0229631 -0.0337252 -0.01807153 0.01947516 -0.03233945 -0.01831454 0.01772236 -0.03097307 -0.01728463 0.01531368 -0.03127783 -0.01697838 0.01531124 -0.03068095 -0.01622641 0.01429504 -0.03037852 -0.01649248 0.01424503 -0.0318073 -0.01745098 0.0162096 -0.03150069 -0.01777881 0.01625078 -0.03264838 -0.01796704 0.01763206 -0.03324311 -0.01847714 0.01920163 -0.03348344 -0.01812756 0.0190494 -0.03315293 -0.01848697 0.01905381 -0.0334022 -0.01813578 0.01890814 -0.0325157 -0.01839846 0.01803076 -0.03282636 -0.01804816 0.01793378 -0.03242772 -0.01835751 0.01787632 -0.03273755 -0.01800853 0.01778262 0.02061206 -0.01327669 0.0100848 0.02087783 -0.01309013 5e-4 0.01809012 -0.01451051 5e-4 0.01820296 -0.01447314 0.01087057 0.01499998 -0.01499998 5e-4 0.01703435 -0.01479083 0.01118701 0.01673233 -0.01484876 0.01124876 0.01560688 -0.01498156 0.01139521 0.01499998 -0.01499998 0.01141613 0.0197395 -0.0138055 0.01032525 0.01935225 -0.01400315 0.01046699 0.01899212 -0.01416856 0.01060158 0.01862627 -0.0143193 0.0107299 0.02309012 -0.01087784 5e-4 0.02451056 -0.008090138 5e-4 0.02499997 -0.004999995 5e-4 -0.01499998 -0.01499998 0.01141613 0.006499946 -0.01499998 0.005999982 0.005499958 -0.01499998 0.005731999 0.007499992 -0.01499998 0.005731999 0.008231997 -0.01499998 0.004999995 0.008499979 -0.01499998 0.003999948 0.008231997 -0.01499998 0.002999961 0.007499992 -0.01499998 0.002267897 0.006499946 -0.01499998 0.001999974 -0.01499998 -0.01499998 5e-4 -0.006499946 -0.01499998 0.001999974 -0.007499992 -0.01499998 0.002267897 0.005499958 -0.01499998 0.002267897 0.004767894 -0.01499998 0.002999961 0.004499971 -0.01499998 0.003999948 -0.005499958 -0.01499998 0.002267897 -0.004767894 -0.01499998 0.004999995 -0.004499971 -0.01499998 0.003999948 -0.004767894 -0.01499998 0.002999961 -0.008231997 -0.01499998 0.002999961 -0.008499979 -0.01499998 0.003999948 -0.008231997 -0.01499998 0.004999995 -0.007499992 -0.01499998 0.005731999 -0.006499946 -0.01499998 0.005999982 -0.005499958 -0.01499998 0.005731999 0.004767894 -0.01499998 0.004999995 -0.02499997 -0.004999995 0.00999999 -0.02499997 -0.004999995 5e-4 -0.02475357 -0.007206082 0.00999999 -0.02451056 -0.008090138 5e-4 -0.02309012 -0.01087784 5e-4 -0.02402657 -0.00930351 0.00999999 -0.02451056 -0.008090138 0.00999999 -0.02087783 -0.01309013 5e-4 -0.0212959 -0.01276922 0.00999999 -0.0228548 -0.0111888 0.00999999 -0.01944762 -0.01395642 0.01042741 -0.01969927 -0.01382702 0.01033371 -0.01809012 -0.01451051 5e-4 -0.02055829 -0.01331293 0.01008445 -0.02108484 -0.01293563 0.01000779 -0.01614964 -0.01493364 0.01134157 -0.01729565 -0.01473289 0.01112657 -0.01821976 -0.01446741 0.01086527 -0.02499997 0.000999987 0.005731999 -0.02499997 0 0.005999982 -0.02499997 -0.000999987 0.005731999 -0.02499997 -0.001731991 0.004999995 -0.02499997 -0.001999974 0.003999948 -0.02499997 -0.001731991 0.002999961 -0.02499997 -0.000999987 0.002267897 -0.02499997 0 0.001999974 -0.02499997 0.000999987 0.002267897 -0.02499997 0.001731991 0.002999961 -0.02499997 0.001999974 0.003999948 -0.02499997 0.001731991 0.004999995 0.02499997 -0.000999987 0.002267897 0.02499997 0 0.001999974 0.02499997 0.004999995 5e-4 0.02499997 0.000999987 0.002267897 0.02499997 0.001731991 0.002999961 0.02499997 -0.001731991 0.002999961 0.02499997 -0.001999974 0.003999948 0.02499997 -0.001731991 0.004999995 0.02499997 -0.000999987 0.005731999 0.02499997 0 0.005999982 0.02499997 0.000999987 0.005731999 0.02499997 0.001731991 0.004999995 0.02499997 0.001999974 0.003999948 -0.02449995 -0.004999995 0 -0.02449995 0.004999995 0 -0.01499998 -0.01449996 0 0.01499998 -0.01449996 0 0.02449995 -0.004999995 0 0.02403503 -0.007935643 0 0.02268564 -0.01058393 0 0.02058392 -0.01268565 0 0.01793563 -0.01403498 0 -0.02058392 -0.01268565 0 -0.02268564 -0.01058393 0 -0.02403503 -0.007935643 0 -0.02403503 0.007935643 0 -0.01499998 0.01449996 0 0.01499998 0.01449996 0 0.02449995 0.004999995 0 -0.02268564 0.01058393 0 -0.02058392 0.01268565 0 -0.01793563 0.01403498 0 0.01793563 0.01403498 0 0.02058392 0.01268565 0 0.02268564 0.01058393 0 0.02403503 0.007935643 0 -0.01793563 -0.01403498 0 -0.02685195 -0.004999995 0.0127716 -0.02649998 -0.004999995 0.01259803 -0.02587866 -0.004999995 0.01212131 -0.02540189 -0.004999995 0.0115 -0.02522832 -0.004999995 0.01114803 -0.02143973 -0.0129466 0.01114803 -0.02350401 -0.01434552 0.01297777 -0.02430945 -0.012335 0.0127716 -0.0226885 -0.01448762 0.01289457 -0.02282571 -0.01447451 0.01291441 -0.02303415 -0.01133018 0.01114803 -0.02423274 -0.009401738 0.01114803 -0.02497631 -0.007256448 0.01114803 -0.02354496 -0.01173263 0.01212131 -0.02481973 -0.009681642 0.01212131 -0.02561062 -0.007399916 0.01212131 -0.0256983 -0.01010048 0.0127716 -0.02655988 -0.007614672 0.0127716 -0.02154898 -0.01308149 0.0115 -0.02184915 -0.01345187 0.01212131 -0.02224034 -0.01393461 0.01259803 -0.01978164 -0.01401001 0.01145929 -0.02024674 -0.01440858 0.01235598 -0.02053046 -0.01434201 0.0123623 -0.02202647 -0.01398026 0.01254427 -0.02213209 -0.01473903 0.01289147 -0.02147412 -0.01411098 0.01244223 -0.02199888 -0.01478576 0.01289618 -0.02111232 -0.01503002 0.01296317 -0.02080202 -0.015096 0.01299762 -0.02136284 -0.01319342 0.01145654 -0.02003645 -0.01389598 0.01142799 -0.0208773 -0.01347136 0.01139873 0.02210837 -0.01461458 0.01285606 0.02185481 -0.01471728 0.0128678 0.02169173 -0.01429146 0.01263028 0.02089178 -0.01503098 0.01296389 0.01967799 -0.01405322 0.01147323 0.01996803 -0.01382368 0.0111581 0.0201258 -0.01443356 0.01235413 0.02029556 -0.01405942 0.01192188 0.02069485 -0.0144931 0.01255327 0.02081483 -0.01334923 0.01108306 0.02118915 -0.01370108 0.01196563 0.02065914 -0.01509195 0.01299709 -0.02244752 -0.01512902 0.0130757 -0.02260667 -0.01517522 0.01311135 -0.02338808 -0.01527231 0.01320743 -0.0242595 -0.01522147 0.01320761 -0.02902388 -0.01520842 0.01320254 -0.02947431 -0.01588416 0.01357007 -0.03044015 -0.0159862 0.01398319 -0.03063118 -0.01569563 0.01410996 -0.03034299 -0.01548582 0.01380181 -0.02992743 -0.01598632 0.01371037 -0.03016889 -0.0162369 0.01396006 -0.03005063 -0.01587396 0.01369869 -0.03016299 -0.01575076 0.01371037 -0.03006076 -0.01529765 0.01357007 -0.0297966 -0.01561993 0.0134899 -0.02977085 -0.01510435 0.01338446 -0.02931743 0.01727795 0.01317727 -0.02977949 0.01727795 0.01338934 -0.03021341 0.01727795 0.0136882 0.02932757 -0.0107519 0.01365828 0.02987062 -0.009384453 0.01358085 0.03017115 -0.007959544 0.01351356 0.03017979 -0.008113682 0.01353943 0.03028011 -0.00915271 0.01384043 0.02939081 -0.007812619 0.01313334 0.03016871 -0.007911384 0.01350617 0.02685058 -0.01264762 0.01322698 0.02772355 -0.01312661 0.01384967 0.02750617 -0.01336461 0.01387375 0.02872091 -0.01182055 0.0137344 0.02908456 -0.009086072 0.0131489 0.02856588 -0.01030814 0.01316934 0.02799201 -0.01126426 0.01318955 0.0270543 -0.01243424 0.01322048 0.02370631 -0.01397061 0.01295828 0.02389746 -0.0147764 0.01321232 0.02406555 -0.0155909 0.01378738 0.0239923 -0.01521646 0.01347237 0.02435684 -0.01485663 0.01338142 0.02413076 -0.01598417 0.01426392 0.02469307 -0.0156691 0.01421648 0.02575421 -0.01377689 0.01330786 0.02626311 -0.01456326 0.01404666 0.02065825 -0.01509839 0.01300114 0.0208801 -0.01511681 0.01301616 0.02179193 -0.01516658 0.01309555 0.02202826 -0.01517087 0.01312094 0.02259528 -0.01515305 0.01318699 0.02347141 -0.01523637 0.01339274 -0.01847821 -0.01454836 0.0118063 -0.01748609 -0.01483201 0.01201814 -0.01624727 -0.01504832 0.01219481 -0.01636552 -0.01540195 0.01297682 -0.01772302 -0.01519471 0.01282644 -0.01881206 -0.01492327 0.01264703 -0.01499998 -0.01512008 0.0122565 -0.01499998 -0.01526796 0.01265549 -0.01499998 -0.01547074 0.01302957 0.01499998 -0.01526796 0.01265549 0.01568889 -0.01524811 0.01263964 0.01696401 -0.01510566 0.01252907 0.01730525 -0.01504373 0.01248282 0.018619 -0.01470685 0.01224905 0.01909142 -0.01454532 0.01214712 0.0192911 -0.01423215 0.01158779 0.01969647 -0.01461404 0.01245719 -0.006499946 -0.007999956 0.005999982 -0.007499992 -0.007999956 0.005731999 -0.008231997 -0.007999956 0.004999995 -0.008499979 -0.007999956 0.003999948 -0.008231997 -0.007999956 0.002999961 -0.007499992 -0.007999956 0.002267897 -0.006499946 -0.007999956 0.001999974 -0.005499958 -0.007999956 0.002267897 -0.004767894 -0.007999956 0.002999961 -0.004499971 -0.007999956 0.003999948 -0.004767894 -0.007999956 0.004999995 -0.005499958 -0.007999956 0.005731999 0.006499946 -0.007999956 0.005999982 0.005499958 -0.007999956 0.005731999 0.004767894 -0.007999956 0.004999995 0.004499971 -0.007999956 0.003999948 0.004767894 -0.007999956 0.002999961 0.005499958 -0.007999956 0.002267897 0.006499946 -0.007999956 0.001999974 0.007499992 -0.007999956 0.002267897 0.008231997 -0.007999956 0.002999961 0.008499979 -0.007999956 0.003999948 0.008231997 -0.007999956 0.004999995 0.007499992 -0.007999956 0.005731999 0.01799994 0 0.001999974 0.01799994 0.000999987 0.002267897 0.01799994 0.001731991 0.002999961 0.01799994 0.001999974 0.003999948 0.01799994 0.001731991 0.004999995 0.01799994 0.000999987 0.005731999 0.01799994 0 0.005999982 0.01799994 -0.000999987 0.005731999 0.01799994 -0.001731991 0.004999995 0.01799994 -0.001999974 0.003999948 0.01799994 -0.001731991 0.002999961 0.01799994 -0.000999987 0.002267897 -0.01799994 0 0.005999982 -0.01799994 0.000999987 0.005731999 -0.01799994 0.001731991 0.004999995 -0.01799994 0.001999974 0.003999948 -0.01799994 0.001731991 0.002999961 -0.01799994 0.000999987 0.002267897 -0.01799994 0 0.001999974 -0.01799994 -0.000999987 0.002267897 -0.01799994 -0.001731991 0.002999961 -0.01799994 -0.001999974 0.003999948 -0.01799994 -0.001731991 0.004999995 -0.01799994 -0.000999987 0.005731999 0.004550695 -0.01849997 0.0410518 0.007069826 -0.01849997 0.03963232 0.00166279 -0.01849997 0.04119652 -9.85516e-4 -0.01849997 0.04003584 -0.002836406 -0.01849997 0.03781431 -0.003499984 -0.01849997 0.03499996 -0.002836406 -0.01849997 0.03218561 -9.85516e-4 -0.01849997 0.02996408 0.00166279 -0.01849997 0.02880346 0.004550695 -0.01849997 0.02894812 0.007069826 -0.01849997 0.03036767 -0.01584124 -0.01849997 0.03698551 0.007863223 -0.01849997 0.02979171 0.005656242 -0.01849997 0.02649039 0.002525091 -0.01849997 0.02404791 -0.001214027 -0.01849997 0.0227108 -0.005183935 -0.01849997 0.02261394 -0.00898385 -0.01849997 0.02376711 -0.01223033 -0.01849997 0.02605402 -0.01459574 -0.01849997 0.02924376 -0.01584124 -0.01849997 0.03301441 -0.01459574 -0.01849997 0.04075622 -0.01223033 -0.01849997 0.04394596 -0.00898385 -0.01849997 0.04623281 -0.005183935 -0.01849997 0.04738605 -0.001214027 -0.01849997 0.04728919 0.002525091 -0.01849997 0.04595202 0.005656242 -0.01849997 0.04350954 0.007863223 -0.01849997 0.04020828 0.007908523 -0.01849997 0.03998607 0.007850944 -0.01849997 0.03976666 0.00770241 -0.01849997 0.0395953 0.007493495 -0.01849997 0.03950715 0.007267057 -0.01849997 0.03952038 0.007267057 -0.01849997 0.03047955 0.007493495 -0.01849997 0.03049278 0.00770241 -0.01849997 0.03040462 0.007850944 -0.01849997 0.03023326 0.007908523 -0.01849997 0.03001391 0.029931 0.005833625 0.01341634 0.03035306 0.006412327 0.01405918 0.02024996 0.005833625 0.01341634 0.02024996 0.007622003 0.01609283 0.02024996 0.003157138 0.01162797 0.02962499 0.005613505 0.01320421 0.02924543 0.00546199 0.01306706 0.02024996 -0.003157138 0.01162797 0.02024996 0 0.01099997 0.02024996 -0.005833625 0.01341634 0.02024996 -0.005833625 0.0250836 0.03313571 -0.007622003 0.02240711 0.02024996 -0.007622003 0.02240711 0.03208333 -0.008249998 0.01924997 0.02024996 -0.008249998 0.01924997 0.03103095 -0.007622003 0.01609283 0.02024996 -0.007622003 0.01609283 0.03442758 -0.003156006 0.02687245 0.03444439 -0.003424584 0.02675557 0.02024996 -0.003157138 0.02687197 0.03437542 -0.004558324 0.02612632 0.03402787 -0.005833625 0.0250836 0.02024996 0.003157138 0.02687197 0.03424757 0.001527726 0.02735728 0.02024996 0 0.02749997 0.03415292 0 0.02749997 0.03424757 -0.001527726 0.02735728 0.03103095 0.007622003 0.01609283 0.03208333 0.008249998 0.01924997 0.02024996 0.008249998 0.01924997 0.03313571 0.007622003 0.02240711 0.02024996 0.007622003 0.02240711 0.03402787 0.005833625 0.0250836 0.02024996 0.005833625 0.0250836 0.03437542 0.004558324 0.02612632 0.03442764 0.003157138 0.02687197 0.02024996 -0.00190407 0.02546483 0.02024996 -0.004430115 0.02400642 0.02024996 -0.003249943 0.02487915 0.02024996 0.005827546 0.01637089 0.02024996 0.00190407 0.01303511 0.02024996 -4.20416e-4 0.02573639 0.02024996 4.20416e-4 0.02573639 0.02024996 0.00190407 0.02546483 0.02024996 0.003249943 0.02487915 0.02024996 0.004430115 0.02400642 0.02024996 0.005407154 0.02285724 0.02024996 0.005407154 0.0156427 0.02024996 0.004430115 0.01449352 0.02024996 0.003249943 0.01362079 0.02024996 -0.006334245 0.01779156 0.02024996 -0.006499946 0.01924997 0.02024996 -0.006329655 0.02072829 0.02024996 -0.005827546 0.02212905 0.02024996 -0.005407154 0.02285724 0.02024996 0.005827546 0.02212905 0.02024996 0.006334245 0.02070838 0.02024996 0.006499946 0.01924997 0.02024996 0.006334245 0.01779156 0.02024996 4.20416e-4 0.01276355 0.02024996 -4.20416e-4 0.01276355 0.02024996 -0.00190407 0.01303511 0.02024996 -0.003249943 0.01362079 0.02024996 -0.004430115 0.01449352 0.02024996 -0.005407154 0.0156427 0.02024996 -0.005827546 0.01637089 0.03437542 -0.01295912 0.02612632 0.03437542 0.01699167 0.02612632 0.03444439 0.01699167 0.02675557 0.03424757 0.01699167 0.02735728 0.03382009 0.01699167 0.02782422 0.03382009 -0.01295912 0.02782422 0.03424757 -0.01295912 0.02735728 0.03444439 -0.01295912 0.02675557 0.03424465 -0.01347756 0.02735614 0.03381484 -0.01348245 0.02782303 0.006499946 -0.007999956 0.003999948 -0.006499946 -0.007999956 0.003999948 0.01799994 0 0.003999948 -0.01799994 0 0.003999948 0.02604997 0.006399989 0.07783973 0.02604997 0.008999943 0.07783973 0.02604997 0.006399989 0.07714998 0.02604997 0.008999943 0.07714998 0.009949982 -0.001299977 0.07866567 0.009949982 -0.005599975 0.07866567 0.009949982 -0.001299977 0.07365 0.009949982 -0.005599975 0.07365 -0.01304996 -0.001299977 0.08164995 -0.01304996 -0.005599975 0.08164995 0.02609997 0.004299998 0.03669995 0.00999999 8e-4 0.04439997 -0.01278716 -0.006715714 0.08276194 -0.01290237 -0.006446182 0.08248698 -0.01302617 -0.005944311 0.08198785 -0.01304996 -0.005611002 0.08166074 -0.01220202 -0.007476329 0.08360224 -0.01241636 -0.007263243 0.08335196 0.002202033 -0.007476329 0.08360224 0.002416372 -0.007263243 0.08335196 0.003049969 -0.005611002 0.08166074 0.003026127 -0.005944311 0.08198785 0.002902388 -0.006446182 0.08248698 0.002787172 -0.006715714 0.08276194 0.009949982 -0.005611002 0.07366079 0.01219999 -0.008087456 0.07765001 0.01149326 -0.007909655 0.07773441 0.01165074 -0.007968783 0.07631874 0.0115481 -0.007931649 0.07624834 0.01068222 -0.00736773 0.07806223 0.01079791 -0.007476329 0.07560223 0.01058357 -0.007263243 0.07535195 0.01009756 -0.006446182 0.07448697 0.01014029 -0.006556689 0.07846879 0.009973824 -0.005944311 0.07398784 0.009199976 0.01199996 0.08064997 -0.03700184 0.01199996 0.08089363 -0.03581762 0.01005256 0.08064997 -0.03581762 0.01199996 0.08064997 -0.03599655 0.009513974 0.08065533 -0.03799372 0.01199996 0.08158493 -0.03863215 0.01199996 0.08261162 0.02499997 0.01199996 0.07765001 0.02499997 0.01103651 0.07765001 0.02649998 0.01199996 0.07805192 0.02559816 0.01043343 0.07771021 0.02595931 0.009667217 0.07780748 0.02759802 0.01199996 0.07914996 -0.03553074 0.01052528 0.08064997 -0.03465378 0.0112431 0.08064997 -0.03354996 0.0115 0.08064997 -0.0223 0.01199996 0.08064997 -0.02244997 0.0115 0.08064997 -0.0223 0.01149547 0.08064997 0.0246061 0.01126593 0.07765001 0.02354997 0.0115 0.07765001 0.01244997 0.0115 0.07765001 0.01219999 0.01199996 0.07765001 0.01219999 0.01148742 0.07765001 0.009601891 0.01199996 0.07914996 0.01003289 0.009638369 0.07857549 0.01026219 0.01020979 0.07835978 0.01069998 0.01199996 0.07805192 0.01069998 0.01078534 0.07805192 0.01080948 0.01088643 0.07799166 0.01157289 0.01134109 0.07771623 0.01137173 0.0112555 0.07776659 -0.02003544 0.009648025 0.08163297 -0.01961529 0.01199996 0.08219999 -0.02074998 0.01199996 0.08106529 -0.02144879 0.01129072 0.08076912 -0.02074998 0.01083302 0.08106529 -0.02028203 0.01024502 0.08139669 0.02924543 0.01345676 0.01306706 -0.04031175 0.01199996 0.09328925 -0.03830713 0.01199996 0.0970214 -0.03972429 0.01199996 0.0953781 -0.03415763 0.01199996 0.09787529 -0.0363273 0.01199996 0.09790956 -0.0290113 0.01199996 0.09716928 0.01789253 0.01199996 0.09415018 0.02387404 0.01199996 0.09480923 0.006254255 0.01199996 0.09689521 0.01191651 0.01199996 0.09485769 -0.01412987 0.01199996 0.1010697 -0.01880121 0.01199996 0.09879773 -0.02382606 0.01199996 0.09748077 0.02808755 0.01199996 0.09385251 0.02608948 0.01199996 0.09480947 0.02947598 0.01199996 0.09212613 0.0299822 0.01199996 0.08996927 0.001197636 0.01199996 0.1001577 -5.10534e-4 0.01199996 0.1010727 -0.002438306 0.01199996 0.1012696 -0.01238113 0.01199996 0.1017333 -0.01051086 0.01199996 0.1017078 -0.006490767 0.01199996 0.1011904 0.0299822 0.01728838 0.08996927 0.02999997 0.01700168 0.08516687 0.0266968 0.01920199 0.09463047 0.02637302 0.01926571 0.09473633 0.02537739 0.01940828 0.09491795 0.02520215 0.0194258 0.09492874 0.02388834 0.01893359 0.09481245 0.02387404 0.01892799 0.09480923 0.02770054 0.01893752 0.09413021 0.0280888 0.01880127 0.0938515 0.02920836 0.01822823 0.09260588 0.02841126 0.01866888 0.09357261 0.02997761 0.01730352 0.09015184 0.02997374 0.01731562 0.09022736 0.02994644 0.01739025 0.09053158 0.02991724 0.01745688 0.09073793 0.02965348 0.01784235 0.091717 0.02947634 0.01801723 0.09212541 -0.04031175 0.01909267 0.09328925 -0.04045653 0.01871758 0.0906285 -0.01051086 0.01949876 0.1017078 -0.008025109 0.0194928 0.1013169 -0.005527079 0.01948893 0.1011551 -0.003022074 0.01949059 0.1012212 -0.002438306 0.01949179 0.1012696 -0.02685844 0.01921528 0.09717458 -0.02930003 0.01921617 0.09718191 -0.03173494 0.01924347 0.09741449 -0.03415763 0.01929414 0.09787529 -0.02531838 0.01922851 0.09728598 -0.023826 0.01925104 0.09748077 -0.01678103 0.01944077 0.09964197 -0.01818066 0.01939952 0.09903633 -0.0204944 0.01933032 0.09823513 -0.02287536 0.01927 0.09765022 -0.01461988 0.01948964 0.1007759 -0.01412987 0.01949584 0.1010697 0.001197636 0.01948004 0.1001577 0.003154516 0.01939702 0.09869861 0.005239367 0.01927864 0.09742462 0.006254255 0.01921838 0.09689521 0.01196551 0.01893377 0.09484618 0.01191651 0.01893556 0.09485769 0.009616196 0.0190342 0.09551113 0.007318973 0.01915639 0.09639787 0.01789247 0.01882153 0.09415018 0.01588487 0.01883548 0.09423452 0.0143612 0.01886278 0.094401 0.02318441 0.01890474 0.09466207 0.02077275 0.01884555 0.09429544 0.01833826 0.01882189 0.09415215 -0.03582584 0.01929831 0.09798645 -0.0363273 0.01929539 0.09790956 -0.04027998 0.0191099 0.09363901 -0.04019337 0.01913356 0.09412801 -0.03979474 0.01918518 0.0952419 -0.03955215 0.01920437 0.09567379 -0.03881043 0.01924341 0.09659171 -0.03697586 0.01928859 0.09772986 -0.03743696 0.01928138 0.09754163 -0.03843843 0.01925683 0.09692013 -0.03532803 0.01929926 0.09801214 -0.001910865 0.01949197 0.1012909 -0.001410722 0.01949167 0.1012596 -2.60115e-4 0.01948928 0.1009889 2.01724e-4 0.01948738 0.1007938 -0.01379042 0.01949691 0.1012604 -0.01333302 0.01949787 0.1014662 -0.01218873 0.01949894 0.1017634 -0.01168906 0.01949906 0.1018061 -0.0331155 0.01862972 0.01877945 -0.03285062 0.0191763 0.01998066 -0.03314822 0.0185281 0.01883506 -0.0320574 0.01947504 0.02102637 -0.03287887 0.01908975 0.02002513 -0.03089553 0.01946586 0.02170592 -0.03208541 0.01939797 0.02106422 -0.0331977 0.01838123 0.01891952 -0.03354549 0.0175178 0.01952481 -0.03395414 0.01675391 0.02026468 -0.03445822 0.01605498 0.02122437 -0.03493827 0.01558274 0.02219277 -0.03500509 0.01553058 0.02233231 -0.03548359 0.01525193 0.02336758 -0.0359497 0.01514804 0.02444583 -0.03292161 0.01896452 0.02009272 -0.0332235 0.01822298 0.02058118 -0.03358101 0.01755905 0.02118605 -0.03402501 0.01694387 0.02198034 -0.03444993 0.01652264 0.02279001 -0.03450924 0.01647567 0.02290713 -0.0349341 0.016222 0.02377986 -0.03534829 0.01612126 0.02469336 -0.03212773 0.01928651 0.02112179 -0.03242492 0.01862746 0.02153801 -0.03277331 0.01803886 0.02205425 -0.03320127 0.01749491 0.02273333 -0.03360635 0.0171234 0.02342712 -0.03366249 0.01708203 0.02352762 -0.03406256 0.01685911 0.02427732 -0.03444832 0.01677161 0.02506381 -0.03092694 0.019391 0.02174401 -0.0309742 0.01928305 0.02180165 -0.03130203 0.01865392 0.02221286 -0.03167784 0.01810616 0.02271139 -0.03212875 0.01761329 0.02335381 -0.03254598 0.0172863 0.02399945 -0.03260314 0.01725059 0.02409237 -0.03300583 0.01706326 0.02478182 -0.03338664 0.01699995 0.02550077 -0.03544294 0.01699995 0.03168332 -0.03452205 0.01699995 0.02855634 -0.03655481 0.01677161 0.0313974 -0.03561145 0.01677161 0.02819406 -0.0374974 0.01612126 0.03115499 -0.03653496 0.01612126 0.02788692 -0.03812724 0.01514804 0.03099304 -0.03715205 0.01514804 0.02768164 -0.03866696 0.0169993 0.06867456 -0.03860265 0.01699995 0.06867027 -0.03895747 0.01699995 0.06140047 -0.03926008 0.01692676 0.06871426 -0.04018974 0.01654368 0.06877636 -0.03974825 0.01677161 0.06874686 -0.0401054 0.01677161 0.06141912 -0.0410785 0.01612126 0.06143498 -0.0409404 0.0158739 0.06882649 -0.04172873 0.01514804 0.06144553 -0.04142755 0.01499289 0.06885904 -0.03882825 0.01699995 0.05389946 -0.0399748 0.01677161 0.05384129 -0.03819715 0.01699995 0.04642397 -0.03933727 0.01677161 0.04628914 -0.03706699 0.01699995 0.03900754 -0.03819555 0.01677161 0.03879666 -0.04094684 0.01612126 0.05379194 -0.04030376 0.01612126 0.04617488 -0.03915226 0.01612126 0.0386179 -0.04159629 0.01514804 0.05375897 -0.04094958 0.01514804 0.04609847 -0.03979152 0.01514804 0.03849846 -0.04051285 0.01612126 0.0727545 -0.04098892 0.01549994 0.07277947 -0.03989237 0.01659804 0.07272201 -0.03839445 0.01699995 0.07264351 -0.04050898 0.01868444 0.082686 -0.0404548 0.01876741 0.08262348 -0.04032319 0.01770597 0.08055722 -0.04079002 0.01693511 0.08101135 -0.0407328 0.0181998 0.08304035 -0.04082876 0.0175141 0.08351463 -0.04080516 0.01788997 0.08325827 -0.0400018 0.01655125 0.07443916 -0.03865945 0.01705586 0.07432186 -0.04018682 0.01688176 0.07774782 -0.03916347 0.01749223 0.07751357 -0.04095107 0.01548027 0.07458847 -0.04086822 0.01592814 0.07806569 -0.03989934 0.01933974 0.08217382 -0.03958648 0.01829123 0.08019238 -0.03927558 0.01765769 0.07822358 0.01124995 0.01990747 0.03099995 0.01124995 0.01299995 0.03099995 0.01434832 0.0197491 0.03099995 0.01249998 0.01299995 0.03099995 0.01742058 0.01985466 0.03099995 0.02046233 0.02022212 0.03099995 0.02258986 0.02064287 0.03099995 0.02910101 0.01699167 0.03099995 0.02702808 0.02083593 0.03099995 0.0256474 0.02144736 0.03099995 0.02813649 0.01981037 0.03099995 0.02885317 0.01848125 0.03099995 0.01249998 0.01299995 0.05179995 0.02292591 0.02055627 0.05179995 0.0209102 0.02029925 0.05179995 0.01784282 0.01988977 0.05179995 0.01474404 0.01974803 0.05179995 0.026389 0.02051752 0.05179995 0.02698886 0.02012306 0.05179995 0.02849996 0.01699167 0.05179995 0.01163858 0.01987296 0.05179995 0.01124995 0.01299995 0.05179995 0.01124995 0.01990747 0.05179995 0.02392643 0.02059173 0.05179995 0.02609658 0.02059173 0.05179995 0.02619051 0.02058434 0.05179995 0.02750855 0.01962769 0.05179995 0.027938 0.01903623 0.05179995 0.0282526 0.01837652 0.05179995 0.008249998 0.02062565 0.04879999 0.008249998 0.01299995 0.04879999 0.008249998 0.02062565 0.03399997 0.008249998 0.01299995 0.03399997 0.008317887 0.02060264 0.03336524 0.009334683 0.02029675 0.03169095 0.008883833 0.02042359 0.03215569 0.008651912 0.01299995 0.03249996 0.008686602 0.02048349 0.03244137 0.008413612 0.02057081 0.03302264 0.009749948 0.01299995 0.03140187 0.01055073 0.02002197 0.03108263 0.01019716 0.02009189 0.03119081 0.009749889 0.02019196 0.03140193 0.009618341 0.02022391 0.03148251 0.01060765 0.02001148 0.05173039 0.009749948 0.01299995 0.05139803 0.01025283 0.02008032 0.05162942 0.008651912 0.01299995 0.0503 0.008697867 0.02047997 0.05037695 0.008913755 0.02041476 0.050682 0.009371578 0.02028697 0.05113911 0.009668052 0.02021169 0.05134898 0.009749889 0.02019196 0.05139797 0.008317708 0.0206027 0.04943388 0.008420884 0.02056843 0.04979807 0.008652031 0.02049428 0.05030018 0.009499967 0.01299995 0.03399997 0.009499967 0.01299995 0.04879999 0.01099997 0.01299995 0.05139803 0.01099997 0.01299995 0.03140187 0.009901881 0.01299995 0.03249996 0.009901881 0.01299995 0.0503 0.007499992 0.01499998 0.002267897 0.01499998 0.01499998 5e-4 0.006499946 0.01499998 0.001999974 0.005499958 0.01499998 0.002267897 0.008231997 0.01499998 0.002999961 0.008499979 0.01499998 0.003999948 0.008231997 0.01499998 0.004999995 -0.006499946 0.01499998 0.005999982 -0.007499992 0.01499998 0.005731999 -0.008231997 0.01499998 0.004999995 -0.008499979 0.01499998 0.003999948 -0.008231997 0.01499998 0.002999961 0.007499992 0.01499998 0.005731999 0.006499946 0.01499998 0.005999982 0.005499958 0.01499998 0.005731999 -0.007499992 0.01499998 0.002267897 -0.006499946 0.01499998 0.001999974 -0.005499958 0.01499998 0.002267897 0.004767894 0.01499998 0.002999961 -0.004767894 0.01499998 0.002999961 0.004499971 0.01499998 0.003999948 -0.004499971 0.01499998 0.003999948 0.004767894 0.01499998 0.004999995 -0.004767894 0.01499998 0.004999995 -0.005499958 0.01499998 0.005731999 0.01809012 0.01451051 5e-4 0.02087783 0.01309013 5e-4 0.02309012 0.01087784 5e-4 0.02451056 0.008090138 5e-4 -0.006499946 0.007999956 0.001999974 -0.007499992 0.007999956 0.002267897 -0.008231997 0.007999956 0.002999961 -0.008499979 0.007999956 0.003999948 -0.008231997 0.007999956 0.004999995 -0.007499992 0.007999956 0.005731999 -0.006499946 0.007999956 0.005999982 -0.005499958 0.007999956 0.005731999 -0.004767894 0.007999956 0.004999995 -0.004499971 0.007999956 0.003999948 -0.004767894 0.007999956 0.002999961 -0.005499958 0.007999956 0.002267897 0.006499946 0.007999956 0.001999974 0.005499958 0.007999956 0.002267897 0.004767894 0.007999956 0.002999961 0.004499971 0.007999956 0.003999948 0.004767894 0.007999956 0.004999995 0.005499958 0.007999956 0.005731999 0.006499946 0.007999956 0.005999982 0.007499992 0.007999956 0.005731999 0.008231997 0.007999956 0.004999995 0.008499979 0.007999956 0.003999948 0.008231997 0.007999956 0.002999961 0.007499992 0.007999956 0.002267897 0.02930527 0.01499998 0.01313495 0.02944159 0.01499998 0.01317918 0.02930217 0.01428639 0.01309329 0.03133696 0.0192781 0.01701092 0.03182917 0.02048569 0.01848751 0.03237837 0.02153235 0.02013516 0.03434187 0.02139317 0.02602565 0.03292369 0.02234166 0.02177119 0.03361362 0.02311009 0.02384096 0.03434187 0.02366757 0.02602565 0.03111904 0.01863038 0.01635718 0.0343604 0.01919257 0.02608126 0.03035742 0.01423567 0.01407229 0.03035306 0.01345676 0.01405918 0.03037703 0.01499998 0.01413112 0.03038698 0.01519566 0.01416093 0.03040289 0.01542562 0.01420867 0.03046309 0.01592057 0.01438939 0.03075402 0.01731342 0.01526218 0.02993083 0.01345676 0.01341617 0.02995514 0.01426458 0.01344788 0.03001266 0.01500016 0.01353919 0.03010421 0.01699167 0.03061509 0.02963823 0.01699167 0.03090047 0.02924996 0.01699167 0.05200093 0.02979904 0.01699167 0.05254995 0.02602612 0.009344279 0.07748782 0.02604997 0.00900954 0.07716166 0.009949982 0.00900954 0.07716166 0.009973824 0.009344279 0.07748782 0.01009756 0.00984621 0.07798695 -0.02009755 0.00984621 0.08098697 -0.01994997 0.00900954 0.08016169 -0.01997381 0.009344279 0.08048784 -0.03604996 0.00900954 0.08016169 -0.03602617 0.009344279 0.08048784 0.006499946 0.007999956 0.003999948 -0.006499946 0.007999956 0.003999948 -0.02781069 0.01499998 0.04379999 -0.02667462 0.01499998 0.04379999 -0.02680265 0.01499998 0.04397439 -0.02591186 0.01499998 0.0444774 1.3935e-5 0.0244857 0.03915232 8.62022e-4 0.0241357 0.04126161 -3.14264e-4 0.02462249 0.0293554 0.01046764 0.02150052 0.05319559 0.01024323 0.0215286 0.05313766 0.01023513 0.02152961 0.05458372 0.01024252 0.02152866 0.01938223 0.01024353 0.02152854 0.02966225 0.01038587 0.0215106 0.02962392 0.0108599 0.0214551 0.01928955 0.01139086 0.02140086 0.02949994 0.01148009 0.02139252 0.01921248 0.0143606 0.02124905 0.02949994 0.01353812 0.02126556 0.01906073 0.01558351 0.02126055 0.01905494 0.01586925 0.0212695 0.02949994 0.01586979 0.0212695 0.01906538 0.009767651 0.02159309 0.05425143 0.009957849 0.02156645 0.05304414 0.008733153 0.02175712 0.05340194 0.009117841 0.02169227 0.05262351 0.008692145 0.02176427 0.05230873 0.007359445 0.02202665 0.05202901 0.008034825 0.02188664 0.05162304 0.007725 0.02194905 0.0511654 0.005995571 0.02235502 0.05037695 0.007327556 0.02203363 0.05029708 0.007179558 0.02206641 0.04975086 0.004733622 0.0227158 0.04856169 0.007082402 0.02208834 0.04879999 0.007082402 0.02208834 0.03399997 0.007179796 0.02206635 0.03304791 0.007317185 0.02203589 0.03253394 0.005118548 0.02259975 0.021043 0.007708907 0.02195239 0.03166204 0.007991909 0.02189511 0.03123354 0.008639156 0.02177363 0.03053641 0.009046435 0.02170395 0.03022378 0.005782127 0.02241212 0.0207014 0.00987786 0.02157753 0.02978616 0.007299363 0.02203983 0.02009367 0.008992373 0.02171289 0.01962435 0.01371258 0.02126044 0.05602455 0.01469939 0.02124792 0.05609279 0.01473999 0.02124804 0.05329996 0.01536291 0.02125531 0.05605244 0.01586925 0.0212695 0.05329996 0.01139086 0.02140086 0.05329996 0.01091235 0.02144938 0.05500781 0.01176327 0.02136772 0.05329996 0.01202952 0.02134656 0.05555731 0.01272851 0.02130085 0.05580461 0.01820915 0.0214321 0.05509841 0.01932018 0.02156621 0.05438917 0.01770967 0.02138382 0.05329996 0.02043008 0.02173793 0.0534954 0.02064609 0.02177578 0.05329996 0.01587277 0.02126961 0.0559743 0.01635134 0.02128988 0.05586385 0.0173555 0.02135413 0.05551618 0.001850128 0.02373927 0.04339218 0.004892289 0.02266734 0.03474986 0.002946436 0.02332204 0.04551249 0.004133224 0.02290755 0.04759138 0.002973914 0.02331197 0.02258616 0.004007577 0.02294933 0.02175277 0.004666626 0.02273654 0.04845666 -4.86724e-4 0.0246945 0.02759128 -9.17766e-4 0.02487462 0.02889889 -0.001164317 0.02497756 0.02999943 -0.001337647 0.0250498 0.03142565 -0.001356542 0.02505767 0.03290754 -0.001326084 0.02504497 0.03344047 0.002328872 0.0235536 0.0232073 0.001470029 0.02388989 0.02418738 6.96854e-4 0.02420336 0.02527034 6.46627e-5 0.0244646 0.02636814 -0.001111209 0.02495539 0.03512555 -7.15487e-4 0.0247901 0.0368784 0.01759612 0.02137392 0.01919001 0.01730513 0.0213502 0.02949994 0.0197497 0.02162808 0.01951193 0.02021759 0.02170205 0.02949994 0.02115643 0.02187126 0.01984709 0.02523273 0.02288889 0.02949994 0.02637761 0.02322304 0.0284295 0.02225428 0.02210485 0.02949994 0.02115309 0.02187061 0.02949994 0.02677798 0.02334111 0.0281167 0.0267989 0.02334725 0.02233171 0.02613741 0.02315235 0.02195793 0.02493047 0.02280247 0.02132582 0.02319961 0.0223338 0.02054834 0.0215075 0.02194178 0.01994979 0.02759307 0.02358067 0.02757477 0.02833026 0.02379399 0.02718824 0.02824634 0.02376997 0.02320349 0.02957057 0.02413809 0.02674096 0.03063768 0.02441173 0.02473211 0.03074645 0.02443826 0.02653139 0.03141278 0.02459555 0.02649998 0.03228807 0.02478784 0.02649998 0.03313177 0.02495753 0.02647489 0.03316569 0.02496403 0.02649998 0.03291881 0.02139317 0.02799999 0.03291881 0.02338653 0.02799999 0.03269344 0.02179974 0.02799999 0.03259676 0.02331995 0.02799999 0.03174769 0.02313345 0.02799999 -0.01008808 0.01499998 0.0444774 -0.009325325 0.01499998 0.04379999 -0.009197294 0.01499998 0.04397439 -0.00818926 0.01499998 0.04379999 0.02943444 0.01899123 0.0148648 0.02782118 0.02032029 0.01529932 0.02891308 0.02157741 0.01710247 0.03187298 0.02362424 0.02156263 0.03191244 0.02372914 0.02178466 0.03245526 0.0244925 0.02379679 0.03055936 0.02015596 0.01645433 0.03055936 0.02017253 0.01646846 0.03095924 0.02152287 0.01803004 0.02927786 0.0172525 0.01368987 0.02849858 0.01802039 0.01368981 0.0249843 0.01945006 0.01393067 0.02515751 0.0197733 0.01427847 0.02619236 0.01922482 0.01382052 0.02608418 0.02125042 0.01612138 0.0268076 0.01901686 0.01377338 0.02781933 0.01850855 0.01371324 0.03011006 0.01793742 0.01461678 0.02990949 0.01637125 0.01372748 0.02972507 0.016662 0.01371133 0.03038704 0.01942366 0.01576226 0.03141522 0.02270823 0.01979959 0.03030955 0.02276819 0.0193305 0.03095877 0.02422434 0.02246111 0.03153777 0.02444005 0.02324408 0.03273385 0.02481019 0.02486467 0.02795273 0.02268117 0.01850467 0.03010958 0.02262091 0.0190168 0.02964252 0.02363669 0.02069306 0.02627336 0.02150589 0.01649141 0.02629286 0.02152079 0.01651358 0.0274679 0.02236479 0.01790362 0.0295521 0.01539981 0.01327061 0.02938807 0.01537078 0.01320141 0.02964621 0.01569306 0.01336604 0.02894866 0.0161938 0.01318341 0.02858358 0.016685 0.01317769 0.02794122 0.01731795 0.01317769 0.02737659 0.01771634 0.01318395 0.02652901 0.01812595 0.01319998 0.02601021 0.01829028 0.01321268 0.0249843 0.01845949 0.01324242 0.02516871 0.02101838 0.01580005 0.0231266 0.02021801 0.01478654 0.02094244 0.01955223 0.01403874 0.02053272 0.01945006 0.01393067 -0.02847808 0.01656061 0.02720814 -0.02828502 0.01624995 0.02734804 -0.02756905 0.01632469 0.02647984 -0.02595984 0.01703554 0.02499401 -0.02683019 0.01657468 0.0257315 -0.02646213 0.01599997 0.02559989 -0.02711528 0.01599997 0.02620768 -0.0281918 0.01599997 0.02741557 -0.02800291 0.0168578 0.02622109 -0.02872967 0.01679903 0.02702587 -0.02933698 0.01699995 0.02658587 -0.02566832 0.01649516 0.02492851 -0.02476018 0.01722955 0.02428573 -0.02506858 0.01767182 0.02436619 -0.02390891 0.01810497 0.02378481 -0.02422124 0.01844888 0.02386808 -0.02316176 0.01910519 0.0234155 -0.02346962 0.019351 0.02349597 -0.02280861 0.01972377 0.0232619 -0.02311217 0.01991373 0.02333992 -0.02243179 0.02065736 0.02311199 -0.02272945 0.0207675 0.02318692 -0.02231371 0.02113169 0.02306789 -0.02260929 0.02120256 0.0231418 -0.02222841 0.02199995 0.02303689 -0.02252238 0.02199995 0.02311003 -0.02724897 0.01707524 0.02552878 -0.02635788 0.0174843 0.02484768 -0.02544337 0.01805567 0.02426946 -0.02457278 0.01875871 0.02381229 -0.02379989 0.01957917 0.02347242 -0.02343213 0.02009236 0.02333056 -0.0230382 0.02087241 0.02319204 -0.02291446 0.02127033 0.02315133 -0.02282506 0.02199995 0.02312266 -0.02854984 0.01709502 0.02579224 -0.02774059 0.01734077 0.02513527 -0.02679497 0.01776552 0.02451437 -0.02583509 0.01833039 0.02400815 -0.0249288 0.0190038 0.02362293 -0.02412879 0.01977324 0.02334666 -0.02374929 0.020249 0.02323448 -0.02334344 0.02096718 0.02312707 -0.02321612 0.02133208 0.02309596 -0.02312409 0.02199995 0.0230742 0.02997738 0.01748943 0.07376581 0.02998286 0.01742535 0.07026439 0.02993947 0.01780527 0.06666266 0.02992963 0.01786851 0.09017276 0.02995359 0.0177043 0.09005111 0.02966308 0.0188871 0.08149755 0.02995705 0.01767772 0.09002089 0.02990996 0.01798248 0.07742959 0.02969598 0.01879489 0.08113145 0.02999991 0.01701366 0.08516615 0.0299611 0.0176444 0.08994787 0.02863907 0.02061355 0.0878368 0.02928006 0.01971209 0.09100252 0.0292297 0.01979881 0.08488994 0.02967178 0.01886308 0.09064698 0.02990388 0.01801514 0.09025532 0.02752375 0.02158594 0.09172362 0.0279532 0.02127248 0.09161221 0.02857863 0.02068144 0.09138923 0.0270974 0.02183973 0.05329996 0.02711337 0.02183115 0.05332219 0.02792221 0.02129727 0.05329996 0.02794927 0.02127563 0.0547719 0.02863675 0.02061617 0.05329996 0.02860593 0.02065104 0.05645161 0.02922725 0.01980292 0.05329996 0.02911293 0.0199868 0.0583325 0.02965986 0.0188958 0.05329996 0.02947229 0.01934242 0.06030774 0.02981555 0.01840388 0.0636996 0.02931571 0.02383208 0.02158671 0.03157287 0.02448844 0.02351027 0.02282357 0.02203267 0.05354416 0.02317154 0.02188748 0.05431312 0.02392643 0.02204811 0.05365908 0.02178657 0.02163207 0.05536544 -0.002863049 0.02551645 0.03297203 -0.004140615 0.02564555 0.03388166 -0.002832889 0.02550333 0.03356343 -0.004077255 0.02550011 0.03634965 -0.002619802 0.02541071 0.03542166 -0.004078388 0.02549499 0.03640949 -0.002224743 0.02523869 0.03733706 0.01826018 0.01956057 0.01408195 0.01790887 0.0207715 0.01609647 0.01579457 0.01959621 0.01416635 0.01568216 0.0206142 0.01590001 0.01333284 0.01959526 0.01416343 0.01342183 0.02062106 0.01590847 0.01237249 0.01958638 0.01413869 0.01114571 0.02079725 0.01612913 0.01003372 0.019526 0.01402431 0.0104587 0.02088421 0.01624083 0.02721774 0.02313286 0.01995652 0.02597045 0.02270662 0.01910436 0.02412509 0.02210175 0.01803177 0.03344488 0.02500015 0.02605551 0.03335618 0.02499908 0.02648174 0.03351616 0.02501934 0.02624332 0.03354358 0.02503079 0.02646392 0.02226066 0.02156555 0.01718837 0.02029961 0.02112591 0.01656198 0.008746862 0.01945006 0.01393067 0.007678627 0.01973009 0.01423096 0.008385181 0.02124357 0.01672363 0.005579233 0.02042144 0.01503127 0.006497025 0.02170097 0.01739251 0.003688573 0.02120459 0.01605683 0.004796385 0.02222305 0.01824378 0.0028584 0.02159559 0.01662576 0.004049658 0.02248609 0.01871478 0.002074241 0.02199029 0.01724582 0.002798974 0.022973 0.0196762 0.001470506 0.02231007 0.01778692 2.22991e-4 0.02300578 0.01911127 0.001654744 0.02346009 0.02077758 -5.29275e-4 0.02344113 0.02007079 9.52927e-4 0.02377301 0.02158075 -0.00117278 0.02381843 0.02101182 3.37621e-5 0.0241931 0.02282047 -0.001498878 0.0240103 0.0215395 -0.002340316 0.02450352 0.02310442 -7.78428e-4 0.02456885 0.02415651 -0.00300616 0.02488797 0.02463728 -0.001431465 0.02487057 0.02548056 -0.003276169 0.02504146 0.02537369 -0.001992881 0.02512747 0.02692651 -0.003570556 0.02520656 0.0262919 -0.004001259 0.02544319 0.02800935 -0.002426505 0.02532309 0.02844464 -0.004243493 0.02557289 0.02942067 -0.002672374 0.02543252 0.02970409 -0.004412055 0.02566123 0.03121125 -0.002844333 0.02550822 0.03131628 -0.004419445 0.02566504 0.03136408 -0.004410564 0.02566635 0.03142207 -0.003800272 0.02535825 0.03777641 -0.003058671 0.02500158 0.04039907 -0.001487433 0.02491754 0.03978991 -0.002163112 0.02458715 0.04276525 -6.15023e-4 0.02454072 0.04203104 -0.002057194 0.02453947 0.04301255 4.22169e-4 0.02410352 0.04426157 0.001599133 0.02363085 0.04644894 0.002904534 0.0231477 0.04856437 0.003501415 0.02294427 0.0494368 0.004991471 0.02249133 0.05135798 0.006517827 0.02210474 0.05299639 0.008052825 0.02178955 0.05434858 0.009207606 0.02159863 0.05518114 0.01048451 0.02143192 0.05591988 0.01173007 0.02131301 0.05645513 0.0125091 0.02126014 0.05669552 0.01360589 0.02121353 0.0569092 0.01470559 0.0211991 0.05697548 0.01544517 0.02120763 0.05693632 -0.001074254 0.02411043 0.04509109 1.90488e-4 0.02359914 0.04734468 0.001625597 0.02307993 0.04949909 0.002291619 0.02286243 0.0503807 0.003955185 0.02238297 0.05230849 0.005653858 0.02197927 0.05393886 0.007357716 0.02165383 0.05527508 0.00863707 0.02145832 0.05609375 0.01004981 0.02128863 0.05681753 0.01142632 0.02116811 0.05734032 0.01228678 0.02111476 0.05757474 0.01349776 0.02106767 0.05778288 0.01471191 0.02105319 0.05784738 0.01552838 0.02106171 0.05780923 0.01674538 0.02110201 0.05763089 0.01654708 0.02124756 0.05675315 0.01798301 0.02117705 0.05730122 0.01766699 0.02132183 0.05641508 0.01903659 0.0212686 0.05690389 0.01861965 0.02141213 0.05600821 0.02041047 0.02142715 0.05622589 0.01986038 0.02156788 0.05531585 0.02110111 0.02176809 0.05444037 -0.005961179 0.02468997 0.04221791 -0.00646907 0.02453678 0.0430262 -0.01131641 0.02357524 0.04744601 -0.01316022 0.02337461 0.04828774 -0.01677215 0.02215486 0.05322718 -0.02603679 0.0197888 0.06453132 -0.02855998 0.01943087 0.0675767 0.02797132 0.01943081 0.06757742 0.02618569 0.02195948 0.09190541 0.02628862 0.02194052 0.09176641 0.02453905 0.02189868 0.09146541 0.02633029 0.02193075 0.09169536 0.02642416 0.0218957 0.09144419 0.02713394 0.02126747 0.08749699 0.02377134 0.0218746 0.09129595 0.02785068 0.01998054 0.0799545 -0.03698527 0.01998037 0.07995325 -0.03790426 0.02022641 0.08151078 0.01564544 0.02180314 0.09080445 0.01837658 0.02178907 0.09070992 0.02108669 0.02181345 0.09087443 0.02780652 0.02011442 0.08081763 0.0275098 0.02074748 0.08454185 -0.03616648 0.02226752 0.0945357 -0.03598201 0.02227514 0.09461504 -0.03608554 0.02218258 0.09371429 -0.03552204 0.02228534 0.09472328 -0.0353229 0.02228635 0.09473413 -0.03485471 0.02228093 0.09467643 -0.03215777 0.02222758 0.09413629 -0.03730368 0.02208775 0.09289866 -0.03726899 0.02211242 0.09310293 -0.03710955 0.02216643 0.09356915 -0.03701257 0.02218651 0.09375023 -0.03671586 0.02222758 0.09413582 -0.03656703 0.02224165 0.09427392 -0.03731638 0.02206975 0.09275275 -0.0373975 0.02186346 0.09121811 -0.02944719 0.02219891 0.09386426 -0.02672922 0.02219802 0.09385573 -0.03761887 0.02116841 0.08692628 -0.03759777 0.02123916 0.08733332 -0.03746074 0.02168184 0.09000688 0.01394921 0.02183127 0.09099566 -0.02501481 0.0222119 0.09398597 -0.02229517 0.02225548 0.09441232 -0.01964467 0.02231913 0.09509932 0.01128238 0.02190464 0.09150803 0.008667111 0.02200889 0.09227603 -0.01224094 0.02249771 0.0986402 -0.01178324 0.02249884 0.09876859 -0.01183587 0.02249735 0.09860682 -0.01158332 0.02249902 0.09878712 -0.01111209 0.02249866 0.09874463 -0.00835514 0.02249222 0.09827685 -0.01551097 0.02243643 0.09676337 -0.01310515 0.02248883 0.09811669 -0.01255965 0.02249556 0.09846907 -0.01242387 0.0224967 0.09855139 -0.005584597 0.02248805 0.09808355 0.001473903 0.02238988 0.09600639 -0.0170691 0.02239257 0.09604501 0.003794789 0.02226459 0.09450554 0.006109774 0.02213627 0.09330558 -0.001747786 0.02249103 0.09821599 -0.001287579 0.02248841 0.09809941 -0.001431643 0.02248549 0.09798109 -0.001102805 0.02248638 0.09801542 -7.04487e-4 0.02247846 0.09774196 -0.002806305 0.0224899 0.09816253 -0.00215888 0.02249109 0.09822028 -0.001947879 0.02249133 0.09822946 0.02794271 0.01960879 0.07719838 -0.03309804 0.01930582 0.07366341 -0.03523594 0.01958912 0.07702738 -0.03620368 0.0197907 0.07863497 0.02798908 0.01926684 0.07032233 0.02798563 0.01930582 0.07366341 -0.03097897 0.01925814 0.07067137 -0.02863132 0.01942312 0.0676648 0.02771329 0.02034354 0.0612421 -0.02336221 0.02032041 0.06136387 0.02788263 0.01986747 0.06400138 0.02796149 0.01949894 0.06686729 0.02743548 0.02085214 0.05875688 0.02711284 0.02126878 0.056903 0.02609658 0.02204811 0.05365908 0.02616304 0.0220133 0.05380034 0.02669501 0.02166217 0.05524045 0.02766418 0.02044975 0.06069487 -0.02063411 0.02099865 0.05809098 -0.007577657 0.02424627 0.04445707 -0.007024765 0.02438437 0.04379105 -0.008919596 0.02395784 0.04578316 -0.01041293 0.02370184 0.04690539 -0.01716423 0.02202862 0.05373817 -0.005109965 0.02498567 0.04049926 -0.004832088 0.02509713 0.03977388 -0.004318892 0.025339 0.03794413 -0.02235758 0.02380031 0.02096378 -0.024805 0.0236234 0.02051097 -0.02273583 0.02385228 0.02110224 -0.006179869 0.02532786 0.02709054 -0.006845355 0.02517205 0.0260865 -0.007404625 0.02503889 0.02536082 -0.004640579 0.02563804 0.03054869 -0.005299031 0.0255205 0.02877581 -0.01349598 0.02381998 0.02101588 -0.01331615 0.02384489 0.02108246 -0.01159983 0.02412426 0.02187186 -0.009997248 0.02444368 0.02289497 -0.008060455 0.02488303 0.02461498 -0.009463071 0.02456021 0.02330911 -0.02060139 0.02361172 0.020482 -0.02999711 0.02200108 0.01726347 -0.03022617 0.02226579 0.01770967 -0.030694 0.02277028 0.01863759 -0.03048741 0.02285718 0.01880908 -0.03046274 0.0225259 0.0181744 -0.0304346 0.02287477 0.01884424 -0.0300306 0.022964 0.01902508 -0.02845185 0.02317434 0.01946896 -0.02687346 0.02337563 0.01991868 -0.01881802 0.0235154 0.02024716 -0.01765364 0.02350664 0.02022618 -0.01407253 0.02374595 0.02082175 -0.01584362 0.02357846 0.02040004 -0.02830141 0.01945006 0.01393067 -0.02924704 0.02101439 0.01579463 -0.02726167 0.02199995 0.02196556 -0.02519327 0.02223181 0.02251976 -0.02312409 0.02244645 0.0230742 -0.0242474 0.01699995 0.04732871 -0.02140468 0.01699995 0.04837965 -0.02679729 0.01699995 0.04569065 -0.02893489 0.01699995 0.0435422 -0.03056007 0.01699995 0.04098409 -0.03083908 0.01699995 0.02921813 -0.03173953 0.01699995 0.032112 -0.03199601 0.01699995 0.03513187 -0.03159666 0.01699995 0.03813612 -0.0394563 0.01951593 0.08172529 -0.03937029 0.01952564 0.08161216 -0.0389679 0.01949709 0.08100903 -0.01834958 0.01766747 0.04836803 -0.01938319 0.0173012 0.0484727 -0.0203883 0.01707959 0.04847782 -0.0362187 0.01899904 0.07650882 -0.03721451 0.01915729 0.07812964 -0.03983086 0.01938527 0.08212518 -0.02958917 0.01886832 0.06686389 -0.03191006 0.01873725 0.06998842 -0.03403747 0.01877522 0.07308304 -0.02704757 0.01915705 0.06360948 -0.024953 0.01948326 0.0609796 -0.0182777 0.01769822 0.04835706 -0.01746636 0.01809608 0.04820179 -0.02443665 0.01957428 0.06033247 -0.01559448 0.01948863 0.0476197 -0.01646113 0.01873928 0.04792803 -0.02177101 0.02010351 0.05696862 -0.01836299 0.02090167 0.05253994 -0.01555186 0.0195325 0.04760277 -0.01496249 0.02026039 0.04735183 -0.01438885 0.02193558 0.04707652 -0.01440751 0.02167987 0.04708594 -0.01446986 0.02134269 0.04711729 -0.01472938 0.02065795 0.04724371 -0.03963881 0.01947271 0.08194237 -0.02883994 0.02185535 0.02154481 -0.03068011 0.02008211 0.02144551 -0.03047156 0.02108269 0.02119332 -0.03041815 0.02170437 0.02112883 -0.01436859 0.02242606 0.04720884 -0.01366859 0.02332735 0.04791849 -0.03821277 0.02015525 0.08134222 -0.03649097 0.01973134 0.07847493 -0.03850364 0.02000355 0.08119714 -0.0387603 0.01977986 0.08108389 -0.03676402 0.0196011 0.07833284 -0.03700923 0.01940655 0.07821583 -0.03551304 0.01953577 0.07686829 -0.03336143 0.01926416 0.0734958 -0.03124201 0.01922661 0.07048082 -0.02890801 0.01940035 0.06744539 -0.02633941 0.01977282 0.06428033 -0.03601616 0.0192337 0.07660281 -0.03384149 0.01899284 0.07319879 -0.03171879 0.01895987 0.07013106 -0.02940064 0.01911503 0.06703352 -0.02686285 0.01944571 0.06380295 -0.0236997 0.02030813 0.06108194 -0.0210132 0.02098578 0.05778038 -0.01760226 0.02200675 0.0533964 -0.03577721 0.01941549 0.07672452 -0.03361278 0.01915824 0.07333844 -0.03149253 0.01912558 0.07029789 -0.02916926 0.01929569 0.06723099 -0.02662122 0.01965582 0.06403177 -0.02400821 0.02017015 0.06080031 -0.02135175 0.02081793 0.05746817 -0.01798009 0.0217877 0.0530523 -0.01408725 0.02303117 0.04755252 -0.01413094 0.02297657 0.04750859 -0.02426111 0.01991832 0.06054306 -0.02161371 0.02051293 0.05718755 -0.01824581 0.0214017 0.05275309 -0.0143423 0.02253824 0.04725432 -0.02114677 0.01656061 0.04735082 -0.02122229 0.01679903 0.04765218 -0.02024239 0.01684546 0.04779273 -0.02106767 0.016074 0.04703545 -0.02108877 0.01624995 0.04711961 -0.02007883 0.01631015 0.04731076 -0.01407265 0.02192628 0.04674631 -0.013951 0.02192306 0.04666221 -0.01397019 0.02161771 0.04666924 -0.01367878 0.02191627 0.04652929 -0.01369756 0.02158385 0.0465362 -0.01419097 0.02192956 0.04684716 -0.01538658 0.01932102 0.04727667 -0.01478105 0.02010464 0.04707497 -0.01454132 0.02053594 0.04698622 -0.01427435 0.02128195 0.04688125 -0.01421016 0.02165013 0.04685503 -0.01376056 0.02114552 0.04655909 -0.01403445 0.02121526 0.04669243 -0.014023 0.02025538 0.04665046 -0.01430177 0.02039939 0.04678499 -0.01425939 0.01973849 0.04672718 -0.01454198 0.0199272 0.04686254 -0.01485997 0.01879227 0.04689913 -0.01514971 0.01906758 0.04703581 -0.01579427 0.01776111 0.04710382 -0.01608681 0.01814186 0.04724067 -0.01589179 0.01767152 0.04712092 -0.01711988 0.01740562 0.04738235 -0.0163176 0.01848042 0.04752594 -0.01734 0.01781606 0.04771733 -0.01815772 0.01741796 0.04780918 -0.01683807 0.01692491 0.04724586 -0.01768875 0.01640772 0.0472961 -0.01794922 0.01696121 0.04743367 -0.01885992 0.01589161 0.04727035 -0.01907032 0.01653313 0.04741513 -0.01993739 0.01560354 0.04714894 -0.0210399 0.01549994 0.04692471 -0.01925796 0.0170387 0.04784637 -0.02864891 0.02329766 0.02015775 -0.03022593 0.0231027 0.01970803 -0.02879971 0.02307206 0.02083218 -0.03037571 0.02289527 0.02038502 -0.02886879 0.0225504 0.02133381 -0.03044521 0.02238994 0.02089846 -0.02707201 0.02348369 0.02061265 -0.02722352 0.02324044 0.02128392 -0.02729219 0.02270346 0.02177351 -0.01356416 0.02334916 0.04775333 -0.01406538 0.02250182 0.04689389 -0.01367813 0.02256381 0.04668682 -0.0138874 0.02303749 0.04725557 -0.01339048 0.02337282 0.04766231 -0.01357531 0.0230835 0.04709112 -0.02956819 0.016074 0.02977067 -0.02785247 0.016074 0.04267686 -0.02929133 0.01599997 0.04035943 -0.02931678 0.016074 0.04037195 -0.03022319 0.01599997 0.03779911 -0.03025078 0.016074 0.03780591 -0.03058224 0.01599997 0.03509831 -0.03061062 0.016074 0.03509902 -0.03035163 0.01599997 0.03238356 -0.03037947 0.016074 0.03237807 -0.02954214 0.01599997 0.02978199 -0.0258547 0.01549994 0.04452383 -0.02667462 0.01549994 0.04379999 -0.02667778 0.01558101 0.04379999 -0.02592647 0.016074 0.04461264 -0.02679783 0.01599997 0.04379999 -0.0278303 0.01599997 0.0426591 -0.02362895 0.016074 0.04608857 -0.02349305 0.01549994 0.04602831 -0.02357798 0.01549994 0.04598635 -0.02377408 0.01656061 0.04637956 -0.02613079 0.01656061 0.0448656 -0.02810645 0.01656061 0.04287987 -0.02960854 0.01656061 0.0405156 -0.03056657 0.01656061 0.0378834 -0.0309357 0.01656061 0.03510671 -0.03069859 0.01656061 0.03231567 -0.02986639 0.01656061 0.02964103 -0.02399122 0.01688581 0.04681503 -0.02643656 0.01688581 0.04524415 -0.02848654 0.01688581 0.0431838 -0.03004509 0.01688581 0.04073053 -0.03103917 0.01688581 0.03799939 -0.03142219 0.01688581 0.03511828 -0.03117614 0.01688581 0.03222221 -0.03031265 0.01688581 0.02944701 -0.02292573 0.02392596 0.02178353 -0.02499902 0.02371376 0.02119868 -0.02307295 0.02366715 0.02242922 -0.02514833 0.02346235 0.02185696 -0.02314442 0.02313405 0.02289426 -0.02521842 0.02292728 0.02233397 -0.02314537 0.02310985 0.02290678 -0.01188313 0.02327078 0.04633104 -0.009871125 0.02311879 0.04447895 -0.01122587 0.02224075 0.04530525 -0.01121538 0.02287542 0.04546892 -0.0120325 0.02211534 0.04578357 -0.01202654 0.0227549 0.04594546 -0.01163011 0.02356308 0.0468657 -0.01076602 0.02368307 0.04635345 -0.009334862 0.02392566 0.04528868 -0.008044838 0.02419894 0.0440281 -0.007512092 0.0243299 0.04339408 -0.006484508 0.02461957 0.04189431 -0.007189512 0.02381324 0.04132729 -0.008200705 0.02291458 0.04256039 -0.008157074 0.02352362 0.042719 -0.00869435 0.02277857 0.04314595 -0.008658349 0.02339261 0.04330778 -0.009093463 0.02267706 0.04357057 -0.009892523 0.02249401 0.04431414 -0.005659043 0.02490025 0.04025292 -0.005388796 0.02500605 0.03955942 -0.004888296 0.02523624 0.03780853 -0.004620134 0.02541381 0.0359953 -0.004576921 0.02547419 0.03514468 -0.004656314 0.02555108 0.03333759 -0.004969418 0.02555406 0.03154242 -0.005192637 0.02552962 0.03072637 -0.0056836 0.02442783 0.03754198 -0.00624293 0.02361321 0.03904521 -0.006156384 0.02419877 0.03916299 -0.006491005 0.02350437 0.03967791 -0.006411314 0.02409332 0.03980553 -0.006831526 0.02336776 0.04041385 -0.007251083 0.02321475 0.04118049 -0.005540847 0.02402961 0.03581035 -0.00564748 0.02393841 0.03671479 -0.005784749 0.02384901 0.03745287 -0.005429804 0.02460402 0.03586512 -0.005388677 0.02466386 0.03507906 -0.005502283 0.02409046 0.03504151 -0.005462884 0.02473968 0.03341054 -0.005866467 0.02416628 0.03179532 -0.005656242 0.02417546 0.03282964 -0.005577385 0.02416658 0.0334112 -0.005757868 0.024742 0.03175568 -0.005968332 0.02471745 0.03100454 -0.006071925 0.02413946 0.031062 -0.006571412 0.02461171 0.02944773 -0.007446289 0.02384221 0.02810144 -0.006857395 0.02398252 0.02913492 -0.006659865 0.02402657 0.02954149 -0.005832016 0.0254234 0.02903175 -0.006687462 0.02524805 0.02742385 -0.007333338 0.02510625 0.02646791 -0.008510708 0.02484375 0.02507036 -0.00986588 0.0245521 0.02383488 -0.01038062 0.02444726 0.02344423 -0.01191997 0.02416133 0.02248227 -0.01355999 0.0239132 0.02174377 -0.01428002 0.02382576 0.02150082 -0.00737828 0.02443766 0.02797526 -0.00798726 0.02429723 0.02710247 -0.008040487 0.02369362 0.02724623 -0.009096801 0.02403789 0.02583098 -0.009125411 0.02341884 0.02599704 -0.01037257 0.02375036 0.02471226 -0.01037776 0.02311313 0.0248928 -0.0108568 0.02364718 0.02435976 -0.01085466 0.02300304 0.02454352 -0.01230341 0.02336597 0.02349483 -0.01228559 0.02270203 0.02368265 -0.0138424 0.02312237 0.02283424 -0.01381802 0.02243953 0.02302026 -0.0145173 0.02303659 0.02261757 -0.01449328 0.02234667 0.02280193 -0.01609128 0.02289217 0.02226907 -0.01607465 0.02218973 0.02244913 -0.01769369 0.02283054 0.02212607 -0.01769077 0.0221225 0.02230381 -0.01872354 0.02283799 0.0221433 -0.01873034 0.02213072 0.02232134 -0.01105171 0.02338886 0.04584211 -0.009672939 0.02362751 0.04482519 -0.008428037 0.02389627 0.04362058 -0.007913172 0.02402496 0.04301434 -0.006918609 0.02430975 0.04157954 -0.006117939 0.02458554 0.0400083 -0.005855441 0.02468955 0.03934419 -0.005368292 0.02491575 0.03766709 -0.005106389 0.02509033 0.03593009 -0.005063652 0.02514976 0.03511524 -0.00513947 0.02522575 0.03338474 -0.005442738 0.02522951 0.03166681 -0.005659341 0.02520602 0.03088659 -0.006280004 0.02510344 0.02926826 -0.007110476 0.02493387 0.02773612 -0.007737159 0.02479684 0.02682721 -0.008878588 0.02454376 0.02550202 -0.01019012 0.02426338 0.02433508 -0.01068753 0.02416288 0.02396726 -0.01217234 0.02388936 0.02306437 -0.01374948 0.02365303 0.02237457 -0.01444041 0.02357 0.02214843 -0.01605004 0.02343034 0.02178454 -0.01768708 0.02337086 0.02163529 -0.01873904 0.02337807 0.02165329 -0.02035343 0.023458 0.02185505 -0.02030342 0.02292078 0.0223366 -0.02195215 0.02361553 0.02227157 -0.0218662 0.02308368 0.02273553 -0.01596051 0.02367842 0.02110886 -0.01767259 0.02361553 0.02094769 -0.01877325 0.02362316 0.02096712 -0.02046108 0.02370768 0.02118492 -0.02212923 0.02387374 0.02163314 -0.0224896 0.02391976 0.02176231 -0.02229809 0.02365922 0.02239179 -0.02229297 0.02364468 0.02241152 -0.0222041 0.0231288 0.02285075 -0.02220237 0.02309542 0.02286797 -0.01983803 0.02218365 0.02243584 -0.02032262 0.0222209 0.02251768 -0.02189069 0.02239763 0.0229209 -0.02222841 0.02244645 0.02303689 -0.02270519 0.02393382 0.02181684 -0.02268159 0.02367281 0.02248728 -0.0226705 0.0231294 0.02295923 -0.02267342 0.02244645 0.02312403 -0.03034895 0.02048861 0.01552152 -0.03125923 0.01963448 0.01560574 -0.0324552 0.01933383 0.01709204 -0.02937966 0.01895326 0.01375705 -0.03028547 0.01818841 0.01394218 -0.03135269 0.02172911 0.01734316 -0.0322594 0.02081632 0.01732528 -0.03232979 0.02054268 0.01725149 -0.03111666 0.02255988 0.01833593 -0.03160464 0.02199095 0.01779514 -0.03165191 0.02205866 0.01790416 -0.03186506 0.02174824 0.01771408 -0.0325697 0.02039027 0.01754575 -0.03256738 0.02063077 0.0176801 -0.03243035 0.02073055 0.01749163 -0.03271108 0.02021431 0.01788699 -0.03272509 0.02040106 0.01810151 -0.03266656 0.02051985 0.01788538 -0.03245705 0.01933246 0.01709514 -0.0324589 0.01933109 0.01709824 -0.03209787 0.02145689 0.01998502 -0.03173619 0.02156758 0.02039217 -0.03213447 0.02195692 0.01962387 -0.03174686 0.02217447 0.02009296 -0.03195798 0.02234643 0.01917791 -0.03154319 0.02263087 0.01963669 -0.03159838 0.02255952 0.01872289 -0.03116673 0.02284395 0.01911622 -0.03248745 0.021178 0.01930344 -0.03248924 0.02151012 0.01893389 -0.03233689 0.02178621 0.01854991 -0.03204721 0.02197599 0.0181936 -0.03219825 0.0216484 0.01796764 -0.03244549 0.02147954 0.01827692 -0.03258639 0.02125549 0.01861649 -0.03272569 0.02044045 0.01814949 -0.03264844 0.02090632 0.01880878 -0.03260934 0.02099484 0.01895827 -0.03088515 0.02295839 0.01937228 -0.03119707 0.02274835 0.01995897 -0.03135579 0.02227234 0.02044254 -0.03132712 0.02163314 0.02071863 -0.03081125 0.02298182 0.01942574 -0.03110563 0.02277231 0.02002656 -0.03125339 0.02229195 0.02051538 -0.03122234 0.02164578 0.02078539 -0.03167611 0.02109396 0.02053833 -0.03246963 0.02098792 0.01942509 -0.04082846 0.01751661 0.08351975 -0.04079896 0.01794844 0.0833773 -0.04043388 0.01896786 0.08302235 -0.03986823 0.01964312 0.08276754 -0.03991013 0.01951587 0.08245956 -0.04048955 0.01887077 0.08305746 -0.03971576 0.01976639 0.08270901 -0.03980195 0.01960402 0.08240431 -0.03929859 0.02001768 0.08250164 -0.03950691 0.01978945 0.08220219 -0.0389114 0.0201618 0.08226495 -0.03923225 0.01990401 0.08196604 -0.03873121 0.02020442 0.08214372 -0.0391038 0.01994168 0.08184379 -0.03790664 0.0212261 0.08735156 -0.04039448 0.01935023 0.08738905 -0.03974688 0.0203123 0.08718723 -0.03877162 0.02095115 0.08702462 -0.03828084 0.02116727 0.08738112 -0.03995352 0.02013009 0.08764719 -0.03920799 0.02078998 0.08749443 -0.03875046 0.02102166 0.08743065 -0.04043346 0.01926195 0.08782231 -0.03958779 0.02082228 0.09025418 -0.04023557 0.01985758 0.09043908 -0.0386129 0.02146321 0.09010237 -0.04008966 0.02023667 0.09313464 -0.0394417 0.021205 0.09297823 -0.0384674 0.02184897 0.09284406 -0.04006659 0.02026009 0.0934714 -0.03942447 0.02123177 0.09327137 -0.03845328 0.02187418 0.09307008 -0.0399934 0.0202921 0.09394395 -0.03963011 0.02036172 0.09502774 -0.0394029 0.02038741 0.09545034 -0.03869765 0.0204392 0.09635257 -0.03834068 0.02045679 0.0966764 -0.03737407 0.02048856 0.09729063 -0.0369274 0.02049779 0.09747684 -0.03581136 0.02051007 0.09773099 -0.03532779 0.02051126 0.09775644 -0.03419119 0.02050477 0.0976209 -0.03936475 0.02126836 0.09368348 -0.03905737 0.02134776 0.09463161 -0.03886276 0.02137696 0.09500235 -0.03825461 0.02143567 0.09579539 -0.03794556 0.02145552 0.09608054 -0.03710669 0.02149128 0.09662187 -0.03671842 0.0215016 0.09678614 -0.03574752 0.0215153 0.09701031 -0.03532671 0.02151668 0.09703278 -0.03433769 0.02150946 0.09691321 -0.03840637 0.0219087 0.0933876 -0.03816926 0.02198368 0.09411764 -0.03802001 0.02201122 0.09440296 -0.03755515 0.02206689 0.09501302 -0.03731936 0.02208572 0.0952323 -0.0366801 0.02211976 0.09564858 -0.0363844 0.02212959 0.09577494 -0.0356453 0.0221427 0.09594738 -0.03532499 0.02214401 0.09596467 -0.03457218 0.0221371 0.0958727 -0.02530509 0.02044874 0.09702664 -0.02524167 0.02145791 0.09629601 -0.0268259 0.0214473 0.09617954 -0.02513897 0.02208161 0.09522044 -0.02678215 0.02207022 0.09509742 -0.01316517 0.02227813 0.09945803 -0.013677 0.02163046 0.1003009 -0.01369196 0.02227807 0.09912478 -0.01401609 0.02065259 0.1008673 -0.01418709 0.02163195 0.09998631 -0.01601177 0.0222516 0.09784501 -0.0175116 0.02222174 0.097166 -0.01998722 0.02216696 0.09627228 -0.02253115 0.02211683 0.09562319 -0.01643162 0.0216124 0.09877783 -0.01788127 0.02158641 0.09813612 -0.02027201 0.02153688 0.09729117 -0.02272671 0.02149069 0.09667718 -0.01451343 0.02065151 0.1005669 -0.01670265 0.02062207 0.09941089 -0.01811724 0.02059102 0.09879577 -0.02045112 0.02053511 0.09798437 -0.02284842 0.02048432 0.09739375 -0.02938693 0.022071 0.09510546 -0.03198516 0.02209436 0.09536242 -0.0293371 0.02144801 0.09618717 -0.03184229 0.02146983 0.09643036 -0.0268529 0.02043724 0.09691441 -0.02930635 0.02043801 0.0969218 -0.03175383 0.02046161 0.0971561 -0.01369088 0.02065283 0.1010511 -0.01339572 0.02163022 0.1004617 -0.01295047 0.02227818 0.09958326 -0.01325303 0.02065277 0.1012492 -0.01215875 0.02065211 0.1015349 -0.01168125 0.02065193 0.1015759 -0.01055526 0.02065229 0.1014815 -0.01301699 0.02162963 0.100635 -0.01207101 0.02162808 0.1008847 -0.01165837 0.02162778 0.1009206 -0.01068526 0.02162843 0.1008381 -0.01266139 0.02227795 0.09971827 -0.0119391 0.02227687 0.09991288 -0.01162397 0.02227669 0.09994083 -0.01088088 0.02227711 0.09987652 -0.003007054 0.02065396 0.1009869 -0.002418696 0.02065414 0.101036 -0.002960562 0.02163523 0.1003211 -0.002358555 0.02163487 0.1003723 -0.00288999 0.02228087 0.0993278 -0.002267181 0.02228087 0.09938222 -0.005531072 0.0206536 0.1009197 -0.00554341 0.02163553 0.1002508 -0.005562245 0.02228081 0.09925329 -0.008048415 0.0206542 0.1010841 -0.008119523 0.02163451 0.1004226 -0.008227348 0.02228075 0.0994355 -0.001913487 0.0206542 0.1010566 -0.001921474 0.02163493 0.1003904 -0.001933574 0.02228093 0.09939622 -0.001434326 0.02065408 0.1010264 -3.31675e-4 0.02065265 0.1007651 1.11197e-4 0.02065128 0.1005765 0.001066565 0.02064496 0.09996068 -0.001506924 0.02163487 0.100364 -5.52854e-4 0.02163392 0.1001352 -1.69555e-4 0.02163285 0.09996998 6.57474e-4 0.02162694 0.09943026 -0.001617193 0.02228081 0.09937572 -8.89035e-4 0.02227956 0.09919768 -5.96542e-4 0.02227824 0.09906923 3.45071e-5 0.02227187 0.09864985 0.0257768 0.02192175 0.09279853 0.02426117 0.02180099 0.09270149 0.02492147 0.02084994 0.09437847 0.02528077 0.02144271 0.09382027 0.02403312 0.0211879 0.09379094 0.02533209 0.02151346 0.09372413 0.02571648 0.02188891 0.09293019 0.02388167 0.01894426 0.0948109 0.02389591 0.02016931 0.09453821 0.02464312 0.02036648 0.09463161 0.02487915 0.020774 0.09442794 0.02320319 0.02014797 0.09439057 0.02332419 0.02116745 0.09363842 0.02352565 0.02177977 0.09254103 0.02078211 0.0200935 0.09402298 0.0208466 0.02111518 0.09325897 0.02095466 0.02172541 0.09214192 0.01836043 0.02170366 0.09198617 0.01834726 0.02109426 0.09311085 0.01833939 0.02007168 0.0938794 0.01574617 0.02171617 0.0920757 0.01412224 0.02174127 0.09225672 0.01582866 0.0211063 0.09319597 0.01426392 0.02113044 0.09336811 0.01587784 0.02008426 0.09396195 0.01434868 0.02010941 0.09412872 0.01156765 0.02180629 0.09274184 0.01180183 0.02119296 0.09382927 0.01194286 0.02017462 0.09457534 0.009060204 0.02189761 0.0934692 0.006604731 0.02200728 0.09444439 0.009383797 0.02128034 0.09452027 0.007013976 0.02138465 0.09544605 0.009580731 0.02026617 0.09524351 0.00726664 0.02037614 0.0961371 0.005166769 0.02048385 0.09717547 0.004862487 0.0214855 0.09652441 0.004377841 0.02211451 0.09558135 0.003055334 0.02058374 0.09846985 0.002697765 0.02157658 0.09787243 0.002140283 0.02221328 0.09700399 0.02632361 0.02077466 0.09434932 0.02625232 0.02068942 0.09442406 0.02681654 0.02054649 0.09424769 0.02569288 0.01999443 0.09481894 0.02562057 0.01990592 0.09484738 0.02679228 0.02126568 0.0937094 0.0268566 0.02131867 0.093602 0.02715277 0.02041882 0.09411782 0.02710247 0.02147179 0.09315758 0.02744966 0.02155929 0.09236377 0.02821552 0.02074527 0.09267389 0.02739554 0.02154684 0.09254223 0.02728682 0.02137184 0.09310525 0.02724438 0.0215165 0.09288895 0.02812647 0.01992201 0.09356164 0.02875334 0.01946103 0.09300637 0.02940046 0.01876628 0.09212952 0.02973908 0.01819545 0.09137707 0.02993291 0.0176447 0.09057891 0.02995407 0.01755058 0.09041285 0.0299738 0.01744556 0.09016883 0.02997654 0.01742857 0.09010833 0.02997994 0.01740729 0.08996218 0.02881145 0.02015948 0.09224861 0.02942484 0.01927125 0.0915839 0.02974528 0.01853883 0.09101712 0.02992844 0.0178312 0.09041768 0.02994847 0.01771026 0.0902931 0.02996706 0.0175752 0.09011006 0.02996969 0.01755338 0.0900647 0.02997285 0.01752603 0.08995503 0.02919352 0.0229215 0.02850049 0.02851587 0.02287667 0.02878165 0.02927434 0.0218684 0.02902626 0.02598059 0.02274125 0.03018176 0.02776223 0.02195221 0.03018176 0.02729541 0.02281272 0.02940326 0.03145778 0.02107465 0.02826535 0.03228497 0.01910722 0.02826535 0.03314328 0.01924628 0.0280404 0.03026169 0.02300608 0.02817523 0.03014361 0.02275633 0.02826535 0.03121936 0.02308833 0.02802282 0.03038609 0.02044576 0.02902626 0.03108584 0.01878136 0.02902626 0.03011733 0.0189138 0.03018176 0.0291925 0.02062892 0.03018176 0.02865338 0.02123415 0.03018176 0.02388501 0.01893895 0.09481167 0.02491444 0.01991623 0.0948593 0.02524596 0.02037841 0.09472411 0.02675741 0.02187895 0.09241503 0.02634423 0.02174597 0.0932576 0.02627968 0.02169924 0.09338247 0.02583801 0.02123147 0.09412389 0.02577477 0.02114778 0.09421086 0.02530425 0.02046465 0.09468632 0.0268799 0.02186566 0.09216225 0.02718222 0.02176344 0.09162539 0.0269252 0.02185797 0.09203338 0.02699935 0.02182519 0.09157747 0.02649432 0.02201628 0.05365002 0.02642059 0.02204519 0.05355089 0.02681463 0.02195483 0.05348885 0.02677327 0.02197468 0.05342483 0.02714633 0.02163851 0.05509966 0.0276708 0.02121359 0.05677503 0.02808976 0.0207616 0.05864495 0.02840179 0.02032333 0.06060111 0.02873033 0.01968592 0.06393927 0.02887493 0.01928067 0.06683075 0.02894318 0.01902472 0.07031315 0.02893292 0.01906776 0.07368028 0.02860933 0.01995462 0.08088731 0.0288369 0.01940125 0.07724159 0.02757239 0.0215072 0.05494052 0.02818256 0.02100181 0.05662029 0.02867066 0.02046197 0.05849802 0.02903449 0.01993584 0.06046569 0.02941793 0.01916527 0.06383192 0.02958667 0.01867127 0.06675714 0.02966618 0.01835697 0.07029211 0.0296542 0.01841002 0.07371723 0.02954232 0.01881814 0.0773245 0.02927666 0.01948857 0.08099812 0.02818834 0.02064162 0.08463174 0.02769619 0.02120035 0.08759337 0.02878552 0.02031219 0.08475261 0.02821213 0.02097624 0.08770984 0.02947133 0.01882624 0.05254995 0.02895623 0.01863616 0.05200093 0.02666014 0.02102351 0.05191415 0.02745556 0.02071017 0.05200093 0.02807265 0.02012193 0.05200093 0.02858263 0.01941955 0.05200093 0.02905452 0.01970022 0.05254995 0.02848565 0.02048373 0.05254995 0.02779716 0.02113997 0.05254995 0.02674323 0.0211786 0.05200093 0.02688992 0.02145248 0.05223929 0.02700251 0.02166259 0.05254995 0.02704352 0.02173906 0.05272597 0.0262888 0.0212084 0.05193948 0.02609658 0.02124845 0.05195134 0.02636879 0.02171635 0.0523321 0.02609658 0.02177256 0.05237495 0.02641564 0.02201372 0.05290472 0.02609658 0.02205836 0.05298525 0.02392643 0.02124845 0.05195134 0.02392643 0.02177256 0.05237495 0.02392643 0.02205836 0.05298525 0.02288234 0.02118492 0.05193877 0.02282595 0.0219984 0.05289977 0.02284681 0.02169728 0.05232948 0.02080917 0.0208643 0.05191415 0.02077817 0.02103751 0.05200093 0.02066618 0.02166342 0.05272597 0.0206815 0.02157795 0.05254995 0.02072346 0.02134335 0.05223929 0.01132041 0.02065414 0.05200093 0.01170092 0.02062034 0.05200093 0.01772749 0.02118366 0.05254995 0.01474052 0.02104705 0.05254995 0.01174652 0.02116751 0.05254995 0.01137197 0.02120077 0.05254995 0.01777625 0.02063679 0.05200093 0.01474201 0.02049803 0.05200093 0.01060009 0.02128845 0.05247372 0.007684469 0.02179896 0.04879999 0.008101224 0.02127689 0.04879999 0.007770597 0.02177977 0.04960918 0.008292436 0.02122694 0.04989433 0.008177161 0.02125686 0.04949593 0.00790137 0.02175104 0.05007278 0.008250951 0.02167719 0.05080574 0.008521676 0.02162289 0.05118912 0.009091079 0.02151679 0.05175775 0.009456515 0.02145451 0.05201548 0.008599996 0.02115005 0.05052286 0.008837759 0.02109342 0.05085062 0.00933665 0.02098292 0.05133503 0.009655892 0.02091801 0.05155366 0.01017063 0.02134573 0.05235457 0.01027804 0.0208047 0.05183953 0.01065117 0.02074509 0.05193912 0.008101224 0.02127689 0.03399997 0.007684469 0.02179896 0.03399997 0.01137197 0.02120077 0.03024995 0.01132041 0.02065414 0.03079903 0.01053136 0.02129721 0.03034144 0.0105915 0.02075421 0.03087347 0.01010298 0.02135527 0.03046953 0.01021915 0.02081465 0.0309807 0.00939536 0.02146464 0.03082305 0.009045422 0.0215249 0.03107941 0.008484184 0.02163022 0.03165811 0.008236765 0.02168005 0.03201729 0.007892191 0.02175301 0.03275352 0.007770776 0.02177971 0.03318971 0.009602546 0.02092856 0.03127896 0.009296655 0.02099138 0.03149646 0.008804917 0.02110111 0.03198969 0.008587598 0.02115303 0.03229689 0.008284389 0.02122902 0.03292828 0.00817734 0.0212568 0.03330308 0.01435899 0.02104812 0.03024995 0.02535277 0.02247148 0.0305556 0.02528828 0.02269577 0.03024995 0.02229923 0.02190899 0.03024995 0.02526319 0.02278304 0.03006416 0.02242207 0.02137386 0.03079903 0.02544003 0.02216809 0.03079903 0.02025038 0.0215038 0.03024995 0.01732063 0.02114981 0.03024995 0.02033996 0.02096211 0.03079903 0.01736289 0.0206024 0.03079903 0.01435446 0.02049911 0.03079903 0.02591311 0.02247935 0.0305556 0.02589756 0.02241891 0.03061509 0.02757936 0.02167415 0.03061509 0.02578133 0.02196764 0.03090047 0.0273233 0.02128481 0.03090047 0.02856111 0.02013951 0.03090047 0.02936154 0.01865524 0.03090047 0.02892941 0.02042502 0.03061509 0.02980238 0.01880609 0.03061509 -0.03283238 0.01599997 0.04379999 -0.009325325 0.01599997 0.04379999 -0.009093701 0.01599997 0.04357087 -0.003167569 0.01599997 0.04379999 -0.006831288 0.01599997 0.04041343 -0.002011835 0.01599997 0.04356843 -0.01226675 0.01599997 0.0236923 -0.01075816 0.01599997 0.0172342 -0.006475269 0.01599997 0.01969432 -0.005647361 0.01599997 0.03671395 -3.86529e-4 0.01599997 0.04192495 -0.001034557 0.01599997 0.0429095 -0.009133815 0.01599997 0.02598851 -0.002971172 0.01599997 0.02317517 -0.006857037 0.01599997 0.02913558 -4.82726e-4 0.01599997 0.02744162 -0.005656242 0.01599997 0.03282964 8.22004e-4 0.01599997 0.03220534 8.54809e-4 0.01599997 0.03714436 -0.03302878 0.01599997 0.02317517 -0.03551727 0.01599997 0.02744162 -0.03682196 0.01599997 0.03220534 -0.0368548 0.01599997 0.03714436 -0.03561341 0.01599997 0.04192495 -0.03496539 0.01599997 0.0429095 -0.0155304 0.01599997 0.01596117 -0.01595336 0.01599997 0.02246868 -0.02046954 0.01599997 0.01596117 -0.01983749 0.01599997 0.02243578 -0.02524179 0.01599997 0.0172342 -0.02354425 0.01599997 0.02359682 -0.02952468 0.01599997 0.01969432 -0.03398811 0.01599997 0.04356843 -0.02901989 0.01799643 0.01317727 -0.02869021 0.01821666 0.01317727 -0.02830141 0.01919001 0.0136882 -0.02903312 0.01904445 0.0136882 -0.02965342 0.01862996 0.0136882 -0.03006786 0.01800966 0.0136882 -0.02924013 0.01766681 0.01317727 -0.02830141 0.01829403 0.01317727 0.008746862 0.01845949 0.01324242 0.02053272 0.01845949 0.01324242 0.01235866 0.01854062 0.01329958 0.03375482 0.01924544 0.02781218 0.03421151 0.01923453 0.02734601 0.03442698 0.01921576 0.02673017 0.03360235 0.02139317 0.02783519 0.03413569 0.02139317 0.02737706 0.03440165 0.02139317 0.02672618 0.03330647 0.02422738 0.02779901 0.03334045 0.02404946 0.02788794 0.03342366 0.02434861 0.02773743 0.0335341 0.02496182 0.02694296 0.03337562 0.02488982 0.0270664 0.03350043 0.02474051 0.02737206 0.03343325 0.02456533 0.0275619 0.03343373 0.02439266 0.02770793 0.03324961 0.02452498 0.02756828 0.03320342 0.02476662 0.02724999 0.0331875 0.02484983 0.02707898 0.03440165 0.02366757 0.02672618 0.03292381 0.02339261 0.02799999 0.03314924 0.02366757 0.02798217 0.0341916 0.02366757 0.02729374 0.03413569 0.02366757 0.02737706 0.03373318 0.02366757 0.02775967 0.03360235 0.02366757 0.02783519 0.03244239 0.02405393 0.02779901 0.03232944 0.0245912 0.02724999 0.0315802 0.0238645 0.02779901 0.03145766 0.02439969 0.02724999 0.03085738 0.02427136 0.02725595 0.0310294 0.02378022 0.02779853 0.02861309 0.02373403 0.02775621 0.02978014 0.02402377 0.02740174 0.02668213 0.02323162 0.02880465 0.02789974 0.02355009 0.02807587 0.0254774 0.0229175 0.02974444 0.0300287 0.02361667 0.02791756 0.02891921 0.02342456 0.0282216 0.02822399 0.02330273 0.0284999 0.02699905 0.02308994 0.02914088 0.02573126 0.02286738 0.02997589 0.02563929 0.02202457 0.03088444 0.02563244 0.02251291 0.0305556 0.02562791 0.02283704 0.03006416 0.03006786 0.01530772 0.01362591 0.03011327 0.0155707 0.01371127 0.03025186 0.01615881 0.01401239 0.03369289 0.02485227 0.02600264 0.03061556 0.01754015 0.01499587 0.03301692 0.02420055 0.02370047 0.03237611 0.02332419 0.02152568 0.0318706 0.02241367 0.01981228 0.03136408 0.02124679 0.01809406 0.03091484 0.01991033 0.01656413 0.03071856 0.01919692 0.01589155 0.03039628 0.01775258 0.01477611 0.0309692 0.0189253 0.01609522 0.03118193 0.01960879 0.01675528 0.0316649 0.02088809 0.01825225 0.03220629 0.02200388 0.01992923 0.03274524 0.02287364 0.02159887 0.03342801 0.02370995 0.02371615 0.03401678 0.02453458 0.02595889 0.03414922 0.02433097 0.02595585 0.03432118 0.02384257 0.02599716 0.03438371 0.02397686 0.02659177 0.03376996 0.02427417 0.02757591 0.03406232 0.02463227 0.02639156 0.03361564 0.02484869 0.02710783 0.03391999 0.02474373 0.02679926 0.03418815 0.02412998 0.02715194 -0.02541637 -0.007263243 0.045098 -0.02529472 -0.007390439 0.04495066 -0.02591186 -0.006419479 0.0444774 -0.02604997 -0.005611002 0.04678916 -0.02602612 -0.005944311 0.04646211 -0.02590239 -0.006446182 0.04596298 -0.02952468 -0.008599996 0.01969432 -0.03302878 -0.008599996 0.02317517 -0.03283238 -0.008599996 0.04379999 -0.03551727 -0.008599996 0.02744162 -0.03682196 -0.008599996 0.03220534 -0.02524179 -0.008599996 0.0172342 -0.02781069 -0.008599996 0.04379999 -0.02046954 -0.008599996 0.01596117 -0.02680265 -0.008599996 0.04397439 -0.0155304 -0.008599996 0.01596117 -0.02591186 -0.008599996 0.0444774 -0.02299648 -0.008599996 0.04625791 8.54809e-4 -0.008599996 0.03714436 8.22004e-4 -0.008599996 0.03220534 -4.82726e-4 -0.008599996 0.02744162 -0.01970797 -0.008599996 0.04718273 -0.01629191 -0.008599996 0.04718273 -0.01300346 -0.008599996 0.04625791 -0.01008808 -0.008599996 0.0444774 -0.009197294 -0.008599996 0.04397439 -0.01075816 -0.008599996 0.0172342 -0.00818926 -0.008599996 0.04379999 -0.006475269 -0.008599996 0.01969432 -0.003167569 -0.008599996 0.04379999 -0.002011835 -0.008599996 0.04356843 -0.002971172 -0.008599996 0.02317517 -3.86529e-4 -0.008599996 0.04192495 -0.001034557 -0.008599996 0.0429095 -0.03496539 -0.008599996 0.0429095 -0.03398811 -0.008599996 0.04356843 -0.03561341 -0.008599996 0.04192495 -0.0368548 -0.008599996 0.03714436 -0.009949982 -0.001299977 0.044371 -0.009949982 -0.005599975 0.044371 -0.009949982 -0.001299977 0.04679995 -0.009949982 -0.005599975 0.04679995 -0.009949982 -0.005611002 0.04678916 -0.01070523 -0.007390439 0.04495066 -0.01058357 -0.007263243 0.045098 -0.01008808 -0.006419479 0.0444774 -0.01009756 -0.006446182 0.04596298 -0.009973824 -0.005944311 0.04646211 -0.01163721 -0.007964134 0.0455594 -0.01244997 -0.008099973 0.0460003 -0.01152306 -0.007921814 0.04549109 -0.01081788 -0.007493734 0.04503071 -0.02494901 -0.007671833 0.04519039 -0.02413052 -0.008031606 0.04569339 -0.02354997 -0.008099973 0.0460003 -0.02299648 -0.008099973 0.04625791 -0.01970797 -0.008099973 0.04718273 -0.01629191 -0.008099973 0.04718273 -0.01300346 -0.008099973 0.04625791 -0.02591186 0.009819507 0.0444774 -0.02604997 0.008999943 0.044371 -0.009949982 0.008999943 0.044371 -0.01008808 0.009819507 0.0444774 -0.01978105 0.0115 0.04717242 -0.0102874 0.01025426 0.04463696 -0.01043421 0.01047867 0.04475027 -0.01093155 0.01098603 0.04510957 -0.01221144 0.01148855 0.04587888 -0.01153582 0.01132684 0.04549878 -0.01120054 0.01116538 0.04528892 -0.01589709 0.0115 0.04712182 -0.01244997 0.0115 0.0460003 -0.02349305 0.0115 0.04602831 -0.02354997 0.0115 0.0460003 -0.02436274 0.01136416 0.0455594 -0.02447688 0.01132178 0.04549109 -0.02479892 0.01116561 0.04528921 -0.02518206 0.0108937 0.04503071 -0.02526617 0.01081788 0.04497116 -0.02571356 0.01025247 0.04463613 -0.0257647 0.01015967 0.04459583 0.02324998 0.004116773 0.01560282 0.02324998 0.004430115 0.01449352 0.02324998 0.005407154 0.0156427 0.02324998 0.005340158 0.01793372 0.02324998 -0.005499958 0.01924997 0.02324998 -0.006499946 0.01924997 0.02324998 -0.006334245 0.01779156 0.02324998 0.001950323 0.02439254 0.02324998 0.004116773 0.02289712 0.02324998 0.004581689 0.02386057 0.02324998 0.003249943 0.01362079 0.02324998 0.001950323 0.0141074 0.02324998 0.00190407 0.01303511 0.02324998 -0.004869997 0.016694 0.02324998 4.20416e-4 0.02573639 0.02324998 -6.62952e-4 0.02470988 0.02324998 0.00190407 0.02546483 0.02324998 0.003249943 0.02487915 0.02324998 0.005827546 0.01637089 0.02324998 0.006334245 0.01779156 0.02324998 0.005499958 0.01924997 0.02324998 0.006499946 0.01924997 0.02324998 0.005340158 0.02056622 0.02324998 0.00628376 0.02091258 0.02324998 0.005629122 0.02249997 0.02324998 4.20416e-4 0.01276355 0.02324998 -6.62952e-4 0.01379007 0.02324998 -4.20416e-4 0.01276355 0.02324998 -0.004869997 0.02180594 0.02324998 -0.005827546 0.02212905 0.02324998 -0.006329655 0.02072829 0.02324998 -0.003124356 0.01472353 0.02324998 -0.003249943 0.01362079 0.02324998 -0.00190407 0.01303511 0.02324998 -4.20416e-4 0.02573639 0.02324998 -0.00190407 0.02546483 0.02324998 -0.003124356 0.02377641 0.02324998 -0.005827546 0.01637089 0.02324998 -0.005407154 0.0156427 0.02324998 -0.004430115 0.01449352 0.02324998 -0.003249943 0.02487915 0.02324998 -0.004430115 0.02400642 0.02324998 -0.005407154 0.02285724 0.02875 2.5e-4 0.02181696 0.02875 4.33013e-4 0.02199995 0.02875 0 0.02224999 0.02875 5e-4 0.02224999 0.02875 4.33013e-4 0.02249997 0.02875 -4.33013e-4 0.02199995 0.02875 -2.5e-4 0.02181696 0.02875 0 0.02174997 0.02875 -2.5e-4 0.02268296 0.02875 -4.33013e-4 0.02249997 0.02875 -5e-4 0.02224999 0.02875 2.5e-4 0.02268296 0.02875 0 0.02274996 0.02875 2.5e-4 0.01881694 0.02875 4.33013e-4 0.01899999 0.02875 0 0.01924997 0.02875 5e-4 0.01924997 0.02875 4.33013e-4 0.01949995 0.02875 -4.33013e-4 0.01899999 0.02875 -2.5e-4 0.01881694 0.02875 0 0.01874995 0.02875 -2.5e-4 0.019683 0.02875 -4.33013e-4 0.01949995 0.02875 -5e-4 0.01924997 0.02875 2.5e-4 0.019683 0.02875 0 0.01974999 0.02875 -0.002371311 0.02180433 0.02875 -0.002554297 0.02162128 0.02875 -0.002121269 0.0213713 0.02875 -0.002621293 0.0213713 0.02875 -0.002554297 0.02112132 0.02875 -0.001688301 0.02162128 0.02875 -0.001871287 0.02180433 0.02875 -0.002121269 0.02187126 0.02875 -0.001871287 0.02093827 0.02875 -0.001688301 0.02112132 0.02875 -0.001621305 0.0213713 0.02875 -0.002371311 0.02093827 0.02875 -0.002121269 0.02087128 0.02875 -0.003249943 0.019683 0.02875 -0.003432989 0.01949995 0.02875 -0.002999961 0.01924997 0.02875 -0.003499984 0.01924997 0.02875 -0.003432989 0.01899999 0.02875 -0.002566933 0.01949995 0.02875 -0.002749979 0.019683 0.02875 -0.002999961 0.01974999 0.02875 -0.002749979 0.01881694 0.02875 -0.002566933 0.01899999 0.02875 -0.002499997 0.01924997 0.02875 -0.003249943 0.01881694 0.02875 -0.002999961 0.01874995 0.02875 -0.002371311 0.01756167 0.02875 -0.002554297 0.01737862 0.02875 -0.002121269 0.01712864 0.02875 -0.002621293 0.01712864 0.02875 -0.002554297 0.01687866 0.02875 -0.001688301 0.01737862 0.02875 -0.001871287 0.01756167 0.02875 -0.002121269 0.01762866 0.02875 -0.001871287 0.01669561 0.02875 -0.001688301 0.01687866 0.02875 -0.001621305 0.01712864 0.02875 -0.002371311 0.01669561 0.02875 -0.002121269 0.01662868 0.02875 0.002371311 0.02093827 0.02875 0.002554297 0.02112132 0.02875 0.002121269 0.0213713 0.02875 0.002621293 0.0213713 0.02875 0.002554297 0.02162128 0.02875 0.001688301 0.02112132 0.02875 0.001871287 0.02093827 0.02875 0.002121269 0.02087128 0.02875 0.001871287 0.02180433 0.02875 0.001688301 0.02162128 0.02875 0.001621305 0.0213713 0.02875 0.002371311 0.02180433 0.02875 0.002121269 0.02187126 0.02875 0.003249943 0.01881694 0.02875 0.003432989 0.01899999 0.02875 0.002999961 0.01924997 0.02875 0.003499984 0.01924997 0.02875 0.003432989 0.01949995 0.02875 0.002566933 0.01899999 0.02875 0.002749979 0.01881694 0.02875 0.002999961 0.01874995 0.02875 0.002749979 0.019683 0.02875 0.002566933 0.01949995 0.02875 0.002499997 0.01924997 0.02875 0.003249943 0.019683 0.02875 0.002999961 0.01974999 0.02875 0.002371311 0.01669561 0.02875 0.002554297 0.01687866 0.02875 0.002121269 0.01712864 0.02875 0.002621293 0.01712864 0.02875 0.002554297 0.01737862 0.02875 0.001688301 0.01687866 0.02875 0.001871287 0.01669561 0.02875 0.002121269 0.01662868 0.02875 0.001871287 0.01756167 0.02875 0.001688301 0.01737862 0.02875 0.001621305 0.01712864 0.02875 0.002371311 0.01756167 0.02875 0.002121269 0.01762866 0.03374999 5e-4 0.02224999 0.03374999 4.33013e-4 0.02249997 0.03374999 2.5e-4 0.02268296 0.03374999 0 0.02274996 0.03374999 -2.5e-4 0.02268296 0.03374999 -4.33013e-4 0.02249997 0.03374999 -5e-4 0.02224999 0.03374999 -4.33013e-4 0.02199995 0.03374999 -2.5e-4 0.02181696 0.03374999 0 0.02174997 0.03374999 2.5e-4 0.02181696 0.03374999 4.33013e-4 0.02199995 0.03374999 5e-4 0.01924997 0.03374999 4.33013e-4 0.01949995 0.03374999 2.5e-4 0.019683 0.03374999 0 0.01974999 0.03374999 -2.5e-4 0.019683 0.03374999 -4.33013e-4 0.01949995 0.03374999 -5e-4 0.01924997 0.03374999 -4.33013e-4 0.01899999 0.03374999 -2.5e-4 0.01881694 0.03374999 0 0.01874995 0.03374999 2.5e-4 0.01881694 0.03374999 4.33013e-4 0.01899999 0.03374999 -0.001621305 0.0213713 0.03374999 -0.001688301 0.02162128 0.03374999 -0.001871287 0.02180433 0.03374999 -0.002121269 0.02187126 0.03374999 -0.002371311 0.02180433 0.03374999 -0.002554297 0.02162128 0.03374999 -0.002621293 0.0213713 0.03374999 -0.002554297 0.02112132 0.03374999 -0.002371311 0.02093827 0.03374999 -0.002121269 0.02087128 0.03374999 -0.001871287 0.02093827 0.03374999 -0.001688301 0.02112132 0.03374999 -0.002499997 0.01924997 0.03374999 -0.002566933 0.01949995 0.03374999 -0.002749979 0.019683 0.03374999 -0.002999961 0.01974999 0.03374999 -0.003249943 0.019683 0.03374999 -0.003432989 0.01949995 0.03374999 -0.003499984 0.01924997 0.03374999 -0.003432989 0.01899999 0.03374999 -0.003249943 0.01881694 0.03374999 -0.002999961 0.01874995 0.03374999 -0.002749979 0.01881694 0.03374999 -0.002566933 0.01899999 0.03374999 -0.001621305 0.01712864 0.03374999 -0.001688301 0.01737862 0.03374999 -0.001871287 0.01756167 0.03374999 -0.002121269 0.01762866 0.03374999 -0.002371311 0.01756167 0.03374999 -0.002554297 0.01737862 0.03374999 -0.002621293 0.01712864 0.03374999 -0.002554297 0.01687866 0.03374999 -0.002371311 0.01669561 0.03374999 -0.002121269 0.01662868 0.03374999 -0.001871287 0.01669561 0.03374999 -0.001688301 0.01687866 0.03374999 0.002621293 0.0213713 0.03374999 0.002554297 0.02162128 0.03374999 0.002371311 0.02180433 0.03374999 0.002121269 0.02187126 0.03374999 0.001871287 0.02180433 0.03374999 0.001688301 0.02162128 0.03374999 0.001621305 0.0213713 0.03374999 0.001688301 0.02112132 0.03374999 0.001871287 0.02093827 0.03374999 0.002121269 0.02087128 0.03374999 0.002371311 0.02093827 0.03374999 0.002554297 0.02112132 0.03374999 0.003499984 0.01924997 0.03374999 0.003432989 0.01949995 0.03374999 0.003249943 0.019683 0.03374999 0.002999961 0.01974999 0.03374999 0.002749979 0.019683 0.03374999 0.002566933 0.01949995 0.03374999 0.002499997 0.01924997 0.03374999 0.002566933 0.01899999 0.03374999 0.002749979 0.01881694 0.03374999 0.002999961 0.01874995 0.03374999 0.003249943 0.01881694 0.03374999 0.003432989 0.01899999 0.03374999 0.002621293 0.01712864 0.03374999 0.002554297 0.01737862 0.03374999 0.002371311 0.01756167 0.03374999 0.002121269 0.01762866 0.03374999 0.001871287 0.01756167 0.03374999 0.001688301 0.01737862 0.03374999 0.001621305 0.01712864 0.03374999 0.001688301 0.01687866 0.03374999 0.001871287 0.01669561 0.03374999 0.002121269 0.01662868 0.03374999 0.002371311 0.01669561 0.03374999 0.002554297 0.01687866 0.03174996 -3.95146e-4 0.01613032 0.03374999 -3.95146e-4 0.01613032 0.03174996 -4.71683e-4 0.01611512 0.03374999 -4.71683e-4 0.01611512 0.03174996 -5.36567e-4 0.01607179 0.03374999 -5.36567e-4 0.01607179 0.03174996 -5.79922e-4 0.01600688 0.03374999 -5.79922e-4 0.01600688 0.03174996 -5.95146e-4 0.01593035 0.03374999 -5.95146e-4 0.01593035 0.03174996 3.95146e-4 0.01613032 0.03374999 3.95146e-4 0.01613032 0.03174996 5.95146e-4 0.01593035 0.03374999 5.95146e-4 0.01593035 0.03174996 5.79922e-4 0.01600688 0.03374999 5.79922e-4 0.01600688 0.03174996 5.36567e-4 0.01607179 0.03374999 5.36567e-4 0.01607179 0.03174996 4.71683e-4 0.01611512 0.03374999 4.71683e-4 0.01611512 0.03374999 0.003955125 0.01816987 0.03374999 0.003060638 0.01818931 0.03374999 0.00373274 0.01755392 0.03374999 -0.002625167 0.02239936 0.03374999 -0.001060605 0.02231061 0.03374999 -0.001963198 0.02284938 0.03374999 -0.00394988 0.0203492 0.03374999 -0.003060638 0.02031064 0.03374999 -0.003446996 0.02146989 0.03374999 -0.003159403 0.01663696 0.03374999 -0.003060638 0.01818931 0.03374999 -0.00373274 0.01755392 0.03374999 5.95146e-4 0.01591104 0.03374999 0.001060605 0.01591104 0.03374999 -0.001060605 0.01818931 0.03374999 0.001060605 0.01818931 0.03374999 -0.001060605 0.01591104 0.03374999 -5.95146e-4 0.01591104 0.03374999 -5.95146e-4 0.0151934 0.03374999 -0.001097381 0.01529955 0.03374999 -0.002329409 0.01587599 0.03374999 -0.00246483 0.01597362 0.03374999 -0.004089117 0.01954835 0.03374999 -0.001060605 0.02031064 0.03374999 0 0.02335 0.03374999 0.001091837 0.02320194 0.03374999 0.003060638 0.02031064 0.03374999 0.001060605 0.02031064 0.03374999 0.001060605 0.02231061 0.03374999 0.001963198 0.02284938 0.03374999 0.003127515 0.02190107 0.03374999 0.004089117 0.01954835 0.03374999 0.003446996 0.02146989 0.03374999 0.00246483 0.01597362 0.03374999 0.002329409 0.01587599 0.03374999 0.001097381 0.01529955 0.03374999 5.95146e-4 0.0151934 0.03274995 -0.001963198 0.02284938 0.03274995 -5.95146e-4 0.0151934 0.03274995 -0.00246483 0.01597362 0.03274995 -0.00373274 0.01755392 0.03274995 -0.004089117 0.01954835 0.03274995 -0.003446996 0.02146989 0.03274995 0.001963198 0.02284938 0.03274995 0 0.02335 0.03274995 0.003446996 0.02146989 0.03274995 0.00373274 0.01755392 0.03274995 0.004089117 0.01954835 0.03274995 0.00246483 0.01597362 0.03274995 5.95146e-4 0.0151934 0.03274995 5.95146e-4 0.01499134 0.03274995 0.002565503 0.01579916 0.03274995 0.003906667 0.01745343 0.03274995 0.004289627 0.01954829 0.03274995 0.003620445 0.02156996 0.03274995 0.002063214 0.02302265 0.03274995 0 0.02354997 0.03274995 -0.002063214 0.02302265 0.03274995 -0.003620445 0.02156996 0.03274995 -0.004289627 0.01954829 0.03274995 -0.003906667 0.01745343 0.03274995 -0.002565503 0.01579916 0.03274995 -5.95146e-4 0.01499134 0.03374999 5.95146e-4 0.01499134 0.03374999 0.002565503 0.01579916 0.03374999 0.003906667 0.01745343 0.03374999 0.004289627 0.01954829 0.03374999 0.003620445 0.02156996 0.03374999 0.002063214 0.02302265 0.03374999 0 0.02354997 0.03374999 -0.002063214 0.02302265 0.03374999 -0.003620445 0.02156996 0.03374999 -0.004289627 0.01954829 0.03374999 -0.003906667 0.01745343 0.03374999 -0.002565503 0.01579916 0.03374999 -5.95146e-4 0.01499134 0.03174996 -5.95146e-4 0.01478952 0.03374999 -5.95146e-4 0.01478952 0.03174996 0 0.01475 0.03174996 5.95146e-4 0.01478952 0.03374999 5.95146e-4 0.01478952 0.03374999 -0.002249956 0.01535284 0.03374999 -0.00389707 0.01699995 0.03374999 -0.004499971 0.01924997 0.03374999 -0.00389707 0.02149999 0.03374999 -0.002249956 0.0231471 0.03374999 0 0.02374994 0.03374999 0.002249956 0.0231471 0.03374999 0.00389707 0.02149999 0.03374999 0.004499971 0.01924997 0.03374999 0.00389707 0.01699995 0.03374999 0.002249956 0.01535284 0.02674996 -0.002249956 0.01535284 0.02674996 0 0.01475 0.02674996 0.002249956 0.01535284 0.02674996 -0.00389707 0.01699995 0.02674996 -0.004499971 0.01924997 0.02674996 -0.00389707 0.02149999 0.02674996 -0.002249956 0.0231471 0.02674996 0 0.02374994 0.02674996 0.002249956 0.0231471 0.02674996 0.00389707 0.02149999 0.02674996 0.004499971 0.01924997 0.02674996 0.00389707 0.01699995 0.02674996 0.003742516 0.01593434 0.02674996 0.004854679 0.01805341 0.02674996 0.004999995 0.01924997 0.02674996 0.004854679 0.02044653 0.02674996 0.003742516 0.0225656 0.02674996 0.001772999 0.02392506 0.02674996 -6.02683e-4 0.02421349 0.02674996 -0.00284028 0.0233649 0.02674996 -0.004427254 0.0215736 0.02674996 -0.004999995 0.01924997 0.02674996 -0.004427254 0.01692634 0.02674996 -0.00284028 0.01513504 0.02674996 -6.02683e-4 0.01428645 0.02674996 0.001772999 0.01457488 0.02625 0.005340158 0.02056622 0.02625 0.005499958 0.01924997 0.02625 0.005340158 0.01793372 0.02625 0.004116773 0.01560282 0.02625 0.001950323 0.0141074 0.02625 -6.62952e-4 0.01379007 0.02625 -0.003124356 0.01472353 0.02625 -0.004869997 0.016694 0.02625 -0.005499958 0.01924997 0.02625 -0.004869997 0.02180594 0.02625 -0.003124356 0.02377641 0.02625 -6.62952e-4 0.02470988 0.02625 0.001950323 0.02439254 0.02625 0.004116773 0.02289712 0.02028161 -0.006499946 0.01756209 0.02026742 -0.006499946 0.01779538 0.02083694 -0.00599581 0.01520609 0.02099996 -0.006031036 0.01522648 0.02062499 -0.00594747 0.01528221 0.02071833 -0.005921959 0.01516348 0.0203433 -0.005155563 0.01472103 0.02043294 -0.00547862 0.01490753 0.02035045 -0.005719065 0.01543456 0.02055966 -0.005739152 0.01505792 0.0206198 -0.0058223 0.01510596 0.0203008 -0.00489366 0.01456975 0.02025002 -0.003477394 0.0137521 0.02025914 -0.004322707 0.01424014 0.02033704 -0.006499946 0.01708585 0.02035045 -0.006163775 0.01620477 0.02062499 -0.006409883 0.01608318 0.02099996 -0.006499946 0.01603865 0.02089649 -0.006499946 0.01605486 0.02077245 -0.006499946 0.01611924 0.0206266 -0.006499946 0.01627022 0.02045232 -0.006499946 0.0166186 0.02274435 -0.005950033 0.01517969 0.02287685 -0.005826354 0.01510828 0.02287495 -0.00594747 0.01528221 0.02322858 -0.004575729 0.01438623 0.02289378 -0.005805194 0.01509606 0.02314949 -0.005719065 0.01543456 0.02307081 -0.005468249 0.01490151 0.02316373 -0.005119681 0.01470029 0.02287912 -0.006499946 0.0162782 0.0228464 -0.006499946 0.01623505 0.02287495 -0.006409883 0.01608318 0.02273595 -0.006499946 0.01612561 0.02259695 -0.006499946 0.0160529 0.02311497 -0.006499946 0.01684886 0.02301347 -0.006499946 0.01652866 0.02314949 -0.006163775 0.01620477 0.02315723 -0.006499946 0.01705294 0.02323025 -0.006499946 0.01774996 0.02249997 -0.006499946 0.01603865 0.02249997 -0.006031036 0.01522648 0.02261787 -0.006012797 0.01521593 0.02042913 -0.001031696 0.01234006 0.02033621 -0.001380264 0.01254135 0.02035045 -4.44671e-4 0.01238936 0.02027136 -0.001924216 0.01285535 0.02083694 5.04171e-4 0.01203548 0.02099996 4.68926e-4 0.01201516 0.02062499 4.62426e-4 0.01211541 0.02071833 5.77994e-4 0.0120781 0.0203433 0.001344382 0.01252061 0.02043294 0.001021325 0.0123341 0.02035045 4.44671e-4 0.01238936 0.02055966 7.60818e-4 0.01218366 0.0206198 6.7767e-4 0.01213568 0.0203008 0.001606285 0.01267182 0.02025002 0.003022551 0.01348948 0.02025914 0.002177238 0.01300144 0.02062499 -4.62426e-4 0.01211541 0.02099996 -4.68926e-4 0.01201516 0.02088212 -4.87198e-4 0.01202571 0.02075558 -5.49913e-4 0.01206189 0.02062314 -6.73624e-4 0.01213335 0.02060621 -6.94794e-4 0.01214557 0.02274435 5.49913e-4 0.01206189 0.02287685 6.73624e-4 0.01213335 0.02287495 4.62426e-4 0.01211541 0.02322858 0.001924216 0.01285535 0.02289378 6.94794e-4 0.01214557 0.02314949 4.44671e-4 0.01238936 0.02307081 0.001031696 0.01234006 0.02316373 0.001380264 0.01254135 0.02266299 -5.04171e-4 0.01203548 0.02287495 -4.62426e-4 0.01211541 0.02278161 -5.77994e-4 0.0120781 0.02288013 -6.7767e-4 0.01213568 0.02315664 -0.001344382 0.01252061 0.02306699 -0.001021325 0.0123341 0.02314949 -4.44671e-4 0.01238936 0.02294027 -7.60818e-4 0.01218366 0.02319914 -0.001606285 0.01267182 0.02324998 -0.003022551 0.01348948 0.0232408 -0.002177238 0.01300144 0.02249997 -4.68926e-4 0.01201516 0.02249997 4.68926e-4 0.01201516 0.02261787 4.87198e-4 0.01202571 0.02042913 0.005468249 0.01490151 0.02033621 0.005119681 0.01470029 0.02035045 0.005719065 0.01543456 0.02027136 0.004575729 0.01438623 0.02026969 0.006499946 0.01774996 0.02065354 0.006499946 0.01623505 0.02076399 0.006499946 0.01612561 0.02062499 0.006409883 0.01608318 0.02090299 0.006499946 0.0160529 0.02099996 0.006499946 0.01603865 0.02035045 0.006163775 0.01620477 0.02048653 0.006499946 0.01652866 0.02062088 0.006499946 0.0162782 0.0203427 0.006499946 0.01705294 0.02038502 0.006499946 0.01684886 0.02062499 0.00594747 0.01528221 0.02099996 0.006031036 0.01522648 0.02088212 0.006012797 0.01521593 0.02075558 0.005950033 0.01517969 0.02062314 0.005826354 0.01510828 0.02060621 0.005805194 0.01509606 0.02272748 0.006499946 0.01611924 0.02287334 0.006499946 0.01627022 0.02287495 0.006409883 0.01608318 0.02304762 0.006499946 0.0166186 0.0231629 0.006499946 0.01708585 0.02314949 0.006163775 0.01620477 0.02321833 0.006499946 0.01756209 0.02323251 0.006499946 0.01779538 0.02266299 0.00599581 0.01520609 0.02287495 0.00594747 0.01528221 0.02278161 0.005921959 0.01516348 0.02288013 0.0058223 0.01510596 0.02315664 0.005155563 0.01472103 0.02306699 0.00547862 0.01490753 0.02314949 0.005719065 0.01543456 0.02294027 0.005739152 0.01505792 0.02319914 0.00489366 0.01456975 0.02324998 0.003477394 0.0137521 0.0232408 0.004322707 0.01424014 0.02249997 0.006031036 0.01522648 0.02249997 0.006499946 0.01603865 0.02260345 0.006499946 0.01605486 0.02028161 0.006499946 0.02093786 0.02026742 0.006499946 0.02070456 0.02083694 0.00599581 0.02329385 0.02099996 0.006031036 0.02327346 0.02062499 0.00594747 0.02321773 0.02071833 0.005921959 0.02333647 0.0203433 0.005155563 0.02377891 0.02043294 0.00547862 0.02359241 0.02035045 0.005719065 0.02306538 0.02055966 0.005739152 0.02344202 0.0206198 0.0058223 0.02339398 0.0203008 0.00489366 0.02393019 0.02025002 0.003477394 0.02474784 0.02025914 0.004322707 0.0242598 0.02033704 0.006499946 0.0214141 0.02035045 0.006163775 0.02229517 0.02062499 0.006409883 0.02241677 0.02099996 0.006499946 0.02246129 0.02089649 0.006499946 0.02244508 0.02077245 0.006499946 0.0223807 0.0206266 0.006499946 0.02222973 0.02045232 0.006499946 0.02188134 0.0232023 0.00486797 0.02394497 0.02322858 0.004575729 0.02411371 0.02289378 0.005805194 0.02340388 0.02303028 0.006088435 0.02276515 0.02274435 0.005950033 0.02332025 0.02278697 0.006229221 0.02284646 0.02261787 0.006012797 0.02328401 0.02249997 0.006031036 0.02327346 0.02273595 0.006499946 0.02237433 0.02259695 0.006499946 0.02244704 0.02249997 0.006278634 0.02287495 0.02249997 0.006499946 0.02246129 0.0228464 0.006499946 0.02226489 0.02301347 0.006499946 0.02197128 0.02311497 0.006499946 0.02165108 0.02319288 0.005877673 0.0226435 0.02320051 0.006499946 0.02113515 0.02307081 0.005468249 0.02359843 0.02323025 0.006499946 0.02074998 0.02274435 -5.49913e-4 0.02643805 0.02287685 -6.73624e-4 0.02636659 0.02287495 -4.62426e-4 0.02638453 0.02322858 -0.001924216 0.0256446 0.02266299 5.04171e-4 0.02646446 0.02287495 4.62426e-4 0.02638453 0.02278161 5.77994e-4 0.02642184 0.02288013 6.7767e-4 0.02636426 0.02315664 0.001344382 0.02597934 0.02306699 0.001021325 0.02616584 0.02314949 4.44671e-4 0.02611058 0.02294027 7.60818e-4 0.02631628 0.02319914 0.001606285 0.02582812 0.02324998 0.003022551 0.02501046 0.0232408 0.002177238 0.0254985 0.02289378 -6.94794e-4 0.02635437 0.02314949 -4.44671e-4 0.02611058 0.02307081 -0.001031696 0.02615988 0.02316373 -0.001380264 0.02595859 0.02249997 4.68926e-4 0.02648478 0.02249997 -4.68926e-4 0.02648478 0.02261787 -4.87198e-4 0.02647423 0.02083694 -5.04171e-4 0.02646446 0.02099996 -4.68926e-4 0.02648478 0.02062499 -4.62426e-4 0.02638453 0.02042913 0.001031696 0.02615988 0.02033621 0.001380264 0.02595859 0.02035045 4.44671e-4 0.02611058 0.02027136 0.001924216 0.0256446 0.02062499 4.62426e-4 0.02638453 0.02099996 4.68926e-4 0.02648478 0.02088212 4.87198e-4 0.02647423 0.02075558 5.49913e-4 0.02643805 0.02062314 6.73624e-4 0.02636659 0.02060621 6.94794e-4 0.02635437 0.02071833 -5.77994e-4 0.02642184 0.0203433 -0.001344382 0.02597934 0.02043294 -0.001021325 0.02616584 0.02035045 -4.44671e-4 0.02611058 0.02055966 -7.60818e-4 0.02631628 0.0206198 -6.7767e-4 0.02636426 0.0203008 -0.001606285 0.02582812 0.02025002 -0.003022551 0.02501046 0.02025914 -0.002177238 0.0254985 0.02099996 -0.006031036 0.02327346 0.02099996 -0.006499946 0.02246129 0.02249997 -0.006031036 0.02327346 0.02249997 -0.006499946 0.02246129 0.02272748 -0.006499946 0.0223807 0.02287334 -0.006499946 0.02222973 0.02287495 -0.006409883 0.02241677 0.02304762 -0.006499946 0.02188134 0.0231629 -0.006499946 0.0214141 0.02314949 -0.006163775 0.02229517 0.02321833 -0.006499946 0.02093786 0.02323251 -0.006499946 0.02070456 0.02266299 -0.00599581 0.02329385 0.02287495 -0.00594747 0.02321773 0.02278161 -0.005921959 0.02333647 0.02288013 -0.0058223 0.02339398 0.02315664 -0.005155563 0.02377891 0.02306699 -0.00547862 0.02359241 0.02314949 -0.005719065 0.02306538 0.02294027 -0.005739152 0.02344202 0.02319914 -0.00489366 0.02393019 0.02324998 -0.003477394 0.02474784 0.0232408 -0.004322707 0.0242598 0.02260345 -0.006499946 0.02244508 0.02042913 -0.005468249 0.02359843 0.02033621 -0.005119681 0.02379965 0.02035045 -0.005719065 0.02306538 0.02027136 -0.004575729 0.02411371 0.02026969 -0.006499946 0.02074998 0.02065354 -0.006499946 0.02226489 0.02076399 -0.006499946 0.02237433 0.02062499 -0.006409883 0.02241677 0.02090299 -0.006499946 0.02244704 0.02035045 -0.006163775 0.02229517 0.02048653 -0.006499946 0.02197128 0.02062088 -0.006499946 0.02222174 0.0203427 -0.006499946 0.021447 0.02038502 -0.006499946 0.02165108 0.02062499 -0.00594747 0.02321773 0.02088212 -0.006012797 0.02328401 0.02075558 -0.005950033 0.02332025 0.02062314 -0.005826354 0.02339166 0.02060621 -0.005805194 0.02340388 0.02213525 0.004663646 0.05119997 0.02109998 0.004799962 0.05119997 0.01499998 0.004799962 0.05119997 0.01396471 0.004663646 0.05119997 0.02609997 0.01279997 0.03669995 0.02609997 0.01279997 0.04439997 0.00999999 0.01279997 0.04439997 0.00999999 0.01279997 0.03669995 0.02109998 0.005799949 0.05019998 0.02109998 0.005799949 0.04589998 0.01499998 0.005799949 0.05019998 0.01499998 0.005799949 0.04589998 0.02309995 0.007764101 0.03159999 0.02359998 0.007422447 0.03159999 0.02213525 0.00816369 0.03159999 0.01249998 0.007422447 0.03159999 0.01299995 0.007764101 0.03159999 0.01396471 0.00816369 0.03159999 0.01499998 0.008299946 0.03159999 0.02109998 0.008299946 0.03159999 0.01499998 0.009299993 0.03259998 0.01499998 0.009299993 0.03519999 0.02109998 0.009299993 0.03259998 0.02109998 0.009299993 0.03519999 0.02570509 0.005656182 0.03275144 0.02595239 0.005136966 0.03325372 0.02607613 0.004637837 0.03375566 0.02546638 0.006001949 0.03243666 0.02525204 0.006252229 0.03222364 0.02439922 0.006968736 0.03173118 0.02450186 0.006898343 0.03176832 0.02480369 0.006669998 0.03190886 0.01084792 0.006252229 0.03222364 0.01129621 0.006669998 0.03190886 0.01170074 0.006968736 0.03173118 0.01159811 0.006898343 0.03176832 0.01002377 0.004637837 0.03375566 0.01014757 0.005136966 0.03325372 0.01039487 0.005656182 0.03275144 0.01063358 0.006001949 0.03243666 0.0259453 0.01437044 0.04439997 0.02577388 0.01506793 0.03669995 0.02548718 0.01588058 0.04439997 0.02548718 0.01588058 0.03669995 0.02474331 0.01727229 0.04439997 0.02482205 0.01715213 0.03669995 0.02374219 0.01849216 0.04439997 0.02374219 0.01849216 0.03669995 0.02332162 0.01888376 0.03669995 0.02252233 0.01949328 0.04439997 0.02139407 0.02012252 0.03669995 0.02113056 0.0202372 0.04439997 0.02113056 0.0202372 0.03669995 0.01962047 0.02069526 0.04439997 0.01919561 0.02076804 0.03669995 0.01804995 0.02085 0.04439997 0.01804995 0.02085 0.03669995 0.01647949 0.02069526 0.04439997 0.01690435 0.02076804 0.03669995 0.01496934 0.0202372 0.04439997 0.01032602 0.01506793 0.03669995 0.01015466 0.01437044 0.04439997 0.01061272 0.01588058 0.03669995 0.01061272 0.01588058 0.04439997 0.01127791 0.01715213 0.03669995 0.01135665 0.01727229 0.04439997 0.01235777 0.01849216 0.03669995 0.01235777 0.01849216 0.04439997 0.01277834 0.01888376 0.03669995 0.01357764 0.01949328 0.04439997 0.01470589 0.02012252 0.03669995 0.01496934 0.0202372 0.03669995 0.02021503 0.01154994 0.03519999 0.02359998 0.008630096 0.03519999 0.01929998 0.01063489 0.03519999 0.01804995 0.01029998 0.03519999 0.01679998 0.01496505 0.03519999 0.01711779 0.01928329 0.03519999 0.01804995 0.01529997 0.03519999 0.01898211 0.01928329 0.03519999 0.01929998 0.01496505 0.03519999 0.01588493 0.01404994 0.03519999 0.01376062 0.01775014 0.03519999 0.015329 0.01875805 0.03519999 0.01554995 0.01279997 0.03519999 0.0117653 0.01464533 0.03519999 0.01253974 0.01634114 0.03519999 0.02021503 0.01404994 0.03519999 0.02433466 0.01464533 0.03519999 0.02054995 0.01279997 0.03519999 0.02459996 0.01279997 0.03519999 0.02459996 0.007870674 0.03519999 0.02077096 0.01875805 0.03519999 0.02233934 0.01775014 0.03519999 0.02356016 0.01634114 0.03519999 0.01249998 0.008630096 0.03519999 0.01588493 0.01154994 0.03519999 0.0115 0.007870674 0.03519999 0.0115 0.01279997 0.03519999 0.01679998 0.01063489 0.03519999 0.0155434 0.01885139 0.04589998 0.01679998 0.01496505 0.04589998 0.01677215 0.0192241 0.04589998 0.01804995 0.01529997 0.04589998 0.02168893 0.01824611 0.04589998 0.01929998 0.01496505 0.04589998 0.02268153 0.01743149 0.04589998 0.02021503 0.01404994 0.04589998 0.02349609 0.01643896 0.04589998 0.02055656 0.01885139 0.04589998 0.01932781 0.0192241 0.04589998 0.01804995 0.01934999 0.04589998 0.02410137 0.01530653 0.04589998 0.02054995 0.01279997 0.04589998 0.02447414 0.01407784 0.04589998 0.01588493 0.01154994 0.04589998 0.01554995 0.01279997 0.04589998 0.0115 0.01279997 0.04589998 0.0115 0.004370689 0.04589998 0.01249998 0.005130112 0.04589998 0.01679998 0.01063489 0.04589998 0.01804995 0.01029998 0.04589998 0.01929998 0.01063489 0.04589998 0.02359998 0.005130112 0.04589998 0.02021503 0.01154994 0.04589998 0.02459996 0.004370689 0.04589998 0.02459996 0.01279997 0.04589998 0.01441097 0.01824611 0.04589998 0.01341843 0.01743149 0.04589998 0.01588493 0.01404994 0.04589998 0.01260387 0.01643896 0.04589998 0.01199859 0.01530653 0.04589998 0.01162582 0.01407784 0.04589998 0.0137059 0.009129583 0.03259998 0.01067364 0.006806552 0.03544813 0.0107488 0.00693196 0.03540164 0.01066929 0.006799042 0.03295123 0.01086753 0.007114768 0.03533983 0.01119858 0.007547914 0.03270095 0.01249998 0.008630096 0.03259998 0.01187497 0.008203089 0.03259998 0.01127552 0.007635951 0.03267872 0.00999999 0.004312574 0.03409188 0.00999999 0.004312396 0.03669315 0.01013362 0.005448281 0.03608101 0.01001787 0.004722297 0.0338934 0.0102005 0.00570172 0.03595077 0.01025342 0.005871653 0.03586566 0.01063591 0.006740272 0.03297418 0.01047515 0.006427466 0.03310197 0.01011067 0.005346179 0.03359222 0.02609997 0.004312396 0.03669315 0.02598929 0.005346179 0.03359222 0.02562475 0.006427466 0.03310197 0.02572649 0.006196141 0.03570955 0.02543336 0.006794273 0.03545278 0.02608209 0.004722297 0.0338934 0.02584654 0.005871653 0.03586566 0.02609997 0.004312574 0.03409188 0.02598756 0.005354106 0.0361303 0.02608042 0.004741787 0.03645855 0.02422499 0.008203089 0.03259998 0.02546399 0.006740272 0.03297418 0.02543067 0.006799042 0.03295123 0.02523237 0.007114768 0.03533983 0.02490139 0.007547914 0.03270095 0.02482444 0.007635951 0.03267872 0.02239406 0.009129583 0.03259998 0.02359998 0.008630096 0.03259998 0.01011234 0.001854121 0.04496967 0.01025342 0.002371609 0.04523426 0.00999999 8.12585e-4 0.04870802 0.01037347 0.002696096 0.04539042 0.01001787 0.001222312 0.04890656 0.01066654 0.003294289 0.04564714 0.01011067 0.001846194 0.04920774 0.01047515 0.002927422 0.04969793 0.01001954 0.001241743 0.04464137 0.00999999 8.12403e-4 0.04440677 0.01187497 0.004703104 0.05019998 0.01063591 0.003240287 0.04982578 0.01066929 0.003298997 0.04984873 0.01086753 0.003614783 0.04576015 0.01119858 0.00404793 0.05009895 0.01127552 0.004135906 0.05012124 0.0137059 0.005629599 0.05019998 0.01249998 0.005130112 0.05019998 0.02239406 0.005629599 0.05019998 0.02490139 0.00404793 0.05009895 0.02523237 0.003614783 0.04576015 0.02543067 0.003298997 0.04984873 0.02535116 0.003431975 0.04569834 0.02359998 0.005130112 0.05019998 0.02422499 0.004703104 0.05019998 0.02482444 0.004135906 0.05012124 0.02609997 8.12403e-4 0.04440677 0.02542632 0.003306508 0.04565185 0.02546399 0.003240287 0.04982578 0.02562475 0.002927422 0.04969793 0.02596634 0.001948297 0.04501891 0.02589946 0.002201735 0.0451492 0.02609997 8.12585e-4 0.04870802 0.02584654 0.002371609 0.04523426 0.02608209 0.001222312 0.04890656 0.02598929 0.001846194 0.04920774 0.01001894 0.00466609 0.03380131 0.01011776 0.005208432 0.0333631 0.01051366 0.006159424 0.03262823 0.01069265 0.006439387 0.03242743 0.01001691 0.004694283 0.03384727 0.01010537 0.005278587 0.03347665 0.01045948 0.006304919 0.0328558 0.01061952 0.00660777 0.03268629 0.01120197 0.007411122 0.03229582 0.0112847 0.007501184 0.03226011 0.01195871 0.008098483 0.03209996 0.01134377 0.007180571 0.03196471 0.01143622 0.007263481 0.03192251 0.01218748 0.007812798 0.03173393 0.01256698 0.008514046 0.03209996 0.01274996 0.008197069 0.03173393 0.01374053 0.009000182 0.03209996 0.01383531 0.008646667 0.03173393 0.01499998 0.009166002 0.03209996 0.01499998 0.00879997 0.03173393 0.02109998 0.00879997 0.03173393 0.02109998 0.009166002 0.03209996 0.02235937 0.009000182 0.03209996 0.02226465 0.008646667 0.03173393 0.02353298 0.008514046 0.03209996 0.02335 0.008197069 0.03173393 0.02414125 0.008098483 0.03209996 0.02391248 0.007812798 0.03173393 0.02475619 0.007180571 0.03196471 0.02608102 0.00466609 0.03380131 0.0255863 0.006159424 0.03262823 0.0259822 0.005208432 0.0333631 0.02608305 0.004694283 0.03384727 0.02599459 0.005278587 0.03347665 0.02564048 0.006304919 0.0328558 0.02540731 0.006439387 0.03242743 0.02548044 0.00660777 0.03268629 0.02466374 0.007263481 0.03192251 0.02489799 0.007411122 0.03229582 0.02481526 0.007501184 0.03226011 0.02608102 0.001166105 0.04899859 0.0259822 0.001708388 0.0494368 0.0255863 0.00265944 0.05017167 0.02540731 0.002939403 0.05037254 0.02608305 0.001194298 0.04895263 0.02599459 0.001778602 0.04932332 0.02564048 0.002804934 0.04994416 0.02548044 0.003107726 0.05011367 0.02489799 0.003911137 0.05050414 0.02481526 0.0040012 0.05053985 0.02414125 0.004598498 0.05069994 0.02475619 0.003680527 0.05083519 0.02466374 0.003763496 0.05087745 0.02391248 0.004312753 0.05106598 0.02335 0.004697084 0.05106598 0.02353298 0.005014061 0.05069994 0.02226465 0.005146622 0.05106598 0.02235937 0.005500197 0.05069994 0.02109998 0.005666017 0.05069994 0.02109998 0.005299985 0.05106598 0.01499998 0.005299985 0.05106598 0.01499998 0.005666017 0.05069994 0.01374053 0.005500197 0.05069994 0.01383531 0.005146622 0.05106598 0.01256698 0.005014061 0.05069994 0.01195871 0.004598498 0.05069994 0.01274996 0.004697084 0.05106598 0.01218748 0.004312753 0.05106598 0.01134377 0.003680527 0.05083519 0.01001894 0.001166105 0.04899859 0.01051366 0.00265944 0.05017167 0.01011776 0.001708388 0.0494368 0.01001691 0.001194298 0.04895263 0.01010537 0.001778602 0.04932332 0.01045948 0.002804934 0.04994416 0.01069265 0.002939403 0.05037254 0.01061952 0.003107726 0.05011367 0.01143622 0.003763496 0.05087745 0.01120197 0.003911137 0.05050414 0.0112847 0.0040012 0.05053985 0.01074999 0.01279997 0.045699 0.01043933 0.01279997 0.04546064 0.01020091 0.01279997 0.04514998 0.01089024 0.01422411 0.045699 0.01130563 0.01559358 0.045699 0.01198023 0.01685565 0.045699 0.01288807 0.01796185 0.045699 0.01399433 0.01886969 0.045699 0.0152564 0.0195443 0.045699 0.01662582 0.01995968 0.045699 0.01804995 0.02009999 0.045699 0.01947414 0.01995968 0.045699 0.02084356 0.0195443 0.045699 0.02210563 0.01886969 0.045699 0.02321183 0.01796185 0.045699 0.02411967 0.01685565 0.045699 0.02479428 0.01559358 0.045699 0.02520972 0.01422411 0.045699 0.02534997 0.01279997 0.045699 0.01035177 0.01433122 0.04514998 0.01079839 0.01580369 0.04514998 0.01152372 0.01716065 0.04514998 0.01249986 0.01835006 0.04514998 0.01368927 0.01932621 0.04514998 0.01504629 0.02005153 0.04514998 0.01651871 0.02049821 0.04514998 0.01804995 0.02064901 0.04514998 0.01958125 0.02049821 0.04514998 0.02105367 0.02005153 0.04514998 0.02241069 0.01932621 0.04514998 0.0236001 0.01835006 0.04514998 0.02457618 0.01716065 0.04514998 0.02530151 0.01580369 0.04514998 0.02574819 0.01433122 0.04514998 0.02589899 0.01279997 0.04514998 0.02517402 0.01279997 0.03531414 0.02566063 0.01279997 0.03563928 0.02598577 0.01279997 0.03612595 0.01917934 0.02065503 0.03612595 0.01913309 0.02033317 0.03563928 0.01696687 0.02033317 0.03563928 0.01906383 0.0198515 0.03531414 0.01703613 0.0198515 0.03531414 0.01121449 0.01480704 0.03531414 0.01205688 0.01665151 0.03531414 0.01338475 0.01818394 0.03531414 0.01509052 0.01928019 0.03531414 0.0148884 0.01972287 0.03563928 0.01306605 0.0185517 0.03563928 0.01164746 0.0169146 0.03563928 0.01074761 0.01494413 0.03563928 0.02488541 0.01480704 0.03531414 0.02404308 0.01665151 0.03531414 0.02535235 0.01494413 0.03563928 0.02445244 0.0169146 0.03563928 0.02566432 0.01503574 0.03612595 0.02472603 0.01709038 0.03612595 0.02271521 0.01818394 0.03531414 0.02303391 0.0185517 0.03563928 0.02324682 0.01879745 0.03612595 0.02100938 0.01928019 0.03531414 0.02121156 0.01972287 0.03563928 0.02134662 0.02001863 0.03612595 0.01092594 0.01279997 0.03531414 0.01074999 0.01279997 0.03540092 0.01043933 0.01279997 0.03563928 0.01020091 0.01279997 0.03595 0.01692056 0.02065503 0.03612595 0.01475334 0.02001863 0.03612595 0.01285314 0.01879745 0.03612595 0.01137393 0.01709038 0.03612595 0.01043564 0.01503574 0.03612595 0.01011413 0.01279997 0.03612595 -0.02354997 -0.008099973 0.04367744 -0.01244997 -0.008099973 0.04367744 -0.01341927 -0.008099973 0.04310446 -0.02304995 -0.008099973 0.04333585 -0.02208524 -0.008099973 0.04293626 -0.02104997 -0.008099973 0.04279994 -0.01494997 -0.008099973 0.04279994 -0.01416963 -0.008099973 0.04287683 -0.02434921 -0.007968783 0.04413121 -0.02445185 -0.007931649 0.04420161 -0.02520203 -0.007476329 0.04484772 -0.01165074 -0.007968783 0.04413121 -0.0115481 -0.007931649 0.04420161 -0.01079791 -0.007476329 0.04484772 -0.02604997 0.008999943 0.04329997 -0.02604997 0.006399989 0.04329997 -0.02604997 0.006399989 0.03479999 -0.02604997 -0.001299977 0.03479999 -0.009949982 0.008999943 0.04329997 -0.009949982 0.006399989 0.04329997 -0.009949982 0.006399989 0.03479999 -0.009949982 -0.001299977 0.03479999 -0.01244997 0.0115 0.04017746 -0.01295 0.0115 0.03983587 -0.0139147 0.0115 0.03943628 -0.01494997 0.0115 0.03929996 -0.02104997 0.0115 0.03929996 -0.02354997 0.0115 0.04017746 -0.02304995 0.0115 0.03983587 -0.02208524 0.0115 0.03943628 -0.02571797 0.01024484 0.04205346 -0.02590239 0.00984621 0.042463 -0.02604997 0.00900954 0.04328829 -0.02602612 0.009344279 0.04296207 -0.02541637 0.01066327 0.04159802 -0.02520203 0.01087635 0.04134774 -0.02480679 0.01116108 0.04097384 -0.02445185 0.01133161 0.04070162 -0.02434921 0.01136875 0.04063123 -0.01079791 0.01087635 0.04134774 -0.01119315 0.01116108 0.04097384 -0.01028198 0.01024484 0.04205346 -0.009949982 0.00900954 0.04328829 -0.009973824 0.009344279 0.04296207 -0.01009756 0.00984621 0.042463 -0.01058357 0.01066327 0.04159802 -0.0115481 0.01133161 0.04070162 -0.01165074 0.01136875 0.04063123 -0.02104997 -0.007099986 0.04179996 -0.02104997 -0.002799987 0.04179996 -0.01494997 -0.007099986 0.04179996 -0.01494997 -0.002799987 0.04179996 -0.01494997 0.01049995 0.03829997 -0.01494997 0.007899999 0.03829997 -0.02104997 0.01049995 0.03829997 -0.02104997 0.007899999 0.03829997 -0.02589529 -0.001299977 0.03322947 -0.02589529 0.006399989 0.03322947 -0.02543723 -0.001299977 0.03171938 -0.02543723 0.006399989 0.03171938 -0.02469331 -0.001299977 0.03032761 -0.02469331 0.006399989 0.03032761 -0.02369219 -0.001299977 0.02910774 -0.02369219 0.006399989 0.02910774 -0.02247232 -0.001299977 0.02810662 -0.02247232 0.006399989 0.02810662 -0.02108055 -0.001299977 0.02736276 -0.02108055 0.006399989 0.02736276 -0.01957046 -0.001299977 0.02690464 -0.01957046 0.006399989 0.02690464 -0.01799994 -0.001299977 0.02674996 -0.01799994 0.006399989 0.02674996 -0.01642948 -0.001299977 0.02690464 -0.01642948 0.006399989 0.02690464 -0.0149194 -0.001299977 0.02736276 -0.0149194 0.006399989 0.02736276 -0.01352763 -0.001299977 0.02810662 -0.01352763 0.006399989 0.02810662 -0.01230776 -0.001299977 0.02910774 -0.01230776 0.006399989 0.02910774 -0.01130664 -0.001299977 0.03032761 -0.01130664 0.006399989 0.03032761 -0.01056271 -0.001299977 0.03171938 -0.01056271 0.006399989 0.03171938 -0.01010465 -0.001299977 0.03322947 -0.01010465 0.006399989 0.03322947 -0.02016502 0.007899999 0.03604996 -0.0205 0.007899999 0.03479999 -0.02454996 0.007899999 0.03479999 -0.02442413 0.007899999 0.03352212 -0.02454996 0.007899999 0.03972923 -0.02354997 0.007899999 0.03896987 -0.01924997 0.007899999 0.03696501 -0.01799994 0.007899999 0.03729999 -0.02405136 0.007899999 0.03229337 -0.02016502 0.007899999 0.03354996 -0.02344608 0.007899999 0.03116101 -0.02263152 0.007899999 0.03016841 -0.01924997 0.007899999 0.03263491 -0.02163898 0.007899999 0.02935385 -0.01436096 0.007899999 0.02935385 -0.01674997 0.007899999 0.03263491 -0.01336842 0.007899999 0.03016841 -0.01583492 0.007899999 0.03354996 -0.01255387 0.007899999 0.03116101 -0.02050656 0.007899999 0.02874857 -0.01799994 0.007899999 0.03229999 -0.01927781 0.007899999 0.0283758 -0.01549339 0.007899999 0.02874857 -0.01672214 0.007899999 0.0283758 -0.01799994 0.007899999 0.02824997 -0.01549994 0.007899999 0.03479999 -0.01157581 0.007899999 0.03352212 -0.01194858 0.007899999 0.03229337 -0.01244997 0.007899999 0.03896987 -0.01583492 0.007899999 0.03604996 -0.01144999 0.007899999 0.03972923 -0.01144999 0.007899999 0.03479999 -0.01674997 0.007899999 0.03696501 -0.01255387 -0.002799987 0.03116101 -0.01583492 -0.002799987 0.03354996 -0.01336842 -0.002799987 0.03016841 -0.01674997 -0.002799987 0.03263491 -0.01799994 -0.002799987 0.02824997 -0.01672214 -0.002799987 0.0283758 -0.01799994 -0.002799987 0.03229999 -0.01549339 -0.002799987 0.02874857 -0.01436096 -0.002799987 0.02935385 -0.01194858 -0.002799987 0.03229337 -0.01157581 -0.002799987 0.03352212 -0.01549994 -0.002799987 0.03479999 -0.01144999 -0.002799987 0.03479999 -0.01583492 -0.002799987 0.03604996 -0.01144999 -0.002799987 0.04322928 -0.01674997 -0.002799987 0.03696501 -0.02344608 -0.002799987 0.03116101 -0.02263152 -0.002799987 0.03016841 -0.02016502 -0.002799987 0.03354996 -0.01924997 -0.002799987 0.03263491 -0.01303654 -0.002799987 0.04218059 -0.01799994 -0.002799987 0.03729999 -0.01924997 -0.002799987 0.03696501 -0.02354997 -0.002799987 0.04246985 -0.02016502 -0.002799987 0.03604996 -0.02454996 -0.002799987 0.04322928 -0.0205 -0.002799987 0.03479999 -0.02454996 -0.002799987 0.03479999 -0.02442413 -0.002799987 0.03352212 -0.02405136 -0.002799987 0.03229337 -0.02163898 -0.002799987 0.02935385 -0.02050656 -0.002799987 0.02874857 -0.01927781 -0.002799987 0.0283758 -0.0136559 0.01049995 0.03847032 -0.01062363 0.007651865 0.04079341 -0.01069879 0.007698297 0.04066801 -0.01061928 0.01014876 0.04080092 -0.01081752 0.007760107 0.0404852 -0.01114857 0.01039898 0.04005199 -0.01244997 0.01049995 0.03896987 -0.01182496 0.01049995 0.03939682 -0.01122552 0.01042127 0.03996402 -0.009949982 0.009006559 0.0432865 -0.009949982 0.006406784 0.04328757 -0.01008361 0.007018923 0.04215162 -0.009967863 0.009206593 0.04287761 -0.01015049 0.007149219 0.04189825 -0.01020342 0.007234275 0.04172831 -0.01058596 0.01012581 0.04085963 -0.01042515 0.009997963 0.0411725 -0.01006066 0.009507715 0.04225373 -0.02603209 0.009206593 0.04287761 -0.02593928 0.009507715 0.04225373 -0.02567648 0.007390439 0.04140383 -0.0255748 0.009997963 0.0411725 -0.02538341 0.007647156 0.04080569 -0.02541399 0.01012581 0.04085963 -0.02538067 0.01014876 0.04080092 -0.02579653 0.007234275 0.04172831 -0.02585041 0.00714755 0.04190146 -0.02604997 0.009006559 0.0432865 -0.02603042 0.006641387 0.04285818 -0.02604997 0.006406784 0.04328757 -0.02477443 0.01042127 0.03996402 -0.02417498 0.01049995 0.03939682 -0.02485138 0.01039898 0.04005199 -0.02518242 0.007760107 0.0404852 -0.02530628 0.007695376 0.04067623 -0.02234405 0.01049995 0.03847032 -0.02354997 0.01049995 0.03896987 -0.01006066 -0.006107687 0.04575371 -0.01042515 -0.006597936 0.04467248 -0.01032346 -0.002290427 0.04490381 -0.01014953 -0.002047538 0.04540151 -0.01020342 -0.002134263 0.0452283 -0.009949982 -0.005608022 0.04678738 -0.009967863 -0.005806565 0.04637765 -0.009969532 -0.001541376 0.04635816 -0.009949982 -0.001306772 0.04678755 -0.01114857 -0.006998956 0.04355204 -0.01058596 -0.006725788 0.04435962 -0.01081752 -0.002660155 0.04398518 -0.01069366 -0.002595365 0.04417622 -0.01122552 -0.007021248 0.043464 -0.01182496 -0.007099986 0.04289686 -0.01397454 -0.007099986 0.04189604 -0.01303654 -0.007099986 0.04218059 -0.02234405 -0.007099986 0.04197037 -0.02485138 -0.006998956 0.04355204 -0.02518242 -0.002660155 0.04398518 -0.02538067 -0.006748735 0.04430091 -0.02530115 -0.002598345 0.04416799 -0.02354997 -0.007099986 0.04246985 -0.02417498 -0.007099986 0.04289686 -0.02477443 -0.007021248 0.043464 -0.02604997 -0.001306772 0.04678755 -0.02537631 -0.002551853 0.0442934 -0.02541399 -0.006725788 0.04435962 -0.0255748 -0.006597936 0.04467248 -0.02591633 -0.001918911 0.04565161 -0.02584946 -0.002049207 0.04539823 -0.02604997 -0.005608022 0.04678738 -0.02579653 -0.002134263 0.0452283 -0.02603209 -0.005806565 0.04637765 -0.02593928 -0.006107687 0.04575371 -0.009968936 0.009298622 0.04293382 -0.01006776 0.009736835 0.04239153 -0.01046365 0.0104717 0.04144054 -0.01064264 0.0106725 0.04116052 -0.009966909 0.009252667 0.04290562 -0.01005536 0.009623289 0.04232138 -0.01040947 0.01024413 0.04129499 -0.01056951 0.01041364 0.0409922 -0.01115196 0.01080411 0.04018878 -0.0112347 0.01083981 0.04009872 -0.01190871 0.01099997 0.03950142 -0.01129376 0.01113522 0.04041939 -0.01138621 0.01117742 0.04033648 -0.01213747 0.011366 0.03978717 -0.01251697 0.01099997 0.03908586 -0.01269996 0.011366 0.03940284 -0.01369053 0.01099997 0.03859972 -0.0137853 0.011366 0.0389533 -0.01494997 0.01099997 0.03843396 -0.01494997 0.011366 0.0388 -0.02104997 0.011366 0.0388 -0.02104997 0.01099997 0.03843396 -0.02230942 0.01099997 0.03859972 -0.02221465 0.011366 0.0389533 -0.02348297 0.01099997 0.03908586 -0.02329999 0.011366 0.03940284 -0.02409124 0.01099997 0.03950142 -0.02386248 0.011366 0.03978717 -0.02470618 0.01113522 0.04041939 -0.02603101 0.009298622 0.04293382 -0.02553629 0.0104717 0.04144054 -0.02593219 0.009736835 0.04239153 -0.02603304 0.009252667 0.04290562 -0.02594459 0.009623289 0.04232138 -0.02559047 0.01024413 0.04129499 -0.0253573 0.0106725 0.04116052 -0.02543044 0.01041364 0.0409922 -0.02461373 0.01117742 0.04033648 -0.02484798 0.01080411 0.04018878 -0.02476525 0.01083981 0.04009872 -0.02603101 -0.005898594 0.04643386 -0.02593219 -0.006336808 0.04589152 -0.02553629 -0.007071673 0.04494053 -0.02603304 -0.005852639 0.04640567 -0.02594459 -0.00622332 0.04582136 -0.02559047 -0.006844162 0.04479503 -0.02543044 -0.007013618 0.04449218 -0.02484798 -0.007404148 0.04368883 -0.02476525 -0.007439851 0.04359877 -0.02409124 -0.007599949 0.04300141 -0.0253573 -0.007272541 0.0446605 -0.02470618 -0.007735192 0.04391938 -0.02461373 -0.007777452 0.04383647 -0.02386248 -0.007965981 0.04328715 -0.02348297 -0.007599949 0.04258584 -0.02329999 -0.007965981 0.04290288 -0.02230942 -0.007599949 0.04209977 -0.02221465 -0.007965981 0.04245328 -0.02104997 -0.007599949 0.04193395 -0.02104997 -0.007965981 0.04229998 -0.01494997 -0.007965981 0.04229998 -0.01494997 -0.007599949 0.04193395 -0.01400065 -0.007599949 0.04202747 -0.01407206 -0.007965981 0.04238641 -0.0130878 -0.007599949 0.04230433 -0.01322788 -0.007965981 0.04264253 -0.01190871 -0.007599949 0.04300141 -0.01213747 -0.007965981 0.04328715 -0.01006776 -0.006336808 0.04589152 -0.009968936 -0.005898594 0.04643386 -0.01064264 -0.007272541 0.0446605 -0.01046365 -0.007071673 0.04494053 -0.01129376 -0.007735192 0.04391938 -0.01138621 -0.007777452 0.04383647 -0.009966909 -0.005852639 0.04640567 -0.01005536 -0.00622332 0.04582136 -0.01040947 -0.006844162 0.04479503 -0.01056951 -0.007013618 0.04449218 -0.01115196 -0.007404148 0.04368883 -0.0112347 -0.007439851 0.04359877 -0.01069998 -0.002599 0.03479999 -0.0101509 -0.002049982 0.03479999 -0.01030176 -0.002049982 0.03326869 -0.01084023 -0.002599 0.03337579 -0.01125568 -0.002599 0.03200638 -0.01193022 -0.002599 0.03074431 -0.01283812 -0.002599 0.02963811 -0.01394432 -0.002599 0.02873027 -0.01520639 -0.002599 0.02805566 -0.01657581 -0.002599 0.02764022 -0.01799994 -0.002599 0.02749997 -0.01942414 -0.002599 0.02764022 -0.02079355 -0.002599 0.02805566 -0.02205562 -0.002599 0.02873027 -0.02316182 -0.002599 0.02963811 -0.02406972 -0.002599 0.03074431 -0.02474427 -0.002599 0.03200638 -0.02515971 -0.002599 0.03337579 -0.02529996 -0.002599 0.03479999 -0.01074838 -0.002049982 0.03179627 -0.01147371 -0.002049982 0.03043925 -0.01244986 -0.002049982 0.02924984 -0.01363927 -0.002049982 0.02827376 -0.01499629 -0.002049982 0.02754843 -0.0164687 -0.002049982 0.02710175 -0.01799994 -0.002049982 0.02695095 -0.01953125 -0.002049982 0.02710175 -0.02100366 -0.002049982 0.02754843 -0.02236068 -0.002049982 0.02827376 -0.02355009 -0.002049982 0.02924984 -0.02452623 -0.002049982 0.03043925 -0.02525156 -0.002049982 0.03179627 -0.02569818 -0.002049982 0.03326869 -0.02584904 -0.002049982 0.03479999 -0.02529996 0.007699012 0.03479999 -0.02584904 0.007149994 0.03479999 -0.02569818 0.007149994 0.03326869 -0.02515971 0.007699012 0.03337579 -0.02474427 0.007699012 0.03200638 -0.02406972 0.007699012 0.03074431 -0.02316182 0.007699012 0.02963811 -0.02205562 0.007699012 0.02873027 -0.02079355 0.007699012 0.02805566 -0.01942414 0.007699012 0.02764022 -0.01799994 0.007699012 0.02749997 -0.01657581 0.007699012 0.02764022 -0.01520639 0.007699012 0.02805566 -0.01394432 0.007699012 0.02873027 -0.01283812 0.007699012 0.02963811 -0.01193022 0.007699012 0.03074431 -0.01125568 0.007699012 0.03200638 -0.01084023 0.007699012 0.03337579 -0.01069998 0.007699012 0.03479999 -0.02525156 0.007149994 0.03179627 -0.02452623 0.007149994 0.03043925 -0.02355009 0.007149994 0.02924984 -0.02236068 0.007149994 0.02827376 -0.02100366 0.007149994 0.02754843 -0.01953125 0.007149994 0.02710175 -0.01799994 0.007149994 0.02695095 -0.0164687 0.007149994 0.02710175 -0.01499629 0.007149994 0.02754843 -0.01363927 0.007149994 0.02827376 -0.01244986 0.007149994 0.02924984 -0.01147371 0.007149994 0.03043925 -0.01074838 0.007149994 0.03179627 -0.01030176 0.007149994 0.03326869 -0.0101509 0.007149994 0.03479999 0.02590239 0.00984621 0.07798695 0.02541637 0.01066327 0.07885193 0.02520203 0.01087635 0.07910221 0.02354997 0.0115 0.08027249 0.02434921 0.01136875 0.07981872 0.02445185 0.01133161 0.07974833 0.02461075 0.01126378 0.07963246 0.01244997 0.0115 0.08027249 0.01165074 0.01136875 0.07981872 0.0115481 0.01133161 0.07974833 0.01079791 0.01087635 0.07910221 0.01058357 0.01066327 0.07885193 0.02604997 0.006399989 0.08564996 0.02604997 -0.001299977 0.08564996 0.009949982 -0.001299977 0.08564996 0.009949982 0.006399989 0.08564996 0.02104997 -0.007099986 0.07864999 0.02104997 -0.002799987 0.07864999 0.01494997 -0.007099986 0.07864999 0.01494997 -0.002799987 0.07864999 0.02304995 0.0115 0.08061408 0.02208524 0.0115 0.08101367 0.01295 0.0115 0.08061408 0.0139147 0.0115 0.08101367 0.01494997 0.0115 0.08114999 0.02104997 0.0115 0.08114999 0.01494997 0.01049995 0.08214998 0.01494997 0.007899999 0.08214998 0.02104997 0.01049995 0.08214998 0.02104997 0.007899999 0.08214998 0.02589529 -0.001299977 0.08722043 0.02589529 0.006399989 0.08722043 0.02543723 -0.001299977 0.08873057 0.02543723 0.006399989 0.08873057 0.02469331 -0.001299977 0.09012234 0.02469331 0.006399989 0.09012234 0.02369219 -0.001299977 0.09134221 0.02369219 0.006399989 0.09134221 0.02247232 -0.001299977 0.09234333 0.02247232 0.006399989 0.09234333 0.02108055 -0.001299977 0.09308719 0.02108055 0.006399989 0.09308719 0.01957046 -0.001299977 0.09354531 0.01957046 0.006399989 0.09354531 0.01799994 -0.001299977 0.09369999 0.01799994 0.006399989 0.09369999 0.01642948 -0.001299977 0.09354531 0.01642948 0.006399989 0.09354531 0.0149194 -0.001299977 0.09308719 0.0149194 0.006399989 0.09308719 0.01352763 -0.001299977 0.09234333 0.01352763 0.006399989 0.09234333 0.01230776 -0.001299977 0.09134221 0.01230776 0.006399989 0.09134221 0.01130664 -0.001299977 0.09012234 0.01130664 0.006399989 0.09012234 0.01056271 -0.001299977 0.08873057 0.01056271 0.006399989 0.08873057 0.01010465 -0.001299977 0.08722043 0.01010465 0.006399989 0.08722043 0.02016502 0.007899999 0.08439999 0.02354997 0.007899999 0.08148008 0.01924997 0.007899999 0.08348488 0.01799994 0.007899999 0.08314996 0.01583492 0.007899999 0.08689999 0.01255387 0.007899999 0.08928894 0.01336842 0.007899999 0.09028154 0.01674997 0.007899999 0.08781504 0.01549994 0.007899999 0.08564996 0.01157581 0.007899999 0.08692783 0.01194858 0.007899999 0.08815658 0.01244997 0.007899999 0.08148008 0.01583492 0.007899999 0.08439999 0.01144999 0.007899999 0.08072072 0.01144999 0.007899999 0.08564996 0.01674997 0.007899999 0.08348488 0.02344608 0.007899999 0.08928894 0.02016502 0.007899999 0.08689999 0.02263152 0.007899999 0.09028154 0.01924997 0.007899999 0.08781504 0.01436096 0.007899999 0.0910961 0.01549339 0.007899999 0.09170138 0.01799994 0.007899999 0.08814996 0.01672214 0.007899999 0.09207409 0.01799994 0.007899999 0.09219998 0.02405136 0.007899999 0.08815658 0.02442413 0.007899999 0.08692783 0.0205 0.007899999 0.08564996 0.02454996 0.007899999 0.08564996 0.02454996 0.007899999 0.08072072 0.01927781 0.007899999 0.09207409 0.02050656 0.007899999 0.09170138 0.02163898 0.007899999 0.0910961 0.02344608 -0.002799987 0.08928894 0.02263152 -0.002799987 0.09028154 0.02016502 -0.002799987 0.08689999 0.01924997 -0.002799987 0.08781504 0.01674997 -0.002799987 0.08348488 0.01583492 -0.002799987 0.08439999 0.01144999 -0.002799987 0.07722067 0.0205 -0.002799987 0.08564996 0.02442413 -0.002799987 0.08692783 0.02405136 -0.002799987 0.08815658 0.01144999 -0.002799987 0.08564996 0.01549994 -0.002799987 0.08564996 0.01157581 -0.002799987 0.08692783 0.01583492 -0.002799987 0.08689999 0.01194858 -0.002799987 0.08815658 0.01674997 -0.002799987 0.08781504 0.01336842 -0.002799987 0.09028154 0.01255387 -0.002799987 0.08928894 0.01799994 -0.002799987 0.09219998 0.01672214 -0.002799987 0.09207409 0.01799994 -0.002799987 0.08814996 0.01549339 -0.002799987 0.09170138 0.01436096 -0.002799987 0.0910961 0.02163898 -0.002799987 0.0910961 0.02050656 -0.002799987 0.09170138 0.01927781 -0.002799987 0.09207409 0.01303654 -0.002799987 0.07826936 0.01799994 -0.002799987 0.08314996 0.01924997 -0.002799987 0.08348488 0.02354997 -0.002799987 0.0779801 0.02016502 -0.002799987 0.08439999 0.02454996 -0.002799987 0.07722067 0.02454996 -0.002799987 0.08564996 0.0136559 0.01049995 0.08197963 0.01062363 0.007651865 0.07965654 0.01069879 0.007698297 0.07978194 0.01061928 0.01014876 0.07964903 0.01081752 0.007760107 0.07996475 0.01114857 0.01039898 0.08039796 0.01244997 0.01049995 0.08148008 0.01182496 0.01049995 0.08105307 0.01122552 0.01042127 0.08048593 0.009949982 0.009006559 0.07716345 0.009949982 0.006406784 0.07716238 0.01008361 0.007018923 0.07829833 0.009967863 0.009206593 0.07757234 0.01015049 0.007149219 0.0785517 0.01020342 0.007234275 0.07872164 0.01058596 0.01012581 0.07959032 0.01042515 0.009997963 0.07927745 0.01006066 0.009507715 0.07819622 0.02603209 0.009206593 0.07757234 0.02593928 0.009507715 0.07819622 0.02567648 0.007390439 0.07904613 0.0255748 0.009997963 0.07927745 0.02538341 0.007647156 0.07964426 0.02541399 0.01012581 0.07959032 0.02538067 0.01014876 0.07964903 0.02579653 0.007234275 0.07872164 0.02585041 0.00714755 0.07854849 0.02604997 0.009006559 0.07716345 0.02603042 0.006641387 0.07759177 0.02604997 0.006406784 0.07716238 0.02477443 0.01042127 0.08048593 0.02417498 0.01049995 0.08105307 0.02485138 0.01039898 0.08039796 0.02518242 0.007760107 0.07996475 0.02530628 0.007695376 0.07977372 0.02234405 0.01049995 0.08197963 0.02354997 0.01049995 0.08148008 0.01006066 -0.006107687 0.07469618 0.01042515 -0.006597936 0.07577747 0.01032346 -0.002290427 0.07554614 0.01014953 -0.002047538 0.07504844 0.01020342 -0.002134263 0.07522165 0.009949982 -0.005608022 0.07366257 0.009967863 -0.005806565 0.0740723 0.009969532 -0.001541376 0.07409179 0.009949982 -0.001306772 0.0736624 0.01114857 -0.006998956 0.07689791 0.01058596 -0.006725788 0.07609027 0.01081752 -0.002660155 0.07646477 0.01069366 -0.002595365 0.07627373 0.01122552 -0.007021248 0.07698595 0.01182496 -0.007099986 0.07755309 0.01397454 -0.007099986 0.07855391 0.01303654 -0.007099986 0.07826936 0.02234405 -0.007099986 0.07847958 0.02485138 -0.006998956 0.07689791 0.02518242 -0.002660155 0.07646477 0.02538067 -0.006748735 0.07614904 0.02530115 -0.002598345 0.07628196 0.02354997 -0.007099986 0.0779801 0.02417498 -0.007099986 0.07755309 0.02477443 -0.007021248 0.07698595 0.02604997 -0.001306772 0.0736624 0.02537631 -0.002551853 0.07615655 0.02541399 -0.006725788 0.07609027 0.0255748 -0.006597936 0.07577747 0.02591633 -0.001918911 0.07479834 0.02584946 -0.002049207 0.07505172 0.02604997 -0.005608022 0.07366257 0.02579653 -0.002134263 0.07522165 0.02603209 -0.005806565 0.0740723 0.02593928 -0.006107687 0.07469618 0.009968936 0.009298622 0.07751613 0.01006776 0.009736835 0.07805842 0.009966909 0.009252667 0.07754433 0.01005536 0.009623289 0.07812857 0.01040947 0.01024413 0.0791549 0.01056951 0.01041364 0.07945775 0.01115196 0.01080411 0.08026111 0.0112347 0.01083981 0.08035123 0.01190871 0.01099997 0.08094853 0.01046365 0.0104717 0.07900941 0.01064264 0.0106725 0.07928943 0.01129376 0.01113522 0.08003056 0.01138621 0.01117742 0.08011347 0.01213747 0.011366 0.08066278 0.01251697 0.01099997 0.08136409 0.01269996 0.011366 0.08104711 0.01369053 0.01099997 0.08185023 0.0137853 0.011366 0.08149665 0.01494997 0.01099997 0.08201599 0.01494997 0.011366 0.08164995 0.02104997 0.011366 0.08164995 0.02104997 0.01099997 0.08201599 0.02230942 0.01099997 0.08185023 0.02221465 0.011366 0.08149665 0.02348297 0.01099997 0.08136409 0.02329999 0.011366 0.08104711 0.02409124 0.01099997 0.08094853 0.02386248 0.011366 0.08066278 0.02470618 0.01113522 0.08003056 0.02593219 0.009736835 0.07805842 0.02603101 0.009298622 0.07751613 0.02603304 0.009252667 0.07754433 0.02594459 0.009623289 0.07812857 0.02553629 0.0104717 0.07900941 0.02559047 0.01024413 0.0791549 0.0253573 0.0106725 0.07928943 0.02543044 0.01041364 0.07945775 0.02461373 0.01117742 0.08011347 0.02484798 0.01080411 0.08026111 0.02476525 0.01083981 0.08035123 0.02603101 -0.005898594 0.07401609 0.02593219 -0.006336808 0.07455843 0.02553629 -0.007071673 0.07550942 0.0253573 -0.007272541 0.07578945 0.02603304 -0.005852639 0.07404428 0.02594459 -0.00622332 0.07462859 0.02559047 -0.006844162 0.07565492 0.02543044 -0.007013618 0.07595777 0.02484798 -0.007404148 0.07676112 0.02476525 -0.007439851 0.07685118 0.02409124 -0.007599949 0.07744854 0.02470618 -0.007735192 0.07653057 0.02461373 -0.007777452 0.07661348 0.02386248 -0.007965981 0.0771628 0.02348297 -0.007599949 0.07786411 0.02329999 -0.007965981 0.07754707 0.02230942 -0.007599949 0.07835018 0.02221465 -0.007965981 0.07799667 0.02104997 -0.007599949 0.078516 0.02104997 -0.007965981 0.07814997 0.01494997 -0.007965981 0.07814997 0.01494997 -0.007599949 0.078516 0.01400065 -0.007599949 0.07842248 0.0130878 -0.007599949 0.07814562 0.01407206 -0.007965981 0.07806348 0.01322788 -0.007965981 0.07780742 0.01190871 -0.007599949 0.07744854 0.01213747 -0.007965981 0.0771628 0.009968936 -0.005898594 0.07401609 0.01006776 -0.006336808 0.07455843 0.01046365 -0.007071673 0.07550942 0.01064264 -0.007272541 0.07578945 0.01129376 -0.007735192 0.07653057 0.01138621 -0.007777452 0.07661348 0.009966909 -0.005852639 0.07404428 0.01005536 -0.00622332 0.07462859 0.01040947 -0.006844162 0.07565492 0.01056951 -0.007013618 0.07595777 0.01115196 -0.007404148 0.07676112 0.0112347 -0.007439851 0.07685118 0.01069998 -0.002599 0.08564996 0.0101509 -0.002049982 0.08564996 0.01030176 -0.002049982 0.08718127 0.01084023 -0.002599 0.08707416 0.01125568 -0.002599 0.08844357 0.01193022 -0.002599 0.08970564 0.01283812 -0.002599 0.09081184 0.01394432 -0.002599 0.09171968 0.01520639 -0.002599 0.09239429 0.01657581 -0.002599 0.09280973 0.01799994 -0.002599 0.09294998 0.01942414 -0.002599 0.09280973 0.02079355 -0.002599 0.09239429 0.02205562 -0.002599 0.09171968 0.02316182 -0.002599 0.09081184 0.02406972 -0.002599 0.08970564 0.02474427 -0.002599 0.08844357 0.02515971 -0.002599 0.08707416 0.02529996 -0.002599 0.08564996 0.01074838 -0.002049982 0.08865368 0.01147371 -0.002049982 0.0900107 0.01244986 -0.002049982 0.09120011 0.01363927 -0.002049982 0.09217619 0.01499629 -0.002049982 0.09290152 0.0164687 -0.002049982 0.0933482 0.01799994 -0.002049982 0.093499 0.01953125 -0.002049982 0.0933482 0.02100366 -0.002049982 0.09290152 0.02236068 -0.002049982 0.09217619 0.02355009 -0.002049982 0.09120011 0.02452623 -0.002049982 0.0900107 0.02525156 -0.002049982 0.08865368 0.02569818 -0.002049982 0.08718127 0.02584904 -0.002049982 0.08564996 0.02529996 0.007699012 0.08564996 0.02584904 0.007149994 0.08564996 0.02569818 0.007149994 0.08718127 0.02515971 0.007699012 0.08707416 0.02474427 0.007699012 0.08844357 0.02406972 0.007699012 0.08970564 0.02316182 0.007699012 0.09081184 0.02205562 0.007699012 0.09171968 0.02079355 0.007699012 0.09239429 0.01942414 0.007699012 0.09280973 0.01799994 0.007699012 0.09294998 0.01657581 0.007699012 0.09280973 0.01520639 0.007699012 0.09239429 0.01394432 0.007699012 0.09171968 0.01283812 0.007699012 0.09081184 0.01193022 0.007699012 0.08970564 0.01125568 0.007699012 0.08844357 0.01084023 0.007699012 0.08707416 0.01069998 0.007699012 0.08564996 0.02525156 0.007149994 0.08865368 0.02452623 0.007149994 0.0900107 0.02355009 0.007149994 0.09120011 0.02236068 0.007149994 0.09217619 0.02100366 0.007149994 0.09290152 0.01953125 0.007149994 0.0933482 0.01799994 0.007149994 0.093499 0.0164687 0.007149994 0.0933482 0.01499629 0.007149994 0.09290152 0.01363927 0.007149994 0.09217619 0.01244986 0.007149994 0.09120011 0.01147371 0.007149994 0.0900107 0.01074838 0.007149994 0.08865368 0.01030176 0.007149994 0.08718127 0.0101509 0.007149994 0.08564996 5.5e-4 -0.008099973 0.08477246 5e-5 -0.008099973 0.08511406 -0.01054996 -0.008099973 0.08477246 -0.009580731 -0.008099973 0.0853455 -0.008830308 -0.008099973 0.08557313 -9.14724e-4 -0.008099973 0.08551371 -0.001949965 -0.008099973 0.08564996 -0.008049964 -0.008099973 0.08564996 -0.01304996 0.008999943 0.08515 -0.01304996 0.006399989 0.08515 -0.01304996 0.006399989 0.09364998 -0.01304996 -0.001299977 0.09364998 -0.001949965 -0.007099986 0.08664995 -0.001949965 -0.002799987 0.08664995 -0.008049964 -0.007099986 0.08664995 -0.008049964 -0.002799987 0.08664995 0.001451849 -0.007931649 0.08424836 0.00134921 -0.007968783 0.08431875 -0.01145184 -0.007931649 0.08424836 -0.0113492 -0.007968783 0.08431875 0.003049969 0.008999943 0.08515 0.003049969 0.006399989 0.08515 0.003049969 0.006399989 0.09364998 0.003049969 -0.001299977 0.09364998 5e-5 0.0115 0.0886141 5.5e-4 0.0115 0.08827245 -0.01054996 0.0115 0.08827245 -0.01004999 0.0115 0.0886141 -9.14724e-4 0.0115 0.08901369 -0.009085237 0.0115 0.08901369 -0.008049964 0.0115 0.08914995 -0.001949965 0.0115 0.08914995 -0.008049964 0.01049995 0.09014999 -0.008049964 0.007899999 0.09014999 -0.001949965 0.01049995 0.09014999 -0.001949965 0.007899999 0.09014999 0.002717971 0.01024484 0.08639651 0.002902388 0.00984621 0.08598697 0.003049969 0.00900954 0.08516168 0.003026127 0.009344279 0.08548784 0.002416372 0.01066327 0.08685195 0.002202033 0.01087635 0.08710223 0.00134921 0.01136875 0.08781874 0.001451849 0.01133161 0.08774834 0.001806795 0.01116108 0.08747613 -0.01220202 0.01087635 0.08710223 -0.01180678 0.01116108 0.08747613 -0.0113492 0.01136875 0.08781874 -0.01145184 0.01133161 0.08774834 -0.01271796 0.01024484 0.08639651 -0.01241636 0.01066327 0.08685195 -0.01304996 0.00900954 0.08516168 -0.01302617 0.009344279 0.08548784 -0.01290237 0.00984621 0.08598697 0.002895295 -0.001299977 0.09522044 0.002895295 0.006399989 0.09522044 0.002437174 -0.001299977 0.09673058 0.002437174 0.006399989 0.09673058 0.001693308 -0.001299977 0.09812229 0.001693308 0.006399989 0.09812229 6.9221e-4 -0.001299977 0.09934216 6.9221e-4 0.006399989 0.09934216 -5.2766e-4 -0.001299977 0.1003433 -5.2766e-4 0.006399989 0.1003433 -0.001919388 -0.001299977 0.1010872 -0.001919388 0.006399989 0.1010872 -0.003429472 -0.001299977 0.1015453 -0.003429472 0.006399989 0.1015453 -0.004999995 -0.001299977 0.1017 -0.004999995 0.006399989 0.1017 -0.006570458 -0.001299977 0.1015453 -0.006570458 0.006399989 0.1015453 -0.008080601 -0.001299977 0.1010872 -0.008080601 0.006399989 0.1010872 -0.00947231 -0.001299977 0.1003433 -0.00947231 0.006399989 0.1003433 -0.01069217 -0.001299977 0.09934216 -0.01069217 0.006399989 0.09934216 -0.01169329 -0.001299977 0.09812229 -0.01169329 0.006399989 0.09812229 -0.01243722 -0.001299977 0.09673058 -0.01243722 0.006399989 0.09673058 -0.01289528 -0.001299977 0.09522044 -0.01289528 0.006399989 0.09522044 -0.002834916 0.007899999 0.09239995 5.5e-4 0.007899999 0.0894801 -0.003749966 0.007899999 0.0914849 -0.004999995 0.007899999 0.09114998 4.46126e-4 0.007899999 0.09728896 -0.002834916 0.007899999 0.09489995 -3.68451e-4 0.007899999 0.0982815 -0.003749966 0.007899999 0.09581506 -0.004999995 0.007899999 0.1001999 -0.003722131 0.007899999 0.1000741 -0.004999995 0.007899999 0.09614998 -0.002493381 0.007899999 0.0997014 -0.001361012 0.007899999 0.09909611 -0.01054996 0.007899999 0.0894801 -0.007165014 0.007899999 0.09239995 -0.01154994 0.007899999 0.08872067 -0.007499992 0.007899999 0.09364998 -0.006249964 0.007899999 0.0914849 0.001051366 0.007899999 0.09615653 0.001424133 0.007899999 0.09492784 -0.002499997 0.007899999 0.09364998 0.001549959 0.007899999 0.09364998 0.001549959 0.007899999 0.08872067 -0.007165014 0.007899999 0.09489995 -0.01044607 0.007899999 0.09728896 -0.009631514 0.007899999 0.0982815 -0.006249964 0.007899999 0.09581506 -0.01154994 0.007899999 0.09364998 -0.01142412 0.007899999 0.09492784 -0.01105135 0.007899999 0.09615653 -0.008638978 0.007899999 0.09909611 -0.007506549 0.007899999 0.0997014 -0.006277799 0.007899999 0.1000741 -0.002499997 -0.002799987 0.09364998 -0.002834916 -0.002799987 0.09239995 0.001549959 -0.002799987 0.08522069 4.46126e-4 -0.002799987 0.09728896 -3.68451e-4 -0.002799987 0.0982815 -0.002834916 -0.002799987 0.09489995 -0.003749966 -0.002799987 0.09581506 5.5e-4 -0.002799987 0.08598011 -0.003749966 -0.002799987 0.0914849 -0.004999995 -0.002799987 0.09114998 -0.006249964 -0.002799987 0.0914849 -0.009963393 -0.002799987 0.08626937 -0.001361012 -0.002799987 0.09909611 -0.002493381 -0.002799987 0.0997014 -0.004999995 -0.002799987 0.09614998 -0.003722131 -0.002799987 0.1000741 -0.004999995 -0.002799987 0.1001999 -0.01154994 -0.002799987 0.08522069 -0.007165014 -0.002799987 0.09239995 -0.01154994 -0.002799987 0.09364998 -0.007499992 -0.002799987 0.09364998 -0.01142412 -0.002799987 0.09492784 -0.007165014 -0.002799987 0.09489995 -0.01105135 -0.002799987 0.09615653 0.001549959 -0.002799987 0.09364998 0.001424133 -0.002799987 0.09492784 0.001051366 -0.002799987 0.09615653 -0.006249964 -0.002799987 0.09581506 -0.009631514 -0.002799987 0.0982815 -0.01044607 -0.002799987 0.09728896 -0.006277799 -0.002799987 0.1000741 -0.007506549 -0.002799987 0.0997014 -0.008638978 -0.002799987 0.09909611 -0.009344041 0.01049995 0.08997958 -0.0123763 0.007651865 0.08765655 -0.01230114 0.007698297 0.08778196 -0.01238065 0.01014876 0.08764904 -0.01218241 0.007760107 0.08796477 -0.01185137 0.01039898 0.08839792 -0.01054996 0.01049995 0.0894801 -0.01117497 0.01049995 0.08905309 -0.01177442 0.01042127 0.08848595 -0.01304996 0.009006559 0.08516347 -0.01304996 0.006406784 0.0851624 -0.01291632 0.007018923 0.08629834 -0.01303207 0.009206593 0.0855723 -0.01284945 0.007149219 0.08655172 -0.01279652 0.007234275 0.08672165 -0.01241403 0.01012581 0.08759027 -0.01257479 0.009997963 0.08727747 -0.01293927 0.009507715 0.08619618 0.003032088 0.009206593 0.0855723 0.002939283 0.009507715 0.08619618 0.002676486 0.007390439 0.08704614 0.002574801 0.009997963 0.08727747 0.00238341 0.007647156 0.08764427 0.002413988 0.01012581 0.08759027 0.002380669 0.01014876 0.08764904 0.00279653 0.007234275 0.08672165 0.002850413 0.00714755 0.08654844 0.003049969 0.009006559 0.08516347 0.003030419 0.006641387 0.08559179 0.003049969 0.006406784 0.0851624 0.00177443 0.01042127 0.08848595 0.001174986 0.01049995 0.08905309 0.001851379 0.01039898 0.08839792 0.002182364 0.007760107 0.08796477 0.002306282 0.007695376 0.08777374 -6.55905e-4 0.01049995 0.08997958 5.5e-4 0.01049995 0.0894801 -0.01293927 -0.006107687 0.08269619 -0.01257479 -0.006597936 0.08377748 -0.01267647 -0.002290427 0.08354616 -0.0128504 -0.002047538 0.08304846 -0.01279652 -0.002134263 0.08322167 -0.01304996 -0.005608022 0.08166259 -0.01303207 -0.005806565 0.08207231 -0.0130304 -0.001541376 0.08209174 -0.01304996 -0.001306772 0.08166235 -0.01185137 -0.006998956 0.08489793 -0.01241403 -0.006725788 0.08409029 -0.01218241 -0.002660155 0.08446478 -0.01230627 -0.002595365 0.08427369 -0.01177442 -0.007021248 0.08498591 -0.01117497 -0.007099986 0.0855531 -0.009025394 -0.007099986 0.08655393 -0.009963393 -0.007099986 0.08626937 -6.55905e-4 -0.007099986 0.0864796 0.001851379 -0.006998956 0.08489793 0.002182364 -0.002660155 0.08446478 0.002380669 -0.006748735 0.08414906 0.002301156 -0.002598345 0.08428198 5.5e-4 -0.007099986 0.08598011 0.001174986 -0.007099986 0.0855531 0.00177443 -0.007021248 0.08498591 0.003049969 -0.001306772 0.08166235 0.002376317 -0.002551853 0.08415657 0.002413988 -0.006725788 0.08409029 0.002574801 -0.006597936 0.08377748 0.002916336 -0.001918911 0.0827983 0.002849459 -0.002049207 0.08305174 0.003049969 -0.005608022 0.08166259 0.00279653 -0.002134263 0.08322167 0.003032088 -0.005806565 0.08207231 0.002939283 -0.006107687 0.08269619 -0.013031 0.009298622 0.08551609 -0.01293218 0.009736835 0.08605843 -0.01253628 0.0104717 0.08700942 -0.01235729 0.0106725 0.08728945 -0.01303303 0.009252667 0.08554428 -0.01294457 0.009623289 0.08612859 -0.01259046 0.01024413 0.08715492 -0.01243042 0.01041364 0.08745777 -0.01184797 0.01080411 0.08826112 -0.01176524 0.01083981 0.08835119 -0.01109123 0.01099997 0.08894854 -0.01170617 0.01113522 0.08803057 -0.01161372 0.01117742 0.08811348 -0.01086246 0.011366 0.0886628 -0.01048296 0.01099997 0.08936411 -0.01029998 0.011366 0.08904707 -0.009309411 0.01099997 0.08985018 -0.009214639 0.011366 0.08949667 -0.008049964 0.01099997 0.090016 -0.008049964 0.011366 0.08964997 -0.001949965 0.011366 0.08964997 -0.001949965 0.01099997 0.090016 -6.9058e-4 0.01099997 0.08985018 -7.85314e-4 0.011366 0.08949667 4.83013e-4 0.01099997 0.08936411 3e-4 0.011366 0.08904707 0.001091241 0.01099997 0.08894854 8.625e-4 0.011366 0.0886628 0.001706182 0.01113522 0.08803057 0.003031015 0.009298622 0.08551609 0.002536296 0.0104717 0.08700942 0.00293219 0.009736835 0.08605843 0.003033041 0.009252667 0.08554428 0.002944588 0.009623289 0.08612859 0.002590477 0.01024413 0.08715492 0.002357304 0.0106725 0.08728945 0.002430438 0.01041364 0.08745777 0.001613736 0.01117742 0.08811348 0.001847982 0.01080411 0.08826112 0.001765251 0.01083981 0.08835119 0.001847982 -0.007404148 0.08476114 0.003033041 -0.005852639 0.0820443 0.002944588 -0.00622332 0.0826286 0.003031015 -0.005898594 0.08201611 0.00293219 -0.006336808 0.08255839 0.002536296 -0.007071673 0.08350944 0.002590477 -0.006844162 0.08365494 0.002430438 -0.007013618 0.08395779 0.002357304 -0.007272541 0.0837894 0.001765251 -0.007439851 0.0848512 0.001706182 -0.007735192 0.08453053 0.001613736 -0.007777452 0.0846135 8.625e-4 -0.007965981 0.08516281 0.001091241 -0.007599949 0.0854485 4.83013e-4 -0.007599949 0.08586406 3e-4 -0.007965981 0.08554708 -6.9058e-4 -0.007599949 0.0863502 -7.85314e-4 -0.007965981 0.08599662 -0.001949965 -0.007599949 0.08651602 -0.001949965 -0.007965981 0.08614999 -0.008049964 -0.007965981 0.08614999 -0.008049964 -0.007599949 0.08651602 -0.008999288 -0.007599949 0.0864225 -0.008927881 -0.007965981 0.0860635 -0.009912133 -0.007599949 0.08614557 -0.009772062 -0.007965981 0.08580744 -0.01109123 -0.007599949 0.0854485 -0.01086246 -0.007965981 0.08516281 -0.013031 -0.005898594 0.08201611 -0.01293218 -0.006336808 0.08255839 -0.01253628 -0.007071673 0.08350944 -0.01235729 -0.007272541 0.0837894 -0.01170617 -0.007735192 0.08453053 -0.01161372 -0.007777452 0.0846135 -0.01303303 -0.005852639 0.0820443 -0.01294457 -0.00622332 0.0826286 -0.01259046 -0.006844162 0.08365494 -0.01243042 -0.007013618 0.08395779 -0.01184797 -0.007404148 0.08476114 -0.01176524 -0.007439851 0.0848512 -0.01229995 -0.002599 0.09364998 -0.01284903 -0.002049982 0.09364998 -0.01269817 -0.002049982 0.09518122 -0.0121597 -0.002599 0.09507411 -0.01174432 -0.002599 0.09644359 -0.01106971 -0.002599 0.09770566 -0.01016187 -0.002599 0.09881186 -0.009055614 -0.002599 0.0997197 -0.007793545 -0.002599 0.1003943 -0.006424129 -0.002599 0.1008097 -0.004999995 -0.002599 0.10095 -0.003575801 -0.002599 0.1008097 -0.002206385 -0.002599 0.1003943 -9.44337e-4 -0.002599 0.0997197 1.6188e-4 -0.002599 0.09881186 0.001069724 -0.002599 0.09770566 0.00174427 -0.002599 0.09644359 0.002159714 -0.002599 0.09507411 0.002299964 -0.002599 0.09364998 -0.01225155 -0.002049982 0.09665369 -0.01152622 -0.002049982 0.09801065 -0.01055008 -0.002049982 0.09920006 -0.009360671 -0.002049982 0.1001762 -0.008003652 -0.002049982 0.1009016 -0.006531238 -0.002049982 0.1013482 -0.004999995 -0.002049982 0.101499 -0.003468692 -0.002049982 0.1013482 -0.001996278 -0.002049982 0.1009016 -6.39308e-4 -0.002049982 0.1001762 5.50108e-4 -0.002049982 0.09920006 0.001526236 -0.002049982 0.09801065 0.002251565 -0.002049982 0.09665369 0.002698183 -0.002049982 0.09518122 0.002848982 -0.002049982 0.09364998 0.002299964 0.007699012 0.09364998 0.002848982 0.007149994 0.09364998 0.002698183 0.007149994 0.09518122 0.002159714 0.007699012 0.09507411 0.00174427 0.007699012 0.09644359 0.001069724 0.007699012 0.09770566 1.6188e-4 0.007699012 0.09881186 -9.44337e-4 0.007699012 0.0997197 -0.002206385 0.007699012 0.1003943 -0.003575801 0.007699012 0.1008097 -0.004999995 0.007699012 0.10095 -0.006424129 0.007699012 0.1008097 -0.007793545 0.007699012 0.1003943 -0.009055614 0.007699012 0.0997197 -0.01016187 0.007699012 0.09881186 -0.01106971 0.007699012 0.09770566 -0.01174432 0.007699012 0.09644359 -0.0121597 0.007699012 0.09507411 -0.01229995 0.007699012 0.09364998 0.002251565 0.007149994 0.09665369 0.001526236 0.007149994 0.09801065 5.50108e-4 0.007149994 0.09920006 -6.39308e-4 0.007149994 0.1001762 -0.001996278 0.007149994 0.1009016 -0.003468692 0.007149994 0.1013482 -0.004999995 0.007149994 0.101499 -0.006531238 0.007149994 0.1013482 -0.008003652 0.007149994 0.1009016 -0.009360671 0.007149994 0.1001762 -0.01055008 0.007149994 0.09920006 -0.01152622 0.007149994 0.09801065 -0.01225155 0.007149994 0.09665369 -0.01269817 0.007149994 0.09518122 -0.01284903 0.007149994 0.09364998 -0.03541636 0.01066327 0.08185195 -0.03520202 0.01087635 0.08210223 -0.03445184 0.01133161 0.08274835 -0.0343492 0.01136875 0.08281874 -0.03354996 0.0115 0.08327245 -0.03590238 0.00984621 0.08098697 -0.02165073 0.01136875 0.08281874 -0.02244997 0.0115 0.08327245 -0.02154809 0.01133161 0.08274835 -0.0207979 0.01087635 0.08210223 -0.02058357 0.01066327 0.08185195 -0.01994997 0.006399989 0.08864998 -0.01994997 -0.001299977 0.08864998 -0.03604996 -0.001299977 0.08864998 -0.03604996 0.006399989 0.08864998 -0.02294999 0.0115 0.08361411 -0.03305 0.0115 0.08361411 -0.02391469 0.0115 0.0840137 -0.03208523 0.0115 0.0840137 -0.03104996 0.0115 0.08414995 -0.02494996 0.0115 0.08414995 -0.02494996 -0.007099986 0.08164995 -0.02494996 -0.002799987 0.08164995 -0.03104996 -0.007099986 0.08164995 -0.03104996 -0.002799987 0.08164995 -0.03104996 0.01049995 0.08515 -0.03104996 0.007899999 0.08515 -0.02494996 0.01049995 0.08515 -0.02494996 0.007899999 0.08515 -0.03589528 0.006399989 0.09022045 -0.03589528 -0.001299977 0.09022045 -0.03543722 0.006399989 0.09173059 -0.03543722 -0.001299977 0.09173059 -0.0346933 0.006399989 0.0931223 -0.0346933 -0.001299977 0.0931223 -0.03369218 0.006399989 0.09434217 -0.03369218 -0.001299977 0.09434217 -0.03247231 0.006399989 0.09534329 -0.03247231 -0.001299977 0.09534329 -0.0310806 0.006399989 0.09608721 -0.0310806 -0.001299977 0.09608721 -0.02957046 0.006399989 0.09654527 -0.02957046 -0.001299977 0.09654527 -0.02799999 0.006399989 0.09669995 -0.02799999 -0.001299977 0.09669995 -0.02642947 0.006399989 0.09654527 -0.02642947 -0.001299977 0.09654527 -0.02491939 0.006399989 0.09608721 -0.02491939 -0.001299977 0.09608721 -0.02352762 0.006399989 0.09534329 -0.02352762 -0.001299977 0.09534329 -0.02230775 0.006399989 0.09434217 -0.02230775 -0.001299977 0.09434217 -0.02130663 0.006399989 0.0931223 -0.02130663 -0.001299977 0.0931223 -0.02056276 0.006399989 0.09173059 -0.02056276 -0.001299977 0.09173059 -0.02010464 0.006399989 0.09022045 -0.02010464 -0.001299977 0.09022045 -0.02583491 0.007899999 0.08739995 -0.02549999 0.007899999 0.08864998 -0.02144998 0.007899999 0.08864998 -0.03354996 0.007899999 0.0844801 -0.03016501 0.007899999 0.08739995 -0.03454995 0.007899999 0.08372068 -0.03049999 0.007899999 0.08864998 -0.02924996 0.007899999 0.0864849 -0.02799999 0.007899999 0.08614999 -0.02244997 0.007899999 0.0844801 -0.03016501 0.007899999 0.08989995 -0.03344607 0.007899999 0.09228897 -0.03263151 0.007899999 0.0932815 -0.02144998 0.007899999 0.08372068 -0.02674996 0.007899999 0.0864849 -0.02799999 0.007899999 0.0952 -0.02672213 0.007899999 0.09507411 -0.02799999 0.007899999 0.09114998 -0.02549338 0.007899999 0.0947014 -0.02674996 0.007899999 0.09081506 -0.02924996 0.007899999 0.09081506 -0.03454995 0.007899999 0.08864998 -0.03442412 0.007899999 0.08992785 -0.03405135 0.007899999 0.09115654 -0.02436101 0.007899999 0.09409612 -0.02336841 0.007899999 0.0932815 -0.02583491 0.007899999 0.08989995 -0.03163897 0.007899999 0.09409612 -0.03050655 0.007899999 0.0947014 -0.0292778 0.007899999 0.09507411 -0.02255386 0.007899999 0.09228897 -0.02194857 0.007899999 0.09115654 -0.0215758 0.007899999 0.08992785 -0.02672213 -0.002799987 0.09507411 -0.02799999 -0.002799987 0.0952 -0.02799999 -0.002799987 0.09114998 -0.02924996 -0.002799987 0.0864849 -0.03016501 -0.002799987 0.08739995 -0.03454995 -0.002799987 0.08022069 -0.02549338 -0.002799987 0.0947014 -0.02674996 -0.002799987 0.09081506 -0.02436101 -0.002799987 0.09409612 -0.02336841 -0.002799987 0.0932815 -0.02583491 -0.002799987 0.08989995 -0.02255386 -0.002799987 0.09228897 -0.02194857 -0.002799987 0.09115654 -0.02549999 -0.002799987 0.08864998 -0.0215758 -0.002799987 0.08992785 -0.03454995 -0.002799987 0.08864998 -0.03049999 -0.002799987 0.08864998 -0.03442412 -0.002799987 0.08992785 -0.03016501 -0.002799987 0.08989995 -0.03405135 -0.002799987 0.09115654 -0.03296339 -0.002799987 0.08126938 -0.02799999 -0.002799987 0.08614999 -0.02674996 -0.002799987 0.0864849 -0.02244997 -0.002799987 0.08098012 -0.02583491 -0.002799987 0.08739995 -0.02144998 -0.002799987 0.08022069 -0.02144998 -0.002799987 0.08864998 -0.02924996 -0.002799987 0.09081506 -0.03263151 -0.002799987 0.0932815 -0.03344607 -0.002799987 0.09228897 -0.0292778 -0.002799987 0.09507411 -0.03050655 -0.002799987 0.0947014 -0.03163897 -0.002799987 0.09409612 -0.03234404 0.01049995 0.08497959 -0.03537631 0.007651865 0.08265656 -0.03530114 0.007698297 0.08278197 -0.03538066 0.01014876 0.08264905 -0.03518241 0.007760107 0.08296477 -0.03485137 0.01039898 0.08339792 -0.03354996 0.01049995 0.0844801 -0.03417497 0.01049995 0.08405309 -0.03477442 0.01042127 0.08348596 -0.03604996 0.009006559 0.08016347 -0.03604996 0.006406784 0.0801624 -0.03591632 0.007018923 0.08129835 -0.03603208 0.009206593 0.0805723 -0.03584945 0.007149219 0.08155173 -0.03579652 0.007234275 0.08172166 -0.03541404 0.01012581 0.08259028 -0.03557479 0.009997963 0.08227747 -0.03593927 0.009507715 0.08119618 -0.01996785 0.009206593 0.0805723 -0.02006065 0.009507715 0.08119618 -0.02032345 0.007390439 0.08204615 -0.0204252 0.009997963 0.08227747 -0.02061659 0.007647156 0.08264428 -0.02058595 0.01012581 0.08259028 -0.02061927 0.01014876 0.08264905 -0.02020341 0.007234275 0.08172166 -0.02014952 0.00714755 0.08154845 -0.01994997 0.009006559 0.08016347 -0.01996952 0.006641387 0.08059179 -0.01994997 0.006406784 0.0801624 -0.02122551 0.01042127 0.08348596 -0.02182495 0.01049995 0.08405309 -0.02114856 0.01039898 0.08339792 -0.02081757 0.007760107 0.08296477 -0.02069365 0.007695376 0.08277368 -0.02365589 0.01049995 0.08497959 -0.02244997 0.01049995 0.0844801 -0.03593927 -0.006107687 0.0776962 -0.03557479 -0.006597936 0.07877743 -0.03567647 -0.002290427 0.0785461 -0.0358504 -0.002047538 0.07804846 -0.03579652 -0.002134263 0.07822161 -0.03604996 -0.005608022 0.07666254 -0.03603208 -0.005806565 0.07707232 -0.03603041 -0.001541376 0.07709175 -0.03604996 -0.001306772 0.07666236 -0.03485137 -0.006998956 0.07989794 -0.03541404 -0.006725788 0.07909029 -0.03518241 -0.002660155 0.07946479 -0.03530627 -0.002595365 0.0792737 -0.03477442 -0.007021248 0.07998591 -0.03417497 -0.007099986 0.08055311 -0.0327059 -0.007099986 0.08136779 -0.02365589 -0.007099986 0.0814796 -0.02114856 -0.006998956 0.07989794 -0.02081757 -0.002660155 0.07946479 -0.02061927 -0.006748735 0.079149 -0.02069878 -0.002598345 0.07928198 -0.02244997 -0.007099986 0.08098012 -0.02182495 -0.007099986 0.08055311 -0.02122551 -0.007021248 0.07998591 -0.01994997 -0.001306772 0.07666236 -0.02062362 -0.002551853 0.07915651 -0.02058595 -0.006725788 0.07909029 -0.0204252 -0.006597936 0.07877743 -0.0200836 -0.001918911 0.0777983 -0.02015048 -0.002049207 0.07805174 -0.01994997 -0.005608022 0.07666254 -0.02020341 -0.002134263 0.07822161 -0.01996785 -0.005806565 0.07707232 -0.02006065 -0.006107687 0.0776962 -0.036031 0.009298622 0.08051609 -0.03603303 0.009252667 0.08054429 -0.03594458 0.009623289 0.08112859 -0.03559046 0.01024413 0.08215492 -0.03543043 0.01041364 0.08245778 -0.03484797 0.01080411 0.08326113 -0.03476524 0.01083981 0.08335119 -0.03409123 0.01099997 0.08394849 -0.03593218 0.009736835 0.08105844 -0.03553628 0.0104717 0.08200943 -0.03535729 0.0106725 0.08228939 -0.03470617 0.01113522 0.08303058 -0.03461372 0.01117742 0.08311349 -0.03386247 0.011366 0.0836628 -0.03348296 0.01099997 0.08436405 -0.03329998 0.011366 0.08404707 -0.03230941 0.01099997 0.08485019 -0.03221464 0.011366 0.08449667 -0.03104996 0.01099997 0.08501601 -0.03104996 0.011366 0.08464998 -0.02494996 0.011366 0.08464998 -0.02494996 0.01099997 0.08501601 -0.02369058 0.01099997 0.08485019 -0.02378529 0.011366 0.08449667 -0.02251696 0.01099997 0.08436405 -0.02269995 0.011366 0.08404707 -0.0219087 0.01099997 0.08394849 -0.02213746 0.011366 0.0836628 -0.01996892 0.009298622 0.08051609 -0.02046364 0.0104717 0.08200943 -0.02006775 0.009736835 0.08105844 -0.02064263 0.0106725 0.08228939 -0.01996695 0.009252667 0.08054429 -0.02005535 0.009623289 0.08112859 -0.02040946 0.01024413 0.08215492 -0.0205695 0.01041364 0.08245778 -0.02129375 0.01113522 0.08303058 -0.0213862 0.01117742 0.08311349 -0.02115195 0.01080411 0.08326113 -0.02123469 0.01083981 0.08335119 -0.01996892 -0.005898594 0.07701611 -0.02006775 -0.006336808 0.07755839 -0.02046364 -0.007071673 0.07850944 -0.02064263 -0.007272541 0.07878941 -0.01996695 -0.005852639 0.0770443 -0.02005535 -0.00622332 0.07762861 -0.02040946 -0.006844162 0.07865494 -0.0205695 -0.007013618 0.07895773 -0.02115195 -0.007404148 0.07976114 -0.02123469 -0.007439851 0.07985121 -0.0219087 -0.007599949 0.0804485 -0.02129375 -0.007735192 0.07953053 -0.0213862 -0.007777452 0.0796135 -0.02213746 -0.007965981 0.08016276 -0.02251696 -0.007599949 0.08086407 -0.02269995 -0.007965981 0.08054709 -0.02369058 -0.007599949 0.0813502 -0.02378529 -0.007965981 0.08099663 -0.02494996 -0.007599949 0.08151602 -0.02494996 -0.007965981 0.08114999 -0.03104996 -0.008023858 0.08103269 -0.03104996 -0.007965981 0.08114999 -0.03104996 -0.007807075 0.08135706 -0.03104996 -0.007599949 0.08151602 -0.03104996 -0.007482647 0.08157384 -0.03268074 -0.007482647 0.08129596 -0.03260892 -0.007807075 0.08109146 -0.03412741 -0.007482647 0.08049368 -0.03409123 -0.007599949 0.0804485 -0.03250145 -0.008023858 0.08078533 -0.03399193 -0.007807075 0.08032447 -0.03386247 -0.007965981 0.08016276 -0.036031 -0.005898594 0.07701611 -0.03603303 -0.005852639 0.0770443 -0.03593218 -0.006336808 0.07755839 -0.03594458 -0.00622332 0.07762861 -0.03553628 -0.007071673 0.07850944 -0.03559046 -0.006844162 0.07865494 -0.03535729 -0.007272541 0.07878941 -0.03543043 -0.007013618 0.07895773 -0.03470617 -0.007735192 0.07953053 -0.03484797 -0.007404148 0.07976114 -0.03461372 -0.007777452 0.0796135 -0.03476524 -0.007439851 0.07985121 -0.03529995 -0.002599 0.08864998 -0.03584903 -0.002049982 0.08864998 -0.03569817 -0.002049982 0.09018123 -0.0351597 -0.002599 0.09007412 -0.03474432 -0.002599 0.09144359 -0.03406971 -0.002599 0.09270566 -0.03316187 -0.002599 0.09381186 -0.03205561 -0.002599 0.0947197 -0.03079354 -0.002599 0.09539431 -0.02942413 -0.002599 0.09580969 -0.02799999 -0.002599 0.09595 -0.0265758 -0.002599 0.09580969 -0.02520638 -0.002599 0.09539431 -0.02394431 -0.002599 0.0947197 -0.02283811 -0.002599 0.09381186 -0.02193027 -0.002599 0.09270566 -0.02125567 -0.002599 0.09144359 -0.02084022 -0.002599 0.09007412 -0.02069997 -0.002599 0.08864998 -0.03525155 -0.002049982 0.0916537 -0.03452622 -0.002049982 0.09301066 -0.03355008 -0.002049982 0.09420007 -0.03236067 -0.002049982 0.09517621 -0.03100365 -0.002049982 0.09590154 -0.02953124 -0.002049982 0.09634822 -0.02799999 -0.002049982 0.09649902 -0.02646869 -0.002049982 0.09634822 -0.02499628 -0.002049982 0.09590154 -0.02363926 -0.002049982 0.09517621 -0.02244985 -0.002049982 0.09420007 -0.02147376 -0.002049982 0.09301066 -0.02074843 -0.002049982 0.0916537 -0.02030175 -0.002049982 0.09018123 -0.02015095 -0.002049982 0.08864998 -0.02069997 0.007699012 0.08864998 -0.02015095 0.007149994 0.08864998 -0.02030175 0.007149994 0.09018123 -0.02084022 0.007699012 0.09007412 -0.02125567 0.007699012 0.09144359 -0.02193027 0.007699012 0.09270566 -0.02283811 0.007699012 0.09381186 -0.02394431 0.007699012 0.0947197 -0.02520638 0.007699012 0.09539431 -0.0265758 0.007699012 0.09580969 -0.02799999 0.007699012 0.09595 -0.02942413 0.007699012 0.09580969 -0.03079354 0.007699012 0.09539431 -0.03205561 0.007699012 0.0947197 -0.03316187 0.007699012 0.09381186 -0.03406971 0.007699012 0.09270566 -0.03474432 0.007699012 0.09144359 -0.0351597 0.007699012 0.09007412 -0.03529995 0.007699012 0.08864998 -0.02074843 0.007149994 0.0916537 -0.02147376 0.007149994 0.09301066 -0.02244985 0.007149994 0.09420007 -0.02363926 0.007149994 0.09517621 -0.02499628 0.007149994 0.09590154 -0.02646869 0.007149994 0.09634822 -0.02799999 0.007149994 0.09649902 -0.02953124 0.007149994 0.09634822 -0.03100365 0.007149994 0.09590154 -0.03236067 0.007149994 0.09517621 -0.03355008 0.007149994 0.09420007 -0.03452622 0.007149994 0.09301066 -0.03525155 0.007149994 0.0916537 -0.03569817 0.007149994 0.09018123 -0.03584903 0.007149994 0.08864998</float_array>
          <technique_common>
            <accessor source="#link_base-mesh-positions-array" count="5766" stride="3">
              <param name="X" type="float"/>
              <param name="Y" type="float"/>
              <param name="Z" type="float"/>
            </accessor>
          </technique_common>
        </source>
        <source id="link_base-mesh-normals">
          <float_array id="link_base-mesh-normals-array" count="30618">1 0 0 -1 0 0 0 1 0 0 1 -6.44617e-6 0 1 2.53768e-6 0 1 -5.33817e-6 0 1 -9.46648e-6 0 1 2.02514e-6 0 1 2.53768e-6 0 1 -5.33816e-6 0.9282123 -0.06064987 -0.3670744 0.9659251 -6.21037e-4 -0.2588211 0.8110868 2.46316e-4 -0.5849258 0.9743939 -0.01606416 -0.2242732 0.9974743 -2.05603e-4 -0.07102823 0.9999977 0 -0.002198815 0.2588165 0 -0.9659265 0.2151032 -0.09794068 -0.9716678 0.3572832 -0.02827686 -0.933568 0.4328021 4.46412e-4 -0.9014889 0.707106 -0.001477301 -0.707106 0.6358344 -0.08815991 -0.766774 0.7243533 -0.0341618 -0.6885821 0 0 -1 -0.1619787 0 -0.9867943 -0.2580398 -0.07746738 -0.9630235 -0.357281 -0.02828598 -0.9335685 -0.4327981 4.48815e-4 -0.9014908 -0.584901 -5.70574e-4 -0.8111045 -0.7063655 -0.04580801 -0.7063636 -0.7243473 -0.03416013 -0.6885886 -0.9999977 0 -0.002198815 -0.9974744 -2.05973e-4 -0.07102608 -0.9743931 -0.0160647 -0.2242766 -0.9655811 -0.02669942 -0.2587284 -0.9076773 -2.16546e-4 -0.419669 -0.8110858 2.44877e-4 -0.5849272 -0.9999976 0 0.002200305 -0.9991633 -0.00225979 0.0408383 0.9991633 -0.002250552 0.0408383 0.9999976 0 0.002200305 -0.9976397 0.06866753 0 -0.987608 0.1564216 -0.01275563 -0.9700245 0.2429799 0.003647267 -0.8954083 0.4452149 -0.005261003 -0.8909791 0.4539757 -0.007890582 -0.8259761 0.5637052 0 -0.7604057 0.6494483 0 -0.7070471 0.7070478 -0.0129584 -0.6494485 0.7604057 0 -0.5637066 0.8259751 0 -0.4539766 0.8909788 -0.007890701 -0.0686683 0.9976396 0 -0.1564216 0.987608 -0.01275551 -0.2429778 0.9700251 0.003647565 -0.4452152 0.8954082 -0.005261123 -0.2149652 0.8417903 -0.4951557 -0.2362471 0.845776 -0.4783831 -0.06812989 0.9898188 -0.1249685 -0.06675755 0.9897609 -0.1261622 -0.2373979 0.9477501 -0.2131012 -0.2630776 0.9487314 -0.1752112 -0.4383668 0.8816341 -0.1748024 -0.3691393 0.742405 -0.5590806 -0.2612038 0.5248286 -0.8101405 -0.08073967 0.08855342 -0.9927938 -0.1018002 0.1466885 -0.9839306 -0.1377587 0.1108099 -0.9842478 -0.1377583 0.1108105 -0.9842478 -0.1583067 0.0787124 -0.9842476 -0.1583051 0.07871264 -0.9842479 -0.1714951 0.0429576 -0.984248 -0.1714975 0.04295742 -0.9842476 -0.1757837 0.0120992 -0.9843545 -0.6085737 -0.02476572 -0.7931108 -0.4244158 0.02921307 -0.9049961 -0.1757841 0.01209992 -0.9843544 -0.8816339 0.4383667 -0.1748037 -0.8816344 0.4383655 -0.1748042 -0.9550962 0.2392383 -0.174804 -0.9550958 0.2392404 -0.174803 -0.9821745 0.0676034 -0.1753937 -0.9821744 0.06760388 -0.1753945 -0.4383659 0.8816342 -0.1748046 -0.5549325 0.813125 -0.1757205 -0.6213003 0.772396 -0.1318722 -0.6393961 0.7486338 -0.1752716 -0.7672042 0.617124 -0.1748023 -0.755361 0.6451413 -0.1149895 -0.8131253 0.5549311 -0.1757237 -0.7921742 0.0545271 -0.6078545 -0.5387666 0.03708153 -0.8416388 -0.525148 0.1315432 -0.840783 -0.5251493 0.1315429 -0.8407822 -0.484756 0.2410308 -0.8407829 -0.4847583 0.2410316 -0.8407814 -0.4218383 0.3393193 -0.8407824 -0.4218385 0.3393182 -0.8407826 -0.3393184 0.4218398 -0.8407819 -0.330371 0.3560627 -0.8741136 -0.1952678 0.5078855 -0.8390012 -0.2898679 0.5466828 -0.7855664 -0.392198 0.7463386 -0.5377356 -0.5287731 0.6573675 -0.5369051 -0.5287739 0.657368 -0.5369037 -0.6573679 0.5287734 -0.5369043 -0.6573675 0.5287745 -0.5369037 -0.7554157 0.3756068 -0.5369048 -0.7554153 0.3756076 -0.5369049 -0.8183594 0.204989 -0.5369054 -0.8183603 0.204988 -0.5369046 -0.844005 0.01164776 -0.5362089 -0.9036307 0.06219702 -0.4237725 0.06393343 0.9910403 -0.1172679 0.2352519 0.9719091 0.007028043 0.4324899 0.8845339 -0.1747921 0.4324887 0.8845345 -0.1747924 0.2590898 0.9498203 -0.1752538 0.1625725 0.9376567 -0.3071972 0.9821475 0.06800734 -0.1753894 0.9821472 0.06801027 -0.1753898 0.9547451 0.2406444 -0.1747918 0.9547443 0.2406467 -0.1747928 0.8804191 0.4408062 -0.1747923 0.8804194 0.4408062 -0.1747904 0.7646914 0.620238 -0.1747912 0.7646912 0.6202383 -0.1747909 0.6130046 0.7705023 -0.1747903 0.6438384 0.7574459 -0.1083883 0.5524877 0.814791 -0.1757072 0.1754293 0.01476204 -0.9843814 0.1256264 -0.03149288 -0.9915777 0.3305757 0.03641462 -0.9430767 0.1714465 0.04321289 -0.9842453 0.171445 0.04321295 -0.9842456 0.158098 0.07915604 -0.9842456 0.1580989 0.0791561 -0.9842454 0.1373154 0.111377 -0.9842457 0.1373161 0.1113761 -0.9842458 0.1068972 0.1414882 -0.9841516 0.09592586 0.1057074 -0.9897598 0.5833404 -0.001251995 -0.812227 0.5387619 0.03730648 -0.8416317 0.52498 0.1323222 -0.8407658 0.5249799 0.1323231 -0.8407655 0.4841125 0.2423837 -0.8407648 0.484111 0.2423842 -0.8407655 0.4204779 0.3410474 -0.8407646 0.4204766 0.3410475 -0.8407652 0.3502727 0.4112769 -0.8415226 0.3216997 0.4043536 -0.8561586 0.2046042 0.5166875 -0.831367 0.2806573 0.5322024 -0.798744 0.8407888 0.05821985 -0.5382238 0.8407891 0.05821889 -0.5382233 0.8180745 0.2061972 -0.5368768 0.8180739 0.2061994 -0.536877 0.754388 0.3777046 -0.5368781 0.7543874 0.3777056 -0.5368781 0.6552266 0.5314516 -0.5368775 0.6552267 0.5314507 -0.5368783 0.5252512 0.6602071 -0.5368778 0.5252523 0.6602061 -0.536878 0.3889672 0.7479866 -0.5377925 0.3637183 0.7438839 -0.5606654 0.2077423 0.8487251 -0.4863219 0.2332899 0.8468438 -0.477945 -0.1822673 0 0.9832491 -0.1824221 0 0.9832204 0 1 0 0 1 2.71379e-7 0 1 0 0 1 0 0 1 9.19625e-7 0 1 -2.15392e-7 0 1 2.05375e-7 0 1 1.44058e-6 0 1 2.91754e-6 0 1 -1.20234e-7 0 1 -5.17122e-7 0 1 -7.06402e-7 0 1 -1.11094e-6 0 1 -1.57621e-6 0 1 2.76086e-7 0 1 -7.57913e-7 0 1 4.01673e-6 0 1 -1.69866e-5 0 1 0 0 1 0 0 1 0 0 1 0 0 1 -2.51102e-7 0 1 0 0 1 0 0 1 -3.10125e-6 0 1 1.3169e-7 0 1 -1.70081e-7 0 1 1.23086e-7 0 1 -1.71709e-7 0 1 3.90506e-7 0 0 1 1.03288e-6 0 1 -1.03288e-6 0 1 1.67411e-6 0 1 3.5885e-6 0 1 -3.6756e-6 0 1 -1.8378e-6 0 1 -1.67411e-6 0 1 4.69963e-6 0 1 -4.69962e-6 0 1 -0.9999973 0.002328872 0 -0.997473 0.07104718 -1.82648e-4 -0.9740318 0.2259604 -0.0142799 -0.9808535 0.194655 -0.006007194 -0.8973223 0.4413651 0.003103196 -0.5848469 0.8111437 -4.69054e-4 -0.5405755 0.8412033 0.01246446 -0.7140551 0.6999133 -0.01570695 -0.7383789 0.6739471 -0.02432924 -0.8111002 0.5849073 2.1276e-4 -0.9076715 0.4196815 -1.8501e-4 -0.1619921 0.9867921 0 -0.2583491 0.9641814 -0.06008267 -0.3542063 0.9348809 -0.02314472 -0.4328585 0.9014618 3.66119e-4 0.9986295 0 -0.05233639 -0.794155 0.6077154 2.20624e-4 -0.9999973 0.002342462 0 -0.9974716 0.07106697 -1.49666e-4 -0.9734968 0.2284013 -0.01169729 -0.9076569 0.4197133 -1.50161e-4 -0.9220224 0.3871136 -0.004208981 -0.9911415 0.1325666 0.008038401 -0.1770936 0.9841669 0.007299244 -0.1505248 0.9883905 0.02065896 -0.03001129 0.9995496 0 -0.8146916 0.5798545 -0.006812214 -0.7039779 0.7102199 0.001716494 -0.6076471 0.7941792 -0.006678044 -0.5848162 0.8111659 -4.18445e-4 -0.3979422 0.9174104 4.86057e-4 -0.443105 0.8963232 -0.01620447 -0.3415858 0.9398483 -0.002138793 0.9999981 0.001978099 0 0.1950878 0.9807858 0 0.1746711 0.9843574 -0.02303814 0.3411367 0.9400128 -0.001381754 0.5555496 0.831438 0.008707284 0.5282923 0.8489271 -0.01516509 0.7037485 0.7104461 0.002092957 0.866001 0.4998337 -0.01444512 0.8195546 0.5727944 0.01539087 0.9763937 0.2156593 -0.0121088 0.9741423 0.2254487 -0.01482373 0.997473 0.07104706 -1.9005e-4 0 1 -3.13352e-5 0 1 -1.46095e-6 0 1 1.26935e-6 0 1 -6.40313e-7 0 1 -6.18613e-6 0 1 6.93699e-7 0 1 -7.30061e-7 0 1 0 0 1 -1.42343e-5 0 1 0 0 1 -2.19414e-5 0 1 -1.35259e-7 0 1 -2.16778e-7 0 1 3.80355e-7 -0.9310529 -0.3648811 -0.001541137 -0.958662 -0.2845278 0.003330945 -0.9697859 -0.2438314 -0.007842242 -0.964915 -0.2625629 4.53087e-5 -0.963707 -0.2667573 0.01045286 -0.891374 -0.4383953 -0.1151606 -0.8056939 -0.5921541 -0.01452708 -0.8172057 -0.5763459 -4.74873e-4 -0.9146069 -0.4043442 8.09462e-5 -0.9199235 -0.3920981 -1.43235e-4 -0.9423028 -0.3347617 2.06348e-4 -0.9639177 -0.26618 -0.003333508 -0.7158139 -0.6982617 0.006405651 -0.6469911 -0.7624632 -0.007256984 -0.6730859 -0.7395571 -0.003271996 -0.8618831 -0.5070661 0.006460011 -0.803755 -0.5949589 0.001429855 -0.7243223 -0.6894614 -5.90507e-4 -0.6875042 -0.7261786 -0.001650273 -0.6703654 -0.7420305 9.72651e-4 -0.6423689 -0.7663957 9.86499e-6 -0.5426944 -0.8399302 -2.09178e-5 -0.4476826 -0.8941726 -0.005975544 -0.5363968 -0.8439145 0.009328126 -0.4872373 -0.8732591 0.004280626 -0.4395485 -0.8982186 6.2001e-4 -0.3949146 -0.9187179 6.67738e-6 -0.3816621 -0.9243019 -3.65542e-6 -0.3357855 -0.9419385 -3.59513e-4 -0.2889983 -0.9572814 0.009610712 -0.2861978 -0.9581058 0.01114296 -0.2852951 -0.9583646 0.01200628 -0.2876359 -0.957706 0.00804454 -0.2881676 -0.9575705 0.004273474 -0.2979333 -0.9540809 0.03107076 -0.3061702 -0.9519634 0.005064368 -0.3049194 -0.9523726 0.003243207 -0.3010312 -0.9536144 1.63386e-4 -0.2918128 -0.9564669 -0.004072606 -0.2858006 -0.9582695 -0.006128013 -0.2814019 -0.9595602 -0.00757718 -0.2823449 -0.9592849 -0.007335782 -0.2964748 -0.9550287 -0.004799008 3.1568e-6 0 -1 -2.17755e-6 0 -1 2.1093e-6 0 -1 0.3395521 -0.9401376 -0.02908509 0.736685 -0.3660488 -0.5685979 0.6905339 -0.4850553 -0.5365484 0.7712104 -0.6010076 -0.20982 0.7349658 -0.4867524 -0.4721201 0.6926985 -0.5240279 -0.4955438 0.687203 -0.5654597 -0.4560784 0.6582707 -0.6287514 -0.413946 0.5885688 -0.7347892 -0.3371524 0.6095501 -0.7501194 -0.2564561 0.6642618 -0.6152828 -0.4244803 0.5869208 -0.7484294 -0.3088325 0.733158 -0.6735401 -0.09393221 0.7073676 -0.6936846 -0.1357677 0.4236032 -0.9057981 0.009496569 0.2315421 -0.9728249 -2.87529e-5 0.2257158 -0.9741746 0.006017565 0.2499581 -0.9681048 -0.0171476 0.3601182 -0.927969 -0.09585678 0.3928369 -0.9152858 -0.08905702 0.452456 -0.8683623 -0.2030534 0.5045636 -0.8217865 -0.2647311 0.4229591 -0.8912308 -0.1637485 0.4164345 -0.8977332 -0.143727 0.3089334 -0.9336085 -0.1814807 0.3752296 -0.9243083 -0.0696932 0.4070081 -0.9049884 -0.1238566 0.4160836 -0.8980348 -0.1428565 0.482082 -0.7806863 -0.3976506 0.5477582 -0.75915 -0.3516421 0.5621465 -0.7776195 -0.2816015 0.5298486 -0.8161705 -0.2304914 0.4189663 -0.9022963 -0.1016308 0.4027461 -0.9073124 -0.1207479 0.3832309 -0.9164572 -0.1150671 0.3665689 -0.9225848 -0.1202689 0.9461515 -0.2584951 -0.1948786 0.1710582 -0.1544309 -0.9730829 0.1958672 -0.2811821 -0.9394534 0.1607907 -0.1674966 -0.9726723 0.1484378 -0.1639546 -0.975236 0.1398546 -0.160734 -0.9770391 0.1719722 -0.09274291 -0.9807264 0.9248418 -0.3654413 -0.1054533 0.1141883 -0.01428252 -0.9933565 0.1994682 -0.00100851 -0.9799038 0.3231849 -0.04318267 -0.9453502 0.5568554 -0.04839414 -0.8291985 0.5821403 -0.06406879 -0.8105602 0.8280103 -0.09112995 -0.5532581 0.8280099 -0.09112775 -0.553259 0.9751212 -0.1073184 -0.1939631 0.975121 -0.1073197 -0.1939626 0.1943943 -0.1874887 -0.962839 0.4015522 -0.3872851 -0.8299194 0.4015521 -0.387285 -0.8299193 0.5995827 -0.57828 -0.5532566 0.5995824 -0.5782781 -0.5532588 0.7061079 -0.6810206 -0.1939656 0.7061091 -0.6810203 -0.1939624 0.1571444 -0.09593147 -0.9829053 0.4761678 -0.2906851 -0.8299195 0.4761667 -0.2906857 -0.8299201 0.7109954 -0.434039 -0.5532591 0.7109946 -0.434041 -0.5532587 0.8373166 -0.5111551 -0.1939623 0.8373166 -0.5111547 -0.1939638 0.9284411 -0.3168212 -0.1939626 0.7883721 -0.2690246 -0.5532587 0.7883736 -0.269022 -0.5532578 0.5279885 -0.1801707 -0.8299198 0.5279886 -0.1801692 -0.8299199 0.1857087 -0.06337064 -0.9805593 0.1857076 -0.06337118 -0.9805595 0.5812783 0.08398836 -0.8093587 0.9844226 0.002791643 -0.1757963 0.9753318 -0.01063114 -0.220488 0.9855988 0 -0.169101 0.9753318 0.01063114 -0.220488 0.980781 0.002987086 -0.195089 0.8879497 -0.001537859 -0.4599381 0.8310678 0.03107184 -0.5553026 0.8061922 0.01601916 -0.5914369 0.6689502 -0.00884974 -0.7432546 0.5813095 -0.083341 -0.8094033 0.6693063 0.008794426 -0.7429346 0.841982 -0.02362686 -0.538988 0.8318321 -0.04399555 -0.553281 0.8925008 -0.001580297 -0.4510433 0.3991916 0 -0.9168675 0.3918597 0.007325291 -0.9199959 0.1437008 -0.007788419 -0.9895906 0.1328198 0 -0.9911402 1.16625e-6 0 -1 7.89328e-7 0 -1 6.01156e-7 0 -1 -1.96968e-6 0 -1 1.14898e-6 0 -1 1.41889e-6 0 -1 3.50644e-6 0 -1 -7.12572e-6 0 -1 -1.8922e-6 0 -1 3.45846e-7 0 -1 -0.9986158 0.00249809 0.05253815 -0.9986296 1.51906e-4 0.05233514 -0.9986296 0 0.05233514 -0.9986295 1.4064e-6 0.05233609 -0.9986296 9.02404e-7 0.05233597 -0.9986296 0 0.0523355 -0.9986293 0 0.05233943 -0.9986299 5.18163e-4 0.05232638 -0.9986295 0 0.05233585 -0.9986342 0 0.05224841 -0.9986299 0 0.05232882 -0.9986294 -1.41951e-5 0.05233961 -0.9986295 3.89272e-5 0.05233734 -0.9986299 0 0.05233025 -0.9986289 0 0.05234807 -0.9986296 1.32699e-5 0.05233585 -0.9986296 -1.50071e-6 0.05233544 -0.9986294 0 0.05233913 -0.9986296 0 0.05233556 -0.9986295 3.08745e-7 0.05233728 -0.9986295 0 0.05233675 -0.9986296 -2.74753e-7 0.05233573 -0.9986296 5.14545e-7 0.05233609 -0.9986295 -2.15742e-7 0.05233591 -0.9986296 -2.83909e-7 0.05233514 -0.9986296 0 0.05233609 -0.9986297 0 0.05233466 -0.9986314 3.06101e-4 0.05230051 -0.998628 -3.46513e-5 0.05236595 -0.9986297 -2.77051e-4 0.05233228 -0.9986296 -3.34993e-5 0.05233472 -0.9986295 0 0.0523377 -0.9986292 -7.53753e-4 0.05233871 -0.9986289 0.001378536 0.05233097 -0.9973115 0 0.07327926 -0.9989311 0.001786947 0.04619097 -0.9997868 0.008519291 0.01880884 -0.9988198 -0.001019358 0.04856061 -1 3.77988e-4 -5.86399e-5 -0.9999755 -4.61245e-4 0.00700432 -0.9997787 5.22312e-4 -0.02103269 -0.9996484 0.001245737 -0.02648925 -0.9990625 -1.66278e-4 -0.0432921 -0.9976842 2.7024e-4 -0.06801587 -0.9977613 4.24247e-4 -0.0668767 -0.9957776 -2.70389e-4 -0.09179872 -0.9948465 5.29439e-4 -0.1013907 -0.9929519 -4.03892e-4 -0.1185182 -0.9885872 0.001627922 -0.1506416 -0.9890731 0.002335488 -0.1474077 -0.9832751 -8.74842e-4 -0.1821248 -0.9762842 0.001839101 -0.2164851 -0.9741323 0 -0.2259788 -0.8574936 0 -0.5144947 -0.8574923 -1.58217e-7 -0.5144969 -0.8574938 0 -0.5144944 -0.857493 0 -0.5144957 -0.8574932 0 -0.5144953 -0.8574935 0 -0.514495 -0.916696 1.61642e-4 -0.3995854 -0.9194544 -2.36116e-4 -0.3931966 -0.894472 5.53191e-4 -0.447124 -0.9011936 -0.006641387 -0.433366 -0.8665765 0.008542537 -0.4989712 -0.8719258 0.00692439 -0.4895891 -0.8746805 0.00611031 -0.4846615 -0.907661 -0.008922278 -0.4196094 -0.8595796 0.01107102 -0.5108819 -0.8612272 0.01047903 -0.5081122 -0.894917 -0.004573941 -0.4462092 -0.883527 -0.002004861 -0.4683761 -0.8728472 -6.18942e-4 -0.4879933 -0.8638188 -5.91698e-5 -0.5038027 -0.8589338 -4.58918e-6 -0.5120866 -0.8579004 0 -0.5138161 -0.9309858 -1.77523e-4 -0.3650555 -0.9509105 0.003595173 -0.3094453 -0.9373717 -0.004191994 -0.3483057 -0.9651898 0.002530753 -0.2615382 -0.9592681 0 -0.2824974 0.003340482 -0.9994094 -0.03420042 -0.002023577 -0.9990937 0.04251796 -1.31668e-4 -0.9352971 -0.3538634 1.07019e-6 -0.9269117 -0.3752793 -4.16261e-5 -0.9851384 -0.171763 2.03561e-5 -0.980515 -0.1964445 -7.23112e-4 -0.9540346 -0.2996958 -0.003524065 -0.9750157 -0.2221079 0.002579808 -0.9465619 -0.3225119 2.19226e-4 -0.9727637 -0.231799 0.04173284 -0.9708592 -0.2359889 0.02609735 -0.9722998 -0.232276 -0.002703607 -0.9969398 -0.07812678 -4.26499e-4 -0.9986112 -0.05268412 6.23897e-5 -0.9996772 -0.02540707 0.001304328 -0.9972911 -0.07354497 -0.01166582 -0.9893822 -0.1448689 -0.005524039 -0.994437 -0.1051885 -1.28108e-4 -0.9838527 -0.1789807 -5.70086e-7 -0.9866861 -0.1626368 7.10729e-7 -0.9902461 -0.13933 4.27767e-4 -0.9952424 -0.09742939 -6.41215e-4 -0.9994096 -0.03435415 -8.94884e-4 -0.999552 -0.02992141 5.26307e-5 -0.9989461 -0.04590111 -4.73115e-6 -0.9997577 -0.02201616 0 -0.9997527 -0.02224224 0 -0.9997911 -0.02044379 -2.83227e-5 -0.9998096 -0.01951605 -1.02181e-4 -0.9998373 -0.01804167 -2.76592e-4 -0.9998593 -0.01677602 -4.8453e-4 -0.9998804 -0.01545822 -0.001061677 -0.9999113 -0.01328068 -0.001688361 -0.999931 -0.01162719 0.00197041 -0.9997949 -0.02016085 2.39231e-4 -0.9998824 -0.01534283 -1.59418e-4 -0.9999678 -0.00803548 6.82088e-5 -0.9999592 -0.009038329 -2.11326e-5 -0.9999881 -0.004891335 -3.05164e-4 -0.9999999 -4.57944e-4 -6.63444e-4 -0.9999981 -0.001843094 0.001297652 -0.999898 0.01423054 -0.002115368 -0.999989 0.004182994 0.001996576 -0.9996932 0.02468687 -4.13784e-4 -0.9965851 0.08257222 -0.002027332 -0.9971683 0.0751751 -0.001326084 -0.9999582 0.009049952 0 -0.9998573 0.01689916 0 -0.9996551 0.02626568 2.98486e-5 -0.9996029 0.02818131 -3.09855e-4 -0.9991596 0.04098802 -8.18398e-4 -0.9993158 0.0369783 0.001285493 -0.9977119 0.06759679 0.004233717 -0.9967058 0.08099079 -0.003136754 -0.9974191 0.07173085 0.006988584 -0.9960585 0.08842331 -0.008827328 -0.9983285 0.05711692 -0.004627525 -0.9977104 0.06747335 -0.00117737 -0.9969115 0.07852512 -8.94594e-4 -0.9968047 0.07987439 -6.75898e-4 -0.9967163 0.08097046 7.14143e-5 -0.9965872 0.08254814 1.27505e-4 -0.996633 0.08199292 1.83986e-4 -0.9966766 0.08145982 3.43585e-4 -0.9967724 0.08027917 6.2679e-4 -0.9968845 0.07887309 9.37333e-4 -0.9969798 0.07765668 0.001693785 -0.9971693 0.07517176 0.0022161 -0.9993687 0.03546208 0.003689229 -0.9974822 0.07082122 0.006040275 -0.9977321 0.06703883 -0.006248891 -0.9963414 0.08523344 0.006848216 -0.9983487 0.05703562 -0.0107004 -0.9967322 0.08006584 -0.002738595 -0.9979224 0.06436938 2.16539e-7 -0.9996691 0.02572137 3.15026e-5 -0.9996445 0.02666729 -1.5314e-4 -0.9995611 0.02962535 2.98722e-4 -0.9950248 0.09962803 0.001562535 -0.99461 0.1036757 -2.02651e-4 -0.9964596 0.08407318 -1.11979e-4 -0.9963977 0.08480453 2.15795e-4 -0.9957824 0.09174609 -3.0715e-4 -0.9961625 0.08752214 3.86711e-4 -0.9952529 0.0973224 0.001518607 -0.9946272 0.1035102 -0.002687036 -0.9956991 0.09260797 -0.001617848 -0.9954248 0.09553575 -5.16782e-4 -0.9950704 0.0991705 7.27268e-4 -0.9916691 0.1288098 1.50576e-4 -0.9930333 0.1178344 -1.9807e-5 -0.9939922 0.1094511 1.21165e-5 -0.9944043 0.1056419 4.49764e-4 -0.9946032 0.1037521 1.00465e-4 -0.9948762 0.1011012 8.43806e-5 -0.9949138 0.1007306 1.15663e-4 -0.9948759 0.1011043 5.00021e-5 -0.9946343 0.1034534 2.77343e-5 -0.9945197 0.1045493 -4.15218e-4 -0.9927528 0.1201736 -3.76712e-4 -0.9926449 0.1210624 4.33486e-4 -0.9948824 0.1010394 0.03081005 -0.9979001 0.05697661 -5.23144e-4 -0.9984166 0.05624997 -0.001779258 -0.9996541 -0.02624464 -0.001026213 -0.9998243 -0.01872092 0.001082718 -0.9998944 0.01449072 -0.001995921 -0.9999765 -0.006557345 0.003827691 -0.9991927 0.03999286 0.002197444 -0.9996597 0.02599793 -0.001234591 -0.9999986 0.001144766 0.001415371 -0.999468 0.03258401 -2.89348e-4 -0.9983404 0.05758881 1.58697e-4 -0.9957681 0.09190124 5.43835e-4 -0.999957 -0.009266257 9.66831e-4 -0.9994075 0.03440684 0.006397604 -0.9998913 0.01328969 -0.002765178 -0.9989456 0.04582792 7.76964e-4 -0.9999814 -0.00606507 -0.001230597 -0.9998857 -0.01507067 6.0119e-4 -0.9999849 0.005478382 -6.05595e-4 -0.9995893 0.02864968 -0.001578032 -0.9993925 0.03481709 -4.03985e-4 -0.9995206 0.03095769 0.002459108 -0.9995616 0.02951103 0.0019809 -0.9995758 0.02905809 -0.001874506 -0.999921 0.01243215 5.54406e-5 -0.9999997 -8.93467e-4 -8.01001e-5 -0.9995356 -0.03047615 -2.41325e-4 -0.9995698 -0.02932929 -2.97859e-4 -0.9996037 -0.02815294 -5.49502e-6 -0.9999497 -0.01002949 2.18586e-7 -0.9995968 -0.02839571 -0.0017578 -0.9998758 -0.01566809 0.001479446 -0.9992901 0.03764742 -0.002053081 -0.9972184 0.07450789 -3.62905e-4 -0.9980083 0.06308227 4.93795e-5 -0.9964633 0.08402937 7.09079e-5 -0.9957961 0.09159785 8.25074e-5 -0.9957929 0.09163206 5.07337e-6 -0.9958454 0.0910595 4.61839e-6 -0.9958568 0.09093558 -7.98863e-5 -0.9957945 0.09161508 -7.56744e-5 -0.9957959 0.09160065 -2.87219e-5 -0.9958023 0.0915302 -1.06981e-6 -0.9958035 0.09151822 2.33125e-5 -0.9958024 0.09152972 -7.01822e-6 -0.9960348 0.08896547 3.17073e-4 -0.9963676 0.08515644 -1.71154e-5 -0.9961956 0.08714544 -1.40128e-4 -0.9960732 0.08853423 -6.2984e-4 -0.9993821 -0.03514182 -2.84626e-4 -0.999414 -0.03423231 7.47462e-4 -0.9993956 -0.03475719 -3.53281e-4 -0.9995993 -0.02830469 5.14303e-4 -0.9994141 -0.03422343 9.70994e-5 -0.9994257 -0.03388839 -2.81495e-5 -0.9994246 -0.03391939 -3.31332e-4 -0.9994381 -0.0335195 9.2489e-5 -0.999669 -0.02572792 -1.83263e-5 -0.9997556 -0.02210849 1.54693e-4 -0.9999992 -0.001257181 -0.004882574 -0.9994635 0.03238642 -0.00575459 -0.9995713 0.02870798 -0.003777742 -0.9992544 0.03842639 0.005179405 -0.9999002 0.01314902 6.1521e-7 -0.9996933 0.0247659 2.11976e-5 -0.9997079 0.0241698 2.89113e-4 -0.9998329 0.01828068 0.002745151 -0.9997407 0.02260893 -0.005699276 -0.9999643 0.006253302 0.009310185 -0.9998282 0.01603198 0.006593704 -0.9998779 0.01417672 0.005450129 -0.9999824 0.002370655 -0.007660925 -0.9999678 0.002425372 -0.009439885 -0.9999524 0.002479493 -0.004222691 -0.9999884 0.00237298 -0.002101361 -0.9999951 0.002353131 6.88011e-4 -0.999997 0.002360701 5.85247e-4 -0.999997 0.002361834 0.00257194 -0.999994 0.002359807 -0.006240308 -0.9999785 0.002057433 -0.00395888 -0.9999911 0.00152564 -0.004269838 -0.9999896 0.001585543 -0.002781987 -0.9999954 0.001208662 -0.006883025 -0.9999729 0.002594411 -4.04092e-4 -0.9999999 4.52166e-4 0.001988649 -0.9999701 -0.007473528 0.001666963 -0.9999724 -0.007250308 0.001143932 -0.9999747 -0.0070315 0.001839518 -0.9999612 0.008624613 6.34645e-4 -0.9999858 0.005299687 8.78581e-5 -0.999998 0.0020262 -8.31578e-6 -1 1.60085e-4 3.03488e-5 -0.9999978 -0.002115726 5.47333e-4 -0.9999892 -0.004639506 9.35231e-4 -0.9999836 -0.005666553 0.001267075 -0.9999784 -0.006450295 0.001819312 -0.9999718 -0.007297873 0.002002596 -0.9999701 -0.007477641 0.006844222 -0.9998537 0.01567459 0.006069719 -0.9998681 0.01507109 0.004125893 -0.9999095 0.0128073 0.002794742 -0.9999407 0.01053333 3.36803e-6 -0.999953 -0.009692132 -1.23772e-4 -0.9999886 -0.004787802 0.002702951 -0.9999739 -0.006709694 -0.009681165 -0.9999505 0.002324163 0.006794571 -0.999974 0.00239861 8.65921e-6 -0.9999526 -0.00973916 2.59506e-5 -0.9999501 -0.009998142 4.78488e-4 -0.9999072 -0.01362127 0.003716826 -0.9999307 -0.01117897 -0.007123708 -0.9997797 -0.01974743 0.002592206 -0.9999017 -0.0137785 0.001087307 -0.9998765 -0.01568257 5.54897e-4 -0.9998595 -0.01675707 1.2418e-4 -0.9998359 -0.01811856 3.40671e-5 -0.9998139 -0.01929461 -1.90445e-5 -0.9997974 -0.02013534 8.5882e-5 -0.9997242 -0.02348572 1.64236e-4 -0.9997478 -0.02245688 1.09556e-4 -0.9997128 -0.02396684 -5.101e-7 -0.9194165 -0.3932853 1.74194e-4 -0.8916908 -0.4526451 -2.85863e-5 -0.8951612 -0.4457426 2.83911e-5 -0.825446 -0.5644813 -1.40217e-5 -0.826494 -0.5629455 0 -0.6995208 -0.7146122 0.003378331 -0.7375151 -0.6753223 0.002441883 -0.7215616 -0.692346 0 -0.7255752 -0.688143 0.009515881 -0.7130954 -0.7010024 0.01746022 -0.7103025 -0.70368 -0.05329519 -0.7191993 -0.6927568 0.01644366 -0.6625614 -0.748827 0.03674393 -0.6701293 -0.7413343 4.20042e-5 -0.6356565 -0.7719721 -0.003032445 -0.6969648 -0.7170989 -1.98097e-4 -0.6449196 -0.7642505 6.01385e-4 -0.7144343 -0.6997023 0.001787543 -0.6844066 -0.7290984 1.472e-5 -0.7349667 -0.6781032 0.009829998 -0.7716842 -0.63593 2.51386e-4 -0.5572823 -0.8303231 0.006154835 -0.5351278 -0.8447489 0.007843434 -0.5308782 -0.8474118 -5.91845e-5 -0.6038912 -0.7970668 0.001616418 -0.6177344 -0.7863852 -1.10804e-4 -0.5953801 -0.8034443 -2.4345e-4 -0.9994385 0.0335071 2.61284e-4 -0.9995534 0.02988636 0.001485347 -0.9999989 -3.90715e-4 -0.0104056 -0.9999295 0.005733191 0.03865277 -0.9990766 -0.01875841 -0.007446944 -0.9998698 0.01431667 0 -0.9999481 0.01019692 0 -0.9996252 0.02737998 -5.50465e-4 -0.999536 0.03045481 -3.0778e-4 -0.9994262 0.03387212 3.55422e-4 -0.9994563 0.03297138 5.29928e-4 -0.9994547 0.0330187 0.3301948 -0.9437239 -0.01888251 0.3177955 -0.9481216 -0.008470833 0.2484674 -0.9682938 0.02590495 0.3027699 -0.9529943 -0.01149928 0.2947632 -0.9555453 -0.006922304 0.2879789 -0.9576277 -0.004187464 0.2840237 -0.958813 -0.002905905 0.2796839 -0.9600907 -0.001701056 0.2856742 -0.9583268 0 0.2729173 -0.9620375 -2.8913e-5 0.2730988 -0.961986 -1.51414e-5 0.2491126 -0.9684746 1.29773e-5 0.2520418 -0.9677163 1.58343e-4 0.2195259 -0.9756067 -2.77525e-4 0.1928232 -0.9812335 3.12213e-5 0.1960964 -0.9805847 -6.91486e-5 0.1828392 -0.9831429 -1.19808e-5 0.1874357 -0.9822768 3.76421e-4 0.1943284 -0.9809231 0.005142211 0.1745734 -0.9846438 9.14084e-4 0.1747093 -0.9846194 0.001078426 0.1754382 -0.9844874 0.002454102 0.175729 -0.9844324 0.003478765 0.1759064 -0.9843978 0.00422585 0.1759213 -0.9843934 0.004637658 0.1760019 -0.9843807 0.004259109 0.1764397 -0.9843075 0.002806961 0.1793488 -0.9837856 9.53994e-5 0.1885517 -0.9820633 -1.62047e-4 0.1836332 -0.9829945 -8.5253e-4 0.1797124 -0.9837175 -0.001878917 0.1774766 -0.9841211 -0.002816736 0.1767708 -0.9842466 -0.003258407 0.1773328 -0.9841472 -0.00274533 0.1661226 -0.9861052 -1.04528e-6 0.1657489 -0.9861681 5.15451e-6 0.1655779 -0.9861968 -7.8288e-6 0.2062573 -0.978139 0.02649724 0.2175806 -0.9760423 -4.09964e-4 0.1953255 -0.9807386 3.91809e-5 0.1950839 -0.9807866 5.10744e-5 0.1897761 -0.9818274 -2.07962e-4 0.1804798 -0.9835777 0.001439929 0.173544 -0.9848262 6.47166e-5 0.1660926 -0.9861102 -2.4407e-6 0.1659281 -0.9861379 -7.11278e-6 0.1655557 -0.9862005 4.03043e-6 0.3672493 -0.6912363 0.6223506 0.3689274 -0.6876361 0.6253393 0.3686852 -0.6882471 0.6248097 0.3682975 -0.6893007 0.6238763 0.3679858 -0.6904374 0.6228023 0.3676982 -0.6915919 0.6216902 0.3653123 -0.7066187 0.6060008 0.716326 0 0.6977658 0.63111 0.0421431 0.7745478 0.9415075 0.1416079 0.3057956 0.9734378 0 0.2289518 0.8977523 0.06450897 0.4357517 0.9670491 3.12581e-4 0.2545899 0.8162735 -1.24104e-4 0.5776657 0.7432148 0.01640105 0.6688519 0.2015336 -0.9793635 -0.01521873 0.0882138 -0.9920433 0.08982521 0.1306633 -0.987529 -0.08782821 0.1430671 -0.9836341 -0.109525 0.10886 -0.9032971 -0.4149746 0.07587623 -0.9174268 -0.3906031 0.1403334 -0.8936297 -0.4263011 0.162948 -0.9300368 -0.3293625 0.1799465 -0.9622955 -0.2039775 0.07042539 -0.6783435 -0.731362 0.08065271 -0.6778742 -0.7307405 -0.07155168 -0.6492797 -0.7571766 -0.05998647 -0.6520608 -0.75579 -0.007132291 -0.6691669 -0.7430779 0.0338003 -0.7046695 -0.7087302 0.06062465 -0.732286 -0.6782934 0.07970649 -0.765347 -0.6386634 0.02920997 -0.8024334 -0.5960264 0.05560684 -0.6817182 -0.7294986 0.06079804 -0.680466 -0.7302532 0.02211165 -0.9887368 -0.1480229 0.05353313 -0.9827153 -0.1772142 0.004265069 -0.9804673 -0.1966361 0.06594997 -0.9689333 -0.2383674 -0.003536462 -0.9623863 -0.2716618 0.05464714 -0.952005 -0.3011649 0.01385492 -0.9548742 -0.2966873 0.05886793 -0.946206 -0.318165 0.04580223 -0.9470228 -0.3178836 0.02253311 -0.90513 -0.4245374 0.05372416 -0.8989178 -0.4348111 0.02532267 -0.8401629 -0.5417426 0.07191944 -0.7934061 -0.604429 0.03106129 -0.9922069 -0.1206684 0.02855426 -0.9891173 -0.1443322 0.03743731 -0.9874967 -0.1531301 0.03570806 -0.9928453 -0.1139441 0.01702111 -0.99595 -0.08828359 0.0367614 -0.9955906 -0.08630234 0.02574867 -0.9976502 -0.06349194 0.03071284 -0.9973314 -0.06623357 0.02155143 -0.9987706 -0.04464149 0.03136932 -0.9985134 -0.04457736 0.02658504 -0.9994539 -0.01963132 0.02829456 -0.9994039 -0.01978486 0.02781885 -0.9994878 -0.01582431 0.02799552 -0.9994827 -0.0158354 0.02753376 -0.9995557 -0.01141864 0.02790886 -0.9995454 -0.01140689 0.0274924 -0.9996141 -0.003995418 0.02765125 -0.9996097 -0.004001677 0.0276888 -0.9996039 0.005037724 0.1805067 -0.9697251 -0.1644703 0.1664572 -0.9725514 -0.1625916 0.2123292 -0.9675154 -0.137224 0.159307 -0.9791042 -0.1263973 0.1919154 -0.9764287 -0.0987696 0.1539288 -0.9843155 -0.08619201 0.1719077 -0.9825741 -0.07068097 0.1537575 -0.9861622 -0.06198954 0.1605542 -0.9850357 -0.06266659 0.1479781 -0.9873862 -0.05631321 0.1575377 -0.9862497 -0.04993438 0.1437809 -0.9887765 -0.04059857 0.1505255 -0.987911 -0.03706806 0.1438199 -0.9891237 -0.03082752 0.1461949 -0.9887487 -0.03167229 0.1412203 -0.989617 -0.02674186 0.1453016 -0.9890552 -0.02564215 0.1399608 -0.989988 -0.01830053 0.1427137 -0.9896014 -0.01794481 0.1404291 -0.9900026 -0.01321238 0.1411163 -0.9898993 -0.01362442 0.1392452 -0.9902151 -0.009219288 0.1404458 -0.9900457 -0.009198963 0.1394462 -0.9902217 -0.00397253 0.1394229 -0.990225 -0.003974318 0.1393305 -0.9902408 -0.003192961 0.138984 -0.9902896 -0.003175139 0.1388888 -0.9903054 -0.002283036 0.1381895 -0.9904032 -0.002304792 0.1381053 -0.9904173 -8.08184e-4 0.1379197 -0.9904431 -8.02093e-4 0.1379296 -0.9904415 0.001024961 0.138035 -0.9904268 0.001011252 0.1382059 -0.990398 0.003312945 0.1383583 -0.9903768 0.003281295 0.1386508 -0.9903287 0.005006968 0.138656 -0.9903281 0.005005776 0.1390553 -0.9902588 0.007155656 0.1390898 -0.9902541 0.007144629 0.1402805 -0.9900518 0.01090919 0.140987 -0.9899557 0.01051706 0.1421495 -0.9897556 0.01332473 0.1441014 -0.989489 0.01209884 0.1453703 -0.9892652 0.0149002 0.1485088 -0.9888278 0.01283758 0.1500089 -0.9885547 0.01602894 0.1539074 -0.9879937 0.01346123 0.1553956 -0.9877129 0.01659458 0.1588412 -0.9872003 0.01432657 0.1599755 -0.9869799 0.01669359 0.1619973 -0.9866716 0.01536953 0.1629257 -0.9864872 0.01727211 0.1668784 -0.9858659 0.01483923 0.1718962 -0.9847995 0.02493727 0.1946139 -0.9808233 0.01053905 0.1995428 -0.9796428 0.02197146 0.2165015 -0.9761978 0.01284408 0.2196703 -0.9753385 0.02143961 0.2369675 -0.9714283 0.01317524 0.239219 -0.9707736 0.0193091 0.2387726 -0.9707962 0.02328783 0.1446322 -0.9879281 0.05549407 0.1423485 -0.9885911 0.04924058 0.1328589 -0.9896856 0.05358088 0.13098 -0.9901997 0.04846525 0.119899 -0.9913055 0.05420124 0.1174103 -0.9919022 0.04842334 0.1038943 -0.9929754 0.05662184 0.1000866 -0.9937725 0.04898041 0.09849208 -0.9938843 0.04993349 0.09730452 -0.9941203 0.04750537 0.09656542 -0.9941695 0.04798078 0.09538221 -0.9943994 0.04552215 0.0938214 -0.9945021 0.04651176 0.09235244 -0.9947788 0.04343062 0.09061866 -0.9948892 0.04453998 0.0890001 -0.9951837 0.04109013 0.08790445 -0.9952519 0.04179245 0.08617311 -0.9955568 0.03795784 0.08611255 -0.9955608 0.03799098 0.08378702 -0.9959577 0.03237396 0.08544915 -0.9958459 0.03145611 0.0823614 -0.9963669 0.02167171 0.08436036 -0.9962173 0.02084606 0.0832836 -0.9964126 0.01502513 0.083449 -0.9964023 0.01478648 0.0826317 -0.9965309 0.009911835 0.0832948 -0.9964773 0.009749352 0.08279687 -0.9965618 0.003051996 0.08292919 -0.9965509 0.00303632 0.08290696 -0.9965545 -0.002406716 0.08292692 -0.9965528 -0.002406835 0.08317774 -0.9965111 -0.00686562 0.08334696 -0.996497 -0.006861925 0.08362489 -0.9964519 -0.009520411 0.08369857 -0.9964456 -0.009525179 0.0839824 -0.9963965 -0.01187908 0.08315187 -0.9964671 -0.01180326 0.08605206 -0.9959263 -0.02694261 0.08055621 -0.9963844 -0.02700096 0.08609187 -0.9954825 -0.04003459 0.0832355 -0.9957911 -0.03836876 0.0898928 -0.9945831 -0.05218952 0.07872039 -0.9954612 -0.05347907 0.09395933 -0.9927923 -0.07439863 0.07758784 -0.9939074 -0.07828301 0.09216964 -0.9914143 -0.09274917 0.08320057 -0.992488 -0.08969575 0.1020691 -0.9889787 -0.1072525 0.07489061 -0.989991 -0.1196214 0.1116178 -0.9831896 -0.1444988 0.07378137 -0.9833676 -0.1659654 0.1084448 -0.9770233 -0.1834811 0.08459782 -0.9798273 -0.1810575 0.1343818 -0.9695408 -0.2047736 0.06639927 -0.9654442 -0.2520091 0.1721159 -0.9424985 -0.2864835 0.05145514 -0.9299997 -0.3639411 0.2074998 -0.8951067 -0.3946239 0.04615563 -0.8853928 -0.4625465 0.1346679 -0.8694659 -0.4752827 0.07217609 -0.8459333 -0.5283819 0.0518977 -0.9935981 0.1003472 0.04620224 -0.9953314 0.0847395 0.04490691 -0.995342 0.08531081 0.04428762 -0.9955135 0.08361572 0.03937226 -0.9955108 0.08607077 0.03927034 -0.9955356 0.08583003 0.03534746 -0.9954843 0.08809977 0.03272467 -0.9960264 0.0828278 0.03354853 -0.9960396 0.08233976 0.0321021 -0.9963271 0.07938402 0.03267043 -0.9963368 0.07902997 0.03143662 -0.9965764 0.07646834 0.03180134 -0.9965831 0.07622987 0.03034478 -0.9968571 0.07317996 0.03083062 -0.9968644 0.07287645 0.02908444 -0.997182 0.06915515 0.03007662 -0.9971949 0.06854063 0.02787369 -0.9975821 0.06366342 0.02977359 -0.9975994 0.06252223 0.02627527 -0.9981919 0.05406117 0.03032696 -0.9981908 0.05191838 0.02534115 -0.9990263 0.0361163 0.02940583 -0.998973 0.03447365 0.02765345 -0.9993058 0.02496725 0.02798151 -0.9993071 0.02454435 0.02763652 -0.9993654 0.02247309 0.03368204 -0.999312 0.01553392 0.02807348 -0.9994881 0.01534706 0.02730995 -0.9996141 0.00508517 -0.5150781 0 0.8571434 -0.515079 0 0.8571427 0.7964227 0 0.6047405 0.7964189 0 0.6047455 0.7964189 0 0.6047455 0.7964195 4.84445e-7 0.6047447 0.7964091 -3.77293e-7 0.6047583 0.4360665 0 0.8999145 0.4070937 0.01925247 0.9131835 -0.04494071 0 0.9989898 0.06822246 0 0.9976702 0.1481537 0.03714627 0.9882665 0.1917942 0.01311075 0.9813476 0.3005446 -0.005191922 0.9537536 -0.1460477 0.03091174 0.9887945 -0.1481766 0.03239762 0.9884301 -0.2476547 0 0.9688484 -0.3020086 0 0.9533052 -0.4071596 0.006948471 0.9133306 -0.4155322 0 0.9095785 0.5150792 0 0.8571426 0.5150796 0 0.8571425 0.4361525 0 0.8998728 0.4070936 0.01917928 0.9131851 0.01117342 0 0.9999377 0.07855135 0.00500226 0.9968975 0.1481581 0.03640061 0.9882937 0.1905398 0.01326447 0.9815899 0.3004439 -0.005223274 0.9537853 -0.1481799 0.03155827 0.9884568 -0.1468807 0.03065901 0.9886791 -0.04521584 0 0.9989773 -0.5142486 0 0.8576412 -0.4662253 4.3722e-4 0.884666 -0.3652839 0.04110312 0.9299884 -0.4071585 0.007642388 0.9133256 -0.3029939 1.88335e-7 0.9529925 -0.2485607 1.66991e-7 0.9686164 -0.796419 0 0.6047452 -0.7964204 0 0.6047435 0.9454767 0 0.32569 0.9455197 1.61483e-7 0.3255651 0.9455186 3.53181e-7 0.3255685 0.9455194 -4.58354e-7 0.3255661 0.9455186 0 0.3255685 0.3382978 -2.53299e-4 0.9410392 0.4826825 4.62284e-4 0.8757954 0.4434177 0.03366786 0.8956825 0.5320277 0 0.846727 0.2308029 0.04641717 0.9718928 0.2638207 0.01792448 0.9644052 0.1541711 7.71827e-7 0.9880442 -0.1070558 -0.004759609 0.9942417 0 0.02879613 0.9995853 0.006138205 0.02453774 0.9996801 0.09803187 4.80084e-7 0.9951834 -0.2193021 0.008297145 0.9756217 -0.2637194 0.0330128 0.9640344 -0.3282085 0.002200126 0.9446028 -0.4324781 -0.00184828 0.9016426 -0.4825911 0.01933276 0.8756324 -0.5272203 0 0.8497288 -0.9455039 0 0.3256111 -0.9455188 0 0.3255676 -0.9455184 -6.55692e-7 0.3255688 -0.9455187 0 0.3255677 -0.9455187 0 0.3255681 -0.8719683 0 0.4895625 -0.870159 -4.77329e-4 0.4927711 -0.6431048 4.69912e-4 0.7657781 -0.5925419 -0.007770776 0.8055022 -0.4414477 -1.95334e-6 0.897287 0.37206 -0.0115149 0.9281373 0.1464021 0 0.9892252 -0.1582664 0 0.9873965 -0.0399549 -0.02033787 0.9989945 -0.274095 -2.01564e-6 0.9617027 0.3111487 -5.55193e-4 0.9503611 0.6725904 4.44012e-4 0.7400148 0.6701656 0 0.7422116 -0.6747425 0 0.7380533 -0.672591 -3.79372e-4 0.7400144 -0.3715578 3.724e-4 0.9284098 -0.311127 -0.007755815 0.9503367 -0.1396484 0 0.9902012 0.04019916 0 0.9991917 0.1582431 -0.01013433 0.9873481 0.2743572 9.00853e-7 0.9616279 0.448264 2.67537e-7 0.8939012 0.5925342 -0.008307337 0.8055026 0.6435254 -4.11037e-4 0.7654247 0.8701612 4.53329e-4 0.492767 0.8685034 0 0.4956834 0.3133845 -0.7056922 0.6354436 0.3141511 -0.710537 0.6296399 0.2176694 -0.7126113 0.6669373 0.2178364 -0.7128414 0.6666367 0.1391292 -0.7135846 0.686615 0.138382 -0.7126674 0.6877177 0.05756831 -0.7130795 0.6987157 0.05698817 -0.7124823 0.6993721 0.00810039 -0.7130885 0.7010272 -0.02476006 -0.7189251 0.6946465 -0.03275948 -0.7129977 0.7004007 -0.1076971 -0.712503 0.6933549 -0.3382994 -0.7030838 0.6254813 -0.3277977 -0.7099502 0.6233133 -0.2654181 -0.7105212 0.6517 -0.2629032 -0.7124524 0.6506102 -0.2195833 -0.7134824 0.6653767 -0.1864313 -0.7191818 0.6693437 -0.1803399 -0.7130965 0.677474 -0.1066188 -0.7134376 0.69256 -0.5671498 -0.7027683 0.4294857 -0.5570289 -0.7119173 0.4276594 -0.5673111 -0.7110259 0.4154521 0.4511811 -0.6952592 0.559509 0.4505175 -0.6947045 0.5607312 0.6158692 -0.6978734 0.36562 0.6157895 -0.697587 0.3663001 -0.01488149 -0.6792706 0.7337371 0.0276553 -0.6926798 0.7207148 0.2363985 -0.6903972 0.683716 0.1965873 -0.6655425 0.7200046 0.3094897 -0.6965401 0.6473392 -0.4745378 -0.6943917 0.5409566 -0.4732018 -0.6949364 0.5414273 -0.2590123 -0.6908254 0.6750356 -0.2578678 -0.6912676 0.6750211 -0.09580445 -0.6947353 0.7128565 0.6607127 -0.6936249 0.2869554 0.6601162 -0.6952095 0.2844827 0.6622753 -0.6957098 0.2781715 0.6761022 -0.6876249 0.2646846 0.6619065 -0.7070008 0.2490577 0.6728693 -0.7070133 0.2176675 0.6524994 -0.73031 0.2022175 0.6711413 -0.7056965 0.2270723 0.3736395 -0.7123117 0.5941428 -0.3731648 -0.7124115 0.5943214 -0.3426027 -0.7082437 0.6172636 0.3460112 -0.7093308 0.6141059 0.3471044 -0.7111333 0.6113985 0.2871281 -0.7079735 0.6452373 0.2878095 -0.7092515 0.6435278 0.2186353 -0.7066096 0.6729797 0.2195038 -0.707849 0.6713926 0.1483362 -0.7059456 0.6925584 0.1491426 -0.7068955 0.6914154 0.09986609 -0.7065133 0.7006182 0.07562726 -0.7135583 0.6965021 0.06347066 -0.7064632 0.7048981 0.00393176 -0.7058372 0.7083632 0.003967165 -0.7058669 0.7083335 -0.06884062 -0.7062093 0.7046485 -0.06941568 -0.7057443 0.7050577 -0.1409938 -0.7068201 0.6931999 -0.1422052 -0.7059366 0.6938524 -0.2115911 -0.7077426 0.6740399 -0.2132799 -0.7066074 0.6746983 -0.2799155 -0.7090803 0.6471881 -0.2817714 -0.7079061 0.647668 -0.3439355 -0.7109745 0.6133708 -0.6565697 -0.6985278 0.2845616 -0.6545283 -0.6997973 0.2861407 -0.6606084 -0.701201 0.2681677 -0.653811 -0.7069265 0.269789 -0.6718077 -0.7083168 0.2167069 -0.6657348 -0.7139142 0.2170805 -0.6665081 -0.7142749 0.2134909 -0.3637326 -0.7324548 0.5755073 -0.3573133 -0.7383818 0.5719437 -0.3577808 -0.7388949 0.570988 -0.3564336 -0.7383453 0.5725395 -0.3552666 -0.7366353 0.5754598 -0.3548288 -0.7365477 0.575842 0.2608668 -0.707069 0.6572687 0.2636694 -0.7084805 0.6546249 0.474098 -0.706745 0.5251119 0.4773955 -0.7098592 0.517874 -0.2356846 -0.6971217 0.6771071 -0.1936499 -0.7091204 0.6779735 0.01968735 -0.7054739 0.7084624 -0.02921259 -0.6824847 0.7303159 0.1029224 -0.7109577 0.6956624 -0.6170561 -0.7109043 0.337427 -0.6260969 -0.7062741 0.3304233 -0.4528689 -0.7093724 0.5400932 -0.4599916 -0.7064382 0.5379154 -0.3113233 -0.7124294 0.6289056 0.3576104 -0.7328323 0.5788537 0.3033879 -0.7348609 0.6065768 0.3006621 -0.7214059 0.6238397 0.2072668 -0.7217855 0.6603531 0.20361 -0.7171564 0.6665055 0.1312246 -0.7165713 0.6850589 0.1288574 -0.7140013 0.6881846 0.01594662 -0.7117808 0.7022206 0.04214972 -0.7580803 0.650798 -0.03002279 -0.7131414 0.7003772 -0.09995228 -0.7131845 0.6938138 -0.2815912 -0.7305119 0.6221405 -0.293796 -0.7181202 0.6308625 -0.2035754 -0.7201156 0.6633179 -0.1752106 -0.723515 0.667703 -0.166932 -0.7157236 0.6781398 -0.09758943 -0.7149993 0.6922806 0.5643609 -0.7145331 0.4134483 0.5628319 -0.7192587 0.4072926 0.566067 -0.7191141 0.4030423 0.5672844 -0.7142675 0.4098907 0.5667926 -0.7143755 0.4103826 0.5608928 -0.7142796 0.4185736 -0.6041252 0 0.7968896 -0.7059397 0.02091449 0.7079631 -0.7639406 0.004313707 0.6452722 -0.9558795 0 0.2937596 -0.9801821 0.03715544 0.1945836 -0.896513 -0.003490567 0.4430038 -0.8423874 -0.5388594 0.003734886 -0.8004643 -0.5989456 0.02282607 -0.7990583 -0.6010906 0.0140019 -0.758764 -0.6487835 -0.05794239 -0.7684218 -0.6385903 0.04159909 -0.7255755 -0.684868 -0.06705331 -0.8116777 -0.5819135 0.05055791 -0.8199924 -0.5704106 0.04737401 -0.8156356 -0.5775534 0.03421634 -0.6544309 -0.7531823 0.06660801 -0.649439 -0.7589491 0.04717284 -0.6502177 -0.7556411 0.0788902 -0.6318132 -0.7731621 0.05506759 -0.6322873 -0.7715474 0.07019656 -0.6051543 -0.7908124 0.09167408 -0.5900325 -0.8037937 0.076011 -0.5893895 -0.8045253 0.07320696 -0.5554894 -0.8290849 0.06363874 -0.5531431 -0.8323676 0.0345968 -0.5155534 -0.8565124 0.02431863 -0.5299521 -0.8479893 -0.008076429 -0.5477957 -0.8365075 -0.01323622 -0.5320965 -0.8466782 -0.003062784 -0.1989985 -0.9794183 -0.03375661 -0.02639889 -0.9996333 -0.006038427 -0.05353915 -0.9979915 -0.03386187 -0.2357822 -0.9711405 -0.03595679 -0.210802 -0.9774637 -0.01128 -0.1915366 -0.978571 -0.07558149 -0.06297832 -0.9796918 -0.1903624 -0.05117166 -0.9834815 -0.1736246 -0.04586976 -0.9862161 -0.1589776 -0.04266184 -0.987114 -0.1542271 -0.05651402 -0.9907974 -0.1229911 -0.05146706 -0.9913376 -0.1208348 -0.03587543 -0.9955216 -0.08746415 -0.04783022 -0.9958153 -0.07787299 -0.0376631 -0.9984778 -0.04029345 -0.04329597 -0.9983554 -0.0375781 -0.04149889 -0.9989634 -0.01870656 -0.04297339 -0.9989266 -0.01729166 -0.04106599 -0.9990159 -0.0167666 -0.04076522 -0.9990868 -0.01279926 -0.03972494 -0.9991267 -0.0129562 -0.03946548 -0.9991924 -0.00755614 -0.03910994 -0.9992059 -0.007619261 -0.03892213 -0.9992423 -3.81988e-4 -0.03884136 -0.9992454 -3.89859e-4 -0.0391826 -0.9991611 0.01191109 -0.03906989 -0.9991656 0.01190567 -0.03992277 -0.9989898 0.02063089 -0.04033315 -0.9989582 0.02135187 -0.03997409 -0.9989553 0.02214527 -0.04136484 -0.9985436 0.03463411 -0.03931939 -0.9986267 0.03462278 -0.0440911 -0.9974252 0.05655997 -0.04376876 -0.9974377 0.05658888 -0.04666972 -0.9966372 0.06735229 -0.0494188 -0.9965249 0.06705176 -0.05107927 -0.9960087 0.07319557 -0.07505828 -0.9946361 0.07117122 -0.2341789 -0.9715808 -0.03451162 -0.2287079 -0.9731371 -0.02639687 -0.2256472 -0.9736844 -0.0319699 -0.2180919 -0.9758007 -0.01577872 -0.2143999 -0.9765452 -0.01980143 -0.2109863 -0.9774628 -0.007162511 -0.2073264 -0.9782278 -0.009287059 -0.2067324 -0.9783928 -0.003025591 -0.2036741 -0.97903 -0.004137694 -0.203522 -0.9790682 -0.002100467 -0.1966624 -0.9804661 -0.003194034 -0.1965767 -0.9804876 -0.001332283 -0.1940628 -0.9809876 -0.00178343 -0.1940139 -0.9809988 -7.1255e-5 -0.193809 -0.9810394 -8.83501e-5 -0.1938767 -0.9810232 0.002320706 -0.1978281 -0.9802334 0.002564072 -0.1979737 -0.9801991 0.00401932 -0.1989754 -0.9799927 0.004817843 -0.1992371 -0.979925 0.007187187 -0.2076591 -0.9781757 0.007074475 -0.2088546 -0.9778661 0.01255983 -0.2246794 -0.9743748 0.01062828 -0.2259749 -0.974011 0.01542907 -0.2480238 -0.9686794 0.01201951 -0.2508099 -0.9677781 0.02236044 -0.314963 -0.9490781 0.007010936 -0.3184901 -0.9476664 0.02219647 -0.3080114 -0.9503538 0.044236 -0.4048691 -0.9143694 -0.003125846 -0.4161174 -0.907326 0.06004852 -0.4981684 -0.8670693 -0.004384696 -0.5597214 -0.8278814 0.03639298 -0.5575031 -0.8299872 0.0176571 -0.5704875 -0.8210023 0.02234894 -0.5698116 -0.8216116 0.01640653 -0.619591 -0.7847398 0.017048 -0.7280603 -0.6838759 -0.04735046 -0.6121059 -0.7811051 0.1232947 -0.6221669 -0.7815082 0.04640686 -0.6458768 -0.7578617 0.09213489 -0.6407518 -0.7352109 0.2211382 -0.6013556 -0.7988961 -0.01167953 -0.5986807 -0.7550769 0.2672837 -0.5189316 -0.8535763 -0.04601824 -0.5300588 -0.8319354 0.1640775 -0.4708577 -0.8821898 0.005870044 -0.4760619 -0.8763446 0.07338422 -0.3899327 -0.9196287 0.04728275 -0.3905836 -0.9189864 0.05393165 -0.3559386 -0.9330343 0.05248707 -0.3565656 -0.9324749 0.05789226 -0.3476244 -0.9360295 0.05482786 -0.3471947 -0.9363871 0.05133515 -0.2511826 -0.9662156 0.05774748 -0.2490001 -0.9674198 0.04580277 -0.1938441 -0.9795567 0.05378949 -0.1909605 -0.9807267 0.0413447 -0.1521329 -0.9871262 0.0493716 -0.1495531 -0.9879514 0.03982353 -0.1369085 -0.9897142 0.04149729 -0.1348397 -0.9902902 0.03381752 -0.1269341 -0.9913062 0.03464031 -0.1239533 -0.992067 0.02094304 -0.1206869 -0.9924694 0.0209586 -0.1198152 -0.9927092 0.01314747 -0.1193735 -0.9927669 0.01280277 -0.1188337 -0.9928877 0.007256329 -0.1168803 -0.9931204 0.007133781 -0.1166769 -0.99317 -2.40992e-4 -0.1168279 -0.9931522 -2.28622e-4 -0.1169461 -0.9931272 -0.004712343 -0.1183894 -0.9929572 -0.004460155 -0.118564 -0.9929134 -0.00809437 -0.1225534 -0.9924338 -0.007480919 -0.1228048 -0.9923719 -0.01082801 -0.1244859 -0.9921686 -0.01023554 -0.1257335 -0.9917881 -0.02340245 -0.1248227 -0.9918917 -0.02387952 -0.1315176 -0.9901204 -0.0486291 -0.1277224 -0.990438 -0.05215042 -0.1397257 -0.9871261 -0.07783931 -0.133613 -0.9872477 -0.08654308 -0.1415723 -0.9850351 -0.09830135 -0.1441343 -0.9839857 -0.1048697 -0.1252317 -0.9890497 -0.07808774 -0.1668217 -0.9629462 -0.2119085 -0.06386435 -0.9950546 0.07607746 -0.06559884 -0.9943408 0.08356571 -0.08363378 -0.9931337 0.08179831 -0.08512467 -0.9923001 0.08996927 -0.118276 -0.9888255 0.09074711 -0.1180453 -0.9890222 0.088885 -0.1214399 -0.9885023 0.09008622 -0.1209447 -0.9889434 0.08580982 -0.1335036 -0.9872424 0.08677083 -0.1336829 -0.9870526 0.08863502 -0.1650708 -0.9810168 0.1017727 -0.1644343 -0.9820665 0.092233 -0.1870723 -0.9700647 0.1548501 -0.184348 -0.9782101 0.09550315 -0.2170677 -0.9485472 0.2305209 -0.2151629 -0.971614 0.09834295 -0.2325087 -0.9546419 0.186007 -0.2318949 -0.9672766 0.1029605 -0.2364475 -0.9655613 0.1085545 -0.2364777 -0.9653106 0.1106969 -0.2363432 -0.9653607 0.1105467 -0.2365227 -0.9640747 0.1209008 -0.2365151 -0.9640769 0.1208981 -0.2360087 -0.967128 0.09467494 -0.2365299 -0.9669767 0.09492045 -0.2359778 -0.9708099 0.04292762 -0.2362613 -0.9707337 0.04309153 -0.2356026 -0.970402 -0.05302435 -0.3900445 -0.9207932 -0.002283155 0.991634 -0.1290826 0 0.7143951 -0.6995464 -0.016568 0.9576231 -0.2692531 -0.1022788 0.9802256 -0.1974057 -0.0137462 0.9728687 -0.2313542 0.001316726 0.8918244 -0.4523804 -0.001141905 0.9255416 -0.3786461 -1.1336e-4 0.8018254 -0.5975585 1.23781e-4 0.7977616 -0.6029732 2.04393e-5 0.6183014 -0.7859411 -1.96949e-5 0.6192381 -0.7852033 0 0.9846848 0 0.1743444 0.9736891 -0.004361152 0.2278386 0.6893103 -0.01162195 0.7243731 0.893435 0.006303727 0.4491484 0.8362768 0 0.5483076 0.9190646 0 0.3941071 0.7930387 0 0.6091713 0.7813666 0.002207338 0.6240683 0.5222323 -0.001541197 0.8528019 0.5524963 -0.002900242 0.8335104 0.2753603 0.003330945 0.9613354 0.3480603 0 0.9374723 0.4416314 0.002503454 0.8971931 0.5770543 -0.2969247 0.7608182 0.6178323 -0.2629616 0.7410362 0.7016993 -0.2870706 0.6520802 0.7099647 -0.2679802 0.6512579 0.8022447 -0.3282034 0.4986844 0.8022439 -0.3282076 0.4986829 0.6656981 -0.5577369 0.4957576 0.7285032 -0.550622 0.4075519 0.682047 -0.6202352 0.3874537 0.5747221 -0.7961007 0.1895208 0.1811815 -0.02266442 0.9831885 0.1057774 -0.006777524 0.9943668 0.2721322 -0.02586179 0.9619123 0.346909 -0.08134049 0.934365 0.433382 -0.05641692 0.8994428 0.5510731 -0.07173407 0.831368 0.6470024 -0.03553366 0.7616596 0.6865973 -0.08937937 0.7215231 0.8595324 -0.1118881 0.4986833 0.8361546 -0.01716232 0.5482253 0.9125551 -0.1187862 0.3913222 0.9766941 -0.1271398 0.1729285 0.9766933 -0.1271446 0.172929 0.9115965 -0.3729447 0.1729281 0.9115989 -0.3729385 0.1729291 0.7857415 -0.5938906 0.1729288 0.7857375 -0.5938962 0.1729274 0.5568926 -0.8127512 0.1711904 0.6169714 -0.7823435 0.08535319 -0.9947889 -0.084782 0.0566318 -0.9985927 0 0.05303651 -0.9973766 -0.007212102 0.07202732 -0.9973568 -0.02015459 0.06980937 -0.9971554 -0.03444147 0.06704384 -0.9852862 -0.165831 0.04136681 -0.9805282 -0.1937867 0.03179812 -0.9959439 -0.06378424 0.06346255 -0.9975675 -0.05925327 0.03671848 -0.9985078 -0.03609597 0.04097914 -0.9993547 -0.0327332 0.01479232 -0.9994993 -0.02757424 0.01552218 -0.9996513 -0.0264104 -4.91937e-5 -0.999653 -0.02634209 -4.86448e-5 -0.9994632 -0.02735775 -0.01803004 -0.9992046 -0.03592312 -0.01731294 -0.9985575 -0.03859013 -0.03733283 -0.998021 -0.05179053 -0.03566193 -0.996801 -0.05546545 -0.05754423 -0.9959051 -0.07139503 -0.05546057 -0.9940056 -0.07537817 -0.07919055 -0.992715 -0.09259891 -0.07708907 -0.9900056 -0.0967952 -0.102565 -0.9884446 -0.1132847 -0.100717 -0.9848075 -0.1176612 -0.1277109 -0.9833441 -0.1306635 -0.1263388 -0.9779596 -0.135807 -0.1585921 -0.9776771 -0.1381837 -0.1582805 -0.9803425 -0.1952305 0.02852797 -0.9811517 -0.1927329 0.0139845 -0.9941021 -0.1034684 0.03248435 -0.9949336 -0.1002298 0.007814228 -0.9966635 -0.08093279 0.01057147 -0.9967621 -0.08040785 -2.80587e-5 -0.9967464 -0.08060139 -3.0944e-5 -0.9966256 -0.08119821 -0.01201951 -0.9938429 -0.110413 -0.009234786 -0.9933114 -0.1126643 -0.02528768 -0.9872035 -0.1583656 -0.01869487 -0.9860825 -0.1617427 -0.03847795 -0.975835 -0.2164266 -0.03009301 -0.974056 -0.2201735 -0.05233305 -0.959497 -0.278339 -0.04350876 -0.9569779 -0.2822481 -0.06730151 -0.9393768 -0.3377746 -0.05898916 -0.9361027 -0.3416804 -0.08346438 -0.9189242 -0.3869243 -0.07660269 -0.9145298 -0.3911159 -0.1032649 -0.9064873 -0.4102937 -0.09969967 -0.7567221 -0.6517766 -0.05058759 -0.760438 -0.6485781 -0.03287386 -0.7849506 -0.6182321 -0.04051721 -0.7881542 -0.6151156 -0.02111649 -0.8362776 -0.5471901 -0.03496748 -0.8391478 -0.5437334 -0.01361256 -0.8887591 -0.4573873 -0.03006935 -0.8911004 -0.4537396 -0.007781624 -0.9325744 -0.3601173 -0.02491581 -0.9342764 -0.3565322 -0.003531813 -0.9637328 -0.2661528 -0.01953834 -0.9647823 -0.2630475 -0.001116037 -0.9824503 -0.186034 -0.01352429 -0.98289 -0.1841909 -9.34082e-4 -0.9908892 -0.1345394 -0.006157934 -0.9909633 -0.1341334 -1.18633e-5 -0.9909657 -0.1341163 -8.80188e-6 -0.9908973 -0.1344997 0.005693316 -0.9859237 -0.1671953 6.97e-4 -0.985452 -0.1692441 0.01552343 -0.9983946 0.01529574 0.05453813 -0.9688971 -0.1457751 -0.19997 -0.9658784 -0.1685453 -0.1966511 -0.8987916 -0.4168057 -0.1358189 -0.8627127 -0.4916546 -0.1183323 -0.8029504 -0.5899524 -0.08501172 -0.6518686 -0.7573589 -0.03840732 -0.9088624 -0.2041386 -0.3637259 -0.6260815 -0.7779485 -0.0530858 -0.647814 -0.7598609 -0.05430042 -0.8462751 -0.5104128 -0.1526347 -0.8541648 -0.4970998 -0.1526247 -0.9564094 -0.1765735 -0.2326007 -0.9569185 -0.1740581 -0.2324021 -0.942996 -0.1835466 -0.2776136 -0.9422155 -0.1882441 -0.277118 -0.8357847 -0.5157876 -0.1882214 -0.817561 -0.5466932 -0.1808884 -0.6198754 -0.7811599 -0.07445657 -0.5871697 -0.8002171 -0.122002 -0.5586592 -0.8254377 -0.08094817 -0.567395 -0.821473 -0.05696672 -0.7464802 -0.6045376 -0.278032 -0.7580534 -0.5871211 -0.2839789 -0.8871411 -0.2116688 -0.410094 -0.8871594 -0.2115619 -0.4101098 -0.9229662 -0.1969246 -0.3306875 -0.9038839 -0.2772262 -0.325791 -0.7973873 -0.5555051 -0.2357705 -0.7829604 -0.5783064 -0.2292045 -0.5146949 -0.8545374 -0.06967765 -0.4971483 -0.8608626 -0.1084401 -0.4625482 -0.8817241 -0.09280031 -0.1831567 -0.8951197 -0.4064657 -0.1707897 -0.7695257 -0.6153547 -0.7787839 -0.1847448 -0.5994706 -0.7862987 -0.176114 -0.5922147 -0.5139604 -0.5170066 -0.6845064 -0.5481947 -0.4965099 -0.6730234 -0.2422044 -0.7101136 -0.661117 -0.197425 -0.7017449 -0.6845273 -0.7890457 -0.2069213 -0.5784379 -0.7944352 -0.2000885 -0.5734434 -0.53385 -0.5769714 -0.6181491 -0.5588802 -0.5611225 -0.6105691 -0.1701117 -0.8289057 -0.5328953 -0.2201023 -0.8174092 -0.5323505 -0.7980615 -0.2273072 -0.5580585 -0.8035626 -0.2175084 -0.5540553 -0.546918 -0.6295935 -0.5518087 -0.5750794 -0.6068063 -0.5486984 -0.2344342 -0.8628728 -0.4477626 -0.2048136 -0.8551037 -0.4762868 -0.401137 -0.9045878 -0.1442573 -0.4378105 -0.8884746 -0.1376041 -0.702142 -0.6285071 -0.3346275 -0.7193457 -0.6124711 -0.3277516 -0.8597939 -0.2246888 -0.4585515 -0.8631001 -0.218899 -0.4551282 -0.3644353 -0.9113048 -0.1916003 -0.3845626 -0.9065082 -0.1742264 -0.6775966 -0.6349176 -0.3711369 -0.6884797 -0.629922 -0.3594359 -0.8497489 -0.2272975 -0.4756708 -0.8526934 -0.2253641 -0.4713014 -0.2541893 -0.9298574 -0.2659946 -0.3152712 -0.9082967 -0.2749568 -0.6095405 -0.6615116 -0.4368786 -0.6393178 -0.6341797 -0.4348435 -0.8260555 -0.2402901 -0.509797 -0.8323324 -0.2276265 -0.50538 -0.212856 -0.9129142 -0.3482527 -0.2022226 -0.9118898 -0.3571598 -0.5766509 -0.6461884 -0.4999142 -0.5714152 -0.6466437 -0.5053085 -0.8104372 -0.2333045 -0.5373646 -0.8098086 -0.2334389 -0.5382531 -0.2118321 -0.908872 -0.3592758 -0.2008851 -0.9077175 -0.368367 -0.5738512 -0.6422051 -0.5082003 -0.5684696 -0.642619 -0.5136957 -0.8077462 -0.2316951 -0.5420917 -0.8070858 -0.2318446 -0.5430108 0.6011591 -0.7991286 0.001113355 0.156434 -0.9876867 0.001860082 0.2547667 -0.9665499 -0.02958375 0.1851726 -0.9825755 -0.01602208 0.1165342 -0.9931751 -0.004811227 0.03035926 -0.9995391 0 0.4539852 -0.8909965 -0.004755914 0.513138 -0.8579543 -0.02457225 0.4512572 -0.892317 -0.01172 0.4153547 -0.9096378 -0.006291389 0.3802042 -0.9248989 -0.002635776 0.3414549 -0.9398982 -3.25017e-4 0.7197439 -0.6941707 -0.009789228 0.7070996 -0.7071003 -0.004388272 0.8535225 -0.521048 0.002931118 0.8909385 -0.453955 -0.01239347 0.9300267 -0.3674922 0 0.9646461 -0.2635488 0 0.9876294 -0.156425 -0.01092654 0.9939982 -0.1093966 0 0 -1 -3.58234e-7 0 -1 5.20777e-6 0 -1 0 0 -1 -1.13081e-6 0 -1 6.54057e-7 0 -1 -4.89119e-7 0 -1 2.14484e-6 0 -1 1.44457e-6 0 -1 1.2935e-6 0 -1 -8.01658e-6 0 -1 3.34757e-6 0 -1 -3.94202e-7 0 -1 3.23376e-6 0 -1 -3.73903e-6 0 -1 4.20745e-6 0 -1 4.28645e-7 0 -1 2.89778e-6 0 -1 -9.30947e-7 0 -1 4.51779e-7 0 -1 -3.05203e-6 -0.9938216 -0.1109896 0 -0.9876316 -0.1564263 -0.01071143 -0.8909363 -0.4539539 -0.01259309 -0.9288431 -0.3704735 0 -0.9642221 -0.2650961 0 -0.707089 -0.7070878 -0.007231771 -0.7119274 -0.7022327 -0.005351364 -0.8493122 -0.5278777 0.003760278 -0.4537296 -0.8910544 -0.01231139 -0.5083871 -0.860812 -0.0233553 -0.4539835 -0.8909927 -0.005574524 -0.5825149 -0.8128199 5.27431e-4 -0.6190792 -0.7853282 -7.15426e-4 -0.05757915 -0.998341 0 -0.1703566 -0.985309 -0.01203829 -0.156428 -0.9876487 -0.008971154 -0.276236 -0.9610897 5.4162e-4 -0.3839307 -0.9233614 -9.61968e-4 -1 1.8032e-6 0 -1 -9.37457e-7 0 -1 1.76415e-6 0 -1 -1.84771e-6 0 -1 1.72317e-6 0 -1 3.20273e-7 0 -1 -3.20273e-7 0 -1 1.84771e-6 0 -1 1.02119e-6 0 -1 2.36864e-6 0 -1 -1.8032e-6 0 1 -1.84771e-6 0 1 -1.02119e-6 0 1 1.8032e-6 0 1 -1.02565e-6 0 1 -1.8032e-6 0 1 9.37457e-7 0 1 -1.76415e-6 0 1 1.84771e-6 0 0 0 -1 0 0 -1 0 0 -1 0 0 -1 0 0 -1 0 0 -1 0 0 -1 0 0 -1 -0.1950893 0 -0.9807855 -0.175796 0.002298057 -0.984424 -0.4422961 -0.001001179 -0.8968685 -0.4245892 0 -0.9053861 -0.6087611 0 -0.7933537 -0.7933537 0 -0.608761 -0.7933544 0 -0.6087601 -0.8968713 0 -0.4422917 -0.9053841 -7.702e-4 -0.4245929 -0.9807834 0.002070784 -0.1950888 -0.9844265 0 -0.1757967 -0.6984217 -0.6889107 -0.193931 -0.03955894 -0.03488528 -0.9986082 -0.1569445 -0.1737269 -0.9722076 -0.8331949 -0.5178584 -0.1939312 -0.8331951 -0.5178589 -0.1939285 -0.9110699 -0.3633843 -0.1946884 -0.935001 -0.3240918 -0.1440057 -0.9457328 -0.2600119 -0.194893 -0.974954 -0.1088848 -0.1939303 -0.7921701 -0.05459362 -0.6078538 -0.8924064 -0.09966701 -0.4400879 -0.9749544 -0.1088826 -0.1939291 -0.7075299 -0.4397527 -0.5531901 -0.7075291 -0.4397528 -0.5531909 -0.7871112 -0.2728303 -0.5531905 -0.7871119 -0.2728298 -0.5531897 -0.8279079 -0.09246009 -0.5531904 -0.6073585 -0.06783014 -0.7915268 -0.4738795 -0.2945303 -0.8298736 -0.4738777 -0.2945325 -0.8298738 -0.5271804 -0.1827304 -0.8298738 -0.5271803 -0.1827327 -0.8298734 -0.5581403 -0.04221212 -0.8286722 -0.4417494 -0.04933565 -0.8957809 -0.6984212 -0.6889111 -0.1939315 -0.6392889 -0.6305835 -0.4400843 -0.5779991 -0.6010825 -0.5519213 -0.5661126 -0.558404 -0.606384 -0.3972276 -0.3918184 -0.8298727 -0.4130359 -0.4482536 -0.7927611 -0.2824793 -0.2653695 -0.9218376 -0.1199681 -0.1487017 -0.9815781 -0.1284555 -0.1519419 -0.9800066 -0.1666836 -0.1036 -0.9805527 -0.1666851 -0.1035999 -0.9805526 -0.1854336 -0.0642746 -0.9805526 -0.1854328 -0.06427508 -0.9805526 -0.1950452 -0.02178287 -0.9805524 -0.1950427 -0.02178251 -0.9805529 -0.2098146 -0.848423 -0.4859593 -0.2874659 -0.2611389 -0.9215041 -0.1805574 -0.3883227 -0.9036618 -0.2532256 -0.3731273 -0.8925542 -0.1366504 -0.4776073 -0.8678813 -0.1835014 -0.4464795 -0.8757758 -0.1059594 -0.6017908 -0.7915937 -0.0490027 -0.6332201 -0.772419 -0.1586408 -0.6021803 -0.7824399 -0.04332691 -0.6627323 -0.7476021 -0.5084816 -0.6090162 -0.6087247 -0.5359226 -0.719326 -0.4419921 -0.3964961 -0.9004344 -0.1789103 -0.4372474 -0.8790167 -0.1901167 -0.4549503 -0.8642664 -0.2146252 -0.5041278 -0.834353 -0.2229583 -0.5404378 -0.8043563 -0.2468562 -0.78964 -0.5598102 -0.2511603 -0.602747 -0.7737243 -0.1950561 -0.3847882 -0.9069072 -0.1716323 -0.2902265 -0.7948209 -0.532943 -0.3610037 -0.7528699 -0.5503304 -0.2375623 -0.7617314 -0.6027681 -0.4381992 -0.6327363 -0.6384562 -0.2859424 -0.6850889 -0.6699926 -0.7267668 -0.2638129 -0.6342025 -0.3113971 -0.5279927 -0.7900984 0.1379458 -0.4416412 -0.8865236 0.0642116 -0.4672357 -0.881798 0.1799165 -0.8665287 -0.4655729 0.5026882 -0.7414968 -0.4443953 0.1350471 -0.7748138 -0.6175968 0.4815404 -0.863312 -0.1510336 0.5027258 -0.8501502 -0.1565614 0.3967575 -0.901416 -0.1732996 0.4718662 -0.8672433 -0.1588442 0.3960672 -0.7827513 -0.4800326 0.3565007 -0.8386918 -0.4117079 0.278672 -0.6036705 -0.7469429 0.1997752 -0.7441362 -0.637457 0.1752464 -0.5560664 -0.8124523 0.2281367 -0.536646 -0.8123822 0.06924575 -0.6677129 -0.7411913 0.05750185 -0.673269 -0.7371583 0.1615804 -0.3087053 -0.9373329 0.2168273 -0.3557052 -0.9090984 0.2359127 -0.5182371 -0.8220556 0.3850777 -0.5259379 -0.7583566 0.4270864 -0.7170594 -0.5508385 0.512847 -0.7002199 -0.4966691 0.5573785 -0.8071942 -0.1943368 0.5795301 -0.7958239 -0.1755253 -6.24529e-4 -0.5137377 -0.857947 -0.004435062 -0.5144044 -0.8575363 -0.1500926 -0.3205058 -0.9352798 0.07641333 -0.4758 -0.8762279 -0.0940597 -0.4668084 -0.8793423 -0.1359122 -0.4756364 -0.8690788 -0.05110019 -0.4676878 -0.8824154 -0.07722628 -0.5145968 -0.8539475 -0.01101434 -0.5025778 -0.8644619 -0.07238286 -0.5256161 -0.847637 -0.1206294 -0.3114953 -0.94256 -0.03848212 -0.5238322 -0.8509519 -0.05889981 -0.5289438 -0.8466104 -0.03608143 -0.5411141 -0.8401749 -0.02052617 -0.5395781 -0.8416853 -0.03123557 -0.532082 -0.8461166 -0.1650351 -0.314351 -0.9348513 -0.08074116 -0.2930178 -0.9526917 -0.1377944 -0.2544512 -0.9572186 -0.01435142 -0.2422024 -0.9701197 -0.08297157 -0.1853909 -0.9791558 0 -0.1860316 -0.9825438 5.44896e-4 -0.1840928 -0.9829087 -3.6866e-4 -0.4775965 -0.8785793 0.00881499 -0.5323237 -0.8464951 0 -0.6346713 -0.7727823 -0.6782532 -0.1304346 -0.7231594 -0.1600802 -0.6241558 -0.7647246 -0.1461598 -0.6240386 -0.7676022 -0.3510844 -0.4691713 -0.8103199 -0.4539374 -0.4185856 -0.7865921 -0.4796987 -0.3616953 -0.7994158 -0.6216147 -0.1574435 -0.7673375 -0.7658405 -0.1465443 -0.6261096 -0.7118697 -0.1708256 -0.6812196 -0.5115904 -0.4430254 -0.7362091 -0.4789195 -0.4485523 -0.7546106 -0.1731194 -0.6665043 -0.7251219 -0.1826252 -0.6673372 -0.7220175 -0.5821722 -0.1178137 -0.8044847 -0.2950205 -0.4130287 -0.8616091 -0.4130296 -0.2950147 -0.8616107 -0.4646844 -0.1646223 -0.8700391 -0.4563561 -0.1563203 -0.8759585 -0.1261953 -0.192672 -0.9731148 -0.1178169 -0.5821643 -0.8044899 -0.1646195 -0.4646835 -0.8700401 -0.1151314 -0.4142819 -0.9028375 -0.3875245 0.08679687 -0.9177642 -0.1719015 0 -0.9851142 -0.2514832 -0.002672255 -0.967858 -0.4171919 2.54625e-5 -0.9088185 -0.5390125 -1.713e-5 -0.8422979 -0.5672081 3.30186e-4 -0.8235744 -0.6346027 -1.69669e-4 -0.7728385 -0.7583048 7.389e-4 -0.6518997 -0.7309758 0.001791059 -0.6824011 -0.8190779 0 -0.5736825 0.6438111 -0.2956472 -0.7057621 0.4086866 -0.1288887 -0.9035281 0.5944876 -0.1702591 -0.7858731 0.6294473 -0.3182585 -0.7088778 0.3989742 -0.03333187 -0.9163562 0.4260586 -0.05362462 -0.9031049 0.1332546 -0.1417434 -0.9808936 0.5406365 -0.6193638 -0.5692983 0.583962 -0.5899133 -0.5576654 0.6627687 -0.3461034 -0.6640408 0.6068831 -0.438875 -0.6626324 0.6587582 -0.4184952 -0.6252195 0.5774988 -0.5249741 -0.6252179 0.603777 -0.5147562 -0.6086702 0.5726411 -0.5848174 -0.574518 0.5574486 -0.6039085 -0.569689 0.4172388 -0.116367 -0.9013161 0.4144061 -0.129966 -0.9007644 0.4436407 -0.1175403 -0.8884634 0.4075743 -0.212154 -0.8881858 0.4427437 -0.2025266 -0.8734765 0.3941197 -0.2859462 -0.8734441 0.4308217 -0.2767694 -0.858948 0.3687546 -0.3572896 -0.8581168 0.4171614 -0.3564381 -0.8360194 0.3593683 -0.4130293 -0.8368162 0.3880192 -0.3959233 -0.8322775 0.1231601 -0.1475615 -0.9813548 0.1434169 -0.1279806 -0.9813525 0.1263992 -0.1273045 -0.9837769 0.1479091 -0.09918922 -0.9840145 0.1350283 -0.1019111 -0.985587 0.1519915 -0.07283335 -0.9856947 0.1397024 -0.07580733 -0.9872875 0.1522859 -0.04270762 -0.9874134 0.1430414 -0.04647296 -0.988625 0.1490463 -0.01367914 -0.9887357 0.1436845 -0.01728105 -0.9894728 0.1225419 -0.1263871 -0.9843829 0.220203 -0.2453905 -0.9440838 0.3636305 -0.5570715 -0.746622 0.2361486 -0.4560844 -0.8580332 0.3970568 -0.7811734 -0.4817824 0.3404451 -0.7018383 -0.6257158 0.4067388 -0.8815354 -0.2397057 0.4019477 -0.9000239 -0.1685085 0.2982603 -0.239405 -0.923973 0.2419079 -0.2682917 -0.93247 0.1285275 -0.2320069 -0.9641855 0.2012856 -0.1830893 -0.9622694 0.1024875 -0.1696733 -0.9801568 0.4185325 -0.5609559 -0.7142542 0.4025823 -0.5697901 -0.7164263 0.2982347 -0.5438945 -0.7843691 0.4190292 -0.4627527 -0.7812008 0.3224819 -0.4542238 -0.8304735 0.4280691 -0.8376855 -0.3391752 0.4745305 -0.7907055 -0.386789 0.4055509 -0.8258051 -0.3918859 0.4845095 -0.7556153 -0.4407902 0.4331779 -0.7617603 -0.481745 0.5747361 -0.6648598 -0.4771162 0.4881877 -0.673121 -0.5555005 0.006142079 -0.5369819 -0.8435715 0.0124424 -0.5375205 -0.8431589 0.01135611 -0.5499562 -0.8351164 0.04229533 -0.5524916 -0.8324448 0.04319584 -0.6010038 -0.7980781 0.07431495 -0.6033145 -0.7940334 0.1036188 -0.616463 -0.7805361 0.1102606 -0.6167955 -0.7793626 0.1402902 -0.6409105 -0.754687 0.006644666 -0.5347954 -0.8449555 0.02007579 -0.5359971 -0.8439811 0.01442605 -0.5215643 -0.8530901 0.0872302 -0.5268152 -0.8454921 0.05230754 -0.4572945 -0.8877757 0.1473779 -0.4634947 -0.8737576 0.08809506 -0.4384639 -0.8944209 0.2284052 -0.4450737 -0.8658756 0.1190054 -0.3719167 -0.9206062 0.2259001 -0.3807574 -0.8966566 0.1504742 -0.4786721 -0.8650032 0.1506309 -0.8503738 -0.5041576 0.126922 -0.7564755 -0.6415884 -0.06266611 -0.3135783 -0.9474923 0.1889375 -0.703071 -0.685561 0.1330398 -0.7078381 -0.6937332 -0.05263894 -0.6489133 -0.7590393 0.1256089 -0.1256089 -0.9840959 0.1949068 -0.3505811 -0.9160263 0.1821727 -0.3516771 -0.9182245 0.1146162 -0.6498886 -0.7513375 0.1902798 -0.6434066 -0.7414996 -0.3317179 -0.9304458 -0.1556727 -0.2186843 -0.8445217 -0.4888358 -0.3365836 -0.9258047 -0.1720384 -0.2344655 -0.960944 -0.1470127 -0.2401514 -0.957832 -0.1577507 -0.1453374 -0.9794405 -0.1399053 -0.1495234 -0.9775494 -0.1484584 -0.09716391 -0.9012635 -0.4222362 -0.08960437 -0.8986124 -0.4294962 -0.1579078 -0.882796 -0.4424212 -0.1453578 -0.8808687 -0.4504901 -0.2130365 -0.8580968 -0.4672102 -0.07795977 -0.6465241 -0.7588998 -0.04807728 -0.9892063 -0.1384184 -0.04989939 -0.9887077 -0.1413055 -0.03173136 -0.9089036 -0.4157972 0.01023983 -0.9376327 -0.3474768 -0.02589863 -0.8787914 -0.476503 -0.06494742 -0.698741 -0.7124205 -0.05772578 -0.7011847 -0.710639 -0.04164451 -0.7297715 -0.6824216 -0.03611254 -0.7310488 -0.681369 -0.02476435 -0.7509421 -0.6599036 -0.01249384 -0.7523339 -0.6586635 -0.007680833 -0.7584763 -0.6516553 0 -0.7584977 -0.6516758 -0.002006769 -0.802804 -0.5962398 0 -0.9899414 -0.1414787 -0.002006709 -0.9774121 -0.2113332 0 -0.9376834 -0.3474912 0 -0.8790876 -0.4766603 0.02240151 -0.9771692 -0.2112787 0.009385108 -0.8027687 -0.5962168 0.02328383 -0.9772373 -0.2108674 0.08690261 -0.97293 -0.2141385 0.09035795 -0.9731674 -0.2116145 0.1403999 -0.9655387 -0.2191411 0.1454048 -0.9648925 -0.218724 0.1976532 -0.953525 -0.2274275 0.2046641 -0.9530112 -0.2233441 0.2611147 -0.9356516 -0.2374349 0.2681136 -0.9337978 -0.236932 0.005817592 -0.8016569 -0.5977563 0.03735464 -0.7996249 -0.599337 0.02216964 -0.792514 -0.6094505 0.05928307 -0.7862471 -0.6150618 0.03678208 -0.7865635 -0.6164131 0.08777791 -0.7757816 -0.6248663 0.05019152 -0.7640124 -0.6432464 0.1120951 -0.7437894 -0.6589477 0.0701394 -0.7479875 -0.6599965 0.2950142 -0.9237701 -0.244163 0.5845457 -0.778833 -0.2274329 0.1295837 -0.8841858 -0.4488023 0.3377902 -0.5313489 -0.7768954 0.1036054 -0.7352648 -0.6698147 0.09436082 -0.7391328 -0.6669173 0.07372802 -0.6658443 -0.7424389 0.1010749 -0.6636103 -0.7412188 0.2376931 -0.8419719 -0.4843403 0.2453868 -0.8402438 -0.4835036 0.3729124 -0.9128694 -0.1661496 0.3588333 -0.9181582 -0.1680002 0.2588186 0 -0.965926 0.2588205 0 -0.9659255 0.7071062 0 -0.7071074 0.7071069 0 -0.7071067 0.9659258 0 -0.2588196 0.9659256 0 -0.2588198 0.9659258 0 0.2588196 0.9659257 0 0.2588196 0.7071067 0 0.7071068 0.7071069 0 0.7071067 0.2588188 0 0.965926 0.2588193 0 0.9659259 -0.2588192 0 0.9659258 -0.2588187 0 0.9659259 -0.7071067 0 0.7071068 -0.7071069 0 0.7071067 -0.9659259 0 0.2588192 -0.9659259 0 0.2588192 -0.9659258 0 -0.2588194 -0.9659259 0 -0.2588192 -0.7071067 0 -0.7071068 -0.7071064 0 -0.7071072 -0.2588204 0 -0.9659255 -0.2588185 0 -0.9659261 0.2588185 0 -0.9659261 0.2588204 0 -0.9659255 0.9659259 0 -0.2588191 0.9659258 0 -0.2588194 0.9659259 0 0.2588191 0.9659259 0 0.2588193 0.2588187 0 0.9659259 0.2588192 0 0.9659258 -0.2588193 0 0.9659259 -0.2588188 0 0.965926 -0.9659257 0 0.2588197 -0.9659258 0 0.2588195 -0.9659256 0 -0.2588198 -0.9659258 0 -0.2588195 -0.2588205 0 -0.9659255 -0.2588186 0 -0.965926 0 -0.2588191 0.9659259 0 -0.2588191 0.9659258 0 -0.7071065 0.7071071 0 -0.707107 0.7071065 0 -0.9659259 0.2588192 0 -0.9659259 0.258819 0 -0.9659259 -0.2588192 0 -0.7071067 -0.7071069 0 -0.7071069 -0.7071067 0 -0.2588191 -0.9659258 0 -0.2588193 -0.9659258 0 0.2588191 -0.9659258 0 0.2588193 -0.9659258 0 0.7071065 -0.7071071 0 0.707107 -0.7071065 0 0.9659259 -0.2588192 0 0.9659259 0.2588192 0 0.9659259 0.258819 0 0.7071067 0.7071069 0 0.7071069 0.7071067 0 0.2588191 0.9659259 0 0.2588191 0.9659258 0 -0.7071065 -0.7071071 0 -0.707107 -0.7071065 0 -0.7071067 0.7071069 0 -0.7071069 0.7071067 0 0.7071065 0.7071071 0 0.707107 0.7071065 0 0.7071067 -0.7071069 0 0.7071069 -0.7071067 0.4897068 0.070454 0.869036 0.4454022 0.2272763 0.8660038 0.6341681 0 0.7731952 -0.2454766 -3.22054e-7 0.9694026 -0.09058135 -3.95963e-6 0.9958891 0.04843097 0.2509663 0.9667835 0.1403838 -4.71745e-6 0.9900972 0.2937541 -3.91649e-6 0.9558811 -0.4387073 0.2879166 0.8512579 -0.4011834 0.03289586 0.9154069 -0.5946754 0 0.8039661 -0.8781208 0 0.478439 -0.7621631 0.1259232 0.6350203 -0.7617557 0.3302817 0.557353 -0.673476 -5.83355e-7 0.7392091 -0.9979805 0 0.06352275 -0.9564456 0.1853562 0.2255104 -0.9553245 0.1956229 0.2215554 -0.9222534 0 0.3865859 -0.8901697 -6.42384e-7 -0.4556292 -0.9317478 0 -0.3631061 -0.9491966 0.2212221 -0.2238003 -0.9799169 0.09344846 -0.1761543 -0.9992777 0 -0.03800338 -0.531893 3.14807e-7 -0.8468117 -0.6149988 3.70087e-7 -0.7885282 -0.7664425 0.06909859 -0.6385854 -0.6505258 0.3905494 -0.6513736 -0.8336127 0.01997649 -0.551988 -0.3533601 0.2739745 -0.894469 -0.3964854 0.1560571 -0.9046799 -0.2252921 1.4673e-7 -0.9742913 0.2062236 -2.72016e-6 -0.978505 0.04888927 0.2124642 -0.9759451 0.03155326 0.1621339 -0.9862642 -0.1254107 0 -0.992105 0.5993311 0 -0.8005013 0.4770136 0.236386 -0.8465104 0.4244519 0.06743788 -0.9029356 0.3046677 -2.39244e-6 -0.9524587 0.9830144 5.54399e-6 -0.1835287 -0.8612535 0 0.5081756 -0.8117893 -0.2155625 0.542707 -0.7695997 0 0.6385267 -0.4898774 -1.68987e-6 0.8717914 -0.6140933 -0.05619031 0.7872307 -0.5652593 -0.2678577 0.7802143 -0.6994085 0 0.7147222 -0.3971217 -1.45031e-6 0.917766 -0.3255077 -0.2559186 0.9102475 -0.2463001 2.30857e-6 0.9691937 0.0675162 0 0.9977183 -0.02352082 -0.2645617 0.964082 -0.07850539 -0.05376052 0.9954631 -0.1697251 2.61382e-6 0.9854915 0.3746162 2.62826e-6 0.92718 0.2803446 -0.260886 0.9237671 0.2329575 -0.04181623 0.9715875 0.1452531 -3.76216e-7 0.9893946 0.5722962 -0.1114623 0.8124366 0.5774301 -0.1979323 0.7920843 0.4693658 0 0.883004 0.9009299 -7.81314e-7 0.4339647 0.8507575 0 0.5255585 0.7809737 -0.2338367 0.5791377 0.7564737 0 0.6540241 0.6837619 0 0.7297053 0.9413167 -0.1450849 0.3047513 0.9429562 -0.1175369 0.3114787 0.9830532 4.721e-7 0.1833212 1 -5.21162e-6 0 0.9121237 -0.403636 -0.07147186 0.9968371 0 0.07947266 0.9452596 -0.1140626 -0.3057355 0.9396381 -0.1440215 -0.3103839 0.9008226 3.4893e-6 -0.4341874 0.6798068 -5.66892e-7 -0.7333912 0.730397 0 -0.6830229 0.7802451 -0.2375832 -0.5785949 0.7965239 -0.1811255 -0.576839 0.8675771 -5.45136e-6 -0.4973028 0.6047095 -0.1301462 -0.7857407 0.532969 -0.378802 -0.7566064 0.4936996 -2.61508e-6 -0.8696325 0.2191438 -0.0596252 -0.9738691 0.245634 -0.5334445 -0.809383 0.356663 -0.06228005 -0.9321549 0.4301022 4.61727e-6 -0.9027802 0.07646906 0.04878789 -0.9958776 -0.01966035 -0.5917396 -0.8058894 -0.0657317 -0.2365593 -0.9693911 -0.4473121 1.11911e-5 -0.894378 -0.336022 -0.3166736 -0.8870215 -0.2960783 -0.4762567 -0.8279597 -0.2305158 -4.65574e-6 -0.9730686 -0.1604237 6.84773e-6 -0.9870483 -0.7435078 -3.44421e-7 -0.6687273 -0.6935438 -1.29401e-6 -0.7204145 -0.5846803 -0.3104303 -0.7495213 -0.5866099 -0.2490654 -0.7706201 -0.5102739 -3.36882e-6 -0.8600119 -0.7989618 -0.07007342 -0.5972854 -0.8040963 -0.2538828 -0.537562 -0.8767926 0 -0.480869 -0.9525887 0 -0.304261 -0.9796747 -0.01980739 -0.1996126 -0.9967721 -4.70171e-7 -0.08028376 -0.9971066 1.78852e-6 0.07601737 -0.9671887 -0.01314157 0.2537195 -0.960754 -0.006486654 0.277326 -0.8288146 0.004776298 0.5595031 -0.7555562 -0.01906806 0.6548063 -0.6625335 0 0.7490324 -0.5376762 0 0.8431515 -0.3886085 -0.01512426 0.921279 -0.3436169 -0.003002822 0.9391052 -0.03785216 0.00257796 0.9992801 0.0583207 -0.01811039 0.9981337 0.2015805 0 0.979472 0.3517186 0 0.9361059 0.4932627 -0.01683735 0.8697175 0.5548356 0 0.83196 0.5446971 0 -0.838633 0.4932971 -0.01460987 -0.8697382 0.3403615 0 -0.9402947 0.1776226 0 -0.9840987 0.05833739 -0.01881861 -0.9981196 -0.05015438 0 -0.9987415 -0.2171096 0 -0.9761472 -0.3886205 -0.01259171 -0.921312 -0.4223737 -0.003017961 -0.9064168 -0.698565 0.002631366 -0.7155418 -0.7555975 -0.01627695 -0.6548339 -0.8488321 0 -0.5286628 -0.9255323 0 -0.3786689 -0.9671069 -0.01851761 -0.2536957 -0.9924701 0.007067501 -0.1222833 -0.9798169 -0.01026248 0.1996338 -0.971836 0 0.2356583 0 -0.743202 0.6690672 0.01227647 -0.8314067 0.5555287 0.0149312 -0.5903591 0.8070027 0 -0.5555705 0.8314695 0.07093763 -0.4546258 0.8878533 0.03369539 -0.5344638 0.8445196 0.006049036 -0.6312472 0.7755582 0.002523601 -0.656641 0.7541992 0 -0.680395 0.7328457 0 -0.6803964 0.7328443 0.01613664 -0.7053353 0.7086902 0.004295468 -0.6771776 0.7358072 0.03011757 0.1950019 0.9803404 0 0.07448661 0.9972221 0 -0.1950901 0.9807854 0.0778228 -0.07641142 0.9940347 0 -0.2676034 0.9635292 0 0.6803686 0.7328702 0.01122921 0.7005703 0.7134951 0.005935966 0.6317565 0.7751442 0.01490348 0.5904895 0.8069078 0.03363114 0.5345962 0.8444383 0.0234462 0.5554176 0.8312411 0 0.4343412 0.9007485 0 0.2676034 0.9635292 0 0.8314695 -0.5555705 0 0.9807854 -0.1950899 0 0.9807853 -0.1950905 0 0.9807853 0.1950905 0 0.9807854 0.1950901 0 0.831449 0.5556011 -1.20515e-5 0.8314696 0.5555703 2.2562e-6 0.680373 0.7328661 0.002453684 0.6573104 0.7536159 -1.09507e-6 0.3988965 -0.916996 0.001974821 0.4852235 -0.874388 0.01121795 0.5555351 -0.8314175 0 0.6329782 -0.7741698 0 0.8314697 -0.5555703 0.01129424 -0.1950781 -0.9807227 0 -0.09299433 -0.9956666 0 0.1950905 -0.9807853 0.02351593 0.09441316 -0.9952554 9.06211e-6 0.2853844 -0.9584132 0 -0.8594496 0.5112205 0 -0.9807854 0.1950901 0 -0.9807853 0.1950905 0 -0.9807853 -0.1950905 0 -0.9807854 -0.1950899 0 -0.8314694 -0.5555706 0 -0.8314697 -0.5555701 0 -0.6329782 -0.7741698 0.01121795 -0.5555351 -0.8314175 0 -0.4697825 -0.8827823 0 -0.2854533 -0.9583927 1 1.60207e-6 0 1 -2.07669e-6 0 1 2.07669e-6 0 1 -1.75994e-7 0 1 -1.36496e-6 0 1 5.83696e-6 0 1 -1.36496e-6 0 1 3.20413e-6 0 1 2.1265e-6 0 1 3.31263e-6 0 1 -1.37115e-6 0 1 1.36496e-6 0 1 1.3523e-6 0 1 -2.12651e-6 0 1 -5.05382e-6 0 1 -1.45747e-6 0 1 1.36496e-6 0 1 -1.42026e-6 0 1 -1.3523e-6 0 0.9486824 0 -0.3162308 0.9486827 -1.08953e-4 -0.3162298 0.9486831 -1.29135e-7 -0.3162283 0.9486833 0 -0.316228 0.9486835 0 -0.3162271 0.9486833 0 -0.316228 0.9486837 0 -0.3162266 0.9486831 0 -0.3162286 0.9486834 1.23214e-6 -0.3162276 0.9486827 2.25646e-5 -0.3162299 0.9486818 1.06721e-5 -0.3162326 0.9486842 0 -0.3162252 0.9486834 0 -0.3162276 0.9486833 0 -0.316228 0.9486835 0 -0.3162274 0.9486828 0 -0.3162294 0.9486834 2.05172e-6 -0.3162278 0.9486826 -3.43022e-6 -0.3162299 0.9486834 5.24648e-7 -0.3162276 0.9486835 0 -0.3162273 0.9486833 -2.20547e-6 -0.3162277 0.9940505 0 -0.1089198 0.9973096 -0.001821696 -0.07328373 0.9504569 0.001466333 0.3108534 0.937545 0 0.3478641 0.7375817 0 0.675258 0.8095797 0.00465548 0.5869916 0.803761 -0.005757093 0.5949246 0.9374899 0 0.3480127 0.9862871 -0.00996387 0.1647374 0.9504589 0 0.3108506 0.9940504 0 -0.1089212 0.9940506 0 -0.1089199 0.6978312 0 0.7162624 0.3933336 0 0.9193958 0.3933337 0 0.9193958 0.7149904 0.2290247 0.6605576 0.99405 -0.001077234 -0.1089205 0.9481178 0.07012921 0.3100881 0.9906041 -0.04466706 0.1292615 0.9823897 0.1005682 -0.1574696 0.712521 7.82433e-4 0.7016504 0.389557 -0.04291188 0.9200021 0.394056 -0.03080838 0.9185701 0.8966976 -0.2981152 0.3272017 0.916711 -0.006089806 0.3995045 0.735747 -0.005672276 0.6772327 0.7375506 -0.008927583 0.6752329 0.3898735 -0.005997419 0.920849 0.3933129 -0.01057505 0.9193438 0.7071061 0 -0.7071075 0.7027127 -0.1112989 -0.7027143 0.7027139 -0.1112997 -0.7027131 0.6339272 -0.3230018 -0.7027134 0.6339272 -0.3230017 -0.7027135 0.5030872 -0.5030871 -0.7027138 0.5030862 -0.5030868 -0.7027148 0.3230021 -0.6339262 -0.7027143 0.323002 -0.6339281 -0.7027126 0.1112987 -0.7027131 -0.702714 0.1112988 -0.7027137 -0.7027133 0 -0.7071069 -0.7071068 0 -0.7071055 -0.7071081 -0.1112987 -0.7027133 -0.7027137 -0.1112988 -0.7027133 -0.7027137 -0.3230016 -0.6339276 -0.7027131 -0.3230023 -0.6339262 -0.7027141 -0.5030865 -0.5030871 -0.7027143 -0.503087 -0.5030866 -0.7027143 -0.6339272 -0.3230018 -0.7027134 -0.6339273 -0.3230018 -0.7027134 -0.7027139 -0.111299 -0.7027131 -0.7027127 -0.1112995 -0.7027143 -0.7071061 0 -0.7071075 0 -1 9.09496e-7 0 -1 2.27374e-7 0 -1 -2.27374e-7 0 -1 -9.09494e-7 0 -1 -2.27374e-7 0 -1 9.09494e-7 0 -1 -9.09495e-7 1 -1.81899e-6 0 1 1.81899e-6 0 1 -1.81899e-6 0 1 9.09495e-7 0 1 -9.09495e-7 0 -1 -9.09495e-7 0 -1 9.09495e-7 0 -1 1.81899e-6 0 -1 -1.81899e-6 0 -1 1.81899e-6 0 0.9731405 0.2302093 -0.001135587 0.946778 0.307439 -0.09535574 0.9767208 0.2126345 -0.02834349 0.9974852 0.07087457 -3.61929e-4 0.9999974 0.002268016 0 0.7471555 0.6218352 -0.2346907 0.7723093 0.6212614 -0.1325621 0.8276682 0.5612175 6.54323e-4 -0.7471547 0.6218363 -0.2346905 -0.7723091 0.6212617 -0.132562 -0.9999976 0.00220257 0 -0.9974854 0.07087194 -3.61889e-4 -0.9767201 0.2126374 -0.02834397 -0.9723429 0.2300197 -0.0404995 -0.9196189 0.3928119 -2.96212e-4 -0.827667 0.5612192 6.54322e-4 0.9999976 0.002239882 0 0.05006504 0.998746 0 0.2499862 0.9665454 0.05741912 0.1739638 0.9845118 -0.02174979 0.3410931 0.9400287 -0.001305222 0.5578703 0.8298864 0.008321344 0.5267943 0.8498974 -0.01273757 0.7039448 0.7102527 0.001759588 0.8649734 0.5016708 -0.01214081 0.8329359 0.5533324 0.006415069 0.9805716 0.196096 -0.005080163 0.9735283 0.22826 -0.0118435 0.997471 0.07107627 -1.51533e-4 0.1515704 0.02500623 0.9881302 0.2015111 0 0.9794862 0.2393114 0 0.970943 0.0297994 0 0.999556 0.2015001 -0.01240009 0.97941 0.1985219 -0.01363438 0.9800016 0.2393039 0 0.9709448 0.2393214 0 0.9709404 0.2393115 0 0.9709429 0.5717869 0 0.8204023 0.8492019 0 0.5280685 0.8492069 0 0.5280602 0.9886905 0 0.1499703 0.9886908 0 0.1499689 -0.4264955 0 0.9044897 -0.2588308 0 0.9659227 -0.1978238 -0.09882205 0.9752436 -0.3129121 -0.02694499 0.9493999 -0.384384 -0.007634162 0.9231418 -0.4264771 0 0.9044983 -0.9659262 0 0.2588177 -0.9659253 0 0.2588213 -0.707111 0 0.7071026 -0.7071039 0 0.7071098 -0.4264338 0 0.9045189 -0.4264773 0 0.9044983 -1.30254e-5 0 1 3.20696e-6 0 1 -7.51145e-7 0 1 8.38821e-6 0 1 0.8120263 0 0.583621 0.8120371 0 0.5836058 0.2588183 0 0.9659261 0.1558285 0.1563045 0.9753392 0.3737732 -0.001703381 0.9275186 0.7071005 0.003030717 0.7071066 0.6568402 0.06222867 0.7514578 0.7555276 0.01549178 0.6549337 0.7762164 -0.01170647 0.630358 0.7280001 -0.03372806 0.6847469 0.7061777 -0.05124026 0.7061781 0.5752648 0 0.8179674 0.4818505 0 0.8762536 0.1050891 0 0.9944629 0.2559862 -0.1475351 0.9553558 0.2844158 -0.108422 0.9525505 0.378887 -0.01278299 0.9253547 0.8120353 0 0.5836084 0.8120324 0 0.5836123 0.9659256 0 0.2588201 0.9659266 0 0.2588166 -0.8155987 0 0.5786181 -0.7808148 -0.01112097 0.6246637 -0.8155975 0 0.5786197 -0.5924171 0.004672229 0.8056179 -0.7064551 0.04274201 0.7064661 -0.7265148 0.02962958 0.6865117 -0.7773579 0.01044678 0.6289719 -0.2588215 0 0.9659252 -0.1862429 -0.2166745 0.958314 -0.3902168 0 0.920723 -0.7071068 0 0.7071068 -0.6527706 -0.09595769 0.7514538 -0.7321613 -0.03322911 0.6803203 -0.09333539 0 0.9956348 -0.2578302 0.08717852 0.9622493 -0.2926521 0.05410206 0.9546872 -0.4384976 -0.004015386 0.8987235 -0.9659262 0 0.2588179 -0.8156049 0 0.5786093 -0.8155864 0 0.5786353 0.1057267 0 -0.9943953 0.1057304 0 -0.9943948 0 -1 -9.11883e-7 0 -1 -7.06402e-7 0 -1 -1.82375e-6 0 -1 2.37028e-7 0 -1 -3.70874e-7 0 -1 -1.30821e-7 0 -1 0 0 -1 1.11095e-6 0 -1 -2.31521e-7 0 -1 0 0 -1 0 0 -1 -1.38044e-6 0 -1 6.23319e-7 0 -1 -2.9439e-7 0 -1 -5.65939e-6 0 -1 1.224e-7 0 -1 -3.79511e-7 0.9999932 0 0.003690779 0.9999937 -1.14752e-4 0.003570556 1 0 1.11594e-4 0.3102342 -0.002532541 0.9506568 0.02863144 -0.3015235 0.9530289 -0.220417 0 0.9754058 -1.21258e-4 -4.63958e-4 0.9999999 -0.06408554 -0.02077156 0.9977282 0.1798703 0.002886533 0.9836861 0.4428616 -0.01506102 0.8964635 0.4319284 -0.01200401 0.901828 0.5831059 1.11369e-5 0.8123962 0.7791607 -0.01478463 0.62665 0.7691694 -0.01052159 0.6389583 0.654149 -1.00359e-5 0.7563658 0.9996775 0 0.02539533 0.9735199 -0.007014036 0.2284951 0.9955254 -0.07095283 0.06241023 0.993112 -0.05627912 0.1027685 0.9873672 -0.0408914 0.153082 0.9644446 -0.01080757 0.2640643 0.9174168 -6.79014e-6 0.3979277 0.8733257 7.14273e-6 0.4871367 -0.9985821 0 0.05323249 -0.9985821 0 0.05323219 -0.9938004 -0.08901971 0.06660628 0.1553621 0 0.9878576 0.1276435 0.009399771 0.9917756 0.06464952 -0.003603458 0.9979016 -0.026403 0.008122384 0.9996185 -0.01952409 0.004932522 0.9997973 -0.08255594 0 0.9965865 0.002993106 -0.001627147 0.9999943 0.1359152 0.003707647 0.9907136 0.09541481 0.03138589 0.9949427 0.1868519 0 0.9823881 -0.07233154 0.02084898 0.9971627 -0.05995434 0.01451212 0.9980956 -0.1293994 -2.19486e-7 0.9915926 -0.3972017 0.003720104 0.9177238 -0.3271477 -0.003032863 0.9449684 -0.2535044 0.01568543 0.9672071 -0.2387595 0.008589804 0.9710407 -0.1754753 0 0.9844839 -0.464926 0.02582502 0.8849729 -0.4373589 0.006656646 0.8992624 -0.5141559 0 0.8576968 0.5977624 0 0.8016734 0.5420143 0.02232253 0.8400728 0.5218391 0.01072067 0.8529766 0.4624895 -2.20156e-7 0.8866248 0.2284423 4.07095e-7 0.9735575 0.2732479 4.38706e-7 0.9619438 0.3384956 0.02331417 0.9406792 0.3605982 0.01117289 0.9326543 0.4232534 0 0.9060114 0.04196316 0 0.9991192 0.1175426 0.02227497 0.992818 0.109045 0.02727901 0.9936624 0.1827213 3.40191e-4 0.9831647 -0.2087004 0 0.9779797 -0.150434 0.006043314 0.9886016 -0.1094782 0.02497923 0.9936753 -0.05879831 0.003557384 0.9982635 -0.004355192 0 0.9999905 -0.1516082 -2.45734e-7 0.9884408 -0.9959012 0 0.0904482 -0.9846165 -0.004195332 0.1746791 -0.9625282 -0.01585257 0.2707181 -0.9414877 -0.002847254 0.3370354 -0.8718832 7.29238e-4 0.4897134 -0.7572631 -0.008711457 0.6530519 -0.7773479 -0.01671129 0.628849 -0.2670413 0 0.9636852 -0.3776838 -0.01077985 0.9258719 -0.4092451 -0.0162751 0.9122794 -0.5273728 0.00231558 0.8496309 -0.6617466 -0.001510024 0.7497261 -0.05152589 -0.006984174 0.9986473 0.01576358 -0.01621395 0.9997443 0.1161404 0 0.9932329 -0.04047721 0 0.9991805 0.06244051 -0.007240772 0.9980224 0.101559 -0.01261031 0.9947496 0.2290358 0.003241539 0.9734127 0.3891676 -0.002697229 0.921163 0.4721493 -0.0120719 0.8814359 0.5382215 0 0.8428035 -0.4898664 0 0.8717976 -0.410255 -0.004622459 0.9119592 -0.3547686 -0.01173508 0.9348806 -0.2513701 0.002567291 0.9678876 -0.08531528 -0.001806914 0.9963524 0.01361066 -0.01096957 0.9998472 0.08315658 0 0.9965366 -0.9319696 0.1237362 -0.3407671 -0.9410129 0.3337671 0.05562525 -0.7609807 0.4754387 0.4414371 -0.4284296 0.5191826 0.7395253 -0.9344563 0.1170853 -0.3362774 -0.9310585 0.1273669 -0.3419179 -0.9337298 0.1209422 -0.3369297 -0.9268742 0.1403986 -0.3481271 -0.9311398 0.1385465 -0.3373185 -0.9208139 0.1608066 -0.3553069 -0.9248507 0.1610389 -0.3445546 -0.9154763 0.1763153 -0.3616849 -0.9186545 0.1789267 -0.3522204 -0.9114846 0.1873273 -0.3662025 -0.913358 0.1898866 -0.3601671 -0.9097431 0.1927879 -0.3676959 -0.9110825 0.192175 -0.3646885 -0.9086614 0.1939908 -0.3697324 -0.9092224 0.1953745 -0.3676187 -0.9072251 0.1961605 -0.3721072 -0.906975 0.1950898 -0.3732779 -0.9405335 0.3352794 0.05462992 -0.9374998 0.3444281 0.04963195 -0.936998 0.3459488 0.04852151 -0.9213896 0.3878994 0.02398312 -0.9210456 0.388882 0.02111858 -0.8925706 0.4500141 -0.02837467 -0.8920878 0.4506872 -0.03256684 -0.861428 0.5001597 -0.08821636 -0.8610154 0.4997683 -0.09425503 -0.8315895 0.5342732 -0.1516951 -0.8311433 0.5328348 -0.159022 -0.8175472 0.5442648 -0.1881287 -0.815308 0.5456275 -0.1938133 -0.8018006 0.5551674 -0.2211449 -0.8016793 0.5517929 -0.2298585 -0.7782641 0.560858 -0.282389 -0.7786934 0.5553769 -0.2918787 -0.757406 0.4883313 0.4334383 -0.7564247 0.4911867 0.4319228 -0.7528991 0.5041117 0.423101 -0.7330217 0.5562826 0.3914446 -0.7343611 0.5668994 0.3732813 -0.6948221 0.6515355 0.3045058 -0.6960215 0.6599968 0.2827692 -0.6515608 0.7311898 0.2020646 -0.6539112 0.735559 0.1770685 -0.6093146 0.7877984 0.09005272 -0.6111825 0.7887706 0.06554967 -0.591687 0.8058203 0.02366781 -0.5853561 0.8107503 0.006515681 -0.5646814 0.8245586 -0.03518795 -0.567214 0.8214973 -0.05840009 -0.5276755 0.8366202 -0.1470554 -0.5309765 0.8305633 -0.1680139 -0.4217832 0.5452829 0.724407 -0.4244204 0.5373015 0.7288173 -0.4181614 0.5636939 0.7123134 -0.4003955 0.6115557 0.6824098 -0.4073206 0.6388518 0.6526548 -0.3664282 0.726617 0.5811697 -0.3728089 0.7513199 0.5445477 -0.3253793 0.8274347 0.4576903 -0.3335843 0.8463579 0.4152108 -0.2840266 0.9043781 0.3184795 -0.2900196 0.9161847 0.2765759 -0.2696735 0.9341518 0.2337454 -0.2587394 0.9442653 0.203512 -0.2370278 0.9584784 0.1585466 -0.2430678 0.9626078 0.1196014 -0.1956987 0.9805766 0.01309961 -0.202045 0.9791548 -0.02082866 -0.1872527 0.9807628 -0.05514377 -0.187253 0.9807627 -0.05514484 -0.5331619 0.8313158 -0.1570116 -0.5331636 0.8313145 -0.1570121 -0.7977492 0.5553405 -0.2349323 -0.7977533 0.5553348 -0.234932 -0.9408556 0.1949878 -0.2770749 -0.9408573 0.1949791 -0.2770753 -0.1829795 0.9807628 -0.06799197 -0.1829806 0.9807626 -0.06799137 -0.5209981 0.8313139 -0.1935931 -0.5209965 0.8313158 -0.1935895 -0.7795483 0.5553382 -0.289662 -0.7795457 0.5553426 -0.2896608 -0.9193896 0.1949775 -0.3416239 -0.9193899 0.1949766 -0.3416236 -0.01074159 0.9999422 5.23648e-4 -0.1210782 0.9926308 0.004930257 -0.4574752 0.8889429 0.02229511 -0.3019126 0.953222 0.01471269 -0.6638963 0.7468888 0.03740245 -0.8734925 0.4846947 0.04562926 -0.9846479 0.1678596 0.04787153 -0.9798181 0.1950143 0.04388827 -0.9807634 0.1950793 0.006869673 -0.1950882 0.9807841 0.001749575 -0.1951687 0.9807639 -0.003362476 -0.1951665 0.9807644 -0.003362298 -0.1945033 0.9807645 -0.01641994 -0.1945047 0.9807641 -0.01642042 -0.192969 0.9807642 -0.02940434 -0.19297 0.980764 -0.02940523 -0.1905663 0.9807645 -0.04225647 -0.1905689 0.9807639 -0.04225784 -0.5552985 0.8314251 0.01939105 -0.5557017 0.8313267 -0.009573996 -0.5557033 0.8313256 -0.009574115 -0.553817 0.8313249 -0.04675418 -0.5538163 0.8313252 -0.04675412 -0.5494416 0.8313267 -0.08372503 -0.5494441 0.8313251 -0.08372437 -0.5426069 0.8313248 -0.12032 -0.542603 0.8313276 -0.1203188 -0.8308485 0.5554522 0.03411489 -0.8314927 0.5553511 -0.01432538 -0.8314897 0.5553556 -0.01432543 -0.8286653 0.5553556 -0.06995761 -0.8286665 0.5553538 -0.06995767 -0.8221257 0.5553514 -0.1252757 -0.8221251 0.5553524 -0.1252764 -0.8118917 0.5553561 -0.1800319 -0.8118961 0.5553493 -0.1800331 -0.9672713 0.2524468 -0.02563136 -0.9806592 0.1949927 -0.01689547 -0.9785181 0.1950703 -0.06670939 -0.9655741 0.2470263 -0.08151584 -0.9757365 0.1950626 -0.09944295 -0.9696133 0.1949869 -0.1477509 -0.9696139 0.1949842 -0.14775 -0.9575469 0.1949867 -0.2123304 -0.9575481 0.1949812 -0.2123301 -0.7935199 0.6084609 0.01008254 -0.9818654 0.1678435 0.08814239 -0.9646021 0.2588193 0.05055266 -0.6077656 0.7933504 0.03487259 -0.6645929 0.7467768 0.02531093 -0.8722958 0.4847164 0.06442248 -0.01073783 0.9999423 5.60474e-4 -0.120865 0.9926357 0.008126258 -0.2570709 0.9656199 0.0386371 -0.3008285 0.9531835 0.03071373 -0.4574842 0.88894 0.02222919 -0.8861037 0.386911 -0.2551867 -0.935939 0.3101082 -0.1668865 -0.9987235 0.002285361 0.05046194 -0.9978157 0.06587737 0.004896223 -0.9651587 0.2587998 0.03861856 -0.6097607 0.7923976 -0.01726698 -0.2586578 0.965919 0.009841859 -0.3572176 0.929925 -0.08737981 -0.3582491 0.9268096 -0.1126132 -0.5351325 0.8215202 -0.1968193 -0.9709345 0.238247 0.02290832 -0.9715833 0.2366216 0.006022632 -0.9807314 0.1953532 -0.001793384 -0.9818071 0.1880397 -0.02638083 -0.9883994 0.1498098 -0.02497482 -0.9896925 0.1292797 -0.0616098 -0.981648 0.1730444 -0.08014315 -0.8863065 0.3865433 -0.2550391 -0.8841348 0.4349984 -0.1705351 -0.8276268 0.5374626 -0.1617648 -0.8251341 0.5557168 -0.1016493 -0.7512716 0.6566179 -0.06666398 -0.7433496 0.6666086 0.05535697 -0.7930913 0.6086602 0.02321463 -0.7929495 0.5199599 -0.3176047 -0.6827518 0.5957168 -0.4230502 -0.6736748 0.6996683 -0.2379634 -0.5029194 0.7964704 -0.335719 -0.538134 0.7981217 -0.2709497 1.35988e-6 0 1 -3.1392e-6 0 1 7.15651e-7 0 1 -9.8561e-6 0 1 -2.82662e-6 0 -1 2.26972e-5 0 -1 2.74096e-6 0 -1 -2.16843e-5 0 -1 9.69411e-7 0 -1 -4.61365e-6 0 -1 6.51055e-6 0 -1 -3.31199e-5 0 -1 0.9943245 0 0.1063903 0.7190585 0.009760499 0.694881 0.823021 6.28694e-4 0.5680106 0.9659229 -0.002455949 0.2588186 0.9065979 0.03469437 0.4205671 0.9633365 0.01376396 0.267943 0.2588201 0 0.9659256 0.1223242 0.03115767 0.9920011 0.2943342 0.009888589 0.9556515 0.426954 -1.02268e-6 0.9042733 0.7071023 4.39743e-6 0.7071112 0.5300475 0.0483331 0.8465894 0.5973456 0.03295236 0.8013067 0.1076796 0 -0.9941858 0.258795 0.01412481 -0.965829 0.2758674 0.01181381 -0.9611232 0.816397 9.2332e-4 -0.5774903 0.7080911 0.01137053 -0.7060296 0.583458 0.03581267 -0.8113533 0.7071029 0.003223359 -0.7071034 0.5137195 3.31355e-7 -0.8579583 0.4179846 -1.25632e-6 -0.9084541 0.9943392 0 -0.1062527 0.962395 0.01404547 -0.2712906 0.9658525 0.0123201 -0.2587995 0.9083687 -3.07351e-6 -0.4181703 0.8584666 8.48653e-7 -0.5128696 0 1 -9.93916e-7 0 1 4.85062e-7 0 1 4.85064e-7 0 1 1.32522e-6 0.9659257 0 0.2588198 0.9659259 0 0.2588186 0.7071072 0 0.7071064 0.707105 0 0.7071086 0.2588211 0 0.9659253 0.2588211 0 0.9659253 0.9659257 0 -0.2588198 0.9659257 0 -0.2588198 0.7071072 0 -0.7071064 0.7071094 0 -0.7071042 0.2588211 0 -0.9659253 0.258817 0 -0.9659264 0 1 2.93861e-6 0 1 -2.35432e-6 0 1 -5.07649e-6 0 1 5.83108e-6 0 1 1.09122e-6 0 1 -4.95964e-6 0 1 -8.01658e-6 0 1 2.14484e-6 0 1 -4.89119e-7 0 1 4.48707e-7 0 1 -2.43123e-6 0 1 1.34448e-6 0 1 -1.26689e-6 0 1 6.54057e-7 0 1 -1.68919e-6 0 1 -8.69281e-7 0 1 -4.85064e-7 0 1 6.89512e-6 0 1 -6.36533e-7 0 1 1.44457e-6 0 1 1.8511e-6 0 1 6.78856e-6 0 1 -5.21144e-7 0 1 3.05203e-6 0 1 -3.73903e-6 0 1 3.23376e-6 0 1 -2.57515e-6 0 1 4.51779e-7 0 1 -6.78855e-6 0.06437742 0.9979257 0 0.156422 0.9876108 -0.01253914 0.2352576 0.9719281 0.003113269 0.4392471 0.8983566 -0.004182159 0.4539747 0.8909742 -0.008491635 0.561221 0.827666 0 0.6476536 0.761935 0 0.7070477 0.7070474 -0.01294684 0.9976114 0.06907683 0 0.9876077 0.1564225 -0.01277238 0.9696649 0.2444083 0.003826379 0.8909912 0.4539819 -0.005923211 0.8941565 0.4476842 -0.007940053 0.7766394 0.6299277 0.004719257 0.9659257 0 0.2588197 0.9659258 0 0.2588195 0.9659256 0 -0.2588198 0.9659258 0 -0.2588195 0.7071067 0 -0.7071068 0.7071064 0 -0.7071072 -0.7071062 0 -0.7071074 -0.7071069 0 -0.7071067 -0.9659259 0 -0.2588191 -0.9659258 0 -0.2588194 -0.9659259 0 0.2588191 -0.9659259 0 0.2588193 0.9659259 0 0.2588192 0.9659259 0 0.2588192 0.9659258 0 -0.2588194 0.9659259 0 -0.2588192 -0.9659258 0 -0.2588196 -0.9659256 0 -0.2588198 -0.9659258 0 0.2588196 -0.9659257 0 0.2588196 0.1431496 0.04632896 -0.9886162 0.3082404 0.0540806 -0.94977 0.1057229 0.008947908 -0.9943554 0.1456126 0.03432887 -0.9887459 0.1270811 0.05722516 -0.9902402 0.1235783 0.02296638 -0.9920691 0.9486833 -2.17546e-7 -0.316228 0.9486839 0 -0.3162263 0.9486829 0 -0.3162291 0.9486836 4.31772e-6 -0.3162268 0.948683 5.52775e-6 -0.3162288 0.9486833 -5.27683e-6 -0.316228 0.9486835 0 -0.3162273 0.9486835 -1.59422e-6 -0.3162277 0.9486835 8.65062e-7 -0.3162277 0.9486835 0 -0.3162276 0.9486832 0 -0.3162282 0.9486834 -3.31876e-6 -0.3162277 0.9486828 0 -0.3162293 0.9486835 0 -0.3162275 0.9486831 0 -0.3162287 0.9486836 0 -0.316227 0.9486872 -4.84142e-6 -0.3162161 0.948683 1.7236e-6 -0.3162288 0.9486826 0 -0.3162299 0.9486829 0 -0.3162289 0.9486838 9.09646e-7 -0.3162265 0.3398863 0 -0.9404665 0.5634339 0.01282 -0.8260617 0.453912 -7.31606e-6 -0.8910465 0.8358868 6.82456e-6 -0.5489019 0.8359284 0 -0.5488386 0.8408945 0.02004331 -0.5408278 0.8515824 -0.001510918 -0.5242189 0.4778419 0.07130128 -0.8755475 0.5332731 -0.002371549 -0.8459399 0.4539101 -0.002836108 -0.891043 0.477635 0.0200951 -0.8783285 0.8358827 -0.003624022 -0.5488961 0.8407253 0.004405021 -0.5414441 0.7930393 0 0.6091706 0.7930361 0 0.6091747 0.5222294 0 0.8528051 0.5222355 0 0.8528014 0.1821323 0 0.9832741 0.258821 0 -0.9659253 0.2588098 0 -0.9659283 0.7071034 0 -0.7071102 0.7071093 0 -0.7071042 0.965926 0 -0.2588187 0.9659268 0 -0.2588157 0.1112987 0.7027133 -0.7027137 0.1112988 0.7027133 -0.7027137 0.3230016 0.6339276 -0.7027131 0.3230023 0.6339262 -0.7027141 0.5030865 0.5030871 -0.7027143 0.503087 0.5030866 -0.7027143 0.6339272 0.3230018 -0.7027134 0.6339273 0.3230018 -0.7027134 0.7027139 0.111299 -0.7027131 0.7027127 0.1112995 -0.7027143 0 0.7071055 -0.7071081 0 0.7071069 -0.7071068 -0.7027127 0.1112989 -0.7027143 -0.7027139 0.1112997 -0.7027131 -0.6339272 0.3230018 -0.7027134 -0.6339272 0.3230017 -0.7027135 -0.5030872 0.5030871 -0.7027138 -0.5030862 0.5030868 -0.7027148 -0.3230021 0.6339262 -0.7027143 -0.323002 0.6339281 -0.7027126 -0.1112987 0.7027131 -0.702714 -0.1112988 0.7027137 -0.7027133 -0.9881744 -0.1375737 -0.06771183 -0.9975467 -0.06999731 -9.57811e-4 -0.9999974 -0.00232315 0 0.9999976 -0.002193033 0 0.9975114 -0.0705043 -4.34418e-4 0.9785581 -0.2021847 -0.03931277 0.9906219 -0.1191821 0.0668115 0.9230186 -0.3832609 -0.03387969 -0.9192339 -0.3924106 -0.0319857 -0.9999982 -0.001932501 0 -0.9908257 -0.122158 0.05780917 -0.9783094 -0.2036808 -0.03774899 -0.9975102 -0.07052254 -4.17766e-4 0.9999989 -0.001497983 0 0.9975678 -0.0696913 -0.001299381 0.992131 -0.1035876 -0.0703268 2.379e-5 0 1 -8.68341e-6 0 1 -3.77255e-7 0 1 -0.12005 0 0.9927679 -0.1450057 0.008065938 0.989398 -0.2627544 0 0.9648628 2.09602e-6 0 1 0 1 -9.09495e-7 0 1 -2.27374e-7 0 1 2.27374e-7 0 1 9.09494e-7 0 1 -2.27374e-7 0 1 -9.09494e-7 0 1 9.09496e-7 0 -1 -1.14747e-5 0.3811987 0.9244933 1.36892e-4 0.1240817 0.9922721 -2.09961e-5 0.125276 0.9921219 3.08238e-7 0.1183809 0.9929683 9.80608e-5 0.1084986 0.9940966 -3.61062e-4 0.1003417 0.994953 6.77944e-5 0.05104202 0.9986965 -3.62474e-4 0.06134867 0.9981111 -0.00325787 0.00243169 0.9999961 0.001387715 -0.01354181 0.9999082 -4.82476e-4 -0.03118073 0.9995139 4.73676e-7 0.1344326 0.9909228 3.98338e-5 0.1318938 0.9912633 -0.001070022 0.1545484 0.9879819 0.002573549 0.1517117 0.9883974 -0.007357001 0.1666626 0.986014 2.25947e-4 0.1933138 0.9811367 -8.05037e-4 0.1956869 0.980585 -0.0126425 0.2013966 0.9795058 -0.002769589 0.2251861 0.9742848 0.007765829 0.2338685 0.9721898 -0.01234912 0.234291 0.9721533 -0.005092084 0.2471212 0.9687627 0.02073806 0.2584874 0.9660059 -0.004135191 0.2580956 0.9661195 0 0.2299492 0.9731954 0.003759622 0.2205759 0.9753535 0.005658864 0.210384 0.9775839 0.008277177 0.1970894 0.9803094 0.01221841 0.1820786 0.9831187 0.018031 0.2632263 0.9645568 -0.01849967 0.1598753 0.9869621 0.0185936 0.2324524 0.9724851 -0.015455 0.1363635 0.9905982 0.01096707 0.188138 0.9821278 -0.00541222 0.1457881 0.9893159 -1.71149e-6 0.01263642 0.9999202 2.1448e-4 -0.01112663 0.9999381 -1.30661e-4 -0.01900774 0.999818 0.001654088 0.1076621 0.9941836 -0.002811431 0.1152001 0.993334 0.004058837 0.08850896 0.9960693 -0.003492474 0.09236484 0.995724 -0.001558423 0.04018837 0.9991815 0.004630565 0.05666804 0.9980933 0.02446651 0.03878104 0.999197 0.01007771 -0.1162738 0.9932011 0.005658328 -0.1309689 0.9909977 0.02776294 -0.1321678 0.9901636 0.04591125 -0.02804571 0.9996067 -1.01666e-5 -0.04232561 0.999104 8.51651e-6 -0.06201136 0.9980686 0.003718972 -0.06267595 0.9980283 0.003366172 -0.09154486 0.9958001 -0.001277506 0.355313 0.9347027 0.009140789 0.3462855 0.9381128 0.005538463 0.32713 0.9449779 0.001658499 0.3296635 0.9440966 -0.001957237 0.3002694 0.9538544 2.55409e-4 0.304979 0.9523591 2.11406e-4 0.2957399 0.9552686 4.42782e-5 0.2720177 0.9622923 -2.52146e-4 0.2551535 0.9669005 -5.08297e-4 0.2392632 0.9709526 0.00205934 0.3855095 0.9227039 -1.87257e-5 0.3854553 0.9227265 6.59084e-5 0.3854932 0.9227107 1.21986e-4 0.385304 0.9227898 1.96331e-5 0.3850949 0.922877 -5.28029e-5 0.346603 0.937999 -0.004952132 0.3570669 0.9340481 -0.00758022 0.3402968 0.9403171 -0.001419901 0.3757476 0.9267221 3.84351e-5 0.3827856 0.9238373 -4.64914e-5 0.3812191 0.9244846 -5.02473e-4 0.3849182 0.9229508 5.10602e-5 0.3850939 0.9228775 -5.71903e-5 0.3854221 0.9227404 -2.73635e-6 0.3851685 0.9228464 -1.941e-5 -0.06036496 0.9981765 -1.20957e-6 -0.05611962 0.9984239 7.12012e-4 -0.1170633 0.993124 -0.001019835 -0.1199349 0.9927803 -0.001731753 -0.1704869 0.9853598 6.90956e-4 -0.2544522 0.9666323 0.02959918 -0.2602207 0.9655291 0.006228029 -0.208082 0.9781114 -6.10797e-6 -0.1773188 0.9841536 5.15431e-6 -0.2828098 0.959176 0 -0.282633 0.9592281 1.33221e-5 -0.2783852 0.9604696 -1.57853e-4 -0.2595339 0.9657245 -0.004308819 -0.2182151 0.9756507 -0.02209287 -0.1849751 0.9818406 -0.04211109 -0.2820038 0.9594134 3.70989e-6 -0.2782485 0.960509 -6.13072e-4 -0.2803837 0.959888 1.15595e-4 -0.2673658 0.9635952 -1.8021e-4 -0.2564585 0.9665445 -0.004571318 -0.2472638 0.968948 6.42849e-4 -0.2297858 0.9732411 -4.77073e-4 -0.2145655 0.9766807 -0.007513344 -0.1977802 0.9799558 -0.02387022 -0.1968288 0.9803626 0.01214993 6.94898e-7 0 1 0 -1 -2.06925e-6 0.3562299 0.6514278 -0.6698822 0.6469398 0.6385174 -0.4168508 0.6144616 0.5121613 -0.6001065 0.461147 0.4679239 -0.7539169 0.06941145 0.7132439 -0.6974706 0.1074048 0.7487262 -0.6541202 0.09110045 0.7495694 -0.6556268 0.1780308 0.6867008 -0.7048029 0.2993623 0.6046888 -0.7380608 0.4082486 0.6010721 -0.6870558 0.2751103 0.633119 -0.7235156 0.5958951 0.3374657 -0.7287153 0.533587 0.3765591 -0.7572901 0.4554572 0.4699246 -0.7561282 0.4768375 0.4791131 -0.7369374 0.4077165 0.5746589 -0.7096017 0.2559183 0.8290348 -0.4971995 0.2885701 0.7594581 -0.5830531 0.1504654 0.8832398 -0.444126 0.1460361 0.8850693 -0.4419569 0.1889774 0.9001494 -0.3924521 0.1779634 0.9070736 -0.3815057 0.1360078 0.9393216 -0.3149238 0.1524124 0.8246304 -0.5447525 0.1392105 0.8636045 -0.4845698 0.1316481 0.7830656 -0.6078464 0.114489 0.7747291 -0.6218418 0.1216703 0.7781515 -0.6161792 0.1139422 0.803544 -0.5842383 0.1439316 0.8230975 -0.5493581 0.3739498 0.6019612 -0.7055526 0.2953535 0.6584857 -0.692216 0.3195613 0.6747112 -0.6653161 0.2878732 0.7537352 -0.5907728 0.3256328 0.75887 -0.5639855 0.1285954 0.8635858 -0.4875271 0.2145523 0.8678309 -0.4481483 0.3699037 0.1086733 -0.9226925 0.3071309 0.1010336 -0.946289 0.353981 0.1847536 -0.9168226 0.3648995 0.1748314 -0.9144849 0.4309048 0.2884591 -0.8550511 0.1418103 0.143882 -0.9793814 0.1666008 0.07795548 -0.982938 0.164215 0.06615453 -0.9842038 0.1433244 0.1009139 -0.9845175 0.1440848 0.09564167 -0.9849327 0.1214911 0.1232747 -0.9849078 0.1214916 0.1232634 -0.9849092 0.09600353 0.1435024 -0.9849824 0.09370613 0.1482089 -0.9845066 0.06930303 0.1618223 -0.9843834 0.06412678 0.1712366 -0.9831408 0.04472589 0.1772995 -0.9831402 0.03463566 0.1850652 -0.9821158 0.01774352 0.1883228 -0.9819469 0.004718482 0.2010256 -0.9795747 0.4457769 0.2347551 -0.8638131 0.4095764 0.2944054 -0.8634656 0.4111916 0.27985 -0.8675284 0.3496327 0.3547803 -0.8671148 0.3496345 0.3547463 -0.8671279 0.2800404 0.410467 -0.8678101 0.2745103 0.4234302 -0.8633372 0.2065187 0.4611665 -0.8629459 0.1942047 0.4872254 -0.8514083 0.1390637 0.5048094 -0.8519559 0.1131907 0.5261585 -0.8428198 0.06387102 0.5353675 -0.8422008 0.03151184 0.5703054 -0.8208282 -0.01125025 0.8255823 -0.5641696 0.02616626 0.7735649 -0.6331768 0.01102828 0.7738355 -0.6332906 -0.001628696 0.7492125 -0.6623277 3.07716e-4 0.7324023 -0.680872 0 0.7266883 -0.6869674 0.5871152 0.606298 0.5363755 0.575809 0.1864422 0.7960424 0.6463897 0.2487595 0.7213177 0.6452862 0.3204843 0.6934664 0.6725771 0.4429762 0.5928003 0.6786623 0.4166762 0.6048129 0.4265208 0.7886821 0.4427874 0.1617717 0.9628043 0.2164204 0.5558919 0.2021087 0.8063103 0.4833041 0.1562727 0.8613919 0.4789109 0.1774342 0.859745 0.4086816 0.1202788 0.9047168 0.4000124 0.1440581 0.9051172 0.3451803 0.08715796 0.9344807 0.3322407 0.1096306 0.9368017 0.3003544 0.06484907 0.9516206 0.2934913 0.07776892 0.9527933 0.2741425 0.04361456 0.9606997 0.2628207 0.05477058 0.9632889 0.2534153 0.02680206 0.9669862 0.2495999 0.03141766 0.9678393 0.2450266 0.01055222 0.9694589 0.2415089 0.01233744 0.9703202 0.5565371 0.6827126 0.4734659 0.421079 0.6497945 0.6328188 0.4248055 0.6218544 0.657904 0.3279923 0.5772575 0.7477934 0.3350465 0.547188 0.7670261 0.2421529 0.4881117 0.838516 0.2511595 0.459973 0.8516713 0.1699853 0.3937548 0.9033617 0.1806377 0.3691402 0.91165 0.1119681 0.2977821 0.9480449 0.124036 0.2777461 0.9526134 0.08134329 0.218011 0.9725506 0.08712208 0.206897 0.974476 0.05595606 0.1517256 0.9868376 0.06481474 0.1426683 0.9876461 0.04710531 0.09016054 0.9948127 0.05008435 0.08629518 0.99501 0.0389266 0.03553456 0.9986101 0.0416181 0.03409206 0.9985519 0.179633 0.9397923 0.2907273 0.09268385 0.9166491 0.3887986 0.1067664 0.8809245 0.4610563 0.02442365 0.8425764 0.5380228 0.04454773 0.7916283 0.609377 -0.03693336 0.7394466 0.6722014 -0.01289832 0.6793752 0.7336777 -0.08824026 0.6175247 0.7815862 -0.05943131 0.5547337 0.8299028 -0.1297057 0.4812766 0.8669195 -0.09522724 0.4226278 0.9012866 -0.1422722 0.357098 0.9231683 -0.1256084 0.3215171 0.9385357 -0.1643365 0.2523355 0.953583 -0.1367316 0.2216535 0.9654917 -0.1610984 0.1499672 0.9754779 -0.1517644 0.1364471 0.9789535 -0.1684653 0.05926758 0.9839243 -0.1597253 0.05408412 0.9856789 0.9983851 0.05680626 5.1225e-4 0.9992213 0.03945696 0 0.9950739 0.09912407 -0.001529514 0.9880815 0.1534368 -0.01234412 0.9896813 0.1426113 -0.01389831 0.9935502 0.1133537 0.003026247 0.9806846 0.1951028 0.01387876 0.9912849 0.1306335 -0.01700896 0.9723362 0.2317695 0.02907264 0.9880449 0.1536788 -0.01224935 0.9886701 0.1495512 -0.01288706 0.8123444 0.5831758 0.001574695 0.907765 0.4194765 -0.001533985 0.9035302 0.4285246 2.60619e-4 0.9644941 0.2641046 -2.29592e-4 0.9840024 0.17791 -0.009354114 0.5830657 0.8116389 -0.03573185 0.6864045 0.7272167 -0.0022282 0.8106405 0.5855386 0.002594113 0.5481014 0.8333227 -0.07182246 0.5508802 0.8345817 0.002143681 0.6899675 0.7238374 -0.002040505 0.6908575 0.7229899 -0.001245439 0.809207 0.5875222 0.001411557 0.8000149 0.5999686 -0.003749608 0.9025963 0.4304618 0.004773139 0.8816534 0.4718532 -0.006476223 0.984306 0.1758199 0.01513731 0.9606529 0.2769882 -0.02058017 0.9848024 0.1735709 -0.006108701 -0.2007309 0.9750002 -0.09529823 -0.07554692 0.9827666 -0.1687087 -0.03460836 0.9790641 0.2005886 -0.02978825 0.9796457 0.198512 0.1120193 0.9935723 0.01630628 0.1212337 0.9910836 0.05527913 0.08636617 0.9954718 0.03971076 0.1163213 0.9893596 0.08739042 0.103268 0.9923389 0.06781804 0.007465958 0.8576222 -0.5142262 -0.005263328 0.8566539 -0.5158647 -0.01614511 0.8617619 -0.5070562 2.63852e-4 0.8623392 -0.5063309 7.25016e-4 0.8620674 -0.5067933 0.005105078 0.8619579 -0.5069542 0.01683104 0.8587892 -0.5120527 0.003255486 0.8552222 -0.5182514 0.02219623 0.8505442 -0.5254351 -0.09875243 0.9640055 -0.2468634 -0.1810409 0.9448891 -0.2727802 -0.06200748 0.9436892 -0.3249705 -0.1508058 0.9197159 -0.3624644 -0.07401961 0.9310351 -0.3573442 -0.1378065 0.8940009 -0.4263471 -0.05214124 0.9055685 -0.4209833 -0.1089063 0.866559 -0.4870473 -0.186963 0.9815577 -0.03986603 -0.1692538 0.9852217 -0.02629417 -0.1840068 0.9822739 -0.03577071 -0.1755787 0.983878 -0.03400552 -0.1697202 0.9850354 -0.03000921 -0.1836752 0.9818646 -0.04696184 -0.181467 0.9803518 -0.07733196 -0.2030877 0.9746152 -0.09423756 -0.1494107 0.9761095 -0.1577554 -0.1482224 0.9760397 -0.1593003 -0.218602 0.9698951 -0.1073156 -0.2236592 0.9664007 -0.1266741 -0.2146021 0.9686334 -0.1252812 -0.2355526 0.9622246 -0.1365241 -0.2078778 0.9682167 -0.1390802 -0.2289229 0.9620251 -0.1486675 -0.1906412 0.968627 -0.159429 -0.2034908 0.9652701 -0.1638452 -0.1624437 0.9707896 -0.1765775 -0.09336608 0.877826 -0.4697918 -0.1070865 0.8738408 -0.4742729 -0.02522349 0.8679358 -0.4960358 -0.08585548 0.8553749 -0.5108451 -0.01954197 0.8460975 -0.5326698 -0.06667029 0.838898 -0.5401902 -0.02006453 0.8424867 -0.5383434 -0.1084465 0.9764629 -0.1864395 -0.1552413 0.968673 -0.1938374 -0.129394 0.977575 -0.1661458 -0.1453307 0.9742498 -0.1723842 0.09124451 0.9758846 -0.1983023 0.0461443 0.9798795 -0.1941826 0.05610495 0.977782 -0.2019769 0.001809418 0.9797187 -0.20037 0.00222975 0.9796614 -0.2006462 -0.02318632 0.9792436 -0.2013562 -0.05153352 0.978536 -0.1995288 -0.04514604 0.9796966 -0.1953365 -0.08551937 0.97631 -0.1987594 0.1064016 0.9754515 -0.192803 0.08727878 0.9770237 -0.1944407 0.07468271 0.9783463 -0.193031 0.07145357 0.843482 -0.5323837 0.07443243 0.842911 -0.5328798 0.03855335 0.8722036 -0.4876214 0.08560025 0.8616693 -0.5001986 0.05273765 0.8947696 -0.443403 0.09940332 0.8818107 -0.4610087 0.05563318 0.9066454 -0.4182096 0.1023019 0.8927028 -0.4388805 0.05867975 0.9192858 -0.3891922 0.1197694 0.9074905 -0.4026367 0.09709793 0.91584 -0.389627 0.08405137 0.9406881 -0.3286963 0.1028802 0.9336955 -0.3429701 0.08708935 0.9516283 -0.2946505 0.1028652 0.9455482 -0.3087999 0.08993488 0.9616266 -0.2592028 0.1161481 0.9543495 -0.275185 0.0957632 0.9629716 -0.2520223 0.1017949 0.9720585 -0.2115189 0.09582173 0.9745201 -0.2028027 0.1031248 0.9796226 -0.1723514 0.1005374 0.9807324 -0.1675006 0.09920167 0.9856485 -0.1365872 0.10675 0.9839879 -0.1427318 0.09483611 0.9891181 -0.1124793 0.1026319 0.9898571 -0.09823328 0.09633785 0.9925398 -0.07472431 0.1007202 0.9926833 -0.06659913 0.09608995 0.9945683 -0.04000914 0.09946495 0.9943866 -0.0360856 0.09844756 0.9949397 -0.02008026 0.09895282 0.995085 -0.003807425 0.1390772 0.989343 -0.04310488 0.0988329 0.995101 -0.002439737 0.09742105 0.9920679 0.07943832 0.1043146 0.9889869 0.1049934 0.09247153 0.9904888 0.1018871 0.104326 0.9855917 0.1331352 0.09145861 0.987235 0.1303941 0.09938544 0.9840835 0.1473165 0.09907102 0.9841851 0.1468492 -0.0124827 0.853654 -0.520691 0.02066951 0.8424863 -0.5383212 0.12607 0.9747861 -0.1841152 0.1665368 0.9672858 -0.1913738 0.1427498 0.9759386 -0.1648226 0.2044931 0.9619121 -0.1814051 0.1798234 0.9726597 -0.1469584 0.2323104 0.9582142 -0.1669052 0.2019982 0.9693205 -0.1400524 0.24836 0.9552528 -0.1606532 0.2267718 0.9664065 -0.1209676 0.2666924 0.9529094 -0.144357 0.2524881 0.9618417 -0.1054065 0.2798803 0.9517017 -0.1262188 0.266606 0.9589941 -0.0961855 0.2841898 0.9522061 -0.1119809 0.2803658 0.9563464 -0.08244192 0.2890143 0.9528641 -0.09230774 0.2892603 0.9547018 -0.06980723 0.2917308 0.9536788 -0.07341653 0.2934079 0.9542174 -0.05814671 0.2923174 0.9546746 -0.05609923 0.2948486 0.9544133 -0.04647278 0.2921766 0.9555411 -0.03967452 0.2942858 0.9550927 -0.03455197 0.2920189 0.9560571 -0.02607476 0.293014 0.9558135 -0.02373582 0.2912943 0.9565333 -0.01384872 0.2919405 0.9563488 -0.01295191 0.2911998 0.9566612 -0.001442193 0.2912743 0.9566386 -0.001366317 0.2915739 0.9565273 0.006336331 0.2914714 0.9565603 0.0060907 0.2920539 0.9562969 0.01417273 0.2913708 0.9565123 0.01368522 0.2933933 0.9556567 0.02531272 0.2916007 0.9562305 0.02433931 0.2948499 0.9548509 0.03638035 0.2899515 0.9564006 0.03501528 0.2941256 0.954658 0.04602622 0.2854714 0.9573729 0.04408472 0.2895125 0.9557217 0.05271136 0.2757322 0.9598946 0.05073654 0.2791499 0.9585599 0.05690705 0.2595631 0.9641304 0.05549597 0.2615801 0.963399 0.05863738 0.236012 0.9699779 0.05866158 0.2388808 0.9690342 0.06252169 0.2133409 0.975911 0.04564386 0.2183935 0.9744129 0.05314075 0.2208791 0.9736769 0.05626559 0.2033427 0.9764207 0.07248789 0.188013 0.9805563 0.05621916 0.1623373 0.9848017 0.06174445 0.1543813 0.9864971 0.05468082 0.1326873 0.9892513 0.06144905 0.1240214 0.9907449 0.05516618 0.09142667 0.994912 0.04232275 0.09739267 0.9938495 0.05270481 0.1085457 0.9923131 0.05943661 0.09339702 0.9936468 0.06279462 0.0723322 0.9959738 0.0529561 0.06299442 0.9963117 0.05826604 0.05090487 0.9972282 0.05426621 0.04522961 0.9973682 0.05666643 0.03204452 0.9980562 0.05345112 0.0283901 0.9980072 0.05635285 0.009819328 0.9984854 0.05413472 0.008815526 0.9984375 0.0551818 -0.008566975 0.9984331 0.0552994 0.0927214 0.9829133 0.1590104 0.09759289 0.9809766 0.1678111 0.08405804 0.9823631 0.1670241 0.08998572 0.9802204 0.1762686 0.07708644 0.981265 0.1765691 0.08044791 0.9801705 0.1810911 0.07310885 0.981171 0.1787703 0.07409965 0.9808694 0.1800125 0.06402063 0.9812711 0.1816825 0.06152045 0.9819178 0.1790328 0.05463033 0.9819988 0.1808145 0.04951488 0.9830948 0.1762753 0.04515725 0.9830182 0.1778653 0.03928661 0.9840314 0.1736055 0.03695225 0.983985 0.1743794 0.03085899 0.9848397 0.1707 0.02937728 0.9847549 0.1714491 0.0223844 0.9855023 0.1681792 0.0215913 0.9854316 0.1686962 0.01574373 0.9858719 0.1667594 0.01535809 0.9858466 0.1669455 0.009861528 0.9861434 0.1656026 0.009649515 0.9861141 0.1657891 0.003028154 0.9862885 0.1650031 0.002976059 0.9862799 0.1650554 -0.00265336 0.9862731 0.1651014 -0.002612829 0.9862808 0.1650558 -0.008365094 0.9861602 0.1655838 -0.008254826 0.9861938 0.1653895 -0.01532959 0.98585 0.1669273 -0.01514303 0.985934 0.1664481 -0.02193284 0.9854094 0.168782 -0.02165788 0.9855432 0.1680348 -0.02906805 0.984779 0.1713638 -0.02888703 0.9850464 0.1698504 -0.03729265 0.9839065 0.1747496 -0.03724342 0.984338 0.1723132 -0.05462002 0.9812694 0.1847354 -0.1231587 0.9908157 0.0558235 -0.1232838 0.9907973 0.05587399 -0.1139194 0.992272 0.04917997 -0.1142617 0.9913375 0.06476342 -0.08837687 0.9948479 0.04967212 -0.08998107 0.9939882 0.06237709 -0.06577539 0.9965036 0.05151909 -0.06891554 0.995837 0.05966007 -0.04589611 0.9976053 0.05174344 -0.04857456 0.9971242 0.05817145 -0.02980369 0.9980919 0.05407851 -0.02751785 0.9982623 0.05210876 -0.01947462 0.9982585 0.05568557 -0.007780015 0.9984772 0.05461466 -1.56528e-5 0.9825159 0.1861787 0.005715131 0.9698401 0.2436754 -3.78561e-7 0.9931641 0.1167268 -4.0431e-4 0.9907836 -0.1354538 -2.11505e-4 0.9906318 -0.1365608 1.40885e-5 0.9903917 -0.1382908 -2.02231e-4 0.9875643 -0.1572155 0.003284454 0.9879103 -0.154992 1.77912e-7 0.9877523 -0.1560304 -6.87243e-4 0.9860567 -0.1664085 0.001129269 0.9863178 -0.1648513 0.02225589 0.9881199 -0.1520651 0.002001404 0.9877395 -0.1560986 -0.008451402 0.9846534 -0.1743174 -0.001762449 0.9858313 -0.1677305 0.003104627 0.994723 -0.1025506 0.002052247 0.994737 -0.1024413 4.83017e-4 0.9948289 -0.1015636 -9.17245e-4 0.9949328 -0.1005381 -5.54898e-4 0.9948871 -0.1009931 0.003406286 0.9927017 -0.1205483 6.92073e-4 0.9933239 -0.1153565 -4.35218e-5 0.993906 -0.1102315 1.27765e-4 0.9943755 -0.1059123 0.001769542 0.9946265 -0.1035139 0.002832353 0.9947208 -0.1025795 0.00498104 0.9924188 -0.1228017 0.001318871 0.9929848 -0.1182351 0.005465984 0.991037 -0.1334758 -0.001626849 0.9926586 -0.1209402 -5.88322e-5 0.9920837 -0.1255787 -3.72109e-4 0.9852094 -0.1713545 -3.58754e-4 0.9852334 -0.1712161 3.3012e-4 0.9862442 -0.165295 1.99754e-4 0.9865683 -0.1633487 -6.47435e-5 0.9892659 -0.1461265 -2.17464e-5 0.9889382 -0.1483286 8.02709e-5 0.9921258 -0.1252461 0.002177298 0.9909144 -0.1344775 0.001283824 0.9939541 -0.1097884 0.002166867 0.9949296 -0.1005514 -0.008043885 0.9831324 -0.1827188 -0.003853082 0.9890785 -0.1473397 1.3009e-4 0.9999551 -0.009484708 2.16598e-4 0.9999551 -0.009483158 -1.36182e-4 0.9999594 -0.009010255 3.61409e-4 0.9999324 -0.01162582 6.22644e-4 0.9992082 -0.0397824 -8.21114e-5 0.9998214 -0.01889961 1.47244e-4 0.999904 -0.01385945 1.89513e-4 0.9999003 -0.01412063 -4.59059e-5 0.9999325 -0.01162225 -7.93873e-4 0.9994518 -0.0330981 7.48004e-4 0.9990014 -0.04467308 1.60365e-5 0.9981352 -0.06104397 -3.05152e-5 0.9965301 -0.08323383 3.35998e-4 0.9969301 -0.07829648 -3.99538e-4 0.9942499 -0.1070846 -0.001823008 0.9918651 -0.1272812 -5.41541e-4 0.9997026 -0.02437967 -1.17984e-4 0.9996906 -0.02487534 2.51201e-4 0.9995952 -0.02845042 -0.01220095 0.9977287 -0.06624704 6.25954e-4 0.9989829 -0.04508936 0.001885771 0.9990915 -0.04257541 -0.01576042 0.9973185 -0.07146722 1.16028e-4 0.9997292 -0.02327579 -2.19151e-4 0.9997131 -0.02395588 -8.31624e-5 0.9964683 -0.08397096 5.30408e-5 0.9910243 -0.1336817 -3.72871e-4 0.9922003 -0.1246532 -1.47456e-7 0.9898079 -0.1424092 3.74441e-7 0.9982201 0.05963802 0 0.9963471 -0.085397 0 0.9998733 -0.0159235 -2.16116e-4 0.9999319 -0.01166903 1.78256e-4 0.9984903 0.05492866 -0.001315832 0.9962394 0.08663481 -4.1305e-5 0.9854395 0.1700269 1.89458e-4 0.9861809 0.1656725 -1.93475e-4 0.9918321 0.1275503 0.001213908 0.9954325 0.09546089 0.01022934 0.9759888 0.2175806 0 0.9709588 0.239247 4.16461e-5 0.9711118 0.2386251 -2.5731e-4 0.9715142 0.2369812 0.001726746 0.9732237 0.2298539 0.02953851 0.9793837 0.199838 -0.00838387 0.9742358 0.225376 0.02688044 0.9817689 0.1881682 -0.007093071 0.9752499 0.2209922 -0.004990816 0.9759193 0.2180754 -0.003584265 0.9765214 0.2153909 -0.002542078 0.9770643 0.2129293 -0.001562118 0.9776797 0.2100952 -6.16507e-4 0.9783688 0.2068676 0.001048564 0.9796395 0.2007622 4.44289e-5 0.9788212 0.2047173 0.001056194 0.9766854 0.2146736 0.001352787 0.9760925 0.2173513 0.001709461 0.9754318 0.2202954 0.002255856 0.9745581 0.2241239 0.002919375 0.9736657 0.2279623 0.003774762 0.9726936 0.2320622 -0.005159735 0.9800287 0.1987891 -0.01397269 0.9682787 0.2494821 -0.008090317 0.9708984 0.2393552 -0.001277923 0.9750549 0.2219603 3.60809e-5 0.9793637 0.2021057 0.002119719 0.9804248 0.1968827 6.00821e-4 0.9790636 0.2035536 -0.01816695 0.9664922 0.2560525 0.007797002 0.9754585 0.2200459 0.00389862 0.9738076 0.2273405 0.002231538 0.9728255 0.2315292 -1.15945e-4 0.9711441 0.2384938 -2.73185e-5 0.9706799 0.2403758 -7.59741e-6 0.9708234 0.2397958 8.06996e-5 0.9731125 0.2303305 0.003157675 0.9852486 0.1711005 -0.01915073 0.9801577 0.197292 0.01306754 0.9875595 0.1567017 -0.00894463 0.984386 0.1757962 0.006549954 0.9911115 0.1328727 0.006309926 0.9910968 0.1329943 -0.004364192 0.9949346 0.1004299 -0.001731097 0.9346032 -0.3556883 0.004893898 0.9876667 -0.1564949 -3.70445e-5 0.9835861 -0.1804396 -0.025505 0.9993326 -0.02615255 0.03260755 0.9984012 -0.04617404 -0.01180762 0.9980196 -0.06178522 0.005874097 0.9958738 -0.09055864 -0.006008863 0.9938613 -0.1104696 0.00463593 0.9907898 -0.1353296 -0.009334862 0.9836432 -0.1798863 6.48459e-7 0.9364244 -0.3508692 1.13397e-4 0.9426403 -0.3338105 0.003018319 0.9531944 -0.302343 4.11694e-5 0.978841 -0.2046226 -5.85108e-5 0.9789685 -0.2040114 1.22967e-4 0.9699684 -0.2432311 0.008136212 0.9598026 -0.2805579 0.01562589 0.9666223 -0.2557289 -0.04888796 0.9286077 -0.3678284 -0.01871073 0.9506537 -0.3096896 -0.01514029 0.9111608 -0.4117727 0.03598445 0.8675176 -0.4961033 0.02387642 0.880715 -0.4730446 0.01089495 0.8866093 -0.4623909 0.01260232 0.8866299 -0.4623079 0.01117092 0.8866645 -0.4622784 0.01192063 0.8864958 -0.4625831 0.02502942 0.877709 -0.4785398 0.02418988 0.8780896 -0.4778847 0.03700685 0.8692833 -0.4929271 -0.007752239 0.9031209 -0.4293166 -0.001364469 0.893778 -0.4485077 5.01919e-5 0.891409 -0.4531998 -1.33064e-6 0.9343842 -0.3562672 2.65353e-4 0.928226 -0.3720168 -0.002519249 0.909907 -0.4148049 0.005089521 0.9044787 -0.4264886 0.009841263 0.9144695 -0.4045351 -0.02494758 0.848208 -0.5290753 -0.0109961 0.88093 -0.4731187 -0.006846904 0.8194077 -0.5731705 -0.01041781 0.8375284 -0.5462945 0.005792438 0.7674231 -0.6411149 -2.7766e-5 0.8300856 -0.557636 -0.002887487 0.7921856 -0.6102735 -4.24433e-4 0.7562019 -0.6543384 0 0.7313449 -0.6820079 -0.258821 1.8314e-6 0.9659253 -0.258821 0 0.9659253 0 1 -1.21311e-7 0 1 -5.03002e-7 0 1 4.31672e-7 0 1 2.564e-7 0 1 -2.88201e-7 0 1 5.92031e-7 0 1 3.03035e-7 0 1 -6.46528e-7 0 1 3.03791e-7 0 1 0 -0.7112972 0.4961645 -0.4978725 -0.3457729 0.90656 -0.2420541 -0.2134708 0.9646888 -0.1542916 -0.393778 0.879536 -0.2671239 -0.07310301 0.9960101 -0.05118662 -0.06215411 0.9971389 -0.04302322 -0.2396702 0.9561088 -0.1685652 -0.5491027 0.7291049 -0.4085245 -0.5647557 0.7554135 -0.3322672 -0.6273308 0.6309271 -0.4564942 -0.6897143 0.5892748 -0.4207724 -0.5703089 0.7211083 -0.3933836 -0.5212909 0.7713238 -0.3651239 -0.5284283 0.7628356 -0.3726198 -0.5460496 0.7382973 -0.3959129 -0.6045712 0.6819304 -0.4116608 -0.6343017 0.6457268 -0.4250863 -0.4130388 0.8456535 -0.3380373 -0.4654148 0.8083735 -0.3604463 -0.7121082 0.4942463 -0.4986207 -0.667499 0.5796834 -0.467346 -0.5681464 0.7133342 -0.4103218 -0.7375495 0.4357023 -0.5159305 -0.7734428 0.342296 -0.5334978 -0.7010766 0.4758293 -0.5311103 -0.7374817 0.4129377 -0.5344187 -0.8114854 0.0375759 -0.5831634 -0.8122294 0.09684228 -0.5752435 -0.8034207 0.2010253 -0.56045 -0.7780863 0.307132 -0.5479525 -0.6456534 0.6266837 -0.4363476 -0.7023981 0.514948 -0.4913915 -0.7089789 0.5008372 -0.496499 -0.2676001 0.1526489 0.9513614 -0.2107952 0.2600406 0.942308 -0.2399919 0.165336 0.9565919 -0.2582377 0.06694012 0.9637595 -0.2152456 0.5204869 0.8262946 -0.2381796 0.3988201 0.885558 -0.245998 0.2847968 0.9264857 -0.2716594 0.1405377 0.9520769 -0.2638692 0.121926 0.9568214 -0.1618204 0.6450117 0.7468428 -0.2819857 0.4554214 0.844438 -0.2538972 0.5209067 0.81498 -0.2462247 0.5383624 0.8059402 -0.2143473 0.6102127 0.7626898 -0.149301 0.7884314 0.5967289 -0.07469183 0.8724059 0.4830415 -0.02058976 0.9968311 0.07683688 -0.2432706 0.7388248 0.6284564 -0.1619603 0.8345404 0.5266036 -0.05721193 0.9561634 0.2871907 -0.1272927 0.9155921 0.3814283 -0.004034578 0.9933605 0.1149735 -0.1399719 0.9500787 0.2788521 -0.08797127 0.973075 0.2130404 -0.8111599 0.1833227 -0.5553492 -0.1739668 0.9780927 0.1143255 -0.1059148 0.9706721 -0.2158191 -0.07579976 0.9788068 -0.1902413 -0.3089616 0.8963238 -0.3180354 -0.491611 0.7699819 -0.4067513 -0.6460251 0.5995399 -0.4724443 -0.09285283 0.976296 -0.1955112 -0.1001882 0.9780007 -0.182967 -0.08903145 0.9807897 -0.1735658 -0.1037721 0.9834127 -0.1487649 -0.07523024 0.9889612 -0.1276572 -0.102907 0.99108 -0.08468055 -0.07133281 0.995242 -0.06637126 -0.1014651 0.9945335 -0.02465903 -0.07908219 0.9968611 -0.003742337 -0.09223115 0.9956536 0.01293992 -0.1005734 0.9942997 0.03540003 -0.6081875 0.6554761 -0.4477267 -0.6094873 0.6557736 -0.4455181 -0.5912116 0.682428 -0.4298384 -0.5928605 0.6827419 -0.4270597 -0.5619138 0.7213252 -0.4048987 -0.5656287 0.7216276 -0.3991463 -0.5580037 0.7311125 -0.3925637 -0.5634224 0.7309563 -0.3850431 -0.576103 0.7139435 -0.3979824 -0.5850253 0.7129467 -0.3865907 -0.6116573 0.6716097 -0.4181099 -0.08859503 0.9951153 0.04355102 -0.1118884 0.9911182 0.07187294 -0.1033692 0.991372 0.08060061 -0.1218977 0.987188 0.1029608 -0.1197088 0.9872172 0.1052239 -0.1354512 0.9829161 0.1246152 -0.1417217 0.9827762 0.1186003 -0.2799713 0.9125047 -0.298247 -0.2871263 0.9141886 -0.2860381 -0.2716628 0.922795 -0.2732192 -0.2825924 0.9247859 -0.2547797 -0.2508314 0.9398865 -0.2317265 -0.2702659 0.9414177 -0.2017153 -0.2490882 0.9508591 -0.1839081 -0.2708178 0.9502601 -0.1538298 -0.2623764 0.9538807 -0.1458431 -0.2839192 0.9515061 -0.1184319 -0.287207 0.950092 -0.1218098 -0.3083527 0.9464063 -0.0960927 -0.3207429 0.9408019 -0.1096175 -0.3409246 0.936216 -0.08526474 -0.3604804 0.9265799 -0.1072551 -0.3810058 0.9209319 -0.08197015 -0.4148721 0.9021105 -0.118651 -0.1488965 0.9805419 0.127936 -0.1485018 0.9803683 0.1297119 -0.4331209 0.8963223 -0.09493541 -0.4828007 0.8633843 -0.1465309 -0.626899 0.7273188 -0.2792942 -0.4553125 0.8039255 -0.3826153 -0.4597614 0.8049694 -0.3750252 -0.4416885 0.8217756 -0.3599946 -0.4482054 0.8229837 -0.3490129 -0.4154905 0.8493476 -0.3255401 -0.4273892 0.8502859 -0.3071686 -0.4132905 0.8614084 -0.2952402 -0.4272522 0.8610044 -0.2759114 -0.431192 0.8578027 -0.2797286 -0.4469756 0.8560364 -0.2596431 -0.4653894 0.8397721 -0.2796347 -0.4833947 0.836605 -0.2577242 -0.5106814 0.809297 -0.2902464 -0.5304249 0.8047797 -0.2664192 -0.5628491 0.7669708 -0.3081504 -0.5855998 0.760681 -0.2800666 -0.6310503 0.6975188 -0.3394747 -0.6557052 0.6896121 -0.3073855 -0.7190549 0.573976 -0.3918057 -0.6186842 0.6704231 -0.4095886 -0.6601215 0.6099404 -0.4384204 -0.660443 0.6073735 -0.4414889 -0.6741601 0.604178 -0.424826 -0.7051306 0.5254606 -0.4761114 -0.7275029 0.5192601 -0.4484512 -0.7605307 0.3971505 -0.5136775 -0.7873753 0.3885008 -0.4786516 -0.7890343 0.3804113 -0.4824026 0.05035722 0.7893847 -0.61183 0.1415014 0.4409331 -0.8863157 -0.5681203 0.01678615 -0.8227744 -0.4386092 0.006124556 -0.898657 -0.6489584 -0.02558857 -0.7603936 -0.6765793 0.3569863 -0.6440507 -0.7342185 0.259877 -0.6272059 -0.7149913 0.2642025 -0.6472902 -0.7558452 0.1697242 -0.63237 -0.7365341 0.1715727 -0.6542785 -0.7574325 0.07992833 -0.6480028 -0.7520617 0.08461922 -0.6536381 -0.75786 0.0311532 -0.6516732 -0.7563102 0.03339713 -0.6533601 -0.6297731 0.47564 -0.6141275 -0.6724264 0.4171252 -0.6114323 -0.7105396 0.368732 -0.5993081 -0.4378045 0.00685656 -0.8990442 -0.4368427 0.01578921 -0.8993993 -0.4341449 0.01731461 -0.9006767 -0.4304152 0.03434413 -0.9019775 -0.4197579 0.03468871 -0.9069731 -0.4115921 0.0531851 -0.909815 -0.4016854 0.05420088 -0.9141724 -0.3873383 0.07888078 -0.9185571 -0.3676998 0.07310837 -0.9270665 -0.3320959 0.1151002 -0.9361967 -0.3084525 0.1029319 -0.9456543 -0.2818837 0.1253939 -0.9512192 -0.2362415 0.146671 -0.9605611 -0.6305924 0.530438 -0.5665587 -0.5157047 0.6247564 -0.5862834 -0.5563428 0.6482713 -0.5198338 -0.4178608 0.735083 -0.5338965 -0.4583992 0.7465213 -0.4822614 -0.2343582 0.13594 -0.9625989 -0.1656719 0.1782749 -0.9699335 -0.1516836 0.1706079 -0.973594 -0.07072114 0.2091332 -0.9753266 -0.06055027 0.2008376 -0.9777514 0.04673653 0.2344956 -0.9709931 0.04915684 0.2323666 -0.9713854 0.170037 0.2522633 -0.952602 0.219607 0.1950527 -0.9558908 -0.6104977 0.01948374 -0.7917783 -0.6071079 0.05115491 -0.7929711 -0.6090525 0.04986017 -0.7915611 -0.5967238 0.1053115 -0.7955064 -0.6038181 0.1049493 -0.7901831 -0.5784057 0.1629673 -0.799305 -0.58549 0.1619676 -0.794335 -0.5482748 0.2253 -0.8053786 -0.562104 0.2297976 -0.7945013 -0.4893563 0.3154181 -0.8130449 -0.507736 0.3258593 -0.7975085 -0.4052427 0.411571 -0.8163259 -0.4253477 0.4243095 -0.7994002 -0.3145181 0.4932605 -0.8110318 -0.3343407 0.5027785 -0.7971388 -0.2025726 0.5650864 -0.799776 -0.2269683 0.5818673 -0.7809711 -0.060584 0.6346393 -0.7704301 -0.08688783 0.6517618 -0.7534303 0.09657233 0.6820895 -0.724864 0.1852226 0.6087452 -0.7714415 -0.4050703 0.7749444 -0.485159 -0.3013512 0.8278549 -0.4731214 -0.3405867 0.8409231 -0.4205345 -0.1544327 0.8998179 -0.4080178 -0.2029939 0.9125041 -0.3551477 0.001509547 0.9463456 -0.3231531 -0.04841154 0.9595864 -0.2772188 -0.0750333 0.9776265 -0.1965109 -0.05922544 0.9748256 -0.214959 -0.1940988 0.9425309 0.2719582 -0.1781942 0.9511739 0.2520221 -0.2688006 0.685895 0.6762354 -0.2543497 0.7062641 0.6606794 -0.2817091 0.2679962 0.9213132 -0.2698461 0.2971082 0.9159202 -0.07548904 0.9817711 -0.1744337 -0.05997687 0.9794555 -0.192535 -0.1953724 0.9353556 0.2948554 -0.1798959 0.9442567 0.2757114 -0.270201 0.6673469 0.6940025 -0.2562657 0.6874254 0.6795397 -0.282375 0.2411758 0.9284927 -0.2710273 0.2692931 0.924135 -0.128096 0.9905223 0.0495693 -0.6324281 0.1998713 -0.7483891 -0.4241831 0.2144593 -0.8798159 -0.4608727 0.869691 -0.1767317 -0.4237843 0.8655852 -0.2667754 -0.562532 0.7429228 -0.3627997 -0.6474156 0.5911816 -0.4809961 -0.623214 0.56924 -0.5362557 -0.7061092 0.4018086 -0.5830606 -0.7290019 0.2130869 -0.6505 -0.7386435 0.2038401 -0.6425379 -0.1147704 0.99261 0.03941053 -0.3043379 0.8858466 -0.3502205 -0.314101 0.8829557 -0.3488981 -0.439408 0.6041054 -0.6648138 -0.4502583 0.5976259 -0.6634085 -0.4872578 0.2397761 -0.8396947 -0.5515152 0.2137107 -0.8063244 0.6830726 0.6071779 0.4058903 0.7886843 0.3562651 -0.5010513 0.8780026 0.3563523 -0.3195694 0.878041 0.3562461 -0.3195823 0.9262034 0.3563522 -0.1231281 0.9262149 0.3563234 -0.1231251 0.9310209 0.3562934 0.07908946 0.9310082 0.3563275 0.07908552 0.8921842 0.356293 0.2776018 0.8921599 0.3563601 0.2775937 0.8115196 0.3563524 0.4630862 0.7906284 0.4163123 0.4489888 0.6615961 0.02576833 -0.7494176 0.6075533 -0.5152413 -0.6044877 0.6924198 0.3575762 -0.6266531 0.7886728 0.3562918 -0.5010502 0.3113552 0.4401969 -0.8421905 0.3401712 0.1939882 -0.9201371 0.3377845 0.1769574 -0.9244391 0.4342582 0.1950979 -0.8794069 0.5302221 0.1939848 -0.8253694 0.53022 0.1939883 -0.8253698 0.6584742 0.1947871 -0.7269594 0.6610558 0.1893554 -0.7260509 0.2756971 0.6064958 -0.7457573 0.2802423 0.552822 -0.7847626 0.4502138 0.553307 -0.7008273 0.4502111 0.5533124 -0.7008248 0.5904883 0.5533061 -0.5875169 0.5904896 0.5533059 -0.5875157 0.7030878 0.5533103 -0.4466713 0.7030864 0.5533128 -0.4466704 0.7827376 0.5533158 -0.2848924 0.7827468 0.5533004 -0.2848969 0.8257151 0.5533044 -0.1097671 0.8257116 0.55331 -0.1097665 0.8299909 0.553303 0.07050514 0.8299893 0.5533053 0.07050591 0.7953656 0.5533093 0.2474722 0.7953667 0.5533072 0.2474733 0.7234722 0.5533045 0.4128464 0.5306922 0.7916173 0.3028336 0.1934315 0.8299559 -0.5232184 0.3015014 0.8299525 -0.4693357 0.3015021 0.829954 -0.4693322 0.3954361 0.8299554 -0.393452 0.3954439 0.8299508 -0.3934538 0.4708499 0.8299524 -0.2991312 0.4708491 0.829954 -0.2991281 0.5241898 0.8299552 -0.1907868 0.5241938 0.8299517 -0.1907911 0.5529699 0.8299522 -0.07350939 0.5529699 0.8299522 -0.07350867 0.5558273 0.8299559 0.04721546 0.5558321 0.8299527 0.04721635 0.5326438 0.8299543 0.1657304 0.5326498 0.8299506 0.1657293 0.4806443 0.8294706 0.2845341 0.2336952 0.9650979 0.1182065 0.09024196 0.9655423 -0.2440993 0.1704078 0.9805638 0.09724098 0.1873432 0.9805635 0.05829077 0.1873421 0.9805637 0.05829101 0.1954952 0.9805641 0.01660639 0.1954975 0.9805636 0.0166074 0.1944906 0.9805637 -0.02585393 0.1944897 0.9805638 -0.0258547 0.1843702 0.9805635 -0.06710332 0.1843677 0.9805639 -0.06710565 0.1656057 0.9805639 -0.1052095 0.1656079 0.9805633 -0.1052129 0.1390849 0.9805641 -0.1383816 0.1390841 0.9805638 -0.1383845 0.1060443 0.9805642 -0.1650713 0.1060438 0.9805633 -0.1650774 0.08398771 0.9807793 -0.1761195 0.1992068 0.7922428 -0.576774 -0.07303887 0.9891713 -0.127301 -0.05972629 0.9874014 -0.1465308 -0.1873697 0.9257913 0.3283339 -0.1788925 0.9319767 0.3153045 -0.2603293 0.6543065 0.7100082 -0.2563081 0.6617142 0.7045854 -0.2744382 0.4501974 0.8497093 -0.2780982 0.2384958 0.9304737 -0.2739594 0.2270482 0.9345563 -0.2763414 0.2418787 0.9301238 -0.2772822 0.2385849 0.9306943 -0.2604218 0.6684954 0.6966308 -0.2646205 0.6608155 0.7023525 -0.182567 0.9368546 0.2982833 -0.191464 0.9306137 0.3119292 -0.06093877 0.9834653 -0.1705366 -0.07495796 0.9857462 -0.150618 -0.09380924 0.995086 0.03168231 -0.379005 0.6137472 -0.6925819 -0.6041669 0.208315 -0.7691471 -0.5226039 0.2209743 -0.8234413 -0.5182395 0.2144097 -0.8279229 -0.4244945 0.2259032 -0.8767967 -0.4205399 0.2148565 -0.8814663 -0.09399765 0.9951232 0.02990937 -0.1145151 0.9925724 0.0410642 -0.11447 0.992644 0.03943097 -0.1317257 0.9899959 0.05056142 -0.1328088 0.9900237 0.04706275 -0.1505773 0.9866394 0.06220322 -0.1527622 0.9865852 0.05756276 -0.1629188 0.9842323 0.06887918 -0.1636746 0.9843235 0.06571066 -0.1693081 0.9828694 0.07281976 -0.1688181 0.982851 0.07419264 -0.823696 0.1974297 -0.5315511 -0.7709058 0.211671 -0.6007492 -0.7672873 0.2051125 -0.6076177 -0.7368844 0.212342 -0.6418039 -0.7040989 0.1753953 -0.6880997 -0.6914682 0.2063121 -0.69232 -0.6085034 0.2218305 -0.7619153 -0.1778503 0.9812562 0.07420039 -0.1807863 0.980333 0.07914233 -0.1857568 0.9797968 0.07411235 -0.1876236 0.9790976 0.07852023 -0.1892445 0.9790091 0.07568174 -0.1894638 0.9789199 0.0762853 -0.1939925 0.978272 0.07315033 -0.1931365 0.9787288 0.06919735 -0.1974478 0.9780502 0.0665751 -0.2073023 0.9749889 0.08014011 -0.194599 0.9790704 0.0596019 -0.2021431 0.9773423 0.06277078 -0.2323122 0.9712755 0.0515263 -0.2122306 0.9767102 0.03154903 -0.1896896 0.9812303 0.03471583 -0.195344 0.9807027 0.007937192 -0.1906818 0.9813885 0.02273786 -0.9493185 0.1906042 -0.2499291 -0.9230701 0.2022544 -0.3271617 -0.921931 0.1970013 -0.3335175 -0.9023312 0.204321 -0.3795412 -0.8906188 0.1583347 -0.426296 -0.8759709 0.1979489 -0.4398766 -0.8259025 0.2129547 -0.5220493 -0.9887138 0.1059929 -0.1058809 -0.9685491 0.1933161 -0.1566577 -0.948557 0.2031007 -0.2428781 -0.971684 0.1998497 -0.1260576 -0.9805078 0.1930269 -0.03667718 -0.9799399 0.1964403 -0.03360033 -0.9802212 0.1908755 0.05227804 -0.9717615 0.1308764 0.1963443 -0.971652 0.194251 0.134756 -0.9791714 0.1956651 0.0542097 -0.9657245 0.1940332 0.1724165 -0.9458311 0.1962252 0.2586492 -0.9462088 0.1952431 0.2580097 -0.9183713 0.1986306 0.3422574 -0.8669008 0.1591393 0.4723958 -0.8895967 0.2002176 0.4105249 -0.9198 0.1936849 0.3412539 -0.187101 0.9821712 0.01824641 -0.1909717 0.9815781 0.0058465 -0.1768465 0.9842255 0.005062878 -0.1861535 0.982406 -0.01500988 -0.1671646 0.985754 -0.01857399 -0.1775476 0.9834922 -0.03492987 -0.1619215 0.9861125 -0.03692674 -0.170942 0.984071 -0.0488162 -0.1609176 0.9857227 -0.04956191 -0.1557544 0.9853832 -0.06899708 -0.1591624 0.984592 -0.07242977 -0.1332993 0.9872639 -0.08684104 -0.1422801 0.9853765 -0.09375232 -0.1282306 0.9870951 -0.09591835 -0.1331424 0.9861057 -0.09934157 -0.1098592 0.9869697 -0.1175672 -0.1072506 0.9874147 -0.1162304 -0.0887016 0.9869196 -0.134617 -0.08728325 0.9871134 -0.1341227 -0.0750547 0.9882455 -0.1331828 -0.8696069 0.1954118 0.4534292 -0.8176449 0.2072125 0.5371404 -0.8206002 0.1998888 0.5354062 -0.7572236 0.2137798 0.6171796 -0.7610889 0.2005749 0.6168577 -0.6706897 0.2208734 0.7080893 -0.6749753 0.2061745 0.7084494 -0.6043456 0.2217012 0.7652548 -0.6088685 0.215757 0.7633664 -0.531957 0.230668 0.8147479 -0.5363436 0.2162554 0.8158243 -0.4146719 0.2372546 0.8784973 -0.4187762 0.2247604 0.879835 -0.3241254 0.237885 0.9156165 -0.3280652 0.2331522 0.9154307 -0.230941 0.2436211 0.9419741 -0.2338495 0.2362498 0.9431334 -0.09553152 0.2450739 0.9647862 -0.0968846 0.2419756 0.9654331 0.01799446 0.2435253 0.9697277 0.01827621 0.2439001 0.9696282 -0.3800856 0.619223 -0.6870939 -0.4644361 0.6094042 -0.642593 -0.4660428 0.6125504 -0.6384248 -0.5392422 0.6007959 -0.5901376 -0.5395033 0.6072071 -0.5832974 -0.6231082 0.5912492 -0.5120162 -0.622479 0.5981231 -0.5047461 -0.6744037 0.5867587 -0.4482121 -0.6750082 0.5896593 -0.4434704 -0.7203308 0.5771362 -0.3847564 -0.7184013 0.5840301 -0.3779 -0.7692285 0.5682351 -0.292227 -0.7665849 0.5748266 -0.2862204 -0.793373 0.5656052 -0.2250555 -0.7927888 0.5678707 -0.2213797 -0.8137525 0.5584573 -0.161036 -0.8107104 0.5640753 -0.156741 -0.8296593 0.5539354 -0.06943368 -0.8266783 0.5587443 -0.06639355 -0.832429 0.5541226 -0.003201603 -0.8311939 0.5559813 -0.001251578 -0.831793 0.5517606 0.06066989 -0.8294566 0.5551059 0.06212186 -0.8200764 0.5533226 0.1459762 -0.8183514 0.5556907 0.1466596 -0.8041604 0.5574128 0.2064394 -0.8034936 0.5581916 0.2069311 -0.7845869 0.5603483 0.2653927 -0.7838084 0.5613924 0.2654865 -0.7480799 0.5683474 0.3425752 -0.7477912 0.5687356 0.3425611 -0.7102437 0.5774304 0.4026512 -0.7102531 0.5774211 0.4026482 -0.6653954 0.5871255 0.4610127 -0.665535 0.5869256 0.4610657 -0.598792 0.6018984 0.528362 -0.598991 0.6016113 0.5284634 -0.545908 0.6136203 0.5704863 -0.5460675 0.613487 0.5704771 -0.4864986 0.6246553 0.6108395 -0.4866432 0.6244394 0.6109451 -0.3859977 0.6417685 0.6626757 -0.3860742 0.641653 0.662743 -0.305309 0.653438 0.6926798 -0.3053706 0.6533935 0.6926947 -0.2194257 0.6620415 0.7166265 -0.2194435 0.6620168 0.7166439 -0.09151387 0.6701416 0.7365702 -0.09151864 0.6701353 0.7365753 0.01727801 0.6721343 0.7402277 0.01728153 0.672137 0.7402251 0.1247252 0.6686819 0.7330131 0.1247291 0.6686858 0.7330089 0.2497585 0.6591261 0.7093473 0.2497721 0.6591622 0.7093089 -0.07946968 0.9869142 -0.140303 -0.06136864 0.988942 -0.1350097 -0.05209267 0.9876305 -0.1478935 -0.02543956 0.9892895 -0.143733 -0.0222277 0.9884759 -0.1497377 0.004745244 0.9888136 -0.1490808 0.00426352 0.9889326 -0.1483048 0.0336225 0.9881116 -0.1500169 0.03129017 0.9894792 -0.1412515 0.06543189 0.986864 -0.1477096 0.06352382 0.9894428 -0.1302599 0.08533334 0.9868304 -0.1374195 0.07929205 0.9882644 -0.1305612 0.2287478 0.9228632 0.3098357 0.1765862 0.9285235 0.3265906 0.1782332 0.9311009 0.318252 0.08834022 0.9379744 0.3352615 0.08973014 0.9393197 0.3310997 0.01222038 0.9418337 0.3358569 0.01247799 0.9419617 0.3354884 -0.0645833 0.9405815 0.3333699 -0.06617039 0.9394614 0.3362051 -0.153934 0.9339531 0.3225461 -0.1582587 0.9311242 0.3285759 -0.2136054 0.9255356 0.3126605 -0.2185395 0.923501 0.315256 -0.2675076 0.9164373 0.2976283 -0.2757204 0.9111758 0.3061649 -0.3339678 0.9011952 0.276248 -0.34407 0.8947606 0.2846391 -0.3745782 0.888943 0.263575 -0.3810557 0.8859564 0.2643442 -0.4061113 0.8803985 0.2448924 -0.417186 0.8733523 0.2514191 -0.447977 0.8664563 0.2203865 -0.4585675 0.8597364 0.2248761 -0.477384 0.8555951 0.2001537 -0.4842779 0.8515549 0.2008214 -0.4994322 0.8481149 0.1768299 -0.5078411 0.842803 0.1782716 -0.5222976 0.8399837 0.1470806 -0.5289447 0.8357911 0.1472105 -0.5363516 0.8348711 0.1237627 -0.5391402 0.8332587 0.1225074 -0.5451217 0.8326036 0.09804904 -0.5493053 0.8299506 0.0971902 -0.5533775 0.8307147 0.0607177 -0.5561075 0.8289636 0.0596981 -0.5556436 0.8308243 0.03148663 -0.5565011 0.8302816 0.03064548 -0.5539292 0.8325639 1.49396e-4 -0.5551615 0.8317424 -6.49606e-4 -0.545403 0.8369362 -0.04553574 -0.5461067 0.8364434 -0.04615193 -0.5342586 0.8415842 -0.07939618 -0.5344294 0.8414366 -0.0798102 -0.5189915 0.8468985 -0.1158056 -0.5195845 0.8464287 -0.1165789 -0.4885957 0.8560312 -0.1687744 -0.4892941 0.8553888 -0.1700044 -0.4599801 0.8633735 -0.2073756 -0.4600927 0.8630638 -0.2084124 -0.4260389 0.8706081 -0.2460335 -0.4267427 0.8696577 -0.248166 -0.3706673 0.8803515 -0.2959511 -0.3711598 0.8792678 -0.2985443 -0.3208342 0.8873075 -0.3312866 -0.320581 0.8867362 -0.3330569 -0.2624973 0.8935383 -0.364259 -0.2625343 0.8923836 -0.3670523 0.225392 0.9225541 0.3131974 0.2829303 0.8050343 0.521412 0.3357147 0.6494602 0.6822735 0.322269 0.6452408 0.6926811 0.3416006 0.4455924 0.8275003 0.1112128 0.2415826 0.9639863 0.1296374 0.2122523 0.9685779 0.1795613 0.2417499 0.95358 0.2633342 0.2348192 0.9356896 0.2671711 0.2424494 0.932651 0.3636123 0.2308611 0.9024906 0.3452994 0.2233691 0.9115233 0.03594094 0.9927316 -0.1148581 0.1467854 0.9289859 0.3397635 0.1215899 0.9264016 0.3563653 0.1676236 0.8131162 0.5574447 0.1900461 0.655219 0.7311434 0.1734101 0.647759 0.7418473 0.2019683 0.4580478 0.8656796 0.202222 0.2289012 0.9522135 0.1865218 0.2404261 0.9525781 -0.1066485 0.2400707 0.9648794 -0.1162002 0.2334403 0.9654032 -0.1161082 0.4598492 0.8803737 -0.09670758 0.6514765 0.75248 -0.1194803 0.6617235 0.7401666 -0.06754553 0.9289423 0.3640109 -0.08680778 0.9313964 0.3535041 -0.018624 0.9934661 -0.1125982 0.1921696 0 0.9813618 -0.1098555 0 0.9939476 -0.1597573 0.05127066 0.9858241 0.0416333 -0.01716947 0.9989855 0.2412067 0.05127388 0.9691183 -0.2092719 0.758902 -0.6166628 -0.78448 0.1801618 -0.5934079 -0.7796887 0.005071043 -0.6261469 -0.1699175 0.710708 -0.6826582 -0.2008189 0.6817204 -0.7035119 -0.5186426 0.4832027 -0.7053546 -0.5328669 0.4589983 -0.7108962 -0.7777394 0.1718641 -0.6046357 -0.7799054 0.162614 -0.6044042 -0.1935425 0.7970126 -0.572112 -0.1890493 0.7600555 -0.6217524 -0.5282661 0.5376223 -0.6571889 -0.5417999 0.5116795 -0.6668112 -0.6859671 0.3486883 -0.6386436 -0.7846022 0.1603839 -0.598896 -0.07733434 0.8653312 -0.4951982 -0.1254379 0.7379024 -0.6631481 -0.2486166 0.7707914 -0.5865753 -0.4347478 0.6682123 -0.6037274 -0.493868 0.504452 -0.7082532 -0.4235041 0.6613061 -0.6191272 -0.1944519 0.7978748 -0.5706 -0.195751 0.8098787 -0.5529721 -0.8411442 0.269894 -0.4686511 -0.9724211 0.1407153 -0.1860018 -0.8569368 9.93742e-4 -0.5154208 -0.8725519 0.1098859 -0.4760024 -0.8039808 0.1589794 -0.57301 -0.8098019 0.246968 -0.5321915 -0.737754 0.3460877 -0.5796054 -0.8583384 9.93064e-4 -0.5130831 -0.8763152 0.1573517 -0.4553156 -0.9319376 0.05356067 -0.3586414 -0.9380335 0.1350092 -0.3191642 -0.9201567 0.1977066 -0.3379703 -0.7449165 0.3539829 0.5655047 -0.8001552 0.253875 0.5434145 -0.7076601 0.6465994 0.2848272 -0.7362847 0.61362 0.2852286 -0.5401109 0.8409432 -0.0330879 -0.5278699 0.8486272 -0.03442627 -0.2773125 0.8969608 -0.3443243 -0.2081573 0.9147151 -0.3463625 -0.8627915 0.3739931 0.3401765 -0.9175911 0.1864435 0.3510917 -0.8301325 0.5533369 0.06854563 -0.8671424 0.4906692 0.08548629 -0.6952503 0.691208 -0.1971256 -0.6774451 0.7065673 -0.2045261 -0.4782895 0.7627136 -0.435324 -0.3748453 0.8015505 -0.4658409 -0.5219361 0.6765069 -0.5195394 -0.5822514 0.6261802 -0.5185382 -0.7601032 0.5681017 -0.3154421 -0.771413 0.5531322 -0.3145901 -0.9153704 0.3947234 -0.07931464 -0.8939644 0.4409313 -0.08004522 -0.9720779 0.1722043 0.1594064 -0.9851109 0.1718165 -0.005967259 -0.9654468 0.2343667 0.1139503 -0.9373352 0.30452 0.1693233 -0.9696855 0.1826865 -0.162283 -0.9592224 0.244861 -0.1411936 -0.9041182 0.3467303 -0.2496966 -0.938112 0.2789874 -0.2052118 -0.8296584 0.3959069 -0.3936048 -0.8068543 0.419629 -0.4158096 -0.7282846 0.4514892 -0.5155183 -0.6123049 0.5108377 -0.6034299 -0.1617228 0.9450748 -0.2840412 -0.133524 0.9511806 -0.278257 -0.4408726 0.8934842 0.08554238 -0.3938006 0.914813 0.08965766 -0.6244513 0.6492964 0.4341369 -0.5682532 0.6945637 0.4412137 -0.6786339 0.2653638 0.6848636 -0.6194956 0.3383621 0.7083335 -0.1401606 0.9536332 -0.2663437 -0.1187733 0.9592866 -0.2562463 -0.3843353 0.913935 0.1304199 -0.3501312 0.9253789 0.1451972 -0.5451353 0.6744529 0.4979368 -0.501409 0.6931977 0.517751 -0.5913036 0.2866061 0.7538018 -0.5370486 0.3140733 0.7829028 -0.1113528 0.9671968 -0.2283221 -0.08686 0.9682254 -0.23451 -0.2974725 0.9292933 0.2189159 -0.2586389 0.9444788 0.2026472 -0.4133703 0.6763105 0.6096959 -0.3678453 0.7164372 0.5927965 -0.4389451 0.2705796 0.8568045 -0.3902648 0.3389694 0.8560334 -0.4526323 0.305502 0.8377307 -0.8582343 6.64268e-4 -0.5132578 -0.9401409 0.09701609 -0.3266851 -0.9365868 0.04314261 -0.3477699 -0.9718896 0.142454 -0.1874503 -0.972311 0.1978548 0.1243579 -0.9791623 0.2012181 -0.02743446 -0.9765396 0.160151 -0.1439523 -0.6312596 0.1545522 0.7600165 -0.7573866 0.1030057 0.6447911 -0.8107516 -0.05327606 0.5829611 -0.8838263 0.1905341 0.4272563 -0.9533993 0.09402501 0.2866866 -0.472616 0.1309861 0.8714798 -0.3851486 -0.09429723 0.9180243 -0.5423651 0.07120412 0.8371202 -0.4412682 0.4757767 0.7608672 -0.410643 0.3504505 0.8417583 -0.7936215 0.3391609 0.5051087 -0.7840564 0.3267257 0.5277367 -0.9340286 0.2686254 0.235438 -0.9565932 -0.05907595 0.2853763 -0.998691 0.003199338 0.05105119 -0.9971565 0.07350832 0.0166015 -0.9971648 0.07349669 0.01614338 -0.7845954 0.6033838 -0.1426118 -0.9793563 0.1969701 -0.04543149 -0.938495 0.338486 0.06822258 -0.9320796 0.3410302 -0.1221725 -0.8802555 0.441034 -0.1750406 -0.879458 0.4421844 -0.1761439 -0.8103044 0.5395328 -0.2287165 -0.7942257 0.5034286 -0.3402431 -0.6618817 0.7202803 -0.2076269 -0.693101 0.6016789 -0.3969807 -0.676443 0.7120778 -0.1880696 -0.5867096 0.7717702 -0.2452402 -0.6055519 0.7771907 -0.1711187 -0.4849503 0.8246488 -0.2911663 -0.5075268 0.842303 -0.1815001 -0.4082804 0.86076 -0.3039727 -0.4491192 0.8698226 -0.2042075 -0.1424233 0.9780473 -0.1521155 -0.378013 0.8764365 -0.2982705 -0.352075 0.904619 -0.2402243 -0.5007286 0.7723625 -0.3908033 -0.6871951 0.6045624 -0.4028241 -0.6703905 0.6160726 -0.4135591 -0.6717815 0.61655 -0.4105799 -0.6410281 0.6284351 -0.4406273 -0.6489889 0.6347324 -0.419438 -0.6198747 0.6396618 -0.4545199 -0.6346254 0.6441729 -0.4269564 -0.6362431 0.6440342 -0.4247525 -0.6514487 0.6010288 -0.4630107 -0.05159193 0.9843638 -0.1684226 -0.9986551 0.003109693 0.05175322 -0.9809473 0.1934034 0.01837098 -0.9935346 0.09051042 0.06853336 -0.6478443 0.7556219 -0.0966103 -0.7779564 0.6240498 -0.0731163 -0.8328106 0.5520505 -0.04082548 -0.8725364 0.4873082 -0.03480166 -0.9494194 0.3137032 -0.01389259 -0.3197227 0.9362139 -0.1458806 -0.4178746 0.8981651 -0.1366765 -0.149741 0.9754002 -0.1617784 -0.1954669 0.9691882 -0.1498901 -0.2011081 0.9355672 -0.2902927 -0.1694535 0.9548133 -0.2441666 -0.6546927 0.6505449 -0.3849273 -0.4622086 0.8774368 -0.1283268 -0.3070341 0.9402317 -0.1472904 -0.5513401 0.8274505 -0.1065363 -0.5570812 0.8238824 -0.1043003 -0.5347746 0.8399183 0.0924859 -0.8338373 0.5264451 -0.1660445 -0.8731982 0.4869281 0.02064108 -0.9868329 0.1509619 -0.05806291 -0.9809789 0.1932957 0.01781427 -0.8340511 0.548225 -0.06170958 -0.9851489 0.1678194 0.03631168 -0.9809466 0.1933236 0.01923215 -0.3066519 0.9414983 -0.1398058 -0.46186 0.8786034 -0.1214153 -0.5566418 0.8262603 -0.08627825 -0.6709181 0.7346298 -0.1009363 -0.8756061 0.4829955 -0.005411863 -0.0511924 0.9856958 -0.1605721 -0.9805853 0.1943694 0.02594244 -0.9806848 0.1938844 0.02581083 -0.8326475 0.5528386 -0.03267902 -0.8330996 0.5521438 -0.03290134 -0.5566385 0.8262662 -0.08624309 -0.5576065 0.8255779 -0.0865817 -0.1964968 0.972324 -0.1263929 -0.1646007 0.9763854 -0.1399226 -0.1952111 0.9721685 -0.1295418 -0.1955375 0.9712939 -0.135474 -0.2100787 0.9703786 -0.1193001 -0.9765725 0.2002383 0.07881009 -0.8296169 0.5580409 0.01806169 -0.5550282 0.8307114 -0.04315507 -0.194869 0.9760494 -0.09671378 -0.9803395 0.1897847 0.05400341 -0.9658498 0.2027366 0.1613449 -0.9721319 0.1896917 0.1377566 -0.9235147 0.2103673 0.3207275 -0.9351943 0.1857469 0.3015128 -0.8570594 0.2059001 0.4722863 -0.8686692 0.1955649 0.4551574 -0.7645924 0.2114606 0.6088374 -0.7783932 0.1929076 0.5974034 -0.6516199 0.2073883 0.729645 -0.6636546 0.2004429 0.7206838 -0.5192406 0.2105212 0.8282935 -0.5302474 0.1990049 0.8241571 -0.3724293 0.2074971 0.904567 -0.3803354 0.2039657 0.902077 -0.2632175 0.2076519 0.9421239 -0.2183605 0.2321115 0.9478624 -0.1495084 0.2057071 0.9671256 -0.05082505 0.2066261 0.9770991 -0.05194431 0.2061853 0.9771333 0.1145418 0.2050725 0.9720214 0.1169958 0.2073558 0.9712443 -0.8343902 0.5511732 -0.001171469 -0.8224018 0.5618488 0.089338 -0.8298763 0.5533938 0.07113945 -0.7897737 0.5694041 0.2281156 -0.8046971 0.5535852 0.2144902 -0.7361001 0.5725744 0.3609923 -0.747625 0.5656509 0.3479885 -0.6588127 0.5777618 0.481827 -0.6741983 0.5654182 0.4751411 -0.562982 0.5796757 0.5890904 -0.5744643 0.5748941 0.5826556 -0.4496572 0.5820929 0.6774779 -0.4610769 0.5741795 0.6765545 -0.3228406 0.583232 0.7453954 -0.3302593 0.5807613 0.7440734 -0.1864646 0.5829747 0.7908044 -0.1910846 0.5798783 0.7919773 -0.04411441 0.583909 0.8106196 -0.04517716 0.5836013 0.8107826 0.09961825 0.581188 0.807649 0.1017724 0.5827686 0.8062402 -0.5590068 0.8271828 -0.05727291 -0.550885 0.8345615 0.005740046 -0.5572192 0.8303278 -0.00790733 -0.5308215 0.8413724 0.1015934 -0.5443167 0.8339126 0.09115403 -0.4948703 0.8472366 0.1931157 -0.505015 0.8435647 0.182643 -0.4439988 0.8520134 0.2773776 -0.4586296 0.8458575 0.272368 -0.3792535 0.8559365 0.3514819 -0.3899903 0.8533259 0.3460384 -0.3035212 0.8583556 0.4136433 -0.3148465 0.8542737 0.4136281 -0.217675 0.8606491 0.4603269 -0.2249362 0.8593023 0.459351 -0.1260113 0.8608498 0.4930099 -0.1306376 0.8592507 0.4945929 -0.02978181 0.8620453 0.5059556 -0.03079241 0.8618943 0.5061525 0.06740289 0.8602699 0.5053639 0.06948506 0.861056 0.5037405 -0.196483 0.9750636 -0.103177 -0.1932476 0.978068 -0.07770746 -0.1961722 0.9768987 -0.08476775 -0.1859564 0.9817265 -0.04041594 -0.1935397 0.9799479 -0.04737794 -0.1724787 0.9850006 -0.004998147 -0.1795226 0.9836689 -0.01293015 -0.1541014 0.987676 0.02737027 -0.1654028 0.9859727 0.02235597 -0.1310701 0.9897956 0.05590516 -0.1406433 0.9887715 0.0505023 -0.1044454 0.991361 0.07933807 -0.1151196 0.9902557 0.0783658 -0.07470667 0.9924466 0.09730857 -0.08217638 0.9919881 0.09595197 -0.04319447 0.9930368 0.1096001 -0.04807895 0.9926794 0.110798 -0.01019644 0.9933492 0.1146893 -0.01131111 0.9933164 0.1148676 0.02317786 0.9931071 0.1148957 0.02544647 0.9932225 0.113409 -0.06320905 0.5878569 0.8064919 -0.04327666 0.8660609 0.4980621 -0.1086553 0.9827724 0.1495072 -0.2936788 0.8357834 0.463917 -0.4338554 0.5594977 0.7062095 -0.09528464 0.9840372 0.1503052 -0.103331 0.9839322 0.1456027 -0.08314216 0.9879798 0.1303205 -0.08707636 0.9878816 0.1284831 -0.07463598 0.9898029 0.1213253 -0.07299923 0.9898446 0.1219792 -0.06188517 0.9919352 0.1106119 -0.05316436 0.9921506 0.1131851 -0.04630321 0.9934224 0.1047284 -0.2843419 0.8383014 0.4651885 -0.2705726 0.8383895 0.4731739 -0.2575821 0.8471997 0.464655 -0.2325716 0.847911 0.4764006 -0.2244647 0.8522176 0.4725896 -0.1938607 0.8529207 0.4847107 -0.1868356 0.8580526 0.4783704 -0.1423408 0.8591663 0.4915001 -0.1380056 0.8625401 0.486805 -0.4286552 0.5616881 0.7076449 -0.3959701 0.5618566 0.7263091 -0.3898361 0.5693746 0.7237682 -0.3408717 0.5708121 0.7469807 -0.3369989 0.5743186 0.7460496 -0.2830731 0.5755563 0.7672058 -0.2799642 0.5795992 0.7653005 -0.2077089 0.5814421 0.7866272 -0.2058425 0.5839803 0.7852363 -0.2382071 0.2060695 0.9491011 -0.3258026 0.2038247 0.9232053 -0.3258578 0.2037312 0.9232066 -0.3939341 0.201995 0.8966683 -0.3943018 0.2015243 0.8966125 -0.4587944 0.1997726 0.8657936 -0.4597955 0.1978548 0.8657029 -0.5058914 0.1974056 0.8397054 -0.507227 0.1966853 0.8390684 -0.1300367 0.17199 0.9764784 -0.1756758 0.2071727 0.9624019 -0.2383687 0.2057592 0.9491279 -0.0159201 0.9945151 0.1033751 -0.0144971 0.9947059 0.1017357 6.58836e-4 0.9947448 0.1023835 6.04892e-4 0.9947329 0.1025001 0.02071624 0.9946187 0.1015113 0.01936352 0.9942501 0.1053177 0.04015249 0.993937 0.1023572 0.03817886 0.9931543 0.1103948 -0.04235196 0.8666272 0.4971556 0.001797556 0.8666318 0.4989451 0.001759231 0.8665965 0.4990065 0.05687749 0.8662902 0.4962926 0.05591732 0.8651166 0.4984441 0.1110388 0.8642876 0.4905889 0.1095011 0.8618527 0.4951966 -0.06281125 0.5882625 0.806227 0.002623677 0.5882797 0.8086533 0.002607166 0.588249 0.8086757 0.08323025 0.5878153 0.8047024 0.08275806 0.5869727 0.8053659 0.1629174 0.5857746 0.7939308 0.1620377 0.5839557 0.7954493 -0.03276187 0.9936764 0.1073958 -0.02919363 0.9943535 0.1020239 -0.08836197 0.863483 0.4965775 -0.086093 0.8654155 0.4936034 -0.1289363 0.5854665 0.8003777 -0.1279707 0.5868718 0.799503 -0.1475045 0.2071885 0.9671171 -0.07225888 0.2081372 0.9754269 -0.07236725 0.2080013 0.9754478 0.002991259 0.2082195 0.9780775 0.003005623 0.2082315 0.978075 0.0952087 0.2077432 0.973539 0.09532684 0.2079972 0.9734732 0.1868132 0.2066441 0.9604161 0.1869853 0.2069988 0.9603062 -0.4807447 0.1967739 0.8544968 -0.4081562 0.5594115 0.7214342 -0.2720711 0.835738 0.4769901 -0.09306412 0.9828699 0.1590787 -0.4826044 0.1960983 0.8536033 -0.4026452 0.196524 0.8940107 -0.404153 0.1958568 0.8934766 -0.2466988 0.195411 0.9491862 -0.2476235 0.194538 0.9491246 -0.08369725 0.1958077 0.9770641 -0.08399444 0.1956933 0.9770615 0.08161586 0.1946479 0.9774718 0.08186751 0.1949142 0.9773977 -0.411416 0.5585463 0.720252 -0.3417066 0.5588406 0.7556017 -0.3445671 0.5579288 0.7549762 -0.2095552 0.5562388 0.8041673 -0.2114538 0.5549505 0.8045604 -0.07095801 0.5574051 0.8272028 -0.07157033 0.5572262 0.8272706 0.0693348 0.5550409 0.8289284 0.06987339 0.5554651 0.8285989 -0.2774416 0.8349602 0.4752556 -0.2277257 0.8351768 0.5006206 -0.2325325 0.8343437 0.4997994 -0.1398357 0.8332185 0.5349703 -0.1432123 0.8319815 0.5360009 -0.0472604 0.8337105 0.5501758 -0.04833 0.833527 0.5503608 0.04630315 0.8320801 0.5527195 0.04726701 0.8324901 0.5520201 -0.1025446 0.982474 0.1556581 -0.07767349 0.982651 0.1684156 -0.08644777 0.9822373 0.1665434 -0.04754471 0.9822018 0.181712 -0.05384051 0.9816176 0.1831066 -0.01606696 0.9819761 0.1883215 -0.01811182 0.9818914 0.1885771 0.01581156 0.9817072 0.1897401 0.01767402 0.9818981 0.1885837 -0.08132487 0.1977698 0.9768692 -0.08155173 0.1976337 0.9768779 -0.0689581 0.5624006 0.8239845 -0.06988984 0.5620009 0.8241786 -0.04574406 0.8390372 0.5421478 -0.04740524 0.8385792 0.5427132 -0.01530909 0.9843682 0.1754565 -0.01761537 0.9841542 0.1764374 -0.02602088 0.1978521 0.9798865 -0.02610319 0.197671 0.9799209 -0.0220766 0.5626408 0.8264067 -0.02239131 0.5620898 0.8267731 -0.01465737 0.83945 0.5432392 -0.01520115 0.8388299 0.5441814 -0.004902541 0.9846339 0.1745628 -0.005654215 0.9843475 0.1761481 0.0636959 0.197353 0.9782611 0.06390106 0.1978094 0.9781555 0.05406039 0.5612408 0.8258852 0.05475705 0.5625945 0.8249177 0.03596508 0.8378834 0.5446633 0.03707116 0.8394099 0.5422334 0.01218575 0.9839125 0.1782354 0.0136438 0.9846144 0.1742081 0.1528127 0.1959258 0.968639 0.1533517 0.1971541 0.9683045 0.1295414 0.5576716 0.8198913 0.1310322 0.5610579 0.81734 0.08629006 0.8339436 0.5450617 0.08840107 0.8377509 0.5388497 0.02959316 0.9820698 0.1861805 0.03216105 0.983861 0.176021 -0.03976088 0.1974557 0.9795052 -0.03383719 0.5615321 0.8267629 -0.02256858 0.8382604 0.5448029 -0.007681965 0.9841161 0.1773602 -0.03995358 0.1973558 0.9795174 0.06131923 0.1973583 0.9784119 0.06165438 0.197509 0.9783604 0.2249956 0.1960288 0.9544369 0.2263361 0.1974178 0.9538335 0.3822293 0.1971852 0.9027839 0.384517 0.1982137 0.9015864 0.5288799 0.1953139 0.8259169 0.5318688 0.1990954 0.8230898 -0.03415936 0.5614175 0.8268275 0.05216252 0.5614611 0.8258575 0.05272543 0.5616258 0.8257098 0.1919259 0.5590385 0.8066229 0.1936445 0.5605275 0.8051775 0.3256086 0.5616568 0.7606055 0.3284984 0.5626992 0.7585898 0.4518935 0.5588855 0.695298 0.454685 0.5624251 0.6906082 -0.02307051 0.8381668 0.5449259 0.0347923 0.8382019 0.5442492 0.0356369 0.8383427 0.5439774 0.128524 0.8366171 0.5324974 0.1310376 0.8378185 0.52999 0.2176229 0.838557 0.4994624 0.2216819 0.8393456 0.4963428 0.3033885 0.8367974 0.4557691 0.3067247 0.8393461 0.4487965 -0.008643865 0.9840769 0.1775331 0.01186621 0.9840875 0.1772878 0.01327764 0.9841428 0.1768803 0.04410672 0.9838704 0.1733605 0.04851603 0.9843172 0.1696051 0.07466101 0.984273 0.1601011 0.08160018 0.9845052 0.1552125 0.1054134 0.9839959 0.143667 0.1111773 0.9847791 0.1336033 -0.042921 0.9988242 0.02254289 -0.08309233 0.9947392 0.0599128 -0.1642007 0.7271541 0.6665471 -0.1828871 0.8358464 0.5176033 -0.1953579 0.871585 0.4496387 -0.1149574 0.9183913 0.3786059 -0.09061717 0.9752033 0.201909 -0.571477 0.184566 0.7995934 -0.1770067 0.2158265 0.9602539 -0.2523046 0.5942505 0.7636811 -0.3048305 0.561196 0.7695047 -0.252584 0.6229934 0.7403246 -0.2107813 0.2116098 0.9543545 -0.2099428 0.2120861 0.9544336 -0.1846951 0.5975602 0.7802625 -0.1850615 0.5973852 0.7803098 -0.125402 0.8759934 0.4657357 -0.1269991 0.8755328 0.466169 -0.04350268 0.9967793 0.06736946 -0.04628372 0.9965884 0.06833362 -0.1519638 0.2119201 0.9653999 -0.1513406 0.2130911 0.9652401 -0.1333659 0.5989035 0.7896381 -0.1336011 0.5985717 0.7898499 -0.09060579 0.8776455 0.4706686 -0.09185189 0.8766555 0.4722696 -0.03133505 0.997326 0.06602352 -0.03360736 0.9970266 0.06934368 -0.01310098 0.9976033 0.06794244 -0.01237183 0.9977008 0.06663483 -0.03597164 0.8784857 0.4764125 -0.03556716 0.8788428 0.4757839 -0.05232942 0.6001598 0.7981667 -0.05226975 0.6002594 0.7980957 -0.05921643 0.213362 0.9751769 0.04249948 0.196973 0.9794874 -0.004385828 0.2132092 0.9769968 -0.05947738 0.2128801 0.9752665 0.02401882 0.9975095 0.06631666 0.02298039 0.9974183 0.0680353 0.06632375 0.8784001 0.4733019 0.06570804 0.8779909 0.474146 0.09664565 0.5998685 0.7942402 0.09650725 0.5997455 0.7943499 0.04005938 0.9970371 0.06566882 0.03877037 0.9967585 0.07049363 0.1111554 0.8768557 0.4677273 0.1102952 0.8756655 0.4701542 0.1621901 0.5981068 0.7848328 0.1619516 0.5976634 0.7852198 0.007448792 0.9977328 0.06688743 0.007106363 0.9976826 0.06766951 0.02053678 0.8789372 0.4764954 0.02033466 0.8787383 0.4768705 0.02988594 0.6004055 0.7991371 0.02985942 0.6003551 0.799176 0.03382283 0.2133311 0.9763944 0.1094344 0.2125779 0.9709969 0.1098882 0.2131227 0.9708262 0.1839109 0.2114838 0.9599227 0.27551 0.208031 0.9385187 0.2307006 0.2115483 0.9497497 0.1846209 0.2128303 0.9594887 0.07672542 0.9947675 0.06746131 0.07598668 0.9939306 0.07955026 0.2153276 0.8695751 0.4443797 0.2143157 0.8663977 0.4510252 0.3160048 0.5907689 0.7423835 0.3153371 0.5889021 0.7441485 0.05900365 0.9960893 0.06576222 0.05767667 0.9956025 0.07381826 0.1645196 0.8738754 0.457466 0.1634414 0.8718521 0.4616934 0.2406314 0.595068 0.7668055 0.2401876 0.5940959 0.7676979 0.2736087 0.2116938 0.9382559 0.3609352 0.2078806 0.9091268 0.3617801 0.2097269 0.9083666 0.4239539 0.2067105 0.8817788 0.462144 0.2061385 0.8625138 0.4431695 0.1866521 0.8767906 0.3841627 0.5823698 0.7164249 0.3850612 0.5853656 0.7134949 0.2605726 0.8596411 0.4394534 0.2613132 0.8640154 0.4303406 0.09273058 0.9917851 0.08811104 0.09250456 0.9930857 0.07227641 0.5189002 0.2034355 0.8302751 0.5187261 0.2029298 0.8305076 0.4475733 0.5738722 0.6858198 0.4484328 0.5788902 0.6810244 0.3030814 0.8508209 0.4292383 0.302565 0.8573778 0.4163626 0.1087504 0.9887807 0.1024014 0.1058256 0.9910871 0.08091634 0.5912357 0.1987576 0.7816238 0.5916239 0.2000135 0.7810095 0.5065474 0.563499 0.6525939 0.5070314 0.5710809 0.6455895 0.3422168 0.8400151 0.4210253 0.3397487 0.8491134 0.404447 0.1237783 0.9846196 0.1233008 0.1172233 0.9883893 0.09667223 0.3660804 0.4211453 0.8298324 0.3552967 0.2288913 0.9062964 0.2396245 0.1144053 0.9641015 0.185986 0.04830378 0.9813644 0.07156866 0.1056762 0.9918219 0.406888 0.5561278 0.724682 0.6280888 0.4796988 0.6126936 0.4743701 0.5501126 0.6872768 0.6538627 0.5266396 0.5432444 0.7025075 0.7030432 0.1105149 0.6563197 0.7122925 0.2487649 0.6292802 0.6993926 0.3389049 0.6367949 0.6928371 0.3383328 0.521976 0.752834 0.4009764 0.3427639 0.2288825 0.9111124 0.3428706 0.2288482 0.9110809 0.421512 0.2133801 0.8813607 0.4768015 0.1835067 0.8596428 0.564922 0.2155649 0.7964891 0.6143099 0.1781549 0.7686901 0.7156938 0.1522307 0.6816219 0.6868092 0.2024219 0.698082 0.788716 0.09371548 0.6075726 0.8480902 0.1476966 0.5088505 0.8857998 0.08725333 0.4557913 0.9323804 0.09256052 0.3494274 0.9283739 0.1150849 0.3533803 0.9666692 0.01182514 0.2557553 0.9796944 0.07561677 0.1856908 0.9909493 0.02847248 0.1311831 0.9935914 0.03291481 0.1081338 0.9962247 0.0159074 0.08534312 0.997263 0.03002351 0.0675655 0.9986315 0.02115237 0.04783034 0.9989582 0.02207446 0.03994154 0.9995743 0.01656472 0.02402102 0.9995904 0.02058392 0.01988369 0.5012612 0.596008 0.6273052 0.6080212 0.5363763 0.5853297 0.6257038 0.5396718 0.5632487 0.7546074 0.4416573 0.4852901 0.7666855 0.4417052 0.465929 0.8652515 0.3338187 0.3740386 0.8723852 0.3386814 0.3524757 0.9409437 0.2264558 0.2516797 0.9440559 0.2303969 0.235957 0.9802199 0.1345441 0.1451443 0.9809715 0.1398476 0.134676 0.9930853 0.08944034 0.07603919 0.9933275 0.08951508 0.07271665 0.9961746 0.07210707 0.04936486 0.9962047 0.07300215 0.04740089 0.9975358 0.06431823 0.02802938 0.9975616 0.06431895 0.02708953 0.9981076 0.05984145 0.01415252 0.9980994 0.06005609 0.01382189 0.6117989 0.7582303 0.2253638 0.7433686 0.6538476 0.1410193 0.7101731 0.6704455 0.214842 0.8489097 0.521376 0.08671474 0.8298537 0.5243054 0.1909106 0.9283016 0.3686686 0.04836964 0.9200512 0.3665081 0.1384837 0.9711353 0.2380068 0.01578658 0.9704836 0.2188307 0.1013642 0.9890629 0.1465517 0.01664996 0.9878531 0.1495679 0.04214137 0.9921492 0.124747 0.008841872 0.9922587 0.1192499 0.03467267 0.9942771 0.1066314 0.006549715 0.9940395 0.107614 0.01746255 0.9947211 0.1025686 0.003119409 0.9949916 0.09943228 0.0102573 0.9999974 0.002266645 -9.21387e-6 0.9998049 0.01959627 0.002519011 0.999989 0.002479553 0.003987848 0.9982492 0.05914455 -6.91514e-4 0.9951162 0.09858769 -0.004926085 0.3184244 0.4428797 0.838131 0.3211654 0.7252381 0.6090013 0.1593429 0.088337 0.9832631 0.1637379 0.06884229 0.984099 0.2465665 0.04402166 0.9681257 0.2483189 0.03313821 0.9681113 0.2752906 0.02554494 0.9610216 0.1270162 0.2829076 0.9506999 0.1769915 0.1383136 0.9744452 0.03237724 0.1232901 0.9918424 0.1491065 0.1057336 0.983152 0.2693333 0.2115827 0.9395171 0.2873224 0.4454071 0.8479731 0.414134 0.323629 0.8507394 0.4141339 0.32363 0.850739 0.4845041 0.2037059 0.8507407 0.484507 0.2037037 0.8507397 0.5209711 0.06952416 0.8507382 0.520968 0.06952303 0.8507402 0.7862262 0.1307922 0.6039386 0.7681055 0.102504 0.6320656 0.7267188 0.3918663 0.5641992 0.6883468 0.2894091 0.6651476 0.6215306 0.5536363 0.5542442 0.6269053 0.4899053 0.6057909 0.4984476 0.618574 0.6073848 0.5253168 0.5522297 0.6473676 0.2828991 0.7233534 0.6298635 -0.2224423 0.00300002 0.9749413 -0.2190383 4.39248e-4 0.9757162 -0.3040065 0.2776592 0.9113097 -0.1155369 0.07260543 0.9906461 -0.1149787 0.07284289 0.9906936 -0.1134307 0.06914913 0.9911367 -0.1478403 0.3739306 0.9155977 0.3393786 0.8823164 0.3260981 0.3592091 0.8785528 0.3148238 0.3540671 0.8063619 0.4737267 0.3478625 0.8047642 0.4809848 0.2973076 0.7735879 0.559616 0.240866 0.7496474 0.6164515 0.2832185 0.649414 0.7057257 0.226997 0.6142597 0.7557497 0.1771484 0.560716 0.8088361 0.1134687 0.5137149 0.8504246 0.1592501 0.3876479 0.9079475 0.09712487 0.3435981 0.934081 0.03632044 0.2791034 0.9595741 0.02015089 0.2673609 0.9633858 0.01889002 0.1510372 0.9883476 -0.140538 0.5065926 0.8506546 -0.1661653 0.4876403 0.8570858 -0.07752352 0.5742366 0.8150108 -0.04927945 0.5931828 0.8035582 -0.1153567 0.717119 0.6873378 -0.07741069 0.7461363 0.6612778 -0.01378387 0.8087393 0.5880058 0.03350335 0.8361286 0.5475094 -0.02811998 0.9088647 0.4161421 0.02389949 0.9322186 0.3611059 0.07548224 0.958788 0.2739127 0.1262671 0.9684662 0.2147786 0.0728957 0.9944866 0.07538384 0.4062235 0.8777712 0.2539687 0.12991 0.9914654 0.010944 0.4394332 0.8939535 0.08800971 0.4299818 0.888221 0.1618002 0.4129757 0.891237 0.1874773 0.4429177 0.8907228 0.102162 0.4543277 0.8871682 0.08074122 0.3235318 0.9460934 -0.01531338 0.1440929 0.9891613 -0.02823454 0.1337411 0.9909384 -0.01242148 0.1485707 0.9876983 -0.04877442 0.1475555 0.9879388 -0.04695117 0.140591 0.9863946 -0.08520495 0.08290249 0.9714977 0.2220799 0.2422664 0.9599746 0.1405553 0.403864 0.9126892 0.06238985 0.08279693 0.9759748 0.2015388 0.0849719 0.9747926 0.2062989 0.1141334 0.9726812 0.202151 0.1139519 0.9728268 0.2015511 0.1421007 0.9691627 0.2013235 0.1405436 0.9709295 0.1937619 0.1672047 0.9662292 0.1960712 0.1651945 0.9693694 0.1817523 0.1889306 0.9642331 0.1859031 0.187547 0.9672691 0.1709289 0.1838154 0.968692 0.1668767 0.2176641 0.9639629 0.1529639 0.21625 0.9690992 0.1186704 0.235272 0.9640708 0.1233475 0.2348377 0.9678981 0.08958047 0.2174041 0.9737583 0.06730806 0.2460607 0.9676226 0.05621993 0.2458153 0.9692469 -0.01164239 0.2438637 0.9697465 -0.01106196 0.2442546 0.9664165 -0.07986783 0.1872154 0.9743109 -0.1251742 0.2301405 0.9641662 -0.131981 0.2291386 0.9697081 -0.08462715 0.3959971 0.917814 0.0283519 0.4125139 0.908638 0.06487995 0.5296674 0.847981 0.01951497 0.54072 0.8393306 0.05609238 0.6451281 0.7634181 0.03166604 0.6488699 0.7592778 0.04965108 0.7381436 0.6735213 0.03890097 0.7387562 0.6725844 0.04323756 0.809441 0.5855686 0.04375809 0.8092756 0.5859302 0.04194045 0.8883866 0.4576259 0.03671342 0.8879473 0.4591912 0.02633011 0.9268574 0.3736129 0.03672742 0.9264937 0.3760995 0.01259839 0.9467561 0.3211666 0.02247351 0.946776 0.3218888 -0.001676797 0.943602 0.33105 -0.004589855 0.9436389 0.3308762 -0.008166491 0.9163926 0.3985874 -0.03678071 0.9156213 0.4019785 -0.007151782 0.8593799 0.5076 -0.06171292 0.2049108 0.9687562 -0.1397247 0.2053775 0.9674131 -0.1480947 0.1727614 0.9720593 -0.1589165 0.1717752 0.9737301 -0.1494759 0.1439917 0.9765087 -0.1603035 0.1395807 0.9814918 -0.1311153 0.1496691 0.9804685 -0.1275957 0.2379819 0.9655769 0.1050047 0.2522214 0.9580335 0.1362223 0.3317121 0.9362736 0.1155803 0.3363947 0.9325351 0.1312133 0.4108206 0.903441 0.1225598 0.4115279 0.9026505 0.1259637 0.4796574 0.8685017 0.1250345 0.4787486 0.8699122 0.118544 0.5373929 0.8342122 0.1236893 0.5358548 0.8374801 0.1071761 0.6108465 0.7840845 0.1099005 0.6096289 0.788636 0.08003705 0.6531133 0.7519741 0.08932089 0.6523565 0.7567014 0.04282855 0.6784273 0.7329707 0.04990565 0.6783586 0.7346946 -0.007322072 0.6740511 0.738629 -0.009079337 0.6743732 0.736641 -0.05080133 0.640381 0.7651553 -0.06670653 0.6405989 0.7641063 -0.07599055 0.5810722 0.8070158 -0.1052655 0.5798471 0.8104358 -0.08349347 0.4983081 0.8582193 -0.1230797 0.493957 0.8656824 -0.08124339 0.4183895 0.9001714 -0.1210033 0.4108482 0.9089586 -0.07069826 0.3414266 0.9347705 -0.09814316 0.8590003 0.5094211 -0.05107587 0.8440448 0.5362243 -0.007214784 0.7639387 0.640955 -0.07466161 0.7562885 0.6542384 -2.64117e-4 0.6584426 0.7488763 -0.0750842 0.6445774 0.7643746 0.01586091 0.4780986 0.8745093 -0.0815792 0.9518618 0.1700271 -0.2550488 0.7015294 0.1253122 -0.7015364 0.1076021 0.1636369 -0.9806349 0.1793915 0.1879444 -0.9656581 0.1792506 0.1880507 -0.9656636 0.1792589 0.1880466 -0.9656628 0.2102574 0.1526572 -0.965654 0.2102648 0.152658 -0.9656524 0.2345132 0.1118481 -0.9656571 0.2345365 0.111848 -0.9656515 0.258534 0.04618179 -0.9648976 0.2585546 0.04618155 -0.9648921 0.7015311 0.1253119 -0.7015349 0.6395757 0.3050199 -0.7056244 0.6395735 0.3050218 -0.7056256 0.5733915 0.4163063 -0.7056283 0.5733941 0.416312 -0.7056227 0.488866 0.5128644 -0.7056772 0.4888657 0.5128628 -0.7056784 0.2438167 0.3707297 -0.8961657 0.3353461 0.5099236 -0.7921622 0.4343185 0.5580274 -0.7070876 0.4365682 0.6638524 -0.6072136 0.4931795 0.7499485 -0.4408529 0.9518626 0.1700214 -0.2550498 0.872092 0.4159204 -0.2578096 0.8720977 0.4159093 -0.2578081 0.7818542 0.5676615 -0.2578075 0.7818564 0.5676592 -0.2578055 0.6666459 0.6993598 -0.2578356 0.6666423 0.6993595 -0.2578458 0.5633841 0.7847046 -0.2585292 0.5389813 0.8195943 -0.1943312 0.3130962 0.9300136 -0.1924724 0.01688027 0.2156127 -0.9763331 -0.01331126 0.224614 -0.974357 0.07635003 0.602199 -0.7946868 0.007376909 0.6285554 -0.7777299 0.1082349 0.8786127 -0.4651074 0.01966559 0.9054487 -0.4239999 0.1789376 0.9826276 -0.04923695 0.1261946 0.9907835 -0.04922497 0.01409548 0.9997854 0.01518923 0.352815 0.9194574 -0.1735504 0.2541538 0.8639469 -0.434743 0.231851 0.8554043 -0.4631726 0.06311023 0.187398 -0.9802547 0.03900921 0.2121625 -0.9764556 0.1485855 0.4210207 -0.8947983 0.1460391 0.5904715 -0.7937355 0.1623922 0.5969375 -0.785681 0.2714826 0.7486979 -0.6047715 0 0.2246341 -0.9744433 0 0.2246365 -0.9744426 0 0.6285721 -0.7777514 0 0.6285672 -0.7777554 0 0.9056234 -0.4240828 0 0.9056278 -0.4240736 0 0.9998847 0.01518851 0 0.9998846 0.0151984 -0.007977366 0.2246286 -0.9744118 -0.02886027 0.6283081 -0.7774292 -0.008434712 0.9985507 -0.05315446 -0.0555669 0.9983397 0.01517391 -0.01186519 0.8840316 -0.4672767 -0.001325845 0.2154978 -0.9765034 -0.02724945 0.2137042 -0.9765184 -0.0184915 0.1948511 -0.9806585 -0.05723643 0.4389773 -0.8966733 -0.06569874 0.6022002 -0.7956373 -0.008768081 0.6059874 -0.795426 -0.04527753 0.904697 -0.4236429 -0.093396 0.9764544 -0.194458 -0.1488987 0.9874269 -0.05307984 -0.1027203 0.8913197 -0.4415856 -0.0960136 0.8787319 -0.4675592 -0.1052841 0.7866268 -0.6083861 -0.06731945 0.6058766 -0.7927054 0.02289688 0.2578064 -0.9659253 -0.05990016 0.9640902 -0.2587319 -0.04454916 0.9740652 -0.2218388 -0.01836031 0.9657595 -0.2587886 0.03882187 0.9652052 -0.2585959 0.03882193 0.9652049 -0.2585969 0.08549338 0.9621362 -0.2588148 0.08549147 0.9621362 -0.2588149 -0.1278053 0.9574986 -0.2585779 -0.1466316 0.9697747 -0.1950291 -0.1186856 0.8891656 -0.4419257 -0.09360182 0.7012251 -0.7067688 -0.03232103 0.7066941 -0.7067806 -0.03232079 0.7066938 -0.7067809 0.02843153 0.7068616 -0.7067803 0.02843117 0.7068606 -0.7067813 0.06257891 0.7043367 -0.7071024 0.06259542 0.7043358 -0.7071018 -0.1380461 0.7812528 -0.6087589 -0.08059751 0.6037811 -0.7930653 -0.058568 0.4387412 -0.8967029 0.02291417 0.257806 -0.965925 0.0104106 0.2588329 -0.965866 0.01041084 0.2588312 -0.9658665 -0.01183509 0.2587721 -0.9658659 -0.01183694 0.2587735 -0.9658655 -0.04680317 0.2555994 -0.9656493 -0.02583724 0.1935571 -0.9807488 0.1826243 0.9518659 -0.2461705 0.4330747 0.9010524 -0.02347153 0.7797273 0.6223981 -0.06816089 0.9400832 0.2262196 -0.2550853 0.9712682 0.2178063 -0.09590828 0.9700611 0.2215689 -0.09944313 0.4315477 0.9017577 -0.02448546 0.423844 0.9037087 -0.06055456 0.4210929 0.9048443 -0.06274962 0.408389 0.9074734 -0.09854298 0.4020546 0.9101335 -0.1000456 0.3814973 0.9146736 -0.1335371 0.3758398 0.9167148 -0.1355673 0.3483951 0.921897 -0.1694898 0.3407429 0.9248965 -0.1687033 0.3042213 0.9317477 -0.1982311 0.2990373 0.9333891 -0.1983972 0.7805292 0.6214894 -0.06727027 0.7585018 0.6277015 -0.1751172 0.7602365 0.6261896 -0.1729947 0.7212072 0.6335598 -0.2801111 0.7254676 0.6296248 -0.277974 0.6651359 0.6436573 -0.3785491 0.6701057 0.640249 -0.3755523 0.5918762 0.6543409 -0.4706598 0.5997448 0.6477662 -0.4697928 0.502074 0.6668578 -0.5506564 0.5103474 0.6620867 -0.5488048 0.5811164 0.2474468 -0.7752895 0.7192775 0.2215054 -0.6584644 0.7028523 0.2446245 -0.6679503 0.8175578 0.2233768 -0.5307562 0.8055273 0.2359945 -0.5435371 0.8540723 0.2266712 -0.4681676 0.8881845 0.209308 -0.4090459 0.8964484 0.2301819 -0.3786777 0.9437869 0.2201141 -0.2466092 0.4493948 0.2425035 -0.8597887 0.5408476 0.2426639 -0.8053559 0.6005471 0.2320517 -0.7651767 0.2047382 0.9487934 -0.240569 0.1934861 0.9512698 -0.2401016 0.2773982 0.690746 -0.6677727 0.2878736 0.6853115 -0.6689372 0.1591026 0.6921321 -0.7040168 0.1484995 0.7006686 -0.6978622 0.1341769 0.9566279 -0.2585725 0.1324118 0.9573057 -0.2569687 0.2540788 0.9403674 -0.2261708 0.2500584 0.9418758 -0.2243677 0.3967413 0.6790875 -0.6176055 0.4070668 0.6708762 -0.6198564 0.4409463 0.2359021 -0.8659772 0.2872554 0.2576582 -0.922549 0.3088895 0.2432495 -0.9194657 0.1243345 0.2646753 -0.9562886 0.1434733 0.2445587 -0.9589611 0.9748939 0.22267 0 0.9748936 0.2226715 0 0.7815448 0.6238493 0 0.781544 0.6238502 0 0.4331928 0.9013013 0 0.4331933 0.9013012 0 0.1363072 0.9563343 0.2585441 0.1560524 0.6926225 0.7042172 0.1318992 0.2459993 0.9602537 0.1376412 0.9566658 0.256604 0.1861318 0.9514307 0.2452239 0.2002866 0.9501918 0.2387908 0.1556189 0.2632325 0.9520984 0.3047758 0.2458044 0.9201586 0.3285742 0.2543944 0.9095727 0.2082503 0.9482336 0.2397602 0.2590334 0.9403693 0.2204707 0.2576884 0.9396197 0.2251924 0.3075946 0.931741 0.1929882 0.3055149 0.9313645 0.1980428 0.3481742 0.9232522 0.1624196 0.3487606 0.9215752 0.1704856 0.3810116 0.9154865 0.1292854 0.3807409 0.9147255 0.1353279 0.4051448 0.9093139 0.09490042 0.4078428 0.9074501 0.1009882 0.4223322 0.9045031 0.05924373 0.4233965 0.9037804 0.06258261 0.4317779 0.9016774 0.02336138 0.4330582 0.9010277 0.02469319 0.1670246 0.6994428 0.6948976 0.2923566 0.6856412 0.6666513 0.3016362 0.6884425 0.6595928 0.4116526 0.6712548 0.6164084 0.4180789 0.676841 0.6058849 0.5136387 0.662345 0.5454123 0.5188776 0.6646258 0.5376232 0.6023151 0.6480308 0.4661251 0.6041776 0.6526905 0.4571264 0.6709715 0.6406496 0.3733168 0.6725701 0.6425006 0.3672091 0.7254968 0.6299557 0.2771466 0.7247571 0.6330845 0.2719027 0.7599307 0.626497 0.1732249 0.7596695 0.6275931 0.1703798 0.7803726 0.6215693 0.06833839 0.7797751 0.6224384 0.06724172 0.4575196 0.2353274 0.8574946 0.4580641 0.2347996 0.8573485 0.5487595 0.2433211 0.7997862 0.5949598 0.2353322 0.7685321 0.6141635 0.2437117 0.7506049 0.7146155 0.2245454 0.6624985 0.728624 0.2418321 0.6407998 0.8128007 0.2261686 0.5368453 0.8223947 0.2335558 0.5187667 0.8897075 0.2181156 0.4010565 0.893607 0.2306924 0.3850293 0.9419609 0.2211987 0.2525488 0.9434735 0.2257584 0.2426747 0.9708236 0.2180587 0.09976017 0.9704096 0.221646 0.09580343 0.0493074 0.9647251 0.2586008 -0.2023301 0.7686835 0.6067851 -0.24985 0.9491451 0.191569 -0.1554333 0.5906203 0.7918385 -0.06588685 0.2503552 0.9659096 -0.2287074 0.8688766 0.439029 -0.2582839 0.9308226 0.2585707 -0.1874139 0.9476003 0.2587079 -0.2028787 0.9536508 0.2222399 -0.171278 0.9506263 0.2587926 -0.1158558 0.9590158 0.2585851 -0.1158576 0.9590123 0.2585969 -0.05420827 0.9644166 0.2587704 -0.03348523 0.9748509 0.2203281 -0.01308083 0.9658529 0.2587607 0.04930561 0.9647283 0.2585891 -0.1959788 0.6799613 0.7065728 -0.1372216 0.6938294 0.7069448 -0.1372231 0.6938459 0.7069284 -0.08484864 0.7023419 0.7067649 -0.08484923 0.7023283 0.7067784 -0.02428567 0.7070129 0.7067835 -0.02428615 0.7070114 0.7067852 0.03610968 0.706513 0.7067783 0.03610956 0.7065095 0.7067818 -0.06588691 0.2504163 0.9658937 -0.05023604 0.2540088 0.9658965 -0.05023258 0.2540167 0.9658945 -0.03107035 0.2571775 0.9658646 -0.03107243 0.2571734 0.9658656 -0.008892416 0.2588854 0.9658671 -0.008893191 0.2588825 0.9658679 0.01322293 0.2587032 0.9658665 0.01322144 0.2587032 0.9658664 0.2813463 0.6353396 0.7191578 0.2135627 0.4822536 0.8496014 0.07473152 0.1687447 0.9828227 0.0747267 0.1687452 0.982823 0.125338 0.1354641 0.9828225 0.1253322 0.1354637 0.9828232 0.1624469 0.08759218 0.9828218 0.1624396 0.0875917 0.982823 0.1820513 0.03028452 0.9828226 0.182043 0.03028446 0.9828242 0.2135571 0.4822501 0.8496047 0.3581892 0.3871399 0.8496019 0.3581846 0.387139 0.8496042 0.4642296 0.2503272 0.8496043 0.4642322 0.2503251 0.8496035 0.5202822 0.0865482 0.8495975 0.520268 0.08654922 0.849606 0.3295964 0.7442751 0.5808794 0.3290145 0.7254862 0.6044993 0.4984433 0.6185771 0.6073851 0.4953209 0.5353575 0.6841415 0.5926861 0.527942 0.6082766 0.701535 0.3782879 0.6039429 0.7015399 0.3782852 0.6039388 0.7862221 0.1307944 0.6039435 0.7862259 0.1307926 0.6039391 0 -1 -7.5674e-7 0 -1 2.48334e-7 0 -1 -5.81244e-7 0 -1 2.31636e-7 0 -1 -2.29706e-7 0 -1 -2.26662e-7 0 -1 2.30115e-7 0 -1 2.10291e-7 0 -1 2.14286e-7 0 -1 -4.11638e-7 0 -1 2.06174e-7 0 -1 -2.84713e-7 0 -1 4.63048e-7 0 -1 -3.11386e-7 0 -1 -4.64117e-7 0 -1 -1.51701e-6 0 -1 5.83861e-7 -0.09731447 0.1456477 -0.9845388 -0.1344047 0.6756975 -0.7248229 -0.3101686 0.8331721 -0.4578427 -0.2821446 0.4222674 -0.8614435 -0.6249874 0.6279238 -0.4637915 -0.558332 0.3730638 -0.7410053 -0.7012928 0.1395006 -0.6990908 -0.7527405 0.1209244 -0.6471161 -0.1718015 0.03417444 -0.9845387 -0.4157637 0.08269697 -0.9057052 -0.1456473 0.0973165 -0.9845387 -0.09806442 0.4929967 -0.8644869 -0.2792571 0.417944 -0.8644873 -0.2792638 0.4179422 -0.8644861 -0.4179453 0.2792606 -0.8644856 -0.4179442 0.2792627 -0.8644854 -0.4650922 0.1714223 -0.8685065 -0.563636 0.1121149 -0.8183795 -0.09806358 0.4930008 -0.8644847 -0.03417444 0.1717994 -0.9845391 0 0.6818805 -0.7314636 0.001368761 0.5705879 -0.8212354 -6.84713e-4 0.4953848 -0.8686735 8.25267e-4 0.2010278 -0.9795853 0 0.1719019 -0.9851142 -0.001083254 0.2010271 -0.9795852 0.01433795 0.6256296 -0.7799887 6.6556e-4 0.633285 -0.7739185 8.6614e-4 0.6328956 -0.7742366 -0.0194596 0.5805054 -0.8140239 -0.02692168 0.5703792 -0.8209402 -0.004597902 0.2235448 -0.9746829 0.002744257 0.2234539 -0.9747107 0.01098817 0.2010155 -0.9795265 0.02198415 0.6254799 -0.7799305 -5.28854e-4 0.5916697 -0.8061804 0.02608251 0.5703935 -0.8209574 0 0.2010272 -0.9795857 0 0.2010276 -0.9795857 0 0.5705868 -0.8212373 0 0.5705881 -0.8212365 0.3495557 0.02831202 0.9364878 0.3932797 0.01629698 0.9192745 0.7143805 0.02443128 0.6993309 0.7374913 0.01524376 0.6751846 0.9439257 0.01682829 0.3297287 0.9504008 0.01097577 0.3108341 0.9947286 0.006599485 -0.1023308 0.9940401 0.004553854 -0.1089199 0.2341556 0.04278302 0.9712573 0.3496567 0.01478976 0.9367612 0.6511379 0.03810036 0.7580026 0.7143989 0.01504677 0.6995769 0.9253448 0.02707868 0.3781583 0.9439449 0.01157981 0.3298998 0.9963091 0.01143163 -0.08507525 0.9947364 0.005795598 -0.1023033 0.006315112 0.4479532 0.8940348 -0.05004769 0.8892058 0.4547619 -0.4197119 0.7361847 0.5309181 0.4262521 0.5847926 0.6901645 -0.1834042 0.5802502 0.7935193 -0.3257255 0.9367094 0.1283691 -0.1468278 0.9714453 0.1863752 -0.1603576 0.9692944 0.1864238 -0.1890956 0.5761417 0.7951753 -0.1147574 0.6411979 0.7587464 -0.1496707 0.7768642 0.6116214 -0.01282334 0.8358493 0.5488094 -0.1577743 0.8820771 0.4439 -0.1912119 0.9616061 0.1968545 0.996374 0 -0.08508127 0.00147444 0 0.9999989 0.2343724 -5.75787e-4 0.9721468 0.1258169 -0.03900092 0.9912866 0.9963741 0 -0.0850808 0.9378169 0 0.3471306 0.9256491 -0.008896589 0.3782787 0.8303465 0 0.5572474 0.6889842 0 0.7247765 0.6515597 -0.01229542 0.7584978 0.4999665 0 0.8660448 0.3085492 0 0.9512085 -0.05238002 0.2534669 0.965925 -0.1898976 0.1564121 0.9692648 -0.1500495 0.1858462 0.9710543 -0.1929551 0.961258 0.1968541 -0.231149 0.9379008 0.2586739 -0.1763527 0.8785609 0.4438815 -0.1557049 0.7756924 0.6116023 -0.1952698 0.6805713 0.7061817 -0.1192477 0.5940631 0.7955308 -0.0656203 0.3269067 0.9427757 -0.3183243 0.3743748 0.8709267 -0.05553507 0.2528023 0.9659229 -0.05553758 0.2528003 0.9659232 -0.1517288 0.6906471 0.7070962 -0.1517258 0.6906536 0.7070904 -0.2072612 0.9434309 0.2588068 -0.2072612 0.9434303 0.2588093 -0.1410863 0.6929962 0.7070014 -0.04001981 0.2563126 0.9657652 -0.179084 0.9651069 0.1910437 -0.181132 0.9645329 0.1920094 -0.1846479 0.9569189 0.2240793 -0.1891731 0.9557452 0.2253108 -0.1977484 0.948181 0.2486937 -0.2000977 0.9476273 0.2489244 -0.2103569 0.9427428 0.2588168 -0.2013742 0.9713076 0.1265316 -0.1604943 0.9743607 0.1576796 -0.1755165 0.9702743 0.1666184 -0.1863417 0.9739723 0.129054 -0.1740463 0.9775213 0.1189963 -0.1933014 0.9779484 0.07906687 -0.1105777 0.7191489 0.686001 -0.07487809 0.7273874 0.6821297 -0.0508216 0.7718998 0.6337097 -0.005845189 0.7835769 0.6212674 0.00642693 0.8346647 0.5507211 0.02605277 0.8402699 0.5415421 0.03908067 0.8758295 0.4810357 0.05284315 0.8796254 0.4727227 0.02914422 0.9306609 0.3647205 0.03656184 0.9327698 0.3586135 -0.01857459 0.9727616 0.2310629 0.0144577 0.3119061 0.9500029 0.05960422 0.32257 0.9446672 0.1071853 0.4210481 0.900683 0.1666817 0.4367148 0.8840234 0.2013616 0.5565997 0.8060089 0.2205708 0.5621244 0.7970978 0.2546465 0.6486611 0.7172126 0.2604393 0.6502766 0.7136608 0.2440074 0.7913925 0.5604985 0.2353771 0.7889144 0.567637 0.1647657 0.9173071 0.3624913 0.04716521 0.5583798 0.8282437 -0.271506 0.1852192 0.9444461 -0.05379271 0.9620945 0.2673586 -0.5154818 0.7416648 0.429199 -0.03206574 0.1957257 0.9801344 0.1087536 0.5111532 0.8525815 0.01200014 0.5586076 0.8293453 0.08228617 0.6882236 0.7208171 0.09935986 0.8310421 0.547263 0.02935683 0.8161615 0.5770779 0.1016051 0.8983519 0.4273643 -0.1438617 0.9711888 0.18999 -0.1318776 0.8902411 0.4359809 -0.04577976 0.8336825 0.5503432 -0.1168395 0.7887613 0.6034933 -0.08996254 0.6074095 0.7892784 0.8515726 -0.00503087 -0.5242127 0.52788 0.141398 -0.837466 0.5706878 0.02982985 -0.8206252 0.5751882 0.08034765 -0.8140657 0.6125211 0.1462998 -0.7767975 0.6142975 0.1719987 -0.7701007 0.6951294 0.1910147 -0.6930429 0.8614207 0.03350239 -0.5067861 0.8602505 0.01674962 -0.5095964 0.868749 0.04231047 -0.4934421 0.8691665 0.04720538 -0.4922615 0.8864534 0.0596863 -0.458953 0.4130749 0.8281988 -0.3787558 0.8908968 0.08334505 -0.4464935 0.3828716 0.8533837 -0.3537595 0.3544961 0.8264126 -0.4374642 0.4410883 0.7917218 -0.422632 0.4092102 0.7501836 -0.5193955 0.4802542 0.7211017 -0.4993678 0.4504885 0.6712287 -0.5886529 0.5246231 0.6386397 -0.5629477 0.4959462 0.5765682 -0.6493123 0.5673773 0.5452836 -0.6170485 0.547677 0.4892076 -0.6787679 0.5839242 0.4807606 -0.654142 0.5649795 0.4216718 -0.7092186 0.6287561 0.3977957 -0.66815 0.7102274 0.2766256 -0.6473448 0.6042355 0.2991476 -0.7385189 0.7855749 0.208068 -0.582735 0.795308 0.2492983 -0.5525717 0.7657736 0.268363 -0.5844418 0.7774198 0.3047863 -0.5502035 0.7604721 0.3128316 -0.5690506 0.7727537 0.3479306 -0.5308446 0.740111 0.374303 -0.5586887 0.7581438 0.4134365 -0.5042699 0.7244739 0.4426432 -0.5283982 0.7434157 0.4744151 -0.4714484 0.7111861 0.5027114 -0.491422 0.7317117 0.5296571 -0.4290238 0.6926318 0.5661089 -0.4469699 0.3824953 0.8534898 -0.3539106 0.6221282 0.68621 -0.3769251 0.7088199 0.5811675 -0.3997733 0.7698683 0.5064613 -0.3883295 0.8877558 0.2817708 -0.3639985 0.9079961 0.06926864 -0.4132128 0.9119377 0.08568269 -0.4012833 0.9056974 0.09289079 -0.4136225 0.909566 0.1051362 -0.40204 0.9059383 0.1083441 -0.4093132 0.910147 0.1202633 -0.3964461 0.9036896 0.130375 -0.4078574 0.9098159 0.1437064 -0.3893374 0.9034363 0.1551172 -0.3996768 0.9099048 0.166004 -0.3801526 0.903994 0.1773105 -0.389045 0.9110862 0.1866419 -0.3675417 0.9043197 0.2015606 -0.3762702 0.9074075 0.2044028 -0.3671938 0.9425612 0.05794113 -0.3289701 0.9873964 0.09627652 -0.1256157 0.4561991 0.4212338 0.7838651 0.4879173 0.2178982 0.8452557 0.3075612 0.08000248 0.9481592 0.4663791 0.566519 0.6793724 0.8187196 0.5355477 -0.2070918 0.665367 0.710084 -0.230364 0.2537592 0.8513791 0.459086 0.5483123 0.7908409 0.2718904 0.5244774 0.8412203 0.1314237 0.6088302 0.7932891 -0.004291176 0.5949895 0.7954324 -0.115217 0.5950044 0.7954103 -0.1152912 0.4532078 0.8528527 -0.2593169 0.9961576 0.02084559 -0.08506298 0.9432678 0.1768693 0.2810036 0.9318385 0.1127459 0.3449138 0.8176183 0.1743876 0.548716 0.7308406 0.229977 0.6426373 0.6783465 0.1750652 0.7135813 0.4518046 0.2334437 0.8610324 0.5212117 0.2633754 0.8117709 0.6265746 0.5864971 0.5132498 0.674802 0.5665637 0.4729143 0.6747987 0.5665774 0.4729024 0.8628968 0.4754603 0.1713088 0.8628986 0.4754562 0.171311 0.9036737 0.3873613 -0.1825514 0.9435463 0.3289011 -0.03930014 0.7976282 0.582752 0.1555302 0.9999977 0.002176582 0 0.9974827 0.07090985 3.1291e-4 0.9856017 0.1682789 0.01647835 0.9704965 0.2411087 -0.001831352 0.8611409 0.5083534 0.003670215 0 1 0 0 1 0 0 1 0 0 1 -1.7819e-7 0 1 0 0 1 0 0 1 -1.29281e-7 0 1 0 0 1 0 0 1 0 0 1 0 0 1 0 0 1 0 0 1 1.57695e-7 0 1 3.39862e-6 0 1 -1.19433e-6 0 1 6.63399e-7 -0.9999977 0.002176582 0 -0.7976279 0.5827518 0.1555319 -0.8611403 0.5083543 0.003670215 -0.986154 0.1658003 -0.003285348 -0.9760208 0.2162948 0.0244953 -0.9974818 0.07092213 3.1291e-4 -0.6085551 0 -0.7935117 -0.493419 0.2268069 -0.8397001 -0.5163838 0.135975 -0.8454931 -0.5395298 0.1067583 -0.8351708 -0.5635162 0.04093074 -0.8250905 -0.5886604 0.01590782 -0.808224 0.6085578 0 -0.7935096 0.5814875 0.02154952 -0.81327 0.545799 0.07491844 -0.8345603 0.5118485 0.1888313 -0.8380655 0.4727026 0.07068699 -0.8783825 0.4219885 0 -0.9066013 0.2707213 0 -0.9626578 0.2707205 0 -0.9626581 -0.27072 0 -0.9626582 -0.2707225 0 -0.9626575 -0.4219885 0 -0.9066013 0.491676 0 -0.8707783 0.5544886 0.01455712 -0.832064 0.4661626 0 -0.8846991 0.466156 0 -0.8847026 0.5296941 -0.02079623 -0.8479339 0.4916778 0 -0.8707773 0.466166 0 -0.8846973 0.1705021 0 -0.9853574 -0.4916772 0 -0.8707776 -0.5296931 -0.02079606 -0.8479344 -0.466156 0 -0.8847026 -0.4661626 0 -0.8846991 -0.5544875 0.014557 -0.8320648 -0.4916756 0 -0.8707786 -0.466166 0 -0.8846973 -0.1705021 0 -0.9853574 -1.96462e-6 0 -1 -0.1964426 0 -0.9805153 -0.1964503 0 -0.9805139 -0.5590208 0 -0.8291536 -0.5590097 0 -0.8291611 -0.8352949 0 -0.5498025 -0.9679023 0 -0.2513267 -0.999978 0 0.006641745 -0.999978 0 0.006641745 -0.9644784 0 0.2641616 -0.9644785 0 0.2641614 -0.863803 0 0.5038297 -0.7047548 0 0.7094511 -0.7047545 0 0.7094513 -0.4980814 0 0.8671303 -0.4980818 0 0.8671301 -0.2577494 0 0.9662118 -0.2577498 0 0.9662117 0.2577498 0 0.9662117 0.2577494 0 0.9662119 0.4980817 0 0.8671302 0.4980813 0 0.8671304 0.7047544 0 0.7094514 0.7047547 0 0.7094511 0.863803 0 0.5038297 0.9644787 0 0.2641608 0.9644787 0 0.264161 0.999978 0 0.006641805 0.999978 0 0.006641805 0.9679023 0 -0.2513267 0.8352954 0 -0.5498017 0.5590105 0 -0.8291608 0.5590214 0 -0.8291532 0.1964498 0 -0.980514 0.1964421 0 -0.9805155 1.88476e-6 0 -1 -1.82843e-6 0 -1 -9.97559e-7 0 -1 0.1991213 0.001969635 -0.9799729 -0.4130637 0.004434525 -0.9106914 -0.5986848 0.01800942 -0.8007823 -0.7026528 -0.04266822 -0.7102525 -0.5150891 0.04953479 -0.8557041 -0.5910331 0 -0.8066474 -0.6633657 -0.04415011 -0.7469918 -0.6250085 0 -0.7806179 -0.6120026 -8.90904e-4 -0.7908552 -0.588093 -0.003803849 -0.8087844 -0.4902523 4.35078e-4 -0.8715805 -0.5688731 -0.004481554 -0.8224132 -0.5381442 -0.02219355 -0.8425607 -0.5605125 -0.01262652 -0.8280498 -0.6812051 -2.73353e-6 -0.7320926 -0.7286908 1.05177e-6 -0.684843 -0.812815 0.01138019 -0.5824107 -0.7689615 0.04570239 -0.6376594 -0.8249428 0.01208317 -0.5650871 -0.8772317 1.97744e-6 -0.4800673 -0.9524164 -9.7881e-6 -0.3048 -0.9101315 0.0596193 -0.4100079 -0.9324944 0.03706794 -0.3592771 -0.9613217 0.009091973 -0.2752782 -0.9831522 3.20475e-6 -0.1827892 -0.9931219 -3.77399e-6 -0.1170853 -0.998745 0.007677555 -0.04949176 -0.9998282 0.01839905 0.002281069 -0.9989082 0.006351947 0.04628294 -0.9909273 0 0.1343997 -0.9799637 0 0.1991769 -0.9629552 0.009344816 0.2694997 -0.950852 0.01856034 0.3090892 -0.9328176 0.00469613 0.3603183 -0.899456 -1.76451e-6 0.4370114 -0.7550293 1.07909e-4 0.6556912 -0.8100507 0.01931291 0.5860418 -0.8222445 0.01324772 0.5689803 -0.8688347 4.31258e-6 0.4951025 -0.5155085 -2.08081e-4 0.8568845 -0.5910195 0.0211575 0.8063798 -0.5937542 0.02007359 0.8043961 -0.6613359 -1.07321e-4 0.75009 -0.3967702 2.12865e-4 0.917918 -0.3106082 0.02434116 0.9502263 -0.3149383 0.02262693 0.9488424 -0.2176222 -0.001187086 0.9760324 -0.08962965 0.001384913 0.9959743 -0.008463501 0.02451604 0.9996636 0.01698154 0.01559531 0.9997342 0.1028417 -3.96229e-6 0.9946978 0.3248035 0 0.9457815 0.2553511 0.06449872 0.9646947 0.1819959 0.4655524 0.8661053 0.2430569 0.01076269 0.9699524 0.2473617 8.86454e-6 0.9689232 0.2833197 0.01859986 0.9588452 0.3031618 0.03057992 0.9524484 0.2987951 0.02676653 0.953942 0.390538 0.005641281 0.9205695 0.4459521 -0.002674639 0.8950529 0.5000227 0.009290814 0.8659625 0.5408999 0.06506687 0.8385664 0.5538194 0.2060235 0.8067457 -0.3354432 0.01358443 -0.9419625 -0.3980897 -0.001527369 -0.9173453 -0.4242337 0.03221851 -0.9049794 -0.4150786 0.01212328 -0.9097048 -0.01302933 -0.006225883 -0.9998958 0.08710902 0.09232103 -0.9919117 0.005456387 0.03747475 -0.9992827 -0.06585854 0.01138985 -0.997764 -0.1308822 -3.32174e-5 -0.991398 -0.309383 1.25539e-4 -0.9509376 -0.2201944 0.054021 -0.973959 -0.4551645 -0.08692705 -0.8861541 -0.2573349 0.04154348 -0.965429 -0.3066937 0.0217058 -0.9515609 0.3427734 0.0497719 -0.9380987 0.2945438 0 -0.9556381 0.4429197 0 -0.8965613 0.4831085 -0.054219 -0.8738802 0.5219357 -0.03132808 -0.8524094 0.5385929 -0.02199971 -0.842279 0.5645962 -0.01086574 -0.8252958 0.5816096 -0.00622797 -0.8134444 0.6006846 -0.001650094 -0.7994844 0.6194567 -3.78078e-4 -0.7850309 0.627107 0 -0.7789332 0.4417085 -2.98028e-5 -0.8971588 0.5428293 8.77779e-4 -0.8398426 0.5404149 0.01636511 -0.8412395 0.6639972 -0.006440043 -0.7477074 0.6618099 0 -0.7496718 0 -1 1.4116e-6 0 -1 -5.25024e-7 0 -1 1.86805e-7 0 -1 -2.00164e-5 0 -1 5.55868e-6 0 -1 -5.70914e-7 0 -1 6.55885e-7 0 -1 -3.51589e-7 0 -1 -4.44035e-7 0 -1 1.26438e-7 0 -1 -5.0039e-6 0 -1 -7.16322e-6 0 -1 -3.04323e-7 0 -1 5.25025e-7 0 -1 -1.8702e-6 1 -4.59758e-6 0 1 -2.56909e-6 0 1 1.19232e-6 0 1 3.26282e-7 0 1 -1.28455e-6 0 1 -9.22509e-7 0 1 3.82056e-6 0 1 -3.21195e-7 0 1 1.24831e-6 0 1 6.24157e-7 0 1 1.19344e-6 0 1 7.2759e-6 0 1 3.63798e-6 0 1 -3.63798e-6 0 1 -7.27601e-6 0 1 -7.2759e-6 0 1 7.27601e-6 0 1 -3.63795e-6 0 1 7.2758e-6 0 1 -7.27595e-6 0 1 7.27595e-6 0 1 3.63795e-6 0 0 -0.9659259 -0.2588189 0 -0.9659259 -0.2588185 0 -0.7071062 -0.7071074 0 -0.7071061 -0.7071075 0 -0.2588153 -0.9659268 0 -0.2588157 -0.9659268 0 0.2588153 -0.9659268 0 0.2588157 -0.9659268 0 0.7071061 -0.7071075 0 0.7071062 -0.7071074 0 0.9659259 -0.2588189 0 0.9659259 -0.2588185 0 0.9659259 0.2588189 0 0.9659259 0.2588185 0 0.7071062 0.7071074 0 0.7071061 0.7071075 0 0.2588222 0.965925 0 -0.2588222 0.965925 0 -0.7071061 0.7071075 0 -0.7071062 0.7071074 0 -0.9659259 0.2588189 0 -0.9659259 0.2588185 0 -0.2588222 -0.965925 0 0.2588222 -0.965925 0 0.2588153 0.9659268 0 0.2588157 0.9659268 0 -0.2588153 0.9659268 0 -0.2588157 0.9659268 0 -0.9659261 -0.2588182 0 -0.9659262 -0.2588179 0 -0.7071057 -0.7071079 0 -0.7071065 -0.7071071 0 -0.2588226 -0.9659249 0 -0.2588222 -0.965925 0 0.2588222 -0.965925 0 0.7071057 -0.7071079 0 0.9659261 -0.2588182 0 0.9659262 -0.2588179 0 0.9659256 0.25882 0 0.7071093 0.7071043 0 0.7071096 0.707104 0 0.2588157 0.9659268 0 -0.258816 0.9659267 0 -0.7071099 0.7071036 0 -0.7071096 0.707104 0 -0.9659256 0.25882 0 -0.9659258 -0.2588192 0 0.2588219 -0.9659251 0 0.7071072 -0.7071065 0 0.9659257 -0.2588195 0 0.9659258 -0.2588192 0 0.9659257 0.2588195 0 0.9659258 0.2588192 0 0.7071057 0.7071079 0 0.7071072 0.7071065 0 0.258815 0.965927 0 -0.2588157 0.9659268 0 -0.7071057 0.7071079 0 -0.7071065 0.7071071 0 -0.9659257 0.2588195 0 -0.9659262 0.2588179 0 -0.2588157 -0.9659268 0 0.2588157 -0.9659268 0 0.9659261 0.2588182 0 0.9659262 0.2588179 0 0.2588222 0.965925 0 -0.2588222 0.965925 0 -0.2588226 0.9659249 0 -0.9659261 0.2588182 0 0.2588226 -0.9659249 0 0.7071065 -0.7071071 0 0.7071103 0.7071033 0 -0.7071093 0.7071043 0 -0.9659257 -0.2588195 0 -0.7071072 -0.7071065 0 -0.2588219 -0.9659251 0 0.7071065 0.7071071 0 -0.2588153 0.9659268 0 -0.7071072 0.7071065 0 -0.9659258 0.2588192 0 0.258816 -0.9659267 0 0.2588226 0.9659249 0 0.195082 -0.980787 0 0.1950818 -0.980787 0 0.555574 -0.831467 0 0.5555731 -0.8314679 0 0.8314723 -0.5555663 0 0.8314721 -0.5555666 0 0.980785 -0.195092 0 0.9807852 -0.1950912 0 -0.9807853 -0.1950906 0 -0.9807848 -0.1950926 0 -0.831473 -0.5555653 0 -0.8314714 -0.5555676 0 -0.555575 -0.8314664 0 -0.555572 -0.8314685 0 -0.1950818 -0.980787 0 -0.195082 -0.980787 1 3.8085e-6 0 1 2.37245e-5 0 1 -2.37245e-5 0 1 3.22926e-6 0 1 1.24558e-6 0 1 -9.34563e-6 0 1 -2.61018e-6 0 1 2.43484e-6 0 1 -8.06946e-7 0 1 -1.08614e-5 0 1 1.0056e-5 0 1 -3.77347e-6 0 1 -1.29775e-5 0 1 1.79133e-5 0 1 7.54197e-6 0 1 -1.13204e-5 0 1 6.45897e-6 0 1 -8.53867e-6 0 1 -5.15829e-6 0 1 -5.85425e-6 0 1 2.74338e-6 0 1 2.42533e-5 0 1 -2.77656e-6 0 1 6.71748e-6 0 1 -4.61907e-6 0 1 -4.07053e-6 0 1 -5.82588e-6 0 1 8.61196e-6 0 1 6.48876e-6 0 1 -2.68699e-5 0 1 1.13204e-5 0 1 2.20707e-5 0 1 2.3558e-6 0 1 1.35517e-5 0 1 -7.87454e-6 0 1 -7.05447e-6 0 1 1.08745e-5 0 1 7.29425e-6 0 1 3.04672e-5 0 1 -1.60616e-6 0 1 4.23102e-6 0 1 -8.2035e-6 0 1 8.6119e-6 0 1 -3.45521e-6 0 1 -4.69712e-6 0 1 3.65199e-6 0 1 1.60881e-6 0 1 1.26119e-5 0 1 -1.29775e-5 0 1 1.71587e-5 0 1 2.69406e-5 0 1 -1.50138e-5 0 1 -1.57471e-6 0 1 1.05537e-6 0 1 -1.08745e-5 0 1 -3.63766e-6 0 1 -2.20707e-5 0 1 1.34698e-5 0 1 -6.43454e-6 0 1 6.29881e-6 0 1 -6.43456e-6 0 1 1.00237e-5 0 1 6.53183e-6 0 1 -2.84663e-6 0 1 -1.95437e-5 0 1 3.67501e-6 0 1 -6.43753e-6 0 1 9.45883e-6 0 1 -5.05117e-6 0 1 -2.33887e-5 0 1 8.57942e-6 0 1 -4.2215e-6 0 1 -4.22151e-6 0 1 6.43454e-6 0 1 -1.38206e-5 0 1 -1.38207e-5 0 1 6.45895e-6 0 1 -6.45895e-6 0 1 1.72239e-5 0 1 -1.72239e-5 0 1 1.38206e-5 0 1 -8.61192e-6 0 1 -8.61204e-6 0 1 1.03655e-5 0 0 -0.2470754 0.9689964 0 -0.2068154 -0.97838 -0.1158973 -0.4209251 -0.8996611 -0.03792339 -0.3848381 -0.9222047 0 -0.5847962 -0.8111803 0 -0.6906481 -0.723191 -0.125657 -0.77381 -0.6208288 0 -0.8479182 -0.5301272 0 -0.9844074 -0.1759034 0 -0.9852216 0.171285 -0.1208763 -0.9414928 0.3146113 0 -0.9123564 0.4093972 0 -0.6808925 0.7323834 -0.1940197 -0.7348983 0.6498315 0 -0.5622425 0.8269725 -0.2262127 0.1308881 0.9652441 0 0.2470754 0.9689964 0 0.3750411 0.9270082 0 0.6315058 0.7753713 -0.09780204 0.6776273 0.7288731 0 0.8035025 0.5953015 0 0.9484471 0.3169356 -0.1597229 0.9825333 -0.09548306 0 0.9844074 -0.1759034 0 0.9484473 0.316935 0 0.9405544 -0.3396432 0 0.779991 -0.6257907 0 0.7799926 -0.6257889 0 0.2068154 -0.97838 -0.09501498 0.3833724 -0.9186936 -0.0310288 0.4235775 -0.9053283 0 0.5847962 -0.8111803 1 1.92606e-5 0 1 -8.55835e-6 0 1 -1.91338e-5 0 1 3.77729e-5 0 1 -3.48472e-5 0 1 -1.87656e-5 0 1 -4.66183e-6 0 1 9.26561e-6 0 1 1.81674e-5 0 0 -0.379338 0.9252582 0 -0.3793365 0.9252588 0 -0.7767804 0.6297715 0 -0.7767792 0.6297731 0 -0.9836997 0.1798192 0 -0.9836996 0.1798197 0 -0.9493438 -0.3142395 0 -0.9493445 -0.3142374 0 -0.6821402 -0.7312214 0 -0.6821386 -0.731223 0 -0.2476243 -0.9688562 0 -0.2476258 -0.9688557 0 0.2476243 -0.9688562 0 0.2476258 -0.9688557 0 0.6821404 -0.7312213 0 0.6821385 -0.7312231 0 0.9493438 -0.3142395 0 0.9493445 -0.3142374 0 0.9836996 0.1798197 0 0.9836997 0.1798192 0 0.7767806 0.6297714 0 0.7767791 0.6297732 0 0.379338 0.9252582 0 0.3793365 0.9252588 0 1 0 0 1 2.81604e-7 1 5.64925e-6 0 1 1.95122e-4 0 1 -9.02828e-6 0 1 -1.9516e-4 0 1 -2.28668e-6 0 1 -5.44544e-6 0 1 5.82513e-6 0 1 3.37792e-5 0 1 -2.88971e-5 0 1 2.62244e-5 0 1 8.81616e-6 0 1 -4.04223e-6 0 1 -1.08674e-5 0 1 1.23964e-5 0 1 -2.62244e-5 0 1 2.88972e-5 0 1 -1.68895e-5 0 0 -0.3222643 -0.9466498 -0.0901187 -0.06600296 -0.9937415 0 -0.2588188 -0.965926 0 0.06627309 -0.9978016 -0.02316379 0.2587491 -0.9656669 0 -0.3222649 -0.9466497 0 -0.707107 -0.7071067 0 -0.7071073 -0.7071064 0 -0.9659259 -0.2588191 0 -0.9659259 -0.2588189 0 -0.9659259 0.2588188 0 -0.965926 0.2588186 0 -0.7071064 0.7071073 0 -0.2588193 0.9659259 0 0.2588193 0.9659259 0 0.7071062 0.7071074 0 0.7071066 0.707107 0 0.9659259 0.2588188 0 0.965926 0.2588186 0 0.9659259 -0.2588191 0 0.9659259 -0.2588189 0 0.707107 -0.7071066 0 0.3222646 -0.9466497 0 0.3222652 -0.9466495 1 -2.42433e-6 0 1 -1.24344e-6 0 1 -1.96138e-6 0 1 5.18567e-6 0 1 1.06334e-6 0 0 0.9927088 0.1205376 0 0.9927088 -0.1205376 0 0.992709 -0.1205359 0 0.885456 -0.4647233 0 0.885456 -0.4647234 0 0.5680651 -0.8229836 0 0.5680645 -0.822984 0 0.1205369 -0.9927089 0 0.1205369 -0.9927089 0 -0.3546053 -0.9350162 0 -0.3546049 -0.9350163 0 -0.7485106 -0.6631229 0 -0.7485108 -0.6631227 0 -0.9709419 -0.2393158 0 -0.9709419 -0.2393156 0 -0.9709419 0.2393156 0 -0.9709419 0.2393158 0 -0.7485108 0.6631227 0 -0.748511 0.6631224 0 -0.3546045 0.9350164 0 -0.3546049 0.9350163 0 0.1205365 0.992709 0 0.1205366 0.992709 0 0.5680645 0.822984 0 0.5680651 0.8229836 0 0.8854562 0.4647229 0 0.8854558 0.4647237 0 0.992709 0.1205359 0.7045159 0.7045138 0.08554369 0.704512 0.7045178 -0.08554303 0.7045164 0.7045132 -0.08554422 0.6966055 0.6352742 -0.3334179 0.6966041 0.6352757 -0.333418 0.6966062 0.4075599 -0.5904531 0.6966038 0.4075613 -0.5904549 0.6966039 0.08647835 -0.7122251 0.6966068 0.08647888 -0.7122221 0.6966062 -0.2544119 -0.6708312 0.6966058 -0.2544113 -0.6708319 0.6966038 -0.537026 -0.4757586 0.6966051 -0.537022 -0.4757612 0.6966055 -0.6966066 -0.1716977 0.696605 -0.696607 -0.171698 0.6966055 -0.6966065 0.1716979 0.6966029 -0.6966093 0.1716975 0.6966055 -0.5370229 0.4757596 0.6966071 -0.5370212 0.4757592 0.6966084 -0.2544111 0.6708291 0.6966033 -0.254414 0.6708335 0.6966037 0.08648049 0.712225 0.6966058 0.086479 0.7122232 0.6966027 0.4075647 0.5904538 0.6966068 0.4075604 0.590452 0.6966055 0.6352741 0.3334181 0.6966023 0.6352779 0.3334176 0.704512 0.7045178 0.08554357 -0.9925454 -0.1058086 -0.06048345 -0.9944129 -0.1048863 -0.01191866 -0.2141017 -0.9765164 0.02400594 -0.3492298 -0.8214666 -0.4508119 -0.8460479 -0.4224641 -0.3251572 -0.7299209 -0.5714952 -0.3749785 -0.7065802 -0.6092147 -0.3600026 -0.5673375 -0.679239 -0.4655777 -0.4468553 -0.73559 -0.5091442 -0.9407842 -0.2705697 -0.2042477 -0.9659166 -0.212677 -0.1475592 -0.9862819 -0.1257595 -0.1069238 -0.9999999 -3.34364e-4 -5.05088e-4 -0.9976642 -0.04193484 -0.05392354 -0.9885213 -0.1228801 -0.08789902 -0.9928574 -0.02954202 -0.1155925 -0.9763302 -0.2037177 -0.07265448 -0.9658713 -0.2367758 -0.1050229 -0.1530459 -0.1548968 -0.9760041 -0.3083826 -0.7428838 -0.5941582 -0.4071548 -0.8242612 -0.3934698 -0.7070463 -0.6394875 -0.3018963 -0.6910204 -0.6348392 -0.3456443 -0.8365938 -0.5074742 -0.2063518 -0.9657911 -0.2245782 -0.1296619 -0.9657898 -0.2245834 -0.1296625 -0.7063659 -0.6130139 -0.3539226 -0.706359 -0.613019 -0.3539275 -0.2583208 -0.8366304 -0.4830322 -0.258313 -0.8366338 -0.4830304 0.4196222 -0.7470133 -0.5156436 0.9924296 -0.07302021 -0.09875094 0.6464213 -0.696622 -0.3112193 0.7076253 -0.5933303 -0.3837001 0.8530869 -0.4121757 -0.3199284 0.4934222 -0.7856229 -0.3732711 0.4050304 -0.8177404 -0.4089636 0.3067631 -0.7496428 -0.5864573 0.789434 -0.5605096 -0.2502462 0.9664642 -0.2359965 -0.1012551 0.9933434 -0.1085017 -0.03868454 0.9932916 -0.1148979 -0.01305586 0.1443523 -0.1152465 -0.9827924 0.2583146 -0.8366336 -0.4830297 0.2583185 -0.8366314 -0.4830316 0.1710488 -0.9475311 0.2700501 0.3192136 -0.8660889 -0.3846985 0.7070897 -0.5838266 -0.3989623 0.7063661 -0.6130133 -0.3539233 0.7063663 -0.6130124 -0.3539242 0.7066649 -0.6179528 -0.3446143 0.6283881 -0.701067 -0.3370958 0.9912651 -0.1302204 -0.02088558 0.9765821 -0.1639095 -0.1393597 0.9658701 -0.2095296 -0.1522908 0.9657882 -0.2245893 -0.1296643 0.9657884 -0.2245883 -0.1296645 0.9658451 -0.2377466 -0.1030536 0.8795514 -0.4395192 -0.1822422 0 -0.8660254 -0.5000001 -0.8530851 -0.07096999 -0.5169227 -0.9924304 -0.04900956 -0.1126062 -0.2141057 -0.5090167 -0.8337031 -0.3492342 -0.02031874 -0.9368152 -0.8460478 0.07036387 -0.5284433 -0.7299219 0.03899967 -0.6824171 -0.706578 0.007161855 -0.707599 -0.567316 0.0635969 -0.8210409 -0.4468677 0.07312077 -0.8916069 -0.9407826 0.04161 -0.3364476 -0.9659159 0.02144879 -0.2579661 -0.9862814 0.02971702 -0.162376 -0.9999999 2.08978e-4 -5.76014e-4 -0.9976639 0.02572405 -0.06328636 -0.9885213 0.01468116 -0.1503664 -0.9912651 0.04703313 -0.1232128 -0.9765815 -0.03873133 -0.2116332 -0.9658738 -0.02713435 -0.257588 -0.17105 0.7076236 -0.6855735 -0.3192217 0.09985411 -0.9424048 -0.4196288 -0.07304334 -0.9047521 -0.7070806 -0.05358123 -0.7051001 -0.6464512 0.07879883 -0.7588753 -0.7076195 -0.03562647 -0.705695 -0.9657905 0 -0.2593238 -0.9657902 0 -0.2593248 -0.7063609 0 -0.7078519 -0.7063645 0 -0.7078483 -0.2583146 0 -0.9660609 -0.2583132 0 -0.9660612 0.4196224 0.07305467 -0.9047542 0.9924295 0.04900419 -0.112616 0.6464579 -0.07869237 -0.7588807 0.7076225 0.03562659 -0.705692 0.8530824 0.07096689 -0.5169278 0.349231 0.0203185 -0.9368163 0.4468751 -0.07313507 -0.891602 0.8460529 -0.07036119 -0.5284352 0.7299237 -0.03899651 -0.6824153 0.9862814 -0.02971702 -0.162376 0.9999999 -2.92569e-4 -5.76014e-4 0.9976639 -0.02572405 -0.06328636 0.9885213 -0.01468116 -0.1503664 0.2141057 0.5090167 -0.8337031 0.2583121 0 -0.9660616 0.2583156 0 -0.9660606 0.1710509 -0.7076197 -0.6855772 0.3192209 -0.09988164 -0.9424021 0.7070832 0.05358141 -0.7050975 0.7063634 0 -0.7078495 0.7063669 0 -0.7078459 0.7065823 -0.007157981 -0.7075947 0.5673171 -0.06356716 -0.8210424 0.9912641 -0.04703307 -0.1232218 0.9765815 0.03873133 -0.2116332 0.9658727 0.02713185 -0.2575926 0.9657893 0 -0.2593283 0.965789 0 -0.2593293 0.9659147 -0.02144777 -0.2579706 0.9407779 -0.04161381 -0.3364599 -0.8530858 0.4121809 -0.3199247 -0.9924299 0.07302731 -0.09874236 -0.9932916 0.1148979 -0.0130546 -0.405035 0.8177356 -0.4089682 -0.3067616 0.7496498 -0.5864491 -0.1443469 0.1152358 -0.9827944 -0.7066677 0.6179487 -0.3446164 -0.6283881 0.701067 -0.3370958 -0.4934166 0.7856285 -0.3732669 -0.9933481 0.10846 -0.03868108 -0.9664614 0.236007 -0.1012573 -0.9658476 0.2377375 -0.1030504 -0.879538 0.4395475 -0.1822394 -0.7894222 0.5605279 -0.2502424 -0.9912664 0.1302118 -0.02087312 -0.9765821 0.1639095 -0.1393597 -0.9658743 0.2095106 -0.1522902 -0.1710442 0.9475341 0.2700429 -0.3192206 0.8660811 -0.3847098 -0.4196249 0.7470107 -0.5156453 -0.7070783 0.5838448 -0.3989558 -0.6464325 0.6966031 -0.3112381 -0.7076246 0.5933297 -0.3837022 -0.965791 0.2245787 -0.1296622 -0.9657908 0.2245797 -0.1296626 -0.7063601 0.6130198 -0.3539243 -0.7063626 0.6130169 -0.3539242 -0.2583205 0.8366293 -0.4830341 -0.2583128 0.8366347 -0.4830289 0.4071512 0.8242674 -0.3934606 0.8365979 0.507467 -0.2063525 0.9925468 0.1057948 -0.06048357 0.9944113 0.1049011 -0.01191866 0.6910232 0.6348339 -0.3456484 0.3492289 0.8214646 -0.450816 0.4468487 0.7355988 -0.5091373 0.8460499 0.422465 -0.3251507 0.7299274 0.5714873 -0.3749778 0.9862809 0.1257672 -0.1069236 0.9999999 4.17955e-4 -5.05088e-4 0.9976642 0.04193484 -0.05392354 0.9885213 0.1228801 -0.08789902 0.2141017 0.9765164 0.02400594 0.2583121 0.8366357 -0.4830276 0.2583188 0.8366318 -0.4830308 0.153046 0.154891 -0.976005 0.308384 0.742881 -0.5941609 0.7070532 0.6394824 -0.3018909 0.7063643 0.6130178 -0.3539192 0.706364 0.6130133 -0.3539275 0.7065835 0.6092107 -0.3600029 0.5673663 0.6791988 -0.4656012 0.9928566 0.02956491 -0.1155924 0.9763314 0.2037119 -0.07265454 0.9658674 0.236791 -0.1050262 0.9657882 0.2245893 -0.1296643 0.9657884 0.2245883 -0.1296645 0.9659159 0.2126788 -0.1475611 0.9407771 0.2705869 -0.2042578 0 0.8660254 -0.5000001 -0.9925456 0.1058073 0.0604828 -0.9944129 0.1048863 0.01191866 -0.214089 0.9765191 -0.024006 -0.3492298 0.8214666 0.4508119 -0.8460487 0.4224629 0.3251564 -0.7299263 0.5714864 0.3749813 -0.7065755 0.6092228 0.3599983 -0.5673375 0.679239 0.4655777 -0.4468632 0.7355868 0.509142 -0.9407842 0.2705697 0.2042477 -0.9659155 0.2126827 0.147559 -0.9862816 0.125761 0.106925 -0.9999999 4.18025e-4 5.05172e-4 -0.9976642 0.04193389 0.05392235 -0.9885213 0.1228801 0.08789902 -0.9928573 0.0295422 0.1155931 -0.97633 0.2037183 0.07265466 -0.9658716 0.2367753 0.1050221 -0.1530686 0.1549195 0.9759969 -0.3083579 0.7428947 0.5941573 -0.4071457 0.8242699 0.3934609 -0.7070463 0.6394875 0.3018963 -0.6910204 0.6348392 0.3456443 -0.8365908 0.5074783 0.2063534 -0.9657924 0.2245728 0.129662 -0.9657889 0.2245871 0.1296631 -0.7063682 0.6130106 0.3539237 -0.706359 0.613019 0.3539275 -0.258316 0.8366314 0.4830328 -0.2583159 0.836633 0.4830301 0.9856331 0.133839 0.1030271 0.9865197 0.1388252 0.0866397 0.9941822 0.06543749 0.08555638 0.4866963 0.7552815 0.4389495 0.5548643 0.6940023 0.458788 0.2618288 0.8210341 0.5072956 0.09392815 0.8774905 0.4703063 0.2421115 0.8527103 0.46289 0.1949909 0.8330912 0.517627 0.1950954 0.8524375 0.4850651 0.06909036 0.8796416 0.4705924 0.4145842 0.808016 0.4186052 0.5554347 0.7306843 0.3969798 0.6179329 0.7032885 0.3514886 0.8094772 0.5281133 0.2565992 0.830958 0.4983752 0.2472466 0.9208115 0.3588667 0.1527115 0.6866059 0.5988088 0.412311 0.9315183 0.3119792 0.1869298 0.829359 0.4443312 0.3387231 0.9805684 0.1583647 0.115786 0.9805634 0.1795753 0.07904624 0.9852462 0.1582193 0.06524407 0.9861718 0.1471897 0.07616013 0.9948448 0.1005624 0.01307636 0 0.8817496 0.4717178 -0.0101186 0.8659811 0.4999746 0 0.8493944 0.5277588 0.4196345 -0.07305604 0.9047485 0.9924293 -0.04900479 0.1126173 0.349231 -0.0203185 0.9368163 0.4468436 0.07314121 0.8916173 0.8460562 0.07036352 0.5284297 0.7299208 0.03899341 0.6824187 0.9862818 0.02971655 0.1623735 0.9999999 2.50773e-4 5.76014e-4 0.9976637 0.02573472 0.06328487 0.9885219 0.0146808 0.1503627 0.6464371 0.07869416 0.7588982 0.7076225 -0.03562659 0.705692 0.8530824 -0.07096689 0.5169278 0.2140978 -0.5090176 0.8337045 0.2583215 0 0.966059 0.258311 0 0.9660619 0.1710509 0.7076197 0.6855772 0.3192212 0.09987062 0.9424032 0.7070831 -0.05359238 0.7050967 0.7063634 0 0.7078495 0.7063694 0 0.7078434 0.7065901 0.00716567 0.707587 0.5673469 0.06358039 0.8210207 0.9912649 0.04701578 0.1232219 0.9765824 -0.03872919 0.2116295 0.9658719 -0.02713215 0.2575953 0.9657893 0 0.2593283 0.9657888 0 0.2593303 0.9659134 0.0214492 0.2579755 0.9407767 0.04161012 0.3364641 -0.2140978 0.5090176 0.8337045 -0.8530821 0.07097071 0.5169277 -0.9924306 0.04900306 0.1126077 -0.9912651 -0.04703313 0.1232128 -0.9765822 0.03873217 0.2116295 -0.9658731 0.02713465 0.2575907 -0.17105 -0.7076236 0.6855735 -0.3192217 -0.09985411 0.9424048 -0.4196225 0.07305097 0.9047545 -0.7070798 0.05360329 0.7050993 -0.6464512 -0.07879883 0.7588753 -0.7076195 0.03562647 0.705695 -0.3492342 0.02032387 0.9368151 -0.8460512 -0.07036161 0.5284379 -0.7299188 -0.03899985 0.6824203 -0.7065876 -0.007171452 0.7075892 -0.5673463 -0.06359529 0.82102 -0.4468438 -0.07313144 0.8916179 -0.9407826 -0.04161 0.3364476 -0.965915 -0.02144908 0.2579692 -0.9862818 -0.02971655 0.1623735 -0.9999999 -2.50773e-4 5.76014e-4 -0.997664 -0.02572351 0.06328493 -0.9885219 -0.0146808 0.1503627 -0.9657905 0 0.2593238 -0.96579 0 0.2593259 -0.7063609 0 0.7078519 -0.706367 0 0.7078458 -0.2583146 0 0.9660609 -0.258318 0 0.96606 0 -0.8660254 0.5000001 0.4071512 -0.8242674 0.3934606 0.8365949 -0.5074711 0.2063542 0.9920964 -0.1099535 0.06045556 0.9945605 -0.1034771 0.01192045 0.6910238 -0.6348331 0.3456487 0.3492289 -0.8214646 0.450816 0.4468566 -0.7355955 0.5091351 0.8460463 -0.422474 0.3251482 0.7299274 -0.5714873 0.3749778 0.9862796 -0.1257764 0.1069248 0.9999999 -4.18025e-4 5.05172e-4 0.9976642 -0.04193389 0.05392235 0.9885213 -0.1228801 0.08789902 0.214089 -0.9765191 -0.024006 0.2583144 -0.8366351 0.4830273 0.2583148 -0.8366332 0.4830305 0.1530682 -0.1549369 0.9759943 0.3083621 -0.7428866 0.5941653 0.7070506 -0.6394858 0.3018897 0.7063689 -0.6130112 0.3539214 0.7063651 -0.6130117 0.353928 0.7065857 -0.6092089 0.3600018 0.5673663 -0.6791988 0.4656012 0.9924045 -0.04223656 0.1155401 0.9761684 -0.2042875 0.07322561 0.9658661 -0.2367964 0.1050252 0.9657884 -0.2245887 0.129664 0.9657898 -0.224582 0.1296655 0.9659175 -0.2126712 0.1475613 0.940777 -0.2705886 0.2042559 -0.8530817 -0.4121903 0.3199232 -0.9924296 -0.07302874 0.09874427 -0.9934728 -0.1133199 0.01305699 -0.4050381 -0.8177372 0.408962 -0.3067423 -0.7496547 0.5864529 -0.1443465 -0.1152611 0.9827915 -0.7066696 -0.6179469 0.3446153 -0.6283807 -0.7010771 0.3370885 -0.4934171 -0.7856175 0.3732891 -0.9931589 -0.1099238 0.03939884 -0.9664614 -0.236007 0.1012573 -0.9658478 -0.2377369 0.1030501 -0.8795405 -0.4395429 0.1822375 -0.7894197 -0.5605309 0.2502438 -0.9912669 -0.1302096 0.02087277 -0.976581 -0.1639158 0.1393599 -0.9658746 -0.2095087 0.1522907 -0.1710392 -0.9475371 -0.270035 -0.3192253 -0.8660797 0.3847092 -0.4196371 -0.747006 0.5156421 -0.7070755 -0.583847 0.3989573 -0.6464716 -0.696573 0.3112246 -0.7076246 -0.5933297 0.3837022 -0.9657908 -0.224579 0.1296623 -0.9657887 -0.2245884 0.1296623 -0.7063652 -0.6130126 0.3539263 -0.7063626 -0.6130169 0.3539242 -0.2583157 -0.8366304 0.4830347 -0.258317 -0.836633 0.4830297 0 0.5000001 0.8660254 1.24133e-6 0.4999998 0.8660255 -2.30897e-6 0.500003 0.8660237 2.30898e-6 0.4999966 0.8660274 -1.24133e-6 0.5000006 0.8660252 0 0.4999992 0.8660258 0 0.4999978 0.8660266 -2.01858e-6 0.500001 0.8660249 0 0.500001 0.866025 0 0.499999 0.866026 2.74006e-7 0.4999986 0.8660262 0 0.5000063 0.8660218 0 0.5000003 0.8660253 -1.01303e-5 0.4999973 0.8660269 0 0.4999699 0.8660429 0 0.5000054 0.8660224 0 0.5000008 0.866025 6.05986e-6 0.500005 0.8660227 -2.07737e-6 0.5000019 0.8660244 2.65796e-6 0.4999964 0.8660275 1.97183e-6 0.500002 0.8660243 0 0.4999992 0.866026 0 0.5000007 0.8660252 2.01859e-6 0.500002 0.8660242 -9.35025e-7 0.5000005 0.8660252 0 0.4999997 0.8660256 0 0.5000007 0.866025 -1.25351e-5 0.500005 0.8660226 0 0.5000199 0.8660141 -2.28038e-5 0.5000051 0.8660225 5.01404e-5 0.5000002 0.8660253 5.54882e-6 0.4999985 0.8660263 0 0.5000004 0.8660252 -5.86408e-6 0.5000007 0.8660251 0 0.4999931 0.8660295 0 1 -8.0844e-7 0 1 1.35217e-7 0 1 -2.14022e-6 0 1 6.47063e-6 0 1 8.44283e-7 0 1 -3.12802e-6 0 1 -4.1217e-7 0 1 2.50306e-6 0 1 -6.60999e-7 0 1 1.49673e-6 0 1 2.48891e-7 0 1 -2.70988e-6 0 1 8.07427e-7 0 1 4.4839e-5 0 1 -2.10331e-5 0 1 3.29854e-6 0 1 3.69309e-6 0 1 -3.3929e-6 0 1 2.43617e-5 0 1 -1.27005e-5 2.33756e-7 0.5000008 -0.866025 -3.99599e-7 0.4999995 -0.8660258 6.20664e-7 0.5000004 -0.8660253 0 0.4999995 -0.8660257 0 0.500001 -0.8660249 6.20665e-7 0.5000001 -0.8660255 -7.99198e-7 0.5000006 -0.8660251 0 0.5000002 -0.8660253 2.01859e-6 0.5000005 -0.8660252 -1.02842e-6 0.4999989 -0.8660261 0 0.5000012 -0.8660249 -2.74005e-7 0.4999967 -0.8660274 0 0.5000001 -0.8660254 -3.87556e-5 0.4999864 -0.8660334 0 0.5000109 -0.8660192 0 0.5000004 -0.8660252 2.27245e-6 0.5000054 -0.8660223 -1.03869e-6 0.5000005 -0.8660252 0 0.5000011 -0.8660249 0 0.4999989 -0.8660262 -5.1421e-7 0.5000005 -0.8660252 0 0.4999989 -0.866026 1.91804e-7 0.4999991 -0.866026 1.05062e-6 0.5000055 -0.8660223 3.87566e-5 0.499999 -0.8660261 -2.019e-5 0.5000054 -0.8660224 6.05979e-6 0.5000108 -0.8660192 1.03869e-6 0.4999992 -0.8660259 -1.32898e-6 0.4999992 -0.866026 4.85235e-7 0.5000011 -0.8660248 0 0.499997 -0.8660271 -1.25351e-5 0.500005 -0.8660226 0 0.5000001 -0.8660255 0 0.4999998 -0.8660256 -1.25348e-5 0.4999954 -0.8660281 0 -0.5000002 -0.8660254 1.1988e-6 -0.4999995 -0.8660258 -6.20664e-7 -0.5000004 -0.8660252 0 -0.4999995 -0.8660257 0 -0.5000011 -0.8660249 -6.20664e-7 -0.4999998 -0.8660256 7.99198e-7 -0.5000007 -0.866025 0 -0.5000006 -0.8660251 0 -0.4999988 -0.8660262 5.1421e-7 -0.5000001 -0.8660253 0 -0.499999 -0.866026 -1.91804e-7 -0.4999986 -0.8660262 -1.05062e-6 -0.5000063 -0.8660218 -3.87574e-5 -0.4999699 -0.8660429 2.019e-5 -0.5000054 -0.8660224 0 -0.5000008 -0.866025 -6.05986e-6 -0.500005 -0.8660227 -1.03869e-6 -0.5000004 -0.8660253 1.32898e-6 -0.4999984 -0.8660264 -2.01859e-6 -0.4999997 -0.8660256 1.02842e-6 -0.4999996 -0.8660257 0 -0.5 -0.8660255 2.74005e-7 -0.4999972 -0.8660271 0 -0.4999993 -0.8660258 3.87549e-5 -0.5000154 -0.8660165 0 -0.5000109 -0.8660192 0 -0.4999992 -0.8660259 -2.27239e-6 -0.5000035 -0.8660236 1.03869e-6 -0.4999999 -0.8660256 0 -0.5000014 -0.8660247 0 -0.4999997 -0.8660256 0 -0.5000007 -0.866025 1.25351e-5 -0.500005 -0.8660226 -4.85235e-7 -0.5000014 -0.8660246 0 -0.4999961 -0.8660277 1.25348e-5 -0.4999941 -0.8660289 0 -1 3.12802e-6 0 -1 -8.44283e-7 0 -1 6.12646e-7 0 -1 -1.35217e-7 0 -1 2.14022e-6 0 -1 6.47069e-6 0 -1 -6.47063e-6 0 -1 2.48891e-7 0 -1 -2.70989e-6 0 -1 -3.6195e-7 0 -1 -2.48891e-7 0 -1 2.70988e-6 0 -1 -8.07427e-7 0 -1 5.53972e-6 0 -1 -3.39283e-6 0 -1 -3.69309e-6 0 -1 3.3929e-6 0 -1 -2.43617e-5 0 -1 1.27005e-5 9.35025e-7 -0.5000008 0.866025 0 -0.4999995 0.8660258 -1.24133e-6 -0.4999998 0.8660255 2.30897e-6 -0.5000022 0.8660243 -2.30897e-6 -0.4999983 0.8660264 1.24133e-6 -0.4999997 0.8660257 0 -0.5 0.8660254 0 -0.4999984 0.8660264 -2.01859e-6 -0.5000028 0.8660238 1.02842e-6 -0.4999996 0.8660256 0 -0.4999994 0.8660258 -4.38408e-7 -0.4999967 0.8660274 0 -0.500008 0.8660209 0 -0.4999573 0.8660501 0 -0.5000109 0.8660192 0 -0.5000016 0.8660245 1.51497e-6 -0.5000054 0.8660223 0 -0.4999974 0.866027 -1.99346e-6 -0.5000016 0.8660245 2.01858e-6 -0.5000011 0.8660248 0 -0.5000013 0.8660247 0 -0.4999989 0.866026 -2.74006e-7 -0.4999991 0.866026 0 -0.5000055 0.8660223 0 -0.499999 0.8660261 0 -0.5000054 0.8660224 0 -0.5000011 0.8660249 -6.05979e-6 -0.5000108 0.8660192 2.07737e-6 -0.5000016 0.8660246 -2.65796e-6 -0.4999961 0.8660277 1.94094e-6 -0.5000011 0.8660248 0 -0.499997 0.8660271 -5.01403e-5 -0.500005 0.8660226 0 -0.5000001 0.8660255 0 -0.4999998 0.8660256 1.25348e-5 -0.4999954 0.8660281 -8.7933e-6 0 1 -4.93427e-6 0 -1 -2.48964e-6 0 -1 4.93427e-6 0 -1 -1.26554e-6 0 -1 1.26554e-6 0 -1 0.8969117 -5.8172e-4 -0.4422094 0.9371165 -0.1029861 -0.3334766 0.9248502 -0.2152133 -0.3135849 0.7970061 3.96465e-4 -0.6039711 0.6802529 -0.04423934 -0.7316413 0.678636 -0.04297131 -0.7332167 0.1619908 0 -0.9867923 0.3095736 -0.04974478 -0.9495735 0.2470097 -0.02489131 -0.9686933 0.4221845 2.24152e-4 -0.90651 0.5743793 -3.86132e-4 -0.8185893 -0.5743796 -3.86399e-4 -0.8185891 -0.1619907 0 -0.9867923 -0.2470884 8.61847e-4 -0.9689926 -0.3733378 -0.07549381 -0.9246187 -0.3095754 -0.04974627 -0.9495728 -0.924846 -0.2152322 -0.313584 -0.9371169 -0.1029861 -0.3334754 -0.8969106 -5.77524e-4 -0.4422116 -0.6809176 0.001273393 -0.7323589 -0.7404943 -0.09452646 -0.6653819 -0.67864 -0.04297053 -0.733213 0.9951848 0.09801644 0 0.9897803 0.1423082 -0.0091421 0.956928 0.2902827 0.004992425 0.9430395 0.3326806 0 0.8819207 0.4713978 0 0.8860908 0.4635083 0.001829206 0.7730093 0.6343916 -0.00199455 0.7786418 0.6274688 0 0.6814183 0.7318942 0 0.6343851 0.7730031 0.004659056 0.5406121 0.841207 -0.01047366 0.4713946 0.8819175 0.002994716 0.3991135 0.9169015 0 0.2902845 0.9569404 0 0.2645581 0.9643542 -0.005486845 0.09801721 0.9951768 0.003993272 0.07133936 0.9974521 0 -0.09801781 0.9951847 0 -0.07133853 0.9974371 0.00548613 -0.2902775 0.9569172 -0.006976246 -0.9898214 0.1423149 0 -0.9950972 0.09800785 -0.01327335 -0.9429982 0.3326726 0.00914222 -0.9569401 0.2902854 0 -0.8860939 0.4635059 0 -0.88192 0.4713963 0.001663267 -0.7786399 0.6274684 -0.001829147 -0.7730108 0.6343929 0 -0.6814167 0.7318957 0 -0.6343867 0.7730019 0.004659354 -0.5406113 0.8412074 -0.01047384 -0.4713941 0.8819177 0.002994477 -0.3991135 0.9169015 0 -0.2645626 0.9643687 0 5.50023e-6 0 -1 -5.50023e-6 0 -1 -9.79071e-7 0 -1 -4.81367e-7 0 -1 -6.80132e-7 0 -1 -9.76989e-7 0 -1 1.34649e-6 0 -1 -3.12451e-5 0 -1 9.7907e-7 0 -1 9.76989e-7 0 -1 3.12446e-5 0 -1 -4.33512e-6 0 -1 -2.53636e-6 0 -1 1.36428e-6 0 1 2.79701e-6 0 1 -1.35965e-6 0 1 2.79701e-6 0 1 -2.08136e-6 0 1 3.51478e-6 0 1 -3.51478e-6 0 1 -1.40965e-6 0 1 1.37333e-6 0 1 -1.5748e-6 0 1 -3.7804e-6 0 1 -2.6746e-6 0 1 2.6746e-6 0 1 3.78041e-6 0 1 -2.79701e-6 0 1 -2.79701e-6 0 1 1.40965e-6 0 1 -1.37333e-6 0 1 -0.130526 0.991445 0 -0.2582654 0.9638587 0.06538671 -0.8578572 0.5138881 -5.35041e-5 -0.8389123 0.5442618 -0.002315223 -0.8179072 0.5752923 -0.008161783 -0.7660843 0.6426715 0.009398102 -0.3826844 0.9238792 0 -0.5641168 0.8256951 0 -0.6047229 0.7963024 0.01458728 -0.6877157 0.7259521 -0.006376564 -0.7519274 0.6592225 0.005554258 -0.9999989 0.001556515 0 -0.9999995 0.001127541 -6.27305e-7 -0.9931502 0.116845 7.45134e-6 -0.9976816 0.05948388 0.03306353 -0.9700565 0.241178 -0.028696 -0.9600675 0.2759392 -0.04613083 -0.8694808 0.4939668 2.62582e-5 -0.8892189 0.4574802 0.001303613 -0.9103412 0.4137338 0.01016026 -0.9492895 0.3141347 -0.01299542 -0.9869557 0.1590039 0.02522349 0.9999992 0.001353681 0 0.9487897 0.3157806 -0.00899434 0.8972715 0.4414597 0.004164695 0.9836754 0.1719492 0.05306887 0.9461416 0.3158597 -0.07105678 0.9942319 0.07864922 0.07291913 0.9706886 0.2314535 -0.06475389 0.9987876 0.02731138 0.04095709 0.9899322 0.1403827 -0.01808607 0.9989718 0.04533648 -2.11149e-4 0.6047217 0.7963034 0.0145871 0.8892593 0.4574025 0.001026034 0.8695018 0.4939299 -1.41399e-5 0.8471832 0.531301 8.12607e-5 0.8179078 0.5752916 -0.008161962 0.7660827 0.6426733 0.009398102 0.7519216 0.6592293 0.005553483 0.6877184 0.7259496 -0.006376564 0.130526 0.991445 0 0.2582652 0.9638589 0.06538641 0.3826844 0.9238792 0 0.5641186 0.8256939 0 -0.9690113 0.2438052 0.03970253 -0.9977356 0.03723722 -0.05600905 -0.9462451 0.3152325 0.07244908 -0.9947093 0.07653754 -0.06852412 -0.9082694 0.4106174 0.08025109 -0.9798793 0.1835815 -0.0783236 -0.9453874 0.325595 -0.01518261 -0.9894962 0.1441457 0.0109229 -0.998969 0.04539835 1.27458e-4 -0.9999993 0.001196861 0 -0.6047649 0.7963553 -0.008820891 -0.8893339 0.4572582 -6.11317e-4 -0.8694897 0.4939512 7.91524e-6 -0.8471845 0.5312988 -4.8727e-5 -0.8174031 0.5760459 0.004850447 -0.7664493 0.6422801 -0.005649149 -0.7522118 0.658913 -0.003348171 -0.6875475 0.7261294 0.003827452 -0.1305261 0.9914449 0 -0.2586157 0.9651687 -0.03959017 -0.3826838 0.9238795 0 -0.5641174 0.8256946 0 0.1305261 0.9914449 0 0.2586159 0.9651686 -0.03959 0.7664493 0.6422801 -0.005649209 0.8174022 0.5760471 0.004850804 0.8387691 0.5444856 0.001376867 0.3826828 0.9238798 0 0.5641174 0.8256946 0 0.6047656 0.7963548 -0.00882101 0.6875475 0.7261293 0.003827333 0.752219 0.6589047 -0.003348171 0.9999992 0.001235723 0 0.8578532 0.5138951 3.20282e-5 0.8694942 0.4939432 -1.57801e-5 0.8893023 0.4573192 -7.76192e-4 0.9931714 0.1166642 3.33601e-4 0.970902 0.2363652 0.03848242 0.99856 0.02984261 -0.04458039 0.9605997 0.272946 0.05242955 0.9969509 0.0646305 -0.04372638 0.9203821 0.3861057 0.06180101 0.9796846 0.1841168 -0.07949399 0.9452865 0.3258566 -0.01583874 -0.9951094 0.08849531 0.04388421 -0.9941893 0.002158105 -0.1076242 -0.9874733 0.06310063 -0.1446197 -0.9671872 -0.0152179 -0.2536086 -0.9345868 0.1218233 -0.3342254 -0.9366598 0.1428194 -0.3197986 -0.8245953 0.05686616 -0.5628577 -0.8061167 0.0964719 -0.58384 -0.7518872 0.08768302 -0.6534351 -0.9991438 0.04105424 -0.005126833 -0.9911379 0.1213232 -0.05409526 -0.9909815 0.1303756 -0.03095334 -0.9559299 0.2703645 -0.1144607 -0.9561561 0.2818984 -0.0793659 -0.9028533 0.4050924 -0.1440702 -0.9051946 0.403307 -0.1340383 -0.8837423 0.4421986 -0.1531662 -0.8371682 0.5058878 -0.207911 -0.830628 0.5254222 -0.1843597 -0.7614449 0.612208 -0.2130798 -0.7600948 0.6135168 -0.2141334 -0.6839475 0.6899411 -0.2370591 -0.6744171 0.6919289 -0.2576739 -0.9999976 -6.90225e-5 -0.002212285 -0.9993103 0.0305733 -0.02108281 -0.9986429 0.01218664 -0.05063676 -0.9913366 0.08845692 -0.09709382 -0.9873473 0.06200438 -0.1459488 -0.955083 0.1939924 -0.2240164 -0.9373648 0.1457567 -0.3163895 -0.8892378 0.2587783 -0.3772134 -0.8719602 0.2595968 -0.4150844 -0.8090986 0.3613122 -0.4634793 -0.7653579 0.326006 -0.5549301 -0.6992078 0.4104382 -0.5853623 -0.6666816 0.4348207 -0.6053648 -0.5962538 0.5056043 -0.623575 -0.5263775 0.4787068 -0.7026853 -0.6814113 0.2009766 -0.7037664 -0.6757298 0.1421081 -0.723322 -0.5030697 0.1402051 -0.8527974 -0.5085957 0.1336895 -0.8505632 -0.4399035 0.1767742 -0.8804748 -0.3907127 0.228242 -0.8917675 -0.237285 0.1399917 -0.9613003 -0.5450004 0.7977132 -0.2581246 -0.5450018 0.7977119 -0.2581257 -0.3994676 0.5846911 -0.7060893 -0.3994638 0.5846933 -0.7060896 -0.1464005 0.2142812 -0.9657384 -0.1463952 0.214282 -0.965739 -0.3698542 0.8929103 -0.2567473 -0.3698557 0.8929086 -0.2567508 -0.2717557 0.6560803 -0.704065 -0.2717587 0.6560814 -0.7040628 -0.09984505 0.2410434 -0.9653648 -0.09984236 0.2410437 -0.9653649 -0.1261472 0.9582101 -0.2567499 -0.1261522 0.9582079 -0.2567551 -0.09269112 0.7040627 -0.7040627 -0.09269326 0.7040618 -0.7040632 -0.03405576 0.2586725 -0.9653646 -0.0340588 0.2586717 -0.9653647 0 0.2588227 -0.9659249 0 0.2588215 -0.9659253 0 0.7071068 -0.7071068 0 0.9659262 -0.2588178 0 0.9659261 -0.258818 0.1261506 0.9582096 -0.2567498 0.1261508 0.9582084 -0.2567542 0.09269112 0.7040627 -0.7040627 0.0926904 0.7040614 -0.704064 0.03405565 0.2586714 -0.9653649 0.03405886 0.2586727 -0.9653645 0.3698559 0.8929091 -0.2567493 0.3698545 0.8929094 -0.2567504 0.2717565 0.6560817 -0.7040635 0.2717565 0.656082 -0.704063 0.09984225 0.2410442 -0.9653649 0.0998423 0.2410435 -0.965365 0.5450014 0.7977124 -0.2581251 0.5450033 0.7977101 -0.258128 0.3994616 0.5846935 -0.7060906 0.399466 0.5846912 -0.7060901 0.1463975 0.2142807 -0.9657388 0.1464015 0.2142827 -0.9657379 0.5030705 0.1402026 -0.8527974 0.9951117 0.08846926 0.04388713 0.9941915 0.002157986 -0.1076042 0.9837762 0.08523863 -0.1578572 0.9388725 0.1452267 -0.3121344 0.9326633 0.1275183 -0.3374586 0.9684132 -0.02408105 -0.2481855 0.9999971 0 -0.00240767 0.9991522 0.03381025 -0.02349048 0.9986522 0.01194894 -0.05050945 0.9899347 0.09748619 -0.1025948 0.9878917 0.05837225 -0.1437455 0.948324 0.213096 -0.2350993 0.9405481 0.1363223 -0.3111038 0.8771399 0.2816668 -0.3889594 0.8823648 0.2395737 -0.4050148 0.9057537 0.3996046 -0.1411618 0.9550316 0.2852018 -0.0810852 0.9582369 0.2637659 -0.1104974 0.9907383 0.1319828 -0.03190988 0.9917448 0.1173715 -0.0516349 0.999143 0.04107642 -0.005097925 0.6541399 0.1422417 -0.7428785 0.8299447 0.5145381 -0.2155049 0.8837487 0.4421866 -0.1531648 0.9026748 0.4081357 -0.1363956 0.4512584 0.1988785 -0.8699501 0.4956812 0.1140328 -0.8609859 0.6698438 0.4432759 -0.5956642 0.695144 0.4026913 -0.5954952 0.5606111 0.4454187 -0.6980813 0.5548731 0.5423243 -0.6308726 0.3007487 0.08526074 -0.9498847 0.3175442 0.2991415 -0.8998223 0.8245947 0.0568726 -0.5628581 0.7788779 0.1482952 -0.6093915 0.7750989 0.04329645 -0.6303548 0.6967611 0.1784217 -0.6947587 0.786098 0.3926461 -0.4773669 0.7819997 0.3019146 -0.5452744 0.8360015 0.5177331 -0.1818078 0.7600612 0.6137468 -0.2135928 0.761438 0.6120086 -0.2136763 0.6751995 0.6977172 -0.2393668 0.6817528 0.6848008 -0.2574122 0.9954444 -0.02204644 0.09276014 0.9874737 0.06312483 0.1446062 0.9671874 -0.01521265 0.2536081 0.9395694 0.10627 0.3254474 0.9435129 0.1757733 0.2808687 0.8312985 0.04131013 0.5542891 0.8060981 0.09646725 0.5838665 0.751887 0.08767926 0.6534359 0.9991439 0.0410552 0.005097627 0.9911338 0.1213712 0.05406326 0.9909827 0.1303665 0.03095388 0.95593 0.2703645 0.1144593 0.9561601 0.281885 0.07936412 0.9028546 0.4050894 0.1440698 0.9051965 0.4033041 0.1340339 0.8837494 0.442187 0.1531592 0.8371673 0.5058915 0.2079054 0.8306282 0.5254226 0.1843585 0.7614618 0.6121858 0.2130834 0.7600666 0.6135497 0.2141393 0.6839419 0.6899463 0.2370604 0.6744273 0.6919202 0.2576708 0.9999971 0 0.002409219 0.9992963 0.030864 0.02131909 0.998643 0.01213449 0.05064576 0.9913263 0.08853369 0.09712916 0.9873481 0.0619874 0.1459493 0.9550788 0.1940112 0.2240182 0.9373664 0.1457477 0.3163891 0.8892391 0.2587866 0.3772044 0.8719583 0.2595909 0.4150922 0.8090991 0.3613071 0.4634823 0.7653627 0.3260059 0.5549237 0.6991842 0.4104624 0.5853734 0.6666923 0.4348229 0.6053516 0.5962459 0.5056092 0.6235785 0.5263836 0.4787074 0.7026802 0.6870706 0.1927557 0.7005564 0.6848254 0.1574895 0.7114852 0.5098357 0.1321961 0.850054 0.508612 0.1336955 0.8505524 0.4398491 0.1767786 0.8805012 0.3907136 0.2282458 0.8917661 0.2372778 0.1399882 0.9613025 0.1143657 0.2327781 0.965782 0.5450012 0.7977122 0.2581261 0.5449994 0.7977131 0.2581272 0.3994604 0.5846922 0.7060924 0.3994682 0.5846921 0.7060881 0.1463904 0.2142764 0.9657409 0.1463951 0.214276 0.9657403 0.08298432 0.2456715 0.9657946 0.1066884 0.2575567 0.9603552 0.2717555 0.6560824 0.7040632 0.2717561 0.6560813 0.704064 0.3698559 0.8929086 0.2567504 0.3698543 0.892909 0.2567517 0.1261472 0.9582097 0.2567512 0.1261523 0.958209 0.2567512 0.0926913 0.7040613 0.704064 0.09268999 0.7040612 0.7040643 0.0340498 0.2586658 0.9653666 0.03405201 0.2586658 0.9653666 0 0.2588162 0.9659267 0 0.2588154 0.9659269 0 0.7071055 0.7071081 0 0.7071056 0.707108 0 0.9659261 0.258818 0 0.9659262 0.2588178 -0.1261503 0.9582092 0.2567514 -0.1261507 0.9582092 0.2567512 -0.09268844 0.7040621 0.7040635 -0.09268999 0.7040614 0.704064 -0.03404986 0.2586662 0.9653666 -0.5450014 0.7977124 0.2581251 -0.544999 0.7977139 0.2581253 -0.3994652 0.5846911 0.7060906 -0.3994597 0.5846948 0.7060908 -0.1329369 0.2705456 0.9534846 -0.0829842 0.2456719 0.9657945 -0.03405034 0.2586654 0.9653667 -0.3698591 0.8929076 0.2567496 -0.3698562 0.8929082 0.2567515 -0.2717575 0.6560814 0.7040634 -0.2717611 0.6560801 0.7040631 -0.09983956 0.2410379 0.9653667 -0.1464005 0.2142754 0.9657396 -0.1463956 0.2142759 0.9657403 -0.5098342 0.1321958 0.8500549 -0.9954423 -0.02208817 0.09277343 -0.9837773 0.08517456 0.157885 -0.9509367 0.1921738 0.242464 -0.9326679 0.1275347 0.3374398 -0.9684204 -0.02404046 0.2481613 -0.9999976 -6.90797e-5 0.002213895 -0.9991492 0.0340619 0.02325606 -0.9986528 0.01196271 0.05049431 -0.989934 0.09749567 0.1025934 -0.9878905 0.05835491 0.1437606 -0.9483208 0.2131061 0.2351033 -0.940546 0.1363211 0.3111106 -0.8771432 0.281655 0.3889608 -0.8823668 0.2395797 0.4050069 -0.9057502 0.3996117 0.1411629 -0.9550309 0.2852043 0.08108443 -0.9582368 0.2637673 0.1104955 -0.9907376 0.1319879 0.03191143 -0.9917451 0.1173577 0.05166041 -0.9991438 0.04105484 0.005126595 -0.6700296 0.1554791 0.7258696 -0.8299522 0.5145269 0.2155032 -0.8837467 0.4421907 0.1531638 -0.902674 0.4081346 0.1364035 -0.4512506 0.1988572 0.8699591 -0.4956808 0.1140406 0.8609851 -0.6698552 0.4432507 0.5956702 -0.6951332 0.4027176 0.59549 -0.5606072 0.445416 0.6980861 -0.5548741 0.5423297 0.6308671 -0.3007466 0.08525514 0.9498859 -0.3175393 0.2991402 0.8998244 -0.8312988 0.04130274 0.5542893 -0.778873 0.1482802 0.6094013 -0.7750918 0.04329729 0.6303634 -0.696755 0.1784229 0.6947646 -0.7860978 0.3926513 0.4773628 -0.7820049 0.3019109 0.5452689 -0.8360021 0.5177317 0.1818084 -0.7600474 0.6137628 0.2135958 -0.761431 0.6120169 0.2136783 -0.6752058 0.6977112 0.2393667 -0.6817494 0.6848048 0.2574108 -0.2588191 0.9659259 0 -0.258818 0.9659261 0 -0.7071084 0.7071053 0 -0.707106 0.7071076 0 -0.9659264 0.2588168 0 -0.9659253 0.2588209 0 -0.9659255 -0.2588205 0 -0.9659264 -0.2588168 0 -0.7071063 -0.7071074 0 -0.7071081 -0.7071055 0 -0.258818 -0.9659261 0 -0.2588191 -0.9659259 0 0.2588191 -0.9659259 0 0.2588185 -0.965926 0 0.7071073 -0.7071063 0 0.707106 -0.7071076 0 0.965926 -0.2588185 0 0.965926 -0.2588188 0 0.965926 0.2588188 0 0.9659259 0.2588189 0 0.7071063 0.7071074 0 0.7071071 0.7071066 0 0.2588185 0.965926 0 0.2588191 0.9659259 0 -0.2588183 0 0.9659261 -0.6087539 0.001012682 0.7933585 -0.4894827 -4.63101e-4 0.872013 -0.2200716 0.003674209 0.9754768 -0.7933519 9.29759e-4 0.6087626 -0.7936853 9.45202e-4 0.6083281 -0.6577993 -9.47349e-4 0.7531927 -0.9999973 0 0.002329587 -0.9965724 1.48773e-4 0.0827257 -0.9681442 0.01271891 0.2500703 -0.9659268 0 0.258816 -0.9770082 0.004394412 0.2131567 -0.8819688 -6.27349e-4 0.4713073 -0.6076624 0.05985063 0.7919371 -0.2587354 0.02548295 0.9656121 -0.2587295 0.02548319 0.9656136 -0.2487944 0.07546973 0.9656116 -0.2487834 0.07547003 0.9656144 -0.2292936 0.1225558 0.965611 -0.2292788 0.1225565 0.9656144 -0.2009674 0.1649327 0.9656135 -0.2009657 0.1649338 0.9656137 -0.1649302 0.200972 0.9656129 -0.1649284 0.2009712 0.9656134 -0.1225572 0.2292861 0.9656127 -0.1225489 0.2292876 0.9656133 -0.07547473 0.2487902 0.9656122 -0.07547253 0.2487908 0.9656123 -0.02548211 0.2587347 0.9656124 -0.02548199 0.2587341 0.9656125 0.02548575 0.2587342 0.9656124 0.02548193 0.2587343 0.9656125 0.0754745 0.2487889 0.9656126 0.07546597 0.2487909 0.9656127 0.1225535 0.2292871 0.9656128 0.1225528 0.2292878 0.9656127 0.1649302 0.2009724 0.9656129 0.1649287 0.2009719 0.9656132 0.2009674 0.1649318 0.9656136 0.2009682 0.1649339 0.9656131 0.2292944 0.1225553 0.9656109 0.2292769 0.1225563 0.9656149 0.2487936 0.07546991 0.9656118 0.2487795 0.07547008 0.9656154 0.2587354 0.02548295 0.965612 0.2587268 0.02548277 0.9656144 -0.961584 0.09470951 0.2576556 -0.7909401 0.07790088 0.6069146 -0.6999598 0.1033412 0.7066661 -0.6782901 0.205757 0.7053983 -0.6782934 0.2057558 0.7053954 -0.6251161 0.3341313 0.7053979 -0.6251166 0.3341311 0.7053976 -0.5479165 0.4496629 0.7054013 -0.547921 0.4496648 0.7053965 -0.4496625 0.5479181 0.7054001 -0.4496672 0.5479193 0.7053964 -0.3341293 0.6251141 0.7054006 -0.3341336 0.6251155 0.7053974 -0.2057563 0.6782889 0.7053996 -0.2057582 0.6782887 0.7053992 -0.06947511 0.7053966 0.7053999 -0.06947529 0.7053967 0.7053997 0.06947159 0.7053959 0.7054008 0.06947851 0.7053969 0.7053992 0.2057556 0.6782882 0.7054005 0.2057592 0.6782904 0.7053973 0.3341305 0.6251146 0.7053997 0.3341322 0.6251145 0.705399 0.4496684 0.5479189 0.7053958 0.4496608 0.547919 0.7054005 0.547919 0.4496649 0.705398 0.5479209 0.4496635 0.7053974 0.6251108 0.3341311 0.7054026 0.6251205 0.3341291 0.7053951 0.6782895 0.2057576 0.7053986 0.6782954 0.2057552 0.7053936 0.7053911 0.06947475 0.7054054 0.7054035 0.0694766 0.7053928 -0.9615847 0.09470635 0.2576541 -0.9246304 0.2804851 0.2576566 -0.9246313 0.2804843 0.2576541 -0.8521444 0.4554816 0.2576558 -0.8521467 0.4554775 0.2576556 -0.7469073 0.612979 0.2576554 -0.7469134 0.612972 0.2576544 -0.6129744 0.7469108 0.2576565 -0.6129748 0.7469106 0.257656 -0.4554784 0.8521456 0.2576572 -0.4554829 0.852144 0.2576549 -0.2804836 0.9246299 0.2576597 -0.2804855 0.924631 0.2576537 -0.09470677 0.961584 0.2576566 -0.09470957 0.9615835 0.2576574 0.09470677 0.961584 0.2576566 0.09470844 0.9615844 0.2576543 0.2804866 0.9246299 0.2576567 0.2804837 0.9246314 0.2576544 0.4554782 0.8521468 0.2576541 0.4554822 0.8521439 0.2576562 0.6129729 0.7469134 0.2576524 0.6129759 0.7469092 0.2576574 0.7469093 0.6129776 0.257653 0.7469141 0.6129716 0.2576535 0.8521447 0.4554818 0.2576544 0.8521461 0.4554792 0.2576545 0.9246306 0.2804852 0.2576559 0.9246324 0.2804815 0.2576531 0.9615843 0.09470725 0.2576553 0.961584 0.09470963 0.2576556 0.9659264 0 0.258817 0.8491635 -2.8738e-6 0.52813 0.8896722 4.10327e-6 0.4565998 0.9745378 0.003337144 0.2241984 0.977139 3.87636e-4 0.2126012 0.9999977 0 0.002193391 0.2588177 0 0.9659262 0.220071 0.003674328 0.975477 0.4616117 -6.52738e-6 0.8870822 0.7071081 3.8011e-5 0.7071056 0.5465192 0.01705282 0.8372731 0.7072452 0.002156972 0.7069652 0.1950835 0 -0.9807867 0.2133803 -0.002217054 -0.9769668 0.4914068 0.001117348 -0.8709295 0.5555644 0.00479871 -0.8314598 0.6571961 -0.001461207 -0.7537183 0.7941884 0.00145787 -0.60767 0.8314656 0.004159629 -0.5555609 0.8824295 -6.26101e-5 -0.4704447 0.9999976 0 -0.002196192 0.9969493 0.002743303 -0.07800436 0.9622965 7.31289e-5 -0.2720026 0.9807794 0.003464996 -0.1950892 0.9967351 0 -0.08074104 0 0.8340849 -0.5516362 0 0.5595037 -0.8288279 -0.19501 0.02803856 -0.9804005 -0.1792204 0.08184427 -0.9803987 -0.1792153 0.08184438 -0.9803996 -0.1488891 0.1290199 -0.9804009 -0.1488988 0.1290192 -0.9803995 -0.1065132 0.1657416 -0.9804003 -0.1065177 0.1657419 -0.9803998 -0.05550718 0.1890371 -0.9804 -0.05550324 0.1890381 -0.9803999 0 0.1970176 -0.9804 0 0.1970171 -0.9804001 0 0.5594978 -0.8288319 -0.1576299 0.5368332 -0.8288322 -0.1576313 0.5368377 -0.8288291 -0.3024925 0.4706811 -0.8288291 -0.3024908 0.4706811 -0.8288297 -0.4228418 0.3663939 -0.8288308 -0.4228477 0.3663939 -0.8288278 -0.5089377 0.2324246 -0.8288314 -0.5089431 0.2324244 -0.828828 0.1792168 0.08184385 -0.9803994 0.1792195 0.08184432 -0.9803989 0.508937 0.2324246 -0.8288317 0.5089401 0.232424 -0.8288301 0.7587068 0.3464913 -0.5516412 0.7587059 0.3464906 -0.5516427 0.1488924 0.1290194 -0.9804005 0.1488954 0.12902 -0.9803999 0.422843 0.3663941 -0.8288301 0.4228455 0.3663948 -0.8288286 0.6303564 0.5462065 -0.5516424 0.6303557 0.5462116 -0.5516381 0.1065176 0.1657416 -0.9803998 0.1065135 0.1657423 -0.9804001 0.3024882 0.4706792 -0.8288317 0.3024893 0.4706811 -0.8288303 0.4509413 0.7016763 -0.551636 0.4509333 0.7016753 -0.5516439 -0.1950094 0.02803844 -0.9804005 -0.4414193 0.06346261 -0.8950541 -0.5508108 0.09161871 -0.8295863 -0.6064413 0.08719348 -0.7903332 -0.7882371 0.1133336 -0.6048453 0 0.8340818 -0.5516406 -0.234988 0.8002939 -0.5516434 -0.2349846 0.8002991 -0.5516374 -0.4509443 0.7016726 -0.5516383 -0.450933 0.7016741 -0.5516456 -0.6303591 0.5462067 -0.5516391 -0.6303508 0.5462123 -0.551643 -0.7587074 0.3464916 -0.5516402 -0.7587062 0.3464906 -0.5516424 -0.823426 0.1299043 -0.5523536 -0.8895084 0.1278928 -0.4386549 0.1950078 0.0280385 -0.9804009 0.195011 0.02803885 -0.9804002 0.5538107 0.07962536 -0.8288267 0.5538063 0.07962441 -0.8288297 0.8255908 0.1187022 -0.5516427 0.8255922 0.1187026 -0.5516407 0.9711769 0.139634 -0.1931784 0.9711763 0.1396358 -0.1931801 0.3914473 0.8992885 -0.1950626 0.5304557 0.8254064 -0.1931871 0.5304593 0.8254076 -0.193172 0.6683337 0.7178547 -0.1949741 0.7230972 0.626565 -0.2907696 0.7638474 0.6155445 -0.1940162 0.8924989 0.4075883 -0.193178 0.8202235 0.42905 -0.3783512 0.9249693 0.3263055 -0.1948242 0.2595548 0.9461192 -0.1936233 0.2727162 0.9287815 -0.25098 0.2349851 0.8002969 -0.5516403 0.2349885 0.8002959 -0.5516404 0.1576316 0.5368384 -0.8288288 0.1576297 0.5368326 -0.8288327 0.05550378 0.1890379 -0.9804 0.05550652 0.1890382 -0.9803997 -0.6683403 0.7178481 -0.1949753 -0.530456 0.8254075 -0.1931817 -0.5304568 0.825408 -0.1931768 -0.3914473 0.8992882 -0.1950638 -0.2727158 0.9287813 -0.2509809 -0.2595548 0.9461178 -0.1936295 0 0.9811643 -0.1931757 -0.06433558 0.8995281 -0.4320997 0.06997543 0.9783805 -0.1946152 -0.7375929 0.5943939 -0.3203945 -0.7415149 0.642524 -0.1931806 -0.869199 0.4546698 -0.1943409 -0.8636343 0.394407 -0.313973 -0.9249675 0.3263111 -0.1948238 -0.9711769 0.139634 -0.1931784 -0.9711759 0.1396353 -0.1931819 -0.8968691 8.163e-6 -0.4422963 -0.8900181 4.28693e-4 -0.4559252 -0.9807839 -0.001405835 -0.1950924 -0.97747 0 -0.2110744 -0.9796561 0.007183194 -0.2005558 -0.9999974 0 -0.002332866 -0.1950838 0 -0.9807867 -0.213378 -0.002217054 -0.9769672 -0.4422683 4.95525e-4 -0.8968827 -0.4616889 -1.02766e-5 -0.8870419 -0.6087487 3.0478e-5 -0.7933631 -0.533423 0.006127834 -0.8458266 -0.7933077 -0.0115962 -0.6087105 -0.7084404 0.003223121 -0.7057632 -0.8491572 -3.99652e-6 -0.5281401 0 -1 -4.90959e-7 0 -1 -2.68983e-7 0 -1 3.85358e-7 0 -1 3.56826e-7 -0.1619901 -0.9867924 0 -0.3016346 -0.9513923 0.06220316 -0.09235888 -0.9946263 -0.04678237 -0.4170969 -0.9084011 0.02894455 -0.5563398 -0.8286368 -0.06202656 -0.6500665 -0.758407 0.04724979 0.1648104 -0.9863253 0 0.1610721 -0.9869413 0.001658678 0.3478926 -0.9375344 -2.70489e-4 0.3399521 -0.9404427 5.74761e-4 0.5172334 -0.8558372 -0.003511309 0.5326761 -0.8460259 -0.02228105 0.6772085 -0.7357805 0.003954946 1 -2.22336e-7 0 0 1 -1.17362e-6 0 1 4.43299e-7 0 1 -2.21104e-7 0 1 1.31e-7 0 1 6.23463e-7 -0.9070729 0.4209718 0.001332342 -0.9999985 0.001779735 0 -0.9861199 0.1660289 0.001446008 -0.9931073 0.1100185 0.04042232 -0.9712421 0.2380902 -0.001394271 -0.917388 0.3979787 -0.003529131 -0.8758774 0.4825336 6.57386e-5 -0.8113931 0.584501 -3.44776e-4 -0.7860592 0.6181152 0.006677031 -0.7056011 0.7086086 -0.001053154 -0.582809 0.8126044 0.002798557 -0.664981 0.7467591 -0.01229733 -0.578854 0.8154314 1.94455e-4 -0.4331872 0.901304 -1.62463e-4 -0.4360699 0.8999128 -4.30538e-4 -0.3402207 0.9403457 1.53224e-4 -0.159019 0.9872609 0.005366265 -0.3338623 0.9422453 -0.02664411 -0.1648102 0.9863254 0 0.5611094 0.8269296 0.03665792 0.9091106 0.4165547 3.94703e-4 0.9860887 0.16622 0 0.9949959 0.07816064 0.06224328 0.993109 0.1100023 0.04042303 0.9712422 0.2380898 -0.001393973 0.9070736 0.42097 0.001332342 0.7086895 0.7053617 -0.01497036 0.8368183 0.5474809 -2.354e-4 0.8135211 0.5815181 -0.004502296 0.6998455 0.7142418 0.008654117 0.4332184 0.9012891 -2.09826e-4 0.4338478 0.9009863 -1.51123e-4 0.5547873 0.8319923 1.2497e-4 0.04776376 0.9988587 0 0.2287354 0.9734588 -0.007622778 0.1593654 0.9872084 0.004741728 0.3402599 0.9403315 6.75897e-5 -0.9951848 0 -0.09801644 -0.9951848 0 -0.0980165 -0.9569404 0 -0.2902846 -0.95694 0 -0.2902859 -0.8819218 0 -0.4713959 -0.8819212 0 -0.4713968 -0.7730104 0 -0.6343933 -0.6343928 0 -0.773011 -0.6343942 0 -0.7730097 -0.4713976 0 -0.8819208 -0.4713957 0 -0.8819219 -0.2902842 0 -0.9569405 -0.2902864 0 -0.9569399 -0.09801638 0 -0.9951848 -0.09801638 0 -0.9951849 0.0980165 0 -0.9951848 0.2902864 0 -0.9569399 0.2902842 0 -0.9569405 0.4713957 0 -0.8819218 0.4713975 0 -0.8819208 0.6343939 0 -0.77301 0.6343924 0 -0.7730112 0.7730109 0 -0.634393 0.8819212 0 -0.4713968 0.8819218 0 -0.4713959 0.95694 0 -0.2902859 0.9569404 0 -0.2902846 0.9951848 0 -0.09801703 0 1 -5.20757e-6 0 1 6.86666e-7 0 1 -4.3073e-7 0 1 1.69957e-7 0 1 1.69957e-7 0 1 3.52412e-7 0 1 3.52414e-7 0 1 3.46893e-7 0 1 -1.73447e-7 0 1 1.76207e-7 0 1 -7.22939e-7 0 1 -5.2073e-6 0 1 0 0 1 5.96391e-7 0 1 -1.59253e-5 0 -1 1.74812e-7 0 -1 0 0 -1 0 0 -1 0 0 -1 0 0 -1 0 0 -1 2.74592e-7 0 -1 -3.59307e-7 0 -1 3.39914e-7 0 -1 -4.15231e-7 0 -1 0 0 -1 2.73674e-7 0 -1 -2.30666e-7 0 -1 2.30658e-7 0 -1 -1.76207e-7 0 -1 -1.74812e-7 0 -1 0 0 -1 0 0.1305292 0 -0.9914445 0.2582661 -0.06538665 -0.9638586 0.8578637 5.3502e-5 -0.5138775 0.8389132 0.002314865 -0.5442603 0.8179029 0.008161842 -0.5752984 0.7660893 -0.009397685 -0.6426656 0.382682 0 -0.9238802 0.5641133 0 -0.8256975 0.604726 -0.01458823 -0.7963 0.6877124 0.006377041 -0.7259553 0.7519245 -0.005550503 -0.6592259 0.9999991 0 -0.001382052 0.9999992 0 -0.001275837 0.9931477 -4.77243e-5 -0.1168661 0.9976713 -0.03299301 -0.05969583 0.9700567 0.02869695 -0.2411777 0.960069 0.0461263 -0.2759345 0.8695077 -2.69297e-5 -0.4939195 0.889216 -0.001304388 -0.4574857 0.9103409 -0.01015973 -0.4137344 0.9492899 0.01299571 -0.3141339 0.986956 -0.02522289 -0.1590024 -0.9836739 -0.05306929 -0.1719578 -0.9487898 0.008993983 -0.3157801 -0.8972713 -0.00416541 -0.4414598 -0.8892623 -0.001027584 -0.4573968 -0.8695009 1.34661e-5 -0.4939313 -0.9461407 0.07105714 -0.3158617 -0.9601524 0.04596978 -0.2756707 -0.9960367 -0.05461865 -0.0701977 -0.9846498 0.02319431 -0.1729937 -0.9999607 -0.007337212 -0.004987001 -0.9989714 2.11594e-4 -0.04534655 -0.9999994 0 -0.001200854 -0.6877129 0.006377875 -0.7259549 -0.604726 -0.01458764 -0.7963 -0.7519088 -0.005553543 -0.6592438 -0.7660899 -0.009397685 -0.6426649 -0.8179034 0.008160233 -0.5752979 -0.8394262 0.002172589 -0.5434694 -0.859071 -3.25994e-5 -0.5118566 -0.1305292 0 -0.9914445 -0.2582661 -0.06538623 -0.9638586 -0.382682 0 -0.9238802 -0.5641139 0 -0.825697 0.9483196 -0.005352973 -0.3172718 0.9607546 -0.05320858 -0.2722492 0.9977315 0.05602484 -0.03732776 0.9462443 -0.07245069 -0.3152344 0.9947096 0.06852304 -0.07653379 0.9862642 0.03181278 -0.1620829 0.9840246 -0.01457333 -0.1774351 0.9989693 -1.27448e-4 -0.04539233 0.9999993 0 -0.001276791 0.8181272 0.0145415 -0.5748535 0.7682708 -0.01517659 -0.639945 0.8880241 0.008248209 -0.4597232 0.8406999 -0.0107277 -0.5413952 0.8906765 0.003384053 -0.4546251 0.7522175 0.003347456 -0.6589064 0.6875453 -0.003828108 -0.7261314 0.5513324 0.01640003 -0.8341246 0.09802007 0 -0.9951846 0.195039 0.02233672 -0.9805412 0.2902894 0 -0.9569389 0.5089067 0 -0.8608217 -0.1305274 0 -0.9914447 -0.2586171 0.03958952 -0.9651684 -0.7664538 0.00564897 -0.6422746 -0.8174012 -0.004850089 -0.5760484 -0.8387615 -0.001378118 -0.5444974 -0.3826841 0 -0.9238793 -0.5641225 0 -0.8256912 -0.6047602 0.008820414 -0.7963588 -0.6875453 -0.003828108 -0.7261314 -0.7522211 0.003349184 -0.6589024 -0.9999994 0 -0.001201689 -0.85785 -3.15676e-5 -0.5139002 -0.8695088 1.52278e-5 -0.4939174 -0.8893126 7.76637e-4 -0.4572992 -0.9931715 -3.3288e-4 -0.1166641 -0.9709019 -0.03849089 -0.2363647 -0.998555 0.04463392 -0.02992963 -0.9606013 -0.05241733 -0.2729425 -0.9969515 0.04372608 -0.06461918 -0.9203817 -0.06180155 -0.3861064 -0.9796839 0.07949417 -0.1841201 -0.9452852 0.01583862 -0.3258606 0.995455 0.0925709 0.0223639 0.9874731 0.1446167 -0.06310969 0.9671848 0.2536181 0.01521557 0.9395709 0.3254392 -0.1062818 0.9435138 0.2808763 -0.175757 0.8313035 0.5542818 -0.04130572 0.8061091 0.5838513 -0.0964666 0.7518944 0.6534273 -0.08768022 0.9991415 0.005164623 -0.04110789 0.991137 0.05407214 -0.1213412 0.9909818 0.03096175 -0.1303703 0.9559286 0.1144576 -0.2703703 0.9561572 0.07936984 -0.2818937 0.9028584 0.1440712 -0.4050806 0.905196 0.1340324 -0.4033057 0.883743 0.153155 -0.4422014 0.8371636 0.2079138 -0.5058941 0.8306367 0.1843551 -0.5254101 0.7614593 0.2130737 -0.6121923 0.7600445 0.2141528 -0.6135724 0.683948 0.2370544 -0.6899423 0.674425 0.257675 -0.691921 0.9999987 0.001314282 -9.45419e-4 0.9992972 0.02006733 -0.03166425 0.9986485 0.05055642 -0.0120548 0.9913311 0.09715563 -0.08844995 0.9873491 0.1459351 -0.06200599 0.9550781 0.2240251 -0.1940073 0.9373697 0.3163775 -0.1457512 0.8892387 0.37721 -0.2587803 0.8719555 0.4150928 -0.2595992 0.8090975 0.4634814 -0.3613118 0.7653632 0.5549224 -0.3260067 0.6991909 0.5853789 -0.4104433 0.666677 0.6053606 -0.4348337 0.5962451 0.62358 -0.5056082 0.5263859 0.7026798 -0.4787055 0.687084 0.7005417 -0.192761 0.684822 0.7114877 -0.1574931 0.5098403 0.8500511 -0.1321973 0.5085556 0.8505852 -0.1337012 0.439895 0.8804782 -0.1767789 0.3907063 0.8917707 -0.2282401 0.2372791 0.9613016 -0.1399926 0.5449969 0.2581273 -0.7977147 0.545005 0.2581241 -0.7977102 0.3994639 0.7060901 -0.5846927 0.3994628 0.7060891 -0.5846944 0.1463947 0.9657399 -0.2142778 0.1463959 0.9657393 -0.2142801 0.3698556 0.2567482 -0.8929094 0.3698519 0.2567515 -0.8929101 0.2717562 0.7040637 -0.6560816 0.2717576 0.7040625 -0.6560822 0.0998423 0.9653657 -0.2410406 0.09984272 0.9653658 -0.2410399 0.1261528 0.2567504 -0.9582091 0.1261497 0.2567481 -0.9582101 0.09269678 0.7040637 -0.7040609 0.09268945 0.704065 -0.7040605 0.03405439 0.9653653 -0.2586701 0.03405553 0.9653658 -0.2586682 0 0.9659252 -0.2588218 0 0.9659262 -0.2588176 0 0.7071116 -0.7071021 0 0.2588148 -0.965927 0 0.2588161 -0.9659267 -0.126148 0.2567484 -0.9582104 -0.1261548 0.2567493 -0.9582092 -0.09269344 0.704066 -0.704059 -0.09269297 0.7040612 -0.7040638 -0.03405439 0.9653653 -0.2586701 -0.03405553 0.9653651 -0.2586709 -0.3698554 0.2567508 -0.8929089 -0.3698528 0.25675 -0.8929101 -0.271757 0.7040615 -0.6560835 -0.2717577 0.7040627 -0.656082 -0.09984266 0.9653663 -0.2410385 -0.09984201 0.9653657 -0.2410412 -0.5450037 0.2581239 -0.7977112 -0.5449973 0.2581232 -0.7977158 -0.399466 0.7060901 -0.5846911 -0.3994579 0.7060948 -0.5846909 -0.1463968 0.965739 -0.2142808 -0.1463956 0.9657397 -0.2142781 -0.5098394 0.8500518 -0.132197 -0.9954493 0.09263306 0.02236258 -0.9837871 0.1578201 -0.08518147 -0.9509379 0.2424635 -0.1921683 -0.9326705 0.3374347 -0.1275296 -0.9684136 0.2481865 0.02405458 -0.9999987 0.001245141 -0.001065135 -0.9991176 0.02217662 -0.0356723 -0.9986598 0.05039006 -0.0118153 -0.9899384 0.102559 -0.09748661 -0.9878894 0.1437677 -0.05835592 -0.9483166 0.235111 -0.213116 -0.9405468 0.3111112 -0.1363146 -0.877135 0.3889755 -0.28166 -0.8823689 0.4050019 -0.2395803 -0.9057492 0.1411571 -0.3996166 -0.9550305 0.08108907 -0.2852041 -0.9582346 0.1104795 -0.263782 -0.9907371 0.03191965 -0.1319889 -0.9917468 0.05165106 -0.1173481 -0.9991415 0.0052042 -0.0410996 -0.6700377 0.7258608 -0.1554849 -0.8299489 0.2155213 -0.5145244 -0.8837399 0.1531696 -0.4422023 -0.9026776 0.1364075 -0.4081254 -0.4512398 0.8699637 -0.1988609 -0.4956914 0.8609797 -0.1140351 -0.6698486 0.5956667 -0.4432653 -0.6951182 0.5955091 -0.4027155 -0.5606037 0.6980894 -0.4454151 -0.5548809 0.6308655 -0.5423246 -0.3007459 0.9498856 -0.08526051 -0.3175346 0.8998265 -0.2991389 -0.8313053 0.5542792 -0.04130578 -0.7788899 0.6093785 -0.1482855 -0.7751007 0.6303529 -0.04329323 -0.6967625 0.6947574 -0.1784221 -0.7860983 0.477366 -0.3926463 -0.7820004 0.5452731 -0.3019148 -0.836005 0.1818023 -0.5177292 -0.7600324 0.2136077 -0.6137775 -0.7614508 0.2136756 -0.611993 -0.6752092 0.2393633 -0.6977089 -0.6817495 0.2574121 -0.6848041 -0.9954468 -0.09272617 0.02208417 -0.9874801 -0.1445693 -0.06311011 -0.9671841 -0.2536206 0.01522129 -0.9326701 -0.3374345 -0.1275323 -0.8527315 -0.5221593 0.01409435 -0.9991443 -0.005129218 -0.04104298 -0.9911316 -0.05419301 -0.1213315 -0.9909828 -0.03092682 -0.1303718 -0.9559252 -0.1144928 -0.2703673 -0.9561589 -0.07934528 -0.2818946 -0.9028573 -0.1440517 -0.4050902 -0.905192 -0.1340524 -0.403308 -0.8837431 -0.1531684 -0.4421964 -0.8371671 -0.2079014 -0.5058937 -0.8306332 -0.1843664 -0.5254117 -0.7614469 -0.213099 -0.6121988 -0.760071 -0.2141338 -0.6135461 -0.6839405 -0.2370612 -0.6899474 -0.6744228 -0.2576684 -0.6919255 -0.9999981 -0.001932621 2.12325e-4 -0.9993336 -0.0198003 -0.03066498 -0.998638 -0.05073744 -0.0121656 -0.9913291 -0.09717965 -0.08844673 -0.9873505 -0.1459248 -0.062007 -0.955071 -0.224056 -0.1940059 -0.9373701 -0.3163776 -0.1457488 -0.8892363 -0.3772177 -0.2587775 -0.8719549 -0.4150944 -0.2595981 -0.8090947 -0.4634859 -0.3613126 -0.7653601 -0.554928 -0.3260044 -0.699187 -0.5853834 -0.4104436 -0.6667055 -0.6053336 -0.4348275 -0.5962452 -0.6235803 -0.505608 -0.5263879 -0.7026768 -0.4787078 -0.788069 -0.6013675 -0.1315466 -0.793654 -0.6038269 -0.07420641 -0.73884 -0.6647094 -0.1108015 -0.696757 -0.6947625 -0.1784234 -0.5605095 -0.8252466 -0.06926321 -0.5085631 -0.8505814 -0.1336978 -0.4398755 -0.8804884 -0.1767761 -0.3907096 -0.8917691 -0.2282412 -0.23728 -0.9613015 -0.1399922 -0.5450083 -0.2581286 -0.7977066 -0.5449973 -0.2581244 -0.7977154 -0.399468 -0.7060887 -0.5846915 -0.3994671 -0.7060901 -0.5846905 -0.1463955 -0.9657399 -0.2142777 -0.1463993 -0.965739 -0.2142792 -0.3698544 -0.2567501 -0.8929094 -0.369853 -0.2567509 -0.8929098 -0.2717559 -0.7040629 -0.6560824 -0.271756 -0.7040632 -0.6560821 -0.09984254 -0.9653652 -0.2410427 -0.09984201 -0.9653661 -0.2410396 -0.1261525 -0.2567498 -0.9582094 -0.1261498 -0.2567546 -0.9582085 -0.09269094 -0.7040613 -0.7040641 -0.09268999 -0.7040612 -0.7040643 -0.03405451 -0.9653651 -0.2586708 -0.03405362 -0.9653653 -0.25867 0 -0.9659257 -0.2588199 0 -0.9659261 -0.258818 0 -0.7071058 -0.7071078 0 -0.7071067 -0.707107 0 -0.258822 -0.965925 0.09470587 -0.2576594 -0.9615833 0.09471195 -0.2576522 -0.9615847 0.06947439 -0.7053973 -0.7053992 0.06947118 -0.7053977 -0.7053992 0.02548301 -0.9656125 -0.2587338 0.02548348 -0.9656124 -0.2587342 0.2804751 -0.2576539 -0.9246342 0.2804874 -0.2576551 -0.9246301 0.205757 -0.7053957 -0.6782928 0.2057543 -0.7053997 -0.6782894 0.0754708 -0.9656121 -0.2487924 0.07546716 -0.9656125 -0.2487919 0.491894 -0.2564138 -0.8320411 0.4918964 -0.2564111 -0.8320404 0.361652 -0.7035614 -0.6117265 0.3616471 -0.7035591 -0.6117321 0.1329511 -0.965272 -0.2248865 0.1329485 -0.9652735 -0.2248819 0.9159862 -0.3622406 -0.1724849 0.968416 -0.2481775 0.02404856 0.9837769 -0.1578804 -0.08518671 0.9954438 -0.09275841 0.02208399 0.7700182 -0.6315578 -0.09059113 0.8061089 -0.5838511 -0.09647089 0.8599505 -0.5091464 0.0354256 0.7388266 -0.6647246 -0.1107995 0.6488057 -0.7201483 -0.2458403 0.5956563 -0.8029363 -0.02206289 0.4512304 -0.8699699 -0.1988559 0.4956803 -0.8609843 -0.1140485 0.317541 -0.8998246 -0.2991383 0.300746 -0.9498858 -0.08525776 0.9999964 -0.002691864 1.30765e-5 0.9991471 -0.02297222 -0.03431296 0.9986502 -0.05054903 -0.01194018 0.989934 -0.1025927 -0.09749567 0.987891 -0.143759 -0.05835163 0.9483196 -0.2351009 -0.213114 0.9405485 -0.3111047 -0.1363176 0.8771453 -0.3889563 -0.2816544 0.8823607 -0.4050195 -0.2395806 0.7861072 -0.4773543 -0.3926427 0.781998 -0.545275 -0.301918 0.6698499 -0.5956696 -0.4432594 0.6951215 -0.5955038 -0.4027175 0.5548768 -0.6308701 -0.5423237 0.5606074 -0.6980825 -0.4454214 0.9991441 -0.005096673 -0.04105061 0.9917451 -0.05165636 -0.11736 0.990738 -0.03191053 -0.1319849 0.9582354 -0.1104955 -0.2637724 0.9550309 -0.08108872 -0.2852029 0.9057547 -0.1411553 -0.3996044 0.9026738 -0.1364035 -0.4081348 0.8363987 -0.1891396 -0.5144544 0.8346299 -0.1824634 -0.5197116 0.760048 -0.2135973 -0.6137618 0.7614312 -0.2136765 -0.6120171 0.6752055 -0.2393651 -0.697712 0.6817484 -0.2574118 -0.6848054 0.2588206 0 -0.9659255 0.2588167 0 -0.9659265 0.7071085 0 -0.7071051 0.7071064 0 -0.7071073 0.9659258 0 -0.2588192 0.9659256 0 -0.2588203 0.9659258 0 0.2588192 0.9659256 0 0.2588203 0.7071085 0 0.7071051 0.7071064 0 0.7071073 0.2588167 0 0.9659265 0.2588245 0 0.9659244 -0.258825 0 0.9659243 -0.2588171 0 0.9659264 -0.7071064 0 0.7071073 -0.7071085 0 0.7071051 -0.9659256 0 0.2588203 -0.9659258 0 0.2588192 -0.9659256 0 -0.2588203 -0.9659258 0 -0.2588192 -0.7071064 0 -0.7071073 -0.7071085 0 -0.7071051 -0.2588171 0 -0.9659264 -0.258821 0 -0.9659254 0.2158982 -0.9764159 0 0.2588185 -0.9659211 -0.003114819 0.8494914 -0.5276026 8.81207e-6 0.79366 -0.6083611 -9.24987e-4 0.7070993 -0.7070984 -0.004752755 0.6359279 -0.7717486 -1.26114e-4 0.4633654 -0.8861674 3.42978e-5 0.999997 -0.002444028 0 0.9659258 -0.2588195 -6.82885e-5 0.9661676 -0.2579151 0 0.9563515 -0.2910645 -0.02595025 0.9965841 -0.08258461 -2.2564e-4 0.9615838 -0.257657 -0.09470784 0.7053965 -0.7053998 -0.06947541 0.2587351 -0.9656121 -0.02548307 0.2587344 -0.9656124 -0.0254836 0.2487921 -0.9656122 -0.07547008 0.2487937 -0.9656118 -0.07547038 0.2292874 -0.9656123 -0.1225571 0.2292875 -0.9656125 -0.1225562 0.2009725 -0.9656124 -0.1649332 0.2009732 -0.9656121 -0.164934 0.1649329 -0.9656127 -0.2009713 0.1649338 -0.9656123 -0.2009725 0.1225569 -0.9656123 -0.2292875 0.1225562 -0.9656125 -0.2292874 0.07547032 -0.9656123 -0.2487916 0.07546985 -0.9656123 -0.2487918 0.02548301 -0.9656121 -0.2587356 0.02548444 -0.9656123 -0.2587345 -0.02548384 -0.9656122 -0.2587347 -0.0254836 -0.9656121 -0.2587353 -0.07546937 -0.9656122 -0.2487921 -0.07547068 -0.9656122 -0.2487918 -0.1225567 -0.9656124 -0.229287 -0.1225566 -0.9656121 -0.2292885 -0.1649352 -0.9656118 -0.2009735 -0.1649317 -0.965613 -0.2009707 -0.2009734 -0.9656121 -0.1649335 -0.2009724 -0.9656121 -0.1649342 -0.2292878 -0.9656122 -0.1225571 -0.2292869 -0.9656126 -0.1225562 -0.2487925 -0.965612 -0.0754702 -0.2487914 -0.9656124 -0.07546991 -0.2587315 -0.9656132 -0.02548307 -0.2587352 -0.9656121 -0.02548319 0.7054 -0.7053964 -0.06947571 0.6782871 -0.7054011 -0.205757 0.6782904 -0.7053979 -0.2057572 0.6251165 -0.705398 -0.3341303 0.6251152 -0.7053981 -0.3341326 0.5479196 -0.7053977 -0.4496647 0.5479189 -0.7053977 -0.4496653 0.4496647 -0.7053984 -0.5479184 0.4496656 -0.7053977 -0.5479187 0.3341304 -0.7053979 -0.6251165 0.3341299 -0.7053982 -0.6251165 0.2057592 -0.7053975 -0.6782901 0.2057567 -0.7053986 -0.6782898 0.06947427 -0.705398 -0.7053984 0.06947839 -0.7053986 -0.7053975 -0.06947743 -0.7053983 -0.7053979 -0.06947535 -0.7053986 -0.7053978 -0.2057578 -0.7053976 -0.6782906 -0.2057581 -0.7053982 -0.6782899 -0.3341295 -0.7053994 -0.6251153 -0.3341299 -0.7053983 -0.6251164 -0.4496685 -0.7053959 -0.5479187 -0.4496632 -0.7053987 -0.5479194 -0.5479208 -0.7053961 -0.4496657 -0.5479172 -0.7054001 -0.4496638 -0.6251201 -0.7053939 -0.3341323 -0.6251141 -0.7053995 -0.3341317 -0.6782928 -0.7053953 -0.2057582 -0.6782892 -0.7053988 -0.2057577 -0.7054032 -0.7053933 -0.06947529 -0.7053936 -0.7054027 -0.06947576 0.9615844 -0.2576547 -0.09470784 0.9246318 -0.2576538 -0.2804828 0.9246305 -0.2576568 -0.2804845 0.8521447 -0.2576559 -0.4554812 0.8521451 -0.2576558 -0.4554803 0.7469106 -0.2576575 -0.6129741 0.7469106 -0.2576569 -0.6129742 0.6129736 -0.2576559 -0.7469116 0.6129752 -0.2576547 -0.7469106 0.4554793 -0.2576563 -0.8521455 0.4554803 -0.2576565 -0.8521448 0.2804845 -0.257656 -0.9246307 0.2804827 -0.2576568 -0.924631 0.09471011 -0.2576563 -0.9615838 0.09470701 -0.2576548 -0.9615845 -0.09470713 -0.2576544 -0.9615845 -0.09470981 -0.2576569 -0.9615837 -0.2804813 -0.2576574 -0.9246312 -0.2804855 -0.2576552 -0.9246306 -0.4554793 -0.2576547 -0.8521459 -0.4554803 -0.2576568 -0.8521448 -0.612973 -0.2576602 -0.7469105 -0.6129756 -0.2576541 -0.7469106 -0.7469124 -0.257649 -0.6129755 -0.7469099 -0.2576589 -0.6129742 -0.8521453 -0.2576567 -0.4554793 -0.8521441 -0.2576575 -0.4554813 -0.9246302 -0.2576581 -0.2804841 -0.924631 -0.2576566 -0.2804829 -0.9615852 -0.2576513 -0.0947085 -0.9615836 -0.2576582 -0.09470725 -0.9999985 -0.001763701 0 -0.9772188 -0.2122337 -5.90639e-4 -0.9659278 -0.2588119 0 -0.9358593 -0.3454906 -0.06930899 -0.965995 -0.2585609 -2.18986e-5 -0.8491538 -0.5281457 2.89065e-6 -0.2588179 -0.9659261 0 -0.2200825 -0.9754744 -0.003674209 -0.4616663 -0.8870538 6.52732e-6 -0.7071043 -0.7071093 -3.79483e-5 -0.5464348 -0.8373279 -0.01705735 -0.7072514 -0.7069589 -0.002156913 -0.2158981 0.9764159 0 -0.2588167 0.9659134 -0.005032718 -0.7941213 0.6077579 -0.001381397 -0.6697997 0.7424807 -0.009534478 -0.7070999 0.707104 -0.003713607 -0.530209 0.847867 -4.07016e-5 -0.463334 0.8861839 5.46213e-5 -0.999998 0.002015829 0 -0.9965595 0.08288139 -6.45899e-5 -0.9659116 0.2588157 -0.005410015 -0.9422326 0.3349592 -7.0975e-5 -0.8494797 0.5276215 1.3256e-5 -0.9615852 0.2576513 -0.09470862 -0.7053999 0.7053966 -0.06947457 -0.2587342 0.9656125 -0.02548247 -0.2587328 0.9656128 -0.02548265 -0.2487916 0.9656122 -0.07547014 -0.2487924 0.965612 -0.07547062 -0.2292886 0.965612 -0.1225571 -0.2292863 0.9656127 -0.122556 -0.2009725 0.9656122 -0.164934 -0.2009732 0.9656119 -0.1649348 -0.1649332 0.9656125 -0.2009716 -0.1649332 0.9656123 -0.2009726 -0.1225571 0.965612 -0.2292888 -0.1225562 0.9656125 -0.2292874 -0.07547026 0.9656119 -0.2487929 -0.07546985 0.9656123 -0.2487916 -0.02548295 0.9656121 -0.2587351 -0.02548444 0.9656121 -0.2587352 0.02548384 0.9656121 -0.2587351 0.02548366 0.9656122 -0.2587351 0.07546961 0.9656122 -0.2487919 0.07547044 0.9656125 -0.248791 0.1225566 0.9656122 -0.2292879 0.1225565 0.9656124 -0.2292873 0.164934 0.9656124 -0.2009716 0.1649327 0.9656125 -0.2009726 0.2009741 0.9656117 -0.1649345 0.2009717 0.9656124 -0.1649335 0.229287 0.9656125 -0.1225562 0.2292879 0.9656122 -0.1225569 0.2487925 0.965612 -0.07547044 0.2487935 0.9656118 -0.07547092 0.2587342 0.9656124 -0.02548348 0.2587352 0.9656121 -0.02548193 -0.7053972 0.7053991 -0.06947606 -0.6782909 0.7053968 -0.2057591 -0.6782909 0.7053977 -0.2057566 -0.6251173 0.7053971 -0.3341309 -0.6251156 0.7053982 -0.3341317 -0.547921 0.7053962 -0.4496654 -0.5479179 0.7053995 -0.4496639 -0.4496626 0.7054002 -0.5479182 -0.4496664 0.7053975 -0.5479184 -0.3341298 0.7053983 -0.6251166 -0.3341324 0.7053986 -0.6251147 -0.2057576 0.705397 -0.6782912 -0.2057567 0.7053986 -0.6782898 -0.06947422 0.7053979 -0.7053987 -0.06947839 0.7053988 -0.7053973 0.06947749 0.7053987 -0.7053975 0.06947529 0.7053986 -0.7053979 0.205757 0.705399 -0.6782892 0.2057574 0.705398 -0.6782902 0.3341298 0.7053983 -0.6251166 0.3341331 0.7053971 -0.6251161 0.4496657 0.7053983 -0.547918 0.4496629 0.7053999 -0.5479183 0.5479195 0.7053976 -0.449665 0.5479191 0.7053976 -0.4496654 0.6251181 0.7053965 -0.3341305 0.6251137 0.7053999 -0.3341315 0.6782897 0.7053987 -0.2057569 0.6782882 0.7054002 -0.2057567 0.7053965 0.7053998 -0.06947565 0.7053997 0.7053967 -0.06947529 -0.9615833 0.2576588 -0.09470707 -0.9246312 0.2576566 -0.2804824 -0.9246297 0.2576597 -0.2804845 -0.8521447 0.2576574 -0.4554802 -0.8521446 0.2576572 -0.4554803 -0.7469111 0.2576577 -0.6129733 -0.7469111 0.2576507 -0.6129764 -0.6129734 0.2576604 -0.7469102 -0.6129748 0.2576534 -0.7469115 -0.45548 0.2576551 -0.8521456 -0.4554823 0.2576563 -0.8521438 -0.2804819 0.2576565 -0.9246314 -0.2804849 0.2576562 -0.9246305 -0.09470725 0.2576574 -0.9615837 -0.09470689 0.2576544 -0.9615846 0.09470731 0.2576546 -0.9615845 0.09470689 0.2576567 -0.9615839 0.2804843 0.2576566 -0.9246307 0.2804825 0.2576556 -0.9246314 0.4554816 0.2576558 -0.8521444 0.4554801 0.2576571 -0.8521447 0.6129733 0.2576558 -0.7469118 0.6129749 0.257655 -0.7469108 0.7469108 0.2576575 -0.6129738 0.7469106 0.2576562 -0.6129745 0.8521452 0.2576566 -0.4554796 0.8521441 0.2576563 -0.455482 0.924631 0.2576552 -0.2804841 0.9246313 0.2576552 -0.2804832 0.9615838 0.257657 -0.0947079 0.9615842 0.2576554 -0.0947079 0.8491498 0.5281522 4.19449e-6 0.9999969 0.002519845 0 0.9659264 0.2588173 -3.27561e-5 0.9043693 0.4263074 -0.01945012 0.9770555 0.2129849 -1.68663e-4 0.2225883 0.9748948 -0.005878508 0.4616576 0.8870583 1.01322e-5 0.7071048 0.7071088 -6.06826e-5 0.5565113 0.8304442 -0.02564585 0.7084389 0.7057648 -0.00322324 0.9036602 0.410282 -0.1227477 0.8784245 0.4758423 0.04409676 0.6814165 0.7308765 -0.03861641 0.7108681 0.7030009 -0.02136254 0.5031607 0.8638232 0.02527558 0.1619907 0.9867923 0 0.3060293 0.9504154 -0.05528867 0.216324 0.9762116 -0.01465737 0.3928202 0.9196153 8.61576e-5 0.5478366 0.8365854 -3.67263e-4 -0.1619893 0.9867926 0 -0.05002188 0.9978676 0.0419321 -0.3220307 0.9462609 -0.02977651 -0.2271363 0.9738614 0.001752674 -0.3915499 0.9201568 -5.03093e-4 -0.5277877 0.8492553 0.01434558 -0.5482011 0.8363444 0.001911222 -0.6785165 0.7345851 -3.71612e-4 -0.7077836 0.706413 0.00479865 -0.8022373 0.5964509 -0.02572208 0 1 -5.54113e-7 0 1 -1.10823e-6 0.9951848 0 0.09801602 0.9951848 0 0.09801697 0.9569408 0 0.2902832 0.95694 0 0.2902859 0.8819212 0 0.4713968 0.7730095 0 0.6343945 0.7730134 0 0.6343898 0.6343899 0 0.7730133 0.6343957 0 0.7730086 0.4713938 0 0.8819228 0.4714013 0 0.8819189 0.290282 0 0.9569413 0.2902908 0 0.9569385 0.09800928 0 0.9951855 0.09801876 0 0.9951846 -0.09801888 0 0.9951847 -0.0980094 0 0.9951855 -0.2902908 0 0.9569385 -0.290282 0 0.9569411 -0.4714013 0 0.8819189 -0.4713939 0 0.8819229 -0.6343954 0 0.7730089 -0.6343896 0 0.7730136 -0.7730137 0 0.6343894 -0.7730098 0 0.6343941 -0.8819212 0 0.4713968 -0.95694 0 0.2902859 -0.9569408 0 0.2902832 -0.9951847 0 0.09801751 -0.9951848 0 0.09801656 0 1 1.73447e-7 0 1 -1.76206e-7 0 1 7.22938e-7 0 1 5.2076e-6 0 1 0 0 1 -5.96389e-7 0 1 1.59241e-5 0 1 -1.69958e-7 0 1 -3.52414e-7 0 1 -6.89165e-7 0 1 1.73447e-7 0 1 0 0 1 5.20763e-6 0 1 -3.52412e-7 0 -1 -3.39915e-7 0 -1 1.76206e-7 0 -1 2.47024e-7 0 -1 -3.51478e-7 0 -1 0 0 -1 -1.69958e-7 0 -1 -1.74813e-7 0 -1 1.76206e-7 0 -1 0 0 -1 0 0 -1 0 0 -1 1.74813e-7 0 -1 0 0 -1 0 0 -1 4.1523e-7 0 -1 0 0 -1 -2.73674e-7 0 -1 2.30666e-7 0 -1 -2.30658e-7 -0.130525 0 0.9914451 -0.25826 -0.0653882 0.9638601 -0.8578637 5.3502e-5 0.5138775 -0.8389126 0.002314865 0.5442615 -0.8179008 0.008161067 0.5753014 -0.7660923 -0.009398341 0.642662 -0.3826893 0 0.9238772 -0.5641133 0 0.8256975 -0.6047316 -0.01458674 0.7962958 -0.6877122 0.006376564 0.7259555 -0.751891 -0.005554556 0.6592642 -0.9999991 0 0.00138086 -0.9999992 -4.40687e-7 0.001275837 -0.9931477 -4.77245e-5 0.1168667 -0.9976712 -0.0329926 0.05969661 -0.9700579 0.02869504 0.241173 -0.9600695 0.04612904 0.2759326 -0.8694656 -2.69338e-5 0.4939935 -0.8892242 -0.001303315 0.4574698 -0.9103429 -0.01016032 0.4137302 -0.9492884 0.01299589 0.3141381 -0.9869562 -0.02522271 0.1590012 0.9836738 -0.05307155 0.1719578 0.9487889 0.008995354 0.3157827 0.8972713 -0.00416541 0.4414598 0.88926 -0.001025557 0.4574009 0.8695111 1.21191e-5 0.4939134 0.9461405 0.07106131 0.3158617 0.9601475 0.04597252 0.2756872 0.9960372 -0.05461096 0.07019674 0.98465 0.02319276 0.172993 0.9999607 -0.007334113 0.004984915 0.9989714 2.09964e-4 0.04534602 0.9999994 0 0.001201748 0.6877129 0.006377875 0.7259549 0.6047316 -0.01458591 0.7962958 0.7518669 -0.005559921 0.6592916 0.7660928 -0.009397625 0.6426614 0.8179054 0.008159399 0.5752949 0.8394151 0.002171039 0.5434866 0.8590751 -3.2599e-5 0.5118497 0.130525 0 0.9914451 0.25826 -0.06538766 0.9638601 0.3826893 0 0.9238772 0.5641139 0 0.825697 -0.9483178 -0.005353093 0.3172773 -0.9607487 -0.05321246 0.272269 -0.9977327 0.05600875 0.03731703 -0.9462422 -0.07245206 0.3152403 -0.9947094 0.068524 0.07653599 -0.9862653 0.03181165 0.1620773 -0.9840246 -0.01457267 0.1774351 -0.9989693 -1.27447e-4 0.04539197 -0.9999993 0 0.001276254 -0.8181317 0.01454132 0.574847 -0.7682723 -0.01517564 0.6399433 -0.8880323 0.008247315 0.4597072 -0.8407024 -0.01072907 0.5413913 -0.8906738 0.003384113 0.4546305 -0.7521671 0.003345906 0.658964 -0.6875414 -0.003828406 0.7261352 -0.5513324 0.01640003 0.8341246 -0.09801322 0 0.9951852 -0.195039 0.02233791 0.9805412 -0.2902832 0 0.9569409 -0.5089175 0 0.8608154 0.1305274 0 0.9914447 0.2586171 0.03959119 0.9651684 0.7664567 0.00564891 0.6422712 0.8173987 -0.004849195 0.576052 0.8387709 -0.001376569 0.5444829 0.3826841 0 0.9238793 0.5641041 0 0.8257036 0.6047739 0.00882095 0.7963484 0.6875414 -0.003828644 0.7261352 0.7521557 0.0033468 0.6589769 0.9999993 0 0.001201152 0.8578626 -3.15663e-5 0.5138794 0.8694774 1.6031e-5 0.4939729 0.8892943 7.75467e-4 0.457335 0.9931716 -3.33616e-4 0.1166628 0.970898 -0.03849023 0.2363805 0.998555 0.04463392 0.02992963 0.9606028 -0.05242103 0.2729364 0.9969514 0.04372751 0.06462132 0.9203817 -0.06180238 0.3861064 0.9796856 0.07949084 0.1841123 0.9452858 0.01583856 0.3258587 -0.9954536 0.09258466 -0.02236551 -0.9874755 0.1446029 0.06310367 -0.9671848 0.2536181 -0.01521557 -0.9991413 0.005160391 0.04111099 -0.9911375 0.05405056 0.1213472 -0.9909815 0.03095901 0.1303741 -0.9559267 0.11446 0.270376 -0.9561586 0.07937151 0.2818879 -0.9028628 0.1440721 0.4050706 -0.9052042 0.1340269 0.4032893 -0.8837445 0.1531586 0.4421971 -0.8371697 0.2079126 0.5058849 -0.8306359 0.1843605 0.5254096 -0.7615008 0.2130616 0.6121447 -0.7600431 0.2141605 0.6135713 -0.6839366 0.2370691 0.6899486 -0.6744335 0.2576723 0.6919137 -0.9999986 0.001379668 9.4281e-4 -0.999302 0.01999759 0.03155422 -0.9986488 0.05055081 0.01205343 -0.9913328 0.09714633 0.08844149 -0.9873479 0.1459421 0.06200897 -0.9550761 0.2240298 0.1940113 -0.9373676 0.3163818 0.145755 -0.8892383 0.3772093 0.2587828 -0.8719533 0.4150951 0.259603 -0.8090901 0.4634894 0.3613181 -0.7653666 0.554919 0.3260047 -0.6991568 0.5854063 0.4104625 -0.6667301 0.605322 0.434806 -0.5962378 0.6235843 0.5056116 -0.5263805 0.7026826 0.4787074 -0.9411537 0.3224959 0.1011245 -0.9447829 0.2714926 0.1835137 -0.8334538 0.5514046 0.03616631 -0.8061112 0.5838485 0.09646683 -0.7518849 0.6534377 0.08768266 -0.6967518 0.694768 0.1784221 -0.5605196 0.8252398 0.06926149 -0.5085439 0.8505918 0.1337035 -0.4398717 0.880489 0.1767827 -0.3907169 0.8917658 0.2282411 -0.2372772 0.9613021 0.1399927 -0.5450103 0.2581226 0.7977072 -0.5449972 0.2581327 0.7977129 -0.399468 0.7060887 0.5846915 -0.3994585 0.7060906 0.5846956 -0.146394 0.9657403 0.2142767 -0.1464008 0.9657388 0.2142787 -0.3698409 0.2567573 0.892913 -0.3698664 0.2567486 0.8929049 -0.271767 0.70406 0.6560809 -0.2717469 0.7040703 0.6560783 -0.0998426 0.9653655 0.2410413 -0.09983938 0.9653663 0.2410401 -0.1261423 0.2567508 0.9582105 -0.1261608 0.25674 0.9582108 -0.09269589 0.7040707 0.704054 -0.09268909 0.704068 0.7040575 -0.03405588 0.9653653 0.2586701 -0.03405576 0.9653653 0.2586699 0 0.9659246 0.2588236 0 0.9659258 0.2588193 0 0.7071104 0.7071032 0 0.7071152 0.7070984 0 0.258808 0.9659288 0 0.2588093 0.9659285 0.1261641 0.2567413 0.9582101 0.1261384 0.2567505 0.9582111 0.09269022 0.7040697 0.7040558 0.09269517 0.7040671 0.7040577 0.03405612 0.9653648 0.2586719 0.03405553 0.9653651 0.2586709 0.3698599 0.2567502 0.892907 0.3698474 0.2567564 0.8929104 0.271754 0.7040696 0.6560762 0.2717624 0.7040568 0.6560863 0.09983968 0.9653665 0.2410386 0.0998423 0.9653654 0.241042 0.5450093 0.2581291 0.7977057 0.544997 0.2581254 0.7977152 0.3994674 0.7060878 0.5846931 0.3994579 0.7060948 0.5846909 0.1464005 0.9657388 0.2142787 0.146394 0.9657406 0.2142757 0.4848431 0.8595855 0.1613689 0.9882442 0.1365289 0.06879776 0.9874755 0.1446029 0.06310367 0.9954518 0.09260362 -0.02236586 0.9999995 2.75938e-4 0.001062214 0.9991257 0.02207368 0.03550666 0.9986599 0.05038821 0.01181489 0.9899345 0.1025786 0.09750527 0.987891 0.1437581 0.05835199 0.9483079 0.2351303 0.2131335 0.9405494 0.3111037 0.1363143 0.877139 0.3889697 0.2816558 0.8823623 0.4050127 0.2395867 0.9057548 0.1411569 0.3996038 0.9550305 0.08108907 0.2852041 0.9582379 0.1104728 0.2637724 0.9907368 0.03192025 0.1319915 0.9917483 0.0516209 0.1173483 0.9991414 0.005204617 0.04110264 0.6103491 0.7848529 0.1071442 0.8299489 0.2155213 0.5145244 0.8837408 0.1531781 0.4421977 0.9026823 0.1363906 0.4081206 0.4512398 0.8699637 0.1988609 0.4956434 0.8610069 0.1140387 0.6698486 0.5956667 0.4432653 0.6951854 0.5954552 0.4026791 0.5606037 0.6980894 0.4454151 0.5548718 0.6308701 0.5423285 0.3007527 0.9498835 0.08526033 0.3175331 0.8998261 0.2991418 0.9599992 0.2787654 0.02629202 0.9159823 0.362255 0.1724762 0.8599529 0.5091426 -0.03542375 0.7788556 0.6094197 0.1482955 0.7751221 0.6303266 0.04329192 0.696757 0.6947625 0.1784234 0.7861025 0.477362 0.392643 0.7819974 0.5452765 0.3019167 0.8360061 0.1818098 0.5177249 0.7600888 0.213586 0.6137151 0.7613909 0.2137065 0.6120567 0.6752139 0.23937 0.6977021 0.6817457 0.2574097 0.6848088 0.9954451 -0.09274524 -0.02208209 0.9874708 -0.1446305 0.06311571 0.9671866 -0.253611 -0.01522076 0.9395667 -0.3254481 0.1062924 0.9435189 -0.2808617 0.1757525 0.8313023 -0.5542838 0.04130363 0.8061211 -0.5838342 0.09647017 0.7518944 -0.6534274 0.08767837 0.9991443 -0.005074203 0.04104912 0.9911308 -0.05419564 0.1213372 0.9909833 -0.03091222 0.1303718 0.9559276 -0.1144711 0.270368 0.9561593 -0.07935106 0.2818916 0.9028621 -0.1440483 0.4050804 0.9051948 -0.1340506 0.4033026 0.8837262 -0.1531878 0.4422233 0.8371703 -0.2078995 0.5058892 0.8306345 -0.1843748 0.5254068 0.7614376 -0.2131026 0.6122093 0.7600435 -0.2141444 0.6135765 0.6839437 -0.2370647 0.6899431 0.674427 -0.257667 0.6919219 0.9999972 -0.002351939 -2.12795e-4 0.9993098 -0.0209645 0.03066426 0.9986404 -0.05068922 0.01216518 0.9913291 -0.09717965 0.08844673 0.9873513 -0.1459206 0.06200522 0.9550729 -0.2240514 0.1940019 0.9373688 -0.3163795 0.1457527 0.8892439 -0.3772 0.2587772 0.8719488 -0.4151061 0.2596008 0.8090909 -0.4634899 0.3613157 0.7653635 -0.5549247 0.3260024 0.6991379 -0.5854227 0.4104711 0.6667409 -0.6053079 0.434809 0.5962394 -0.6235836 0.5056107 0.5263804 -0.7026824 0.4787078 0.68708 -0.7005473 0.1927551 0.6848214 -0.7114874 0.1574973 0.5098279 -0.8500584 0.1321988 0.5085499 -0.8505895 0.1336965 0.4398882 -0.8804811 0.1767811 0.3907164 -0.8917657 0.2282426 0.2372818 -0.961301 0.1399921 0.5449959 -0.2581268 0.7977156 0.5449978 -0.2581211 0.7977162 0.399468 -0.7060887 0.5846915 0.3994641 -0.7060952 0.5846862 0.1463955 -0.9657399 0.2142777 0.1463907 -0.9657402 0.2142795 0.3698596 -0.2567446 0.8929089 0.3698565 -0.2567633 0.8929048 0.2717497 -0.7040668 0.6560809 0.2717671 -0.7040609 0.65608 0.09984672 -0.9653641 0.2410455 0.09984236 -0.9653658 0.2410404 0.1261414 -0.2567639 0.958207 0.1261612 -0.2567407 0.9582107 0.09269094 -0.7040613 0.7040641 0.09268897 -0.7040688 0.7040567 0.03405296 -0.9653651 0.2586708 0.03405565 -0.9653646 0.2586726 0 -0.9659247 0.2588236 0 -0.9659252 0.2588216 0 -0.7071129 0.7071008 0 -0.7071139 0.7070997 0 -0.2588087 0.9659287 0 -0.2588086 0.9659287 -0.2804874 -0.2576654 0.9246271 -0.2804874 -0.2576551 0.9246301 -0.205757 -0.7053955 0.6782929 -0.2057611 -0.7054016 0.6782854 -0.491894 -0.2564138 0.8320411 -0.4918926 -0.2564118 0.8320425 -0.3616414 -0.7035672 0.611726 -0.3616552 -0.7035594 0.6117269 -0.0254839 -0.9656115 0.2587376 -0.09470623 -0.2576456 0.961587 -0.09470427 -0.2576657 0.9615818 -0.06947374 -0.7054038 0.7053927 -0.06947118 -0.7053977 0.7053992 -0.02548521 -0.9656118 0.2587363 -0.07546734 -0.9656118 0.2487941 -0.07546985 -0.9656118 0.2487935 -0.1329517 -0.9652718 0.2248876 -0.1329466 -0.9652739 0.2248812 -0.9954441 -0.09275442 -0.02208209 -0.9837784 -0.1578757 0.08517837 -0.9684155 -0.2481799 -0.02404874 -0.9159885 -0.3622358 0.1724828 -0.8599495 -0.5091482 -0.03542643 -0.778867 -0.6094058 0.1482932 -0.7751047 -0.6303478 0.04329448 -0.6488171 -0.7201395 0.2458363 -0.5956561 -0.8029365 0.02206307 -0.4512303 -0.8699694 0.1988578 -0.4956837 -0.8609822 0.1140493 -0.3175395 -0.899824 0.2991412 -0.3007562 -0.9498827 0.08525747 -0.9999961 -0.002836167 -1.31054e-5 -0.9991491 -0.02294552 0.03427308 -0.9986499 -0.05055558 0.01194059 -0.9899321 -0.1026025 0.09750503 -0.9878926 -0.1437494 0.0583477 -0.9483152 -0.2351106 0.2131227 -0.940549 -0.3111026 0.1363185 -0.8771536 -0.3889394 0.2816516 -0.8823607 -0.4050195 0.2395806 -0.7860991 -0.4773623 0.3926494 -0.7820042 -0.5452682 0.3019142 -0.6698092 -0.595699 0.4432813 -0.6951552 -0.5954769 0.4026992 -0.5548676 -0.6308746 0.5423276 -0.5606048 -0.6980859 0.4454193 -0.9991438 -0.005104422 0.04105669 -0.9917447 -0.05163723 0.1173714 -0.9907381 -0.03190684 0.1319849 -0.9582318 -0.1105 0.2637834 -0.9550316 -0.08109116 0.2851999 -0.9057604 -0.1411551 0.3995916 -0.9026738 -0.1364035 0.4081348 -0.8363956 -0.1891413 0.5144591 -0.8346344 -0.1824638 0.5197041 -0.7600737 -0.2135911 0.613732 -0.761402 -0.2136879 0.6120495 -0.675208 -0.2393643 0.6977098 -0.6817571 -0.2574108 0.6847971 -0.2588128 0 0.9659276 -0.2588206 0 0.9659254 -0.7071043 0 0.7071093 -0.9659261 0 0.2588182 -0.9659267 0 -0.2588161 -0.7071043 0 -0.7071093 -0.2588285 0 -0.9659234 -0.2588128 0 -0.9659276 0.2588132 0 -0.9659274 0.2588288 0 -0.9659233 0.7071043 0 -0.7071093 0.9659267 0 -0.2588161 0.9659261 0 0.2588182 0.7071043 0 0.7071093 0.258821 0 0.9659253 0.2588132 0 0.9659275 -0.2158985 -0.9764159 0 -0.2588185 -0.9659211 0.003114819 -0.4633694 -0.8861653 -3.4317e-5 -0.6359268 -0.7717494 1.26114e-4 -0.7070984 -0.7070993 0.004752755 -0.7936629 -0.6083571 9.24984e-4 -0.9999973 -0.00234878 0 -0.9965671 -0.082789 1.0927e-4 -0.9493482 -0.3139767 0.01251345 -0.9659255 -0.2588205 0 -0.966085 -0.2582241 6.84461e-5 -0.8494903 -0.5276042 -8.81207e-6 -0.9615836 -0.2576577 0.09470808 -0.7053957 -0.7054007 0.06947535 -0.2587325 -0.9656129 0.02548307 -0.2587359 -0.965612 0.02548348 -0.2487942 -0.9656116 0.07546991 -0.2487878 -0.9656133 0.07547008 -0.2292923 -0.9656113 0.1225559 -0.2292861 -0.9656125 0.1225573 -0.200973 -0.965612 0.1649343 -0.200971 -0.9656125 0.1649335 -0.1649361 -0.9656122 0.2009708 -0.1649311 -0.965613 0.2009713 -0.1225565 -0.9656125 0.2292867 -0.1225585 -0.9656122 0.229287 -0.07546746 -0.9656125 0.2487912 -0.07546901 -0.9656123 0.2487918 -0.02548569 -0.9656121 0.2587352 -0.02548205 -0.9656121 0.2587353 0.02548211 -0.9656121 0.2587354 0.02548521 -0.9656121 0.2587349 0.07546752 -0.9656124 0.2487919 0.07546901 -0.9656123 0.2487918 0.1225565 -0.9656125 0.2292867 0.1225587 -0.9656121 0.2292878 0.1649326 -0.9656127 0.2009714 0.1649346 -0.9656124 0.2009713 0.2009716 -0.9656125 0.1649336 0.2009722 -0.9656121 0.1649348 0.2292913 -0.9656113 0.122557 0.2292869 -0.9656126 0.1225562 0.2487865 -0.9656136 0.07546973 0.248794 -0.9656117 0.07547014 0.2587332 -0.9656127 0.02548301 0.2587321 -0.965613 0.02548307 -0.7054002 -0.7053962 0.06947571 -0.6782881 -0.7054003 0.2057564 -0.678293 -0.7053958 0.2057561 -0.6251127 -0.7053999 0.3341335 -0.625115 -0.705399 0.334131 -0.5479199 -0.7053989 0.4496623 -0.5479177 -0.7053978 0.4496668 -0.4496622 -0.7053995 0.5479193 -0.4496716 -0.7053939 0.5479187 -0.3341258 -0.705397 0.6251201 -0.3341333 -0.705396 0.6251172 -0.2057597 -0.7053959 0.6782917 -0.2057492 -0.7054005 0.6782901 -0.06948548 -0.7053995 0.7053958 -0.06947267 -0.7053951 0.7054015 0.06947284 -0.7053954 0.7054012 0.06948441 -0.7053982 0.7053973 0.2057464 -0.7054009 0.6782906 0.2057612 -0.7053969 0.6782901 0.3341241 -0.7054001 0.6251174 0.3341337 -0.7053953 0.6251178 0.4496748 -0.7053922 0.5479183 0.4496607 -0.7053997 0.5479202 0.5479231 -0.7053948 0.4496649 0.5479145 -0.705402 0.4496641 0.6251181 -0.7053953 0.3341329 0.6251112 -0.705402 0.3341318 0.6782932 -0.7053955 0.2057563 0.6782909 -0.7053973 0.2057573 0.7054015 -0.7053949 0.06947547 0.7053951 -0.7054013 0.06947559 -0.9615846 -0.257654 0.0947076 -0.9246309 -0.2576552 0.2804844 -0.9246305 -0.2576568 0.2804845 -0.852148 -0.2576532 0.4554764 -0.852146 -0.2576549 0.4554792 -0.7469059 -0.257657 0.6129801 -0.7469128 -0.2576582 0.6129711 -0.6129633 -0.2576625 0.7469177 -0.6129789 -0.2576538 0.746908 -0.4554793 -0.2576563 0.8521455 -0.455487 -0.2576586 0.8521407 -0.2804898 -0.2576599 0.924628 -0.2804741 -0.2576617 0.9246323 -0.09470695 -0.2576609 0.9615828 -0.09469515 -0.2576593 0.9615844 0.09469491 -0.257659 0.9615846 0.09470677 -0.2576611 0.9615828 0.2804781 -0.2576619 0.9246309 0.2804851 -0.2576593 0.9246295 0.4554786 -0.2576605 0.8521445 0.4554877 -0.257653 0.852142 0.6129721 -0.257655 0.7469131 0.6129713 -0.2576589 0.7469125 0.7469112 -0.2576546 0.6129745 0.746908 -0.2576569 0.6129775 0.8521493 -0.257649 0.4554765 0.8521456 -0.2576562 0.455479 0.9246302 -0.2576581 0.2804841 0.9246302 -0.257658 0.2804844 0.9615859 -0.257649 0.09470766 0.9615828 -0.2576604 0.09470808 0.8491539 -0.5281456 -2.88553e-6 0.999998 -0.002044916 0 0.9659256 -0.2588202 0 0.9659846 -0.2585998 2.18945e-5 0.9182974 -0.3938854 0.03980123 0.9771234 -0.2126729 3.42397e-4 0.2588182 -0.9659261 0 0.2200834 -0.9754742 0.003674209 0.4616668 -0.8870534 -6.52731e-6 0.7071038 -0.7071098 3.79483e-5 0.5464354 -0.8373277 0.017057 0.7072529 -0.7069575 0.002156913 0.2158976 0.976416 0 0.2588171 0.9659133 0.005032718 0.8494859 0.5276114 -1.32561e-5 0.7941122 0.6077697 0.001381397 0.6697978 0.7424823 0.009534478 0.7071037 0.7071002 0.003713607 0.5301838 0.8478828 4.06997e-5 0.4633425 0.8861793 -5.46222e-5 0.9999974 0.002268254 0 0.9659258 0.2588195 1.01811e-4 0.9661672 0.2579172 0 0.9803736 0.1742109 0.09229397 0.9966692 0.0815466 7.96082e-4 0.9615851 0.2576521 0.09470885 0.7053983 0.7053983 0.06947475 0.2587316 0.9656131 0.02548247 0.2587341 0.9656124 0.02548253 0.2487942 0.9656116 0.07547008 0.2487869 0.9656134 0.07547044 0.2292932 0.9656112 0.1225556 0.2292854 0.9656127 0.1225573 0.200973 0.9656119 0.1649352 0.200971 0.9656125 0.1649343 0.1649367 0.9656119 0.2009715 0.1649311 0.9656128 0.2009721 0.1225566 0.9656122 0.2292879 0.1225585 0.9656122 0.229287 0.07546734 0.9656123 0.2487923 0.07546919 0.9656122 0.2487921 0.02548563 0.9656122 0.2587349 0.02548199 0.9656121 0.2587357 -0.02548205 0.965612 0.2587357 -0.02548527 0.9656121 0.2587351 -0.07546764 0.9656125 0.2487915 -0.07546889 0.9656124 0.2487914 -0.1225565 0.9656124 0.2292875 -0.1225585 0.9656124 0.2292866 -0.1649323 0.9656129 0.2009705 -0.1649345 0.9656122 0.2009719 -0.2009723 0.9656121 0.1649346 -0.2009716 0.9656124 0.164934 -0.2292905 0.9656117 0.1225562 -0.229288 0.9656122 0.1225569 -0.2487878 0.9656132 0.07547038 -0.2487938 0.9656116 0.0754705 -0.258735 0.9656121 0.02548336 -0.2587337 0.9656125 0.02548199 0.7053956 0.7054006 0.06947624 0.6782962 0.7053921 0.2057577 0.6782891 0.7053996 0.205756 0.6251181 0.7053953 0.3341332 0.6251103 0.7054034 0.3341306 0.5479207 0.7053982 0.4496625 0.547917 0.7053991 0.4496657 0.4496626 0.7054002 0.5479182 0.4496718 0.7053948 0.5479175 0.3341251 0.7053973 0.6251201 0.3341327 0.7053978 0.6251154 0.2057595 0.7053959 0.6782918 0.2057489 0.7054013 0.6782894 0.06948554 0.7053979 0.7053975 0.06947261 0.7053961 0.7054007 -0.06947302 0.7053948 0.7054018 -0.06948429 0.7053996 0.7053959 -0.205746 0.7054007 0.6782909 -0.205762 0.7053965 0.6782903 -0.3341251 0.7053973 0.6251201 -0.3341337 0.7053959 0.6251171 -0.4496741 0.7053943 0.5479162 -0.4496612 0.7053996 0.5479199 -0.5479217 0.7053963 0.4496642 -0.5479158 0.7054003 0.4496652 -0.6251154 0.7053987 0.3341308 -0.6251132 0.7053997 0.3341329 -0.6782889 0.7053995 0.2057566 -0.6782922 0.7053967 0.2057551 -0.7053965 0.7053998 0.06947565 -0.7053967 0.7053997 0.06947559 0.9615836 0.2576581 0.09470683 0.9246302 0.2576581 0.2804839 0.9246314 0.2576569 0.2804814 0.8521447 0.2576574 0.4554802 0.852146 0.2576541 0.4554795 0.7469117 0.2576548 0.6129738 0.7469075 0.2576564 0.6129783 0.6129715 0.2576609 0.7469116 0.6129711 0.2576544 0.7469142 0.45548 0.2576551 0.8521456 0.4554867 0.2576584 0.8521409 0.28049 0.25766 0.9246279 0.2804846 0.2576603 0.9246294 0.09469503 0.257662 0.9615837 0.09470677 0.2576585 0.9615835 -0.09469509 0.2576595 0.9615844 -0.09470677 0.2576609 0.9615828 -0.2804896 0.2576596 0.9246281 -0.2804849 0.2576606 0.9246293 -0.4554786 0.2576605 0.8521445 -0.4554874 0.2576547 0.8521417 -0.6129636 0.2576597 0.7469184 -0.6129781 0.2576572 0.7469074 -0.7469051 0.2576613 0.6129792 -0.7469135 0.257654 0.612972 -0.8521481 0.2576532 0.4554763 -0.8521425 0.2576577 0.4554843 -0.9246327 0.2576523 0.280481 -0.9246305 0.2576566 0.2804847 -0.9615836 0.2576577 0.09470814 -0.9615844 0.2576546 0.0947076 -0.8491502 0.5281517 -4.19449e-6 -0.999997 0.002472996 0 -0.977354 0.2116088 9.46051e-4 -0.9555568 0.2727484 0.1118909 -0.9660031 0.258531 0 -0.9659264 0.2588171 3.27561e-5 -0.2588189 0.9659259 0 -0.2225888 0.9748947 0.005878508 -0.4616581 0.887058 -1.01322e-5 -0.7071052 0.7071084 6.06826e-5 -0.556505 0.8304485 0.02564626 -0.7084388 0.705765 0.00322324 0 -1 1.86255e-6 0 -1 -1.11849e-6 0 -1 -6.89993e-7 0 -1 6.27781e-7 0 -1 -7.04734e-7 0.162049 -0.9867828 0 0.4671865 -0.8836408 -0.03026127 0.3403114 -0.9403129 9.15958e-6 0.1619396 -0.9868007 -8.49195e-5 -0.4671893 -0.8836394 -0.03025984 -0.340316 -0.9403111 9.5962e-6 -0.1620469 -0.9867832 -8.28904e-5 -0.1619893 -0.9867926 0 0 1 -3.46491e-7 0.9075183 0.4200124 -1.98123e-4 0.999998 0.002042353 0 0.9659245 0.2588181 -0.001736462 0.9827642 0.1600393 -0.09253096 0.962555 0.2691874 -0.03203159 0.8113259 0.5845941 2.27087e-4 0.7068656 0.7068654 -0.02612179 0.6924222 0.7211888 -0.02093493 0.1619889 0.9867926 0 0.3203999 0.9467278 -0.0324124 0.2587782 0.9657745 -0.01770734 0.4331901 0.9013026 1.64017e-4 0.584426 0.8114472 -2.09115e-4 -0.5844262 0.8114469 -2.09209e-4 -0.1619887 0.9867926 0 -0.2588189 0.9659258 5.5151e-4 -0.4000136 0.9150499 -0.05170017 -0.3204009 0.9467273 -0.03241246 -0.7071077 0.7071056 5.79973e-4 -0.7809071 0.6222633 -0.05452162 -0.6924234 0.7211876 -0.02093499 -0.9659255 0.2588205 0 -0.9840204 0.1387454 -0.1115956 -0.9827654 0.1600323 -0.09253108 -0.962555 0.2691874 -0.03203195 -0.9075188 0.4200116 -1.98514e-4 0.9951848 0 0.09801644 0.9951847 0 0.09801739 0.9569408 0 0.2902831 0.9569401 0 0.2902857 0.8819211 0 0.471397 0.7730137 0 0.6343895 0.7730098 0 0.6343942 0.6343898 0 0.7730135 0.6343954 0 0.7730087 0.4713939 0 0.8819229 0.09800934 0 0.9951855 0.0980283 0 0.9951837 -0.0980283 0 0.9951837 -0.09800934 0 0.9951856 -0.4713938 0 0.8819228 0 1 -6.99253e-7 0 1 -1.69957e-7 0 1 7.22939e-7 0 1 5.20714e-6 0 1 -8.0077e-7 0 1 -1.73447e-7 0 1 2.63608e-7 0 1 1.73447e-7 0 1 -1.76206e-7 0 1 -3.52414e-7 0 -1 -3.49627e-7 0 -1 0 0 -1 0 0 -1 0 0 -1 0 0 -1 1.74813e-7 0 -1 1.72291e-7 0 -1 0 0 -1 4.15231e-7 0 -1 0 0 -1 -1.57197e-7 0 -1 1.49218e-7 0 -1 -3.46893e-7 0 -1 0 0 -1 3.41071e-7 0 -1 -2.6017e-7 0 -1 3.96464e-7 0 -1 1.76206e-7 0 -1 0 0 -1 0 0 -1 0 0 -1 0 -0.1305334 0 0.991444 -0.2582601 -0.06538671 0.9638602 -0.8578637 5.28799e-5 0.5138775 -0.838902 0.00231409 0.5442777 -0.817905 0.008160591 0.5752955 -0.7660942 -0.009398341 0.6426597 -0.382682 0 0.9238802 -0.604726 -0.01458781 0.7963 -0.6877171 0.006377816 0.7259507 -0.7518633 -0.005547285 0.6592959 -0.9999991 0 0.001382052 -0.9999992 5.51356e-7 0.001276969 -0.9931478 -4.7724e-5 0.1168652 -0.9976712 -0.03299349 0.05969661 -0.9700578 0.02869635 0.2411729 -0.9600667 0.04612964 0.2759422 -0.8694656 -2.76071e-5 0.4939935 -0.8892191 -0.001303374 0.4574799 -0.9103429 -0.01015996 0.4137303 -0.9492892 0.01299583 0.3141358 -0.9869564 -0.02522259 0.1590005 0.983675 -0.05306708 0.171952 0.948789 0.008994221 0.3157827 0.8972715 -0.004164993 0.4414596 0.8892602 -0.001026153 0.4574006 0.8695247 1.34651e-5 0.4938895 0.946141 0.07105767 0.3158608 0.9601443 0.04597544 0.2756977 0.996037 -0.05461072 0.07020068 0.9846505 0.02319282 0.17299 0.9999606 -0.007366478 0.004957973 0.9989714 2.1078e-4 0.04534643 0.9999993 0 0.00123924 0.6877197 0.006377935 0.7259484 0.6047261 -0.01458746 0.7963 0.7518744 -0.00554794 0.6592831 0.7660938 -0.00939846 0.6426602 0.8179053 0.008160769 0.575295 0.8394122 0.002170562 0.5434911 0.8590682 -3.22975e-5 0.5118614 0.1305334 0 0.991444 0.2582601 -0.06538683 0.9638602 0.382682 0 0.9238802 0.5641133 0 0.8256975 -0.9483178 -0.00535345 0.3172773 -0.9607604 -0.05320471 0.2722293 -0.9977281 0.05608004 0.03733199 -0.9947097 0.06852281 0.07653343 -0.9862646 0.03181213 0.1620812 -0.9840242 -0.01457333 0.1774376 -0.9989694 -1.27446e-4 0.04539144 -0.9999993 0 0.001275658 -0.8181317 0.01454174 0.574847 -0.7682682 -0.01517575 0.6399483 -0.8880406 0.008246421 0.4596912 -0.8406885 -0.01072603 0.5414128 -0.8906775 0.003384053 0.4546232 -0.687552 -0.003828048 0.7261251 -0.5513274 0.01640009 0.8341277 -0.09802687 0 0.9951838 -0.1950323 0.0223363 0.9805425 0.1305376 0 0.9914434 0.2586122 0.03958988 0.9651697 0.7664508 0.005649447 0.6422782 0.8174004 -0.004850029 0.5760496 0.8387705 -0.00137639 0.5444834 0.3826839 0 0.9238794 0.5641037 0 0.8257039 0.6047671 0.008820891 0.7963535 0.6875519 -0.003828108 0.7261252 0.7521587 0.003346025 0.6589736 0.9999993 0 0.001238107 0.8578903 -3.17663e-5 0.5138329 0.8694612 1.59319e-5 0.4940013 0.8892946 7.76151e-4 0.4573341 0.9931715 -3.33708e-4 0.116663 0.9709017 -0.03848409 0.2363663 0.9985563 0.04458534 0.02996009 0.9606028 -0.05242508 0.2729361 0.9969513 0.04372906 0.06462186 0.9203839 -0.06180024 0.3861014 0.9796847 0.07949334 0.1841164 0.9452862 0.01583862 0.3258579 -0.9954494 0.09262776 -0.02237886 -0.9874762 0.144603 0.06309461 -0.9671894 0.2536006 -0.01521742 -0.9395746 0.3254302 0.1062769 -0.9435138 0.2808763 0.175757 -0.8313114 0.5542701 0.04130512 -0.8060931 0.5838732 0.0964688 -0.7518868 0.6534357 0.08768284 -0.9991419 0.005203247 0.04109305 -0.9911373 0.05409371 0.1213292 -0.9909818 0.03094685 0.1303741 -0.9559317 0.1144444 0.2703649 -0.9561579 0.07937163 0.2818908 -0.9052034 0.1340287 0.4032906 -0.8837324 0.1531652 0.4422188 -0.8371639 0.2079191 0.5058916 -0.830636 0.18436 0.5254096 -0.7614796 0.2130739 0.6121671 -0.7599868 0.2141732 0.6136367 -0.6839458 0.2370595 0.6899427 -0.6744338 0.2576705 0.691914 -0.9999986 0.001384258 9.45942e-4 -0.9993095 0.01926237 0.03177565 -0.9986484 0.05055594 0.01206558 -0.9913376 0.09708374 0.08845657 -0.9873472 0.1459484 0.06200647 -0.9550799 0.2240205 0.1940033 -0.9373682 0.316381 0.1457535 -0.8892393 0.3772053 0.2587852 -0.871959 0.4150856 0.2595987 -0.7653682 0.5549163 0.3260055 -0.6991651 0.5854021 0.4104541 -0.6666947 0.6053478 0.4348245 -0.5962432 0.6235805 0.50561 -0.6870828 0.700543 0.1927607 -0.6848195 0.7114899 0.1574946 -0.5098375 0.8500524 0.1321989 -0.5085551 0.8505858 0.1337 -0.4399277 0.8804618 0.1767789 -0.2372845 0.9613003 0.1399924 -0.5449838 0.25813 0.7977228 -0.5450124 0.2581177 0.7977072 -0.3994592 0.7060926 0.5846928 -0.3994654 0.7060909 0.5846905 -0.1463955 0.9657396 0.2142789 -0.1463894 0.9657405 0.2142791 -0.3698517 0.2567412 0.8929131 -0.3698471 0.256752 0.8929119 -0.27175 0.7040675 0.65608 -0.271766 0.7040607 0.6560806 -0.09984272 0.9653658 0.2410399 -0.1261634 0.2567507 0.9582077 -0.1261495 0.2567539 0.9582086 -0.09268039 0.704064 0.7040627 -0.09269595 0.7040609 0.7040638 -0.03405189 0.9653663 0.2586665 0 0.9659268 0.2588157 0 0.9659256 0.2588201 0 0.7071056 0.7071081 0 0.2588216 0.9659252 0 0.2588226 0.965925 0.1261527 0.2567545 0.9582081 0.1261602 0.2567495 0.9582084 0.09268015 0.7040631 0.7040637 0.09269601 0.7040607 0.7040638 0.0340557 0.9653657 0.2586686 0.03405213 0.9653663 0.2586666 0.3698422 0.2567533 0.8929136 0.3698567 0.2567415 0.8929108 0.2717617 0.7040616 0.6560814 0.2717531 0.7040665 0.6560798 0.09984278 0.9653662 0.2410387 0.09984236 0.965366 0.2410396 0.544997 0.2581195 0.7977172 0.5449985 0.2581267 0.7977139 0.3994576 0.7060974 0.584688 0.3994679 0.7060897 0.5846903 0.1463955 0.9657384 0.2142841 0.1463897 0.965741 0.2142766 0.5098375 0.8500533 0.1321943 0.9954534 0.09258806 -0.02236646 0.9837808 0.157864 0.08517253 0.950933 0.242474 0.1921794 0.9326632 0.3374531 0.1275345 0.9684183 0.2481684 -0.02405107 0.9999992 9.51688e-4 9.19447e-4 0.9991353 0.02192866 0.03532552 0.9986563 0.05045694 0.01182311 0.9899318 0.1026025 0.09750801 0.987893 0.1437461 0.05834782 0.9483195 0.2351036 0.2131112 0.9405496 0.3111008 0.1363191 0.8771592 0.3889321 0.2816445 0.8823473 0.4050395 0.2395961 0.9057621 0.1411532 0.3995883 0.9550354 0.08108055 0.2851902 0.9582298 0.1104967 0.2637919 0.9907373 0.03190076 0.1319927 0.991746 0.05166798 0.1173479 0.999142 0.005156576 0.04109507 0.6700487 0.7258516 0.1554805 0.8299544 0.2155085 0.514521 0.8837341 0.153168 0.4422146 0.9026798 0.1363988 0.4081233 0.4512473 0.8699592 0.1988642 0.4956825 0.8609841 0.114041 0.6698392 0.5956757 0.4432672 0.6951527 0.5954779 0.4027019 0.5606158 0.6980816 0.4454125 0.5548721 0.6308711 0.5423272 0.3007462 0.9498855 0.08526057 0.3175433 0.8998218 0.2991439 0.8313106 0.5542712 0.04130381 0.7788662 0.6094073 0.1482909 0.7750933 0.6303619 0.0432955 0.696755 0.6947646 0.1784229 0.7861075 0.4773558 0.3926402 0.781995 0.5452776 0.3019209 0.8360052 0.1818124 0.5177255 0.7601004 0.2135825 0.6137018 0.7613431 0.2137104 0.6121149 0.67521 0.2393656 0.6977074 0.681755 0.2574083 0.6848 0.8306363 -0.184362 0.5254085 0.9991442 -0.005127608 0.04104328 0.9911369 -0.05408763 0.1213352 0.9909822 -0.03094869 0.130371 0.9999974 -0.002288639 -1.12525e-4 0.9992983 -0.02130508 0.0308085 0.9986428 -0.05064189 0.01216566 0.9913344 -0.09711712 0.08845585 0.9873476 -0.1459468 0.06200152 0.9451478 -0.314697 0.08752965 0.9671871 -0.253609 -0.01521682 0.9874725 -0.144618 0.06311583 0.9954436 -0.09276074 -0.02208232 0.8389405 -0.5437515 0.02265447 0.946404 -0.2574177 0.1950783 0.9373691 -0.3163787 0.1457533 0.955075 -0.2240363 0.1940088 0.956159 -0.07936686 0.2818881 0.9559299 -0.1144492 0.2703695 0.9028628 -0.1440654 0.4050728 0.9051973 -0.134035 0.4033023 0.889237 -0.3772124 0.2587827 0.8719525 -0.4150962 0.2596037 0.8061055 -0.5838553 0.09647226 0.6612102 -0.6599059 0.3568269 0.7136662 -0.6837103 0.1523842 0.7518831 -0.6534399 0.08768242 0.7614727 -0.2130793 0.6121738 0.7600422 -0.2141491 0.6135764 0.69917 -0.5853936 0.410458 0.666762 -0.6052991 0.4347892 0.5263867 -0.7026795 0.4787053 0.5962365 -0.6235857 0.5056115 0.6744294 -0.2576703 0.6919184 0.6839461 -0.2370573 0.6899433 0.8837429 -0.1531625 0.4421989 0.8371618 -0.2079179 0.5058956 0.809094 -0.4634832 0.3613174 0.7653627 -0.5549235 0.3260059 0.5956586 -0.8029348 0.02206301 0.5085848 -0.8505678 0.1337012 0.4398747 -0.8804889 0.1767757 0.3907235 -0.8917629 0.2282419 0.2372816 -0.9613012 0.1399911 0.5449959 -0.2581266 0.7977156 0.5450002 -0.2581198 0.7977149 0.3994586 -0.7060936 0.584692 0.3994659 -0.7060923 0.5846886 0.1463955 -0.9657397 0.2142789 0.1463899 -0.9657403 0.2142797 0.3698607 -0.256743 0.8929089 0.3698467 -0.2567507 0.8929124 0.2717492 -0.7040684 0.6560794 0.2717667 -0.7040593 0.6560819 0.09984546 -0.9653658 0.2410394 0.09984272 -0.9653658 0.2410404 0.1261525 -0.2567501 0.9582093 0.1261498 -0.256755 0.9582083 0.09267997 -0.7040614 0.7040654 0.09269595 -0.7040607 0.704064 0.03405284 -0.9653662 0.2586669 0.03405195 -0.9653654 0.25867 0 -0.9659256 0.2588201 0 -0.9659261 0.2588179 0 -0.7071055 0.7071081 0 -0.2588221 0.965925 0 -0.2588222 0.965925 -0.09469169 -0.2576594 0.9615848 -0.09471923 -0.257652 0.961584 -0.069467 -0.7053977 0.7053996 -0.06947916 -0.7053973 0.7053987 -0.02548104 -0.9656125 0.2587341 -0.02548366 -0.965612 0.2587359 -0.2804751 -0.2576539 0.9246342 -0.2057536 -0.7054022 0.6782869 -0.07546341 -0.9656121 0.2487944 -0.07547438 -0.9656115 0.2487934 -0.3616412 -0.7035676 0.6117257 -0.3616505 -0.7035605 0.6117284 -0.1329517 -0.9652718 0.2248875 -0.9954416 -0.09277909 -0.02209568 -0.9837773 -0.1578824 0.08517992 -0.9684163 -0.2481763 -0.02404826 -0.9451493 -0.3146926 0.08752977 -0.9464048 -0.2574139 0.19508 -0.8389431 -0.5437475 0.02265453 -0.7788533 -0.6094223 0.1482972 -0.7751147 -0.6303355 0.04329335 -0.7136681 -0.6837082 0.1523846 -0.7055974 -0.6813856 0.1945406 -0.5418315 -0.8353138 0.09311115 -0.4512723 -0.8699485 0.198854 -0.4956357 -0.8610094 0.1140528 -0.3175436 -0.8998227 0.2991408 -0.3007528 -0.9498838 0.08525758 -0.9999979 -0.002064943 -1.30405e-5 -0.9991424 -0.02323585 0.0342729 -0.9986529 -0.05049312 0.01195394 -0.9899337 -0.1025785 0.09751421 -0.9878926 -0.1437478 0.05835002 -0.9483196 -0.2351009 0.213114 -0.9405458 -0.3111112 0.136321 -0.8771522 -0.3889431 0.2816511 -0.8823481 -0.4050375 0.2395963 -0.7819994 -0.5452739 0.3019165 -0.6698241 -0.5956913 0.4432694 -0.6951831 -0.5954533 0.4026859 -0.5548601 -0.6308766 0.5423331 -0.5606162 -0.69808 0.4454143 -0.9991444 -0.005128741 0.04103916 -0.9917469 -0.05167561 0.1173366 -0.9907371 -0.03190624 0.1319925 -0.9582329 -0.1104894 0.2637838 -0.9550344 -0.081088 0.2851912 -0.9057595 -0.141155 0.3995934 -0.9026733 -0.1364092 0.4081341 -0.8364061 -0.189131 0.5144457 -0.8346238 -0.1824724 0.5197182 -0.7600842 -0.2135888 0.6137198 -0.7614025 -0.213688 0.6120488 -0.6752027 -0.2393679 0.6977137 -0.2588129 0 0.9659276 -0.2588129 0 0.9659275 -0.7071086 0 0.707105 -0.9659257 0 0.2588199 -0.9659257 0 -0.2588199 -0.9659267 0 -0.2588157 -0.7071086 0 -0.707105 -0.7071002 0 -0.7071134 -0.2588286 0 -0.9659234 -0.2588286 0 -0.9659233 0.2588285 0 -0.9659233 0.7071001 0 -0.7071135 0.9659268 0 -0.2588154 0.9659258 0 -0.2588196 0.9659258 0 0.2588196 0.2588129 0 0.9659275 -0.2158996 -0.9764156 0 -0.2588174 -0.9659214 0.003114759 -0.8494969 -0.5275936 -8.81215e-6 -0.7936617 -0.6083587 9.24988e-4 -0.7070975 -0.7071002 0.004752755 -0.6359296 -0.7717471 1.26115e-4 -0.463364 -0.8861682 -3.4341e-5 -0.9999967 -0.002585828 0 -0.9659253 -0.2588213 6.82885e-5 -0.9661673 -0.2579164 0 -0.958346 -0.2840247 0.03004997 -0.99659 -0.08251327 2.60989e-4 -0.9615845 -0.2576547 0.09470701 -0.7053965 -0.7053998 0.06947541 -0.258732 -0.965613 0.02548307 -0.2587358 -0.965612 0.02548348 -0.248793 -0.9656119 0.07547062 -0.2292866 -0.9656125 0.1225567 -0.2292885 -0.9656121 0.1225568 -0.2009727 -0.9656122 0.164934 -0.2009711 -0.9656125 0.1649337 -0.1649329 -0.9656121 0.2009735 -0.1225575 -0.9656119 0.2292886 -0.1225584 -0.9656123 0.229287 -0.07546734 -0.9656126 0.2487913 -0.07546913 -0.9656121 0.2487923 -0.02548205 -0.9656123 0.2587349 -0.02548503 -0.9656126 0.258733 0.02548187 -0.9656128 0.2587331 0.02548521 -0.9656122 0.2587348 0.07546758 -0.9656124 0.2487921 0.07546895 -0.9656124 0.2487915 0.1225569 -0.9656124 0.2292871 0.1225589 -0.9656118 0.2292883 0.1649371 -0.9656116 0.2009729 0.164932 -0.9656125 0.2009726 0.200972 -0.9656123 0.1649339 0.2009719 -0.9656123 0.1649345 0.2292904 -0.9656117 0.1225566 0.2292848 -0.9656129 0.122557 0.2487946 -0.9656115 0.07547003 0.2487915 -0.9656124 0.07547003 0.2587316 -0.9656131 0.02548342 0.2587357 -0.965612 0.02548307 -0.7053998 -0.7053965 0.06947565 -0.6782861 -0.7054018 0.2057577 -0.6782931 -0.7053955 0.2057565 -0.6251131 -0.7054011 0.3341301 -0.6251177 -0.705396 0.3341322 -0.5479179 -0.7053982 0.449666 -0.5479214 -0.7053962 0.4496648 -0.4496627 -0.7053987 0.5479199 -0.4496644 -0.7053997 0.5479173 -0.3341288 -0.7054011 0.6251139 -0.3341332 -0.7053965 0.6251167 -0.2057598 -0.7053961 0.6782915 -0.2057492 -0.7054005 0.6782901 -0.06948542 -0.7053993 0.7053961 -0.06947267 -0.7053953 0.7054014 0.0694729 -0.7053951 0.7054015 0.06948441 -0.705399 0.7053965 0.2057526 -0.7054001 0.6782895 0.2057558 -0.705397 0.6782917 0.3341304 -0.7053979 0.6251165 0.3341316 -0.7053997 0.6251139 0.4496666 -0.7053986 0.5479168 0.4496608 -0.7053996 0.5479202 0.5479222 -0.7053959 0.4496642 0.5479173 -0.7053985 0.4496662 0.6251158 -0.705398 0.3341317 0.6251158 -0.7053984 0.3341308 0.67829 -0.7053982 0.2057573 0.6782896 -0.7053986 0.2057573 0.7053976 -0.7053989 0.06947541 0.7053993 -0.7053971 0.06947541 -0.9615841 -0.2576555 0.09470874 -0.9246312 -0.257658 0.2804812 -0.9246304 -0.2576568 0.2804845 -0.8521451 -0.2576545 0.4554808 -0.852145 -0.2576591 0.4554787 -0.7469097 -0.2576618 0.6129733 -0.7469126 -0.2576591 0.612971 -0.6129788 -0.2576541 0.7469078 -0.4554793 -0.257657 0.8521454 -0.4554786 -0.2576519 0.8521472 -0.2804902 -0.2576512 0.9246303 -0.2804857 -0.2576525 0.9246314 -0.09469509 -0.2576526 0.9615862 -0.09470689 -0.2576591 0.9615834 0.09469491 -0.2576589 0.9615845 0.09470707 -0.2576525 0.9615851 0.2804902 -0.2576519 0.9246301 0.2804858 -0.2576515 0.9246317 0.4554797 -0.2576522 0.8521465 0.4554779 -0.2576562 0.8521463 0.6129717 -0.2576568 0.7469127 0.6129709 -0.2576594 0.7469126 0.7469157 -0.2576562 0.6129685 0.7469072 -0.2576614 0.6129766 0.8521441 -0.2576584 0.4554806 0.852146 -0.2576544 0.4554793 0.9246304 -0.2576569 0.2804844 0.9246323 -0.2576538 0.2804813 0.9615839 -0.2576563 0.09470784 0.9615844 -0.2576546 0.09470754 0.9999975 -0.00223118 0 0.977253 -0.212076 6.82944e-4 0.965926 -0.2588188 0 0.9416303 -0.3269134 0.08037543 0.9659982 -0.2585489 2.19824e-5 0.8491553 -0.5281433 -2.81036e-6 0.2588194 -0.9659258 0 0.2200819 -0.9754745 0.003674209 0.4616578 -0.8870581 -6.48186e-6 0.7071066 -0.7071071 3.79797e-5 0.5464345 -0.8373283 0.0170567 0.7072532 -0.7069571 0.002156913 0.2158988 0.9764158 0 0.258816 0.9659135 0.005032658 0.7941197 0.6077599 0.001381397 0.669798 0.7424821 0.009534358 0.7071027 0.7071013 0.003713607 0.5301934 0.8478767 4.07004e-5 0.4633418 0.8861796 -5.46224e-5 0.9999974 0.002267837 0 0.9965597 0.08287876 6.45332e-5 0.9659117 0.2588153 0.005410015 0.9422323 0.3349602 7.12137e-5 0.8494803 0.5276203 -1.30991e-5 0.961584 0.2576563 0.09470784 0.7053974 0.705399 0.06947529 0.2587318 0.9656131 0.02548253 0.2587355 0.965612 0.02548348 0.248794 0.9656116 0.07547008 0.2487919 0.9656121 0.07547098 0.2292866 0.9656127 0.122556 0.2292883 0.9656121 0.1225571 0.200973 0.9656121 0.1649334 0.2009708 0.9656125 0.1649343 0.1649361 0.9656115 0.2009744 0.1649329 0.9656122 0.2009735 0.1225577 0.965612 0.2292881 0.1225582 0.9656124 0.2292866 0.07546734 0.9656123 0.2487924 0.07546913 0.9656123 0.2487919 0.02548205 0.9656121 0.2587354 0.02548503 0.9656125 0.2587333 -0.02548187 0.9656127 0.2587334 -0.02548521 0.9656123 0.2587342 -0.07546764 0.9656126 0.2487914 -0.1225571 0.965612 0.2292888 -0.1225588 0.9656122 0.2292871 -0.1649373 0.9656117 0.2009722 -0.1649316 0.9656126 0.2009723 -0.2292909 0.9656115 0.1225563 -0.2292848 0.965613 0.1225569 -0.2487955 0.9656113 0.0754705 -0.2487919 0.9656121 0.07547098 -0.258732 0.965613 0.02548342 -0.258736 0.9656119 0.02548187 0.7053995 0.7053969 0.06947529 0.6782879 0.7053999 0.2057587 0.6782917 0.7053971 0.2057557 0.6251134 0.7054007 0.3341306 0.6251145 0.7053987 0.3341328 0.5479227 0.7053956 0.4496642 0.5479211 0.7053967 0.4496645 0.4496577 0.7054004 0.5479218 0.4496645 0.7054002 0.5479165 0.3341348 0.7054 0.6251119 0.3341279 0.7053984 0.6251174 0.2057598 0.7053964 0.6782912 0.2057549 0.7053995 0.6782895 0.06947892 0.7053994 0.7053967 0.06947267 0.7053953 0.7054014 -0.06947284 0.7053952 0.7054014 -0.06947833 0.7053995 0.7053967 -0.2057523 0.7053998 0.67829 -0.2057618 0.7053959 0.678291 -0.3341299 0.7053978 0.6251169 -0.334132 0.7053993 0.6251141 -0.449662 0.705401 0.5479175 -0.4496607 0.7054004 0.5479193 -0.547927 0.705393 0.4496631 -0.5479176 0.705398 0.4496666 -0.6251121 0.7054008 0.3341326 -0.6251155 0.7053989 0.3341304 -0.6782881 0.7054003 0.2057568 -0.6782914 0.7053969 0.2057574 -0.7053997 0.7053967 0.06947529 0.9615845 0.2576547 0.09470742 0.9246306 0.2576566 0.2804844 0.9246321 0.2576543 0.2804816 0.8521453 0.2576546 0.4554806 0.8521416 0.2576607 0.4554842 0.7469152 0.2576583 0.6129682 0.7469078 0.2576595 0.6129767 0.6129717 0.2576597 0.7469118 0.612971 0.2576565 0.7469136 0.4554786 0.257656 0.852146 0.4554783 0.2576521 0.8521473 0.2804906 0.2576513 0.9246302 0.2804854 0.2576519 0.9246315 0.09470736 0.2576526 0.961585 0.09470689 0.2576588 0.9615834 -0.09469509 0.2576597 0.9615844 -0.09471869 0.2576518 0.9615842 -0.2804902 0.2576519 0.9246301 -0.2804856 0.2576516 0.9246316 -0.4554796 0.2576526 0.8521465 -0.455478 0.2576557 0.8521463 -0.6129639 0.2576583 0.7469187 -0.612978 0.2576577 0.7469073 -0.7469102 0.2576604 0.6129734 -0.7469124 0.2576594 0.6129711 -0.8521447 0.2576574 0.4554802 -0.8521422 0.2576589 0.4554842 -0.924632 0.2576552 0.2804811 -0.9246301 0.257658 0.2804846 -0.9615852 0.2576519 0.09470772 -0.8491499 0.528152 -4.19449e-6 -0.9999969 0.002519845 0 -0.9043649 0.4263169 0.01945 -0.9770559 0.2129836 1.68663e-4 -0.2225893 0.9748946 0.005878448 -0.4616484 0.887063 -1.02767e-5 -0.7071068 0.7071068 6.06827e-5 -0.5565018 0.8304507 0.02564591 -0.6653897 0.7438039 -0.0633431 -0.5281983 0.8489884 0.01501029 -0.226619 0.9737928 -0.01927554 -0.3060474 0.9504094 -0.05529248 -0.1619899 0.9867924 0 -0.6331477 0.773504 -0.02856135 -0.8547186 0.5186342 0.02179056 -0.8846703 0.4622856 0.06041932 -0.9481143 0.3145905 -0.04595768 0.2356467 0.9717411 -0.0137766 0.02997624 0.9983317 0.04935026 0.1619893 0.9867926 0 0.3388303 0.9408444 -0.002434253 0.5242938 0.8514929 0.008715748 0.5507026 0.8346486 -0.009411394 0.7068157 0.7073909 0.003123998 0.7917252 0.6098221 -0.03589147 0 1 1.36779e-6 0 1 -5.54111e-7 0 1 3.74567e-7 0 1 -1.10823e-6 -0.9951847 0 0.09801787 -0.9951848 0 0.09801602 -0.7730101 0 0.6343938 -0.7730101 0 0.6343938 -0.6343944 0 0.7730095 -0.4714018 0 0.8819187 -0.4713944 0 0.8819226 -0.290282 0 0.9569413 0.09800928 0 0.9951856 0.09801876 0 0.9951847 0.290282 0 0.9569411 0.4714013 0 0.8819189 0.9951848 0 0.09801602 0.9951847 0 0.09801787 0 1 7.22942e-7 0 1 5.20757e-6 0 1 -5.96393e-7 0 1 1.59258e-5 0 1 5.20774e-6 0 1 0 0 1 1.73446e-7 0 1 -1.76207e-7 0 1 -6.89167e-7 0 1 -1.76207e-7 0 1 6.89169e-7 0 1 -5.15e-7 0 1 0 0 -1 -1.71666e-7 0 -1 -2.54936e-7 0 -1 0 0 -1 2.47022e-7 0 -1 -2.34486e-7 0 -1 0 0 -1 -2.73673e-7 0 -1 2.30665e-7 0 -1 -2.30657e-7 0 -1 -3.39914e-7 0 -1 0 0 -1 1.76207e-7 0 -1 0 0 -1 0 -0.2582639 -0.06538593 0.9638592 -0.8578721 4.97698e-5 0.5138633 -0.8389353 0.002318024 0.5442264 -0.8179066 0.008161783 0.5752933 -0.7660806 -0.009396374 0.6426759 -0.3826816 0 0.9238803 -0.564124 0 0.8256901 -0.6047211 -0.01458549 0.7963039 -0.6877124 0.006377041 0.7259553 -0.7519852 -0.005549907 0.6591567 -0.9999993 -2.42597e-6 0.001201629 -0.9931476 -4.40531e-5 0.1168673 -0.9976712 -0.03300219 0.05969172 -0.9700598 0.02869647 0.2411649 -0.9600614 0.04614275 0.2759588 -0.8695077 -2.69297e-5 0.4939195 -0.8892055 -0.001302421 0.4575064 -0.9103423 -0.01016068 0.4137317 -0.9492892 0.01299649 0.3141357 -0.9869552 -0.02522617 0.1590065 0.9836744 -0.0530706 0.1719548 0.9487885 0.008994102 0.3157843 0.88927 -0.001025497 0.4573816 0.8694586 1.34681e-5 0.4940059 0.9601504 0.04597085 0.2756772 0.9960365 -0.054614 0.07020413 0.9846502 0.02319115 0.1729919 0.9999613 -0.007334113 0.004858851 0.9989713 2.09972e-4 0.04534769 0.9999994 0 0.001201033 0.6877129 0.006377041 0.7259549 0.6047204 -0.01458662 0.7963044 0.7519925 -0.005552709 0.6591483 0.7660815 -0.009396433 0.6426749 0.8179054 0.0081622 0.5752949 0.8394264 0.002170979 0.5434691 0.8590832 -3.25981e-5 0.5118359 0.2582641 -0.06538653 0.9638591 0.564124 0 0.8256901 -0.9483194 -0.005354762 0.3172726 -0.9607557 -0.05320864 0.2722452 -0.9977344 0.05605792 0.03719806 -0.9462487 -0.07243442 0.3152248 -0.9947097 0.06852054 0.07653445 -0.9862637 0.03181213 0.1620862 -0.9840247 -0.01457226 0.177435 -0.9989694 -1.27944e-4 0.04538923 -0.9999994 0 0.001199483 -0.8181285 0.01454198 0.5748516 -0.7682622 -0.01517814 0.6399553 -0.8880397 0.008243978 0.4596931 -0.8407128 -0.01072746 0.5413752 -0.8906734 0.00338459 0.4546313 -0.7523185 0.003345072 0.6587912 -0.6875453 -0.003827571 0.7261314 -0.5513324 0.01639956 0.8341246 -0.4849653 -0.009021699 0.8744869 -0.1679717 0.01250481 0.9857125 -0.1950809 0 0.9807872 0.1305172 0 0.9914461 0.2586171 0.03959053 0.9651684 0.7664395 0.005648672 0.6422917 0.8174034 -0.004851043 0.5760453 0.8388086 -0.001375973 0.5444247 0.5641164 0 0.8256953 0.6047602 0.008820414 0.7963588 0.6875453 -0.003827571 0.7261314 0.7522928 0.003349184 0.6588205 0.9999994 0 0.001199483 0.8578375 -3.18466e-5 0.5139212 0.8695462 1.60271e-5 0.4938517 0.889288 7.76103e-4 0.457347 0.9931713 -3.33624e-4 0.1166655 0.9709039 -0.03848475 0.2363569 0.998558 0.04458773 0.02989864 0.9605929 -0.0524286 0.2729696 0.9969515 0.04372608 0.06461918 0.9203825 -0.06180208 0.3861045 0.9796836 0.07949686 0.1841201 0.9452871 0.01583838 0.325855 -0.9954489 0.09263533 -0.02236777 -0.9991422 0.005213797 0.04108357 -0.9911323 0.0541957 0.1213253 -0.9909824 0.03090614 0.1303797 -0.9559295 0.1144441 0.2703726 -0.9561583 0.07935887 0.281893 -0.9028539 0.1440526 0.4050971 -0.9051976 0.1340285 0.4033037 -0.8837081 0.1531802 0.4422621 -0.8371764 0.2079064 0.5058761 -0.8306338 0.1843528 0.5254157 -0.7614983 0.2130833 0.6121404 -0.7600459 0.2141451 0.6135733 -0.6839424 0.2370651 0.6899442 -0.6744091 0.257674 0.6919368 -0.9999976 0.001931548 0.001062214 -0.9992967 0.01979959 0.03184676 -0.9986503 0.05051594 0.01207298 -0.9913371 0.09708374 0.08846259 -0.9873445 0.1459711 0.06199538 -0.9550712 0.2240611 0.1939995 -0.9373739 0.3163641 0.1457533 -0.889236 0.3772139 0.2587835 -0.8719506 0.4150995 0.259605 -0.8090935 0.4634898 0.36131 -0.7653745 0.5549094 0.3260024 -0.6991849 0.5853852 0.4104447 -0.6667094 0.6053431 0.4348084 -0.5962355 0.6235888 0.5056089 -0.5263863 0.7026772 0.4787089 -0.9904356 0.1315467 0.04162842 -0.9901002 0.08765029 0.1096315 -0.9637354 0.2667834 0.006408512 -0.9326685 0.3374339 0.1275456 -0.8527256 0.5221689 -0.01409691 -0.8061213 0.5838344 0.09646809 -0.7518778 0.6534466 0.08767807 -0.6967514 0.6947676 0.1784248 -0.5605022 0.8252518 0.06925833 -0.5086242 0.8505437 0.1337047 -0.4398685 0.8804908 0.1767814 -0.3907051 0.8917703 0.2282438 -0.2372817 0.9613007 0.1399943 -0.5450106 0.2581204 0.7977075 -0.5450085 0.2581362 0.7977038 -0.3994598 0.7060914 0.5846937 -0.3994832 0.7060845 0.5846862 -0.1464034 0.9657375 0.2142831 -0.1463866 0.9657421 0.2142735 -0.3698586 0.2567546 0.8929064 -0.3698474 0.2567494 0.8929125 -0.2717521 0.7040619 0.6560852 -0.2717656 0.7040629 0.6560783 -0.0998454 0.965366 0.2410383 -0.1261529 0.2567479 0.9582098 -0.1261494 0.2567552 0.9582083 -0.09267973 0.7040662 0.7040606 -0.09269613 0.7040593 0.7040653 -0.03405237 0.9653664 0.2586663 -0.03405183 0.9653664 0.258666 0 0.9659256 0.2588201 0 0.707103 0.7071105 0 0.707108 0.7071056 0 0.2588216 0.9659252 0 0.2588227 0.9659249 0.1261425 0.2567554 0.9582092 0.1261602 0.2567491 0.9582086 0.09269112 0.7040627 0.7040627 0.09268403 0.7040618 0.7040644 0.03405267 0.9653657 0.2586686 0.03405171 0.9653661 0.2586676 0.3698413 0.2567523 0.8929141 0.3698664 0.2567549 0.892903 0.2717723 0.7040587 0.6560803 0.2717455 0.704061 0.6560889 0.09984707 0.9653668 0.2410346 0.09983897 0.9653657 0.241042 0.5450086 0.2581334 0.7977047 0.5450102 0.2581239 0.7977067 0.399476 0.7060838 0.5846918 0.3994659 0.7060932 0.5846875 0.1463953 0.9657397 0.2142786 0.1463964 0.9657394 0.2142793 0.9954519 0.09260308 -0.02236431 0.9837828 0.1578522 0.08517271 0.9509291 0.2425509 0.1921012 0.9326637 0.3374539 0.1275287 0.9684136 0.2481865 -0.02405458 0.8312977 0.554289 0.04132878 0.7788694 0.6094033 0.1482915 0.7751139 0.6303367 0.04329311 0.9999991 0.001241683 7.17196e-4 0.9991379 0.02207392 0.03516221 0.9986558 0.05046802 0.01182186 0.9899374 0.1025872 0.09746748 0.9878889 0.1437699 0.05835872 0.9483166 0.235111 0.213116 0.9405463 0.31111 0.1363199 0.8771231 0.3889931 0.2816727 0.8823674 0.4050101 0.2395718 0.9057492 0.1411571 0.3996166 0.9550324 0.08108741 0.2851983 0.9582344 0.1104995 0.2637744 0.9907384 0.03193604 0.1319761 0.9917459 0.05161577 0.1173709 0.9991414 0.005204617 0.04110497 0.8299533 0.215498 0.5145271 0.8837109 0.1531605 0.4422635 0.9026803 0.1363849 0.4081267 0.4513003 0.8699331 0.1988577 0.4956697 0.8609897 0.114054 0.6698429 0.5956698 0.4432697 0.6951249 0.5954986 0.4027194 0.5606045 0.6980885 0.4454157 0.5548658 0.6308732 0.5423312 0.3007445 0.9498859 0.08526217 0.3175383 0.899826 0.2991369 0.64881 0.7201449 0.2458392 0.595642 0.8029471 0.022062 0.7861085 0.4773581 0.3926355 0.7820003 0.5452706 0.3019198 0.8360013 0.1818123 0.5177319 0.7600937 0.2135766 0.6137123 0.7613938 0.2136899 0.6120589 0.6752038 0.2393609 0.697715 0.6817368 0.2574117 0.684817 0.9954441 -0.09275442 -0.02208209 0.9671872 -0.2536088 -0.01522076 0.9395632 -0.3254585 0.106292 0.943515 -0.2808752 0.1757518 0.8313107 -0.5542713 0.04130309 0.7518982 -0.6534231 0.08767879 0.9991442 -0.005134046 0.04104453 0.9911351 -0.05414211 0.1213259 0.9909831 -0.03092378 0.1303693 0.9559289 -0.114488 0.2703559 0.9561601 -0.07935154 0.2818887 0.9028567 -0.1440442 0.4050939 0.9051839 -0.1340579 0.4033245 0.8837996 -0.1531245 0.4420987 0.8371674 -0.2079147 0.5058875 0.8306268 -0.1843586 0.5254247 0.7615154 -0.2130686 0.6121244 0.7600448 -0.2141366 0.6135775 0.6839379 -0.237062 0.6899498 0.6744195 -0.2576652 0.69193 0.9999984 -0.00179255 -2.12091e-4 0.9993219 -0.0203824 0.03066462 0.9986405 -0.05068743 0.01216584 0.9873492 -0.1459349 0.0620051 0.9550738 -0.2240401 0.1940109 0.9373664 -0.3163862 0.145754 0.8892409 -0.3772073 0.2587763 0.8719501 -0.415103 0.2596011 0.8090984 -0.4634819 0.3613095 0.7653684 -0.5549185 0.3260011 0.6991464 -0.5854158 0.4104663 0.6667322 -0.6053159 0.4348113 0.5962377 -0.6235864 0.5056092 0.526377 -0.7026824 0.4787116 0.6848129 -0.7114965 0.1574931 0.5098327 -0.8500559 0.1321954 0.5085836 -0.850569 0.1336987 0.4398956 -0.8804794 0.1767709 0.3907105 -0.8917679 0.2282443 0.2372799 -0.9613013 0.1399933 0.5450083 -0.2581286 0.7977066 0.5449963 -0.2581311 0.797714 0.3994765 -0.7060859 0.5846891 0.1464006 -0.9657392 0.2142775 0.1463964 -0.9657394 0.2142793 0.3698679 -0.2567536 0.8929027 0.3698482 -0.2567514 0.8929116 0.271753 -0.7040584 0.6560885 0.09984254 -0.9653652 0.2410427 0.0998407 -0.965367 0.2410364 0.1261525 -0.2567498 0.9582094 0.1261394 -0.2567414 0.9582133 0.09268546 -0.7040617 0.7040644 0.09268999 -0.7040612 0.7040643 0.03405249 -0.9653662 0.2586671 0.03405195 -0.9653654 0.2586701 0 -0.9807852 0.1950909 0.004183888 -0.9659172 0.2588177 0 -0.8968753 0.4422834 0 -0.7933486 0.6087676 0.005586624 -0.7070946 0.7070969 0 -0.6087685 0.793348 0 -0.4422848 0.8968747 0.004184484 -0.2588065 0.9659201 0 -0.1950774 0.9807879 -0.475921 -0.192422 0.8581801 -0.1648387 -0.192409 0.9673712 -0.164848 -0.1924199 0.9673674 -0.1510737 -0.4372051 0.8865824 -0.1503973 -0.5508608 0.8209343 -0.4759257 -0.1924139 0.8581793 -0.4361712 -0.4372239 0.7865051 -0.395681 -0.5508626 0.7348381 -0.1051175 -0.8286066 0.5498742 -0.1031821 -0.7891129 0.6055199 -0.1339687 -0.60328 0.786197 -0.03322434 -0.9802434 0.1949851 -0.03322827 -0.9802439 0.1949818 -0.07515525 -0.8943379 0.4410346 -0.3867996 -0.603276 0.6974556 -0.2979003 -0.7891132 0.5371742 -0.2616165 -0.8286092 0.494938 -0.1410088 -0.9655854 0.2185437 -0.09592878 -0.980243 0.1729778 -0.9999975 -0.002206265 -3.18203e-4 -0.9991443 -0.02329003 0.03417998 -0.998659 -0.05037242 0.0119636 -0.9899312 -0.1026065 0.09751003 -0.987892 -0.1437569 0.05833798 -0.948321 -0.2351012 0.2131078 -0.9405473 -0.3111069 0.136321 -0.8771364 -0.3889666 0.2816681 -0.8823664 -0.4050083 0.2395787 -0.7861061 -0.477359 0.3926396 -0.7820073 -0.5452619 0.3019174 -0.6698076 -0.5957003 0.4432823 -0.6951529 -0.5954831 0.4026939 -0.3175387 -0.8998249 0.2991396 -0.4956973 -0.8609743 0.114051 -0.4512531 -0.8699555 0.1988667 -0.5956433 -0.802946 0.02206271 -0.6488099 -0.7201462 0.2458357 -0.7751028 -0.63035 0.04329621 -0.778882 -0.6093898 0.1482796 -0.8599514 -0.509145 -0.03543007 -0.9159835 -0.3622385 0.1725035 -0.9684235 -0.2481502 -0.02403295 -0.9837782 -0.1578776 0.08517646 -0.9954444 -0.09275156 -0.02208232 -0.3007435 -0.9498865 0.08525818 -0.4809386 -0.7863031 0.3878473 -0.6018073 -0.6224276 0.5004117 -0.6048679 -0.6021858 0.5210635 -0.652076 -0.4389898 0.6181303 -0.9991444 -0.005213022 0.04102933 -0.9917486 -0.05163741 0.1173386 -0.9907367 -0.03191226 0.1319941 -0.9582296 -0.1105165 0.2637844 -0.955035 -0.081061 0.2851973 -0.905749 -0.1411527 0.3996182 -0.9026627 -0.1364015 0.4081601 -0.8363942 -0.1891601 0.5144544 -0.8346276 -0.1824592 0.5197169 -0.7600961 -0.213575 0.6137097 -0.7614559 -0.2136944 0.61198 -0.6978198 -0.2332577 0.6772285 -0.6875399 -0.1941173 0.6997196 -0.2588206 0 0.9659255 -0.2588285 0 0.9659233 -0.7071001 0 0.7071135 -0.2588206 0 -0.9659255 -0.2588285 0 -0.9659233 0.2588288 0 -0.9659232 0.258821 0 -0.9659254 0.7071001 0 0.7071135 0.2588288 0 0.9659232 0.258821 0 0.9659254 -0.2158982 -0.9764159 0 -0.4633697 -0.8861651 -3.45205e-5 -0.6359273 -0.771749 1.25912e-4 -0.707097 -0.7071007 0.004752814 -0.7936738 -0.6083429 9.24912e-4 -0.9999977 -0.002137124 0 -0.9965729 -0.0827201 1.36928e-4 -0.9510549 -0.3086243 0.01567333 -0.9659279 -0.2588116 0 -0.9661074 -0.2581409 6.83855e-5 -0.84948 -0.5276208 -8.87762e-6 -0.9615836 -0.2576578 0.09470868 -0.705408 -0.7053883 0.06947642 -0.2587316 -0.9656131 0.02548283 -0.258735 -0.9656122 0.02548342 -0.2487943 -0.9656115 0.07547128 -0.248791 -0.9656125 0.07546907 -0.2292835 -0.9656132 0.122557 -0.2292889 -0.9656119 0.1225574 -0.200973 -0.965612 0.1649348 -0.2009741 -0.9656119 0.1649334 -0.1649343 -0.9656118 0.2009744 -0.1649335 -0.9656128 0.2009702 -0.1225572 -0.9656124 0.229287 -0.1225552 -0.9656125 0.2292875 -0.0754711 -0.9656121 0.2487921 -0.07546919 -0.9656124 0.2487918 -0.02548205 -0.9656121 0.2587355 -0.02548533 -0.9656121 0.2587353 0.02548211 -0.9656121 0.2587355 0.02548515 -0.9656122 0.2587345 0.0754711 -0.9656122 0.2487916 0.07546913 -0.9656122 0.2487922 0.122555 -0.9656127 0.2292871 0.1649373 -0.9656116 0.2009726 0.1649324 -0.9656124 0.2009726 0.2009723 -0.9656122 0.1649342 0.2009754 -0.9656115 0.1649346 0.2292878 -0.9656122 0.1225571 0.2292861 -0.9656125 0.1225575 0.2487942 -0.9656116 0.07546991 0.2487909 -0.9656125 0.0754702 0.2587316 -0.9656131 0.02548325 0.258736 -0.9656119 0.02548313 -0.7053971 -0.705399 0.0694772 -0.6782928 -0.7053954 0.2057576 -0.6782926 -0.7053962 0.2057558 -0.6251169 -0.7053948 0.3341364 -0.6251149 -0.7054008 0.3341274 -0.5479127 -0.7054015 0.4496671 -0.54792 -0.7053954 0.4496678 -0.4496716 -0.705397 0.5479148 -0.4496614 -0.7053977 0.5479223 -0.3341383 -0.7053925 0.6251186 -0.3341326 -0.7053976 0.6251157 -0.2057598 -0.7053956 0.6782919 -0.2057563 -0.705395 0.6782936 -0.06947296 -0.7053946 0.705402 -0.06947225 -0.7053997 0.705397 0.06946587 -0.7054005 0.7053968 0.06947851 -0.7053956 0.7054005 0.2057603 -0.705394 0.6782935 0.2057555 -0.7053982 0.6782906 0.3341373 -0.7053937 0.6251176 0.3341334 -0.7053961 0.6251171 0.4496634 -0.705398 0.5479203 0.449671 -0.7053951 0.5479177 0.5479152 -0.7053982 0.4496692 0.5479139 -0.7054028 0.4496636 0.6251153 -0.7053986 0.3341314 0.6251166 -0.7053974 0.3341314 0.6782917 -0.7053966 0.2057575 0.7054014 -0.7053949 0.06947606 0.7053982 -0.7053982 0.06947588 -0.9615823 -0.2576627 0.09470802 -0.9246287 -0.2576637 0.2804837 -0.9246336 -0.2576482 0.2804819 -0.8521445 -0.2576574 0.4554805 -0.8521453 -0.2576467 0.4554852 -0.74691 -0.2576634 0.6129724 -0.7469146 -0.257651 0.6129719 -0.6129786 -0.2576557 0.7469074 -0.6129698 -0.2576605 0.746913 -0.4554793 -0.2576547 0.8521459 -0.455478 -0.2576609 0.8521447 -0.2804785 -0.2576607 0.9246311 -0.280485 -0.2576615 0.924629 -0.09471905 -0.2576606 0.9615817 -0.09470713 -0.2576506 0.9615855 0.09471923 -0.2576497 0.9615846 0.09470677 -0.2576608 0.9615828 0.2804784 -0.2576622 0.9246309 0.2804851 -0.25766 0.9246294 0.4554778 -0.2576578 0.8521458 0.6129792 -0.2576559 0.7469069 0.6129714 -0.2576579 0.7469127 0.7469137 -0.2576526 0.6129724 0.8521419 -0.2576572 0.4554856 0.9246326 -0.2576524 0.2804815 0.9615834 -0.2576577 0.09470862 0.9615843 -0.2576549 0.0947082 0.8491412 -0.5281659 -2.88549e-6 0.9999979 -0.002108931 0 0.965927 -0.2588152 0 0.9659778 -0.258625 2.18925e-5 0.913631 -0.4052237 0.03274643 0.977099 -0.212785 2.82486e-4 0.2588177 -0.9659262 0 0.2200837 -0.9754742 0.003674209 0.4616619 -0.8870561 -6.52725e-6 0.7071043 -0.7071093 3.79483e-5 0.5464318 -0.8373298 0.01705747 0.7072541 -0.7069563 0.002156913 0.2158966 0.9764163 0 0.4633414 0.8861799 -5.47607e-5 0.5302123 0.8478651 4.07018e-5 0.7071035 0.7071004 0.003713667 0.6697981 0.7424821 0.009534418 0.999998 0.001987934 0 0.965927 0.2588152 0 0.9966027 0.08235913 3.47875e-4 0.9629473 0.266694 0.04008567 0.966161 0.2579403 1.02138e-4 0.849484 0.5276144 -1.3256e-5 0.7941183 0.6077618 0.001381397 0.7053999 0.7053966 0.06947493 0.2587357 0.9656119 0.02548265 0.2487908 0.9656125 0.0754702 0.2487937 0.9656117 0.0754705 0.2292852 0.9656128 0.1225572 0.2292885 0.9656119 0.1225572 0.2009723 0.9656121 0.1649346 0.2009754 0.9656114 0.1649353 0.1649349 0.9656118 0.2009738 0.1649343 0.9656123 0.200972 0.1225548 0.9656128 0.2292863 0.07547092 0.9656121 0.248792 0.02548199 0.9656122 0.258735 0.02548527 0.9656121 0.2587352 -0.02548211 0.9656119 0.2587364 -0.02548527 0.9656122 0.2587347 -0.07547134 0.9656121 0.2487916 -0.07546865 0.9656127 0.2487907 -0.1225576 0.9656121 0.2292878 -0.1225548 0.965613 0.2292859 -0.1649367 0.9656116 0.2009733 -0.1649319 0.9656125 0.2009726 -0.200973 0.9656119 0.1649352 -0.2009738 0.9656119 0.164934 -0.2292886 0.965612 0.1225571 -0.2292843 0.9656131 0.1225567 -0.2487977 0.9656106 0.07547116 -0.2487885 0.9656131 0.07546991 -0.2587316 0.9656131 0.02548319 -0.2587351 0.9656121 0.02548259 0.7053964 0.7053999 0.0694769 0.6782886 0.7053999 0.2057558 0.6251147 0.7053999 0.3341296 0.5479102 0.7054049 0.4496647 0.5479176 0.7053983 0.4496662 0.4496731 0.705396 0.5479149 0.4496625 0.7053979 0.5479211 0.3341372 0.7053934 0.6251181 0.3341331 0.7053971 0.6251161 0.2057592 0.7053967 0.678291 0.2057507 0.7053967 0.6782935 0.0694794 0.7053948 0.7054013 0.06947201 0.7054007 0.7053961 -0.06946599 0.7054004 0.705397 -0.06948482 0.7053943 0.7054013 -0.2057536 0.7053968 0.6782926 -0.2057565 0.7053955 0.6782932 -0.334136 0.7053974 0.6251142 -0.3341348 0.7053931 0.6251197 -0.4496642 0.7053962 0.5479218 -0.4496679 0.7053993 0.547915 -0.5479151 0.7053981 0.4496695 -0.5479196 0.7053964 0.4496667 -0.6251122 0.7054017 0.3341308 -0.6251174 0.7053967 0.3341314 -0.678296 0.7053921 0.2057583 -0.6782898 0.705399 0.2057551 -0.7054014 0.7053949 0.06947696 -0.7054012 0.7053951 0.06947678 0.9615843 0.2576555 0.09470689 0.9246303 0.2576569 0.2804847 0.8521462 0.2576534 0.4554796 0.7469079 0.2576547 0.6129786 0.6129786 0.2576618 0.7469055 0.6129786 0.2576518 0.7469089 0.455477 0.2576619 0.852145 0.2804788 0.2576595 0.9246314 0.2804846 0.2576611 0.9246292 0.09470695 0.2576617 0.9615826 0.09470701 0.2576495 0.9615859 -0.09470742 0.2576507 0.9615856 -0.2804781 0.2576634 0.9246305 -0.2804849 0.2576599 0.9246295 -0.4554785 0.2576568 0.8521459 -0.6129872 0.2576541 0.746901 -0.6129699 0.2576591 0.7469134 -0.74691 0.2576634 0.6129724 -0.7469087 0.2576561 0.6129771 -0.8521474 0.2576482 0.4554806 -0.9246317 0.2576524 0.2804843 -0.924629 0.257662 0.2804843 -0.9615845 0.2576547 0.09470742 -0.9615828 0.2576604 0.09470808 -0.8491404 0.5281673 -4.137e-6 -0.9659252 0.2588213 3.28797e-5 -0.9043872 0.4262694 0.01944923 -0.9774699 0.2110752 0 -0.9780607 0.208301 0.002820193 -0.9999982 0.001923084 0 -0.2588207 0.9659254 0 -0.2225856 0.9748954 0.005878388 -0.4616562 0.887059 -1.02769e-5 -0.70711 0.7071036 6.0683e-5 -0.556506 0.8304478 0.02564293 -0.7084418 0.705762 0.00322324</float_array>
          <technique_common>
            <accessor source="#link_base-mesh-normals-array" count="10206" stride="3">
              <param name="X" type="float"/>
              <param name="Y" type="float"/>
              <param name="Z" type="float"/>
            </accessor>
          </technique_common>
        </source>
        <vertices id="link_base-mesh-vertices">
          <input semantic="POSITION" source="#link_base-mesh-positions"/>
        </vertices>
        <triangles material="m_2-material" count="3917">
          <input semantic="VERTEX" source="#link_base-mesh-vertices" offset="0"/>
          <input semantic="NORMAL" source="#link_base-mesh-normals" offset="1"/>
          <p>0 0 1 0 2 0 2 0 1 0 3 0 4 1 5 1 6 1 6 1 5 1 7 1 8 2 9 2 10 2 10 3 9 3 11 3 12 2 13 2 14 2 14 4 13 4 15 4 14 5 15 5 16 5 17 1 18 1 19 1 19 1 18 1 20 1 21 1 22 1 23 1 23 1 22 1 24 1 23 1 24 1 25 1 25 1 24 1 26 1 27 0 28 0 29 0 29 0 28 0 30 0 31 6 32 6 33 6 33 7 32 7 34 7 33 2 34 2 35 2 36 2 37 2 38 2 38 8 37 8 39 8 38 9 39 9 40 9 41 0 42 0 43 0 43 0 42 0 44 0 45 10 46 10 47 10 47 11 46 11 48 11 47 12 48 12 49 12 45 13 50 13 46 13 46 14 50 14 51 14 46 15 51 15 52 15 53 16 54 16 55 16 55 17 54 17 56 17 56 18 57 18 55 18 55 19 57 19 58 19 55 20 58 20 48 20 48 21 58 21 59 21 48 22 59 22 49 22 54 23 53 23 60 23 60 23 53 23 61 23 62 23 63 23 64 23 64 23 63 23 65 23 65 24 63 24 66 24 66 25 63 25 67 25 66 26 67 26 68 26 68 27 67 27 69 27 69 28 67 28 70 28 70 29 67 29 71 29 70 30 71 30 72 30 73 31 74 31 75 31 73 34 77 34 71 34 71 35 77 35 78 35 71 36 78 36 72 36 79 1 74 1 80 1 80 1 74 1 73 1 81 37 82 37 83 37 83 38 82 38 84 38 85 39 86 39 87 39 87 40 86 40 88 40 89 0 88 0 90 0 90 0 88 0 86 0 91 41 92 41 93 41 91 42 93 42 94 42 93 43 95 43 94 43 94 44 95 44 96 44 94 45 96 45 97 45 96 46 98 46 97 46 97 47 98 47 99 47 97 48 99 48 100 48 99 49 101 49 100 49 100 50 101 50 102 50 100 51 102 51 103 51 104 52 105 52 106 52 106 53 105 53 103 53 106 54 103 54 107 54 107 55 103 55 102 55 108 56 109 56 110 56 110 57 109 57 111 57 112 58 104 58 106 58 112 59 106 59 111 59 111 60 106 60 107 60 111 61 107 61 110 61 110 62 107 62 113 62 110 63 113 63 108 63 114 64 115 64 116 64 117 65 118 65 119 65 119 66 118 66 120 66 119 67 120 67 121 67 121 68 120 68 122 68 121 69 122 69 123 69 123 70 122 70 124 70 123 71 124 71 125 71 125 72 124 72 126 72 125 73 126 73 127 73 128 74 129 74 126 74 126 75 129 75 130 75 126 76 130 76 127 76 131 77 96 77 132 77 132 78 96 78 95 78 132 79 95 79 133 79 133 80 95 80 93 80 133 81 93 81 134 81 134 82 93 82 92 82 107 83 102 83 113 83 113 84 102 84 101 84 113 85 101 85 135 85 135 86 101 86 99 86 135 87 99 87 131 87 131 88 99 88 98 88 131 89 98 89 96 89 136 90 128 90 137 90 137 91 128 91 126 91 137 92 126 92 138 92 138 93 126 93 124 93 138 94 124 94 139 94 139 95 124 95 122 95 139 96 122 96 140 96 140 97 122 97 120 97 140 98 120 98 114 98 114 99 120 99 118 99 114 100 118 100 115 100 116 101 108 101 114 101 114 102 108 102 113 102 114 103 113 103 140 103 140 104 113 104 135 104 140 105 135 105 139 105 139 106 135 106 131 106 139 107 131 107 138 107 138 108 131 108 132 108 138 109 132 109 137 109 137 110 132 110 133 110 137 111 133 111 136 111 136 112 133 112 134 112 141 113 142 113 143 113 143 114 142 114 144 114 145 115 146 115 147 115 147 116 146 116 144 116 147 117 144 117 148 117 148 118 144 118 142 118 149 119 150 119 151 119 151 120 150 120 152 120 151 121 152 121 153 121 153 122 152 122 154 122 153 123 154 123 155 123 155 124 154 124 156 124 155 125 156 125 157 125 157 126 156 126 158 126 157 127 158 127 145 127 145 128 158 128 159 128 145 129 159 129 146 129 160 130 161 130 162 130 162 131 161 131 163 131 162 132 163 132 164 132 160 133 162 133 165 133 165 134 162 134 166 134 165 135 166 135 167 135 167 136 166 136 168 136 167 137 168 137 169 137 168 138 170 138 169 138 169 139 170 139 171 139 169 140 171 140 172 140 164 141 173 141 162 141 162 142 173 142 174 142 162 143 174 143 166 143 166 144 174 144 175 144 166 145 175 145 168 145 168 146 175 146 176 146 168 147 176 147 170 147 170 148 176 148 177 148 170 149 177 149 171 149 171 150 177 150 178 150 171 151 178 151 179 151 179 152 178 152 180 152 173 153 149 153 174 153 174 154 149 154 151 154 174 155 151 155 175 155 175 156 151 156 153 156 175 157 153 157 176 157 176 158 153 158 155 158 176 159 155 159 177 159 177 160 155 160 157 160 177 161 157 161 178 161 178 162 157 162 145 162 178 163 145 163 180 163 180 164 145 164 147 164 180 165 147 165 181 165 181 166 147 166 148 166 182 167 21 167 183 167 183 168 21 168 23 168 184 1 185 1 186 1 186 1 185 1 187 1 188 2 189 2 184 2 190 169 191 169 192 169 193 2 194 2 195 2 190 2 196 2 197 2 192 170 198 170 190 170 190 171 198 171 199 171 190 2 199 2 200 2 201 2 22 2 21 2 191 172 190 172 202 172 202 2 190 2 197 2 202 173 197 173 203 173 204 2 188 2 205 2 205 174 188 174 184 174 205 2 184 2 206 2 206 175 184 175 207 175 184 2 186 2 201 2 186 2 208 2 201 2 201 176 208 176 209 176 201 177 209 177 22 177 210 2 211 2 212 2 201 178 213 178 214 178 215 2 200 2 216 2 216 2 200 2 212 2 216 179 212 179 217 179 217 180 212 180 218 180 215 2 219 2 200 2 200 181 219 181 220 181 200 182 220 182 221 182 222 2 223 2 224 2 224 183 223 183 225 183 224 184 225 184 226 184 226 2 225 2 201 2 226 185 201 185 182 185 182 186 201 186 21 186 200 187 199 187 212 187 212 188 199 188 227 188 212 2 227 2 210 2 211 2 228 2 212 2 212 189 228 189 229 189 212 190 229 190 201 190 201 191 229 191 230 191 214 2 193 2 201 2 201 2 193 2 195 2 201 192 195 192 184 192 184 193 195 193 231 193 184 2 231 2 207 2 232 2 233 2 230 2 230 194 233 194 234 194 230 195 234 195 201 195 201 196 234 196 235 196 201 197 235 197 213 197 232 198 236 198 233 198 233 2 236 2 237 2 233 199 237 199 238 199 238 2 239 2 233 2 233 2 239 2 240 2 233 2 240 2 241 2 242 200 243 200 244 200 244 201 243 201 245 201 244 200 245 200 246 200 246 200 245 200 247 200 246 202 247 202 248 202 249 200 250 200 212 200 249 200 212 200 251 200 20 200 252 200 201 200 201 200 252 200 253 200 248 200 254 200 246 200 246 203 254 203 255 203 246 204 255 204 201 204 201 205 255 205 19 205 201 200 19 200 20 200 250 200 256 200 212 200 212 200 256 200 257 200 212 200 257 200 244 200 244 206 257 206 258 206 244 207 258 207 242 207 253 200 259 200 201 200 201 208 259 208 260 208 201 200 260 200 212 200 212 200 260 200 261 200 212 209 261 209 251 209 23 210 25 210 262 210 262 211 263 211 23 211 23 212 263 212 264 212 23 213 264 213 183 213 183 214 264 214 265 214 266 215 267 215 268 215 268 216 267 216 269 216 268 217 269 217 270 217 270 218 269 218 265 218 270 219 265 219 271 219 271 220 265 220 264 220 36 221 38 221 272 221 272 222 38 222 267 222 272 223 267 223 273 223 273 224 267 224 266 224 274 225 275 225 200 225 200 225 275 225 190 225 276 0 277 0 278 0 278 0 277 0 279 0 280 1 281 1 282 1 282 1 281 1 283 1 284 226 285 226 286 226 5 227 287 227 7 227 7 228 287 228 288 228 7 229 288 229 289 229 286 230 285 230 289 230 289 231 285 231 290 231 289 232 290 232 7 232 291 233 292 233 293 233 293 234 292 234 12 234 293 235 12 235 14 235 286 236 294 236 284 236 284 237 294 237 295 237 284 238 295 238 296 238 296 239 295 239 297 239 296 240 297 240 291 240 291 241 297 241 298 241 291 242 298 242 292 242 299 243 279 243 277 243 300 244 9 244 8 244 8 245 301 245 300 245 300 246 301 246 302 246 300 247 302 247 303 247 303 248 302 248 304 248 304 249 305 249 303 249 303 250 305 250 306 250 303 251 306 251 307 251 307 252 306 252 277 252 277 253 306 253 308 253 277 254 308 254 299 254 309 2 310 2 311 2 61 2 53 2 312 2 313 2 314 2 315 2 315 255 314 255 316 255 315 2 316 2 317 2 317 256 316 256 318 256 317 2 318 2 319 2 312 2 53 2 320 2 320 2 53 2 55 2 320 2 55 2 321 2 321 257 55 257 48 257 321 2 48 2 322 2 319 2 318 2 323 2 323 2 318 2 324 2 323 258 324 258 325 258 325 2 324 2 326 2 325 2 326 2 85 2 85 2 326 2 327 2 85 2 327 2 86 2 61 2 312 2 62 2 62 2 312 2 328 2 62 259 328 259 63 259 313 260 84 260 314 260 314 261 84 261 311 261 314 262 311 262 329 262 329 2 311 2 330 2 329 263 330 263 331 263 48 2 46 2 322 2 322 2 46 2 332 2 322 2 332 2 327 2 327 2 332 2 90 2 327 2 90 2 86 2 84 2 82 2 311 2 311 2 82 2 333 2 311 264 333 264 309 264 333 2 80 2 309 2 309 2 80 2 73 2 309 265 73 265 334 265 334 266 73 266 71 266 334 2 71 2 328 2 328 267 71 267 67 267 328 268 67 268 63 268 335 269 336 269 337 269 335 270 337 270 338 270 339 271 340 271 337 271 337 272 340 272 341 272 337 273 341 273 338 273 342 274 343 274 344 274 344 275 343 275 345 275 344 276 345 276 336 276 336 277 345 277 346 277 336 278 346 278 337 278 337 279 346 279 347 279 337 280 347 280 339 280 348 281 349 281 350 281 350 282 349 282 351 282 350 283 351 283 352 283 336 284 353 284 344 284 344 285 353 285 350 285 344 286 350 286 354 286 354 287 350 287 352 287 348 288 355 288 349 288 349 289 355 289 356 289 349 290 356 290 357 290 357 291 356 291 358 291 358 292 356 292 359 292 358 293 359 293 360 293 360 294 361 294 358 294 358 295 361 295 362 295 358 296 362 296 363 296 363 297 362 297 364 297 365 298 366 298 367 298 367 299 366 299 368 299 367 300 368 300 369 300 369 301 370 301 367 301 367 302 370 302 371 302 367 303 371 303 362 303 362 304 371 304 372 304 362 305 372 305 373 305 373 306 374 306 362 306 362 307 374 307 375 307 362 308 375 308 376 308 376 309 377 309 362 309 362 310 377 310 378 310 362 311 378 311 364 311 379 23 380 23 381 23 382 23 383 23 384 23 384 312 383 312 385 312 384 313 385 313 386 313 386 314 387 314 384 314 384 23 387 23 388 23 384 23 388 23 381 23 381 23 388 23 389 23 381 23 389 23 379 23 390 315 391 315 392 315 393 316 394 316 395 316 396 317 397 317 395 317 395 318 397 318 398 318 395 319 398 319 393 319 396 320 399 320 397 320 397 321 399 321 400 321 397 322 400 322 401 322 402 323 403 323 404 323 403 324 405 324 406 324 400 325 404 325 401 325 401 326 404 326 403 326 401 327 403 327 407 327 407 328 403 328 406 328 408 329 409 329 410 329 411 330 412 330 413 330 413 331 412 331 414 331 411 332 408 332 412 332 412 333 408 333 410 333 412 334 410 334 403 334 403 335 410 335 415 335 403 336 415 336 405 336 416 337 417 337 392 337 392 338 417 338 418 338 419 339 390 339 420 339 420 340 390 340 392 340 420 341 392 341 421 341 421 342 392 342 418 342 404 343 422 343 402 343 402 344 422 344 423 344 402 345 423 345 424 345 424 346 416 346 402 346 402 347 416 347 392 347 402 348 392 348 403 348 403 349 392 349 425 349 403 350 425 350 412 350 426 351 427 351 428 351 380 352 429 352 430 352 431 353 432 353 433 353 429 354 434 354 430 354 430 355 434 355 435 355 430 356 435 356 431 356 436 357 381 357 380 357 426 358 428 358 437 358 382 359 384 359 438 359 438 360 384 360 439 360 438 361 439 361 440 361 440 362 439 362 441 362 440 363 441 363 442 363 442 364 441 364 428 364 442 365 428 365 443 365 443 366 428 366 427 366 443 367 427 367 444 367 431 368 433 368 430 368 430 369 433 369 445 369 430 370 445 370 446 370 446 371 445 371 447 371 446 372 447 372 448 372 448 373 447 373 449 373 448 374 449 374 450 374 380 375 430 375 436 375 436 376 430 376 446 376 436 377 446 377 451 377 451 378 446 378 448 378 451 379 448 379 452 379 452 380 448 380 450 380 452 381 450 381 437 381 437 382 428 382 452 382 452 383 428 383 441 383 452 384 441 384 451 384 451 385 441 385 439 385 451 386 439 386 436 386 436 387 439 387 384 387 436 388 384 388 381 388 453 389 440 389 442 389 149 390 454 390 150 390 150 391 454 391 455 391 150 392 455 392 444 392 444 393 455 393 456 393 444 394 456 394 443 394 443 395 456 395 457 395 443 396 457 396 442 396 442 397 457 397 458 397 442 398 458 398 453 398 164 399 459 399 173 399 173 400 459 400 460 400 173 401 460 401 149 401 149 402 460 402 461 402 149 403 461 403 454 403 462 404 463 404 464 404 462 405 464 405 465 405 465 406 464 406 385 406 465 407 385 407 383 407 466 23 467 23 169 23 121 408 123 408 468 408 469 23 470 23 471 23 471 409 470 409 472 409 471 23 472 23 473 23 474 23 161 23 160 23 475 23 172 23 476 23 476 23 172 23 117 23 476 23 117 23 468 23 468 410 117 410 119 410 468 23 119 23 121 23 474 23 160 23 477 23 478 23 479 23 169 23 475 23 480 23 172 23 172 23 480 23 481 23 172 23 481 23 169 23 169 411 481 411 482 411 169 412 482 412 466 412 160 23 165 23 477 23 477 23 165 23 167 23 477 413 167 413 483 413 483 23 167 23 169 23 483 23 169 23 484 23 484 23 169 23 479 23 123 414 125 414 468 414 468 415 125 415 127 415 468 23 127 23 471 23 471 23 127 23 485 23 471 23 485 23 469 23 467 416 486 416 169 416 169 417 486 417 487 417 169 23 487 23 478 23 488 418 347 418 346 418 489 419 490 419 491 419 492 420 493 420 196 420 196 421 493 421 494 421 196 422 494 422 197 422 197 423 494 423 495 423 197 424 495 424 496 424 497 425 498 425 345 425 499 426 196 426 500 426 488 427 346 427 501 427 498 428 502 428 345 428 345 429 502 429 503 429 345 430 503 430 346 430 346 431 503 431 504 431 346 432 504 432 501 432 506 434 499 434 500 434 506 435 500 435 507 435 196 436 499 436 492 436 492 437 499 437 508 437 492 438 508 438 509 438 509 439 508 439 510 439 509 440 510 440 490 440 490 441 510 441 491 441 491 442 510 442 511 442 491 443 511 443 512 443 343 444 491 444 345 444 345 445 491 445 513 445 345 446 513 446 497 446 489 447 491 447 514 447 514 448 491 448 343 448 514 449 343 449 515 449 515 450 343 450 516 450 515 451 516 451 517 451 518 0 311 0 519 0 519 0 311 0 310 0 188 0 519 0 189 0 189 0 519 0 310 0 189 0 310 0 520 0 520 0 310 0 521 0 520 0 521 0 522 0 491 452 512 452 523 452 523 453 512 453 524 453 524 454 512 454 525 454 525 455 512 455 526 455 525 456 526 456 527 456 527 457 526 457 528 457 527 458 528 458 529 458 529 459 528 459 530 459 529 460 530 460 531 460 531 461 530 461 532 461 531 462 532 462 533 462 533 463 532 463 534 463 534 464 532 464 535 464 534 465 535 465 536 465 536 466 535 466 537 466 536 467 537 467 538 467 538 468 537 468 539 468 539 469 537 469 540 469 539 470 540 470 541 470 542 471 543 471 544 471 544 472 543 472 545 472 544 473 545 473 546 473 547 474 548 474 545 474 545 475 548 475 549 475 545 476 549 476 546 476 550 477 551 477 552 477 552 478 551 478 553 478 552 479 553 479 554 479 555 480 556 480 544 480 557 481 558 481 553 481 553 482 558 482 559 482 553 483 559 483 554 483 555 484 544 484 553 484 553 485 544 485 560 485 553 486 560 486 557 486 556 487 561 487 544 487 544 488 561 488 562 488 544 489 562 489 563 489 563 490 564 490 544 490 544 491 564 491 565 491 544 492 565 492 542 492 550 493 566 493 551 493 551 494 566 494 567 494 551 495 567 495 568 495 568 496 567 496 541 496 568 497 541 497 540 497 185 200 184 200 520 200 520 200 184 200 189 200 500 200 196 200 275 200 275 200 196 200 190 200 569 498 570 498 571 498 572 499 573 499 574 499 575 500 576 500 577 500 577 501 576 501 578 501 579 502 580 502 581 502 581 503 580 503 582 503 575 504 583 504 576 504 576 505 583 505 581 505 576 506 581 506 584 506 584 507 581 507 582 507 584 508 582 508 585 508 585 509 582 509 586 509 587 510 588 510 589 510 589 511 588 511 590 511 589 512 590 512 591 512 592 513 593 513 589 513 589 514 593 514 594 514 589 515 594 515 587 515 581 516 595 516 579 516 579 517 595 517 593 517 579 518 593 518 596 518 596 519 593 519 592 519 589 520 597 520 592 520 592 521 597 521 598 521 592 522 598 522 599 522 599 523 598 523 600 523 599 524 600 524 601 524 601 525 600 525 602 525 601 526 602 526 603 526 603 527 604 527 601 527 601 528 604 528 605 528 601 529 605 529 606 529 606 530 607 530 601 530 601 531 607 531 608 531 601 532 608 532 609 532 609 533 608 533 610 533 610 534 608 534 611 534 610 535 611 535 612 535 612 536 611 536 613 536 612 537 613 537 614 537 614 538 613 538 615 538 614 539 615 539 616 539 616 540 615 540 617 540 616 541 617 541 618 541 619 542 620 542 621 542 622 543 623 543 621 543 617 544 624 544 618 544 618 545 624 545 625 545 618 546 625 546 626 546 626 547 625 547 627 547 626 548 627 548 628 548 628 549 627 549 629 549 628 550 629 550 630 550 630 551 629 551 631 551 622 552 621 552 632 552 631 553 629 553 621 553 621 554 629 554 633 554 621 555 633 555 632 555 623 556 634 556 621 556 621 557 634 557 635 557 621 558 635 558 619 558 636 559 637 559 638 559 637 560 639 560 638 560 638 561 639 561 640 561 638 562 640 562 641 562 641 563 642 563 638 563 638 564 642 564 643 564 638 565 643 565 644 565 574 566 573 566 645 566 644 567 646 567 638 567 638 568 646 568 647 568 638 569 647 569 648 569 648 570 647 570 645 570 648 571 645 571 649 571 649 572 645 572 573 572 650 573 651 573 574 573 574 574 651 574 652 574 574 575 652 575 572 575 653 576 654 576 655 576 655 577 654 577 656 577 620 578 636 578 621 578 621 579 636 579 638 579 621 580 638 580 657 580 657 581 638 581 655 581 657 582 655 582 658 582 658 583 655 583 656 583 655 584 659 584 653 584 653 585 659 585 660 585 653 586 660 586 661 586 662 587 663 587 664 587 664 588 665 588 662 588 662 589 665 589 666 589 662 590 666 590 667 590 661 591 668 591 653 591 653 592 668 592 669 592 653 593 669 593 670 593 670 594 669 594 662 594 670 595 662 595 671 595 671 596 662 596 667 596 662 597 672 597 663 597 663 598 672 598 673 598 663 599 673 599 674 599 675 600 676 600 677 600 675 601 678 601 679 601 680 602 681 602 682 602 682 603 681 603 683 603 682 604 683 604 684 604 685 605 679 605 683 605 683 606 679 606 686 606 683 607 686 607 684 607 685 608 687 608 679 608 679 609 687 609 674 609 679 610 674 610 675 610 675 611 674 611 673 611 688 612 689 612 571 612 687 613 690 613 674 613 674 614 690 614 688 614 674 615 688 615 691 615 691 616 688 616 571 616 692 617 693 617 694 617 694 618 693 618 695 618 694 619 695 619 696 619 696 620 697 620 694 620 694 621 697 621 698 621 694 622 698 622 699 622 699 623 700 623 694 623 694 624 700 624 569 624 694 625 569 625 692 625 692 626 569 626 571 626 692 627 571 627 701 627 701 628 571 628 689 628 682 629 702 629 680 629 680 630 702 630 703 630 680 631 703 631 704 631 703 632 705 632 704 632 704 633 705 633 706 633 704 634 706 634 707 634 707 635 706 635 708 635 709 636 710 636 711 636 711 637 710 637 712 637 711 638 712 638 713 638 714 639 715 639 711 639 711 640 715 640 716 640 711 641 716 641 717 641 717 642 718 642 711 642 711 643 718 643 719 643 711 644 719 644 709 644 713 645 720 645 711 645 711 646 720 646 707 646 711 647 707 647 714 647 714 648 707 648 708 648 721 649 722 649 723 649 721 650 723 650 724 650 725 651 723 651 726 651 726 652 723 652 677 652 725 653 727 653 723 653 723 654 727 654 728 654 723 655 728 655 724 655 722 656 729 656 723 656 723 657 729 657 730 657 723 658 730 658 677 658 677 659 730 659 731 659 677 660 731 660 675 660 675 661 731 661 732 661 675 662 732 662 678 662 733 663 734 663 735 663 650 664 736 664 651 664 651 665 736 665 737 665 651 666 737 666 738 666 738 667 737 667 739 667 738 668 739 668 735 668 735 669 739 669 740 669 735 670 740 670 733 670 741 671 742 671 743 671 744 672 745 672 746 672 746 673 745 673 747 673 744 674 748 674 745 674 745 675 748 675 749 675 745 676 749 676 743 676 743 677 749 677 750 677 743 678 750 678 741 678 747 679 745 679 751 679 751 680 745 680 752 680 751 681 752 681 753 681 753 682 752 682 754 682 754 683 752 683 755 683 754 684 755 684 756 684 757 685 758 685 759 685 759 686 758 686 760 686 759 687 760 687 761 687 759 688 762 688 763 688 763 689 764 689 759 689 759 690 764 690 765 690 759 691 765 691 766 691 766 692 767 692 759 692 759 693 767 693 768 693 759 694 768 694 769 694 769 695 770 695 759 695 759 696 770 696 771 696 759 697 771 697 757 697 772 698 773 698 759 698 773 699 774 699 759 699 759 700 774 700 775 700 759 701 775 701 762 701 776 702 777 702 778 702 778 703 777 703 735 703 778 704 735 704 742 704 742 705 735 705 734 705 742 706 734 706 743 706 776 707 779 707 777 707 777 708 779 708 780 708 777 709 780 709 781 709 781 710 780 710 782 710 781 711 782 711 783 711 783 712 782 712 784 712 784 713 785 713 783 713 783 714 785 714 786 714 783 715 786 715 787 715 787 716 788 716 783 716 783 717 788 717 789 717 783 718 789 718 590 718 590 719 789 719 790 719 590 720 790 720 591 720 576 721 791 721 578 721 578 722 791 722 792 722 578 723 792 723 793 723 793 724 792 724 794 724 793 725 794 725 795 725 796 726 797 726 798 726 798 727 797 727 799 727 800 728 801 728 795 728 800 729 795 729 802 729 801 730 803 730 795 730 795 731 803 731 804 731 795 732 804 732 805 732 805 733 804 733 806 733 805 734 806 734 807 734 808 735 809 735 810 735 810 736 809 736 802 736 810 737 802 737 811 737 811 738 802 738 795 738 811 739 795 739 797 739 797 740 795 740 794 740 797 741 794 741 799 741 812 742 813 742 814 742 814 743 813 743 815 743 814 744 815 744 816 744 808 745 810 745 814 745 814 746 810 746 817 746 814 747 817 747 812 747 818 748 819 748 820 748 820 749 819 749 821 749 756 750 755 750 761 750 761 751 755 751 822 751 761 752 822 752 759 752 759 753 822 753 821 753 759 754 821 754 772 754 772 755 821 755 819 755 772 756 819 756 823 756 818 757 824 757 819 757 819 758 824 758 825 758 819 759 825 759 823 759 391 760 826 760 392 760 392 761 826 761 827 761 392 762 827 762 425 762 425 763 827 763 828 763 425 764 828 764 829 764 829 765 830 765 425 765 425 766 830 766 831 766 425 767 831 767 832 767 833 768 834 768 832 768 832 769 834 769 835 769 832 770 835 770 425 770 425 771 835 771 836 771 425 772 836 772 412 772 412 773 836 773 837 773 838 774 839 774 840 774 840 775 839 775 837 775 841 776 842 776 843 776 843 777 842 777 844 777 843 778 844 778 845 778 846 779 847 779 843 779 843 780 847 780 848 780 843 781 848 781 849 781 849 782 850 782 843 782 843 783 850 783 851 783 843 784 851 784 852 784 852 785 853 785 843 785 843 786 853 786 854 786 843 787 854 787 841 787 838 788 855 788 839 788 839 789 855 789 856 789 839 790 856 790 857 790 857 791 858 791 839 791 839 792 858 792 859 792 839 793 859 793 860 793 860 794 861 794 862 794 862 795 861 795 863 795 862 796 863 796 864 796 414 797 412 797 865 797 865 798 412 798 837 798 865 799 837 799 845 799 845 800 837 800 839 800 845 801 839 801 843 801 843 802 839 802 860 802 843 803 860 803 846 803 846 804 860 804 862 804 846 805 862 805 866 805 866 806 862 806 864 806 677 807 676 807 867 807 867 808 868 808 677 808 677 809 868 809 869 809 677 810 869 810 870 810 870 811 871 811 677 811 677 812 871 812 872 812 677 813 872 813 873 813 205 814 872 814 204 814 204 815 872 815 871 815 867 816 519 816 868 816 868 817 519 817 188 817 868 818 188 818 869 818 869 819 188 819 204 819 869 820 204 820 870 820 870 821 204 821 871 821 413 822 414 822 865 822 874 823 875 823 672 823 411 824 413 824 876 824 411 825 876 825 408 825 877 826 878 826 879 826 879 827 878 827 880 827 879 828 880 828 876 828 876 829 880 829 409 829 876 830 409 830 408 830 881 831 882 831 883 831 883 832 882 832 884 832 884 833 885 833 883 833 883 834 885 834 886 834 883 835 886 835 887 835 887 836 888 836 883 836 883 837 888 837 889 837 883 838 889 838 890 838 891 839 805 839 883 839 883 840 805 840 807 840 883 841 807 841 881 841 892 842 581 842 893 842 893 843 581 843 583 843 893 844 583 844 894 844 894 845 583 845 575 845 894 846 575 846 895 846 895 847 575 847 577 847 895 848 577 848 896 848 896 849 577 849 578 849 896 850 578 850 897 850 897 851 578 851 793 851 897 852 793 852 891 852 891 853 793 853 795 853 891 854 795 854 805 854 594 855 593 855 892 855 892 856 593 856 595 856 892 857 595 857 581 857 892 858 898 858 594 858 594 859 898 859 899 859 594 860 899 860 587 860 587 861 899 861 900 861 587 862 900 862 588 862 588 863 900 863 901 863 588 864 901 864 590 864 590 865 901 865 902 865 590 866 902 866 783 866 783 867 902 867 903 867 783 868 903 868 781 868 781 869 903 869 904 869 781 870 904 870 777 870 777 871 904 871 905 871 777 872 905 872 735 872 735 873 905 873 906 873 413 874 865 874 876 874 876 875 865 875 845 875 876 876 845 876 907 876 907 877 845 877 844 877 907 878 844 878 908 878 908 879 844 879 842 879 908 880 842 880 909 880 909 881 842 881 841 881 909 882 841 882 910 882 910 883 841 883 854 883 910 884 854 884 911 884 911 885 854 885 853 885 911 886 853 886 912 886 912 887 853 887 852 887 912 888 852 888 913 888 913 889 852 889 851 889 913 890 851 890 914 890 914 891 851 891 850 891 914 892 850 892 915 892 915 893 850 893 849 893 915 894 849 894 916 894 916 895 849 895 848 895 916 896 848 896 917 896 917 897 848 897 847 897 917 898 847 898 918 898 918 899 847 899 846 899 918 900 846 900 919 900 919 901 846 901 866 901 919 902 866 902 920 902 920 903 866 903 864 903 920 904 864 904 921 904 921 905 864 905 863 905 921 906 863 906 922 906 922 907 863 907 861 907 922 908 861 908 923 908 923 909 861 909 860 909 923 910 860 910 924 910 924 911 860 911 859 911 924 912 859 912 925 912 925 913 859 913 858 913 925 914 858 914 926 914 926 915 858 915 857 915 926 916 857 916 927 916 927 917 857 917 856 917 927 918 856 918 928 918 928 919 856 919 855 919 928 920 855 920 929 920 929 921 855 921 838 921 929 922 838 922 930 922 930 923 838 923 840 923 930 924 840 924 931 924 931 925 840 925 837 925 931 926 837 926 932 926 932 927 837 927 836 927 932 928 836 928 933 928 933 929 836 929 835 929 933 930 835 930 934 930 934 931 835 931 834 931 934 932 834 932 935 932 935 933 834 933 833 933 935 934 833 934 875 934 875 935 874 935 935 935 935 936 874 936 936 936 935 937 936 937 934 937 934 938 936 938 937 938 934 939 937 939 933 939 933 940 937 940 938 940 933 941 938 941 932 941 932 942 938 942 939 942 932 943 939 943 931 943 931 944 939 944 940 944 931 945 940 945 930 945 930 946 940 946 941 946 930 947 941 947 929 947 929 948 941 948 942 948 929 949 942 949 928 949 928 950 942 950 943 950 928 951 943 951 927 951 927 952 943 952 944 952 927 953 944 953 926 953 926 954 944 954 945 954 926 955 945 955 925 955 925 956 945 956 946 956 925 957 946 957 924 957 924 958 946 958 947 958 924 959 947 959 923 959 923 960 947 960 906 960 923 961 906 961 922 961 922 962 906 962 905 962 922 963 905 963 921 963 921 964 905 964 904 964 921 965 904 965 920 965 920 966 904 966 903 966 920 967 903 967 919 967 919 968 903 968 902 968 919 969 902 969 918 969 918 970 902 970 901 970 918 971 901 971 917 971 917 972 901 972 900 972 917 973 900 973 916 973 916 974 900 974 899 974 916 975 899 975 915 975 915 976 899 976 898 976 915 977 898 977 914 977 914 978 898 978 892 978 914 979 892 979 913 979 913 980 892 980 893 980 913 981 893 981 912 981 912 982 893 982 894 982 912 983 894 983 911 983 911 984 894 984 895 984 911 985 895 985 910 985 910 986 895 986 896 986 910 987 896 987 909 987 909 988 896 988 897 988 909 989 897 989 908 989 908 990 897 990 891 990 908 991 891 991 907 991 907 992 891 992 883 992 907 993 883 993 876 993 876 994 883 994 890 994 876 995 890 995 879 995 672 996 662 996 874 996 874 997 662 997 669 997 874 998 669 998 936 998 936 999 669 999 668 999 936 1000 668 1000 937 1000 937 1001 668 1001 661 1001 937 1002 661 1002 938 1002 938 1003 661 1003 660 1003 938 1004 660 1004 939 1004 939 1005 660 1005 659 1005 939 1006 659 1006 940 1006 940 1007 659 1007 655 1007 940 1008 655 1008 941 1008 941 1009 655 1009 638 1009 941 1010 638 1010 942 1010 942 1011 638 1011 648 1011 942 1012 648 1012 943 1012 943 1013 648 1013 649 1013 943 1014 649 1014 944 1014 944 1015 649 1015 573 1015 944 1016 573 1016 945 1016 945 1017 573 1017 572 1017 945 1018 572 1018 946 1018 946 1019 572 1019 652 1019 946 1020 652 1020 947 1020 947 1021 652 1021 651 1021 947 1022 651 1022 906 1022 906 1023 651 1023 738 1023 906 1024 738 1024 735 1024 948 1025 949 1025 202 1025 202 1026 949 1026 191 1026 227 1027 950 1027 951 1027 952 1028 210 1028 953 1028 953 1029 210 1029 227 1029 953 1030 227 1030 954 1030 954 1031 227 1031 951 1031 950 1032 227 1032 955 1032 955 1033 227 1033 199 1033 956 1034 957 1034 198 1034 198 1035 957 1035 958 1035 198 1036 958 1036 199 1036 199 1037 958 1037 959 1037 199 1038 959 1038 955 1038 956 1039 198 1039 960 1039 960 1040 198 1040 192 1040 960 1041 192 1041 961 1041 961 1042 192 1042 962 1042 962 1043 192 1043 191 1043 962 1044 191 1044 949 1044 205 1045 206 1045 872 1045 872 1046 206 1046 873 1046 873 1047 206 1047 963 1047 963 1048 206 1048 207 1048 964 1049 965 1049 231 1049 231 1050 965 1050 966 1050 231 1051 966 1051 207 1051 207 1052 966 1052 967 1052 207 1053 967 1053 963 1053 195 1054 968 1054 231 1054 231 1055 968 1055 969 1055 231 1056 969 1056 964 1056 194 1057 970 1057 971 1057 971 1058 972 1058 194 1058 194 1059 972 1059 973 1059 194 1060 973 1060 195 1060 195 1061 973 1061 974 1061 195 1062 974 1062 968 1062 970 1063 194 1063 975 1063 975 1064 194 1064 193 1064 976 1065 977 1065 241 1065 241 1066 977 1066 978 1066 241 1067 978 1067 233 1067 233 1068 978 1068 979 1068 233 1069 979 1069 980 1069 981 1070 982 1070 240 1070 240 1071 982 1071 241 1071 241 1072 982 1072 983 1072 241 1073 983 1073 976 1073 981 1074 240 1074 984 1074 984 1075 240 1075 239 1075 984 1076 239 1076 985 1076 238 1077 986 1077 987 1077 238 1078 987 1078 239 1078 239 1079 987 1079 988 1079 239 1080 988 1080 985 1080 986 1081 238 1081 989 1081 989 1082 238 1082 237 1082 989 1083 237 1083 990 1083 990 1084 237 1084 991 1084 991 1085 237 1085 236 1085 991 1086 236 1086 992 1086 993 1087 992 1087 994 1087 994 1088 992 1088 236 1088 994 1089 236 1089 995 1089 995 1090 236 1090 232 1090 995 1091 232 1091 996 1091 996 1092 232 1092 997 1092 997 1093 232 1093 230 1093 997 1094 230 1094 998 1094 998 1095 230 1095 229 1095 998 1096 229 1096 999 1096 1000 1097 1001 1097 228 1097 228 1098 1001 1098 1002 1098 228 1099 1002 1099 229 1099 229 1100 1002 1100 1003 1100 229 1101 1003 1101 999 1101 228 1102 211 1102 1000 1102 1000 1103 211 1103 210 1103 1000 1104 210 1104 952 1104 975 1105 193 1105 1004 1105 1004 1106 193 1106 214 1106 1004 1107 214 1107 1005 1107 1005 1108 214 1108 213 1108 1005 1109 213 1109 1006 1109 1006 1110 213 1110 1007 1110 1007 1111 213 1111 235 1111 1007 1112 235 1112 1008 1112 1008 1113 235 1113 1009 1113 1009 1114 235 1114 234 1114 1009 1115 234 1115 1010 1115 1010 1116 234 1116 233 1116 1010 1117 233 1117 980 1117 677 1118 873 1118 726 1118 726 1119 873 1119 963 1119 726 1120 963 1120 725 1120 725 1121 963 1121 967 1121 725 1122 967 1122 727 1122 727 1123 967 1123 966 1123 727 1124 966 1124 728 1124 966 1125 965 1125 728 1125 728 1126 965 1126 964 1126 728 1127 964 1127 724 1127 724 1128 964 1128 969 1128 724 1129 969 1129 721 1129 971 1130 730 1130 972 1130 972 1131 730 1131 729 1131 972 1132 729 1132 973 1132 973 1133 729 1133 722 1133 973 1134 722 1134 974 1134 974 1135 722 1135 721 1135 974 1136 721 1136 968 1136 968 1137 721 1137 969 1137 975 1138 731 1138 970 1138 970 1139 731 1139 730 1139 970 1140 730 1140 971 1140 686 1141 1009 1141 684 1141 684 1142 1009 1142 1010 1142 684 1143 1010 1143 682 1143 682 1144 1010 1144 980 1144 678 1145 1006 1145 679 1145 679 1146 1006 1146 1007 1146 679 1147 1007 1147 686 1147 686 1148 1007 1148 1008 1148 686 1149 1008 1149 1009 1149 731 1150 975 1150 732 1150 732 1151 975 1151 1004 1151 732 1152 1004 1152 678 1152 678 1153 1004 1153 1005 1153 678 1154 1005 1154 1006 1154 978 1155 977 1155 708 1155 708 1156 706 1156 978 1156 978 1157 706 1157 705 1157 978 1158 705 1158 979 1158 979 1159 705 1159 703 1159 979 1160 703 1160 980 1160 980 1161 703 1161 702 1161 980 1162 702 1162 682 1162 708 1163 977 1163 976 1163 993 1164 720 1164 992 1164 992 1165 720 1165 713 1165 708 1166 976 1166 714 1166 714 1167 976 1167 983 1167 714 1168 983 1168 715 1168 715 1169 983 1169 982 1169 715 1170 982 1170 716 1170 716 1171 982 1171 981 1171 716 1172 981 1172 717 1172 981 1173 984 1173 717 1173 717 1174 984 1174 985 1174 717 1175 985 1175 718 1175 718 1176 985 1176 988 1176 718 1177 988 1177 719 1177 719 1178 988 1178 987 1178 719 1179 987 1179 709 1179 709 1180 987 1180 986 1180 709 1181 986 1181 710 1181 710 1182 986 1182 989 1182 710 1183 989 1183 712 1183 712 1184 989 1184 990 1184 712 1185 990 1185 713 1185 713 1186 990 1186 991 1186 713 1187 991 1187 992 1187 720 1188 993 1188 707 1188 707 1189 993 1189 994 1189 707 1190 994 1190 704 1190 704 1191 994 1191 995 1191 704 1192 995 1192 680 1192 680 1193 995 1193 996 1193 680 1194 996 1194 681 1194 569 1195 949 1195 570 1195 570 1196 949 1196 948 1196 570 1197 948 1197 1011 1197 1011 1198 948 1198 1012 1198 1011 1199 1012 1199 1013 1199 1013 1200 1012 1200 1014 1200 690 1201 1001 1201 688 1201 688 1202 1001 1202 1000 1202 688 1203 1000 1203 689 1203 689 1204 1000 1204 952 1204 685 1205 999 1205 687 1205 687 1206 999 1206 1003 1206 687 1207 1003 1207 690 1207 690 1208 1003 1208 1002 1208 690 1209 1002 1209 1001 1209 681 1210 996 1210 683 1210 683 1211 996 1211 997 1211 683 1212 997 1212 685 1212 685 1213 997 1213 998 1213 685 1214 998 1214 999 1214 693 1215 951 1215 950 1215 693 1216 950 1216 695 1216 695 1217 950 1217 955 1217 695 1218 955 1218 696 1218 696 1219 955 1219 959 1219 696 1220 959 1220 697 1220 697 1221 959 1221 958 1221 697 1222 958 1222 698 1222 958 1223 957 1223 698 1223 698 1224 957 1224 956 1224 698 1225 956 1225 699 1225 949 1226 569 1226 962 1226 962 1227 569 1227 700 1227 962 1228 700 1228 961 1228 961 1229 700 1229 699 1229 961 1230 699 1230 960 1230 960 1231 699 1231 956 1231 689 1232 952 1232 701 1232 701 1233 952 1233 953 1233 701 1234 953 1234 692 1234 692 1235 953 1235 954 1235 692 1236 954 1236 693 1236 693 1237 954 1237 951 1237 948 1238 202 1238 1012 1238 1012 1239 202 1239 203 1239 1012 1240 203 1240 1014 1240 197 1241 496 1241 203 1241 203 1242 496 1242 1015 1242 203 1243 1015 1243 1014 1243 516 1244 343 1244 342 1244 1016 1245 517 1245 1017 1245 1017 1246 517 1246 516 1246 1017 1247 516 1247 1018 1247 1018 1248 516 1248 342 1248 1018 1249 342 1249 1019 1249 489 1250 514 1250 1016 1250 1016 1251 514 1251 515 1251 1016 1252 515 1252 517 1252 1020 1253 1021 1253 489 1253 489 1254 1021 1254 490 1254 490 1255 1021 1255 1022 1255 490 1256 1022 1256 509 1256 509 1257 1022 1257 492 1257 492 1258 1022 1258 1023 1258 492 1259 1023 1259 493 1259 493 1260 1023 1260 1024 1260 493 1261 1024 1261 494 1261 494 1262 1024 1262 1025 1262 494 1263 1025 1263 495 1263 1014 1264 1015 1264 1025 1264 1025 1265 1015 1265 496 1265 1025 1266 496 1266 495 1266 1013 1267 691 1267 1011 1267 1011 1268 691 1268 571 1268 1011 1269 571 1269 570 1269 366 1270 365 1270 1026 1270 1026 1271 365 1271 1027 1271 1026 1272 1027 1272 1028 1272 586 1273 582 1273 1029 1273 1029 1274 582 1274 580 1274 1029 1275 580 1275 1030 1275 1030 1276 580 1276 579 1276 1030 1277 579 1277 1031 1277 579 1278 596 1278 1031 1278 1031 1279 596 1279 592 1279 1031 1280 592 1280 1032 1280 1032 1281 592 1281 599 1281 1032 1282 599 1282 1033 1282 1033 1283 599 1283 601 1283 1033 1284 601 1284 1034 1284 601 1285 609 1285 1034 1285 1034 1286 609 1286 610 1286 1034 1287 610 1287 1035 1287 1035 1288 610 1288 612 1288 1035 1289 612 1289 1036 1289 1036 1290 612 1290 614 1290 1036 1291 614 1291 1037 1291 1037 1292 614 1292 616 1292 1037 1293 616 1293 1038 1293 1038 1294 616 1294 618 1294 1038 1295 618 1295 1039 1295 618 1296 626 1296 1039 1296 1039 1297 626 1297 628 1297 1039 1298 628 1298 1040 1298 1040 1299 628 1299 630 1299 1040 1300 630 1300 1041 1300 1041 1301 630 1301 631 1301 1041 1302 631 1302 1042 1302 1042 1303 631 1303 621 1303 1042 1304 621 1304 1043 1304 1026 1305 1044 1305 366 1305 366 1306 1044 1306 1045 1306 366 1307 1045 1307 368 1307 368 1308 1045 1308 1046 1308 368 1309 1046 1309 369 1309 369 1310 1046 1310 1047 1310 369 1311 1047 1311 370 1311 370 1312 1047 1312 1048 1312 370 1313 1048 1313 371 1313 371 1314 1048 1314 1049 1314 371 1315 1049 1315 372 1315 372 1316 1049 1316 1050 1316 372 1317 1050 1317 373 1317 373 1318 1050 1318 1051 1318 373 1319 1051 1319 374 1319 374 1320 1051 1320 1052 1320 374 1321 1052 1321 375 1321 375 1322 1052 1322 1053 1322 375 1323 1053 1323 376 1323 376 1324 1053 1324 1054 1324 376 1325 1054 1325 377 1325 377 1326 1054 1326 1055 1326 377 1327 1055 1327 378 1327 378 1328 1055 1328 1056 1328 378 1329 1056 1329 364 1329 364 1330 1056 1330 1057 1330 364 1331 1057 1331 363 1331 363 1332 1057 1332 358 1332 358 1333 1057 1333 357 1333 357 1334 1057 1334 1058 1334 357 1335 1058 1335 349 1335 349 1336 1058 1336 1059 1336 349 1337 1059 1337 351 1337 351 1338 1059 1338 1060 1338 351 1339 1060 1339 352 1339 352 1340 1060 1340 1061 1340 352 1341 1061 1341 354 1341 1019 1342 342 1342 1061 1342 1061 1343 342 1343 344 1343 1061 1344 344 1344 354 1344 489 1345 1016 1345 1020 1345 1020 1346 1016 1346 1017 1346 1020 1347 1017 1347 1062 1347 1062 1348 1017 1348 1018 1348 1062 1349 1018 1349 1063 1349 1063 1350 1018 1350 1019 1350 1063 1351 1019 1351 1064 1351 1064 1352 1019 1352 1061 1352 1064 1353 1061 1353 1065 1353 1065 1354 1061 1354 1060 1354 1065 1355 1060 1355 1066 1355 1066 1356 1060 1356 1059 1356 1066 1357 1059 1357 1067 1357 1067 1358 1059 1358 1058 1358 1067 1359 1058 1359 1068 1359 1068 1360 1058 1360 1057 1360 1068 1361 1057 1361 1043 1361 1043 1362 1057 1362 1056 1362 1043 1363 1056 1363 1042 1363 1042 1364 1056 1364 1055 1364 1042 1365 1055 1365 1041 1365 1041 1366 1055 1366 1054 1366 1041 1367 1054 1367 1040 1367 1040 1368 1054 1368 1053 1368 1040 1369 1053 1369 1039 1369 1039 1370 1053 1370 1052 1370 1039 1371 1052 1371 1038 1371 1038 1372 1052 1372 1051 1372 1038 1373 1051 1373 1037 1373 1037 1374 1051 1374 1050 1374 1037 1375 1050 1375 1036 1375 1036 1376 1050 1376 1049 1376 1036 1377 1049 1377 1035 1377 1035 1378 1049 1378 1048 1378 1035 1379 1048 1379 1034 1379 1034 1380 1048 1380 1047 1380 1034 1381 1047 1381 1033 1381 1033 1382 1047 1382 1046 1382 1033 1383 1046 1383 1032 1383 1032 1384 1046 1384 1045 1384 1032 1385 1045 1385 1031 1385 1031 1386 1045 1386 1044 1386 1031 1387 1044 1387 1030 1387 1030 1388 1044 1388 1026 1388 1030 1389 1026 1389 1029 1389 1029 1390 1026 1390 1028 1390 1029 1391 1028 1391 586 1391 621 1392 657 1392 1043 1392 1043 1393 657 1393 658 1393 1043 1394 658 1394 1068 1394 1068 1395 658 1395 656 1395 1068 1396 656 1396 1067 1396 1067 1397 656 1397 654 1397 1067 1398 654 1398 1066 1398 1066 1399 654 1399 653 1399 1066 1400 653 1400 1065 1400 1065 1401 653 1401 670 1401 1065 1402 670 1402 1064 1402 1064 1403 670 1403 671 1403 1064 1404 671 1404 1063 1404 1063 1405 671 1405 667 1405 1063 1406 667 1406 1062 1406 1062 1407 667 1407 666 1407 1062 1408 666 1408 1020 1408 1020 1409 666 1409 665 1409 1020 1410 665 1410 1021 1410 1021 1411 665 1411 664 1411 1021 1412 664 1412 1022 1412 1022 1413 664 1413 663 1413 1022 1414 663 1414 1023 1414 1023 1415 663 1415 674 1415 1023 1416 674 1416 1024 1416 1024 1417 674 1417 691 1417 1024 1418 691 1418 1025 1418 1025 1419 691 1419 1013 1419 1025 1420 1013 1420 1014 1420 1069 1421 518 1421 519 1421 672 1422 875 1422 833 1422 867 1423 676 1423 519 1423 519 1424 676 1424 675 1424 519 1425 675 1425 1069 1425 1069 1426 675 1426 673 1426 1069 1427 673 1427 1070 1427 1070 1428 673 1428 672 1428 1070 1429 672 1429 1071 1429 1071 1430 672 1430 833 1430 1071 1431 833 1431 832 1431 518 1432 1072 1432 311 1432 311 1433 1072 1433 330 1433 1073 1434 331 1434 1074 1434 1074 1435 331 1435 330 1435 1074 1436 330 1436 1075 1436 1075 1437 330 1437 1072 1437 1076 1438 331 1438 1077 1438 1077 1439 331 1439 1073 1439 1077 1440 1073 1440 1078 1440 1078 1441 1073 1441 1079 1441 1078 1442 1079 1442 1080 1442 1080 1443 1079 1443 1081 1443 826 1444 1082 1444 827 1444 827 1445 1082 1445 1083 1445 827 1446 1083 1446 828 1446 828 1447 1083 1447 1084 1447 828 1448 1084 1448 829 1448 1083 1449 1085 1449 1084 1449 1084 1450 1085 1450 1086 1450 1084 1451 1086 1451 829 1451 829 1452 1086 1452 1087 1452 829 1453 1087 1453 830 1453 830 1454 1087 1454 831 1454 390 1455 1088 1455 391 1455 391 1456 1088 1456 1081 1456 391 1457 1081 1457 826 1457 826 1458 1081 1458 1079 1458 826 1459 1079 1459 1082 1459 1082 1460 1079 1460 1073 1460 1082 1461 1073 1461 1083 1461 1083 1462 1073 1462 1074 1462 1083 1463 1074 1463 1085 1463 1085 1464 1074 1464 1075 1464 1085 1465 1075 1465 1072 1465 1072 1466 518 1466 1085 1466 1085 1467 518 1467 1069 1467 1085 1468 1069 1468 1086 1468 1086 1469 1069 1469 1070 1469 1086 1470 1070 1470 1087 1470 1087 1471 1070 1471 1071 1471 1087 1472 1071 1472 831 1472 831 1473 1071 1473 832 1473 523 1474 503 1474 502 1474 513 1475 491 1475 497 1475 497 1476 491 1476 523 1476 497 1477 523 1477 498 1477 498 1478 523 1478 502 1478 503 1479 1089 1479 504 1479 504 1480 1089 1480 501 1480 503 1481 523 1481 1089 1481 1089 1482 523 1482 524 1482 1089 1483 524 1483 1090 1483 1090 1484 524 1484 525 1484 1090 1485 525 1485 1091 1485 1091 1486 525 1486 527 1486 1091 1487 527 1487 1092 1487 1092 1488 527 1488 529 1488 1092 1489 529 1489 1093 1489 1093 1490 529 1490 531 1490 1093 1491 531 1491 1094 1491 1094 1492 531 1492 533 1492 1094 1493 533 1493 1095 1493 1095 1494 533 1494 534 1494 1095 1495 534 1495 1096 1495 1096 1496 534 1496 536 1496 1096 1497 536 1497 1097 1497 1097 1498 536 1498 538 1498 1097 1499 538 1499 1098 1499 1098 1500 538 1500 539 1500 1098 1501 539 1501 1099 1501 501 1502 1089 1502 488 1502 488 1503 1089 1503 1090 1503 488 1504 1090 1504 1100 1504 1100 1505 1090 1505 1091 1505 1100 1506 1091 1506 1101 1506 1101 1507 1091 1507 1092 1507 1101 1508 1092 1508 1102 1508 1102 1509 1092 1509 1093 1509 1102 1510 1093 1510 1103 1510 1103 1511 1093 1511 1094 1511 1103 1512 1094 1512 1104 1512 1104 1513 1094 1513 1095 1513 1104 1514 1095 1514 1105 1514 1105 1515 1095 1515 1096 1515 1105 1516 1096 1516 1106 1516 1106 1517 1096 1517 1097 1517 1106 1518 1097 1518 1107 1518 1107 1519 1097 1519 1098 1519 1107 1520 1098 1520 1108 1520 1108 1521 1098 1521 1099 1521 1108 1522 1099 1522 1109 1522 356 1523 355 1523 1109 1523 1109 1524 355 1524 348 1524 1109 1525 348 1525 1108 1525 1108 1526 348 1526 350 1526 1108 1527 350 1527 1107 1527 1107 1528 350 1528 353 1528 1107 1529 353 1529 1106 1529 1106 1530 353 1530 336 1530 1106 1531 336 1531 1105 1531 1105 1532 336 1532 335 1532 1105 1533 335 1533 1104 1533 1104 1534 335 1534 338 1534 1104 1535 338 1535 1103 1535 1103 1536 338 1536 341 1536 1103 1537 341 1537 1102 1537 1102 1538 341 1538 340 1538 1102 1539 340 1539 1101 1539 1101 1540 340 1540 339 1540 1101 1541 339 1541 1100 1541 1100 1542 339 1542 347 1542 1100 1543 347 1543 488 1543 539 1544 541 1544 1099 1544 1099 1545 541 1545 1110 1545 1099 1546 1110 1546 1109 1546 1109 1547 1110 1547 1111 1547 1109 1548 1111 1548 356 1548 356 1549 1111 1549 359 1549 550 1550 552 1550 1112 1550 360 1551 359 1551 1113 1551 1113 1552 359 1552 1111 1552 1113 1553 1111 1553 1114 1553 1114 1554 1111 1554 1110 1554 1114 1555 1110 1555 567 1555 567 1556 1110 1556 541 1556 567 1557 566 1557 1114 1557 1114 1558 566 1558 1115 1558 1114 1559 1115 1559 1113 1559 1113 1560 1115 1560 1116 1560 1113 1561 1116 1561 360 1561 367 1562 362 1562 1116 1562 1116 1563 362 1563 361 1563 1116 1564 361 1564 360 1564 1117 1565 1118 1565 1119 1565 1119 1566 1118 1566 1112 1566 1119 1567 1112 1567 554 1567 554 1568 1112 1568 552 1568 566 1569 550 1569 1115 1569 1115 1570 550 1570 1112 1570 1115 1571 1112 1571 1116 1571 1116 1572 1112 1572 1118 1572 1116 1573 1118 1573 367 1573 367 1574 1118 1574 1117 1574 367 1575 1117 1575 365 1575 576 1576 584 1576 1120 1576 794 1577 792 1577 1121 1577 549 1578 548 1578 1122 1578 1122 1579 548 1579 1123 1579 1122 1580 1123 1580 1121 1580 1121 1581 1123 1581 1124 1581 1121 1582 1124 1582 794 1582 794 1583 1124 1583 799 1583 546 1584 549 1584 1125 1584 1125 1585 549 1585 1122 1585 1125 1586 1122 1586 1126 1586 1126 1587 1122 1587 1121 1587 1126 1588 1121 1588 791 1588 791 1589 1121 1589 792 1589 544 1590 546 1590 1127 1590 1127 1591 546 1591 1125 1591 1127 1592 1125 1592 1120 1592 1120 1593 1125 1593 1126 1593 1120 1594 1126 1594 576 1594 576 1595 1126 1595 791 1595 1027 1596 365 1596 1128 1596 1128 1597 365 1597 1117 1597 1128 1598 1117 1598 1129 1598 1129 1599 1117 1599 1119 1599 1129 1600 1119 1600 559 1600 559 1601 1119 1601 554 1601 1028 1602 1027 1602 1130 1602 1130 1603 1027 1603 1128 1603 1130 1604 1128 1604 1131 1604 1131 1605 1128 1605 1129 1605 1131 1606 1129 1606 558 1606 558 1607 1129 1607 559 1607 586 1608 1028 1608 1132 1608 1132 1609 1028 1609 1130 1609 1132 1610 1130 1610 1133 1610 1133 1611 1130 1611 1131 1611 1133 1612 1131 1612 557 1612 557 1613 1131 1613 558 1613 585 1614 586 1614 1134 1614 1134 1615 586 1615 1132 1615 1134 1616 1132 1616 1135 1616 1135 1617 1132 1617 1133 1617 1135 1618 1133 1618 560 1618 560 1619 1133 1619 557 1619 584 1620 585 1620 1120 1620 1120 1621 585 1621 1134 1621 1120 1622 1134 1622 1127 1622 1127 1623 1134 1623 1135 1623 1127 1624 1135 1624 544 1624 544 1625 1135 1625 560 1625 449 1626 1136 1626 1137 1626 1138 1627 1139 1627 1140 1627 1140 1628 1139 1628 1141 1628 1141 1629 1142 1629 1140 1629 1140 1630 1142 1630 1143 1630 1140 1631 1143 1631 1144 1631 1137 1632 1136 1632 1138 1632 1138 1633 1136 1633 1145 1633 1138 1634 1145 1634 1146 1634 1146 1635 1147 1635 1138 1635 1138 1636 1147 1636 1148 1636 1138 1637 1148 1637 1139 1637 449 1638 1137 1638 450 1638 450 1639 1137 1639 1149 1639 450 1640 1149 1640 437 1640 437 1641 1149 1641 1150 1641 437 1642 1150 1642 426 1642 426 1643 1150 1643 427 1643 427 1644 1150 1644 1151 1644 427 1645 1151 1645 444 1645 1144 1646 1152 1646 1153 1646 1153 1647 1152 1647 1154 1647 1153 1648 1155 1648 1144 1648 1144 1649 1155 1649 1156 1649 1144 1648 1156 1648 1140 1648 1140 1650 1156 1650 1157 1650 1140 1651 1157 1651 1158 1651 1158 1652 1159 1652 1140 1652 1140 1653 1159 1653 1160 1653 1140 1654 1160 1654 1161 1654 1162 1648 1163 1648 1161 1648 1160 1655 1164 1655 1161 1655 1161 1656 1164 1656 1165 1656 1161 1648 1165 1648 1162 1648 1162 1657 1165 1657 1166 1657 1162 1648 1166 1648 1167 1648 1168 1658 1169 1658 1166 1658 1166 1659 1169 1659 1170 1659 1166 1660 1170 1660 1167 1660 1163 1652 1171 1652 1161 1652 1161 1651 1171 1651 1172 1651 1161 1648 1172 1648 1152 1648 1152 1661 1172 1661 1173 1661 1152 1649 1173 1649 1174 1649 1174 1648 1175 1648 1152 1648 1152 1662 1175 1662 1176 1662 1152 1663 1176 1663 1154 1663 1154 1664 1176 1664 1168 1664 1154 1648 1168 1648 1177 1648 1177 1665 1168 1665 1166 1665 1178 1666 1179 1666 1180 1666 1180 1667 1179 1667 1181 1667 1182 1668 1183 1668 1181 1668 1181 1669 1183 1669 1184 1669 1181 1670 1184 1670 1180 1670 1185 1671 1186 1671 1182 1671 1182 1672 1186 1672 1187 1672 1182 1673 1187 1673 1183 1673 1188 1674 1189 1674 1190 1674 1190 1675 1189 1675 1191 1675 1190 1676 1191 1676 1185 1676 1185 1677 1191 1677 1192 1677 1185 1678 1192 1678 1186 1678 1152 1679 1193 1679 1161 1679 1161 1680 1193 1680 1194 1680 1161 1681 1194 1681 1190 1681 1190 1682 1194 1682 1195 1682 1190 1683 1195 1683 1188 1683 1196 1 1197 1 92 1 92 1 1197 1 1178 1 1197 1 1198 1 1178 1 1178 1684 1198 1684 1199 1684 1178 1685 1199 1685 1179 1685 1179 1686 1199 1686 1200 1686 1179 1687 1200 1687 1201 1687 1201 1688 1202 1688 1179 1688 1179 1689 1202 1689 1203 1689 1179 1 1203 1 91 1 91 1690 1203 1690 1204 1690 1204 1 1205 1 91 1 91 1691 1205 1691 1206 1691 91 1692 1206 1692 92 1692 92 1693 1206 1693 1207 1693 92 1694 1207 1694 1196 1694 1208 0 1151 0 1209 0 1209 0 1151 0 1210 0 1209 0 1210 0 1211 0 1211 0 1210 0 1212 0 1208 0 1213 0 1151 0 1151 1695 1213 1695 1214 1695 1151 1696 1214 1696 444 1696 1214 0 1215 0 444 0 444 1697 1215 1697 1216 1697 444 0 1216 0 150 0 150 1698 1216 1698 1217 1698 1217 0 1218 0 150 0 150 1699 1218 1699 1219 1699 150 1700 1219 1700 1210 1700 1210 1701 1219 1701 1220 1701 1210 1702 1220 1702 1212 1702 1221 23 1222 23 1223 23 1223 23 1222 23 1224 23 1224 1703 1225 1703 1226 1703 1226 1704 1227 1704 1224 1704 1224 23 1227 23 1228 23 1224 1705 1228 1705 1229 1705 1230 1706 1231 1706 1232 1706 1233 23 1234 23 1222 23 1222 23 1234 23 1235 23 1222 23 1235 23 1224 23 1224 23 1235 23 1236 23 1224 23 1236 23 1225 23 1233 1707 1237 1707 1234 1707 1234 1708 1237 1708 1238 1708 1234 1709 1238 1709 1239 1709 1235 23 1240 23 1241 23 1241 23 1242 23 1235 23 1235 23 1242 23 1243 23 1235 23 1243 23 1236 23 1221 23 1223 23 1232 23 1232 23 1223 23 1244 23 1232 1710 1244 1710 1230 1710 485 1711 127 1711 1245 1711 1245 1712 127 1712 130 1712 1245 1713 130 1713 1246 1713 1246 1714 130 1714 129 1714 1246 1715 129 1715 1247 1715 1247 1715 129 1715 128 1715 1247 1716 128 1716 1248 1716 1248 1717 128 1717 136 1717 1248 1718 136 1718 1249 1718 1249 1719 136 1719 134 1719 1249 1720 134 1720 1178 1720 1178 1721 134 1721 92 1721 1187 1722 1186 1722 1250 1722 1251 1723 473 1723 472 1723 1252 1724 1253 1724 1254 1724 1187 1725 1255 1725 1183 1725 1183 1726 1255 1726 1256 1726 1183 1727 1256 1727 1184 1727 1184 1728 1256 1728 1257 1728 1184 1729 1257 1729 1180 1729 1180 1730 1257 1730 1178 1730 1247 1731 1248 1731 1257 1731 1257 1732 1248 1732 1249 1732 1257 1733 1249 1733 1178 1733 1255 1734 1258 1734 1256 1734 1256 1735 1258 1735 1259 1735 1256 1736 1259 1736 1257 1736 1257 1737 1259 1737 1260 1737 1257 1738 1260 1738 1247 1738 1247 1739 1260 1739 1246 1739 1258 1740 1252 1740 1259 1740 1259 1741 1252 1741 1261 1741 1259 1742 1261 1742 1260 1742 1260 1743 1261 1743 1262 1743 1260 1744 1262 1744 1246 1744 1246 1745 1262 1745 1245 1745 1187 1746 1250 1746 1255 1746 1255 1747 1250 1747 1263 1747 1255 1748 1263 1748 1258 1748 1258 1749 1263 1749 1264 1749 1258 1750 1264 1750 1252 1750 1252 1751 1264 1751 1265 1751 1252 1752 1265 1752 1253 1752 1254 1753 1251 1753 1252 1753 1252 1754 1251 1754 472 1754 1252 1755 472 1755 1261 1755 1261 1756 472 1756 470 1756 1261 1757 470 1757 1262 1757 1262 1758 470 1758 469 1758 1262 1759 469 1759 1245 1759 1245 1760 469 1760 485 1760 1266 1761 1267 1761 1268 1761 1253 1762 1265 1762 1269 1762 1253 1763 1269 1763 1270 1763 1270 1764 1269 1764 1271 1764 1270 1765 1271 1765 1272 1765 1272 1766 1271 1766 1268 1766 1272 1767 1268 1767 1273 1767 1273 1768 1268 1768 1274 1768 1274 1769 1268 1769 1267 1769 1274 1770 1267 1770 816 1770 1264 1771 1263 1771 1275 1771 1275 1772 1263 1772 1250 1772 1188 1773 1276 1773 1189 1773 1189 1774 1276 1774 1277 1774 1189 1775 1277 1775 1191 1775 1191 1776 1277 1776 1275 1776 1191 1777 1275 1777 1192 1777 1192 1778 1275 1778 1250 1778 1192 1779 1250 1779 1186 1779 1188 1780 1266 1780 1276 1780 1276 1781 1266 1781 1268 1781 1276 1782 1268 1782 1277 1782 1277 1783 1268 1783 1271 1783 1277 1784 1271 1784 1275 1784 1275 1785 1271 1785 1269 1785 1275 1786 1269 1786 1264 1786 1264 1787 1269 1787 1265 1787 1278 1788 1279 1788 1280 1788 1280 1789 1279 1789 1281 1789 1282 1790 1283 1790 1284 1790 1284 1791 1283 1791 1285 1791 1284 1792 1285 1792 1286 1792 1136 1793 1283 1793 1145 1793 1145 1794 1283 1794 1282 1794 1145 1795 1282 1795 1146 1795 1136 1796 1287 1796 1283 1796 1283 1797 1287 1797 1288 1797 1283 1798 1288 1798 1285 1798 1285 1799 1288 1799 1280 1799 1285 1800 1280 1800 1286 1800 1286 1801 1280 1801 1281 1801 1286 1802 1281 1802 1284 1802 1284 1803 1281 1803 1289 1803 1284 1804 1289 1804 884 1804 432 1805 1278 1805 433 1805 433 1806 1278 1806 1280 1806 433 1807 1280 1807 445 1807 445 1808 1280 1808 1288 1808 445 1809 1288 1809 447 1809 447 1810 1288 1810 1287 1810 447 1811 1287 1811 449 1811 449 1812 1287 1812 1136 1812 816 1813 815 1813 1274 1813 1274 1814 815 1814 813 1814 1290 1815 1253 1815 1270 1815 1290 1816 1270 1816 817 1816 817 1817 1270 1817 812 1817 812 1818 1270 1818 1272 1818 812 1819 1272 1819 813 1819 813 1820 1272 1820 1273 1820 813 1821 1273 1821 1274 1821 1290 1822 817 1822 810 1822 1253 1823 1290 1823 1291 1823 1290 1824 810 1824 1291 1824 1291 1825 810 1825 811 1825 1291 1826 811 1826 1292 1826 1292 1827 811 1827 797 1827 1292 1828 797 1828 1293 1828 1253 1829 1291 1829 1254 1829 1254 1830 1291 1830 1292 1830 1254 1831 1292 1831 1251 1831 1251 1832 1292 1832 1293 1832 1251 1833 1293 1833 473 1833 473 1834 1293 1834 471 1834 471 1835 1293 1835 1294 1835 1294 1836 1293 1836 1295 1836 1295 1837 1293 1837 797 1837 1295 1838 797 1838 796 1838 1296 1839 1297 1839 1298 1839 796 1840 798 1840 1299 1840 1299 1841 798 1841 1300 1841 1299 1842 1300 1842 1301 1842 1301 1843 1300 1843 1296 1843 1301 1844 1296 1844 1302 1844 1302 1845 1296 1845 1298 1845 548 1846 1297 1846 1123 1846 1123 1847 1297 1847 1296 1847 1123 1848 1296 1848 1124 1848 1124 1849 1296 1849 1300 1849 1124 1850 1300 1850 799 1850 799 1851 1300 1851 798 1851 1302 1852 1298 1852 1303 1852 1299 1853 1301 1853 1304 1853 1304 1854 1301 1854 1302 1854 1302 1855 1303 1855 1304 1855 1304 1856 1303 1856 1305 1856 1304 1857 1305 1857 471 1857 796 1858 1299 1858 1295 1858 1295 1859 1299 1859 1304 1859 1295 1860 1304 1860 1294 1860 1294 1861 1304 1861 471 1861 468 1862 471 1862 1306 1862 1306 1863 471 1863 1305 1863 1306 1864 1305 1864 1307 1864 1307 1865 1305 1865 1303 1865 1307 1866 1303 1866 1308 1866 1308 1867 1303 1867 1298 1867 1308 1868 1298 1868 547 1868 547 1869 1298 1869 1297 1869 547 1870 1297 1870 548 1870 1309 1871 1310 1871 394 1871 1311 1872 1312 1872 1310 1872 1310 1873 1312 1873 1313 1873 1310 1874 1313 1874 394 1874 464 1875 463 1875 1314 1875 1314 1876 463 1876 1315 1876 1316 1877 380 1877 379 1877 407 1878 406 1878 1317 1878 1317 1879 406 1879 1318 1879 394 1880 393 1880 1309 1880 1309 1881 393 1881 398 1881 1309 1882 398 1882 1319 1882 1319 1883 398 1883 397 1883 1319 1884 397 1884 1317 1884 1317 1885 397 1885 401 1885 1317 1886 401 1886 407 1886 1315 1887 1311 1887 1314 1887 1314 1888 1311 1888 1310 1888 1314 1889 1310 1889 1320 1889 1320 1890 1310 1890 1309 1890 1320 1891 1309 1891 1321 1891 1321 1892 1309 1892 1319 1892 1321 1893 1319 1893 1322 1893 1322 1894 1319 1894 1317 1894 1322 1895 1317 1895 1323 1895 1323 1896 1317 1896 1318 1896 1323 1897 1318 1897 1316 1897 1316 1898 379 1898 1323 1898 1323 1899 379 1899 389 1899 1323 1900 389 1900 1322 1900 1322 1901 389 1901 388 1901 1322 1902 388 1902 1321 1902 1321 1903 388 1903 387 1903 1321 1904 387 1904 1320 1904 1320 1905 387 1905 386 1905 1320 1906 386 1906 1314 1906 1314 1907 386 1907 385 1907 1314 1908 385 1908 464 1908 1324 1909 435 1909 434 1909 1324 1910 434 1910 1325 1910 1326 1911 1327 1911 1328 1911 1328 1912 1327 1912 1325 1912 877 1913 1329 1913 1330 1913 1330 1914 1329 1914 1326 1914 878 1915 410 1915 880 1915 880 1916 410 1916 409 1916 1325 1917 434 1917 1328 1917 1328 1918 434 1918 429 1918 1328 1919 429 1919 1331 1919 1331 1920 429 1920 380 1920 1331 1921 380 1921 1316 1921 1326 1922 1328 1922 1330 1922 1330 1923 1328 1923 1331 1923 1330 1924 1331 1924 1332 1924 1332 1925 1331 1925 1316 1925 1332 1926 1316 1926 1318 1926 878 1927 877 1927 410 1927 410 1928 877 1928 1330 1928 410 1929 1330 1929 415 1929 415 1930 1330 1930 1332 1930 415 1931 1332 1931 405 1931 405 1932 1332 1932 1318 1932 405 1933 1318 1933 406 1933 884 1934 1333 1934 885 1934 885 1935 1333 1935 1334 1935 885 1936 1334 1936 886 1936 886 1937 1334 1937 1335 1937 886 1938 1335 1938 887 1938 887 1939 1335 1939 1336 1939 887 1940 1336 1940 888 1940 888 1941 1336 1941 1337 1941 888 1942 1337 1942 889 1942 884 1943 1289 1943 1333 1943 1333 1944 1289 1944 1281 1944 1333 1945 1281 1945 1334 1945 1334 1946 1281 1946 1279 1946 1334 1947 1279 1947 1335 1947 1335 1948 1279 1948 1278 1948 1335 1949 1278 1949 1336 1949 1336 1950 1278 1950 432 1950 1336 1951 432 1951 1337 1951 1337 1952 432 1952 431 1952 1325 1953 1327 1953 1338 1953 1329 1954 877 1954 879 1954 1329 1955 879 1955 1326 1955 1325 1956 1338 1956 1324 1956 890 1957 1338 1957 879 1957 879 1958 1338 1958 1327 1958 879 1959 1327 1959 1326 1959 435 1960 1324 1960 431 1960 431 1961 1324 1961 1338 1961 431 1962 1338 1962 1337 1962 1337 1963 1338 1963 890 1963 1337 1964 890 1964 889 1964 1266 1965 1188 1965 1195 1965 1267 1966 1266 1966 1339 1966 1266 1967 1195 1967 1339 1967 1339 1968 1195 1968 1194 1968 1339 1969 1194 1969 1340 1969 1340 1970 1194 1970 1193 1970 1340 1971 1193 1971 1341 1971 1341 1972 1342 1972 1340 1972 1340 1973 1342 1973 1343 1973 1340 1974 1343 1974 1339 1974 1339 1975 1343 1975 1344 1975 1339 1976 1344 1976 1267 1976 1267 1977 1344 1977 816 1977 1193 1978 1152 1978 1341 1978 1341 1979 1152 1979 1345 1979 1341 1980 1345 1980 1342 1980 1342 1981 1345 1981 1346 1981 1342 1982 1346 1982 1347 1982 816 1983 1344 1983 814 1983 814 1984 1344 1984 1343 1984 814 1985 1343 1985 808 1985 808 1986 1343 1986 1342 1986 808 1987 1342 1987 809 1987 809 1988 1342 1988 1347 1988 809 1989 1347 1989 802 1989 802 1990 1347 1990 800 1990 800 1991 1347 1991 1348 1991 1152 1992 1144 1992 1345 1992 1345 1993 1144 1993 1348 1993 1345 1994 1348 1994 1346 1994 1346 1995 1348 1995 1347 1995 1348 1996 1144 1996 1143 1996 800 1997 1348 1997 1349 1997 1348 1998 1143 1998 1349 1998 1349 1999 1143 1999 1142 1999 1349 2000 1142 2000 1350 2000 1350 2001 1142 2001 1141 2001 1350 2002 1141 2002 1351 2002 1351 2003 1141 2003 1139 2003 1351 2004 1139 2004 1352 2004 1352 2005 1139 2005 1148 2005 1352 2006 1148 2006 1353 2006 800 2007 1349 2007 801 2007 801 2008 1349 2008 1350 2008 801 2009 1350 2009 803 2009 803 2010 1350 2010 1351 2010 803 2011 1351 2011 804 2011 804 2012 1351 2012 1352 2012 804 2013 1352 2013 806 2013 806 2014 1352 2014 1353 2014 806 2015 1353 2015 807 2015 1148 2016 1147 2016 1353 2016 1353 2017 1147 2017 1354 2017 1353 2018 1354 2018 1355 2018 1355 2019 882 2019 1353 2019 1353 2020 882 2020 881 2020 1353 2021 881 2021 807 2021 884 2022 882 2022 1284 2022 1284 2023 882 2023 1355 2023 1284 2024 1355 2024 1282 2024 1282 2025 1355 2025 1354 2025 1282 2026 1354 2026 1146 2026 1146 2027 1354 2027 1147 2027 1356 2028 1175 2028 1357 2028 1357 2029 1175 2029 1174 2029 1357 2030 1174 2030 1358 2030 1358 2031 1174 2031 1173 2031 1358 2032 1173 2032 1359 2032 1359 2033 1173 2033 1172 2033 1359 2034 1172 2034 1360 2034 1360 2035 1172 2035 1171 2035 1360 2036 1171 2036 1361 2036 1361 2037 1171 2037 1163 2037 1361 2038 1163 2038 1362 2038 1362 2039 1163 2039 1162 2039 1362 2040 1162 2040 1363 2040 1363 2041 1162 2041 1167 2041 1363 2042 1167 2042 1364 2042 1364 2043 1167 2043 1170 2043 1364 2044 1170 2044 1365 2044 1365 2045 1170 2045 1169 2045 1365 2046 1169 2046 1366 2046 1366 2047 1169 2047 1168 2047 1366 2048 1168 2048 1367 2048 1367 2049 1168 2049 1176 2049 1367 2050 1176 2050 1356 2050 1356 2051 1176 2051 1175 2051 1368 2052 1153 2052 1369 2052 1369 2053 1153 2053 1154 2053 1369 2030 1154 2030 1370 2030 1370 2031 1154 2031 1177 2031 1370 2054 1177 2054 1371 2054 1371 2055 1177 2055 1166 2055 1371 2056 1166 2056 1372 2056 1372 2057 1166 2057 1165 2057 1372 2036 1165 2036 1373 2036 1373 2037 1165 2037 1164 2037 1373 2058 1164 2058 1374 2058 1374 2059 1164 2059 1160 2059 1374 2060 1160 2060 1375 2060 1375 2061 1160 2061 1159 2061 1375 2042 1159 2042 1376 2042 1376 2043 1159 2043 1158 2043 1376 2062 1158 2062 1377 2062 1377 2063 1158 2063 1157 2063 1377 2064 1157 2064 1378 2064 1378 2065 1157 2065 1156 2065 1378 2048 1156 2048 1379 2048 1379 2049 1156 2049 1155 2049 1379 2066 1155 2066 1368 2066 1368 2067 1155 2067 1153 2067 1380 2068 1209 2068 1381 2068 1381 2069 1209 2069 1211 2069 1381 2070 1211 2070 1382 2070 1382 2071 1211 2071 1212 2071 1382 2072 1212 2072 1383 2072 1383 2073 1212 2073 1220 2073 1383 2074 1220 2074 1384 2074 1384 2074 1220 2074 1219 2074 1384 2075 1219 2075 1385 2075 1385 2076 1219 2076 1218 2076 1385 2077 1218 2077 1386 2077 1386 2078 1218 2078 1217 2078 1386 2079 1217 2079 1387 2079 1387 2080 1217 2080 1216 2080 1387 2081 1216 2081 1388 2081 1388 2082 1216 2082 1215 2082 1388 2083 1215 2083 1389 2083 1389 2083 1215 2083 1214 2083 1389 2084 1214 2084 1390 2084 1390 2085 1214 2085 1213 2085 1390 2086 1213 2086 1391 2086 1391 2087 1213 2087 1208 2087 1391 2088 1208 2088 1380 2088 1380 2089 1208 2089 1209 2089 1392 2077 1197 2077 1393 2077 1393 2078 1197 2078 1196 2078 1393 2090 1196 2090 1394 2090 1394 2091 1196 2091 1207 2091 1394 2074 1207 2074 1395 2074 1395 2074 1207 2074 1206 2074 1395 2072 1206 2072 1396 2072 1396 2073 1206 2073 1205 2073 1396 2092 1205 2092 1397 2092 1397 2093 1205 2093 1204 2093 1397 2068 1204 2068 1398 2068 1398 2069 1204 2069 1203 2069 1398 2088 1203 2088 1399 2088 1399 2089 1203 2089 1202 2089 1399 2094 1202 2094 1400 2094 1400 2095 1202 2095 1201 2095 1400 2084 1201 2084 1401 2084 1401 2085 1201 2085 1200 2085 1401 2083 1200 2083 1402 2083 1402 2083 1200 2083 1199 2083 1402 2096 1199 2096 1403 2096 1403 2097 1199 2097 1198 2097 1403 2079 1198 2079 1392 2079 1392 2080 1198 2080 1197 2080 1404 2098 820 2098 1405 2098 1405 2099 820 2099 821 2099 1405 2100 821 2100 822 2100 823 2101 825 2101 1406 2101 1406 2102 825 2102 824 2102 1406 2103 824 2103 1404 2103 1404 2104 824 2104 818 2104 1404 2105 818 2105 820 2105 823 2106 1406 2106 772 2106 772 2107 1406 2107 1407 2107 772 2108 1407 2108 773 2108 1408 2109 762 2109 775 2109 1408 2110 775 2110 1407 2110 1407 2111 775 2111 774 2111 1407 2112 774 2112 773 2112 1409 2113 765 2113 764 2113 1409 2114 764 2114 1408 2114 1408 2115 764 2115 763 2115 1408 2116 763 2116 762 2116 769 2117 768 2117 1410 2117 1410 2118 768 2118 767 2118 1410 2119 767 2119 1409 2119 1409 2120 767 2120 766 2120 1409 2121 766 2121 765 2121 758 2122 757 2122 1411 2122 1411 2123 757 2123 771 2123 1411 2124 771 2124 1410 2124 1410 2125 771 2125 770 2125 1410 2126 770 2126 769 2126 758 2127 1411 2127 760 2127 760 2128 1411 2128 1412 2128 760 2129 1412 2129 761 2129 1413 2130 753 2130 754 2130 1413 2131 754 2131 1412 2131 1412 2132 754 2132 756 2132 1412 2133 756 2133 761 2133 1414 2134 746 2134 747 2134 1414 2135 747 2135 1413 2135 1413 2136 747 2136 751 2136 1413 2137 751 2137 753 2137 624 2138 617 2138 1415 2138 782 2139 1416 2139 784 2139 784 2140 1416 2140 1417 2140 784 2141 1417 2141 785 2141 1418 2142 788 2142 787 2142 1418 2143 787 2143 1417 2143 1417 2144 787 2144 786 2144 1417 2145 786 2145 785 2145 788 2146 1418 2146 789 2146 789 2147 1418 2147 1419 2147 789 2148 1419 2148 790 2148 1420 2149 597 2149 589 2149 1420 2150 589 2150 1419 2150 1419 2151 589 2151 591 2151 1419 2152 591 2152 790 2152 1421 2153 602 2153 600 2153 1421 2154 600 2154 1420 2154 1420 2155 600 2155 598 2155 1420 2156 598 2156 597 2156 1422 2157 604 2157 1421 2157 1421 2158 604 2158 603 2158 1421 2159 603 2159 602 2159 608 2160 607 2160 1423 2160 1423 2161 607 2161 606 2161 1423 2162 606 2162 1422 2162 1422 2163 606 2163 605 2163 1422 2164 605 2164 604 2164 608 2165 1423 2165 611 2165 611 2166 1423 2166 1424 2166 611 2167 1424 2167 613 2167 1415 2168 617 2168 1424 2168 1424 2169 617 2169 615 2169 1424 2170 615 2170 613 2170 624 2171 1415 2171 625 2171 625 2172 1415 2172 1425 2172 625 2173 1425 2173 627 2173 622 2174 632 2174 1426 2174 1426 2175 632 2175 633 2175 1426 2176 633 2176 1425 2176 1425 2177 633 2177 629 2177 1425 2178 629 2178 627 2178 622 2179 1426 2179 623 2179 623 2180 1426 2180 1427 2180 623 2181 1427 2181 634 2181 1428 2182 620 2182 619 2182 1428 2183 619 2183 1427 2183 1427 2184 619 2184 635 2184 1427 2185 635 2185 634 2185 620 2186 1428 2186 636 2186 636 2187 1428 2187 1429 2187 636 2188 1429 2188 637 2188 642 2189 641 2189 1430 2189 1430 2190 641 2190 640 2190 1430 2191 640 2191 1429 2191 1429 2192 640 2192 639 2192 1429 2193 639 2193 637 2193 647 2194 646 2194 1431 2194 1430 2197 644 2197 643 2197 1430 2198 643 2198 642 2198 647 2199 1431 2199 645 2199 645 2200 1431 2200 1432 2200 645 2201 1432 2201 574 2201 574 2202 1432 2202 650 2202 650 2203 1432 2203 1433 2203 650 2204 1433 2204 736 2204 736 2205 1433 2205 737 2205 737 2206 1433 2206 1434 2206 737 2207 1434 2207 739 2207 739 2208 1434 2208 740 2208 740 2209 1434 2209 1435 2209 740 2210 1435 2210 733 2210 733 2211 1435 2211 734 2211 734 2212 1435 2212 1436 2212 734 2213 1436 2213 743 2213 743 2214 1436 2214 745 2214 745 2215 1436 2215 1437 2215 745 2216 1437 2216 752 2216 752 2217 1437 2217 755 2217 755 2218 1437 2218 1405 2218 755 2219 1405 2219 822 2219 746 2220 1414 2220 744 2220 744 2221 1414 2221 1438 2221 744 2222 1438 2222 748 2222 748 2223 1438 2223 749 2223 749 2224 1438 2224 1439 2224 749 2225 1439 2225 750 2225 750 2226 1439 2226 741 2226 741 2227 1439 2227 1440 2227 741 2228 1440 2228 742 2228 742 2229 1440 2229 778 2229 778 2230 1440 2230 1441 2230 778 2231 1441 2231 776 2231 776 2232 1441 2232 779 2232 779 2233 1441 2233 1442 2233 779 2234 1442 2234 780 2234 780 2235 1442 2235 1416 2235 780 2236 1416 2236 782 2236 1443 2237 1444 2237 1445 2237 1445 2238 1444 2238 1446 2238 459 2239 164 2239 1445 2239 1447 2240 461 2240 1445 2240 1445 2241 461 2241 460 2241 1445 2242 460 2242 459 2242 164 2243 163 2243 1445 2243 1445 2244 163 2244 161 2244 1445 2245 161 2245 1443 2245 1443 2246 161 2246 474 2246 1443 2247 474 2247 1448 2247 1448 2248 474 2248 1449 2248 1450 2249 456 2249 1451 2249 1451 2250 456 2250 455 2250 1451 2251 455 2251 1447 2251 1447 2252 455 2252 454 2252 1447 2253 454 2253 461 2253 382 2254 462 2254 383 2254 383 2255 462 2255 465 2255 1452 2256 438 2256 440 2256 440 2257 453 2257 1452 2257 1452 2258 453 2258 458 2258 1452 2259 458 2259 1450 2259 1450 2260 458 2260 457 2260 1450 2261 457 2261 456 2261 1453 2262 1454 2262 1455 2262 1455 2263 1454 2263 1456 2263 1455 2264 1456 2264 1457 2264 1457 2265 1456 2265 1458 2265 1457 2266 1458 2266 1459 2266 1459 2267 1458 2267 462 2267 1459 2268 462 2268 1452 2268 1452 2269 462 2269 382 2269 1452 2270 382 2270 438 2270 1460 2271 1461 2271 1462 2271 1462 2272 1461 2272 1463 2272 1462 2273 1463 2273 1453 2273 1453 2274 1463 2274 1464 2274 1453 2275 1464 2275 1454 2275 1465 2276 1466 2276 1467 2276 1467 2277 1466 2277 1468 2277 1467 2278 1468 2278 1462 2278 1462 2279 1468 2279 1469 2279 1462 2280 1469 2280 1460 2280 1444 2281 1470 2281 1446 2281 1446 2282 1470 2282 1471 2282 1446 2283 1471 2283 1472 2283 1472 2284 1471 2284 1473 2284 1472 2285 1473 2285 1474 2285 1474 2286 1473 2286 1475 2286 1474 2287 1475 2287 1476 2287 1476 2288 1475 2288 1477 2288 1476 2289 1477 2289 1465 2289 1465 2290 1477 2290 1478 2290 1465 2291 1478 2291 1466 2291 1467 0 1462 0 1479 0 1453 0 1480 0 1462 0 1462 2292 1480 2292 1481 2292 1462 2293 1481 2293 1479 2293 1445 0 1446 0 1482 0 1451 0 1447 0 1483 0 1479 0 1484 0 1467 0 1467 0 1484 0 1485 0 1467 0 1485 0 1465 0 1485 0 1486 0 1465 0 1465 2294 1486 2294 1487 2294 1465 2295 1487 2295 1476 2295 1487 0 1488 0 1476 0 1476 2296 1488 2296 1489 2296 1476 0 1489 0 1474 0 1482 2297 1490 2297 1445 2297 1445 2298 1490 2298 1491 2298 1445 0 1491 0 1447 0 1447 2299 1491 2299 1492 2299 1447 0 1492 0 1483 0 1459 2300 1493 2300 1457 2300 1457 0 1493 0 1494 0 1457 0 1494 0 1455 0 1494 2301 1495 2301 1455 2301 1455 2302 1495 2302 1496 2302 1455 0 1496 0 1453 0 1453 0 1496 0 1497 0 1453 2303 1497 2303 1480 2303 1489 0 1498 0 1474 0 1474 2304 1498 2304 1499 2304 1474 2305 1499 2305 1472 2305 1472 0 1499 0 1500 0 1472 0 1500 0 1446 0 1446 2306 1500 2306 1501 2306 1446 2304 1501 2304 1482 2304 1483 0 1502 0 1451 0 1451 0 1502 0 1503 0 1451 0 1503 0 1450 0 1503 0 1504 0 1450 0 1450 0 1504 0 1505 0 1450 2295 1505 2295 1452 2295 1505 2307 1506 2307 1452 2307 1452 2308 1506 2308 1507 2308 1452 2309 1507 2309 1459 2309 1459 0 1507 0 1508 0 1459 2310 1508 2310 1493 2310 1509 2311 417 2311 416 2311 1311 2312 1315 2312 1458 2312 1458 2313 1315 2313 463 2313 1458 2314 463 2314 462 2314 416 2315 1454 2315 1509 2315 1509 2316 1454 2316 1464 2316 1509 2317 1464 2317 1463 2317 394 2318 1313 2318 1458 2318 1458 2319 1313 2319 1312 2319 1458 2320 1312 2320 1311 2320 1456 2321 404 2321 400 2321 416 2322 424 2322 1454 2322 1454 2323 424 2323 423 2323 1454 2324 423 2324 1456 2324 1456 2325 423 2325 422 2325 1456 2326 422 2326 404 2326 400 2327 399 2327 1456 2327 1456 2328 399 2328 396 2328 1456 2329 396 2329 1458 2329 1458 2330 396 2330 395 2330 1458 2331 395 2331 394 2331 1477 2332 1510 2332 1511 2332 1477 2333 1511 2333 1478 2333 1478 2334 1511 2334 1512 2334 1478 2335 1512 2335 1466 2335 1466 2336 1512 2336 1513 2336 1466 2337 1513 2337 1468 2337 1468 2338 1514 2338 1469 2338 1469 2336 1514 2336 1515 2336 1469 2339 1515 2339 1460 2339 1460 2340 1515 2340 1461 2340 1515 2341 1516 2341 1461 2341 1461 2342 1516 2342 1509 2342 1461 2343 1509 2343 1463 2343 1468 2344 1513 2344 1514 2344 1514 2345 1513 2345 1080 2345 1514 2346 1080 2346 1081 2346 420 2347 1517 2347 1518 2347 417 2348 1509 2348 1516 2348 1515 2349 421 2349 1516 2349 1516 2350 421 2350 418 2350 1516 2351 418 2351 417 2351 420 2352 1518 2352 419 2352 419 2353 1518 2353 1088 2353 419 2354 1088 2354 390 2354 420 2355 421 2355 1517 2355 1517 2356 421 2356 1515 2356 1517 2357 1515 2357 1518 2357 1518 2358 1515 2358 1514 2358 1518 2359 1514 2359 1088 2359 1088 2360 1514 2360 1081 2360 1210 2361 1151 2361 1236 2361 1236 2361 1151 2361 1225 2361 1225 2362 1151 2362 1150 2362 1225 2363 1150 2363 1226 2363 1226 2364 1150 2364 1149 2364 1226 2365 1149 2365 1227 2365 1227 2366 1149 2366 1137 2366 1227 2367 1137 2367 1228 2367 1228 2368 1137 2368 1138 2368 1228 2369 1138 2369 1229 2369 1229 2370 1138 2370 1140 2370 1229 2371 1140 2371 1224 2371 1161 2372 1223 2372 1140 2372 1140 2373 1223 2373 1224 2373 1223 2374 1161 2374 1190 2374 1223 2375 1190 2375 1244 2375 1244 2376 1190 2376 1185 2376 1244 2377 1185 2377 1230 2377 1230 2378 1185 2378 1182 2378 1230 2379 1182 2379 1231 2379 1231 2380 1182 2380 1181 2380 1231 2381 1181 2381 1232 2381 1232 2382 1181 2382 1179 2382 1232 2383 1179 2383 1221 2383 91 2384 1222 2384 1179 2384 1179 2384 1222 2384 1221 2384 1378 2385 1379 2385 1519 2385 1519 1648 1379 1648 1368 1648 1519 1648 1368 1648 1369 1648 1375 1648 1376 1648 1519 1648 1519 2386 1376 2386 1377 2386 1519 2387 1377 2387 1378 2387 1372 2388 1373 2388 1519 2388 1519 1648 1373 1648 1374 1648 1519 1648 1374 1648 1375 1648 1369 1648 1370 1648 1519 1648 1519 2389 1370 2389 1371 2389 1519 2386 1371 2386 1372 2386 1366 2390 1367 2390 1520 2390 1520 1648 1367 1648 1356 1648 1520 1648 1356 1648 1357 1648 1363 1648 1364 1648 1520 1648 1520 2386 1364 2386 1365 2386 1520 2389 1365 2389 1366 2389 1360 2391 1361 2391 1520 2391 1520 1648 1361 1648 1362 1648 1520 1648 1362 1648 1363 1648 1357 1648 1358 1648 1520 1648 1520 2387 1358 2387 1359 2387 1520 2386 1359 2386 1360 2386 1390 0 1391 0 1521 0 1521 2392 1391 2392 1380 2392 1521 2393 1380 2393 1381 2393 1387 2394 1388 2394 1521 2394 1521 0 1388 0 1389 0 1521 0 1389 0 1390 0 1384 0 1385 0 1521 0 1521 2395 1385 2395 1386 2395 1521 2396 1386 2396 1387 2396 1381 0 1382 0 1521 0 1521 0 1382 0 1383 0 1521 0 1383 0 1384 0 1402 1 1403 1 1522 1 1522 2397 1403 2397 1392 2397 1522 2398 1392 2398 1393 2398 1399 1 1400 1 1522 1 1522 1 1400 1 1401 1 1522 1 1401 1 1402 1 1396 1 1397 1 1522 1 1522 2399 1397 2399 1398 2399 1522 2400 1398 2400 1399 2400 1393 2401 1394 2401 1522 2401 1522 1 1394 1 1395 1 1522 1 1395 1 1396 1 1523 1 1524 1 1525 1 1525 1 1524 1 1526 1 1527 0 1528 0 1529 0 1529 0 1528 0 1530 0 257 0 256 0 1531 0 333 1 82 1 1533 1 1533 1 82 1 81 1 332 0 46 0 1534 0 1534 0 46 0 52 0 250 2402 1535 2402 256 2402 256 2403 1535 2403 1536 2403 1536 2404 1537 2404 256 2404 256 2405 1537 2405 1538 2405 256 2406 1538 2406 1532 2406 250 2408 1539 2408 1540 2408 250 2409 1540 2409 1535 2409 20 2412 18 2412 1543 2412 1543 2413 1544 2413 20 2413 20 2414 1544 2414 1545 2414 20 2415 1545 2415 252 2415 252 2416 1545 2416 1546 2416 252 2417 1546 2417 1542 2417 1547 2418 1530 2418 1528 2418 1548 2419 33 2419 35 2419 1548 2420 35 2420 1549 2420 35 2421 1550 2421 1549 2421 1549 2422 1550 2422 1551 2422 1549 2423 1551 2423 1552 2423 1552 2424 1551 2424 1553 2424 1553 2425 1554 2425 1552 2425 1552 2426 1554 2426 1555 2426 1552 2427 1555 2427 1556 2427 1556 2428 1555 2428 1528 2428 1528 2429 1555 2429 1557 2429 1528 2430 1557 2430 1547 2430 225 0 1558 0 201 0 201 0 1558 0 246 0 277 2431 219 2431 307 2431 307 2432 219 2432 215 2432 276 2433 2 2433 1559 2433 1560 2434 1561 2434 1562 2434 1562 2435 1561 2435 1559 2435 1562 2436 1559 2436 3 2436 3 2437 1559 2437 2 2437 277 2438 276 2438 219 2438 219 2439 276 2439 1559 2439 219 2440 1559 2440 220 2440 220 2440 1559 2440 1563 2440 220 2441 1563 2441 221 2441 221 2442 1563 2442 1564 2442 221 2443 1564 2443 200 2443 200 2444 1564 2444 274 2444 24 2445 22 2445 209 2445 1565 2446 1566 2446 1567 2446 1567 2447 1566 2447 1568 2447 1568 2448 1569 2448 1567 2448 1567 2449 1569 2449 1524 2449 1567 2450 1524 2450 1523 2450 186 2451 187 2451 208 2451 208 2452 187 2452 1570 2452 208 2453 1570 2453 209 2453 209 2454 1570 2454 1567 2454 209 2455 1567 2455 24 2455 24 2456 1567 2456 1523 2456 1561 2457 1560 2457 1571 2457 1571 200 1572 200 1561 200 1561 2458 1572 2458 1573 2458 1561 200 1573 200 1574 200 1574 200 1573 200 1575 200 1574 2459 1575 2459 1576 2459 1577 200 1566 200 1565 200 1577 2460 1565 2460 1578 2460 1578 200 1565 200 1579 200 1579 200 1565 200 1580 200 1579 200 1580 200 1581 200 29 2461 30 2461 1582 2461 29 2462 1582 2462 1527 2462 222 2463 224 2463 1548 2463 1548 2464 1549 2464 222 2464 222 2465 1549 2465 1552 2465 222 2466 1552 2466 223 2466 223 2467 1552 2467 1556 2467 223 2468 1556 2468 1528 2468 30 2469 1583 2469 1582 2469 1582 2470 1583 2470 1584 2470 1582 2471 1584 2471 1585 2471 1585 2472 1584 2472 1586 2472 1585 2473 1586 2473 1587 2473 1581 2474 1580 2474 1588 2474 1588 2475 1580 2475 1585 2475 1588 2476 1585 2476 1589 2476 1589 2477 1585 2477 1587 2477 1528 2478 1527 2478 223 2478 223 2479 1527 2479 1582 2479 223 2480 1582 2480 225 2480 225 2481 1582 2481 1558 2481 6 2482 7 2482 218 2482 1590 2483 281 2483 1591 2483 1591 2484 281 2484 280 2484 284 2485 217 2485 285 2485 285 2486 217 2486 218 2486 285 2487 218 2487 290 2487 290 2488 218 2488 7 2488 1592 2489 1574 2489 1576 2489 1576 2490 1593 2490 1592 2490 1592 2491 1593 2491 1594 2491 1592 2492 1594 2492 1591 2492 1591 2493 1594 2493 1595 2493 1591 2494 1595 2494 1590 2494 293 2495 216 2495 291 2495 291 2496 216 2496 217 2496 291 2497 217 2497 296 2497 296 2498 217 2498 284 2498 212 2499 244 2499 218 2499 218 2499 244 2499 1591 2499 218 2500 1591 2500 6 2500 6 2501 1591 2501 280 2501 477 2502 1596 2502 474 2502 474 2503 1596 2503 1449 2503 1597 1648 500 1648 275 1648 1598 2504 1599 2504 1597 2504 1592 2505 1591 2505 244 2505 1600 2506 1601 2506 1598 2506 1598 1648 1597 1648 1600 1648 1600 1648 1597 1648 275 1648 1600 1648 275 1648 1602 1648 1602 1648 275 1648 1561 1648 1602 1648 1561 1648 1574 1648 1603 2507 185 2507 1604 2507 1604 2508 185 2508 520 2508 1605 1648 244 1648 1606 1648 1606 1648 244 1648 246 1648 1606 1648 246 1648 1603 1648 1603 2509 246 2509 187 2509 1603 1648 187 1648 185 1648 1607 2510 1608 2510 244 2510 1563 1648 1559 1648 1564 1648 1564 2511 1559 2511 1561 2511 1564 1648 1561 1648 274 1648 274 1648 1561 1648 275 1648 1574 1648 1592 1648 1602 1648 1602 2512 1592 2512 244 2512 1602 2513 244 2513 1609 2513 1609 2514 244 2514 1608 2514 1582 1648 1585 1648 1558 1648 1558 1648 1585 1648 1580 1648 1567 1648 1570 1648 1565 1648 1565 2515 1570 2515 187 2515 1565 1648 187 1648 1580 1648 1580 1648 187 1648 246 1648 1580 1648 246 1648 1558 1648 1610 1648 1611 1648 1612 1648 1612 1648 1611 1648 1604 1648 1612 1648 1604 1648 1613 1648 1613 1648 1604 1648 520 1648 1605 1648 1614 1648 244 1648 244 2516 1614 2516 1615 2516 244 2517 1615 2517 1616 2517 1617 2518 1607 2518 1618 2518 1618 2519 1607 2519 244 2519 1618 2520 244 2520 1619 2520 1619 1648 244 1648 1616 1648 1620 2521 1613 2521 1621 2521 1621 2522 1613 2522 520 2522 1621 2523 520 2523 522 2523 1622 2524 1623 2524 1611 2524 1627 2526 1604 2526 1626 2526 1626 2527 1604 2527 1611 2527 1626 2528 1611 2528 1624 2528 1624 2529 1611 2529 1623 2529 1622 2530 1611 2530 1628 2530 1628 2531 1611 2531 1610 2531 1628 2532 1610 2532 1629 2532 1612 2533 1630 2533 1610 2533 1610 2534 1630 2534 1631 2534 1610 2535 1631 2535 1629 2535 1613 2536 1620 2536 1632 2536 1613 2537 1632 2537 1612 2537 1632 2538 1633 2538 1612 2538 1612 2539 1633 2539 1634 2539 1612 2540 1634 2540 1635 2540 1635 2541 1636 2541 1612 2541 1612 2542 1636 2542 1637 2542 1612 2543 1637 2543 1630 2543 500 2544 1597 2544 507 2544 507 2545 1597 2545 1638 2545 507 2546 1638 2546 1639 2546 1640 2547 1618 2547 1641 2547 1641 2548 1618 2548 1619 2548 1641 2549 1619 2549 1642 2549 1642 2550 1619 2550 1643 2550 1643 2551 1619 2551 1616 2551 1643 2552 1616 2552 1644 2552 1645 2553 1646 2553 1602 2553 1602 2554 1646 2554 1600 2554 1600 2555 1646 2555 1647 2555 1600 2556 1647 2556 1648 2556 1645 2557 1602 2557 1649 2557 1649 2558 1602 2558 1609 2558 1649 2559 1609 2559 1650 2559 1651 2560 1652 2560 1608 2560 1608 2561 1652 2561 1653 2561 1608 2562 1653 2562 1609 2562 1609 2563 1653 2563 1654 2563 1609 2564 1654 2564 1650 2564 1651 2565 1608 2565 1655 2565 1655 2566 1608 2566 1607 2566 1655 2567 1607 2567 1656 2567 1657 2568 1614 2568 1658 2568 1658 2569 1614 2569 1605 2569 1658 2570 1605 2570 1659 2570 1659 2571 1605 2571 1660 2571 1661 2572 1662 2572 1606 2572 1606 2573 1662 2573 1663 2573 1606 2574 1663 2574 1605 2574 1605 2575 1663 2575 1664 2575 1605 2576 1664 2576 1660 2576 1603 2577 1665 2577 1666 2577 1603 2578 1666 2578 1606 2578 1606 2579 1666 2579 1667 2579 1606 2580 1667 2580 1661 2580 1627 2581 1668 2581 1604 2581 1604 2582 1668 2582 1669 2582 1604 2583 1669 2583 1603 2583 1603 2584 1669 2584 1670 2584 1603 2585 1670 2585 1665 2585 1671 2586 1672 2586 1601 2586 1673 2587 1638 2587 1597 2587 1673 2588 1597 2588 1674 2588 1674 2589 1597 2589 1599 2589 1674 2590 1599 2590 1675 2590 1675 2591 1599 2591 1676 2591 1676 2592 1599 2592 1598 2592 1676 2593 1598 2593 1677 2593 1672 2594 1678 2594 1601 2594 1601 2595 1678 2595 1679 2595 1601 2596 1679 2596 1598 2596 1598 2597 1679 2597 1680 2597 1598 2598 1680 2598 1677 2598 1671 2599 1601 2599 1681 2599 1681 2600 1601 2600 1600 2600 1681 2601 1600 2601 1648 2601 1682 2602 1644 2602 1616 2602 1682 2603 1616 2603 1683 2603 1683 2604 1616 2604 1615 2604 1683 2605 1615 2605 1684 2605 1684 2606 1615 2606 1685 2606 1685 2607 1615 2607 1614 2607 1685 2608 1614 2608 1657 2608 1686 2609 1656 2609 1607 2609 1686 2610 1607 2610 1687 2610 1687 2611 1607 2611 1617 2611 1687 2612 1617 2612 1688 2612 1688 2613 1617 2613 1689 2613 1689 2614 1617 2614 1618 2614 1689 2615 1618 2615 1640 2615 1738 2704 1739 2704 1740 2704 1739 2755 1738 2755 1764 2755 1781 2789 1782 2789 1783 2789 1783 200 1782 200 1784 200 1783 200 1784 200 1785 200 1785 200 1784 200 1786 200 1784 200 318 200 1786 200 1786 200 318 200 316 200 1786 2790 316 2790 1787 2790 1787 2791 316 2791 1788 2791 1789 2792 1790 2792 1791 2792 1791 200 1790 200 1787 200 1791 200 1787 200 1792 200 1792 200 1787 200 1788 200 328 23 312 23 1793 23 1794 23 328 23 1795 23 1795 23 328 23 1793 23 1795 23 1793 23 1796 23 1796 2793 1793 2793 1797 2793 1798 2794 1799 2794 1800 2794 1797 2795 1793 2795 1801 2795 1801 23 1793 23 1802 23 1801 2796 1802 2796 1803 2796 1794 23 1804 23 328 23 328 23 1804 23 1805 23 328 2797 1805 2797 1800 2797 1800 2798 1805 2798 1806 2798 1800 2799 1806 2799 1798 2799 1799 2800 1807 2800 1800 2800 1800 23 1807 23 1808 23 1800 23 1808 23 1809 23 1810 0 1811 0 1812 0 1812 0 1811 0 1813 0 1814 2801 1812 2801 1813 2801 1815 2802 1816 2802 1817 2802 1817 2803 1816 2803 1818 2803 1817 2804 1818 2804 1813 2804 1813 2805 1818 2805 1819 2805 1813 2806 1819 2806 1814 2806 1782 2807 1781 2807 1820 2807 1820 2808 1781 2808 1821 2808 1821 2809 1822 2809 1820 2809 1820 2810 1822 2810 1823 2810 1820 2811 1823 2811 1817 2811 1817 2812 1823 2812 1824 2812 1817 2813 1824 2813 1815 2813 1803 2814 1802 2814 1825 2814 1825 2815 1802 2815 1826 2815 1825 2816 1826 2816 1827 2816 1828 2817 1829 2817 1830 2817 1830 2818 1831 2818 1828 2818 1828 2819 1831 2819 1832 2819 1828 2820 1832 2820 1826 2820 1826 2821 1832 2821 1833 2821 1826 2822 1833 2822 1827 2822 1810 2823 1834 2823 1811 2823 1811 2824 1834 2824 1835 2824 1811 2825 1835 2825 1828 2825 1828 2826 1835 2826 1836 2826 1828 2827 1836 2827 1829 2827 327 0 1837 0 322 0 322 0 1837 0 1838 0 1802 2 1793 2 1839 2 1784 2 1782 2 1840 2 1840 2 1782 2 1820 2 1840 2828 1820 2828 1841 2828 1841 2 1820 2 1817 2 1841 2 1817 2 1837 2 1837 2829 1817 2829 1813 2829 1837 2 1813 2 1838 2 1838 2 1813 2 1811 2 1838 2 1811 2 1842 2 1842 2830 1811 2830 1828 2830 1842 2 1828 2 1839 2 1839 2831 1828 2831 1826 2831 1839 2 1826 2 1802 2 1837 2832 327 2832 1841 2832 1841 2833 327 2833 326 2833 1841 2834 326 2834 1840 2834 1840 2835 326 2835 324 2835 1840 2836 324 2836 1784 2836 1784 2837 324 2837 318 2837 322 2838 1838 2838 321 2838 321 2839 1838 2839 1842 2839 321 2840 1842 2840 320 2840 320 2841 1842 2841 1839 2841 320 2842 1839 2842 312 2842 312 2843 1839 2843 1793 2843 179 2 117 2 171 2 171 2 117 2 172 2 179 2 180 2 117 2 117 2844 180 2844 181 2844 117 2845 181 2845 148 2845 109 2 108 2 141 2 148 2846 142 2846 117 2846 117 2847 142 2847 141 2847 117 2 141 2 118 2 108 2 116 2 141 2 141 2848 116 2848 115 2848 141 2849 115 2849 118 2849 1843 2 1844 2 1845 2 1845 2 1844 2 105 2 1845 2850 105 2850 1846 2850 1843 2851 1847 2851 1844 2851 1844 2852 1847 2852 1848 2852 1844 2 1848 2 141 2 141 2853 1848 2853 1849 2853 104 2 112 2 141 2 141 2854 112 2854 111 2854 141 2855 111 2855 109 2855 1850 2 1851 2 104 2 104 2856 1851 2856 1852 2856 104 2 1852 2 105 2 105 2857 1852 2857 1853 2857 105 2852 1853 2852 1854 2852 1849 2858 1855 2858 141 2858 141 2859 1855 2859 1856 2859 141 2860 1856 2860 104 2860 104 2861 1856 2861 1857 2861 104 2862 1857 2862 1850 2862 1854 2851 1858 2851 105 2851 105 2863 1858 2863 1859 2863 105 2864 1859 2864 1846 2864 1846 2865 1859 2865 1860 2865 1846 2 1860 2 1861 2 1861 2866 1860 2866 1862 2866 1861 2867 1862 2867 1863 2867 1863 2868 1862 2868 1864 2868 1863 2869 1864 2869 1865 2869 1865 2870 1864 2870 1866 2870 1865 2 1866 2 1857 2 1857 2871 1866 2871 1867 2871 1857 2872 1867 2872 1850 2872 1844 2873 141 2873 143 2873 1844 2874 143 2874 1868 2874 143 2875 144 2875 1868 2875 1868 2876 144 2876 146 2876 1868 2877 146 2877 1869 2877 146 2878 159 2878 1869 2878 1869 2879 159 2879 158 2879 1869 2880 158 2880 1870 2880 150 2881 1210 2881 152 2881 152 2882 1210 2882 1871 2882 152 2883 1871 2883 154 2883 154 2884 1871 2884 1870 2884 154 2885 1870 2885 156 2885 156 2886 1870 2886 158 2886 1872 2039 1859 2039 1873 2039 1873 2038 1859 2038 1858 2038 1873 2036 1858 2036 1874 2036 1874 2037 1858 2037 1854 2037 1874 2887 1854 2887 1875 2887 1875 2888 1854 2888 1853 2888 1875 2889 1853 2889 1876 2889 1876 2890 1853 2890 1852 2890 1876 2891 1852 2891 1877 2891 1877 2892 1852 2892 1851 2892 1877 2029 1851 2029 1878 2029 1878 2028 1851 2028 1850 2028 1878 2051 1850 2051 1879 2051 1879 2050 1850 2050 1867 2050 1879 2893 1867 2893 1880 2893 1880 2894 1867 2894 1866 2894 1880 2895 1866 2895 1881 2895 1881 2896 1866 2896 1864 2896 1881 2897 1864 2897 1882 2897 1882 2898 1864 2898 1862 2898 1882 2042 1862 2042 1883 2042 1883 2043 1862 2043 1860 2043 1883 2041 1860 2041 1872 2041 1872 2040 1860 2040 1859 2040 1884 2059 1845 2059 1885 2059 1885 2058 1845 2058 1846 2058 1885 2036 1846 2036 1886 2036 1886 2037 1846 2037 1861 2037 1886 2899 1861 2899 1887 2899 1887 2900 1861 2900 1863 2900 1887 2901 1863 2901 1888 2901 1888 2902 1863 2902 1865 2902 1888 2891 1865 2891 1889 2891 1889 2892 1865 2892 1857 2892 1889 2053 1857 2053 1890 2053 1890 2052 1857 2052 1856 2052 1890 2067 1856 2067 1891 2067 1891 2066 1856 2066 1855 2066 1891 2893 1855 2893 1892 2893 1892 2894 1855 2894 1849 2894 1892 2903 1849 2903 1893 2903 1893 2904 1849 2904 1848 2904 1893 2905 1848 2905 1894 2905 1894 2906 1848 2906 1847 2906 1894 2042 1847 2042 1895 2042 1895 2043 1847 2043 1843 2043 1895 2061 1843 2061 1884 2061 1884 2060 1843 2060 1845 2060 1896 2907 484 2907 479 2907 1896 2908 1897 2908 1898 2908 1596 2909 477 2909 483 2909 484 2910 1896 2910 483 2910 483 2911 1896 2911 1898 2911 483 2912 1898 2912 1596 2912 1473 2913 1510 2913 1475 2913 1475 2914 1510 2914 1477 2914 1899 2915 1900 2915 1471 2915 1900 2916 1901 2916 1902 2916 1901 2917 1903 2917 1902 2917 1902 2918 1903 2918 1904 2918 1902 2919 1904 2919 1905 2919 1899 2920 1471 2920 1906 2920 1473 2921 1471 2921 1510 2921 1510 2922 1471 2922 1900 2922 1510 2923 1900 2923 1907 2923 1907 2924 1900 2924 1902 2924 1908 2925 1471 2925 1909 2925 1909 2926 1471 2926 1470 2926 1909 2927 1470 2927 1444 2927 1908 2928 1910 2928 1471 2928 1471 2929 1910 2929 1911 2929 1471 2930 1911 2930 1912 2930 1912 2931 1913 2931 1471 2931 1471 2932 1913 2932 1914 2932 1471 2933 1914 2933 1906 2933 1448 2934 1449 2934 1596 2934 1448 2935 1596 2935 1443 2935 1596 2936 1915 2936 1443 2936 1443 2937 1915 2937 1909 2937 1443 2938 1909 2938 1444 2938 1910 2939 1908 2939 1916 2939 1910 2940 1916 2940 1917 2940 1917 2941 1916 2941 1898 2941 1917 2942 1898 2942 1897 2942 1596 2943 1898 2943 1915 2943 1915 2944 1898 2944 1916 2944 1915 2945 1916 2945 1909 2945 1909 2946 1916 2946 1908 2946 331 2947 1076 2947 1918 2947 331 2948 1918 2948 329 2948 329 2949 1918 2949 1919 2949 329 2950 1919 2950 314 2950 314 2951 1919 2951 1788 2951 314 2951 1788 2951 316 2951 328 2952 1800 2952 1920 2952 328 2953 1920 2953 334 2953 334 2954 1920 2954 1921 2954 334 2955 1921 2955 309 2955 309 2956 1921 2956 521 2956 309 2957 521 2957 310 2957 1235 2958 1844 2958 1868 2958 1235 2959 1868 2959 1240 2959 1240 2960 1868 2960 1869 2960 1240 2961 1869 2961 1241 2961 1241 2962 1869 2962 1870 2962 1241 2963 1870 2963 1242 2963 1242 2964 1870 2964 1871 2964 1242 2965 1871 2965 1243 2965 1243 2966 1871 2966 1210 2966 1243 2967 1210 2967 1236 2967 1234 2968 105 2968 1235 2968 1235 2969 105 2969 1844 2969 1222 2970 91 2970 94 2970 1222 2971 94 2971 1233 2971 1233 2972 94 2972 97 2972 1233 2973 97 2973 1237 2973 1237 2974 97 2974 100 2974 1237 2975 100 2975 1238 2975 1238 2976 100 2976 103 2976 1238 2977 103 2977 1239 2977 1239 2978 103 2978 105 2978 1239 2979 105 2979 1234 2979 1524 2982 1923 2982 1526 2982 30 2983 28 2983 1924 2983 1924 2984 1925 2984 30 2984 30 2986 1926 2986 1583 2986 1583 2987 1926 2987 1584 2987 1927 2988 1590 2988 1595 2988 1928 2989 283 2989 281 2989 1590 2990 1927 2990 281 2990 281 2991 1927 2991 1929 2991 281 2992 1929 2992 1928 2992 1 2993 1930 2993 3 2993 307 2996 215 2996 303 2996 303 2997 215 2997 300 2997 216 2998 293 2998 14 2998 14 200 16 200 216 200 216 200 16 200 11 200 216 200 11 200 215 200 215 200 11 200 9 200 215 200 9 200 300 200 269 2999 226 2999 265 2999 265 3000 226 3000 182 3000 265 3001 182 3001 183 3001 33 200 1548 200 224 200 269 200 267 200 226 200 226 3002 267 3002 38 3002 38 200 40 200 226 200 226 200 40 200 31 200 226 200 31 200 224 200 224 200 31 200 33 200 1894 3003 1895 3003 1932 3003 1932 2 1895 2 1884 2 1932 2 1884 2 1885 2 1891 2 1892 2 1932 2 1932 3004 1892 3004 1893 3004 1932 3005 1893 3005 1894 3005 1888 3006 1889 3006 1932 3006 1932 2 1889 2 1890 2 1932 2 1890 2 1891 2 1885 2 1886 2 1932 2 1932 3005 1886 3005 1887 3005 1932 3007 1887 3007 1888 3007 1882 3008 1883 3008 1933 3008 1933 2 1883 2 1872 2 1933 2 1872 2 1873 2 1879 2 1880 2 1933 2 1933 3007 1880 3007 1881 3007 1933 3005 1881 3005 1882 3005 1876 3009 1877 3009 1933 3009 1933 2 1877 2 1878 2 1933 2 1878 2 1879 2 1873 2 1874 2 1933 2 1933 3005 1874 3005 1875 3005 1933 3004 1875 3004 1876 3004 1934 3010 1935 3010 1936 3010 1936 1648 1935 1648 1937 1648 2042 200 2043 200 2044 200 2044 200 2043 200 2045 200 2044 3115 2045 3115 2046 3115 2047 3116 2048 3116 2049 3116 2049 1648 2048 1648 2050 1648 2515 3871 2514 3871 2516 3871 2555 3961 2556 3961 2557 3961 2545 3963 2559 3963 2560 3963 2545 3964 2560 3964 2546 3964 543 4334 2733 4334 2717 4334 2717 4335 2733 4335 2727 4335 543 4339 2734 4339 2733 4339 2733 4340 2734 4340 2730 4340 543 4403 542 4403 2734 4403 505 4424 2763 4424 1770 4424 2950 4900 2951 4900 2946 4900 2958 4920 1633 4920 1632 4920 2151 4960 1621 4960 522 4960 2969 4965 2970 4965 2971 4965 2972 4966 2973 4966 2974 4966 2044 4967 2975 4967 2042 4967 2042 4968 2975 4968 2976 4968 2042 4969 2976 4969 2977 4969 2977 4970 2976 4970 1078 4970 2977 4971 1078 4971 1080 4971 2978 4972 2979 4972 2980 4972 2980 4973 2979 4973 2975 4973 2980 4974 2975 4974 2046 4974 2046 4975 2975 4975 2044 4975 2978 4976 2969 4976 2979 4976 2979 4977 2969 4977 2971 4977 2979 4978 2971 4978 2975 4978 2975 4979 2971 4979 2981 4979 2975 4980 2981 4980 2976 4980 2976 4981 2981 4981 2982 4981 2976 4982 2982 4982 1078 4982 1078 4983 2982 4983 1077 4983 1076 4984 1077 4984 2983 4984 2983 4985 1077 4985 2982 4985 2983 4986 2982 4986 2984 4986 2984 4987 2982 4987 2981 4987 2984 4988 2981 4988 2985 4988 2985 4989 2981 4989 2971 4989 2985 4990 2971 4990 2973 4990 2973 4991 2971 4991 2970 4991 2973 4992 2970 4992 2974 4992 2986 4993 2904 4993 1627 4993 2986 4994 1627 4994 1626 4994 2987 4996 2904 4996 2986 4996 1625 4998 2986 4998 1626 4998 2162 5043 2161 5043 3002 5043 3002 5067 3001 5067 2162 5067 3115 5388 3116 5388 3117 5388 3116 5389 3118 5389 3119 5389 3118 5390 1790 5390 1789 5390 3118 5391 1789 5391 3119 5391 3119 5392 1789 5392 1791 5392 3119 5393 1791 5393 3120 5393 3120 5394 1791 5394 1792 5394 3120 5395 1792 5395 3121 5395 3121 5396 1792 5396 1788 5396 3121 5397 1788 5397 1919 5397 3116 5398 3119 5398 3117 5398 3117 5399 3119 5399 3120 5399 3117 5400 3120 5400 3122 5400 3122 5401 3120 5401 3121 5401 3122 5402 3121 5402 3123 5402 3123 5403 3121 5403 1919 5403 3123 5404 1919 5404 1918 5404 2972 5405 3115 5405 2973 5405 2973 5406 3115 5406 3117 5406 2973 5407 3117 5407 2985 5407 2985 5408 3117 5408 3122 5408 2985 5409 3122 5409 2984 5409 2984 5410 3122 5410 3123 5410 2984 5411 3123 5411 2983 5411 2983 5412 3123 5412 1918 5412 2983 5413 1918 5413 1076 5413 2560 1648 2559 1648 3124 1648 3125 1648 3126 1648 3127 1648 3127 5414 3126 5414 3128 5414 3127 1648 3128 1648 3129 1648 3130 1648 3131 1648 3132 1648 3133 1648 3134 1648 3128 1648 3128 5415 3134 5415 3135 5415 3128 5416 3135 5416 3129 5416 3130 1648 3132 1648 3136 1648 3136 1648 3132 1648 3137 1648 3136 1648 3137 1648 3138 1648 3138 5417 3137 5417 3139 5417 3138 1648 3139 1648 3140 1648 3140 5418 3139 5418 3141 5418 3140 1648 3141 1648 3133 1648 3133 5419 3141 5419 3142 5419 3133 5420 3142 5420 3134 5420 3143 1648 2104 1648 3144 1648 3144 5421 2104 5421 2554 5421 3144 1648 2554 1648 3145 1648 3145 5422 2554 5422 2552 5422 3145 1648 2552 1648 3146 1648 2552 1648 2550 1648 3146 1648 3146 5423 2550 5423 2548 5423 3146 1648 2548 1648 3147 1648 3147 5424 2548 5424 2546 5424 3147 1648 2546 1648 3148 1648 3131 1648 3130 1648 3149 1648 3149 1648 3130 1648 3150 1648 3149 1648 3150 1648 3151 1648 3151 1648 3150 1648 3152 1648 3151 1648 3152 1648 3153 1648 3153 5425 3152 5425 3154 5425 3153 5426 3154 5426 3155 5426 3155 5427 3154 5427 2102 5427 3155 5428 2102 5428 3143 5428 3143 1648 2102 1648 2103 1648 3143 1648 2103 1648 2104 1648 2560 1648 3124 1648 2546 1648 2546 5429 3124 5429 3156 5429 2546 5430 3156 5430 3148 5430 2977 5472 1080 5472 3168 5472 3168 5473 1080 5473 1513 5473 3168 5474 1513 5474 3169 5474 3169 5475 1513 5475 1512 5475 3169 5476 1512 5476 3170 5476 3170 5477 1512 5477 1511 5477 3170 5478 1511 5478 1907 5478 1907 5479 1511 5479 1510 5479 2042 5480 2977 5480 3171 5480 3171 5481 2977 5481 3168 5481 3171 5482 3168 5482 3172 5482 3172 5483 3168 5483 3169 5483 3172 5484 3169 5484 3173 5484 3173 5485 3169 5485 3170 5485 3173 5486 3170 5486 1902 5486 1902 5487 3170 5487 1907 5487 1902 5502 1905 5502 3185 5502 2043 5503 2042 5503 3186 5503 3186 5504 2042 5504 3171 5504 3186 5505 3171 5505 3187 5505 1902 5506 3185 5506 3173 5506 3173 5507 3185 5507 3188 5507 3173 5508 3188 5508 3172 5508 3188 5509 3189 5509 3172 5509 3172 5510 3189 5510 3190 5510 3172 5511 3190 5511 3171 5511 3171 5512 3190 5512 3191 5512 3171 5513 3191 5513 3187 5513 3210 5571 3202 5571 2022 5571 42 5676 3241 5676 44 5676 44 5677 3241 5677 3242 5677 44 5678 3242 5678 3240 5678 3240 5679 3242 5679 3243 5679 3244 5681 3245 5681 3246 5681 3246 2 3245 2 3247 2 3246 2 3247 2 3248 2 3244 2 3246 2 3249 2 3249 5682 3246 5682 3250 5682 3249 2 3250 2 3251 2 3251 2 3250 2 3252 2 3251 5683 3252 5683 3253 5683 3253 5684 3252 5684 3254 5684 3253 2 3254 2 3255 2 3256 2 3257 2 3258 2 3255 2 3259 2 3253 2 3253 5685 3259 5685 3260 5685 3253 2 3260 2 3261 2 3261 5686 3262 5686 3253 5686 3253 5687 3262 5687 3263 5687 3253 5688 3263 5688 3264 5688 3264 5689 3263 5689 3265 5689 3264 5690 3265 5690 3266 5690 3266 5691 3265 5691 3267 5691 3266 5692 3267 5692 3268 5692 3258 2 3269 2 3256 2 3256 5693 3269 5693 3266 5693 3256 2 3266 2 3270 2 3270 5694 3266 5694 3268 5694 3270 5695 3268 5695 3271 5695 3272 2 3273 2 3274 2 3274 5696 3273 5696 3246 5696 3274 5697 3246 5697 3275 5697 3275 2 3246 2 3248 2 3276 1 3277 1 3278 1 3278 1 3277 1 3279 1 3280 5698 3279 5698 3277 5698 3283 5701 3284 5701 3277 5701 3281 5704 3283 5704 3262 5704 3286 5705 3262 5705 3287 5705 3287 5706 3262 5706 3261 5706 3286 5707 3288 5707 3262 5707 3262 5708 3288 5708 3289 5708 3262 5709 3289 5709 3281 5709 3239 5711 3290 5711 3254 5711 3254 5712 3290 5712 3291 5712 3254 5713 3291 5713 3255 5713 3291 5714 3292 5714 3255 5714 3255 5715 3292 5715 3293 5715 3255 5716 3293 5716 3259 5716 3259 5717 3293 5717 3294 5717 3259 23 3294 23 3260 23 3260 23 3294 23 3295 23 3260 5718 3295 5718 3261 5718 3261 5719 3295 5719 3296 5719 3261 5720 3296 5720 3287 5720 1937 5721 3297 5721 1936 5721 1936 5722 3297 5722 3298 5722 1936 5723 3298 5723 43 5723 43 5724 44 5724 3252 5724 3252 5725 44 5725 3240 5725 3252 5726 3240 5726 3254 5726 43 5727 3252 5727 1936 5727 1936 5728 3252 5728 3250 5728 1936 5728 3250 5728 1934 5728 3262 5729 3283 5729 3263 5729 3263 5730 3283 5730 3277 5730 3263 5731 3277 5731 3276 5731 3276 5732 3299 5732 2049 5732 2049 5733 3299 5733 3300 5733 2049 5734 3300 5734 2047 5734 3276 5735 2049 5735 3263 5735 3263 5736 2049 5736 2050 5736 3263 5736 2050 5736 3265 5736 2048 23 3125 23 2050 23 2050 23 3125 23 3127 23 2050 5737 3127 5737 3265 5737 3265 23 3127 23 3267 23 3267 5738 3127 5738 3268 5738 3268 5739 3127 5739 3129 5739 3268 5740 3129 5740 3271 5740 3271 5741 3129 5741 3135 5741 3271 5742 3135 5742 3270 5742 3270 5742 3135 5742 3134 5742 3270 5743 3134 5743 3256 5743 3256 5743 3134 5743 3142 5743 3256 5744 3142 5744 3257 5744 3257 5745 3142 5745 3141 5745 3257 5746 3141 5746 3258 5746 3258 5747 3141 5747 3139 5747 3258 5748 3139 5748 3269 5748 3269 5748 3139 5748 3137 5748 3269 5749 3137 5749 3266 5749 3266 5750 3137 5750 3132 5750 3266 5751 3132 5751 3264 5751 3264 5752 3132 5752 3131 5752 3264 5753 3131 5753 3253 5753 3253 5754 3131 5754 3149 5754 3253 200 3149 200 3251 200 3251 200 3149 200 3151 200 3251 5755 3151 5755 3249 5755 3249 5756 3151 5756 3153 5756 3249 5757 3153 5757 3244 5757 3244 5758 3153 5758 3155 5758 3244 5759 3155 5759 3245 5759 3245 5760 3155 5760 3143 5760 3245 5761 3143 5761 3247 5761 3247 5761 3143 5761 3144 5761 3247 5762 3144 5762 3248 5762 3248 5763 3144 5763 3145 5763 3248 5764 3145 5764 3275 5764 3275 5765 3145 5765 3146 5765 3275 5766 3146 5766 3274 5766 3274 5766 3146 5766 3147 5766 3274 5767 3147 5767 3272 5767 3272 5767 3147 5767 3148 5767 3272 5768 3148 5768 3273 5768 3273 5769 3148 5769 3156 5769 3273 5770 3156 5770 3246 5770 3246 5771 3156 5771 3124 5771 3250 23 3246 23 1934 23 1934 5772 3246 5772 3124 5772 2559 23 2557 23 3124 23 3124 5773 2557 5773 2556 5773 3124 5774 2556 5774 1934 5774 1934 23 2556 23 1935 23 2527 5775 2526 5775 3301 5775 2605 5777 3126 5777 2589 5777 2589 5778 3126 5778 3125 5778 2589 5779 3125 5779 2591 5779 2591 5780 3125 5780 2048 5780 2591 5781 2048 5781 2047 5781 3300 5782 3302 5782 2047 5782 2047 5783 3302 5783 3303 5783 2047 5784 3303 5784 3304 5784 3305 5785 2591 5785 3306 5785 3306 5786 2591 5786 2047 5786 3306 5787 2047 5787 3307 5787 3307 5788 2047 5788 3304 5788 2605 5789 2604 5789 3126 5789 3126 5790 2604 5790 2602 5790 3126 5791 2602 5791 3128 5791 3128 5792 2602 5792 2600 5792 2600 5793 2620 5793 3128 5793 3128 5794 2620 5794 2619 5794 3128 5795 2619 5795 3133 5795 3133 5796 2619 5796 2617 5796 2617 5797 2615 5797 3133 5797 3133 5798 2615 5798 2623 5798 3133 5799 2623 5799 2622 5799 2622 5800 2621 5800 3133 5800 3133 5801 2621 5801 2626 5801 3133 5802 2626 5802 3140 5802 3140 5803 2626 5803 2630 5803 3140 5804 2630 5804 2629 5804 2629 5805 2628 5805 3140 5805 3140 5806 2628 5806 2633 5806 3140 5807 2633 5807 3138 5807 3138 5808 2633 5808 2637 5808 3138 5809 2637 5809 2636 5809 2651 5810 3136 5810 2649 5810 2649 5811 3136 5811 3138 5811 2649 5812 3138 5812 2635 5812 2635 5813 3138 5813 2636 5813 2657 5814 3130 5814 2655 5814 2655 5815 3130 5815 3136 5815 2655 5816 3136 5816 2653 5816 2653 5817 3136 5817 2651 5817 2657 5818 2659 5818 3130 5818 3130 5819 2659 5819 2661 5819 3130 5820 2661 5820 3150 5820 2661 5821 2663 5821 3150 5821 3150 5822 2663 5822 2665 5822 3150 5823 2665 5823 3152 5823 3152 5824 2665 5824 2667 5824 3152 5825 2667 5825 2707 5825 2707 5829 2121 5829 2119 5829 2707 5830 2119 5830 3152 5830 2119 5831 2117 5831 3152 5831 3152 5832 2117 5832 2115 5832 3152 5833 2115 5833 3154 5833 3154 5834 2115 5834 2113 5834 3154 5835 2113 5835 2111 5835 2111 5836 2109 5836 3154 5836 3154 5837 2109 5837 2108 5837 3154 5838 2108 5838 2102 5838 2510 5839 2508 5839 3305 5839 3305 5840 2508 5840 2591 5840 3301 5843 2526 5843 3308 5843 3308 5844 2526 5844 2524 5844 3308 5845 2524 5845 2522 5845 2522 5846 2521 5846 3308 5846 3308 5847 2521 5847 2516 5847 3308 5848 2516 5848 3309 5848 3309 5849 2516 5849 2514 5849 3309 5850 2514 5850 3305 5850 3305 5851 2514 5851 2512 5851 3305 5852 2512 5852 2510 5852 2527 5853 3301 5853 2562 5853 2562 5854 3301 5854 3310 5854 2562 5855 3310 5855 2563 5855 3311 5856 3312 5856 1937 5856 1937 5857 3312 5857 3313 5857 3313 5858 3314 5858 1937 5858 1937 5859 3314 5859 3315 5859 1937 5860 3315 5860 3316 5860 3316 5861 3317 5861 1937 5861 1937 5862 3317 5862 3318 5862 1937 5863 3318 5863 3297 5863 3310 5864 3311 5864 2563 5864 2563 5865 3311 5865 1937 5865 2563 5866 1937 5866 2555 5866 2555 5867 1937 5867 1935 5867 2555 5868 1935 5868 2556 5868 1438 1648 1440 1648 1439 1648 3714 6257 3715 6257 1493 6257 1493 6258 3715 6258 1494 6258 3716 6259 3717 6259 3718 6259 3716 6260 3718 6260 3719 6260 3720 6261 3721 6261 3722 6261 3722 6262 3721 6262 3723 6262 3722 6263 3723 6263 3718 6263 3718 6264 3723 6264 3724 6264 3718 6265 3724 6265 3719 6265 3720 6266 3722 6266 3725 6266 3725 6267 3722 6267 1507 6267 3725 6268 1507 6268 1506 6268 1505 6269 3726 6269 1506 6269 1506 6270 3726 6270 3727 6270 1506 6271 3727 6271 3725 6271 3714 6272 1493 6272 3728 6272 3728 6273 1493 6273 1508 6273 3728 6274 1508 6274 3729 6274 3730 6275 3731 6275 3732 6275 3732 6276 3733 6276 3730 6276 3730 6277 3733 6277 3734 6277 3730 6278 3734 6278 3729 6278 3729 6279 3734 6279 3735 6279 3729 6280 3735 6280 3728 6280 1508 6281 1507 6281 3729 6281 3729 6282 1507 6282 3722 6282 3729 6283 3722 6283 3730 6283 3730 6284 3722 6284 3718 6284 3730 6285 3718 6285 3731 6285 3731 6286 3718 6286 3717 6286 3757 6317 3758 6317 3759 6317 1505 6318 1504 6318 3760 6318 3761 6319 3762 6319 3763 6319 3761 6320 3763 6320 3764 6320 3765 6321 3766 6321 3767 6321 3767 6322 3766 6322 3768 6322 3767 6323 3768 6323 3763 6323 3763 6324 3768 6324 3769 6324 3763 6325 3769 6325 3764 6325 3765 6326 3767 6326 3770 6326 3770 6327 3767 6327 1502 6327 3770 6328 1502 6328 1483 6328 1492 6329 3771 6329 1483 6329 1483 6330 3771 6330 3772 6330 1483 6331 3772 6331 3770 6331 3760 6332 1504 6332 3758 6332 3758 6333 1504 6333 1503 6333 3758 6334 1503 6334 3759 6334 3773 6335 3774 6335 3775 6335 3775 6336 3776 6336 3773 6336 3773 6337 3776 6337 3777 6337 3773 6338 3777 6338 3759 6338 3759 6339 3777 6339 3778 6339 3759 6340 3778 6340 3757 6340 1503 6341 1502 6341 3759 6341 3759 6342 1502 6342 3767 6342 3759 6343 3767 6343 3773 6343 3773 6344 3767 6344 3763 6344 3773 6345 3763 6345 3774 6345 3774 6346 3763 6346 3762 6346 3801 6377 3802 6377 3803 6377 1492 6378 1491 6378 3804 6378 3805 6379 1501 6379 1500 6379 3806 6380 3807 6380 3808 6380 3808 6381 3807 6381 3809 6381 3808 6382 3809 6382 3810 6382 3811 6383 3812 6383 3808 6383 3808 6384 3812 6384 3813 6384 3808 6385 3813 6385 3806 6385 1501 6386 3805 6386 1482 6386 1482 6387 3805 6387 3814 6387 1482 6388 3814 6388 3811 6388 3811 6389 3814 6389 3815 6389 3811 6390 3815 6390 3812 6390 3804 6391 1491 6391 3802 6391 3802 6392 1491 6392 1490 6392 3802 6393 1490 6393 3803 6393 3816 6394 3817 6394 3818 6394 3818 6395 3819 6395 3816 6395 3816 6396 3819 6396 3820 6396 3816 6397 3820 6397 3803 6397 3803 6398 3820 6398 3821 6398 3803 6399 3821 6399 3801 6399 1490 6400 1482 6400 3803 6400 3803 6401 1482 6401 3811 6401 3803 6402 3811 6402 3816 6402 3816 6403 3811 6403 3808 6403 3816 6404 3808 6404 3817 6404 3817 6405 3808 6405 3810 6405 3824 6422 3842 6422 3843 6422 3844 6437 3845 6437 1499 6437 1499 6438 3845 6438 1500 6438 3846 6439 3847 6439 3848 6439 3846 6440 3848 6440 3849 6440 3850 6441 3851 6441 3852 6441 3852 6442 3851 6442 3853 6442 3852 6443 3853 6443 3848 6443 3848 6444 3853 6444 3854 6444 3848 6445 3854 6445 3849 6445 3850 6446 3852 6446 3855 6446 3855 6447 3852 6447 1489 6447 3855 6448 1489 6448 1488 6448 1487 6449 3856 6449 1488 6449 1488 6450 3856 6450 3857 6450 1488 6451 3857 6451 3855 6451 3844 6452 1499 6452 3858 6452 3858 6453 1499 6453 1498 6453 3858 6454 1498 6454 3859 6454 3860 6455 3861 6455 3862 6455 3862 6456 3863 6456 3860 6456 3860 6457 3863 6457 3864 6457 3860 6458 3864 6458 3859 6458 3859 6459 3864 6459 3865 6459 3859 6460 3865 6460 3858 6460 1498 6461 1489 6461 3859 6461 3859 6462 1489 6462 3852 6462 3859 6463 3852 6463 3860 6463 3860 6464 3852 6464 3848 6464 3860 6465 3848 6465 3861 6465 3861 6466 3848 6466 3847 6466 3907 6525 3908 6525 3909 6525 3910 6526 3911 6526 3912 6526 1487 6527 1486 6527 3913 6527 3913 6528 1486 6528 3911 6528 3911 6529 1486 6529 1485 6529 3911 6530 1485 6530 3912 6530 3914 6531 3915 6531 3916 6531 3916 6532 3917 6532 3914 6532 3914 6533 3917 6533 3918 6533 3914 6534 3918 6534 3912 6534 3912 6535 3918 6535 3919 6535 3912 6536 3919 6536 3910 6536 3907 6537 3909 6537 3920 6537 3921 6538 3922 6538 3923 6538 3923 6539 3922 6539 3924 6539 3923 6540 3924 6540 3909 6540 3909 6541 3924 6541 3925 6541 3909 6542 3925 6542 3920 6542 3921 6543 3923 6543 3926 6543 3926 6544 3923 6544 1484 6544 3926 6545 1484 6545 1479 6545 1481 6546 3927 6546 1479 6546 1479 6547 3927 6547 3928 6547 1479 6548 3928 6548 3926 6548 1485 6549 1484 6549 3912 6549 3912 6550 1484 6550 3923 6550 3912 6551 3923 6551 3914 6551 3914 6552 3923 6552 3909 6552 3914 6553 3909 6553 3915 6553 3915 6554 3909 6554 3908 6554 3953 6586 3954 6586 3955 6586 1481 6587 1480 6587 3956 6587 3957 6588 1495 6588 1494 6588 3958 6589 3959 6589 3960 6589 3960 6590 3959 6590 3961 6590 3960 6591 3961 6591 3930 6591 3962 6592 3963 6592 3960 6592 3960 6593 3963 6593 3964 6593 3960 6594 3964 6594 3958 6594 1495 6595 3957 6595 1496 6595 1496 6596 3957 6596 3965 6596 1496 6597 3965 6597 3962 6597 3962 6598 3965 6598 3966 6598 3962 6599 3966 6599 3963 6599 3956 6600 1480 6600 3954 6600 3954 6601 1480 6601 1497 6601 3954 6602 1497 6602 3955 6602 3967 6603 3929 6603 3968 6603 3968 6604 3969 6604 3967 6604 3967 6605 3969 6605 3970 6605 3967 6606 3970 6606 3955 6606 3955 6607 3970 6607 3971 6607 3955 6608 3971 6608 3953 6608 1497 6609 1496 6609 3955 6609 3955 6610 1496 6610 3962 6610 3955 6611 3962 6611 3967 6611 3967 6612 3962 6612 3960 6612 3967 6613 3960 6613 3929 6613 3929 6614 3960 6614 3930 6614 3916 6629 3915 6629 3917 6629 3917 6630 3915 6630 3918 6630 3891 6642 3904 6642 3889 6642 3870 6643 3872 6643 3868 6643 3846 6645 3849 6645 3847 6645 3863 2 3862 2 3864 2 3864 2 3862 2 3861 2 3818 6683 3817 6683 3819 6683 3819 6684 3817 6684 3820 6684 3764 6704 3762 6704 3761 6704 3775 6718 3774 6718 3776 6718 3776 6719 3774 6719 3777 6719 3719 6740 3717 6740 3716 6740 3968 6773 3929 6773 3969 6773 3969 6774 3929 6774 3970 6774 3920 6795 3908 6795 3907 6795 61 6796 3974 6796 3975 6796 4114 6900 88 6900 89 6900 89 6901 4115 6901 4114 6901 4123 6911 1533 6911 81 6911 4130 6918 4131 6918 81 6918 52 6942 4150 6942 1534 6942 74 6965 79 6965 4167 6965 88 7000 4114 7000 87 7000 87 7001 4114 7001 4181 7001 81 7070 83 7070 4130 7070 75 7108 4217 7108 76 7108 76 7110 4218 7110 77 7110 74 7130 4173 7130 75 7130 75 7131 4173 7131 4221 7131 75 7132 4221 7132 4217 7132 51 7197 50 7197 4246 7197 52 7202 51 7202 4143 7202 4143 7203 51 7203 4246 7203 4143 7204 4246 7204 4249 7204 1534 7271 4150 7271 332 7271 80 7379 4167 7379 79 7379 1533 7394 4123 7394 333 7394 90 7501 4115 7501 89 7501 3279 7685 4527 7685 3278 7685 42 7708 41 7708 4544 7708 42 7714 4549 7714 4550 7714 4348 7742 4491 7742 4372 7742 4344 7811 4362 7811 4509 7811 3241 7849 4594 7849 3242 7849 3242 7850 4594 7850 4595 7850 3242 7851 4595 7851 3243 7851 3243 7853 4596 7853 3238 7853 42 7868 4550 7868 3241 7868 3241 7869 4550 7869 4597 7869 3241 7870 4597 7870 4594 7870 3238 7883 4596 7883 3239 7883 3285 7936 4623 7936 3280 7936 3279 7947 3280 7947 4524 7947 4524 7948 3280 7948 4623 7948 4524 7949 4623 7949 4628 7949 3276 8006 3278 8006 4527 8006 4544 8107 41 8107 43 8107 4837 8333 28 8333 27 8333 27 8334 4838 8334 4837 8334 1526 8355 4857 8355 1525 8355 1530 8375 4873 8375 1529 8375 25 8398 26 8398 4890 8398 1924 8410 4900 8410 1925 8410 1925 8412 4901 8412 1926 8412 28 8427 4837 8427 1924 8427 1924 8428 4837 8428 4902 8428 1924 8429 4902 8429 4900 8429 1922 8498 4930 8498 1923 8498 1526 8499 1923 8499 4855 8499 4855 8500 1923 8500 4930 8500 4855 8501 4930 8501 4931 8501 262 8539 4940 8539 263 8539 263 8541 4941 8541 264 8541 25 8561 4896 8561 262 8561 262 8562 4896 8562 4944 8562 262 8563 4944 8563 4940 8563 1547 8625 1557 8625 4968 8625 1530 8638 1547 8638 4870 8638 4870 8639 1547 8639 4968 8639 4870 8640 4968 8640 4974 8640 1529 8688 4873 8688 1527 8688 4890 8791 26 8791 24 8791 1523 8810 1525 8810 4857 8810 4838 8912 27 8912 29 8912 5068 8938 255 8938 5086 8938 1532 9061 5243 9061 1531 9061 18 9081 17 9081 5260 9081 5056 9114 5207 9114 5099 9114 5068 9178 5086 9178 5225 9178 18 9220 5266 9220 1543 9220 1543 9221 5266 9221 5311 9221 1543 9222 5311 9222 5313 9222 5314 9226 1545 9226 1544 9226 5313 9228 1544 9228 1543 9228 5318 9241 253 9241 1541 9241 5318 9242 1541 9242 1542 9242 1538 9296 1537 9296 5338 9296 5338 9297 1537 9297 1536 9297 5339 9299 1536 9299 1535 9299 5340 9303 1539 9303 5341 9303 5341 9304 1539 9304 249 9304 1532 9311 1538 9311 5240 9311 5240 9312 1538 9312 5338 9312 5240 9313 5338 9313 5344 9313 5346 9318 5340 9318 5341 9318 257 9360 1531 9360 5243 9360 5260 9458 17 9458 19 9458 5208 9574 5057 9574 5058 9574 5552 8333 1 8333 0 8333 0 9653 5553 9653 5552 9653 283 9672 5572 9672 282 9672 279 9690 5588 9690 278 9690 5 9711 4 9711 5604 9711 1930 9723 5614 9723 1931 9723 1 9738 5552 9738 1930 9738 1930 9739 5552 9739 5615 9739 1930 9740 5615 9740 5614 9740 1931 9753 5614 9753 1562 9753 1928 9806 1929 9806 5642 9806 283 9814 1928 9814 5570 9814 5570 9815 1928 9815 5642 9815 5570 9816 5642 9816 5646 9816 287 9849 5654 9849 288 9849 288 8540 5654 8540 5655 8540 288 9850 5655 9850 289 9850 5 9869 5610 9869 287 9869 287 9870 5610 9870 5658 9870 287 9871 5658 9871 5654 9871 279 9933 299 9933 5585 9933 5585 9934 299 9934 5686 9934 5585 9935 5686 9935 5687 9935 308 9957 5686 9957 299 9957 278 9991 5588 9991 276 9991 5604 10088 4 10088 6 10088 280 10104 282 10104 5572 10104 2 10199 5553 10199 0 10199</p>
        </triangles>
        <triangles material="m_4-material" count="38">
          <input semantic="VERTEX" source="#link_base-mesh-vertices" offset="0"/>
          <input semantic="NORMAL" source="#link_base-mesh-normals" offset="1"/>
          <p>1431 2195 646 2195 644 2195 1431 2196 644 2196 1430 2196 1412 1648 1411 1648 1420 1648 1404 5869 1405 5869 1432 5869 1432 1648 1431 1648 1404 1648 1404 1648 1431 1648 1430 1648 1404 5870 1430 5870 1406 5870 1406 1648 1430 1648 1429 1648 1406 5871 1429 5871 1407 5871 1436 5872 1435 5872 1434 5872 1405 1648 1437 1648 1432 1648 1432 5873 1437 5873 1436 5873 1432 1648 1436 1648 1433 1648 1433 1648 1436 1648 1434 1648 1420 1648 1411 1648 1421 1648 1421 1648 1411 1648 1410 1648 1421 1648 1410 1648 1422 1648 1422 1648 1410 1648 1423 1648 1423 5874 1410 5874 1409 5874 1423 1648 1409 1648 1424 1648 1415 1648 1424 1648 1425 1648 1425 1648 1424 1648 1409 1648 1425 1648 1409 1648 1426 1648 1426 5875 1409 5875 1408 5875 1426 5876 1408 5876 1427 5876 1427 1648 1408 1648 1407 1648 1427 5877 1407 5877 1428 5877 1428 5878 1407 5878 1429 5878 1442 5879 1441 5879 1416 5879 1416 5880 1441 5880 1440 5880 1420 5881 1419 5881 1412 5881 1412 1648 1419 1648 1418 1648 1412 5882 1418 5882 1413 5882 1413 1648 1418 1648 1417 1648 1413 1648 1417 1648 1414 1648 1414 5883 1417 5883 1416 5883 1414 1648 1416 1648 1438 1648 1438 1648 1416 1648 1440 1648</p>
        </triangles>
        <triangles material="m_1-material" count="3725">
          <input semantic="VERTEX" source="#link_base-mesh-vertices" offset="0"/>
          <input semantic="NORMAL" source="#link_base-mesh-normals" offset="1"/>
          <p>75 32 76 32 73 32 73 33 76 33 77 33 1531 0 256 0 1532 0 249 2407 1539 2407 250 2407 253 2410 252 2410 1541 2410 1541 2411 252 2411 1542 2411 1569 2980 1922 2980 1524 2980 1524 2981 1922 2981 1923 2981 30 2985 1925 2985 1926 2985 3 2994 1930 2994 1931 2994 3 2995 1931 2995 1562 2995 3238 5675 3239 5675 3240 5675 3240 5680 3243 5680 3238 5680 3281 5699 3282 5699 3283 5699 3283 5700 3282 5700 3284 5700 3277 5702 3284 5702 3285 5702 3277 5703 3285 5703 3280 5703 3254 5710 3240 5710 3239 5710 3972 200 3973 200 62 200 62 200 3973 200 3974 200 62 200 3974 200 61 200 333 0 3976 0 80 0 80 0 3976 0 3977 0 332 1 3978 1 90 1 90 1 3978 1 3979 1 3980 2 3981 2 3982 2 3982 2 3981 2 3983 2 3984 23 3985 23 317 23 3984 6797 317 6797 3986 6797 319 6798 3987 6798 3988 6798 3988 6799 3989 6799 319 6799 319 6800 3989 6800 3990 6800 319 23 3990 23 317 23 317 23 3990 23 3991 23 317 6801 3991 6801 3986 6801 3992 2 3993 2 3994 2 3994 2 3993 2 3995 2 3996 6802 3997 6802 313 6802 313 6803 3997 6803 3998 6803 313 6804 3998 6804 84 6804 3996 6805 313 6805 3999 6805 3999 6806 313 6806 315 6806 3999 6807 315 6807 4000 6807 3985 6808 4001 6808 317 6808 317 6809 4001 6809 4002 6809 317 6810 4002 6810 315 6810 315 6811 4002 6811 4003 6811 315 6812 4003 6812 4000 6812 4004 6813 4005 6813 323 6813 4006 6814 3987 6814 319 6814 323 6815 4005 6815 319 6815 319 6816 4005 6816 4007 6816 319 6817 4007 6817 4006 6817 325 6818 85 6818 4008 6818 4008 6819 4009 6819 325 6819 325 6820 4009 6820 4010 6820 325 6821 4010 6821 323 6821 323 6822 4010 6822 4011 6822 323 6823 4011 6823 4004 6823 3977 6824 3976 6824 4012 6824 4012 6825 3976 6825 4013 6825 4012 6826 4013 6826 4014 6826 4014 6827 4013 6827 4015 6827 4014 6828 4015 6828 4016 6828 4016 6829 4015 6829 4017 6829 4016 6830 4017 6830 4018 6830 4017 6831 4019 6831 4018 6831 4018 6832 4019 6832 4020 6832 4018 6833 4020 6833 4021 6833 4021 6834 4020 6834 4022 6834 4021 6835 4022 6835 4023 6835 4023 6836 4022 6836 4024 6836 4023 6837 4024 6837 4025 6837 4025 6838 4024 6838 4026 6838 4025 6839 4026 6839 4027 6839 4027 6840 4026 6840 4028 6840 4027 6841 4028 6841 4029 6841 4029 6842 4028 6842 4030 6842 4029 6843 4030 6843 4031 6843 3979 6844 3978 6844 4032 6844 4032 6845 3978 6845 4033 6845 4032 6846 4033 6846 4034 6846 4034 6847 4033 6847 4035 6847 4034 6848 4035 6848 4036 6848 4036 6849 4035 6849 4037 6849 4036 6850 4037 6850 4038 6850 4038 6851 4037 6851 4039 6851 4038 6852 4039 6852 4040 6852 4040 6853 4039 6853 4041 6853 4040 6854 4041 6854 4042 6854 4042 6855 4041 6855 4031 6855 4042 6856 4031 6856 4043 6856 4043 6857 4031 6857 4030 6857 4044 23 4045 23 4046 23 4046 23 4045 23 4047 23 4048 6858 4049 6858 4050 6858 4050 23 4049 23 4051 23 4050 6859 4051 6859 4052 6859 4053 23 4054 23 4048 23 4048 6860 4054 6860 4055 6860 4048 6861 4055 6861 4049 6861 4056 6862 4057 6862 4053 6862 4053 6863 4057 6863 4058 6863 4053 23 4058 23 4054 23 4059 23 4060 23 4061 23 4061 23 4060 23 4062 23 4061 23 4062 23 4044 23 4044 6864 4062 6864 4063 6864 4044 6865 4063 6865 4045 6865 4051 23 4064 23 4052 23 4052 6866 4064 6866 4065 6866 4052 23 4065 23 4059 23 4059 23 4065 23 4066 23 4059 6867 4066 6867 4060 6867 3993 23 4067 23 4068 23 4068 6868 4067 6868 4069 6868 4068 6869 4069 6869 4056 6869 4056 23 4069 23 4070 23 4056 23 4070 23 4057 23 4068 6870 4071 6870 3993 6870 3993 23 4071 23 4047 23 3993 23 4047 23 3995 23 3995 23 4047 23 4045 23 4072 200 4073 200 4074 200 4074 6871 4073 6871 4075 6871 4076 6872 4077 6872 4078 6872 4078 6873 4077 6873 4079 6873 4078 6874 4079 6874 4080 6874 4076 200 4081 200 4077 200 4077 6875 4081 6875 4082 6875 4077 200 4082 200 4075 200 4075 6876 4082 6876 4083 6876 4075 6877 4083 6877 4074 6877 4080 6878 4079 6878 4084 6878 4084 200 4079 200 4085 200 4084 6879 4085 6879 4086 6879 4087 200 4088 200 4089 200 4089 6880 4090 6880 4087 6880 4087 6881 4090 6881 4091 6881 4087 200 4091 200 4092 200 4092 6882 4091 6882 3983 6882 4092 200 3983 200 4093 200 4093 200 3983 200 3981 200 4093 200 3981 200 4094 200 4094 6883 3981 6883 4095 6883 4094 200 4095 200 4096 200 4096 6884 4095 6884 4097 6884 4096 200 4097 200 4085 200 4085 200 4097 200 4098 200 4085 200 4098 200 4086 200 4072 200 4099 200 4073 200 4073 6885 4099 6885 4100 6885 4073 200 4100 200 4101 200 4100 6886 4102 6886 4101 6886 4101 6887 4102 6887 4103 6887 4101 200 4103 200 4088 200 4088 6888 4103 6888 4104 6888 4088 200 4104 200 4089 200 3993 6889 3992 6889 4105 6889 3993 6890 4105 6890 4067 6890 4106 6891 4107 6891 4108 6891 4108 6892 4107 6892 4109 6892 4108 6893 4109 6893 4110 6893 4110 6894 4109 6894 4069 6894 4105 6895 4111 6895 4067 6895 4067 6896 4111 6896 4112 6896 4067 6897 4112 6897 4069 6897 4069 6898 4112 6898 4113 6898 4069 6899 4113 6899 4110 6899 4114 6902 4115 6902 4116 6902 4114 6903 4116 6903 4117 6903 4117 6904 4116 6904 4118 6904 4117 6905 4118 6905 4119 6905 4108 6906 4120 6906 4106 6906 4106 6907 4120 6907 4121 6907 4106 6908 4121 6908 4119 6908 4119 6909 4121 6909 4122 6909 4119 6910 4122 6910 4117 6910 4124 6912 4125 6912 4126 6912 4126 6913 4125 6913 4127 6913 4124 6914 4126 6914 4128 6914 4128 6915 4126 6915 4129 6915 4128 6916 4129 6916 4130 6916 4130 6917 4129 6917 4131 6917 81 6919 4131 6919 4132 6919 81 6920 4132 6920 4123 6920 4133 6921 4045 6921 4063 6921 4125 6922 4134 6922 4127 6922 4127 6923 4134 6923 4135 6923 4127 6924 4135 6924 4136 6924 4136 6925 4135 6925 4137 6925 4136 6926 4137 6926 4063 6926 4063 6927 4137 6927 4138 6927 4063 6928 4138 6928 4133 6928 3994 6929 3995 6929 4139 6929 4139 6930 3995 6930 4045 6930 4139 6931 4045 6931 4140 6931 4140 6932 4045 6932 4133 6932 4141 6933 52 6933 4142 6933 4142 6934 52 6934 4143 6934 4142 6935 4143 6935 4144 6935 4144 6936 4143 6936 4145 6936 4144 6937 4145 6937 4146 6937 4146 6938 4145 6938 4147 6938 4146 6939 4147 6939 4148 6939 4141 6940 4149 6940 52 6940 52 6941 4149 6941 4150 6941 4151 6943 4091 6943 4090 6943 4148 6944 4152 6944 4146 6944 4146 6945 4152 6945 4153 6945 4146 6946 4153 6946 4154 6946 4154 6947 4153 6947 4155 6947 4154 6948 4155 6948 4090 6948 4090 6949 4155 6949 4156 6949 4090 6950 4156 6950 4151 6950 3982 6951 3983 6951 4157 6951 4157 6952 3983 6952 4091 6952 4157 6953 4091 6953 4158 6953 4158 6954 4091 6954 4151 6954 3981 6955 3980 6955 4159 6955 3981 6956 4159 6956 4095 6956 4097 6957 4160 6957 4161 6957 4161 6958 4160 6958 4162 6958 4161 6959 4162 6959 4163 6959 4159 6960 4164 6960 4095 6960 4095 6961 4164 6961 4165 6961 4095 6962 4165 6962 4097 6962 4097 6963 4165 6963 4166 6963 4097 6964 4166 6964 4160 6964 4163 6966 4162 6966 4168 6966 4168 6967 4162 6967 4169 6967 4168 6968 4169 6968 4170 6968 4167 6969 4171 6969 74 6969 74 6970 4171 6970 4172 6970 74 6971 4172 6971 4173 6971 4173 6972 4172 6972 4174 6972 4173 6973 4174 6973 4175 6973 4175 6974 4174 6974 4168 6974 4175 6975 4168 6975 4176 6975 4176 6976 4168 6976 4170 6976 85 6977 87 6977 4177 6977 85 6978 4177 6978 4008 6978 4008 6979 4177 6979 4178 6979 4008 6980 4178 6980 4009 6980 4009 6981 4178 6981 4010 6981 4010 6982 4178 6982 4179 6982 4010 6983 4179 6983 4011 6983 4011 6984 4179 6984 4180 6984 4011 6985 4180 6985 4004 6985 4114 6986 4117 6986 4181 6986 4181 6987 4117 6987 4122 6987 4181 6988 4122 6988 4182 6988 4182 6989 4122 6989 4121 6989 4182 6990 4121 6990 4183 6990 4183 6991 4121 6991 4120 6991 4183 6992 4120 6992 4184 6992 4184 6993 4120 6993 4108 6993 4184 6994 4108 6994 4185 6994 4108 6995 4110 6995 4185 6995 4185 6996 4110 6996 4113 6996 4185 6997 4113 6997 4186 6997 4186 6998 4113 6998 4112 6998 4186 6999 4112 6999 4187 6999 87 7002 4181 7002 4177 7002 4177 7003 4181 7003 4182 7003 4177 7004 4182 7004 4178 7004 4178 7005 4182 7005 4183 7005 4178 7006 4183 7006 4179 7006 4179 7007 4183 7007 4184 7007 4179 7008 4184 7008 4180 7008 4180 7009 4184 7009 4185 7009 4180 7010 4185 7010 4188 7010 4188 7011 4185 7011 4186 7011 4188 7012 4186 7012 4189 7012 4189 7013 4186 7013 4187 7013 4189 7014 4187 7014 4190 7014 4004 7015 4180 7015 4005 7015 4005 7016 4180 7016 4188 7016 4005 7017 4188 7017 4007 7017 4007 7018 4188 7018 4189 7018 4007 7019 4189 7019 4006 7019 4006 7020 4189 7020 4190 7020 4006 7021 4190 7021 3987 7021 4112 7022 4111 7022 4187 7022 4187 7023 4111 7023 4191 7023 4187 7024 4191 7024 4190 7024 4190 7025 4191 7025 4192 7025 4190 7026 4192 7026 3987 7026 3987 7027 4192 7027 3988 7027 4111 7028 4105 7028 4191 7028 4191 7029 4105 7029 4193 7029 4191 7030 4193 7030 4192 7030 4192 7031 4193 7031 4194 7031 4192 7032 4194 7032 3988 7032 3988 7033 4194 7033 3989 7033 4105 7034 3992 7034 4193 7034 4193 7035 3992 7035 4195 7035 4193 7036 4195 7036 4194 7036 4194 7037 4195 7037 4196 7037 4194 7038 4196 7038 3989 7038 3989 7039 4196 7039 3990 7039 3991 7040 3990 7040 4196 7040 3991 7041 4196 7041 4197 7041 4197 7042 4196 7042 4195 7042 4197 2968 4195 2968 4198 2968 4198 7043 4195 7043 3992 7043 4198 7044 3992 7044 3994 7044 3994 7045 4139 7045 4198 7045 4198 7046 4139 7046 4199 7046 4198 7047 4199 7047 4197 7047 4197 7048 4199 7048 4200 7048 4197 7049 4200 7049 3991 7049 3991 7050 4200 7050 3986 7050 4139 7051 4140 7051 4199 7051 4199 7052 4140 7052 4201 7052 4199 7053 4201 7053 4200 7053 4200 7054 4201 7054 4202 7054 4200 7055 4202 7055 3986 7055 3986 7056 4202 7056 3984 7056 4140 7057 4133 7057 4201 7057 4201 7058 4133 7058 4203 7058 4201 7059 4203 7059 4202 7059 4202 7060 4203 7060 4204 7060 4202 7061 4204 7061 3984 7061 3984 7062 4204 7062 3985 7062 4003 7063 4002 7063 4205 7063 83 7064 84 7064 4206 7064 4206 7065 84 7065 3998 7065 4206 7066 3998 7066 3997 7066 3996 7067 4207 7067 3997 7067 3997 7068 4207 7068 4208 7068 3997 7069 4208 7069 4206 7069 4130 7071 83 7071 4206 7071 4130 7072 4206 7072 4209 7072 4209 7073 4206 7073 4208 7073 4209 7074 4208 7074 4210 7074 4210 7075 4208 7075 4207 7075 4210 7076 4207 7076 4211 7076 4211 7077 4207 7077 4212 7077 4211 7078 4212 7078 4213 7078 4213 7079 4125 7079 4211 7079 4211 7080 4125 7080 4124 7080 4211 7081 4124 7081 4210 7081 4210 7082 4124 7082 4128 7082 4210 7083 4128 7083 4209 7083 4209 7084 4128 7084 4130 7084 4003 7085 4205 7085 4000 7085 4137 7086 4135 7086 4213 7086 4213 7087 4135 7087 4134 7087 4213 7088 4134 7088 4125 7088 4002 7089 4001 7089 4205 7089 4205 7090 4001 7090 4214 7090 4205 7091 4214 7091 4215 7091 4215 7092 4214 7092 4216 7092 4203 7093 4216 7093 4204 7093 4204 7094 4216 7094 4214 7094 4204 7095 4214 7095 3985 7095 3985 7096 4214 7096 4001 7096 3996 7097 3999 7097 4207 7097 4207 7098 3999 7098 4000 7098 4207 7099 4000 7099 4212 7099 4212 7100 4000 7100 4205 7100 4212 7101 4205 7101 4213 7101 4213 7102 4205 7102 4215 7102 4213 7103 4215 7103 4137 7103 4137 7104 4215 7104 4216 7104 4137 7105 4216 7105 4138 7105 4138 7106 4216 7106 4203 7106 4138 7107 4203 7107 4133 7107 76 7109 4217 7109 4218 7109 77 7111 4218 7111 78 7111 78 7112 4218 7112 4219 7112 78 7113 4219 7113 72 7113 72 7114 4219 7114 4220 7114 72 7115 4220 7115 70 7115 4173 7116 4175 7116 4221 7116 4221 7117 4175 7117 4176 7117 4221 7118 4176 7118 4222 7118 4222 7119 4176 7119 4170 7119 4222 7120 4170 7120 4223 7120 4223 7121 4170 7121 4169 7121 4223 7122 4169 7122 4224 7122 4224 7123 4169 7123 4162 7123 4224 7124 4162 7124 4225 7124 4162 7125 4160 7125 4225 7125 4225 7126 4160 7126 4166 7126 4225 7127 4166 7127 4226 7127 4226 7128 4166 7128 4165 7128 4226 7129 4165 7129 4227 7129 4217 7133 4221 7133 4222 7133 4217 7134 4222 7134 4218 7134 4218 7135 4222 7135 4223 7135 4218 7136 4223 7136 4219 7136 4219 7137 4223 7137 4224 7137 4219 7138 4224 7138 4220 7138 4220 7139 4224 7139 4225 7139 4220 7140 4225 7140 4228 7140 4228 7141 4225 7141 4226 7141 4228 7142 4226 7142 4229 7142 4229 7143 4226 7143 4227 7143 4229 7144 4227 7144 4230 7144 70 7145 4220 7145 69 7145 69 7146 4220 7146 4228 7146 69 7147 4228 7147 68 7147 68 7148 4228 7148 4229 7148 68 7149 4229 7149 66 7149 66 7150 4229 7150 4230 7150 66 7151 4230 7151 65 7151 62 7152 64 7152 4231 7152 4165 7153 4164 7153 4227 7153 4227 7154 4164 7154 4232 7154 4227 7155 4232 7155 4230 7155 4230 7156 4232 7156 4231 7156 4230 7157 4231 7157 65 7157 65 7158 4231 7158 64 7158 3972 7159 62 7159 4233 7159 4233 7160 62 7160 4231 7160 4233 7161 4231 7161 4234 7161 4234 7162 4231 7162 4232 7162 4234 7163 4232 7163 4159 7163 4159 7164 4232 7164 4164 7164 4159 7165 3980 7165 4234 7165 4234 7166 3980 7166 4235 7166 4234 7167 4235 7167 4233 7167 4233 7168 4235 7168 4236 7168 4233 7169 4236 7169 3972 7169 3972 7170 4236 7170 3973 7170 3974 7171 3973 7171 4236 7171 3974 7172 4236 7172 4237 7172 4237 7173 4236 7173 4235 7173 4237 7174 4235 7174 4238 7174 4238 7175 4235 7175 3980 7175 4238 7176 3980 7176 3982 7176 3982 7177 4157 7177 4238 7177 4238 7178 4157 7178 4239 7178 4238 7179 4239 7179 4237 7179 4237 7180 4239 7180 4240 7180 4237 7181 4240 7181 3974 7181 4158 7182 4151 7182 4241 7182 4241 7183 4151 7183 4242 7183 4241 7184 4242 7184 4243 7184 4243 7185 4242 7185 4244 7185 60 7186 61 7186 4240 7186 4240 7187 61 7187 3975 7187 4240 7188 3975 7188 3974 7188 4157 7189 4158 7189 4239 7189 4239 7190 4158 7190 4241 7190 4239 7191 4241 7191 4240 7191 4240 7192 4241 7192 4243 7192 4240 7193 4243 7193 60 7193 60 7194 4243 7194 4244 7194 60 7195 4244 7195 54 7195 58 7196 57 7196 4245 7196 4246 7198 50 7198 45 7198 47 7199 4247 7199 45 7199 45 7200 4247 7200 4248 7200 45 7201 4248 7201 4246 7201 4249 7205 4246 7205 4248 7205 4249 7206 4248 7206 4250 7206 4250 7207 4248 7207 4247 7207 4250 7208 4247 7208 4251 7208 4251 7209 4247 7209 4252 7209 4251 7210 4252 7210 4253 7210 4253 7211 4148 7211 4251 7211 4251 7212 4148 7212 4147 7212 4251 7213 4147 7213 4250 7213 4250 7214 4147 7214 4145 7214 4250 7215 4145 7215 4249 7215 4249 7216 4145 7216 4143 7216 58 7217 4245 7217 59 7217 4155 7218 4153 7218 4253 7218 4253 7219 4153 7219 4152 7219 4253 7220 4152 7220 4148 7220 57 7221 56 7221 4245 7221 4245 7222 56 7222 4254 7222 4245 7223 4254 7223 4255 7223 4255 7224 4254 7224 4256 7224 4242 7225 4256 7225 4244 7225 4244 7226 4256 7226 4254 7226 4244 7227 4254 7227 54 7227 54 7228 4254 7228 56 7228 47 7229 49 7229 4247 7229 4247 7230 49 7230 59 7230 4247 7231 59 7231 4252 7231 4252 7232 59 7232 4245 7232 4252 7233 4245 7233 4253 7233 4253 7234 4245 7234 4255 7234 4253 7235 4255 7235 4155 7235 4155 7236 4255 7236 4256 7236 4155 7237 4256 7237 4156 7237 4156 7238 4256 7238 4242 7238 4156 7239 4242 7239 4151 7239 4047 7240 4093 7240 4046 7240 4046 7241 4093 7241 4094 7241 4046 7242 4094 7242 4044 7242 4044 7243 4094 7243 4096 7243 4044 7244 4096 7244 4061 7244 4061 7245 4096 7245 4085 7245 4061 7246 4085 7246 4059 7246 4059 7247 4085 7247 4079 7247 4059 7248 4079 7248 4052 7248 4052 7249 4079 7249 4077 7249 4052 7250 4077 7250 4050 7250 4050 7251 4077 7251 4075 7251 4050 7252 4075 7252 4048 7252 4048 7253 4075 7253 4073 7253 4048 7254 4073 7254 4053 7254 4053 7255 4073 7255 4101 7255 4053 7256 4101 7256 4056 7256 4056 7257 4101 7257 4088 7257 4056 7258 4088 7258 4068 7258 4068 7259 4088 7259 4087 7259 4068 7260 4087 7260 4071 7260 4071 7261 4087 7261 4092 7261 4071 7262 4092 7262 4047 7262 4047 7263 4092 7263 4093 7263 4090 7264 4089 7264 4257 7264 4258 7265 4146 7265 4257 7265 4257 7266 4146 7266 4154 7266 4257 7267 4154 7267 4090 7267 4259 7268 4142 7268 4258 7268 4258 7269 4142 7269 4144 7269 4258 7270 4144 7270 4146 7270 332 7272 4150 7272 4149 7272 332 7273 4149 7273 4141 7273 3978 7274 332 7274 4259 7274 4259 7275 332 7275 4141 7275 4259 7276 4141 7276 4142 7276 4258 7277 4257 7277 4260 7277 4257 7278 4089 7278 4104 7278 4257 7279 4104 7279 4260 7279 4260 7280 4104 7280 4103 7280 4260 7281 4103 7281 4261 7281 4261 7282 4103 7282 4102 7282 4261 7283 4102 7283 4262 7283 4262 7284 4102 7284 4100 7284 4262 7285 4100 7285 4263 7285 4263 7286 4100 7286 4099 7286 4263 7287 4099 7287 4264 7287 4264 7288 4099 7288 4072 7288 4264 7289 4072 7289 4265 7289 4265 7290 4072 7290 4074 7290 4265 7291 4074 7291 4266 7291 4266 7292 4074 7292 4083 7292 4266 7293 4083 7293 4267 7293 4267 7294 4083 7294 4082 7294 4267 7295 4082 7295 4268 7295 4268 7296 4082 7296 4081 7296 4268 7297 4081 7297 4269 7297 4269 7298 4081 7298 4076 7298 4269 7299 4076 7299 4270 7299 4270 7300 4076 7300 4078 7300 4270 7301 4078 7301 4271 7301 4271 7302 4078 7302 4080 7302 4271 7303 4080 7303 4272 7303 4272 7304 4080 7304 4084 7304 4272 7305 4084 7305 4273 7305 4273 7306 4084 7306 4086 7306 4273 7307 4086 7307 4274 7307 4274 7308 4086 7308 4098 7308 4274 7309 4098 7309 4275 7309 3978 7310 4259 7310 4276 7310 4276 7311 4259 7311 4258 7311 4258 7312 4260 7312 4276 7312 4276 7313 4260 7313 4261 7313 4276 7314 4261 7314 4277 7314 4277 7315 4261 7315 4262 7315 4277 7316 4262 7316 4278 7316 4278 7317 4262 7317 4263 7317 4278 7318 4263 7318 4279 7318 4279 7319 4263 7319 4264 7319 4279 7320 4264 7320 4280 7320 4280 7321 4264 7321 4265 7321 4280 7322 4265 7322 4281 7322 4281 7323 4265 7323 4266 7323 4281 7324 4266 7324 4282 7324 4282 7325 4266 7325 4267 7325 4282 7326 4267 7326 4283 7326 4283 7327 4267 7327 4268 7327 4283 7328 4268 7328 4284 7328 4284 7329 4268 7329 4269 7329 4284 7330 4269 7330 4285 7330 4285 7331 4269 7331 4270 7331 4285 7332 4270 7332 4286 7332 4286 7333 4270 7333 4271 7333 4286 7334 4271 7334 4287 7334 4287 7335 4271 7335 4272 7335 4287 7336 4272 7336 4288 7336 4288 7337 4272 7337 4273 7337 4288 7338 4273 7338 4289 7338 4289 7339 4273 7339 4274 7339 4289 7340 4274 7340 4290 7340 4290 7341 4274 7341 4275 7341 4290 7342 4275 7342 4291 7342 3978 7343 4276 7343 4033 7343 4033 7344 4276 7344 4277 7344 4033 7345 4277 7345 4035 7345 4035 7346 4277 7346 4278 7346 4035 7347 4278 7347 4037 7347 4037 7348 4278 7348 4279 7348 4037 7349 4279 7349 4039 7349 4039 7350 4279 7350 4280 7350 4039 7351 4280 7351 4041 7351 4041 7352 4280 7352 4281 7352 4041 7353 4281 7353 4031 7353 4031 7354 4281 7354 4282 7354 4031 7355 4282 7355 4029 7355 4029 7356 4282 7356 4283 7356 4029 7357 4283 7357 4027 7357 4027 7358 4283 7358 4284 7358 4027 7359 4284 7359 4025 7359 4025 7360 4284 7360 4285 7360 4025 7361 4285 7361 4023 7361 4023 7362 4285 7362 4286 7362 4023 7363 4286 7363 4021 7363 4021 7364 4286 7364 4287 7364 4021 7365 4287 7365 4018 7365 4018 7366 4287 7366 4288 7366 4018 7367 4288 7367 4016 7367 4016 7368 4288 7368 4289 7368 4016 7369 4289 7369 4014 7369 4014 7370 4289 7370 4290 7370 4014 7371 4290 7371 4012 7371 4012 7372 4290 7372 4291 7372 4012 7373 4291 7373 3977 7373 80 7374 3977 7374 4291 7374 4174 7375 4172 7375 4291 7375 4291 7376 4172 7376 4171 7376 4291 7377 4171 7377 80 7377 80 7378 4171 7378 4167 7378 4275 7380 4098 7380 4097 7380 4097 7381 4161 7381 4275 7381 4275 7382 4161 7382 4163 7382 4275 7383 4163 7383 4291 7383 4291 7384 4163 7384 4168 7384 4291 7385 4168 7385 4174 7385 4062 7386 4292 7386 4063 7386 4063 7387 4292 7387 4136 7387 4136 7388 4292 7388 4127 7388 4127 7389 4292 7389 4293 7389 4127 7390 4293 7390 4126 7390 4126 7391 4293 7391 4129 7391 4129 7392 4293 7392 4294 7392 4129 7393 4294 7393 4131 7393 333 7395 4123 7395 4132 7395 4131 7396 4294 7396 4132 7396 4132 7397 4294 7397 3976 7397 4132 7398 3976 7398 333 7398 4295 7399 4296 7399 4297 7399 4296 7400 4298 7400 4299 7400 4070 7401 4300 7401 4057 7401 4057 7402 4300 7402 4301 7402 4057 7403 4301 7403 4058 7403 4058 7404 4301 7404 4302 7404 4058 7405 4302 7405 4054 7405 4054 7406 4302 7406 4303 7406 4054 7407 4303 7407 4055 7407 4055 7408 4303 7408 4299 7408 4055 7409 4299 7409 4049 7409 4049 7410 4299 7410 4298 7410 4049 7411 4298 7411 4051 7411 4296 7412 4299 7412 4297 7412 4297 7413 4299 7413 4303 7413 4297 7414 4303 7414 4304 7414 4304 7415 4303 7415 4302 7415 4304 7416 4302 7416 4305 7416 4305 7417 4302 7417 4301 7417 4305 7418 4301 7418 4306 7418 4306 7419 4301 7419 4300 7419 4306 7420 4300 7420 4307 7420 4060 7421 4066 7421 4308 7421 4308 7422 4066 7422 4309 7422 4308 7423 4309 7423 4310 7423 4310 7424 4309 7424 4311 7424 4310 7425 4311 7425 4312 7425 4312 7426 4311 7426 4313 7426 4066 7427 4065 7427 4309 7427 4309 7428 4065 7428 4314 7428 4309 7429 4314 7429 4311 7429 4311 7430 4314 7430 4315 7430 4311 7431 4315 7431 4313 7431 4313 7432 4315 7432 4316 7432 4065 7433 4064 7433 4314 7433 4314 7434 4064 7434 4317 7434 4314 7435 4317 7435 4315 7435 4315 7436 4317 7436 4318 7436 4315 7437 4318 7437 4316 7437 4316 7438 4318 7438 4319 7438 4070 7439 4320 7439 4300 7439 4300 7440 4320 7440 4321 7440 4300 7441 4321 7441 4307 7441 4307 7442 4321 7442 4322 7442 4307 7443 4322 7443 4323 7443 4295 7444 4297 7444 4324 7444 4324 7445 4297 7445 4304 7445 4324 7446 4304 7446 4325 7446 4325 7447 4304 7447 4305 7447 4325 7448 4305 7448 4326 7448 4326 7449 4305 7449 4306 7449 4326 7450 4306 7450 4327 7450 4327 7451 4306 7451 4307 7451 4327 7452 4307 7452 4328 7452 4328 7453 4307 7453 4323 7453 4328 7454 4323 7454 4329 7454 4062 7455 4060 7455 4292 7455 4292 7456 4060 7456 4308 7456 4292 7457 4308 7457 4293 7457 4293 7458 4308 7458 4310 7458 4293 7459 4310 7459 4294 7459 4294 7460 4310 7460 4312 7460 4294 7461 4312 7461 3976 7461 3976 7462 4312 7462 4013 7462 4024 7463 4022 7463 4319 7463 4319 7464 4022 7464 4020 7464 4319 7465 4020 7465 4316 7465 4316 7466 4020 7466 4019 7466 4316 7467 4019 7467 4313 7467 4313 7468 4019 7468 4017 7468 4313 7469 4017 7469 4312 7469 4312 7470 4017 7470 4015 7470 4312 7471 4015 7471 4013 7471 4026 7472 4024 7472 4295 7472 4295 7473 4024 7473 4319 7473 4295 7474 4319 7474 4296 7474 4296 7475 4319 7475 4318 7475 4296 7476 4318 7476 4298 7476 4298 7477 4318 7477 4317 7477 4298 7478 4317 7478 4051 7478 4051 7479 4317 7479 4064 7479 4038 7480 4040 7480 4326 7480 4326 7481 4040 7481 4042 7481 4326 7482 4042 7482 4325 7482 4325 7483 4042 7483 4043 7483 4325 7484 4043 7484 4324 7484 4324 7485 4043 7485 4030 7485 4324 7486 4030 7486 4295 7486 4295 7487 4030 7487 4028 7487 4295 7488 4028 7488 4026 7488 4038 7489 4326 7489 4036 7489 4036 7490 4326 7490 4327 7490 4036 7491 4327 7491 4034 7491 4034 7492 4327 7492 4328 7492 4034 7493 4328 7493 4032 7493 4032 7494 4328 7494 4329 7494 4032 7495 4329 7495 3979 7495 4323 7496 4118 7496 4329 7496 4329 7497 4118 7497 4116 7497 4329 7498 4116 7498 3979 7498 3979 7499 4116 7499 90 7499 90 7500 4116 7500 4115 7500 4070 7502 4069 7502 4320 7502 4320 7503 4069 7503 4109 7503 4320 7504 4109 7504 4321 7504 4321 7505 4109 7505 4107 7505 4321 7506 4107 7506 4322 7506 4322 7507 4107 7507 4106 7507 4322 7508 4106 7508 4323 7508 4323 7509 4106 7509 4119 7509 4323 7510 4119 7510 4118 7510 3293 1648 3292 1648 4330 1648 4331 1648 3287 1648 4332 1648 4332 7511 3287 7511 3296 7511 4330 7512 4333 7512 3293 7512 3293 1648 4333 1648 4334 1648 3293 1648 4334 1648 3294 1648 3294 7513 4334 7513 4335 7513 3294 1648 4335 1648 3295 1648 3295 1648 4335 1648 4336 1648 3295 1648 4336 1648 3296 1648 3296 7514 4336 7514 4337 7514 3296 1648 4337 1648 4332 1648 4338 7515 4330 7515 3292 7515 4338 7516 3292 7516 4339 7516 3292 7517 3291 7517 4339 7517 4339 7518 3291 7518 3290 7518 4339 7519 3290 7519 4340 7519 4340 7520 3290 7520 3239 7520 3287 7521 4331 7521 3286 7521 3286 7522 4331 7522 4341 7522 3286 7523 4341 7523 3288 7523 3288 7524 4341 7524 4342 7524 3288 7525 4342 7525 3289 7525 3289 7526 4342 7526 4343 7526 3289 7527 4343 7527 3281 7527 3298 1 4344 1 4345 1 4346 1 4347 1 4345 1 4345 1 4347 1 43 1 4345 1 43 1 3298 1 4348 0 3299 0 4349 0 4349 0 3299 0 3276 0 4349 7528 3276 7528 4350 7528 4350 0 3276 0 4351 0 3309 2 4352 2 3308 2 3308 7529 4352 7529 4353 7529 4353 7530 4354 7530 3308 7530 3308 7531 4354 7531 4355 7531 3308 2 4355 2 3301 2 3301 2 4355 2 4356 2 3301 7532 4356 7532 3310 7532 4357 2 3311 2 4358 2 4358 7533 3311 7533 3310 7533 4358 2 3310 2 4359 2 4359 2 3310 2 4356 2 3297 7534 4360 7534 4361 7534 4344 7535 3298 7535 4362 7535 4362 7536 3298 7536 3297 7536 4362 7537 3297 7537 4363 7537 4363 7538 3297 7538 4361 7538 3297 7539 3318 7539 4360 7539 4360 7540 3318 7540 3317 7540 4360 7541 3317 7541 4364 7541 4364 7542 3317 7542 3316 7542 4364 7543 3316 7543 4365 7543 4365 7544 3316 7544 4366 7544 3316 7545 3315 7545 4366 7545 4366 7546 3315 7546 3314 7546 4366 7547 3314 7547 4367 7547 4367 7548 3314 7548 3313 7548 4367 7549 3313 7549 4368 7549 4368 7550 3313 7550 4357 7550 4357 7551 3313 7551 3312 7551 4357 7552 3312 7552 3311 7552 4369 7553 4370 7553 3303 7553 4371 7554 3302 7554 3300 7554 3299 7555 4348 7555 3300 7555 3300 7556 4348 7556 4372 7556 4372 7557 4373 7557 3300 7557 3300 7558 4373 7558 4374 7558 3300 7559 4374 7559 4371 7559 3303 7560 4370 7560 3304 7560 3302 7561 4371 7561 3303 7561 3303 7562 4371 7562 4375 7562 3303 7563 4375 7563 4369 7563 4376 7564 3306 7564 4370 7564 4370 7565 3306 7565 3307 7565 4370 7566 3307 7566 3304 7566 3309 7567 3305 7567 4352 7567 4352 7568 3305 7568 3306 7568 4352 7569 3306 7569 4377 7569 4377 7570 3306 7570 4376 7570 4378 23 4379 23 4380 23 4380 23 4379 23 4381 23 4382 23 4383 23 4384 23 4384 23 4383 23 4385 23 4347 7571 4346 7571 4386 7571 4386 7572 4346 7572 4387 7572 4386 7573 4387 7573 4388 7573 4388 7574 4387 7574 4389 7574 4388 7575 4389 7575 4390 7575 4390 7576 4389 7576 4391 7576 4390 7577 4391 7577 4392 7577 4392 7577 4391 7577 4393 7577 4392 7578 4393 7578 4394 7578 4394 7579 4393 7579 4395 7579 4394 7580 4395 7580 4396 7580 4396 7581 4395 7581 4397 7581 4396 7582 4397 7582 4398 7582 4398 7583 4397 7583 4399 7583 4398 7584 4399 7584 4400 7584 4400 7585 4399 7585 4401 7585 4400 7586 4401 7586 4402 7586 4402 7586 4401 7586 4403 7586 4402 7587 4403 7587 4404 7587 4404 7588 4403 7588 4405 7588 4404 7589 4405 7589 4406 7589 4406 7590 4405 7590 4407 7590 4406 7591 4407 7591 4408 7591 4408 7592 4407 7592 4409 7592 4408 7593 4409 7593 4410 7593 4410 7593 4409 7593 4411 7593 4410 7594 4411 7594 4412 7594 4412 7595 4411 7595 4413 7595 4412 7596 4413 7596 4414 7596 4414 7597 4413 7597 4415 7597 4414 7598 4415 7598 4351 7598 4351 7598 4415 7598 4350 7598 4416 2 4417 2 4418 2 4418 2 4417 2 4419 2 4418 2 4420 2 4416 2 4416 7599 4420 7599 4421 7599 4416 2 4421 2 4422 2 4422 2 4421 2 4423 2 4419 7600 4417 7600 4424 7600 4424 7601 4417 7601 4425 7601 4424 2 4425 2 4426 2 4426 2 4425 2 4427 2 4427 7602 4425 7602 4428 7602 4427 2 4428 2 4429 2 4430 2 4431 2 4432 2 4432 7603 4431 7603 4433 7603 4432 2 4433 2 4434 2 4429 7604 4428 7604 4435 7604 4435 2 4428 2 4436 2 4435 2 4436 2 4437 2 4430 7605 4438 7605 4431 7605 4431 7606 4438 7606 4439 7606 4431 2 4439 2 4436 2 4436 2 4439 2 4440 2 4436 2 4440 2 4437 2 4441 2 4442 2 4433 2 4433 7607 4442 7607 4443 7607 4433 7608 4443 7608 4434 7608 4383 7609 4444 7609 4445 7609 4445 7610 4444 7610 4446 7610 4445 2 4446 2 4441 2 4441 2 4446 2 4447 2 4441 7611 4447 7611 4442 7611 4445 2 4448 2 4383 2 4383 2 4448 2 4423 2 4383 7612 4423 7612 4385 7612 4385 7613 4423 7613 4421 7613 4449 7614 4450 7614 4451 7614 4451 7615 4450 7615 4452 7615 4453 1648 4454 1648 4455 1648 4455 7616 4454 7616 4456 7616 4455 1648 4456 1648 4452 1648 4452 7617 4456 7617 4457 7617 4452 7618 4457 7618 4451 7618 4449 1648 4458 1648 4450 1648 4450 7619 4458 7619 4459 7619 4450 1648 4459 1648 4460 1648 4460 7620 4459 7620 4461 7620 4460 7621 4461 7621 4462 7621 4462 1648 4461 1648 4463 1648 4462 1648 4463 1648 4464 1648 4465 1648 4466 1648 4467 1648 4467 7622 4466 7622 4468 7622 4463 7623 4469 7623 4464 7623 4464 7624 4469 7624 4381 7624 4464 7625 4381 7625 4470 7625 4470 1648 4381 1648 4379 1648 4470 1648 4379 1648 4471 1648 4471 1648 4379 1648 4472 1648 4471 1648 4472 1648 4473 1648 4473 1648 4472 1648 4474 1648 4473 7626 4474 7626 4475 7626 4474 1648 4476 1648 4475 1648 4475 7627 4476 7627 4477 7627 4475 1648 4477 1648 4467 1648 4467 1648 4477 1648 4478 1648 4467 7628 4478 7628 4465 7628 4466 7629 4479 7629 4468 7629 4468 7630 4479 7630 4480 7630 4468 1648 4480 1648 4455 1648 4455 7631 4480 7631 4481 7631 4455 1648 4481 1648 4453 1648 4382 7632 4482 7632 4383 7632 4383 7633 4482 7633 4444 7633 4483 7634 4484 7634 4485 7634 4485 7635 4484 7635 4486 7635 4485 7636 4486 7636 4487 7636 4487 7637 4486 7637 4446 7637 4482 7638 4488 7638 4444 7638 4444 7639 4488 7639 4489 7639 4444 7640 4489 7640 4446 7640 4446 7641 4489 7641 4490 7641 4446 7642 4490 7642 4487 7642 4491 7643 4348 7643 4349 7643 4349 7644 4492 7644 4491 7644 4491 7645 4492 7645 4493 7645 4491 7646 4493 7646 4494 7646 4494 7647 4493 7647 4495 7647 4494 7648 4495 7648 4496 7648 4485 7649 4497 7649 4483 7649 4483 7650 4497 7650 4498 7650 4483 7651 4498 7651 4496 7651 4496 7652 4498 7652 4499 7652 4496 7653 4499 7653 4494 7653 4500 7654 4501 7654 4502 7654 4502 7655 4501 7655 4503 7655 4502 7656 4503 7656 4504 7656 4504 7657 4503 7657 4505 7657 4504 7658 4505 7658 4506 7658 4502 7659 4507 7659 4500 7659 4500 7660 4507 7660 4508 7660 4500 7661 4508 7661 4509 7661 4509 7662 4508 7662 4510 7662 4509 7663 4510 7663 4344 7663 4344 7664 4510 7664 4511 7664 4344 7665 4511 7665 4345 7665 4512 7666 4513 7666 4420 7666 4420 7667 4513 7667 4421 7667 4512 7668 4420 7668 4514 7668 4514 7669 4420 7669 4515 7669 4514 7670 4515 7670 4506 7670 4506 7671 4515 7671 4516 7671 4506 7672 4516 7672 4504 7672 4384 7673 4385 7673 4517 7673 4517 7674 4385 7674 4421 7674 4517 7675 4421 7675 4518 7675 4518 7676 4421 7676 4513 7676 4519 7677 4520 7677 4521 7677 4522 7678 3279 7678 4523 7678 4523 7679 3279 7679 4524 7679 4523 7680 4524 7680 4521 7680 4521 7681 4524 7681 4525 7681 4521 7682 4525 7682 4519 7682 4522 7683 4526 7683 3279 7683 3279 7684 4526 7684 4527 7684 4528 7686 4463 7686 4529 7686 4529 7687 4463 7687 4530 7687 4529 7688 4530 7688 4520 7688 4520 7689 4530 7689 4531 7689 4520 7690 4531 7690 4521 7690 4528 7691 4532 7691 4463 7691 4463 7692 4532 7692 4533 7692 4463 7693 4533 7693 4469 7693 4380 7694 4381 7694 4534 7694 4534 7695 4381 7695 4469 7695 4534 7696 4469 7696 4535 7696 4535 7697 4469 7697 4533 7697 4379 7698 4378 7698 4536 7698 4379 7699 4536 7699 4472 7699 4474 7700 4537 7700 4538 7700 4538 7701 4537 7701 4539 7701 4538 7702 4539 7702 4540 7702 4536 7703 4541 7703 4472 7703 4472 7704 4541 7704 4542 7704 4472 7705 4542 7705 4474 7705 4474 7706 4542 7706 4543 7706 4474 7707 4543 7707 4537 7707 4540 7709 4539 7709 4545 7709 4545 7710 4539 7710 4546 7710 4545 7711 4546 7711 4547 7711 4544 7712 4548 7712 42 7712 42 7713 4548 7713 4549 7713 4550 7715 4549 7715 4551 7715 4550 7716 4551 7716 4552 7716 4552 7717 4551 7717 4545 7717 4552 7718 4545 7718 4553 7718 4553 7719 4545 7719 4547 7719 4372 7720 4554 7720 4373 7720 4373 7721 4554 7721 4555 7721 4373 7722 4555 7722 4374 7722 4374 7723 4555 7723 4371 7723 4371 7724 4555 7724 4556 7724 4371 7725 4556 7725 4375 7725 4375 7726 4556 7726 4557 7726 4375 7727 4557 7727 4369 7727 4491 7728 4494 7728 4558 7728 4558 7729 4494 7729 4499 7729 4558 7730 4499 7730 4559 7730 4559 7731 4499 7731 4498 7731 4559 7732 4498 7732 4560 7732 4560 7733 4498 7733 4497 7733 4560 7734 4497 7734 4561 7734 4561 7735 4497 7735 4485 7735 4561 7736 4485 7736 4562 7736 4485 7737 4487 7737 4562 7737 4562 7738 4487 7738 4490 7738 4562 7739 4490 7739 4563 7739 4563 7740 4490 7740 4489 7740 4563 7741 4489 7741 4564 7741 4372 7743 4491 7743 4558 7743 4372 7744 4558 7744 4554 7744 4554 7745 4558 7745 4559 7745 4554 7746 4559 7746 4555 7746 4555 7747 4559 7747 4560 7747 4555 7748 4560 7748 4556 7748 4556 7749 4560 7749 4561 7749 4556 7750 4561 7750 4557 7750 4557 7751 4561 7751 4562 7751 4557 7752 4562 7752 4565 7752 4565 7753 4562 7753 4563 7753 4565 7754 4563 7754 4566 7754 4566 7755 4563 7755 4564 7755 4566 7756 4564 7756 4567 7756 4369 7757 4557 7757 4370 7757 4370 7758 4557 7758 4565 7758 4370 7759 4565 7759 4376 7759 4376 7760 4565 7760 4566 7760 4376 7761 4566 7761 4377 7761 4377 7762 4566 7762 4567 7762 4377 7763 4567 7763 4352 7763 4489 7764 4488 7764 4564 7764 4564 7765 4488 7765 4568 7765 4564 7766 4568 7766 4567 7766 4567 7767 4568 7767 4569 7767 4567 7768 4569 7768 4352 7768 4352 7769 4569 7769 4353 7769 4488 7770 4482 7770 4568 7770 4568 7771 4482 7771 4570 7771 4568 7772 4570 7772 4569 7772 4569 7773 4570 7773 4571 7773 4569 7774 4571 7774 4353 7774 4353 7775 4571 7775 4354 7775 4482 7776 4382 7776 4570 7776 4570 7777 4382 7777 4572 7777 4570 7778 4572 7778 4571 7778 4571 7779 4572 7779 4573 7779 4571 7780 4573 7780 4354 7780 4354 7781 4573 7781 4355 7781 4356 7782 4355 7782 4573 7782 4356 7783 4573 7783 4574 7783 4574 7042 4573 7042 4572 7042 4574 7784 4572 7784 4575 7784 4575 7785 4572 7785 4382 7785 4575 7786 4382 7786 4384 7786 4384 7787 4517 7787 4575 7787 4575 7788 4517 7788 4576 7788 4575 7789 4576 7789 4574 7789 4574 7790 4576 7790 4577 7790 4574 7791 4577 7791 4356 7791 4356 7792 4577 7792 4359 7792 4517 7793 4518 7793 4576 7793 4576 7794 4518 7794 4578 7794 4576 7795 4578 7795 4577 7795 4577 7796 4578 7796 4579 7796 4577 7797 4579 7797 4359 7797 4359 7798 4579 7798 4358 7798 4518 7799 4513 7799 4578 7799 4578 7800 4513 7800 4580 7800 4578 7801 4580 7801 4579 7801 4579 7802 4580 7802 4581 7802 4579 7803 4581 7803 4358 7803 4358 7804 4581 7804 4357 7804 4366 7805 4367 7805 4582 7805 4362 7806 4363 7806 4583 7806 4583 7807 4363 7807 4361 7807 4360 7808 4584 7808 4361 7808 4361 7809 4584 7809 4585 7809 4361 7810 4585 7810 4583 7810 4509 7812 4362 7812 4583 7812 4509 7813 4583 7813 4586 7813 4586 7814 4583 7814 4585 7814 4586 7815 4585 7815 4587 7815 4587 7816 4585 7816 4584 7816 4587 7817 4584 7817 4588 7817 4588 7818 4584 7818 4589 7818 4588 7819 4589 7819 4590 7819 4590 7820 4503 7820 4588 7820 4588 7821 4503 7821 4501 7821 4588 7822 4501 7822 4587 7822 4587 7823 4501 7823 4500 7823 4587 7824 4500 7824 4586 7824 4586 7825 4500 7825 4509 7825 4366 7826 4582 7826 4365 7826 4514 7827 4506 7827 4590 7827 4590 7828 4506 7828 4505 7828 4590 7829 4505 7829 4503 7829 4367 7830 4368 7830 4582 7830 4582 7831 4368 7831 4591 7831 4582 7832 4591 7832 4592 7832 4592 7833 4591 7833 4593 7833 4580 7834 4593 7834 4581 7834 4581 7835 4593 7835 4591 7835 4581 7836 4591 7836 4357 7836 4357 7837 4591 7837 4368 7837 4360 7838 4364 7838 4584 7838 4584 7839 4364 7839 4365 7839 4584 7840 4365 7840 4589 7840 4589 7841 4365 7841 4582 7841 4589 7842 4582 7842 4590 7842 4590 7843 4582 7843 4592 7843 4590 7844 4592 7844 4514 7844 4514 7845 4592 7845 4593 7845 4514 7846 4593 7846 4512 7846 4512 7847 4593 7847 4580 7847 4512 7848 4580 7848 4513 7848 3243 7852 4595 7852 4596 7852 4550 7854 4552 7854 4597 7854 4597 7855 4552 7855 4553 7855 4597 7856 4553 7856 4598 7856 4598 7857 4553 7857 4547 7857 4598 7858 4547 7858 4599 7858 4599 7859 4547 7859 4546 7859 4599 7860 4546 7860 4600 7860 4600 7861 4546 7861 4539 7861 4600 7862 4539 7862 4601 7862 4539 7863 4537 7863 4601 7863 4601 7864 4537 7864 4543 7864 4601 7865 4543 7865 4602 7865 4602 7866 4543 7866 4542 7866 4602 7867 4542 7867 4603 7867 4594 7871 4597 7871 4598 7871 4594 7872 4598 7872 4595 7872 4595 7873 4598 7873 4599 7873 4595 7874 4599 7874 4596 7874 4596 7875 4599 7875 4600 7875 4596 7876 4600 7876 4604 7876 4604 7877 4600 7877 4601 7877 4604 7878 4601 7878 4605 7878 4605 7879 4601 7879 4602 7879 4605 7880 4602 7880 4606 7880 4606 7881 4602 7881 4603 7881 4606 7882 4603 7882 4607 7882 3239 7884 4596 7884 4604 7884 3239 7885 4604 7885 4340 7885 4340 7886 4604 7886 4605 7886 4340 7887 4605 7887 4339 7887 4339 7888 4605 7888 4606 7888 4339 7889 4606 7889 4338 7889 4338 7890 4606 7890 4607 7890 4338 7891 4607 7891 4330 7891 4542 7892 4541 7892 4603 7892 4603 7893 4541 7893 4608 7893 4603 7894 4608 7894 4607 7894 4607 7895 4608 7895 4609 7895 4607 7896 4609 7896 4330 7896 4330 7897 4609 7897 4333 7897 4541 7898 4536 7898 4608 7898 4608 7899 4536 7899 4610 7899 4608 7900 4610 7900 4609 7900 4609 7901 4610 7901 4611 7901 4609 7902 4611 7902 4333 7902 4333 7903 4611 7903 4334 7903 4536 7904 4378 7904 4610 7904 4610 7905 4378 7905 4612 7905 4610 7906 4612 7906 4611 7906 4611 7907 4612 7907 4613 7907 4611 7908 4613 7908 4334 7908 4334 7909 4613 7909 4335 7909 4336 7910 4335 7910 4613 7910 4336 7911 4613 7911 4614 7911 4614 7912 4613 7912 4612 7912 4614 7913 4612 7913 4615 7913 4615 5939 4612 5939 4378 5939 4615 7914 4378 7914 4380 7914 4380 7915 4534 7915 4615 7915 4615 7916 4534 7916 4616 7916 4615 7917 4616 7917 4614 7917 4614 7918 4616 7918 4617 7918 4614 7919 4617 7919 4336 7919 4336 7920 4617 7920 4337 7920 4534 7921 4535 7921 4616 7921 4616 7922 4535 7922 4618 7922 4616 7923 4618 7923 4617 7923 4617 7924 4618 7924 4619 7924 4617 7925 4619 7925 4337 7925 4337 7926 4619 7926 4332 7926 4535 7927 4533 7927 4618 7927 4618 7928 4533 7928 4620 7928 4618 7929 4620 7929 4619 7929 4619 7930 4620 7930 4621 7930 4619 7931 4621 7931 4332 7931 4332 7932 4621 7932 4331 7932 3282 7933 4622 7933 3284 7933 3284 7934 4622 7934 4623 7934 3284 7935 4623 7935 3285 7935 3281 7937 4624 7937 3282 7937 3282 7938 4624 7938 4625 7938 3282 7939 4625 7939 4622 7939 3281 7940 4343 7940 4624 7940 4624 7941 4343 7941 4342 7941 4624 7942 4342 7942 4626 7942 4626 7943 4342 7943 4341 7943 4626 7944 4341 7944 4627 7944 4627 7945 4341 7945 4331 7945 4627 7946 4331 7946 4621 7946 4628 7950 4623 7950 4622 7950 4628 7951 4622 7951 4629 7951 4629 7952 4622 7952 4625 7952 4629 7953 4625 7953 4630 7953 4630 7954 4625 7954 4624 7954 4630 7955 4624 7955 4631 7955 4631 7956 4624 7956 4626 7956 4631 7957 4626 7957 4632 7957 4632 7958 4626 7958 4627 7958 4632 7959 4627 7959 4633 7959 4633 7960 4627 7960 4621 7960 4633 7961 4621 7961 4620 7961 4524 7962 4628 7962 4525 7962 4525 7963 4628 7963 4629 7963 4525 7964 4629 7964 4519 7964 4519 7965 4629 7965 4630 7965 4519 7966 4630 7966 4520 7966 4520 7967 4630 7967 4631 7967 4520 7968 4631 7968 4529 7968 4529 7969 4631 7969 4632 7969 4529 7970 4632 7970 4528 7970 4528 7971 4632 7971 4633 7971 4528 7972 4633 7972 4532 7972 4532 7973 4633 7973 4620 7973 4532 7974 4620 7974 4533 7974 4423 7975 4470 7975 4422 7975 4422 7976 4470 7976 4471 7976 4422 7977 4471 7977 4416 7977 4416 7978 4471 7978 4473 7978 4416 7979 4473 7979 4417 7979 4417 7980 4473 7980 4475 7980 4417 7981 4475 7981 4425 7981 4425 7982 4475 7982 4467 7982 4425 7983 4467 7983 4428 7983 4428 7984 4467 7984 4468 7984 4428 7985 4468 7985 4436 7985 4436 7986 4468 7986 4455 7986 4436 7987 4455 7987 4431 7987 4431 7988 4455 7988 4452 7988 4431 7989 4452 7989 4433 7989 4433 7990 4452 7990 4450 7990 4433 7991 4450 7991 4441 7991 4441 7992 4450 7992 4460 7992 4441 7993 4460 7993 4445 7993 4445 7994 4460 7994 4462 7994 4445 7995 4462 7995 4448 7995 4448 7996 4462 7996 4464 7996 4448 7997 4464 7997 4423 7997 4423 7998 4464 7998 4470 7998 4463 7999 4461 7999 4530 7999 4530 8000 4461 8000 4634 8000 4522 8001 4523 8001 4635 8001 4635 8002 4523 8002 4521 8002 4635 8003 4521 8003 4634 8003 4634 8004 4521 8004 4531 8004 4634 8005 4531 8005 4530 8005 4635 8007 4351 8007 4522 8007 4522 8008 4351 8008 3276 8008 4522 8009 3276 8009 4526 8009 4526 8010 3276 8010 4527 8010 4351 8011 4635 8011 4636 8011 4635 8012 4634 8012 4637 8012 4634 8013 4461 8013 4459 8013 4634 8014 4459 8014 4637 8014 4637 8015 4459 8015 4458 8015 4637 8016 4458 8016 4638 8016 4638 8017 4458 8017 4449 8017 4638 8018 4449 8018 4639 8018 4639 8019 4449 8019 4451 8019 4639 8020 4451 8020 4640 8020 4640 8021 4451 8021 4457 8021 4640 8022 4457 8022 4641 8022 4641 8023 4457 8023 4456 8023 4641 8024 4456 8024 4642 8024 4642 8025 4456 8025 4454 8025 4642 8026 4454 8026 4643 8026 4643 8027 4454 8027 4453 8027 4643 8028 4453 8028 4644 8028 4644 8029 4453 8029 4481 8029 4644 8030 4481 8030 4645 8030 4645 8031 4481 8031 4480 8031 4645 8032 4480 8032 4646 8032 4646 8033 4480 8033 4479 8033 4646 8034 4479 8034 4647 8034 4647 8035 4479 8035 4466 8035 4647 8036 4466 8036 4648 8036 4648 8037 4466 8037 4465 8037 4648 8038 4465 8038 4649 8038 4649 8039 4465 8039 4478 8039 4649 8040 4478 8040 4650 8040 4650 8041 4478 8041 4477 8041 4650 8042 4477 8042 4651 8042 4651 8043 4477 8043 4476 8043 4651 8044 4476 8044 4652 8044 4635 8045 4637 8045 4636 8045 4636 8046 4637 8046 4638 8046 4636 8047 4638 8047 4653 8047 4653 8048 4638 8048 4639 8048 4653 8049 4639 8049 4654 8049 4654 8050 4639 8050 4640 8050 4654 8051 4640 8051 4655 8051 4655 8052 4640 8052 4641 8052 4655 8053 4641 8053 4656 8053 4656 8054 4641 8054 4642 8054 4656 8055 4642 8055 4657 8055 4657 8056 4642 8056 4643 8056 4657 8057 4643 8057 4658 8057 4658 8058 4643 8058 4644 8058 4658 8059 4644 8059 4659 8059 4659 8060 4644 8060 4645 8060 4659 8061 4645 8061 4660 8061 4660 8062 4645 8062 4646 8062 4660 8063 4646 8063 4661 8063 4661 8064 4646 8064 4647 8064 4661 8065 4647 8065 4662 8065 4662 8066 4647 8066 4648 8066 4662 8067 4648 8067 4663 8067 4663 8068 4648 8068 4649 8068 4663 8069 4649 8069 4664 8069 4664 8070 4649 8070 4650 8070 4664 8071 4650 8071 4665 8071 4665 8072 4650 8072 4651 8072 4665 8073 4651 8073 4666 8073 4666 8074 4651 8074 4652 8074 4666 8075 4652 8075 4667 8075 4351 8076 4636 8076 4414 8076 4414 8077 4636 8077 4653 8077 4414 8078 4653 8078 4412 8078 4412 8079 4653 8079 4654 8079 4412 8080 4654 8080 4410 8080 4410 8081 4654 8081 4655 8081 4410 8082 4655 8082 4408 8082 4408 8083 4655 8083 4656 8083 4408 8084 4656 8084 4406 8084 4406 8085 4656 8085 4657 8085 4406 8086 4657 8086 4404 8086 4404 8087 4657 8087 4658 8087 4404 8088 4658 8088 4402 8088 4402 8089 4658 8089 4659 8089 4402 8090 4659 8090 4400 8090 4400 8091 4659 8091 4660 8091 4400 8092 4660 8092 4398 8092 4398 8093 4660 8093 4661 8093 4398 8094 4661 8094 4396 8094 4396 8095 4661 8095 4662 8095 4396 8096 4662 8096 4394 8096 4394 8097 4662 8097 4663 8097 4394 8098 4663 8098 4392 8098 4392 8099 4663 8099 4664 8099 4392 8100 4664 8100 4390 8100 4390 8101 4664 8101 4665 8101 4390 8102 4665 8102 4388 8102 4388 8103 4665 8103 4666 8103 4388 8104 4666 8104 4386 8104 4386 8105 4666 8105 4667 8105 4386 8106 4667 8106 4347 8106 4544 8108 43 8108 4548 8108 43 8109 4347 8109 4667 8109 4548 8110 43 8110 4549 8110 4549 8111 43 8111 4667 8111 4549 8112 4667 8112 4551 8112 4652 8113 4476 8113 4474 8113 4474 8114 4538 8114 4652 8114 4652 8115 4538 8115 4540 8115 4652 8116 4540 8116 4667 8116 4667 8117 4540 8117 4545 8117 4667 8118 4545 8118 4551 8118 4420 8119 4418 8119 4515 8119 4515 8120 4418 8120 4668 8120 4507 8121 4502 8121 4669 8121 4669 8122 4502 8122 4504 8122 4669 8123 4504 8123 4668 8123 4668 8124 4504 8124 4516 8124 4668 8125 4516 8125 4515 8125 4345 8126 4511 8126 4346 8126 4346 8127 4511 8127 4510 8127 4346 8128 4510 8128 4669 8128 4669 8129 4510 8129 4508 8129 4669 8130 4508 8130 4507 8130 4346 8131 4669 8131 4670 8131 4669 8132 4668 8132 4671 8132 4668 8133 4418 8133 4419 8133 4668 8134 4419 8134 4671 8134 4671 8135 4419 8135 4424 8135 4671 8136 4424 8136 4672 8136 4672 8137 4424 8137 4426 8137 4672 8138 4426 8138 4673 8138 4673 8139 4426 8139 4427 8139 4673 8140 4427 8140 4674 8140 4674 8141 4427 8141 4429 8141 4674 8142 4429 8142 4675 8142 4675 8143 4429 8143 4435 8143 4675 8144 4435 8144 4676 8144 4676 8145 4435 8145 4437 8145 4676 8146 4437 8146 4677 8146 4677 8147 4437 8147 4440 8147 4677 8148 4440 8148 4678 8148 4678 8149 4440 8149 4439 8149 4678 8150 4439 8150 4679 8150 4679 8151 4439 8151 4438 8151 4679 8152 4438 8152 4680 8152 4680 8153 4438 8153 4430 8153 4680 8154 4430 8154 4681 8154 4681 8155 4430 8155 4432 8155 4681 8156 4432 8156 4682 8156 4682 8157 4432 8157 4434 8157 4682 8158 4434 8158 4683 8158 4683 8159 4434 8159 4443 8159 4683 8160 4443 8160 4684 8160 4684 8161 4443 8161 4442 8161 4684 8162 4442 8162 4685 8162 4685 8163 4442 8163 4447 8163 4685 8164 4447 8164 4686 8164 4669 8165 4671 8165 4670 8165 4670 8166 4671 8166 4672 8166 4670 8167 4672 8167 4687 8167 4687 8168 4672 8168 4673 8168 4687 8169 4673 8169 4688 8169 4688 8170 4673 8170 4674 8170 4688 8171 4674 8171 4689 8171 4689 8172 4674 8172 4675 8172 4689 8173 4675 8173 4690 8173 4690 8174 4675 8174 4676 8174 4690 8175 4676 8175 4691 8175 4691 8176 4676 8176 4677 8176 4691 8177 4677 8177 4692 8177 4692 8178 4677 8178 4678 8178 4692 8179 4678 8179 4693 8179 4693 8180 4678 8180 4679 8180 4693 8181 4679 8181 4694 8181 4694 8182 4679 8182 4680 8182 4694 8183 4680 8183 4695 8183 4695 8184 4680 8184 4681 8184 4695 8185 4681 8185 4696 8185 4696 8186 4681 8186 4682 8186 4696 8187 4682 8187 4697 8187 4697 8188 4682 8188 4683 8188 4697 8189 4683 8189 4698 8189 4698 8190 4683 8190 4684 8190 4698 8191 4684 8191 4699 8191 4699 8192 4684 8192 4685 8192 4699 8193 4685 8193 4700 8193 4700 8194 4685 8194 4686 8194 4700 8195 4686 8195 4701 8195 4346 8196 4670 8196 4387 8196 4387 8197 4670 8197 4687 8197 4387 8198 4687 8198 4389 8198 4389 8199 4687 8199 4688 8199 4389 8200 4688 8200 4391 8200 4391 8201 4688 8201 4689 8201 4391 8202 4689 8202 4393 8202 4393 8203 4689 8203 4690 8203 4393 8204 4690 8204 4395 8204 4395 8205 4690 8205 4691 8205 4395 8206 4691 8206 4397 8206 4397 8207 4691 8207 4692 8207 4397 8208 4692 8208 4399 8208 4399 8209 4692 8209 4693 8209 4399 8210 4693 8210 4401 8210 4401 8211 4693 8211 4694 8211 4401 8212 4694 8212 4403 8212 4403 8213 4694 8213 4695 8213 4403 8214 4695 8214 4405 8214 4405 8215 4695 8215 4696 8215 4405 8216 4696 8216 4407 8216 4407 8217 4696 8217 4697 8217 4407 8218 4697 8218 4409 8218 4409 8219 4697 8219 4698 8219 4409 8220 4698 8220 4411 8220 4411 8221 4698 8221 4699 8221 4411 8222 4699 8222 4413 8222 4413 8223 4699 8223 4700 8223 4413 8224 4700 8224 4415 8224 4415 8225 4700 8225 4701 8225 4415 8226 4701 8226 4350 8226 4496 8227 4495 8227 4701 8227 4492 8228 4349 8228 4350 8228 4701 8229 4495 8229 4350 8229 4350 8230 4495 8230 4493 8230 4350 8231 4493 8231 4492 8231 4686 7263 4447 7263 4446 7263 4446 8232 4486 8232 4686 8232 4686 8233 4486 8233 4484 8233 4686 8234 4484 8234 4701 8234 4701 8235 4484 8235 4483 8235 4701 8236 4483 8236 4496 8236 1569 8237 1568 8237 4702 8237 4702 8238 1568 8238 4703 8238 4703 8239 1568 8239 4704 8239 4704 8240 1568 8240 1566 8240 4704 8241 1566 8241 1577 8241 4705 8242 4706 8242 1578 8242 1578 8243 4706 8243 4707 8243 1578 8244 4707 8244 1577 8244 1577 8245 4707 8245 4708 8245 1577 8246 4708 8246 4704 8246 4709 8247 1579 8247 4710 8247 4710 8248 1579 8248 1581 8248 4710 8249 1581 8249 4711 8249 1581 8250 1588 8250 4711 8250 4711 8251 1588 8251 1589 8251 4711 8252 1589 8252 4712 8252 1589 8253 1587 8253 4712 8253 4712 8254 1587 8254 1586 8254 4712 8255 1586 8255 4713 8255 4713 8256 1586 8256 1584 8256 1523 0 4714 0 24 0 24 0 4714 0 4715 0 1527 1 4716 1 29 1 29 1 4716 1 4717 1 4718 200 4719 200 4720 200 4720 200 4719 200 4721 200 4722 2 4705 2 1578 2 4722 2 1578 2 4723 2 1579 2 4709 2 4724 2 4724 2 4725 2 1579 2 1579 8257 4725 8257 4726 8257 1579 2 4726 2 1578 2 1578 2 4726 2 4727 2 1578 8258 4727 8258 4723 8258 4728 200 4729 200 4730 200 4730 200 4729 200 4731 200 4715 8259 4714 8259 4732 8259 4732 8260 4714 8260 4733 8260 4732 8261 4733 8261 4734 8261 4734 8262 4733 8262 4735 8262 4734 8263 4735 8263 4736 8263 4736 8263 4735 8263 4737 8263 4736 8264 4737 8264 4738 8264 4738 8265 4737 8265 4739 8265 4738 8266 4739 8266 4740 8266 4740 8267 4739 8267 4741 8267 4740 8268 4741 8268 4742 8268 4742 8269 4741 8269 4743 8269 4742 8270 4743 8270 4744 8270 4744 8271 4743 8271 4745 8271 4744 8272 4745 8272 4746 8272 4746 8273 4745 8273 4747 8273 4746 8274 4747 8274 4748 8274 4748 8275 4747 8275 4749 8275 4748 8276 4749 8276 4750 8276 4750 8277 4749 8277 4751 8277 4750 8278 4751 8278 4752 8278 4752 8279 4751 8279 4753 8279 4752 8280 4753 8280 4754 8280 4754 8281 4753 8281 4755 8281 4754 8282 4755 8282 4756 8282 4756 8283 4755 8283 4757 8283 4756 8284 4757 8284 4758 8284 4758 8284 4757 8284 4759 8284 4758 8285 4759 8285 4760 8285 4760 8286 4759 8286 4761 8286 4760 8287 4761 8287 4716 8287 4716 8288 4761 8288 4717 8288 4762 2 4763 2 4764 2 4764 2 4763 2 4765 2 4766 2 4767 2 4768 2 4766 2 4768 2 4769 2 4770 2 4771 2 4766 2 4766 8289 4771 8289 4772 8289 4766 8290 4772 8290 4767 8290 4729 8291 4773 8291 4774 8291 4774 8292 4773 8292 4775 8292 4774 2 4775 2 4770 2 4770 2 4775 2 4776 2 4770 8293 4776 8293 4771 8293 4774 2 4777 2 4729 2 4729 2 4777 2 4765 2 4729 8294 4765 8294 4731 8294 4731 8295 4765 8295 4763 8295 4778 2 4779 2 4780 2 4780 8296 4779 8296 4781 8296 4768 2 4782 2 4769 2 4769 8297 4782 8297 4783 8297 4769 8298 4783 8298 4784 8298 4784 2 4783 2 4785 2 4784 2 4785 2 4786 2 4778 2 4787 2 4779 2 4779 8299 4787 8299 4788 8299 4779 2 4788 2 4789 2 4789 8300 4788 8300 4790 8300 4789 2 4790 2 4762 2 4762 2 4790 2 4791 2 4762 8301 4791 8301 4763 8301 4786 2 4792 2 4784 2 4784 2 4792 2 4793 2 4784 2 4793 2 4781 2 4781 8302 4793 8302 4794 8302 4781 2 4794 2 4780 2 4795 1648 4796 1648 4797 1648 4797 8303 4796 8303 4798 8303 4799 1648 4800 1648 4801 1648 4802 1648 4803 1648 4797 1648 4797 1648 4803 1648 4804 1648 4797 8304 4804 8304 4795 8304 4801 1648 4800 1648 4805 1648 4805 8305 4800 8305 4806 8305 4805 8306 4806 8306 4807 8306 4807 8307 4806 8307 4808 8307 4807 1648 4808 1648 4809 1648 4810 8308 4811 8308 4808 8308 4808 8309 4811 8309 4812 8309 4808 8310 4812 8310 4809 8310 4813 1648 4814 1648 4815 1648 4815 8311 4814 8311 4816 8311 4815 1648 4816 1648 4810 1648 4810 8312 4816 8312 4817 8312 4810 8313 4817 8313 4811 8313 4796 8314 4818 8314 4798 8314 4798 8315 4818 8315 4819 8315 4798 1648 4819 1648 4815 1648 4815 8316 4819 8316 4820 8316 4815 1648 4820 1648 4813 1648 4801 8317 4821 8317 4799 8317 4799 8318 4821 8318 4721 8318 4799 8319 4721 8319 4822 8319 4822 1648 4721 1648 4719 1648 4822 1648 4719 1648 4823 1648 4823 1648 4719 1648 4824 1648 4823 1648 4824 1648 4825 1648 4825 1648 4824 1648 4826 1648 4825 8320 4826 8320 4802 8320 4802 1648 4826 1648 4827 1648 4802 8321 4827 8321 4803 8321 4729 8322 4728 8322 4828 8322 4729 8323 4828 8323 4773 8323 4829 8324 4830 8324 4831 8324 4831 8325 4830 8325 4832 8325 4831 8326 4832 8326 4833 8326 4833 8327 4832 8327 4775 8327 4828 8328 4834 8328 4773 8328 4773 8329 4834 8329 4835 8329 4773 8330 4835 8330 4775 8330 4775 8331 4835 8331 4836 8331 4775 8332 4836 8332 4833 8332 4837 8335 4838 8335 4839 8335 4837 8336 4839 8336 4840 8336 4840 8337 4839 8337 4841 8337 4840 8338 4841 8338 4842 8338 4831 8339 4843 8339 4829 8339 4829 8340 4843 8340 4844 8340 4829 8341 4844 8341 4842 8341 4842 8342 4844 8342 4845 8342 4842 8343 4845 8343 4840 8343 4846 8344 4847 8344 4848 8344 4848 8345 4847 8345 4849 8345 4848 8346 4849 8346 4850 8346 4850 8347 4849 8347 4851 8347 4850 8348 4851 8348 4852 8348 4848 8349 4853 8349 4846 8349 4846 8350 4853 8350 4854 8350 4846 8351 4854 8351 4855 8351 4855 8352 4854 8352 4856 8352 4855 8353 4856 8353 1526 8353 1526 8354 4856 8354 4857 8354 4858 8356 4859 8356 4791 8356 4791 8357 4859 8357 4763 8357 4858 8358 4791 8358 4860 8358 4860 8359 4791 8359 4861 8359 4860 8360 4861 8360 4852 8360 4852 8361 4861 8361 4862 8361 4852 8362 4862 8362 4850 8362 4730 8363 4731 8363 4863 8363 4863 8364 4731 8364 4763 8364 4863 8365 4763 8365 4864 8365 4864 8366 4763 8366 4859 8366 4865 8367 4866 8367 4867 8367 4868 8368 1530 8368 4869 8368 4869 8369 1530 8369 4870 8369 4869 8370 4870 8370 4867 8370 4867 8371 4870 8371 4871 8371 4867 8372 4871 8372 4865 8372 4868 8373 4872 8373 1530 8373 1530 8374 4872 8374 4873 8374 4874 8376 4801 8376 4875 8376 4875 8377 4801 8377 4876 8377 4875 8378 4876 8378 4866 8378 4866 8379 4876 8379 4877 8379 4866 8380 4877 8380 4867 8380 4874 8381 4878 8381 4801 8381 4801 8382 4878 8382 4879 8382 4801 8383 4879 8383 4821 8383 4720 8384 4721 8384 4880 8384 4880 8385 4721 8385 4821 8385 4880 8386 4821 8386 4881 8386 4881 8387 4821 8387 4879 8387 4719 8388 4718 8388 4882 8388 4719 8389 4882 8389 4824 8389 4826 8390 4883 8390 4884 8390 4884 8391 4883 8391 4885 8391 4884 8392 4885 8392 4886 8392 4882 8393 4887 8393 4824 8393 4824 8394 4887 8394 4888 8394 4824 8395 4888 8395 4826 8395 4826 8396 4888 8396 4889 8396 4826 8397 4889 8397 4883 8397 4886 8399 4885 8399 4891 8399 4891 8400 4885 8400 4892 8400 4891 8401 4892 8401 4893 8401 4890 8402 4894 8402 25 8402 25 8403 4894 8403 4895 8403 25 8404 4895 8404 4896 8404 4896 8405 4895 8405 4897 8405 4896 8406 4897 8406 4898 8406 4898 8407 4897 8407 4891 8407 4898 8408 4891 8408 4899 8408 4899 8409 4891 8409 4893 8409 1925 8411 4900 8411 4901 8411 4837 8413 4840 8413 4902 8413 4902 8414 4840 8414 4845 8414 4902 8415 4845 8415 4903 8415 4903 8416 4845 8416 4844 8416 4903 8417 4844 8417 4904 8417 4904 8418 4844 8418 4843 8418 4904 8419 4843 8419 4905 8419 4905 8420 4843 8420 4831 8420 4905 8421 4831 8421 4906 8421 4831 8422 4833 8422 4906 8422 4906 8423 4833 8423 4836 8423 4906 8424 4836 8424 4907 8424 4907 8425 4836 8425 4835 8425 4907 8426 4835 8426 4908 8426 4900 8430 4902 8430 4903 8430 4900 8431 4903 8431 4901 8431 4901 8432 4903 8432 4904 8432 4901 8433 4904 8433 4909 8433 4909 8434 4904 8434 4905 8434 4909 8435 4905 8435 4910 8435 4910 8436 4905 8436 4906 8436 4910 8437 4906 8437 4911 8437 4911 8438 4906 8438 4907 8438 4911 8439 4907 8439 4912 8439 4912 8440 4907 8440 4908 8440 4912 8441 4908 8441 4913 8441 1926 8442 4901 8442 1584 8442 1584 8443 4901 8443 4909 8443 1584 8444 4909 8444 4713 8444 4713 8445 4909 8445 4910 8445 4713 8446 4910 8446 4712 8446 4712 8447 4910 8447 4911 8447 4712 8448 4911 8448 4711 8448 4711 8449 4911 8449 4912 8449 4711 8450 4912 8450 4710 8450 4710 8451 4912 8451 4913 8451 4710 8452 4913 8452 4709 8452 4835 8453 4834 8453 4908 8453 4908 8454 4834 8454 4914 8454 4908 8455 4914 8455 4913 8455 4913 8456 4914 8456 4915 8456 4913 8457 4915 8457 4709 8457 4709 8458 4915 8458 4724 8458 4834 8459 4828 8459 4914 8459 4914 8460 4828 8460 4916 8460 4914 8461 4916 8461 4915 8461 4915 8462 4916 8462 4917 8462 4915 8463 4917 8463 4724 8463 4724 8464 4917 8464 4725 8464 4828 8465 4728 8465 4916 8465 4916 8466 4728 8466 4918 8466 4916 8467 4918 8467 4917 8467 4917 8468 4918 8468 4919 8468 4917 8469 4919 8469 4725 8469 4725 8470 4919 8470 4726 8470 4727 8471 4726 8471 4919 8471 4727 8472 4919 8472 4920 8472 4920 8473 4919 8473 4918 8473 4920 8474 4918 8474 4921 8474 4921 8475 4918 8475 4728 8475 4921 8476 4728 8476 4730 8476 4730 8477 4863 8477 4921 8477 4921 8478 4863 8478 4922 8478 4921 8479 4922 8479 4920 8479 4920 8480 4922 8480 4923 8480 4920 8481 4923 8481 4727 8481 4727 8482 4923 8482 4723 8482 4863 8483 4864 8483 4922 8483 4922 8484 4864 8484 4924 8484 4922 8485 4924 8485 4923 8485 4923 8486 4924 8486 4925 8486 4923 8487 4925 8487 4723 8487 4723 8488 4925 8488 4722 8488 4864 8489 4859 8489 4924 8489 4924 8490 4859 8490 4926 8490 4924 8491 4926 8491 4925 8491 4925 8492 4926 8492 4927 8492 4925 8493 4927 8493 4722 8493 4722 8494 4927 8494 4705 8494 4708 8495 4707 8495 4928 8495 1569 8496 4929 8496 1922 8496 1922 8497 4929 8497 4930 8497 4931 8502 4930 8502 4929 8502 4931 8503 4929 8503 4932 8503 4932 8504 4929 8504 4933 8504 4932 8505 4933 8505 4934 8505 4934 8506 4933 8506 4935 8506 4934 8507 4935 8507 4936 8507 4936 8508 4849 8508 4934 8508 4934 8509 4849 8509 4847 8509 4934 8510 4847 8510 4932 8510 4932 8511 4847 8511 4846 8511 4932 8512 4846 8512 4931 8512 4931 8513 4846 8513 4855 8513 4708 8514 4928 8514 4704 8514 4860 8515 4852 8515 4936 8515 4936 8516 4852 8516 4851 8516 4936 8517 4851 8517 4849 8517 4707 8518 4706 8518 4928 8518 4928 8519 4706 8519 4937 8519 4928 8520 4937 8520 4938 8520 4938 8521 4937 8521 4939 8521 4926 8522 4939 8522 4927 8522 4927 8523 4939 8523 4937 8523 4927 8524 4937 8524 4705 8524 4705 8525 4937 8525 4706 8525 1569 8526 4702 8526 4929 8526 4929 8527 4702 8527 4703 8527 4929 8528 4703 8528 4933 8528 4933 8529 4703 8529 4704 8529 4933 8530 4704 8530 4935 8530 4935 8531 4704 8531 4928 8531 4935 8532 4928 8532 4936 8532 4936 8533 4928 8533 4938 8533 4936 8534 4938 8534 4860 8534 4860 8535 4938 8535 4939 8535 4860 8536 4939 8536 4858 8536 4858 8537 4939 8537 4926 8537 4858 8538 4926 8538 4859 8538 263 8540 4940 8540 4941 8540 264 8542 4941 8542 271 8542 271 8543 4941 8543 4942 8543 271 8544 4942 8544 270 8544 270 8545 4942 8545 4943 8545 270 8546 4943 8546 268 8546 4896 8547 4898 8547 4944 8547 4944 8548 4898 8548 4899 8548 4944 8549 4899 8549 4945 8549 4945 8550 4899 8550 4893 8550 4945 8551 4893 8551 4946 8551 4946 8552 4893 8552 4892 8552 4946 8553 4892 8553 4947 8553 4947 8554 4892 8554 4885 8554 4947 8555 4885 8555 4948 8555 4885 8556 4883 8556 4948 8556 4948 8557 4883 8557 4889 8557 4948 8558 4889 8558 4949 8558 4949 8559 4889 8559 4888 8559 4949 8560 4888 8560 4950 8560 4940 8564 4944 8564 4945 8564 4940 8565 4945 8565 4941 8565 4941 8566 4945 8566 4946 8566 4941 8567 4946 8567 4942 8567 4942 8568 4946 8568 4947 8568 4942 8569 4947 8569 4943 8569 4943 8570 4947 8570 4948 8570 4943 8571 4948 8571 4951 8571 4951 8572 4948 8572 4949 8572 4951 8573 4949 8573 4952 8573 4952 8574 4949 8574 4950 8574 4952 8575 4950 8575 4953 8575 268 8576 4943 8576 266 8576 266 8577 4943 8577 4951 8577 266 8578 4951 8578 273 8578 273 8579 4951 8579 4952 8579 273 8580 4952 8580 272 8580 272 8581 4952 8581 4953 8581 272 8582 4953 8582 36 8582 4888 8583 4887 8583 4950 8583 4950 8584 4887 8584 4954 8584 4950 8585 4954 8585 4953 8585 4953 8586 4954 8586 4955 8586 4953 8587 4955 8587 36 8587 36 8588 4955 8588 37 8588 4887 8589 4882 8589 4954 8589 4954 8590 4882 8590 4956 8590 4954 8591 4956 8591 4955 8591 4955 8592 4956 8592 4957 8592 4955 8593 4957 8593 37 8593 37 8594 4957 8594 39 8594 4882 8595 4718 8595 4956 8595 4956 8596 4718 8596 4958 8596 4956 8597 4958 8597 4957 8597 4957 8598 4958 8598 4959 8598 4957 8599 4959 8599 39 8599 39 8600 4959 8600 40 8600 31 8601 40 8601 4959 8601 31 8602 4959 8602 4960 8602 4960 8603 4959 8603 4958 8603 4960 8604 4958 8604 4961 8604 4961 8605 4958 8605 4718 8605 4961 8606 4718 8606 4720 8606 4880 8607 4881 8607 4962 8607 4962 8608 4881 8608 4963 8608 4962 8609 4963 8609 4964 8609 4964 8610 4963 8610 4965 8610 4881 8611 4879 8611 4963 8611 4963 8612 4879 8612 4966 8612 4963 8613 4966 8613 4965 8613 4965 8614 4966 8614 4967 8614 31 8615 4960 8615 32 8615 4720 8616 4880 8616 4961 8616 4961 8617 4880 8617 4962 8617 4961 8618 4962 8618 4960 8618 4960 8619 4962 8619 4964 8619 4960 8620 4964 8620 32 8620 32 8621 4964 8621 4965 8621 32 8622 4965 8622 34 8622 34 8623 4965 8623 4967 8623 34 8624 4967 8624 35 8624 4968 8626 1557 8626 1555 8626 4968 8627 1555 8627 4969 8627 4969 8628 1555 8628 1554 8628 4969 8629 1554 8629 4970 8629 4970 8630 1554 8630 1553 8630 4970 8631 1553 8631 4971 8631 4971 8632 1553 8632 1551 8632 4971 8633 1551 8633 4972 8633 4972 8634 1551 8634 1550 8634 4972 8635 1550 8635 4973 8635 4973 8636 1550 8636 35 8636 4973 8637 35 8637 4967 8637 4974 8641 4968 8641 4969 8641 4974 8642 4969 8642 4975 8642 4975 8643 4969 8643 4970 8643 4975 8644 4970 8644 4976 8644 4976 8645 4970 8645 4971 8645 4976 8646 4971 8646 4977 8646 4977 8647 4971 8647 4972 8647 4977 8648 4972 8648 4978 8648 4978 8649 4972 8649 4973 8649 4978 8650 4973 8650 4979 8650 4979 8651 4973 8651 4967 8651 4979 8652 4967 8652 4966 8652 4870 8653 4974 8653 4871 8653 4871 8654 4974 8654 4975 8654 4871 8655 4975 8655 4865 8655 4865 8656 4975 8656 4976 8656 4865 8657 4976 8657 4866 8657 4866 8658 4976 8658 4977 8658 4866 8659 4977 8659 4875 8659 4875 8660 4977 8660 4978 8660 4875 8661 4978 8661 4874 8661 4874 8662 4978 8662 4979 8662 4874 8663 4979 8663 4878 8663 4878 8664 4979 8664 4966 8664 4878 8665 4966 8665 4879 8665 4765 8666 4822 8666 4764 8666 4764 8667 4822 8667 4823 8667 4764 8668 4823 8668 4762 8668 4762 7990 4823 7990 4825 7990 4762 7991 4825 7991 4789 7991 4789 8669 4825 8669 4802 8669 4789 7993 4802 7993 4779 7993 4779 8670 4802 8670 4797 8670 4779 8671 4797 8671 4781 8671 4781 8671 4797 8671 4798 8671 4781 8672 4798 8672 4784 8672 4784 8673 4798 8673 4815 8673 4784 8674 4815 8674 4769 8674 4769 8675 4815 8675 4810 8675 4769 8676 4810 8676 4766 8676 4766 8676 4810 8676 4808 8676 4766 8677 4808 8677 4770 8677 4770 7980 4808 7980 4806 7980 4770 8678 4806 8678 4774 8678 4774 7982 4806 7982 4800 7982 4774 7983 4800 7983 4777 7983 4777 8679 4800 8679 4799 8679 4777 8680 4799 8680 4765 8680 4765 8681 4799 8681 4822 8681 4801 8682 4805 8682 4876 8682 4876 8683 4805 8683 4980 8683 4876 8684 4980 8684 4877 8684 4877 8685 4980 8685 4867 8685 4867 8686 4980 8686 4981 8686 4867 8687 4981 8687 4869 8687 1527 8689 4873 8689 4872 8689 1527 8690 4872 8690 4868 8690 4716 8691 1527 8691 4981 8691 4981 8692 1527 8692 4868 8692 4981 8693 4868 8693 4869 8693 4716 8694 4981 8694 4982 8694 4981 8695 4980 8695 4983 8695 4980 8696 4805 8696 4807 8696 4980 8697 4807 8697 4983 8697 4983 8698 4807 8698 4809 8698 4983 8699 4809 8699 4984 8699 4984 8700 4809 8700 4812 8700 4984 8701 4812 8701 4985 8701 4985 8702 4812 8702 4811 8702 4985 8703 4811 8703 4986 8703 4986 8704 4811 8704 4817 8704 4986 8705 4817 8705 4987 8705 4987 8706 4817 8706 4816 8706 4987 8707 4816 8707 4988 8707 4988 8708 4816 8708 4814 8708 4988 8709 4814 8709 4989 8709 4989 8710 4814 8710 4813 8710 4989 8711 4813 8711 4990 8711 4990 8712 4813 8712 4820 8712 4990 8713 4820 8713 4991 8713 4991 8714 4820 8714 4819 8714 4991 8715 4819 8715 4992 8715 4992 8716 4819 8716 4818 8716 4992 8717 4818 8717 4993 8717 4993 8718 4818 8718 4796 8718 4993 8719 4796 8719 4994 8719 4994 8720 4796 8720 4795 8720 4994 8721 4795 8721 4995 8721 4995 8722 4795 8722 4804 8722 4995 8723 4804 8723 4996 8723 4996 8724 4804 8724 4803 8724 4996 8725 4803 8725 4997 8725 4997 8726 4803 8726 4827 8726 4997 8727 4827 8727 4998 8727 4981 8728 4983 8728 4982 8728 4982 8729 4983 8729 4984 8729 4982 8730 4984 8730 4999 8730 4999 8731 4984 8731 4985 8731 4999 8732 4985 8732 5000 8732 5000 8733 4985 8733 4986 8733 5000 8734 4986 8734 5001 8734 5001 8735 4986 8735 4987 8735 5001 8736 4987 8736 5002 8736 5002 8737 4987 8737 4988 8737 5002 8738 4988 8738 5003 8738 5003 8739 4988 8739 4989 8739 5003 8740 4989 8740 5004 8740 5004 8741 4989 8741 4990 8741 5004 8742 4990 8742 5005 8742 5005 8743 4990 8743 4991 8743 5005 8744 4991 8744 5006 8744 5006 8745 4991 8745 4992 8745 5006 8746 4992 8746 5007 8746 5007 8747 4992 8747 4993 8747 5007 8748 4993 8748 5008 8748 5008 8749 4993 8749 4994 8749 5008 8750 4994 8750 5009 8750 5009 8751 4994 8751 4995 8751 5009 8752 4995 8752 5010 8752 5010 8753 4995 8753 4996 8753 5010 8754 4996 8754 5011 8754 5011 8755 4996 8755 4997 8755 5011 8756 4997 8756 5012 8756 5012 8757 4997 8757 4998 8757 5012 8758 4998 8758 5013 8758 4716 8759 4982 8759 4760 8759 4760 8760 4982 8760 4999 8760 4760 8761 4999 8761 4758 8761 4758 8762 4999 8762 5000 8762 4758 8763 5000 8763 4756 8763 4756 8764 5000 8764 5001 8764 4756 8765 5001 8765 4754 8765 4754 8766 5001 8766 5002 8766 4754 8767 5002 8767 4752 8767 4752 8768 5002 8768 5003 8768 4752 8769 5003 8769 4750 8769 4750 8770 5003 8770 5004 8770 4750 8771 5004 8771 4748 8771 4748 8772 5004 8772 5005 8772 4748 8773 5005 8773 4746 8773 4746 8774 5005 8774 5006 8774 4746 8775 5006 8775 4744 8775 4744 8776 5006 8776 5007 8776 4744 8777 5007 8777 4742 8777 4742 8778 5007 8778 5008 8778 4742 8779 5008 8779 4740 8779 4740 8780 5008 8780 5009 8780 4740 8781 5009 8781 4738 8781 4738 8782 5009 8782 5010 8782 4738 8783 5010 8783 4736 8783 4736 8784 5010 8784 5011 8784 4736 8785 5011 8785 4734 8785 4734 8786 5011 8786 5012 8786 4734 8787 5012 8787 4732 8787 4732 8788 5012 8788 5013 8788 4732 8789 5013 8789 4715 8789 4897 8790 4895 8790 5013 8790 24 8792 4715 8792 5013 8792 5013 8793 4895 8793 24 8793 24 8794 4895 8794 4894 8794 24 8795 4894 8795 4890 8795 4998 8796 4827 8796 4826 8796 4826 8797 4884 8797 4998 8797 4998 8798 4884 8798 4886 8798 4998 8799 4886 8799 5013 8799 5013 8800 4886 8800 4891 8800 5013 8801 4891 8801 4897 8801 4791 8802 4790 8802 4861 8802 4861 8803 4790 8803 5014 8803 5015 8804 4854 8804 4853 8804 4853 8805 4848 8805 5015 8805 5015 8806 4848 8806 4850 8806 5015 8807 4850 8807 5014 8807 5014 8808 4850 8808 4862 8808 5014 8809 4862 8809 4861 8809 5015 8811 4714 8811 4854 8811 4854 8812 4714 8812 1523 8812 4854 8813 1523 8813 4856 8813 4856 8814 1523 8814 4857 8814 4714 8815 5015 8815 5016 8815 5015 8816 5014 8816 5017 8816 5014 8817 4790 8817 4788 8817 5014 8818 4788 8818 5017 8818 5017 8819 4788 8819 4787 8819 5017 8820 4787 8820 5018 8820 5018 8821 4787 8821 4778 8821 5018 8822 4778 8822 5019 8822 5019 8823 4778 8823 4780 8823 5019 8824 4780 8824 5020 8824 5020 8825 4780 8825 4794 8825 5020 8826 4794 8826 5021 8826 5021 8827 4794 8827 4793 8827 5021 8828 4793 8828 5022 8828 5022 8829 4793 8829 4792 8829 5022 8830 4792 8830 5023 8830 5023 8831 4792 8831 4786 8831 5023 8832 4786 8832 5024 8832 5024 8833 4786 8833 4785 8833 5024 8834 4785 8834 5025 8834 5025 8835 4785 8835 4783 8835 5025 8836 4783 8836 5026 8836 5026 8837 4783 8837 4782 8837 5026 8838 4782 8838 5027 8838 5027 8839 4782 8839 4768 8839 5027 8840 4768 8840 5028 8840 5028 8841 4768 8841 4767 8841 5028 8842 4767 8842 5029 8842 5029 8843 4767 8843 4772 8843 5029 8844 4772 8844 5030 8844 5030 8845 4772 8845 4771 8845 5030 8846 4771 8846 5031 8846 5031 8847 4771 8847 4776 8847 5031 8848 4776 8848 5032 8848 5015 8849 5017 8849 5016 8849 5016 8850 5017 8850 5018 8850 5016 8851 5018 8851 5033 8851 5033 8852 5018 8852 5019 8852 5033 8853 5019 8853 5034 8853 5034 8854 5019 8854 5020 8854 5034 8855 5020 8855 5035 8855 5035 8856 5020 8856 5021 8856 5035 8857 5021 8857 5036 8857 5036 8858 5021 8858 5022 8858 5036 8859 5022 8859 5037 8859 5037 8860 5022 8860 5023 8860 5037 8861 5023 8861 5038 8861 5038 8862 5023 8862 5024 8862 5038 8863 5024 8863 5039 8863 5039 8864 5024 8864 5025 8864 5039 8865 5025 8865 5040 8865 5040 8866 5025 8866 5026 8866 5040 8867 5026 8867 5041 8867 5041 8868 5026 8868 5027 8868 5041 8869 5027 8869 5042 8869 5042 8870 5027 8870 5028 8870 5042 8871 5028 8871 5043 8871 5043 8872 5028 8872 5029 8872 5043 8873 5029 8873 5044 8873 5044 8874 5029 8874 5030 8874 5044 8875 5030 8875 5045 8875 5045 8876 5030 8876 5031 8876 5045 8877 5031 8877 5046 8877 5046 8878 5031 8878 5032 8878 5046 8879 5032 8879 5047 8879 4714 8880 5016 8880 4733 8880 4733 8881 5016 8881 5033 8881 4733 8882 5033 8882 4735 8882 4735 8883 5033 8883 5034 8883 4735 8884 5034 8884 4737 8884 4737 8885 5034 8885 5035 8885 4737 8886 5035 8886 4739 8886 4739 8887 5035 8887 5036 8887 4739 8888 5036 8888 4741 8888 4741 8889 5036 8889 5037 8889 4741 8890 5037 8890 4743 8890 4743 8891 5037 8891 5038 8891 4743 8892 5038 8892 4745 8892 4745 8893 5038 8893 5039 8893 4745 8894 5039 8894 4747 8894 4747 8895 5039 8895 5040 8895 4747 8896 5040 8896 4749 8896 4749 8897 5040 8897 5041 8897 4749 8898 5041 8898 4751 8898 4751 8899 5041 8899 5042 8899 4751 8900 5042 8900 4753 8900 4753 8901 5042 8901 5043 8901 4753 8902 5043 8902 4755 8902 4755 8903 5043 8903 5044 8903 4755 8904 5044 8904 4757 8904 4757 8905 5044 8905 5045 8905 4757 8906 5045 8906 4759 8906 4759 8907 5045 8907 5046 8907 4759 8908 5046 8908 4761 8908 4761 8909 5046 8909 5047 8909 4761 8910 5047 8910 4717 8910 4842 8911 4841 8911 5047 8911 4838 8913 29 8913 4839 8913 4839 8914 29 8914 4841 8914 4841 8915 29 8915 4717 8915 4841 8916 4717 8916 5047 8916 5032 8917 4776 8917 4775 8917 4775 8918 4832 8918 5032 8918 5032 8919 4832 8919 4830 8919 5032 8920 4830 8920 5047 8920 5047 8921 4830 8921 4829 8921 5047 8922 4829 8922 4842 8922 260 1648 5048 1648 5049 1648 5050 1648 261 1648 5051 1648 5051 8923 261 8923 5052 8923 5049 1648 5053 1648 260 1648 260 8924 5053 8924 5054 8924 260 8925 5054 8925 261 8925 261 8926 5054 8926 5055 8926 261 8927 5055 8927 5052 8927 5056 1 258 1 5057 1 5057 1 258 1 257 1 5057 1 257 1 5058 1 5058 1 257 1 5059 1 5060 200 5061 200 5062 200 5062 200 5061 200 5063 200 5048 8928 260 8928 259 8928 253 8929 5064 8929 259 8929 259 8930 5064 8930 5065 8930 259 8931 5065 8931 5048 8931 5066 8932 249 8932 251 8932 5066 8933 251 8933 5067 8933 5067 8934 251 8934 261 8934 5067 8935 261 8935 5050 8935 255 0 5068 0 5069 0 5070 0 5071 0 5069 0 5069 0 5071 0 19 0 5069 0 19 0 255 0 5072 2 5073 2 247 2 245 2 5074 2 5075 2 5072 2 247 2 5076 2 5075 2 5077 2 245 2 245 8936 5077 8936 5078 8936 245 2 5078 2 247 2 247 2 5078 2 5079 2 247 2 5079 2 5076 2 5080 200 5081 200 5082 200 5082 200 5081 200 5083 200 254 8937 5084 8937 5085 8937 5086 8939 255 8939 254 8939 5086 8940 254 8940 5087 8940 5087 8941 254 8941 5085 8941 5084 8942 254 8942 5088 8942 5088 8943 254 8943 248 8943 5088 8944 248 8944 5089 8944 5073 8945 5090 8945 247 8945 247 8946 5090 8946 5091 8946 247 8947 5091 8947 248 8947 248 8948 5091 8948 5092 8948 248 8949 5092 8949 5089 8949 5093 8950 5094 8950 243 8950 5095 8951 5074 8951 245 8951 243 8952 5094 8952 245 8952 245 8953 5094 8953 5096 8953 245 8954 5096 8954 5095 8954 242 8955 5097 8955 243 8955 243 8956 5097 8956 5098 8956 243 8957 5098 8957 5093 8957 258 8958 5056 8958 242 8958 242 8959 5056 8959 5099 8959 5099 8960 5100 8960 242 8960 242 8961 5100 8961 5101 8961 242 8962 5101 8962 5097 8962 5071 8963 5070 8963 5102 8963 5102 8964 5070 8964 5103 8964 5102 8965 5103 8965 5104 8965 5104 8966 5103 8966 5105 8966 5104 8967 5105 8967 5106 8967 5106 8967 5105 8967 5107 8967 5106 8968 5107 8968 5108 8968 5108 8969 5107 8969 5109 8969 5108 8970 5109 8970 5110 8970 5110 8971 5109 8971 5111 8971 5110 8268 5111 8268 5112 8268 5112 8972 5111 8972 5113 8972 5112 8270 5113 8270 5114 8270 5114 8271 5113 8271 5115 8271 5114 8973 5115 8973 5116 8973 5116 8974 5115 8974 5117 8974 5116 8975 5117 8975 5118 8975 5118 8976 5117 8976 5119 8976 5118 8276 5119 8276 5120 8276 5120 8277 5119 8277 5121 8277 5120 8977 5121 8977 5122 8977 5122 8279 5121 8279 5123 8279 5122 8280 5123 8280 5124 8280 5124 8281 5123 8281 5125 8281 5124 8283 5125 8283 5126 8283 5126 8282 5125 8282 5127 8282 5126 8284 5127 8284 5128 8284 5128 8284 5127 8284 5129 8284 5128 8285 5129 8285 5130 8285 5130 8286 5129 8286 5131 8286 5130 8287 5131 8287 5059 8287 5059 8288 5131 8288 5058 8288 5132 2 5133 2 5134 2 5134 2 5133 2 5135 2 5136 8978 5137 8978 5138 8978 5138 8979 5137 8979 5139 8979 5140 2 5141 2 5142 2 5142 2 5141 2 5143 2 5142 2 5143 2 5139 2 5139 2 5143 2 5144 2 5139 2 5144 2 5138 2 5081 8980 5145 8980 5146 8980 5146 8981 5145 8981 5147 8981 5146 2 5147 2 5148 2 5146 2 5149 2 5081 2 5081 8982 5149 8982 5135 8982 5081 2 5135 2 5083 2 5083 2 5135 2 5133 2 5136 2 5150 2 5137 2 5137 8983 5150 8983 5151 8983 5137 2 5151 2 5152 2 5152 8984 5151 8984 5153 8984 5152 2 5153 2 5132 2 5132 2 5153 2 5154 2 5132 2 5154 2 5133 2 5155 2 5156 2 5157 2 5155 2 5157 2 5158 2 5147 2 5159 2 5148 2 5148 8293 5159 8293 5160 8293 5148 2 5160 2 5155 2 5155 8985 5160 8985 5161 8985 5155 8986 5161 8986 5156 8986 5157 2 5162 2 5158 2 5158 8987 5162 8987 5163 8987 5158 2 5163 2 5142 2 5142 2 5163 2 5164 2 5142 2 5164 2 5140 2 5165 1648 5166 1648 5167 1648 5168 8988 5169 8988 5170 8988 5170 1648 5169 1648 5171 1648 5167 1648 5166 1648 5172 1648 5172 8989 5166 8989 5173 8989 5172 8990 5173 8990 5061 8990 5061 1648 5173 1648 5174 1648 5061 8991 5174 8991 5063 8991 5063 8992 5174 8992 5175 8992 5063 1648 5175 1648 5176 1648 5169 8993 5177 8993 5171 8993 5171 1648 5177 1648 5178 1648 5171 8994 5178 8994 5179 8994 5179 8995 5178 8995 5180 8995 5179 1648 5180 1648 5181 1648 5176 8996 5175 8996 5182 8996 5182 8997 5175 8997 5183 8997 5182 1648 5183 1648 5184 1648 5184 8998 5183 8998 5185 8998 5184 1648 5185 1648 5186 1648 5186 8999 5185 8999 5187 8999 5186 9000 5187 9000 5188 9000 5167 1648 5189 1648 5165 1648 5165 9001 5189 9001 5190 9001 5165 9002 5190 9002 5170 9002 5170 9003 5190 9003 5191 9003 5170 9004 5191 9004 5168 9004 5192 1648 5193 1648 5187 1648 5187 1648 5193 1648 5194 1648 5187 9005 5194 9005 5188 9005 5181 1648 5195 1648 5179 1648 5179 9006 5195 9006 5196 9006 5179 9007 5196 9007 5192 9007 5192 9008 5196 9008 5197 9008 5192 9009 5197 9009 5193 9009 5081 9010 5080 9010 5198 9010 5081 9011 5198 9011 5145 9011 5199 9012 5200 9012 5201 9012 5201 9013 5200 9013 5202 9013 5201 9014 5202 9014 5203 9014 5203 9015 5202 9015 5147 9015 5198 9016 5204 9016 5145 9016 5145 8329 5204 8329 5205 8329 5145 9017 5205 9017 5147 9017 5147 9018 5205 9018 5206 9018 5147 9019 5206 9019 5203 9019 5207 9020 5056 9020 5057 9020 5057 9021 5208 9021 5207 9021 5207 9022 5208 9022 5209 9022 5207 9023 5209 9023 5210 9023 5210 9024 5209 9024 5211 9024 5210 9025 5211 9025 5212 9025 5201 9026 5213 9026 5199 9026 5199 9027 5213 9027 5214 9027 5199 9028 5214 9028 5212 9028 5212 9029 5214 9029 5215 9029 5212 9030 5215 9030 5210 9030 5216 9031 5217 9031 5218 9031 5218 9032 5217 9032 5219 9032 5218 9033 5219 9033 5220 9033 5220 9034 5219 9034 5221 9034 5220 9035 5221 9035 5222 9035 5218 9036 5223 9036 5216 9036 5216 9037 5223 9037 5224 9037 5216 9038 5224 9038 5225 9038 5225 9039 5224 9039 5226 9039 5225 9040 5226 9040 5068 9040 5068 9041 5226 9041 5227 9041 5068 9042 5227 9042 5069 9042 5228 9043 5229 9043 5154 9043 5154 9044 5229 9044 5133 9044 5228 9045 5154 9045 5230 9045 5230 9046 5154 9046 5231 9046 5230 9047 5231 9047 5222 9047 5222 9048 5231 9048 5232 9048 5222 9049 5232 9049 5220 9049 5082 9050 5083 9050 5233 9050 5233 9051 5083 9051 5133 9051 5233 9052 5133 9052 5234 9052 5234 9053 5133 9053 5229 9053 5235 9054 5236 9054 5237 9054 5238 9055 1532 9055 5239 9055 5239 9056 1532 9056 5240 9056 5239 8370 5240 8370 5237 8370 5237 9057 5240 9057 5241 9057 5237 9058 5241 9058 5235 9058 5238 9059 5242 9059 1532 9059 1532 9060 5242 9060 5243 9060 5244 9062 5182 9062 5245 9062 5245 9063 5182 9063 5246 9063 5245 9064 5246 9064 5236 9064 5236 9065 5246 9065 5247 9065 5236 9066 5247 9066 5237 9066 5244 8381 5248 8381 5182 8381 5182 9067 5248 9067 5249 9067 5182 9068 5249 9068 5176 9068 5062 9069 5063 9069 5250 9069 5250 9070 5063 9070 5176 9070 5250 8386 5176 8386 5251 8386 5251 8387 5176 8387 5249 8387 5060 9071 5252 9071 5061 9071 5061 9072 5252 9072 5172 9072 5167 9073 5253 9073 5254 9073 5254 9074 5253 9074 5255 9074 5254 9075 5255 9075 5256 9075 5252 9076 5257 9076 5172 9076 5172 9077 5257 9077 5258 9077 5172 9078 5258 9078 5167 9078 5167 9079 5258 9079 5259 9079 5167 9080 5259 9080 5253 9080 5256 9082 5255 9082 5261 9082 5261 9083 5255 9083 5262 9083 5261 9084 5262 9084 5263 9084 5260 9085 5264 9085 18 9085 18 9086 5264 9086 5265 9086 18 9087 5265 9087 5266 9087 5266 9088 5265 9088 5267 9088 5266 9089 5267 9089 5268 9089 5268 9090 5267 9090 5261 9090 5268 9091 5261 9091 5269 9091 5269 9092 5261 9092 5263 9092 5099 9093 5270 9093 5100 9093 5100 9094 5270 9094 5271 9094 5100 9095 5271 9095 5101 9095 5101 9096 5271 9096 5097 9096 5097 9097 5271 9097 5272 9097 5097 9098 5272 9098 5098 9098 5098 9099 5272 9099 5273 9099 5098 9100 5273 9100 5093 9100 5207 9101 5210 9101 5274 9101 5274 9102 5210 9102 5215 9102 5274 9103 5215 9103 5275 9103 5275 9104 5215 9104 5214 9104 5275 9105 5214 9105 5276 9105 5276 8418 5214 8418 5213 8418 5276 9106 5213 9106 5277 9106 5277 9107 5213 9107 5201 9107 5277 9108 5201 9108 5278 9108 5201 9109 5203 9109 5278 9109 5278 9110 5203 9110 5206 9110 5278 9111 5206 9111 5279 9111 5279 9112 5206 9112 5205 9112 5279 9113 5205 9113 5280 9113 5099 9115 5207 9115 5274 9115 5099 9116 5274 9116 5270 9116 5270 9117 5274 9117 5275 9117 5270 9118 5275 9118 5271 9118 5271 9119 5275 9119 5276 9119 5271 9120 5276 9120 5272 9120 5272 9121 5276 9121 5277 9121 5272 9122 5277 9122 5273 9122 5273 8436 5277 8436 5278 8436 5273 9123 5278 9123 5281 9123 5281 9124 5278 9124 5279 9124 5281 9125 5279 9125 5282 9125 5282 9126 5279 9126 5280 9126 5282 8441 5280 8441 5283 8441 5093 9127 5273 9127 5094 9127 5094 9128 5273 9128 5281 9128 5094 9129 5281 9129 5096 9129 5096 9130 5281 9130 5282 9130 5096 9131 5282 9131 5095 9131 5095 8451 5282 8451 5283 8451 5095 9132 5283 9132 5074 9132 5205 9133 5204 9133 5280 9133 5280 9134 5204 9134 5284 9134 5280 9135 5284 9135 5283 9135 5283 9136 5284 9136 5285 9136 5283 9137 5285 9137 5074 9137 5074 9138 5285 9138 5075 9138 5204 9139 5198 9139 5284 9139 5284 9140 5198 9140 5286 9140 5284 9141 5286 9141 5285 9141 5285 9142 5286 9142 5287 9142 5285 8463 5287 8463 5075 8463 5075 9143 5287 9143 5077 9143 5198 9144 5080 9144 5286 9144 5286 9145 5080 9145 5288 9145 5286 9146 5288 9146 5287 9146 5287 9147 5288 9147 5289 9147 5287 8469 5289 8469 5077 8469 5077 9148 5289 9148 5078 9148 5079 9149 5078 9149 5289 9149 5079 9150 5289 9150 5290 9150 5290 9151 5289 9151 5288 9151 5290 7173 5288 7173 5291 7173 5291 9152 5288 9152 5080 9152 5291 9153 5080 9153 5082 9153 5082 9154 5233 9154 5291 9154 5291 9155 5233 9155 5292 9155 5291 9156 5292 9156 5290 9156 5290 9157 5292 9157 5293 9157 5290 9158 5293 9158 5079 9158 5079 9159 5293 9159 5076 9159 5233 9160 5234 9160 5292 9160 5292 9161 5234 9161 5294 9161 5292 9162 5294 9162 5293 9162 5293 9163 5294 9163 5295 9163 5293 9164 5295 9164 5076 9164 5076 9165 5295 9165 5072 9165 5234 9166 5229 9166 5294 9166 5294 9167 5229 9167 5296 9167 5294 9168 5296 9168 5295 9168 5295 9169 5296 9169 5297 9169 5295 9170 5297 9170 5072 9170 5072 9171 5297 9171 5073 9171 5092 9172 5091 9172 5298 9172 5086 9173 5087 9173 5299 9173 5299 9174 5087 9174 5085 9174 5084 9175 5300 9175 5085 9175 5085 9176 5300 9176 5301 9176 5085 9177 5301 9177 5299 9177 5225 9179 5086 9179 5299 9179 5225 9180 5299 9180 5302 9180 5302 9181 5299 9181 5301 9181 5302 9182 5301 9182 5303 9182 5303 9183 5301 9183 5300 9183 5303 9184 5300 9184 5304 9184 5304 9185 5300 9185 5305 9185 5304 9186 5305 9186 5306 9186 5306 9187 5219 9187 5304 9187 5304 9188 5219 9188 5217 9188 5304 9189 5217 9189 5303 9189 5303 9190 5217 9190 5216 9190 5303 9191 5216 9191 5302 9191 5302 9192 5216 9192 5225 9192 5092 9193 5298 9193 5089 9193 5230 9194 5222 9194 5306 9194 5306 9195 5222 9195 5221 9195 5306 9196 5221 9196 5219 9196 5091 9197 5090 9197 5298 9197 5298 9198 5090 9198 5307 9198 5298 9199 5307 9199 5308 9199 5308 9200 5307 9200 5309 9200 5296 9201 5309 9201 5297 9201 5297 9202 5309 9202 5307 9202 5297 9203 5307 9203 5073 9203 5073 9204 5307 9204 5090 9204 5084 9205 5088 9205 5300 9205 5300 9206 5088 9206 5089 9206 5300 9207 5089 9207 5305 9207 5305 9208 5089 9208 5298 9208 5305 9209 5298 9209 5306 9209 5306 9210 5298 9210 5308 9210 5306 9211 5308 9211 5230 9211 5230 9212 5308 9212 5309 9212 5230 9213 5309 9213 5228 9213 5228 9214 5309 9214 5296 9214 5228 9215 5296 9215 5229 9215 5255 9216 5253 9216 5310 9216 5266 9217 5268 9217 5311 9217 5311 9218 5268 9218 5269 9218 5311 9219 5269 9219 5312 9219 5313 9223 5311 9223 5312 9223 5313 9224 5312 9224 5314 9224 1546 9225 1545 9225 5314 9225 5314 9227 1544 9227 5313 9227 1542 9229 1546 9229 5315 9229 5315 9230 1546 9230 5314 9230 5315 9231 5314 9231 5316 9231 5316 9232 5314 9232 5312 9232 5316 9233 5312 9233 5263 9233 5263 9234 5312 9234 5269 9234 5263 9235 5262 9235 5316 9235 5316 9236 5262 9236 5317 9236 5316 9237 5317 9237 5315 9237 5315 9238 5317 9238 5318 9238 5315 9239 5318 9239 1542 9239 5064 9240 253 9240 5318 9240 5253 9243 5259 9243 5310 9243 5310 9244 5259 9244 5319 9244 5310 9245 5319 9245 5320 9245 5320 9246 5319 9246 5321 9246 5322 9247 5321 9247 5323 9247 5323 9248 5321 9248 5319 9248 5323 9249 5319 9249 5258 9249 5258 9250 5319 9250 5259 9250 5262 9251 5255 9251 5317 9251 5317 9252 5255 9252 5310 9252 5317 9253 5310 9253 5318 9253 5318 9254 5310 9254 5320 9254 5318 9255 5320 9255 5064 9255 5064 9256 5320 9256 5321 9256 5064 9257 5321 9257 5065 9257 5065 9258 5321 9258 5322 9258 5065 9259 5322 9259 5048 9259 5258 9260 5257 9260 5323 9260 5323 9261 5257 9261 5324 9261 5323 9262 5324 9262 5322 9262 5322 9263 5324 9263 5325 9263 5322 9264 5325 9264 5048 9264 5048 9265 5325 9265 5049 9265 5257 9266 5252 9266 5324 9266 5324 9267 5252 9267 5326 9267 5324 9268 5326 9268 5325 9268 5325 9269 5326 9269 5327 9269 5325 9270 5327 9270 5049 9270 5049 9271 5327 9271 5053 9271 5252 9272 5060 9272 5326 9272 5326 9273 5060 9273 5328 9273 5326 9274 5328 9274 5327 9274 5327 9275 5328 9275 5329 9275 5327 9276 5329 9276 5053 9276 5053 9277 5329 9277 5054 9277 5055 9278 5054 9278 5329 9278 5055 9279 5329 9279 5330 9279 5330 9280 5329 9280 5328 9280 5330 2092 5328 2092 5331 2092 5331 9281 5328 9281 5060 9281 5331 9282 5060 9282 5062 9282 5062 9283 5250 9283 5331 9283 5331 9284 5250 9284 5332 9284 5331 9285 5332 9285 5330 9285 5330 9286 5332 9286 5333 9286 5330 9287 5333 9287 5055 9287 5055 9288 5333 9288 5052 9288 5250 9289 5251 9289 5332 9289 5332 8608 5251 8608 5334 8608 5332 8609 5334 8609 5333 8609 5333 9290 5334 9290 5335 9290 5333 9291 5335 9291 5052 9291 5052 9292 5335 9292 5051 9292 5251 8611 5249 8611 5334 8611 5334 8612 5249 8612 5336 8612 5334 9293 5336 9293 5335 9293 5335 9294 5336 9294 5337 9294 5335 9295 5337 9295 5051 9295 5051 8624 5337 8624 5050 8624 5338 9298 1536 9298 5339 9298 5339 9300 1535 9300 5340 9300 1535 9301 1540 9301 5340 9301 5340 9302 1540 9302 1539 9302 5341 9305 249 9305 5342 9305 249 9306 5066 9306 5342 9306 5342 9307 5066 9307 5067 9307 5342 9308 5067 9308 5343 9308 5343 9309 5067 9309 5050 9309 5343 9310 5050 9310 5337 9310 5344 9314 5338 9314 5339 9314 5344 9315 5339 9315 5345 9315 5345 9316 5339 9316 5340 9316 5345 9317 5340 9317 5346 9317 5346 9319 5341 9319 5347 9319 5347 8647 5341 8647 5342 8647 5347 9320 5342 9320 5348 9320 5348 9321 5342 9321 5343 9321 5348 9322 5343 9322 5349 9322 5349 9323 5343 9323 5337 9323 5349 9324 5337 9324 5336 9324 5240 9325 5344 9325 5241 9325 5241 9326 5344 9326 5345 9326 5241 9327 5345 9327 5235 9327 5235 9328 5345 9328 5346 9328 5235 9329 5346 9329 5236 9329 5236 9330 5346 9330 5347 9330 5236 9331 5347 9331 5245 9331 5245 9332 5347 9332 5348 9332 5245 9333 5348 9333 5244 9333 5244 9334 5348 9334 5349 9334 5244 9335 5349 9335 5248 9335 5248 9336 5349 9336 5336 9336 5248 8665 5336 8665 5249 8665 5135 9337 5174 9337 5134 9337 5134 9338 5174 9338 5173 9338 5134 9339 5173 9339 5132 9339 5132 9339 5173 9339 5166 9339 5132 9340 5166 9340 5152 9340 5152 9340 5166 9340 5165 9340 5152 9341 5165 9341 5137 9341 5137 9342 5165 9342 5170 9342 5137 9343 5170 9343 5139 9343 5139 9344 5170 9344 5171 9344 5139 9345 5171 9345 5142 9345 5142 9346 5171 9346 5179 9346 5142 9347 5179 9347 5158 9347 5158 9347 5179 9347 5192 9347 5158 9348 5192 9348 5155 9348 5155 7977 5192 7977 5187 7977 5155 9349 5187 9349 5148 9349 5148 9350 5187 9350 5185 9350 5148 9351 5185 9351 5146 9351 5146 9351 5185 9351 5183 9351 5146 7983 5183 7983 5149 7983 5149 7983 5183 7983 5175 7983 5149 9352 5175 9352 5135 9352 5135 9352 5175 9352 5174 9352 5182 9353 5184 9353 5246 9353 5246 9354 5184 9354 5350 9354 5238 9355 5239 9355 5351 9355 5351 9356 5239 9356 5237 9356 5351 9357 5237 9357 5350 9357 5350 9358 5237 9358 5247 9358 5350 9359 5247 9359 5246 9359 5351 9361 5059 9361 5238 9361 5238 9362 5059 9362 257 9362 5238 9363 257 9363 5242 9363 5242 9364 257 9364 5243 9364 5059 9365 5351 9365 5352 9365 5351 9366 5350 9366 5353 9366 5350 9367 5184 9367 5186 9367 5350 9368 5186 9368 5353 9368 5353 8698 5186 8698 5188 8698 5353 9369 5188 9369 5354 9369 5354 9370 5188 9370 5194 9370 5354 9371 5194 9371 5355 9371 5355 9372 5194 9372 5193 9372 5355 9373 5193 9373 5356 9373 5356 8704 5193 8704 5197 8704 5356 9374 5197 9374 5357 9374 5357 9375 5197 9375 5196 9375 5357 9376 5196 9376 5358 9376 5358 9377 5196 9377 5195 9377 5358 9378 5195 9378 5359 9378 5359 9379 5195 9379 5181 9379 5359 9380 5181 9380 5360 9380 5360 9381 5181 9381 5180 9381 5360 9382 5180 9382 5361 9382 5361 9383 5180 9383 5178 9383 5361 9384 5178 9384 5362 9384 5362 9385 5178 9385 5177 9385 5362 9386 5177 9386 5363 9386 5363 9387 5177 9387 5169 9387 5363 9388 5169 9388 5364 9388 5364 9389 5169 9389 5168 9389 5364 9390 5168 9390 5365 9390 5365 9391 5168 9391 5191 9391 5365 9392 5191 9392 5366 9392 5366 9393 5191 9393 5190 9393 5366 9394 5190 9394 5367 9394 5367 9395 5190 9395 5189 9395 5367 9396 5189 9396 5368 9396 5351 9397 5353 9397 5352 9397 5352 9398 5353 9398 5354 9398 5352 9399 5354 9399 5369 9399 5369 9400 5354 9400 5355 9400 5369 9401 5355 9401 5370 9401 5370 9402 5355 9402 5356 9402 5370 9403 5356 9403 5371 9403 5371 9404 5356 9404 5357 9404 5371 9405 5357 9405 5372 9405 5372 9406 5357 9406 5358 9406 5372 9407 5358 9407 5373 9407 5373 9408 5358 9408 5359 9408 5373 9409 5359 9409 5374 9409 5374 9410 5359 9410 5360 9410 5374 9411 5360 9411 5375 9411 5375 9412 5360 9412 5361 9412 5375 9413 5361 9413 5376 9413 5376 9414 5361 9414 5362 9414 5376 9415 5362 9415 5377 9415 5377 9416 5362 9416 5363 9416 5377 9417 5363 9417 5378 9417 5378 9418 5363 9418 5364 9418 5378 9419 5364 9419 5379 9419 5379 9420 5364 9420 5365 9420 5379 9421 5365 9421 5380 9421 5380 9422 5365 9422 5366 9422 5380 9423 5366 9423 5381 9423 5381 9424 5366 9424 5367 9424 5381 9425 5367 9425 5382 9425 5382 9426 5367 9426 5368 9426 5382 9427 5368 9427 5383 9427 5059 9428 5352 9428 5130 9428 5130 9429 5352 9429 5369 9429 5130 9430 5369 9430 5128 9430 5128 9431 5369 9431 5370 9431 5128 9432 5370 9432 5126 9432 5126 9433 5370 9433 5371 9433 5126 9434 5371 9434 5124 9434 5124 8766 5371 8766 5372 8766 5124 9435 5372 9435 5122 9435 5122 9436 5372 9436 5373 9436 5122 9437 5373 9437 5120 9437 5120 9438 5373 9438 5374 9438 5120 9439 5374 9439 5118 9439 5118 9440 5374 9440 5375 9440 5118 9441 5375 9441 5116 9441 5116 9442 5375 9442 5376 9442 5116 9443 5376 9443 5114 9443 5114 9444 5376 9444 5377 9444 5114 9445 5377 9445 5112 9445 5112 9446 5377 9446 5378 9446 5112 9447 5378 9447 5110 9447 5110 9448 5378 9448 5379 9448 5110 9449 5379 9449 5108 9449 5108 9450 5379 9450 5380 9450 5108 9451 5380 9451 5106 9451 5106 9452 5380 9452 5381 9452 5106 9453 5381 9453 5104 9453 5104 9454 5381 9454 5382 9454 5104 9455 5382 9455 5102 9455 5102 9456 5382 9456 5383 9456 5102 9457 5383 9457 5071 9457 5260 9459 19 9459 5264 9459 19 9460 5071 9460 5383 9460 5264 9461 19 9461 5265 9461 5265 9462 19 9462 5383 9462 5265 9463 5383 9463 5267 9463 5368 9464 5189 9464 5167 9464 5167 9465 5254 9465 5368 9465 5368 9466 5254 9466 5256 9466 5368 9467 5256 9467 5383 9467 5383 9468 5256 9468 5261 9468 5383 9469 5261 9469 5267 9469 5154 9470 5153 9470 5231 9470 5231 9471 5153 9471 5384 9471 5223 9472 5218 9472 5385 9472 5385 9473 5218 9473 5220 9473 5385 9474 5220 9474 5384 9474 5384 9475 5220 9475 5232 9475 5384 9476 5232 9476 5231 9476 5069 9477 5227 9477 5070 9477 5070 9478 5227 9478 5226 9478 5070 9479 5226 9479 5385 9479 5385 9480 5226 9480 5224 9480 5385 9481 5224 9481 5223 9481 5070 9482 5385 9482 5386 9482 5385 9483 5384 9483 5387 9483 5384 9484 5153 9484 5151 9484 5384 9485 5151 9485 5387 9485 5387 9486 5151 9486 5150 9486 5387 9487 5150 9487 5388 9487 5388 9488 5150 9488 5136 9488 5388 9489 5136 9489 5389 9489 5389 9490 5136 9490 5138 9490 5389 9491 5138 9491 5390 9491 5390 9492 5138 9492 5144 9492 5390 9493 5144 9493 5391 9493 5391 9494 5144 9494 5143 9494 5391 9495 5143 9495 5392 9495 5392 9496 5143 9496 5141 9496 5392 9497 5141 9497 5393 9497 5393 9498 5141 9498 5140 9498 5393 9499 5140 9499 5394 9499 5394 9500 5140 9500 5164 9500 5394 9501 5164 9501 5395 9501 5395 9502 5164 9502 5163 9502 5395 8836 5163 8836 5396 8836 5396 9503 5163 9503 5162 9503 5396 9504 5162 9504 5397 9504 5397 9505 5162 9505 5157 9505 5397 9506 5157 9506 5398 9506 5398 8841 5157 8841 5156 8841 5398 8842 5156 8842 5399 8842 5399 9507 5156 9507 5161 9507 5399 9508 5161 9508 5400 9508 5400 9509 5161 9509 5160 9509 5400 9510 5160 9510 5401 9510 5401 9511 5160 9511 5159 9511 5401 9512 5159 9512 5402 9512 5385 9513 5387 9513 5386 9513 5386 9514 5387 9514 5388 9514 5386 9515 5388 9515 5403 9515 5403 9516 5388 9516 5389 9516 5403 9517 5389 9517 5404 9517 5404 9518 5389 9518 5390 9518 5404 9519 5390 9519 5405 9519 5405 9520 5390 9520 5391 9520 5405 9521 5391 9521 5406 9521 5406 9522 5391 9522 5392 9522 5406 9523 5392 9523 5407 9523 5407 9524 5392 9524 5393 9524 5407 9525 5393 9525 5408 9525 5408 9526 5393 9526 5394 9526 5408 9527 5394 9527 5409 9527 5409 9528 5394 9528 5395 9528 5409 9529 5395 9529 5410 9529 5410 9530 5395 9530 5396 9530 5410 9531 5396 9531 5411 9531 5411 9532 5396 9532 5397 9532 5411 9533 5397 9533 5412 9533 5412 9534 5397 9534 5398 9534 5412 9535 5398 9535 5413 9535 5413 9536 5398 9536 5399 9536 5413 9537 5399 9537 5414 9537 5414 9538 5399 9538 5400 9538 5414 9539 5400 9539 5415 9539 5415 9540 5400 9540 5401 9540 5415 9541 5401 9541 5416 9541 5416 8878 5401 8878 5402 8878 5416 9542 5402 9542 5417 9542 5070 9543 5386 9543 5103 9543 5103 9544 5386 9544 5403 9544 5103 9545 5403 9545 5105 9545 5105 9546 5403 9546 5404 9546 5105 9547 5404 9547 5107 9547 5107 9548 5404 9548 5405 9548 5107 9549 5405 9549 5109 9549 5109 9550 5405 9550 5406 9550 5109 9551 5406 9551 5111 9551 5111 9552 5406 9552 5407 9552 5111 9553 5407 9553 5113 9553 5113 9554 5407 9554 5408 9554 5113 9555 5408 9555 5115 9555 5115 9556 5408 9556 5409 9556 5115 9557 5409 9557 5117 9557 5117 9558 5409 9558 5410 9558 5117 9559 5410 9559 5119 9559 5119 9560 5410 9560 5411 9560 5119 9561 5411 9561 5121 9561 5121 9562 5411 9562 5412 9562 5121 9563 5412 9563 5123 9563 5123 9564 5412 9564 5413 9564 5123 9565 5413 9565 5125 9565 5125 9566 5413 9566 5414 9566 5125 9567 5414 9567 5127 9567 5127 9568 5414 9568 5415 9568 5127 9569 5415 9569 5129 9569 5129 9570 5415 9570 5416 9570 5129 9571 5416 9571 5131 9571 5131 8909 5416 8909 5417 8909 5131 9572 5417 9572 5058 9572 5212 9573 5211 9573 5417 9573 5417 8916 5211 8916 5058 8916 5058 9575 5211 9575 5209 9575 5058 9576 5209 9576 5208 9576 5402 8917 5159 8917 5147 8917 5147 9577 5202 9577 5402 9577 5402 9578 5202 9578 5200 9578 5402 9579 5200 9579 5417 9579 5417 9580 5200 9580 5199 9580 5417 8922 5199 8922 5212 8922 5418 9581 5419 9581 1572 9581 1572 9582 5419 9582 5420 9582 1572 9583 5420 9583 1573 9583 1573 9584 5420 9584 5421 9584 1573 9585 5421 9585 5422 9585 1572 9586 1571 9586 5418 9586 5418 9587 1571 9587 1560 9587 5418 9588 1560 9588 5423 9588 5423 9589 1560 9589 1562 9589 1593 9590 1576 9590 5424 9590 5424 9591 1576 9591 1575 9591 5424 9592 1575 9592 5425 9592 5424 9593 5426 9593 1593 9593 1593 9594 5426 9594 5427 9594 1593 9595 5427 9595 1594 9595 1594 9596 5427 9596 5428 9596 1594 9597 5428 9597 1595 9597 280 0 5429 0 6 0 6 0 5429 0 5430 0 276 1 5431 1 2 1 2 1 5431 1 5432 1 5433 2 5425 2 1575 2 1573 2 5422 2 5434 2 5433 2 1575 2 5435 2 5434 9598 5436 9598 1573 9598 1573 9599 5436 9599 5437 9599 1573 9600 5437 9600 1575 9600 1575 2 5437 2 5438 2 1575 9601 5438 9601 5435 9601 5439 200 5440 200 5441 200 5441 200 5440 200 5442 200 5443 200 5444 200 5445 200 5445 200 5444 200 5446 200 5432 9602 5431 9602 5447 9602 5447 9603 5431 9603 5448 9603 5447 8285 5448 8285 5449 8285 5449 8286 5448 8286 5450 8286 5449 8284 5450 8284 5451 8284 5451 8284 5450 8284 5452 8284 5451 9604 5452 9604 5453 9604 5453 9605 5452 9605 5454 9605 5453 9606 5454 9606 5455 9606 5455 9606 5454 9606 5456 9606 5455 9607 5456 9607 5457 9607 5457 9608 5456 9608 5458 9608 5457 8277 5458 8277 5459 8277 5459 9609 5458 9609 5460 9609 5459 8274 5460 8274 5461 8274 5461 8275 5460 8275 5462 8275 5461 9610 5462 9610 5463 9610 5463 9611 5462 9611 5464 9611 5463 9612 5464 9612 5465 9612 5465 8270 5464 8270 5466 8270 5465 8972 5466 8972 5467 8972 5467 9613 5466 9613 5468 9613 5467 8267 5468 8267 5469 8267 5469 8267 5468 8267 5470 8267 5469 8264 5470 8264 5471 8264 5471 8264 5470 8264 5472 8264 5471 8263 5472 8263 5473 8263 5473 8263 5472 8263 5474 8263 5473 8261 5474 8261 5475 8261 5475 8262 5474 8262 5476 8262 5475 9614 5476 9614 5429 9614 5429 9615 5476 9615 5430 9615 5477 2 5478 2 5479 2 5444 9616 5480 9616 5481 9616 5481 9617 5480 9617 5482 9617 5481 2 5482 2 5483 2 5481 2 5484 2 5444 2 5444 2 5484 2 5485 2 5444 9618 5485 9618 5446 9618 5446 9619 5485 9619 5486 9619 5487 2 5488 2 5489 2 5479 2 5490 2 5477 2 5477 9620 5490 9620 5486 9620 5477 2 5486 2 5491 2 5491 2 5486 2 5485 2 5492 2 5493 2 5494 2 5494 2 5493 2 5495 2 5494 2 5495 2 5496 2 5487 2 5489 2 5497 2 5482 2 5498 2 5483 2 5483 9621 5498 9621 5499 9621 5483 2 5499 2 5487 2 5487 9622 5499 9622 5500 9622 5487 9623 5500 9623 5488 9623 5495 2 5501 2 5496 2 5496 2 5501 2 5502 2 5496 2 5502 2 5503 2 5489 2 5504 2 5497 2 5497 2 5504 2 5505 2 5497 9624 5505 9624 5494 9624 5494 2 5505 2 5506 2 5494 2 5506 2 5492 2 5502 2 5507 2 5503 2 5503 9625 5507 9625 5508 9625 5503 9626 5508 9626 5478 9626 5478 9627 5508 9627 5509 9627 5478 9628 5509 9628 5479 9628 5510 1648 5511 1648 5512 1648 5513 1648 5514 1648 5515 1648 5510 9629 5512 9629 5516 9629 5516 1648 5512 1648 5517 1648 5516 8304 5517 8304 5518 8304 5518 1648 5517 1648 5519 1648 5519 9630 5517 9630 5520 9630 5519 1648 5520 1648 5521 1648 5521 1648 5520 1648 5522 1648 5522 9631 5520 9631 5523 9631 5522 1648 5523 1648 5524 1648 5515 1648 5514 1648 5525 1648 5525 9632 5514 9632 5526 9632 5525 1648 5526 1648 5527 1648 5527 9633 5526 9633 5528 9633 5527 1648 5528 1648 5529 1648 5515 8317 5530 8317 5513 8317 5513 9634 5530 9634 5442 9634 5513 9635 5442 9635 5531 9635 5531 1648 5442 1648 5440 1648 5531 1648 5440 1648 5532 1648 5532 1648 5440 1648 5533 1648 5532 1648 5533 1648 5534 1648 5534 1648 5533 1648 5535 1648 5534 9636 5535 9636 5523 9636 5523 1648 5535 1648 5536 1648 5523 9637 5536 9637 5524 9637 5537 9638 5538 9638 5528 9638 5528 9639 5538 9639 5539 9639 5528 9640 5539 9640 5529 9640 5511 1648 5540 1648 5512 1648 5512 9641 5540 9641 5541 9641 5512 9642 5541 9642 5537 9642 5537 1648 5541 1648 5542 1648 5537 8314 5542 8314 5538 8314 5444 9010 5443 9010 5543 9010 5444 9643 5543 9643 5480 9643 5544 9644 5545 9644 5546 9644 5546 9645 5545 9645 5547 9645 5546 9646 5547 9646 5548 9646 5548 9647 5547 9647 5482 9647 5543 9648 5549 9648 5480 9648 5480 9649 5549 9649 5550 9649 5480 9650 5550 9650 5482 9650 5482 9651 5550 9651 5551 9651 5482 9652 5551 9652 5548 9652 5552 9654 5553 9654 5554 9654 5552 9655 5554 9655 5555 9655 5555 9656 5554 9656 5556 9656 5555 9657 5556 9657 5557 9657 5546 9658 5558 9658 5544 9658 5544 9659 5558 9659 5559 9659 5544 9660 5559 9660 5557 9660 5557 9661 5559 9661 5560 9661 5557 9662 5560 9662 5555 9662 5561 9663 5562 9663 5563 9663 5563 9664 5562 9664 5564 9664 5563 8346 5564 8346 5565 8346 5565 9665 5564 9665 5566 9665 5565 9666 5566 9666 5567 9666 5563 8349 5568 8349 5561 8349 5561 9667 5568 9667 5569 9667 5561 9668 5569 9668 5570 9668 5570 9669 5569 9669 5571 9669 5570 9670 5571 9670 283 9670 283 9671 5571 9671 5572 9671 5573 9673 5574 9673 5490 9673 5490 9674 5574 9674 5486 9674 5573 9675 5490 9675 5575 9675 5575 9676 5490 9676 5576 9676 5575 9677 5576 9677 5567 9677 5567 9678 5576 9678 5577 9678 5567 9679 5577 9679 5565 9679 5445 9050 5446 9050 5578 9050 5578 9680 5446 9680 5486 9680 5578 9052 5486 9052 5579 9052 5579 9681 5486 9681 5574 9681 5580 9682 5581 9682 5582 9682 5583 9683 279 9683 5584 9683 5584 9684 279 9684 5585 9684 5584 9685 5585 9685 5582 9685 5582 9686 5585 9686 5586 9686 5582 9687 5586 9687 5580 9687 5583 9688 5587 9688 279 9688 279 9689 5587 9689 5588 9689 5589 9691 5515 9691 5590 9691 5590 9692 5515 9692 5591 9692 5590 9693 5591 9693 5581 9693 5581 9694 5591 9694 5592 9694 5581 9695 5592 9695 5582 9695 5589 9696 5593 9696 5515 9696 5515 9697 5593 9697 5594 9697 5515 9698 5594 9698 5530 9698 5594 9699 5595 9699 5530 9699 5530 9700 5595 9700 5441 9700 5530 9701 5441 9701 5442 9701 5440 9702 5439 9702 5596 9702 5440 9703 5596 9703 5533 9703 5535 9704 5597 9704 5598 9704 5598 9705 5597 9705 5599 9705 5598 9706 5599 9706 5600 9706 5596 8393 5601 8393 5533 8393 5533 9707 5601 9707 5602 9707 5533 9708 5602 9708 5535 9708 5535 9709 5602 9709 5603 9709 5535 9710 5603 9710 5597 9710 5600 9712 5599 9712 5605 9712 5605 9713 5599 9713 5606 9713 5605 9714 5606 9714 5607 9714 5604 9715 5608 9715 5 9715 5 9716 5608 9716 5609 9716 5 9717 5609 9717 5610 9717 5610 9718 5609 9718 5611 9718 5610 9719 5611 9719 5612 9719 5612 9720 5611 9720 5605 9720 5612 9721 5605 9721 5613 9721 5613 9722 5605 9722 5607 9722 5552 9724 5555 9724 5615 9724 5615 9725 5555 9725 5560 9725 5615 9726 5560 9726 5616 9726 5616 9727 5560 9727 5559 9727 5616 9728 5559 9728 5617 9728 5617 9729 5559 9729 5558 9729 5617 9730 5558 9730 5618 9730 5618 9731 5558 9731 5546 9731 5618 9732 5546 9732 5619 9732 5546 9733 5548 9733 5619 9733 5619 9734 5548 9734 5551 9734 5619 9735 5551 9735 5620 9735 5620 9736 5551 9736 5550 9736 5620 9737 5550 9737 5621 9737 5614 9741 5615 9741 5616 9741 5614 9742 5616 9742 5622 9742 5622 9743 5616 9743 5617 9743 5622 9744 5617 9744 5623 9744 5623 9745 5617 9745 5618 9745 5623 9746 5618 9746 5624 9746 5624 9747 5618 9747 5619 9747 5624 9748 5619 9748 5625 9748 5625 9749 5619 9749 5620 9749 5625 9750 5620 9750 5626 9750 5626 9751 5620 9751 5621 9751 5626 9752 5621 9752 5627 9752 1562 9754 5614 9754 5622 9754 1562 9755 5622 9755 5423 9755 5423 9756 5622 9756 5623 9756 5423 9757 5623 9757 5418 9757 5418 9758 5623 9758 5624 9758 5418 9759 5624 9759 5419 9759 5419 9760 5624 9760 5625 9760 5419 9761 5625 9761 5420 9761 5420 9762 5625 9762 5626 9762 5420 9763 5626 9763 5421 9763 5421 9764 5626 9764 5627 9764 5421 9765 5627 9765 5422 9765 5550 9766 5549 9766 5621 9766 5621 9767 5549 9767 5628 9767 5621 9768 5628 9768 5627 9768 5627 9769 5628 9769 5629 9769 5627 9770 5629 9770 5422 9770 5422 9771 5629 9771 5434 9771 5549 9772 5543 9772 5628 9772 5628 9773 5543 9773 5630 9773 5628 9774 5630 9774 5629 9774 5629 9775 5630 9775 5631 9775 5629 8463 5631 8463 5434 8463 5434 9776 5631 9776 5436 9776 5543 9777 5443 9777 5630 9777 5630 9778 5443 9778 5632 9778 5630 9779 5632 9779 5631 9779 5631 9780 5632 9780 5633 9780 5631 9781 5633 9781 5436 9781 5436 9782 5633 9782 5437 9782 5438 9783 5437 9783 5633 9783 5438 9149 5633 9149 5634 9149 5634 9784 5633 9784 5632 9784 5634 9785 5632 9785 5635 9785 5635 9786 5632 9786 5443 9786 5635 9787 5443 9787 5445 9787 5445 9788 5578 9788 5635 9788 5635 9789 5578 9789 5636 9789 5635 9790 5636 9790 5634 9790 5634 9791 5636 9791 5637 9791 5634 9792 5637 9792 5438 9792 5438 9793 5637 9793 5435 9793 5578 9794 5579 9794 5636 9794 5636 9795 5579 9795 5638 9795 5636 9796 5638 9796 5637 9796 5637 9797 5638 9797 5639 9797 5637 9798 5639 9798 5435 9798 5435 9799 5639 9799 5433 9799 5579 9800 5574 9800 5638 9800 5638 9801 5574 9801 5640 9801 5638 9802 5640 9802 5639 9802 5639 9803 5640 9803 5641 9803 5639 9804 5641 9804 5433 9804 5433 9805 5641 9805 5425 9805 5642 9807 1929 9807 1927 9807 1595 9808 5643 9808 1927 9808 1927 9809 5643 9809 5644 9809 1927 9810 5644 9810 5642 9810 1595 9811 5428 9811 5643 9811 5643 9812 5428 9812 5427 9812 5643 9813 5427 9813 5645 9813 5646 9817 5642 9817 5644 9817 5646 9818 5644 9818 5647 9818 5647 9819 5644 9819 5643 9819 5647 9820 5643 9820 5648 9820 5648 9821 5643 9821 5645 9821 5648 9822 5645 9822 5649 9822 5649 9823 5564 9823 5648 9823 5648 9824 5564 9824 5562 9824 5648 9825 5562 9825 5647 9825 5647 9826 5562 9826 5561 9826 5647 9827 5561 9827 5646 9827 5646 9828 5561 9828 5570 9828 5575 9829 5567 9829 5649 9829 5649 9830 5567 9830 5566 9830 5649 9831 5566 9831 5564 9831 5426 9832 5424 9832 5650 9832 5650 9833 5424 9833 5651 9833 5650 9834 5651 9834 5652 9834 5652 9835 5651 9835 5653 9835 5640 9836 5653 9836 5641 9836 5641 9837 5653 9837 5651 9837 5641 9838 5651 9838 5425 9838 5425 9839 5651 9839 5424 9839 5427 9840 5426 9840 5645 9840 5645 9841 5426 9841 5650 9841 5645 9842 5650 9842 5649 9842 5649 9843 5650 9843 5652 9843 5649 9844 5652 9844 5575 9844 5575 9845 5652 9845 5653 9845 5575 9846 5653 9846 5573 9846 5573 9847 5653 9847 5640 9847 5573 9848 5640 9848 5574 9848 289 9851 5655 9851 286 9851 286 9852 5655 9852 5656 9852 286 9853 5656 9853 294 9853 294 8545 5656 8545 5657 8545 294 9854 5657 9854 295 9854 5610 9855 5612 9855 5658 9855 5658 9856 5612 9856 5613 9856 5658 9857 5613 9857 5659 9857 5659 9858 5613 9858 5607 9858 5659 9859 5607 9859 5660 9859 5660 9860 5607 9860 5606 9860 5660 9861 5606 9861 5661 9861 5661 9862 5606 9862 5599 9862 5661 9863 5599 9863 5662 9863 5599 9864 5597 9864 5662 9864 5662 9865 5597 9865 5603 9865 5662 9866 5603 9866 5663 9866 5663 9867 5603 9867 5602 9867 5663 9868 5602 9868 5664 9868 5654 8564 5658 8564 5659 8564 5654 9872 5659 9872 5655 9872 5655 9873 5659 9873 5660 9873 5655 9874 5660 9874 5656 9874 5656 9875 5660 9875 5661 9875 5656 9876 5661 9876 5657 9876 5657 9877 5661 9877 5662 9877 5657 9878 5662 9878 5665 9878 5665 9879 5662 9879 5663 9879 5665 9880 5663 9880 5666 9880 5666 9881 5663 9881 5664 9881 5666 9882 5664 9882 5667 9882 295 8576 5657 8576 297 8576 297 9883 5657 9883 5665 9883 297 9884 5665 9884 298 9884 298 9885 5665 9885 5666 9885 298 9886 5666 9886 292 9886 292 9887 5666 9887 5667 9887 292 9888 5667 9888 12 9888 5602 9889 5601 9889 5664 9889 5664 9890 5601 9890 5668 9890 5664 8585 5668 8585 5667 8585 5667 9891 5668 9891 5669 9891 5667 9892 5669 9892 12 9892 12 9893 5669 9893 13 9893 5601 9894 5596 9894 5668 9894 5668 9895 5596 9895 5670 9895 5668 9896 5670 9896 5669 9896 5669 8592 5670 8592 5671 8592 5669 9897 5671 9897 13 9897 13 9898 5671 9898 15 9898 5596 9899 5439 9899 5670 9899 5670 9900 5439 9900 5672 9900 5670 9901 5672 9901 5671 9901 5671 9902 5672 9902 5673 9902 5671 9903 5673 9903 15 9903 15 9904 5673 9904 16 9904 11 9905 16 9905 5674 9905 5674 9906 16 9906 5673 9906 5674 9907 5673 9907 5675 9907 5675 9908 5673 9908 5676 9908 5676 9909 5673 9909 5672 9909 5676 9910 5672 9910 5677 9910 5677 9911 5672 9911 5678 9911 5678 9912 5672 9912 5439 9912 5678 9913 5439 9913 5441 9913 5679 9914 5595 9914 5594 9914 5441 9915 5595 9915 5678 9915 5678 9916 5595 9916 5679 9916 5678 9917 5679 9917 5677 9917 5677 9918 5679 9918 5680 9918 5594 9919 5681 9919 5679 9919 5679 9920 5681 9920 5682 9920 5679 9921 5682 9921 5680 9921 5683 9922 5675 9922 5680 9922 5680 9923 5675 9923 5676 9923 5680 9924 5676 9924 5677 9924 10 9925 11 9925 5683 9925 5683 9926 11 9926 5674 9926 5683 9927 5674 9927 5675 9927 5682 9928 5684 9928 5680 9928 5680 9929 5684 9929 5685 9929 5680 9930 5685 9930 5683 9930 5683 9931 5685 9931 8 9931 5683 9932 8 9932 10 9932 5687 9936 5686 9936 5688 9936 5687 9937 5688 9937 5689 9937 5689 9938 5688 9938 5690 9938 5689 9939 5690 9939 5691 9939 5691 9940 5690 9940 5692 9940 5691 9941 5692 9941 5693 9941 5693 9942 5692 9942 5694 9942 5693 9943 5694 9943 5695 9943 5695 9944 5694 9944 5696 9944 5695 9945 5696 9945 5697 9945 8 9946 5696 9946 301 9946 301 9947 5696 9947 5694 9947 301 9948 5694 9948 302 9948 302 9949 5694 9949 5692 9949 302 9950 5692 9950 304 9950 304 9951 5692 9951 5690 9951 304 9952 5690 9952 305 9952 305 9953 5690 9953 5688 9953 305 9954 5688 9954 306 9954 306 9955 5688 9955 5686 9955 306 9956 5686 9956 308 9956 8 9958 5685 9958 5696 9958 5696 9959 5685 9959 5684 9959 5696 9960 5684 9960 5697 9960 5697 9961 5684 9961 5682 9961 5697 9962 5682 9962 5681 9962 5585 9963 5687 9963 5586 9963 5586 9964 5687 9964 5689 9964 5586 9965 5689 9965 5580 9965 5580 9966 5689 9966 5691 9966 5580 9967 5691 9967 5581 9967 5581 9968 5691 9968 5693 9968 5581 9969 5693 9969 5590 9969 5590 9970 5693 9970 5695 9970 5590 9971 5695 9971 5589 9971 5589 9972 5695 9972 5697 9972 5589 9973 5697 9973 5593 9973 5593 9974 5697 9974 5681 9974 5593 9975 5681 9975 5594 9975 5485 9976 5531 9976 5491 9976 5491 9977 5531 9977 5532 9977 5491 9978 5532 9978 5477 9978 5477 7990 5532 7990 5534 7990 5477 8669 5534 8669 5478 8669 5478 8669 5534 8669 5523 8669 5478 7993 5523 7993 5503 7993 5503 7993 5523 7993 5520 7993 5503 8671 5520 8671 5496 8671 5496 8671 5520 8671 5517 8671 5496 9979 5517 9979 5494 9979 5494 9980 5517 9980 5512 9980 5494 9981 5512 9981 5497 9981 5497 9982 5512 9982 5537 9982 5497 8676 5537 8676 5487 8676 5487 8676 5537 8676 5528 8676 5487 7980 5528 7980 5483 7980 5483 7980 5528 7980 5526 7980 5483 8678 5526 8678 5481 8678 5481 8678 5526 8678 5514 8678 5481 7983 5514 7983 5484 7983 5484 9983 5514 9983 5513 9983 5484 9984 5513 9984 5485 9984 5485 9985 5513 9985 5531 9985 5515 9986 5525 9986 5591 9986 5591 8683 5525 8683 5698 8683 5591 9987 5698 9987 5592 9987 5592 9988 5698 9988 5582 9988 5582 9989 5698 9989 5699 9989 5582 9990 5699 9990 5584 9990 276 9992 5588 9992 5587 9992 276 9993 5587 9993 5583 9993 5431 9994 276 9994 5699 9994 5699 9995 276 9995 5583 9995 5699 9996 5583 9996 5584 9996 5431 9997 5699 9997 5700 9997 5699 9998 5698 9998 5701 9998 5698 9999 5525 9999 5527 9999 5698 10000 5527 10000 5701 10000 5701 10001 5527 10001 5529 10001 5701 10002 5529 10002 5702 10002 5702 10003 5529 10003 5539 10003 5702 10004 5539 10004 5703 10004 5703 10005 5539 10005 5538 10005 5703 10006 5538 10006 5704 10006 5704 10007 5538 10007 5542 10007 5704 10008 5542 10008 5705 10008 5705 10009 5542 10009 5541 10009 5705 10010 5541 10010 5706 10010 5706 10011 5541 10011 5540 10011 5706 10012 5540 10012 5707 10012 5707 10013 5540 10013 5511 10013 5707 10014 5511 10014 5708 10014 5708 10015 5511 10015 5510 10015 5708 10016 5510 10016 5709 10016 5709 10017 5510 10017 5516 10017 5709 10018 5516 10018 5710 10018 5710 8716 5516 8716 5518 8716 5710 10019 5518 10019 5711 10019 5711 10020 5518 10020 5519 10020 5711 10021 5519 10021 5712 10021 5712 10022 5519 10022 5521 10022 5712 10023 5521 10023 5713 10023 5713 10024 5521 10024 5522 10024 5713 10025 5522 10025 5714 10025 5714 10026 5522 10026 5524 10026 5714 10027 5524 10027 5715 10027 5715 10028 5524 10028 5536 10028 5715 10029 5536 10029 5716 10029 5699 10030 5701 10030 5700 10030 5700 10031 5701 10031 5702 10031 5700 10032 5702 10032 5717 10032 5717 10033 5702 10033 5703 10033 5717 10034 5703 10034 5718 10034 5718 10035 5703 10035 5704 10035 5718 10036 5704 10036 5719 10036 5719 10037 5704 10037 5705 10037 5719 10038 5705 10038 5720 10038 5720 10039 5705 10039 5706 10039 5720 10040 5706 10040 5721 10040 5721 10041 5706 10041 5707 10041 5721 10042 5707 10042 5722 10042 5722 10043 5707 10043 5708 10043 5722 10044 5708 10044 5723 10044 5723 10045 5708 10045 5709 10045 5723 10046 5709 10046 5724 10046 5724 10047 5709 10047 5710 10047 5724 10048 5710 10048 5725 10048 5725 10049 5710 10049 5711 10049 5725 10050 5711 10050 5726 10050 5726 10051 5711 10051 5712 10051 5726 10052 5712 10052 5727 10052 5727 10053 5712 10053 5713 10053 5727 10054 5713 10054 5728 10054 5728 10055 5713 10055 5714 10055 5728 10056 5714 10056 5729 10056 5729 8755 5714 8755 5715 8755 5729 10057 5715 10057 5730 10057 5730 10058 5715 10058 5716 10058 5730 10059 5716 10059 5731 10059 5431 10060 5700 10060 5448 10060 5448 10061 5700 10061 5717 10061 5448 10062 5717 10062 5450 10062 5450 10063 5717 10063 5718 10063 5450 10064 5718 10064 5452 10064 5452 10065 5718 10065 5719 10065 5452 10066 5719 10066 5454 10066 5454 10067 5719 10067 5720 10067 5454 10068 5720 10068 5456 10068 5456 10069 5720 10069 5721 10069 5456 10070 5721 10070 5458 10070 5458 10071 5721 10071 5722 10071 5458 10072 5722 10072 5460 10072 5460 10073 5722 10073 5723 10073 5460 10074 5723 10074 5462 10074 5462 10075 5723 10075 5724 10075 5462 10076 5724 10076 5464 10076 5464 10077 5724 10077 5725 10077 5464 10078 5725 10078 5466 10078 5466 8778 5725 8778 5726 8778 5466 10079 5726 10079 5468 10079 5468 10080 5726 10080 5727 10080 5468 10081 5727 10081 5470 10081 5470 8782 5727 8782 5728 8782 5470 10082 5728 10082 5472 10082 5472 10083 5728 10083 5729 10083 5472 8785 5729 8785 5474 8785 5474 8786 5729 8786 5730 8786 5474 10084 5730 10084 5476 10084 5476 10085 5730 10085 5731 10085 5476 10086 5731 10086 5430 10086 5611 10087 5609 10087 5731 10087 6 10089 5430 10089 5731 10089 5731 10090 5609 10090 6 10090 6 10091 5609 10091 5608 10091 6 10092 5608 10092 5604 10092 5716 10093 5536 10093 5535 10093 5535 10094 5598 10094 5716 10094 5716 10095 5598 10095 5600 10095 5716 10096 5600 10096 5731 10096 5731 10097 5600 10097 5605 10097 5731 10098 5605 10098 5611 10098 5490 10099 5479 10099 5576 10099 5576 8803 5479 8803 5732 8803 5576 10100 5732 10100 5577 10100 5577 10101 5732 10101 5565 10101 5565 10102 5732 10102 5733 10102 5565 10103 5733 10103 5563 10103 5733 10105 5429 10105 280 10105 5572 10106 5571 10106 280 10106 280 10107 5571 10107 5569 10107 280 10108 5569 10108 5733 10108 5733 10109 5569 10109 5568 10109 5733 10110 5568 10110 5563 10110 5429 8815 5733 8815 5734 8815 5733 10111 5732 10111 5735 10111 5732 8817 5479 8817 5509 8817 5732 10112 5509 10112 5735 10112 5735 10113 5509 10113 5508 10113 5735 10114 5508 10114 5736 10114 5736 10115 5508 10115 5507 10115 5736 10116 5507 10116 5737 10116 5737 10117 5507 10117 5502 10117 5737 10118 5502 10118 5738 10118 5738 10119 5502 10119 5501 10119 5738 10120 5501 10120 5739 10120 5739 8827 5501 8827 5495 8827 5739 10121 5495 10121 5740 10121 5740 10122 5495 10122 5493 10122 5740 8830 5493 8830 5741 8830 5741 10123 5493 10123 5492 10123 5741 10124 5492 10124 5742 10124 5742 10125 5492 10125 5506 10125 5742 10126 5506 10126 5743 10126 5743 10127 5506 10127 5505 10127 5743 10128 5505 10128 5744 10128 5744 10129 5505 10129 5504 10129 5744 10130 5504 10130 5745 10130 5745 10131 5504 10131 5489 10131 5745 10132 5489 10132 5746 10132 5746 10133 5489 10133 5488 10133 5746 10134 5488 10134 5747 10134 5747 10135 5488 10135 5500 10135 5747 10136 5500 10136 5748 10136 5748 10137 5500 10137 5499 10137 5748 10138 5499 10138 5749 10138 5749 10139 5499 10139 5498 10139 5749 10140 5498 10140 5750 10140 5733 10141 5735 10141 5734 10141 5734 8850 5735 8850 5736 8850 5734 10142 5736 10142 5751 10142 5751 8852 5736 8852 5737 8852 5751 10143 5737 10143 5752 10143 5752 10144 5737 10144 5738 10144 5752 10145 5738 10145 5753 10145 5753 10146 5738 10146 5739 10146 5753 10147 5739 10147 5754 10147 5754 10148 5739 10148 5740 10148 5754 10149 5740 10149 5755 10149 5755 10150 5740 10150 5741 10150 5755 10151 5741 10151 5756 10151 5756 10152 5741 10152 5742 10152 5756 10153 5742 10153 5757 10153 5757 10154 5742 10154 5743 10154 5757 10155 5743 10155 5758 10155 5758 10156 5743 10156 5744 10156 5758 10157 5744 10157 5759 10157 5759 10158 5744 10158 5745 10158 5759 10159 5745 10159 5760 10159 5760 10160 5745 10160 5746 10160 5760 10161 5746 10161 5761 10161 5761 10162 5746 10162 5747 10162 5761 10163 5747 10163 5762 10163 5762 10164 5747 10164 5748 10164 5762 10165 5748 10165 5763 10165 5763 10166 5748 10166 5749 10166 5763 10167 5749 10167 5764 10167 5764 10168 5749 10168 5750 10168 5764 10169 5750 10169 5765 10169 5429 10170 5734 10170 5475 10170 5475 8881 5734 8881 5751 8881 5475 10171 5751 10171 5473 10171 5473 8883 5751 8883 5752 8883 5473 10172 5752 10172 5471 10172 5471 8885 5752 8885 5753 8885 5471 10173 5753 10173 5469 10173 5469 10174 5753 10174 5754 10174 5469 10175 5754 10175 5467 10175 5467 8889 5754 8889 5755 8889 5467 10176 5755 10176 5465 10176 5465 10177 5755 10177 5756 10177 5465 10178 5756 10178 5463 10178 5463 10179 5756 10179 5757 10179 5463 10180 5757 10180 5461 10180 5461 10181 5757 10181 5758 10181 5461 8896 5758 8896 5459 8896 5459 10182 5758 10182 5759 10182 5459 10183 5759 10183 5457 10183 5457 8899 5759 8899 5760 8899 5457 10184 5760 10184 5455 10184 5455 10185 5760 10185 5761 10185 5455 10186 5761 10186 5453 10186 5453 10187 5761 10187 5762 10187 5453 10188 5762 10188 5451 10188 5451 9568 5762 9568 5763 9568 5451 10189 5763 10189 5449 10189 5449 10190 5763 10190 5764 10190 5449 10191 5764 10191 5447 10191 5447 10192 5764 10192 5765 10192 5447 10193 5765 10193 5432 10193 5557 10194 5556 10194 5765 10194 5765 10195 5556 10195 5432 10195 5432 10196 5556 10196 5554 10196 5432 10197 5554 10197 2 10197 2 10198 5554 10198 5553 10198 5750 10200 5498 10200 5482 10200 5482 10201 5547 10201 5750 10201 5750 10202 5547 10202 5545 10202 5750 10203 5545 10203 5765 10203 5765 10204 5545 10204 5544 10204 5765 10205 5544 10205 5557 10205</p>
        </triangles>
        <triangles material="m_5-material" count="534">
          <input semantic="VERTEX" source="#link_base-mesh-vertices" offset="0"/>
          <input semantic="NORMAL" source="#link_base-mesh-normals" offset="1"/>
          <p>3362 5895 3363 5895 3364 5895 3364 0 3363 0 3365 0 3364 0 3365 0 3366 0 3367 0 3368 0 3364 0 3364 5896 3368 5896 3369 5896 3364 5897 3369 5897 3362 5897 3370 5898 3371 5898 3364 5898 3364 0 3371 0 3372 0 3364 0 3372 0 3367 0 3366 0 3373 0 3364 0 3364 5899 3373 5899 3374 5899 3364 5895 3374 5895 3370 5895 3375 5895 3376 5895 3377 5895 3377 0 3376 0 3378 0 3377 0 3378 0 3379 0 3380 0 3381 0 3377 0 3377 5900 3381 5900 3382 5900 3377 5898 3382 5898 3375 5898 3383 5899 3384 5899 3377 5899 3377 0 3384 0 3385 0 3377 0 3385 0 3380 0 3379 0 3386 0 3377 0 3377 5897 3386 5897 3387 5897 3377 5896 3387 5896 3383 5896 3388 5898 3389 5898 3390 5898 3390 0 3389 0 3391 0 3390 0 3391 0 3392 0 3393 0 3394 0 3390 0 3390 5901 3394 5901 3395 5901 3390 5896 3395 5896 3388 5896 3396 5902 3397 5902 3390 5902 3390 0 3397 0 3398 0 3390 0 3398 0 3393 0 3392 0 3399 0 3390 0 3390 5895 3399 5895 3400 5895 3390 5903 3400 5903 3396 5903 3401 5899 3402 5899 3403 5899 3403 0 3402 0 3404 0 3403 0 3404 0 3405 0 3406 0 3407 0 3403 0 3403 5897 3407 5897 3408 5897 3403 5896 3408 5896 3401 5896 3409 5900 3410 5900 3403 5900 3403 0 3410 0 3411 0 3403 0 3411 0 3406 0 3405 0 3412 0 3403 0 3403 5900 3412 5900 3413 5900 3403 5898 3413 5898 3409 5898 3414 5903 3415 5903 3416 5903 3416 0 3415 0 3417 0 3416 0 3417 0 3418 0 3419 0 3420 0 3416 0 3416 5903 3420 5903 3421 5903 3416 5904 3421 5904 3414 5904 3422 5904 3423 5904 3416 5904 3416 0 3423 0 3424 0 3416 0 3424 0 3419 0 3418 0 3425 0 3416 0 3416 5896 3425 5896 3426 5896 3416 5897 3426 5897 3422 5897 3427 5895 3428 5895 3429 5895 3429 0 3428 0 3430 0 3429 0 3430 0 3431 0 3432 0 3433 0 3429 0 3429 5904 3433 5904 3434 5904 3429 5899 3434 5899 3427 5899 3435 5898 3436 5898 3429 5898 3429 0 3436 0 3437 0 3429 0 3437 0 3432 0 3431 0 3438 0 3429 0 3429 5897 3438 5897 3439 5897 3429 5905 3439 5905 3435 5905 3440 5895 3441 5895 3442 5895 3442 0 3441 0 3443 0 3442 0 3443 0 3444 0 3445 0 3446 0 3442 0 3442 5900 3446 5900 3447 5900 3442 5898 3447 5898 3440 5898 3448 5898 3449 5898 3442 5898 3442 0 3449 0 3450 0 3442 0 3450 0 3445 0 3444 0 3451 0 3442 0 3442 5897 3451 5897 3452 5897 3442 5896 3452 5896 3448 5896 3453 5904 3454 5904 3455 5904 3455 0 3454 0 3456 0 3455 0 3456 0 3457 0 3458 0 3459 0 3455 0 3455 5896 3459 5896 3460 5896 3455 5897 3460 5897 3453 5897 3461 5903 3462 5903 3455 5903 3455 0 3462 0 3463 0 3455 0 3463 0 3458 0 3457 0 3464 0 3455 0 3455 5903 3464 5903 3465 5903 3455 5904 3465 5904 3461 5904 3365 5906 3466 5906 3366 5906 3366 5907 3466 5907 3467 5907 3366 5908 3467 5908 3373 5908 3373 5909 3467 5909 3468 5909 3373 5910 3468 5910 3374 5910 3374 5911 3468 5911 3469 5911 3374 5912 3469 5912 3370 5912 3370 5913 3469 5913 3470 5913 3370 5914 3470 5914 3371 5914 3371 5915 3470 5915 3471 5915 3371 5916 3471 5916 3372 5916 3372 5917 3471 5917 3472 5917 3372 5918 3472 5918 3367 5918 3367 5919 3472 5919 3473 5919 3367 5920 3473 5920 3368 5920 3368 5921 3473 5921 3474 5921 3368 5922 3474 5922 3369 5922 3369 5922 3474 5922 3475 5922 3369 5923 3475 5923 3362 5923 3362 5923 3475 5923 3476 5923 3362 5924 3476 5924 3363 5924 3363 5925 3476 5925 3477 5925 3363 5926 3477 5926 3365 5926 3365 5927 3477 5927 3466 5927 3378 5906 3478 5906 3379 5906 3379 5907 3478 5907 3479 5907 3379 5908 3479 5908 3386 5908 3386 5909 3479 5909 3480 5909 3386 5928 3480 5928 3387 5928 3387 5928 3480 5928 3481 5928 3387 5929 3481 5929 3383 5929 3383 5929 3481 5929 3482 5929 3383 5914 3482 5914 3384 5914 3384 5915 3482 5915 3483 5915 3384 5916 3483 5916 3385 5916 3385 5917 3483 5917 3484 5917 3385 5918 3484 5918 3380 5918 3380 5919 3484 5919 3485 5919 3380 5920 3485 5920 3381 5920 3381 5921 3485 5921 3486 5921 3381 5930 3486 5930 3382 5930 3382 5931 3486 5931 3487 5931 3382 5932 3487 5932 3375 5932 3375 5933 3487 5933 3488 5933 3375 5924 3488 5924 3376 5924 3376 5925 3488 5925 3489 5925 3376 5926 3489 5926 3378 5926 3378 5927 3489 5927 3478 5927 3398 5934 3490 5934 3393 5934 3393 5935 3490 5935 3491 5935 3393 5936 3491 5936 3394 5936 3394 5937 3491 5937 3492 5937 3394 5938 3492 5938 3395 5938 3395 5939 3492 5939 3493 5939 3395 5940 3493 5940 3388 5940 3388 5940 3493 5940 3494 5940 3388 5941 3494 5941 3389 5941 3389 5941 3494 5941 3495 5941 3389 5942 3495 5942 3391 5942 3391 5943 3495 5943 3496 5943 3391 5944 3496 5944 3392 5944 3392 5944 3496 5944 3497 5944 3392 5945 3497 5945 3399 5945 3399 5946 3497 5946 3498 5946 3399 5930 3498 5930 3400 5930 3400 5947 3498 5947 3499 5947 3400 5932 3499 5932 3396 5932 3396 5948 3499 5948 3500 5948 3396 5949 3500 5949 3397 5949 3397 5950 3500 5950 3501 5950 3397 5951 3501 5951 3398 5951 3398 5951 3501 5951 3490 5951 3411 5934 3502 5934 3406 5934 3406 5952 3502 5952 3503 5952 3406 5937 3503 5937 3407 5937 3407 5936 3503 5936 3504 5936 3407 5939 3504 5939 3408 5939 3408 5939 3504 5939 3505 5939 3408 5940 3505 5940 3401 5940 3401 5953 3505 5953 3506 5953 3401 5954 3506 5954 3402 5954 3402 5941 3506 5941 3507 5941 3402 5955 3507 5955 3404 5955 3404 5956 3507 5956 3508 5956 3404 5957 3508 5957 3405 5957 3405 5958 3508 5958 3509 5958 3405 5959 3509 5959 3412 5959 3412 5960 3509 5960 3510 5960 3412 5961 3510 5961 3413 5961 3413 5947 3510 5947 3511 5947 3413 5932 3511 5932 3409 5932 3409 5962 3511 5962 3512 5962 3409 5963 3512 5963 3410 5963 3410 5964 3512 5964 3513 5964 3410 5965 3513 5965 3411 5965 3411 5966 3513 5966 3502 5966 3424 5934 3514 5934 3419 5934 3419 5935 3514 5935 3515 5935 3419 5936 3515 5936 3420 5936 3420 5937 3515 5937 3516 5937 3420 5911 3516 5911 3421 5911 3421 5967 3516 5967 3517 5967 3421 5912 3517 5912 3414 5912 3414 5968 3517 5968 3518 5968 3414 5941 3518 5941 3415 5941 3415 5941 3518 5941 3519 5941 3415 5942 3519 5942 3417 5942 3417 5943 3519 5943 3520 5943 3417 5969 3520 5969 3418 5969 3418 5970 3520 5970 3521 5970 3418 5959 3521 5959 3425 5959 3425 5959 3521 5959 3522 5959 3425 5971 3522 5971 3426 5971 3426 5971 3522 5971 3523 5971 3426 5972 3523 5972 3422 5972 3422 5973 3523 5973 3524 5973 3422 5964 3524 5964 3423 5964 3423 5963 3524 5963 3525 5963 3423 5974 3525 5974 3424 5974 3424 5966 3525 5966 3514 5966 3430 5934 3526 5934 3431 5934 3431 5935 3526 5935 3527 5935 3431 5936 3527 5936 3438 5936 3438 5936 3527 5936 3528 5936 3438 5939 3528 5939 3439 5939 3439 5939 3528 5939 3529 5939 3439 5940 3529 5940 3435 5940 3435 5975 3529 5975 3530 5975 3435 5976 3530 5976 3436 5976 3436 5941 3530 5941 3531 5941 3436 5942 3531 5942 3437 5942 3437 5943 3531 5943 3532 5943 3437 5944 3532 5944 3432 5944 3432 5944 3532 5944 3533 5944 3432 5945 3533 5945 3433 5945 3433 5977 3533 5977 3534 5977 3433 5931 3534 5931 3434 5931 3434 5947 3534 5947 3535 5947 3434 5932 3535 5932 3427 5932 3427 5962 3535 5962 3536 5962 3427 5978 3536 5978 3428 5978 3428 5950 3536 5950 3537 5950 3428 5951 3537 5951 3430 5951 3430 5951 3537 5951 3526 5951 3443 5979 3538 5979 3444 5979 3444 5952 3538 5952 3539 5952 3444 5936 3539 5936 3451 5936 3451 5980 3539 5980 3540 5980 3451 5981 3540 5981 3452 5981 3452 5939 3540 5939 3541 5939 3452 5940 3541 5940 3448 5940 3448 5940 3541 5940 3542 5940 3448 5941 3542 5941 3449 5941 3449 5976 3542 5976 3543 5976 3449 5955 3543 5955 3450 5955 3450 5943 3543 5943 3544 5943 3450 5969 3544 5969 3445 5969 3445 5958 3544 5958 3545 5958 3445 5982 3545 5982 3446 5982 3446 5959 3545 5959 3546 5959 3446 5930 3546 5930 3447 5930 3447 5947 3546 5947 3547 5947 3447 5932 3547 5932 3440 5932 3440 5983 3547 5983 3548 5983 3440 5984 3548 5984 3441 5984 3441 5963 3548 5963 3549 5963 3441 5965 3549 5965 3443 5965 3443 5985 3549 5985 3538 5985 3456 5934 3550 5934 3457 5934 3457 5935 3550 5935 3551 5935 3457 5936 3551 5936 3464 5936 3464 5936 3551 5936 3552 5936 3464 5910 3552 5910 3465 5910 3465 5967 3552 5967 3553 5967 3465 5912 3553 5912 3461 5912 3461 5986 3553 5986 3554 5986 3461 5976 3554 5976 3462 5976 3462 5941 3554 5941 3555 5941 3462 5942 3555 5942 3463 5942 3463 5943 3555 5943 3556 5943 3463 5969 3556 5969 3458 5969 3458 5970 3556 5970 3557 5970 3458 5959 3557 5959 3459 5959 3459 5982 3557 5982 3558 5982 3459 5987 3558 5987 3460 5987 3460 5971 3558 5971 3559 5971 3460 5972 3559 5972 3453 5972 3453 5972 3559 5972 3560 5972 3453 5963 3560 5963 3454 5963 3454 5963 3560 5963 3561 5963 3454 5974 3561 5974 3456 5974 3456 5966 3561 5966 3550 5966 3562 5988 3563 5988 3564 5988 3564 5989 3563 5989 3565 5989 3564 5990 3565 5990 3566 5990 3566 5991 3565 5991 3567 5991 3566 5992 3567 5992 3568 5992 3568 5993 3567 5993 3569 5993 3568 5994 3569 5994 3570 5994 3570 5995 3569 5995 3571 5995 3562 23 3572 23 3563 23 3563 23 3572 23 3573 23 3574 5996 3575 5996 3576 5996 3576 5997 3575 5997 3577 5997 3576 5998 3577 5998 3578 5998 3578 5999 3577 5999 3579 5999 3578 6000 3579 6000 3580 6000 3580 6001 3579 6001 3581 6001 3580 6002 3581 6002 3572 6002 3572 6003 3581 6003 3573 6003 3582 0 3583 0 3584 0 3585 0 3586 0 3587 0 3588 0 3589 0 3590 0 3591 0 3592 0 3593 0 3575 0 3594 0 3595 0 3569 0 3567 0 3596 0 3581 0 3579 0 3597 0 3598 0 3599 0 3571 0 3597 6004 3579 6004 3595 6004 3595 0 3579 0 3577 0 3595 0 3577 0 3575 0 3567 0 3565 0 3596 0 3596 6005 3565 6005 3563 6005 3596 0 3563 0 3597 0 3597 0 3563 0 3573 0 3597 6006 3573 6006 3581 6006 3600 0 3599 0 3601 0 3601 0 3599 0 3598 0 3601 6007 3598 6007 3602 6007 3516 0 3515 0 3596 0 3515 0 3514 0 3596 0 3596 0 3514 0 3598 0 3596 6008 3598 6008 3569 6008 3569 0 3598 0 3571 0 3516 0 3596 0 3517 0 3517 0 3596 0 3592 0 3517 0 3592 0 3518 0 3514 0 3525 0 3598 0 3598 6009 3525 6009 3524 6009 3598 0 3524 0 3602 0 3602 6010 3524 6010 3523 6010 3602 0 3523 0 3603 0 3603 6011 3523 6011 3522 6011 3603 6012 3522 6012 3591 6012 3522 0 3521 0 3591 0 3591 6013 3521 6013 3520 6013 3591 0 3520 0 3592 0 3592 6014 3520 6014 3519 6014 3592 6015 3519 6015 3518 6015 3604 0 3593 0 3509 0 3501 0 3605 0 3490 0 3490 6016 3605 6016 3586 6016 3490 6017 3586 6017 3491 6017 3585 0 3493 0 3586 0 3586 6018 3493 6018 3492 6018 3586 6019 3492 6019 3491 6019 3501 0 3500 0 3605 0 3605 6020 3500 6020 3499 6020 3605 0 3499 0 3589 0 3499 0 3498 0 3589 0 3589 0 3498 0 3497 0 3589 0 3497 0 3590 0 3497 0 3496 0 3590 0 3590 6021 3496 6021 3495 6021 3590 6022 3495 6022 3585 6022 3585 6023 3495 6023 3494 6023 3585 6024 3494 6024 3493 6024 3470 6025 3469 6025 3606 6025 3606 6026 3469 6026 3607 6026 3526 0 3537 0 3608 0 3608 0 3537 0 3536 0 3608 6027 3536 6027 3535 6027 3535 0 3534 0 3609 0 3607 6028 3610 6028 3611 6028 3611 6029 3610 6029 3530 6029 3527 6030 3612 6030 3528 6030 3528 0 3612 0 3611 0 3528 0 3611 0 3529 0 3529 0 3611 0 3530 0 3534 0 3533 0 3609 0 3609 6031 3533 6031 3532 6031 3609 6032 3532 6032 3610 6032 3610 6033 3532 6033 3531 6033 3610 6034 3531 6034 3530 6034 3608 6035 3541 6035 3540 6035 3582 6036 3613 6036 3538 6036 3527 0 3526 0 3612 0 3612 0 3526 0 3608 0 3612 6037 3608 6037 3614 6037 3614 6038 3608 6038 3540 6038 3614 0 3540 0 3613 0 3613 6039 3540 6039 3539 6039 3613 6040 3539 6040 3538 6040 3551 0 3550 0 3584 0 3584 6041 3550 6041 3561 6041 3584 0 3561 0 3615 0 3615 6042 3561 6042 3560 6042 3615 0 3560 0 3616 0 3551 6043 3584 6043 3552 6043 3552 6044 3584 6044 3583 6044 3552 0 3583 0 3553 0 3553 0 3583 0 3597 0 3553 0 3597 0 3554 0 3559 0 3558 0 3595 0 3558 0 3557 0 3595 0 3595 6045 3557 6045 3556 6045 3595 0 3556 0 3597 0 3597 6046 3556 6046 3555 6046 3597 6047 3555 6047 3554 6047 3560 0 3559 0 3616 0 3616 0 3559 0 3595 0 3616 6048 3595 6048 3617 6048 3617 0 3595 0 3594 0 3617 0 3594 0 3618 0 3469 0 3468 0 3607 0 3607 6049 3468 6049 3467 6049 3607 6050 3467 6050 3610 6050 3610 6051 3467 6051 3466 6051 3610 6052 3466 6052 3609 6052 3470 0 3606 0 3471 0 3471 0 3606 0 3587 0 3471 0 3587 0 3472 0 3472 0 3587 0 3586 0 3472 0 3586 0 3473 0 3473 0 3586 0 3605 0 3473 6053 3605 6053 3474 6053 3466 6054 3477 6054 3609 6054 3609 6055 3477 6055 3476 6055 3609 0 3476 0 3605 0 3605 6056 3476 6056 3475 6056 3605 6057 3475 6057 3474 6057 3509 0 3508 0 3604 0 3604 6058 3508 6058 3507 6058 3604 0 3507 0 3588 0 3588 6059 3507 6059 3506 6059 3588 0 3506 0 3589 0 3589 6060 3506 6060 3505 6060 3589 0 3505 0 3605 0 3505 6061 3504 6061 3605 6061 3605 6062 3504 6062 3503 6062 3605 0 3503 0 3596 0 3596 6063 3503 6063 3502 6063 3502 0 3513 0 3596 0 3596 6064 3513 6064 3512 6064 3596 0 3512 0 3592 0 3592 6065 3512 6065 3511 6065 3592 0 3511 0 3593 0 3593 6066 3511 6066 3510 6066 3593 6067 3510 6067 3509 6067 3538 6068 3549 6068 3582 6068 3582 6069 3549 6069 3548 6069 3582 6070 3548 6070 3583 6070 3583 6071 3548 6071 3547 6071 3583 0 3547 0 3597 0 3597 6072 3547 6072 3546 6072 3535 0 3609 0 3608 0 3608 0 3609 0 3542 0 3608 6073 3542 6073 3541 6073 3546 6074 3545 6074 3597 6074 3597 6075 3545 6075 3544 6075 3597 0 3544 0 3609 0 3609 6076 3544 6076 3543 6076 3609 6077 3543 6077 3542 6077 3489 0 3597 0 3478 0 3478 0 3597 0 3609 0 3478 0 3609 0 3479 0 3479 6078 3609 6078 3480 6078 3489 6079 3488 6079 3597 6079 3597 6080 3488 6080 3487 6080 3597 0 3487 0 3596 0 3596 6081 3487 6081 3486 6081 3480 6082 3609 6082 3481 6082 3481 0 3609 0 3605 0 3481 6083 3605 6083 3482 6083 3486 6084 3485 6084 3596 6084 3596 6085 3485 6085 3484 6085 3596 0 3484 0 3605 0 3605 6086 3484 6086 3483 6086 3605 6087 3483 6087 3482 6087 3619 6088 3587 6088 3606 6088 3600 6089 3601 6089 3620 6089 3620 6090 3601 6090 3602 6090 3620 6091 3602 6091 3621 6091 3602 6092 3603 6092 3621 6092 3621 6093 3603 6093 3591 6093 3621 6094 3591 6094 3622 6094 3591 6095 3593 6095 3622 6095 3622 6096 3593 6096 3604 6096 3622 6096 3604 6096 3623 6096 3623 6097 3604 6097 3588 6097 3623 6098 3588 6098 3624 6098 3624 6099 3588 6099 3590 6099 3624 6100 3590 6100 3619 6100 3619 6101 3590 6101 3585 6101 3619 6102 3585 6102 3587 6102 3607 6103 3625 6103 3606 6103 3606 6104 3625 6104 3626 6104 3606 6088 3626 6088 3619 6088 3607 6105 3611 6105 3625 6105 3625 6106 3611 6106 3612 6106 3625 6107 3612 6107 3627 6107 3627 6108 3612 6108 3614 6108 3627 6109 3614 6109 3613 6109 3582 6110 3628 6110 3613 6110 3613 6111 3628 6111 3629 6111 3613 6112 3629 6112 3627 6112 3582 6113 3584 6113 3628 6113 3628 6114 3584 6114 3615 6114 3628 6115 3615 6115 3630 6115 3618 6116 3631 6116 3617 6116 3617 6117 3631 6117 3630 6117 3617 6118 3630 6118 3616 6118 3616 6119 3630 6119 3615 6119 3599 2 3600 2 3620 2 3571 2 3599 2 3570 2 3570 6153 3599 6153 3620 6153 3570 2 3620 2 3658 2 3658 2 3620 2 3644 2 3658 6154 3644 6154 3659 6154 3659 2 3644 2 3657 2 3658 0 3660 0 3570 0 3570 6155 3660 6155 3572 6155 3574 6156 3576 6156 3578 6156 3660 6157 3661 6157 3572 6157 3572 0 3661 0 3574 0 3572 0 3574 0 3580 0 3580 0 3574 0 3578 0 3566 6158 3568 6158 3564 6158 3564 0 3568 0 3570 0 3564 0 3570 0 3562 0 3562 0 3570 0 3572 0 3662 1648 3645 1648 3632 1648 3631 1648 3574 1648 3632 1648 3632 1648 3574 1648 3661 1648 3632 1648 3661 1648 3662 1648 3631 1648 3618 1648 3574 1648 3574 1648 3618 1648 3594 1648 3574 1648 3594 1648 3575 1648</p>
        </triangles>
        <triangles material="m_6-material" count="605">
          <input semantic="VERTEX" source="#link_base-mesh-vertices" offset="0"/>
          <input semantic="NORMAL" source="#link_base-mesh-normals" offset="1"/>
          <p>3319 0 3320 0 3321 0 3319 0 3321 0 3322 0 3323 0 3324 0 3325 0 3326 0 3327 0 3328 0 3320 5884 3319 5884 3329 5884 3329 0 3319 0 3330 0 3329 5885 3330 5885 3331 5885 3323 5886 3325 5886 3332 5886 3333 0 3334 0 3335 0 3335 5887 3334 5887 3326 5887 3335 5888 3326 5888 3336 5888 3336 5889 3326 5889 3328 5889 3321 0 3337 0 3322 0 3322 0 3337 0 3338 0 3322 0 3338 0 3339 0 3339 0 3338 0 3340 0 3339 0 3340 0 3341 0 3341 0 3340 0 3342 0 3341 0 3342 0 3327 0 3327 0 3342 0 3343 0 3327 0 3343 0 3328 0 3331 0 3330 0 3344 0 3344 0 3330 0 3345 0 3344 0 3345 0 3346 0 3347 0 3348 0 3323 0 3323 5890 3348 5890 3349 5890 3323 0 3349 0 3324 0 3350 5891 3351 5891 3345 5891 3345 0 3351 0 3352 0 3345 5892 3352 5892 3346 5892 3333 0 3353 0 3334 0 3334 5893 3353 5893 3354 5893 3334 0 3354 0 3355 0 3325 5894 3356 5894 3332 5894 3332 0 3356 0 3357 0 3332 0 3357 0 3350 0 3350 0 3357 0 3358 0 3350 0 3358 0 3351 0 3354 0 3359 0 3355 0 3355 0 3359 0 3360 0 3355 0 3360 0 3347 0 3347 0 3360 0 3361 0 3347 0 3361 0 3348 0 3631 6120 3632 6120 3630 6120 3630 6121 3632 6121 3633 6121 3630 6122 3633 6122 3628 6122 3628 0 3633 0 3634 0 3628 0 3634 0 3629 0 3629 0 3634 0 3635 0 3629 6123 3635 6123 3627 6123 3627 6124 3635 6124 3636 6124 3627 6125 3636 6125 3625 6125 3625 0 3636 0 3637 0 3625 6126 3637 6126 3626 6126 3626 0 3637 0 3638 0 3626 6127 3638 6127 3619 6127 3619 0 3638 0 3639 0 3619 0 3639 0 3624 0 3624 0 3639 0 3640 0 3624 0 3640 0 3623 0 3623 0 3640 0 3641 0 3623 0 3641 0 3622 0 3622 0 3641 0 3642 0 3622 0 3642 0 3621 0 3621 6128 3642 6128 3643 6128 3621 0 3643 0 3620 0 3620 0 3643 0 3644 0 3632 6129 3645 6129 3633 6129 3633 6130 3645 6130 3646 6130 3633 6131 3646 6131 3634 6131 3634 6132 3646 6132 3647 6132 3634 6133 3647 6133 3635 6133 3635 6134 3647 6134 3648 6134 3635 6135 3648 6135 3636 6135 3636 6136 3648 6136 3649 6136 3636 6137 3649 6137 3637 6137 3637 6138 3649 6138 3650 6138 3637 6139 3650 6139 3638 6139 3638 6140 3650 6140 3651 6140 3638 6141 3651 6141 3639 6141 3639 6142 3651 6142 3652 6142 3639 6143 3652 6143 3640 6143 3640 6144 3652 6144 3653 6144 3640 6145 3653 6145 3641 6145 3641 6146 3653 6146 3654 6146 3641 6147 3654 6147 3642 6147 3642 6148 3654 6148 3655 6148 3642 6149 3655 6149 3643 6149 3643 6150 3655 6150 3656 6150 3643 6151 3656 6151 3644 6151 3644 6152 3656 6152 3657 6152 3646 6159 3645 6159 3662 6159 3659 6160 3657 6160 3663 6160 3663 6161 3657 6161 3656 6161 3663 6162 3656 6162 3664 6162 3664 0 3656 0 3655 0 3664 6163 3655 6163 3665 6163 3665 6164 3655 6164 3654 6164 3665 0 3654 0 3666 0 3666 0 3654 0 3653 0 3666 0 3653 0 3667 0 3667 0 3653 0 3652 0 3667 0 3652 0 3668 0 3668 6165 3652 6165 3651 6165 3668 6166 3651 6166 3669 6166 3669 0 3651 0 3650 0 3669 0 3650 0 3670 0 3650 6167 3649 6167 3670 6167 3670 0 3649 0 3648 0 3670 6168 3648 6168 3671 6168 3671 6169 3648 6169 3647 6169 3671 6170 3647 6170 3672 6170 3672 0 3647 0 3646 0 3672 6171 3646 6171 3673 6171 3673 0 3646 0 3662 0 3658 6172 3659 6172 3663 6172 3658 6173 3674 6173 3660 6173 3660 6174 3674 6174 3675 6174 3660 6175 3675 6175 3661 6175 3661 6176 3675 6176 3676 6176 3658 6177 3663 6177 3674 6177 3674 6178 3663 6178 3664 6178 3674 6179 3664 6179 3677 6179 3677 6180 3664 6180 3665 6180 3677 6181 3665 6181 3678 6181 3678 6182 3665 6182 3666 6182 3678 6183 3666 6183 3679 6183 3679 6184 3666 6184 3667 6184 3679 5964 3667 5964 3680 5964 3680 6185 3667 6185 3668 6185 3680 6185 3668 6185 3681 6185 3681 6186 3668 6186 3669 6186 3681 6186 3669 6186 3682 6186 3682 6187 3669 6187 3670 6187 3682 6188 3670 6188 3683 6188 3683 6189 3670 6189 3671 6189 3683 6190 3671 6190 3684 6190 3684 6191 3671 6191 3672 6191 3684 6192 3672 6192 3685 6192 3685 6193 3672 6193 3673 6193 3685 5954 3673 5954 3676 5954 3676 6194 3673 6194 3662 6194 3676 6195 3662 6195 3661 6195 3676 6196 3686 6196 3685 6196 3685 0 3686 0 3687 0 3685 0 3687 0 3684 0 3684 0 3687 0 3688 0 3684 0 3688 0 3683 0 3688 0 3689 0 3683 0 3683 0 3689 0 3690 0 3683 0 3690 0 3682 0 3682 0 3690 0 3691 0 3682 6197 3691 6197 3681 6197 3681 6198 3691 6198 3692 6198 3681 0 3692 0 3680 0 3680 0 3692 0 3693 0 3680 0 3693 0 3679 0 3679 0 3693 0 3694 0 3679 0 3694 0 3678 0 3678 0 3694 0 3695 0 3678 0 3695 0 3677 0 3677 0 3695 0 3696 0 3677 0 3696 0 3674 0 3674 6199 3696 6199 3697 6199 3674 0 3697 0 3675 0 3675 0 3697 0 3698 0 3675 0 3698 0 3676 0 3676 6200 3698 6200 3699 6200 3676 0 3699 0 3686 0 3700 6201 3701 6201 3339 6201 3339 6202 3701 6202 3322 6202 3701 6203 3702 6203 3322 6203 3322 6204 3702 6204 3703 6204 3322 6205 3703 6205 3319 6205 3319 6206 3703 6206 3704 6206 3319 6207 3704 6207 3330 6207 3330 6208 3704 6208 3705 6208 3330 6209 3705 6209 3345 6209 3345 6210 3705 6210 3706 6210 3345 6211 3706 6211 3350 6211 3350 6212 3706 6212 3707 6212 3350 6213 3707 6213 3332 6213 3332 6214 3707 6214 3708 6214 3332 6215 3708 6215 3323 6215 3323 6216 3708 6216 3709 6216 3323 6217 3709 6217 3347 6217 3347 6218 3709 6218 3710 6218 3347 6219 3710 6219 3355 6219 3355 6220 3710 6220 3711 6220 3355 6221 3711 6221 3334 6221 3334 6222 3711 6222 3712 6222 3334 6223 3712 6223 3326 6223 3326 6224 3712 6224 3713 6224 3326 6225 3713 6225 3327 6225 3327 6226 3713 6226 3700 6226 3327 6227 3700 6227 3341 6227 3341 6228 3700 6228 3339 6228 3689 6229 3688 6229 3701 6229 3701 6230 3688 6230 3702 6230 3688 6231 3687 6231 3702 6231 3702 6232 3687 6232 3686 6232 3702 6233 3686 6233 3703 6233 3703 6234 3686 6234 3699 6234 3703 6235 3699 6235 3704 6235 3704 6236 3699 6236 3698 6236 3704 6237 3698 6237 3705 6237 3705 6238 3698 6238 3697 6238 3705 6239 3697 6239 3706 6239 3706 6240 3697 6240 3696 6240 3706 6241 3696 6241 3707 6241 3707 6242 3696 6242 3695 6242 3707 6243 3695 6243 3708 6243 3708 6244 3695 6244 3694 6244 3708 6245 3694 6245 3709 6245 3709 6246 3694 6246 3693 6246 3709 6247 3693 6247 3710 6247 3710 6248 3693 6248 3692 6248 3710 6249 3692 6249 3711 6249 3711 6250 3692 6250 3691 6250 3711 6251 3691 6251 3712 6251 3712 6252 3691 6252 3690 6252 3712 6253 3690 6253 3713 6253 3713 6254 3690 6254 3689 6254 3713 6255 3689 6255 3700 6255 3700 6256 3689 6256 3701 6256 3736 6287 3737 6287 3738 6287 3351 6288 3358 6288 3739 6288 3737 6289 3740 6289 3741 6289 3741 6290 3740 6290 3742 6290 3741 6291 3742 6291 3743 6291 3744 6292 3745 6292 3746 6292 3746 6293 3745 6293 3747 6293 3746 6294 3747 6294 3748 6294 3749 6295 3750 6295 3751 6295 3752 6296 3356 6296 3753 6296 3753 6297 3356 6297 3325 6297 3753 6298 3325 6298 3324 6298 3748 6299 3754 6299 3746 6299 3746 6300 3754 6300 3755 6300 3746 6301 3755 6301 3738 6301 3738 6302 3755 6302 3756 6302 3738 6303 3756 6303 3736 6303 3737 6304 3741 6304 3738 6304 3738 6305 3741 6305 3751 6305 3738 6306 3751 6306 3746 6306 3746 6307 3751 6307 3750 6307 3746 6308 3750 6308 3744 6308 3739 6309 3358 6309 3743 6309 3743 6310 3358 6310 3357 6310 3743 6311 3357 6311 3741 6311 3741 6312 3357 6312 3356 6312 3741 6313 3356 6313 3751 6313 3751 6314 3356 6314 3752 6314 3751 6315 3752 6315 3749 6315 3731 6316 3717 6316 3754 6316 3754 6316 3717 6316 3755 6316 3779 6347 3780 6347 3781 6347 3329 6348 3331 6348 3782 6348 3780 6349 3783 6349 3784 6349 3784 6350 3783 6350 3785 6350 3784 6351 3785 6351 3786 6351 3787 6352 3788 6352 3789 6352 3789 6353 3788 6353 3790 6353 3791 6354 3792 6354 3793 6354 3793 6355 3792 6355 3794 6355 3795 6356 3346 6356 3352 6356 3351 6357 3796 6357 3352 6357 3352 6358 3796 6358 3797 6358 3352 6359 3797 6359 3795 6359 3787 6360 3798 6360 3788 6360 3788 6361 3798 6361 3799 6361 3788 6362 3799 6362 3781 6362 3781 6363 3799 6363 3800 6363 3781 6364 3800 6364 3779 6364 3780 6365 3784 6365 3781 6365 3781 6366 3784 6366 3793 6366 3781 6367 3793 6367 3788 6367 3788 6368 3793 6368 3794 6368 3788 6369 3794 6369 3790 6369 3782 6370 3331 6370 3786 6370 3786 6371 3331 6371 3344 6371 3786 6372 3344 6372 3784 6372 3784 6373 3344 6373 3346 6373 3784 6374 3346 6374 3793 6374 3793 6375 3346 6375 3795 6375 3793 6376 3795 6376 3791 6376 3774 23 3762 23 3798 23 3798 23 3762 23 3799 23 3822 6406 3823 6406 3824 6406 3825 6407 3826 6407 3827 6407 3828 6408 3829 6408 3338 6408 3338 6409 3829 6409 3340 6409 3825 6410 3827 6410 3823 6410 3830 6411 3831 6411 3832 6411 3832 6412 3831 6412 3833 6412 3834 6413 3835 6413 3836 6413 3836 6414 3835 6414 3837 6414 3838 6415 3321 6415 3320 6415 3329 6416 3839 6416 3320 6416 3320 6417 3839 6417 3840 6417 3320 6418 3840 6418 3838 6418 3830 6419 3841 6419 3831 6419 3831 6420 3841 6420 3842 6420 3831 6421 3842 6421 3824 6421 3824 6423 3843 6423 3822 6423 3823 6424 3827 6424 3824 6424 3824 6425 3827 6425 3836 6425 3824 6426 3836 6426 3831 6426 3831 6427 3836 6427 3837 6427 3831 6428 3837 6428 3833 6428 3828 6429 3338 6429 3826 6429 3826 6430 3338 6430 3337 6430 3826 6431 3337 6431 3827 6431 3827 6432 3337 6432 3321 6432 3827 6433 3321 6433 3836 6433 3836 6434 3321 6434 3838 6434 3836 6435 3838 6435 3834 6435 3817 6436 3810 6436 3841 6436 3841 6436 3810 6436 3842 6436 3343 6467 3866 6467 3328 6467 3328 6468 3866 6468 3867 6468 3328 6469 3867 6469 3336 6469 3868 6470 3869 6470 3870 6470 3870 6471 3869 6471 3871 6471 3870 6472 3871 6472 3872 6472 3872 6473 3871 6473 3873 6473 3871 6474 3874 6474 3875 6474 3873 6475 3871 6475 3876 6475 3876 6476 3871 6476 3875 6476 3876 6477 3875 6477 3877 6477 3874 6478 3871 6478 3878 6478 3878 6479 3871 6479 3869 6479 3878 6480 3869 6480 3879 6480 3879 6481 3869 6481 3880 6481 3880 6482 3869 6482 3881 6482 3880 6483 3881 6483 3882 6483 3868 6484 3883 6484 3869 6484 3869 6485 3883 6485 3866 6485 3869 6486 3866 6486 3881 6486 3881 6487 3866 6487 3343 6487 3881 6488 3343 6488 3882 6488 3882 6489 3343 6489 3342 6489 3882 6490 3342 6490 3884 6490 3884 6491 3342 6491 3340 6491 3877 6492 3861 6492 3876 6492 3876 6493 3861 6493 3847 6493 3876 6494 3847 6494 3873 6494 3885 6495 3886 6495 3887 6495 3359 6496 3354 6496 3888 6496 3889 6497 3890 6497 3891 6497 3891 6498 3890 6498 3892 6498 3893 6499 3894 6499 3895 6499 3895 6500 3894 6500 3896 6500 3897 6501 3333 6501 3335 6501 3336 6502 3898 6502 3335 6502 3335 6503 3898 6503 3899 6503 3335 6504 3899 6504 3897 6504 3886 6505 3900 6505 3901 6505 3901 6506 3900 6506 3902 6506 3901 6507 3902 6507 3903 6507 3889 6508 3904 6508 3890 6508 3890 6509 3904 6509 3905 6509 3890 6510 3905 6510 3887 6510 3887 6511 3905 6511 3906 6511 3887 6512 3906 6512 3885 6512 3886 6513 3901 6513 3887 6513 3887 6514 3901 6514 3895 6514 3887 6515 3895 6515 3890 6515 3890 6516 3895 6516 3896 6516 3890 6517 3896 6517 3892 6517 3888 6518 3354 6518 3903 6518 3903 6519 3354 6519 3353 6519 3903 6520 3353 6520 3901 6520 3901 6521 3353 6521 3333 6521 3901 6522 3333 6522 3895 6522 3895 6523 3333 6523 3897 6523 3895 6524 3897 6524 3893 6524 3915 200 3908 200 3904 200 3904 200 3908 200 3905 200 3929 6555 3930 6555 3931 6555 3931 6555 3930 6555 3932 6555 3933 6556 3934 6556 3935 6556 3936 6557 3937 6557 3938 6557 3939 6558 3940 6558 3349 6558 3349 6559 3940 6559 3324 6559 3936 6560 3938 6560 3934 6560 3941 6561 3942 6561 3943 6561 3943 6562 3942 6562 3944 6562 3945 6563 3946 6563 3947 6563 3947 6564 3946 6564 3948 6564 3949 6565 3361 6565 3360 6565 3359 6566 3950 6566 3360 6566 3360 6567 3950 6567 3951 6567 3360 6568 3951 6568 3949 6568 3941 6569 3931 6569 3942 6569 3942 6570 3931 6570 3932 6570 3942 6571 3932 6571 3935 6571 3935 6572 3932 6572 3952 6572 3935 6573 3952 6573 3933 6573 3934 6574 3938 6574 3935 6574 3935 6575 3938 6575 3947 6575 3935 6576 3947 6576 3942 6576 3942 6577 3947 6577 3948 6577 3942 6578 3948 6578 3944 6578 3939 6579 3349 6579 3937 6579 3937 6580 3349 6580 3348 6580 3937 6581 3348 6581 3938 6581 3938 6582 3348 6582 3361 6582 3938 6583 3361 6583 3947 6583 3947 6584 3361 6584 3949 6584 3947 6585 3949 6585 3945 6585 3867 6615 3857 6615 3336 6615 3336 6616 3857 6616 3856 6616 3336 6617 3856 6617 3898 6617 3898 6618 3856 6618 1487 6618 3898 6619 1487 6619 3899 6619 3899 6620 1487 6620 3913 6620 3899 6621 3913 6621 3897 6621 3897 6622 3913 6622 3893 6622 3893 6623 3913 6623 3911 6623 3893 6624 3911 6624 3910 6624 3891 6625 3892 6625 3918 6625 3918 6626 3892 6626 3896 6626 3849 6627 3854 6627 3866 6627 3866 6628 3854 6628 3853 6628 3910 6631 3919 6631 3893 6631 3893 6632 3919 6632 3918 6632 3893 6633 3918 6633 3894 6633 3894 6634 3918 6634 3896 6634 3853 6635 3851 6635 3866 6635 3866 6636 3851 6636 3850 6636 3866 6637 3850 6637 3867 6637 3867 6638 3850 6638 3855 6638 3867 6639 3855 6639 3857 6639 3918 6640 3915 6640 3891 6640 3891 6641 3915 6641 3904 6641 3868 6644 3872 6644 3873 6644 3847 6646 3849 6646 3866 6646 3847 6647 3866 6647 3873 6647 3873 6648 3866 6648 3883 6648 3873 6649 3883 6649 3868 6649 3884 6650 3340 6650 1500 6650 1500 2 3340 2 3805 2 3805 6651 3340 6651 3829 6651 3805 6652 3829 6652 3828 6652 3879 2 3880 2 3877 2 3842 2 3810 2 3826 2 3826 6653 3806 6653 3813 6653 1500 6654 3845 6654 3884 6654 3884 6655 3845 6655 3844 6655 3884 2 3844 2 3882 2 3882 6656 3844 6656 3858 6656 3882 6657 3858 6657 3880 6657 3880 6658 3858 6658 3861 6658 3880 6659 3861 6659 3877 6659 3813 2 3812 2 3826 2 3826 6660 3812 6660 3815 6660 3826 2 3815 2 3828 2 3828 6661 3815 6661 3814 6661 3828 6662 3814 6662 3805 6662 3875 6663 3874 6663 3877 6663 3877 6664 3874 6664 3878 6664 3877 6665 3878 6665 3879 6665 3810 2 3809 2 3826 2 3826 6666 3809 6666 3807 6666 3826 6667 3807 6667 3806 6667 3864 2 3861 2 3865 2 3865 2 3861 2 3858 2 3822 6668 3843 6668 3823 6668 3823 6669 3843 6669 3842 6669 3823 2 3842 2 3825 2 3825 2 3842 2 3826 2 3838 6670 3840 6670 3804 6670 3804 6671 3840 6671 1492 6671 1492 6672 3840 6672 3839 6672 1492 6673 3839 6673 3771 6673 3771 6674 3839 6674 3329 6674 3771 6675 3329 6675 3772 6675 3772 6676 3329 6676 3782 6676 3772 6677 3782 6677 3770 6677 3838 6678 3804 6678 3834 6678 3834 6679 3804 6679 3802 6679 3834 6680 3802 6680 3801 6680 3832 6681 3833 6681 3820 6681 3820 6682 3833 6682 3837 6682 3801 6685 3821 6685 3834 6685 3834 6686 3821 6686 3820 6686 3834 6687 3820 6687 3835 6687 3835 6688 3820 6688 3837 6688 3770 6689 3782 6689 3765 6689 3765 6690 3782 6690 3786 6690 3765 6691 3786 6691 3785 6691 3764 6692 3769 6692 3780 6692 3780 6693 3769 6693 3768 6693 3800 6694 3799 6694 3779 6694 3779 6695 3799 6695 3780 6695 3785 6688 3783 6688 3765 6688 3765 6696 3783 6696 3780 6696 3765 6697 3780 6697 3766 6697 3766 6698 3780 6698 3768 6698 3820 6699 3817 6699 3832 6699 3832 6700 3817 6700 3841 6700 3832 6701 3841 6701 3830 6701 3780 6702 3799 6702 3764 6702 3764 6703 3799 6703 3762 6703 3795 6705 3797 6705 3760 6705 3760 6706 3797 6706 1505 6706 1505 6707 3797 6707 3796 6707 1505 6708 3796 6708 3726 6708 3726 6709 3796 6709 3351 6709 3726 6710 3351 6710 3727 6710 3727 6711 3351 6711 3739 6711 3727 6712 3739 6712 3725 6712 3795 6713 3760 6713 3791 6713 3791 6714 3760 6714 3758 6714 3791 6715 3758 6715 3757 6715 3789 6716 3790 6716 3777 6716 3777 6717 3790 6717 3794 6717 3757 6720 3778 6720 3791 6720 3791 6721 3778 6721 3777 6721 3791 6722 3777 6722 3792 6722 3792 6723 3777 6723 3794 6723 3725 6724 3739 6724 3720 6724 3720 6725 3739 6725 3743 6725 3720 6726 3743 6726 3742 6726 3719 6727 3724 6727 3737 6727 3737 6728 3724 6728 3723 6728 3756 6729 3755 6729 3736 6729 3736 6730 3755 6730 3737 6730 3742 6731 3740 6731 3720 6731 3720 6732 3740 6732 3737 6732 3720 6733 3737 6733 3721 6733 3721 6734 3737 6734 3723 6734 3777 6735 3774 6735 3789 6735 3789 6736 3774 6736 3798 6736 3789 6737 3798 6737 3787 6737 3737 6738 3755 6738 3719 6738 3719 6739 3755 6739 3717 6739 3753 6741 3715 6741 3714 6741 3715 6742 3753 6742 1494 6742 1494 6743 3753 6743 3324 6743 1494 1648 3324 1648 3957 1648 3957 6744 3324 6744 3940 6744 3957 6745 3940 6745 3939 6745 3731 1648 3754 1648 3728 1648 3728 6746 3745 6746 3744 6746 3932 1648 3930 1648 3937 1648 3937 6747 3958 6747 3964 6747 3744 1648 3750 1648 3728 1648 3728 6748 3750 6748 3749 6748 3728 1648 3749 1648 3714 1648 3714 6749 3749 6749 3752 6749 3714 6750 3752 6750 3753 6750 3964 1648 3963 1648 3937 1648 3937 6751 3963 6751 3966 6751 3937 1648 3966 1648 3939 1648 3939 6752 3966 6752 3965 6752 3939 6753 3965 6753 3957 6753 3754 1648 3748 1648 3728 1648 3728 6754 3748 6754 3747 6754 3728 6755 3747 6755 3745 6755 3930 1648 3961 1648 3937 1648 3937 6756 3961 6756 3959 6756 3937 6757 3959 6757 3958 6757 3733 1648 3732 1648 3734 1648 3734 1648 3732 1648 3731 1648 3734 1648 3731 1648 3735 1648 3735 1648 3731 1648 3728 1648 3933 6758 3952 6758 3934 6758 3934 6759 3952 6759 3932 6759 3934 1648 3932 1648 3936 1648 3936 1648 3932 1648 3937 1648 3949 6760 3951 6760 3956 6760 3956 6761 3951 6761 1481 6761 1481 6762 3951 6762 3950 6762 1481 6763 3950 6763 3927 6763 3927 6764 3950 6764 3359 6764 3927 6765 3359 6765 3928 6765 3928 6766 3359 6766 3888 6766 3928 6767 3888 6767 3926 6767 3949 6768 3956 6768 3945 6768 3945 6769 3956 6769 3954 6769 3945 6770 3954 6770 3953 6770 3943 6771 3944 6771 3970 6771 3970 6772 3944 6772 3948 6772 3953 6775 3971 6775 3945 6775 3945 6776 3971 6776 3970 6776 3945 6777 3970 6777 3946 6777 3946 6778 3970 6778 3948 6778 3926 6779 3888 6779 3921 6779 3921 6780 3888 6780 3903 6780 3921 6781 3903 6781 3902 6781 3920 6782 3925 6782 3886 6782 3886 6783 3925 6783 3924 6783 3906 6784 3905 6784 3885 6784 3885 6785 3905 6785 3886 6785 3902 6786 3900 6786 3921 6786 3921 6787 3900 6787 3886 6787 3921 6788 3886 6788 3922 6788 3922 6789 3886 6789 3924 6789 3970 6790 3929 6790 3943 6790 3943 6791 3929 6791 3931 6791 3943 6792 3931 6792 3941 6792 3886 6793 3905 6793 3920 6793 3920 6794 3905 6794 3908 6794</p>
        </triangles>
        <triangles material="m_3-material" count="2729">
          <input semantic="VERTEX" source="#link_base-mesh-vertices" offset="0"/>
          <input semantic="NORMAL" source="#link_base-mesh-normals" offset="1"/>
          <p>505 433 499 433 506 433 1624 2525 1625 2525 1626 2525 1690 2616 542 2616 565 2616 1691 2617 1690 2617 1692 2617 1693 2618 1691 2618 1694 2618 1695 2619 1693 2619 1696 2619 1690 2620 565 2620 1692 2620 1692 2621 565 2621 564 2621 1692 2622 564 2622 1697 2622 1697 2623 564 2623 563 2623 1697 2624 563 2624 1698 2624 1698 2625 563 2625 562 2625 1698 2626 562 2626 1699 2626 1699 2627 562 2627 561 2627 1699 2628 561 2628 1700 2628 1700 2629 561 2629 556 2629 1700 2630 556 2630 1701 2630 1701 2631 556 2631 555 2631 1701 2632 555 2632 1702 2632 1702 2633 555 2633 553 2633 1702 2634 553 2634 1703 2634 1703 2635 553 2635 551 2635 1703 2636 551 2636 1704 2636 1691 2637 1692 2637 1694 2637 1694 2638 1692 2638 1697 2638 1694 2639 1697 2639 1705 2639 1705 2640 1697 2640 1698 2640 1705 2641 1698 2641 1706 2641 1706 2642 1698 2642 1699 2642 1706 2643 1699 2643 1707 2643 1707 2644 1699 2644 1700 2644 1707 2645 1700 2645 1708 2645 1708 2646 1700 2646 1701 2646 1708 2647 1701 2647 1709 2647 1709 2648 1701 2648 1702 2648 1709 2649 1702 2649 1710 2649 1710 2650 1702 2650 1703 2650 1710 2651 1703 2651 1711 2651 1711 2652 1703 2652 1704 2652 1711 2653 1704 2653 1712 2653 1693 2654 1694 2654 1696 2654 1696 2655 1694 2655 1705 2655 1696 2656 1705 2656 1713 2656 1713 2657 1705 2657 1706 2657 1713 2658 1706 2658 1714 2658 1714 2659 1706 2659 1707 2659 1714 2660 1707 2660 1715 2660 1715 2661 1707 2661 1708 2661 1715 2662 1708 2662 1716 2662 1716 2663 1708 2663 1709 2663 1716 2664 1709 2664 1717 2664 1717 2665 1709 2665 1710 2665 1717 2666 1710 2666 1718 2666 1718 2667 1710 2667 1711 2667 1718 2668 1711 2668 1719 2668 1719 2669 1711 2669 1712 2669 1719 2670 1712 2670 1720 2670 1695 2671 1696 2671 1721 2671 1721 2672 1696 2672 1713 2672 1721 2673 1713 2673 1722 2673 1722 2674 1713 2674 1714 2674 1722 2675 1714 2675 1723 2675 1723 2676 1714 2676 1715 2676 1723 2677 1715 2677 1724 2677 1724 2678 1715 2678 1716 2678 1724 2679 1716 2679 1725 2679 1725 2680 1716 2680 1717 2680 1725 2681 1717 2681 1726 2681 1726 2682 1717 2682 1718 2682 1726 2683 1718 2683 1727 2683 1727 2684 1718 2684 1719 2684 1727 2685 1719 2685 1728 2685 1728 2686 1719 2686 1720 2686 1728 2687 1720 2687 1729 2687 1730 2688 1731 2688 1732 2688 1732 2689 1731 2689 1733 2689 1732 2690 1733 2690 1734 2690 1734 2691 1733 2691 1735 2691 1734 2692 1735 2692 1736 2692 1736 2693 1735 2693 1737 2693 1736 2694 1737 2694 540 2694 540 2695 1737 2695 568 2695 1731 2696 1729 2696 1733 2696 1733 2697 1729 2697 1720 2697 1733 2698 1720 2698 1735 2698 1735 2699 1720 2699 1712 2699 1735 2700 1712 2700 1737 2700 1737 2701 1712 2701 1704 2701 1737 2702 1704 2702 568 2702 568 2703 1704 2703 551 2703 1738 2705 1740 2705 1741 2705 1742 2706 1743 2706 1744 2706 1744 2707 1743 2707 1741 2707 1745 2708 1746 2708 1742 2708 1747 2709 1748 2709 1746 2709 512 2710 1748 2710 526 2710 526 2711 1748 2711 1747 2711 526 2712 1747 2712 528 2712 1741 2713 1740 2713 1744 2713 1744 2714 1740 2714 1749 2714 1744 2715 1749 2715 1750 2715 1750 2716 1749 2716 1751 2716 1750 2717 1751 2717 1752 2717 1752 2718 1751 2718 1753 2718 1752 2719 1753 2719 1754 2719 1754 2720 1753 2720 1730 2720 1754 2721 1730 2721 1732 2721 1742 2722 1744 2722 1745 2722 1745 2723 1744 2723 1750 2723 1745 2724 1750 2724 1755 2724 1755 2725 1750 2725 1752 2725 1755 2726 1752 2726 1756 2726 1756 2727 1752 2727 1754 2727 1756 2728 1754 2728 1757 2728 1757 2729 1754 2729 1732 2729 1757 2730 1732 2730 1734 2730 1746 2731 1745 2731 1747 2731 1747 2732 1745 2732 1755 2732 1747 2733 1755 2733 1758 2733 1758 2734 1755 2734 1756 2734 1758 2735 1756 2735 1759 2735 1759 2736 1756 2736 1757 2736 1759 2737 1757 2737 1760 2737 1760 2738 1757 2738 1734 2738 1760 2739 1734 2739 1736 2739 528 2740 1747 2740 530 2740 530 2741 1747 2741 1758 2741 530 2742 1758 2742 532 2742 532 2743 1758 2743 1759 2743 532 2744 1759 2744 535 2744 535 2745 1759 2745 1760 2745 535 2746 1760 2746 537 2746 537 2747 1760 2747 1736 2747 537 2748 1736 2748 540 2748 1761 2749 1748 2749 1762 2749 1762 2750 1748 2750 512 2750 1762 2751 512 2751 511 2751 1763 2752 1742 2752 1761 2752 1761 2753 1742 2753 1746 2753 1761 2754 1746 2754 1748 2754 1764 2756 1738 2756 1741 2756 1764 2757 1741 2757 1763 2757 1763 2758 1741 2758 1743 2758 1763 2759 1743 2759 1742 2759 1765 2760 1766 2760 1767 2760 1768 2761 1769 2761 1765 2761 505 2762 1770 2762 499 2762 499 2763 1770 2763 1771 2763 1762 2764 511 2764 510 2764 1772 2765 1763 2765 1761 2765 1763 2766 1772 2766 1764 2766 1764 2767 1772 2767 1773 2767 1773 2768 1772 2768 1774 2768 1773 2769 1774 2769 1775 2769 1762 2770 510 2770 1776 2770 1776 2771 510 2771 508 2771 1776 2772 508 2772 1777 2772 1777 2773 508 2773 499 2773 1777 2774 499 2774 1768 2774 1768 2775 499 2775 1771 2775 1768 2776 1771 2776 1769 2776 1765 2777 1767 2777 1768 2777 1768 2778 1767 2778 1774 2778 1768 2779 1774 2779 1777 2779 1777 2780 1774 2780 1772 2780 1777 2781 1772 2781 1776 2781 1776 2782 1772 2782 1761 2782 1776 2783 1761 2783 1762 2783 1766 2784 1778 2784 1767 2784 1767 2785 1778 2785 1779 2785 1767 2786 1779 2786 1774 2786 1774 2787 1779 2787 1780 2787 1774 2788 1780 2788 1775 2788 1938 3011 1939 3011 1940 3011 1941 3012 1942 3012 1943 3012 1944 3013 1945 3013 1946 3013 1944 3014 1946 3014 1947 3014 1947 3015 1946 3015 1948 3015 1947 3016 1948 3016 1949 3016 1949 3017 1948 3017 1950 3017 1949 3018 1950 3018 1951 3018 1951 3019 1950 3019 1952 3019 1952 3020 1950 3020 1953 3020 1952 3021 1953 3021 1954 3021 1943 3022 1942 3022 1955 3022 1955 3023 1942 3023 1956 3023 1955 3024 1956 3024 1957 3024 1956 3025 1958 3025 1957 3025 1957 3026 1958 3026 1959 3026 1957 3027 1959 3027 1960 3027 1959 3028 1961 3028 1960 3028 1960 3029 1961 3029 1962 3029 1960 3030 1962 3030 1963 3030 1962 3031 1964 3031 1963 3031 1963 3032 1964 3032 1965 3032 1963 3033 1965 3033 1966 3033 1966 3034 1965 3034 1967 3034 1966 3035 1967 3035 1968 3035 1969 3036 1970 3036 1971 3036 1971 3037 1970 3037 1972 3037 1971 3038 1972 3038 1973 3038 1973 3039 1974 3039 1971 3039 1971 3040 1974 3040 1975 3040 1971 3041 1975 3041 1976 3041 1976 3042 1975 3042 1977 3042 1976 3043 1977 3043 1978 3043 1978 3044 1977 3044 1945 3044 1978 3045 1945 3045 1979 3045 1979 3046 1945 3046 1944 3046 1980 3047 1981 3047 1982 3047 1982 3048 1981 3048 1983 3048 1982 3049 1983 3049 1984 3049 1941 3050 1943 3050 1985 3050 1985 3051 1943 3051 1986 3051 1985 3052 1986 3052 1987 3052 1987 3053 1986 3053 1988 3053 1987 3054 1988 3054 1982 3054 1982 3055 1988 3055 1989 3055 1982 3056 1989 3056 1980 3056 1990 3057 1991 3057 1992 3057 1992 3058 1991 3058 1993 3058 1992 3059 1993 3059 1994 3059 1983 3060 1995 3060 1984 3060 1984 3061 1995 3061 1996 3061 1984 3062 1996 3062 1992 3062 1992 3063 1996 3063 1997 3063 1992 3064 1997 3064 1990 3064 1939 3065 1998 3065 1999 3065 1999 3066 1998 3066 2000 3066 1999 3067 2000 3067 2001 3067 2002 3068 1999 3068 2003 3068 2003 3069 1999 3069 1971 3069 2001 3070 2004 3070 1999 3070 1999 3071 2004 3071 1966 3071 1999 3072 1966 3072 1971 3072 1971 3073 1966 3073 1968 3073 1971 3074 1968 3074 1969 3074 2005 3075 2006 3075 1940 3075 1940 3076 2006 3076 2007 3076 2007 3077 2008 3077 1940 3077 1940 3078 2008 3078 2009 3078 1940 3079 2009 3079 2010 3079 2002 3080 2011 3080 1999 3080 1999 3081 2011 3081 2012 3081 1999 3082 2012 3082 1939 3082 1939 3083 2012 3083 2013 3083 1939 3084 2013 3084 1940 3084 1940 3085 2013 3085 2014 3085 1940 3086 2014 3086 2005 3086 2010 3087 2015 3087 1940 3087 1940 3088 2015 3088 2016 3088 1940 3089 2016 3089 1938 3089 1954 3090 1953 3090 2017 3090 2017 3091 1953 3091 2018 3091 2017 3092 2018 3092 2019 3092 2019 3093 2018 3093 2020 3093 2019 3094 2020 3094 2021 3094 2022 3095 2023 3095 2024 3095 2024 3096 2023 3096 2021 3096 2024 3097 2021 3097 2025 3097 2025 3098 2021 3098 2020 3098 2026 3099 2027 3099 2023 3099 2023 3100 2027 3100 2028 3100 2023 3101 2028 3101 2029 3101 2029 3102 2030 3102 2023 3102 2023 3103 2030 3103 2031 3103 2023 3104 2031 3104 2021 3104 2026 3105 2032 3105 2027 3105 2027 3106 2032 3106 2033 3106 2027 3107 2033 3107 2034 3107 2034 3108 2033 3108 2035 3108 2034 3109 2035 3109 2036 3109 2036 3110 2035 3110 2037 3110 2037 3111 2038 3111 2036 3111 2036 3112 2038 3112 2039 3112 2036 3113 2039 3113 2040 3113 2040 3114 2039 3114 2041 3114 2051 3117 2052 3117 2053 3117 2054 3118 2055 3118 2056 3118 2057 3119 2058 3119 2059 3119 2060 3120 2061 3120 2051 3120 2062 3121 2063 3121 2064 3121 2063 3122 2065 3122 2064 3122 2064 3123 2065 3123 2052 3123 2064 3124 2052 3124 2066 3124 2051 3125 2061 3125 2052 3125 2052 3126 2061 3126 2067 3126 2052 3127 2067 3127 2066 3127 2068 3128 2069 3128 2070 3128 2070 3129 2060 3129 2068 3129 2068 3130 2060 3130 2051 3130 2068 3131 2051 3131 2071 3131 2071 3132 2051 3132 2057 3132 2054 3133 2072 3133 2073 3133 2073 3134 2072 3134 2059 3134 2054 3135 2073 3135 2055 3135 2055 3136 2073 3136 2074 3136 2055 3137 2074 3137 2056 3137 2056 3138 2074 3138 2075 3138 2056 3139 2075 3139 2076 3139 2053 3140 2077 3140 2078 3140 2078 3141 2077 3141 2079 3141 2065 3142 2080 3142 2052 3142 2052 3143 2080 3143 2081 3143 2052 3144 2081 3144 2053 3144 2053 3145 2081 3145 2082 3145 2053 3146 2082 3146 2077 3146 2057 3147 2051 3147 2058 3147 2058 3148 2051 3148 2053 3148 2058 3149 2053 3149 2059 3149 2059 3150 2053 3150 2078 3150 2059 3151 2078 3151 2073 3151 2073 3152 2078 3152 2079 3152 2073 3153 2079 3153 2074 3153 2083 3154 1897 3154 2084 3154 2084 3155 1897 3155 1896 3155 2083 3156 2084 3156 2085 3156 2085 3157 2084 3157 2086 3157 2085 3158 2086 3158 2069 3158 1896 3159 479 3159 2084 3159 2084 3160 479 3160 478 3160 2084 3161 478 3161 2086 3161 2086 3162 478 3162 487 3162 2086 3163 487 3163 2087 3163 2087 3164 487 3164 486 3164 2087 3165 486 3165 2088 3165 2088 3166 486 3166 467 3166 2088 3167 467 3167 2089 3167 2089 3168 467 3168 466 3168 2089 3169 466 3169 2090 3169 2090 3170 466 3170 482 3170 2090 3171 482 3171 2091 3171 2091 3172 482 3172 481 3172 2091 3173 481 3173 2092 3173 2069 3174 2086 3174 2070 3174 2070 3175 2086 3175 2087 3175 2070 3176 2087 3176 2060 3176 2060 3177 2087 3177 2088 3177 2060 3178 2088 3178 2061 3178 2061 3179 2088 3179 2089 3179 2061 3180 2089 3180 2067 3180 2067 3181 2089 3181 2090 3181 2067 3182 2090 3182 2066 3182 2066 3183 2090 3183 2091 3183 2066 3184 2091 3184 2064 3184 2064 3185 2091 3185 2092 3185 2064 3186 2092 3186 2062 3186 2080 3187 2065 3187 2093 3187 2093 3188 2065 3188 2063 3188 2093 3189 2063 3189 2094 3189 2094 3190 2063 3190 2095 3190 2095 3191 2063 3191 2062 3191 2095 3192 2062 3192 2096 3192 2097 3193 2098 3193 2099 3193 2100 3194 2101 3194 2102 3194 2102 3195 2101 3195 2099 3195 2102 3196 2099 3196 2103 3196 2103 3197 2099 3197 2098 3197 2103 3198 2098 3198 2104 3198 2105 3199 2106 3199 2097 3199 2106 3200 2105 3200 2107 3200 2102 3201 2108 3201 2100 3201 2100 3202 2108 3202 2109 3202 2100 3203 2109 3203 2110 3203 2110 3204 2109 3204 2111 3204 2110 3205 2111 3205 2112 3205 2112 3206 2111 3206 2113 3206 2112 3207 2113 3207 2114 3207 2114 3208 2113 3208 2115 3208 2114 3209 2115 3209 2116 3209 2116 3210 2115 3210 2117 3210 2116 3211 2117 3211 2118 3211 2118 3212 2117 3212 2119 3212 2118 3213 2119 3213 2120 3213 2120 3214 2119 3214 2121 3214 2120 3215 2121 3215 2122 3215 2097 3216 2099 3216 2105 3216 2105 3217 2099 3217 2101 3217 2105 3218 2101 3218 2123 3218 2123 3219 2101 3219 2100 3219 2123 3220 2100 3220 2124 3220 2124 3221 2100 3221 2110 3221 2124 3222 2110 3222 2125 3222 2125 3223 2110 3223 2112 3223 2125 3224 2112 3224 2126 3224 2126 3225 2112 3225 2114 3225 2126 3226 2114 3226 2127 3226 2127 3227 2114 3227 2116 3227 2127 3228 2116 3228 2128 3228 2128 3229 2116 3229 2118 3229 2128 3230 2118 3230 2129 3230 2129 3231 2118 3231 2120 3231 2129 3232 2120 3232 2130 3232 2130 3233 2120 3233 2122 3233 2130 3234 2122 3234 2131 3234 2107 3235 2105 3235 2132 3235 2132 3236 2105 3236 2123 3236 2132 3237 2123 3237 2133 3237 2133 3238 2123 3238 2124 3238 2133 3239 2124 3239 2134 3239 2134 3240 2124 3240 2125 3240 2134 3241 2125 3241 2135 3241 2135 3242 2125 3242 2126 3242 2135 3243 2126 3243 2136 3243 2136 3244 2126 3244 2127 3244 2136 3245 2127 3245 2137 3245 2137 3246 2127 3246 2128 3246 2137 3247 2128 3247 2138 3247 2138 3248 2128 3248 2129 3248 2138 3249 2129 3249 2139 3249 2139 3250 2129 3250 2130 3250 2139 3251 2130 3251 2140 3251 2140 3252 2130 3252 2131 3252 2140 3253 2131 3253 2141 3253 2142 3254 522 3254 2143 3254 2143 3255 522 3255 521 3255 2143 3256 521 3256 2144 3256 2145 3257 2146 3257 2147 3257 2147 3258 2146 3258 2148 3258 2142 3259 2149 3259 522 3259 522 3260 2149 3260 2150 3260 522 3261 2150 3261 2151 3261 2151 3262 2150 3262 2147 3262 2151 3263 2147 3263 2152 3263 2152 3264 2147 3264 2148 3264 2153 3265 2154 3265 2155 3265 2155 3266 2154 3266 2156 3266 2155 3267 2156 3267 2147 3267 2147 3268 2156 3268 2157 3268 2147 3269 2157 3269 2145 3269 2158 3270 2159 3270 2153 3270 2153 3271 2159 3271 2160 3271 2153 3272 2160 3272 2154 3272 2161 3273 2162 3273 2163 3273 2163 3274 2162 3274 2164 3274 2163 3275 2164 3275 2165 3275 2165 3276 2164 3276 2166 3276 2165 3277 2166 3277 2167 3277 2167 3278 2166 3278 2168 3278 2167 3279 2168 3279 2169 3279 2169 3280 2168 3280 2170 3280 2169 3281 2170 3281 521 3281 521 3282 2170 3282 2171 3282 521 3283 2171 3283 2144 3283 2172 3284 2034 3284 2036 3284 2075 3285 2173 3285 2076 3285 2174 3286 2175 3286 2176 3286 2175 3287 2174 3287 2177 3287 2178 3288 2179 3288 2180 3288 2180 3289 2179 3289 2181 3289 2180 3290 2181 3290 2182 3290 2182 3291 2181 3291 2183 3291 2182 3292 2183 3292 2184 3292 2096 3293 2185 3293 2186 3293 2186 3294 2185 3294 2187 3294 2186 3295 2187 3295 2188 3295 2188 3296 2187 3296 2189 3296 2188 3297 2189 3297 2190 3297 2190 3298 2189 3298 2191 3298 2190 3299 2191 3299 2192 3299 2192 3300 2191 3300 2193 3300 2192 3301 2193 3301 2194 3301 2074 3302 2079 3302 2172 3302 2172 3303 2079 3303 2077 3303 2172 3304 2077 3304 2195 3304 2195 3305 2077 3305 2082 3305 2195 3306 2082 3306 2196 3306 2196 3307 2082 3307 2081 3307 2196 3308 2081 3308 2197 3308 2197 3309 2081 3309 2080 3309 2036 3310 2040 3310 2198 3310 2040 3311 2041 3311 2198 3311 2198 3312 2041 3312 2199 3312 2198 3313 2199 3313 2200 3313 2200 3314 2199 3314 2201 3314 2198 3315 2076 3315 2036 3315 2036 3316 2076 3316 2173 3316 2036 3317 2173 3317 2172 3317 2172 3318 2173 3318 2075 3318 2172 3319 2075 3319 2074 3319 2034 3320 2172 3320 2027 3320 2027 3321 2172 3321 2195 3321 2027 3322 2195 3322 2028 3322 2028 3323 2195 3323 2196 3323 2028 3324 2196 3324 2029 3324 2029 3325 2196 3325 2197 3325 2029 3326 2197 3326 2030 3326 2030 3327 2197 3327 2202 3327 2030 3328 2202 3328 2031 3328 2080 3329 2093 3329 2197 3329 2197 3330 2093 3330 2094 3330 2197 3331 2094 3331 2202 3331 2202 3332 2094 3332 2095 3332 2202 3333 2095 3333 2203 3333 2203 3334 2095 3334 2096 3334 2096 3335 2186 3335 2203 3335 2203 3336 2186 3336 2019 3336 2203 3337 2019 3337 2202 3337 2202 3338 2019 3338 2021 3338 2202 3339 2021 3339 2031 3339 2194 3340 1949 3340 2192 3340 2192 3341 1949 3341 1951 3341 2192 3342 1951 3342 2190 3342 2190 3343 1951 3343 1952 3343 2190 3344 1952 3344 2188 3344 2188 3345 1952 3345 1954 3345 2188 3346 1954 3346 2186 3346 2186 3347 1954 3347 2017 3347 2186 3348 2017 3348 2019 3348 1979 3349 1944 3349 2194 3349 2194 3350 1944 3350 1947 3350 2194 3351 1947 3351 1949 3351 2204 3352 2205 3352 2206 3352 2206 3353 2205 3353 2207 3353 2206 3354 2207 3354 2208 3354 2208 3355 2207 3355 2209 3355 2208 3356 2209 3356 2210 3356 2210 3357 2209 3357 2211 3357 2210 3358 2211 3358 2212 3358 2212 3359 2211 3359 2213 3359 2212 3360 2213 3360 2214 3360 2213 3361 2215 3361 2214 3361 2214 3362 2215 3362 2216 3362 2214 3363 2216 3363 2217 3363 2217 3364 2216 3364 2218 3364 2217 3365 2218 3365 2219 3365 2219 3366 2218 3366 2220 3366 2219 3367 2220 3367 2221 3367 2220 3368 2222 3368 2221 3368 2221 3369 2222 3369 2223 3369 2221 3370 2223 3370 2224 3370 2224 3371 2223 3371 2225 3371 2224 3372 2225 3372 2226 3372 2226 3373 2225 3373 2227 3373 2226 3374 2227 3374 2228 3374 2227 3375 2229 3375 2228 3375 2228 3376 2229 3376 2230 3376 2228 3377 2230 3377 2231 3377 2231 3378 2230 3378 2232 3378 2231 3379 2232 3379 2233 3379 2233 3380 2232 3380 2234 3380 2233 3381 2234 3381 2235 3381 2235 3382 2234 3382 2236 3382 2235 3383 2236 3383 2178 3383 2178 3384 2236 3384 2237 3384 2178 3385 2237 3385 2179 3385 2183 3386 2238 3386 2184 3386 2184 3387 2238 3387 2239 3387 2184 3388 2239 3388 2240 3388 2240 3389 2239 3389 2241 3389 2240 3390 2241 3390 2242 3390 2242 3391 2241 3391 2243 3391 2242 3392 2243 3392 2244 3392 2193 3393 2204 3393 2194 3393 2194 3394 2204 3394 2206 3394 2194 3395 2206 3395 1979 3395 1979 3396 2206 3396 2208 3396 1979 3397 2208 3397 1978 3397 1978 3398 2208 3398 2210 3398 1978 3399 2210 3399 1976 3399 1976 3400 2210 3400 2212 3400 1976 3401 2212 3401 1971 3401 1971 3402 2212 3402 2214 3402 1971 3403 2214 3403 2003 3403 2003 3404 2214 3404 2217 3404 2003 3405 2217 3405 2002 3405 2002 3406 2217 3406 2219 3406 2002 3407 2219 3407 2011 3407 2011 3408 2219 3408 2221 3408 2011 3409 2221 3409 2012 3409 2012 3410 2221 3410 2224 3410 2012 3411 2224 3411 2013 3411 2013 3412 2224 3412 2226 3412 2013 3413 2226 3413 2014 3413 2014 3414 2226 3414 2228 3414 2014 3415 2228 3415 2005 3415 2005 3416 2228 3416 2231 3416 2005 3417 2231 3417 2006 3417 2006 3418 2231 3418 2233 3418 2006 3419 2233 3419 2007 3419 2007 3420 2233 3420 2235 3420 2007 3421 2235 3421 2008 3421 2008 3422 2235 3422 2178 3422 2008 3423 2178 3423 2009 3423 2009 3424 2178 3424 2180 3424 2009 3425 2180 3425 2010 3425 2010 3426 2180 3426 2182 3426 2010 3427 2182 3427 2015 3427 2015 3428 2182 3428 2184 3428 2015 3429 2184 3429 2016 3429 2016 3430 2184 3430 2240 3430 2016 3431 2240 3431 1938 3431 1938 3432 2240 3432 2242 3432 1938 3433 2242 3433 1939 3433 1939 3434 2242 3434 2244 3434 1939 3435 2244 3435 1998 3435 1998 3436 2244 3436 2245 3436 1998 3437 2245 3437 2000 3437 2000 3438 2245 3438 2246 3438 2000 3439 2246 3439 2001 3439 2001 3440 2246 3440 2247 3440 1963 3441 1966 3441 2247 3441 2247 3442 1966 3442 2004 3442 2247 3443 2004 3443 2001 3443 2247 3444 2248 3444 1963 3444 1963 3445 2248 3445 2249 3445 1963 3446 2249 3446 1960 3446 1960 3447 2249 3447 2250 3447 1960 3448 2250 3448 1957 3448 1957 3449 2250 3449 2251 3449 1986 3450 1943 3450 2251 3450 2251 3451 1943 3451 1955 3451 2251 3452 1955 3452 1957 3452 2251 3453 2252 3453 1986 3453 1986 3454 2252 3454 2253 3454 1986 3455 2253 3455 1988 3455 1988 3456 2253 3456 2254 3456 1988 3457 2254 3457 1989 3457 1989 3458 2254 3458 2255 3458 1989 3459 2255 3459 1980 3459 1980 3460 2255 3460 2256 3460 1980 3461 2256 3461 1981 3461 1981 3462 2256 3462 2257 3462 2243 3463 2258 3463 2244 3463 2244 3464 2258 3464 2259 3464 2244 3465 2259 3465 2245 3465 2245 3466 2259 3466 2260 3466 2245 3467 2260 3467 2246 3467 2246 3468 2260 3468 2261 3468 2246 3469 2261 3469 2247 3469 2247 3470 2261 3470 2262 3470 2247 3471 2262 3471 2248 3471 2248 3472 2262 3472 2263 3472 2248 3473 2263 3473 2249 3473 2249 3474 2263 3474 2264 3474 2249 3475 2264 3475 2250 3475 2250 3476 2264 3476 2265 3476 2250 3477 2265 3477 2251 3477 2251 3478 2265 3478 2266 3478 2251 3479 2266 3479 2252 3479 2252 3480 2266 3480 2267 3480 2252 3481 2267 3481 2253 3481 2253 3482 2267 3482 2268 3482 2253 3483 2268 3483 2254 3483 2254 3484 2268 3484 2269 3484 2254 3485 2269 3485 2255 3485 2255 3486 2269 3486 2270 3486 2255 3487 2270 3487 2256 3487 2256 3488 2270 3488 2271 3488 2256 3489 2271 3489 2257 3489 2257 3490 2271 3490 2272 3490 2257 3491 2272 3491 2273 3491 2273 3492 2272 3492 2274 3492 2273 3493 2274 3493 2275 3493 2275 3494 2274 3494 2276 3494 2275 3495 2276 3495 2277 3495 2277 3496 2276 3496 2278 3496 2277 3497 2278 3497 2279 3497 2279 3498 2278 3498 2177 3498 2279 3499 2177 3499 2280 3499 2280 3500 2177 3500 2174 3500 2280 3501 2174 3501 1994 3501 1994 3502 1993 3502 2280 3502 2280 3503 1993 3503 1991 3503 2280 3504 1991 3504 2279 3504 2279 3505 1991 3505 1990 3505 2279 3506 1990 3506 2277 3506 2277 3507 1990 3507 1997 3507 2277 3508 1997 3508 2275 3508 2275 3509 1997 3509 1996 3509 2275 3510 1996 3510 2273 3510 2273 3511 1996 3511 1995 3511 2273 3512 1995 3512 2257 3512 2257 3513 1995 3513 1983 3513 2257 3514 1983 3514 1981 3514 2281 3515 2282 3515 2243 3515 2283 3516 2284 3516 2285 3516 2286 3517 2287 3517 2288 3517 2289 3518 2290 3518 2291 3518 2291 3519 2290 3519 2292 3519 2292 3520 2293 3520 2291 3520 2291 3521 2293 3521 2294 3521 2291 3522 2294 3522 2295 3522 2296 3523 2297 3523 2298 3523 2299 3524 2300 3524 2296 3524 2296 3525 2300 3525 2301 3525 2296 3526 2301 3526 2302 3526 2295 3527 2294 3527 2301 3527 2301 3528 2294 3528 2303 3528 2301 3529 2303 3529 2302 3529 2304 3530 2305 3530 2306 3530 2306 3531 2305 3531 2307 3531 2307 3532 2308 3532 2306 3532 2306 3533 2308 3533 2309 3533 2306 3534 2309 3534 2310 3534 2311 3535 2312 3535 2306 3535 2306 3536 2312 3536 2313 3536 2306 3537 2313 3537 2314 3537 2314 3538 2315 3538 2306 3538 2306 3539 2315 3539 2316 3539 2306 3540 2316 3540 2304 3540 2311 3541 2306 3541 2317 3541 2317 3542 2306 3542 2310 3542 2317 3543 2310 3543 2318 3543 2318 3544 2310 3544 2319 3544 2318 3545 2319 3545 2320 3545 2298 3546 2321 3546 2296 3546 2296 3547 2321 3547 2322 3547 2296 3548 2322 3548 2299 3548 2299 3549 2322 3549 2323 3549 2299 3550 2323 3550 2324 3550 2324 3551 2323 3551 2318 3551 2324 3552 2318 3552 2325 3552 2325 3553 2318 3553 2320 3553 2325 3554 2326 3554 2324 3554 2324 3555 2326 3555 2327 3555 2324 3556 2327 3556 2328 3556 2328 3557 2327 3557 2329 3557 2330 3558 2331 3558 2332 3558 2331 3559 2333 3559 2332 3559 2332 3560 2333 3560 2334 3560 2332 3561 2334 3561 2335 3561 2336 3562 2337 3562 2335 3562 2335 3563 2337 3563 2338 3563 2335 3564 2338 3564 2332 3564 2332 3565 2338 3565 2339 3565 2332 3566 2339 3566 2330 3566 2335 3567 2340 3567 2336 3567 2336 3568 2340 3568 2341 3568 2336 3569 2341 3569 2342 3569 2342 3570 2341 3570 2343 3570 2342 3571 2343 3571 2327 3571 2327 3572 2343 3572 2344 3572 2327 3573 2344 3573 2329 3573 2345 3574 2346 3574 2347 3574 2346 3575 2348 3575 2347 3575 2347 3576 2348 3576 2349 3576 2347 3577 2349 3577 2341 3577 2340 3578 2350 3578 2341 3578 2341 3579 2350 3579 2351 3579 2341 3580 2351 3580 2347 3580 2347 3581 2351 3581 2352 3581 2347 3582 2352 3582 2345 3582 2353 3583 2354 3583 2355 3583 2353 3584 2355 3584 2296 3584 2296 3585 2355 3585 2356 3585 2296 3586 2356 3586 2297 3586 2288 3587 2287 3587 2357 3587 2353 3588 2358 3588 2354 3588 2354 3589 2358 3589 2359 3589 2359 3590 2358 3590 2357 3590 2359 3591 2357 3591 2360 3591 2360 3592 2357 3592 2287 3592 2361 3593 2362 3593 2363 3593 2363 3594 2362 3594 2286 3594 2363 3595 2286 3595 2364 3595 2364 3596 2286 3596 2288 3596 2175 3597 2365 3597 2366 3597 2367 3598 2176 3598 2368 3598 2368 3599 2176 3599 2175 3599 2368 3600 2175 3600 2369 3600 2369 3601 2175 3601 2366 3601 2365 3602 2175 3602 2370 3602 2370 3603 2175 3603 2177 3603 2370 3604 2177 3604 2361 3604 2361 3605 2177 3605 2278 3605 2361 3606 2278 3606 2276 3606 2276 3607 2274 3607 2361 3607 2361 3608 2274 3608 2272 3608 2361 3609 2272 3609 2271 3609 2271 3610 2270 3610 2361 3610 2361 3611 2270 3611 2269 3611 2361 3612 2269 3612 2362 3612 2362 3613 2269 3613 2268 3613 2268 3614 2267 3614 2362 3614 2362 3615 2267 3615 2266 3615 2362 3616 2266 3616 2265 3616 2265 3617 2264 3617 2362 3617 2362 3618 2264 3618 2263 3618 2362 3619 2263 3619 2371 3619 2261 3620 2260 3620 2372 3620 2372 3621 2260 3621 2259 3621 2372 3622 2259 3622 2258 3622 2243 3623 2282 3623 2258 3623 2258 3624 2282 3624 2373 3624 2258 3625 2373 3625 2372 3625 2261 3626 2372 3626 2262 3626 2262 3627 2372 3627 2374 3627 2262 3628 2374 3628 2375 3628 2375 3629 2283 3629 2262 3629 2262 3630 2283 3630 2285 3630 2262 3631 2285 3631 2263 3631 2263 3632 2285 3632 2376 3632 2263 3633 2376 3633 2371 3633 2281 3634 2243 3634 2377 3634 2377 3635 2243 3635 2241 3635 2377 3636 2241 3636 2378 3636 2378 3637 2241 3637 2239 3637 2378 3638 2239 3638 2379 3638 2379 3639 2239 3639 2238 3639 2379 3640 2238 3640 2183 3640 2380 3641 2381 3641 2382 3641 2383 3642 2227 3642 2384 3642 2384 3643 2227 3643 2385 3643 2236 3644 2234 3644 2386 3644 2386 3645 2234 3645 2232 3645 2386 3646 2232 3646 2387 3646 2387 3647 2232 3647 2230 3647 2387 3648 2230 3648 2383 3648 2383 3649 2230 3649 2229 3649 2383 3650 2229 3650 2227 3650 2388 3651 2389 3651 2220 3651 2220 3652 2389 3652 2390 3652 2220 3653 2390 3653 2391 3653 2385 3654 2227 3654 2392 3654 2392 3655 2227 3655 2225 3655 2392 3656 2225 3656 2223 3656 2391 3657 2393 3657 2220 3657 2220 3658 2393 3658 2392 3658 2220 3659 2392 3659 2222 3659 2222 3660 2392 3660 2223 3660 2394 3661 2395 3661 2380 3661 2380 3662 2395 3662 2396 3662 2380 3663 2396 3663 2381 3663 2397 3664 2398 3664 2399 3664 2399 3665 2398 3665 2400 3665 2400 3666 2401 3666 2399 3666 2399 3667 2401 3667 2402 3667 2399 3668 2402 3668 2396 3668 2396 3669 2402 3669 2403 3669 2396 3670 2403 3670 2381 3670 2394 3671 2404 3671 2395 3671 2395 3672 2404 3672 2405 3672 2395 3673 2405 3673 2213 3673 2388 3674 2220 3674 2406 3674 2406 3675 2220 3675 2218 3675 2406 3676 2218 3676 2216 3676 2405 3677 2407 3677 2213 3677 2213 3678 2407 3678 2406 3678 2213 3679 2406 3679 2215 3679 2215 3680 2406 3680 2216 3680 2211 3681 2209 3681 2408 3681 2211 3682 2408 3682 2213 3682 2213 3683 2408 3683 2409 3683 2213 3684 2409 3684 2395 3684 2209 3685 2207 3685 2408 3685 2408 3686 2207 3686 2205 3686 2408 3687 2205 3687 2204 3687 2410 3688 2141 3688 2411 3688 2411 3689 2141 3689 2412 3689 1739 2 1764 2 2413 2 2413 2 1764 2 2414 2 1739 2 2413 2 1740 2 1740 3690 2413 3690 2415 3690 1740 2 2415 2 1749 2 1749 3691 2415 3691 2416 3691 1749 3692 2416 3692 1751 3692 1751 3693 2416 3693 2417 3693 1751 3694 2417 3694 1753 3694 2107 3695 1729 3695 2418 3695 2418 3696 1729 3696 1731 3696 2418 3697 1731 3697 2419 3697 2419 3698 1731 3698 1730 3698 2419 2 1730 2 2420 2 2420 3699 1730 3699 1753 3699 2420 2 1753 2 2421 2 2421 2 1753 2 2417 2 2422 3700 2423 3700 2424 3700 2425 3701 2426 3701 1780 3701 1780 3702 2426 3702 2427 3702 1780 3703 2427 3703 1775 3703 2414 3704 1764 3704 2427 3704 2427 3705 1764 3705 1773 3705 2427 3706 1773 3706 1775 3706 2428 3707 1780 3707 2429 3707 2429 3708 1780 3708 1779 3708 2429 3709 1779 3709 2424 3709 1779 3710 1778 3710 2430 3710 2431 3711 2425 3711 2432 3711 2432 3712 2425 3712 1780 3712 2432 3713 1780 3713 2433 3713 2433 3714 1780 3714 2428 3714 2431 3715 2434 3715 2425 3715 2425 3716 2434 3716 2435 3716 2425 3717 2435 3717 2436 3717 2436 3718 2435 3718 2437 3718 2438 3719 2439 3719 2435 3719 2435 3720 2439 3720 2440 3720 2435 3721 2440 3721 2437 3721 2438 3722 2441 3722 2439 3722 2439 3723 2441 3723 2442 3723 2439 3724 2442 3724 2443 3724 2443 3725 2442 3725 2444 3725 2442 3726 2445 3726 2446 3726 2446 3727 2447 3727 2442 3727 2442 3728 2447 3728 2448 3728 2442 3729 2448 3729 2444 3729 1779 3730 2430 3730 2424 3730 2424 3731 2430 3731 2449 3731 2424 3732 2449 3732 2422 3732 2410 3733 2450 3733 2138 3733 2138 3734 2139 3734 2410 3734 2410 3735 2139 3735 2140 3735 2410 3736 2140 3736 2141 3736 2136 3737 2137 3737 2451 3737 2451 3738 2137 3738 2138 3738 2451 3739 2138 3739 2452 3739 2452 3740 2138 3740 2450 3740 2452 3741 2450 3741 2453 3741 2136 3742 2451 3742 2135 3742 2135 3743 2451 3743 1695 3743 2135 3744 1695 3744 1721 3744 1721 3745 1722 3745 2135 3745 2135 3746 1722 3746 1723 3746 2135 3747 1723 3747 2134 3747 2134 3748 1723 3748 2133 3748 1728 3749 1729 3749 2107 3749 1723 3750 1724 3750 2133 3750 2133 3751 1724 3751 1725 3751 2133 3752 1725 3752 2132 3752 2132 3753 1725 3753 1726 3753 2132 3754 1726 3754 2107 3754 2107 3755 1726 3755 1727 3755 2107 3756 1727 3756 1728 3756 2454 3757 2445 3757 2442 3757 2285 3758 2284 3758 2455 3758 2298 3759 2297 3759 2456 3759 2456 3760 2297 3760 2457 3760 2456 3761 2457 3761 2458 3761 2459 3762 2458 3762 2460 3762 2424 3763 2459 3763 2461 3763 2297 3764 2356 3764 2457 3764 2457 3765 2356 3765 2355 3765 2457 3766 2355 3766 2462 3766 2462 3767 2355 3767 2354 3767 2462 3768 2354 3768 2463 3768 2463 3769 2354 3769 2464 3769 2354 3770 2359 3770 2464 3770 2464 3771 2359 3771 2360 3771 2464 3772 2360 3772 2465 3772 2465 3773 2360 3773 2287 3773 2465 3774 2287 3774 2466 3774 2424 3775 2461 3775 2429 3775 2429 3776 2461 3776 2467 3776 2429 3777 2467 3777 2428 3777 2428 3778 2467 3778 2468 3778 2428 3779 2468 3779 2433 3779 2433 3780 2468 3780 2469 3780 2433 3781 2469 3781 2432 3781 2432 3782 2469 3782 2470 3782 2432 3783 2470 3783 2431 3783 2431 3784 2470 3784 2471 3784 2431 3785 2471 3785 2434 3785 2287 3786 2286 3786 2466 3786 2466 3787 2286 3787 2362 3787 2466 3788 2362 3788 2472 3788 2472 3789 2362 3789 2371 3789 2472 3790 2371 3790 2473 3790 2473 3791 2371 3791 2376 3791 2473 3792 2376 3792 2474 3792 2458 3793 2457 3793 2460 3793 2460 3794 2457 3794 2462 3794 2460 3795 2462 3795 2475 3795 2475 3796 2462 3796 2463 3796 2475 3797 2463 3797 2476 3797 2476 3798 2463 3798 2464 3798 2476 3799 2464 3799 2477 3799 2477 3800 2464 3800 2465 3800 2477 3801 2465 3801 2478 3801 2478 3802 2465 3802 2466 3802 2478 3803 2466 3803 2479 3803 2479 3804 2466 3804 2472 3804 2479 3805 2472 3805 2480 3805 2480 3806 2472 3806 2473 3806 2480 3807 2473 3807 2481 3807 2481 3808 2473 3808 2474 3808 2481 3809 2474 3809 2482 3809 2376 3810 2285 3810 2474 3810 2474 3811 2285 3811 2455 3811 2474 3812 2455 3812 2482 3812 2482 3813 2455 3813 2483 3813 2482 3814 2483 3814 2484 3814 2459 3815 2460 3815 2461 3815 2461 3816 2460 3816 2475 3816 2461 3817 2475 3817 2467 3817 2467 3818 2475 3818 2476 3818 2467 3819 2476 3819 2468 3819 2468 3820 2476 3820 2477 3820 2468 3821 2477 3821 2469 3821 2469 3822 2477 3822 2478 3822 2469 3823 2478 3823 2470 3823 2470 3824 2478 3824 2479 3824 2470 3825 2479 3825 2471 3825 2471 3826 2479 3826 2480 3826 2471 3827 2480 3827 2485 3827 2485 3828 2480 3828 2481 3828 2485 3829 2481 3829 2486 3829 2486 3830 2481 3830 2482 3830 2486 3831 2482 3831 2487 3831 2487 3832 2482 3832 2484 3832 2487 3833 2484 3833 2488 3833 2434 3834 2471 3834 2435 3834 2435 3835 2471 3835 2485 3835 2435 3836 2485 3836 2438 3836 2438 3837 2485 3837 2486 3837 2438 3838 2486 3838 2441 3838 2441 3839 2486 3839 2487 3839 2441 3840 2487 3840 2442 3840 2442 3841 2487 3841 2488 3841 2442 3842 2488 3842 2454 3842 2489 3843 2490 3843 2491 3843 2492 3844 2493 3844 2494 3844 2495 3845 2496 3845 2497 3845 2496 3846 2498 3846 2499 3846 2495 3847 2497 3847 2500 3847 2501 3848 2444 3848 2502 3848 2502 3849 2444 3849 2448 3849 2502 3850 2448 3850 2503 3850 2503 3851 2448 3851 2447 3851 2503 3852 2447 3852 2504 3852 2504 3853 2447 3853 2446 3853 2504 3854 2446 3854 2505 3854 2505 3855 2446 3855 2445 3855 2505 3856 2445 3856 2500 3856 2440 3857 2439 3857 2501 3857 2501 3858 2439 3858 2443 3858 2501 3859 2443 3859 2444 3859 2496 3860 2499 3860 2497 3860 2497 3861 2499 3861 2506 3861 2497 3862 2506 3862 2507 3862 2507 3863 2506 3863 2508 3863 2507 3864 2508 3864 2509 3864 2509 3865 2508 3865 2510 3865 2509 3866 2510 3866 2511 3866 2511 3867 2510 3867 2512 3867 2511 3868 2512 3868 2513 3868 2513 3869 2512 3869 2514 3869 2513 3870 2514 3870 2515 3870 2515 3872 2516 3872 2517 3872 2501 3873 2518 3873 2440 3873 2440 3874 2518 3874 2519 3874 2440 3875 2519 3875 2437 3875 2437 3876 2519 3876 2520 3876 2437 3877 2520 3877 2436 3877 2516 3878 2521 3878 2517 3878 2517 3879 2521 3879 2522 3879 2517 3880 2522 3880 2523 3880 2523 3881 2522 3881 2524 3881 2523 3882 2524 3882 2525 3882 2525 3883 2524 3883 2526 3883 2525 3884 2526 3884 2494 3884 2494 3885 2526 3885 2527 3885 2494 3886 2527 3886 2492 3886 2500 3887 2497 3887 2505 3887 2505 3888 2497 3888 2507 3888 2505 3889 2507 3889 2504 3889 2504 3890 2507 3890 2509 3890 2504 3891 2509 3891 2503 3891 2503 3892 2509 3892 2511 3892 2503 3893 2511 3893 2502 3893 2502 3894 2511 3894 2513 3894 2502 3895 2513 3895 2501 3895 2501 3896 2513 3896 2515 3896 2501 3897 2515 3897 2518 3897 2518 3898 2515 3898 2517 3898 2518 3899 2517 3899 2519 3899 2519 3900 2517 3900 2523 3900 2519 3901 2523 3901 2520 3901 2520 3902 2523 3902 2525 3902 2520 3903 2525 3903 2528 3903 2528 3904 2525 3904 2494 3904 2528 3905 2494 3905 2491 3905 2491 3906 2494 3906 2493 3906 2491 3907 2493 3907 2489 3907 2436 3908 2520 3908 2425 3908 2425 3909 2520 3909 2528 3909 2425 3910 2528 3910 2426 3910 2426 3911 2528 3911 2491 3911 2426 3912 2491 3912 2427 3912 2427 3913 2491 3913 2490 3913 2427 3914 2490 3914 2414 3914 2402 3915 2401 3915 2529 3915 2529 3916 2401 3916 2530 3916 2529 3917 2530 3917 2531 3917 2531 3918 2530 3918 2532 3918 2531 3919 2532 3919 2533 3919 2533 3920 2532 3920 2534 3920 2533 3921 2534 3921 2450 3921 2450 3922 2534 3922 2453 3922 2403 3923 2402 3923 2535 3923 2535 3924 2402 3924 2529 3924 2535 3925 2529 3925 2536 3925 2536 3926 2529 3926 2531 3926 2536 3927 2531 3927 2537 3927 2537 3928 2531 3928 2533 3928 2537 3929 2533 3929 2410 3929 2410 3930 2533 3930 2450 3930 2284 3931 2538 3931 2455 3931 2539 3932 2495 3932 2500 3932 2540 3933 2498 3933 2496 3933 2455 3934 2538 3934 2483 3934 2483 3935 2538 3935 2541 3935 2483 3936 2541 3936 2484 3936 2484 3937 2541 3937 2488 3937 2488 3938 2541 3938 2539 3938 2488 3939 2539 3939 2454 3939 2454 3940 2539 3940 2500 3940 2454 3941 2500 3941 2445 3941 2284 3942 2542 3942 2538 3942 2538 3943 2542 3943 2543 3943 2538 3944 2543 3944 2541 3944 2541 3945 2543 3945 2540 3945 2541 3946 2540 3946 2539 3946 2539 3947 2540 3947 2496 3947 2539 3948 2496 3948 2495 3948 2544 3949 2098 3949 2097 3949 2545 3950 2546 3950 2547 3950 2547 3951 2546 3951 2548 3951 2547 3952 2548 3952 2549 3952 2549 3953 2548 3953 2550 3953 2549 3954 2550 3954 2551 3954 2551 3955 2550 3955 2552 3955 2551 3956 2552 3956 2553 3956 2553 3957 2552 3957 2554 3957 2553 3958 2554 3958 2544 3958 2544 3959 2554 3959 2104 3959 2544 3960 2104 3960 2098 3960 2558 3962 2559 3962 2545 3962 2493 3965 2492 3965 2561 3965 2561 3966 2492 3966 2527 3966 2561 3967 2527 3967 2562 3967 2562 3968 2563 3968 2561 3968 2561 3969 2563 3969 2555 3969 2561 3970 2555 3970 2558 3970 2558 3971 2555 3971 2557 3971 2558 3972 2557 3972 2559 3972 2564 3973 2489 3973 2493 3973 2493 3974 2561 3974 2564 3974 2564 3975 2561 3975 2558 3975 2564 3976 2558 3976 2565 3976 2565 3977 2558 3977 2545 3977 2565 3978 2545 3978 2566 3978 2566 3979 2545 3979 2547 3979 2566 3980 2547 3980 2567 3980 2567 3981 2547 3981 2549 3981 2567 3982 2549 3982 2568 3982 2568 3983 2549 3983 2551 3983 2568 3984 2551 3984 2569 3984 2569 3985 2551 3985 2553 3985 2569 3986 2553 3986 2570 3986 2570 3987 2553 3987 2544 3987 2570 3988 2544 3988 2571 3988 2571 3989 2544 3989 2097 3989 2571 3990 2097 3990 2106 3990 2489 3991 2564 3991 2572 3991 2572 3992 2564 3992 2565 3992 2572 3993 2565 3993 2573 3993 2573 3994 2565 3994 2566 3994 2573 3995 2566 3995 2574 3995 2574 3996 2566 3996 2567 3996 2574 3997 2567 3997 2575 3997 2575 3998 2567 3998 2568 3998 2575 3999 2568 3999 2576 3999 2576 4000 2568 4000 2569 4000 2576 4001 2569 4001 2577 4001 2577 4002 2569 4002 2570 4002 2577 4003 2570 4003 2578 4003 2578 4004 2570 4004 2571 4004 2578 4005 2571 4005 2579 4005 2579 4006 2571 4006 2106 4006 2579 4007 2106 4007 2107 4007 2413 4008 2414 4008 2490 4008 2107 4009 2418 4009 2579 4009 2579 4010 2418 4010 2419 4010 2579 4011 2419 4011 2578 4011 2578 4012 2419 4012 2420 4012 2578 4013 2420 4013 2577 4013 2577 4014 2420 4014 2421 4014 2577 4015 2421 4015 2576 4015 2576 4016 2421 4016 2417 4016 2576 4017 2417 4017 2575 4017 2575 4018 2417 4018 2416 4018 2575 4019 2416 4019 2574 4019 2574 4020 2416 4020 2415 4020 2574 4021 2415 4021 2573 4021 2573 4022 2415 4022 2413 4022 2573 4023 2413 4023 2572 4023 2572 4024 2413 4024 2490 4024 2572 4025 2490 4025 2489 4025 2382 4026 2381 4026 2580 4026 2580 4027 2381 4027 2581 4027 2580 4028 2581 4028 2582 4028 2582 4029 2581 4029 2583 4029 2582 4030 2583 4030 2584 4030 2584 4031 2583 4031 2585 4031 2584 4032 2585 4032 2586 4032 2586 4033 2585 4033 2411 4033 2586 4034 2411 4034 2412 4034 2410 4035 2411 4035 2537 4035 2537 4036 2411 4036 2585 4036 2537 4037 2585 4037 2536 4037 2536 4038 2585 4038 2583 4038 2536 4039 2583 4039 2535 4039 2535 4040 2583 4040 2581 4040 2535 4041 2581 4041 2403 4041 2403 4042 2581 4042 2381 4042 2542 4043 2284 4043 2283 4043 2540 4044 2543 4044 2587 4044 2588 4045 2589 4045 2590 4045 2590 4046 2589 4046 2591 4046 2590 4047 2591 4047 2592 4047 2592 4048 2591 4048 2498 4048 2592 4049 2498 4049 2540 4049 2542 4050 2283 4050 2593 4050 2593 4051 2283 4051 2375 4051 2593 4052 2375 4052 2594 4052 2594 4053 2375 4053 2374 4053 2594 4054 2374 4054 2595 4054 2595 4055 2374 4055 2372 4055 2595 4056 2372 4056 2596 4056 2596 4057 2372 4057 2373 4057 2596 4058 2373 4058 2597 4058 2597 4059 2373 4059 2282 4059 2597 4060 2282 4060 2598 4060 2599 4061 2600 4061 2601 4061 2601 4062 2600 4062 2602 4062 2601 4063 2602 4063 2603 4063 2603 4064 2602 4064 2604 4064 2603 4065 2604 4065 2588 4065 2588 4066 2604 4066 2605 4066 2588 4067 2605 4067 2589 4067 2282 4068 2281 4068 2598 4068 2598 4069 2281 4069 2377 4069 2598 4070 2377 4070 2606 4070 2606 4071 2377 4071 2378 4071 2606 4072 2378 4072 2607 4072 2607 4073 2378 4073 2379 4073 2607 4074 2379 4074 2608 4074 2608 4075 2379 4075 2183 4075 2608 4076 2183 4076 2609 4076 2609 4077 2183 4077 2181 4077 2609 4078 2181 4078 2610 4078 2610 4079 2181 4079 2179 4079 2610 4080 2179 4080 2611 4080 2611 4081 2179 4081 2237 4081 2611 4082 2237 4082 2612 4082 2612 4083 2237 4083 2236 4083 2612 4084 2236 4084 2613 4084 2614 4085 2615 4085 2616 4085 2616 4086 2615 4086 2617 4086 2616 4087 2617 4087 2618 4087 2618 4088 2617 4088 2619 4088 2618 4089 2619 4089 2599 4089 2599 4090 2619 4090 2620 4090 2599 4091 2620 4091 2600 4091 2621 4092 2622 4092 2614 4092 2614 4093 2622 4093 2623 4093 2614 4094 2623 4094 2615 4094 2614 4095 2624 4095 2621 4095 2621 4096 2624 4096 2625 4096 2621 4097 2625 4097 2626 4097 2626 4098 2625 4098 2627 4098 2628 4099 2629 4099 2627 4099 2627 4100 2629 4100 2630 4100 2627 4101 2630 4101 2626 4101 2627 4102 2631 4102 2628 4102 2628 4103 2631 4103 2632 4103 2628 4104 2632 4104 2633 4104 2633 4105 2632 4105 2634 4105 2635 4106 2636 4106 2634 4106 2634 4107 2636 4107 2637 4107 2634 4108 2637 4108 2633 4108 2236 4109 2386 4109 2613 4109 2613 4110 2386 4110 2387 4110 2613 4111 2387 4111 2638 4111 2638 4112 2387 4112 2383 4112 2638 4113 2383 4113 2639 4113 2639 4114 2383 4114 2384 4114 2639 4115 2384 4115 2640 4115 2640 4116 2384 4116 2385 4116 2640 4117 2385 4117 2641 4117 2385 4118 2392 4118 2641 4118 2641 4119 2392 4119 2393 4119 2641 4120 2393 4120 2642 4120 2642 4121 2393 4121 2391 4121 2642 4122 2391 4122 2643 4122 2643 4123 2391 4123 2390 4123 2643 4124 2390 4124 2644 4124 2644 4125 2390 4125 2389 4125 2644 4126 2389 4126 2645 4126 2645 4127 2389 4127 2388 4127 2645 4128 2388 4128 2646 4128 2634 4129 2647 4129 2635 4129 2635 4130 2647 4130 2648 4130 2635 4131 2648 4131 2649 4131 2649 4132 2648 4132 2650 4132 2649 4133 2650 4133 2651 4133 2651 4134 2650 4134 2652 4134 2651 4135 2652 4135 2653 4135 2653 4136 2652 4136 2654 4136 2653 4137 2654 4137 2655 4137 2655 4138 2654 4138 2656 4138 2655 4139 2656 4139 2657 4139 2657 4140 2656 4140 2658 4140 2657 4141 2658 4141 2659 4141 2659 4142 2658 4142 2660 4142 2659 4143 2660 4143 2661 4143 2661 4144 2660 4144 2662 4144 2661 4145 2662 4145 2663 4145 2663 4146 2662 4146 2664 4146 2663 4147 2664 4147 2665 4147 2665 4148 2664 4148 2666 4148 2665 4149 2666 4149 2667 4149 2540 4150 2587 4150 2592 4150 2592 4151 2587 4151 2668 4151 2592 4152 2668 4152 2590 4152 2590 4153 2668 4153 2669 4153 2590 4154 2669 4154 2588 4154 2588 4155 2669 4155 2670 4155 2588 4156 2670 4156 2603 4156 2603 4157 2670 4157 2671 4157 2603 4158 2671 4158 2601 4158 2601 4159 2671 4159 2672 4159 2601 4160 2672 4160 2599 4160 2599 4161 2672 4161 2673 4161 2599 4162 2673 4162 2618 4162 2618 4163 2673 4163 2674 4163 2618 4164 2674 4164 2616 4164 2616 4165 2674 4165 2675 4165 2616 4166 2675 4166 2614 4166 2614 4167 2675 4167 2676 4167 2614 4168 2676 4168 2624 4168 2624 4169 2676 4169 2677 4169 2624 4170 2677 4170 2625 4170 2625 4171 2677 4171 2678 4171 2625 4172 2678 4172 2627 4172 2627 4173 2678 4173 2679 4173 2627 4174 2679 4174 2631 4174 2631 4175 2679 4175 2680 4175 2631 4176 2680 4176 2632 4176 2632 4177 2680 4177 2681 4177 2632 4178 2681 4178 2634 4178 2634 4179 2681 4179 2682 4179 2634 4180 2682 4180 2647 4180 2647 4181 2682 4181 2683 4181 2647 4182 2683 4182 2648 4182 2648 4183 2683 4183 2684 4183 2648 4184 2684 4184 2650 4184 2650 4185 2684 4185 2685 4185 2650 4186 2685 4186 2652 4186 2652 4187 2685 4187 2686 4187 2652 4188 2686 4188 2654 4188 2654 4189 2686 4189 2687 4189 2654 4190 2687 4190 2656 4190 2656 4191 2687 4191 2688 4191 2656 4192 2688 4192 2658 4192 2658 4193 2688 4193 2689 4193 2658 4194 2689 4194 2660 4194 2660 4195 2689 4195 2690 4195 2660 4196 2690 4196 2662 4196 2662 4197 2690 4197 2691 4197 2662 4198 2691 4198 2664 4198 2664 4199 2691 4199 2692 4199 2664 4200 2692 4200 2666 4200 2666 4201 2692 4201 2693 4201 2666 4202 2693 4202 2694 4202 2694 4203 2693 4203 2695 4203 2694 4204 2695 4204 2696 4204 2388 4205 2406 4205 2646 4205 2646 4206 2406 4206 2407 4206 2646 4207 2407 4207 2697 4207 2697 4208 2407 4208 2405 4208 2697 4209 2405 4209 2698 4209 2698 4210 2405 4210 2404 4210 2698 4211 2404 4211 2699 4211 2699 4212 2404 4212 2394 4212 2699 4213 2394 4213 2700 4213 2700 4214 2394 4214 2380 4214 2700 4215 2380 4215 2701 4215 2701 4216 2380 4216 2382 4216 2701 4217 2382 4217 2702 4217 2702 4218 2695 4218 2701 4218 2701 4219 2695 4219 2693 4219 2701 4220 2693 4220 2700 4220 2700 4221 2693 4221 2692 4221 2700 4222 2692 4222 2699 4222 2699 4223 2692 4223 2691 4223 2699 4224 2691 4224 2698 4224 2698 4225 2691 4225 2690 4225 2698 4226 2690 4226 2697 4226 2697 4227 2690 4227 2689 4227 2697 4228 2689 4228 2646 4228 2646 4229 2689 4229 2688 4229 2646 4230 2688 4230 2645 4230 2645 4231 2688 4231 2687 4231 2645 4232 2687 4232 2644 4232 2644 4233 2687 4233 2686 4233 2644 4234 2686 4234 2643 4234 2643 4235 2686 4235 2685 4235 2643 4236 2685 4236 2642 4236 2642 4237 2685 4237 2684 4237 2642 4238 2684 4238 2641 4238 2641 4239 2684 4239 2683 4239 2641 4240 2683 4240 2640 4240 2640 4241 2683 4241 2682 4241 2640 4242 2682 4242 2639 4242 2639 4243 2682 4243 2681 4243 2639 4244 2681 4244 2638 4244 2638 4245 2681 4245 2680 4245 2638 4246 2680 4246 2613 4246 2613 4247 2680 4247 2679 4247 2613 4248 2679 4248 2612 4248 2612 4249 2679 4249 2678 4249 2612 4250 2678 4250 2611 4250 2611 4251 2678 4251 2677 4251 2611 4252 2677 4252 2610 4252 2610 4253 2677 4253 2676 4253 2610 4254 2676 4254 2609 4254 2609 4255 2676 4255 2675 4255 2609 4256 2675 4256 2608 4256 2608 4257 2675 4257 2674 4257 2608 4258 2674 4258 2607 4258 2607 4259 2674 4259 2673 4259 2607 4260 2673 4260 2606 4260 2606 4261 2673 4261 2672 4261 2606 4262 2672 4262 2598 4262 2598 4263 2672 4263 2671 4263 2598 4264 2671 4264 2597 4264 2597 4265 2671 4265 2670 4265 2597 4266 2670 4266 2596 4266 2596 4267 2670 4267 2669 4267 2596 4268 2669 4268 2595 4268 2595 4269 2669 4269 2668 4269 2595 4270 2668 4270 2594 4270 2594 4271 2668 4271 2587 4271 2594 4272 2587 4272 2593 4272 2593 4273 2587 4273 2543 4273 2593 4274 2543 4274 2542 4274 2702 4275 2703 4275 2695 4275 2695 4276 2703 4276 2704 4276 2695 4277 2704 4277 2696 4277 2696 4278 2704 4278 2705 4278 2696 4279 2705 4279 2706 4279 2667 4280 2666 4280 2707 4280 2707 4281 2666 4281 2694 4281 2707 4282 2694 4282 2708 4282 2708 4283 2694 4283 2696 4283 2708 4284 2696 4284 2709 4284 2709 4285 2696 4285 2706 4285 2709 4286 2706 4286 2710 4286 2382 4287 2711 4287 2702 4287 2702 4288 2711 4288 2703 4288 2703 4289 2711 4289 2712 4289 2703 4290 2712 4290 2704 4290 2704 4291 2712 4291 2705 4291 2705 4292 2712 4292 2713 4292 2705 4293 2713 4293 2706 4293 2706 4294 2713 4294 2714 4294 2706 4295 2714 4295 2710 4295 2412 4296 2714 4296 2586 4296 2586 4297 2714 4297 2713 4297 2586 4298 2713 4298 2584 4298 2584 4299 2713 4299 2712 4299 2584 4300 2712 4300 2582 4300 2582 4301 2712 4301 2711 4301 2582 4302 2711 4302 2580 4302 2580 4303 2711 4303 2382 4303 2121 4304 2710 4304 2714 4304 2412 4305 2141 4305 2714 4305 2714 4306 2141 4306 2131 4306 2714 4307 2131 4307 2122 4307 2714 4308 2122 4308 2121 4308 2395 4309 2409 4309 2715 4309 545 4310 543 4310 2716 4310 2716 4311 543 4311 2717 4311 2409 4312 2408 4312 2715 4312 2715 4313 2408 4313 2718 4313 2715 4314 2718 4314 2716 4314 2716 4315 2718 4315 2719 4315 2716 4316 2719 4316 545 4316 545 4317 2719 4317 547 4317 2396 4318 2395 4318 2720 4318 2720 4319 2395 4319 2715 4319 2720 4320 2715 4320 2721 4320 2721 4321 2715 4321 2716 4321 2721 4322 2716 4322 2722 4322 2722 4323 2716 4323 2717 4323 2397 4324 2399 4324 2723 4324 2723 4325 2399 4325 2724 4325 2723 4326 2724 4326 2725 4326 2725 4327 2724 4327 2726 4327 2721 4328 2726 4328 2720 4328 2720 4329 2726 4329 2724 4329 2720 4330 2724 4330 2396 4330 2396 4331 2724 4331 2399 4331 2727 4332 2728 4332 2729 4332 2730 4333 2731 4333 2732 4333 2717 4336 2727 4336 2722 4336 2722 4337 2727 4337 2729 4337 2722 4338 2729 4338 2721 4338 2733 4341 2730 4341 2727 4341 2727 4342 2730 4342 2732 4342 2727 4343 2732 4343 2728 4343 2735 4344 2736 4344 2737 4344 2737 4345 2736 4345 2738 4345 2737 4346 2738 4346 2739 4346 2739 4347 2738 4347 2740 4347 2739 4348 2740 4348 2741 4348 2741 4349 2740 4349 2742 4349 2741 4350 2742 4350 2723 4350 2723 4351 2742 4351 2397 4351 2743 4352 2735 4352 2744 4352 2744 4353 2735 4353 2737 4353 2744 4354 2737 4354 2745 4354 2745 4355 2737 4355 2739 4355 2745 4356 2739 4356 2746 4356 2746 4357 2739 4357 2741 4357 2746 4358 2741 4358 2725 4358 2725 4359 2741 4359 2723 4359 2725 4360 2726 4360 2746 4360 2746 4361 2726 4361 2747 4361 2746 4362 2747 4362 2745 4362 2745 4363 2747 4363 2748 4363 2745 4364 2748 4364 2744 4364 2744 4365 2748 4365 2749 4365 2744 4366 2749 4366 2743 4366 2750 4367 2751 4367 2749 4367 2749 4368 2751 4368 2752 4368 2749 4369 2752 4369 2743 4369 2731 4370 2750 4370 2732 4370 2732 4371 2750 4371 2749 4371 2732 4372 2749 4372 2728 4372 2728 4373 2749 4373 2748 4373 2728 4374 2748 4374 2729 4374 2729 4375 2748 4375 2747 4375 2729 4376 2747 4376 2721 4376 2721 4377 2747 4377 2726 4377 2398 4378 2397 4378 2753 4378 2753 4379 2397 4379 2742 4379 2753 4380 2742 4380 2754 4380 2754 4381 2742 4381 2740 4381 2754 4382 2740 4382 2755 4382 2755 4383 2740 4383 2738 4383 2755 4384 2738 4384 2756 4384 2756 4385 2738 4385 2736 4385 2400 4386 2398 4386 2757 4386 2757 4387 2398 4387 2753 4387 2757 4388 2753 4388 2758 4388 2758 4389 2753 4389 2754 4389 2758 4390 2754 4390 2759 4390 2759 4391 2754 4391 2755 4391 2759 4392 2755 4392 2760 4392 2760 4393 2755 4393 2756 4393 2401 4394 2400 4394 2530 4394 2530 4395 2400 4395 2757 4395 2530 4396 2757 4396 2532 4396 2532 4397 2757 4397 2758 4397 2532 4398 2758 4398 2534 4398 2534 4399 2758 4399 2759 4399 2534 4400 2759 4400 2453 4400 2453 4401 2759 4401 2760 4401 2451 4402 2452 4402 2761 4402 2734 4404 542 4404 1690 4404 2734 4405 1690 4405 2730 4405 2730 4406 1690 4406 2731 4406 1691 4407 2751 4407 1690 4407 1690 4408 2751 4408 2750 4408 1690 4409 2750 4409 2731 4409 2756 4410 2736 4410 2761 4410 2761 4411 2736 4411 2735 4411 2761 4412 2735 4412 2762 4412 2762 4413 2735 4413 2743 4413 2762 4414 2743 4414 2752 4414 2452 4415 2453 4415 2761 4415 2761 4416 2453 4416 2760 4416 2761 4417 2760 4417 2756 4417 1695 4418 2451 4418 1693 4418 1693 4419 2451 4419 2761 4419 1693 4420 2761 4420 1691 4420 1691 4421 2761 4421 2762 4421 1691 4422 2762 4422 2751 4422 2751 4423 2762 4423 2752 4423 1770 4425 2763 4425 2764 4425 1770 4426 2764 4426 1771 4426 2765 4427 2766 4427 2767 4427 1771 4428 2764 4428 1769 4428 1769 4429 2764 4429 2768 4429 1769 4430 2768 4430 1765 4430 1765 4431 2768 4431 2765 4431 1765 4432 2765 4432 1766 4432 1766 4433 2765 4433 2767 4433 1766 4434 2767 4434 1778 4434 2767 4435 2766 4435 2769 4435 1778 4436 2767 4436 2770 4436 2767 4437 2769 4437 2770 4437 2770 4438 2769 4438 2771 4438 2770 4439 2771 4439 2772 4439 2772 4440 2771 4440 2773 4440 2772 4441 2773 4441 2774 4441 2774 4442 2773 4442 2775 4442 2774 4443 2775 4443 2776 4443 2775 4444 2298 4444 2456 4444 2775 4445 2456 4445 2776 4445 2776 4446 2456 4446 2458 4446 2776 4447 2458 4447 2459 4447 1778 4448 2770 4448 2430 4448 2430 4449 2770 4449 2772 4449 2430 4450 2772 4450 2449 4450 2449 4451 2772 4451 2774 4451 2449 4452 2774 4452 2422 4452 2422 4453 2774 4453 2776 4453 2422 4454 2776 4454 2423 4454 2423 4455 2776 4455 2459 4455 2423 4456 2459 4456 2424 4456 2777 4457 2322 4457 2321 4457 505 4458 506 4458 2763 4458 2763 4459 506 4459 2778 4459 2763 4460 2778 4460 2764 4460 2769 4461 2766 4461 2779 4461 2779 4462 2766 4462 2765 4462 2779 4463 2765 4463 2778 4463 2778 4464 2765 4464 2768 4464 2778 4465 2768 4465 2764 4465 2775 4466 2773 4466 2780 4466 2780 4467 2773 4467 2771 4467 2321 4468 2298 4468 2775 4468 2775 4469 2780 4469 2321 4469 2321 4470 2780 4470 2781 4470 2321 4471 2781 4471 2777 4471 2782 4472 2783 4472 2780 4472 2780 4473 2783 4473 2784 4473 2780 4474 2784 4474 2781 4474 2771 4475 2769 4475 2780 4475 2780 4476 2769 4476 2779 4476 2780 4477 2779 4477 2782 4477 2782 4478 2779 4478 2778 4478 2782 4479 2778 4479 2785 4479 2785 4480 2778 4480 507 4480 507 4481 2778 4481 506 4481 2786 4482 2785 4482 2787 4482 2787 4483 2785 4483 507 4483 2787 4484 507 4484 1639 4484 2781 4485 2784 4485 2788 4485 2788 4486 2784 4486 2783 4486 2788 4487 2783 4487 2786 4487 2786 4488 2783 4488 2782 4488 2786 4489 2782 4489 2785 4489 2323 4490 2322 4490 2777 4490 1639 4491 1638 4491 2787 4491 2787 4492 1638 4492 2789 4492 2787 4493 2789 4493 2786 4493 2786 4494 2789 4494 2790 4494 2786 4495 2790 4495 2788 4495 2788 4496 2790 4496 2791 4496 2788 4497 2791 4497 2317 4497 2777 4498 2781 4498 2323 4498 2323 4499 2781 4499 2788 4499 2323 4500 2788 4500 2318 4500 2318 4501 2788 4501 2317 4501 2789 4502 1638 4502 1673 4502 2790 4503 2789 4503 2792 4503 2791 4504 2790 4504 2793 4504 2317 4505 2791 4505 2794 4505 2789 4506 1673 4506 2792 4506 2792 4507 1673 4507 1674 4507 2792 4508 1674 4508 2795 4508 2795 4509 1674 4509 1675 4509 2795 4510 1675 4510 2796 4510 2796 4511 1675 4511 1676 4511 2796 4512 1676 4512 2797 4512 2797 4513 1676 4513 1677 4513 2797 4514 1677 4514 2798 4514 2798 4515 1677 4515 1680 4515 2798 4516 1680 4516 2799 4516 2799 4517 1680 4517 1679 4517 2799 4518 1679 4518 2800 4518 2800 4519 1679 4519 1678 4519 2800 4520 1678 4520 2801 4520 2801 4521 1678 4521 1672 4521 2801 4522 1672 4522 2802 4522 1672 4523 1671 4523 2802 4523 2802 4524 1671 4524 1681 4524 2802 4525 1681 4525 2803 4525 2803 4526 1681 4526 1648 4526 2803 4527 1648 4527 2804 4527 2790 4528 2792 4528 2793 4528 2793 4529 2792 4529 2795 4529 2793 4530 2795 4530 2805 4530 2805 4531 2795 4531 2796 4531 2805 4532 2796 4532 2806 4532 2806 4533 2796 4533 2797 4533 2806 4534 2797 4534 2807 4534 2807 4535 2797 4535 2798 4535 2807 4536 2798 4536 2808 4536 2808 4537 2798 4537 2799 4537 2808 4538 2799 4538 2809 4538 2809 4539 2799 4539 2800 4539 2809 4540 2800 4540 2810 4540 2810 4541 2800 4541 2801 4541 2810 4542 2801 4542 2811 4542 2811 4543 2801 4543 2802 4543 2811 4544 2802 4544 2812 4544 2812 4545 2802 4545 2803 4545 2812 4546 2803 4546 2813 4546 2813 4547 2803 4547 2804 4547 2813 4548 2804 4548 2814 4548 2791 4549 2793 4549 2794 4549 2794 4550 2793 4550 2805 4550 2794 4551 2805 4551 2815 4551 2815 4552 2805 4552 2806 4552 2815 4553 2806 4553 2816 4553 2816 4554 2806 4554 2807 4554 2816 4555 2807 4555 2817 4555 2817 4556 2807 4556 2808 4556 2817 4557 2808 4557 2818 4557 2818 4558 2808 4558 2809 4558 2818 4559 2809 4559 2819 4559 2819 4560 2809 4560 2810 4560 2819 4561 2810 4561 2820 4561 2820 4562 2810 4562 2811 4562 2820 4563 2811 4563 2821 4563 2821 4564 2811 4564 2812 4564 2821 4565 2812 4565 2822 4565 2822 4566 2812 4566 2813 4566 2822 4567 2813 4567 2823 4567 2823 4568 2813 4568 2814 4568 2823 4569 2814 4569 2824 4569 2317 4570 2794 4570 2311 4570 2311 4571 2794 4571 2815 4571 2311 4572 2815 4572 2312 4572 2312 4573 2815 4573 2816 4573 2312 4574 2816 4574 2313 4574 2313 4575 2816 4575 2817 4575 2313 4576 2817 4576 2314 4576 2314 4577 2817 4577 2818 4577 2314 4578 2818 4578 2315 4578 2315 4579 2818 4579 2819 4579 2315 4580 2819 4580 2316 4580 2316 4581 2819 4581 2820 4581 2316 4582 2820 4582 2304 4582 2304 4583 2820 4583 2821 4583 2304 4584 2821 4584 2305 4584 2305 4585 2821 4585 2822 4585 2305 4586 2822 4586 2307 4586 2307 4587 2822 4587 2823 4587 2307 4588 2823 4588 2308 4588 2308 4589 2823 4589 2824 4589 2308 4590 2824 4590 2309 4590 2825 4591 2826 4591 2827 4591 2826 4592 2828 4592 2829 4592 2830 4593 2338 4593 2337 4593 2831 4594 2830 4594 2832 4594 2833 4595 2831 4595 2834 4595 2830 4596 2337 4596 2832 4596 2832 4597 2337 4597 2336 4597 2832 4598 2336 4598 2835 4598 2835 4599 2336 4599 2342 4599 2835 4600 2342 4600 2836 4600 2836 4601 2342 4601 2327 4601 2836 4602 2327 4602 2837 4602 2837 4603 2327 4603 2326 4603 2837 4604 2326 4604 2838 4604 2831 4605 2832 4605 2834 4605 2834 4606 2832 4606 2835 4606 2834 4607 2835 4607 2839 4607 2839 4608 2835 4608 2836 4608 2839 4609 2836 4609 2840 4609 2840 4610 2836 4610 2837 4610 2840 4611 2837 4611 2841 4611 2841 4612 2837 4612 2838 4612 2841 4613 2838 4613 2842 4613 2833 4614 2834 4614 2843 4614 2843 4615 2834 4615 2839 4615 2843 4616 2839 4616 2844 4616 2844 4617 2839 4617 2840 4617 2844 4618 2840 4618 2845 4618 2845 4619 2840 4619 2841 4619 2845 4620 2841 4620 2846 4620 2846 4621 2841 4621 2842 4621 2846 4622 2842 4622 2847 4622 2847 4623 1653 4623 2846 4623 2846 4624 1653 4624 1652 4624 2846 4625 1652 4625 2845 4625 2845 4626 1652 4626 1651 4626 2845 4627 1651 4627 2844 4627 2844 4628 1651 4628 1655 4628 2844 4629 1655 4629 2843 4629 2843 4630 1655 4630 1656 4630 2843 4631 1656 4631 2833 4631 1649 4632 1650 4632 2847 4632 2847 4633 1650 4633 1654 4633 2847 4634 1654 4634 1653 4634 2828 4635 2325 4635 2320 4635 2828 4636 2320 4636 2829 4636 2829 4637 2320 4637 2319 4637 2829 4638 2319 4638 2848 4638 2848 4639 2319 4639 2310 4639 2848 4640 2310 4640 2849 4640 2849 4641 2310 4641 2309 4641 2849 4642 2309 4642 2824 4642 2826 4643 2829 4643 2827 4643 2827 4644 2829 4644 2848 4644 2827 4645 2848 4645 2850 4645 2850 4646 2848 4646 2849 4646 2850 4647 2849 4647 2851 4647 2851 4648 2849 4648 2824 4648 2851 4649 2824 4649 2814 4649 2825 4650 2827 4650 2852 4650 2852 4651 2827 4651 2850 4651 2852 4652 2850 4652 2853 4652 2853 4653 2850 4653 2851 4653 2853 4654 2851 4654 2854 4654 2854 4655 2851 4655 2814 4655 2854 4656 2814 4656 2804 4656 2326 4657 2325 4657 2838 4657 2838 4658 2325 4658 2828 4658 2838 4659 2828 4659 2842 4659 2842 4660 2828 4660 2826 4660 2842 4661 2826 4661 2847 4661 2847 4662 2826 4662 2825 4662 2847 4663 2825 4663 1649 4663 1649 4664 2825 4664 2852 4664 1649 4665 2852 4665 1645 4665 1645 4666 2852 4666 2853 4666 1645 4667 2853 4667 1646 4667 1646 4668 2853 4668 2854 4668 1646 4669 2854 4669 1647 4669 1647 4670 2854 4670 2804 4670 1647 4671 2804 4671 1648 4671 2833 4672 1656 4672 1686 4672 2831 4673 2833 4673 2855 4673 2830 4674 2831 4674 2856 4674 2338 4675 2830 4675 2857 4675 2833 4676 1686 4676 2855 4676 2855 4677 1686 4677 1687 4677 2855 4678 1687 4678 2858 4678 2858 4679 1687 4679 1688 4679 2858 4680 1688 4680 2859 4680 2859 4681 1688 4681 1689 4681 2859 4682 1689 4682 2860 4682 2860 4683 1689 4683 1640 4683 2860 4684 1640 4684 2861 4684 2831 4685 2855 4685 2856 4685 2856 4686 2855 4686 2858 4686 2856 4687 2858 4687 2862 4687 2862 4688 2858 4688 2859 4688 2862 4689 2859 4689 2863 4689 2863 4690 2859 4690 2860 4690 2863 4691 2860 4691 2864 4691 2864 4692 2860 4692 2861 4692 2864 4693 2861 4693 2865 4693 2830 4694 2856 4694 2857 4694 2857 4695 2856 4695 2862 4695 2857 4696 2862 4696 2866 4696 2866 4697 2862 4697 2863 4697 2866 4698 2863 4698 2867 4698 2867 4699 2863 4699 2864 4699 2867 4700 2864 4700 2868 4700 2868 4701 2864 4701 2865 4701 2868 4702 2865 4702 2869 4702 2338 4703 2857 4703 2339 4703 2339 4704 2857 4704 2866 4704 2339 4705 2866 4705 2330 4705 2330 4706 2866 4706 2867 4706 2330 4707 2867 4707 2331 4707 2331 4708 2867 4708 2868 4708 2331 4709 2868 4709 2333 4709 2333 4710 2868 4710 2869 4710 2333 4711 2869 4711 2334 4711 1643 4712 1644 4712 2870 4712 2870 4713 1644 4713 2871 4713 2870 4714 2871 4714 2872 4714 2872 4715 2871 4715 2873 4715 2872 4716 2873 4716 2874 4716 2874 4717 2873 4717 2875 4717 2874 4718 2875 4718 2350 4718 2350 4719 2875 4719 2351 4719 1642 4720 1643 4720 2876 4720 2876 4721 1643 4721 2870 4721 2876 4722 2870 4722 2877 4722 2877 4723 2870 4723 2872 4723 2877 4724 2872 4724 2878 4724 2878 4725 2872 4725 2874 4725 2878 4726 2874 4726 2340 4726 2340 4727 2874 4727 2350 4727 1641 4728 1642 4728 2879 4728 2879 4729 1642 4729 2876 4729 2879 4730 2876 4730 2880 4730 2880 4731 2876 4731 2877 4731 2880 4732 2877 4732 2881 4732 2881 4733 2877 4733 2878 4733 2881 4734 2878 4734 2335 4734 2335 4735 2878 4735 2340 4735 1640 4736 1641 4736 2861 4736 2861 4737 1641 4737 2879 4737 2861 4738 2879 4738 2865 4738 2865 4739 2879 4739 2880 4739 2865 4740 2880 4740 2869 4740 2869 4741 2880 4741 2881 4741 2869 4742 2881 4742 2334 4742 2334 4743 2881 4743 2335 4743 2871 4744 1644 4744 1682 4744 2873 4745 2871 4745 2882 4745 2875 4746 2873 4746 2883 4746 2351 4747 2875 4747 2884 4747 2871 4748 1682 4748 2882 4748 2882 4749 1682 4749 1683 4749 2882 4750 1683 4750 2885 4750 2885 4751 1683 4751 1684 4751 2885 4752 1684 4752 2886 4752 2886 4753 1684 4753 1685 4753 2886 4754 1685 4754 2887 4754 2887 4755 1685 4755 1657 4755 2887 4756 1657 4756 2888 4756 2873 4757 2882 4757 2883 4757 2883 4758 2882 4758 2885 4758 2883 4759 2885 4759 2889 4759 2889 4760 2885 4760 2886 4760 2889 4761 2886 4761 2890 4761 2890 4762 2886 4762 2887 4762 2890 4763 2887 4763 2891 4763 2891 4764 2887 4764 2888 4764 2891 4765 2888 4765 2892 4765 2875 4766 2883 4766 2884 4766 2884 4767 2883 4767 2889 4767 2884 4768 2889 4768 2893 4768 2893 4769 2889 4769 2890 4769 2893 4770 2890 4770 2894 4770 2894 4771 2890 4771 2891 4771 2894 4772 2891 4772 2895 4772 2895 4773 2891 4773 2892 4773 2895 4774 2892 4774 2896 4774 2351 4775 2884 4775 2352 4775 2352 4776 2884 4776 2893 4776 2352 4777 2893 4777 2345 4777 2345 4778 2893 4778 2894 4778 2345 4779 2894 4779 2346 4779 2346 4780 2894 4780 2895 4780 2346 4781 2895 4781 2348 4781 2348 4782 2895 4782 2896 4782 2348 4783 2896 4783 2349 4783 2289 4784 2291 4784 2897 4784 2897 4785 2291 4785 2898 4785 2899 4786 2900 4786 2901 4786 2901 4787 2900 4787 2902 4787 2901 4788 2902 4788 2898 4788 2898 4789 2902 4789 2903 4789 2898 4790 2903 4790 2897 4790 1627 4791 2904 4791 2905 4791 2905 4792 2904 4792 2906 4792 2905 4793 2906 4793 2901 4793 2901 4794 2906 4794 2907 4794 2901 4795 2907 4795 2899 4795 1668 4796 1627 4796 2908 4796 2908 4797 1627 4797 2905 4797 2908 4798 2905 4798 2909 4798 2909 4799 2905 4799 2901 4799 2909 4800 2901 4800 2910 4800 2910 4801 2901 4801 2898 4801 2910 4802 2898 4802 2295 4802 2295 4803 2898 4803 2291 4803 1669 4804 1668 4804 2911 4804 2911 4805 1668 4805 2908 4805 2911 4806 2908 4806 2912 4806 2912 4807 2908 4807 2909 4807 2912 4808 2909 4808 2913 4808 2913 4809 2909 4809 2910 4809 2913 4810 2910 4810 2301 4810 2301 4811 2910 4811 2295 4811 2301 4812 2300 4812 2913 4812 2913 4813 2300 4813 2914 4813 2913 4814 2914 4814 2912 4814 2912 4815 2914 4815 2915 4815 2912 4816 2915 4816 2911 4816 2911 4817 2915 4817 2916 4817 2911 4818 2916 4818 1669 4818 1666 4819 1665 4819 2916 4819 2916 4820 1665 4820 1670 4820 2916 4821 1670 4821 1669 4821 2299 4822 2324 4822 2917 4822 2917 4823 2324 4823 2918 4823 2917 4824 2918 4824 2919 4824 2919 4825 2918 4825 2920 4825 2919 4826 2920 4826 2921 4826 2921 4827 2920 4827 2922 4827 2324 4828 2328 4828 2918 4828 2918 4829 2328 4829 2923 4829 2918 4830 2923 4830 2920 4830 2920 4831 2923 4831 2924 4831 2920 4832 2924 4832 2922 4832 2922 4833 2924 4833 2925 4833 2300 4834 2299 4834 2914 4834 2914 4835 2299 4835 2917 4835 2914 4836 2917 4836 2915 4836 2915 4837 2917 4837 2919 4837 2915 4838 2919 4838 2916 4838 2916 4839 2919 4839 2921 4839 2916 4840 2921 4840 1666 4840 1666 4841 2921 4841 2922 4841 1666 4842 2922 4842 1667 4842 1667 4843 2922 4843 2925 4843 1663 4844 1662 4844 2925 4844 2925 4845 1662 4845 1661 4845 2925 4846 1661 4846 1667 4846 2329 4847 2344 4847 2926 4847 2926 4848 2344 4848 2927 4848 2926 4849 2927 4849 2928 4849 2928 4850 2927 4850 2929 4850 2928 4851 2929 4851 2930 4851 2930 4852 2929 4852 2931 4852 2328 4853 2329 4853 2923 4853 2923 4854 2329 4854 2926 4854 2923 4855 2926 4855 2924 4855 2924 4856 2926 4856 2928 4856 2924 4857 2928 4857 2925 4857 2925 4858 2928 4858 2930 4858 2925 4859 2930 4859 1663 4859 1663 4860 2930 4860 2931 4860 1663 4861 2931 4861 1664 4861 1664 4862 2931 4862 1660 4862 1659 4863 1660 4863 2932 4863 2932 4864 1660 4864 2931 4864 2932 4865 2931 4865 2933 4865 2933 4866 2931 4866 2929 4866 2933 4867 2929 4867 2934 4867 2934 4868 2929 4868 2927 4868 2934 4869 2927 4869 2343 4869 2343 4870 2927 4870 2344 4870 1658 4871 1659 4871 2935 4871 2935 4872 1659 4872 2932 4872 2935 4873 2932 4873 2936 4873 2936 4874 2932 4874 2933 4874 2936 4875 2933 4875 2937 4875 2937 4876 2933 4876 2934 4876 2937 4877 2934 4877 2341 4877 2341 4878 2934 4878 2343 4878 1657 4879 1658 4879 2888 4879 2888 4880 1658 4880 2935 4880 2888 4881 2935 4881 2892 4881 2892 4882 2935 4882 2936 4882 2892 4883 2936 4883 2896 4883 2896 4884 2936 4884 2937 4884 2896 4885 2937 4885 2349 4885 2349 4886 2937 4886 2341 4886 2938 4887 2939 4887 2940 4887 2939 4888 2941 4888 1623 4888 1623 4889 2941 4889 2942 4889 1623 4890 2942 4890 1624 4890 1624 4891 2942 4891 1625 4891 2938 4892 2940 4892 2943 4892 2943 4893 2940 4893 2944 4893 2944 4894 2940 4894 2945 4894 2944 4895 2945 4895 2946 4895 2158 4896 2947 4896 2948 4896 2948 4897 2947 4897 2949 4897 2948 4898 2949 4898 2950 4898 2950 4899 2949 4899 2951 4899 2939 4901 1623 4901 2940 4901 2940 4902 1623 4902 1622 4902 2940 4903 1622 4903 2945 4903 2945 4904 1622 4904 1628 4904 2945 4905 1628 4905 2952 4905 2952 4906 1628 4906 1629 4906 2952 4907 1629 4907 2953 4907 1629 4908 1631 4908 2953 4908 2953 4909 1631 4909 1630 4909 2953 4910 1630 4910 2954 4910 2954 4911 1630 4911 1637 4911 2954 4912 1637 4912 2955 4912 1637 4913 1636 4913 2955 4913 2955 4914 1636 4914 1635 4914 2955 4915 1635 4915 2956 4915 2956 4916 1635 4916 1634 4916 2956 4917 1634 4917 2957 4917 2957 4918 1634 4918 1633 4918 2957 4919 1633 4919 2958 4919 2958 4921 1632 4921 2959 4921 2959 4922 1632 4922 1620 4922 2959 4923 1620 4923 2960 4923 2946 4924 2945 4924 2950 4924 2950 4925 2945 4925 2952 4925 2950 4926 2952 4926 2948 4926 2948 4927 2952 4927 2953 4927 2948 4928 2953 4928 2961 4928 2961 4929 2953 4929 2954 4929 2961 4930 2954 4930 2962 4930 2962 4931 2954 4931 2955 4931 2962 4932 2955 4932 2963 4932 2963 4933 2955 4933 2956 4933 2963 4934 2956 4934 2964 4934 2964 4935 2956 4935 2957 4935 2964 4936 2957 4936 2965 4936 2965 4937 2957 4937 2958 4937 2965 4938 2958 4938 2966 4938 2966 4939 2958 4939 2959 4939 2966 4940 2959 4940 2967 4940 2967 4941 2959 4941 2960 4941 2967 4942 2960 4942 2968 4942 2158 4943 2948 4943 2159 4943 2159 4944 2948 4944 2961 4944 2159 4945 2961 4945 2160 4945 2160 4946 2961 4946 2962 4946 2160 4947 2962 4947 2154 4947 2154 4948 2962 4948 2963 4948 2154 4949 2963 4949 2156 4949 2156 4950 2963 4950 2964 4950 2156 4951 2964 4951 2157 4951 2157 4952 2964 4952 2965 4952 2157 4953 2965 4953 2145 4953 2145 4954 2965 4954 2966 4954 2145 4955 2966 4955 2146 4955 2146 4956 2966 4956 2967 4956 2146 4957 2967 4957 2148 4957 2148 4958 2967 4958 2968 4958 2148 4959 2968 4959 2152 4959 1620 4961 1621 4961 2960 4961 2960 4962 1621 4962 2151 4962 2960 4963 2151 4963 2968 4963 2968 4964 2151 4964 2152 4964 2906 4995 2904 4995 2987 4995 2987 4997 2986 4997 1625 4997 2906 4999 2987 4999 2988 4999 2951 5000 2989 5000 2946 5000 2946 5001 2989 5001 2990 5001 2946 5002 2990 5002 2944 5002 2944 5003 2990 5003 2991 5003 2944 5004 2991 5004 2943 5004 2943 5005 2991 5005 2992 5005 2943 5006 2992 5006 2938 5006 2938 5007 2992 5007 2993 5007 2938 5008 2993 5008 2939 5008 2939 5009 2993 5009 2994 5009 2939 5010 2994 5010 2941 5010 2941 5011 2994 5011 2988 5011 2941 5012 2988 5012 2942 5012 2942 5013 2988 5013 2987 5013 2942 5014 2987 5014 1625 5014 2906 5015 2988 5015 2907 5015 2907 5016 2988 5016 2994 5016 2907 5017 2994 5017 2899 5017 2899 5018 2994 5018 2993 5018 2899 5019 2993 5019 2900 5019 2900 5020 2993 5020 2992 5020 2900 5021 2992 5021 2902 5021 2902 5022 2992 5022 2991 5022 2902 5023 2991 5023 2903 5023 2903 5024 2991 5024 2990 5024 2903 5025 2990 5025 2897 5025 2897 5026 2990 5026 2989 5026 2897 5027 2989 5027 2289 5027 2989 5028 2951 5028 2949 5028 2289 5029 2989 5029 2995 5029 2947 5030 2158 5030 2996 5030 2989 5031 2949 5031 2995 5031 2995 5032 2949 5032 2947 5032 2995 5033 2947 5033 2997 5033 2997 5034 2947 5034 2996 5034 2997 5035 2996 5035 2998 5035 2289 5036 2995 5036 2290 5036 2290 5037 2995 5037 2997 5037 2290 5038 2997 5038 2292 5038 2292 5039 2997 5039 2998 5039 2292 5040 2998 5040 2293 5040 2999 5041 3000 5041 2367 5041 3001 5042 3002 5042 3000 5042 2367 5044 2368 5044 2999 5044 2999 5045 2368 5045 2369 5045 2999 5046 2369 5046 3003 5046 3003 5047 2369 5047 2366 5047 3003 5048 2366 5048 3004 5048 3004 5049 2366 5049 2365 5049 3004 5050 2365 5050 3005 5050 3005 5051 2365 5051 2370 5051 3005 5052 2370 5052 3006 5052 3006 5053 2370 5053 2361 5053 3006 5054 2361 5054 3007 5054 2361 5055 2363 5055 3007 5055 3007 5056 2363 5056 2364 5056 3007 5057 2364 5057 3008 5057 3008 5058 2364 5058 2288 5058 3008 5059 2288 5059 3009 5059 3009 5060 2288 5060 2357 5060 3009 5061 2357 5061 3010 5061 2357 5062 2358 5062 3010 5062 3010 5063 2358 5063 2353 5063 2296 5064 3011 5064 2353 5064 2353 5065 3011 5065 3012 5065 2353 5066 3012 5066 3010 5066 2162 5068 3001 5068 3013 5068 2162 5069 3013 5069 2164 5069 2164 5070 3013 5070 3014 5070 2164 5071 3014 5071 2166 5071 2166 5072 3014 5072 3015 5072 2166 5073 3015 5073 2168 5073 2168 5074 3015 5074 3016 5074 2168 5075 3016 5075 2170 5075 2170 5076 3016 5076 3017 5076 2170 5077 3017 5077 2171 5077 2171 5078 3017 5078 3018 5078 2171 5079 3018 5079 2144 5079 2144 5080 3018 5080 3019 5080 2144 5081 3019 5081 2143 5081 2143 5082 3019 5082 3020 5082 2143 5083 3020 5083 2142 5083 2142 5084 3020 5084 3021 5084 2142 5085 3021 5085 2149 5085 2149 5086 3021 5086 3022 5086 2149 5087 3022 5087 2150 5087 2296 5088 2302 5088 3011 5088 3011 5089 2302 5089 2303 5089 3011 5090 2303 5090 3023 5090 3023 5091 2303 5091 2294 5091 3023 5092 2294 5092 3024 5092 3024 5093 2294 5093 2293 5093 3024 5094 2293 5094 2998 5094 3000 5095 2999 5095 3001 5095 3001 5096 2999 5096 3003 5096 3001 5097 3003 5097 3013 5097 3013 5098 3003 5098 3004 5098 3013 5099 3004 5099 3014 5099 3014 5100 3004 5100 3005 5100 3014 5101 3005 5101 3015 5101 3015 5102 3005 5102 3006 5102 3015 5103 3006 5103 3016 5103 3016 5104 3006 5104 3007 5104 3016 5105 3007 5105 3017 5105 3017 5106 3007 5106 3008 5106 3017 5107 3008 5107 3018 5107 3018 5108 3008 5108 3009 5108 3018 5109 3009 5109 3019 5109 3019 5110 3009 5110 3010 5110 3019 5111 3010 5111 3020 5111 3020 5112 3010 5112 3012 5112 3020 5113 3012 5113 3021 5113 3021 5114 3012 5114 3011 5114 3021 5115 3011 5115 3022 5115 3022 5116 3011 5116 3023 5116 3022 5117 3023 5117 3025 5117 3025 5118 3023 5118 3024 5118 3025 5119 3024 5119 3026 5119 3026 5120 3024 5120 2998 5120 3026 5121 2998 5121 2996 5121 2150 5122 3022 5122 2147 5122 2147 5123 3022 5123 3025 5123 2147 5124 3025 5124 2155 5124 2155 5125 3025 5125 3026 5125 2155 5126 3026 5126 2153 5126 2153 5127 3026 5127 2996 5127 2153 5128 2996 5128 2158 5128 521 5129 1921 5129 3027 5129 1921 5130 1920 5130 3028 5130 1799 5131 1798 5131 3029 5131 3029 5132 3030 5132 1799 5132 1799 5133 3030 5133 3031 5133 1799 5134 3031 5134 1807 5134 1807 5135 3031 5135 3032 5135 1807 5136 3032 5136 1808 5136 1808 5137 3032 5137 3028 5137 1808 5138 3028 5138 1809 5138 1809 5139 3028 5139 1920 5139 1809 5140 1920 5140 1800 5140 1921 5141 3028 5141 3027 5141 3027 5142 3028 5142 3032 5142 3027 5143 3032 5143 3033 5143 3033 5144 3032 5144 3031 5144 3033 5145 3031 5145 3034 5145 3034 5146 3031 5146 3030 5146 3034 5147 3030 5147 3035 5147 3029 5148 3036 5148 3030 5148 3030 5149 3036 5149 3037 5149 3030 5150 3037 5150 3035 5150 3035 5151 3037 5151 3038 5151 3035 5152 3038 5152 3039 5152 521 5153 3027 5153 2169 5153 2169 5154 3027 5154 3033 5154 2169 5155 3033 5155 2167 5155 2167 5156 3033 5156 3034 5156 2167 5157 3034 5157 2165 5157 2165 5158 3034 5158 3035 5158 2165 5159 3035 5159 2163 5159 2163 5160 3035 5160 3039 5160 2163 5161 3039 5161 2161 5161 3002 5162 2161 5162 3039 5162 1806 5163 1805 5163 3040 5163 3040 5164 1805 5164 3041 5164 3040 5165 3041 5165 3042 5165 3042 5166 3041 5166 3043 5166 3042 5167 3043 5167 3044 5167 3044 5168 3043 5168 3045 5168 3002 5169 3044 5169 3000 5169 3000 5170 3044 5170 3045 5170 3000 5171 3045 5171 2367 5171 3002 5172 3039 5172 3044 5172 3044 5173 3039 5173 3038 5173 3044 5174 3038 5174 3042 5174 1798 5175 1806 5175 3029 5175 3029 5176 1806 5176 3040 5176 3029 5177 3040 5177 3036 5177 3036 5178 3040 5178 3042 5178 3036 5179 3042 5179 3037 5179 3037 5180 3042 5180 3038 5180 1805 5181 1804 5181 3046 5181 1805 5182 3046 5182 3041 5182 3041 5183 3046 5183 3047 5183 3041 5184 3047 5184 3043 5184 3043 5185 3047 5185 3048 5185 3043 5186 3048 5186 3045 5186 3045 5187 3048 5187 2176 5187 3045 5188 2176 5188 2367 5188 3046 5189 1804 5189 1794 5189 3047 5190 3046 5190 3049 5190 2174 5191 2176 5191 3050 5191 3050 5192 2176 5192 3048 5192 3050 5193 3048 5193 3051 5193 3046 5194 1794 5194 3049 5194 3049 5195 1794 5195 1795 5195 3049 5196 1795 5196 3052 5196 3052 5197 3053 5197 3049 5197 3049 5198 3053 5198 3051 5198 3049 5199 3051 5199 3047 5199 3047 5200 3051 5200 3048 5200 1994 5201 2174 5201 3054 5201 3054 5202 2174 5202 3050 5202 3054 5203 3050 5203 3055 5203 3055 5204 3050 5204 3051 5204 3055 5205 3051 5205 3056 5205 3056 5206 3051 5206 3053 5206 1803 5207 3057 5207 3058 5207 1992 5208 3059 5208 1984 5208 1984 5209 3059 5209 3060 5209 1984 5210 3060 5210 1982 5210 1982 5211 3060 5211 3061 5211 1982 5212 3061 5212 1987 5212 1987 5213 3061 5213 3062 5213 1987 5214 3062 5214 1985 5214 1992 5215 1994 5215 3059 5215 3059 5216 1994 5216 3054 5216 3059 5217 3054 5217 3055 5217 3055 5218 3063 5218 3059 5218 3059 5219 3063 5219 3064 5219 3059 5220 3064 5220 3060 5220 3060 5221 3064 5221 3058 5221 3060 5222 3058 5222 3061 5222 3061 5223 3058 5223 3057 5223 3061 5224 3057 5224 3062 5224 3055 5225 3056 5225 3063 5225 3063 5226 3056 5226 3053 5226 3063 5227 3053 5227 3052 5227 1803 5228 3058 5228 1801 5228 1801 5229 3058 5229 3064 5229 1801 5230 3064 5230 1797 5230 1797 5231 3064 5231 3063 5231 1797 5232 3063 5232 1796 5232 1796 5233 3063 5233 3052 5233 1796 5234 3052 5234 1795 5234 1942 5235 1941 5235 3065 5235 3066 5236 1967 5236 1965 5236 3067 5237 3066 5237 3068 5237 3069 5238 1834 5238 3070 5238 3070 5239 1834 5239 1810 5239 3070 5240 1810 5240 3067 5240 3066 5241 1965 5241 3068 5241 3068 5242 1965 5242 1964 5242 3068 5243 1964 5243 3071 5243 3071 5244 1964 5244 1962 5244 3071 5245 1962 5245 3072 5245 3072 5246 1962 5246 1961 5246 3072 5247 1961 5247 3073 5247 3073 5248 1961 5248 1959 5248 3073 5249 1959 5249 3074 5249 3074 5250 1959 5250 1958 5250 3074 5251 1958 5251 3075 5251 3067 5252 3068 5252 3070 5252 3070 5253 3068 5253 3071 5253 3070 5254 3071 5254 3069 5254 3069 5255 3071 5255 3072 5255 3069 5256 3072 5256 3076 5256 3076 5257 3072 5257 3073 5257 3076 5258 3073 5258 3077 5258 3077 5259 3073 5259 3074 5259 3077 5260 3074 5260 3078 5260 3078 5261 3074 5261 3075 5261 3078 5262 3075 5262 3079 5262 3079 5263 1831 5263 3078 5263 3078 5264 1831 5264 1830 5264 3078 5265 1830 5265 3077 5265 3077 5266 1830 5266 1829 5266 3077 5267 1829 5267 3076 5267 3076 5268 1829 5268 1836 5268 3076 5269 1836 5269 3069 5269 3069 5270 1836 5270 1835 5270 3069 5271 1835 5271 1834 5271 1827 5272 1833 5272 3079 5272 3079 5273 1833 5273 1832 5273 3079 5274 1832 5274 1831 5274 1956 5275 1942 5275 3080 5275 3080 5276 1942 5276 3065 5276 3080 5277 3065 5277 3081 5277 3081 5278 3065 5278 3082 5278 3057 5279 3082 5279 3062 5279 3062 5280 3082 5280 3065 5280 3062 5281 3065 5281 1985 5281 1985 5282 3065 5282 1941 5282 1958 5283 1956 5283 3075 5283 3075 5284 1956 5284 3080 5284 3075 5285 3080 5285 3079 5285 3079 5286 3080 5286 3081 5286 3079 5287 3081 5287 1827 5287 1827 5288 3081 5288 3082 5288 1827 5289 3082 5289 1825 5289 1825 5290 3082 5290 3057 5290 1825 5291 3057 5291 1803 5291 1810 5292 1812 5292 3083 5292 1810 5293 3083 5293 3067 5293 3067 5294 3083 5294 3084 5294 3067 5295 3084 5295 3066 5295 3066 5296 3084 5296 1968 5296 3066 5297 1968 5297 1967 5297 3085 5298 1948 5298 1946 5298 3086 5299 3085 5299 3087 5299 1781 5300 3086 5300 3088 5300 3085 5301 1946 5301 3087 5301 3087 5302 1946 5302 1945 5302 3087 5303 1945 5303 3089 5303 1781 5304 3088 5304 1821 5304 1821 5305 3088 5305 3090 5305 1821 5306 3090 5306 1822 5306 1945 5307 1977 5307 3089 5307 3089 5308 1977 5308 1975 5308 3089 5309 1975 5309 3091 5309 3091 5310 1975 5310 1974 5310 3091 5311 1974 5311 3092 5311 3092 5312 1974 5312 1973 5312 3092 5313 1973 5313 3093 5313 3093 5314 1973 5314 1972 5314 3093 5315 1972 5315 3094 5315 3094 5316 1972 5316 1970 5316 3094 5317 1970 5317 3095 5317 3095 5318 1970 5318 1969 5318 3095 5319 1969 5319 3096 5319 3096 5320 1969 5320 1968 5320 3096 5321 1968 5321 3084 5321 3086 5322 3087 5322 3088 5322 3088 5323 3087 5323 3089 5323 3088 5324 3089 5324 3090 5324 3090 5325 3089 5325 3091 5325 3090 5326 3091 5326 3097 5326 3097 5327 3091 5327 3092 5327 3097 5328 3092 5328 3098 5328 3098 5329 3092 5329 3093 5329 3098 5330 3093 5330 3099 5330 3099 5331 3093 5331 3094 5331 3099 5332 3094 5332 3100 5332 3100 5333 3094 5333 3095 5333 3100 5334 3095 5334 3101 5334 3101 5335 3095 5335 3096 5335 3101 5336 3096 5336 3102 5336 3102 5337 3096 5337 3084 5337 3102 5338 3084 5338 3083 5338 1822 5339 3090 5339 1823 5339 1823 5340 3090 5340 3097 5340 1823 5341 3097 5341 1824 5341 1824 5342 3097 5342 3098 5342 1824 5343 3098 5343 1815 5343 1815 5344 3098 5344 3099 5344 1815 5345 3099 5345 1816 5345 1816 5346 3099 5346 3100 5346 1816 5347 3100 5347 1818 5347 1818 5348 3100 5348 3101 5348 1818 5349 3101 5349 1819 5349 1819 5350 3101 5350 3102 5350 1819 5351 3102 5351 1814 5351 1814 5352 3102 5352 3083 5352 1814 5353 3083 5353 1812 5353 1948 5354 3085 5354 3103 5354 3104 5355 3105 5355 3106 5355 3107 5356 2022 5356 2024 5356 3108 5357 3109 5357 3104 5357 3109 5358 3108 5358 1790 5358 3105 5359 3107 5359 3106 5359 3106 5360 3107 5360 2024 5360 3106 5361 2024 5361 3110 5361 3110 5362 2024 5362 2025 5362 2025 5363 2020 5363 3110 5363 3110 5364 2020 5364 2018 5364 3110 5365 2018 5365 3111 5365 3111 5366 2018 5366 1953 5366 3111 5367 1953 5367 3103 5367 3103 5368 1953 5368 1950 5368 3103 5369 1950 5369 1948 5369 3104 5370 3106 5370 3108 5370 3108 5371 3106 5371 3110 5371 3108 5372 3110 5372 3112 5372 3112 5373 3110 5373 3111 5373 3112 5374 3111 5374 3113 5374 3113 5375 3111 5375 3103 5375 3113 5376 3103 5376 3114 5376 3114 5377 3103 5377 3085 5377 3114 5378 3085 5378 3086 5378 1790 5379 3108 5379 1787 5379 1787 5380 3108 5380 3112 5380 1787 5381 3112 5381 1786 5381 1786 5382 3112 5382 3113 5382 1786 5383 3113 5383 1785 5383 1785 5384 3113 5384 3114 5384 1785 5385 3114 5385 1783 5385 1783 5386 3114 5386 3086 5386 1783 5387 3086 5387 1781 5387 3157 5431 3158 5431 468 5431 2408 5432 3159 5432 3160 5432 2408 5433 3160 5433 2718 5433 2718 5434 3160 5434 3161 5434 2718 5435 3161 5435 2719 5435 3161 5436 3162 5436 2719 5436 2719 5437 3162 5437 1308 5437 2719 5438 1308 5438 547 5438 468 5439 1306 5439 3163 5439 3163 5440 1306 5440 1307 5440 3157 5441 468 5441 3163 5441 3159 5442 3158 5442 3160 5442 3160 5443 3158 5443 3157 5443 3160 5444 3157 5444 3161 5444 3161 5445 3157 5445 3163 5445 3161 5446 3163 5446 3162 5446 3162 5447 3163 5447 1307 5447 3162 5448 1307 5448 1308 5448 3159 5449 3164 5449 3158 5449 3158 5450 3164 5450 468 5450 2408 5451 2204 5451 3159 5451 3159 5452 2204 5452 3165 5452 3159 5453 3165 5453 3164 5453 3164 5454 3165 5454 476 5454 3164 5455 476 5455 468 5455 3166 5456 480 5456 475 5456 2191 5457 2189 5457 3167 5457 3167 5458 2189 5458 2187 5458 3167 5459 2187 5459 3166 5459 3166 5460 2187 5460 2185 5460 3166 5461 2185 5461 2096 5461 3166 5462 475 5462 3167 5462 3167 5463 475 5463 476 5463 3167 5464 476 5464 3165 5464 2191 5465 3167 5465 2193 5465 2193 5466 3167 5466 3165 5466 2193 5467 3165 5467 2204 5467 481 5468 480 5468 3166 5468 481 5469 3166 5469 2092 5469 2092 5470 3166 5470 2096 5470 2092 5471 2096 5471 2062 5471 3174 5488 3175 5488 3176 5488 3177 5489 3178 5489 3179 5489 3179 5490 3178 5490 3180 5490 3179 5491 3180 5491 3181 5491 3174 5492 3176 5492 3182 5492 3177 5493 2201 5493 3178 5493 3178 5494 2201 5494 2199 5494 3178 5495 2199 5495 2041 5495 3176 5496 3181 5496 3182 5496 3182 5497 3181 5497 3180 5497 3182 5498 3180 5498 3183 5498 3183 5499 3180 5499 3178 5499 3183 5500 3178 5500 3184 5500 3184 5501 3178 5501 2041 5501 2045 5514 2043 5514 3192 5514 3192 5515 2043 5515 3186 5515 3192 5516 3186 5516 3187 5516 2041 5517 2039 5517 3184 5517 3184 5518 2039 5518 3193 5518 3184 5519 3193 5519 3183 5519 3183 5520 3193 5520 3182 5520 3182 5521 3193 5521 3192 5521 3182 5522 3192 5522 3174 5522 3174 5523 3192 5523 3187 5523 3174 5524 3187 5524 3175 5524 2046 5525 2045 5525 3194 5525 3194 5526 2045 5526 3192 5526 3194 5527 3192 5527 3195 5527 3195 5528 3192 5528 3193 5528 3195 5529 3193 5529 2038 5529 2038 5530 3193 5530 2039 5530 3194 5531 3195 5531 3196 5531 2046 5532 3194 5532 3197 5532 2032 5533 3198 5533 2033 5533 2033 5534 3198 5534 3199 5534 2033 5535 3199 5535 2035 5535 2035 5536 3199 5536 3196 5536 2035 5537 3196 5537 2037 5537 2037 5538 3196 5538 3195 5538 2037 5539 3195 5539 2038 5539 2026 5540 3200 5540 2032 5540 2032 5541 3200 5541 3201 5541 2032 5542 3201 5542 3198 5542 2026 5543 2023 5543 3200 5543 3200 5544 2023 5544 2022 5544 3200 5545 2022 5545 3202 5545 3194 5546 3196 5546 3197 5546 3197 5547 3196 5547 3199 5547 3197 5548 3199 5548 3203 5548 3203 5549 3199 5549 3198 5549 3203 5550 3198 5550 3204 5550 3204 5551 3198 5551 3201 5551 3204 5552 3201 5552 3205 5552 3205 5553 3201 5553 3200 5553 3205 5554 3200 5554 3206 5554 3206 5555 3200 5555 3202 5555 3206 5556 3202 5556 3207 5556 2046 5557 3197 5557 2980 5557 2980 5558 3197 5558 3203 5558 2980 5559 3203 5559 2978 5559 2978 5560 3203 5560 3204 5560 2978 5561 3204 5561 2969 5561 2969 5562 3204 5562 3205 5562 2969 5563 3205 5563 2970 5563 2970 5564 3205 5564 3206 5564 2970 5565 3206 5565 2974 5565 2974 5566 3206 5566 3207 5566 2974 5567 3207 5567 2972 5567 3109 5568 3208 5568 3209 5568 3208 5569 3109 5569 1790 5569 3207 5570 3202 5570 3210 5570 1790 5572 3118 5572 3208 5572 3208 5573 3118 5573 3116 5573 3208 5574 3116 5574 3209 5574 3209 5575 3116 5575 3115 5575 3209 5576 3115 5576 3210 5576 3210 5577 3115 5577 2972 5577 3210 5578 2972 5578 3207 5578 2022 5579 3107 5579 3210 5579 3210 5580 3107 5580 3105 5580 3210 5581 3105 5581 3209 5581 3209 5582 3105 5582 3104 5582 3209 5583 3104 5583 3109 5583 1910 5584 1917 5584 3211 5584 3211 5585 1917 5585 1897 5585 1897 5586 2083 5586 3211 5586 3211 5587 2083 5587 2085 5587 3211 5588 2085 5588 3212 5588 3212 5589 2085 5589 2069 5589 3212 5590 2069 5590 3213 5590 1910 5591 3211 5591 1911 5591 1911 5592 3211 5592 3212 5592 1911 5593 3212 5593 1912 5593 1912 5594 3212 5594 3213 5594 1912 5595 3213 5595 1913 5595 2076 5596 2198 5596 3214 5596 1913 5597 3213 5597 3215 5597 2076 5598 3216 5598 2056 5598 2056 5599 3216 5599 3217 5599 2056 5600 3217 5600 2054 5600 2054 5601 3217 5601 3218 5601 2054 5602 3218 5602 2072 5602 2072 5603 3218 5603 3219 5603 2072 5604 3219 5604 2059 5604 2059 5605 3219 5605 3220 5605 2059 5606 3220 5606 2057 5606 2057 5607 3220 5607 3221 5607 2057 5608 3221 5608 2071 5608 2071 5609 3221 5609 3222 5609 2071 5610 3222 5610 2068 5610 2069 5611 2068 5611 3213 5611 3213 5612 2068 5612 3222 5612 3213 5613 3222 5613 3215 5613 3215 5614 3222 5614 3221 5614 3215 5615 3221 5615 3223 5615 3223 5616 3221 5616 3220 5616 3223 5617 3220 5617 3224 5617 3224 5618 3220 5618 3219 5618 3224 5619 3219 5619 3225 5619 3225 5620 3219 5620 3218 5620 3225 5621 3218 5621 3226 5621 3226 5622 3218 5622 3217 5622 3226 5623 3217 5623 3227 5623 3227 5624 3217 5624 3216 5624 3227 5625 3216 5625 3228 5625 2076 5626 3214 5626 3216 5626 3216 5627 3214 5627 3229 5627 3216 5628 3229 5628 3228 5628 3228 5629 3229 5629 3230 5629 3228 5630 3230 5630 3231 5630 1913 5631 3215 5631 1914 5631 1914 5632 3215 5632 3223 5632 1914 5633 3223 5633 1906 5633 1906 5634 3223 5634 3224 5634 1906 5635 3224 5635 1899 5635 1899 5636 3224 5636 3225 5636 1899 5637 3225 5637 1900 5637 1900 5638 3225 5638 3226 5638 1900 5639 3226 5639 1901 5639 1901 5640 3226 5640 3227 5640 1901 5641 3227 5641 1903 5641 1903 5642 3227 5642 3228 5642 1903 5643 3228 5643 1904 5643 1904 5644 3228 5644 3231 5644 1904 5645 3231 5645 1905 5645 1905 5646 3231 5646 3232 5646 3181 5647 3176 5647 3233 5647 3190 5648 3175 5648 3191 5648 3191 5649 3175 5649 3187 5649 3181 5650 3233 5650 3179 5650 3230 5651 3229 5651 3234 5651 3234 5652 3229 5652 3214 5652 3179 5653 3235 5653 3177 5653 3177 5654 3235 5654 3236 5654 3177 5655 3236 5655 2201 5655 2201 5656 3236 5656 3234 5656 2201 5657 3234 5657 2200 5657 2200 5658 3234 5658 3214 5658 2200 5659 3214 5659 2198 5659 1905 5660 3232 5660 3185 5660 3185 5661 3232 5661 3237 5661 3185 5662 3237 5662 3188 5662 3188 5663 3237 5663 3189 5663 3189 5664 3237 5664 3233 5664 3189 5665 3233 5665 3190 5665 3190 5666 3233 5666 3176 5666 3190 5667 3176 5667 3175 5667 3179 5668 3233 5668 3235 5668 3235 5669 3233 5669 3237 5669 3235 5670 3237 5670 3236 5670 3236 5671 3237 5671 3232 5671 3236 5672 3232 5672 3234 5672 3234 5673 3232 5673 3231 5673 3234 5674 3231 5674 3230 5674 2499 5776 2498 5776 2591 5776 2710 5826 2121 5826 2709 5826 2709 5827 2121 5827 2708 5827 2708 5828 2121 5828 2707 5828 2591 5841 2508 5841 2506 5841 2591 5842 2506 5842 2499 5842</p>
        </triangles>
      </mesh>
    </geometry>
  </library_geometries>
  <library_visual_scenes>
    <visual_scene id="Scene" name="Scene">
      <node id="link_base" name="link_base" type="NODE">
        <matrix sid="transform">0 1 0 0 -1 0 0 0 0 0 1 0 0 0 0 1</matrix>
        <instance_geometry url="#link_base-mesh" name="link_base">
          <bind_material>
            <technique_common>
              <instance_material symbol="m_2-material" target="#m_2-material"/>
              <instance_material symbol="m_4-material" target="#m_4-material"/>
              <instance_material symbol="m_1-material" target="#m_1-material"/>
              <instance_material symbol="m_5-material" target="#m_5-material"/>
              <instance_material symbol="m_6-material" target="#m_6-material"/>
              <instance_material symbol="m_3-material" target="#m_3-material"/>
            </technique_common>
          </bind_material>
        </instance_geometry>
      </node>
    </visual_scene>
  </library_visual_scenes>
  <scene>
    <instance_visual_scene url="#Scene"/>
  </scene>
</COLLADA>