<?xml version="1.0" encoding="utf-8"?>
<COLLADA xmlns="http://www.collada.org/2005/11/COLLADASchema" version="1.4.1" xmlns:xsi="http://www.w3.org/2001/XMLSchema-instance">
  <asset>
    <contributor>
      <author>Blender User</author>
      <authoring_tool>Blender 4.0.2 commit date:2023-12-05, commit time:07:41, hash:9be62e85b727</authoring_tool>
    </contributor>
    <created>2025-10-30T12:17:34</created>
    <modified>2025-10-30T12:17:34</modified>
    <unit name="meter" meter="1"/>
    <up_axis>Z_UP</up_axis>
  </asset>
  <library_effects>
    <effect id="m_1-effect">
      <profile_COMMON>
        <technique sid="common">
          <lambert>
            <emission>
              <color sid="emission">0 0 0 1</color>
            </emission>
            <diffuse>
              <color sid="diffuse">0.2 0.2 0.17 1</color>
            </diffuse>
            <reflectivity>
              <float sid="specular">1</float>
            </reflectivity>
            <index_of_refraction>
              <float sid="ior">1.45</float>
            </index_of_refraction>
          </lambert>
        </technique>
      </profile_COMMON>
    </effect>
  </library_effects>
  <library_images/>
  <library_materials>
    <material id="m_1-material" name="m_1">
      <instance_effect url="#m_1-effect"/>
    </material>
  </library_materials>
  <library_geometries>
    <geometry id="link_5_4-mesh" name="link_5_4">
      <mesh>
        <source id="link_5_4-mesh-positions">
          <float_array id="link_5_4-mesh-positions-array" count="2298">0.009345173 0.00698775 0.0284 0.008737087 0.007595598 0.0284 0.00716418 0.005414187 0.0284 0.007959067 0.007961511 0.0284 0.006515324 0.005847752 0.0284 0.007299959 0.008049964 0.0284 0.00575 0.005999982 0.0284 0.009711325 0.00620979 0.0284 0.007597744 0.004765331 0.0284 0.009799957 0.005549967 0.0284 0.007749974 0.003999948 0.0284 0.009799957 -0.005549967 0.0284 0.007749974 -0.003999948 0.0284 0.007597744 -0.004765331 0.0284 0.009609699 -0.006506681 0.0284 0.00716418 -0.005414187 0.0284 0.009067714 -0.007317721 0.0284 -0.009609699 -0.006506681 0.0284 -0.00716418 -0.005414187 0.0284 -0.007597744 -0.004765331 0.0284 -0.009799957 -0.005549967 0.0284 -0.007749974 -0.003999948 0.0284 -0.009799957 0.005549967 0.0284 0.008256673 -0.007859647 0.0284 0.006515324 -0.005847752 0.0284 0.007299959 -0.008049964 0.0284 0.00575 -0.005999982 0.0284 -0.007299959 -0.008049964 0.0284 -0.00575 -0.005999982 0.0284 -0.006515324 -0.005847752 0.0284 -0.008256673 -0.007859647 0.0284 -0.009067714 -0.007317721 0.0284 -0.00575 0.005999982 0.0284 -0.007299959 0.008049964 0.0284 -0.006515324 0.005847752 0.0284 -0.008256673 0.007859647 0.0284 -0.00716418 0.005414187 0.0284 -0.007749974 0.003999948 0.0284 -0.007597744 0.004765331 0.0284 -0.009609699 0.006506681 0.0284 -0.009067714 0.007317721 0.0284 -0.007299959 0.008049964 0.008499979 -0.004699945 0.008049964 0.008499979 0.002999961 0.008049964 0.01199996 -0.004699945 0.008049964 0 0.002999961 0.008049964 0 0.007299959 0.008049964 0.01199996 0.007299602 0.008049964 0.02635633 0.007299184 0.008049964 0.0264002 -0.009799957 0.005549967 0.005377471 -0.009799957 0.004989922 0.005001902 -0.009799957 0.004374742 0.004725694 -0.009799957 0.003721892 0.004556834 -0.009799957 0.003049969 0.004499971 -0.009799957 -0.003049969 0.004499971 -0.009799957 -0.003721892 0.004556834 -0.009799957 -0.004374742 0.004725694 -0.009799957 -0.004989922 0.005001902 -0.009799957 -0.005549967 0.005377471 -0.007299959 -0.008049964 0.008499979 -0.004699945 -0.008049964 0.008499979 -0.004699945 -0.008049964 0 0.002999961 -0.008049964 0 0.002999961 -0.008049964 0.01199996 0.007299959 -0.008049964 0.01199996 0.009799957 -0.003721892 0.008056819 0.009799957 -0.003049969 0.007999956 0.009799957 0.003721892 0.008056819 0.009799957 0.004374742 0.008225739 0.009799957 0.004989922 0.008501887 0.009799957 0.005549967 0.008877456 0.009799957 0.003049969 0.007999956 0.009799957 -0.005549967 0.008877456 0.009799957 -0.004989922 0.008501887 0.009799957 -0.004374742 0.008225739 -0.008963286 0.007416367 0.006797969 -0.009078085 0.007307291 0.006665229 -0.009399235 0.006907582 0.006260871 -0.009631633 0.006451845 0.005901575 -0.009754717 0.006023526 0.00562793 -0.008255302 0.007860243 0.007552504 -0.008510589 0.007737278 0.00728935 -0.007309496 0.008049964 0.008488297 -0.007644295 0.008026123 0.008162081 -0.008001983 0.007949411 0.007807731 0.007644295 0.008026123 0.01166212 0.007310986 0.008049964 0.01198917 0.008510589 0.007737278 0.01078933 0.008001983 0.007949411 0.01130777 0.009399235 0.006907582 0.009760856 0.009078085 0.007307291 0.01016527 0.008963286 0.007416367 0.01029801 0.008735239 0.007596909 0.01055055 0.009631633 0.006451845 0.009401619 0.009754717 0.006023526 0.009127914 -0.007309496 -0.008049964 0.008488297 -0.007644295 -0.008026123 0.008162081 -0.008001983 -0.007949411 0.007807731 -0.009078085 -0.007307291 0.006665229 -0.008963286 -0.007416367 0.006797969 -0.008510589 -0.007737278 0.00728935 -0.008255302 -0.007860243 0.007552504 -0.009399235 -0.006907582 0.006260871 -0.009631633 -0.006451845 0.005901575 -0.009754717 -0.006023526 0.00562793 0.008963286 -0.007416367 0.01029801 0.009078085 -0.007307291 0.01016527 0.009399235 -0.006907582 0.009760856 0.009631633 -0.006451845 0.009401619 0.009754717 -0.006023526 0.009127914 0.008255302 -0.007860243 0.01105248 0.008510589 -0.007737278 0.01078933 0.007310986 -0.008049964 0.01198917 0.007644295 -0.008026123 0.01166212 0.008001983 -0.007949411 0.01130777 0.00575 -0.005999982 0.0309 0.006515324 -0.005847752 0.0309 0.00716418 -0.005414187 0.0309 0.007597744 -0.004765331 0.0309 0.007749974 -0.003999948 0.0309 0.007749974 0.003999948 0.0309 0.007597744 0.004765331 0.0309 0.00716418 0.005414187 0.0309 0.006515324 0.005847752 0.0309 0.00575 0.005999982 0.0309 -0.00575 0.005999982 0.0309 -0.006515324 0.005847752 0.0309 -0.00716418 0.005414187 0.0309 -0.007597744 0.004765331 0.0309 -0.007749974 0.003999948 0.0309 -0.007749974 -0.003999948 0.0309 -0.007597744 -0.004765331 0.0309 -0.00716418 -0.005414187 0.0309 -0.006515324 -0.005847752 0.0309 -0.00575 -0.005999982 0.0309 0.007249951 0.003999948 0.03139996 0.007135808 0.004574 0.03139996 0.006810605 0.005060613 0.03139996 -0.00575 -0.005499958 0.03139996 0.00575 -0.005499958 0.03139996 0.007249951 -0.003999948 0.03139996 0.00575 0.005499958 0.03139996 -0.00575 0.005499958 0.03139996 -0.007249951 0.003999948 0.03139996 -0.006323993 0.005385816 0.03139996 -0.006810605 0.005060613 0.03139996 -0.007135808 0.004574 0.03139996 0.006323993 -0.005385816 0.03139996 0.006810605 -0.005060613 0.03139996 0.007135808 -0.004574 0.03139996 -0.006810605 -0.005060613 0.03139996 -0.006323993 -0.005385816 0.03139996 -0.007135808 -0.004574 0.03139996 -0.007249951 -0.003999948 0.03139996 0.006323993 0.005385816 0.03139996 0.00879997 -0.003049969 0.006999969 0.004499971 -0.003049969 0.006999969 0.00879997 0.003049969 0.006999969 0.004499971 0.003049969 0.006999969 -0.00879997 0.003049969 0.003499984 -0.006199955 0.003049969 0.003499984 -0.00879997 -0.003049969 0.003499984 -0.006199955 -0.003049969 0.003499984 -0.004699945 0.007940173 -0.001324951 0.002999961 0.007940173 -0.001324951 -0.004699945 0.007848143 -0.001791238 0.002999961 0.007848143 -0.001791238 -0.004699945 0.007613778 -0.002613782 0.002999961 0.007613778 -0.002613782 -0.004699945 0.007252752 -0.003492712 0.002999961 0.007252752 -0.003492712 -0.004699945 0.00707972 -0.003831326 0.002999961 0.00707972 -0.003831326 -0.004699945 0.006352543 -0.004944384 0.002999961 0.006352543 -0.004944384 -0.004699945 0.006293714 -0.005019068 0.002999961 0.006293714 -0.005019068 -0.004699945 0.005452096 -0.005922555 0.002999961 0.005452096 -0.005922555 -0.004699945 0.005019068 -0.006293714 0.002999961 0.005019068 -0.006293714 -0.004699945 0.004402875 -0.006739139 0.002999961 0.004402875 -0.006739139 -0.004699945 0.003492712 -0.007252752 0.002999961 0.003492712 -0.007252752 -0.004699945 0.003233611 -0.007371962 0.002999961 0.003233611 -0.007371962 -0.004699945 0.001976132 -0.007803618 0.002999961 0.001976132 -0.007803618 -0.004699945 0.001791238 -0.007848143 0.002999961 0.001791238 -0.007848143 -0.004699945 6.64764e-4 -0.008022487 0.002999961 6.64764e-4 -0.008022487 -0.004699945 0 -0.008049964 0.002999961 0 -0.008049964 -0.004699945 -6.64764e-4 -0.008022487 0.002999961 -6.64764e-4 -0.008022487 -0.004699945 -0.001791238 -0.007848143 0.002999961 -0.001791238 -0.007848143 -0.004699945 -0.001976132 -0.007803618 0.002999961 -0.001976132 -0.007803618 -0.004699945 -0.003233611 -0.007371962 0.002999961 -0.003233611 -0.007371962 -0.004699945 -0.003492712 -0.007252752 0.002999961 -0.003492712 -0.007252752 -0.004699945 -0.004402875 -0.006739139 0.002999961 -0.004402875 -0.006739139 -0.004699945 -0.005019068 -0.006293714 0.002999961 -0.005019068 -0.006293714 -0.004699945 -0.005452096 -0.005922555 0.002999961 -0.005452096 -0.005922555 -0.004699945 -0.006293714 -0.005019068 0.002999961 -0.006293714 -0.005019068 -0.004699945 -0.006352543 -0.004944384 0.002999961 -0.006352543 -0.004944384 -0.004699945 -0.00707972 -0.003831326 0.002999961 -0.00707972 -0.003831326 -0.004699945 -0.007252752 -0.003492712 0.002999961 -0.007252752 -0.003492712 -0.004699945 -0.007613778 -0.002613782 0.002999961 -0.007613778 -0.002613782 -0.004699945 -0.007848143 -0.001791238 0.002999961 -0.007848143 -0.001791238 -0.004699945 -0.007940173 -0.001324951 0.002999961 -0.007940173 -0.001324951 -0.006199955 -0.006549954 0.004929244 -0.006199955 -0.005549967 0.004169821 -0.006199955 -0.002377629 7.72542e-4 -0.006199955 -0.004344046 0.003670334 -0.006199955 -0.006549954 0 -0.006199955 -0.002486288 -2.61321e-4 -0.006199955 -0.006460666 -0.001078069 -0.006199955 -0.006195068 -0.002126753 -0.006199955 -0.002165019 -0.001249969 -0.006199955 -0.00576055 -0.003117442 -0.006199955 0.005549967 0.004169821 -0.006199955 0.006549954 0.004929244 -0.006199955 0.002377629 7.72542e-4 -0.006199955 -0.001469433 -0.002022504 -0.006199955 -0.004436194 -0.004818975 -0.006199955 -0.005168855 -0.004023075 -0.006199955 0.00576055 -0.003117442 -0.006199955 0.005168855 -0.004023075 -0.006199955 0.002165019 -0.001249969 -0.006199955 0.004436194 -0.004818975 -0.006199955 0.001469433 -0.002022504 -0.006199955 -5.19779e-4 -0.00244534 -0.006199955 -0.002631068 -0.005998313 -0.006199955 -0.003582477 -0.005483388 -0.006199955 0.003582477 -0.005483388 -0.006199955 0.002631068 -0.005998313 -0.006199955 5.19779e-4 -0.00244534 -0.006199955 0.006195068 -0.002126753 -0.006199955 0.002486288 -2.61321e-4 -0.006199955 0.006460666 -0.001078069 -0.006199955 0 0.002499997 -0.006199955 -0.001016795 0.002283811 -0.006199955 -0.001857817 0.001672804 -0.006199955 0.001607894 -0.006349563 -0.006199955 5.40895e-4 -0.006527602 -0.006199955 0 -0.002499997 -0.006199955 -5.40895e-4 -0.006527602 -0.006199955 -0.001607894 -0.006349563 -0.006199955 0.006549954 0 -0.006199955 0.004344046 0.003670334 -0.006199955 0.001857817 0.001672804 -0.006199955 0.001016795 0.002283811 0.004499971 -0.001607894 -0.006349563 0.004499971 -5.19779e-4 -0.00244534 0.004499971 -0.002631068 -0.005998313 0.004499971 -0.001469433 -0.002022504 0.004499971 -0.003582477 -0.005483388 0.004499971 -0.006195068 -0.002126753 0.004499971 -0.002165019 -0.001249969 0.004499971 -0.002486288 -2.61321e-4 0.004499971 0.004436194 -0.004818975 0.004499971 0.005168855 -0.004023075 0.004499971 0.001469433 -0.002022504 0.004499971 0.002165019 -0.001249969 0.004499971 5.19779e-4 -0.00244534 0.004499971 0.002631068 -0.005998313 0.004499971 0.003582477 -0.005483388 0.004499971 -5.40895e-4 -0.006527602 0.004499971 5.40895e-4 -0.006527602 0.004499971 0.001607894 -0.006349563 0.004499971 -0.004344046 0.007170319 0.004499971 -0.001857817 0.001672804 0.004499971 -0.005549967 0.007669866 0.004499971 -0.006549954 0.008429229 0.004499971 -0.002377629 7.72542e-4 0.004499971 -0.006549954 0 0.004499971 -0.006460666 -0.001078069 0.004499971 0.00576055 -0.003117442 0.004499971 0.006195068 -0.002126753 0.004499971 0.002486288 -2.61321e-4 0.004499971 0.006460666 -0.001078069 0.004499971 0.002377629 7.72542e-4 0.004499971 0.006549954 0 0.004499971 0.001857817 0.001672804 0.004499971 0.006549954 0.008429229 0.004499971 -0.00576055 -0.003117442 0.004499971 -0.005168855 -0.004023075 0.004499971 -0.004436194 -0.004818975 0.004499971 -0.001016795 0.002283811 0.004499971 0 0.002499997 0.004499971 0.001016795 0.002283811 0.004499971 0.004344046 0.007170319 0.004499971 0.005549967 0.007669866 -0.00879997 0.003889858 0.003571033 -0.00879997 0.004344046 0.003670334 -0.00879997 0.004705905 0.003782153 -0.00879997 0.005474925 0.004127383 -0.00879997 0.006174981 0.004596829 -0.00877279 0.006530165 0.004909932 -0.008763492 0.006585836 0.004964768 -0.00869894 0.006851375 0.005252003 -0.006163656 0.006877958 0.005283355 -0.008559525 0.007193207 0.005701124 -0.006060123 0.007182419 0.00568515 -0.0084486 0.007380843 0.006001293 -0.005992949 0.00731033 0.005882859 -0.005534291 0.007796525 0.006928324 -0.00578773 0.007582843 0.006389737 -0.007924258 0.007879853 0.007206916 -0.008366882 0.007492959 0.006206572 -0.00829792 0.007574796 0.006372511 -0.008026361 0.00781548 0.006986677 -0.007721185 0.007974505 0.007634699 -0.005394995 0.007879257 0.007204473 -0.005449652 0.007849216 0.007097363 -0.00470674 0.008049964 0.008487582 -0.005060613 0.008005976 0.007838129 -0.007306575 0.008049964 0.008486509 -0.007506549 0.008032083 0.008077621 -0.00470674 -0.008049964 0.008487582 -0.007506549 -0.008032083 0.008077621 -0.005448579 -0.007849812 0.00709939 -0.007306575 -0.008049964 0.008486509 -0.005203902 -0.007962763 0.007570326 -0.004846692 -0.008042752 0.008231878 -0.005868077 -0.007490992 0.006202757 -0.00829792 -0.007574796 0.006372511 -0.00599724 -0.007302999 0.005870997 -0.008366882 -0.007492959 0.006206572 -0.0084486 -0.007380843 0.006001293 -0.005613029 -0.00774002 0.006766974 -0.007924258 -0.007879853 0.007206916 -0.008026361 -0.00781548 0.006986677 -0.007721185 -0.007974505 0.007634699 -0.005534291 -0.007796525 0.006928324 -0.008763492 -0.006585836 0.004964768 -0.00869894 -0.006851375 0.005252003 -0.006159186 -0.006897449 0.005306661 -0.008559525 -0.007193207 0.005701124 -0.006060123 -0.007182419 0.00568515 -0.00877279 -0.006530165 0.004909932 -0.00879997 -0.006174981 0.004596829 -0.00879997 -0.005474925 0.004127383 -0.00879997 -0.004705905 0.003782153 -0.00879997 -0.003889858 0.003571033 -0.00879997 -0.004344046 0.003670334 0.003503918 0.007962763 0.01107031 0.003748595 0.007849812 0.01059937 0.007308065 0.008049964 0.01198738 0.007506549 0.008032083 0.0115776 0.003146708 0.008042752 0.01173192 0.003006756 0.008049964 0.01198756 0.008026361 0.00781548 0.01048666 0.00829792 0.007574796 0.009872496 0.004297256 0.007302999 0.009370982 0.008366882 0.007492959 0.009706556 0.0084486 0.007380843 0.009501278 0.007924258 0.007879853 0.0107069 0.004168093 0.007490992 0.009702742 0.003913044 0.00774002 0.01026701 0.007721185 0.007974505 0.01113468 0.003834307 0.007796525 0.0104283 0.008763492 0.006585836 0.008464753 0.00869894 0.006851375 0.008751988 0.004459202 0.006897449 0.008806705 0.008559525 0.007193207 0.009201109 0.004360139 0.007182419 0.009185194 0.00877279 0.006530165 0.008409917 0.00879997 0.006174981 0.008096873 0.00879997 0.005474925 0.007627367 0.00879997 0.004705905 0.007282137 0.00879997 0.003889858 0.007071018 0.00879997 0.004344046 0.007170319 0.00879997 -0.003889858 0.007071018 0.00879997 -0.004344046 0.007170319 0.00879997 -0.004705905 0.007282137 0.00879997 -0.005474925 0.007627367 0.00879997 -0.006174981 0.008096873 0.00877279 -0.006530165 0.008409917 0.008763492 -0.006585836 0.008464753 0.00869894 -0.006851375 0.008751988 0.004463672 -0.006877958 0.00878334 0.008559525 -0.007193207 0.009201109 0.004360139 -0.007182419 0.009185194 0.0084486 -0.007380843 0.009501278 0.004292964 -0.00731033 0.009382843 0.008366882 -0.007492959 0.009706556 0.00829792 -0.007574796 0.009872496 0.008026361 -0.00781548 0.01048666 0.004087686 -0.007582843 0.009889781 0.007924258 -0.007879853 0.0107069 0.003834307 -0.007796525 0.0104283 0.007721185 -0.007974505 0.01113468 0.003695011 -0.007879257 0.01070451 0.003749608 -0.007849216 0.01059734 0.003006756 -0.008049964 0.01198756 0.003360629 -0.008005976 0.01133811 0.007308065 -0.008049964 0.01198738 0.007506549 -0.008032083 0.0115776 -0.009104132 0.006847977 0.005388796 -0.008897781 0.007206261 0.005840063 -0.007552683 0.008033037 0.008105635 -0.007598638 0.00803101 0.008133828 -0.007910311 0.007969796 0.00774908 -0.008196234 0.007825553 0.007080972 -0.007816314 0.00797826 0.007691204 -0.008544147 0.007590472 0.006494998 -0.008634865 0.00750935 0.006334841 -0.009229779 0.006497085 0.005034983 -0.009299993 0.006091237 0.004701435 -0.00950706 0.005991935 0.004825472 -0.00835973 0.007799148 0.007183134 -0.008771657 0.007536292 0.006640553 -0.008879184 0.007445573 0.006492376 -0.009190797 0.007106602 0.006035387 -0.009435236 0.006706178 0.005619406 -0.009583711 0.006314516 0.005293786 -0.009666025 0.005862474 0.00498718 -0.009182631 0.00543797 0.004193961 -0.009182631 0.004680693 0.003853976 -0.009182631 0.003877103 0.003646075 -0.00950706 0.005332887 0.004383504 -0.00950706 0.004608929 0.004058539 -0.00950706 0.003840684 0.003859758 -0.009723842 0.00517553 0.004667222 -0.009182631 0.003049969 0.003576099 -0.009299993 0.003049969 0.003633916 -0.00950706 0.003049969 0.003792881 -0.009666025 0.003049969 0.003999948 -0.009723842 0.004501461 0.004364609 -0.009723842 0.003786206 0.004179537 -0.009723842 0.003049969 0.00411731 -0.009182631 -0.003049969 0.003576099 -0.009299993 -0.003049969 0.003633916 -0.00950706 -0.003049969 0.003792881 -0.009666025 -0.003049969 0.003999948 -0.009723842 -0.003049969 0.00411731 -0.009299993 -0.006091237 0.004701435 -0.009182631 -0.004680693 0.003853976 -0.009182631 -0.003877103 0.003646075 -0.00950706 -0.003840684 0.003859758 -0.009723842 -0.003786206 0.004179537 -0.009723842 -0.004501461 0.004364609 -0.00950706 -0.004608929 0.004058539 -0.009182631 -0.00543797 0.004193961 -0.00950706 -0.005332887 0.004383504 -0.009723842 -0.00517553 0.004667222 -0.00950706 -0.005991935 0.004825472 -0.009666025 -0.005862474 0.00498718 -0.009104132 -0.006847977 0.005388796 -0.007598638 -0.00803101 0.008133828 -0.007552683 -0.008033037 0.008105635 -0.007816314 -0.00797826 0.007691204 -0.00835973 -0.007799148 0.007183134 -0.007910311 -0.007969796 0.00774908 -0.008634865 -0.00750935 0.006334841 -0.008544147 -0.007590472 0.006494998 -0.008196234 -0.007825553 0.007080972 -0.008897781 -0.007206261 0.005840063 -0.008771657 -0.007536292 0.006640553 -0.008879184 -0.007445573 0.006492376 -0.009190797 -0.007106602 0.006035387 -0.009435236 -0.006706178 0.005619406 -0.009583711 -0.006314516 0.005293786 -0.009229779 -0.006497085 0.005034983 0.009104132 -0.006847977 0.00888884 0.008897781 -0.007206261 0.009340047 0.007552683 -0.008033037 0.01160567 0.007598638 -0.00803101 0.01163381 0.007910311 -0.007969796 0.01124912 0.008196234 -0.007825553 0.01058095 0.007816314 -0.00797826 0.01119118 0.008544147 -0.007590472 0.009995043 0.008634865 -0.00750935 0.009834825 0.009229779 -0.006497085 0.008534967 0.009299993 -0.006091237 0.00820142 0.00950706 -0.005991935 0.008325517 0.00835973 -0.007799148 0.01068317 0.008771657 -0.007536292 0.01014053 0.008879184 -0.007445573 0.009992361 0.009190797 -0.007106602 0.009535372 0.009435236 -0.006706178 0.009119391 0.009583711 -0.006314516 0.008793771 0.009666025 -0.005862474 0.008487164 0.009182631 -0.00543797 0.007693946 0.009182631 -0.004680693 0.007353961 0.009182631 -0.003877103 0.00714606 0.00950706 -0.005332887 0.007883489 0.00950706 -0.004608929 0.007558524 0.00950706 -0.003840684 0.007359743 0.009723842 -0.00517553 0.008167207 0.009182631 -0.003049969 0.007076084 0.009299993 -0.003049969 0.00713396 0.00950706 -0.003049969 0.007292866 0.009666025 -0.003049969 0.007499992 0.009723842 -0.004501461 0.007864654 0.009723842 -0.003786206 0.007679581 0.009723842 -0.003049969 0.007617294 0.009182631 0.003049969 0.007076084 0.009299993 0.003049969 0.00713396 0.00950706 0.003049969 0.007292866 0.009666025 0.003049969 0.007499992 0.009723842 0.003049969 0.007617294 0.009299993 0.006091237 0.00820142 0.009182631 0.004680693 0.007353961 0.009182631 0.003877103 0.00714606 0.00950706 0.003840684 0.007359743 0.009723842 0.003786206 0.007679581 0.009723842 0.004501461 0.007864654 0.00950706 0.004608929 0.007558524 0.009182631 0.00543797 0.007693946 0.00950706 0.005332887 0.007883489 0.009723842 0.00517553 0.008167207 0.00950706 0.005991935 0.008325517 0.009666025 0.005862474 0.008487164 0.009104132 0.006847977 0.00888884 0.007552683 0.008033037 0.01160567 0.007816314 0.00797826 0.01119118 0.007598638 0.00803101 0.01163381 0.007910311 0.007969796 0.01124912 0.008771657 0.007536292 0.01014053 0.00835973 0.007799148 0.01068317 0.008634865 0.00750935 0.009834825 0.008544147 0.007590472 0.009995043 0.008196234 0.007825553 0.01058095 0.008897781 0.007206261 0.009340047 0.008879184 0.007445573 0.009992361 0.009190797 0.007106602 0.009535372 0.009435236 0.006706178 0.009119391 0.009583711 0.006314516 0.008793771 0.009229779 0.006497085 0.008534967 0.004298985 0.007299959 0 0.004426538 0.007013499 0 0.003749966 0.007849037 0 0.004213511 0.007431626 0 0.003881633 0.007763504 0 0.003463506 0.007976531 0 0.003463506 -0.007015168 -0.003796398 0.003463506 -0.005402386 -0.005868554 0.003463506 -0.004362761 -0.006677687 0.003463506 -6.58701e-4 -0.007949292 0.003463506 0.001958131 -0.00773245 0.003463506 0.004362761 -0.006677687 0.003463506 0.006294608 -0.004899263 0.003463506 0.007544338 -0.002589941 0.004426538 -0.006917834 -0.001154363 0.004426538 0.006917834 -0.001154363 0.004213511 0.007330298 -0.001223206 0.004426538 -0.006168186 -0.003338038 0.004426538 -0.00663346 -0.002277255 0.004213511 -0.006535947 -0.003537058 0.004213511 -0.007028996 -0.002413034 0.003881633 -0.006827771 -0.003695011 0.003881633 -0.007342875 -0.002520799 0.004213511 -0.007330298 -0.001223206 0.003881633 -0.007657587 -0.001277804 0.003463506 0.007867753 -0.001312851 0.003881633 0.007657587 -0.001277804 0.004426538 0.00663346 -0.002277255 0.004213511 0.007028996 -0.002413034 0.003881633 0.007342875 -0.002520799 0.004426538 0.004750072 -0.005159974 0.004426538 0.003835976 -0.005871474 0.004213511 0.005033314 -0.005467653 0.004213511 0.004064738 -0.006221532 0.003881633 0.005258083 -0.005711793 0.003881633 0.004246234 -0.00649935 0.003463506 0.005402386 -0.005868554 0.004426538 5.79172e-4 -0.006989538 0.004426538 -5.79172e-4 -0.006989538 0.004213511 6.13703e-4 -0.007406294 0.004213511 -6.13703e-4 -0.007406294 0.003881633 6.41107e-4 -0.00773698 0.003881633 -6.41107e-4 -0.00773698 0.003463506 6.58701e-4 -0.007949292 0.004426538 -0.002817273 -0.006422758 0.004426538 -0.003835976 -0.005871474 0.004213511 -0.002985239 -0.006805717 0.004213511 -0.004064738 -0.006221532 0.003881633 -0.003118515 -0.007109582 0.003881633 -0.004246234 -0.00649935 0.003463506 -0.003204107 -0.007304728 0.004426538 -0.007013499 0 0.004298985 -0.007299959 0 0.004213511 -0.007431626 0 0.003881633 -0.007763504 0 0.003749966 -0.007849037 0 0.003463506 -0.007544338 -0.002589941 0.003463506 -0.007867753 -0.001312851 0.003463506 -0.007976531 0 0.003463506 0.007015168 -0.003796398 0.003881633 0.006827771 -0.003695011 0.004213511 0.006535947 -0.003537058 0.004426538 0.006168186 -0.003338038 0.004426538 0.005534648 -0.004307746 0.004213511 0.00586462 -0.004564583 0.003881633 0.006126463 -0.004768431 0.003463506 0.003204107 -0.007304728 0.003881633 0.003118515 -0.007109582 0.004213511 0.002985239 -0.006805717 0.004426538 0.002817273 -0.006422758 0.004426538 0.00172168 -0.006798863 0.004213511 0.001824319 -0.007204234 0.003881633 0.001905798 -0.00752592 0.003463506 -0.001958131 -0.00773245 0.003881633 -0.001905798 -0.00752592 0.004213511 -0.001824319 -0.007204234 0.004426538 -0.00172168 -0.006798863 0.003881633 -0.005258083 -0.005711793 0.004213511 -0.005033314 -0.005467653 0.004426538 -0.004750072 -0.005159974 0.003463506 -0.006294608 -0.004899263 0.003881633 -0.006126463 -0.004768431 0.004213511 -0.00586462 -0.004564583 0.004426538 -0.005534648 -0.004307746 -0.005999028 -0.007299959 0 -0.006126582 -0.007013499 0 -0.00544995 -0.007849037 0 -0.005913496 -0.007431626 0 -0.005581676 -0.007763504 0 -0.00516349 -0.007976531 0 -0.00516349 0.007015168 -0.003796398 -0.00516349 0.005402386 -0.005868554 -0.00516349 0.004362761 -0.006677687 -0.00516349 6.58701e-4 -0.007949292 -0.00516349 -6.58701e-4 -0.007949292 -0.00516349 -0.001958131 -0.00773245 -0.00516349 -0.004362761 -0.006677687 -0.00516349 -0.006294608 -0.004899263 -0.00516349 -0.007544338 -0.002589941 -0.006126582 0.006917834 -0.001154363 -0.006126582 -0.006917834 -0.001154363 -0.005913496 -0.007330298 -0.001223206 -0.006126582 0.006168186 -0.003338038 -0.006126582 0.00663346 -0.002277255 -0.005913496 0.006535947 -0.003537058 -0.005913496 0.007028996 -0.002413034 -0.005581676 0.006827771 -0.003695011 -0.005581676 0.007342875 -0.002520799 -0.005913496 0.007330298 -0.001223206 -0.005581676 0.007657587 -0.001277804 -0.00516349 -0.007867753 -0.001312851 -0.005581676 -0.007657587 -0.001277804 -0.006126582 -0.00663346 -0.002277255 -0.005913496 -0.007028996 -0.002413034 -0.005581676 -0.007342875 -0.002520799 -0.006126582 -0.004750072 -0.005159974 -0.006126582 -0.003835976 -0.005871474 -0.005913496 -0.005033314 -0.005467653 -0.005913496 -0.004064738 -0.006221532 -0.005581676 -0.005258083 -0.005711793 -0.005581676 -0.004246234 -0.00649935 -0.00516349 -0.005402386 -0.005868554 -0.006126582 0.002817273 -0.006422758 -0.006126582 0.003835976 -0.005871474 -0.005913496 0.002985239 -0.006805717 -0.005913496 0.004064738 -0.006221532 -0.005581676 0.003118515 -0.007109582 -0.005581676 0.004246234 -0.00649935 -0.00516349 0.003204107 -0.007304728 -0.006126582 0.007013499 0 -0.005999028 0.007299959 0 -0.005913496 0.007431626 0 -0.005581676 0.007763504 0 -0.00544995 0.007849037 0 -0.00516349 0.007544338 -0.002589941 -0.00516349 0.007867753 -0.001312851 -0.00516349 0.007976531 0 -0.00516349 -0.007015168 -0.003796398 -0.005581676 -0.006827771 -0.003695011 -0.005913496 -0.006535947 -0.003537058 -0.006126582 -0.006168186 -0.003338038 -0.006126582 -0.005534648 -0.004307746 -0.005913496 -0.00586462 -0.004564583 -0.005581676 -0.006126463 -0.004768431 -0.00516349 -0.003204107 -0.007304728 -0.005581676 -0.003118515 -0.007109582 -0.005913496 -0.002985239 -0.006805717 -0.006126582 -0.002817273 -0.006422758 -0.006126582 -0.00172168 -0.006798863 -0.005913496 -0.001824319 -0.007204234 -0.005581676 -0.001905798 -0.00752592 -0.005581676 -6.41107e-4 -0.00773698 -0.005913496 -6.13703e-4 -0.007406294 -0.006126582 -5.79172e-4 -0.006989538 -0.005581676 6.41107e-4 -0.00773698 -0.005913496 6.13703e-4 -0.007406294 -0.006126582 5.79172e-4 -0.006989538 -0.00516349 0.001958131 -0.00773245 -0.005581676 0.001905798 -0.00752592 -0.005913496 0.001824319 -0.007204234 -0.006126582 0.00172168 -0.006798863 -0.005581676 0.005258083 -0.005711793 -0.005913496 0.005033314 -0.005467653 -0.006126582 0.004750072 -0.005159974 -0.00516349 0.006294608 -0.004899263 -0.005581676 0.006126463 -0.004768431 -0.005913496 0.00586462 -0.004564583 -0.006126582 0.005534648 -0.004307746 -0.001407146 -4.5e-4 0.02599996 -0.001699984 -4.5e-4 0.02570718 -0.00209999 -4.5e-4 0.02639997 -0.00209999 -4.5e-4 0.02559995 -0.002499997 -4.5e-4 0.02570718 -0.001699984 -4.5e-4 0.02709281 -0.001407146 -4.5e-4 0.02679997 -0.001299977 -4.5e-4 0.02639997 -0.002792775 -4.5e-4 0.02679997 -0.002499997 -4.5e-4 0.02709281 -0.00209999 -4.5e-4 0.02719998 -0.002792775 -4.5e-4 0.02599996 -0.002899944 -4.5e-4 0.02639997 -0.00209999 0.003049969 0.02559995 -0.002499997 0.003049969 0.02570718 -0.002792775 0.003049969 0.02599996 -0.002899944 0.003049969 0.02639997 -0.002792775 0.003049969 0.02679997 -0.002499997 0.003049969 0.02709281 -0.00209999 0.003049969 0.02719998 -0.001699984 0.003049969 0.02709281 -0.001407146 0.003049969 0.02679997 -0.001299977 0.003049969 0.02639997 -0.001407146 0.003049969 0.02599996 -0.001699984 0.003049969 0.02570718 -0.00209999 0.003049969 0.02639997 0.002792775 -4.5e-4 0.02599996 0.002499997 -4.5e-4 0.02570718 0.00209999 -4.5e-4 0.02639997 0.00209999 -4.5e-4 0.02559995 0.001699984 -4.5e-4 0.02570718 0.002499997 -4.5e-4 0.02709281 0.002792775 -4.5e-4 0.02679997 0.002899944 -4.5e-4 0.02639997 0.001407146 -4.5e-4 0.02679997 0.001699984 -4.5e-4 0.02709281 0.00209999 -4.5e-4 0.02719998 0.001407146 -4.5e-4 0.02599996 0.001299977 -4.5e-4 0.02639997 0.00209999 0.003049969 0.02559995 0.001699984 0.003049969 0.02570718 0.001407146 0.003049969 0.02599996 0.001299977 0.003049969 0.02639997 0.001407146 0.003049969 0.02679997 0.001699984 0.003049969 0.02709281 0.00209999 0.003049969 0.02719998 0.002499997 0.003049969 0.02709281 0.002792775 0.003049969 0.02679997 0.002899944 0.003049969 0.02639997 0.002792775 0.003049969 0.02599996 0.002499997 0.003049969 0.02570718 0.00209999 0.003049969 0.02639997</float_array>
          <technique_common>
            <accessor source="#link_5_4-mesh-positions-array" count="766" stride="3">
              <param name="X" type="float"/>
              <param name="Y" type="float"/>
              <param name="Z" type="float"/>
            </accessor>
          </technique_common>
        </source>
        <source id="link_5_4-mesh-normals">
          <float_array id="link_5_4-mesh-normals-array" count="3999">-6.3751e-6 0 1 4.00157e-6 0 1 0 0 1 1.19605e-6 0 1 1.60062e-6 0 1 -2.38931e-6 0 1 2.01553e-6 0 1 -2.55802e-6 0 1 1.33097e-6 0 1 -3.22484e-6 0 1 1.61242e-6 0 1 -2.01553e-6 0 1 2.55802e-6 0 1 1.76568e-6 0 1 5.03882e-7 0 1 -5.03882e-7 0 1 -1.76568e-6 0 1 8.06211e-7 0 1 -1.33097e-6 0 1 3.22484e-6 0 1 0 1 0 0 1 0 0 1 0 -1 2.2572e-6 0 -1 5.10971e-7 0 -1 0 0 -1 -4.9283e-7 0 -1 4.9283e-7 0 -1 -5.10971e-7 0 -1 -1.19914e-6 0 0 -1 0 0 -1 2.10938e-7 0 -1 0 1 2.14546e-6 0 1 0 0 1 -1.806e-6 0 1 1.41412e-6 0 1 -1.38282e-6 0 1 -2.66187e-6 0 1 1.806e-6 0 1 -8.58878e-7 0 -0.6886266 0.7251163 -1.94754e-5 -0.8314693 0.5555707 1.30046e-4 -0.7814876 0.6239089 0.003869831 -0.8907784 0.454438 -2.38183e-4 -0.980785 0.1950915 4.81652e-4 -0.9617373 0.2739474 0.003785431 -0.9954637 0.09514302 0 -0.5555697 0.83147 -1.41775e-5 -0.439114 0.8984096 0.006266534 -0.5790182 0.8153142 9.22409e-4 -0.1950909 0.9807852 0 -0.01299226 0.9998757 0.008941233 -0.07663178 0.9970422 0.005882799 -0.2113829 0.977402 0.001643598 -0.3319466 0.9432982 4.06128e-6 0.0736339 0.9972823 0.002465307 0.002199292 0.9999976 0 0.1326032 0.9911692 1.03548e-4 0.1296342 0.9915613 0.001067936 0.132997 0.9911165 -5.05267e-5 0.4255795 0.9049192 0.001806616 0.3851423 0.9228571 3.11595e-4 0.2096674 0.9777728 -1.68278e-4 0.7793715 0.626562 -4.33608e-4 0.690194 0.7236199 0.00257343 0.7069984 0.7072129 0.001830339 0.6207599 0.7840009 -7.35742e-6 0.5299235 0.8480454 6.77919e-6 0.8910577 0.4538897 6.32359e-4 0.9047887 0.4258575 0.001630246 0.9610164 0.2764909 -5.08898e-4 0.9910963 0.1331441 9.44092e-4 0.9954636 0.09514403 0 -0.002049446 -0.999998 0 -0.195091 -0.9807852 9.25749e-5 -0.07663178 -0.9970422 0.005882799 -0.2113832 -0.9774019 0.001643598 -0.6886266 -0.7251163 -1.94631e-5 -0.5790182 -0.8153142 9.22409e-4 -0.555569 -0.8314684 0.001862406 -0.4338824 -0.9009696 -4.07961e-6 -0.3319466 -0.9432982 4.06128e-6 -0.7796201 -0.6262529 7.14522e-5 -0.8314678 -0.5555688 0.002157032 -0.8907785 -0.4544379 -2.3818e-4 -0.9611482 -0.2760331 2.65259e-4 -0.9807835 -0.195088 0.00210762 -0.9954636 -0.09514373 0 0.6886242 -0.7251185 -2.32161e-5 0.83147 -0.5555698 1.55008e-4 0.7818362 -0.6234672 0.00458312 0.8907663 -0.4544619 -2.82158e-4 0.9807847 -0.1950924 5.70385e-4 0.9618476 -0.2735494 0.004462778 0.9954637 -0.09514325 0 0.5555694 -0.8314702 -1.70379e-5 0.4401125 -0.8979116 0.007468461 0.579146 -0.8152232 0.001099467 0.1950913 -0.9807851 0 0.01283156 -0.9998587 0.01086097 0.07811444 -0.9969195 0.007057309 0.2116964 -0.9773335 0.001975119 0.3319493 -0.9432973 4.88064e-6 0.1950897 -0.9807855 0 0.1950908 -0.9807852 0 0.5555701 -0.8314698 0 0.5555707 -0.8314693 0 0.8314698 -0.5555701 0 0.9807854 -0.1950904 0 0.9807854 -0.1950901 0 0.9807854 0.1950904 0 0.9807854 0.1950901 0 0.8314698 0.5555701 0 0.5555701 0.8314698 0 0.5555707 0.8314693 0 0.1950904 0.9807854 0 0.1950901 0.9807854 0 -0.1950897 0.9807855 0 -0.1950908 0.9807852 0 -0.5555701 0.8314698 0 -0.5555707 0.8314693 0 -0.8314698 0.5555701 0 -0.9807854 0.1950904 0 -0.9807854 0.1950901 0 -0.9807854 -0.1950904 0 -0.9807854 -0.1950901 0 -0.8314698 -0.5555701 0 -0.5555701 -0.8314698 0 -0.5555707 -0.8314693 0 -0.1950904 -0.9807854 0 -0.1950901 -0.9807854 0 -2.77529e-5 0 1 -4.87275e-6 0 1 2.77529e-5 0 1 4.87275e-6 0 1 -2.77529e-5 0 1 6.09092e-6 0 1 0 0.7071062 0.7071074 -0.1392824 0.700214 0.7002148 -0.1392825 0.7002139 0.700215 -0.3966369 0.5936132 0.7002162 -0.3966401 0.5936133 0.7002143 -0.5936142 0.3966384 0.7002144 -0.5936118 0.3966405 0.7002152 -0.700214 0.1392809 0.7002151 -0.7002168 0.1392807 0.7002124 0.700214 0.1392809 0.7002151 0.7002156 0.1392809 0.7002134 0.5936101 0.3966409 0.7002165 0.5936157 0.3966376 0.7002136 0.3966369 0.5936141 0.7002154 0.3966402 0.5936123 0.700215 0.1392793 0.7002139 0.7002156 0.1392912 0.7002136 0.7002136 -0.7071043 0 0.7071093 0.7071043 0 0.7071093 -0.700214 -0.1392809 0.7002151 -0.7002156 -0.1392809 0.7002134 -0.5936101 -0.3966409 0.7002165 -0.5936157 -0.3966376 0.7002136 -0.3966369 -0.5936141 0.7002154 -0.3966402 -0.5936123 0.700215 -0.1392793 -0.7002139 0.7002156 -0.1392912 -0.7002136 0.7002136 0.1392824 -0.700214 0.7002148 0.1392825 -0.7002139 0.700215 0.3966369 -0.5936132 0.7002162 0.3966401 -0.5936133 0.7002143 0.5936142 -0.3966384 0.7002144 0.5936118 -0.3966405 0.7002152 0.700214 -0.1392809 0.7002151 0.7002168 -0.1392807 0.7002124 0 -0.7071062 0.7071074 0 0 -1 0 0.9965845 -0.08257925 0 0.9965844 -0.08258062 0 0.9810726 -0.1936406 0 0.9810722 -0.1936425 0 0.9617304 -0.2739979 0 0.961731 -0.2739958 0 0.9250053 -0.3799546 0 0.9250056 -0.3799537 0 0.8904699 -0.4550422 0 0.8371665 -0.5469483 0 0.7855027 -0.6188583 0 0.7854978 -0.6188645 0 0.7317115 -0.6816146 0 0.7317114 -0.6816146 0 0.6507946 -0.7592539 0 0.6507945 -0.7592539 0 0.5858728 -0.810403 0 0.4914521 -0.8709046 0 0.4914523 -0.8709046 0 0.4178544 -0.9085141 0 0.417855 -0.9085137 0 0.3246995 -0.9458172 0 0.3246995 -0.9458173 0 0.2340198 -0.9722319 0 0.2340201 -0.9722318 0 0.1529337 -0.9882365 0 0.1529337 -0.9882365 0 0.04132586 -0.9991458 0 -0.04132586 -0.9991458 0 -0.1529337 -0.9882365 0 -0.1529337 -0.9882365 0 -0.2340201 -0.9722318 0 -0.2340199 -0.9722319 0 -0.3246995 -0.9458173 0 -0.3246995 -0.9458172 0 -0.417855 -0.9085137 0 -0.4178544 -0.9085141 0 -0.4914523 -0.8709046 0 -0.4914521 -0.8709046 0 -0.5858728 -0.810403 0 -0.6507946 -0.7592539 0 -0.6507945 -0.7592539 0 -0.7317115 -0.6816146 0 -0.7317114 -0.6816146 0 -0.7854979 -0.6188645 0 -0.7855026 -0.6188583 0 -0.8371665 -0.5469483 0 -0.8904699 -0.4550422 0 -0.9250056 -0.3799537 0 -0.9250053 -0.3799546 0 -0.961731 -0.2739958 0 -0.9617304 -0.2739979 0 -0.9810722 -0.1936425 0 -0.9810726 -0.1936406 0 -0.9965844 -0.08258062 0 -0.9965845 -0.08257925 -1 1.81011e-7 0 -1 -2.6533e-7 0 -1 2.15026e-7 0 -1 2.0871e-7 0 -1 -2.13192e-7 0 -1 8.58594e-7 0 -1 2.07615e-7 0 -1 -2.0867e-7 0 -1 -2.07615e-7 0 -1 2.13192e-7 0 -1 -1.3566e-7 0 -1 -2.0871e-7 0 -1 1.3566e-7 0 1 -7.99317e-7 0 1 -2.13192e-7 0 1 8.52605e-7 0 1 0 0 1 0 0 1 8.34461e-7 0 1 -7.04077e-7 0 1 0 0 1 6.75245e-7 0 1 -7.12059e-7 0 1 1.61269e-7 0 1 2.07421e-7 0 1 -2.07421e-7 0 1 0 0 1 0 0 1 -6.98443e-7 0 1 2.606e-7 0 1 -2.606e-7 0 1 4.44181e-7 0 1 -6.75245e-7 0 1 1.13929e-6 0 0 0.0842911 -0.9964413 0.01507061 0.1305114 -0.9913324 0 0.2136319 -0.9769144 0 0.2952171 -0.9554303 0.01352894 0.3826483 -0.9237951 0.0030815 0.4095445 -0.912285 -0.00444889 0.604781 -0.7963795 0.02584123 0.55679 -0.8302513 5.39584e-4 0.6612346 -0.7501791 -5.42039e-5 0.7016311 -0.7125404 8.66479e-4 0.7341928 -0.6789405 7.17093e-4 0.7336179 -0.6795619 -8.52128e-4 0.7958589 -0.6054816 -4.02511e-4 0.7971035 -0.6038427 2.86612e-4 0.8478955 -0.5301634 -0.002061963 0.8398258 -0.5428522 -0.01004505 0.9310699 -0.3647025 0.002046406 0.8772838 -0.4799678 0.008233726 0.8955456 -0.4448937 4.23949e-4 0.8807121 -0.4736518 -4.87869e-4 0.9311314 -0.3646835 0.02207386 0.9567548 -0.2900573 4.32363e-5 0.9763791 -0.2160647 -1.11042e-5 0.9629101 -0.2698227 -0.001307845 0.9549167 -0.2968708 0 0.9999992 -0.001240789 -3.16233e-4 0.9977262 -0.06739872 0.01680207 0.999813 -0.00957483 -0.03256064 0.9832215 -0.1794863 0.04505884 0.9968307 -0.06556266 0.01539337 0.9905608 -0.1362074 0 -0.9999992 -0.001240789 0.05481529 -0.996019 -0.07029652 -0.0502426 -0.9767854 -0.2082449 0.03364354 -0.9992762 -0.01775127 -0.009643614 -0.9933301 -0.1149019 -1.27767e-4 -0.9996083 -0.02798658 -0.004328787 -0.8707581 -0.4916927 0.008752048 -0.8954541 -0.4450681 0.002336859 -0.8772342 -0.480057 -0.01986861 -0.9179592 -0.3961771 0.03603005 -0.9545446 -0.2958826 0.006403684 -0.9300735 -0.3673176 0.0215671 -0.9900391 -0.139131 0.002427697 -0.9761367 -0.2171436 -0.001283764 -0.9549748 -0.2966843 -0.005317628 -0.9445953 -0.3281944 8.6648e-4 -0.734193 -0.6789404 0.001245617 -0.7356459 -0.6773652 -0.001397192 -0.7959408 -0.6053729 0.01633083 -0.8451061 -0.5343492 -0.01280629 -0.8004274 -0.5992929 -0.002270817 -0.8391 -0.5439726 -5.41331e-5 -0.7016312 -0.7125403 5.39584e-4 -0.6612346 -0.7501791 0.01458758 -0.6047226 -0.7963027 -0.002510607 -0.5569744 -0.8305259 0.0030815 -0.4095445 -0.912285 0.01352894 -0.3826482 -0.9237951 0 -0.0842911 -0.9964413 0.01507067 -0.1305113 -0.9913324 0 -0.2136319 -0.9769144 0 -0.2952171 -0.9554303 0.03097015 0.9754701 -0.2179427 -0.04448181 0.9985623 -0.02991247 -0.03293102 0.9976897 -0.05941992 0.005828022 0.9931225 -0.116935 7.72283e-5 0.9996075 -0.02801626 0 0.9999994 -0.001160621 -0.0165382 0.9284244 -0.3711531 -0.005220592 0.8960606 -0.4439013 -0.001391589 0.8773938 -0.4797692 -0.04180097 0.953566 -0.2982692 0.03802734 0.8756917 -0.4813712 0.01183027 0.9167534 -0.3992784 -0.01291292 0.990758 -0.1350257 -0.001451492 0.9762364 -0.2167037 7.67581e-4 0.9548988 -0.2969309 0.003177762 0.9442806 -0.3291262 -5.21662e-4 0.7342306 -0.6788999 -7.45312e-4 0.7356734 -0.677336 8.34535e-4 0.7958564 -0.6054849 -0.009806275 0.8462705 -0.5326634 0.007581532 0.7998146 -0.6001992 0.0013507 0.8389592 -0.5441926 3.27066e-5 0.7016257 -0.7125458 -3.24938e-4 0.6612451 -0.7501699 -0.008821189 0.6047631 -0.7963566 0.001518547 0.5569757 -0.8305274 -0.001862883 0.409546 -0.9122876 -0.008180737 0.3826707 -0.9238487 0 0.08429116 -0.9964413 -0.009112954 0.1305205 -0.9914038 0 0.2136313 -0.9769144 0 0.2952173 -0.9554302 0 -0.08429116 -0.9964413 -0.009112954 -0.1305205 -0.9914038 0 -0.2136313 -0.9769144 0 -0.2952173 -0.9554302 -0.008180677 -0.3826707 -0.9238487 -0.001862883 -0.409546 -0.9122876 0.002689659 -0.6047844 -0.7963848 -0.01562786 -0.5569084 -0.8304268 -3.24938e-4 -0.6612451 -0.7501699 3.27066e-5 -0.7016257 -0.7125457 -5.21662e-4 -0.7342306 -0.6789 -4.29119e-4 -0.7336317 -0.6795471 5.09367e-4 -0.7958081 -0.6055489 2.39551e-4 -0.7970842 -0.6038682 -1.70752e-4 -0.8479148 -0.5301328 0.001226603 -0.8396966 -0.5430545 -0.001218378 -0.8774235 -0.4797149 -0.004911839 -0.8961144 -0.4437963 -0.01595926 -0.928522 -0.3709345 0.01866656 -0.883764 -0.4675607 -0.01318883 -0.9580449 -0.2863146 0.005995333 -0.9304528 -0.3663628 -2.57782e-5 -0.9763804 -0.2160584 6.76278e-6 -0.9629118 -0.2698164 7.819e-4 -0.9548395 -0.2971211 0 -0.9999993 -0.001227736 1.91229e-4 -0.9977216 -0.06746649 -0.009869098 -0.9999218 -0.007683336 0.01966667 -0.9823315 -0.1861132 -0.02706474 -0.9980305 -0.0565921 -0.009218215 -0.9910362 -0.1332755 -0.1938701 0.8095527 -0.554111 -0.005157709 0.9991415 -0.04110777 -0.0453965 0.9932117 -0.1070973 -0.09257674 0.9954541 0.02237826 -0.1353518 0.9896437 -0.04780483 -0.2145298 0.9767048 0.004976868 -0.1221625 0.9797238 -0.1588006 -0.07824736 0.9775025 -0.1958727 -0.0285179 0.9931706 -0.1131323 -0.07912915 0.9660698 -0.2458618 -0.1195234 0.9412027 -0.3159934 -0.09890067 0.9424473 -0.3193931 -0.1369425 0.9098588 -0.3916682 -0.130074 0.9123187 -0.3882727 -0.1499929 0.8916051 -0.4272502 -0.183279 0.8786669 -0.4408552 -0.1633799 0.8625568 -0.4788557 -0.1965235 0.8086659 -0.5544711 -0.2239044 0.7306241 -0.6450234 -0.2356705 0.7394349 -0.630631 -0.2348185 0.7016328 -0.6727345 -0.2436548 0.6517481 -0.7182317 -0.258534 0.6396182 -0.7239122 -0.6062346 0.5648712 -0.5598217 -8.94825e-4 0.9999991 -0.001104474 -0.01974505 0.9993013 -0.03173768 -0.05058217 0.9986471 -0.01206326 -0.08881765 0.9932365 -0.07478487 -0.123964 0.990638 -0.05717861 -0.1718596 0.9755355 -0.1370941 -0.2262565 0.9675949 -0.112108 -0.2815552 0.9365978 -0.208594 -0.3398455 0.9214235 -0.1883717 -0.3697422 0.8964039 -0.2444394 -0.3945236 0.8829814 -0.2543518 -0.4184905 0.8564479 -0.3022626 -0.4761497 0.8298666 -0.290866 -0.5135435 0.770749 -0.3771193 -0.5713535 0.7327386 -0.3696614 -0.5970587 0.665499 -0.4479198 -0.6463341 0.6176191 -0.4481059 -0.6564657 0.5667445 -0.497849 -0.7913221 0.435278 -0.4293512 -0.262612 0.9619557 -0.07534074 -0.2563277 0.9626908 -0.08673346 -0.401739 0.9149765 -0.03773444 -0.4373956 0.8935979 -0.1008365 -0.551466 0.8334081 -0.03628081 -0.5755836 0.813764 -0.08057028 -0.6237831 0.775493 -0.09749454 -0.6384874 0.7589783 -0.1276169 -0.7339217 0.6740821 -0.08350098 -0.7642983 0.6262592 -0.1537777 -0.8444931 0.5226858 -0.1167522 -0.8635917 0.4728729 -0.1749311 -0.9190052 0.3627483 -0.1544121 -0.92849 0.308864 -0.2061785 -0.965379 0.1879397 -0.1808925 -0.2584853 0.563275 -0.7847972 -0.1944235 0.5463486 -0.8146796 -0.1944227 0.4017323 -0.8948804 -0.194423 0.4017308 -0.8948811 -0.1949564 0.2895535 -0.937097 -0.2372437 0.2433273 -0.9404825 -0.1948868 0.2095357 -0.9581827 -0.1944215 0.08268338 -0.9774271 -0.6073946 0.4424613 -0.6597727 -0.5548924 0.4459495 -0.7022987 -0.5542008 0.3408984 -0.7593746 -0.5542008 0.3409028 -0.7593727 -0.5542016 0.2084922 -0.8058485 -0.5541999 0.2084941 -0.805849 -0.790424 0.312063 -0.5271118 -0.1944208 0.08268237 -0.9774274 -0.4410268 0.07565128 -0.8942999 -0.5548915 0.09081667 -0.826951 -0.6073969 0.06696182 -0.7915714 -0.7923024 0.05142802 -0.6079573 -0.8305525 0.3102035 -0.4625542 -0.8305534 0.2280923 -0.5080896 -0.8305528 0.2280918 -0.5080907 -0.8305538 0.1395014 -0.5391845 -0.8305526 0.1394999 -0.5391868 -0.8312216 0.06924313 -0.5516124 -0.896246 0.03738504 -0.4419794 -0.9656945 0.1446355 -0.2156727 -0.9789485 0.1479369 -0.1406223 -0.9806515 0.08017474 -0.1785909 -0.9806518 0.08017241 -0.1785902 -0.9806517 0.0490328 -0.1895207 -0.9806516 0.04903525 -0.1895206 -0.9806517 0.01649999 -0.1950641 -0.9806516 0.01650172 -0.1950641 -0.1950898 0 -0.9807854 -0.442287 0 -0.8968735 -0.4422907 0 -0.8968718 -0.6087609 0 -0.7933537 -0.6087624 0 -0.7933527 -0.7933524 0 -0.6087628 -0.7933531 0 -0.6087617 -0.8968728 0 -0.4422885 -0.8968746 0 -0.4422849 -0.9807851 0 -0.195091 -0.2579604 -0.5381262 -0.8024194 -0.1949566 -0.2895534 -0.937097 -0.2703871 -0.2056762 -0.9405255 -0.4410268 -0.07565158 -0.8942999 -0.5548909 -0.09081667 -0.8269513 -0.8312216 -0.06924313 -0.5516124 -0.7923024 -0.05142802 -0.6079573 -0.6073969 -0.06696182 -0.7915714 -0.9806517 -0.01649999 -0.1950642 -0.9806517 -0.01650118 -0.1950641 -0.896246 -0.03738504 -0.4419794 -0.9806516 -0.04903262 -0.1895208 -0.9806517 -0.04903358 -0.1895205 -0.8305528 -0.1395013 -0.5391859 -0.8305534 -0.1395009 -0.5391852 -0.5542005 -0.2084943 -0.8058486 -0.554201 -0.2084923 -0.8058488 -0.1944216 -0.2456981 -0.9496487 -0.1944208 -0.08268272 -0.9774274 -0.1944215 -0.08268302 -0.9774271 -0.1944215 -0.4017313 -0.8948813 -0.1944242 -0.401731 -0.8948807 -0.5542007 -0.3408991 -0.7593745 -0.5542008 -0.3409015 -0.7593732 -0.8305526 -0.2280926 -0.5080908 -0.8305535 -0.2280917 -0.5080896 -0.9806515 -0.08017474 -0.1785907 -0.9806518 -0.08017241 -0.1785903 -0.1935991 -0.5799751 -0.7912954 -0.6058622 -0.4173699 -0.6772986 -0.5542004 -0.4636179 -0.691318 -0.7923023 -0.3398287 -0.5067283 -0.8312215 -0.2907059 -0.4738786 -0.9658474 -0.1717145 -0.1940442 -0.9806516 -0.1090347 -0.1625851 -0.1942362 -0.808709 -0.5552135 -0.09257674 -0.9954541 0.02237826 -0.1463814 -0.9870209 -0.06604826 -0.005157709 -0.9991415 -0.04110777 -0.0433548 -0.9936584 -0.1037463 -0.2497786 -0.9642176 -0.08885502 -0.2649665 -0.9609867 -0.07935696 -0.2090958 -0.9777972 0.01384323 -0.1499923 -0.8916039 -0.4272527 -0.1326768 -0.9097503 -0.3933845 -0.1340386 -0.9126311 -0.3861843 -0.1012409 -0.9406709 -0.3238652 -0.1159322 -0.94371 -0.3097923 -0.07912874 -0.9660705 -0.245859 -0.115281 -0.9781553 -0.1729813 -0.07072281 -0.9804938 -0.1833859 -0.0294981 -0.9929538 -0.1147725 -0.2227187 -0.8615124 -0.4562818 -0.1533048 -0.8768497 -0.4556668 -0.1959729 -0.8096516 -0.5532259 -8.94825e-4 -0.9999991 -0.001104474 -0.02197939 -0.9991171 -0.03580749 -0.05043983 -0.9986574 -0.0118032 -0.0933547 -0.9922315 -0.08222985 -0.1217597 -0.9911144 -0.05354386 -0.1797565 -0.972146 -0.1503988 -0.2217998 -0.9694774 -0.1044925 -0.2923851 -0.9287366 -0.2279461 -0.3323082 -0.9268766 -0.1745598 -0.3808618 -0.8855874 -0.2658562 -0.3842926 -0.8929457 -0.2344511 -0.4314098 -0.8400563 -0.3289244 -0.4659209 -0.843001 -0.2688258 -0.5261224 -0.7457314 -0.4087541 -0.5610837 -0.7538297 -0.3419441 -0.6067673 -0.6314572 -0.4827995 -0.6382938 -0.6478543 -0.4157716 -0.2205784 -0.7404136 -0.6349276 -0.235534 -0.7306128 -0.6408811 -0.2348188 -0.7016358 -0.6727313 -0.401739 -0.9149765 -0.03773444 -0.4616464 -0.8749404 -0.1461576 -0.5333974 -0.8458512 -0.004816591 -0.6002473 -0.7893083 -0.1292115 -0.6004928 -0.7978872 -0.05277007 -0.6649664 -0.7231472 -0.1867564 -0.7105777 -0.7026611 -0.03669804 -0.7876715 -0.5753542 -0.2203206 -0.8220002 -0.5661069 -0.06195795 -0.8795121 -0.4085998 -0.2439358 -0.9020643 -0.4210143 -0.09501081 -0.9329348 -0.2339257 -0.2736998 -0.2583443 -0.6498528 -0.7148074 -0.2454321 -0.6404719 -0.7277079 -0.606235 -0.5648709 -0.5598213 -0.6564654 -0.5667446 -0.4978491 -0.7913218 -0.435279 -0.4293507 -0.9584141 -0.2576695 -0.1226742 0.1938696 -0.8095539 -0.5541093 0.005126655 -0.9991443 -0.04104286 0.04540503 -0.9932113 -0.1070973 0.09274971 -0.9954447 0.02208125 0.135356 -0.9896432 -0.04780477 0.2145287 -0.9767051 0.004976809 0.12216 -0.9797242 -0.1588007 0.07825291 -0.9775021 -0.1958727 0.02851581 -0.9931707 -0.1131323 0.07913035 -0.9660696 -0.2458617 0.119525 -0.9412025 -0.3159933 0.09890311 -0.942447 -0.319393 0.1369445 -0.9098585 -0.391668 0.1300703 -0.9123202 -0.38827 0.1499914 -0.8916053 -0.4272502 0.1832782 -0.8786669 -0.4408557 0.1633799 -0.8625568 -0.4788557 0.1965246 -0.8086657 -0.554471 0.2239041 -0.7306251 -0.6450225 0.2356709 -0.7394338 -0.6306321 0.2348157 -0.7016333 -0.672735 0.2436558 -0.651748 -0.7182315 0.2585347 -0.639618 -0.723912 0.6062325 -0.5648723 -0.5598227 0.002212464 -0.9999976 -6.90558e-5 0.02109807 -0.9993097 -0.03058218 0.05065083 -0.9986421 -0.01219356 0.08881556 -0.9932367 -0.07478487 0.1239642 -0.9906379 -0.05717861 0.1718596 -0.9755355 -0.1370941 0.2262569 -0.9675949 -0.112108 0.2815523 -0.9365985 -0.2085942 0.3398471 -0.9214227 -0.1883723 0.3697436 -0.8964032 -0.2444404 0.3945236 -0.8829814 -0.2543518 0.4184885 -0.8564488 -0.3022629 0.47615 -0.8298665 -0.2908657 0.5135435 -0.770749 -0.3771193 0.5713536 -0.7327381 -0.369662 0.5970591 -0.6654993 -0.4479186 0.6463353 -0.617617 -0.448107 0.6564667 -0.5667438 -0.4978484 0.7913212 -0.4352796 -0.4293512 0.2626091 -0.9619566 -0.07533991 0.2563296 -0.9626902 -0.08673346 0.4017377 -0.9149771 -0.03773444 0.4373917 -0.8935998 -0.1008367 0.551465 -0.8334088 -0.03628057 0.5755804 -0.8137664 -0.0805701 0.6237854 -0.7754912 -0.0974943 0.6384888 -0.7589771 -0.1276167 0.7339212 -0.6740825 -0.08350104 0.7642948 -0.6262636 -0.1537778 0.8444935 -0.5226849 -0.116752 0.8635926 -0.4728712 -0.1749304 0.9190053 -0.362748 -0.154412 0.9284894 -0.308865 -0.2061792 0.9653791 -0.1879394 -0.1808923 0.2584867 -0.5632748 -0.7847969 0.194418 -0.5463492 -0.8146805 0.1944227 -0.4017323 -0.8948804 0.1944211 -0.4017322 -0.8948808 0.1949579 -0.2895534 -0.9370968 0.2372424 -0.2433273 -0.9404828 0.1948868 -0.2095357 -0.9581827 0.1944229 -0.08268266 -0.9774269 0.6073973 -0.4424601 -0.6597709 0.5548913 -0.4459499 -0.7022994 0.5542018 -0.3408982 -0.759374 0.5542014 -0.3409026 -0.7593722 0.5542016 -0.2084922 -0.8058485 0.5542021 -0.2084937 -0.8058476 0.7904263 -0.3120606 -0.5271098 0.1944208 -0.08268272 -0.9774274 0.4410235 -0.07565039 -0.8943017 0.5548915 -0.09081524 -0.8269511 0.6073969 -0.06696182 -0.7915714 0.7923008 -0.0514304 -0.6079593 0.8305518 -0.3102042 -0.4625552 0.8305521 -0.2280932 -0.5080915 0.8305536 -0.2280914 -0.5080897 0.8305531 -0.139503 -0.539185 0.830553 -0.1394997 -0.5391861 0.831223 -0.06924211 -0.5516104 0.8962467 -0.03738957 -0.4419774 0.9656945 -0.1446355 -0.2156727 0.9789485 -0.1479369 -0.1406223 0.9806516 -0.08017319 -0.178591 0.9806516 -0.08017271 -0.1785908 0.9806514 -0.04903382 -0.1895216 0.9806516 -0.04903525 -0.1895205 0.9806516 -0.01650005 -0.1950647 0.9806515 -0.01650178 -0.1950648 0.1950913 0 -0.9807852 0.1950883 0 -0.9807857 0.4422907 0 -0.8968718 0.4422834 0 -0.8968753 0.6087624 0 -0.7933527 0.7933515 0 -0.6087639 0.7933531 0 -0.6087617 0.8968746 0 -0.4422849 0.8968728 0 -0.4422885 0.9807851 0 -0.195091 0.9807853 0 -0.1950905 0.2579599 0.5381262 -0.8024194 0.1949575 0.2895534 -0.9370969 0.270385 0.205674 -0.9405266 0.4410235 0.07565081 -0.8943017 0.5548908 0.09081524 -0.8269516 0.831223 0.06924211 -0.5516104 0.7923008 0.0514304 -0.6079593 0.6073969 0.06696182 -0.7915714 0.9806516 0.01649999 -0.1950649 0.9806516 0.01650124 -0.1950647 0.8962467 0.03738957 -0.4419774 0.9806516 0.04903274 -0.1895211 0.9806516 0.04903531 -0.189521 0.8305528 0.1395021 -0.5391858 0.8305533 0.1395009 -0.5391852 0.5542015 0.2084941 -0.805848 0.5542021 0.2084921 -0.805848 0.1944219 0.2456994 -0.9496483 0.1944234 0.08268231 -0.9774268 0.1944202 0.08268308 -0.9774275 0.19442 0.4017326 -0.8948809 0.1944229 0.4017323 -0.8948804 0.5542017 0.3408988 -0.7593739 0.554202 0.3409012 -0.7593725 0.8305528 0.2280917 -0.5080909 0.8305531 0.2280933 -0.5080896 0.9806515 0.08017343 -0.1785913 0.9806518 0.08017241 -0.1785903 0.1935949 0.5799756 -0.791296 0.6058622 0.4173699 -0.6772986 0.5542014 0.4636175 -0.6913174 0.7923028 0.3398275 -0.5067282 0.831222 0.2907056 -0.473878 0.9658471 0.1717149 -0.1940446 0.9806516 0.1090345 -0.1625849 0.1942371 0.8087089 -0.5552134 0.005126655 0.9991443 -0.04104286 0.04335767 0.9936581 -0.103748 0.09274971 0.9954447 0.02208125 0.1463814 0.9870209 -0.06604826 0.2090959 0.9777972 0.01384311 0.2835831 0.9524523 -0.111424 0.4570361 0.8848606 -0.09022063 0.4373917 0.8935998 -0.1008367 0.3706919 0.9286453 0.01433098 0.14999 0.8916043 -0.4272528 0.1326749 0.9097505 -0.3933846 0.1340396 0.9126315 -0.3861828 0.1012421 0.9406707 -0.3238652 0.1159359 0.9437096 -0.3097921 0.07913106 0.9660703 -0.245859 0.1152819 0.9781552 -0.1729813 0.07072073 0.9804939 -0.1833859 0.02949911 0.9929538 -0.1147725 0.222721 0.8615137 -0.456278 0.1533033 0.8768491 -0.4556686 0.1959735 0.8096503 -0.5532277 0.002212464 0.9999976 -6.90558e-5 0.02329671 0.9991379 -0.03436261 0.05051082 0.9986521 -0.0119521 0.09334778 0.992232 -0.08223134 0.121762 0.9911141 -0.05354338 0.1797565 0.972146 -0.1503988 0.2218002 0.9694773 -0.1044925 0.2923883 0.9287352 -0.2279474 0.3323053 0.9268776 -0.1745598 0.3808636 0.8855867 -0.2658559 0.3842939 0.892945 -0.2344518 0.4314023 0.8400601 -0.3289241 0.465925 0.8429987 -0.2688254 0.5261224 0.7457314 -0.4087541 0.5610839 0.7538294 -0.3419447 0.6067668 0.6314567 -0.4828007 0.6382946 0.6478537 -0.4157711 0.2205801 0.7404121 -0.6349287 0.2355331 0.7306131 -0.6408813 0.2348166 0.7016362 -0.6727316 0.570158 0.8185165 -0.07036089 0.6002506 0.7893059 -0.1292105 0.600488 0.7978907 -0.05277031 0.6649679 0.7231461 -0.1867555 0.7105777 0.7026611 -0.0366981 0.7876715 0.5753542 -0.2203206 0.8219989 0.5661088 -0.06195777 0.8795143 0.4085958 -0.2439346 0.9020638 0.4210155 -0.09501063 0.9329343 0.2339265 -0.2737008 0.2583443 0.6498528 -0.7148074 0.2454324 0.6404719 -0.7277079 0.606233 0.564872 -0.5598225 0.6564663 0.5667441 -0.4978487 0.7913218 0.435279 -0.4293507 0.9584143 0.2576687 -0.1226738 0 -0.4067366 0.9135455 0 -0.1045283 0.9945219 -0.005105614 0 0.999987 0 0.1045283 0.9945219 0 0.4067366 0.9135455 0 0.4067366 0.9135454 0 0.7431448 0.6691307 0 0.7431449 0.6691306 0 0.9510564 0.3090174 0 0.9510566 0.3090168 0 0.994522 -0.1045284 0 0.8660253 -0.5000002 0 0.8660255 -0.5 0 0.5877852 -0.8090171 0 0.5877854 -0.809017 0 0.2079116 -0.9781477 0 -0.2079116 -0.9781477 0 -0.5877854 -0.809017 0 -0.5877852 -0.8090171 0 -0.8660255 -0.5 0 -0.8660253 -0.5000002 0 -0.994522 -0.1045284 0 -0.9510566 0.3090168 0 -0.9510564 0.3090174 0 -0.7431449 0.6691305 0 -0.7431448 0.6691308 0 -0.4067366 0.9135454 0.9437293 0.3307127 -0.002046883 0.9931773 0.1166141 0 0.987687 0.1564348 -0.00159651 0.9135444 0.4067342 0.001977026 0.527953 0.8492737 4.78529e-6 0.8386718 0.5446368 5.94922e-4 0.8241476 0.5663752 -2.91623e-5 0.8867347 0.4622787 1.66405e-5 0.5819368 0.8132337 -6.12956e-4 0.6948058 0.7191894 -0.003403782 0.5446196 0.83865 0.007475197 0.7071068 0.707106 -0.001015126 0.002330541 0.9999973 0 0.05116891 0.99869 -2.759e-5 0.2148318 0.9766489 -0.002087831 0.4191976 0.907895 -1.35341e-5 0.4067388 0.9135445 -3.48576e-4 0.1564344 0.9876883 6.57522e-4 0.1563915 -0.8795138 -0.4494411 0.1559829 -0.7227555 -0.673271 0.156264 -0.5786752 -0.8004478 0.1560515 -0.1510602 -0.9761295 0.1564217 0.2311396 -0.9602639 0.156111 0.4854268 -0.8602269 0.1564298 0.7758266 -0.611247 0.1561679 0.913656 -0.3752921 0.9876053 -0.1564218 -0.0129615 0.9876057 0.1564201 -0.01296126 0.9876052 0.1564224 -0.01296138 0.9130276 0.4065048 -0.03368401 0.8907518 0.4516112 -0.05107688 0.9876052 -0.1437391 -0.06304895 0.9876055 -0.1437373 -0.06304919 0.8903772 -0.4168813 -0.1828619 0.8903771 -0.4168818 -0.1828613 0.705896 -0.6486565 -0.284527 0.7058968 -0.6486558 -0.2845267 0.4527587 -0.8165338 -0.358165 0.9876055 -0.1521546 -0.03853058 0.9876052 -0.1521556 -0.03853088 0.8903774 -0.4412934 -0.111751 0.8903763 -0.4412958 -0.1117509 0.7058957 -0.6866415 -0.1738813 0.7058968 -0.6866405 -0.1738815 0.4531445 0.8872597 -0.08619982 0.5433259 0.8366547 -0.06932663 0.7058968 0.7058956 -0.0584914 0.7058955 0.7058967 -0.05849349 0.837816 0.5440881 -0.04508441 0.9876055 0.1521547 -0.0385307 0.9876053 0.1521551 -0.03853076 0.8903774 0.4412935 -0.111751 0.8903764 0.4412954 -0.1117508 0.7058963 0.6866409 -0.1738816 0.7058963 0.6866409 -0.1738813 0.4527581 0.8643499 -0.2188825 0.452758 0.8643495 -0.2188838 0.9876055 0.09640508 -0.1238616 0.9876055 0.09640568 -0.1238614 0.8903772 0.2796032 -0.359236 0.8903766 0.2796049 -0.3592362 0.7058956 0.4350572 -0.5589603 0.7058968 0.4350554 -0.5589602 0.4527596 0.5476522 -0.7036235 0.4527586 0.5476526 -0.7036237 0.9876055 0 -0.1569576 0.9876055 0 -0.1569573 0.8903771 0 -0.4552238 0.8903768 0 -0.4552246 0.7058959 0 -0.7083157 0.7058971 0 -0.7083145 0.452757 0 -0.8916339 0.4527594 0 -0.8916328 0.9876055 -0.07470327 -0.1380401 0.9876053 -0.07470464 -0.1380401 0.8903773 -0.2166615 -0.4003574 0.8903769 -0.2166636 -0.4003573 0.7058957 -0.3371214 -0.6229449 0.7058964 -0.3371205 -0.6229447 0.4527581 -0.424371 -0.7841679 0.4527575 -0.4243702 -0.7841687 0.9876055 -0.156421 -0.0129612 0.9130276 -0.4065048 -0.03368401 0.8907518 -0.451611 -0.05107688 0.837816 -0.5440881 -0.04508441 0.7058958 -0.7058966 -0.05849188 0.7058966 -0.7058957 -0.05849289 0.5433259 -0.8366547 -0.06932663 0.4527576 -0.8165345 -0.3581649 0.4527579 -0.8643497 -0.2188832 0.4527584 -0.8643496 -0.2188832 0.4531445 -0.8872597 -0.08619982 0.405579 -0.9109382 -0.07548159 0.1559133 0.984397 -0.08156949 0.1559132 0.984397 -0.08157002 0.405579 0.9109382 -0.07548159 0.1559135 0.9575453 -0.2424828 0.2352712 0.9347344 -0.2663065 0.156368 0.9690037 -0.1912611 0.1563915 0.8795138 -0.4494411 0.2020081 0.8968935 -0.3934143 0.4527583 0.8165341 -0.3581649 0.4527579 0.8165343 -0.3581648 0.7058966 0.6486557 -0.2845275 0.7058961 0.6486567 -0.2845261 0.8903771 0.4168816 -0.1828618 0.8903773 0.4168815 -0.1828613 0.9876053 0.143738 -0.06304907 0.9876055 0.1437375 -0.06304907 0.9876055 0.1313997 -0.08584761 0.9876053 0.1314004 -0.08584755 0.8903772 0.3810976 -0.2489842 0.8903765 0.3810993 -0.2489839 0.7058965 0.5929782 -0.3874107 0.7058967 0.5929771 -0.387412 0.4527583 0.7464452 -0.4876778 0.452759 0.7464454 -0.4876769 0.1559144 0.8269283 -0.5402595 0.1559129 0.8269286 -0.5402594 0.1559833 0.7227556 -0.6732708 0.1710173 0.7248856 -0.6673035 0.4527592 0.6559955 -0.6038866 0.452758 0.6559961 -0.603887 0.7058964 0.5211237 -0.4797295 0.7058957 0.5211251 -0.4797292 0.8903769 0.33492 -0.3083143 0.8903768 0.3349189 -0.3083156 0.9876055 0.1154771 -0.1063044 0.9876055 0.1154776 -0.1063045 0.155915 0.6067003 -0.7794904 0.2506237 0.5671756 -0.7845379 0.1563386 0.6427916 -0.7499182 0.1564089 0.4127112 -0.8973326 0.1940277 0.4669023 -0.8627604 0.4527556 0.4243712 -0.7841693 0.4527601 0.42437 -0.7841675 0.7058951 0.3371212 -0.6229459 0.7058971 0.3371208 -0.6229437 0.8903771 0.2166631 -0.4003572 0.8903772 0.2166619 -0.4003576 0.9876055 0.07470393 -0.1380399 0.9876053 0.07470422 -0.1380403 0.9876055 0.05096346 -0.1484524 0.9876055 0.05096364 -0.1484532 0.8903771 0.1478104 -0.4305586 0.890377 0.1478115 -0.4305586 0.7058961 0.2299898 -0.6699369 0.7058945 0.2299899 -0.6699386 0.4527596 0.2895128 -0.8433216 0.4527596 0.2895126 -0.8433215 0.1559122 0.3207291 -0.9342507 0.1559128 0.3207287 -0.9342507 0.1560514 0.1510602 -0.9761295 0.1837086 0.1617933 -0.9695742 0.452758 0.1467581 -0.8794727 0.4527577 0.1467581 -0.8794729 0.7058965 0.1165849 -0.6986545 0.7058963 0.116585 -0.6986547 0.8903779 0.07492738 -0.4490137 0.8903767 0.07492697 -0.4490161 0.9876053 0.02583479 -0.1548172 0.9876055 0.02583444 -0.1548164 0.155915 0 -0.9877705 0.2657799 -0.03983962 -0.9632102 0.1563003 0.04081803 -0.9868659 0.156423 -0.2311398 -0.9602636 0.1837078 -0.1617934 -0.9695744 0.4527581 -0.1467582 -0.8794727 0.452758 -0.1467583 -0.8794727 0.7058964 -0.1165845 -0.6986546 0.7058953 -0.1165851 -0.6986557 0.8903765 -0.07492762 -0.4490162 0.8903777 -0.07492667 -0.4490141 0.9876055 -0.02583509 -0.1548167 0.9876055 -0.0258345 -0.1548168 0.9876055 -0.0509634 -0.1484527 0.9876053 -0.05096441 -0.148453 0.8903768 -0.1478114 -0.4305592 0.8903773 -0.1478109 -0.4305581 0.7058959 -0.2299902 -0.669937 0.7058953 -0.2299893 -0.6699379 0.4527617 -0.2895126 -0.8433204 0.4527579 -0.289513 -0.8433223 0.1559121 -0.3207286 -0.9342508 0.1559134 -0.320729 -0.9342505 0.1559151 -0.4701264 -0.8687185 0.2040153 -0.4811161 -0.8525873 0.1564106 -0.4127113 -0.8973323 0.1563386 -0.6427916 -0.7499182 0.2110824 -0.6003735 -0.7713599 0.4527593 -0.5476523 -0.7036235 0.4527588 -0.5476526 -0.7036237 0.7058965 -0.4350559 -0.5589603 0.705896 -0.4350568 -0.5589603 0.8903768 -0.2796039 -0.3592367 0.8903772 -0.2796039 -0.3592355 0.9876055 -0.09640449 -0.1238616 0.9876055 -0.09640538 -0.1238613 0.15643 -0.7758266 -0.611247 0.1710178 -0.7248855 -0.6673035 0.4527581 -0.6559959 -0.603887 0.4527595 -0.6559958 -0.6038862 0.7058956 -0.5211246 -0.4797297 0.705896 -0.521125 -0.4797286 0.8903766 -0.3349205 -0.3083148 0.8903774 -0.3349177 -0.3083152 0.9876055 -0.1154771 -0.1063043 0.9876055 -0.1154771 -0.1063046 0.9876055 -0.1313996 -0.08584749 0.9876053 -0.1314 -0.08584773 0.8903769 -0.3810985 -0.2489842 0.8903768 -0.3810989 -0.2489838 0.7058969 -0.5929777 -0.3874109 0.7058963 -0.5929778 -0.3874118 0.4527584 -0.7464455 -0.4876772 0.4527587 -0.7464451 -0.4876776 0.1559135 -0.8269286 -0.5402593 0.1559135 -0.8269284 -0.5402595 0.2197313 -0.9023986 -0.3706683 0.1559136 -0.904574 -0.3967832 0.1562193 -0.949923 -0.2706326 0.2076864 -0.9482628 -0.2401332 0.156368 -0.9690038 -0.1912611 0.1559134 -0.984397 -0.08157002 0.1559131 -0.9843971 -0.08156949 0.002330541 -0.9999973 0 0.5446332 -0.8386651 0.003971457 0.7938648 -0.6080701 -0.005433201 0.7071033 -0.7071034 0.003153562 0.8386719 -0.544637 -6.17368e-5 0.6429579 -0.7659005 -0.001344442 0.5282774 -0.849072 1.18363e-6 0.4067396 -0.9135442 -3.96839e-6 0.4781144 -0.8782944 -0.0023548 0.156432 -0.9876729 0.005596995 0.3423756 -0.9395353 -0.00724405 0.1232259 -0.9923787 -6.84456e-5 0.9876883 -0.1564355 0 0.9936354 -0.112617 -0.002461194 0.9135429 -0.4067353 0.002415835 0.9458762 -0.3245208 -0.002140343 0.8854504 -0.464734 5.65352e-5 -0.9432176 -0.3321594 -0.00327152 -0.9931776 -0.116612 0 -0.9876851 -0.1564331 -0.002649426 -0.9135407 -0.4067341 0.003280997 -0.5279552 -0.8492723 7.3041e-6 -0.8386701 -0.544639 9.30612e-4 -0.824134 -0.5663949 -4.65626e-5 -0.8867394 -0.4622697 2.65687e-5 -0.581533 -0.8135223 -9.15414e-4 -0.6928782 -0.7210367 -0.005087971 -0.5446003 -0.8386143 0.01169276 -0.707107 -0.7071049 -0.001587927 -0.002330303 -0.9999973 0 -0.05114895 -0.998691 -3.89512e-5 -0.213312 -0.9769797 -0.002948164 -0.4191877 -0.9078996 -2.0209e-5 -0.4067392 -0.9135442 -5.09734e-4 -0.1564338 -0.9876881 9.61511e-4 -0.1563915 0.8795136 -0.4494413 -0.1559827 0.7227554 -0.6732711 -0.1562638 0.5786746 -0.8004482 -0.1560513 0.1510602 -0.9761295 -0.1563001 -0.04081785 -0.9868659 -0.1564217 -0.2311399 -0.9602639 -0.156111 -0.4854268 -0.8602269 -0.1564299 -0.7758263 -0.6112473 -0.1561679 -0.9136557 -0.3752933 -0.9876053 0.1564218 -0.0129615 -0.9876053 -0.1564218 -0.01296126 -0.9876056 -0.1564205 -0.01296138 -0.9130256 -0.406509 -0.03368395 -0.890752 -0.4516108 -0.05107688 -0.9876055 0.1437374 -0.06304901 -0.9876055 0.1437373 -0.06304919 -0.890376 0.4168841 -0.1828616 -0.8903766 0.4168824 -0.1828619 -0.705896 0.6486565 -0.284527 -0.7058967 0.6486559 -0.2845267 -0.4527587 0.8165338 -0.358165 -0.9876055 0.1521546 -0.03853058 -0.9876055 0.1521542 -0.03853088 -0.890376 0.4412961 -0.1117512 -0.8903767 0.4412948 -0.1117509 -0.7058964 0.6866407 -0.1738815 -0.7058963 0.6866409 -0.1738814 -0.4531445 -0.8872597 -0.08619982 -0.5433279 -0.8366532 -0.06932687 -0.7058968 -0.7058956 -0.0584914 -0.7058955 -0.7058967 -0.05849349 -0.837816 -0.5440881 -0.04508441 -0.9876057 -0.1521529 -0.0385307 -0.9876053 -0.1521551 -0.03853076 -0.8903767 -0.4412949 -0.1117509 -0.8903767 -0.4412947 -0.1117512 -0.7058954 -0.6866418 -0.1738814 -0.7058964 -0.6866407 -0.1738814 -0.4527581 -0.8643499 -0.2188825 -0.4527584 -0.8643494 -0.2188833 -0.9876053 -0.0964064 -0.1238616 -0.9876055 -0.09640526 -0.1238614 -0.8903768 -0.2796039 -0.3592364 -0.8903761 -0.2796059 -0.3592368 -0.7058959 -0.4350566 -0.5589605 -0.7058969 -0.4350551 -0.5589603 -0.4527592 -0.5476533 -0.7036229 -0.4527587 -0.5476527 -0.7036236 -0.9876055 0.07470327 -0.1380401 -0.9876053 0.07470381 -0.1380401 -0.8903768 0.216663 -0.400358 -0.8903766 0.2166628 -0.4003582 -0.7058959 0.3371208 -0.6229451 -0.7058964 0.3371202 -0.6229447 -0.4527584 0.4243705 -0.7841681 -0.452758 0.42437 -0.7841687 -0.9876055 0.156421 -0.0129612 -0.9130256 0.406509 -0.03368395 -0.8907518 0.451611 -0.05107688 -0.837816 0.5440881 -0.04508441 -0.7058958 0.7058966 -0.05849188 -0.7058966 0.7058957 -0.05849289 -0.5433279 0.8366532 -0.06932687 -0.4527578 0.8165343 -0.358165 -0.452758 0.8643499 -0.2188825 -0.4527586 0.8643494 -0.2188833 -0.4531445 0.8872597 -0.08619982 -0.405579 0.9109382 -0.07548159 -0.1559133 -0.984397 -0.08156949 -0.1559132 -0.984397 -0.08157002 -0.405579 -0.9109382 -0.07548159 -0.1559132 -0.9575455 -0.2424824 -0.2352714 -0.9347342 -0.2663067 -0.1563679 -0.9690038 -0.1912609 -0.1563915 -0.8795136 -0.4494413 -0.2020081 -0.8968935 -0.3934143 -0.4527586 -0.8165338 -0.3581651 -0.4527581 -0.8165342 -0.358165 -0.7058966 -0.6486557 -0.2845275 -0.7058961 -0.6486569 -0.2845261 -0.8903765 -0.4168829 -0.182862 -0.8903769 -0.4168822 -0.1828617 -0.9876054 -0.1437371 -0.06304907 -0.9876055 -0.1437375 -0.06304907 -0.9876056 -0.1313979 -0.08584767 -0.9876053 -0.1313999 -0.08584755 -0.8903763 -0.3810997 -0.2489843 -0.8903765 -0.3810989 -0.2489848 -0.7058961 -0.5929787 -0.3874105 -0.7058969 -0.5929769 -0.387412 -0.4527584 -0.7464455 -0.4876772 -0.4527594 -0.7464447 -0.4876773 -0.1559141 -0.8269287 -0.5402589 -0.1559128 -0.8269286 -0.5402594 -0.1559832 -0.7227553 -0.6732712 -0.1710172 -0.7248853 -0.6673038 -0.4527599 -0.655995 -0.6038867 -0.4527581 -0.6559956 -0.6038873 -0.7058959 -0.5211248 -0.4797291 -0.7058958 -0.5211248 -0.4797292 -0.8903766 -0.3349199 -0.308315 -0.8903764 -0.33492 -0.3083158 -0.9876053 -0.1154779 -0.1063044 -0.9876055 -0.1154771 -0.1063045 -0.1559149 -0.6067 -0.7794907 -0.2506237 -0.5671756 -0.7845379 -0.1563386 -0.6427916 -0.7499182 -0.1564092 -0.412712 -0.8973323 -0.1940276 -0.4669026 -0.8627603 -0.4527561 -0.4243705 -0.7841696 -0.4527602 -0.4243707 -0.7841669 -0.7058951 -0.3371208 -0.6229459 -0.7058972 -0.3371205 -0.6229438 -0.8903766 -0.2166635 -0.4003578 -0.8903765 -0.2166631 -0.4003583 -0.9876055 -0.07470333 -0.1380399 -0.9876053 -0.07470422 -0.1380403 -0.9876055 -0.05096399 -0.1484524 -0.9876055 -0.05096364 -0.1484532 -0.8903768 -0.1478108 -0.4305593 -0.8903766 -0.147811 -0.4305595 -0.705896 -0.22999 -0.6699368 -0.7058945 -0.2299895 -0.6699387 -0.4527595 -0.2895132 -0.8433215 -0.4527599 -0.2895126 -0.8433213 -0.1559121 -0.320729 -0.9342507 -0.1559127 -0.3207284 -0.9342508 -0.1560513 -0.1510602 -0.9761296 -0.1837084 -0.1617936 -0.9695742 -0.4527582 -0.1467578 -0.8794727 -0.4527578 -0.1467585 -0.8794727 -0.7058966 -0.1165845 -0.6986545 -0.7058963 -0.1165853 -0.6986547 -0.8903775 -0.07492715 -0.4490145 -0.8903762 -0.07492738 -0.4490168 -0.9876053 -0.02583479 -0.1548172 -0.9876055 -0.02583444 -0.1548164 -0.1563002 0.04081803 -0.9868658 -0.2122154 0 -0.9772229 -0.4527606 0 -0.8916321 -0.4527562 0 -0.8916344 -0.7058964 0 -0.7083151 -0.7058966 0 -0.708315 -0.8903762 0 -0.4552257 -0.8903769 0 -0.4552243 -0.9876055 0 -0.1569571 -0.9876055 0 -0.1569575 -0.156423 0.2311398 -0.9602636 -0.1837077 0.1617936 -0.9695743 -0.4527583 0.1467583 -0.8794726 -0.4527582 0.1467581 -0.8794727 -0.7058964 0.1165845 -0.6986546 -0.7058953 0.1165855 -0.6986557 -0.8903761 0.07492756 -0.4490169 -0.8903771 0.07492786 -0.449015 -0.9876055 0.02583426 -0.1548167 -0.9876055 0.02583539 -0.1548168 -0.9876054 0.05096429 -0.1484527 -0.9876055 0.05096358 -0.1484531 -0.8903761 0.147813 -0.4305598 -0.8903771 0.1478101 -0.430559 -0.7058959 0.2299902 -0.669937 -0.7058953 0.229989 -0.669938 -0.4527619 0.2895128 -0.8433203 -0.452758 0.2895132 -0.8433222 -0.1559121 0.3207291 -0.9342507 -0.1559134 0.3207286 -0.9342507 -0.1559151 0.4701264 -0.8687185 -0.2040151 0.4811161 -0.8525874 -0.1564108 0.4127122 -0.8973318 -0.1563386 0.6427916 -0.7499182 -0.2110824 0.6003733 -0.7713599 -0.4527592 0.5476528 -0.7036232 -0.4527587 0.5476531 -0.7036232 -0.7058965 0.4350559 -0.5589603 -0.7058963 0.4350558 -0.5589606 -0.8903762 0.2796053 -0.3592372 -0.8903768 0.2796046 -0.359236 -0.9876055 0.09640449 -0.1238616 -0.9876053 0.09640628 -0.1238613 -0.1564301 0.775826 -0.6112476 -0.1710177 0.7248851 -0.667304 -0.4527586 0.6559951 -0.6038876 -0.45276 0.6559954 -0.6038862 -0.7058956 0.5211246 -0.4797297 -0.7058957 0.5211256 -0.4797284 -0.8903764 0.3349204 -0.3083155 -0.8903764 0.3349202 -0.3083152 -0.9876055 0.1154771 -0.1063043 -0.9876055 0.1154771 -0.1063046 -0.9876055 0.1313996 -0.08584749 -0.9876055 0.1313992 -0.08584773 -0.8903767 0.3810984 -0.2489849 -0.8903765 0.3810994 -0.2489841 -0.7058969 0.5929777 -0.3874109 -0.7058963 0.5929778 -0.3874118 -0.4527584 0.7464455 -0.4876772 -0.4527589 0.7464452 -0.487677 -0.1559135 0.8269292 -0.5402585 -0.1559134 0.8269283 -0.54026 -0.2197313 0.9023983 -0.3706692 -0.1559136 0.904574 -0.3967832 -0.1562194 0.9499229 -0.2706329 -0.2076858 0.9482632 -0.2401326 -0.1563678 0.9690039 -0.1912609 -0.1559134 0.984397 -0.08157002 -0.1559131 0.9843971 -0.08156949 -0.002330303 0.9999973 0 -0.5446278 0.8386555 0.006146728 -0.7913131 0.6113559 -0.008234024 -0.7070983 0.7070975 0.005029737 -0.8386704 0.5446395 -9.84668e-5 -0.6421304 0.7665928 -0.002008318 -0.5282784 0.8490713 1.92806e-6 -0.4067392 0.9135443 -5.92536e-6 -0.4764816 0.8791778 -0.003433942 -0.1564292 0.9876542 0.008315861 -0.3373753 0.9413146 -0.0102387 -0.1231753 0.9923849 -9.66298e-5 -0.9876887 0.1564328 0 -0.993437 0.1143094 -0.004046738 -0.9135372 0.4067354 0.00401628 -0.9453529 0.326031 -0.003421127 -0.8854717 0.4646934 9.01304e-5 0 1 0 0 1 0 0 1 0 0 1 1.77635e-7 0 1 0 0 1 0 0.2588222 0 0.965925 0.7071037 0 0.7071099 0.7071137 0 0.7070999 0.9659258 0 0.2588196 0.9659258 0 0.2588196 0.9659258 0 -0.2588196 0.9659258 0 -0.2588196 0.7071087 0 -0.7071049 0.7071037 0 -0.7071099 0.2588222 0 -0.965925 -0.2588223 0 -0.965925 -0.2588223 0 -0.965925 -0.7071037 0 -0.7071099 -0.7071087 0 -0.7071049 -0.9659258 0 -0.2588196 -0.9659258 0 -0.2588196 -0.9659258 0 0.2588196 -0.9659258 0 0.2588196 -0.7071137 0 0.7070999 -0.7071037 0 0.7071099 -0.2588223 0 0.965925 -0.2588223 0 0.965925 0 -1 7.10542e-7 0 1 0 0 1 -1.77635e-7 0.2588223 0 0.965925 0.2588223 0 0.965925 0.2588223 0 -0.965925 0.2588223 0 -0.965925 -0.2588222 0 -0.965925 -0.2588222 0 0.965925 0 -1 -7.10542e-7</float_array>
          <technique_common>
            <accessor source="#link_5_4-mesh-normals-array" count="1333" stride="3">
              <param name="X" type="float"/>
              <param name="Y" type="float"/>
              <param name="Z" type="float"/>
            </accessor>
          </technique_common>
        </source>
        <vertices id="link_5_4-mesh-vertices">
          <input semantic="POSITION" source="#link_5_4-mesh-positions"/>
        </vertices>
        <triangles material="m_1-material" count="1524">
          <input semantic="VERTEX" source="#link_5_4-mesh-vertices" offset="0"/>
          <input semantic="NORMAL" source="#link_5_4-mesh-normals" offset="1"/>
          <p>0 0 1 0 2 0 2 1 1 1 3 1 2 2 3 2 4 2 4 3 3 3 5 3 4 2 5 2 6 2 0 4 2 4 7 4 7 2 2 2 8 2 7 5 8 5 9 5 9 6 8 6 10 6 9 7 10 7 11 7 10 8 12 8 11 8 11 6 12 6 13 6 11 9 13 9 14 9 14 2 13 2 15 2 14 2 15 2 16 2 17 2 18 2 19 2 17 10 19 10 20 10 20 11 19 11 21 11 20 12 21 12 22 12 16 2 15 2 23 2 23 13 15 13 24 13 23 2 24 2 25 2 25 14 24 14 26 14 25 2 26 2 27 2 26 2 28 2 27 2 27 15 28 15 29 15 27 2 29 2 30 2 30 16 29 16 18 16 30 2 18 2 31 2 31 2 18 2 17 2 6 2 5 2 32 2 32 2 5 2 33 2 32 2 33 2 34 2 34 17 33 17 35 17 34 2 35 2 36 2 21 18 37 18 22 18 22 11 37 11 38 11 22 19 38 19 39 19 39 2 38 2 36 2 39 2 36 2 40 2 40 2 36 2 35 2 41 20 33 20 42 20 42 21 33 21 43 21 42 20 43 20 44 20 44 20 43 20 45 20 46 20 43 20 47 20 47 22 43 22 33 22 47 20 33 20 48 20 48 20 33 20 5 20 49 23 50 23 22 23 22 24 50 24 51 24 51 25 52 25 22 25 22 26 52 26 53 26 22 25 53 25 20 25 20 25 53 25 54 25 20 27 54 27 55 27 55 25 56 25 20 25 20 28 56 28 57 28 20 29 57 29 58 29 27 30 59 30 25 30 25 31 59 31 60 31 61 30 62 30 60 30 60 30 62 30 63 30 60 32 63 32 25 32 25 30 63 30 64 30 65 33 66 33 11 33 67 34 68 34 9 34 9 35 68 35 69 35 9 36 69 36 70 36 11 34 66 34 9 34 9 34 66 34 71 34 9 37 71 37 67 37 72 38 73 38 11 38 11 39 73 39 74 39 11 40 74 40 65 40 75 41 76 41 40 41 40 42 76 42 39 42 76 43 77 43 39 43 39 44 77 44 78 44 39 45 78 45 22 45 22 46 78 46 79 46 22 47 79 47 49 47 35 48 80 48 40 48 40 49 80 49 81 49 40 50 81 50 75 50 33 51 41 51 35 51 35 52 41 52 82 52 82 53 83 53 35 53 35 54 83 54 84 54 35 55 84 55 80 55 85 56 86 56 3 56 86 57 46 57 47 57 86 58 47 58 3 58 3 59 47 59 48 59 3 60 48 60 5 60 1 61 87 61 3 61 3 62 87 62 88 62 3 63 88 63 85 63 89 64 90 64 0 64 0 65 90 65 91 65 0 66 91 66 1 66 1 67 91 67 92 67 1 68 92 68 87 68 89 69 0 69 93 69 93 70 0 70 7 70 93 71 7 71 94 71 94 72 7 72 9 72 94 73 9 73 70 73 59 74 27 74 95 74 95 75 27 75 30 75 95 76 30 76 96 76 96 77 30 77 97 77 98 78 99 78 31 78 31 79 99 79 100 79 31 80 100 80 30 80 30 81 100 81 101 81 30 82 101 82 97 82 98 83 31 83 102 83 102 84 31 84 17 84 102 85 17 85 103 85 103 86 17 86 104 86 104 87 17 87 20 87 104 88 20 88 58 88 105 89 106 89 16 89 16 90 106 90 14 90 106 91 107 91 14 91 14 92 107 92 108 92 14 93 108 93 11 93 11 94 108 94 109 94 11 95 109 95 72 95 23 96 110 96 16 96 16 97 110 97 111 97 16 98 111 98 105 98 25 99 64 99 23 99 23 100 64 100 112 100 112 101 113 101 23 101 23 102 113 102 114 102 23 103 114 103 110 103 115 104 26 104 24 104 115 105 24 105 116 105 116 106 24 106 15 106 116 107 15 107 117 107 117 108 15 108 13 108 117 108 13 108 118 108 118 109 13 109 12 109 118 110 12 110 119 110 119 34 12 34 120 34 120 34 12 34 10 34 120 111 10 111 8 111 120 112 8 112 121 112 121 113 8 113 2 113 121 113 2 113 122 113 122 114 2 114 4 114 122 115 4 115 123 115 123 116 4 116 6 116 123 117 6 117 124 117 124 20 6 20 125 20 125 20 6 20 32 20 125 118 32 118 34 118 125 119 34 119 126 119 126 120 34 120 36 120 126 121 36 121 127 121 127 122 36 122 38 122 127 122 38 122 128 122 128 123 38 123 37 123 128 124 37 124 129 124 129 25 37 25 130 25 130 25 37 25 21 25 130 125 21 125 19 125 130 126 19 126 131 126 131 127 19 127 18 127 131 127 18 127 132 127 132 128 18 128 29 128 132 129 29 129 133 129 133 130 29 130 28 130 133 131 28 131 134 131 134 30 28 30 115 30 115 30 28 30 26 30 135 132 136 132 137 132 138 2 139 2 140 2 141 2 142 2 143 2 142 2 144 2 143 2 143 133 144 133 145 133 143 134 145 134 146 134 139 2 147 2 140 2 140 135 147 135 148 135 140 132 148 132 149 132 150 136 151 136 152 136 152 137 151 137 138 137 152 2 138 2 153 2 153 2 138 2 140 2 153 2 140 2 143 2 143 2 140 2 135 2 143 2 135 2 141 2 141 2 135 2 137 2 141 2 137 2 154 2 125 138 142 138 124 138 124 138 142 138 141 138 142 139 125 139 126 139 142 140 126 140 144 140 144 141 126 141 127 141 144 142 127 142 145 142 145 143 127 143 128 143 145 144 128 144 146 144 146 145 128 145 129 145 146 146 129 146 143 146 135 147 120 147 121 147 135 148 121 148 136 148 136 149 121 149 122 149 136 150 122 150 137 150 137 151 122 151 123 151 137 152 123 152 154 152 154 153 123 153 124 153 154 154 124 154 141 154 130 155 153 155 129 155 129 155 153 155 143 155 140 156 119 156 135 156 135 156 119 156 120 156 153 157 130 157 131 157 153 158 131 158 152 158 152 159 131 159 132 159 152 160 132 160 150 160 150 161 132 161 133 161 150 162 133 162 151 162 151 163 133 163 134 163 151 164 134 164 138 164 139 165 115 165 116 165 139 166 116 166 147 166 147 167 116 167 117 167 147 168 117 168 148 168 148 169 117 169 118 169 148 170 118 170 149 170 149 171 118 171 119 171 149 172 119 172 140 172 115 173 139 173 134 173 134 173 139 173 138 173 155 174 156 174 157 174 157 174 156 174 158 174 159 174 160 174 161 174 161 174 160 174 162 174 44 175 45 175 163 175 163 176 45 176 164 176 163 177 164 177 165 177 165 178 164 178 166 178 165 179 166 179 167 179 167 180 166 180 168 180 167 181 168 181 169 181 169 182 168 182 170 182 169 183 170 183 171 183 171 183 170 183 172 183 171 184 172 184 173 184 173 184 172 184 174 184 173 185 174 185 175 185 175 186 174 186 176 186 175 187 176 187 177 187 177 188 176 188 178 188 177 189 178 189 179 189 179 190 178 190 180 190 179 191 180 191 181 191 181 191 180 191 182 191 181 192 182 192 183 192 183 193 182 193 184 193 183 194 184 194 185 194 185 195 184 195 186 195 185 196 186 196 187 196 187 197 186 197 188 197 187 198 188 198 189 198 189 199 188 199 190 199 189 200 190 200 191 200 191 201 190 201 192 201 191 202 192 202 193 202 193 202 192 202 194 202 193 203 194 203 195 203 195 203 194 203 196 203 195 204 196 204 197 204 197 205 196 205 198 205 197 206 198 206 199 206 199 207 198 207 200 207 199 208 200 208 201 208 201 209 200 209 202 209 201 210 202 210 203 210 203 211 202 211 204 211 203 212 204 212 205 212 205 213 204 213 206 213 205 214 206 214 207 214 207 214 206 214 208 214 207 215 208 215 209 215 209 216 208 216 210 216 209 217 210 217 211 217 211 218 210 218 212 218 211 219 212 219 213 219 213 220 212 220 214 220 213 221 214 221 215 221 215 221 214 221 216 221 215 222 216 222 217 222 217 222 216 222 218 222 217 223 218 223 219 223 219 224 218 224 220 224 219 225 220 225 221 225 221 226 220 226 222 226 221 227 222 227 223 227 223 228 222 228 224 228 223 229 224 229 61 229 61 230 224 230 62 230 225 25 226 25 227 25 227 231 226 231 228 231 225 232 227 232 229 232 229 233 227 233 230 233 229 234 230 234 231 234 231 25 230 25 232 25 232 235 230 235 233 235 232 25 233 25 234 25 235 25 236 25 237 25 238 236 239 236 233 236 233 25 239 25 240 25 233 25 240 25 234 25 241 25 242 25 243 25 243 25 242 25 244 25 243 25 244 25 245 25 246 25 247 25 238 25 238 237 247 237 248 237 238 238 248 238 239 238 244 25 249 25 245 25 245 239 249 239 250 239 245 25 250 25 251 25 241 25 243 25 252 25 252 240 243 240 253 240 252 25 253 25 254 25 160 25 255 25 162 25 162 241 255 241 256 241 162 25 256 25 228 25 228 25 256 25 257 25 228 25 257 25 227 25 250 25 258 25 251 25 251 25 258 25 259 25 251 25 259 25 260 25 260 25 259 25 261 25 260 25 261 25 246 25 246 25 261 25 262 25 246 25 262 25 247 25 237 25 236 25 253 25 253 25 236 25 263 25 253 242 263 242 254 242 235 25 237 25 264 25 264 25 237 25 265 25 264 25 265 25 160 25 160 25 265 25 266 25 160 243 266 243 255 243 267 34 268 34 269 34 269 244 268 244 270 244 269 34 270 34 271 34 272 245 273 245 274 245 275 34 276 34 277 34 277 34 276 34 278 34 279 246 280 246 277 246 277 247 280 247 281 247 277 248 281 248 275 248 267 249 282 249 268 249 268 34 282 34 283 34 268 34 283 34 279 34 279 250 283 250 284 250 279 251 284 251 280 251 156 34 285 34 286 34 285 252 287 252 286 252 286 253 287 253 288 253 286 34 288 34 289 34 289 34 288 34 290 34 289 254 290 254 274 254 274 34 290 34 291 34 274 255 291 255 272 255 276 34 292 34 278 34 278 34 292 34 293 34 278 34 293 34 294 34 294 256 293 256 295 256 294 34 295 34 296 34 296 34 295 34 297 34 296 34 297 34 298 34 298 34 297 34 299 34 272 34 300 34 273 34 273 34 300 34 301 34 273 34 301 34 270 34 270 257 301 257 302 257 270 258 302 258 271 258 286 259 303 259 156 259 156 260 303 260 304 260 156 34 304 34 158 34 158 261 304 261 305 261 158 34 305 34 306 34 306 262 305 262 298 262 306 263 298 263 307 263 307 264 298 264 299 264 159 265 308 265 160 265 160 266 308 266 264 266 308 267 309 267 264 267 264 268 309 268 310 268 264 269 310 269 235 269 235 270 310 270 311 270 235 271 311 271 236 271 236 272 311 272 312 272 236 273 312 273 313 273 313 274 314 274 236 274 236 275 314 275 315 275 236 276 315 276 316 276 316 277 315 277 317 277 316 278 317 278 318 278 318 279 317 279 319 279 318 280 319 280 320 280 321 281 322 281 323 281 319 282 324 282 320 282 320 283 324 283 325 283 320 284 325 284 322 284 322 285 325 285 326 285 322 286 326 286 323 286 327 287 328 287 323 287 323 288 328 288 329 288 323 289 329 289 321 289 42 290 330 290 41 290 41 291 330 291 331 291 41 292 331 292 332 292 332 293 331 293 328 293 332 294 328 294 333 294 333 295 328 295 327 295 334 296 60 296 59 296 335 297 336 297 337 297 337 298 336 298 338 298 337 299 338 299 59 299 59 300 338 300 339 300 59 301 339 301 334 301 340 302 341 302 342 302 342 303 341 303 343 303 342 304 343 304 344 304 345 305 346 305 340 305 340 306 346 306 347 306 340 307 347 307 341 307 335 308 348 308 336 308 336 309 348 309 346 309 336 310 346 310 349 310 349 311 346 311 345 311 350 312 225 312 351 312 351 313 225 313 352 313 351 314 352 314 353 314 353 315 352 315 344 315 344 316 352 316 354 316 344 317 354 317 342 317 350 318 355 318 225 318 225 319 355 319 356 319 225 320 356 320 226 320 356 321 357 321 226 321 226 322 357 322 358 322 226 323 358 323 228 323 161 324 162 324 359 324 359 325 162 325 228 325 359 326 228 326 360 326 360 327 228 327 358 327 361 328 46 328 362 328 362 329 46 329 363 329 362 330 363 330 364 330 361 331 365 331 46 331 46 332 365 332 366 332 46 333 366 333 43 333 367 334 368 334 369 334 369 335 368 335 370 335 369 336 370 336 371 336 367 337 369 337 372 337 372 338 369 338 373 338 372 339 373 339 374 339 364 340 375 340 362 340 362 341 375 341 372 341 362 342 372 342 376 342 376 343 372 343 374 343 377 344 299 344 378 344 378 345 299 345 379 345 378 346 379 346 380 346 380 347 379 347 371 347 371 348 379 348 381 348 371 349 381 349 369 349 377 350 382 350 299 350 299 351 382 351 383 351 299 352 383 352 307 352 383 353 384 353 307 353 307 354 384 354 385 354 307 355 385 355 306 355 157 356 158 356 386 356 386 357 158 357 306 357 386 358 306 358 387 358 387 359 306 359 385 359 155 360 388 360 156 360 156 361 388 361 285 361 388 362 389 362 285 362 285 363 389 363 390 363 285 364 390 364 287 364 287 365 390 365 391 365 287 366 391 366 288 366 288 367 391 367 392 367 288 368 392 368 393 368 393 369 394 369 288 369 288 370 394 370 395 370 288 371 395 371 396 371 396 372 395 372 397 372 396 373 397 373 398 373 398 374 397 374 399 374 398 375 399 375 400 375 400 376 399 376 401 376 401 377 402 377 400 377 400 378 402 378 403 378 400 379 403 379 404 379 404 380 403 380 405 380 404 381 405 381 406 381 407 382 408 382 405 382 405 383 408 383 409 383 405 384 409 384 406 384 63 385 410 385 64 385 64 386 410 386 411 386 64 387 411 387 412 387 412 388 411 388 408 388 412 389 408 389 413 389 413 390 408 390 407 390 315 391 414 391 415 391 332 392 333 392 416 392 416 393 333 393 327 393 82 394 417 394 83 394 83 395 417 395 418 395 83 396 418 396 84 396 323 397 419 397 327 397 327 398 419 398 420 398 327 399 420 399 416 399 323 400 326 400 419 400 419 401 326 401 325 401 419 402 325 402 421 402 421 403 325 403 324 403 421 404 324 404 422 404 422 405 324 405 319 405 422 406 319 406 415 406 415 407 319 407 317 407 415 408 317 408 315 408 414 409 315 409 423 409 423 410 315 410 314 410 423 411 314 411 313 411 313 412 312 412 423 412 423 413 312 413 424 413 423 414 424 414 425 414 41 415 332 415 82 415 82 416 332 416 416 416 82 417 416 417 417 417 417 418 416 418 420 418 417 419 420 419 418 419 418 420 420 420 419 420 418 421 419 421 426 421 426 422 419 422 421 422 426 423 421 423 427 423 427 424 421 424 422 424 427 425 422 425 428 425 428 426 422 426 415 426 428 427 415 427 429 427 429 428 415 428 414 428 429 429 414 429 430 429 430 430 414 430 423 430 430 431 423 431 431 431 431 432 423 432 425 432 431 433 425 433 432 433 84 434 418 434 80 434 80 435 418 435 426 435 80 436 426 436 81 436 81 437 426 437 427 437 81 438 427 438 75 438 75 439 427 439 428 439 75 440 428 440 76 440 76 441 428 441 429 441 76 442 429 442 77 442 77 443 429 443 430 443 77 444 430 444 78 444 78 445 430 445 431 445 78 446 431 446 79 446 79 447 431 447 432 447 79 448 432 448 49 448 433 449 424 449 312 449 312 450 311 450 433 450 433 451 311 451 310 451 433 452 310 452 434 452 434 453 310 453 309 453 434 454 309 454 435 454 435 455 309 455 308 455 435 456 308 456 159 456 436 457 425 457 424 457 424 458 433 458 436 458 436 459 433 459 434 459 436 460 434 460 437 460 437 461 434 461 435 461 437 462 435 462 438 462 439 463 432 463 425 463 159 464 440 464 435 464 435 465 440 465 441 465 435 466 441 466 438 466 438 467 441 467 442 467 438 468 442 468 443 468 425 469 436 469 439 469 439 470 436 470 437 470 439 471 437 471 444 471 444 472 437 472 438 472 444 473 438 473 445 473 445 474 438 474 443 474 445 475 443 475 446 475 50 476 49 476 432 476 432 477 439 477 50 477 50 478 439 478 444 478 50 479 444 479 51 479 51 480 444 480 445 480 51 481 445 481 52 481 52 482 445 482 446 482 52 483 446 483 53 483 159 484 161 484 440 484 440 484 161 484 447 484 440 485 447 485 441 485 441 486 447 486 448 486 441 487 448 487 442 487 442 488 448 488 449 488 442 489 449 489 443 489 443 490 449 490 450 490 443 491 450 491 446 491 446 492 450 492 451 492 446 493 451 493 53 493 53 493 451 493 54 493 357 494 356 494 452 494 360 495 358 495 453 495 360 496 453 496 359 496 447 497 454 497 448 497 448 498 454 498 455 498 456 499 450 499 455 499 455 500 450 500 449 500 455 501 449 501 448 501 55 502 54 502 456 502 456 503 54 503 451 503 456 504 451 504 450 504 56 505 55 505 457 505 457 506 55 506 456 506 457 507 456 507 458 507 458 508 456 508 455 508 458 509 455 509 453 509 453 510 455 510 454 510 453 511 454 511 359 511 359 512 454 512 447 512 359 513 447 513 161 513 358 514 357 514 453 514 453 515 357 515 459 515 453 516 459 516 458 516 458 517 459 517 460 517 458 518 460 518 457 518 457 519 460 519 461 519 457 520 461 520 56 520 56 521 461 521 57 521 357 522 452 522 459 522 459 523 452 523 462 523 459 524 462 524 460 524 460 525 462 525 463 525 460 526 463 526 461 526 461 527 463 527 58 527 461 528 58 528 57 528 464 529 351 529 353 529 95 530 96 530 465 530 465 531 96 531 97 531 337 532 466 532 335 532 335 533 466 533 467 533 101 534 468 534 97 534 97 535 468 535 469 535 97 536 469 536 465 536 344 537 343 537 470 537 470 538 343 538 341 538 470 539 341 539 471 539 471 540 341 540 347 540 471 541 347 541 472 541 472 542 347 542 346 542 472 543 346 543 467 543 467 544 346 544 348 544 467 545 348 545 335 545 344 546 470 546 353 546 353 547 470 547 473 547 353 548 473 548 464 548 59 549 95 549 337 549 337 550 95 550 465 550 337 551 465 551 466 551 466 552 465 552 469 552 466 553 469 553 467 553 467 554 469 554 468 554 467 555 468 555 472 555 472 556 468 556 474 556 472 557 474 557 471 557 471 558 474 558 475 558 471 559 475 559 470 559 470 560 475 560 476 560 470 561 476 561 473 561 473 562 476 562 477 562 473 563 477 563 464 563 464 564 477 564 478 564 464 565 478 565 479 565 351 566 464 566 350 566 350 567 464 567 479 567 350 568 479 568 355 568 101 569 100 569 468 569 468 570 100 570 99 570 468 571 99 571 474 571 474 572 99 572 98 572 474 573 98 573 475 573 475 574 98 574 102 574 475 575 102 575 476 575 476 576 102 576 103 576 476 577 103 577 477 577 477 578 103 578 104 578 477 579 104 579 478 579 478 580 104 580 58 580 356 581 355 581 452 581 452 582 355 582 479 582 452 583 479 583 462 583 462 584 479 584 478 584 462 585 478 585 463 585 463 586 478 586 58 586 395 587 480 587 481 587 412 588 413 588 482 588 482 589 413 589 407 589 112 590 483 590 113 590 113 591 483 591 484 591 113 592 484 592 114 592 405 593 485 593 407 593 407 594 485 594 486 594 407 595 486 595 482 595 405 596 403 596 485 596 485 597 403 597 402 597 485 598 402 598 487 598 487 599 402 599 401 599 487 600 401 600 488 600 488 601 401 601 399 601 488 602 399 602 481 602 481 603 399 603 397 603 481 604 397 604 395 604 480 605 395 605 489 605 489 606 395 606 394 606 489 607 394 607 393 607 393 608 392 608 489 608 489 609 392 609 490 609 489 610 490 610 491 610 64 611 412 611 112 611 112 612 412 612 482 612 112 613 482 613 483 613 483 614 482 614 486 614 483 615 486 615 484 615 484 616 486 616 485 616 484 617 485 617 492 617 492 618 485 618 487 618 492 619 487 619 493 619 493 620 487 620 488 620 493 621 488 621 494 621 494 622 488 622 481 622 494 623 481 623 495 623 495 624 481 624 480 624 495 625 480 625 496 625 496 626 480 626 489 626 496 627 489 627 497 627 497 628 489 628 491 628 497 629 491 629 498 629 114 630 484 630 110 630 110 631 484 631 492 631 110 632 492 632 111 632 111 633 492 633 493 633 111 634 493 634 105 634 105 635 493 635 494 635 105 636 494 636 106 636 106 637 494 637 495 637 106 638 495 638 107 638 107 639 495 639 496 639 107 640 496 640 108 640 108 641 496 641 497 641 108 642 497 642 109 642 109 643 497 643 498 643 109 644 498 644 72 644 499 645 490 645 392 645 392 646 391 646 499 646 499 647 391 647 390 647 499 648 390 648 500 648 500 649 390 649 389 649 500 650 389 650 501 650 501 651 389 651 388 651 501 652 388 652 155 652 502 653 491 653 490 653 490 654 499 654 502 654 502 655 499 655 500 655 502 656 500 656 503 656 503 657 500 657 501 657 503 658 501 658 504 658 505 659 498 659 491 659 155 660 506 660 501 660 501 661 506 661 507 661 501 662 507 662 504 662 504 663 507 663 508 663 504 664 508 664 509 664 491 665 502 665 505 665 505 666 502 666 503 666 505 667 503 667 510 667 510 668 503 668 504 668 510 669 504 669 511 669 511 670 504 670 509 670 511 671 509 671 512 671 73 672 72 672 498 672 498 673 505 673 73 673 73 674 505 674 510 674 73 675 510 675 74 675 74 676 510 676 511 676 74 677 511 677 65 677 65 678 511 678 512 678 65 679 512 679 66 679 155 680 157 680 506 680 506 681 157 681 513 681 506 682 513 682 507 682 507 683 513 683 514 683 507 684 514 684 508 684 508 684 514 684 515 684 508 685 515 685 509 685 509 686 515 686 516 686 509 687 516 687 512 687 512 688 516 688 517 688 512 689 517 689 66 689 66 690 517 690 71 690 384 691 383 691 518 691 387 692 385 692 519 692 387 693 519 693 386 693 513 694 520 694 514 694 514 695 520 695 521 695 522 696 516 696 521 696 521 697 516 697 515 697 521 698 515 698 514 698 67 699 71 699 522 699 522 700 71 700 517 700 522 701 517 701 516 701 68 702 67 702 523 702 523 703 67 703 522 703 523 704 522 704 524 704 524 705 522 705 521 705 524 706 521 706 519 706 519 707 521 707 520 707 519 708 520 708 386 708 386 709 520 709 513 709 386 710 513 710 157 710 385 711 384 711 519 711 519 712 384 712 525 712 519 713 525 713 524 713 524 714 525 714 526 714 524 715 526 715 523 715 523 716 526 716 527 716 523 717 527 717 68 717 68 718 527 718 69 718 384 719 518 719 525 719 525 720 518 720 528 720 525 721 528 721 526 721 526 722 528 722 529 722 526 723 529 723 527 723 527 724 529 724 70 724 527 725 70 725 69 725 530 726 378 726 380 726 363 727 531 727 364 727 364 728 531 728 532 728 86 729 85 729 533 729 533 730 85 730 88 730 533 731 88 731 534 731 534 732 88 732 87 732 92 733 535 733 87 733 87 734 535 734 536 734 87 735 536 735 534 735 371 736 370 736 537 736 537 737 370 737 368 737 537 738 368 738 538 738 538 739 368 739 367 739 538 740 367 740 539 740 539 741 367 741 372 741 539 742 372 742 532 742 532 743 372 743 375 743 532 744 375 744 364 744 371 745 537 745 380 745 380 746 537 746 540 746 380 747 540 747 530 747 46 748 86 748 363 748 363 749 86 749 533 749 363 750 533 750 531 750 531 751 533 751 534 751 531 752 534 752 532 752 532 753 534 753 536 753 532 754 536 754 539 754 539 755 536 755 535 755 539 756 535 756 538 756 538 757 535 757 541 757 538 758 541 758 537 758 537 759 541 759 542 759 537 760 542 760 540 760 540 761 542 761 543 761 540 762 543 762 530 762 530 763 543 763 544 763 530 764 544 764 545 764 378 765 530 765 377 765 377 766 530 766 545 766 377 767 545 767 382 767 92 768 91 768 535 768 535 769 91 769 90 769 535 770 90 770 541 770 541 771 90 771 89 771 541 772 89 772 542 772 542 773 89 773 93 773 542 774 93 774 543 774 543 775 93 775 94 775 543 776 94 776 544 776 544 777 94 777 70 777 383 778 382 778 518 778 518 779 382 779 545 779 518 780 545 780 528 780 528 781 545 781 544 781 528 782 544 782 529 782 529 783 544 783 70 783 245 784 251 784 279 784 279 785 251 785 260 785 279 786 260 786 268 786 268 787 260 787 246 787 268 788 246 788 270 788 270 789 246 789 238 789 270 790 238 790 273 790 273 791 238 791 233 791 273 792 233 792 274 792 274 793 233 793 230 793 274 794 230 794 289 794 289 794 230 794 227 794 289 795 227 795 286 795 286 796 227 796 257 796 286 797 257 797 303 797 303 798 257 798 256 798 303 799 256 799 304 799 304 799 256 799 255 799 304 800 255 800 305 800 305 800 255 800 266 800 305 801 266 801 298 801 298 802 266 802 265 802 298 803 265 803 296 803 296 804 265 804 237 804 296 805 237 805 294 805 294 805 237 805 253 805 294 806 253 806 278 806 278 807 253 807 243 807 278 808 243 808 277 808 277 809 243 809 245 809 277 810 245 810 279 810 381 811 379 811 546 811 299 812 297 812 379 812 379 813 297 813 547 813 379 814 547 814 546 814 548 815 362 815 376 815 549 816 373 816 546 816 546 817 373 817 369 817 546 818 369 818 381 818 376 819 374 819 548 819 548 820 374 820 373 820 548 821 373 821 550 821 550 822 373 822 549 822 43 823 366 823 45 823 45 824 366 824 365 824 45 825 365 825 361 825 362 826 548 826 361 826 361 827 548 827 551 827 361 828 551 828 45 828 218 829 216 829 552 829 212 830 210 830 553 830 208 831 206 831 554 831 198 832 196 832 555 832 190 833 188 833 556 833 184 834 182 834 557 834 176 835 174 835 558 835 170 836 168 836 559 836 560 837 291 837 290 837 297 838 295 838 547 838 547 839 295 839 561 839 547 840 561 840 546 840 546 841 561 841 562 841 300 842 272 842 563 842 563 843 272 843 564 843 563 844 564 844 565 844 565 845 564 845 566 845 565 846 566 846 567 846 567 847 566 847 568 847 567 848 568 848 552 848 272 849 291 849 564 849 564 850 291 850 560 850 564 851 560 851 566 851 566 852 560 852 569 852 566 853 569 853 568 853 568 854 569 854 570 854 571 855 548 855 572 855 572 856 548 856 550 856 572 857 550 857 562 857 562 858 550 858 549 858 562 859 549 859 546 859 295 860 293 860 561 860 561 861 293 861 573 861 561 862 573 862 562 862 562 863 573 863 574 863 562 864 574 864 572 864 572 865 574 865 575 865 572 866 575 866 571 866 571 867 575 867 559 867 275 868 281 868 576 868 576 869 281 869 577 869 576 870 577 870 578 870 578 871 577 871 579 871 578 872 579 872 580 872 580 873 579 873 581 873 580 874 581 874 582 874 582 875 581 875 557 875 283 876 282 876 583 876 583 877 282 877 584 877 583 878 584 878 585 878 585 879 584 879 586 879 585 880 586 880 587 880 587 881 586 881 588 881 587 882 588 882 589 882 589 883 588 883 555 883 269 884 271 884 590 884 590 885 271 885 591 885 590 886 591 886 592 886 592 887 591 887 593 887 592 888 593 888 594 888 594 889 593 889 595 889 594 890 595 890 596 890 596 891 595 891 554 891 290 892 597 892 560 892 560 893 597 893 598 893 560 894 598 894 569 894 569 895 598 895 599 895 569 896 599 896 570 896 570 897 599 897 600 897 570 898 600 898 601 898 552 899 568 899 602 899 602 900 568 900 570 900 602 901 570 901 603 901 603 902 570 902 601 902 603 903 601 903 604 903 164 904 45 904 571 904 571 905 45 905 551 905 571 906 551 906 548 906 559 907 168 907 571 907 571 908 168 908 166 908 571 909 166 909 164 909 172 910 170 910 605 910 605 911 170 911 559 911 605 912 559 912 606 912 606 913 559 913 575 913 606 914 575 914 607 914 607 915 575 915 574 915 607 916 574 916 608 916 608 917 574 917 573 917 608 918 573 918 292 918 292 919 573 919 293 919 292 920 276 920 608 920 608 921 276 921 609 921 608 922 609 922 607 922 607 923 609 923 610 923 607 924 610 924 606 924 606 925 610 925 611 925 606 926 611 926 605 926 605 927 611 927 558 927 605 928 558 928 172 928 172 929 558 929 174 929 178 930 176 930 582 930 582 931 176 931 558 931 582 932 558 932 580 932 580 933 558 933 611 933 580 934 611 934 578 934 578 935 611 935 610 935 578 936 610 936 576 936 576 937 610 937 609 937 576 938 609 938 275 938 275 939 609 939 276 939 557 940 182 940 582 940 582 941 182 941 180 941 582 942 180 942 178 942 186 943 184 943 612 943 612 944 184 944 557 944 612 945 557 945 613 945 613 946 557 946 581 946 613 947 581 947 614 947 614 948 581 948 579 948 614 949 579 949 615 949 615 950 579 950 577 950 615 951 577 951 280 951 280 952 577 952 281 952 280 953 284 953 615 953 615 954 284 954 616 954 615 955 616 955 614 955 614 956 616 956 617 956 614 957 617 957 613 957 613 958 617 958 618 958 613 959 618 959 612 959 612 960 618 960 556 960 612 961 556 961 186 961 186 962 556 962 188 962 192 963 190 963 589 963 589 964 190 964 556 964 589 965 556 965 587 965 587 966 556 966 618 966 587 967 618 967 585 967 585 968 618 968 617 968 585 969 617 969 583 969 583 970 617 970 616 970 583 971 616 971 283 971 283 972 616 972 284 972 555 973 196 973 589 973 589 974 196 974 194 974 589 975 194 975 192 975 200 976 198 976 619 976 619 977 198 977 555 977 619 978 555 978 620 978 620 979 555 979 588 979 620 980 588 980 621 980 621 981 588 981 586 981 621 982 586 982 622 982 622 983 586 983 584 983 622 984 584 984 267 984 267 985 584 985 282 985 267 986 269 986 622 986 622 987 269 987 590 987 622 988 590 988 621 988 621 989 590 989 592 989 621 990 592 990 620 990 620 991 592 991 594 991 620 992 594 992 619 992 619 993 594 993 596 993 619 994 596 994 200 994 200 995 596 995 202 995 554 996 206 996 596 996 596 997 206 997 204 997 596 998 204 998 202 998 210 999 208 999 553 999 553 1000 208 1000 554 1000 553 1001 554 1001 623 1001 623 1002 554 1002 595 1002 623 1003 595 1003 624 1003 624 1004 595 1004 593 1004 624 1005 593 1005 625 1005 625 1006 593 1006 591 1006 625 1007 591 1007 302 1007 302 1008 591 1008 271 1008 214 1009 212 1009 626 1009 626 1010 212 1010 553 1010 626 1011 553 1011 627 1011 627 1012 553 1012 623 1012 627 1013 623 1013 628 1013 628 1014 623 1014 624 1014 628 1015 624 1015 629 1015 629 1016 624 1016 625 1016 629 1017 625 1017 301 1017 301 1018 625 1018 302 1018 301 1019 300 1019 629 1019 629 1020 300 1020 563 1020 629 1021 563 1021 628 1021 628 1022 563 1022 565 1022 628 1023 565 1023 627 1023 627 1024 565 1024 567 1024 627 1025 567 1025 626 1025 626 1026 567 1026 552 1026 626 1027 552 1027 214 1027 214 1028 552 1028 216 1028 218 1029 552 1029 220 1029 220 1030 552 1030 602 1030 220 1031 602 1031 222 1031 222 1032 602 1032 603 1032 222 1033 603 1033 224 1033 224 1034 603 1034 604 1034 224 1035 604 1035 62 1035 410 1036 63 1036 62 1036 404 1037 601 1037 600 1037 404 1038 600 1038 400 1038 400 1039 600 1039 599 1039 400 1040 599 1040 598 1040 404 1041 406 1041 601 1041 601 1042 406 1042 409 1042 601 1043 409 1043 604 1043 604 1044 409 1044 408 1044 604 1045 408 1045 62 1045 62 1046 408 1046 411 1046 62 1047 411 1047 410 1047 290 1048 288 1048 597 1048 597 1049 288 1049 396 1049 597 1050 396 1050 598 1050 598 1051 396 1051 398 1051 598 1052 398 1052 400 1052 354 1053 352 1053 630 1053 225 1054 229 1054 352 1054 352 1055 229 1055 631 1055 352 1056 631 1056 630 1056 632 1057 336 1057 349 1057 633 1058 340 1058 630 1058 630 1059 340 1059 342 1059 630 1060 342 1060 354 1060 349 1061 345 1061 632 1061 632 1062 345 1062 340 1062 632 1063 340 1063 634 1063 634 1064 340 1064 633 1064 60 1065 334 1065 61 1065 61 1066 334 1066 339 1066 61 1067 339 1067 338 1067 336 1068 632 1068 338 1068 338 1069 632 1069 635 1069 338 1070 635 1070 61 1070 169 1071 171 1071 636 1071 175 1072 177 1072 637 1072 179 1073 181 1073 638 1073 189 1074 191 1074 639 1074 193 1075 195 1075 640 1075 197 1076 199 1076 641 1076 203 1077 205 1077 642 1077 211 1078 213 1078 643 1078 217 1079 219 1079 644 1079 645 1080 254 1080 263 1080 229 1081 231 1081 631 1081 631 1082 231 1082 646 1082 631 1083 646 1083 630 1083 630 1084 646 1084 647 1084 241 1085 252 1085 648 1085 648 1086 252 1086 649 1086 648 1087 649 1087 650 1087 650 1088 649 1088 651 1088 650 1089 651 1089 652 1089 652 1090 651 1090 653 1090 652 1091 653 1091 636 1091 252 1092 254 1092 649 1092 649 1093 254 1093 645 1093 649 1094 645 1094 651 1094 651 1095 645 1095 654 1095 651 1096 654 1096 653 1096 653 1097 654 1097 655 1097 656 1098 632 1098 657 1098 657 1099 632 1099 634 1099 657 1100 634 1100 647 1100 647 1101 634 1101 633 1101 647 1102 633 1102 630 1102 231 1103 232 1103 646 1103 646 1104 232 1104 658 1104 646 1105 658 1105 647 1105 647 1106 658 1106 659 1106 647 1107 659 1107 657 1107 657 1108 659 1108 660 1108 657 1109 660 1109 656 1109 656 1110 660 1110 644 1110 239 1111 248 1111 661 1111 661 1112 248 1112 662 1112 661 1113 662 1113 663 1113 663 1114 662 1114 664 1114 663 1115 664 1115 665 1115 665 1116 664 1116 666 1116 665 1117 666 1117 667 1117 667 1118 666 1118 642 1118 250 1119 249 1119 668 1119 668 1120 249 1120 669 1120 668 1121 669 1121 670 1121 670 1122 669 1122 671 1122 670 1123 671 1123 672 1123 672 1124 671 1124 673 1124 672 1125 673 1125 674 1125 674 1126 673 1126 638 1126 263 1127 675 1127 645 1127 645 1128 675 1128 676 1128 645 1129 676 1129 654 1129 654 1130 676 1130 677 1130 654 1131 677 1131 655 1131 655 1132 677 1132 678 1132 655 1133 678 1133 679 1133 636 1134 653 1134 680 1134 680 1135 653 1135 655 1135 680 1136 655 1136 681 1136 681 1137 655 1137 679 1137 681 1138 679 1138 682 1138 223 1139 61 1139 656 1139 656 1140 61 1140 635 1140 656 1141 635 1141 632 1141 644 1142 219 1142 656 1142 656 1143 219 1143 221 1143 656 1144 221 1144 223 1144 215 1145 217 1145 683 1145 683 1146 217 1146 644 1146 683 1147 644 1147 684 1147 684 1148 644 1148 660 1148 684 1149 660 1149 685 1149 685 1150 660 1150 659 1150 685 1151 659 1151 686 1151 686 1152 659 1152 658 1152 686 1153 658 1153 234 1153 234 1154 658 1154 232 1154 234 1155 240 1155 686 1155 686 1156 240 1156 687 1156 686 1157 687 1157 685 1157 685 1158 687 1158 688 1158 685 1159 688 1159 684 1159 684 1160 688 1160 689 1160 684 1161 689 1161 683 1161 683 1162 689 1162 643 1162 683 1163 643 1163 215 1163 215 1164 643 1164 213 1164 209 1165 211 1165 667 1165 667 1166 211 1166 643 1166 667 1167 643 1167 665 1167 665 1168 643 1168 689 1168 665 1169 689 1169 663 1169 663 1170 689 1170 688 1170 663 1171 688 1171 661 1171 661 1172 688 1172 687 1172 661 1173 687 1173 239 1173 239 1174 687 1174 240 1174 642 1175 205 1175 667 1175 667 1176 205 1176 207 1176 667 1177 207 1177 209 1177 201 1178 203 1178 690 1178 690 1179 203 1179 642 1179 690 1180 642 1180 691 1180 691 1181 642 1181 666 1181 691 1182 666 1182 692 1182 692 1183 666 1183 664 1183 692 1184 664 1184 693 1184 693 1185 664 1185 662 1185 693 1186 662 1186 247 1186 247 1187 662 1187 248 1187 247 1188 262 1188 693 1188 693 1189 262 1189 694 1189 693 1190 694 1190 692 1190 692 1191 694 1191 695 1191 692 1192 695 1192 691 1192 691 1193 695 1193 696 1193 691 1194 696 1194 690 1194 690 1195 696 1195 641 1195 690 1196 641 1196 201 1196 201 1197 641 1197 199 1197 195 1198 197 1198 640 1198 640 1199 197 1199 641 1199 640 1200 641 1200 697 1200 697 1201 641 1201 696 1201 697 1202 696 1202 698 1202 698 1203 696 1203 695 1203 698 1204 695 1204 699 1204 699 1205 695 1205 694 1205 699 1206 694 1206 261 1206 261 1207 694 1207 262 1207 191 1208 193 1208 639 1208 639 1209 193 1209 640 1209 639 1210 640 1210 700 1210 700 1211 640 1211 697 1211 700 1212 697 1212 701 1212 701 1213 697 1213 698 1213 701 1214 698 1214 702 1214 702 1215 698 1215 699 1215 702 1216 699 1216 259 1216 259 1217 699 1217 261 1217 187 1218 189 1218 703 1218 703 1219 189 1219 639 1219 703 1220 639 1220 704 1220 704 1221 639 1221 700 1221 704 1222 700 1222 705 1222 705 1223 700 1223 701 1223 705 1224 701 1224 706 1224 706 1225 701 1225 702 1225 706 1226 702 1226 258 1226 258 1227 702 1227 259 1227 258 1228 250 1228 706 1228 706 1229 250 1229 668 1229 706 1230 668 1230 705 1230 705 1231 668 1231 670 1231 705 1232 670 1232 704 1232 704 1233 670 1233 672 1233 704 1234 672 1234 703 1234 703 1235 672 1235 674 1235 703 1236 674 1236 187 1236 187 1237 674 1237 185 1237 638 1238 181 1238 674 1238 674 1239 181 1239 183 1239 674 1240 183 1240 185 1240 177 1241 179 1241 637 1241 637 1242 179 1242 638 1242 637 1243 638 1243 707 1243 707 1244 638 1244 673 1244 707 1245 673 1245 708 1245 708 1246 673 1246 671 1246 708 1247 671 1247 709 1247 709 1248 671 1248 669 1248 709 1249 669 1249 244 1249 244 1250 669 1250 249 1250 173 1251 175 1251 710 1251 710 1252 175 1252 637 1252 710 1253 637 1253 711 1253 711 1254 637 1254 707 1254 711 1255 707 1255 712 1255 712 1256 707 1256 708 1256 712 1257 708 1257 713 1257 713 1258 708 1258 709 1258 713 1259 709 1259 242 1259 242 1260 709 1260 244 1260 242 1261 241 1261 713 1261 713 1262 241 1262 648 1262 713 1263 648 1263 712 1263 712 1264 648 1264 650 1264 712 1265 650 1265 711 1265 711 1266 650 1266 652 1266 711 1267 652 1267 710 1267 710 1268 652 1268 636 1268 710 1269 636 1269 173 1269 173 1270 636 1270 171 1270 169 1271 636 1271 167 1271 167 1272 636 1272 680 1272 167 1273 680 1273 165 1273 165 1274 680 1274 681 1274 165 1275 681 1275 163 1275 163 1276 681 1276 682 1276 163 1277 682 1277 44 1277 330 1278 42 1278 44 1278 322 1279 679 1279 678 1279 322 1280 678 1280 320 1280 320 1281 678 1281 677 1281 320 1282 677 1282 676 1282 322 1283 321 1283 679 1283 679 1284 321 1284 329 1284 679 1285 329 1285 682 1285 682 1286 329 1286 328 1286 682 1287 328 1287 44 1287 44 1288 328 1288 331 1288 44 1289 331 1289 330 1289 263 1290 236 1290 675 1290 675 1291 236 1291 316 1291 675 1292 316 1292 676 1292 676 1293 316 1293 318 1293 676 1294 318 1294 320 1294 714 20 715 20 716 20 716 20 715 20 717 20 716 20 717 20 718 20 719 20 720 20 716 20 716 1295 720 1295 721 1295 716 1296 721 1296 714 1296 722 1297 723 1297 716 1297 716 20 723 20 724 20 716 20 724 20 719 20 718 1298 725 1298 716 1298 716 1299 725 1299 726 1299 716 1300 726 1300 722 1300 717 1301 727 1301 718 1301 718 1301 727 1301 728 1301 718 1302 728 1302 725 1302 725 1303 728 1303 729 1303 725 1304 729 1304 726 1304 726 1305 729 1305 730 1305 726 1306 730 1306 722 1306 722 1307 730 1307 731 1307 722 1308 731 1308 723 1308 723 1309 731 1309 732 1309 723 1310 732 1310 724 1310 724 1310 732 1310 733 1310 724 1311 733 1311 719 1311 719 1312 733 1312 734 1312 719 1313 734 1313 720 1313 720 1314 734 1314 735 1314 720 1315 735 1315 721 1315 721 1316 735 1316 736 1316 721 1317 736 1317 714 1317 714 1318 736 1318 737 1318 714 1319 737 1319 715 1319 715 1320 737 1320 738 1320 715 1321 738 1321 717 1321 717 1322 738 1322 727 1322 729 30 728 30 739 30 739 30 728 30 727 30 739 30 727 30 738 30 732 30 731 30 739 30 739 30 731 30 730 30 739 30 730 30 729 30 735 1323 734 1323 739 1323 739 30 734 30 733 30 739 30 733 30 732 30 738 30 737 30 739 30 739 30 737 30 736 30 739 30 736 30 735 30 740 1324 741 1324 742 1324 742 20 741 20 743 20 742 20 743 20 744 20 745 1325 746 1325 742 1325 742 1300 746 1300 747 1300 742 1299 747 1299 740 1299 748 20 749 20 742 20 742 20 749 20 750 20 742 20 750 20 745 20 744 20 751 20 742 20 742 1296 751 1296 752 1296 742 1295 752 1295 748 1295 743 1326 753 1326 744 1326 744 1327 753 1327 754 1327 744 1302 754 1302 751 1302 751 1303 754 1303 755 1303 751 1304 755 1304 752 1304 752 1305 755 1305 756 1305 752 1306 756 1306 748 1306 748 1307 756 1307 757 1307 748 1308 757 1308 749 1308 749 1309 757 1309 758 1309 749 1328 758 1328 750 1328 750 1329 758 1329 759 1329 750 1330 759 1330 745 1330 745 1330 759 1330 760 1330 745 1313 760 1313 746 1313 746 1314 760 1314 761 1314 746 1315 761 1315 747 1315 747 1316 761 1316 762 1316 747 1317 762 1317 740 1317 740 1318 762 1318 763 1318 740 1319 763 1319 741 1319 741 1320 763 1320 764 1320 741 1331 764 1331 743 1331 743 1331 764 1331 753 1331 755 1332 754 1332 765 1332 765 30 754 30 753 30 765 30 753 30 764 30 758 30 757 30 765 30 765 30 757 30 756 30 765 30 756 30 755 30 761 30 760 30 765 30 765 30 760 30 759 30 765 30 759 30 758 30 764 30 763 30 765 30 765 30 763 30 762 30 765 30 762 30 761 30</p>
        </triangles>
      </mesh>
    </geometry>
  </library_geometries>
  <library_visual_scenes>
    <visual_scene id="Scene" name="Scene">
      <node id="link_5_4" name="link_5_4" type="NODE">
        <matrix sid="transform">0 1 0 0 -1 0 0 0 0 0 1 0 0 0 0 1</matrix>
        <instance_geometry url="#link_5_4-mesh" name="link_5_4">
          <bind_material>
            <technique_common>
              <instance_material symbol="m_1-material" target="#m_1-material"/>
            </technique_common>
          </bind_material>
        </instance_geometry>
      </node>
    </visual_scene>
  </library_visual_scenes>
  <scene>
    <instance_visual_scene url="#Scene"/>
  </scene>
</COLLADA>