<?xml version="1.0" encoding="utf-8"?>
<COLLADA xmlns="http://www.collada.org/2005/11/COLLADASchema" version="1.4.1" xmlns:xsi="http://www.w3.org/2001/XMLSchema-instance">
  <asset>
    <contributor>
      <author>Blender User</author>
      <authoring_tool>Blender 4.0.2 commit date:2023-12-05, commit time:07:41, hash:9be62e85b727</authoring_tool>
    </contributor>
    <created>2025-10-30T12:18:01</created>
    <modified>2025-10-30T12:18:01</modified>
    <unit name="meter" meter="1"/>
    <up_axis>Z_UP</up_axis>
  </asset>
  <library_effects>
    <effect id="m_1-effect">
      <profile_COMMON>
        <technique sid="common">
          <lambert>
            <emission>
              <color sid="emission">0 0 0 1</color>
            </emission>
            <diffuse>
              <color sid="diffuse">0.2 0.2 0.17 1</color>
            </diffuse>
            <reflectivity>
              <float sid="specular">1</float>
            </reflectivity>
            <index_of_refraction>
              <float sid="ior">1.45</float>
            </index_of_refraction>
          </lambert>
        </technique>
      </profile_COMMON>
    </effect>
  </library_effects>
  <library_images/>
  <library_materials>
    <material id="m_1-material" name="m_1">
      <instance_effect url="#m_1-effect"/>
    </material>
  </library_materials>
  <library_geometries>
    <geometry id="link_5_2-mesh" name="link_5_2">
      <mesh>
        <source id="link_5_2-mesh-positions">
          <float_array id="link_5_2-mesh-positions-array" count="6255">-0.008199989 0.008185505 0.01249998 -0.007317721 0.009067714 0.01249998 -0.007859647 0.008256673 0.01249998 -0.008049964 0.007299959 0.01249998 -0.008049964 -0.007299959 0.01249998 -0.008199989 -0.008185505 0.01249998 -0.007859647 -0.008256673 0.01249998 -0.007317721 -0.009067714 0.01249998 -0.008185505 0.008199989 0.01469999 -0.009067714 0.007317721 0.01469999 -0.008256673 0.007859647 0.01469999 -0.007299959 0.008049964 0.01469999 0.007299959 0.008049964 0.01469999 0.008185505 0.008199989 0.01469999 0.008256673 0.007859647 0.01469999 0.009067714 0.007317721 0.01469999 0.008185505 -0.008199989 0.01469999 0.009067714 -0.007317721 0.01469999 0.008256673 -0.007859647 0.01469999 0.007299959 -0.008049964 0.01469999 -0.007299959 -0.008049964 0.01469999 -0.008185505 -0.008199989 0.01469999 -0.008256673 -0.007859647 0.01469999 -0.009067714 -0.007317721 0.01469999 0.007859647 0.008256673 0.01249998 0.007317721 0.009067714 0.01249998 0.008199989 0.008185505 0.01249998 0.007317721 -0.009067714 0.01249998 0.007859647 -0.008256673 0.01249998 0.008199989 -0.008185505 0.01249998 0.008049964 -0.007299959 0.01249998 0.008049964 0.007299959 0.01249998 0.008049964 -0.007299959 0.008999943 0.008049964 -0.007309079 0.00899589 0.008027076 -0.007637381 0.008850455 0.006506681 -0.009609699 0.0142709 0.006938874 -0.009378671 0.01496392 0.007317721 -0.009067714 0.01589667 0.007872045 -0.008226156 0.008757472 0.007349312 -0.009035587 0.008443772 0.006529867 -0.009599924 0.007952094 0.005549967 -0.009799957 0.01369994 0.005549967 -0.009799957 0.007364213 0.005795001 -0.009787917 0.01373606 0.006037712 -0.009751915 0.01384407 0.008185505 -0.008199989 0.01669996 0.007585525 -0.00879997 0.01669996 0.009067714 -0.007317721 0.0113033 0.008199989 -0.008185505 0.01049995 0.00879997 -0.007585525 0.01049995 0.007341444 -0.008049607 0.01833599 0.007299959 -0.008049964 0.01833575 0.008226156 -0.007872045 0.01844251 0.009609699 -0.006506681 0.01292908 0.009378671 -0.006938874 0.01223599 0.009035587 -0.007349312 0.01875615 0.009599924 -0.006529867 0.01924782 0.009799957 -0.005549967 0.01349997 0.009799957 -0.005549967 0.01983577 0.009787917 -0.005795001 0.01346385 0.009751915 -0.006037712 0.01335585 0.009799957 0.005549967 0.01349997 0.009799957 0.005549967 0.01983577 0.009799957 0.00487864 0.02050709 0.009799957 0.004401922 0.02112841 0.009799957 0.00410217 0.02185195 0.009799957 -0.00487864 0.02050709 0.009799957 0.004803895 0.02581357 0.009799957 0.004981458 0.02677029 0.009799957 -0.00411266 0.02401965 0.009799957 -0.00444442 0.02490937 0.009799957 0.004970371 0.02774333 0.009799957 0.004770994 0.02869576 0.009799957 0.004390954 0.0295915 0.009799957 -0.00234121 0.03161793 0.009799957 -0.003152608 0.03108084 0.009799957 -0.004803895 0.02581357 0.009799957 -0.001441121 0.03198778 0.009799957 -0.003999948 0.02307689 0.009799957 -0.003999948 0.02262842 0.009799957 0.003999948 0.02262842 0.009799957 -0.00410217 0.02185195 0.009799957 -0.004401922 0.02112841 0.009799957 0.003999948 0.02307689 0.009799957 0.00411266 0.02401965 0.009799957 0.00444442 0.02490937 0.009799957 0.003844559 0.03039669 0.009799957 0.003152608 0.03108084 0.009799957 0.00234121 0.03161793 0.009799957 0.001441121 0.03198778 0.009799957 4.86533e-4 0.03217625 0.009799957 -4.86533e-4 0.03217625 0.009799957 -0.003844559 0.03039669 0.009799957 -0.004390954 0.0295915 0.009799957 -0.004981458 0.02677029 0.009799957 -0.004770994 0.02869576 0.009799957 -0.004970371 0.02774333 0.009378671 0.006938874 0.01223599 0.009067714 0.007317721 0.0113033 0.009787917 0.005795001 0.01346385 0.009611189 0.006502985 0.01926392 0.009767889 0.00594902 0.01959633 0.009609699 0.006506681 0.01292908 0.009751915 0.006037712 0.01335585 0.009441792 0.006839394 0.0190621 0.009071528 0.007313966 0.01877737 0.007299959 0.008049964 0.01833575 0.008118271 0.007912278 0.01841837 0.008259475 0.007858514 0.01845061 0.008854687 0.007507741 0.01866108 0.00879997 0.007585525 0.01049995 0.008199989 0.008185505 0.01049995 0.007585525 0.00879997 0.01669996 0.008185505 0.008199989 0.01669996 0.007317721 0.009067714 0.01589667 0.006938874 0.009378671 0.01496392 0.006037712 0.009751915 0.01384407 0.006506681 0.009609699 0.0142709 0.006586313 0.009575068 0.008950471 0.005795001 0.009787917 0.01373606 0.005829334 0.00978434 0.008713424 0.005549967 0.009799957 0.008613944 0.005549967 0.009799957 0.01369994 0.006295502 0.009686231 0.00886476 0.007550656 0.008799016 0.009190618 0.007317543 0.009067952 0.009138524 0.007239699 0.009142518 0.009120285 0.006990253 0.009343385 0.009059071 0.008006274 0.007765293 0.009282171 0.007920444 0.00809431 0.009265899 0.007859587 0.008256852 0.009254157 0.007732033 0.008520007 0.009228706 0.008026778 0.007639586 0.009285926 0.008049964 0.007308423 0.009494602 0.008049964 0.007299959 0.009499967 -0.005549967 0.009799957 0.01369994 0.00466144 0.009799957 0.00795865 0.003896653 0.009799957 0.007162392 -0.003896653 0.009799957 0.007162392 -0.00466144 0.009799957 0.00795865 -0.005549967 0.009799957 0.008613944 0.002822339 0.009799957 0.005242466 0.002543747 0.009799957 0.004174172 -0.002822339 0.009799957 0.005242466 0.003277659 0.009799957 0.006248235 -0.003277659 0.009799957 0.006248235 -0.001833796 0.009799957 -0.001624643 -0.002169311 0.009799957 -0.001138567 0.002449989 0.009799957 0 -0.002378761 0.009799957 -5.86323e-4 -0.002449989 0.009799957 0 0.002449989 0.009799957 0.003074109 -0.002449989 0.009799957 0.003074109 -0.002543747 0.009799957 0.004174172 8.68782e-4 0.009799957 -0.002290785 2.95315e-4 0.009799957 -0.002432107 0.001391708 0.009799957 -0.002016305 0.001833796 0.009799957 -0.001624643 0.002378761 0.009799957 -5.86323e-4 0.002169311 0.009799957 -0.001138567 -8.68782e-4 0.009799957 -0.002290785 -2.95315e-4 0.009799957 -0.002432107 -0.001391708 0.009799957 -0.002016305 -0.007751524 0.008484542 0.00923264 -0.007859587 0.008256852 0.009254157 -0.007933139 0.00805521 0.009268343 -0.008016705 0.007706403 0.009284079 -0.008049964 0.007299959 0.009499967 -0.008049964 0.007308423 0.009494602 -0.008026778 0.007639586 0.009285926 -0.006506681 0.009609699 0.0142709 -0.006938874 0.009378671 0.01496392 -0.007317721 0.009067714 0.01589667 -0.006506204 0.009609878 0.008927524 -0.006832897 0.009445667 0.009018182 -0.007213175 0.009166479 0.009113967 -0.007317483 0.009068012 0.009138524 -0.007529914 0.008826375 0.009186148 -0.006037712 0.009751915 0.01384407 -0.005795001 0.009787917 0.01373606 -0.006411373 0.009646892 0.008899688 -0.006025433 0.009754359 0.008779227 -0.008185505 0.008199989 0.01669996 -0.007585525 0.00879997 0.01669996 -0.009067714 0.007317721 0.0113033 -0.008199989 0.008185505 0.01049995 -0.00879997 0.007585525 0.01049995 -0.008256852 0.007859587 0.01794582 -0.008484542 0.007751524 0.01796728 -0.007299959 0.008049964 0.0179097 -0.007706403 0.008016705 0.01791584 -0.00805521 0.007933139 0.01793158 -0.009609699 0.006506681 0.01292908 -0.009378671 0.006938874 0.01223599 -0.009609878 0.006506204 0.01827245 -0.009445667 0.006832897 0.0181818 -0.009166479 0.007213175 0.01808595 -0.009068012 0.007317483 0.01806145 -0.008826375 0.007529914 0.01801383 -0.009751915 0.006037712 0.01335585 -0.009787917 0.005795001 0.01346385 -0.009646892 0.006411373 0.01830029 -0.009799957 0.005549967 0.01349997 -0.009754359 0.006025433 0.01842069 -0.009799957 0.005549967 0.01858597 -0.009799957 -0.005549967 0.01349997 -0.009799957 -0.005549967 0.01858597 -0.009799957 -0.00466144 0.01924133 -0.009799957 -0.003896653 0.02003753 -0.009799957 -0.003277659 0.02095174 -0.009799957 0.003896653 0.02003753 -0.009799957 0.00466144 0.01924133 -0.009799957 0.001833796 0.02882462 -0.009799957 0.002169311 0.02833855 -0.009799957 -0.002449989 0.02719998 -0.009799957 0.002378761 0.02778631 -0.009799957 0.002449989 0.02719998 -0.009799957 -0.002449989 0.02412581 -0.009799957 0.002449989 0.02412581 -0.009799957 -0.002543747 0.02302581 -0.009799957 0.002543747 0.02302581 -0.009799957 -0.002822339 0.02195745 -0.009799957 0.002822339 0.02195745 -0.009799957 0.003277659 0.02095174 -0.009799957 -8.68782e-4 0.02949076 -0.009799957 -2.95315e-4 0.02963209 -0.009799957 -0.001391708 0.02921628 -0.009799957 -0.001833796 0.02882462 -0.009799957 -0.002378761 0.02778631 -0.009799957 -0.002169311 0.02833855 -0.009799957 8.68782e-4 0.02949076 -0.009799957 2.95315e-4 0.02963209 -0.009799957 0.001391708 0.02921628 -0.009378671 -0.006938874 0.01223599 -0.009067714 -0.007317721 0.0113033 -0.009751915 -0.006037712 0.01335585 -0.009609699 -0.006506681 0.01292908 -0.009575068 -0.006586313 0.01824951 -0.009787917 -0.005795001 0.01346385 -0.00978434 -0.005829334 0.01848655 -0.009686231 -0.006295502 0.01833516 -0.008799016 -0.007550656 0.0180093 -0.009067952 -0.007317543 0.01806145 -0.009142518 -0.007239699 0.01807969 -0.009343385 -0.006990253 0.01814091 -0.007299959 -0.008049964 0.0179097 -0.007765293 -0.008006274 0.01791781 -0.00809431 -0.007920444 0.01793402 -0.008256852 -0.007859587 0.01794582 -0.008520007 -0.007732033 0.01797127 -0.00879997 -0.007585525 0.01049995 -0.008199989 -0.008185505 0.01049995 -0.007585525 -0.00879997 0.01669996 -0.008185505 -0.008199989 0.01669996 -0.007317721 -0.009067714 0.01589667 -0.006938874 -0.009378671 0.01496392 -0.005795001 -0.009787917 0.01373606 -0.006502628 -0.009611308 0.007935822 -0.005549967 -0.009799957 0.01369994 -0.006141304 -0.009729027 0.00771898 -0.005549967 -0.009799957 0.007364213 -0.006506681 -0.009609699 0.0142709 -0.006037712 -0.009751915 0.01384407 -0.006994426 -0.009340465 0.008230865 -0.007313549 -0.009071886 0.008422315 -0.007858037 -0.008260667 0.008749008 -0.007610559 -0.008715629 0.008600533 -0.008049964 -0.007299959 0.008999943 -0.008049964 -0.007309079 0.00899589 -0.008027076 -0.007637381 0.008850455 -0.007961869 -0.007957816 0.008811354 -0.00487864 -0.009799957 0.006692886 -0.004401922 -0.009799957 0.006071567 -0.00410217 -0.009799957 0.005348026 0.00487864 -0.009799957 0.006692886 0.004401922 -0.009799957 0.006071567 0.00410217 -0.009799957 0.005348026 -0.003999948 -0.009799957 0.004571557 0.003999948 -0.009799957 0.004571557 -0.004981458 -0.009799957 4.29663e-4 0.00444442 -0.009799957 0.002290606 -0.004803895 -0.009799957 0.001386344 0.00411266 -0.009799957 0.003180265 -0.00444442 -0.009799957 0.002290606 -0.004970371 -0.009799957 -5.4334e-4 -0.004770994 -0.009799957 -0.001495718 -0.004390954 -0.009799957 -0.002391517 -0.003844559 -0.009799957 -0.003196716 -0.003152608 -0.009799957 -0.003880798 -0.00234121 -0.009799957 -0.004417955 -0.001441121 -0.009799957 -0.004787743 -4.86533e-4 -0.009799957 -0.004976272 4.86533e-4 -0.009799957 -0.004976272 0.001441121 -0.009799957 -0.004787743 0.00234121 -0.009799957 -0.004417955 0.003152608 -0.009799957 -0.003880798 0.003844559 -0.009799957 -0.003196716 0.004390954 -0.009799957 -0.002391517 0.004770994 -0.009799957 -0.001495718 0.004970371 -0.009799957 -5.4334e-4 0.004981458 -0.009799957 4.29663e-4 0.004803895 -0.009799957 0.001386344 0.003999948 -0.009799957 0.004123091 -0.003999948 -0.009799957 0.004123091 -0.00411266 -0.009799957 0.003180265 0.005568683 0.007757067 0.01904284 0.004899978 0.007757067 0.01904284 0.005446374 0.007635235 0.01916474 0.005221962 0.007309675 0.0194903 0.005427837 0.00558573 0.02121418 0.005115509 0.00615406 0.02064585 0.004899978 0.00558573 0.02121418 0.005050957 0.006544172 0.02025574 0.005087256 0.006937921 0.01986205 0.00879997 -0.006257057 0.02054286 0.00879997 -0.00558573 0.02121418 0.007772088 -0.00558573 0.02121418 0.008084475 -0.00615406 0.02064585 0.008148968 -0.006544172 0.02025574 0.008679926 -0.006844997 0.01995491 0.008112668 -0.006937921 0.01986205 0.008341312 -0.007336676 0.01946324 0.007977962 -0.007309675 0.0194903 0.007855713 -0.007650315 0.0191496 0.007753551 -0.007635235 0.01916474 0.007685065 -0.00770682 0.01909315 0.004899978 0.008049964 0.01769995 0.004899978 0.008049964 0.01833575 -0.006052255 0.008049964 0.01769995 -0.007147669 0.008049964 0.01769995 -0.007147669 0.008049964 0.0179097 0.006052255 0.008049964 0.01833575 0.007147669 0.008049964 0.01833575 0.006052255 -0.008049964 0.01833575 0.004899978 -0.008049964 0.01833575 0.004899978 -0.008049964 0.01769995 0.007147669 -0.008049964 0.01833575 -0.007147669 -0.008049964 0.0179097 -0.007147669 -0.008049964 0.01769995 -0.006052255 -0.008049964 0.01769995 0.005569517 0.005442142 0.02467352 0.005706608 0.005333304 0.02445125 0.004899978 0.005333304 0.02445125 0.007630467 -0.005442142 0.02467352 0.007493317 -0.005333304 0.02445125 0.00879997 -0.005333304 0.02445125 0.007857859 -0.005694329 0.02530944 0.00879997 -0.005764722 0.02553629 0.007970929 -0.005876779 0.02599036 0.00879997 -0.005876779 0.02599036 0.00802344 -0.005986571 0.02679878 0.00879997 -0.005977749 0.0266844 0.008022904 -0.005985319 0.027619 0.004899978 -0.005650877 0.02921664 0.005374491 -0.005650877 0.02921664 0.004899978 -0.00489825 0.03066504 0.005547642 -0.00546199 0.02968323 0.005812942 -0.005264639 0.03007805 0.005993604 -0.005173504 0.03023886 0.006208777 -0.005100131 0.0303604 0.006584465 -0.005050063 0.03043985 0.006962478 -0.005092978 0.03037196 0.00879997 -0.00489825 0.03066504 0.00879997 -0.005985319 0.027619 0.00879997 -0.005964457 0.02785199 0.007968425 -0.00587207 0.02843219 0.00879997 -0.005725204 0.02899491 0.007825434 -0.005650877 0.02921664 0.00879997 -0.005650877 0.02921664 0.007630467 -0.005442142 0.02972644 0.00879997 -0.00526911 0.03006982 0.007360398 -0.005249321 0.03010588 0.007178723 -0.00516206 0.03025817 0.004899978 -0.005876779 0.02599036 0.005176365 -0.005986869 0.02680343 0.004899978 -0.005985319 0.027619 0.005177021 -0.005985319 0.027619 0.005231797 -0.005871593 0.02843451 0.005706608 -0.005333304 0.02445125 0.005547642 -0.00546199 0.02471673 0.004899978 -0.005333304 0.02445125 0.005336701 -0.00570178 0.02533203 0.005228996 -0.005876779 0.02599036 0.004899978 0.005876779 0.02599036 0.005228996 0.005876779 0.02599036 0.005342066 0.005694329 0.02530944 0.004899978 0.005650877 0.02921664 0.005231499 0.00587207 0.02843219 0.004899978 0.005985319 0.027619 0.005177021 0.005985319 0.027619 0.005176544 0.005986571 0.02679878 0.006991147 0.005100131 0.0303604 0.00879997 0.00489825 0.03066504 0.00720632 0.005173504 0.03023886 0.007386982 0.005264639 0.03007805 0.006615459 0.005050063 0.03043985 0.006237447 0.005092978 0.03037196 0.004899978 0.00489825 0.03066504 0.006021261 0.00516206 0.03025817 0.005839526 0.005249321 0.03010588 0.005569517 0.005442142 0.02972644 0.005374491 0.005650877 0.02921664 0.007652342 0.00546199 0.02968323 0.00879997 0.00526911 0.03006982 0.007825434 0.005650877 0.02921664 0.00879997 0.005650877 0.02921664 0.007968187 0.005871593 0.02843451 0.00879997 0.005725204 0.02899491 0.008022904 0.005985319 0.027619 0.00879997 0.005964457 0.02785199 0.00879997 0.005985319 0.027619 0.00802356 0.005986869 0.02680343 0.00879997 0.005977749 0.0266844 0.007970929 0.005876779 0.02599036 0.00879997 0.005876779 0.02599036 0.007863223 0.00570178 0.02533203 0.00879997 0.005764722 0.02553629 0.007652342 0.00546199 0.02471673 0.00879997 0.005333304 0.02445125 0.007493317 0.005333304 0.02445125 0.00879997 -0.004613459 0.03103607 0.004899978 -0.003783106 0.03185701 0.00879997 -0.003783106 0.03185701 0.00879997 -0.002809464 0.03250157 0.004899978 -0.002388 0.03270429 0.00879997 -8.16134e-4 0.03314423 0.004899978 -8.16134e-4 0.03314423 0.00879997 -0.001729369 0.03294533 0.00879997 -0.002388 0.03270429 0.00879997 -5.8384e-4 0.03317147 0.00879997 5.8384e-4 0.03317147 0.004899978 8.16134e-4 0.03314423 0.00879997 8.16134e-4 0.03314423 0.00879997 0.001729369 0.03294533 0.004899978 0.002388 0.03270429 0.00879997 0.002388 0.03270429 0.00879997 0.002809464 0.03250157 0.004899978 0.003783106 0.03185701 0.00879997 0.004613459 0.03103607 0.00879997 0.003783106 0.03185701 -0.006399989 5.19779e-4 0.02475458 -0.006399989 -5.19779e-4 0.02475458 -0.006399989 -0.005062937 0.0187 -0.006399989 -0.001469433 0.02517741 -0.006399989 0 0.02969998 -0.006399989 -5.99086e-4 0.03059756 -0.006399989 -0.001016795 0.02948385 -0.006399989 -0.001724958 0.03018778 -0.006399989 -0.001857817 0.02887278 -0.006399989 -0.00264281 0.02941757 -0.006399989 -0.002377629 0.02797251 -0.006399989 -0.003241896 0.02837991 -0.006399989 -0.002486288 0.02693867 -0.006399989 -0.003449976 0.02719998 -0.006399989 -0.002165019 0.02594995 -0.006399989 -0.003449976 0.02412581 -0.006399989 0.005062937 0.0202347 -0.006399989 0.004926145 0.02037632 -0.006399989 0.005062937 0.0187 -0.006399989 0.004123508 0.0214886 -0.006399989 -0.003620982 0.02276492 -0.006399989 -0.004123508 0.0214886 -0.006399989 -0.004926145 0.02037632 -0.006399989 -0.005062937 0.0202347 -0.006399989 0.001469433 0.02517741 -0.006399989 0.003620982 0.02276492 -0.006399989 0.002165019 0.02594995 -0.006399989 0.003449976 0.02412581 -0.006399989 0.002486288 0.02693867 -0.006399989 0.003449976 0.02719998 -0.006399989 0.002377629 0.02797251 -0.006399989 0.003241896 0.02837991 -0.006399989 0.001857817 0.02887278 -0.006399989 0.00264281 0.02941757 -0.006399989 0.001016795 0.02948385 -0.006399989 0.001724958 0.03018778 -0.006399989 5.99086e-4 0.03059756 -0.00879997 0.006073057 0.01943826 -0.008072555 0.00611633 0.01941198 -0.008772611 0.006314456 0.01929843 -0.008146584 0.006497383 0.01920294 -0.008708119 0.006510376 0.01919651 -0.008038163 0.007177948 0.01891911 -0.008215785 0.00707823 0.01895409 -0.008121371 0.006896495 0.01902353 -0.008419871 0.006917417 0.01901519 -0.008587419 0.006724357 0.01909625 -0.006685376 0.005052328 0.02024531 -0.006964802 0.005093514 0.02020436 -0.00879997 0.004926145 0.02037632 -0.007342696 0.005239486 0.02006602 -0.007652163 0.005461812 0.01987344 -0.00879997 0.005321204 0.01999276 -0.007863759 0.005702555 0.01968687 -0.008020162 0.00597912 0.01949727 -0.00879997 0.004674077 0.02066653 -0.00879997 0.004150331 0.02144002 -0.00879997 0.003765046 0.02229106 -0.00879997 0.003449976 0.02412581 -0.00879997 0.00352931 0.02319502 -0.00879997 0.003620982 0.02276492 -0.006684601 -0.005052268 0.02024537 -0.006964802 -0.005093514 0.02020436 -0.008199393 -0.00708878 0.01895034 -0.008038163 -0.007177948 0.01891911 -0.008121371 -0.006896495 0.01902353 -0.008731722 -0.006451547 0.01922607 -0.008665025 -0.006599187 0.01915353 -0.008146643 -0.006498515 0.01920235 -0.008526027 -0.006804287 0.01906168 -0.008405506 -0.006930887 0.01900982 -0.008790552 -0.006214916 0.0193541 -0.00807321 -0.006118178 0.01941084 -0.00879997 -0.006073057 0.01943826 -0.008018076 -0.005974292 0.01950037 -0.00879997 -0.005321204 0.01999276 -0.007862985 -0.005701482 0.01968765 -0.00879997 -0.004926145 0.02037632 -0.007652163 -0.005461812 0.01987344 -0.007342219 -0.005239248 0.0200662 -0.00879997 -0.004674077 0.02066653 -0.00879997 -0.004150331 0.02144002 -0.00879997 -0.003765046 0.02229106 -0.00879997 -0.003620982 0.02276492 -0.00879997 -0.00352931 0.02319502 -0.00879997 -0.003449976 0.02412581 0.007257282 0.005196213 0.02414411 0.00879997 0.005084514 0.02378398 0.00879997 0.004999995 0.02307689 0.004899978 0.004999995 0.02307689 0.006599485 0.005049943 0.02362233 0.006691575 0.005052685 0.02363675 0.00677675 0.005060076 0.02367442 0.006925284 0.005084514 0.02378398 0.004899978 0.005084514 0.02378398 0.00595504 0.005190491 0.02412897 0.006237447 0.005092978 0.02381801 0.006422758 0.005060136 0.02367466 0.005942702 -0.005196213 0.02414411 0.004899978 -0.005084514 0.02378398 0.004899978 -0.004999995 0.02307689 0.00879997 -0.004999995 0.02307689 0.006600499 -0.005049943 0.02362233 0.00650835 -0.005052685 0.02363675 0.006423175 -0.005060076 0.02367442 0.00627464 -0.005084514 0.02378398 0.00879997 -0.005084514 0.02378398 0.007244884 -0.005190491 0.02412897 0.006962478 -0.005092978 0.02381801 0.006777167 -0.005060136 0.02367466 0.004899978 -0.007049977 0.0187 0.004899978 0.007049977 0.0187 -0.005510389 -0.005497515 0.0187 -0.005111515 -0.00616759 0.0187 -0.005089342 -0.0069471 0.0187 -0.00511676 -0.007049977 0.0187 -0.006185114 0.005106508 0.0187 -0.006185114 -0.005106508 0.0187 -0.005510389 0.005497515 0.0187 -0.005111515 0.00616759 0.0187 -0.005089342 0.0069471 0.0187 -0.00511676 0.007049977 0.0187 0.00879997 0.004999995 0.02262842 0.007772088 0.004999995 0.02262842 0.007488548 0.004999995 0.02260714 0.006226658 0.004999995 0.02244275 0.005980789 0.004999995 0.02254414 0.005702853 0.004999995 0.02260839 0.005427837 0.004999995 0.02262842 0.004899978 0.004999995 0.02262842 0.007190346 0.004999995 0.0225346 0.00694704 0.004999995 0.02242892 0.006508827 0.004999995 0.02225786 0.006730079 0.004999995 0.02228826 0.006523549 0.004999995 0.02224612 0.006674528 0.004999995 0.02224463 0.006593704 0.004999995 0.02219569 0.006587028 0.004999995 0.02219879 0.006575226 0.004999995 0.02220624 0.006604909 0.004999995 0.02219521 0.006599247 0.004999995 0.02219438 0.00659579 0.004999995 0.02219498 0.006614148 0.004999995 0.02219951 0.004899978 -0.004999995 0.02262842 0.005427837 -0.004999995 0.02262842 0.006973326 -0.004999995 0.02244275 0.007219135 -0.004999995 0.02254414 0.007497072 -0.004999995 0.02260839 0.007772088 -0.004999995 0.02262842 0.00879997 -0.004999995 0.02262842 0.005711376 -0.004999995 0.02260714 0.006009578 -0.004999995 0.0225346 0.006252944 -0.004999995 0.02242892 0.006691157 -0.004999995 0.02225786 0.006469905 -0.004999995 0.02228826 0.006676375 -0.004999995 0.02224612 0.006525397 -0.004999995 0.02224463 0.006606221 -0.004999995 0.02219569 0.006612956 -0.004999995 0.02219879 0.006624758 -0.004999995 0.02220624 0.006595015 -0.004999995 0.02219521 0.006600677 -0.004999995 0.02219438 0.006604135 -0.004999995 0.02219498 0.006585776 -0.004999995 0.02219951 0.004899978 -0.007915973 0.01819998 0.004899978 0.007549941 0.01856601 0.004899978 0.007973849 0.01871842 0.004899978 0.007915973 0.01819998 0.004899978 -0.001016795 0.02491611 0.004899978 0 0.02469998 0.004899978 -0.007549941 0.01856601 0.004899978 0.002165019 0.02844995 0.004899978 0.002486288 0.02746129 0.004899978 0.002377629 0.02642744 0.004899978 -0.001857817 0.02552717 0.004899978 -0.002377629 0.02642744 0.004899978 -0.002486288 0.02746129 0.004899978 -0.001469433 0.02922254 0.004899978 -5.19779e-4 0.02964532 0.004899978 5.19779e-4 0.02964532 0.004899978 -0.002165019 0.02844995 0.004899978 -0.007973849 0.01871842 0.004899978 -0.007757067 0.01904284 0.004899978 -0.00558573 0.02121418 0.004899978 -0.005152225 0.02186304 0.004899978 0.001857817 0.02552717 0.004899978 0.001016795 0.02491611 0.004899978 0.005152225 0.02186304 0.004899978 0.001469433 0.02922254 -0.00879997 -0.003449976 0.02719998 -0.00879997 0.003449976 0.02719998 -0.00879997 0.003349721 0.02802562 -0.00879997 0.00264281 0.02941757 -0.00879997 0.003054797 0.02880328 -0.00879997 0.003241896 0.02837991 -0.00879997 0.002582311 0.02948772 -0.00879997 0.0019598 0.03003925 -0.00879997 5.99086e-4 0.03059756 -0.00879997 0.001223385 0.03042578 -0.00879997 0.001724958 0.03018778 -0.00879997 4.15852e-4 0.0306248 -0.00879997 -4.15852e-4 0.0306248 -0.00879997 -0.001724958 0.03018778 -0.00879997 -0.001223385 0.03042578 -0.00879997 -5.99086e-4 0.03059756 -0.00879997 -0.0019598 0.03003925 -0.00879997 -0.002582311 0.02948772 -0.00879997 -0.00264281 0.02941757 -0.00879997 -0.003054797 0.02880328 -0.00879997 -0.003349721 0.02802562 -0.00879997 -0.003241896 0.02837991 0.005221962 -0.007309675 0.0194903 0.005441784 -0.00763005 0.01916986 0.005568683 -0.007757067 0.01904284 0.005087256 -0.006937921 0.01986205 0.005050957 -0.006544172 0.02025574 0.005115509 -0.00615406 0.02064585 0.005427837 -0.00558573 0.02121418 0.007772088 0.00558573 0.02121418 0.00879997 0.00558573 0.02121418 0.008084475 0.00615406 0.02064585 0.00879997 0.006257057 0.02054286 0.008148968 0.006544172 0.02025574 0.008780717 0.006496489 0.02030342 0.008112668 0.006937921 0.01986205 0.008585035 0.007030725 0.01976919 0.007977962 0.007309675 0.0194903 0.008232772 0.007431745 0.01936823 0.007756173 0.007632255 0.01916766 0.007790982 0.007674455 0.01912552 0.007685065 0.00770682 0.01909315 0.005947232 -0.005194127 0.02740579 0.005334496 -0.005704939 0.02824336 0.007239282 -0.005187988 0.02741158 0.007856786 -0.00569278 0.02826261 0.007252693 0.005194127 0.02740579 0.007865428 0.005704939 0.02824336 0.005960643 0.005187988 0.02741158 0.005343198 0.00569278 0.02826261 0.005446374 0.007635235 0.01833575 0.007753551 0.007635235 0.01833575 0.007436454 0.007904887 0.01885122 0.007195353 0.00803107 0.01852929 0.007299959 0.007982909 0.01869583 0.007425963 0.007911562 0.01884031 0.008112668 0.006937921 0.01833575 0.008084475 0.00615406 0.01833575 0.007676064 0.005484402 0.01833575 0.007687389 0.005495429 0.02130454 0.007358789 0.005248427 0.02155154 0.007447659 0.005302309 0.02149766 0.006992161 0.005100429 0.01833575 0.007574915 0.005394995 0.02140498 0.007680356 0.005488514 0.0213114 0.006230592 0.005094647 0.02170532 0.006207764 0.005100429 0.02169954 0.006207764 0.005100429 0.01833575 0.005841135 0.005248427 0.02155154 0.006328284 0.005073964 0.02172601 0.006425917 0.005059778 0.02174019 0.006472051 0.005055248 0.02174466 0.006599962 0.005049943 0.02174997 0.006992161 0.005100429 0.02169954 0.00552386 0.005484402 0.01833575 0.005115509 0.00615406 0.01833575 0.00552386 0.005484402 0.02131551 0.005612611 0.005405128 0.02139484 0.005087256 0.006937921 0.01833575 0.005997836 0.008028209 0.01854312 0.005882382 0.007973849 0.01871842 0.007753551 -0.007635235 0.01833575 0.005997896 -0.008028268 0.01854306 0.005882382 -0.007973849 0.01871842 0.005446374 -0.007635235 0.01833575 0.005087256 -0.006937921 0.01833575 0.005115509 -0.00615406 0.01833575 0.00552386 -0.005484402 0.01833575 0.005512595 -0.005495429 0.02130454 0.005841135 -0.005248427 0.02155154 0.005752265 -0.005302309 0.02149766 0.006207764 -0.005100429 0.01833575 0.005625009 -0.005394995 0.02140498 0.005519568 -0.005488514 0.0213114 0.006969392 -0.005094647 0.02170532 0.006992161 -0.005100429 0.02169954 0.006992161 -0.005100429 0.01833575 0.007358789 -0.005248427 0.02155154 0.00687164 -0.005073964 0.02172601 0.006774067 -0.005059778 0.02174019 0.006727874 -0.005055248 0.02174466 0.006599962 -0.005049943 0.02174997 0.006207764 -0.005100429 0.02169954 0.007676064 -0.005484402 0.01833575 0.008084475 -0.00615406 0.01833575 0.007676064 -0.005484402 0.02131551 0.007587313 -0.005405128 0.02139484 0.008112668 -0.006937921 0.01833575 0.007195353 -0.00803107 0.01852929 0.007299959 -0.007982909 0.01869583 0.007327616 -0.007968544 0.0187307 0.007435023 -0.007905781 0.01884967 0.007539212 -0.007833003 0.01895278 -0.005781054 -0.007915973 0.01819998 -0.005449533 -0.007638692 0.01850831 -0.005449533 -0.007638692 0.01769995 -0.007559597 -0.007817149 0.01853626 -0.007463991 -0.007886826 0.01844948 -0.007784426 -0.007599771 0.01769995 -0.007299959 -0.007982909 0.01826977 -0.007195353 -0.00803107 0.0181033 -0.008121371 -0.006896495 0.01769995 -0.007868051 -0.00749129 0.01878386 -0.007798731 -0.007582545 0.01873022 -0.00807321 -0.006118178 0.01769995 -0.007652163 -0.005461812 0.01769995 -0.006964802 -0.005093514 0.01769995 -0.006185114 -0.005106508 0.01769995 -0.005510389 -0.005497515 0.01769995 -0.005111515 -0.00616759 0.01769995 -0.005089342 -0.0069471 0.01769995 -0.005226612 -0.007318615 0.01866322 -0.005375206 -0.007549941 0.01856601 -0.006024479 -0.008039176 0.01784658 -0.005957603 -0.008010625 0.01797777 -0.005781054 0.007915973 0.01819998 -0.005957961 0.008010745 0.01797729 -0.005449533 0.007638692 0.01769995 -0.006024718 0.008039236 0.01784592 -0.005226135 0.007317602 0.01866346 -0.005089342 0.0069471 0.01769995 -0.005377709 0.00755316 0.01856416 -0.005449533 0.007638692 0.01850831 -0.006964802 0.005093514 0.01769995 -0.006185114 0.005106508 0.01769995 -0.005510389 0.005497515 0.01769995 -0.005111515 0.00616759 0.01769995 -0.007652163 0.005461812 0.01769995 -0.00807321 0.006118178 0.01769995 -0.008121371 0.006896495 0.01769995 -0.007784426 0.007599771 0.01769995 -0.007989227 0.007287383 0.01887881 -0.007463991 0.007886826 0.01844948 -0.007712185 0.007679522 0.01866233 -0.007798731 0.007582545 0.01873022 -0.007299959 0.007982909 0.01826977 -0.007195353 0.00803107 0.0181033 0.00879997 -0.005267918 0.02162837 0.007772088 -0.005152225 0.02186304 0.00879997 -0.005068123 0.02211076 0.00879997 -0.005152225 0.02186304 0.006449103 -0.005019187 0.02195924 0.007600247 -0.005128681 0.02191019 0.007413327 -0.005103945 0.02193796 0.00722891 -0.005079865 0.02194488 0.006944 -0.005041718 0.02193969 0.006920576 -0.005038559 0.0219407 0.006799161 -0.005023777 0.02195274 0.00674349 -0.005018532 0.02196019 0.0066908 -0.005014955 0.02196621 0.006666421 -0.005013823 0.02196824 0.006612479 -0.005012571 0.02197068 0.006523728 -0.00501424 0.02196753 0.006282448 -0.005038142 0.02194082 0.006203174 -0.005048811 0.02193903 0.005992591 -0.005077064 0.02194464 0.005807042 -0.005101263 0.02193963 0.005605161 -0.005127906 0.02191132 0.005427837 -0.005152225 0.02186304 0.005427837 0.005152225 0.02186304 0.006750881 0.005019187 0.02195924 0.005599677 0.005128681 0.02191019 0.005786657 0.005103945 0.02193796 0.005971074 0.005079865 0.02194488 0.006255924 0.005041718 0.02193969 0.006279349 0.005038559 0.0219407 0.006400823 0.005023777 0.02195274 0.006456434 0.005018532 0.02196019 0.006509184 0.005014955 0.02196621 0.006533503 0.005013823 0.02196824 0.006587505 0.005012571 0.02197068 0.006676197 0.00501424 0.02196753 0.006917476 0.005038142 0.02194082 0.00699675 0.005048811 0.02193903 0.007207393 0.005077064 0.02194464 0.007392883 0.005101263 0.02193963 0.007594764 0.005127906 0.02191132 0.007772088 0.005152225 0.02186304 0.00879997 0.005267918 0.02162837 0.00879997 0.005152225 0.02186304 0.00879997 0.005068123 0.02211076 -0.009594798 0.006222367 0.01883798 -0.009477972 0.00655359 0.01871299 -0.007883489 0.007629513 0.01868057 -0.007671475 0.007932305 0.01832771 -0.007990539 0.007859945 0.01834285 -0.008383929 0.007703006 0.01837754 -0.008698463 0.007512152 0.01842319 -0.009014308 0.007240235 0.01849496 -0.009278893 0.006914556 0.01859164 -0.009666025 0.005811512 0.01901215 -0.00950706 0.005919814 0.01918864 -0.008215844 0.007504105 0.01871359 -0.008481621 0.007351756 0.01875716 -0.008748531 0.007134974 0.01882582 -0.008972108 0.006875753 0.01891857 -0.009140431 0.006589233 0.01903527 -0.009239315 0.006326973 0.0191558 -0.009299993 0.006002962 0.01932406 -0.009299993 0.003315985 0.02412581 -0.009182631 0.003373861 0.02412581 -0.009182631 0.003454267 0.02318215 -0.009723842 0.004913926 0.01952886 -0.009723842 0.0041942 0.02027821 -0.009723842 0.003611624 0.0211386 -0.009723842 0.003183066 0.02208513 -0.009723842 0.002920866 0.02309054 -0.00950706 0.005127966 0.01977264 -0.009723842 0.002832651 0.02412581 -0.009666025 0.002949953 0.02412581 -0.00950706 0.004446387 0.0204823 -0.00950706 0.003894746 0.02129703 -0.00950706 0.003488898 0.02219337 -0.00950706 0.003240644 0.02314543 -0.00950706 0.003157079 0.02412581 -0.009182631 0.005271017 0.01993554 -0.009182631 0.004614949 0.02061861 -0.009182631 0.004083931 0.02140289 -0.009182631 0.003693282 0.02226567 -0.009723842 0.002832651 0.02719998 -0.009666025 0.002949953 0.02719998 -0.00950706 0.003157079 0.02719998 -0.009299993 0.003315985 0.02719998 -0.009182631 0.003373861 0.02719998 -0.009299993 -0.003315985 0.02719998 -0.009182631 -0.003373861 0.02719998 -0.009182631 -0.003275811 0.02800738 -0.009182631 0.003275811 0.02800738 -0.009182631 -0.002987384 0.02876788 -0.009182631 -0.002525329 0.02943724 -0.009182631 -0.001916527 0.0299766 -0.009182631 -0.001196384 0.03035461 -0.009182631 -4.06676e-4 0.03054922 -0.009182631 4.06676e-4 0.03054922 -0.009182631 0.001196384 0.03035461 -0.009182631 0.001916527 0.0299766 -0.009182631 0.002525329 0.02943724 -0.009182631 0.002987384 0.02876788 -0.009666025 -0.002949953 0.02719998 -0.00950706 -0.003157079 0.02719998 -0.00950706 -0.003065347 0.02795553 -0.00950706 -0.002795457 0.02866715 -0.00950706 -0.002363085 0.02929353 -0.00950706 -0.001793384 0.0297982 -0.00950706 -0.001119494 0.0301519 -0.00950706 -3.80547e-4 0.03033405 -0.00950706 3.80547e-4 0.03033405 -0.00950706 0.001119494 0.0301519 -0.00950706 0.001793384 0.0297982 -0.00950706 0.002363085 0.02929353 -0.00950706 0.002795457 0.02866715 -0.00950706 0.003065347 0.02795553 -0.009723842 -0.002832651 0.02719998 -0.009723842 -0.002750337 0.02787786 -0.009723842 -0.002508163 0.02851641 -0.009723842 -0.002120256 0.02907836 -0.009723842 -0.001609146 0.02953124 -0.009723842 -0.001004457 0.02984857 -0.009723842 -3.41442e-4 0.03001201 -0.009723842 3.41442e-4 0.03001201 -0.009723842 0.001004457 0.02984857 -0.009723842 0.001609146 0.02953124 -0.009723842 0.002120256 0.02907836 -0.009723842 0.002508163 0.02851641 -0.009723842 0.002750337 0.02787786 -0.009723842 -0.002832651 0.02412581 -0.009666025 -0.002949953 0.02412581 -0.00950706 -0.003157079 0.02412581 -0.009299993 -0.003315985 0.02412581 -0.009182631 -0.003373861 0.02412581 -0.009666025 -0.005811512 0.01901215 -0.009723842 -0.002920866 0.02309054 -0.009182631 -0.003454267 0.02318215 -0.00950706 -0.003240644 0.02314543 -0.009723842 -0.003183066 0.02208513 -0.009723842 -0.003611624 0.0211386 -0.00950706 -0.003488898 0.02219337 -0.00950706 -0.003894746 0.02129703 -0.009182631 -0.003693282 0.02226567 -0.009182631 -0.004083931 0.02140289 -0.009723842 -0.0041942 0.02027821 -0.00950706 -0.004446387 0.0204823 -0.009182631 -0.004614949 0.02061861 -0.009723842 -0.004913926 0.01952886 -0.00950706 -0.005127966 0.01977264 -0.009182631 -0.005271017 0.01993554 -0.00950706 -0.005919814 0.01918864 -0.009299993 -0.006002962 0.01932406 -0.009633481 -0.006053388 0.01890695 -0.008243381 -0.007490694 0.01871728 -0.007913708 -0.007620692 0.01868283 -0.008460342 -0.007366001 0.01875293 -0.007725358 -0.007923245 0.01832956 -0.008026361 -0.007848918 0.01834517 -0.00951904 -0.006454288 0.01874905 -0.009405374 -0.006703436 0.01866078 -0.009181082 -0.007049262 0.01855021 -0.008991897 -0.007262945 0.0184887 -0.00867325 -0.007530033 0.01841878 -0.008729577 -0.007153093 0.01881974 -0.008889436 -0.006982922 0.01887875 -0.009079039 -0.006708085 0.01898497 -0.009175121 -0.006510496 0.01907002 -0.009272158 -0.006193578 0.01922243 -0.008416473 -0.007686257 0.01838141 0.007299959 -0.008015871 0.01859456 0.007993698 -0.007794857 0.01894813 0.007336556 -0.008015632 0.0185948 0.008120596 -0.007870852 0.0187059 0.008855462 -0.007440865 0.01903444 0.009405553 -0.006753802 0.01955461 0.009666025 -0.005903542 0.02018934 0.00861454 -0.007436513 0.01927983 0.009079098 -0.00686568 0.01980555 0.009299993 -0.006162345 0.02044814 0.009182631 -0.005531907 0.02116036 0.009299993 -0.005491018 0.02111947 0.00950706 -0.005378663 0.02100706 0.009666025 -0.005232214 0.02086061 0.009723842 -0.005149245 0.0207777 0.009723842 -0.004471838 0.02195101 0.009723842 -0.004733324 0.02131974 0.009182631 -0.005201995 0.02159035 0.00950706 -0.00501424 0.02148193 0.009723842 -0.004382669 0.02262842 0.009666025 -0.004499971 0.02262842 0.00950706 -0.00478518 0.02203494 0.00950706 -0.004707098 0.02262842 0.009182631 -0.004994571 0.02209109 0.009299993 -0.004866003 0.02262842 0.009182631 -0.00492388 0.02262842 0.009723842 -0.004382669 0.02307689 0.009666025 -0.004499971 0.02307689 0.00950706 -0.004707098 0.02307689 0.009299993 -0.004866003 0.02307689 0.009182631 -0.00492388 0.02307689 0.009723842 -0.004484593 0.02392947 0.009182631 -0.005010545 0.02380192 0.00950706 -0.004799842 0.023853 0.009723842 -0.004784584 0.02473402 0.00950706 -0.005072951 0.02458542 0.009182631 -0.005265653 0.02448612 0.009723842 0.004784584 0.02473402 0.009723842 0.005171597 0.02570748 0.00950706 0.005072951 0.02458542 0.00950706 0.005483329 0.02561753 0.009182631 0.005265653 0.02448612 0.009182631 0.005691587 0.02555739 0.009182631 0.005901932 0.0266909 0.009182631 0.00588876 0.02784371 0.009182631 0.005652546 0.02897214 0.009182631 0.005202293 0.0300334 0.009182631 0.004554927 0.03098738 0.009182631 0.003735125 0.03179794 0.009182631 0.002773821 0.03243428 0.009182631 0.001707434 0.03287243 0.009182631 5.76433e-4 0.03309571 0.009182631 -5.76433e-4 0.03309571 0.009182631 -0.001707434 0.03287243 0.009182631 -0.002773821 0.03243428 0.009182631 -0.003735125 0.03179794 0.009182631 -0.004554927 0.03098738 0.009182631 -0.005202293 0.0300334 0.009182631 -0.005652546 0.02897214 0.009182631 -0.00588876 0.02784371 0.009182631 -0.005901932 0.0266909 0.009182631 -0.005691587 0.02555739 0.00950706 0.005685985 0.02670955 0.00950706 0.005673289 0.02782016 0.00950706 0.005445718 0.02890729 0.00950706 0.005011916 0.02992975 0.00950706 0.004388272 0.0308488 0.00950706 0.003598451 0.03162968 0.00950706 0.002672314 0.03224277 0.00950706 0.001644968 0.03266489 0.00950706 5.5534e-4 0.03288 0.00950706 -5.5534e-4 0.03288 0.00950706 -0.001644968 0.03266489 0.00950706 -0.002672314 0.03224277 0.00950706 -0.003598451 0.03162968 0.00950706 -0.004388272 0.0308488 0.00950706 -0.005011916 0.02992975 0.00950706 -0.005445718 0.02890729 0.00950706 -0.005673289 0.02782016 0.00950706 -0.005685985 0.02670955 0.00950706 -0.005483329 0.02561753 0.009723842 0.005362749 0.02673745 0.009723842 0.005350768 0.02778488 0.009723842 0.005136132 0.0288102 0.009723842 0.004727005 0.02977454 0.009723842 0.004138827 0.03064137 0.009723842 0.003393888 0.03137785 0.009723842 0.002520382 0.03195607 0.009723842 0.001551449 0.03235423 0.009723842 5.23771e-4 0.03255712 0.009723842 -5.23771e-4 0.03255712 0.009723842 -0.001551449 0.03235423 0.009723842 -0.002520382 0.03195607 0.009723842 -0.003393888 0.03137785 0.009723842 -0.004138827 0.03064137 0.009723842 -0.004727005 0.02977454 0.009723842 -0.005136132 0.0288102 0.009723842 -0.005350768 0.02778488 0.009723842 -0.005362749 0.02673745 0.009723842 -0.005171597 0.02570748 0.009723842 0.004484593 0.02392947 0.009723842 0.004382669 0.02307689 0.009666025 0.004499971 0.02307689 0.00950706 0.004799842 0.023853 0.00950706 0.004707098 0.02307689 0.009182631 0.005010545 0.02380192 0.009299993 0.004866003 0.02307689 0.009182631 0.00492388 0.02307689 0.009723842 0.004382669 0.02262842 0.009666025 0.004499971 0.02262842 0.00950706 0.004707098 0.02262842 0.009299993 0.004866003 0.02262842 0.009182631 0.00492388 0.02262842 0.009723842 0.004733324 0.02131974 0.009723842 0.004471838 0.02195101 0.009182631 0.004994571 0.02209109 0.00950706 0.00478518 0.02203494 0.00950706 0.00501424 0.02148193 0.009182631 0.005201995 0.02159035 0.009723842 0.005149245 0.0207777 0.009666025 0.005232214 0.02086061 0.00950706 0.005378663 0.02100706 0.009299993 0.005491018 0.02111947 0.009182631 0.005531907 0.02116036 0.009299993 0.006162345 0.02044814 0.009666025 0.005903542 0.02018934 0.007912397 0.007822275 0.01892274 0.007299959 0.008015871 0.01859456 0.008024394 0.007903635 0.01868075 0.00924474 0.006452202 0.02018409 0.00868833 0.007571816 0.01893466 0.009244024 0.007015466 0.01935726 0.009601294 0.006254434 0.01992869 0.008473396 0.00754553 0.01917904 0.008942663 0.00708276 0.01960599 -0.007399976 0 0.02969998 -0.006399989 0 0.02969998 -0.007399976 -0.001016795 0.02948385 -0.007399976 -0.001857817 0.02887278 -0.007399976 -0.002377629 0.02797251 -0.007399976 -0.002486288 0.02693867 -0.007399976 -0.002165019 0.02594995 -0.007399976 -0.001469433 0.02517741 -0.007399976 -5.19779e-4 0.02475458 -0.007399976 5.19779e-4 0.02475458 -0.007399976 0.001469433 0.02517741 -0.007399976 0.002165019 0.02594995 -0.007399976 0.002486288 0.02693867 -0.007399976 0.002377629 0.02797251 -0.007399976 0.001857817 0.02887278 -0.007399976 0.001016795 0.02948385 -0.007399976 0 0.02719998 0.005899965 0 0.02469998 0.004899978 0 0.02469998 0.005899965 -0.001016795 0.02491611 0.005899965 -0.001857817 0.02552717 0.005899965 -0.002377629 0.02642744 0.005899965 -0.002486288 0.02746129 0.005899965 -0.002165019 0.02844995 0.005899965 -0.001469433 0.02922254 0.005899965 -5.19779e-4 0.02964532 0.005899965 5.19779e-4 0.02964532 0.005899965 0.001469433 0.02922254 0.005899965 0.002165019 0.02844995 0.005899965 0.002486288 0.02746129 0.005899965 0.002377629 0.02642744 0.005899965 0.001857817 0.02552717 0.005899965 0.001016795 0.02491611 0.005899965 0 0.02719998 0.007049977 0.00511676 0.008499979 0.007049977 0.008083224 0.008499979 0.007318615 0.005226612 0.008536756 0.007318496 0.007973372 0.008536696 0.007549941 0.005375206 0.008633971 0.007549941 0.007824718 0.008633971 0.007759749 0.005571663 0.008795499 0.007638752 0.007750391 0.008691668 0.007915973 0.005781054 0.008999943 0.007915973 0.00741887 0.008999943 0.008010625 0.005957603 0.009222149 0.008039176 0.006024479 0.009353339 0.00799489 0.00727576 0.009172677 0.008049964 0.006052255 0.009499967 0.008042514 0.007167041 0.009378015 0.008044183 0.007249772 0.009392678 0.008041739 0.007454931 0.009371936 -0.007638752 0.007750391 0.008691668 -0.00755316 0.007822215 0.008635759 -0.007760524 0.005572497 0.008796334 -0.007317602 0.007973849 0.008536458 -0.007049977 0.008083224 0.008499979 -0.007317602 0.005226135 0.008536458 -0.007049977 0.00511676 0.008499979 -0.007549941 0.005375206 0.008633971 -0.008044004 0.007366359 0.00939083 -0.008042514 0.007167041 0.009378015 -0.008049964 0.006052255 0.009499967 -0.008010745 0.005957961 0.009222686 -0.008039236 0.006024718 0.009353995 -0.007915973 0.00741887 0.008999943 -0.007915973 0.005781054 0.008999943 -0.00799483 0.007275879 0.009172499 -0.007757067 -0.005568683 0.008157074 -0.007757067 -0.004899978 0.008157074 -0.007635533 -0.005446672 0.00803554 -0.007310211 -0.00522226 0.007710218 -0.00558573 -0.005427837 0.005985736 -0.006155312 -0.005115151 0.006555318 -0.00558573 -0.004899978 0.005985736 -0.006545245 -0.005050957 0.006945252 -0.006938755 -0.005087435 0.007338762 0.006257057 -0.00879997 0.006657063 0.00558573 -0.00879997 0.005985736 0.00558573 -0.007772088 0.005985736 0.006147801 -0.008082568 0.006547808 0.006537258 -0.008148729 0.006937205 0.006844997 -0.008679926 0.007245004 0.006930708 -0.008114278 0.007330715 0.007336676 -0.008341312 0.007736682 0.007302761 -0.007981479 0.007702767 0.007650315 -0.007855713 0.008050322 0.007629096 -0.007758975 0.008029103 0.00770682 -0.007685065 0.008106827 -0.008049964 -0.004899978 0.008999943 -0.008049964 -0.004899978 0.009499967 0.008049964 -0.004899978 0.008999943 0.008049964 -0.004899978 0.009499967 -0.005417108 -0.005598306 0.002579629 -0.005333304 -0.005706608 0.002748727 -0.005333304 -0.004899978 0.002748727 0.005450904 -0.007640242 0.002507388 0.005333304 -0.007493317 0.002748727 0.005333304 -0.00879997 0.002748727 0.005697369 -0.007860064 0.00188142 0.005764722 -0.00879997 0.001663625 0.005876779 -0.007970929 0.001209557 0.005876779 -0.00879997 0.001209557 0.00598675 -0.0080235 3.98082e-4 0.005977749 -0.00879997 5.15596e-4 0.005985319 -0.008022904 -4.19051e-4 0.00509274 -0.006238341 -0.003172278 0.005050003 -0.006612122 -0.00323987 0.00489825 -0.004899978 -0.003465056 0.0052464 -0.005844771 -0.00291115 0.005650877 -0.004899978 -0.002016663 0.005650877 -0.005374491 -0.002016663 0.005435764 -0.00557667 -0.002539992 0.005985319 -0.00879997 -4.19051e-4 0.005964457 -0.00879997 -6.52008e-4 0.005871355 -0.007968068 -0.001235544 0.005725204 -0.00879997 -0.001794874 0.005650877 -0.007825434 -0.002016663 0.005650877 -0.00879997 -0.002016663 0.005450904 -0.007640242 -0.002507388 0.00526911 -0.00879997 -0.002869844 0.005257725 -0.00737518 -0.002890586 0.00489825 -0.00879997 -0.003465056 0.005098223 -0.006983637 -0.003163516 0.005876779 -0.004899978 0.001209557 0.005986452 -0.005176544 4.02214e-4 0.005985319 -0.004899978 -4.19051e-4 0.005985319 -0.005177021 -4.19051e-4 0.00587207 -0.005231499 -0.001232147 0.005333304 -0.005706608 0.002748727 0.005435764 -0.00557667 0.002539992 0.005333304 -0.004899978 0.002748727 0.005690574 -0.005344748 0.001901805 0.005876779 -0.005228996 0.001209557 -0.005876779 -0.004899978 0.001209557 -0.005876779 -0.005228996 0.001209557 -0.005683004 -0.005350291 0.001924276 -0.005650877 -0.004899978 -0.002016663 -0.005871832 -0.005231678 -0.001233458 -0.005985319 -0.004899978 -4.19051e-4 -0.005985319 -0.005177021 -4.19051e-4 -0.005986511 -0.005176544 4.01528e-4 -0.005050539 -0.006641089 -0.003239095 -0.005086541 -0.006265342 -0.003182232 -0.00489825 -0.004899978 -0.003465056 -0.005105078 -0.007009565 -0.00315243 -0.00489825 -0.00879997 -0.003465056 -0.005180001 -0.00722146 -0.003027737 -0.005271673 -0.007398843 -0.002865076 -0.005231797 -0.005871534 -0.002937316 -0.005417108 -0.005598306 -0.002579629 -0.005650877 -0.005374491 -0.002016663 -0.005468487 -0.007659316 -0.002468883 -0.00526911 -0.00879997 -0.002869844 -0.005650877 -0.007825434 -0.002016663 -0.005650877 -0.00879997 -0.002016663 -0.005871534 -0.007968127 -0.00123465 -0.005725204 -0.00879997 -0.001794874 -0.005985319 -0.008022904 -4.19051e-4 -0.005964457 -0.00879997 -6.52008e-4 -0.005985319 -0.00879997 -4.19051e-4 -0.005986869 -0.00802356 3.96502e-4 -0.005977749 -0.00879997 5.15596e-4 -0.005876779 -0.007970929 0.001209557 -0.005876779 -0.00879997 0.001209557 -0.005704462 -0.007865071 0.001859784 -0.005764722 -0.00879997 0.001663625 -0.005468487 -0.007659316 0.002468883 -0.005333304 -0.00879997 0.002748727 -0.005333304 -0.007493317 0.002748727 0.004613459 -0.00879997 -0.003836035 0.003783106 -0.004899978 -0.00465697 0.003783106 -0.00879997 -0.00465697 0.002809464 -0.00879997 -0.005301535 0.002388 -0.004899978 -0.00550431 8.16134e-4 -0.00879997 -0.005944192 8.16134e-4 -0.004899978 -0.005944192 0.001729369 -0.00879997 -0.005745351 0.002388 -0.00879997 -0.00550431 5.8384e-4 -0.00879997 -0.005971491 -5.8384e-4 -0.00879997 -0.005971491 -8.16134e-4 -0.004899978 -0.005944192 -8.16134e-4 -0.00879997 -0.005944192 -0.001729369 -0.00879997 -0.005745351 -0.002388 -0.004899978 -0.00550431 -0.002388 -0.00879997 -0.00550431 -0.002809464 -0.00879997 -0.005301535 -0.003783106 -0.004899978 -0.00465697 -0.004613459 -0.00879997 -0.003836035 -0.003783106 -0.00879997 -0.00465697 5.19779e-4 0.006399989 0.00244534 0.001469433 0.006399989 0.002022504 0.005062937 0.006399989 0.008499979 -5.19779e-4 0.006399989 0.00244534 0.004123508 0.006399989 0.005711376 0.004926145 0.006399989 0.006823658 0.005062937 0.006399989 0.006965219 -0.005062937 0.006399989 0.006965219 -0.004926145 0.006399989 0.006823658 -0.005062937 0.006399989 0.008499979 -0.004123508 0.006399989 0.005711376 -0.001469433 0.006399989 0.002022504 -0.003620982 0.006399989 0.004435062 -0.002165019 0.006399989 0.001249969 -0.003449976 0.006399989 0.003074109 -0.002486288 0.006399989 2.61321e-4 -0.003449976 0.006399989 0 -0.002377629 0.006399989 -7.72542e-4 -0.003241896 0.006399989 -0.001179933 -0.001857817 0.006399989 -0.001672804 -0.00264281 0.006399989 -0.00221759 -0.001016795 0.006399989 -0.002283811 -0.001724958 0.006399989 -0.002987742 0 0.006399989 -0.002499997 -5.99086e-4 0.006399989 -0.003397583 5.99086e-4 0.006399989 -0.003397583 0.001016795 0.006399989 -0.002283811 0.001724958 0.006399989 -0.002987742 0.001857817 0.006399989 -0.001672804 0.00264281 0.006399989 -0.00221759 0.002377629 0.006399989 -7.72542e-4 0.003241896 0.006399989 -0.001179933 0.002486288 0.006399989 2.61321e-4 0.003449976 0.006399989 0 0.002165019 0.006399989 0.001249969 0.003449976 0.006399989 0.003074109 0.003620982 0.006399989 0.004435062 -0.006073057 0.00879997 0.007761657 -0.00597912 0.008020162 0.007702708 -0.00623244 0.008105754 0.007855832 -0.006314456 0.008772611 0.007901549 -0.006599962 0.008149981 0.008046805 -0.006510376 0.008708119 0.008003413 -0.007177948 0.008038163 0.008280813 -0.00707823 0.008215785 0.008245825 -0.006979703 0.008102715 0.008209109 -0.006917417 0.008419871 0.00818479 -0.006724357 0.008587419 0.008103668 -0.005060553 0.006780803 0.006962835 -0.005147993 0.007142424 0.007048368 -0.004926145 0.00879997 0.006823658 -0.005326986 0.007484316 0.007212221 -0.00557059 0.007758796 0.007413446 -0.005321204 0.00879997 0.007207155 -0.004674077 0.00879997 0.006533443 -0.004150331 0.00879997 0.005759894 -0.003765046 0.00879997 0.004908859 -0.003449976 0.00879997 0.003074109 -0.00352931 0.00879997 0.004004895 -0.003620982 0.00879997 0.004435062 0.00623244 0.008105754 0.007855832 0.00597912 0.008020162 0.007702708 0.006073057 0.00879997 0.007761657 0.005060613 0.00678122 0.006962895 0.005321204 0.00879997 0.007207155 0.00557059 0.007758796 0.007413446 0.004926145 0.00879997 0.006823658 0.005327284 0.007484734 0.007212519 0.005147993 0.007142424 0.007048368 0.00708878 0.008199393 0.00824964 0.007177948 0.008038163 0.008280813 0.006979703 0.008102715 0.008209109 0.006598472 0.008149981 0.00804609 0.006804287 0.008526027 0.008138298 0.006930887 0.008405506 0.008190095 0.006214916 0.008790552 0.007845818 0.006451547 0.008731722 0.007973909 0.006599187 0.008665025 0.008046388 0.004674077 0.00879997 0.006533443 0.004150331 0.00879997 0.005759894 0.003765046 0.00879997 0.004908859 0.003620982 0.00879997 0.004435062 0.00352931 0.00879997 0.004004895 0.003449976 0.00879997 0.003074109 -0.005105078 -0.007009565 0.003335952 -0.005084514 -0.00879997 0.003415942 -0.004999995 -0.004899978 0.004123091 -0.005049943 -0.006600737 0.003577649 -0.004999995 -0.00879997 0.004123091 -0.005060255 -0.006778061 0.00352478 -0.005084514 -0.006925284 0.003415942 -0.005084514 -0.004899978 0.003415942 -0.005185604 -0.005965888 0.003084123 -0.005086541 -0.006265342 0.003407657 -0.005052685 -0.006508708 0.003563284 0.00519061 -0.005954861 0.003070712 0.005084514 -0.004899978 0.003415942 0.004999995 -0.004899978 0.004123091 0.004999995 -0.00879997 0.004123091 0.005049943 -0.006600439 0.003577649 0.005052685 -0.006508409 0.003563165 0.005060076 -0.006423294 0.003525555 0.005084514 -0.00627464 0.003415942 0.005084514 -0.00879997 0.003415942 0.005195081 -0.007254779 0.00305885 0.005098223 -0.006983637 0.003361642 0.005060136 -0.006777167 0.003525316 0.006979703 0.008102715 0.008499979 -0.006979703 0.008102715 0.008499979 -0.00623244 0.008105754 0.008499979 0.00623244 0.008105754 0.008499979 -0.00557059 0.007758796 0.008499979 -0.005147993 0.007142424 0.008499979 0.00557059 0.007758796 0.008499979 0.005147993 0.007142424 0.008499979 0.007049977 -0.004899978 0.008499979 -0.007049977 -0.004899978 0.008499979 -0.004999995 -0.00879997 0.004571557 -0.004999995 -0.007772088 0.004571557 -0.004999995 -0.007488548 0.004592835 -0.004999995 -0.006226658 0.004757225 -0.004999995 -0.005980789 0.004655838 -0.004999995 -0.005702853 0.004591524 -0.004999995 -0.005427837 0.004571557 -0.004999995 -0.004899978 0.004571557 -0.004999995 -0.007190346 0.004665315 -0.004999995 -0.00694704 0.004770994 -0.004999995 -0.006508827 0.004942059 -0.004999995 -0.006730079 0.004911661 -0.004999995 -0.006523549 0.004953861 -0.004999995 -0.006674528 0.004955291 -0.004999995 -0.006593704 0.005004286 -0.004999995 -0.006587028 0.005001127 -0.004999995 -0.006575226 0.004993736 -0.004999995 -0.006604909 0.005004703 -0.004999995 -0.006599247 0.005005538 -0.004999995 -0.00659579 0.005004942 -0.004999995 -0.006614148 0.005000412 0.004999995 -0.004899978 0.004571557 0.004999995 -0.005427837 0.004571557 0.004999995 -0.006973326 0.004757225 0.004999995 -0.007219135 0.004655838 0.004999995 -0.007497072 0.004591524 0.004999995 -0.007772088 0.004571557 0.004999995 -0.00879997 0.004571557 0.004999995 -0.005711376 0.004592835 0.004999995 -0.006009578 0.004665315 0.004999995 -0.006252944 0.004770994 0.004999995 -0.006691157 0.004942059 0.004999995 -0.006469905 0.004911661 0.004999995 -0.006676375 0.004953861 0.004999995 -0.006525397 0.004955291 0.004999995 -0.006606221 0.005004286 0.004999995 -0.006612956 0.005001127 0.004999995 -0.006624758 0.004993736 0.004999995 -0.006595015 0.005004703 0.004999995 -0.006600677 0.005005538 0.004999995 -0.006604135 0.005004942 0.004999995 -0.006585776 0.005000412 -0.007915973 -0.004899978 0.008999943 0.007915973 -0.004899978 0.008999943 -0.007549941 -0.004899978 0.008633971 -0.007988333 -0.004899978 0.008518576 -0.008046805 -0.004899978 0.008943736 0.001469433 -0.004899978 -0.002022504 5.19779e-4 -0.004899978 -0.00244534 -5.19779e-4 -0.004899978 -0.00244534 0.002486288 -0.004899978 -2.61321e-4 0.002165019 -0.004899978 -0.001249969 0.001857817 -0.004899978 0.001672804 0.002377629 -0.004899978 7.72542e-4 0 -0.004899978 0.002499997 0.001016795 -0.004899978 0.002283811 -0.001857817 -0.004899978 0.001672804 -0.002377629 -0.004899978 7.72542e-4 -0.001016795 -0.004899978 0.002283811 -0.005152225 -0.004899978 0.00533694 -0.002165019 -0.004899978 -0.001249969 -0.002486288 -0.004899978 -2.61321e-4 -0.001469433 -0.004899978 -0.002022504 0.008046805 -0.004899978 0.008943736 0.007988333 -0.004899978 0.008518576 0.007549941 -0.004899978 0.008633971 0.007757067 -0.004899978 0.008157074 0.00558573 -0.004899978 0.005985736 0.005152225 -0.004899978 0.00533694 0.003449976 0.00879997 0 -0.003449976 0.00879997 0 -0.003349721 0.00879997 -8.25639e-4 -0.003241896 0.00879997 -0.001179933 -0.003054797 0.00879997 -0.001603245 -0.0019598 0.00879997 -0.002839267 -0.002582311 0.00879997 -0.002287745 -0.00264281 0.00879997 -0.00221759 -5.99086e-4 0.00879997 -0.003397583 -0.001223385 0.00879997 -0.003225803 -0.001724958 0.00879997 -0.002987742 -4.15852e-4 0.00879997 -0.003424823 4.15852e-4 0.00879997 -0.003424823 0.001724958 0.00879997 -0.002987742 0.001223385 0.00879997 -0.003225803 5.99086e-4 0.00879997 -0.003397583 0.0019598 0.00879997 -0.002839267 0.002582311 0.00879997 -0.002287745 0.00264281 0.00879997 -0.00221759 0.003054797 0.00879997 -0.001603245 0.003349721 0.00879997 -8.25639e-4 0.003241896 0.00879997 -0.001179933 0.007310688 -0.005222558 0.007710695 0.007630646 -0.005442321 0.008030652 0.007757067 -0.005568683 0.008157074 0.00693947 -0.005087614 0.007339477 0.006546199 -0.005050897 0.006946206 0.006156384 -0.005114793 0.006556391 0.00558573 -0.005427837 0.005985736 -0.00558573 -0.007772088 0.005985736 -0.00558573 -0.00879997 0.005985736 -0.006150782 -0.008083462 0.006550729 -0.006257057 -0.00879997 0.006657063 -0.006540477 -0.008148849 0.006940484 -0.006611883 -0.008757412 0.00701189 -0.006934106 -0.008113503 0.007334113 -0.007123768 -0.008524239 0.007523775 -0.007305979 -0.00797981 0.007705986 -0.007493436 -0.008149385 0.007893443 -0.007628917 -0.007759153 0.008028924 -0.007704198 -0.007694661 0.008104205 -0.00770682 -0.007685065 0.008106827 0.005688905 -0.005346 -0.00106889 0.005187749 -0.00596106 -2.11794e-4 0.005192518 -0.007249236 -2.07399e-4 0.005698263 -0.00786066 -0.001054644 -0.00519818 -0.007261335 -2.01857e-4 -0.005708873 -0.00786823 -0.001036167 -0.005182147 -0.005973696 -2.16776e-4 -0.005677402 -0.005354464 -0.001089036 -0.008022308 -0.005983948 0.008835911 -0.008046805 -0.00604391 0.008943736 -0.008049309 -0.006050407 0.00882703 -0.006934106 -0.008113503 0.008499979 -0.007549941 -0.007824718 0.008499979 -0.008044242 -0.00716263 0.008924484 -0.007982969 -0.00729984 0.008749961 -0.008040428 -0.007172286 0.008750438 -0.008038043 -0.007178246 0.008728802 -0.007799983 -0.007581055 0.008566975 -0.007961452 -0.007340848 0.008453369 -0.008015036 -0.007232546 0.008604943 -0.007904887 -0.007436454 0.008348762 -0.006150782 -0.008083462 0.008499979 -0.005482316 -0.007673919 0.008499979 -0.005495429 -0.007687389 0.005895435 -0.005247056 -0.007356345 0.005647063 -0.005302309 -0.007447659 0.005702316 -0.005099773 -0.006989657 0.008499979 -0.005394995 -0.007574915 0.005795001 -0.005486547 -0.00767827 0.005886495 -0.005094647 -0.006230592 0.005494654 -0.005100965 -0.006205737 0.005500972 -0.005100965 -0.006205737 0.008499979 -0.005249381 -0.005839467 0.005649387 -0.005073964 -0.006328284 0.005473971 -0.005059778 -0.006425917 0.005459785 -0.005055248 -0.006472051 0.005455255 -0.005049943 -0.006597578 0.00544995 -0.005099773 -0.006989657 0.00549978 -0.005485594 -0.005522608 0.008499979 -0.006155312 -0.005115151 0.008499979 -0.005485594 -0.005522608 0.005885601 -0.005405128 -0.005612611 0.005805134 -0.006938755 -0.005087435 0.008499979 -0.007982969 -0.005900144 0.008749961 -0.007549941 -0.005375206 0.008499979 -0.0076375 -0.0054484 0.008507668 -0.007799983 -0.00561887 0.008566975 -0.007988333 -0.005910873 0.008518576 -0.008038759 -0.006023406 0.008714854 0.006930708 -0.008114278 0.008499979 0.00693947 -0.005087614 0.008499979 0.007549941 -0.005375206 0.008499979 0.007637739 -0.005448639 0.008507728 0.008049309 -0.006050467 0.008827388 0.008046805 -0.00604391 0.008943736 0.008022248 -0.005983829 0.008835792 0.007799983 -0.00561887 0.008566975 0.007982969 -0.005900144 0.008749961 0.007988333 -0.005910873 0.008518576 0.008038759 -0.006023406 0.008714854 0.006156384 -0.005114793 0.008499979 0.005486667 -0.005521535 0.008499979 0.005495429 -0.005512595 0.005895435 0.005250215 -0.005837976 0.005650222 0.005302309 -0.005752265 0.005702316 0.005101442 -0.00620383 0.008499979 0.005394995 -0.005625009 0.005795001 0.00549072 -0.005517363 0.005890667 0.005073964 -0.00687164 0.005473971 0.005059778 -0.006774067 0.005459785 0.005055248 -0.006727874 0.005455255 0.005050182 -0.006624102 0.005450129 0.005050003 -0.006595492 0.00544995 0.005101442 -0.00620383 0.005501449 0.005480468 -0.007671952 0.008499979 0.005480468 -0.007671952 0.005880415 0.005099177 -0.006987392 0.008499979 0.005405128 -0.007587313 0.005805134 0.005245864 -0.007354199 0.005645811 0.005099177 -0.006987392 0.005499184 0.005094647 -0.006969392 0.005494654 0.006147801 -0.008082568 0.008499979 0.007549941 -0.007824718 0.008499979 0.007799983 -0.007581055 0.008566975 0.007857561 -0.007506072 0.008279323 0.007988333 -0.007289111 0.008518636 0.007970392 -0.007324159 0.008473455 0.007882535 -0.007470309 0.008314549 0.008044242 -0.00716263 0.008924484 0.008045554 -0.007159292 0.008831322 0.007982969 -0.00729984 0.008749961 0.008031904 -0.007193267 0.008685886 0.007994472 -0.007276594 0.008535981 0.008045732 0.007158815 0.009266436 0.008028388 0.00720179 0.009092509 0.007987797 0.007290184 0.0089432 0.00749129 0.007868051 0.008416056 0.007582545 0.007798731 0.0084697 0.007817149 0.007559597 0.008663713 0.007886826 0.007463991 0.008750498 -0.007886826 0.007463991 0.008750498 -0.007679522 0.007712185 0.00853765 -0.007582545 0.007798731 0.0084697 -0.007287383 0.007989227 0.008321166 -0.008045732 0.007158815 0.009266436 -0.008028388 0.00720179 0.009092509 -0.007987797 0.007290184 0.0089432 0.005267918 -0.00879997 0.005571544 0.005152225 -0.007772088 0.00533694 0.005068123 -0.00879997 0.005089163 0.005152225 -0.00879997 0.00533694 0.005128681 -0.007600247 0.005289793 0.005103945 -0.007413327 0.005261957 0.005079865 -0.00722891 0.005255103 0.005041718 -0.006944 0.005260229 0.005038559 -0.006920576 0.005259275 0.005023777 -0.006799161 0.005247175 0.005018532 -0.00674349 0.005239784 0.005014955 -0.0066908 0.005233764 0.005013823 -0.006666421 0.005231678 0.005012571 -0.006612479 0.005229234 0.00501424 -0.006523728 0.005232453 0.005019187 -0.006449103 0.005240738 0.005038142 -0.006282448 0.005259096 0.005048811 -0.006203174 0.005260884 0.005077064 -0.005992591 0.005255341 0.005101263 -0.005807042 0.005260288 0.005127906 -0.005605161 0.0052886 0.005152225 -0.005427837 0.00533694 -0.005152225 -0.005427837 0.00533694 -0.005019187 -0.006750881 0.005240738 -0.005128681 -0.005599677 0.005289793 -0.005103945 -0.005786657 0.005261957 -0.005079865 -0.005971074 0.005255103 -0.005041718 -0.006255924 0.005260229 -0.005038559 -0.006279349 0.005259275 -0.005023777 -0.006400823 0.005247175 -0.005018532 -0.006456434 0.005239784 -0.005014955 -0.006509184 0.005233764 -0.005013823 -0.006533503 0.005231678 -0.005012571 -0.006587505 0.005229234 -0.00501424 -0.006676197 0.005232453 -0.005038142 -0.006917476 0.005259096 -0.005048811 -0.00699675 0.005260884 -0.005077064 -0.007207393 0.005255341 -0.005101263 -0.007392883 0.005260288 -0.005127906 -0.007594764 0.0052886 -0.005152225 -0.007772088 0.00533694 -0.005267918 -0.00879997 0.005571544 -0.005152225 -0.00879997 0.00533694 -0.005068123 -0.00879997 0.005089163 -0.007574617 0.007861316 0.008471727 -0.007794141 0.007956326 0.008724629 -0.007647991 0.008330285 0.008690416 -0.007861554 0.007653117 0.008739531 -0.007993102 0.007691025 0.009058773 -0.007915019 0.008026778 0.009043395 -0.005694687 0.009760916 0.008378207 -0.006139874 0.0096969 0.008549213 -0.00649935 0.009580671 0.008672773 -0.006891131 0.009376645 0.008793234 -0.007244408 0.00910151 0.008889853 -0.007538974 0.008770823 0.008961975 -0.007745504 0.008440494 0.009008169 -0.008024215 0.007299959 0.009064793 -0.007470309 0.0086295 0.008645296 -0.007217347 0.008930206 0.008574187 -0.006914675 0.009182751 0.008478164 -0.006579518 0.009373664 0.008357286 -0.006272137 0.009486854 0.008232474 -0.005891084 0.009558022 0.00805813 -0.00745517 0.008180916 0.008439123 -0.007310032 0.008436441 0.008396148 -0.007103383 0.008692741 0.008328557 -0.006856381 0.00890702 0.008237242 -0.006583333 0.009067654 0.008122563 -0.006333649 0.009161174 0.008004248 -0.006025373 0.009216964 0.007839322 -0.003315985 0.009299993 0.003074109 -0.003373861 0.009182631 0.003074109 -0.003454267 0.009182631 0.00401777 -0.004913926 0.009723842 0.007671058 -0.0041942 0.009723842 0.006921708 -0.003611624 0.009723842 0.006061375 -0.003183066 0.009723842 0.005114793 -0.002920866 0.009723842 0.004109382 -0.005127966 0.00950706 0.007427275 -0.002832651 0.009723842 0.003074109 -0.002949953 0.009666025 0.003074109 -0.004446387 0.00950706 0.006717681 -0.003894746 0.00950706 0.005902945 -0.003488898 0.00950706 0.005006551 -0.003240644 0.00950706 0.004054486 -0.003157079 0.00950706 0.003074109 -0.005271017 0.009182631 0.007264375 -0.004614949 0.009182631 0.006581306 -0.004083931 0.009182631 0.005797088 -0.003693282 0.009182631 0.004934251 -0.003373861 0.009182631 0 -0.003315985 0.009299993 0 -0.003157079 0.00950706 0 -0.002949953 0.009666025 0 -0.002832651 0.009723842 0 0.003315985 0.009299993 0 0.003373861 0.009182631 0 0.003275811 0.009182631 -8.07422e-4 -0.003275811 0.009182631 -8.07422e-4 0.002987384 0.009182631 -0.0015679 0.002525329 0.009182631 -0.00223726 0.001916527 0.009182631 -0.002776622 0.001196384 0.009182631 -0.003154575 4.06676e-4 0.009182631 -0.003349244 -4.06676e-4 0.009182631 -0.003349244 -0.001196384 0.009182631 -0.003154575 -0.001916527 0.009182631 -0.002776622 -0.002525329 0.009182631 -0.00223726 -0.002987384 0.009182631 -0.0015679 0.002949953 0.009666025 0 0.003157079 0.00950706 0 0.003065347 0.00950706 -7.55545e-4 0.002795457 0.00950706 -0.001467168 0.002363085 0.00950706 -0.002093493 0.001793384 0.00950706 -0.002598226 0.001119494 0.00950706 -0.00295192 3.80547e-4 0.00950706 -0.003134071 -3.80547e-4 0.00950706 -0.003134071 -0.001119494 0.00950706 -0.00295192 -0.001793384 0.00950706 -0.002598226 -0.002363085 0.00950706 -0.002093493 -0.002795457 0.00950706 -0.001467168 -0.003065347 0.00950706 -7.55545e-4 0.002832651 0.009723842 0 0.002750337 0.009723842 -6.77905e-4 0.002508163 0.009723842 -0.001316368 0.002120256 0.009723842 -0.00187838 0.001609146 0.009723842 -0.002331197 0.001004457 0.009723842 -0.002648591 3.41442e-4 0.009723842 -0.002812027 -3.41442e-4 0.009723842 -0.002812027 -0.001004457 0.009723842 -0.002648591 -0.001609146 0.009723842 -0.002331197 -0.002120256 0.009723842 -0.00187838 -0.002508163 0.009723842 -0.001316368 -0.002750337 0.009723842 -6.77905e-4 0.002832651 0.009723842 0.003074109 0.002949953 0.009666025 0.003074109 0.003157079 0.00950706 0.003074109 0.003315985 0.009299993 0.003074109 0.003373861 0.009182631 0.003074109 0.005695104 0.009760737 0.008377492 0.002920866 0.009723842 0.004109382 0.003454267 0.009182631 0.00401777 0.003240644 0.00950706 0.004054486 0.003183066 0.009723842 0.005114793 0.003611624 0.009723842 0.006061375 0.003488898 0.00950706 0.005006551 0.003894746 0.00950706 0.005902945 0.003693282 0.009182631 0.004934251 0.004083931 0.009182631 0.005797088 0.0041942 0.009723842 0.006921708 0.004446387 0.00950706 0.006717681 0.004614949 0.009182631 0.006581306 0.004913926 0.009723842 0.007671058 0.005127966 0.00950706 0.007427275 0.005271017 0.009182631 0.007264375 0.005891323 0.009557664 0.008057773 0.006025433 0.009216725 0.007839202 0.008024096 0.007299959 0.009064137 0.007852911 0.007704257 0.008737325 0.007566034 0.007890284 0.008469402 0.007442295 0.008207321 0.008435368 0.007323443 0.008415818 0.008400201 0.007983207 0.00774765 0.00905627 0.007902979 0.008064329 0.009040296 0.007727265 0.008474528 0.009003579 0.007558286 0.00874418 0.008965849 0.007269084 0.009077847 0.008895516 0.007037401 0.009274959 0.008833944 0.006662189 0.009506523 0.008723855 0.006391823 0.009621798 0.008636355 0.005957007 0.0097332 0.008480668 0.007120549 0.008674383 0.008334338 0.006958425 0.008827686 0.008276283 0.006696581 0.009009003 0.008171796 0.006508409 0.009100377 0.00808829 0.006206691 0.009191572 0.007938802 0.007783651 0.007990241 0.008721888 0.007632136 0.008361101 0.008686244 0.00748676 0.008605301 0.008649289 0.007238388 0.008908569 0.008580088 0.007039725 0.009088993 0.008518993 0.006718635 0.009303569 0.008408963 0.006487429 0.009412944 0.008320927 0.006115555 0.009524583 0.008163094 0.007775008 -0.007970869 0.008214473 0.007988989 -0.007334709 0.008520901 0.006655156 -0.009520888 0.007793068 0.007407248 -0.008953511 0.008300721 0.007880926 -0.008175969 0.008622646 0.008040904 -0.00733906 0.008731782 0.008046627 -0.007337152 0.008942246 0.007853329 -0.008079648 0.008408844 0.007450342 -0.008779644 0.008077383 0.006805598 -0.009307563 0.007551789 0.005735278 -0.009765028 0.007178843 0.005903542 -0.009666025 0.007010638 0.006005704 -0.009564578 0.006908416 0.006162345 -0.009299993 0.006751835 0.007426142 -0.008569836 0.007884144 0.0068717 -0.009014904 0.007361054 0.006191194 -0.009221553 0.006722986 0.005149245 -0.009723842 0.006422281 0.005232214 -0.009666025 0.006339311 0.005378663 -0.00950706 0.006192862 0.005491018 -0.009299993 0.006080508 0.005531907 -0.009182631 0.006039559 0.004471838 -0.009723842 0.005248963 0.004733324 -0.009723842 0.005880177 0.005201995 -0.009182631 0.005609631 0.00501424 -0.00950706 0.005717992 0.004382669 -0.009723842 0.004571557 0.004499971 -0.009666025 0.004571557 0.00478518 -0.00950706 0.00516498 0.004707098 -0.00950706 0.004571557 0.004994571 -0.009182631 0.005108892 0.004866003 -0.009299993 0.004571557 0.00492388 -0.009182631 0.004571557 0.004382669 -0.009723842 0.004123091 0.004499971 -0.009666025 0.004123091 0.004707098 -0.00950706 0.004123091 0.004866003 -0.009299993 0.004123091 0.00492388 -0.009182631 0.004123091 0.004484593 -0.009723842 0.003270447 0.005010545 -0.009182631 0.003398001 0.004799842 -0.00950706 0.00334692 0.004784584 -0.009723842 0.002465903 0.005072951 -0.00950706 0.002614498 0.005265653 -0.009182631 0.002713859 -0.004784584 -0.009723842 0.002465903 -0.005171597 -0.009723842 0.0014925 -0.005072951 -0.00950706 0.002614498 -0.005483329 -0.00950706 0.001582443 -0.005265653 -0.009182631 0.002713859 -0.005691587 -0.009182631 0.001642525 -0.005901932 -0.009182631 5.09054e-4 -0.00588876 -0.009182631 -6.43736e-4 -0.005652546 -0.009182631 -0.001772105 -0.005202293 -0.009182631 -0.002833425 -0.004554927 -0.009182631 -0.003787398 -0.003735125 -0.009182631 -0.004597902 -0.002773821 -0.009182631 -0.005234301 -0.001707434 -0.009182631 -0.005672454 -5.76433e-4 -0.009182631 -0.005895733 5.76433e-4 -0.009182631 -0.005895733 0.001707434 -0.009182631 -0.005672454 0.002773821 -0.009182631 -0.005234301 0.003735125 -0.009182631 -0.004597902 0.004554927 -0.009182631 -0.003787398 0.005202293 -0.009182631 -0.002833425 0.005652546 -0.009182631 -0.001772105 0.00588876 -0.009182631 -6.43736e-4 0.005901932 -0.009182631 5.09054e-4 0.005691587 -0.009182631 0.001642525 -0.005685985 -0.00950706 4.90426e-4 -0.005673289 -0.00950706 -6.2018e-4 -0.005445718 -0.00950706 -0.001707255 -0.005011916 -0.00950706 -0.002729713 -0.004388272 -0.00950706 -0.003648817 -0.003598451 -0.00950706 -0.004429638 -0.002672314 -0.00950706 -0.005042731 -0.001644968 -0.00950706 -0.005464851 -5.5534e-4 -0.00950706 -0.005679965 5.5534e-4 -0.00950706 -0.005679965 0.001644968 -0.00950706 -0.005464851 0.002672314 -0.00950706 -0.005042731 0.003598451 -0.00950706 -0.004429638 0.004388272 -0.00950706 -0.003648817 0.005011916 -0.00950706 -0.002729713 0.005445718 -0.00950706 -0.001707255 0.005673289 -0.00950706 -6.2018e-4 0.005685985 -0.00950706 4.90426e-4 0.005483329 -0.00950706 0.001582443 -0.005362749 -0.009723842 4.62548e-4 -0.005350768 -0.009723842 -5.84926e-4 -0.005136132 -0.009723842 -0.001610219 -0.004727005 -0.009723842 -0.002574563 -0.004138827 -0.009723842 -0.003441393 -0.003393888 -0.009723842 -0.004177868 -0.002520382 -0.009723842 -0.004756093 -0.001551449 -0.009723842 -0.005154192 -5.23771e-4 -0.009723842 -0.005357086 5.23771e-4 -0.009723842 -0.005357086 0.001551449 -0.009723842 -0.005154192 0.002520382 -0.009723842 -0.004756093 0.003393888 -0.009723842 -0.004177868 0.004138827 -0.009723842 -0.003441393 0.004727005 -0.009723842 -0.002574563 0.005136132 -0.009723842 -0.001610219 0.005350768 -0.009723842 -5.84926e-4 0.005362749 -0.009723842 4.62548e-4 0.005171597 -0.009723842 0.0014925 -0.004484593 -0.009723842 0.003270447 -0.004382669 -0.009723842 0.004123091 -0.004499971 -0.009666025 0.004123091 -0.004799842 -0.00950706 0.00334692 -0.004707098 -0.00950706 0.004123091 -0.005010545 -0.009182631 0.003398001 -0.004866003 -0.009299993 0.004123091 -0.00492388 -0.009182631 0.004123091 -0.004382669 -0.009723842 0.004571557 -0.004499971 -0.009666025 0.004571557 -0.004707098 -0.00950706 0.004571557 -0.004866003 -0.009299993 0.004571557 -0.00492388 -0.009182631 0.004571557 -0.004733324 -0.009723842 0.005880177 -0.004471838 -0.009723842 0.005248963 -0.004994571 -0.009182631 0.005108892 -0.00478518 -0.00950706 0.00516498 -0.00501424 -0.00950706 0.005717992 -0.005201995 -0.009182631 0.005609631 -0.005149245 -0.009723842 0.006422281 -0.005232214 -0.009666025 0.006339311 -0.005378663 -0.00950706 0.006192862 -0.005491018 -0.009299993 0.006080508 -0.005531907 -0.009182631 0.006039559 -0.005735397 -0.009764969 0.007178723 -0.005903542 -0.009666025 0.007010638 -0.006005764 -0.009564459 0.006908357 -0.006162345 -0.009299993 0.006751835 -0.006191194 -0.009221494 0.006722986 -0.007834613 -0.007775723 0.008270978 -0.007921993 -0.007852613 0.008465468 -0.007961869 -0.007921397 0.00867778 -0.008045852 -0.007385194 0.008936047 -0.007644474 -0.008643567 0.008461654 -0.007083177 -0.009254574 0.008081316 -0.006293654 -0.009663164 0.007550597 -0.006492972 -0.009448528 0.007299005 -0.006604611 -0.009130775 0.007110059 -0.007652401 -0.008498966 0.008243262 -0.007173299 -0.00905621 0.007850766 -0.007600903 -0.008330404 0.008049428 -0.007187306 -0.008804321 0.007658481 0 -0.005899965 0.002499997 0.001016795 -0.005899965 0.002283811 0.001857817 -0.005899965 0.001672804 0.002377629 -0.005899965 7.72542e-4 0.002486288 -0.005899965 -2.61321e-4 0.002165019 -0.005899965 -0.001249969 0.001469433 -0.005899965 -0.002022504 5.19779e-4 -0.005899965 -0.00244534 -5.19779e-4 -0.005899965 -0.00244534 -0.001469433 -0.005899965 -0.002022504 -0.002165019 -0.005899965 -0.001249969 -0.002486288 -0.005899965 -2.61321e-4 -0.002377629 -0.005899965 7.72542e-4 -0.001857817 -0.005899965 0.001672804 -0.001016795 -0.005899965 0.002283811 0 -0.005899965 0 0 0.007399976 -0.002499997 0.001016795 0.007399976 -0.002283811 0.001857817 0.007399976 -0.001672804 0.002377629 0.007399976 -7.72542e-4 0.002486288 0.007399976 2.61321e-4 0.002165019 0.007399976 0.001249969 0.001469433 0.007399976 0.002022504 5.19779e-4 0.007399976 0.00244534 -5.19779e-4 0.007399976 0.00244534 -0.001469433 0.007399976 0.002022504 -0.002165019 0.007399976 0.001249969 -0.002486288 0.007399976 2.61321e-4 -0.002377629 0.007399976 -7.72542e-4 -0.001857817 0.007399976 -0.001672804 -0.001016795 0.007399976 -0.002283811 0 0.007399976 0 -0.006599962 0.007499992 0.01249998 -0.006599962 0.007499992 0.01469999 -0.007049977 0.007379412 0.01249998 -0.007049977 0.007379412 0.01469999 -0.007379412 0.007049977 0.01249998 -0.007379412 0.007049977 0.01469999 -0.007499992 0.006599962 0.01249998 -0.007499992 0.006599962 0.01469999 -0.007379412 0.006149947 0.01249998 -0.007379412 0.006149947 0.01469999 -0.007049977 0.005820572 0.01249998 -0.007049977 0.005820572 0.01469999 -0.006599962 0.005699992 0.01249998 -0.006599962 0.005699992 0.01469999 -0.006149947 0.005820572 0.01249998 -0.006149947 0.005820572 0.01469999 -0.005820572 0.006149947 0.01249998 -0.005820572 0.006149947 0.01469999 -0.005699992 0.006599962 0.01249998 -0.005699992 0.006599962 0.01469999 -0.005820572 0.007049977 0.01249998 -0.005820572 0.007049977 0.01469999 -0.006149947 0.007379412 0.01249998 -0.006149947 0.007379412 0.01469999 -0.006599962 0.006599962 0.01469999 -0.006599962 0.006599962 0.01249998 0.006599962 -0.005699992 0.01249998 0.006599962 -0.005699992 0.01469999 0.006149947 -0.005820572 0.01249998 0.006149947 -0.005820572 0.01469999 0.005820572 -0.006149947 0.01249998 0.005820572 -0.006149947 0.01469999 0.005699992 -0.006599962 0.01249998 0.005699992 -0.006599962 0.01469999 0.005820572 -0.007049977 0.01249998 0.005820572 -0.007049977 0.01469999 0.006149947 -0.007379412 0.01249998 0.006149947 -0.007379412 0.01469999 0.006599962 -0.007499992 0.01249998 0.006599962 -0.007499992 0.01469999 0.007049977 -0.007379412 0.01249998 0.007049977 -0.007379412 0.01469999 0.007379412 -0.007049977 0.01249998 0.007379412 -0.007049977 0.01469999 0.007499992 -0.006599962 0.01249998 0.007499992 -0.006599962 0.01469999 0.007379412 -0.006149947 0.01249998 0.007379412 -0.006149947 0.01469999 0.007049977 -0.005820572 0.01249998 0.007049977 -0.005820572 0.01469999 0.006599962 -0.006599962 0.01469999 0.006599962 -0.006599962 0.01249998 -0.006599962 -0.005699992 0.01249998 -0.006599962 -0.005699992 0.01469999 -0.007049977 -0.005820572 0.01249998 -0.007049977 -0.005820572 0.01469999 -0.007379412 -0.006149947 0.01249998 -0.007379412 -0.006149947 0.01469999 -0.007499992 -0.006599962 0.01249998 -0.007499992 -0.006599962 0.01469999 -0.007379412 -0.007049977 0.01249998 -0.007379412 -0.007049977 0.01469999 -0.007049977 -0.007379412 0.01249998 -0.007049977 -0.007379412 0.01469999 -0.006599962 -0.007499992 0.01249998 -0.006599962 -0.007499992 0.01469999 -0.006149947 -0.007379412 0.01249998 -0.006149947 -0.007379412 0.01469999 -0.005820572 -0.007049977 0.01249998 -0.005820572 -0.007049977 0.01469999 -0.005699992 -0.006599962 0.01249998 -0.005699992 -0.006599962 0.01469999 -0.005820572 -0.006149947 0.01249998 -0.005820572 -0.006149947 0.01469999 -0.006149947 -0.005820572 0.01249998 -0.006149947 -0.005820572 0.01469999 -0.006599962 -0.006599962 0.01469999 -0.006599962 -0.006599962 0.01249998 0.006599962 0.007499992 0.01249998 0.006599962 0.007499992 0.01469999 0.006149947 0.007379412 0.01249998 0.006149947 0.007379412 0.01469999 0.005820572 0.007049977 0.01249998 0.005820572 0.007049977 0.01469999 0.005699992 0.006599962 0.01249998 0.005699992 0.006599962 0.01469999 0.005820572 0.006149947 0.01249998 0.005820572 0.006149947 0.01469999 0.006149947 0.005820572 0.01249998 0.006149947 0.005820572 0.01469999 0.006599962 0.005699992 0.01249998 0.006599962 0.005699992 0.01469999 0.007049977 0.005820572 0.01249998 0.007049977 0.005820572 0.01469999 0.007379412 0.006149947 0.01249998 0.007379412 0.006149947 0.01469999 0.007499992 0.006599962 0.01249998 0.007499992 0.006599962 0.01469999 0.007379412 0.007049977 0.01249998 0.007379412 0.007049977 0.01469999 0.007049977 0.007379412 0.01249998 0.007049977 0.007379412 0.01469999 0.006599962 0.006599962 0.01469999 0.006599962 0.006599962 0.01249998</float_array>
          <technique_common>
            <accessor source="#link_5_2-mesh-positions-array" count="2085" stride="3">
              <param name="X" type="float"/>
              <param name="Y" type="float"/>
              <param name="Z" type="float"/>
            </accessor>
          </technique_common>
        </source>
        <source id="link_5_2-mesh-normals">
          <float_array id="link_5_2-mesh-normals-array" count="10743">0 0 -1 7.40735e-6 0 -1 0 0 1 -3.35171e-6 0 -1 -1.18518e-5 0 -1 0.9999983 -0.001821815 0 0.9807852 -0.1950902 5.03499e-4 0.9960221 -0.08333438 0.03155273 0.5086231 -0.8604535 -0.03037196 0.634393 -0.7730107 0 0.9669961 -0.2547888 0.001127421 0.8314691 -0.5555683 -0.001772761 0.839638 -0.5431419 0.002232134 0.5520743 -0.8337918 -0.002311408 0.5668582 -0.8238151 8.08949e-4 0.04906809 -0.9987955 0 0.2034521 -0.9790667 -0.005974352 0.1522779 -0.9882553 -0.01277524 0.2906246 -0.9568371 -4.07996e-4 0.7071068 -0.7071068 0 0.7071072 -0.7071065 0 0.7071071 -0.7071066 0 0.7071061 -0.7071075 0 0.7071071 -0.7071065 -6.62688e-7 0.7071066 -0.707107 0 0.7071075 -0.7071061 0 0.008289396 -0.9999657 0 0.1970126 -0.9803987 -0.002153575 0.8604541 -0.5086221 0.03037083 0.7730116 -0.634392 0 0.1950911 -0.9807838 -0.001660048 0.5555685 -0.831469 0.001772761 0.5431404 -0.839639 -0.002231776 0.8337918 -0.5520743 0.002311766 0.823815 -0.5668584 -8.09114e-4 0.9987957 -0.04906451 0 0.9790667 -0.2034521 0.005974352 0.9882553 -0.1522774 0.0127744 0.9568375 -0.2906236 4.08256e-4 1 0 0 1 0 0 1 0 0 1 2.39718e-7 0 1 -3.54839e-7 0 1 -3.81663e-7 0 1 -1.87639e-7 0 1 -1.68677e-6 0 1 1.84151e-7 0 1 7.52237e-7 0 1 -1.92123e-7 0 1 -3.00228e-7 0 1 1.04054e-6 0 1 -1.72897e-7 0 1 1.05046e-6 0 1 -3.41302e-6 0 1 3.34839e-6 0 1 -9.91837e-6 0 0.7730116 0.634392 0 0.9983283 0.05257928 0.02400314 0.9640677 0.265372 -0.01230162 0.9967894 0.08006793 0 0.8604543 0.5086219 0.03037083 0.9883484 0.1517665 0.01159226 0.9569563 0.2902323 -6.1003e-5 0.8931334 0.4497919 4.6806e-5 0.8229894 0.5679965 -0.008285701 0.788448 0.6151016 -1.58879e-4 0.195091 0.9807853 0 0.1667185 0.9859742 -0.007737398 0.3557157 0.9345943 2.32812e-5 0.5555695 0.8314701 -1.55619e-4 0.5112584 0.8593177 -0.01372057 0.6663544 0.7456352 7.48286e-5 0.7071068 0.7071068 0 0.7071066 0.707107 0 0.7071062 0.7071074 -3.72762e-7 0.7071072 0.7071065 0 0.7071071 0.7071066 0 0.7071071 0.7071065 0 0.634393 0.7730107 0 0.2918289 0.9564688 -0.001854836 0.1546954 0.9877917 -0.01836061 0.05596536 0.9984328 0 0.05424356 0.9978994 -0.03541916 0.3487076 0.9366943 0.03173029 0.2033243 0.9790762 0.008316755 0.5086236 0.8604533 -0.03037196 0.7555692 0.6550688 -5.95681e-6 0.6916207 0.722261 1.88233e-6 0.5634742 0.826117 0.005258977 0.624493 0.7808219 0.01805025 0.4971152 0.8676828 0.001794159 0.9675095 0.2527753 0.005483031 0.936582 0.3504486 -1.81664e-6 0.8314699 0.5555699 1.03412e-5 0.8976283 0.4389165 0.04019737 0.8374176 0.5463693 0.0145809 0.9748142 0.163652 0.1515107 0.9936978 0.1083493 0.02872925 0.9980298 0.03479695 0.05221033 0.9807847 0.195093 0 0 1 0 0 1 1.0797e-6 0 1 -1.74321e-6 0 1 3.57015e-7 0 1 4.93829e-7 0 1 -3.57507e-7 0 1 -1.46871e-6 0 1 1.28162e-6 0 1 2.60834e-6 0 1 0 0 1 -1.21883e-6 0 1 -7.40632e-6 0 1 -2.53254e-6 0 1 4.58838e-6 0 1 -4.76164e-6 0 1 1.29375e-6 0 1 -7.59159e-7 -0.8314176 0.5555348 0.01122051 -0.9033883 0.4288236 2.81607e-6 -0.9394301 0.3427408 -1.95835e-6 -0.9723876 0.2332489 0.007573246 -0.9999983 0.001865327 0 -0.9807848 0.1950922 5.43698e-4 -0.9952456 0.09117752 0.03424578 -0.9884598 0.1497824 0.02263903 -0.5086231 0.8604535 -0.03037196 -0.634393 0.7730107 0 -0.4490437 0.8935099 -6.51797e-6 -0.5899513 0.807358 0.01143383 -0.6822755 0.7304508 0.03069227 -0.5556 0.8314497 2.04142e-5 -0.7510481 0.6602477 -6.72836e-6 -0.838139 0.5452785 0.01394307 -0.2902771 0.9569427 9.0307e-6 -0.152805 0.9881574 -0.01399344 -0.3588178 0.9332241 0.01851081 -0.05235522 0.9983763 -0.02244502 -0.2634141 0.9645416 0.01650953 -0.09553188 0.9954264 0 -0.7071068 0.7071068 0 -0.7071072 0.7071065 0 -0.7071071 0.7071066 0 -0.7071061 0.7071075 0 -0.7071071 0.7071065 -6.62688e-7 -0.7071066 0.707107 0 -0.7071075 0.7071061 0 -0.4288282 0.9033861 -3.3353e-6 -0.5555346 0.8314177 -0.01122039 -0.08155578 0.9966689 0 -0.1950703 0.9806819 -0.01451146 -0.2332483 0.9723877 -0.007573485 -0.3427382 0.9394311 1.60328e-6 -0.8604541 0.5086221 0.03037083 -0.7730116 0.634392 0 -0.893508 0.4490475 6.63434e-6 -0.807361 0.5899473 -0.01143425 -0.7304488 0.6822776 -0.03069096 -0.8314492 0.5556008 -1.99596e-5 -0.6602483 0.7510474 6.72836e-6 -0.5452794 0.8381384 -0.01394307 -0.9569427 0.290277 -8.85702e-6 -0.9881566 0.1528103 0.01399379 -0.9332237 0.3588189 -0.01851075 -0.9983768 0.05234593 0.02244359 -0.9645408 0.2634175 -0.0165084 -0.9954265 0.09553045 0 -1 0 0 -1 2.90535e-7 0 -1 -9.87659e-7 0 -1 -2.01262e-7 0 -1 -6.92321e-7 0 -1 -1.26627e-6 0 -1 -2.15626e-7 0 -1 7.59157e-7 0 -0.7730116 -0.634392 0 -0.9564688 -0.2918289 0.001854777 -0.9877916 -0.1546953 0.01836001 -0.9984327 -0.05596673 0 -0.9978996 -0.05424088 0.03541839 -0.936694 -0.3487086 -0.03172999 -0.9790765 -0.2033232 -0.008316814 -0.8604543 -0.5086219 0.03037083 -0.655069 -0.7555691 5.8204e-6 -0.7222728 -0.6916083 -1.25489e-6 -0.8261152 -0.5634768 -0.00525844 -0.7808242 -0.6244902 -0.01805019 -0.8676825 -0.4971155 -0.001794397 -0.1950911 -0.9807851 0 -0.09396713 -0.9950929 -0.03099042 -0.2527697 -0.9675111 -0.005483567 -0.3504514 -0.936581 1.6148e-6 -0.5555697 -0.8314701 -1.0054e-5 -0.4389196 -0.8976267 -0.04019796 -0.5463659 -0.8374198 -0.01458024 -0.7071068 -0.7071068 0 -0.7071066 -0.707107 0 -0.7071062 -0.7071074 -3.72762e-7 -0.7071072 -0.7071065 0 -0.7071071 -0.7071066 0 -0.7071071 -0.7071065 0 -0.634393 -0.7730107 0 -0.05257928 -0.9983289 -0.02398073 -0.2996991 -0.953858 0.01831698 -0.1191188 -0.99288 0 -0.5086236 -0.8604533 -0.03037196 -0.1517595 -0.9883497 -0.01157808 -0.2902289 -0.9569573 6.68298e-5 -0.482515 -0.8758878 -7.674e-5 -0.5695993 -0.8218692 0.009363472 -0.6438102 -0.7651853 1.22493e-4 -0.8314703 -0.5555693 2.23715e-4 -0.8751916 -0.4832726 0.02207678 -0.7681767 -0.6402379 -1.33277e-4 -0.980785 -0.1950918 0 -0.9985836 -0.02309709 0.0479328 -0.9960221 -0.08333438 0.03155273 -0.9795837 -0.2007428 0.01087552 -0.9459347 -0.3243573 -7.24329e-5 0 -1 0 0 -1 1.24322e-6 0 -1 -1.9449e-6 0 -1 -3.59577e-7 0 -1 2.94642e-6 0 -1 1.32061e-6 0 -1 -3.1994e-7 0 -1 1.96178e-6 0 -1 -9.0645e-7 0 -1 1.07893e-6 0 -1 8.64553e-7 0 -1 -6.00453e-7 0 -1 -8.51236e-7 0 -1 -4.62458e-7 0 -1 1.54344e-6 0 -1 -5.87596e-7 0 -1 -3.45794e-7 0 -1 -4.21693e-7 0 -1 2.68544e-7 0 -1 -2.62616e-7 0 -1 8.53254e-7 0 -1 2.61592e-7 0 -1 -1.23978e-6 0 -1 -1.92933e-6 0 -1 5.86394e-7 0 -1 -3.72846e-7 -2.96293e-6 0 -1 1.19899e-6 0 -1 2.96293e-6 0 -1 -1.19899e-6 0 -1 0 -0.9486834 0.3162279 0 -0.9486829 0.3162294 0 -0.9486832 0.3162284 0 -0.9486837 0.3162267 -3.16969e-6 -0.9486842 0.3162252 0 -0.9486818 0.3162325 -4.60715e-6 -0.9486838 0.3162263 4.07547e-6 -0.9486845 0.3162241 3.16969e-6 -0.9486842 0.3162252 0 -0.9486812 0.316234 4.09524e-6 -0.9486838 0.3162266 0 -0.9486842 0.3162254 0 0.9486836 0.316227 4.22625e-6 0.9486842 0.3162252 0 0.9486826 0.3162302 0 0.9486832 0.3162284 0 0.9486837 0.3162267 -3.16969e-6 0.9486842 0.3162252 0 0.9486812 0.316234 -4.09524e-6 0.9486838 0.3162266 0 0.9486842 0.3162254 0 0.9486818 0.3162325 4.60715e-6 0.9486838 0.3162263 -4.07547e-6 0.9486845 0.3162241 0.9486833 0 -0.316228 0.9486834 -4.22623e-6 -0.3162278 0.948683 0 -0.3162285 0.9486835 0 -0.3162275 0.9486835 0 -0.3162276 0.9486839 4.14502e-6 -0.3162264 0.9486824 -5.11911e-7 -0.3162305 0.9486835 4.07549e-6 -0.3162276 0.948683 4.22625e-6 -0.3162286 0.9486839 -4.14502e-6 -0.3162264 0.9486826 0 -0.3162302 0.9486828 0 -0.3162297 -0.9486833 0 -0.316228 -0.9486834 4.22623e-6 -0.3162278 -0.948683 0 -0.3162285 -0.9486835 0 -0.3162275 -0.9486835 0 -0.3162276 -0.9486839 -4.14502e-6 -0.3162264 -0.9486824 5.11911e-7 -0.3162305 -0.9486835 -4.07549e-6 -0.3162276 -0.948683 -4.22625e-6 -0.3162286 -0.9486839 4.14502e-6 -0.3162264 -0.9486826 0 -0.3162302 -0.9486828 0 -0.3162297 0 0.7071117 0.7071019 -6.26697e-6 0.7071068 0.7071068 0 0.7071071 0.7071065 0 0.707107 0.7071067 0 0.7071077 0.7071059 -3.72936e-5 0.707108 0.7071056 1.42923e-5 0.7071077 0.7071059 0 -0.7071068 0.7071068 0 -0.7071074 0.7071063 0 -0.7071065 0.7071072 0 -0.7071073 0.7071064 -5.19773e-6 -0.7071071 0.7071065 0 -0.7071097 0.7071039 0 -0.7071065 0.7071071 0 -0.7070937 0.70712 1.92641e-5 -0.7071068 0.7071068 0 0.8981472 -0.439695 0 -0.8981478 -0.4396937 0.01533991 -0.9275544 -0.3733731 0.01955604 -0.9290709 -0.3693844 -0.01023942 -0.9663067 -0.2571899 0 -0.9708667 -0.2396205 0 -0.9909074 -0.1345463 -0.01004278 -0.9895259 -0.144006 0.01150703 -0.9999327 0.001497805 0 -0.8873487 0.4610993 -0.1472064 -0.896592 0.4176757 -0.04910755 -0.8798243 0.4727554 -0.0184158 -0.8607916 0.5086244 -0.008290946 -0.8496056 0.5273534 -0.002988517 -0.8394436 0.5434386 0.002278864 -0.8394866 0.5433757 0 -0.9999675 -0.008069157 0 -0.9960073 0.08927214 -0.01444685 -0.9904703 0.1369668 0.03422117 -0.9782133 0.2047626 -0.01214087 -0.96298 0.2692995 0 -0.9481931 0.3176947 0 -0.9253977 0.3789977 0.01508921 -0.9126759 0.4084056 -9.31844e-4 -0.8917874 0.4524539 0.001571059 -0.848737 0.5288131 0.01256978 -0.8611012 0.5082783 0.005903363 -0.8496136 0.5273728 -0.1977556 -0.9780817 -0.06518453 0 -0.9999983 0.001882731 0 -0.9787868 0.2048817 -0.2757217 -0.9493194 0.1508982 0 -0.9624217 0.2715595 0 -0.8998827 -0.4361322 -0.03162986 -0.9275477 -0.372364 -0.1231518 -0.9357646 -0.3304216 0 -0.9664441 -0.256877 0 -0.9909603 -0.1341559 0 0.942942 -0.3329571 -0.2097599 0.9351816 -0.2853702 -0.02553945 0.9260889 -0.3764402 -0.1658669 0.9652288 0.2020438 0 0.990442 0.1379307 0 0.9977866 -0.06649744 -0.3729979 0.9278308 0.001622974 0 0.9909076 -0.1345452 0.006534993 0.8510171 0.5250974 0.01400941 0.8630363 0.5049476 -0.002659499 0.838512 0.5448768 -0.007451355 0.8482767 0.5295008 -0.0164417 0.8590117 0.5116921 -0.04393011 0.8776853 0.4772198 -0.07417255 0.8849042 0.4598294 0 0.9253976 0.3789979 0 0.9624749 0.271371 0.03569793 0.8841223 0.4658902 -0.03549098 0.8482025 0.5284817 0.02595901 0.9231927 0.3834601 0 0.9127801 0.4084515 0 0.9624214 0.2715603 -0.04710251 0.9471403 0.3173431 0.07744348 0.9867162 0.1428067 -0.03509968 0.9781835 0.2047566 0 0.9960073 0.08927214 0 0.9999983 0.001881361 0.01045304 0.9999129 -0.008069336 -0.008901178 0.9909976 -0.1335842 0 0.9895757 -0.1440142 0 0.9664444 -0.2568761 -0.01294952 0.9707849 -0.2396017 0.01790952 0.9294877 -0.3684183 0.01871341 0.9290865 -0.3693888 0 0.8998822 -0.436133 0 -0.8292425 0.5588891 0 -0.7932539 0.608891 -0.01166886 -0.7301883 0.6831463 0 -0.7030566 0.711134 0 -0.5520045 0.8338412 -0.01166886 -0.5190506 0.8546639 0 -0.2127774 0.9771007 -0.01400566 -0.2694903 0.9629014 0 -0.3437025 0.9390787 0 -0.4334524 0.9011766 0 -0.1166845 0.9931691 -0.006996214 0 0.9999756 -0.006997346 0 0.9999756 0 0.1166845 0.9931691 0 0.2127774 0.9771007 -0.01400566 0.2694903 0.9629014 0 0.3437025 0.9390787 0 0.4334524 0.9011766 -0.01166886 0.5190506 0.8546639 0.002531647 0.8404346 0.5419072 0 0.8292433 0.5588878 0 0.7932539 0.608891 -0.01166886 0.7301884 0.6831463 0 0.7030566 0.711134 0 0.5520045 0.8338412 1 -2.96409e-7 0 1 -8.72679e-7 0 1 -1.83757e-6 0 1 7.97156e-7 0 1 7.6332e-7 0 1 8.66579e-6 0 1 -1.52418e-6 0 1 -1.18593e-6 0 1 1.52418e-6 0 1 -6.49934e-6 0 1 5.21111e-7 0 1 1.18593e-6 0 1 -8.87551e-7 0 1 4.59393e-7 0 1 3.03054e-7 0 1 5.23398e-7 0 1 3.62027e-7 0 0.001462101 0.5011731 0.8653458 -0.006475985 0.4799668 0.8772628 4.86327e-4 0.461345 0.8872208 -0.01260966 0.3511465 0.9362357 -0.001227259 0.3563426 0.9343547 0.003147065 0.4098001 0.9121701 -0.01634585 0.3991522 0.9167391 -5.81679e-4 0.4244732 0.9054403 0.001330614 0.7094316 0.7047731 -8.72539e-4 0.7192824 0.6947173 0.004207611 0.693732 0.720221 0.01533836 0.6666912 0.7451763 -0.01072877 0.6965199 0.7174574 0.006421744 0.6160672 0.7876675 0.02117621 0.5934351 0.8046033 0.006176948 0.5679243 0.8230576 -6.84921e-4 0.5275526 0.8495221 0 0.7202324 0.6937329 0 0.7549774 0.6557509 -0.01440519 0.8108167 0.5851228 -0.002077817 0.8280364 0.5606706 0.001845717 0.9109788 0.4124491 -0.01648372 0.930358 0.3662819 0 0.9963874 0.08492529 -0.01556104 0.9920749 0.1246806 0 0.9780207 0.2085078 0 0.9567791 0.2908158 -8.76528e-4 -0.7192864 0.6947132 0.006714522 -0.727461 0.6861162 -0.01307654 -0.3512642 0.9361851 9.56331e-4 -0.4405449 0.8977301 -0.005834162 -0.4121376 0.9111031 -0.007647752 -0.4102526 0.9119399 0.00105971 -0.3777765 0.9258962 -0.002102851 -0.3551962 0.9347895 -0.002681195 -0.476431 0.8792079 -0.004698574 -0.479965 0.8772751 7.43836e-4 -0.5102029 0.8600538 -7.53866e-4 -0.5278083 0.8493633 0.01109337 -0.5935321 0.8047339 0.03110164 -0.5777691 0.8156076 -0.0489912 -0.6957232 0.7166374 0.04176288 -0.6348106 0.7715384 0.01532399 -0.6667085 0.7451611 0.004202246 -0.6937479 0.7202057 0 -0.7165567 0.6975288 0 -0.7549774 0.6557509 -0.01440578 -0.8108166 0.585123 -0.002077817 -0.8280364 0.5606706 0.001845717 -0.9109788 0.4124491 -0.01648372 -0.9303579 0.3662819 0 -0.9567791 0.2908158 0 -0.9780207 0.2085078 -0.01556104 -0.9920749 0.1246806 0 -0.9963874 0.08492529 0 0.9131702 -0.4075786 -0.01369947 0.9368923 -0.3493495 0 0.9958245 -0.09128826 -0.009130895 0.9917657 -0.1277393 -0.01678919 0.987585 -0.1561867 -0.005552589 0.9929161 -0.1186886 0 0.9760654 -0.2174775 0 0.9550905 -0.2963145 0 0.9369806 -0.3493818 0.03273284 0.9228795 -0.3836953 0.001543343 0.9545519 -0.2980406 -0.003263711 0.992926 -0.1186897 0.03284418 0.9826457 -0.1825619 0.01562553 0.9901071 -0.1394408 0 -0.9131693 -0.4075803 0.02026635 -0.936788 -0.3493101 0 -0.9958246 -0.09128826 0.01002007 -0.992454 -0.1222075 0.01972836 -0.9885302 -0.1497294 0.007375121 -0.9929043 -0.1186869 0 -0.9760645 -0.2174811 0 -0.9550905 -0.2963145 0 -0.9369804 -0.3493822 -0.02368789 -0.920646 -0.3896794 -0.001130223 -0.954446 -0.2983816 0.002375602 -0.9929285 -0.1186902 -0.02693665 -0.9814304 -0.1899182 -0.0136795 -0.9892145 -0.1458343 1.98272e-7 0 1 -1.06199e-5 0 1 2.45203e-7 0 1 6.63553e-6 0 1 -2.49959e-7 0 1 0 1 2.15925e-6 0 1 -2.41142e-6 0 1 4.36409e-6 0 1 3.45224e-6 0 1 -1.49346e-6 0 1 4.0321e-6 0 1 2.86028e-6 0 1 -9.27003e-6 0 1 -8.52275e-6 0 1 1.19526e-5 0 1 5.71102e-4 0 -1 -5.35592e-6 0 -1 4.42408e-6 0 -1 2.79902e-6 0 -1 2.86028e-6 0 -1 -8.52282e-6 0 -1 1.19537e-5 0 -0.9999999 -5.71021e-4 -1 -3.69077e-6 0 -1 -2.5261e-7 0 -1 -3.51599e-7 0 -1 0 0 -1 0 0 -1 -1.61661e-7 0 -1 2.49016e-7 0 -1 -1.59683e-7 0 -1 -1.00343e-6 0 -1 2.31591e-7 0 -1 3.516e-7 0 -1 -1.68407e-7 0 -1 1.00343e-6 0 -1 0 0 -1 -1.5878e-7 0 -1 1.61661e-7 0 0 0.9927089 0.1205375 0.01859837 0.9846376 0.1736176 0 0.8305361 0.556965 0.02066749 0.8658408 0.4998925 0 0.9146341 0.4042828 0 0.9566963 0.2910878 0 0.7573487 0.6530108 0.005168676 0.6631128 0.7485017 0.01549357 0.6427105 0.7659525 0 0.2652969 0.9641668 0.02170419 0.3419392 0.9394715 0 0.4286919 0.9034509 0 0.5344673 0.8451892 0 0.1471503 0.9891142 0.01135557 0 0.9999356 0.01135808 0 0.9999356 0 -0.4286919 0.9034509 0.02170419 -0.3419392 0.9394715 0 -0.2652969 0.9641668 0 -0.1471503 0.9891142 0 -0.5344673 0.8451892 0.01856863 -0.6630074 0.7483826 0.006191253 -0.6427754 0.7660297 0 -0.7573487 0.6530108 0 -0.8305361 0.556965 0.02066814 -0.8658408 0.4998927 0 -0.9927089 0.1205375 0.01859837 -0.9846376 0.1736176 0 -0.9566963 0.2910878 0 -0.9146341 0.4042828 -3.19145e-6 -0.7071056 0.707108 0 -0.7071096 0.707104 1.42923e-5 -0.7071068 0.7071068 -3.72936e-5 -0.707108 0.7071056 0 -0.7071077 0.7071059 0 -0.707107 0.7071067 0 -0.7071071 0.7071065 0 0.7071068 0.7071068 -2.36016e-6 0.7071068 0.7071068 -4.27726e-6 0.7071073 0.7071064 0 0.7071074 0.7071061 0 0.7071062 0.7071074 -3.41877e-6 0.7071085 0.7071051 -8.8585e-6 0.7071057 0.7071079 5.88437e-6 0.7071061 0.7071075 0 0.7071009 0.7071127 2.87624e-5 0.7071032 0.7071104 0.321827 -0.9467972 0.001622498 0.8484344 -0.5292721 -0.00548917 0.7270652 -0.6865192 0.008232951 0.858263 -0.5130206 0.01395243 0.8717274 -0.4899911 2.14393e-4 0.8846337 -0.4662501 -0.005852162 0.4510614 -0.8924925 -8.89171e-4 0.5887901 -0.808244 0.008253574 0.5567762 -0.8306626 0 0.7517845 -0.6594088 0 0.7507845 -0.6605473 -1.38864e-4 0.8517551 -0.5239402 8.70317e-5 0.6157272 -0.7878518 -0.01302438 0.5020179 -0.8648573 -1.37414e-4 0.3366835 -0.9416179 1.42256e-4 0.3199368 -0.9474385 9.49216e-4 0.1323914 -0.991197 -0.00103259 0.1604651 -0.9870387 -0.002361118 -0.1120526 -0.9936937 0.004145205 0.08157694 -0.9966012 -0.01146042 0.02816951 -0.9995722 -0.007876992 -0.05642896 -0.9984011 -0.003331959 -0.1744195 -0.9846715 0 -0.3264979 -0.945198 0 -0.3228604 -0.9464465 1.83849e-4 -0.5743364 -0.8185881 0.007172882 -0.4336037 -0.9011031 -0.001031517 -0.3033893 -0.9528642 0.002211034 -0.7427487 -0.6695703 7.10404e-5 -0.8499844 -0.5268081 -4.52918e-5 -0.8830368 -0.4692605 -0.006365776 -0.4981732 -0.8670776 -1.76338e-4 -0.6082733 -0.7936174 -0.0132308 -0.5448461 -0.8385362 0 -0.7422448 -0.6701288 0 -0.7227042 -0.6911259 0.006617486 -0.86939 -0.4941266 1.77707e-4 -0.8550126 -0.5183927 0.0149244 -0.8469194 -0.5317026 -0.004463613 -0.3218272 0.9467971 0.001622498 -0.8484324 0.5292754 -0.005488038 -0.7270652 0.6865192 0.008233964 -0.8582586 0.5130279 0.01395231 -0.871726 0.4899938 2.15297e-4 -0.8846328 0.4662517 -0.005852639 -0.4510614 0.8924925 -8.89171e-4 -0.5887894 0.8082445 0.008253574 -0.5567769 0.8306621 0 -0.7517852 0.6594082 0 -0.7507845 0.6605473 -1.38619e-4 -0.8517537 0.5239424 8.70316e-5 -0.6157272 0.7878518 -0.01302438 -0.502019 0.8648567 -1.37414e-4 -0.336681 0.9416189 1.42255e-4 -0.3199373 0.9474383 9.49218e-4 -0.1323914 0.991197 -0.00103259 -0.1604642 0.9870389 -0.002361118 0.1120529 0.9936937 0.004145264 -0.08157593 0.9966012 -0.0114603 -0.02816969 0.9995722 -0.007876992 0.05642914 0.9984011 -0.003331959 0.1744195 0.9846715 0 0.3264971 0.9451982 0 0.3228617 0.9464462 1.83849e-4 0.5743346 0.8185893 0.007172763 0.4336059 0.9011021 -0.001031696 0.3033876 0.9528647 0.002211034 0.7427505 0.6695684 7.08955e-5 0.8499853 0.5268065 -4.54708e-5 0.8830368 0.4692605 -0.006365776 0.4981732 0.8670776 -1.76338e-4 0.6082739 0.793617 -0.0132308 0.5448454 0.8385365 0 0.7422459 0.6701276 0 0.722706 0.691124 0.006617546 0.8693921 0.4941229 1.77707e-4 0.8550084 0.5183995 0.01492553 0.8469175 0.5317057 -0.004463613 0.7058997 -0.7083118 0 -0.7233222 -0.6905107 -1.51757e-4 -0.632543 -0.7743604 0.01598054 -0.4480193 -0.893728 0.02300661 -0.5628404 -0.8221949 0.08489 -0.5628941 -0.8221679 0.08479517 -0.582472 -0.810201 0.06558096 -0.8243629 -0.5660614 6.06947e-4 -0.8881744 -0.4574293 0.04364311 -0.9401603 -0.3407325 0 -0.9957806 -0.09176647 0 -0.9990074 0.03598153 0.02625876 -0.9865983 0.1631685 0 -0.8763571 0.4816622 0 -0.8537324 0.5206132 0.01014596 -0.7293397 0.6841518 2.38346e-4 -0.5101723 0.8598713 0.01858949 -0.573861 0.8183879 0.03041255 -0.48955 0.871926 0.009265482 -0.6637353 0.7479676 -8.69004e-5 -0.6993439 0.7147855 1.01869e-5 0.2323801 0.9711152 0.05417585 0.3743526 0.9272865 0 0.1973139 0.9792476 0.04627549 0.1388043 0.9897047 0.03489911 0.0947107 0.9951215 0.02762657 0.04049253 0.9989914 0.01940947 -0.1275511 0.9918321 0 -0.3743521 0.9272866 0 0.8537758 0.5206409 0 0.8712743 0.4906548 0.01178592 0.7259742 0.687722 0 0.4895709 0.8719636 0 0.6409466 0.7660585 0.04839229 0.5537348 0.832323 0.0248239 0.8890211 -0.4578662 0 0.8518643 -0.5193534 0.06781852 0.9401609 -0.3407312 0 0.9993521 0.03599417 0 0.9978771 -0.04856032 0.04339843 0.9865984 0.1631675 0 0.5638055 -0.8236076 0.06159633 0.5504679 -0.8281418 0.1056719 0.5930811 -0.8043351 0.03605359 -0.7225191 0.6913511 0 0.4599599 0.8875088 0.02766281 0.5627697 0.8220965 0.08630084 0.5930805 0.8043357 0.03605389 0.7072456 0.7069678 -4.65587e-4 0.8251211 0.5649551 0.001065909 0.8881736 0.4574309 0.04364305 0.9401614 0.3407298 0 0.9957806 0.09176647 0 0.9990075 -0.03598272 0.02625876 0.9865983 -0.1631685 0 0.8763566 -0.4816631 0 0.8537321 -0.5206138 0.01014596 0.7293446 -0.6841466 2.38347e-4 0.5101677 -0.859874 0.01858931 0.5738656 -0.8183846 0.03041279 0.4895493 -0.8719264 0.009265422 0.6637362 -0.7479668 -8.69005e-5 0.6993133 -0.7148154 1.01864e-5 -0.2323703 -0.9711177 0.05417352 -0.3743517 -0.9272868 0 -0.1973139 -0.9792476 0.04627549 -0.1388058 -0.9897046 0.03489947 -0.09470796 -0.9951217 0.02762579 -0.04049289 -0.9989913 0.01940965 0.1275512 -0.9918321 0 0.3743522 -0.9272866 0 -0.8537758 -0.5206409 0 -0.8712751 -0.4906534 0.01178592 -0.7259691 -0.6877273 0 -0.4895716 -0.8719632 0 -0.6409482 -0.7660573 0.04839241 -0.5537344 -0.8323233 0.0248239 -0.8890218 0.4578651 0 -0.8518657 0.5193511 0.06781864 -0.9401602 0.3407332 0 -0.999352 -0.03599572 0 -0.9978769 0.0485633 0.04339843 -0.9865984 -0.163168 0 -0.5639142 0.8237679 0.0583738 -0.5503841 0.8281164 0.1063046 -0.5543844 0.8262931 0.09948748 -0.5673466 0.8195977 0.07986062 -0.6024625 0.7968145 0.04610466 -0.6604031 0.7508273 0.01123899 -0.6415329 0.7670956 0 0.6121145 0.7897179 0.04076403 0.5634087 0.8228336 0.07426708 0.542518 0.8341158 0.09962493 0.5634811 0.8240736 0.05824083 0.5773268 0.8165132 0 0.9590124 0.2833644 0 0.8860946 0.4612137 0.0460264 0.9015306 0.4319127 0.02634239 0.7965826 0.604529 9.72202e-4 0.6994482 0.7146799 -0.002224028 0.9979844 0.06346088 0 0.9975435 -0.06171083 0.03314888 0.9818565 -0.1896252 0 0.9338378 -0.3576968 0 0.8415842 -0.5398464 0.017385 0.8600283 -0.5093752 0.02980577 0.145588 -0.9893453 0 0.3602004 -0.932875 0 0.4721816 -0.8812502 0.02104091 0.583285 -0.8122676 0 0.7508319 -0.6604933 0 -0.03738081 -0.9993011 0 0.03162389 -0.9994191 0.01270914 -0.1968635 -0.9702578 0.1408711 -0.0166819 -0.999861 0 -0.5014267 -0.8652001 0 -0.5014273 -0.8651999 0 -0.8592556 -0.5115467 0 -0.8592543 -0.5115486 0 -0.9995962 -0.02841585 0 -0.9995962 -0.02841705 0 -0.9663366 0.2572814 0 -0.9261008 0.3770377 0.01342308 -0.8869284 0.4619071 0 -0.8020029 0.580788 0.1395591 -0.8533371 0.5156062 0.07724076 -0.5630386 0.8251538 0.04592329 -0.5512677 0.8282532 0.1005026 -0.5558282 0.8264396 0.08973616 -0.5558026 -0.8264543 0.08976089 -0.5513087 -0.8282383 0.1003996 -0.5630359 -0.8251655 0.0457437 -0.9262339 -0.3767117 0.01338589 -0.8529208 -0.5162618 0.07745844 -0.8865811 -0.4617264 0.0279814 -0.7658825 -0.6429806 0 -0.6415332 -0.7670953 0 -0.01666861 0.9990617 0.03997492 -0.1988465 0.9800307 0 -0.5014267 0.8652001 0 -0.5014273 0.8651999 0 -0.8592543 0.5115486 0 -0.8592556 0.5115467 0 -0.9995962 0.02841591 0 -0.9995962 0.02841699 0 -0.9663366 -0.2572814 0 0.7511158 0.6601706 0 0.5834175 0.8121725 0 0.4721816 0.8812502 0.02104169 0.3603536 0.9328159 0 0.05407708 0.9985368 0 0.1410545 0.9894571 0.03283977 -0.03712129 0.9993108 0 0.9980919 0.06174552 0 0.9976298 -0.03697168 0.0580343 0.9816798 0.190538 -1.42083e-4 0.8417131 0.5399252 2.86467e-4 0.9155631 0.3953658 0.0736894 0.8609883 0.5077289 0.03017473 0.9010422 -0.4316799 0.04213643 0.9163874 -0.3991937 0.02964407 0.9590118 -0.2833662 0 0.6481956 -0.7613366 0.01446348 0.7458729 -0.6660879 -7.6481e-4 0.8408589 -0.541248 0.002646744 0.5773268 -0.8165132 0 0.5634073 -0.8228345 0.07426714 0.5572916 -0.8262795 0.08178281 0.4480125 -0.8937311 0.02301454 0 -0.7933533 0.6087614 0.03320288 -0.8310105 0.555265 0 -0.9914449 0.1305265 0.03320235 -0.9802445 0.1949827 0 -0.9469304 0.3214389 0 -0.8968739 0.4422864 0.09755963 -0.9720723 0.2134422 -0.01417255 -0.9806867 0.1950716 0.03839105 -0.830857 0.5551601 -0.3964921 -0.8092055 0.4335674 -0.03783553 -0.8596515 0.509478 -0.4625389 -0.829895 0.3119808 -0.09824252 -0.8833398 0.4583222 -0.4401397 -0.8687832 0.2269204 -0.1304899 -0.9261767 0.3537926 -0.1072664 -0.9205113 0.3757033 -0.3193649 -0.9364212 0.1453322 -0.09635925 -0.9706643 0.2202858 -0.2121065 -0.9683722 0.131401 -0.0594182 -0.9697367 0.236813 -0.1780165 -0.9749618 0.1332659 -0.04255449 -0.9772195 0.2079212 -0.1208576 -0.9812778 0.1499579 -0.03030902 -0.9825417 0.1835572 -0.08061957 -0.9838044 0.1600923 -0.01543265 -0.9839054 0.1780226 -0.0337404 -0.9850575 0.1688891 0.01291811 -0.9859731 0.1664041 0.0450136 -0.9831463 0.1771922 0.08599621 -0.9708324 0.2238067 0.1257534 -0.9693378 0.211117 0.2934093 -0.9333933 0.206611 0.1333521 -0.9262749 0.3524656 0.396193 -0.887739 0.2344157 0.1082042 -0.9099255 0.4004093 0.3754794 -0.8603276 0.3447487 -0.08851605 -0.9818263 0.1678755 -0.04054576 -0.9836789 0.1753053 -0.1102594 -0.9848775 0.1336383 -0.06167548 -0.9868306 0.1495376 -0.1255071 -0.987624 0.09405797 -0.07787412 -0.9898514 0.1188697 -0.1331664 -0.9908004 0.0241096 -0.0636965 -0.9947699 0.07984727 -0.131531 -0.9911077 0.02013009 -0.06006282 -0.9951608 0.07776588 -0.1198615 -0.9927322 0.01076984 -0.04105633 -0.9970129 0.06541949 -0.08966761 -0.9955649 0.02846807 -0.02899652 -0.9976655 0.06182956 -0.06284677 -0.9971365 0.04206085 -0.0188601 -0.9981226 0.05827313 -0.04246753 -0.9978772 0.04937177 -0.009917914 -0.99825 0.05829817 -0.02126282 -0.9982576 0.05504441 0.008235096 -0.9983621 0.0566163 0.01706039 -0.9982126 0.05727607 0.02529996 -0.9981827 0.05469214 0.06057983 -0.9971389 0.04521226 0.04180866 -0.9975598 0.05591499 0.1090945 -0.9933186 0.037638 0.06037539 -0.9952145 0.07683038 0.1325353 -0.9904726 0.0373966 0.06030374 -0.9938366 0.09301793 0.134438 -0.9872835 0.08483994 0.05549043 -0.9902528 0.1277505 0.1253127 -0.9842184 0.1249444 0.03775388 -0.9871527 0.1552554 0.1063547 -0.9806928 0.1641052 0.01341301 -0.9837832 0.17886 0.08094096 -0.9775671 0.1944509 0.4752123 -0.8293783 0.2937771 0.04171758 -0.8589433 0.5103687 0.3709548 -0.818337 0.4389957 -0.02488607 -0.8534101 0.5206457 0.2822645 -0.7976597 0.5329782 0 -0.8314697 0.5555701 0 -0.9807854 0.1950898 0 -0.9807851 0.195091 0 0.8314697 0.5555701 0 0.9807854 0.19509 0 0.9807852 0.1950908 -0.09755969 0.9720723 0.2134423 0.01417255 0.9806866 0.1950716 -0.03839099 0.8308575 0.5551595 0.3964897 0.809208 0.4335647 0.03783553 0.8596517 0.5094777 0.4625431 0.8298916 0.3119837 0.09824228 0.8833405 0.458321 0.4401419 0.8687819 0.2269215 0.1304899 0.9261767 0.3537926 0.1072608 0.92052 0.3756837 0.3193665 0.9364205 0.1453329 0.09635895 0.9706645 0.2202851 0.2121065 0.9683722 0.131401 0.05941742 0.9697375 0.2368098 0.1780165 0.9749618 0.1332659 0.04255509 0.9772188 0.2079241 0.1208576 0.9812778 0.1499579 0.03030854 0.9825422 0.1835544 0.08062136 0.9838037 0.1600958 0.01543223 0.9839046 0.1780273 0.03374069 0.9850577 0.1688875 -0.01291811 0.9859736 0.1664012 -0.04501372 0.9831463 0.1771926 -0.08599573 0.9708326 0.2238054 -0.1257534 0.9693366 0.2111227 -0.2934106 0.9333926 0.2066119 -0.1333526 0.9262754 0.3524643 -0.396193 0.887739 0.2344157 -0.108204 0.9099259 0.4004083 -0.3754769 0.8603297 0.3447464 0.0885154 0.9818266 0.1678742 0.04054588 0.9836788 0.1753058 0.1102593 0.9848773 0.1336403 0.0616756 0.9868307 0.1495366 0.1255071 0.987624 0.09405797 0.07787412 0.9898515 0.1188685 0.1331664 0.9908003 0.02411204 0.06369495 0.9947714 0.07983058 0.131531 0.9911077 0.02013009 0.06006294 0.9951608 0.07776606 0.1198605 0.9927324 0.01076978 0.04105633 0.9970129 0.06541949 0.08966761 0.9955649 0.02846807 0.02899438 0.9976658 0.06182497 0.06284677 0.9971365 0.04206085 0.01886498 0.998121 0.05829811 0.04246574 0.9978775 0.04936975 0.00991863 0.9982503 0.05829364 0.02126324 0.9982575 0.05504548 -0.008232235 0.9983639 0.05658537 -0.01706081 0.9982125 0.05727738 -0.02530038 0.9981827 0.05469292 -0.06057983 0.9971389 0.04521226 -0.041808 0.9975599 0.05591404 -0.1090934 0.993319 0.03763276 -0.06037724 0.9952139 0.07683688 -0.1325353 0.9904729 0.03738832 -0.06030362 0.9938367 0.09301775 -0.1344386 0.9872834 0.08484029 -0.05549019 0.9902529 0.12775 -0.1253127 0.9842184 0.1249444 -0.03775399 0.9871526 0.1552559 -0.1063539 0.9806928 0.164105 -0.01341295 0.9837834 0.1788583 -0.08094149 0.9775669 0.1944522 -0.475216 0.8293753 0.2937794 -0.04171752 0.8589439 0.5103677 -0.3709859 0.8183031 0.4390325 0.02488601 0.8534113 0.5206439 -0.2822674 0.7976549 0.5329838 0 0.7933533 0.6087614 0.03320401 0.8310105 0.555265 0 0.8968739 0.4422864 0 0.9469304 0.3214389 0.03320235 0.9802445 0.1949827 0 0.9914449 0.1305265 0 0.9952599 0.09725189 -0.1590463 0.9705776 0.1807858 -0.9085192 0.3832396 0.1664943 -0.1019268 0.6299487 0.7699192 -0.0555433 0.9006921 0.430893 -0.07744812 0.9801363 0.1825774 -0.1001342 0.9730029 0.2079391 -0.2184324 0.9521657 0.2137001 -0.2073701 0.9569709 0.2029883 -0.3213453 0.9222942 0.2147338 -0.3431282 0.9108591 0.2293443 -0.4039349 0.8916413 0.2044814 -0.5087532 0.8315103 0.2230714 -0.4890574 0.8513796 0.1896725 -0.6177511 0.7533096 0.2256287 -0.6096208 0.7639264 0.211611 -0.686113 0.6967926 0.2091148 -0.7528226 0.6131152 0.239474 -0.7392391 0.651362 0.1710358 -0.8378019 0.4886373 0.2435603 -0.8305091 0.522726 0.1923855 -0.8848977 0.4101411 0.2207729 -0.9074095 0.3327642 0.2566635 -0.9438632 0.1855793 0.2732812 -0.9594006 0.2333709 0.158394 -0.7928327 0.3491148 0.4995352 -0.1666491 0.7964535 0.5812832 -0.153118 0.7974278 0.5836642 -0.1674314 0.7888732 0.5913086 -0.2507013 0.7608273 0.5985739 -0.2365336 0.7797006 0.5797576 -0.3493059 0.7193479 0.6004365 -0.3337761 0.7466862 0.5753723 -0.4367943 0.6667423 0.6038755 -0.426588 0.7046487 0.5670034 -0.5182961 0.6015391 0.6078814 -0.5165007 0.646497 0.5614879 -0.5863161 0.5294426 0.6131264 -0.5949038 0.5772396 0.5593602 -0.6385098 0.4584611 0.6181576 -0.6529912 0.5055497 0.5639346 -0.6589815 0.4800804 0.579022 -0.6081588 0.4525538 0.6521794 -0.1862754 0.5350121 0.8240531 -0.1139327 0.5241703 0.8439579 -0.2308 0.4256064 0.8749803 -0.1307328 0.4765558 0.8693698 -0.1146935 0.5047278 0.8556257 -0.1589753 0.4705384 0.8679404 -0.1494838 0.5110861 0.8464312 -0.1864459 0.4696354 0.8629488 -0.1853759 0.5128534 0.8382226 -0.2098076 0.4719739 0.8562836 -0.2167748 0.5117183 0.8313563 -0.2295868 0.4766803 0.8485669 -0.2390402 0.5088407 0.8270073 -0.2440654 0.4825603 0.8411704 -0.2588265 0.5060249 0.8227683 -0.4409999 0.8942647 0.07622134 -0.9648743 0.1749998 0.1959407 -0.9806498 0.1162046 0.157552 -0.9806504 0.1411873 0.1356139 -0.9806492 0.1411934 0.1356157 -0.9806499 0.162104 0.1097642 -0.9806496 0.1621055 0.1097646 -0.98065 0.1783416 0.08074599 -0.9806497 0.1783434 0.08074539 -0.98065 0.1894341 0.04939842 -0.9806495 0.1894373 0.04939854 -0.7922882 0.3621643 0.4910361 -0.9806501 0.1950613 0.016626 -0.98065 0.195062 0.01662594 -0.8962358 0.4419754 0.03767061 -0.8297608 0.3176763 0.4588887 -0.8305416 0.4016801 0.3858158 -0.8305361 0.4016868 0.3858208 -0.8305426 0.4611797 0.3122698 -0.8305378 0.4611858 0.3122734 -0.8305358 0.507385 0.2297192 -0.83054 0.5073787 0.2297178 -0.8305386 0.5389391 0.140536 -0.83054 0.538937 0.1405366 -0.8297635 0.5572692 0.03071832 -0.7922845 0.6079477 0.05181699 -0.6082625 0.4491976 0.6543992 -0.5541786 0.4940873 0.6698985 -0.5541846 0.6003276 0.5766164 -0.5541842 0.6003267 0.5766176 -0.5541799 0.6892576 0.4666997 -0.554182 0.6892541 0.4667025 -0.5541782 0.7582982 0.3433226 -0.5541818 0.7582959 0.343322 -0.5541804 0.8054622 0.2100357 -0.5541803 0.8054617 0.2100372 -0.5541796 0.8293899 0.07069158 -0.6082633 0.7926993 0.04054439 -0.2579457 0.5734822 0.7775489 -0.1948697 0.6102488 0.7678686 -0.1948591 0.6832092 0.7037437 -0.1463185 0.7134444 0.685265 -0.1949757 0.7404887 0.6431649 -0.1944115 0.8122373 0.5499772 -0.1944152 0.8122389 0.5499734 -0.1944158 0.8935981 0.4045801 -0.1944097 0.8935996 0.4045794 -0.1949001 0.9384315 0.2852372 -0.1449117 0.9574279 0.2496645 -0.1949374 0.959258 0.2045081 -0.1944109 0.9773765 0.08330559 -0.194413 0.9773761 0.08330488 -0.9807851 0.1950912 0 -0.8968746 0.4422852 0 -0.8968743 0.4422857 0 -0.7933516 0.6087638 0 -0.7933533 0.6087615 0 -0.6087589 0.7933552 0 -0.6087655 0.7933502 0 -0.4422875 0.8968734 0 -0.4422839 0.8968752 0 -0.1950913 0.9807852 0 -0.1950901 0.9807853 0 -0.4396885 -0.8916018 0.1082608 -0.193721 0.9739037 0.1182533 -0.1937224 -0.9739034 0.1182533 -0.1937206 -0.9739038 0.1182535 -0.1948198 -0.9383651 0.2855108 -0.2537974 -0.9044013 0.3429948 -0.1946648 -0.8971375 0.3965473 -0.1940082 -0.814756 0.5463823 -0.2180321 -0.803184 0.5543983 -0.1950765 -0.7428007 0.6404626 -0.1937263 -0.6505605 0.7343304 -0.1937209 -0.6505607 0.7343317 -0.1949411 -0.5242142 0.8289738 -0.2478991 -0.450216 0.8578178 -0.1944773 -0.4205085 0.8862004 -0.1942835 -0.2602422 0.9457949 -0.2360081 -0.2325552 0.9435139 -0.1950232 -0.1443253 0.9701218 -0.1937158 0 0.9810578 -0.1937226 0 0.9810563 -0.1950218 0.1443254 0.9701221 -0.2360053 0.2325554 0.9435145 -0.1942835 0.2602422 0.9457949 -0.1937177 0.4559173 0.8686847 -0.2730619 0.4124033 0.869115 -0.194939 0.5242151 0.8289737 -0.193716 0.6505605 0.7343332 -0.1937249 0.6505604 0.7343309 -0.1950765 0.7428007 0.6404626 -0.218031 0.8031839 0.5543991 -0.1940082 0.814756 0.5463823 -0.193726 0.9173027 0.3478879 -0.2983199 0.8729881 0.3858718 -0.1948198 0.9383651 0.2855108 -0.7911932 -0.6071074 0.0737161 -0.6059554 -0.7896987 0.09588664 -0.5538267 -0.8237244 0.1214665 -0.5527597 -0.7791872 0.2955066 -0.5527589 -0.7791875 0.2955073 -0.5527638 -0.6858234 0.4733905 -0.5527619 -0.6858255 0.4733895 -0.5527675 -0.5526037 0.6237606 -0.5527537 -0.5526109 0.6237664 -0.5527523 -0.3872727 0.7378922 -0.5527607 -0.3872731 0.7378856 -0.5527595 -0.1994311 0.8091257 -0.5527681 -0.1994292 0.8091202 -0.5527675 0 0.8333355 -0.5527622 0 0.8333392 -0.5527675 0.1994299 0.8091205 -0.5527608 0.1994304 0.8091249 -0.55276 0.3872715 0.737887 -0.5527544 0.3872745 0.7378897 -0.5527684 0.5526018 0.6237616 -0.5527532 0.5526121 0.6237659 -0.5527717 0.6858189 0.4733878 -0.5527561 0.6858286 0.4733921 -0.5527609 0.779186 0.2955073 -0.552756 0.7791895 0.2955073 -0.9805106 -0.1950337 0.02368146 -0.8955807 -0.4416555 0.05362552 -0.193722 0.9739034 0.1182535 -0.4396902 0.891601 0.1082607 -0.5538267 0.8237244 0.1214665 -0.6059554 0.7896987 0.09588664 -0.7911941 0.6071063 0.07371598 -0.8306925 -0.5492681 0.09085553 -0.829585 -0.5220947 0.1980049 -0.8295848 -0.5220953 0.1980047 -0.8295841 -0.459539 0.3171972 -0.8295862 -0.4595358 0.3171967 -0.8295878 -0.370272 0.4179509 -0.8295812 -0.3702789 0.417958 -0.8295837 -0.2594935 0.494423 -0.8295856 -0.2594918 0.4944208 -0.8295841 -0.1336275 0.5421569 -0.8295853 -0.1336311 0.5421543 -0.82958 0 0.558388 -0.8295833 0 0.558383 -0.8295876 0.1336277 0.5421513 -0.8295813 0.1336292 0.5421606 -0.8295876 0.2594908 0.4944179 -0.8295812 0.2594948 0.4944264 -0.8295877 0.370272 0.417951 -0.8295795 0.3702815 0.4179586 -0.8295823 0.4595414 0.3171989 -0.8295873 0.4595345 0.3171958 -0.829586 0.5220934 0.1980043 -0.8295854 0.522094 0.1980049 -0.8306919 0.5492689 0.09085565 -0.8955807 0.4416555 0.05362552 -0.9805102 -0.1950356 0.02368175 -0.9805102 -0.1837008 0.069669 -0.9805101 -0.1837015 0.06966894 -0.9805102 -0.1616904 0.1116072 -0.9805102 -0.1616901 0.111607 -0.9805105 -0.130281 0.1470584 -0.9805105 -0.1302801 0.1470592 -0.9805102 -0.09130489 0.1739636 -0.9805099 -0.09130513 0.1739653 -0.9805103 -0.04701715 0.190759 -0.9805102 -0.04701942 0.1907591 -0.9805109 0 0.1964653 -0.98051 0 0.1964697 -0.9805097 0.04701948 0.1907615 -0.9805106 0.04701507 0.1907577 -0.9805102 0.09130489 0.1739637 -0.9805097 0.09130549 0.1739658 -0.9805102 0.1302818 0.1470594 -0.9805105 0.1302811 0.147058 -0.9805101 0.1616916 0.1116057 -0.9805098 0.1616917 0.1116086 -0.9805095 0.1837047 0.0696693 -0.9805109 0.1836977 0.06966829 -0.9805106 0.1950337 0.02368181 -0.9805098 0.1950376 0.02368152 -0.9807851 -0.1950912 0 -0.8968743 -0.4422857 0 -0.8968746 -0.4422852 0 -0.7933512 -0.6087644 0 -0.7933537 -0.608761 0 -0.6087589 -0.7933552 0 -0.6087655 -0.7933502 0 -0.4422875 -0.8968734 0 -0.4422839 -0.8968752 0 -0.1950907 -0.9807853 0 -0.1950907 -0.9807853 0 -0.9656913 -0.1541453 0.2089965 -0.9806501 -0.1950613 0.016626 -0.9806496 -0.1950639 0.01662594 -0.1944121 -0.9773763 0.08330494 -0.4409999 -0.8942647 0.07622134 -0.5533936 -0.8312313 0.05301183 -0.6073762 -0.7915444 0.06746578 -0.8305376 -0.5549505 0.04730039 -0.7930595 -0.6085356 0.0272271 -0.8962358 -0.4419754 0.03767061 -0.9806492 -0.1783457 0.08074587 -0.9806501 -0.1783412 0.08074551 -0.8305385 -0.5073807 0.229719 -0.8305379 -0.5073819 0.2297182 -0.5541799 -0.7582972 0.3433222 -0.5541794 -0.7582975 0.343322 -0.9806499 -0.162104 0.1097639 -0.9806492 -0.1621073 0.1097646 -0.830542 -0.4611806 0.3122699 -0.8305387 -0.4611843 0.3122735 -0.5541822 -0.6892551 0.4667007 -0.554181 -0.6892556 0.4667015 -0.9806498 -0.1411915 0.1356137 -0.9806496 -0.1411909 0.1356156 -0.8305423 -0.4016783 0.3858162 -0.8305364 -0.401687 0.3858198 -0.5541846 -0.6003276 0.5766164 -0.5541833 -0.6003271 0.576618 -0.09927159 -0.9520534 0.2893778 -0.1949388 -0.9592577 0.2045083 -0.1944118 -0.9773762 0.08330547 -0.9806492 -0.1894391 0.04939854 -0.9806498 -0.189436 0.04939854 -0.8305382 -0.5389398 0.1405362 -0.83054 -0.538937 0.1405362 -0.5541792 -0.8054627 0.2100364 -0.5541818 -0.805461 0.2100362 -0.1944121 -0.9491791 0.2475138 -0.1944158 -0.8935981 0.4045801 -0.1944114 -0.8935996 0.4045789 -0.1944162 -0.8122364 0.5499767 -0.1944109 -0.8122398 0.5499737 -0.1944063 -0.7074465 0.679504 -0.1114796 -0.6922184 0.7130259 -0.1949759 -0.7404881 0.6431654 -0.9806485 -0.1412537 0.1355583 -0.7930572 -0.3415166 0.5044074 -0.8305385 -0.3305952 0.448233 -0.607374 -0.4715425 0.6393312 -0.5533916 -0.4799805 0.6807177 -0.2572901 -0.5949205 0.7614929 -0.1944063 -0.5822435 0.7894294 -0.7932878 -0.3293038 0.5121071 -0.1030617 -0.4907191 0.8652012 -0.1305506 -0.4756969 0.8698673 -0.07521826 -0.6798147 0.7295165 -0.1394335 -0.5784844 0.8036879 -0.3117169 -0.5140957 0.7990859 -0.06752538 -0.9041689 0.4218046 -0.08877474 -0.9792075 0.1824057 -0.1073557 -0.9725347 0.2065212 -0.2237908 -0.9509732 0.213466 -0.9659234 -0.1331459 0.2219555 -0.949181 -0.223824 0.2212652 -0.9441202 -0.2631188 0.1985086 -0.9073763 -0.3504335 0.2320877 -0.8921878 -0.4018313 0.2062342 -0.8558834 -0.4681853 0.219696 -0.8282678 -0.5265254 0.191686 -0.782409 -0.5800435 0.2266842 -0.7384732 -0.6439222 0.2000538 -0.6986263 -0.6813232 0.2184494 -0.6809204 -0.7013666 0.21079 -0.6017083 -0.771779 0.2056807 -0.1127955 -0.5037229 0.8564698 -0.1284086 -0.4922109 0.8609528 -0.1706235 -0.4849845 0.8577166 -0.1578469 -0.4988799 0.8521755 -0.1947749 -0.4796739 0.8555558 -0.1797211 -0.5010708 0.8465391 -0.219612 -0.4798198 0.8494371 -0.2080246 -0.505348 0.837466 -0.234254 -0.4782472 0.8464069 -0.2255241 -0.5064447 0.8322576 -0.2510249 -0.4808124 0.8401226 -0.2482491 -0.5063806 0.8258033 -0.2587382 -0.4837161 0.8361061 -0.1273139 -0.8372506 0.531792 -0.2042902 -0.7946507 0.5716606 -0.1646951 -0.7908051 0.5894939 -0.239372 -0.7654799 0.5972787 -0.2657665 -0.7672939 0.5836338 -0.3247276 -0.7350172 0.5952325 -0.3576454 -0.7278124 0.5851316 -0.4013565 -0.6948038 0.596792 -0.4451401 -0.6827903 0.5793513 -0.4746006 -0.6511921 0.592202 -0.5164184 -0.625566 0.5847899 -0.5347749 -0.5992349 0.5957629 -0.5853005 -0.5654513 0.5811095 -0.5951918 -0.5440813 0.5913732 -0.6336269 -0.4985852 0.5915486 -0.6382265 -0.4834403 0.5991264 -0.6828866 -0.4281039 0.5919401 -0.684006 -0.4185107 0.5974819 -0.5942362 -0.5901437 0.5464556 -0.6126345 -0.7572482 0.2263945 -0.514666 -0.8337019 0.2001507 -0.4841623 -0.8476661 0.2169083 -0.4110599 -0.8887094 0.2030408 -0.3562941 -0.9056597 0.2298588 -0.3286514 -0.9198207 0.2142854 -0.2377414 -0.9495714 0.2044342 -0.1590472 -0.9705772 0.1807869 0 -0.9952599 0.09725189 0.06215655 -0.9895282 0.1302713 -0.05541795 -0.9493208 0.3093848 0.07654196 -0.8491694 0.5225445 0.005455076 -0.9507659 0.3098624 0.0709908 -0.9411416 0.3304737 0.07158493 -0.7776333 0.6246296 0.007560968 -0.9914163 0.1305248 0.006816864 -0.9914371 0.1304075 0.1798143 -0.9748752 0.1314733 0.1710738 -0.9825343 0.07321399 0.4775141 -0.8566164 0.1954191 0.4935166 -0.8690932 0.03344058 0.7193724 -0.6470336 0.2526875 0.7713173 -0.6359845 0.02436029 0.8843652 -0.3593183 0.2979742 0.9468046 -0.3193895 0.03939092 0.1734743 -0.927053 0.3323848 0.1213298 -0.9277882 0.352829 0.1216377 -0.927125 0.3544622 0.3065754 -0.8505282 0.4273329 0.3283942 -0.8819243 0.3381817 0.4730242 -0.7403423 0.4776416 0.5362511 -0.7649542 0.3567629 0.6105701 -0.5852657 0.5335433 0.7010077 -0.5883626 0.4030107 0.06031292 -0.791046 0.6087764 0.1094402 -0.7706491 0.6277922 0.1182001 -0.7876693 0.6046535 0.1685611 -0.7384638 0.6528847 0.1941986 -0.7572823 0.6235468 0.2203164 -0.6947475 0.68468 0.2586366 -0.7089359 0.656138 0.1950867 -0.6935204 0.6935204 0.2587257 -0.701765 0.6637673 0.442289 -0.6341829 0.6341866 0.6087587 -0.5609866 0.5609875 0.7066546 -0.5250385 0.474314 0.7933504 -0.4304621 0.4304621 0.8968741 -0.3127459 0.3127409 0.9655776 -0.2019444 0.1639468 0.9807851 -0.1379512 0.13795 0.9804614 -0.195029 0.02567559 0.980462 -0.1560598 0.1197488 0.9804617 -0.156061 0.1197493 0.1934814 -0.7783612 0.5972595 0.4392226 -0.7127327 0.5468963 0.5501807 -0.6435708 0.5320882 0.6054627 -0.6314098 0.4844963 0.829256 -0.4433797 0.3402191 0.7926332 -0.4600834 0.4000702 0.8953579 -0.3533188 0.2711092 0.9804618 -0.1950266 0.02567601 0.8953554 -0.4415425 0.05813038 0.8273813 -0.5596354 0.04741966 0.7908178 -0.6068156 0.07988756 0.5522667 -0.8265357 0.108814 0.60778 -0.792067 0.05686426 0.4392385 -0.8906849 0.1172612 0.1052675 -0.9416691 0.3196534 0.194689 -0.8797094 0.4338288 0.1934891 -0.7783624 0.5972552 0.9804626 -0.1817326 0.07527655 0.9804617 -0.1817365 0.07527804 0.8292549 -0.5163291 0.213871 0.8292552 -0.5163288 0.2138705 0.5522654 -0.7702088 0.3190318 0.5522731 -0.7702041 0.3190301 0.193486 -0.9064207 0.3754528 0.1934884 -0.972709 0.1280608 0.1934804 -0.9727109 0.1280584 0.9807861 -0.1950865 0 0.9807851 -0.1950915 0 0.8968757 -0.4422827 0 0.8968712 -0.4422922 0 0.7933524 -0.6087628 0 0.7933552 -0.608759 0 0.608759 -0.7933552 0 0.6087628 -0.7933524 0 0.442289 -0.8968726 0 0.4422921 -0.8968711 0 0.19509 -0.9807854 0 0.195089 -0.9807856 0 0.9805189 -0.1950365 -0.02331393 0.9805182 -0.1950404 -0.02331376 0.5514495 -0.8307065 -0.07635533 0.6060398 -0.7898118 -0.09440964 0.8296412 -0.5543507 -0.06626421 0.7926242 -0.6082067 -0.04279804 0.8956272 -0.4416611 -0.05279558 0.1937623 -0.9741141 -0.1164394 0.1937632 -0.9741135 -0.1164414 0.4397673 -0.8917633 -0.1065968 0.9805196 -0.1840424 -0.06862831 0.9805186 -0.1840481 -0.06862777 0.8296416 -0.5231131 -0.1950578 0.8296416 -0.5231128 -0.1950588 0.5528467 -0.7807695 -0.2911348 0.5528487 -0.7807682 -0.2911348 0.1937633 -0.9192221 -0.3427633 0.1937627 -0.9192236 -0.3427594 0.9806066 0.1821207 -0.07240778 0.8302468 0.5179598 -0.2059324 0.5537443 0.7737727 -0.3076413 0.1941962 0.9115589 -0.3624199 0.1941978 0.9115582 -0.3624209 0.1949498 0.9522385 -0.2350243 0.2601206 0.9493651 -0.1761907 0.1947681 0.9706249 -0.1412535 0.1945205 0.9808666 -0.00791645 0.2384891 0.9710818 0.01109313 0.1950553 0.9768764 0.0875566 0.1941996 0.9601527 0.200981 0.1941998 0.9601523 0.2009825 0.1950551 0.9299803 0.3115929 0.2384915 0.8940039 0.379314 0.1945186 0.8953447 0.4006502 0.1942086 0.8117265 0.5508024 0.3012942 0.8092989 0.5042393 0.1949496 0.7780342 0.5972082 0.1941965 0.6896728 0.6975953 0.1942041 0.6896702 0.6975958 0.1942116 0.5414953 0.8179637 0.1941921 0.5414948 0.8179687 0.1949573 0.4251358 0.8838843 0.2601222 0.3669603 0.8931275 0.1947765 0.3371211 0.9210926 0.1945142 0.2087146 0.9584375 0.2384912 0.1880991 0.9527543 0.195069 0.1144425 0.9740899 0.1941965 0 0.9809628 0.1942132 0 0.9809594 0.195075 -0.1144424 0.9740887 0.2384951 -0.1880985 0.9527534 0.1945142 -0.2087146 0.9584375 0.1942005 -0.3728074 0.9073593 0.3013126 -0.3277301 0.8954349 0.1949585 -0.4251357 0.883884 0.1941963 -0.5414971 0.8179664 0.1942047 -0.5414938 0.8179664 0.1941966 -0.6896731 0.6975951 0.1942036 -0.6896697 0.6975964 0.1949472 -0.7780346 0.5972084 0.2601225 -0.7989968 0.5421627 0.1947748 -0.8324828 0.518686 0.1945186 -0.8953447 0.4006502 0.2384912 -0.8940037 0.3793143 0.1950555 -0.92998 0.3115935 0.1941977 -0.9601531 0.2009811 0.1942025 -0.960152 0.200982 0.1950565 -0.9768761 0.0875566 0.2384891 -0.9710818 0.01109313 0.1945205 -0.9808666 -0.00791645 0.1942 -0.9644927 -0.1789978 0.3012984 -0.9435904 -0.1373192 0.1949496 -0.9522386 -0.2350241 0.1941962 -0.9115589 -0.3624199 0.1941978 -0.9115582 -0.3624209 0.5537433 0.7737749 -0.3076374 0.5537422 0.8187082 -0.1519423 0.553743 0.8187078 -0.1519415 0.5537436 0.8326329 0.009511172 0.5537409 0.8326348 0.009510397 0.5537455 0.8150218 0.1706036 0.5537425 0.8150238 0.1706035 0.5537434 0.7665454 0.3252328 0.5537434 0.7665449 0.3252345 0.5537412 0.6890339 0.4675502 0.5537459 0.6890339 0.4675445 0.5537464 0.5854231 0.5921527 0.5537396 0.5854283 0.5921539 0.5537504 0.4596444 0.6943252 0.5537411 0.4596494 0.6943294 0.5537396 0.3164576 0.7702124 0.5537384 0.316458 0.770213 0.5537506 0.1612818 0.816914 0.5537323 0.1612856 0.8169257 0.5537506 0 0.8326826 0.5537323 0 0.8326947 0.5537394 -0.1612832 0.8169214 0.5537381 -0.1612848 0.8169219 0.5537396 -0.3164576 0.7702124 0.5537406 -0.3164579 0.7702116 0.5537397 -0.4596469 0.6943321 0.5537533 -0.4596456 0.6943222 0.5537463 -0.5854229 0.592153 0.553741 -0.5854281 0.5921527 0.5537469 -0.6890309 0.4675476 0.5537372 -0.6890383 0.4675484 0.5537452 -0.7665438 0.3252339 0.5537407 -0.766547 0.3252341 0.553744 -0.8150227 0.1706038 0.5537441 -0.8150228 0.1706033 0.5537437 -0.832633 0.009510159 0.553741 -0.8326348 0.009511411 0.553745 -0.8187064 -0.1519424 0.5537403 -0.8187097 -0.1519414 0.5537453 -0.7737727 -0.3076396 0.5537431 -0.7737747 -0.3076385 0.830246 0.5179605 -0.2059334 0.8302477 0.5480366 -0.1017091 0.8302438 0.5480422 -0.1017098 0.8302453 0.5573618 0.006366193 0.8302469 0.5573594 0.006367027 0.8302439 0.5455762 0.1142007 0.8302466 0.545572 0.1142009 0.8302465 0.5131211 0.21771 0.8302463 0.5131207 0.2177116 0.8302468 0.4612355 0.3129733 0.8302452 0.4612369 0.3129753 0.8302471 0.39188 0.3963836 0.8302445 0.3918842 0.3963849 0.8302465 0.307684 0.4647812 0.8302463 0.3076847 0.4647812 0.8302492 0.2118324 0.5155709 0.8302438 0.2118372 0.5155776 0.8302436 0.1079632 0.5468451 0.8302517 0.1079602 0.5468334 0.8302384 0 0.5574085 0.83025 0 0.5573912 0.8302436 -0.1079632 0.5468451 0.8302549 -0.1079604 0.5468285 0.830244 -0.2118353 0.5155781 0.8302501 -0.2118337 0.515569 0.8302465 -0.307684 0.4647809 0.8302461 -0.3076846 0.4647814 0.8302445 -0.3918828 0.3963864 0.8302483 -0.3918796 0.3963814 0.8302463 -0.4612354 0.3129745 0.8302456 -0.4612371 0.312974 0.8302463 -0.513121 0.2177104 0.8302456 -0.5131222 0.2177109 0.8302445 -0.5455752 0.114201 0.8302468 -0.5455718 0.1142004 0.8302453 -0.5573618 0.006366729 0.8302478 -0.5573582 0.006366431 0.8302465 -0.5480386 -0.1017094 0.8302451 -0.5480405 -0.1017094 0.8302454 -0.5179616 -0.2059332 0.8302468 -0.5179596 -0.205933 0.9806066 0.1821205 -0.07240736 0.9806064 0.1926971 -0.03576171 0.9806075 0.192692 -0.03576207 0.9806063 0.1959756 0.00223869 0.9806074 0.1959698 0.002238571 0.9806063 0.1918306 0.04015398 0.9806064 0.1918297 0.04015415 0.9806063 0.1804209 0.07654845 0.9806066 0.1804195 0.07654911 0.9806068 0.1621752 0.1100436 0.9806072 0.1621727 0.1100435 0.9806065 0.1377899 0.1393734 0.9806064 0.1377915 0.139372 0.9806069 0.1081833 0.1634213 0.9806064 0.1081875 0.1634213 0.9806071 0.07448214 0.1812793 0.9806075 0.07448226 0.1812773 0.9806064 0.03796041 0.1922763 0.9806063 0.03796124 0.1922768 0.9806071 0 0.1959843 0.9806072 0 0.1959839 0.9806057 -0.03796213 0.1922796 0.9806066 -0.03796082 0.1922749 0.9806069 -0.07448434 0.1812793 0.9806073 -0.07448065 0.1812793 0.9806066 -0.1081855 0.1634213 0.9806067 -0.1081854 0.1634217 0.9806062 -0.1377921 0.1393735 0.9806069 -0.1377888 0.1393715 0.9806064 -0.1621766 0.1100447 0.9806073 -0.1621726 0.1100429 0.9806066 -0.180419 0.07654976 0.9806066 -0.1804192 0.07654768 0.9806071 -0.1918264 0.04015398 0.9806063 -0.1918305 0.04015392 0.9806064 -0.1959748 0.00223869 0.980607 -0.1959719 0.002238571 0.9806073 -0.1926928 -0.03576189 0.9806067 -0.1926954 -0.03576189 0.9806067 -0.1821199 -0.07240748 0.9806067 -0.1821196 -0.07240772 0.9805192 0.1950348 -0.02331387 0.9805184 0.195039 -0.02331376 0.8956272 0.4416611 -0.05279558 0.828331 0.5583375 -0.04612272 0.7912632 0.6071536 -0.07257509 0.5528466 0.8273931 -0.0989021 0.9805188 0.1840468 -0.06862795 0.9805189 0.1840461 -0.06862795 0.8296434 0.5231107 -0.1950569 0.8296405 0.5231147 -0.1950586 0.5528483 0.7807686 -0.2911344 0.5528468 0.7807692 -0.2911354 0.1937603 0.9192232 -0.3427621 0.193764 0.919223 -0.3427606 0.6076833 0.7919452 -0.05953019 0.4397673 0.8917633 -0.1065968 0.1937611 0.9741143 -0.1164387 0.1937645 0.9741132 -0.1164422 0.9807861 0.1950865 0 0.9807851 0.1950915 0 0.8968772 0.4422797 0 0.8968696 0.4422953 0 0.7933552 0.608759 0 0.7933524 0.6087628 0 0.608759 0.7933552 0 0.6087628 0.7933524 0 0.4422921 0.8968711 0 0.442289 0.8968726 0 0.19509 0.9807854 0 0.195089 0.9807856 0 0.9804613 0.1560636 0.119749 0.9804615 0.1950281 0.02567571 0.9804618 0.1950272 0.02567595 0.5501731 0.8313213 0.07883256 0.6054687 0.7890604 0.103881 0.8292534 0.5540918 0.07294672 0.7926377 0.6082146 0.04243499 0.8953554 0.4415425 0.05813038 0.9804616 0.1817375 0.07527738 0.980462 0.1817355 0.07527732 0.8292551 0.5163286 0.2138708 0.8292559 0.5163277 0.2138707 0.5522689 0.7702074 0.3190296 0.5522713 0.7702049 0.3190315 0.9804622 0.1560583 0.1197489 0.8953579 0.3533188 0.2711092 0.8273804 0.4292535 0.3621924 0.7908164 0.4855741 0.3725957 0.5522711 0.6613907 0.5075029 0.6077775 0.6002864 0.5198679 0.4392226 0.7127327 0.5468963 0.1934849 0.9727098 0.1280593 0.1934843 0.97271 0.1280599 0.4392385 0.8906849 0.1172612 0.1946812 0.9288127 0.3152878 0.1507583 0.9133196 0.3783112 0.1946911 0.8797091 0.4338287 0.1934896 0.7783598 0.5972586 0.1934829 0.7783631 0.5972566 0.1950867 0.6935204 0.6935204 0.2587265 0.7017651 0.6637669 0.442289 0.6341829 0.6341866 0.6087561 0.5609885 0.5609885 0.7066557 0.525038 0.474313 0.9807853 0.1379494 0.1379507 0.9655776 0.2019444 0.1639468 0.896877 0.3127418 0.3127368 0.7933504 0.4304621 0.4304621 0.1085327 0.9256933 0.3623706 0.08373314 0.882735 0.4623504 0.1368053 0.9821234 0.1292974 0.1097951 0.9450325 0.3079913 0.2588106 0.677014 0.6889623 0.6180401 0.6985753 0.3605816 0.6934853 0.7196022 0.03536629 0.811419 0.5411286 0.2208601 0.8119975 0.5426172 0.2150042 0.9261645 0.3484969 0.1441161 0.9331403 0.30881 0.1840804 0.9659186 0.1857544 0.1802684 0.1088254 0.9258964 0.3617637 0.2462905 0.8784624 0.4094445 0.3027818 0.8820072 0.3610909 0.3980593 0.8066966 0.4367944 0.4912186 0.782046 0.383547 0.5444099 0.6934434 0.4719685 0.652674 0.6263964 0.4261975 0.6635115 0.5690349 0.4857488 0.7071082 0.5010219 0.4989741 0.2405499 0.6959376 0.676614 0.2373377 0.7157681 0.6567701 0.1939883 0.7282923 0.6572359 0.1762599 0.7580801 0.6278909 0.1406946 0.7591369 0.6355441 0.1084722 0.7848976 0.6100571 0.08730447 0.7793779 0.6204419 0.04660069 0.7937053 0.6065149 0.06492596 0.8038181 0.5913216 0.5992432 0.7796266 0.1819068 0.4821053 0.8715667 0.08914017 0.373948 0.90461 0.2045574 0.3225861 0.9351972 0.1460978 0.1566336 0.9837005 0.08831328 0 0.9914444 0.1305297 0.09849059 0.9924773 0.07272237 -0.05541795 0.9493208 0.3093848 0 -0.9659263 0.2588176 0.006568491 -0.9219123 0.3873431 0.0018754 -0.977316 0.2117786 0 -0.997295 0.07350403 0 -0.258819 0.9659259 0.006352424 -0.1381176 0.9903956 0 -0.3873862 0.9219175 0 -0.7071051 0.7071086 0.01009583 -0.55104 0.8344178 0 -0.7435427 0.6686885 0 0.1350651 0.9908368 0.003360867 0.2588179 0.9659203 0.002120971 0.7071037 0.7071067 1.86215e-5 0.5466842 0.837339 -4.4669e-5 0.3885796 0.9214152 0 0.9973196 0.07316899 0.001863777 0.9774386 0.2112114 0.003121078 0.9659212 0.258818 0 0.9201645 0.3915321 0 0.7435427 0.6686885 0 0.9945507 0.1042546 -0.03313779 0.9605463 0.2761389 0 0.9807854 0.1950899 0 0.8314695 0.5555706 0 0.8314688 0.5555715 0 -0.8314688 0.5555715 0 -0.8314695 0.5555706 0 -0.95511 0.2962516 -0.0174275 -0.980636 0.1950625 0 -0.9945546 0.104217 6.14319e-6 0 1 1.11821e-6 0 1 -7.88287e-7 0 1 1.54001e-6 0 1 0 0 1 -6.14318e-6 0 1 7.70006e-7 0 1 9.24567e-7 0 1 -1.71988e-6 0 1 1.78215e-6 0 1 6.0393e-6 0 1 6.31038e-7 0 1 -1.10049e-6 0 1 0 0.2079113 -0.9781477 0 0.2079111 -0.9781478 0 0.5877851 -0.8090173 0 0.5877854 -0.809017 0 0.8660259 -0.4999991 0 0.8660256 -0.4999997 0 0.994522 -0.1045287 0 0.9945219 -0.1045283 0 0.9510566 0.309017 0 0.7431442 0.6691314 0 0.7431446 0.669131 0 0.4067376 0.9135451 0 0.4067379 0.913545 0 -0.4067375 0.9135451 0 -0.406738 0.9135449 0 -0.7431442 0.6691314 0 -0.7431446 0.669131 0 -0.9510566 0.309017 0 -0.994522 -0.1045283 0 -0.9945219 -0.1045288 0 -0.8660259 -0.4999993 0 -0.8660257 -0.4999995 0 -0.5877848 -0.8090173 0 -0.5877856 -0.8090168 0 -0.2079113 -0.9781477 0 -0.2079111 -0.9781478 1 -7.15545e-7 0 0 0.2079113 0.9781477 0 0.2079111 0.9781478 0 0.5877853 0.809017 0 0.5877851 0.8090171 0 0.8660255 0.4999999 0 0.8660252 0.5000004 0 0.994522 0.1045285 0 0.994522 0.1045282 0 0.9510564 -0.3090175 0 0.7431454 -0.6691301 0 0.743145 -0.6691306 0 0.4067361 -0.9135457 0 0.4067364 -0.9135456 0 -0.4067361 -0.9135458 0 -0.4067365 -0.9135456 0 -0.7431454 -0.6691301 0 -0.743145 -0.6691306 0 -0.9510564 -0.3090175 0 -0.994522 0.1045281 0 -0.9945219 0.1045286 0 -0.8660254 0.5000001 0 -0.8660252 0.5000002 0 -0.5877851 0.8090171 0 -0.5877853 0.809017 0 -0.2079113 0.9781477 0 -0.2079111 0.9781478 -1 7.15545e-7 0 -1 -4.47215e-7 0 -1 4.47215e-7 0 -1 -1.78887e-7 0 -1 -3.57771e-7 0 -1 5.3666e-7 0 -1 -5.3666e-7 0 -1 -7.15545e-7 0 -1 3.57771e-7 0 0.1355691 0 -0.9907679 0.1355121 -5.26853e-6 -0.9907757 0.3873817 4.94783e-6 -0.9219194 0.3873401 0 -0.921937 0.6102485 0 -0.7922101 0.5390983 -0.01020634 -0.842181 0.7872719 0.01433187 -0.6164395 0.7435541 0 -0.6686758 0.9200606 0 -0.3917763 0.9735938 0.02859562 -0.2264897 0.8991093 -0.03123295 -0.4366087 0.9966641 0.02399772 -0.07800638 0.9716874 -0.01925379 -0.2354841 0.9981324 0 -0.0610888 0.9987671 -0.01185983 -0.0482034 0.9988015 -0.02492892 -0.04212194 0.9981938 0.005916476 -0.05978435 0.9915958 0.1111055 0.06628453 -0.5406566 -0.01018649 -0.8411818 -0.1350663 0 -0.9908366 -0.1350657 0 -0.9908366 -0.3886068 0 -0.9214038 -0.3868054 1.92115e-4 -0.9221614 -0.6107982 -1.96985e-4 -0.7917863 -0.9982476 0.05196362 -0.02831161 -0.9948093 -0.05319726 -0.08674442 -0.9983695 -0.003801405 -0.05695623 -0.9981324 0 -0.06108891 -0.973717 0.02871656 -0.2259439 -0.7488558 0.01002895 -0.6626572 -0.7948272 0 -0.6068359 -0.920165 0 -0.3915309 -0.9973357 -0.001300454 -0.07293796 -0.9743613 0.001962304 -0.2249805 -0.898983 -0.03145223 -0.4368529 -0.7071053 0 -0.7071083 -0.7071084 0 -0.7071053 -0.7071065 0 -0.7071071 -0.7071056 -2.66946e-6 -0.707108 -0.7071071 3.92384e-6 -0.7071066 -0.7071072 -9.30726e-6 -0.7071064 -0.7071059 1.78662e-6 -0.7071077 0.7071063 0 -0.7071073 0.7071092 -6.53033e-7 -0.7071044 0.7071056 0 -0.707108 0.7071068 0 -0.7071068 0.707108 -1.46399e-6 -0.7071056 0.7071049 1.2908e-6 -0.7071087 0.7071062 0 -0.7071074 0.7071074 0 -0.7071062 0.7071002 0 -0.7071135 0.7071157 0 -0.707098 -1 -4.33093e-7 0 1 -1.51582e-6 0 -0.8959845 0 0.4440852 0.8989153 0 0.4381226 0.9283252 -0.01687079 0.3713861 0.9290811 -0.0190078 0.3693875 0.9664955 0.009832143 0.2564957 0.9708663 0 0.2396221 0.9909427 0 0.1342864 0.9895228 0.01035791 0.1440048 0.9999287 -0.01182228 -0.001760005 0.8385215 0.002666831 -0.544862 0.8547098 0.01067727 -0.5189965 0.8873479 0 -0.4611006 0.8966362 0.136441 -0.4212213 0.8770849 0.04270642 -0.4784332 0.9999675 0 0.008069932 0.9960075 0 -0.08927136 0.9904313 0.01453024 -0.1372399 0.9782139 -0.03420108 -0.204763 0.9629017 0.01207011 -0.2695826 0.9481931 0 -0.3176947 0.92606 0 -0.3773766 0.912671 -0.01543664 -0.4084035 0.8931237 5.67901e-4 -0.4498111 0.8487374 -9.39322e-4 -0.5288137 0.8575709 -0.009025216 -0.5142866 0.8402289 -0.002477645 -0.5422264 0.978104 0.197645 0.06518566 0.9999991 0 -0.001406133 0.9787865 0 -0.2048834 0.9490916 0.2766176 -0.1506918 0.9624768 0 -0.2713643 0.897598 0 0.440815 0.9254888 0.02358347 0.37804 0.9358387 0.1225153 0.3304483 0.9656764 0 0.2597482 0.9908962 0 0.1346283 -0.9429423 0 0.3329566 -0.9364974 0.2002635 0.2878668 -0.924021 0.01842403 0.3818978 -0.9652411 0.1657905 -0.2020471 -0.9904269 0 -0.1380385 -0.9977866 0 0.06649762 -0.9278873 0.3728573 -0.001593828 -0.9909039 0 0.1345714 -0.8376313 0.002364695 -0.5462312 -0.8518764 -0.006957709 -0.5236968 -0.864004 -0.01478213 -0.5032681 -0.8531964 0.009632349 -0.521501 -0.8750229 0.03827452 -0.4825662 -0.8848862 0.07444381 -0.4598203 -0.9235318 0 -0.383522 -0.9624452 0 -0.271476 -0.8850498 -0.03720152 -0.4640076 -0.84814 0.03752279 -0.5284418 -0.9235721 -0.02696722 -0.3824754 -0.9127798 0 -0.4084523 -0.9624185 0 -0.2715707 -0.9471417 0.04707962 -0.3173426 -0.9867161 -0.07742458 -0.1428172 -0.9781835 0.03510075 -0.2047566 -0.9960075 0 -0.08927136 -0.9999982 0 -0.001883625 -0.9999128 -0.01045542 0.008069455 -0.9909974 0.008903145 0.1335849 -0.9895759 0 0.1440126 -0.9666273 0 0.2561869 -0.9707928 0.01230186 0.2396041 -0.930401 -0.0168516 0.3661559 -0.9290729 -0.01947653 0.3693837 -0.9004554 0 0.4349485 0.8292409 0 -0.5588916 0.7932523 0 -0.6088932 0.7301893 0.01166832 -0.6831453 0.7030566 0 -0.7111339 0.5520039 0 -0.8338416 0.5190503 0.01166832 -0.8546642 0.2127743 0 -0.9771014 0.2694902 0.01400506 -0.9629014 0.3437041 0 -0.9390781 0.4334526 0 -0.9011764 0.1166919 0 -0.9931682 0 0.006997764 -0.9999756 0 0.006997704 -0.9999755 -0.1166919 0 -0.9931682 -0.2127743 0 -0.9771014 -0.2694902 0.01400506 -0.9629014 -0.3437041 0 -0.9390781 -0.4334526 0 -0.9011764 -0.5190502 0.01166832 -0.8546642 -0.8410952 -0.002711594 -0.5408804 -0.8292834 0 -0.5588284 -0.7932523 0 -0.6088932 -0.7301893 0.01166832 -0.6831452 -0.7030566 0 -0.7111339 -0.5520039 0 -0.8338416 0 -1 4.74253e-7 0 -1 -1.15599e-6 0 -1 -2.31088e-7 0 -1 0 0 -1 3.90832e-7 0 -1 7.91288e-7 0 -1 -4.89929e-7 0 -1 -1.93955e-6 0 -1 7.63318e-7 0 -1 -7.24056e-7 0 -1 -4.36339e-7 0 -1 -2.21887e-7 0 -1 4.59394e-7 0 -1 8.04315e-7 0 -1 -2.71163e-7 -0.5167008 0.002496182 -0.8561624 -0.5010942 -0.002337276 -0.8653896 -0.460611 0.004162311 -0.8875924 -0.4628832 0.005480051 -0.8864024 -0.3422672 0.006953716 -0.939577 -0.3519913 -0.002686083 -0.9359995 -0.3937337 0.006801247 -0.9191994 -0.3929598 0.007874429 -0.919522 -0.4230803 -0.002438724 -0.906089 -0.7192848 1.55173e-4 -0.6947153 -0.7037783 -0.002144336 -0.7104166 -0.683026 -0.007625043 -0.7303543 -0.653001 -0.02462846 -0.7569565 -0.5815103 -0.008538544 -0.8134943 -0.59348 -0.01726967 -0.8046634 -0.6963478 0.0246728 -0.7172803 -0.7194929 0 -0.6944999 -0.754978 0 -0.6557502 -0.8108169 0.01440465 -0.5851226 -0.828036 0.002078473 -0.5606713 -0.9109791 -0.00184673 -0.4124487 -0.9303578 0.01648467 -0.3662821 -0.9963874 0 -0.08492577 -0.9920749 0.01556104 -0.1246808 -0.9780207 0 -0.208508 -0.9567795 0 -0.2908143 0.5167003 0.002495944 -0.8561627 0.7192863 1.51467e-4 -0.6947138 0.5935343 -0.0106498 -0.8047382 0.5862841 -0.02002233 -0.8098581 0.6963478 0.0246728 -0.7172803 0.6529807 -0.02465063 -0.7569735 0.6830025 -0.007630825 -0.7303762 0.3424363 0.007549524 -0.9395108 0.3941554 0.009653389 -0.9189931 0.3815128 0.003515005 -0.9243569 0.3501396 -0.002320766 -0.9366947 0.5102607 4.9671e-4 -0.8600196 0.475788 -6.73113e-4 -0.8795598 0.4605517 0.006180942 -0.8876114 0.4408743 -2.34702e-5 -0.897569 0.4088712 2.94388e-5 -0.9125921 0.7037737 -0.002145409 -0.7104211 0.7194886 0 -0.6945043 0.754978 0 -0.6557502 0.8108169 0.01440465 -0.5851226 0.828036 0.002078473 -0.5606713 0.9109791 -0.00184673 -0.4124487 0.9303579 0.01648485 -0.3662822 0.9567795 0 -0.2908143 0.9780207 0 -0.208508 0.9920749 0.01556104 -0.1246808 0.9963874 0 -0.08492577 -0.9320808 0 0.3622508 -0.9369693 0.004845142 0.3493782 -0.9958246 0 0.09128761 -0.9891843 0.01372867 0.1460345 -0.9929162 0.00552529 0.1186882 -0.9760369 0 0.217605 -0.9684872 0 0.2490638 -0.9369803 0 0.3493822 -0.9234906 -0.03141701 0.3823324 -0.956249 -3.60752e-4 0.2925538 -0.9929311 7.52509e-4 0.1186899 -0.984814 -0.0273993 0.1714377 -0.9924713 -0.009965538 0.1220718 0.9142489 0 0.4051531 0.9367911 -0.02009522 0.3493118 0.9958246 0 0.09128773 0.9924554 -0.01000577 0.1221974 0.988532 -0.01972186 0.1497181 0.9929044 -0.007377624 0.1186867 0.9760663 0 0.2174732 0.955874 0 0.2937772 0.9369803 0 0.3493822 0.920003 0.02455699 0.3911413 0.9529314 0.001872539 0.3031804 0.9929236 -0.003947377 0.1186891 0.9807959 0.02787405 0.1930354 0.989215 0.01367479 0.1458315 -7.57923e-7 0 -1 -1.6083e-6 0 -1 1.14804e-6 0 -1 9.02949e-7 0 -1 -1.14804e-6 0 -1 -7.31115e-7 0 -1 7.31115e-7 0 -1 -1 1.34955e-7 0 -1 1.7261e-7 0 -1 6.30012e-7 0 -1 -8.79436e-7 0 -1 4.26134e-6 0 -1 -4.89045e-5 0 -1 1.7928e-5 0 -1 -4.78089e-6 0 1 -1.91281e-7 0 1 -6.91255e-7 0 1 -1.39945e-6 0 1 2.70289e-7 0 1 8.79436e-7 0 1 -4.2613e-6 0 1 4.89093e-5 0 1 -1.79289e-5 0 1 4.78089e-6 0 0 1 2.80455e-7 0 1 9.65102e-7 0 1 -1.27356e-5 0 1 4.92289e-7 0 1 -3.23082e-7 0 1 -2.50048e-7 0 1 2.42492e-7 0 1 -9.96067e-7 0 1 1.59683e-7 0 1 7.03196e-7 0 1 -3.23479e-7 0 1 2.20106e-7 0 1 -1.2088e-7 0 1 -1.58958e-6 0 1 1.66028e-7 0 1 -2.46599e-7 0 1 -8.34807e-7 0 1 9.68338e-7 0 1 -1.33789e-6 0 1 2.17625e-7 0 1 0 0 1 2.46145e-7 0 1 -1.5878e-7 0 1 -1.5094e-5 0 1 1.70841e-6 0 1 -5.2108e-7 0 1 4.77124e-7 -0.992709 0 -0.1205365 -0.9846374 -0.01859819 -0.1736181 -0.9566964 0 -0.2910878 -0.9146344 0 -0.4042822 -0.8658405 -0.02066868 -0.4998931 -0.6630084 -0.01856666 -0.7483817 -0.6427752 -0.006191313 -0.76603 -0.7573436 0 -0.6530167 -0.8305362 0 -0.5569646 -0.2652974 0 -0.9641667 -0.3419399 -0.02170413 -0.9394713 -0.4286922 0 -0.9034506 -0.5344659 0 -0.8451901 -0.1471465 0 -0.9891148 0 -0.01135712 -0.9999356 0 -0.01135712 -0.9999355 0.4286922 0 -0.9034506 0.3419399 -0.02170413 -0.9394713 0.2652974 0 -0.9641667 0.1471465 0 -0.9891148 0.5344659 0 -0.8451901 0.6630084 -0.01856666 -0.7483817 0.6427752 -0.006191313 -0.76603 0.7573436 0 -0.6530167 0.8305362 0 -0.5569646 0.8658405 -0.02066868 -0.4998931 0.992709 0 -0.1205365 0.9846374 -0.01859837 -0.1736182 0.9566964 0 -0.2910878 0.9146344 0 -0.4042822 0.7071076 -7.98678e-7 -0.707106 0.7071049 0 -0.7071087 0.7071068 3.57339e-6 -0.7071068 0.7071107 3.09766e-6 -0.7071029 0.7071061 -1.96235e-6 -0.7071075 0.7071076 2.67516e-6 -0.7071059 0.7071071 0 -0.7071065 -0.7071063 0 -0.7071074 -0.7071075 0 -0.7071061 -0.707108 -1.18084e-6 -0.7071056 -0.7071077 0 -0.7071059 -0.7071055 0 -0.7071081 -0.7071062 0 -0.7071074 -0.7071055 -9.02735e-7 -0.7071081 -0.7071068 0 -0.7071068 -0.7071093 0 -0.7071043 -0.7071185 -7.79142e-6 -0.7070951 -0.7071091 3.1602e-5 -0.7071046 0.5326044 -0.8463545 0.004103899 0.6926007 -0.7212957 -0.006073236 0.5201235 -0.8539552 -0.01523536 0.4954575 -0.8686323 -1.69554e-4 0.4702343 -0.8825175 0.006532132 0.9305208 -0.3662124 0.004430949 0.8211309 -0.5706999 -0.006756246 0.8402888 -0.5421391 0 0.6735583 -0.7391341 0 0.6729544 -0.739684 -7.73342e-5 0.5280914 -0.8491876 5.01602e-5 0.7952413 -0.6061536 0.01300227 0.8670525 -0.4982168 1.96354e-4 0.9466577 -0.3222411 -2.05644e-4 0.9489428 -0.3154479 -5.49908e-4 0.9935181 -0.1136722 6.17877e-4 0.9871156 -0.1599812 0.002998769 0.99181 0.1276225 -0.005037009 0.9966293 -0.08108282 0.01247519 0.9995687 -0.02803725 0.008746027 0.9984098 0.05623501 0.003947913 0.9834206 0.1813399 0 0.9417011 0.3364506 0 0.9429864 0.3328312 -1.77379e-4 0.9249184 0.3801376 0.004648089 0.8132998 0.5817962 -0.00753355 0.665674 0.7462428 4.013e-5 0.5256092 0.8507263 -2.53629e-5 0.4678956 0.8837625 0.006133437 0.8653189 0.5012217 1.69821e-4 0.7908347 0.6118947 0.01285672 0.8342759 0.5513474 0 0.6653506 0.7465311 0 0.6890958 0.7246328 -0.007365047 0.4922933 0.8704295 -2.04967e-4 0.5160201 0.856454 -0.0144909 0.5307601 0.8475078 0.004929661 -0.9009836 0.433794 -0.007165193 -0.7857086 0.6184679 0.01263123 -0.5285279 0.8488963 0.005784809 -0.6849837 0.7285063 -0.008713364 -0.5112478 0.8593252 -0.01363199 -0.4886488 0.8724806 -2.13678e-4 -0.4652978 0.8851359 0.005692064 -0.5229573 0.8523589 -1.18811e-4 -0.6575159 0.7534408 1.9152e-4 -0.6559253 0.7548258 0 -0.8272153 0.5618853 0 -0.804051 0.5944998 -0.008487284 -0.988346 0.151438 0.01545047 -0.9955281 -0.09402799 -0.009098291 -0.9725347 0.232705 0.004972338 -0.9892175 0.1464539 0 -0.9379468 0.3467793 0 -0.9430072 0.3327695 -0.001355528 -0.8880773 0.4596937 7.90463e-4 -0.9984328 0.05536943 0.008145868 -0.9995829 -0.02860355 0.003986179 -0.9904561 -0.1378288 0 -0.9493815 -0.3141256 0 -0.9510605 -0.3090048 -2.71201e-4 -0.9373661 -0.3483225 0.004036068 -0.8310614 -0.5561515 -0.005710363 -0.6817157 -0.7316172 -2.65529e-4 -0.5309858 -0.8473807 1.75009e-4 -0.4731281 -0.8809657 0.007026374 -0.8690233 -0.4947714 2.56554e-4 -0.8006829 -0.5989449 0.01312303 -0.8476319 -0.5305848 0 -0.6837122 -0.7297518 0 -0.6969914 -0.7170661 -0.004395425 -0.4994706 -0.8663308 -1.84567e-4 -0.5252845 -0.8507731 -0.01616549 -0.5355472 -0.8445002 0.002973496 0.9265195 -0.3762448 0.001254975 0.3383035 0.9410371 0 0.4241316 0.9044129 -0.04636663 0.9117283 0.4107837 -0.002884328 0.9116345 0.4107999 -0.01288628 0.8332725 0.5526331 -0.01593166 0.8989176 0.4380931 0.004670083 0.911512 0.4111361 -0.01062977 0.5757877 0.8174179 0.01722609 0.6826073 0.7306743 -0.01274645 0.6948189 0.7188538 -0.02181893 0.7925536 0.6093789 0.02271676 0.8384748 0.5432276 -0.04317206 0.0893352 0.9960017 0 -0.03834563 0.9987428 -0.0322892 -0.1654405 0.9862198 0 -0.4826391 0.8758193 0 -0.5223882 0.8526262 -0.01180469 -0.6841986 0.7292956 -3.30153e-4 -0.860896 0.5083518 -0.02089327 -0.8195918 0.571921 -0.03428936 -0.8728018 0.487966 -0.01031786 -0.7485742 0.6630511 9.84757e-5 -0.7155593 0.6985521 -1.40805e-5 -0.9709637 -0.2315469 -0.06013 -0.9999989 -0.001527249 0 -0.9267925 -0.3755742 0 -0.9792136 -0.1962537 -0.05123776 -0.9896423 -0.1382553 -0.03864938 -0.9950637 -0.09440565 -0.03059148 -0.9989198 -0.04114586 -0.02159297 -0.9920348 0.1259645 0 -0.9279361 0.3727393 0 -0.5198155 -0.8542786 0 -0.4914075 -0.8708289 -0.01325118 -0.6873243 -0.7263507 0 -0.8713521 -0.4906582 0 -0.7678312 -0.6383869 -0.05382931 -0.8328154 -0.5528589 -0.02767157 0.5030418 -0.859577 -0.08986991 0.3411774 -0.939999 0 -0.03531116 -0.9993764 0 0.0410754 -0.9978281 -0.05149817 -0.1624248 -0.9867209 0 0.9230434 -0.381392 0.05031055 0.4251883 -0.9030753 0.06057965 0.6415556 -0.7670767 -2.0059e-4 0.7085553 -0.7056553 3.04595e-4 0.7222392 -0.6915825 -0.00918895 0.8384817 -0.544525 0.02100205 0.8398153 -0.542843 0.00564593 0.9113456 -0.4116371 -0.002090275 0.9124224 -0.4090491 -0.01281672 -0.3361354 0.9418137 0 -0.341574 -0.939855 0 -0.4257437 -0.9036853 -0.0457735 -0.5778169 -0.8159833 0.01729428 -0.6416241 -0.767019 -6.76211e-4 -0.9265194 -0.376245 0.001265585 -0.724225 -0.689562 0.001582682 -0.6996293 -0.714362 -0.01434767 -0.844664 -0.5348095 0.02283805 -0.8316239 -0.5553023 0.006415963 -0.9048244 -0.425783 -0.001284241 -0.9164789 -0.4000401 0.005886614 -0.9267258 -0.3757228 -0.003463089 -0.09292399 -0.9956732 0 0.03468358 -0.9988738 -0.03237563 0.1617611 -0.9868299 0 0.480977 -0.8767333 0 0.5190455 -0.8546709 -0.01138687 0.6841376 -0.729353 -2.10888e-4 0.8597919 -0.510228 -0.02062606 0.8193607 -0.5722962 -0.03354507 0.8707566 -0.491598 -0.01069968 0.7472975 -0.6644897 9.90751e-5 0.7141338 -0.7000093 -9.08031e-6 0.9896268 0.1381344 -0.0394684 0.9950451 0.09435933 -0.03132975 0.998578 0.04790383 -0.02339291 0.9998244 0.006247282 -0.01767081 0.9914766 -0.1302852 0 0.9263509 -0.3766618 0 0.8736339 0.4865841 0 0.7694761 0.6363633 -0.05429977 0.8341463 0.5508361 -0.0279197 0.9285133 0.3712992 0 0.9999958 -0.002890169 0 0.9714668 0.2293001 -0.06061184 0.9792041 0.1960586 -0.05215758 0.04047822 0.9991804 0 -0.03609001 0.9980342 -0.05123823 0.1674638 0.9858782 0 0.5240121 0.8517109 0 0.4940964 0.8692957 -0.01392579 0.6890649 0.7246996 0 -0.4986664 0.8622023 -0.08910137 -0.4229297 0.9044834 0.05513978 -0.6826505 0.7306333 -0.01278012 -0.6948189 0.7188537 -0.02181965 -0.7704719 0.6373627 0.01191729 -0.8435163 0.5315365 -0.07713103 -0.8387566 0.5433115 -0.03605759 -0.8140393 0.5806944 -0.01157444 -0.9139642 0.4057908 0.001842379 -0.9111448 0.4119399 -0.01098102 -0.8679945 0.4785175 0.1326902 -0.8435634 0.5303977 -0.08413738 -0.8435587 0.5304221 -0.08403158 -0.9282402 -0.3719806 7.36981e-4 -0.9128651 -0.4082371 -0.00445044 -0.9102227 -0.4141142 0.002048671 -0.8738735 -0.48614 -0.003591179 -0.2792137 -0.9561127 -0.08881616 -0.4934617 -0.8682625 0.05114465 -0.5328106 -0.8458722 -0.02476435 -0.6068802 -0.7947755 0.005331039 -0.6399099 -0.7684311 -0.005381345 -0.7273364 -0.6853957 0.0348522 -0.7335831 -0.6762419 -0.06747496 -0.8021194 -0.5969955 -0.01417988 -0.870701 -0.4916437 0.01289981 -0.3819808 -0.9236747 0.0302596 -0.2677367 -0.9634922 0 -0.1229703 -0.9924104 0 -0.004038572 -0.9949628 -0.1001645 0.1198915 -0.9927871 0 0.3200393 -0.9474043 0 0.4636846 -0.8844495 -0.05239987 0.5389857 -0.8423149 0 0.7478458 -0.6638726 0 0.824253 -0.5651106 -0.03545677 0.8858273 -0.4640154 0 0.9719597 -0.235148 0 0.9930622 -0.1137719 -0.02972131 0.9999815 0.006093025 0 -0.1194183 -0.9928441 0 -0.9999806 0.00623703 0 -0.9930621 -0.1137727 -0.02972131 -0.9719937 -0.2350074 0 -0.8859089 -0.4638595 0 -0.8242528 -0.5651112 -0.03545212 -0.7479623 -0.6637412 0 -0.464322 -0.8856665 0 -0.3765122 -0.9200091 -0.1087283 -0.5389861 -0.8423147 0 0.0606454 -0.9874964 -0.1455094 0.004059016 -0.9999918 0 0.2677367 -0.9634922 0 0.7523482 -0.6580349 -0.03102505 0.7517432 -0.658483 -0.03580886 0.6492254 -0.7604151 0.01659965 0.6614714 -0.7498904 -0.01094996 0.5474587 -0.8365574 0.02146679 0.5482328 -0.8361471 0.01728761 0.3767316 -0.9262279 -0.01324087 0.3951389 -0.9176527 -0.04217547 0.313543 -0.9494982 0.01200193 0.9179354 -0.3967198 0.002869188 0.914501 -0.4044904 -0.008696198 0.8940259 -0.4463456 0.03864365 0.8800643 -0.4730778 -0.04104018 0.870701 -0.4916437 0.01289981 0.7933533 0 -0.6087614 0.8310114 -0.03320288 -0.5552636 0.9914449 0 -0.1305267 0.9802445 -0.03320294 -0.194983 0.9469303 0 -0.3214391 0.8968719 0 -0.4422904 0.9806867 0.01417499 -0.1950707 0.8308558 -0.03840118 -0.5551612 0.8096547 0.3947755 -0.4342944 0.8605718 0.03818672 -0.5078957 0.8306053 0.4605646 -0.3130102 0.8833397 0.09823578 -0.4583237 0.8695129 0.4376084 -0.2290117 0.9269102 0.1305556 -0.3518418 0.921379 0.1073597 -0.3735435 0.9372523 0.3152371 -0.1489427 0.9710707 0.09659761 -0.2183822 0.9685632 0.2105209 -0.132538 0.9697381 0.05941408 -0.2368085 0.9749639 0.1780039 -0.1332675 0.9772219 0.04252666 -0.207916 0.9812771 0.1208586 -0.1499617 0.982541 0.03036409 -0.1835521 0.9838048 0.080621 -0.1600895 0.9839054 0.01540511 -0.1780248 0.985369 0.04028904 -0.1656045 0.9856269 -0.01283168 -0.1684485 0.987047 0.005203366 -0.1603478 0.9832937 -0.04512226 -0.176345 0.9719703 -0.09974443 -0.2128967 0.9704443 -0.08575755 -0.2255741 0.9690955 -0.1256731 -0.2122743 0.9329482 -0.2960492 -0.2048473 0.9257726 -0.1333308 -0.3537912 0.8873655 -0.3975805 -0.2334785 0.9099261 -0.1082057 -0.4004072 0.8603304 -0.3754832 -0.3447376 0.9818254 0.08852297 -0.1678768 0.9836789 0.040546 -0.1753051 0.9848775 0.1102596 -0.1336386 0.9868309 0.06167465 -0.149536 0.9876244 0.1255028 -0.09405976 0.9898514 0.07787543 -0.1188686 0.9907996 0.1331721 -0.02411258 0.994771 0.06368362 -0.07984435 0.9911098 0.1315193 -0.02010637 0.9951617 0.06005746 -0.07775813 0.9927327 0.1198576 -0.01077282 0.9970135 0.04109328 -0.06538802 0.9955651 0.08966302 -0.02847498 0.9976661 0.02896249 -0.0618357 0.9971345 0.06287693 -0.04206264 0.9981248 0.01857286 -0.05832803 0.9978766 0.0424776 -0.04937648 0.9982465 0.01019167 -0.05830973 0.9982579 0.02124893 -0.05504387 0.9983624 -0.008230745 -0.05661106 0.9982122 -0.01707482 -0.05728113 0.9981836 -0.02524822 -0.05470037 0.9971395 -0.06057941 -0.04520183 0.99756 -0.04180568 -0.0559147 0.9933192 -0.109091 -0.0376352 0.9952139 -0.06037878 -0.07683622 0.9904743 -0.1325262 -0.03738391 0.9938365 -0.06030476 -0.09301841 0.9872832 -0.134441 -0.0848388 0.9902529 -0.05549025 -0.1277505 0.9842176 -0.1253167 -0.1249464 0.9871528 -0.03775334 -0.1552552 0.9806933 -0.1063511 -0.164104 0.9837833 -0.01341515 -0.1788593 0.977567 -0.08094429 -0.1944502 0.8289427 -0.4763436 -0.2931736 0.8584594 -0.0415275 -0.5111977 0.8180907 -0.3719377 -0.4386228 0.853408 0.0248776 -0.5206497 0.7976581 -0.2822645 -0.5329807 0.8314697 0 -0.5555701 0.8314694 0 -0.5555707 0.9807853 0 -0.1950903 -0.8314697 0 -0.5555701 -0.8314694 0 -0.5555707 -0.9807853 0 -0.1950903 -0.9721508 0.09630995 -0.2136528 -0.9806867 -0.01417499 -0.1950707 -0.8308545 0.03840112 -0.5551632 -0.8090555 -0.3970559 -0.433331 -0.8593783 -0.03772419 -0.5099468 -0.8296659 -0.4631561 -0.3116746 -0.8833406 -0.09823584 -0.4583222 -0.8685065 -0.4410769 -0.2261589 -0.9259073 -0.1304692 -0.354505 -0.9202281 -0.1070961 -0.3764448 -0.9360772 -0.3210788 -0.1437633 -0.9704796 -0.09625667 -0.2211425 -0.9682821 -0.2128884 -0.1307988 -0.9697368 -0.05941396 -0.2368131 -0.9749635 -0.1780039 -0.1332702 -0.9772224 -0.04252672 -0.2079132 -0.9812768 -0.1208585 -0.1499643 -0.9825409 -0.03036409 -0.1835526 -0.9838055 -0.08062106 -0.1600841 -0.9839053 -0.01540505 -0.1780257 -0.9850903 -0.03438383 -0.1685672 -0.9859499 0.01290369 -0.1665428 -0.9830653 0.04496163 -0.1776545 -0.9710755 0.08614504 -0.2226918 -0.9694902 0.1257888 -0.2103952 -0.9337078 0.2916232 -0.2077155 -0.9266571 0.1333827 -0.3514482 -0.8880308 0.3951106 -0.235136 -0.9099261 0.1082057 -0.4004075 -0.8603327 0.3754842 -0.3447309 -0.9818254 -0.08852297 -0.1678768 -0.9836788 -0.04054594 -0.1753054 -0.9848775 -0.1102598 -0.1336388 -0.9868308 -0.06167471 -0.1495361 -0.9876245 -0.1255028 -0.09405851 -0.9898514 -0.07787525 -0.1188689 -0.9907996 -0.1331725 -0.02411264 -0.9947708 -0.06368505 -0.07984608 -0.9911098 -0.1315193 -0.02010637 -0.9951617 -0.06005746 -0.07775813 -0.9927327 -0.1198576 -0.01077282 -0.9970135 -0.04109328 -0.06538802 -0.9955651 -0.08966302 -0.02847498 -0.9976661 -0.02896249 -0.0618357 -0.9971345 -0.06287693 -0.04206264 -0.9981255 -0.01856899 -0.05831581 -0.9978766 -0.0424776 -0.04937648 -0.9982451 -0.0101931 -0.05833488 -0.9982579 -0.02124869 -0.05504328 -0.9983624 0.008230745 -0.05661106 -0.9982122 0.01707494 -0.05728077 -0.9981836 0.02524822 -0.05470037 -0.9971395 0.06057941 -0.04520183 -0.99756 0.04180544 -0.0559144 -0.993319 0.1090909 -0.03763639 -0.9952141 0.0603792 -0.07683259 -0.9904742 0.1325262 -0.03738808 -0.9938365 0.06030476 -0.09301841 -0.9872832 0.1344413 -0.08483844 -0.9902529 0.05549025 -0.1277502 -0.9842174 0.1253167 -0.1249474 -0.9871528 0.03775328 -0.155255 -0.9806932 0.1063511 -0.1641048 -0.9837833 0.01341521 -0.1788589 -0.9775671 0.08094429 -0.1944494 -0.8297583 0.4741853 -0.294363 -0.8593997 0.04186934 -0.5095875 -0.8184946 0.3703821 -0.4391855 -0.853408 -0.0248776 -0.5206497 -0.797661 0.2822654 -0.532976 -0.7933533 0 -0.6087614 -0.8310114 -0.03320288 -0.5552636 -0.8968719 0 -0.4422904 -0.9469303 0 -0.3214391 -0.9802445 -0.03320294 -0.194983 -0.9914449 0 -0.1305267 -0.6977632 0.2101252 -0.6848167 -0.899353 0.1911298 -0.3932348 -0.9995234 -0.009358406 0.02942234 -0.1652778 0.984328 -0.06149631 -0.1518152 0.9740566 -0.1678274 -0.3289239 0.9416381 -0.0716027 -0.3092932 0.9384514 -0.153775 -0.3902866 0.9134749 -0.1150661 -0.4859733 0.8667294 -0.1122941 -0.4758546 0.8677926 -0.143173 -0.6255815 0.7764137 -0.07635146 -0.6088137 0.7806138 -0.1413796 -0.6957465 0.7100009 -0.1087915 -0.7542771 0.6425067 -0.1350976 -0.7572517 0.6404682 -0.1279466 -0.8500708 0.5182311 -0.09389525 -0.8401331 0.5275214 -0.126086 -0.9021201 0.418184 -0.1063092 -0.9186909 0.3633072 -0.1549679 -0.9355602 0.3330456 -0.1175065 -0.9695696 0.2206557 -0.1060469 -0.9670279 0.2263637 -0.1166906 -0.9953038 0.014831 -0.09565913 -0.996212 0.05063581 -0.07069468 -0.9940505 0.07791155 -0.07611471 -0.9893824 0.006534636 -0.1451894 -0.9829499 0.145194 -0.1128197 -0.9052999 0.1824424 -0.3835974 -0.8606926 0.3189409 -0.396844 -0.8745144 0.3075526 -0.3750147 -0.8012087 0.444909 -0.4001507 -0.8218845 0.4321462 -0.3711545 -0.724615 0.5570217 -0.4057831 -0.7537413 0.5483634 -0.3621765 -0.627309 0.6606876 -0.4122806 -0.6626687 0.6588984 -0.3559818 -0.5174924 0.7454709 -0.4200891 -0.5559546 0.7526639 -0.3527202 -0.4074951 0.8075268 -0.4264367 -0.4470398 0.8201407 -0.3571062 -0.2915907 0.8488112 -0.4410156 -0.3261688 0.8760418 -0.3551968 -0.7165411 0.1995317 -0.6683981 -0.6667109 0.2925898 -0.6854836 -0.6925891 0.2818403 -0.6639928 -0.6277922 0.3655704 -0.6871937 -0.6626352 0.3609502 -0.6562237 -0.5806476 0.4340065 -0.68883 -0.6202291 0.4376885 -0.6509568 -0.5294427 0.4919666 -0.6911291 -0.5694555 0.5048124 -0.6487566 -0.4796309 0.5378473 -0.6933069 -0.5167599 0.5546286 -0.6521858 -0.4273153 0.571588 -0.7004919 -0.4589958 0.600682 -0.6546023 -0.9580763 -0.03978121 -0.2837381 -0.9539142 0.07140684 -0.2914601 -0.9155989 0.1001598 -0.3894186 -0.9157719 0.09969544 -0.3891308 -0.7502046 0.06198263 -0.6582942 -0.755258 0.1364355 -0.64107 -0.6817202 0.2154409 -0.699173 -0.728492 0.1142986 -0.675452 -0.4938181 0.09069436 -0.8648227 -0.4957849 0.09722656 -0.8629857 -0.4123839 0.1877179 -0.8914604 -0.4508516 0.1071411 -0.8861455 -0.4764218 0.09515535 -0.8740525 -0.4499447 0.1294828 -0.8836199 -0.4862015 0.1243322 -0.8649565 -0.455627 0.1516035 -0.8771661 -0.4932064 0.1540489 -0.8561637 -0.4652709 0.1707552 -0.8685423 -0.4986236 0.1797381 -0.8479792 -0.4770728 0.1876314 -0.8586012 -0.5027754 0.1976222 -0.8415239 -0.4901444 0.200054 -0.8483731 -0.5077486 0.2134276 -0.8346498 -0.8942641 0.4410015 -0.07622087 -0.06517136 0.990152 -0.1239024 -0.1162034 0.9806497 -0.1575527 -0.1411913 0.9806495 -0.1356157 -0.1411918 0.9806495 -0.1356152 -0.1621065 0.9806497 -0.109762 -0.1621056 0.9806494 -0.1097653 -0.1783436 0.9806497 -0.0807445 -0.1783437 0.9806495 -0.08074742 -0.1894364 0.9806497 -0.04939776 -0.1894365 0.9806496 -0.04939931 -0.2668495 0.8795856 -0.3938536 -0.1950638 0.9806497 -0.01662516 -0.1950638 0.9806497 -0.01662623 -0.4419741 0.8962366 -0.03767049 -0.3509197 0.8312927 -0.4310544 -0.4016829 0.8305404 -0.3858156 -0.4016844 0.830538 -0.3858191 -0.4611843 0.8305386 -0.3122736 -0.4611849 0.8305397 -0.3122698 -0.5073799 0.8305388 -0.2297193 -0.507381 0.8305387 -0.2297171 -0.5389382 0.8305394 -0.1405354 -0.5389388 0.8305386 -0.1405377 -0.5572695 0.8297632 -0.03071814 -0.6079446 0.792287 -0.0518158 -0.4673003 0.6003562 -0.6490015 -0.5077822 0.5547819 -0.6590709 -0.6003297 0.5541807 -0.5766178 -0.600329 0.5541806 -0.5766186 -0.6892552 0.5541809 -0.4667022 -0.6892555 0.5541806 -0.4667021 -0.7582971 0.5541802 -0.3433217 -0.7582975 0.5541803 -0.343321 -0.8054619 0.5541802 -0.2100366 -0.8054621 0.55418 -0.2100369 -0.8293891 0.554181 -0.07069176 -0.7927006 0.6082614 -0.0405445 -0.5799877 0.2126932 -0.7863689 -0.5889652 0.1945416 -0.7843937 -0.6832084 0.1948568 -0.7037451 -0.7134452 0.1463224 -0.6852632 -0.7404875 0.194975 -0.6431664 -0.8122402 0.1944126 -0.5499724 -0.8122385 0.194412 -0.5499751 -0.8935988 0.1944133 -0.4045799 -0.8935984 0.1944122 -0.4045811 -0.9384308 0.1949007 -0.2852392 -0.9574285 0.1449089 -0.249664 -0.9592573 0.1949394 -0.2045096 -0.9773764 0.1944119 -0.08330488 -0.9773763 0.1944113 -0.08330589 -0.9807854 0.1950898 0 -0.9807852 0.1950913 0 -0.8968748 0.4422847 0 -0.896873 0.4422883 0 -0.7933523 0.6087628 0 -0.6087629 0.7933522 0 -0.4422861 0.896874 0 -0.195091 0.9807853 0 -0.1950908 0.9807852 0 0.8916025 0.4396872 -0.1082599 -0.9739037 0.1937211 -0.118253 0.9739037 0.1937211 -0.1182534 0.9739037 0.1937212 -0.1182529 0.9383648 0.1948201 -0.2855114 0.9044033 0.2537914 -0.3429936 0.897136 0.1946678 -0.3965497 0.814755 0.1940094 -0.5463835 0.8031834 0.2180358 -0.5543978 0.7427926 0.1950738 -0.6404728 0.6505597 0.1937216 -0.7343324 0.6505614 0.1937215 -0.734331 0.5242102 0.1949372 -0.8289772 0.4502185 0.2478955 -0.8578178 0.4205067 0.1944819 -0.8862004 0.2602438 0.1942613 -0.9457991 0.2325546 0.2360271 -0.9435092 0.1443185 0.1950216 -0.9701231 0 0.1937205 -0.9810569 0 0.1937222 -0.9810565 -0.1443186 0.1950219 -0.970123 -0.2325544 0.236027 -0.9435093 -0.2602438 0.1942613 -0.9457991 -0.4559211 0.1937221 -0.8686817 -0.4123996 0.27306 -0.8691173 -0.5242111 0.1949376 -0.8289765 -0.6505601 0.1937215 -0.7343321 -0.6505618 0.1937219 -0.7343305 -0.7427926 0.1950738 -0.6404728 -0.8031833 0.2180359 -0.5543978 -0.814755 0.1940094 -0.5463835 -0.9173039 0.1937232 -0.3478864 -0.8729884 0.2983159 -0.3858743 -0.9383648 0.1948201 -0.2855114 0.607106 0.7911942 -0.07371658 0.7896977 0.6059567 -0.09588605 0.8237251 0.5538259 -0.1214659 0.7791883 0.5527588 -0.2955054 0.7791863 0.5527608 -0.2955073 0.6858265 0.5527611 -0.473389 0.6858254 0.5527594 -0.4733929 0.5526078 0.5527604 -0.6237633 0.5526061 0.5527601 -0.623765 0.3872729 0.5527606 -0.7378858 0.3872722 0.5527595 -0.737887 0.1994311 0.5527607 -0.8091249 0.1994314 0.552759 -0.8091259 0 0.5527615 -0.8333396 0 0.5527603 -0.8333404 -0.1994318 0.5527606 -0.8091247 -0.1994307 0.5527592 -0.809126 -0.3872729 0.5527606 -0.7378858 -0.3872724 0.5527598 -0.7378868 -0.5526071 0.5527611 -0.6237633 -0.5526071 0.5527598 -0.6237645 -0.6858268 0.5527603 -0.4733895 -0.6858251 0.5527601 -0.4733923 -0.7791877 0.5527598 -0.2955052 -0.7791864 0.55276 -0.2955081 0.1950362 0.9805101 -0.02368181 0.4416497 0.8955835 -0.05362617 -0.9739035 0.1937216 -0.1182532 -0.8916025 0.4396872 -0.1082599 -0.8237247 0.5538265 -0.1214658 -0.7896977 0.6059567 -0.09588605 -0.607106 0.7911943 -0.07371604 0.5492689 0.830692 -0.09085452 0.5220959 0.8295843 -0.1980043 0.522096 0.8295842 -0.1980047 0.4595393 0.8295845 -0.317196 0.4595384 0.8295843 -0.3171978 0.3702756 0.8295837 -0.4179558 0.3702752 0.8295838 -0.4179559 0.2594929 0.829584 -0.4944229 0.2594929 0.8295837 -0.4944232 0.1336295 0.8295859 -0.5421535 0.1336297 0.8295857 -0.5421538 0 0.8295832 -0.5583831 0 0.829585 -0.5583805 -0.1336299 0.8295857 -0.5421536 -0.1336291 0.829585 -0.542155 -0.2594932 0.8295839 -0.4944229 -0.2594929 0.8295848 -0.4944213 -0.3702758 0.8295849 -0.4179531 -0.3702753 0.8295832 -0.4179567 -0.4595386 0.829584 -0.3171986 -0.4595389 0.8295845 -0.3171965 -0.5220959 0.8295845 -0.1980043 -0.5220958 0.829584 -0.1980063 -0.5492687 0.8306921 -0.0908553 -0.4416497 0.8955835 -0.05362617 0.1950361 0.9805101 -0.02368164 0.1837014 0.9805101 -0.06966966 0.1837013 0.9805102 -0.06966775 0.1616905 0.9805101 -0.1116072 0.1616907 0.9805102 -0.1116062 0.130283 0.9805104 -0.1470565 0.1302829 0.9805102 -0.1470582 0.09130358 0.98051 -0.1739653 0.09130352 0.9805104 -0.173963 0.04701793 0.9805092 -0.1907641 0.04701793 0.9805101 -0.1907597 0 0.9805104 -0.1964672 0 0.98051 -0.1964694 -0.04701793 0.9805093 -0.1907642 -0.04701793 0.9805103 -0.1907589 -0.09130382 0.9805105 -0.1739619 -0.09130334 0.98051 -0.173965 -0.1302829 0.9805104 -0.1470565 -0.1302831 0.9805102 -0.1470582 -0.1616907 0.9805102 -0.1116056 -0.1616905 0.9805099 -0.111608 -0.1837015 0.9805101 -0.06966966 -0.1837012 0.9805102 -0.06966781 -0.1950363 0.9805101 -0.02368181 -0.195036 0.9805101 -0.02368164 0.1950908 0.9807852 0 0.4422861 0.896874 0 0.6087629 0.7933522 0 0.7933523 0.6087628 0 0.896873 0.4422883 0 0.8968748 0.4422847 0 0.9807852 0.1950913 0 0.9807854 0.1950898 0 0.08345359 0.9900668 -0.1131519 0.1950638 0.9806497 -0.01662516 0.1950638 0.9806497 -0.01662623 0.9773763 0.194412 -0.08330523 0.8942641 0.4410015 -0.07622087 0.8312308 0.5533943 -0.05301147 0.7915451 0.6073753 -0.06746721 0.5549479 0.8305395 -0.04729944 0.6085372 0.7930583 -0.02722626 0.4419741 0.8962366 -0.03767049 0.1783439 0.9806497 -0.08074486 0.1783434 0.9806497 -0.08074623 0.5073806 0.8305388 -0.2297179 0.5073806 0.8305388 -0.2297181 0.7582964 0.5541805 -0.3433231 0.7582981 0.5541797 -0.3433202 0.1621065 0.9806496 -0.1097632 0.1621057 0.9806496 -0.1097641 0.461185 0.8305389 -0.3122718 0.4611842 0.8305389 -0.312273 0.6892538 0.5541812 -0.4667037 0.6892567 0.5541794 -0.4667016 0.1411918 0.9806494 -0.1356163 0.1411912 0.9806497 -0.1356146 0.4016833 0.8305391 -0.3858178 0.4016838 0.8305383 -0.3858191 0.6003293 0.5541791 -0.5766198 0.6003294 0.5541816 -0.5766173 0.9520533 0.09926789 -0.2893798 0.9592573 0.1949396 -0.2045096 0.9773764 0.1944112 -0.08330553 0.1894366 0.9806496 -0.04939782 0.1894363 0.9806496 -0.04939925 0.538939 0.8305386 -0.1405366 0.5389382 0.8305391 -0.1405366 0.8054621 0.5541796 -0.2100375 0.8054623 0.5541799 -0.2100362 0.9491795 0.1944122 -0.2475124 0.893599 0.194413 -0.4045794 0.8935977 0.194413 -0.4045823 0.8122393 0.1944133 -0.5499734 0.8122386 0.1944117 -0.5499751 0.7074463 0.1944121 -0.6795026 0.6922183 0.1114818 -0.7130258 0.7404874 0.1949757 -0.6431663 0.1050186 0.9803003 -0.1672795 0.2976014 0.8780049 -0.374888 0.3214504 0.8300104 -0.4557988 0.4859195 0.5990803 -0.6363845 0.488622 0.5538964 -0.6741271 0.5861455 0.2124174 -0.7818647 0.5822409 0.1944109 -0.7894302 0.9579796 -0.04026842 -0.2839959 0.9174163 0.1084868 -0.3828549 0.8205665 0.08482277 -0.5652218 0.5585885 0.09777778 -0.8236616 0.5028773 0.2748241 -0.8195037 0.461575 0.08549177 -0.8829721 0.4500067 0.1068972 -0.8866041 0.9528086 0.08179491 -0.2923451 0.995312 0.01578521 -0.09541964 0.9953402 0.08352369 -0.04818421 0.9991979 -0.0258038 0.03062486 0.9640952 0.2383866 -0.1170141 0.9812307 0.1567061 -0.1123812 0.9854462 0.08735978 -0.1458222 0.9959032 0.04372614 -0.07915085 0.9981681 0.005866169 -0.06021785 0.8904228 0.4130364 -0.1911761 0.9328756 0.3405599 -0.1173121 0.9633015 0.2461254 -0.1071102 0.9179652 0.3845512 -0.09726452 0.848622 0.5147253 -0.1220604 0.840359 0.5324473 -0.1014727 0.7614961 0.63516 -0.1292106 0.7626147 0.6344149 -0.1262409 0.7007834 0.7046791 -0.1110411 0.6620197 0.7388315 -0.1259279 0.6387664 0.7630975 -0.09828388 0.5489233 0.8247602 -0.135845 0.513001 0.8540251 -0.08643609 0.423875 0.8964676 -0.1291351 0.3806168 0.9194251 -0.09893721 0.2934091 0.9452316 -0.1429983 0.2317426 0.9689903 -0.08575087 0.1543416 0.9793628 -0.1304886 0.09354448 0.9898579 -0.1069156 0.4752174 0.09347444 -0.8748891 0.4671953 0.1043258 -0.8779776 0.4642562 0.1415491 -0.874317 0.4780874 0.1288433 -0.8688107 0.464264 0.1610863 -0.8709249 0.4853249 0.1462532 -0.862015 0.4702619 0.1817532 -0.8636084 0.4953756 0.1703447 -0.8518133 0.4748845 0.193269 -0.8585639 0.5028481 0.184574 -0.8444385 0.4839147 0.2070674 -0.8502644 0.5094585 0.2042587 -0.8359009 0.4930986 0.2132474 -0.843433 0.7222432 0.1634851 -0.6720398 0.7198252 0.1272975 -0.6823834 0.7224583 0.1385097 -0.6773988 0.7014914 0.2005239 -0.6838859 0.7061324 0.2238177 -0.6717758 0.679496 0.2722346 -0.6813029 0.6762776 0.3010538 -0.6723208 0.6498022 0.3362135 -0.681702 0.6441186 0.3753308 -0.666512 0.6191273 0.3985328 -0.6766484 0.6013718 0.4351869 -0.6700481 0.5814877 0.4491013 -0.6783658 0.5584976 0.4944028 -0.6660678 0.5426474 0.5017045 -0.6736664 0.5096718 0.5354638 -0.673434 0.4991308 0.5386987 -0.6787283 0.4597071 0.579172 -0.673223 0.4527386 0.5799715 -0.677245 0.4107383 0.6010456 -0.6855934 0.9154953 0.1051344 -0.3883494 0.898061 0.1963026 -0.3936391 0.8989154 0.2083849 -0.3853918 0.8626188 0.3142428 -0.3964094 0.8626121 0.3356574 -0.3784634 0.8140983 0.4249188 -0.3958385 0.806612 0.4521614 -0.3806928 0.7517462 0.5243218 -0.3999553 0.7385489 0.5615238 -0.3731441 0.6810427 0.6155744 -0.3965465 0.6558813 0.6521601 -0.3801407 0.5998858 0.6909213 -0.4034415 0.5641033 0.7363812 -0.3735375 0.5117515 0.7609829 -0.3987675 0.4646437 0.7966383 -0.3866183 0.4175903 0.8107641 -0.4102193 0.3555353 0.8527539 -0.3826295 0.3168531 0.8576013 -0.4051223 0.2515826 0.8794565 -0.4040578 0.8486068 -0.07764023 -0.5232961 0.9304822 -0.004573702 -0.3663088 0.3156009 -0.9250762 -0.2112587 0.5789645 -0.8137127 0.05169051 0.6287506 -0.7566127 -0.1794713 0.846339 -0.53129 0.03796541 0.8551484 -0.5016232 -0.1307497 0.9823303 -0.187084 -0.005176544 0.9154882 -0.1845694 -0.3575133 0.99803 -0.05676484 -0.02672159 0.9995716 -0.01085418 -0.02718341 0.9997791 0.01516324 0.01456147 0.9591066 -0.1078501 -0.2616924 0.9719371 -0.01413673 -0.2348156 0.9945412 0.02961504 -0.1000545 0.777432 -0.05054754 -0.6269326 0.9710639 0.002227604 -0.23881 0.9590166 -0.1521489 -0.2390357 0.9702482 -0.1478649 -0.1917144 0.8654962 -0.4054265 -0.2941867 0.8865301 -0.4321004 -0.16539 0.702829 -0.6206415 -0.3476143 0.7038256 -0.689547 -0.1707472 0.2282353 -0.9725759 0.04477453 0.3614058 -0.9153799 -0.1773855 0.5223957 -0.7737689 -0.3583079 0.5027539 -0.8101667 -0.3014445 0.5958486 -0.6399531 -0.4852057 0.9131256 -0.1279571 -0.387077 0.9102802 -0.1055696 -0.4003061 0.8995171 -0.1085977 -0.4231734 0.8388389 -0.2552855 -0.4808107 0.8678991 -0.2787593 -0.4111501 0.7529438 -0.3968709 -0.5249468 0.7762844 -0.457739 -0.4334256 0.6700291 -0.5055488 -0.543582 0.6776416 -0.4599969 -0.5737637 0.7779614 -0.05018228 -0.6263048 0.7616879 -0.08973538 -0.6417003 0.7757282 -0.09841829 -0.6233455 0.7362812 -0.1389663 -0.6622525 0.751281 -0.1618231 -0.6398361 0.701425 -0.1827892 -0.6889057 0.7121229 -0.2157807 -0.6680718 0.09349012 -0.9912209 -0.09349191 0.1253842 -0.980631 -0.1504713 0.2779029 -0.9231926 -0.2654911 0.3127433 -0.8968746 -0.3127424 0.406238 -0.8184982 -0.4062407 0.4248591 -0.7933296 -0.4360311 0.550414 -0.6418733 -0.5338943 0.5609853 -0.6087645 -0.5609825 0.6273979 -0.4612454 -0.6273952 0.632783 -0.442285 -0.6355861 0.6965821 -0.2158771 -0.6842299 0.6935192 -0.1950908 -0.6935205 0.1950267 -0.9804618 -0.02567625 0.1560602 -0.9804615 -0.119751 0.1560594 -0.9804623 -0.1197475 0.7783635 -0.193483 -0.5972559 0.7127238 -0.439239 -0.5468949 0.6435776 -0.5501746 -0.5320862 0.6314043 -0.6054662 -0.4844991 0.4433831 -0.8292551 -0.3402169 0.4600771 -0.792639 -0.4000657 0.3533217 -0.895354 -0.2711182 0.1950272 -0.9804617 -0.02567505 0.4415383 -0.8953574 -0.05812954 0.5596349 -0.8273814 -0.04742074 0.6068165 -0.7908169 -0.07989096 0.8265316 -0.5522725 -0.108815 0.7920704 -0.6077756 -0.05686253 0.8906856 -0.439238 -0.1172579 0.9416689 -0.1052693 -0.319653 0.8797112 -0.1946894 -0.4338253 0.7783603 -0.1934847 -0.5972597 0.1817361 -0.9804618 -0.07527846 0.181736 -0.980462 -0.07527589 0.5163291 -0.8292551 -0.2138702 0.5163307 -0.829254 -0.2138699 0.7702047 -0.5522722 -0.3190301 0.770205 -0.5522708 -0.319032 0.9064213 -0.1934858 -0.3754513 0.9727098 -0.1934851 -0.1280597 0.9727099 -0.1934844 -0.1280599 0.1950907 -0.9807853 0 0.195091 -0.9807852 0 0.4422913 -0.8968715 0 0.4422844 -0.8968749 0 0.6087615 -0.7933534 0 0.7933549 -0.6087594 0 0.7933531 -0.6087619 0 0.8968738 -0.4422867 0 0.8968703 -0.4422937 0 0.9807855 -0.1950898 0 0.9807854 -0.19509 0 0.1950379 -0.9805187 0.02331286 0.1950377 -0.9805186 0.02331387 0.830708 -0.5514473 0.07635599 0.7898085 -0.6060441 0.09441035 0.5543487 -0.8296425 0.06626355 0.608205 -0.7926254 0.04279863 0.4416726 -0.8956217 0.05279523 0.9741137 -0.1937632 0.1164408 0.9741136 -0.1937642 0.1164398 0.8917642 -0.4397656 0.106597 0.1840472 -0.9805188 0.06862747 0.1840476 -0.9805186 0.06862848 0.5231122 -0.8296421 0.1950582 0.5231115 -0.8296424 0.1950585 0.7807714 -0.5528438 0.2911356 0.7807694 -0.5528478 0.2911333 0.9192231 -0.1937628 0.3427609 0.9192231 -0.1937631 0.3427607 -0.1821199 -0.9806067 0.07240724 -0.5179618 -0.830246 0.2059302 -0.7737742 -0.5537439 0.3076384 -0.9115576 -0.1942004 0.3624212 -0.9115591 -0.1941969 0.3624194 -0.9522389 -0.1949477 0.2350247 -0.949365 -0.2601222 0.1761891 -0.9706246 -0.194769 0.1412548 -0.9808673 -0.1945167 0.007915675 -0.9710819 -0.2384889 -0.01109212 -0.9768766 -0.1950541 -0.08755558 -0.9601519 -0.1942023 -0.2009827 -0.9601525 -0.1942003 -0.2009815 -0.9299803 -0.1950535 -0.3115942 -0.8940049 -0.2384893 -0.3793127 -0.8953433 -0.1945214 -0.4006519 -0.8117302 -0.1941987 -0.5508003 -0.8092941 -0.3013049 -0.5042408 -0.7780326 -0.1949487 -0.5972107 -0.6896713 -0.1941982 -0.6975963 -0.6896731 -0.1941995 -0.6975941 -0.5414922 -0.1941998 -0.8179687 -0.5414966 -0.1942013 -0.8179654 -0.4251345 -0.1949486 -0.8838868 -0.3669629 -0.2601215 -0.8931266 -0.337122 -0.194768 -0.921094 -0.2087094 -0.1945189 -0.9584378 -0.1881018 -0.2384883 -0.9527544 -0.11444 -0.1950547 -0.9740931 0 -0.1941993 -0.9809622 0 -0.1941999 -0.980962 0.1144403 -0.1950551 -0.974093 0.1881021 -0.2384887 -0.9527543 0.2087094 -0.1945189 -0.9584378 0.3728105 -0.1941985 -0.9073585 0.3277308 -0.3013023 -0.8954381 0.4251343 -0.1949481 -0.883887 0.5414943 -0.1942003 -0.8179671 0.5414953 -0.1942006 -0.8179664 0.6896714 -0.1941991 -0.6975959 0.6896723 -0.1941989 -0.6975952 0.7780328 -0.1949486 -0.5972102 0.7989978 -0.2601215 -0.5421617 0.8324824 -0.1947707 -0.5186882 0.8953433 -0.1945214 -0.4006519 0.8940047 -0.2384893 -0.3793134 0.9299802 -0.1950541 -0.3115942 0.9601522 -0.1942003 -0.2009828 0.9601519 -0.1942027 -0.2009816 0.9768767 -0.1950533 -0.08755624 0.9710818 -0.2384893 -0.01109236 0.9808673 -0.1945167 0.007915675 0.9644924 -0.1942023 0.178997 0.9435887 -0.3013037 0.1373195 0.9522385 -0.1949488 0.2350252 0.911558 -0.1941983 0.362421 0.9115589 -0.1941987 0.3624187 -0.7737726 -0.5537446 0.3076412 -0.8187093 -0.5537408 0.1519424 -0.8187079 -0.553743 0.151942 -0.8326321 -0.553745 -0.009510755 -0.8326341 -0.553742 -0.009510397 -0.8150259 -0.5537394 -0.1706036 -0.815021 -0.5537468 -0.1706029 -0.7665461 -0.5537427 -0.3252327 -0.7665449 -0.5537428 -0.325235 -0.6890351 -0.5537443 -0.4675447 -0.6890333 -0.5537427 -0.4675494 -0.5854278 -0.5537446 -0.5921498 -0.5854264 -0.5537425 -0.5921531 -0.4596468 -0.553745 -0.694328 -0.4596462 -0.5537431 -0.6943299 -0.3164584 -0.5537436 -0.7702092 -0.3164575 -0.5537444 -0.770209 -0.1612837 -0.5537458 -0.8169169 -0.1612817 -0.5537405 -0.8169209 0 -0.5537452 -0.8326862 0 -0.553743 -0.8326876 0.1612833 -0.5537455 -0.8169173 0.1612821 -0.5537409 -0.8169206 0.3164584 -0.5537458 -0.7702076 0.3164575 -0.5537423 -0.7702105 0.4596472 -0.5537449 -0.6943279 0.4596458 -0.5537431 -0.6943302 0.5854278 -0.553744 -0.5921503 0.5854259 -0.5537421 -0.5921541 0.6890341 -0.5537458 -0.4675442 0.689034 -0.5537414 -0.4675497 0.7665455 -0.5537422 -0.3252345 0.7665455 -0.5537428 -0.3252338 0.8150249 -0.5537408 -0.1706034 0.8150215 -0.5537462 -0.170603 0.832632 -0.553745 -0.009510755 0.832634 -0.5537422 -0.009510397 0.8187075 -0.5537436 0.151942 0.8187096 -0.5537403 0.1519423 0.7737734 -0.5537452 0.307638 0.7737733 -0.5537437 0.307641 -0.5179606 -0.830246 0.2059332 -0.5480368 -0.8302477 0.1017085 -0.5480398 -0.8302454 0.1017099 -0.5573614 -0.8302456 -0.006366908 -0.5573613 -0.8302457 -0.006365895 -0.5455744 -0.830245 -0.1142017 -0.5455733 -0.8302457 -0.1142007 -0.5131222 -0.8302456 -0.2177108 -0.5131227 -0.8302454 -0.2177102 -0.461237 -0.8302458 -0.3129737 -0.4612358 -0.8302463 -0.3129742 -0.3918815 -0.8302463 -0.3963835 -0.3918832 -0.8302448 -0.3963853 -0.3076857 -0.8302451 -0.4647822 -0.3076857 -0.8302465 -0.46478 -0.2118356 -0.8302447 -0.5155767 -0.2118353 -0.8302465 -0.515574 -0.1079627 -0.8302503 -0.5468351 -0.1079625 -0.8302447 -0.5468437 0 -0.8302453 -0.5573982 0 -0.8302451 -0.5573984 0.1079627 -0.8302461 -0.5468413 0.1079623 -0.8302484 -0.5468379 0.2118355 -0.8302451 -0.5155764 0.2118353 -0.8302456 -0.5155756 0.3076856 -0.8302454 -0.464782 0.3076855 -0.8302456 -0.4647818 0.3918823 -0.8302459 -0.3963838 0.3918821 -0.8302455 -0.3963848 0.461237 -0.8302458 -0.3129737 0.4612361 -0.830246 -0.3129745 0.5131222 -0.8302456 -0.2177108 0.5131223 -0.8302454 -0.2177112 0.5455735 -0.8302457 -0.1142004 0.5455735 -0.8302455 -0.1142018 0.5573605 -0.8302463 -0.006365835 0.5573623 -0.8302451 -0.006367027 0.5480388 -0.8302463 0.1017089 0.5480384 -0.8302465 0.1017097 0.5179625 -0.830245 0.2059326 0.5179603 -0.8302465 0.205932 -0.1821196 -0.9806068 0.07240808 -0.1926956 -0.9806067 0.03576099 -0.1926956 -0.9806067 0.03576248 -0.1959724 -0.9806069 -0.002238452 -0.1959728 -0.9806068 -0.002237975 -0.1918281 -0.9806068 -0.04015398 -0.191828 -0.9806068 -0.04015415 -0.180418 -0.9806069 -0.07654809 -0.1804177 -0.980607 -0.07654821 -0.1621745 -0.9806067 -0.110045 -0.1621749 -0.9806068 -0.1100441 -0.1377889 -0.9806067 -0.1393733 -0.1377892 -0.9806069 -0.1393715 -0.1081846 -0.9806064 -0.1634235 -0.1081848 -0.9806072 -0.1634185 -0.07448279 -0.9806061 -0.181284 -0.07448297 -0.9806072 -0.1812787 -0.03796046 -0.9806061 -0.1922776 -0.03796035 -0.9806067 -0.1922742 0 -0.9806072 -0.195984 0 -0.9806062 -0.1959885 0.03796029 -0.9806053 -0.1922818 0.03796052 -0.9806074 -0.1922714 0.07448267 -0.9806063 -0.1812841 0.07448309 -0.9806073 -0.1812781 0.1081847 -0.9806064 -0.1634235 0.1081847 -0.9806076 -0.1634168 0.1377891 -0.9806073 -0.1393688 0.137789 -0.9806066 -0.1393738 0.1621752 -0.980607 -0.110041 0.1621744 -0.9806066 -0.1100462 0.1804179 -0.9806069 -0.07654809 0.1804178 -0.9806069 -0.07654827 0.1918281 -0.9806069 -0.04015284 0.1918281 -0.9806067 -0.04015541 0.1959728 -0.9806068 -0.002238452 0.1959726 -0.9806069 -0.002237975 0.1926956 -0.9806067 0.03576153 0.1926956 -0.9806068 0.03576129 0.182119 -0.9806069 0.07240802 0.1821202 -0.9806067 0.07240706 -0.1950378 -0.9805187 0.02331286 -0.1950377 -0.9805187 0.02331382 -0.4416726 -0.8956217 0.05279523 -0.5583343 -0.8283331 0.04612195 -0.6071578 -0.7912598 0.07257616 -0.8273929 -0.5528465 0.09890264 -0.1840474 -0.9805188 0.06862616 -0.1840476 -0.9805186 0.06862837 -0.5231114 -0.8296425 0.1950584 -0.5231123 -0.8296419 0.1950587 -0.7807709 -0.5528452 0.2911344 -0.7807697 -0.5528469 0.2911341 -0.9192231 -0.1937628 0.3427609 -0.919223 -0.193763 0.342761 -0.7919458 -0.6076825 0.05953067 -0.8917642 -0.4397656 0.106597 -0.9741134 -0.1937658 0.1164394 -0.9741139 -0.1937617 0.1164412 -0.195091 -0.9807852 0 -0.4422906 -0.8968719 0 -0.4422851 -0.8968745 0 -0.6087615 -0.7933534 0 -0.7933549 -0.6087594 0 -0.7933531 -0.6087619 0 -0.8968734 -0.4422875 0 -0.8968707 -0.4422929 0 -0.9807854 -0.19509 0 -0.9807855 -0.1950898 0 -0.1560597 -0.9804617 -0.1197507 -0.1950271 -0.9804618 -0.02567404 -0.1950268 -0.9804618 -0.02567666 -0.8313199 -0.5501753 -0.07883244 -0.7890598 -0.6054694 -0.1038826 -0.5540917 -0.8292533 -0.07294774 -0.608212 -0.7926396 -0.04243534 -0.4415383 -0.8953574 -0.05812954 -0.1817356 -0.9804618 -0.07527762 -0.1817364 -0.9804617 -0.07527774 -0.5163284 -0.8292556 -0.2138695 -0.5163305 -0.8292536 -0.2138718 -0.7702048 -0.5522723 -0.3190298 -0.7702063 -0.5522704 -0.3190293 -0.1560598 -0.9804621 -0.1197476 -0.3533217 -0.895354 -0.2711182 -0.4292531 -0.8273825 -0.3621883 -0.4855737 -0.7908171 -0.3725943 -0.661389 -0.5522716 -0.5075044 -0.6002892 -0.6077739 -0.519869 -0.7127238 -0.439239 -0.5468949 -0.9727093 -0.1934868 -0.1280605 -0.9727103 -0.1934828 -0.128059 -0.8906856 -0.439238 -0.1172579 -0.9288106 -0.194692 -0.3152871 -0.9133206 -0.150756 -0.3783096 -0.8797108 -0.194689 -0.4338262 -0.7783624 -0.1934854 -0.5972567 -0.7783613 -0.193483 -0.5972588 -0.1379503 -0.9807854 -0.1379488 -0.07502919 -0.9908717 -0.1119993 -0.324899 -0.8967397 -0.3004973 -0.2717627 -0.9231967 -0.271759 -0.4304603 -0.7933529 -0.4304594 -0.3979929 -0.8184081 -0.4144995 -0.571819 -0.6086913 -0.5500164 -0.5422143 -0.6418781 -0.5422143 -0.6341886 -0.4422831 -0.634185 -0.6253283 -0.4612178 -0.6294782 -0.7003117 -0.1950803 -0.6866638 -0.6904366 -0.2158592 -0.6904363 -0.9094749 -0.0955013 -0.404642 -0.7835216 -0.01982468 -0.6210482 -0.9564449 -0.08035051 -0.2806369 -0.9854819 -0.09118169 -0.1432179 -0.9788581 -0.003472745 -0.2045114 -0.9992571 -0.03296828 -0.0199629 -0.9941198 -0.04927456 -0.09642559 -0.8990724 -0.1320418 -0.4174134 -0.9946054 -0.1000823 -0.02726936 -0.947764 -0.3077386 -0.08390665 -0.8587409 -0.342823 -0.3808366 -0.9139723 -0.4055663 0.01306617 -0.7910161 -0.6002954 -0.1180642 -0.7822427 -0.5845884 -0.2152974 -0.657761 -0.7520829 -0.04149627 -0.5447205 -0.8250102 -0.1504583 -0.5479857 -0.8151756 -0.1876181 -0.3408012 -0.9383057 -0.05862605 -0.2639201 -0.9550862 -0.1347464 -0.1441093 -0.9886488 -0.04249793 -0.4678262 -0.8151956 -0.3414596 -0.6583517 -0.4607591 -0.5952093 -0.9719201 -0.09763383 -0.2141003 -0.9186202 -0.2914083 -0.2668678 -0.9180691 -0.3450654 -0.1951386 -0.8174133 -0.4935318 -0.2970889 -0.7807974 -0.5908451 -0.2031193 -0.6570608 -0.6790425 -0.3273719 -0.5645043 -0.7929407 -0.2293029 -0.4651194 -0.8207327 -0.3317556 -0.3176577 -0.9211992 -0.22469 -0.8971924 -0.0794354 -0.4344375 -0.868239 -0.1814702 -0.4617681 -0.8780564 -0.2201532 -0.424911 -0.8162896 -0.3105183 -0.487083 -0.8098521 -0.3837383 -0.443717 -0.7340175 -0.4374011 -0.5195177 -0.696962 -0.531312 -0.4816135 -0.6435639 -0.5454621 -0.5369327 -0.5670065 -0.6414715 -0.5167379 -0.7773799 -0.04030096 -0.6277392 -0.7708782 -0.06355249 -0.6338043 -0.7766807 -0.07764995 -0.6250902 -0.7556531 -0.1081446 -0.6459823 -0.7579616 -0.1349474 -0.6381878 -0.7327212 -0.1526921 -0.6631779 -0.726912 -0.1878174 -0.6605479 -0.7052864 -0.1930683 -0.6821259 -0.6921668 -0.2158569 -0.6887024 0.9659261 0 -0.2588183 0.9219118 -0.006568551 -0.3873443 0.9773157 -0.00187534 -0.2117796 0.997295 0 -0.07350337 0.2588191 0 -0.9659258 0.1381182 -0.006352186 -0.9903954 0.3873879 0 -0.9219169 0.6139028 -0.006250023 -0.789357 0.7944892 0 -0.6072784 -0.1350675 0 -0.9908365 -0.2588174 -0.003360748 -0.9659205 -0.707102 -0.003252446 -0.7071042 -0.6106869 0 -0.7918723 -0.3869145 0 -0.9221157 -0.9973185 0 -0.07318431 -0.9774387 -0.001863777 -0.2112111 -0.9659212 -0.003121197 -0.2588176 -0.9201663 0 -0.3915279 -0.7948243 0 -0.6068395 -0.9730263 0.03934699 -0.2273141 -0.9958158 0.01134693 -0.09067636 -0.9997741 0 0.02125376 -0.9906835 0 -0.1361851 -0.8423672 0 -0.538904 -0.8423663 0 -0.5389055 0.8423667 0 -0.538905 0.9997703 0 0.02143198 0.9958317 0.01131081 -0.09050655 0.9904723 0.02065008 -0.1361553 0.9685693 0 -0.2487444 0.8423671 0 -0.5389044 -2.20422e-6 0 -1 -1.83178e-6 0 -1 -3.91387e-7 0 -1 -2.45772e-7 0 -1 0.9979456 -0.05478531 -0.03321546 0.9962784 0.03352642 -0.0794081 0.998018 0.007306337 -0.06250393 0.9971293 0 -0.07571852 0.9984129 0 -0.05631911 0.999884 -0.002032041 -0.01510018 0.9752877 0.001573801 -0.2209334 0.9452204 -0.006918013 -0.3263594 0.9093461 0 -0.4160406 0.7071046 0 -0.707109 0.7071064 0 -0.7071073 0.3429278 0 -0.9393619 0.2648477 -0.006632864 -0.9642676 0.08809655 0 -0.996112 -0.9984129 0 -0.05631911 -0.9733062 -0.01411217 -0.2290763 -0.9426651 0.003592789 -0.3337209 -0.999884 -0.002032041 -0.01510018 -0.9971292 0 -0.07571923 -0.9988889 0.01772046 -0.04367071 -0.9973558 0.003526091 -0.07258713 -0.9948872 -0.08977407 0.0462619 -0.9094003 0 -0.4159219 -0.7071046 0 -0.707109 -0.7071064 0 -0.7071073 -0.2588156 0 -0.9659268 -0.3340942 -0.009241998 -0.9424943 -0.08782076 0 -0.9961363 -0.2079117 0 -0.9781476 -0.2079111 0 -0.9781477 -0.5877853 0 -0.8090171 -0.5877855 0 -0.8090168 -0.8660254 0 -0.5000001 -0.8660254 0 -0.5000002 -0.9945219 0 -0.1045284 -0.994522 0 -0.1045284 -0.9510566 0 0.309017 -0.9510565 0 0.3090172 -0.7431448 0 0.6691308 -0.7431452 0 0.6691303 -0.4067364 0 0.9135456 0.4067364 0 0.9135456 0.743145 0 0.6691306 0.7431449 0 0.6691305 0.9510566 0 0.309017 0.9510565 0 0.3090172 0.994522 0 -0.1045284 0.9945219 0 -0.1045284 0.8660254 0 -0.5000002 0.8660254 0 -0.5000001 0.5877855 0 -0.8090168 0.5877853 0 -0.8090171 0.2079114 0 -0.9781478 0.2079116 0 -0.9781477 0 1 3.57772e-7 0 1 -1.78886e-7 0 1 -3.57772e-7 -0.2079117 0 0.9781476 -0.2079111 0 0.9781477 -0.5877853 0 0.8090171 -0.5877855 0 0.8090168 -0.8660254 0 0.5000001 -0.8660254 0 0.5000002 -0.9945219 0 0.1045284 -0.9945219 0 0.1045286 -0.9510566 0 -0.309017 -0.9510565 0 -0.3090174 -0.7431448 0 -0.6691308 -0.743145 0 -0.6691306 -0.4067364 0 -0.9135456 0.4067364 0 -0.9135456 0.743145 0 -0.6691306 0.7431448 0 -0.6691308 0.9510566 0 -0.309017 0.9510565 0 -0.3090174 0.994522 0 0.1045284 0.9945219 0 0.1045286 0.8660254 0 0.5000002 0.8660254 0 0.5000001 0.5877855 0 0.8090168 0.5877853 0 0.8090171 0.2079114 0 0.9781478 0.2079116 0 0.9781477 0 -1 -3.57772e-7 0 -1 0 0 -1 3.57772e-7 0 -1 3.57772e-7 0 -1 -7.15545e-7 0.2588186 -0.965926 0 0.2588184 -0.9659261 0 0.7071073 -0.7071064 0 0.9659256 -0.2588199 0 0.9659257 -0.2588196 0 0.9659256 0.2588199 0 0.9659257 0.2588196 0 0.7071073 0.7071064 0 0.2588182 0.9659261 0 0.2588189 0.9659259 0 -0.2588182 0.9659261 0 -0.2588189 0.9659259 0 -0.7071064 0.7071072 0 -0.7071073 0.7071064 0 -0.9659261 0.2588182 0 -0.9659257 0.2588196 0 -0.9659256 -0.2588199 0 -0.9659261 -0.258818 0 -0.7071073 -0.7071064 0 -0.7071064 -0.7071072 0 -0.2588186 -0.965926 0 -0.2588184 -0.9659261 0 -2.24566e-6 0 -1 2.24566e-6 0 -1 2.24567e-6 0 -1 -2.24567e-6 0 -1 -4.49134e-6 0 1 5.61417e-7 0 1 -5.61417e-7 0 1 -2.24567e-6 0 1 4.49133e-6 0 1 -5.61416e-7 0 1 5.61416e-7 0 1 2.24567e-6 0 1 0.2588182 -0.9659261 0 0.2588189 -0.9659259 0 0.7071064 -0.7071072 0 0.9659261 -0.2588182 0 0.9659261 0.258818 0 0.7071064 0.7071072 0 0.2588186 0.965926 0 0.2588184 0.9659261 0 -0.2588186 0.965926 0 -0.2588184 0.9659261 0 -0.9659256 0.2588199 0 -0.9659257 -0.2588196 0 -0.2588182 -0.9659261 0 -0.2588189 -0.9659259 0 -4.49133e-6 0 1 4.49134e-6 0 1</float_array>
          <technique_common>
            <accessor source="#link_5_2-mesh-normals-array" count="3581" stride="3">
              <param name="X" type="float"/>
              <param name="Y" type="float"/>
              <param name="Z" type="float"/>
            </accessor>
          </technique_common>
        </source>
        <vertices id="link_5_2-mesh-vertices">
          <input semantic="POSITION" source="#link_5_2-mesh-positions"/>
        </vertices>
        <triangles material="m_1-material" count="4146">
          <input semantic="VERTEX" source="#link_5_2-mesh-vertices" offset="0"/>
          <input semantic="NORMAL" source="#link_5_2-mesh-normals" offset="1"/>
          <p>0 0 1 0 2 0 2 0 3 0 0 0 0 0 3 0 4 0 0 1 4 1 5 1 5 0 4 0 6 0 5 0 6 0 7 0 8 2 9 2 10 2 10 2 11 2 8 2 8 2 11 2 12 2 8 2 12 2 13 2 13 2 12 2 14 2 13 2 14 2 15 2 16 2 17 2 18 2 18 2 19 2 16 2 16 2 19 2 20 2 16 2 20 2 21 2 21 2 20 2 22 2 21 2 22 2 23 2 24 0 25 0 26 0 27 3 28 3 29 3 29 0 28 0 30 0 29 4 30 4 26 4 26 0 30 0 31 0 26 0 31 0 24 0 32 5 30 5 33 5 33 6 30 6 28 6 33 7 28 7 34 7 35 8 27 8 36 8 36 9 27 9 37 9 34 10 28 10 38 10 38 11 28 11 27 11 38 12 27 12 39 12 39 13 27 13 35 13 39 14 35 14 40 14 41 15 42 15 43 15 43 16 42 16 40 16 43 17 40 17 44 17 44 18 40 18 35 18 45 19 46 19 37 19 45 20 37 20 16 20 16 21 37 21 27 21 16 22 27 22 17 22 17 23 27 23 29 23 17 24 29 24 47 24 47 19 29 19 48 19 47 25 48 25 49 25 50 26 51 26 19 26 50 27 19 27 52 27 53 28 17 28 54 28 54 29 17 29 47 29 19 30 18 30 52 30 52 31 18 31 17 31 52 32 17 32 55 32 55 33 17 33 53 33 55 34 53 34 56 34 57 35 58 35 59 35 59 36 58 36 56 36 59 37 56 37 60 37 60 38 56 38 53 38 57 39 61 39 62 39 62 39 63 39 57 39 57 40 63 40 64 40 57 41 64 41 58 41 58 42 64 42 65 42 58 43 65 43 66 43 67 39 68 39 69 39 69 39 68 39 70 39 68 39 71 39 70 39 70 44 71 44 72 44 70 45 72 45 73 45 74 39 75 39 76 39 74 46 76 46 77 46 78 39 79 39 80 39 80 39 79 39 81 39 80 39 81 39 65 39 65 39 81 39 82 39 65 47 82 47 66 47 80 39 83 39 78 39 78 39 83 39 84 39 78 39 84 39 69 39 69 39 84 39 85 39 69 39 85 39 67 39 73 48 86 48 70 48 70 49 86 49 87 49 70 50 87 50 88 50 88 39 89 39 70 39 70 51 89 51 90 51 70 39 90 39 76 39 76 39 90 39 91 39 76 52 91 52 77 52 75 39 92 39 76 39 76 53 92 53 93 53 76 54 93 54 94 54 94 55 93 55 95 55 94 56 95 56 96 56 97 57 98 57 15 57 99 58 100 58 61 58 61 59 100 59 101 59 61 60 101 60 62 60 97 61 15 61 102 61 99 62 103 62 100 62 100 63 103 63 102 63 100 64 102 64 104 64 104 65 102 65 15 65 104 66 15 66 105 66 14 67 12 67 106 67 106 68 107 68 14 68 14 69 107 69 108 69 14 70 108 70 15 70 15 71 108 71 109 71 15 72 109 72 105 72 110 73 111 73 98 73 98 73 111 73 26 73 98 74 26 74 15 74 15 75 26 75 13 75 112 73 113 73 114 73 114 76 113 76 13 76 114 77 13 77 25 77 25 78 13 78 26 78 115 79 114 79 25 79 116 80 117 80 118 80 116 81 118 81 119 81 120 82 121 82 122 82 119 83 118 83 122 83 122 84 118 84 123 84 122 85 123 85 120 85 115 86 25 86 117 86 124 87 125 87 25 87 25 88 125 88 126 88 25 89 126 89 117 89 117 90 126 90 127 90 117 91 127 91 118 91 128 92 129 92 24 92 24 93 129 93 130 93 24 94 130 94 25 94 25 95 130 95 131 95 25 96 131 96 124 96 132 97 128 97 133 97 133 98 128 98 24 98 133 99 24 99 134 99 134 100 24 100 31 100 122 101 121 101 135 101 135 102 121 102 136 102 135 103 136 103 137 103 137 104 138 104 135 104 135 105 138 105 139 105 135 101 139 101 140 101 141 101 142 101 143 101 137 101 144 101 138 101 138 106 144 106 141 106 138 107 141 107 145 107 145 108 141 108 143 108 146 101 147 101 148 101 147 109 149 109 148 109 148 110 149 110 150 110 148 101 150 101 151 101 151 101 150 101 152 101 151 101 152 101 142 101 142 111 152 111 153 111 142 101 153 101 143 101 154 101 155 101 156 101 156 112 155 112 157 112 158 113 159 113 160 113 160 114 159 114 157 114 160 115 157 115 161 115 161 101 157 101 155 101 158 101 160 101 148 101 148 116 160 116 162 116 148 117 162 117 146 117 2 118 1 118 163 118 163 119 164 119 2 119 2 120 164 120 165 120 2 121 165 121 166 121 167 122 3 122 168 122 168 123 3 123 2 123 168 124 2 124 169 124 169 125 2 125 166 125 170 126 1 126 171 126 171 127 1 127 172 127 170 128 173 128 174 128 174 129 175 129 170 129 170 130 175 130 176 130 170 131 176 131 1 131 1 132 176 132 177 132 1 133 177 133 163 133 170 134 178 134 173 134 173 135 178 135 179 135 173 136 179 136 180 136 180 137 179 137 135 137 180 138 135 138 181 138 181 139 135 139 140 139 182 140 183 140 172 140 182 141 172 141 8 141 8 142 172 142 1 142 8 143 1 143 9 143 9 144 1 144 0 144 9 145 0 145 184 145 184 140 0 140 185 140 184 146 185 146 186 146 187 147 10 147 188 147 188 148 10 148 9 148 189 149 11 149 190 149 190 150 11 150 10 150 190 151 10 151 191 151 191 152 10 152 187 152 192 153 9 153 193 153 193 154 9 154 184 154 192 155 194 155 195 155 195 156 196 156 192 156 192 157 196 157 197 157 192 158 197 158 9 158 9 159 197 159 198 159 9 160 198 160 188 160 192 161 199 161 194 161 194 162 199 162 200 162 194 163 200 163 201 163 201 164 200 164 202 164 201 165 202 165 203 165 203 166 202 166 204 166 202 167 205 167 206 167 206 167 207 167 202 167 202 168 207 168 208 168 202 167 208 167 209 167 209 167 210 167 202 167 202 169 210 169 211 169 202 170 211 170 204 170 212 171 213 171 214 171 213 167 215 167 214 167 214 167 215 167 216 167 214 167 216 167 217 167 217 167 216 167 218 167 217 167 218 167 219 167 219 167 218 167 220 167 219 167 220 167 221 167 221 167 220 167 222 167 221 167 222 167 209 167 209 167 222 167 223 167 209 167 223 167 210 167 224 167 225 167 226 167 226 167 225 167 227 167 228 172 229 172 230 172 230 167 229 167 227 167 230 167 227 167 231 167 231 167 227 167 225 167 228 167 230 167 214 167 214 173 230 173 232 173 214 174 232 174 212 174 233 175 234 175 23 175 235 176 236 176 237 176 235 177 237 177 238 177 239 178 206 178 205 178 238 179 237 179 205 179 205 180 237 180 240 180 205 181 240 181 239 181 233 182 23 182 236 182 241 183 242 183 23 183 23 184 242 184 243 184 23 185 243 185 236 185 236 186 243 186 244 186 236 187 244 187 237 187 20 188 245 188 22 188 22 189 245 189 246 189 246 190 247 190 22 190 22 191 247 191 248 191 22 192 248 192 23 192 23 193 248 193 249 193 23 194 249 194 241 194 250 195 251 195 234 195 234 195 251 195 5 195 234 196 5 196 23 196 23 197 5 197 21 197 252 195 253 195 254 195 254 198 253 198 21 198 254 199 21 199 7 199 7 200 21 200 5 200 255 201 254 201 7 201 256 202 257 202 258 202 258 203 257 203 259 203 258 204 259 204 260 204 255 205 7 205 261 205 256 206 262 206 257 206 257 207 262 207 261 207 257 208 261 208 263 208 263 209 261 209 7 209 263 210 7 210 264 210 6 211 265 211 7 211 7 212 265 212 266 212 7 213 266 213 264 213 4 214 267 214 6 214 6 215 267 215 268 215 268 216 269 216 6 216 6 217 269 217 270 217 6 218 270 218 265 218 41 219 258 219 260 219 260 220 271 220 41 220 41 221 271 221 272 221 41 219 272 219 42 219 42 222 272 222 273 222 42 219 273 219 274 219 274 223 273 223 275 223 275 219 273 219 276 219 276 224 273 224 277 224 276 219 277 219 278 219 279 219 280 219 281 219 281 225 280 225 282 225 281 226 282 226 283 226 279 219 284 219 280 219 280 227 284 227 285 227 280 228 285 228 286 228 286 219 287 219 280 219 280 229 287 229 288 229 280 230 288 230 289 230 289 231 290 231 280 231 280 232 290 232 291 232 280 233 291 233 292 233 292 234 293 234 280 234 280 235 293 235 294 235 280 236 294 236 295 236 295 237 296 237 280 237 280 219 296 219 297 219 280 238 297 238 298 238 298 239 299 239 280 239 280 240 299 240 300 240 280 241 300 241 301 241 278 219 277 219 302 219 302 219 277 219 303 219 302 242 303 242 282 242 282 243 303 243 304 243 282 244 304 244 283 244 113 219 182 219 13 219 13 219 182 219 8 219 182 2 113 2 183 2 183 2 113 2 112 2 253 101 45 101 21 101 21 101 45 101 16 101 45 2 253 2 46 2 46 2 253 2 252 2 251 39 185 39 5 39 5 39 185 39 0 39 185 245 251 245 186 245 186 246 251 246 250 246 111 167 48 167 26 167 26 167 48 167 29 167 48 247 111 247 49 247 49 248 111 248 110 248 46 249 252 249 37 249 37 250 252 250 254 250 254 251 258 251 37 251 37 252 258 252 41 252 37 253 41 253 36 253 36 254 41 254 35 254 35 255 41 255 43 255 35 256 43 256 44 256 254 257 255 257 258 257 258 258 255 258 261 258 258 259 261 259 256 259 256 260 261 260 262 260 183 261 112 261 114 261 171 262 172 262 135 262 183 263 114 263 172 263 172 264 114 264 122 264 172 265 122 265 135 265 114 266 115 266 122 266 122 267 115 267 117 267 122 268 117 268 119 268 119 269 117 269 116 269 171 270 135 270 170 270 170 271 135 271 179 271 170 272 179 272 178 272 49 273 110 273 98 273 54 274 47 274 57 274 49 275 98 275 47 275 47 276 98 276 61 276 47 277 61 277 57 277 54 278 57 278 53 278 53 279 57 279 59 279 53 280 59 280 60 280 98 281 97 281 61 281 61 282 97 282 102 282 61 283 102 283 99 283 99 284 102 284 103 284 186 285 250 285 234 285 193 286 184 286 202 286 186 287 234 287 184 287 184 288 234 288 205 288 184 289 205 289 202 289 193 290 202 290 192 290 192 291 202 291 200 291 192 292 200 292 199 292 234 293 233 293 205 293 205 294 233 294 236 294 205 295 236 295 238 295 238 296 236 296 235 296 305 297 306 297 307 297 307 298 306 298 308 298 309 299 310 299 311 299 311 300 310 300 312 300 311 301 312 301 306 301 306 302 312 302 313 302 306 303 313 303 308 303 314 304 315 304 316 304 316 305 317 305 314 305 314 306 317 306 318 306 314 307 318 307 319 307 319 305 318 305 320 305 319 308 320 308 321 308 321 309 320 309 322 309 321 310 322 310 323 310 323 311 322 311 324 311 323 312 324 312 325 312 12 101 326 101 327 101 326 101 12 101 328 101 328 101 12 101 11 101 328 101 11 101 329 101 329 101 11 101 189 101 329 101 189 101 330 101 327 101 331 101 12 101 12 101 331 101 332 101 12 101 332 101 106 101 333 219 334 219 335 219 19 219 51 219 336 219 337 219 245 219 338 219 338 219 245 219 20 219 336 219 333 219 19 219 19 219 333 219 335 219 19 219 335 219 20 219 20 219 335 219 339 219 20 219 339 219 338 219 340 313 341 313 342 313 343 314 344 314 345 314 343 315 345 315 346 315 346 316 345 316 347 316 346 317 347 317 348 317 348 318 347 318 349 318 348 319 349 319 350 319 350 320 349 320 351 320 350 321 351 321 352 321 353 322 354 322 355 322 355 323 354 323 356 323 355 324 356 324 357 324 357 325 358 325 355 325 355 326 358 326 359 326 355 327 359 327 360 327 360 328 361 328 362 328 351 329 363 329 352 329 352 330 363 330 364 330 352 331 364 331 365 331 365 332 364 332 366 332 365 333 366 333 367 333 367 334 366 334 368 334 367 335 368 335 369 335 369 336 368 336 370 336 369 337 370 337 371 337 371 338 370 338 362 338 371 339 362 339 372 339 372 340 362 340 361 340 373 341 374 341 375 341 375 342 374 342 376 342 375 343 376 343 353 343 353 344 376 344 377 344 353 345 377 345 354 345 378 346 379 346 380 346 380 347 379 347 381 347 380 348 381 348 373 348 373 349 381 349 382 349 373 350 382 350 374 350 383 351 384 351 342 351 342 352 384 352 385 352 342 353 385 353 340 353 386 354 387 354 388 354 388 355 387 355 389 355 388 356 389 356 383 356 383 357 389 357 390 357 383 358 390 358 384 358 391 359 392 359 393 359 393 360 392 360 394 360 395 361 396 361 397 361 397 362 396 362 398 362 398 363 399 363 397 363 397 364 399 364 400 364 397 365 400 365 386 365 386 366 400 366 401 366 386 367 401 367 387 367 394 368 392 368 402 368 402 369 392 369 403 369 402 370 403 370 404 370 404 371 403 371 405 371 404 372 405 372 406 372 406 373 405 373 407 373 406 374 407 374 408 374 407 375 409 375 408 375 408 376 409 376 410 376 408 377 410 377 411 377 411 378 410 378 412 378 411 379 412 379 413 379 413 380 412 380 414 380 413 381 414 381 415 381 415 382 414 382 416 382 415 383 416 383 417 383 417 384 416 384 418 384 417 385 418 385 419 385 360 386 362 386 355 386 355 387 362 387 420 387 355 388 420 388 421 388 420 389 422 389 421 389 421 390 422 390 423 390 421 391 423 391 424 391 425 392 426 392 427 392 427 393 426 393 424 393 427 394 424 394 428 394 428 395 424 395 423 395 425 396 429 396 426 396 426 397 429 397 430 397 426 398 430 398 431 398 430 399 432 399 431 399 431 400 432 400 433 400 431 401 433 401 434 401 433 402 435 402 434 402 434 403 435 403 436 403 434 404 436 404 437 404 391 405 395 405 392 405 392 406 395 406 397 406 392 407 397 407 438 407 438 408 397 408 437 408 438 409 437 409 439 409 439 410 437 410 436 410 440 39 441 39 442 39 442 411 441 411 443 411 444 412 445 412 446 412 446 39 445 39 447 39 446 39 447 39 448 39 448 39 447 39 449 39 448 413 449 413 450 413 450 414 449 414 451 414 450 39 451 39 452 39 452 415 451 415 453 415 452 39 453 39 454 39 454 39 453 39 455 39 454 39 455 39 443 39 456 416 457 416 458 416 458 417 457 417 459 417 455 39 460 39 443 39 443 418 460 418 461 418 443 39 461 39 442 39 442 419 461 419 462 419 442 420 462 420 463 420 442 39 458 39 440 39 440 421 458 421 459 421 440 39 459 39 464 39 464 422 459 422 465 422 464 39 465 39 466 39 466 39 465 39 467 39 466 39 467 39 468 39 468 39 467 39 469 39 468 423 469 423 470 423 470 39 469 39 471 39 470 424 471 424 472 424 472 39 471 39 473 39 472 425 473 425 474 425 474 39 473 39 475 39 474 426 475 426 444 426 444 427 475 427 476 427 444 39 476 39 445 39 477 428 478 428 479 428 479 429 478 429 480 429 479 430 480 430 481 430 482 431 483 431 484 431 484 432 483 432 485 432 484 433 485 433 480 433 480 434 485 434 486 434 480 435 486 435 481 435 487 436 488 436 489 436 457 437 456 437 487 437 488 438 490 438 489 438 489 439 490 439 491 439 489 440 491 440 492 440 492 441 491 441 493 441 492 442 493 442 477 442 477 443 493 443 494 443 477 444 494 444 478 444 487 445 489 445 457 445 457 446 489 446 495 446 457 447 495 447 459 447 495 448 496 448 459 448 459 449 496 449 497 449 459 450 497 450 465 450 498 451 467 451 499 451 499 452 467 452 465 452 499 453 465 453 500 453 500 454 465 454 497 454 501 455 463 455 462 455 501 456 462 456 502 456 503 457 504 457 505 457 506 458 507 458 508 458 508 459 507 459 509 459 508 460 509 460 505 460 505 461 509 461 510 461 505 462 510 462 503 462 506 463 508 463 511 463 511 464 508 464 512 464 511 465 512 465 513 465 513 466 512 466 514 466 513 467 514 467 515 467 515 468 514 468 516 468 515 469 516 469 517 469 517 470 516 470 518 470 517 471 518 471 519 471 519 472 502 472 517 472 517 473 502 473 462 473 517 474 462 474 520 474 520 475 462 475 461 475 520 476 461 476 521 476 521 477 461 477 522 477 522 478 461 478 460 478 522 479 460 479 523 479 523 480 460 480 524 480 524 481 460 481 455 481 524 482 455 482 525 482 419 483 418 483 526 483 526 484 418 484 527 484 528 485 529 485 530 485 530 486 531 486 528 486 528 487 531 487 532 487 528 488 532 488 527 488 527 489 532 489 533 489 527 490 533 490 526 490 534 491 342 491 341 491 341 492 535 492 534 492 534 493 535 493 536 493 534 494 536 494 529 494 529 495 536 495 537 495 529 496 537 496 530 496 378 497 380 497 538 497 538 498 380 498 539 498 540 499 541 499 542 499 542 500 543 500 540 500 540 501 543 501 544 501 540 502 544 502 539 502 539 503 544 503 545 503 539 504 545 504 538 504 546 505 345 505 344 505 344 506 547 506 546 506 546 507 547 507 548 507 546 508 548 508 541 508 541 509 548 509 549 509 541 510 549 510 542 510 550 511 551 511 552 511 552 2 553 2 550 2 550 2 553 2 554 2 550 2 554 2 555 2 458 2 442 2 556 2 556 512 442 512 557 512 556 2 557 2 558 2 558 513 557 513 552 513 558 514 552 514 559 514 559 515 552 515 551 515 559 2 551 2 560 2 560 2 551 2 561 2 562 101 563 101 528 101 528 516 563 516 564 516 528 517 564 517 565 517 565 518 566 518 528 518 528 519 566 519 567 519 528 520 567 520 529 520 529 521 567 521 568 521 529 101 568 101 569 101 564 101 570 101 565 101 565 522 570 522 571 522 565 101 571 101 572 101 572 523 571 523 573 523 572 101 573 101 574 101 574 524 573 524 575 524 576 101 577 101 575 101 575 525 577 525 578 525 575 101 578 101 574 101 579 526 580 526 581 526 576 101 575 101 581 101 581 101 575 101 582 101 581 101 582 101 579 101 540 219 583 219 584 219 585 219 586 219 540 219 540 527 586 527 587 527 540 219 587 219 541 219 541 528 587 528 588 528 541 219 588 219 589 219 584 219 590 219 540 219 540 529 590 529 591 529 540 219 591 219 585 219 585 530 591 530 592 530 585 219 592 219 593 219 593 219 592 219 594 219 593 219 594 219 595 219 595 531 594 531 596 531 597 219 598 219 596 219 596 532 598 532 599 532 596 219 599 219 595 219 600 533 601 533 602 533 597 219 596 219 602 219 602 219 596 219 603 219 602 219 603 219 600 219 604 167 335 167 334 167 605 167 606 167 607 167 607 534 606 534 327 534 607 167 327 167 326 167 608 167 609 167 550 167 604 167 334 167 610 167 550 167 609 167 551 167 611 167 386 167 612 167 612 167 386 167 388 167 612 535 388 535 613 535 540 167 539 167 614 167 614 536 539 536 380 536 614 167 380 167 615 167 615 167 380 167 373 167 615 167 373 167 616 167 617 167 424 167 618 167 618 537 424 537 426 537 618 167 426 167 619 167 373 538 375 538 616 538 616 167 375 167 353 167 616 167 353 167 620 167 620 539 353 539 355 539 620 540 355 540 617 540 617 541 355 541 421 541 617 167 421 167 424 167 334 167 621 167 610 167 610 167 621 167 622 167 610 167 622 167 550 167 550 167 622 167 623 167 550 167 623 167 608 167 608 542 623 542 624 542 608 167 624 167 614 167 614 543 624 543 583 543 614 167 583 167 540 167 534 544 625 544 342 544 342 167 625 167 613 167 342 167 613 167 383 167 383 167 613 167 388 167 534 167 529 167 625 167 625 167 529 167 569 167 625 167 569 167 626 167 626 545 569 545 627 545 626 546 627 546 311 546 426 167 431 167 619 167 619 547 431 547 434 547 619 167 434 167 628 167 628 167 434 167 437 167 628 167 437 167 611 167 611 548 437 548 397 548 611 549 397 549 386 549 609 167 626 167 551 167 551 167 626 167 311 167 551 167 311 167 605 167 605 167 311 167 306 167 605 167 306 167 606 167 525 219 455 219 629 219 629 219 455 219 453 219 630 101 469 101 498 101 498 101 469 101 467 101 630 550 631 550 469 550 469 551 631 551 471 551 632 552 473 552 633 552 633 553 473 553 471 553 633 554 471 554 634 554 634 555 471 555 631 555 632 556 635 556 473 556 473 557 635 557 636 557 473 558 636 558 475 558 637 559 476 559 638 559 638 560 476 560 475 560 638 561 475 561 639 561 639 562 475 562 636 562 637 563 640 563 476 563 476 564 640 564 641 564 476 565 641 565 445 565 642 566 447 566 643 566 643 567 447 567 445 567 643 568 445 568 644 568 644 569 445 569 641 569 642 570 645 570 447 570 447 571 645 571 646 571 447 572 646 572 449 572 646 573 647 573 449 573 449 574 647 574 648 574 449 575 648 575 451 575 629 576 453 576 649 576 649 577 453 577 451 577 649 578 451 578 650 578 650 579 451 579 648 579 651 580 622 580 652 580 652 581 622 581 653 581 651 582 654 582 622 582 622 583 654 583 655 583 622 584 655 584 623 584 623 585 655 585 656 585 623 586 656 586 657 586 658 587 659 587 660 587 660 587 659 587 661 587 660 588 661 588 662 588 662 589 661 589 663 589 662 590 663 590 664 590 664 591 663 591 665 591 664 592 665 592 666 592 666 593 665 593 667 593 666 594 667 594 668 594 668 595 667 595 669 595 668 596 669 596 670 596 671 597 359 597 358 597 377 598 672 598 354 598 354 599 672 599 356 599 377 600 376 600 672 600 672 601 376 601 374 601 672 602 374 602 382 602 358 603 357 603 671 603 671 604 357 604 356 604 671 605 356 605 379 605 379 606 356 606 672 606 379 607 672 607 381 607 381 608 672 608 382 608 379 609 378 609 671 609 671 610 378 610 538 610 671 611 538 611 359 611 359 612 538 612 545 612 359 613 545 613 360 613 360 614 545 614 544 614 360 615 544 615 361 615 544 616 543 616 361 616 361 617 543 617 542 617 361 618 542 618 549 618 549 619 548 619 361 619 361 620 548 620 547 620 361 621 547 621 673 621 369 622 371 622 673 622 673 623 371 623 372 623 673 624 372 624 361 624 343 625 346 625 674 625 674 626 346 626 348 626 674 627 348 627 350 627 547 628 344 628 673 628 673 629 344 629 343 629 673 630 343 630 369 630 369 631 343 631 674 631 369 632 674 632 367 632 350 633 352 633 674 633 674 634 352 634 365 634 674 635 365 635 367 635 675 636 391 636 393 636 406 637 676 637 404 637 404 638 676 638 402 638 406 639 408 639 676 639 676 640 408 640 411 640 676 641 411 641 413 641 393 642 394 642 675 642 675 643 394 643 402 643 675 644 402 644 417 644 417 645 402 645 676 645 417 646 676 646 415 646 415 647 676 647 413 647 417 648 419 648 675 648 675 649 419 649 526 649 675 650 526 650 391 650 391 651 526 651 533 651 391 652 533 652 395 652 395 653 533 653 532 653 395 654 532 654 396 654 532 655 531 655 396 655 396 656 531 656 530 656 396 657 530 657 537 657 537 658 536 658 396 658 396 659 536 659 535 659 396 660 535 660 677 660 400 661 399 661 677 661 677 662 399 662 398 662 677 663 398 663 396 663 340 664 385 664 678 664 678 665 385 665 384 665 678 666 384 666 390 666 535 667 341 667 677 667 677 668 341 668 340 668 677 669 340 669 400 669 400 670 340 670 678 670 400 671 678 671 401 671 390 672 389 672 678 672 678 673 389 673 387 673 678 674 387 674 401 674 305 675 307 675 679 675 668 676 670 676 680 676 680 677 670 677 681 677 682 678 332 678 683 678 683 679 332 679 680 679 683 680 680 680 684 680 684 681 680 681 681 681 668 682 680 682 666 682 666 683 680 683 685 683 666 684 685 684 664 684 664 685 685 685 662 685 662 686 685 686 686 686 662 687 686 687 660 687 660 688 686 688 658 688 658 689 686 689 687 689 658 690 687 690 688 690 689 691 690 691 691 691 691 692 690 692 692 692 691 693 692 693 687 693 687 694 692 694 693 694 687 695 693 695 688 695 694 696 691 696 695 696 695 101 691 101 696 101 695 697 696 697 697 697 694 698 698 698 691 698 691 699 698 699 699 699 691 700 699 700 700 700 700 701 701 701 691 701 691 702 701 702 702 702 691 703 702 703 689 703 703 704 704 704 310 704 310 705 309 705 703 705 703 706 309 706 705 706 703 707 705 707 696 707 696 708 705 708 706 708 696 709 706 709 697 709 679 710 307 710 707 710 307 711 308 711 707 711 707 712 308 712 313 712 707 713 313 713 704 713 704 714 313 714 312 714 704 715 312 715 310 715 331 716 708 716 679 716 679 717 708 717 709 717 679 718 709 718 305 718 325 719 324 719 710 719 711 720 333 720 712 720 712 721 333 721 713 721 712 722 713 722 653 722 653 723 713 723 652 723 652 724 713 724 651 724 651 725 713 725 714 725 651 726 714 726 654 726 654 727 714 727 655 727 655 728 714 728 715 728 655 729 715 729 656 729 656 730 715 730 657 730 657 731 715 731 716 731 657 732 716 732 717 732 718 733 719 733 720 733 720 734 719 734 721 734 720 735 721 735 716 735 716 736 721 736 722 736 716 737 722 737 717 737 723 738 720 738 724 738 724 219 720 219 725 219 724 739 725 739 726 739 723 740 727 740 720 740 720 741 727 741 728 741 720 742 728 742 729 742 729 743 730 743 720 743 720 744 730 744 731 744 720 745 731 745 718 745 732 746 733 746 317 746 317 747 316 747 732 747 732 748 316 748 734 748 732 749 734 749 725 749 725 750 734 750 735 750 725 751 735 751 726 751 710 752 324 752 736 752 324 753 322 753 736 753 736 754 322 754 320 754 736 755 320 755 733 755 733 756 320 756 318 756 733 757 318 757 317 757 336 758 737 758 710 758 710 759 737 759 738 759 710 760 738 760 739 760 739 761 740 761 710 761 710 762 740 762 741 762 710 763 741 763 325 763 742 764 743 764 744 764 745 765 746 765 747 765 747 766 746 766 748 766 748 767 749 767 747 767 747 768 749 768 337 768 747 769 337 769 338 769 505 770 504 770 750 770 750 771 504 771 751 771 750 772 751 772 747 772 747 773 751 773 752 773 747 774 752 774 745 774 505 775 750 775 508 775 508 776 750 776 753 776 508 777 753 777 512 777 512 778 753 778 514 778 514 779 753 779 754 779 514 780 754 780 516 780 501 781 502 781 755 781 755 782 502 782 519 782 755 783 519 783 754 783 754 784 519 784 518 784 754 785 518 785 516 785 463 786 501 786 442 786 442 787 501 787 755 787 442 788 755 788 557 788 557 789 755 789 756 789 557 790 756 790 552 790 552 791 756 791 757 791 552 792 757 792 553 792 553 793 757 793 758 793 553 794 758 794 554 794 554 795 758 795 759 795 554 796 759 796 555 796 555 797 759 797 760 797 744 798 743 798 759 798 759 799 743 799 761 799 759 800 761 800 760 800 339 801 762 801 744 801 744 802 762 802 763 802 744 803 763 803 742 803 764 804 765 804 766 804 766 805 765 805 767 805 766 806 767 806 328 806 561 807 768 807 769 807 769 808 768 808 770 808 769 809 770 809 766 809 766 810 770 810 771 810 766 811 771 811 764 811 772 812 458 812 773 812 773 813 458 813 556 813 773 814 556 814 774 814 774 815 556 815 558 815 774 816 558 816 775 816 775 817 558 817 559 817 775 818 559 818 769 818 769 819 559 819 560 819 769 820 560 820 561 820 493 821 491 821 776 821 776 822 491 822 490 822 776 823 490 823 772 823 772 824 490 824 488 824 772 825 488 825 458 825 458 826 488 826 487 826 458 827 487 827 456 827 777 828 778 828 484 828 484 829 480 829 777 829 777 830 480 830 478 830 777 831 478 831 776 831 776 832 478 832 494 832 776 833 494 833 493 833 779 834 780 834 778 834 778 835 780 835 482 835 778 836 482 836 484 836 781 837 782 837 779 837 779 838 782 838 783 838 779 839 783 839 780 839 779 840 329 840 330 840 781 841 779 841 784 841 784 842 779 842 330 842 784 843 330 843 785 843 315 844 786 844 316 844 316 845 786 845 787 845 589 846 588 846 788 846 788 847 588 847 787 847 788 848 787 848 789 848 789 849 787 849 786 849 790 850 731 850 730 850 787 851 588 851 587 851 316 852 787 852 791 852 316 853 791 853 734 853 734 854 791 854 792 854 734 855 792 855 735 855 735 856 792 856 793 856 735 857 793 857 726 857 793 858 794 858 726 858 726 859 794 859 795 859 726 860 795 860 724 860 724 861 795 861 796 861 724 862 796 862 723 862 723 863 796 863 797 863 723 864 797 864 727 864 727 865 797 865 798 865 727 866 798 866 728 866 728 867 798 867 799 867 728 868 799 868 729 868 729 869 799 869 800 869 729 870 800 870 730 870 730 871 800 871 801 871 730 872 801 872 790 872 790 873 802 873 731 873 731 874 802 874 803 874 731 875 803 875 718 875 718 876 803 876 804 876 718 877 804 877 719 877 719 878 804 878 805 878 719 879 805 879 721 879 787 880 587 880 791 880 791 881 587 881 586 881 791 882 586 882 792 882 792 883 586 883 585 883 792 884 585 884 793 884 793 885 585 885 593 885 793 886 593 886 794 886 794 887 593 887 595 887 794 888 595 888 795 888 795 889 595 889 599 889 795 890 599 890 796 890 796 891 599 891 598 891 796 892 598 892 797 892 797 893 598 893 597 893 797 894 597 894 798 894 798 895 597 895 602 895 798 896 602 896 799 896 799 897 602 897 601 897 799 898 601 898 800 898 800 899 601 899 600 899 800 900 600 900 801 900 801 901 600 901 603 901 801 902 603 902 790 902 790 903 603 903 596 903 790 904 596 904 802 904 802 905 596 905 594 905 802 906 594 906 803 906 803 907 594 907 592 907 803 908 592 908 804 908 804 909 592 909 591 909 804 910 591 910 805 910 805 911 591 911 590 911 805 912 590 912 806 912 806 913 590 913 584 913 806 914 584 914 807 914 721 915 805 915 722 915 722 916 805 916 806 916 722 917 806 917 717 917 717 918 806 918 807 918 717 919 807 919 657 919 623 920 657 920 624 920 624 920 657 920 807 920 624 921 807 921 583 921 583 922 807 922 584 922 309 923 311 923 808 923 808 923 311 923 627 923 808 924 627 924 568 924 568 925 627 925 569 925 809 926 702 926 701 926 808 927 568 927 567 927 309 928 808 928 810 928 309 929 810 929 705 929 705 930 810 930 811 930 705 931 811 931 706 931 706 932 811 932 812 932 706 933 812 933 697 933 812 934 813 934 697 934 697 935 813 935 814 935 697 936 814 936 695 936 695 937 814 937 815 937 695 938 815 938 694 938 694 939 815 939 816 939 694 940 816 940 698 940 698 941 816 941 817 941 698 942 817 942 699 942 699 943 817 943 818 943 699 944 818 944 700 944 700 945 818 945 819 945 700 946 819 946 701 946 701 947 819 947 820 947 701 948 820 948 809 948 809 949 821 949 702 949 702 950 821 950 822 950 702 951 822 951 689 951 689 952 822 952 823 952 689 953 823 953 690 953 690 954 823 954 824 954 690 955 824 955 692 955 808 956 567 956 810 956 810 957 567 957 566 957 810 958 566 958 811 958 811 959 566 959 565 959 811 960 565 960 812 960 812 961 565 961 572 961 812 962 572 962 813 962 813 963 572 963 574 963 813 964 574 964 814 964 814 965 574 965 578 965 814 966 578 966 815 966 815 967 578 967 577 967 815 968 577 968 816 968 816 969 577 969 576 969 816 970 576 970 817 970 817 971 576 971 581 971 817 972 581 972 818 972 818 973 581 973 580 973 818 974 580 974 819 974 819 975 580 975 579 975 819 976 579 976 820 976 820 977 579 977 582 977 820 978 582 978 809 978 809 979 582 979 575 979 809 980 575 980 821 980 821 981 575 981 573 981 821 982 573 982 822 982 822 983 573 983 571 983 822 984 571 984 823 984 823 985 571 985 570 985 823 986 570 986 824 986 824 987 570 987 564 987 824 988 564 988 825 988 825 989 564 989 563 989 825 990 563 990 826 990 692 991 824 991 693 991 693 992 824 992 825 992 693 993 825 993 688 993 688 994 825 994 826 994 688 995 826 995 658 995 659 996 658 996 827 996 827 997 658 997 826 997 827 998 826 998 828 998 828 999 826 999 829 999 829 1000 826 1000 563 1000 829 1001 563 1001 562 1001 330 1002 189 1002 785 1002 785 1003 189 1003 784 1003 203 1004 830 1004 831 1004 782 1005 832 1005 783 1005 781 1006 784 1006 833 1006 784 1007 189 1007 190 1007 784 1008 190 1008 833 1008 833 1009 190 1009 191 1009 833 1010 191 1010 834 1010 834 1011 191 1011 187 1011 834 1012 187 1012 835 1012 187 1013 188 1013 835 1013 835 1014 188 1014 198 1014 835 1015 198 1015 836 1015 836 1016 198 1016 197 1016 836 1017 197 1017 837 1017 197 1018 196 1018 837 1018 837 1019 196 1019 195 1019 837 1020 195 1020 838 1020 838 1021 195 1021 194 1021 838 1022 194 1022 831 1022 831 1023 194 1023 201 1023 831 1024 201 1024 203 1024 203 1025 204 1025 830 1025 830 1026 204 1026 839 1026 830 1027 839 1027 840 1027 781 1028 833 1028 782 1028 782 1029 833 1029 834 1029 782 1030 834 1030 832 1030 832 1031 834 1031 835 1031 832 1032 835 1032 841 1032 841 1033 835 1033 836 1033 841 1034 836 1034 842 1034 842 1035 836 1035 837 1035 842 1036 837 1036 843 1036 843 1037 837 1037 838 1037 843 1038 838 1038 844 1038 844 1039 838 1039 831 1039 844 1040 831 1040 845 1040 845 1041 831 1041 830 1041 845 1042 830 1042 846 1042 846 1043 830 1043 840 1043 846 1044 840 1044 847 1044 783 1045 832 1045 780 1045 780 1046 832 1046 841 1046 780 1047 841 1047 482 1047 482 1048 841 1048 842 1048 482 1049 842 1049 483 1049 483 1050 842 1050 843 1050 483 1051 843 1051 485 1051 485 1052 843 1052 844 1052 485 1053 844 1053 486 1053 486 1054 844 1054 845 1054 486 1055 845 1055 481 1055 481 1056 845 1056 846 1056 481 1057 846 1057 479 1057 479 1058 846 1058 847 1058 479 1059 847 1059 477 1059 848 1060 849 1060 850 1060 851 1061 839 1061 204 1061 204 1062 211 1062 851 1062 851 1063 211 1063 210 1063 851 1064 210 1064 852 1064 852 1065 210 1065 223 1065 852 1066 223 1066 853 1066 853 1067 223 1067 222 1067 853 1068 222 1068 854 1068 854 1069 222 1069 220 1069 854 1070 220 1070 855 1070 856 1071 840 1071 839 1071 220 1072 218 1072 855 1072 855 1073 218 1073 857 1073 855 1074 857 1074 858 1074 839 1075 851 1075 856 1075 856 1076 851 1076 852 1076 856 1077 852 1077 859 1077 859 1078 852 1078 853 1078 859 1079 853 1079 860 1079 860 1080 853 1080 854 1080 860 1081 854 1081 861 1081 861 1082 854 1082 855 1082 861 1083 855 1083 862 1083 862 1084 855 1084 858 1084 862 1085 858 1085 863 1085 864 1086 847 1086 840 1086 840 1087 856 1087 864 1087 864 1088 856 1088 859 1088 864 1089 859 1089 865 1089 865 1090 859 1090 860 1090 865 1091 860 1091 866 1091 866 1092 860 1092 861 1092 866 1093 861 1093 867 1093 867 1094 861 1094 862 1094 867 1095 862 1095 850 1095 850 1096 862 1096 863 1096 850 1097 863 1097 848 1097 477 1098 847 1098 492 1098 492 1099 847 1099 864 1099 492 1100 864 1100 489 1100 489 1101 864 1101 865 1101 489 1102 865 1102 495 1102 495 1103 865 1103 866 1103 495 1104 866 1104 496 1104 496 1105 866 1105 867 1105 496 1106 867 1106 497 1106 497 1107 867 1107 500 1107 500 1108 867 1108 850 1108 500 1109 850 1109 499 1109 499 1110 850 1110 849 1110 499 1111 849 1111 498 1111 218 1112 216 1112 857 1112 857 1112 216 1112 868 1112 857 1113 868 1113 858 1113 858 1114 868 1114 869 1114 858 1115 869 1115 863 1115 863 1116 869 1116 870 1116 863 1117 870 1117 848 1117 848 1118 870 1118 871 1118 848 1119 871 1119 849 1119 849 1120 871 1120 872 1120 849 1121 872 1121 498 1121 498 1122 872 1122 630 1122 873 1123 874 1123 875 1123 876 1124 631 1124 630 1124 874 1125 629 1125 649 1125 874 1126 649 1126 875 1126 875 1127 649 1127 650 1127 875 1128 650 1128 877 1128 650 1129 648 1129 877 1129 877 1130 648 1130 647 1130 877 1131 647 1131 878 1131 647 1132 646 1132 878 1132 878 1133 646 1133 645 1133 878 1134 645 1134 879 1134 879 1135 645 1135 642 1135 879 1136 642 1136 880 1136 642 1137 643 1137 880 1137 880 1138 643 1138 644 1138 880 1139 644 1139 881 1139 644 1140 641 1140 881 1140 881 1141 641 1141 640 1141 881 1142 640 1142 882 1142 882 1143 640 1143 637 1143 882 1144 637 1144 883 1144 883 1145 637 1145 638 1145 883 1146 638 1146 884 1146 884 1147 638 1147 639 1147 639 1148 636 1148 884 1148 884 1149 636 1149 635 1149 884 1150 635 1150 885 1150 885 1151 635 1151 632 1151 885 1152 632 1152 886 1152 886 1153 632 1153 633 1153 886 1154 633 1154 876 1154 876 1155 633 1155 634 1155 876 1156 634 1156 631 1156 887 1157 888 1157 889 1157 889 1158 888 1158 873 1158 873 1159 875 1159 889 1159 889 1160 875 1160 877 1160 889 1161 877 1161 890 1161 890 1162 877 1162 878 1162 890 1163 878 1163 891 1163 891 1164 878 1164 879 1164 891 1165 879 1165 892 1165 892 1166 879 1166 880 1166 892 1167 880 1167 893 1167 893 1168 880 1168 881 1168 893 1169 881 1169 894 1169 894 1170 881 1170 882 1170 894 1171 882 1171 895 1171 895 1172 882 1172 883 1172 895 1173 883 1173 896 1173 896 1174 883 1174 884 1174 896 1175 884 1175 897 1175 897 1176 884 1176 885 1176 897 1177 885 1177 898 1177 898 1178 885 1178 886 1178 898 1179 886 1179 899 1179 899 1180 886 1180 876 1180 899 1181 876 1181 900 1181 214 1182 901 1182 902 1182 902 1183 901 1183 887 1183 630 1184 872 1184 876 1184 876 1185 872 1185 871 1185 876 1186 871 1186 900 1186 900 1187 871 1187 870 1187 900 1188 870 1188 869 1188 887 1189 889 1189 902 1189 902 1190 889 1190 890 1190 902 1191 890 1191 903 1191 903 1192 890 1192 891 1192 903 1193 891 1193 904 1193 904 1194 891 1194 892 1194 904 1195 892 1195 905 1195 905 1196 892 1196 893 1196 905 1197 893 1197 906 1197 906 1198 893 1198 894 1198 906 1199 894 1199 907 1199 907 1200 894 1200 895 1200 907 1201 895 1201 908 1201 908 1202 895 1202 896 1202 908 1203 896 1203 909 1203 909 1204 896 1204 897 1204 909 1205 897 1205 910 1205 910 1206 897 1206 898 1206 910 1207 898 1207 911 1207 911 1208 898 1208 899 1208 911 1209 899 1209 912 1209 912 1210 899 1210 900 1210 912 1211 900 1211 913 1211 913 1212 900 1212 869 1212 913 1213 869 1213 868 1213 214 1214 902 1214 228 1214 228 1215 902 1215 903 1215 228 1216 903 1216 229 1216 229 1217 903 1217 904 1217 229 1218 904 1218 227 1218 227 1219 904 1219 905 1219 227 1220 905 1220 226 1220 226 1221 905 1221 906 1221 226 1222 906 1222 224 1222 224 1223 906 1223 907 1223 224 1224 907 1224 225 1224 225 1225 907 1225 908 1225 225 1226 908 1226 231 1226 231 1227 908 1227 909 1227 231 1228 909 1228 230 1228 230 1229 909 1229 910 1229 230 1230 910 1230 232 1230 232 1231 910 1231 911 1231 232 1232 911 1232 212 1232 212 1233 911 1233 912 1233 212 1234 912 1234 213 1234 213 1235 912 1235 913 1235 213 1236 913 1236 215 1236 215 1237 913 1237 868 1237 215 1238 868 1238 216 1238 214 1239 217 1239 901 1239 901 1239 217 1239 914 1239 901 1240 914 1240 887 1240 887 1241 914 1241 915 1241 887 1242 915 1242 888 1242 888 1243 915 1243 916 1243 888 1244 916 1244 873 1244 873 1245 916 1245 917 1245 873 1246 917 1246 874 1246 874 1247 917 1247 918 1247 874 1248 918 1248 629 1248 629 1249 918 1249 525 1249 207 1250 206 1250 919 1250 217 1251 219 1251 914 1251 914 1252 219 1252 920 1252 525 1253 918 1253 921 1253 921 1254 918 1254 917 1254 921 1255 917 1255 922 1255 922 1256 917 1256 916 1256 922 1257 916 1257 920 1257 920 1258 916 1258 915 1258 920 1259 915 1259 914 1259 221 1260 209 1260 923 1260 923 1261 209 1261 924 1261 923 1262 924 1262 925 1262 925 1263 924 1263 926 1263 925 1264 926 1264 927 1264 927 1265 926 1265 928 1265 209 1266 208 1266 924 1266 924 1267 208 1267 929 1267 924 1268 929 1268 926 1268 926 1269 929 1269 930 1269 926 1270 930 1270 928 1270 928 1271 930 1271 931 1271 208 1272 207 1272 929 1272 929 1273 207 1273 932 1273 929 1274 932 1274 930 1274 930 1275 932 1275 933 1275 930 1276 933 1276 931 1276 931 1277 933 1277 934 1277 522 1278 523 1278 921 1278 921 1279 523 1279 524 1279 921 1280 524 1280 525 1280 219 1281 221 1281 920 1281 920 1282 221 1282 923 1282 920 1283 923 1283 922 1283 922 1284 923 1284 925 1284 922 1285 925 1285 921 1285 921 1286 925 1286 927 1286 921 1287 927 1287 522 1287 522 1288 927 1288 928 1288 522 1289 928 1289 521 1289 521 1290 928 1290 931 1290 521 1291 931 1291 520 1291 934 1292 515 1292 931 1292 931 1293 515 1293 517 1293 931 1294 517 1294 520 1294 207 1295 919 1295 932 1295 932 1296 919 1296 935 1296 932 1297 935 1297 933 1297 933 1298 935 1298 936 1298 933 1299 936 1299 934 1299 934 1300 936 1300 513 1300 934 1301 513 1301 515 1301 935 1302 919 1302 937 1302 504 1303 938 1303 939 1303 938 1304 504 1304 940 1304 745 1305 752 1305 939 1305 939 1306 752 1306 751 1306 939 1307 751 1307 504 1307 941 1308 748 1308 746 1308 245 1309 748 1309 246 1309 246 1310 748 1310 941 1310 246 1311 941 1311 942 1311 919 1312 206 1312 239 1312 919 1313 239 1313 937 1313 937 1314 239 1314 240 1314 937 1315 240 1315 943 1315 943 1316 240 1316 237 1316 943 1317 237 1317 944 1317 944 1318 237 1318 244 1318 944 1319 244 1319 945 1319 945 1320 244 1320 243 1320 945 1321 243 1321 946 1321 946 1322 243 1322 242 1322 946 1323 242 1323 947 1323 504 1324 503 1324 940 1324 940 1325 503 1325 510 1325 940 1326 510 1326 948 1326 948 1327 510 1327 509 1327 948 1328 509 1328 949 1328 949 1329 509 1329 507 1329 949 1330 507 1330 950 1330 950 1331 507 1331 506 1331 950 1332 506 1332 951 1332 951 1333 506 1333 511 1333 951 1334 511 1334 952 1334 952 1335 511 1335 513 1335 952 1336 513 1336 936 1336 746 1337 745 1337 941 1337 941 1338 745 1338 939 1338 941 1339 939 1339 942 1339 942 1340 939 1340 938 1340 942 1341 938 1341 953 1341 953 1342 938 1342 940 1342 953 1343 940 1343 947 1343 947 1344 940 1344 948 1344 947 1345 948 1345 946 1345 946 1346 948 1346 949 1346 946 1347 949 1347 945 1347 945 1348 949 1348 950 1348 945 1349 950 1349 944 1349 944 1350 950 1350 951 1350 944 1351 951 1351 943 1351 943 1352 951 1352 952 1352 943 1353 952 1353 937 1353 937 1354 952 1354 936 1354 937 1355 936 1355 935 1355 242 1356 241 1356 947 1356 947 1357 241 1357 249 1357 947 1358 249 1358 953 1358 953 1359 249 1359 248 1359 953 1360 248 1360 942 1360 942 1361 248 1361 247 1361 942 1362 247 1362 246 1362 748 1363 245 1363 749 1363 749 1364 245 1364 337 1364 336 1364 51 1364 737 1364 737 1365 51 1365 954 1365 737 1366 954 1366 738 1366 741 1367 740 1367 955 1367 954 1368 956 1368 738 1368 738 1369 956 1369 739 1369 741 1370 955 1370 325 1370 954 1371 51 1371 50 1371 954 1372 50 1372 956 1372 956 1373 50 1373 52 1373 956 1374 52 1374 957 1374 957 1375 52 1375 55 1375 957 1376 55 1376 958 1376 958 1377 55 1377 56 1377 958 1378 56 1378 959 1378 959 1379 56 1379 58 1379 959 1380 58 1380 960 1380 739 1381 956 1381 740 1381 740 1382 956 1382 957 1382 740 1383 957 1383 955 1383 955 1384 957 1384 958 1384 955 1385 958 1385 961 1385 961 1386 958 1386 959 1386 961 1387 959 1387 962 1387 962 1388 959 1388 960 1388 962 1389 960 1389 963 1389 325 1390 955 1390 323 1390 323 1391 955 1391 961 1391 323 1392 961 1392 321 1392 321 1393 961 1393 962 1393 321 1394 962 1394 319 1394 319 1395 962 1395 963 1395 319 1396 963 1396 314 1396 315 1397 314 1397 964 1397 964 1398 314 1398 963 1398 964 1399 963 1399 965 1399 965 1400 963 1400 966 1400 966 1401 963 1401 960 1401 966 1402 960 1402 967 1402 967 1403 960 1403 968 1403 968 1404 960 1404 58 1404 968 1405 58 1405 66 1405 969 1406 81 1406 79 1406 66 1407 82 1407 968 1407 968 1408 82 1408 970 1408 315 1409 964 1409 971 1409 971 1410 964 1410 965 1410 971 1411 965 1411 972 1411 972 1412 965 1412 966 1412 972 1413 966 1413 970 1413 970 1414 966 1414 967 1414 970 1415 967 1415 968 1415 79 1416 973 1416 969 1416 969 1417 973 1417 974 1417 969 1418 974 1418 975 1418 975 1419 974 1419 976 1419 975 1420 976 1420 977 1420 977 1421 976 1421 978 1421 977 1422 978 1422 979 1422 788 1423 789 1423 971 1423 971 1424 789 1424 786 1424 971 1425 786 1425 315 1425 82 1426 81 1426 970 1426 970 1427 81 1427 969 1427 970 1428 969 1428 972 1428 972 1429 969 1429 975 1429 972 1430 975 1430 971 1430 971 1431 975 1431 977 1431 971 1432 977 1432 788 1432 788 1433 977 1433 979 1433 788 1434 979 1434 589 1434 79 1435 78 1435 973 1435 973 1436 78 1436 980 1436 973 1437 980 1437 974 1437 974 1438 980 1438 981 1438 974 1439 981 1439 976 1439 976 1440 981 1440 982 1440 976 1441 982 1441 978 1441 978 1442 982 1442 983 1442 978 1443 983 1443 979 1443 979 1444 983 1444 984 1444 979 1445 984 1445 589 1445 589 1446 984 1446 541 1446 78 1447 69 1447 980 1447 980 1448 69 1448 985 1448 986 1449 983 1449 987 1449 987 1450 983 1450 982 1450 987 1451 982 1451 985 1451 985 1452 982 1452 981 1452 985 1453 981 1453 980 1453 546 1454 541 1454 986 1454 986 1455 541 1455 984 1455 986 1456 984 1456 983 1456 69 1457 70 1457 985 1457 985 1458 70 1458 988 1458 985 1459 988 1459 987 1459 987 1460 988 1460 989 1460 987 1461 989 1461 986 1461 986 1462 989 1462 990 1462 986 1463 990 1463 546 1463 546 1464 990 1464 345 1464 85 1465 991 1465 992 1465 991 1466 993 1466 994 1466 993 1467 995 1467 996 1467 995 1468 418 1468 416 1468 995 1469 416 1469 996 1469 996 1470 416 1470 414 1470 996 1471 414 1471 997 1471 414 1472 412 1472 997 1472 997 1473 412 1473 410 1473 997 1474 410 1474 998 1474 410 1475 409 1475 998 1475 998 1476 409 1476 407 1476 998 1477 407 1477 999 1477 999 1478 407 1478 405 1478 999 1479 405 1479 1000 1479 1000 1480 405 1480 403 1480 1000 1481 403 1481 1001 1481 1001 1482 403 1482 392 1482 392 1483 438 1483 1001 1483 1001 1484 438 1484 439 1484 1001 1485 439 1485 1002 1485 1002 1486 439 1486 436 1486 1002 1487 436 1487 1003 1487 1003 1488 436 1488 435 1488 1003 1489 435 1489 1004 1489 435 1490 433 1490 1004 1490 1004 1491 433 1491 432 1491 1004 1492 432 1492 1005 1492 432 1493 430 1493 1005 1493 1005 1494 430 1494 429 1494 1005 1495 429 1495 1006 1495 1006 1496 429 1496 425 1496 1006 1497 425 1497 1007 1497 1007 1498 425 1498 427 1498 1007 1499 427 1499 1008 1499 1008 1500 427 1500 428 1500 428 1501 423 1501 1008 1501 1008 1502 423 1502 422 1502 1008 1503 422 1503 1009 1503 1009 1504 422 1504 420 1504 1009 1505 420 1505 1010 1505 1010 1506 420 1506 362 1506 1010 1507 362 1507 1011 1507 362 1508 370 1508 1011 1508 1011 1509 370 1509 368 1509 1011 1510 368 1510 1012 1510 368 1511 366 1511 1012 1511 1012 1512 366 1512 364 1512 1012 1513 364 1513 1013 1513 1013 1514 364 1514 363 1514 1013 1515 363 1515 1014 1515 1014 1516 363 1516 351 1516 1014 1517 351 1517 1015 1517 1015 1518 351 1518 349 1518 349 1519 347 1519 1015 1519 1015 1520 347 1520 345 1520 1015 1521 345 1521 990 1521 993 1522 996 1522 994 1522 994 1523 996 1523 997 1523 994 1524 997 1524 1016 1524 1016 1525 997 1525 998 1525 1016 1526 998 1526 1017 1526 1017 1527 998 1527 999 1527 1017 1528 999 1528 1018 1528 1018 1529 999 1529 1000 1529 1018 1530 1000 1530 1019 1530 1019 1531 1000 1531 1001 1531 1019 1532 1001 1532 1020 1532 1020 1533 1001 1533 1002 1533 1020 1534 1002 1534 1021 1534 1021 1535 1002 1535 1003 1535 1021 1536 1003 1536 1022 1536 1022 1537 1003 1537 1004 1537 1022 1538 1004 1538 1023 1538 1023 1539 1004 1539 1005 1539 1023 1540 1005 1540 1024 1540 1024 1541 1005 1541 1006 1541 1024 1542 1006 1542 1025 1542 1025 1543 1006 1543 1007 1543 1025 1544 1007 1544 1026 1544 1026 1545 1007 1545 1008 1545 1026 1546 1008 1546 1027 1546 1027 1547 1008 1547 1009 1547 1027 1548 1009 1548 1028 1548 1028 1549 1009 1549 1010 1549 1028 1550 1010 1550 1029 1550 1029 1551 1010 1551 1011 1551 1029 1552 1011 1552 1030 1552 1030 1553 1011 1553 1012 1553 1030 1554 1012 1554 1031 1554 1031 1555 1012 1555 1013 1555 1031 1556 1013 1556 1032 1556 1032 1557 1013 1557 1014 1557 1032 1558 1014 1558 1033 1558 1033 1559 1014 1559 1015 1559 1033 1560 1015 1560 1034 1560 1034 1561 1015 1561 990 1561 1034 1562 990 1562 989 1562 991 1563 994 1563 992 1563 992 1564 994 1564 1016 1564 992 1565 1016 1565 1035 1565 1035 1566 1016 1566 1017 1566 1035 1567 1017 1567 1036 1567 1036 1568 1017 1568 1018 1568 1036 1569 1018 1569 1037 1569 1037 1570 1018 1570 1019 1570 1037 1571 1019 1571 1038 1571 1038 1572 1019 1572 1020 1572 1038 1573 1020 1573 1039 1573 1039 1574 1020 1574 1021 1574 1039 1575 1021 1575 1040 1575 1040 1576 1021 1576 1022 1576 1040 1577 1022 1577 1041 1577 1041 1578 1022 1578 1023 1578 1041 1579 1023 1579 1042 1579 1042 1580 1023 1580 1024 1580 1042 1581 1024 1581 1043 1581 1043 1582 1024 1582 1025 1582 1043 1583 1025 1583 1044 1583 1044 1584 1025 1584 1026 1584 1044 1585 1026 1585 1045 1585 1045 1586 1026 1586 1027 1586 1045 1587 1027 1587 1046 1587 1046 1588 1027 1588 1028 1588 1046 1589 1028 1589 1047 1589 1047 1590 1028 1590 1029 1590 1047 1591 1029 1591 1048 1591 1048 1592 1029 1592 1030 1592 1048 1593 1030 1593 1049 1593 1049 1594 1030 1594 1031 1594 1049 1595 1031 1595 1050 1595 1050 1596 1031 1596 1032 1596 1050 1597 1032 1597 1051 1597 1051 1598 1032 1598 1033 1598 1051 1599 1033 1599 1052 1599 1052 1600 1033 1600 1034 1600 1052 1601 1034 1601 1053 1601 1053 1602 1034 1602 989 1602 1053 1603 989 1603 988 1603 85 1604 992 1604 67 1604 67 1605 992 1605 1035 1605 67 1606 1035 1606 68 1606 68 1607 1035 1607 1036 1607 68 1608 1036 1608 71 1608 71 1609 1036 1609 1037 1609 71 1610 1037 1610 72 1610 72 1611 1037 1611 1038 1611 72 1612 1038 1612 73 1612 73 1613 1038 1613 1039 1613 73 1614 1039 1614 86 1614 86 1615 1039 1615 1040 1615 86 1616 1040 1616 87 1616 87 1617 1040 1617 1041 1617 87 1618 1041 1618 88 1618 88 1619 1041 1619 1042 1619 88 1620 1042 1620 89 1620 89 1621 1042 1621 1043 1621 89 1622 1043 1622 90 1622 90 1623 1043 1623 1044 1623 90 1624 1044 1624 91 1624 91 1625 1044 1625 1045 1625 91 1626 1045 1626 77 1626 77 1627 1045 1627 1046 1627 77 1628 1046 1628 74 1628 74 1629 1046 1629 1047 1629 74 1630 1047 1630 75 1630 75 1631 1047 1631 1048 1631 75 1632 1048 1632 92 1632 92 1633 1048 1633 1049 1633 92 1634 1049 1634 93 1634 93 1635 1049 1635 1050 1635 93 1636 1050 1636 95 1636 95 1637 1050 1637 1051 1637 95 1638 1051 1638 96 1638 96 1639 1051 1639 1052 1639 96 1640 1052 1640 94 1640 94 1641 1052 1641 1053 1641 94 1642 1053 1642 76 1642 76 1643 1053 1643 988 1643 76 1644 988 1644 70 1644 1054 1645 84 1645 83 1645 83 1646 1055 1646 1054 1646 1054 1647 1055 1647 1056 1647 1054 1648 1056 1648 1057 1648 1057 1649 1056 1649 1058 1649 1057 1650 1058 1650 1059 1650 85 1651 84 1651 991 1651 991 1652 84 1652 1054 1652 991 1653 1054 1653 993 1653 993 1654 1054 1654 1057 1654 993 1655 1057 1655 995 1655 995 1656 1057 1656 1059 1656 995 1657 1059 1657 418 1657 418 1658 1059 1658 527 1658 1058 1659 1060 1659 1059 1659 1059 1660 1060 1660 1061 1660 1059 1661 1061 1661 527 1661 527 1662 1061 1662 528 1662 83 1663 80 1663 1055 1663 1055 1664 80 1664 1062 1664 1055 1665 1062 1665 1056 1665 1056 1666 1062 1666 1063 1666 1056 1667 1063 1667 1058 1667 1058 1668 1063 1668 1064 1668 1058 1669 1064 1669 1060 1669 1060 1670 1064 1670 1065 1670 1060 1671 1065 1671 1061 1671 1061 1672 1065 1672 1066 1672 1061 1673 1066 1673 528 1673 528 1674 1066 1674 562 1674 1067 1675 64 1675 63 1675 80 1676 65 1676 1062 1676 1062 1677 65 1677 1068 1677 1069 1678 1065 1678 1070 1678 1070 1679 1065 1679 1064 1679 1070 1680 1064 1680 1068 1680 1068 1681 1064 1681 1063 1681 1068 1682 1063 1682 1062 1682 65 1683 64 1683 1068 1683 1068 1684 64 1684 1067 1684 1068 1685 1067 1685 1070 1685 1070 1686 1067 1686 1071 1686 1070 1687 1071 1687 1069 1687 1069 1688 1071 1688 1072 1688 63 1689 1073 1689 1067 1689 1067 1690 1073 1690 1074 1690 1067 1691 1074 1691 1071 1691 1071 1692 1074 1692 1075 1692 1071 1693 1075 1693 1072 1693 1072 1694 1075 1694 1076 1694 1072 1695 1076 1695 1077 1695 829 1696 562 1696 1069 1696 1069 1697 562 1697 1066 1697 1069 1698 1066 1698 1065 1698 829 1699 1069 1699 828 1699 828 1700 1069 1700 1072 1700 828 1701 1072 1701 827 1701 827 1702 1072 1702 1077 1702 827 1703 1077 1703 659 1703 659 1704 1077 1704 661 1704 661 1705 1077 1705 1078 1705 1077 1706 1076 1706 1078 1706 1078 1707 1076 1707 1075 1707 1078 1708 1075 1708 1079 1708 63 1709 62 1709 1073 1709 1073 1710 62 1710 1079 1710 1073 1711 1079 1711 1074 1711 1074 1712 1079 1712 1075 1712 683 1713 684 1713 1080 1713 1080 1714 684 1714 681 1714 106 1715 1081 1715 1082 1715 1082 1716 1081 1716 683 1716 661 1717 1078 1717 1083 1717 105 1718 1084 1718 104 1718 104 1719 1084 1719 1085 1719 104 1720 1085 1720 100 1720 100 1721 1085 1721 1086 1721 100 1722 1086 1722 101 1722 101 1723 1086 1723 1079 1723 101 1724 1079 1724 62 1724 683 1725 1080 1725 1082 1725 1082 1726 1080 1726 1087 1726 1082 1727 1087 1727 1084 1727 1084 1728 1087 1728 1088 1728 1084 1729 1088 1729 1085 1729 1085 1730 1088 1730 1083 1730 1085 1731 1083 1731 1086 1731 1086 1732 1083 1732 1078 1732 1086 1733 1078 1733 1079 1733 661 1734 1083 1734 663 1734 663 1735 1083 1735 1088 1735 663 1736 1088 1736 665 1736 665 1737 1088 1737 1087 1737 665 1738 1087 1738 667 1738 667 1739 1087 1739 1080 1739 667 1740 1080 1740 669 1740 669 1741 1080 1741 681 1741 669 1742 681 1742 670 1742 105 1743 109 1743 1084 1743 1084 1744 109 1744 108 1744 1084 1745 108 1745 1082 1745 1082 1746 108 1746 107 1746 1082 1747 107 1747 106 1747 106 1748 332 1748 1081 1748 1081 1749 332 1749 682 1749 1081 1750 682 1750 683 1750 335 1751 604 1751 742 1751 742 1752 763 1752 335 1752 335 1753 763 1753 762 1753 335 1754 762 1754 339 1754 610 1755 550 1755 555 1755 555 1756 760 1756 610 1756 610 1757 760 1757 761 1757 610 1758 761 1758 604 1758 604 1759 761 1759 743 1759 604 1760 743 1760 742 1760 561 1761 551 1761 768 1761 768 1762 551 1762 605 1762 607 1763 771 1763 605 1763 605 1764 771 1764 770 1764 605 1765 770 1765 768 1765 328 1766 767 1766 326 1766 326 1767 767 1767 765 1767 326 1768 765 1768 607 1768 607 1769 765 1769 764 1769 607 1770 764 1770 771 1770 708 1771 331 1771 327 1771 708 1772 327 1772 709 1772 327 1773 606 1773 709 1773 709 1774 606 1774 306 1774 709 1775 306 1775 305 1775 622 1776 621 1776 653 1776 653 1777 621 1777 712 1777 712 1778 621 1778 711 1778 711 1779 621 1779 334 1779 711 1780 334 1780 333 1780 774 1781 775 1781 769 1781 772 2 773 2 776 2 776 1782 773 1782 774 1782 328 2 329 2 766 2 766 2 329 2 779 2 774 2 769 2 776 2 776 1783 769 1783 766 1783 776 1784 766 1784 777 1784 777 1785 766 1785 779 1785 777 1786 779 1786 778 1786 755 2 754 2 744 2 744 1787 754 1787 753 1787 338 2 339 2 747 2 747 1788 339 1788 744 1788 747 2 744 2 750 2 750 1789 744 1789 753 1789 757 2 756 2 758 2 758 1790 756 1790 755 1790 758 2 755 2 759 2 759 2 755 2 744 2 732 2 725 2 720 2 713 2 333 2 336 2 714 2 713 2 715 2 715 2 713 2 732 2 715 2 732 2 716 2 716 2 732 2 720 2 733 2 732 2 736 2 736 2 732 2 713 2 736 2 713 2 710 2 710 2 713 2 336 2 707 2 704 2 703 2 686 1791 685 1791 680 1791 332 2 331 2 680 2 680 2 331 2 679 2 679 2 707 2 680 2 680 2 707 2 703 2 680 2 703 2 686 2 686 1792 703 1792 696 1792 686 1793 696 1793 687 1793 687 2 696 2 691 2 1089 1794 1090 1794 1091 1794 1091 1795 1090 1795 446 1795 1091 1796 446 1796 1092 1796 1092 1797 446 1797 448 1797 1092 1798 448 1798 1093 1798 1093 1799 448 1799 450 1799 1093 1800 450 1800 1094 1800 1094 1801 450 1801 452 1801 1094 1802 452 1802 1095 1802 1095 1802 452 1802 454 1802 1095 1803 454 1803 1096 1803 1096 1804 454 1804 443 1804 1096 1805 443 1805 1097 1805 1097 1806 443 1806 441 1806 1097 2 441 2 1098 2 1098 2 441 2 440 2 1098 1807 440 1807 1099 1807 1099 1808 440 1808 464 1808 1099 1809 464 1809 1100 1809 1100 1810 464 1810 466 1810 1100 1811 466 1811 1101 1811 1101 1811 466 1811 468 1811 1101 1812 468 1812 1102 1812 1102 1813 468 1813 470 1813 1102 1814 470 1814 1103 1814 1103 1815 470 1815 472 1815 1103 1816 472 1816 1104 1816 1104 1817 472 1817 474 1817 1104 1818 474 1818 1089 1818 1089 1819 474 1819 1090 1819 1103 39 1104 39 1105 39 1105 39 1104 39 1089 39 1105 39 1089 39 1091 39 1100 39 1101 39 1105 39 1105 39 1101 39 1102 39 1105 39 1102 39 1103 39 1097 39 1098 39 1105 39 1105 39 1098 39 1099 39 1105 39 1099 39 1100 39 1094 39 1095 39 1105 39 1105 39 1095 39 1096 39 1105 39 1096 39 1097 39 1091 1820 1092 1820 1105 1820 1105 39 1092 39 1093 39 1105 39 1093 39 1094 39 1106 1821 1107 1821 1108 1821 1108 1822 1107 1822 608 1822 1108 1823 608 1823 1109 1823 1109 1824 608 1824 614 1824 1109 1825 614 1825 1110 1825 1110 1826 614 1826 615 1826 1110 1827 615 1827 1111 1827 1111 1828 615 1828 616 1828 1111 1829 616 1829 1112 1829 1112 1829 616 1829 620 1829 1112 1830 620 1830 1113 1830 1113 1831 620 1831 617 1831 1113 1832 617 1832 1114 1832 1114 1833 617 1833 618 1833 1114 0 618 0 1115 0 1115 0 618 0 619 0 1115 1834 619 1834 1116 1834 1116 1835 619 1835 628 1835 1116 1836 628 1836 1117 1836 1117 1837 628 1837 611 1837 1117 1838 611 1838 1118 1838 1118 1838 611 1838 612 1838 1118 1839 612 1839 1119 1839 1119 1840 612 1840 613 1840 1119 1841 613 1841 1120 1841 1120 1842 613 1842 625 1842 1120 1843 625 1843 1121 1843 1121 1844 625 1844 626 1844 1121 1845 626 1845 1106 1845 1106 1846 626 1846 1107 1846 1120 1847 1121 1847 1122 1847 1122 1848 1121 1848 1106 1848 1122 1849 1106 1849 1108 1849 1117 1850 1118 1850 1122 1850 1122 1851 1118 1851 1119 1851 1122 167 1119 167 1120 167 1114 167 1115 167 1122 167 1122 1852 1115 1852 1116 1852 1122 167 1116 167 1117 167 1111 167 1112 167 1122 167 1122 167 1112 167 1113 167 1122 1853 1113 1853 1114 1853 1108 1854 1109 1854 1122 1854 1122 167 1109 167 1110 167 1122 1855 1110 1855 1111 1855 1123 1856 1124 1856 1125 1856 1125 1857 1124 1857 1126 1857 1125 1858 1126 1858 1127 1858 1127 1859 1126 1859 1128 1859 1127 1860 1128 1860 1129 1860 1129 1861 1128 1861 1130 1861 1129 1862 1130 1862 1131 1862 1131 1863 1130 1863 1132 1863 1131 1864 1132 1864 1133 1864 1133 1865 1132 1865 1134 1865 1134 1866 1132 1866 1135 1866 1134 1867 1135 1867 1136 1867 1136 1868 1135 1868 1137 1868 1136 1869 1137 1869 134 1869 134 1870 1137 1870 1138 1870 134 1871 1138 1871 133 1871 133 1872 1138 1872 1139 1872 133 1873 1139 1873 132 1873 1140 1874 1141 1874 1142 1874 1143 1875 1144 1875 1145 1875 1145 1876 1144 1876 1146 1876 1143 1877 1145 1877 1141 1877 1141 1878 1145 1878 1147 1878 1141 1879 1147 1879 1142 1879 168 1880 169 1880 1148 1880 168 1881 1148 1881 167 1881 167 1882 1148 1882 1149 1882 167 1883 1149 1883 1150 1883 1151 1884 1152 1884 1153 1884 1140 1885 1142 1885 1153 1885 1153 1886 1142 1886 1154 1886 1153 1887 1154 1887 1151 1887 1150 1888 1149 1888 1152 1888 1152 1889 1149 1889 1155 1889 1152 1890 1155 1890 1153 1890 1156 1891 1157 1891 1158 1891 1158 1892 1157 1892 1159 1892 1160 1893 1161 1893 1162 1893 1162 1894 1161 1894 1163 1894 1162 1895 1163 1895 1157 1895 1157 1896 1163 1896 1164 1896 1157 1897 1164 1897 1159 1897 1165 1898 1166 1898 1167 1898 1167 1899 1168 1899 1165 1899 1165 1900 1168 1900 1169 1900 1165 1901 1169 1901 1170 1901 1170 1902 1169 1902 1171 1902 1170 1903 1171 1903 1172 1903 1172 1904 1171 1904 1173 1904 1172 1905 1173 1905 1174 1905 1174 1906 1173 1906 1175 1906 1174 1907 1175 1907 1176 1907 1177 167 267 167 1178 167 1178 1908 267 1908 4 1908 1178 167 4 167 1150 167 1150 167 4 167 3 167 1150 167 3 167 167 167 32 39 1179 39 30 39 30 1909 1179 1909 1180 1909 30 39 1180 39 31 39 31 39 1180 39 1136 39 31 39 1136 39 134 39 1181 1910 1182 1910 1183 1910 1184 1911 1185 1911 1186 1911 1184 1912 1186 1912 1187 1912 1187 1913 1186 1913 1188 1913 1187 1914 1188 1914 1189 1914 1189 1915 1188 1915 1190 1915 1189 1916 1190 1916 1191 1916 1191 1917 1190 1917 1192 1917 1191 1918 1192 1918 1193 1918 1194 1919 1195 1919 1196 1919 1194 1920 1196 1920 1197 1920 1198 1921 1199 1921 1196 1921 1196 1922 1199 1922 1200 1922 1196 1923 1200 1923 1197 1923 1192 1924 1201 1924 1193 1924 1193 1925 1201 1925 1202 1925 1193 1926 1202 1926 1203 1926 1203 1927 1202 1927 1204 1927 1203 1928 1204 1928 1205 1928 1205 1929 1204 1929 1206 1929 1205 1930 1206 1930 1207 1930 1207 1931 1206 1931 1208 1931 1207 1932 1208 1932 1209 1932 1209 1933 1208 1933 1210 1933 1209 1934 1210 1934 1211 1934 1211 1935 1210 1935 1195 1935 1212 1936 1213 1936 1214 1936 1214 1937 1213 1937 1215 1937 1214 1938 1215 1938 1198 1938 1198 1939 1215 1939 1216 1939 1198 1940 1216 1940 1199 1940 1217 1941 1218 1941 1219 1941 1219 1942 1218 1942 1220 1942 1219 1943 1220 1943 1212 1943 1212 1944 1220 1944 1221 1944 1212 1945 1221 1945 1213 1945 1222 1946 1223 1946 1183 1946 1183 1947 1223 1947 1224 1947 1183 1948 1224 1948 1181 1948 1225 1949 1226 1949 1227 1949 1227 1950 1226 1950 1228 1950 1227 1951 1228 1951 1222 1951 1222 1952 1228 1952 1229 1952 1222 1953 1229 1953 1223 1953 1230 1954 1231 1954 1232 1954 1233 1955 1234 1955 1235 1955 1235 1956 1234 1956 1236 1956 1231 1957 1237 1957 1232 1957 1232 1958 1237 1958 1238 1958 1232 1959 1238 1959 1225 1959 1225 1960 1238 1960 1239 1960 1225 1961 1239 1961 1226 1961 1236 1962 1234 1962 1240 1962 1240 1963 1234 1963 1241 1963 1240 1964 1241 1964 1242 1964 1242 1965 1241 1965 1243 1965 1242 1966 1243 1966 1244 1966 1244 1967 1243 1967 1245 1967 1244 1968 1245 1968 1246 1968 1245 1969 1247 1969 1246 1969 1246 1970 1247 1970 1248 1970 1246 1971 1248 1971 1249 1971 1249 1972 1248 1972 1250 1972 1249 1973 1250 1973 1251 1973 1251 1974 1250 1974 1252 1974 1251 1975 1252 1975 1253 1975 1253 1976 1252 1976 1254 1976 1253 1977 1254 1977 1255 1977 1255 1978 1254 1978 1256 1978 1255 1979 1256 1979 1257 1979 1195 1980 1210 1980 1196 1980 1196 1981 1210 1981 1258 1981 1196 1982 1258 1982 1259 1982 1258 1983 1260 1983 1259 1983 1259 1984 1260 1984 1261 1984 1259 1985 1261 1985 1262 1985 1263 1986 1264 1986 1265 1986 1265 1987 1264 1987 1262 1987 1265 1988 1262 1988 1266 1988 1266 1989 1262 1989 1261 1989 1263 1990 1267 1990 1264 1990 1264 1991 1267 1991 1268 1991 1264 1992 1268 1992 1269 1992 1268 1993 1270 1993 1269 1993 1269 1994 1270 1994 1271 1994 1269 1995 1271 1995 1272 1995 1271 1996 1273 1996 1272 1996 1272 1997 1273 1997 1274 1997 1272 1998 1274 1998 1275 1998 1233 1999 1230 1999 1234 1999 1234 2000 1230 2000 1232 2000 1234 2001 1232 2001 1276 2001 1276 2002 1232 2002 1275 2002 1276 2003 1275 2003 1277 2003 1277 2004 1275 2004 1274 2004 1278 2005 1279 2005 1280 2005 1278 2006 1280 2006 1281 2006 1279 2007 1282 2007 1280 2007 1280 219 1282 219 1283 219 1280 219 1283 219 1284 219 1285 219 1286 219 1287 219 1287 219 1286 219 1288 219 1280 2008 1287 2008 1281 2008 1281 2009 1287 2009 1288 2009 1281 219 1288 219 1289 219 1289 219 1288 219 1290 219 1289 219 1290 219 1291 219 1291 2010 1290 2010 1292 2010 1291 2011 1292 2011 1293 2011 1293 219 1292 219 1294 219 1293 219 1294 219 1295 219 1295 219 1294 219 1296 219 1295 219 1296 219 1297 219 1297 219 1296 219 1298 219 1297 2012 1298 2012 1299 2012 1299 2013 1298 2013 1300 2013 1299 219 1300 219 1301 219 1300 2014 1302 2014 1301 2014 1301 219 1302 219 1303 219 1301 2015 1303 2015 1304 2015 1304 219 1303 219 1305 219 1304 2016 1305 2016 1306 2016 1306 219 1305 219 1307 219 1306 2017 1307 2017 1308 2017 1308 219 1307 219 1309 219 1308 219 1309 219 1310 219 1310 219 1309 219 1311 219 1310 219 1311 219 1312 219 1312 219 1311 219 1313 219 1312 2018 1313 2018 1279 2018 1279 2019 1313 2019 1314 2019 1279 219 1314 219 1282 219 1315 2020 1316 2020 1317 2020 1315 2021 1317 2021 1318 2021 1318 2022 1317 2022 1319 2022 1318 2023 1319 2023 1320 2023 1321 2024 1322 2024 1323 2024 1323 2025 1322 2025 1324 2025 1323 2026 1324 2026 1319 2026 1319 2027 1324 2027 1325 2027 1319 2028 1325 2028 1320 2028 1286 2029 1285 2029 1326 2029 1326 2030 1327 2030 1328 2030 1328 2031 1327 2031 1329 2031 1328 2032 1329 2032 1330 2032 1316 2033 1315 2033 1330 2033 1330 2034 1315 2034 1331 2034 1330 2035 1331 2035 1328 2035 1326 2036 1328 2036 1286 2036 1286 2037 1328 2037 1332 2037 1286 2038 1332 2038 1288 2038 1332 2039 1333 2039 1288 2039 1288 2040 1333 2040 1334 2040 1288 2041 1334 2041 1290 2041 1335 2042 1292 2042 1336 2042 1336 2043 1292 2043 1290 2043 1336 2044 1290 2044 1337 2044 1337 2045 1290 2045 1334 2045 1338 2046 1339 2046 1340 2046 1341 2047 1284 2047 1283 2047 1340 2048 1339 2048 1342 2048 1342 2049 1339 2049 1343 2049 1342 2050 1343 2050 1344 2050 1344 2051 1343 2051 1345 2051 1344 2052 1345 2052 1346 2052 1347 2053 1348 2053 1349 2053 1350 2054 1351 2054 1349 2054 1349 2055 1351 2055 1352 2055 1349 2056 1352 2056 1347 2056 1340 2057 1353 2057 1338 2057 1338 2058 1353 2058 1354 2058 1338 2059 1354 2059 1350 2059 1350 2060 1354 2060 1355 2060 1350 2061 1355 2061 1351 2061 1346 2062 1341 2062 1344 2062 1344 2063 1341 2063 1283 2063 1344 2064 1283 2064 1356 2064 1356 2065 1283 2065 1282 2065 1356 2066 1282 2066 1357 2066 1357 2067 1282 2067 1358 2067 1358 2068 1282 2068 1314 2068 1358 2069 1314 2069 1359 2069 1359 2070 1314 2070 1360 2070 1360 2071 1314 2071 1313 2071 1360 2072 1313 2072 1361 2072 1257 2073 1256 2073 1362 2073 1362 2074 1256 2074 1363 2074 1364 2075 1365 2075 1366 2075 1366 2076 1365 2076 1367 2076 1366 2077 1367 2077 1363 2077 1363 2078 1367 2078 1368 2078 1363 2079 1368 2079 1362 2079 1369 2080 1183 2080 1182 2080 1182 2081 1370 2081 1369 2081 1369 2082 1370 2082 1371 2082 1369 2083 1371 2083 1364 2083 1364 2084 1371 2084 1372 2084 1364 2085 1372 2085 1365 2085 1217 2086 1219 2086 1373 2086 1373 2087 1219 2087 1374 2087 1375 2088 1376 2088 1377 2088 1377 2089 1378 2089 1375 2089 1375 2090 1378 2090 1379 2090 1375 2091 1379 2091 1374 2091 1374 2092 1379 2092 1380 2092 1374 2093 1380 2093 1373 2093 1381 2094 1186 2094 1185 2094 1185 2095 1382 2095 1381 2095 1381 2096 1382 2096 1383 2096 1381 2097 1383 2097 1376 2097 1376 2098 1383 2098 1384 2098 1376 2099 1384 2099 1377 2099 1385 0 1124 0 1123 0 1144 0 1386 0 1146 0 1146 2100 1386 2100 1387 2100 1385 0 1123 0 1388 0 1387 2101 1389 2101 1146 2101 1146 0 1389 0 1390 0 1146 2102 1390 2102 1287 2102 1391 0 1388 0 1392 0 1392 2103 1388 2103 1123 2103 1392 2104 1123 2104 1280 2104 1280 2105 1123 2105 1393 2105 1280 0 1393 0 1287 0 1287 0 1393 0 1394 0 1287 2106 1394 2106 1146 2106 1395 167 1396 167 1366 167 1366 2107 1396 2107 1397 2107 1366 167 1397 167 1398 167 1398 167 1399 167 1366 167 1366 2108 1399 2108 1400 2108 1366 167 1400 167 1364 167 1364 2109 1400 2109 1401 2109 1364 167 1401 167 1402 167 1397 167 1403 167 1398 167 1398 167 1403 167 1404 167 1398 2110 1404 2110 1405 2110 1405 167 1404 167 1406 167 1405 167 1406 167 1407 167 1407 2111 1406 2111 1408 2111 1409 2112 1410 2112 1408 2112 1408 2113 1410 2113 1411 2113 1408 2114 1411 2114 1407 2114 1412 167 1413 167 1414 167 1409 167 1408 167 1414 167 1414 167 1408 167 1415 167 1414 167 1415 167 1412 167 1375 39 1416 39 1417 39 1418 39 1419 39 1375 39 1375 2115 1419 2115 1420 2115 1375 39 1420 39 1376 39 1376 2116 1420 2116 1421 2116 1376 39 1421 39 1422 39 1417 39 1423 39 1375 39 1375 2117 1423 2117 1424 2117 1375 2118 1424 2118 1418 2118 1418 39 1424 39 1425 39 1418 2119 1425 2119 1426 2119 1426 39 1425 39 1427 39 1426 39 1427 39 1428 39 1428 2120 1427 2120 1429 2120 1430 2121 1431 2121 1429 2121 1429 2122 1431 2122 1432 2122 1429 2123 1432 2123 1428 2123 1433 39 1434 39 1435 39 1430 39 1429 39 1435 39 1435 39 1429 39 1436 39 1435 39 1436 39 1433 39 1177 101 1178 101 1437 101 1438 101 1180 101 1179 101 1439 2124 1440 2124 1437 2124 1437 2125 1440 2125 1441 2125 1437 2126 1441 2126 1177 2126 1442 2127 1262 2127 1443 2127 1443 2128 1262 2128 1264 2128 1443 2129 1264 2129 1444 2129 1445 101 1198 101 1446 101 1446 2130 1198 2130 1196 2130 1446 2131 1196 2131 1442 2131 1442 2132 1196 2132 1259 2132 1442 101 1259 101 1262 101 1375 101 1374 101 1447 101 1447 2133 1374 2133 1219 2133 1447 101 1219 101 1448 101 1448 2134 1219 2134 1212 2134 1448 101 1212 101 1445 101 1445 2135 1212 2135 1214 2135 1445 2136 1214 2136 1198 2136 1449 2137 1394 2137 1450 2137 1450 2138 1394 2138 1393 2138 1369 101 1451 101 1183 101 1183 2139 1451 2139 1452 2139 1369 101 1364 101 1451 101 1451 101 1364 101 1402 101 1451 2140 1402 2140 1453 2140 1453 2141 1402 2141 1454 2141 1453 2142 1454 2142 1162 2142 1455 101 1225 101 1456 101 1456 2136 1225 2136 1227 2136 1456 101 1227 101 1452 101 1452 2143 1227 2143 1222 2143 1452 2134 1222 2134 1183 2134 1264 2144 1269 2144 1444 2144 1444 2128 1269 2128 1272 2128 1444 2145 1272 2145 1457 2145 1457 101 1272 101 1275 101 1457 101 1275 101 1455 101 1455 2146 1275 2146 1232 2146 1455 2130 1232 2130 1225 2130 1179 2147 1458 2147 1438 2147 1438 2125 1458 2125 1459 2125 1438 101 1459 101 1460 101 1460 101 1459 101 1461 101 1460 2148 1461 2148 1393 2148 1393 101 1461 101 1462 101 1393 101 1462 101 1450 101 1450 2142 1462 2142 1463 2142 1450 101 1463 101 1447 101 1447 2149 1463 2149 1416 2149 1447 101 1416 101 1375 101 1449 2150 1453 2150 1394 2150 1394 101 1453 101 1162 101 1394 101 1162 101 1439 101 1439 101 1162 101 1157 101 1439 101 1157 101 1440 101 1361 39 1313 39 1464 39 1464 39 1313 39 1311 39 1465 167 1294 167 1335 167 1335 167 1294 167 1292 167 1465 2151 1466 2151 1294 2151 1294 2152 1466 2152 1296 2152 1466 2153 1467 2153 1296 2153 1296 2154 1467 2154 1468 2154 1296 2155 1468 2155 1298 2155 1469 2156 1300 2156 1470 2156 1470 2157 1300 2157 1298 2157 1470 2158 1298 2158 1471 2158 1471 2159 1298 2159 1468 2159 1472 2160 1302 2160 1473 2160 1473 2161 1302 2161 1300 2161 1473 2162 1300 2162 1474 2162 1474 2163 1300 2163 1469 2163 1472 2164 1475 2164 1302 2164 1302 2165 1475 2165 1476 2165 1302 2166 1476 2166 1303 2166 1477 2167 1305 2167 1478 2167 1478 2168 1305 2168 1303 2168 1478 2169 1303 2169 1479 2169 1479 2170 1303 2170 1476 2170 1477 2171 1480 2171 1305 2171 1305 2172 1480 2172 1481 2172 1305 2173 1481 2173 1307 2173 1481 2174 1482 2174 1307 2174 1307 2175 1482 2175 1483 2175 1307 2176 1483 2176 1309 2176 1464 2177 1311 2177 1484 2177 1484 2178 1311 2178 1309 2178 1484 2179 1309 2179 1485 2179 1485 2180 1309 2180 1483 2180 1486 2181 1461 2181 1487 2181 1487 2182 1461 2182 1488 2182 1486 2183 1489 2183 1461 2183 1461 2184 1489 2184 1490 2184 1461 2185 1490 2185 1462 2185 1462 2186 1490 2186 1491 2186 1462 2187 1491 2187 1492 2187 1493 2188 1494 2188 1495 2188 1495 2189 1494 2189 1496 2189 1495 2190 1496 2190 1497 2190 1497 2191 1496 2191 1498 2191 1497 2192 1498 2192 1499 2192 1499 2193 1498 2193 1500 2193 1499 2194 1500 2194 1501 2194 1501 2195 1500 2195 1502 2195 1501 2196 1502 2196 1503 2196 1503 2197 1502 2197 1504 2197 1503 2198 1504 2198 1505 2198 1216 2199 1506 2199 1199 2199 1199 2200 1506 2200 1200 2200 1216 2201 1215 2201 1506 2201 1506 2202 1215 2202 1213 2202 1506 2203 1213 2203 1221 2203 1194 2204 1197 2204 1507 2204 1507 2205 1197 2205 1200 2205 1507 2206 1200 2206 1218 2206 1218 2207 1200 2207 1506 2207 1218 2208 1506 2208 1220 2208 1220 2209 1506 2209 1221 2209 1218 2210 1217 2210 1507 2210 1507 2211 1217 2211 1373 2211 1507 2212 1373 2212 1194 2212 1194 2213 1373 2213 1380 2213 1194 2214 1380 2214 1195 2214 1195 2215 1380 2215 1379 2215 1195 2216 1379 2216 1211 2216 1211 2217 1379 2217 1378 2217 1378 2218 1377 2218 1211 2218 1211 2219 1377 2219 1384 2219 1211 2220 1384 2220 1383 2220 1383 2221 1382 2221 1211 2221 1211 2222 1382 2222 1508 2222 1211 2223 1508 2223 1209 2223 1209 2224 1508 2224 1207 2224 1184 2225 1187 2225 1509 2225 1509 2226 1187 2226 1189 2226 1509 2227 1189 2227 1191 2227 1382 2228 1185 2228 1508 2228 1508 2229 1185 2229 1184 2229 1508 2230 1184 2230 1207 2230 1207 2231 1184 2231 1509 2231 1207 2232 1509 2232 1205 2232 1191 2233 1193 2233 1509 2233 1509 2234 1193 2234 1203 2234 1509 2235 1203 2235 1205 2235 1510 2236 1257 2236 1362 2236 1257 2237 1510 2237 1255 2237 1244 2238 1511 2238 1242 2238 1242 2239 1511 2239 1240 2239 1244 2240 1246 2240 1511 2240 1511 2241 1246 2241 1249 2241 1511 2242 1249 2242 1251 2242 1251 2243 1253 2243 1511 2243 1511 2244 1253 2244 1255 2244 1511 2245 1255 2245 1240 2245 1240 2246 1255 2246 1510 2246 1240 2247 1510 2247 1236 2247 1367 2248 1231 2248 1368 2248 1368 2249 1231 2249 1230 2249 1368 2250 1230 2250 1362 2250 1362 2251 1230 2251 1233 2251 1362 2252 1233 2252 1510 2252 1510 2253 1233 2253 1235 2253 1510 2254 1235 2254 1236 2254 1367 2255 1365 2255 1231 2255 1231 2256 1365 2256 1372 2256 1231 2257 1372 2257 1371 2257 1371 2258 1370 2258 1231 2258 1231 2259 1370 2259 1512 2259 1231 2260 1512 2260 1237 2260 1237 2261 1512 2261 1238 2261 1181 2262 1224 2262 1513 2262 1513 2263 1224 2263 1223 2263 1513 2264 1223 2264 1229 2264 1370 2265 1182 2265 1512 2265 1512 2266 1182 2266 1181 2266 1512 2267 1181 2267 1238 2267 1238 2268 1181 2268 1513 2268 1238 2269 1513 2269 1239 2269 1229 2270 1228 2270 1513 2270 1513 2271 1228 2271 1226 2271 1513 2272 1226 2272 1239 2272 1514 2273 1515 2273 1516 2273 1517 2274 1499 2274 1501 2274 1517 2275 1501 2275 1518 2275 1519 2276 1520 2276 1521 2276 1521 2277 1520 2277 1522 2277 1523 2278 1524 2278 1520 2278 1520 2279 1524 2279 1525 2279 1520 2280 1525 2280 1522 2280 1501 2281 1503 2281 1518 2281 1518 2282 1503 2282 1505 2282 1518 2283 1505 2283 1523 2283 1523 2284 1505 2284 1526 2284 1523 2285 1526 2285 1524 2285 1499 2286 1517 2286 1497 2286 1497 2287 1517 2287 1527 2287 1497 2288 1527 2288 1495 2288 1495 2289 1527 2289 1493 2289 1493 2290 1527 2290 1528 2290 1493 2291 1528 2291 1529 2291 1530 2292 1531 2292 1532 2292 1532 2293 1531 2293 1533 2293 1532 2294 1533 2294 1528 2294 1528 2295 1533 2295 1534 2295 1528 2296 1534 2296 1529 2296 1535 2297 1532 2297 1536 2297 1536 2298 1532 2298 1537 2298 1536 2299 1537 2299 1538 2299 1535 2300 1539 2300 1532 2300 1532 2301 1539 2301 1540 2301 1532 2302 1540 2302 1541 2302 1541 2303 1542 2303 1532 2303 1532 2304 1542 2304 1543 2304 1532 2305 1543 2305 1530 2305 1544 2306 1545 2306 1161 2306 1161 2307 1160 2307 1544 2307 1544 2308 1160 2308 1546 2308 1544 2309 1546 2309 1537 2309 1537 2310 1546 2310 1547 2310 1537 2311 1547 2311 1538 2311 1158 2312 1159 2312 1548 2312 1548 2313 1159 2313 1164 2313 1548 2314 1164 2314 1545 2314 1545 2315 1164 2315 1163 2315 1545 2316 1163 2316 1161 2316 1514 2317 1516 2317 1549 2317 1548 2318 1550 2318 1158 2318 1158 2319 1550 2319 1551 2319 1158 2320 1551 2320 1156 2320 1156 2321 1551 2321 1552 2321 1156 2322 1552 2322 1553 2322 1553 2323 1552 2323 1549 2323 1553 2324 1549 2324 1554 2324 1554 2325 1549 2325 1516 2325 1173 2326 1171 2326 1555 2326 1556 2327 1489 2327 1486 2327 1556 2328 1486 2328 1557 2328 1557 2329 1486 2329 1487 2329 1557 2330 1487 2330 1558 2330 1559 2331 1560 2331 1561 2331 1558 2332 1487 2332 1562 2332 1562 2333 1487 2333 1488 2333 1562 2334 1488 2334 1563 2334 1563 2335 1488 2335 1564 2335 1563 2336 1564 2336 1561 2336 1561 2337 1564 2337 1565 2337 1561 2338 1565 2338 1559 2338 1489 2339 1556 2339 1490 2339 1490 2340 1556 2340 1566 2340 1490 2341 1566 2341 1491 2341 1491 2342 1566 2342 1492 2342 1492 2343 1566 2343 1567 2343 1492 2344 1567 2344 1568 2344 1569 2345 1570 2345 1571 2345 1571 2346 1570 2346 1572 2346 1571 2347 1572 2347 1567 2347 1567 2348 1572 2348 1573 2348 1567 2349 1573 2349 1568 2349 1574 2350 1575 2350 1571 2350 1571 2351 1575 2351 1576 2351 1571 2352 1576 2352 1577 2352 1577 2353 1578 2353 1571 2353 1571 2354 1578 2354 1579 2354 1571 2355 1579 2355 1569 2355 1580 2356 1581 2356 1582 2356 1582 2357 1581 2357 1583 2357 1583 2358 1584 2358 1582 2358 1582 2359 1584 2359 1585 2359 1582 2360 1585 2360 1571 2360 1571 2361 1585 2361 1586 2361 1571 2362 1586 2362 1574 2362 1555 2363 1171 2363 1587 2363 1171 2364 1169 2364 1587 2364 1587 2365 1169 2365 1168 2365 1587 2366 1168 2366 1580 2366 1580 2367 1168 2367 1167 2367 1580 2368 1167 2368 1581 2368 1173 2369 1555 2369 1175 2369 1175 2370 1555 2370 1588 2370 1175 2371 1588 2371 1176 2371 1176 2372 1588 2372 1589 2372 1176 2373 1589 2373 1590 2373 1591 2374 1592 2374 1589 2374 1589 2375 1592 2375 1593 2375 1589 2376 1593 2376 1590 2376 1594 2377 1595 2377 1596 2377 1596 2378 1595 2378 1597 2378 1596 2379 1597 2379 1589 2379 1589 2380 1597 2380 1598 2380 1589 2381 1598 2381 1591 2381 1599 2382 1137 2382 1600 2382 1600 2383 1137 2383 1135 2383 1600 2384 1135 2384 1601 2384 1601 2385 1135 2385 1132 2385 1349 2386 1348 2386 1126 2386 1126 2387 1348 2387 1602 2387 1126 2388 1602 2388 1128 2388 1128 2389 1602 2389 1603 2389 1128 2390 1603 2390 1130 2390 1130 2391 1603 2391 1604 2391 1130 2392 1604 2392 1132 2392 1132 2393 1604 2393 1605 2393 1132 2394 1605 2394 1601 2394 1126 2395 1124 2395 1349 2395 1349 2396 1124 2396 1385 2396 1349 2397 1385 2397 1350 2397 1350 2398 1385 2398 1388 2398 1350 2399 1388 2399 1338 2399 1338 2400 1388 2400 1339 2400 1339 2401 1388 2401 1391 2401 1339 2402 1391 2402 1343 2402 1343 2403 1391 2403 1345 2403 1345 2404 1391 2404 1392 2404 1345 2405 1392 2405 1346 2405 1346 2406 1392 2406 1341 2406 1341 2407 1392 2407 1280 2407 1341 2408 1280 2408 1284 2408 1319 2409 1317 2409 1387 2409 1285 2410 1287 2410 1326 2410 1326 2411 1287 2411 1390 2411 1326 2412 1390 2412 1327 2412 1327 2413 1390 2413 1329 2413 1329 2414 1390 2414 1389 2414 1329 2415 1389 2415 1330 2415 1387 2416 1317 2416 1389 2416 1389 2417 1317 2417 1316 2417 1389 2418 1316 2418 1330 2418 1319 2419 1387 2419 1323 2419 1323 2420 1387 2420 1386 2420 1323 2421 1386 2421 1144 2421 1153 2422 1606 2422 1140 2422 1140 2423 1606 2423 1607 2423 1140 2424 1607 2424 1141 2424 1141 2425 1607 2425 1608 2425 1141 2426 1608 2426 1143 2426 1143 2427 1608 2427 1609 2427 1143 2428 1609 2428 1144 2428 1144 2429 1609 2429 1321 2429 1144 2430 1321 2430 1323 2430 1149 2431 1610 2431 1155 2431 1155 2432 1610 2432 1611 2432 1155 2433 1611 2433 1153 2433 1153 2434 1611 2434 1612 2434 1153 2435 1612 2435 1606 2435 1166 2436 1613 2436 1167 2436 1167 2437 1613 2437 1614 2437 1422 2438 1421 2438 1615 2438 1615 2439 1421 2439 1614 2439 1615 2440 1614 2440 1616 2440 1616 2441 1614 2441 1613 2441 1614 2442 1421 2442 1420 2442 1167 2443 1614 2443 1617 2443 1167 2444 1617 2444 1581 2444 1581 2445 1617 2445 1618 2445 1581 2446 1618 2446 1583 2446 1583 2447 1618 2447 1619 2447 1583 2448 1619 2448 1584 2448 1619 2449 1620 2449 1584 2449 1584 2450 1620 2450 1621 2450 1584 2451 1621 2451 1585 2451 1585 2452 1621 2452 1622 2452 1585 2453 1622 2453 1586 2453 1586 2454 1622 2454 1623 2454 1586 2455 1623 2455 1574 2455 1574 2456 1623 2456 1624 2456 1574 2457 1624 2457 1575 2457 1575 2458 1624 2458 1625 2458 1575 2459 1625 2459 1576 2459 1576 2460 1625 2460 1626 2460 1576 2461 1626 2461 1577 2461 1577 2462 1626 2462 1627 2462 1577 2463 1627 2463 1578 2463 1578 2464 1627 2464 1628 2464 1578 2465 1628 2465 1579 2465 1628 2466 1629 2466 1579 2466 1579 2467 1629 2467 1630 2467 1579 2468 1630 2468 1569 2468 1569 2469 1630 2469 1631 2469 1569 2470 1631 2470 1570 2470 1570 2471 1631 2471 1632 2471 1570 2472 1632 2472 1572 2472 1614 2473 1420 2473 1617 2473 1617 2474 1420 2474 1419 2474 1617 2475 1419 2475 1618 2475 1618 2476 1419 2476 1418 2476 1618 2477 1418 2477 1619 2477 1619 2478 1418 2478 1426 2478 1619 2479 1426 2479 1620 2479 1620 2480 1426 2480 1428 2480 1620 2481 1428 2481 1621 2481 1621 2482 1428 2482 1432 2482 1621 2483 1432 2483 1622 2483 1622 2484 1432 2484 1431 2484 1622 2485 1431 2485 1623 2485 1623 2486 1431 2486 1430 2486 1623 2487 1430 2487 1624 2487 1624 2488 1430 2488 1435 2488 1624 2489 1435 2489 1625 2489 1625 2490 1435 2490 1434 2490 1625 2491 1434 2491 1626 2491 1626 2492 1434 2492 1433 2492 1626 2493 1433 2493 1627 2493 1627 2494 1433 2494 1436 2494 1627 2495 1436 2495 1628 2495 1628 2496 1436 2496 1429 2496 1628 2497 1429 2497 1629 2497 1629 2498 1429 2498 1427 2498 1629 2499 1427 2499 1630 2499 1630 2500 1427 2500 1425 2500 1630 2501 1425 2501 1631 2501 1631 2502 1425 2502 1424 2502 1631 2503 1424 2503 1632 2503 1632 2504 1424 2504 1423 2504 1632 2505 1423 2505 1633 2505 1633 2506 1423 2506 1417 2506 1633 2507 1417 2507 1634 2507 1572 2508 1632 2508 1573 2508 1573 2509 1632 2509 1633 2509 1573 2510 1633 2510 1568 2510 1568 2511 1633 2511 1634 2511 1568 2512 1634 2512 1492 2512 1462 2513 1492 2513 1463 2513 1463 2514 1492 2514 1634 2514 1463 2515 1634 2515 1416 2515 1416 2515 1634 2515 1417 2515 1160 2516 1162 2516 1635 2516 1635 2517 1162 2517 1454 2517 1635 2518 1454 2518 1401 2518 1401 2518 1454 2518 1402 2518 1636 2519 1543 2519 1542 2519 1635 2520 1401 2520 1400 2520 1160 2521 1635 2521 1637 2521 1160 2522 1637 2522 1546 2522 1546 2523 1637 2523 1638 2523 1546 2524 1638 2524 1547 2524 1547 2525 1638 2525 1639 2525 1547 2526 1639 2526 1538 2526 1639 2527 1640 2527 1538 2527 1538 2528 1640 2528 1641 2528 1538 2529 1641 2529 1536 2529 1536 2530 1641 2530 1642 2530 1536 2531 1642 2531 1535 2531 1535 2532 1642 2532 1643 2532 1535 2533 1643 2533 1539 2533 1539 2534 1643 2534 1644 2534 1539 2535 1644 2535 1540 2535 1540 2536 1644 2536 1645 2536 1540 2537 1645 2537 1541 2537 1541 2538 1645 2538 1646 2538 1541 2539 1646 2539 1542 2539 1542 2540 1646 2540 1647 2540 1542 2541 1647 2541 1636 2541 1636 2542 1648 2542 1543 2542 1543 2543 1648 2543 1649 2543 1543 2544 1649 2544 1530 2544 1530 2545 1649 2545 1650 2545 1530 2546 1650 2546 1531 2546 1531 2547 1650 2547 1651 2547 1531 2548 1651 2548 1533 2548 1635 2549 1400 2549 1637 2549 1637 2550 1400 2550 1399 2550 1637 2551 1399 2551 1638 2551 1638 2552 1399 2552 1398 2552 1638 2553 1398 2553 1639 2553 1639 2554 1398 2554 1405 2554 1639 2555 1405 2555 1640 2555 1640 2556 1405 2556 1407 2556 1640 2557 1407 2557 1641 2557 1641 2558 1407 2558 1411 2558 1641 2559 1411 2559 1642 2559 1642 2560 1411 2560 1410 2560 1642 2561 1410 2561 1643 2561 1643 2562 1410 2562 1409 2562 1643 2563 1409 2563 1644 2563 1644 2564 1409 2564 1414 2564 1644 2565 1414 2565 1645 2565 1645 2566 1414 2566 1413 2566 1645 2567 1413 2567 1646 2567 1646 2568 1413 2568 1412 2568 1646 2569 1412 2569 1647 2569 1647 2570 1412 2570 1415 2570 1647 2571 1415 2571 1636 2571 1636 2572 1415 2572 1408 2572 1636 2573 1408 2573 1648 2573 1648 2574 1408 2574 1406 2574 1648 2575 1406 2575 1649 2575 1649 2576 1406 2576 1404 2576 1649 2577 1404 2577 1650 2577 1650 2578 1404 2578 1403 2578 1650 2579 1403 2579 1651 2579 1651 2580 1403 2580 1397 2580 1651 2581 1397 2581 1652 2581 1652 2582 1397 2582 1396 2582 1652 2583 1396 2583 1653 2583 1533 2584 1651 2584 1534 2584 1534 2585 1651 2585 1652 2585 1534 2586 1652 2586 1529 2586 1529 2587 1652 2587 1653 2587 1529 2588 1653 2588 1493 2588 1494 2589 1493 2589 1654 2589 1654 2590 1493 2590 1653 2590 1654 2591 1653 2591 1655 2591 1655 2592 1653 2592 1656 2592 1656 2593 1653 2593 1396 2593 1656 2594 1396 2594 1395 2594 1657 2595 1658 2595 1659 2595 1660 2596 1661 2596 1662 2596 1610 2597 1149 2597 1148 2597 140 2598 1663 2598 1664 2598 140 2599 1664 2599 181 2599 181 2600 1664 2600 1665 2600 181 2601 1665 2601 180 2601 180 2602 1665 2602 173 2602 173 2603 1665 2603 1666 2603 173 2604 1666 2604 174 2604 174 2605 1666 2605 1667 2605 174 2606 1667 2606 175 2606 175 2607 1667 2607 176 2607 176 2608 1667 2608 1668 2608 176 2609 1668 2609 177 2609 177 2610 1668 2610 1669 2610 177 2611 1669 2611 163 2611 163 2612 1669 2612 164 2612 164 2613 1669 2613 1662 2613 164 2614 1662 2614 165 2614 165 2615 1662 2615 1661 2615 165 2616 1661 2616 166 2616 1611 2617 1610 2617 1670 2617 1670 2618 1610 2618 1148 2618 1670 2619 1148 2619 1661 2619 1661 2620 1148 2620 169 2620 1661 2621 169 2621 166 2621 1660 2622 1662 2622 1658 2622 1658 2623 1662 2623 1669 2623 1658 2624 1669 2624 1659 2624 1659 2625 1669 2625 1668 2625 1659 2626 1668 2626 1671 2626 1671 2627 1668 2627 1667 2627 1671 2628 1667 2628 1672 2628 1672 2629 1667 2629 1666 2629 1672 2630 1666 2630 1673 2630 1673 2631 1666 2631 1665 2631 1673 2632 1665 2632 1674 2632 1674 2633 1665 2633 1664 2633 1674 2634 1664 2634 1675 2634 1675 2635 1664 2635 1663 2635 1675 2636 1663 2636 1676 2636 1657 2637 1659 2637 1677 2637 1677 2638 1659 2638 1671 2638 1677 2639 1671 2639 1678 2639 1678 2640 1671 2640 1672 2640 1678 2641 1672 2641 1679 2641 1679 2642 1672 2642 1673 2642 1679 2643 1673 2643 1680 2643 1680 2644 1673 2644 1674 2644 1680 2645 1674 2645 1681 2645 1681 2646 1674 2646 1675 2646 1681 2647 1675 2647 1682 2647 1682 2648 1675 2648 1676 2648 1682 2649 1676 2649 1683 2649 1611 2650 1670 2650 1612 2650 1612 2651 1670 2651 1661 2651 1612 2652 1661 2652 1606 2652 1606 2653 1661 2653 1660 2653 1606 2654 1660 2654 1607 2654 1607 2655 1660 2655 1658 2655 1607 2656 1658 2656 1608 2656 1608 2657 1658 2657 1657 2657 1608 2658 1657 2658 1609 2658 1609 2659 1657 2659 1677 2659 1609 2660 1677 2660 1321 2660 1321 2661 1677 2661 1678 2661 1321 2662 1678 2662 1322 2662 1322 2663 1678 2663 1679 2663 1322 2664 1679 2664 1324 2664 1324 2665 1679 2665 1680 2665 1324 2666 1680 2666 1325 2666 1325 2667 1680 2667 1681 2667 1325 2668 1681 2668 1320 2668 1320 2669 1681 2669 1682 2669 1320 2670 1682 2670 1318 2670 1318 2671 1682 2671 1683 2671 1318 2672 1683 2672 1315 2672 1684 2673 1685 2673 1686 2673 1687 2674 1663 2674 140 2674 140 2675 139 2675 1687 2675 1687 2676 139 2676 138 2676 1687 2677 138 2677 1688 2677 1688 2678 138 2678 145 2678 1688 2679 145 2679 1689 2679 1689 2680 145 2680 143 2680 1689 2681 143 2681 1690 2681 1690 2682 143 2682 153 2682 1690 2683 153 2683 1691 2683 1692 2684 1676 2684 1663 2684 153 2685 152 2685 1691 2685 1691 2686 152 2686 1693 2686 1691 2687 1693 2687 1694 2687 1663 2688 1687 2688 1692 2688 1692 2689 1687 2689 1688 2689 1692 2690 1688 2690 1695 2690 1695 2691 1688 2691 1689 2691 1695 2692 1689 2692 1696 2692 1696 2693 1689 2693 1690 2693 1696 2694 1690 2694 1697 2694 1697 2695 1690 2695 1691 2695 1697 2696 1691 2696 1698 2696 1698 2697 1691 2697 1694 2697 1698 2698 1694 2698 1699 2698 1700 2699 1683 2699 1676 2699 1676 2700 1692 2700 1700 2700 1700 2701 1692 2701 1695 2701 1700 2702 1695 2702 1701 2702 1701 2703 1695 2703 1696 2703 1701 2704 1696 2704 1702 2704 1702 2705 1696 2705 1697 2705 1702 2706 1697 2706 1703 2706 1703 2707 1697 2707 1698 2707 1703 2708 1698 2708 1686 2708 1686 2709 1698 2709 1699 2709 1686 2710 1699 2710 1684 2710 1315 2711 1683 2711 1331 2711 1331 2712 1683 2712 1700 2712 1331 2713 1700 2713 1328 2713 1328 2714 1700 2714 1701 2714 1328 2715 1701 2715 1332 2715 1332 2716 1701 2716 1702 2716 1332 2717 1702 2717 1333 2717 1333 2718 1702 2718 1703 2718 1333 2719 1703 2719 1334 2719 1334 2720 1703 2720 1337 2720 1337 2721 1703 2721 1686 2721 1337 2722 1686 2722 1336 2722 1336 2723 1686 2723 1685 2723 1336 2724 1685 2724 1335 2724 1465 2725 1335 2725 1704 2725 1704 2726 1335 2726 1685 2726 1704 2727 1685 2727 1705 2727 1705 2728 1685 2728 1684 2728 1705 2729 1684 2729 1706 2729 1706 2729 1684 2729 1699 2729 1706 2730 1699 2730 1707 2730 1707 2730 1699 2730 1694 2730 1707 2731 1694 2731 1708 2731 1708 2731 1694 2731 1693 2731 1708 2732 1693 2732 150 2732 150 2733 1693 2733 152 2733 1709 2734 1710 2734 1711 2734 1712 2735 1466 2735 1465 2735 1710 2736 1464 2736 1484 2736 1710 2737 1484 2737 1711 2737 1711 2738 1484 2738 1485 2738 1711 2739 1485 2739 1713 2739 1485 2740 1483 2740 1713 2740 1713 2741 1483 2741 1482 2741 1713 2742 1482 2742 1714 2742 1482 2743 1481 2743 1714 2743 1714 2744 1481 2744 1480 2744 1714 2745 1480 2745 1715 2745 1715 2746 1480 2746 1477 2746 1715 2747 1477 2747 1716 2747 1477 2748 1478 2748 1716 2748 1716 2749 1478 2749 1479 2749 1716 2750 1479 2750 1717 2750 1479 2751 1476 2751 1717 2751 1717 2752 1476 2752 1475 2752 1717 2753 1475 2753 1718 2753 1718 2754 1475 2754 1472 2754 1718 2755 1472 2755 1719 2755 1719 2756 1472 2756 1473 2756 1719 2757 1473 2757 1720 2757 1720 2758 1473 2758 1474 2758 1474 2759 1469 2759 1720 2759 1720 2760 1469 2760 1470 2760 1720 2761 1470 2761 1721 2761 1721 2762 1470 2762 1471 2762 1721 2763 1471 2763 1722 2763 1722 2764 1471 2764 1468 2764 1722 2765 1468 2765 1712 2765 1712 2766 1468 2766 1467 2766 1712 2767 1467 2767 1466 2767 1723 2768 1724 2768 1725 2768 1725 2769 1724 2769 1709 2769 1709 2770 1711 2770 1725 2770 1725 2771 1711 2771 1713 2771 1725 2772 1713 2772 1726 2772 1726 2773 1713 2773 1714 2773 1726 2774 1714 2774 1727 2774 1727 2775 1714 2775 1715 2775 1727 2776 1715 2776 1728 2776 1728 2777 1715 2777 1716 2777 1728 2778 1716 2778 1729 2778 1729 2779 1716 2779 1717 2779 1729 2780 1717 2780 1730 2780 1730 2781 1717 2781 1718 2781 1730 2782 1718 2782 1731 2782 1731 2783 1718 2783 1719 2783 1731 2784 1719 2784 1732 2784 1732 2785 1719 2785 1720 2785 1732 2786 1720 2786 1733 2786 1733 2787 1720 2787 1721 2787 1733 2788 1721 2788 1734 2788 1734 2789 1721 2789 1722 2789 1734 2790 1722 2790 1735 2790 1735 2791 1722 2791 1712 2791 1735 2792 1712 2792 1736 2792 148 2793 1737 2793 1738 2793 1738 2794 1737 2794 1723 2794 1465 2795 1704 2795 1712 2795 1712 2796 1704 2796 1705 2796 1712 2797 1705 2797 1736 2797 1736 2798 1705 2798 1706 2798 1736 2799 1706 2799 1707 2799 1723 2800 1725 2800 1738 2800 1738 2801 1725 2801 1726 2801 1738 2802 1726 2802 1739 2802 1739 2803 1726 2803 1727 2803 1739 2804 1727 2804 1740 2804 1740 2805 1727 2805 1728 2805 1740 2806 1728 2806 1741 2806 1741 2807 1728 2807 1729 2807 1741 2808 1729 2808 1742 2808 1742 2809 1729 2809 1730 2809 1742 2810 1730 2810 1743 2810 1743 2811 1730 2811 1731 2811 1743 2812 1731 2812 1744 2812 1744 2813 1731 2813 1732 2813 1744 2814 1732 2814 1745 2814 1745 2815 1732 2815 1733 2815 1745 2816 1733 2816 1746 2816 1746 2817 1733 2817 1734 2817 1746 2818 1734 2818 1747 2818 1747 2819 1734 2819 1735 2819 1747 2820 1735 2820 1748 2820 1748 2821 1735 2821 1736 2821 1748 2822 1736 2822 1749 2822 1749 2823 1736 2823 1707 2823 1749 2824 1707 2824 1708 2824 148 2825 1738 2825 158 2825 158 2826 1738 2826 1739 2826 158 2827 1739 2827 159 2827 159 2828 1739 2828 1740 2828 159 2829 1740 2829 157 2829 157 2830 1740 2830 1741 2830 157 2831 1741 2831 156 2831 156 2832 1741 2832 1742 2832 156 2833 1742 2833 154 2833 154 2834 1742 2834 1743 2834 154 2835 1743 2835 155 2835 155 2836 1743 2836 1744 2836 155 2837 1744 2837 161 2837 161 2838 1744 2838 1745 2838 161 2839 1745 2839 160 2839 160 2840 1745 2840 1746 2840 160 2841 1746 2841 162 2841 162 2842 1746 2842 1747 2842 162 2843 1747 2843 146 2843 146 2844 1747 2844 1748 2844 146 2845 1748 2845 147 2845 147 2846 1748 2846 1749 2846 147 2847 1749 2847 149 2847 149 2848 1749 2848 1708 2848 149 2849 1708 2849 150 2849 148 2850 151 2850 1737 2850 1737 67 151 67 1750 67 1737 2851 1750 2851 1723 2851 1723 2851 1750 2851 1751 2851 1723 2852 1751 2852 1724 2852 1724 2852 1751 2852 1752 2852 1724 2853 1752 2853 1709 2853 1709 2853 1752 2853 1753 2853 1709 2854 1753 2854 1710 2854 1710 2855 1753 2855 1754 2855 1710 2856 1754 2856 1464 2856 1464 2857 1754 2857 1361 2857 136 2858 121 2858 1755 2858 151 2859 142 2859 1750 2859 1750 2860 142 2860 1756 2860 1361 2861 1754 2861 1757 2861 1757 2862 1754 2862 1753 2862 1757 2863 1753 2863 1758 2863 1758 2864 1753 2864 1752 2864 1758 2865 1752 2865 1756 2865 1756 2866 1752 2866 1751 2866 1756 2867 1751 2867 1750 2867 141 2868 144 2868 1759 2868 1759 2869 144 2869 1760 2869 1759 2870 1760 2870 1761 2870 1761 2871 1760 2871 1762 2871 1761 2872 1762 2872 1763 2872 1763 2873 1762 2873 1764 2873 144 2874 137 2874 1760 2874 1760 2875 137 2875 1765 2875 1760 2876 1765 2876 1762 2876 1762 2877 1765 2877 1766 2877 1762 2878 1766 2878 1764 2878 1764 2879 1766 2879 1767 2879 137 2880 136 2880 1765 2880 1765 2881 136 2881 1768 2881 1765 2882 1768 2882 1766 2882 1766 2883 1768 2883 1769 2883 1766 2884 1769 2884 1767 2884 1767 2885 1769 2885 1770 2885 1358 2886 1359 2886 1757 2886 1757 2887 1359 2887 1360 2887 1757 2888 1360 2888 1361 2888 142 2889 141 2889 1756 2889 1756 2890 141 2890 1759 2890 1756 2891 1759 2891 1758 2891 1758 2892 1759 2892 1761 2892 1758 2893 1761 2893 1757 2893 1757 2894 1761 2894 1763 2894 1757 2895 1763 2895 1358 2895 1358 2896 1763 2896 1764 2896 1358 2897 1764 2897 1357 2897 1357 2898 1764 2898 1767 2898 1357 2899 1767 2899 1356 2899 1770 2900 1342 2900 1767 2900 1767 2901 1342 2901 1344 2901 1767 2902 1344 2902 1356 2902 136 2903 1755 2903 1768 2903 1768 2904 1755 2904 1771 2904 1768 2905 1771 2905 1769 2905 1769 2906 1771 2906 1772 2906 1769 2907 1772 2907 1770 2907 1770 2908 1772 2908 1340 2908 1770 2909 1340 2909 1342 2909 1601 2910 1773 2910 1600 2910 1601 2911 1605 2911 1774 2911 1774 2912 1605 2912 1604 2912 1603 2913 1602 2913 1775 2913 1775 2914 1602 2914 1348 2914 1775 2915 1348 2915 1776 2915 1776 2916 1348 2916 1777 2916 1773 2917 1601 2917 1778 2917 1600 2918 1773 2918 1599 2918 1599 2919 1773 2919 1138 2919 1599 2920 1138 2920 1137 2920 1779 2921 128 2921 1778 2921 1778 2922 128 2922 132 2922 1778 2923 132 2923 1773 2923 1773 2924 132 2924 1139 2924 1773 2925 1139 2925 1138 2925 131 2926 130 2926 1779 2926 1779 2927 130 2927 129 2927 1779 2928 129 2928 128 2928 1779 2929 1780 2929 131 2929 131 2930 1780 2930 1781 2930 131 2931 1781 2931 124 2931 124 2932 1781 2932 125 2932 125 2933 1781 2933 1782 2933 125 2934 1782 2934 126 2934 126 2935 1782 2935 1783 2935 126 2936 1783 2936 127 2936 127 2937 1783 2937 1784 2937 127 2938 1784 2938 118 2938 118 2939 1784 2939 1785 2939 118 2940 1785 2940 123 2940 123 2941 1785 2941 1786 2941 123 2942 1786 2942 120 2942 120 2943 1786 2943 1755 2943 120 2944 1755 2944 121 2944 1348 2945 1347 2945 1777 2945 1777 2946 1347 2946 1352 2946 1777 2947 1352 2947 1787 2947 1787 2948 1352 2948 1351 2948 1787 2949 1351 2949 1788 2949 1788 2950 1351 2950 1355 2950 1788 2951 1355 2951 1789 2951 1789 2952 1355 2952 1354 2952 1789 2953 1354 2953 1790 2953 1790 2954 1354 2954 1353 2954 1790 2955 1353 2955 1791 2955 1791 2956 1353 2956 1340 2956 1791 2957 1340 2957 1772 2957 1604 2958 1603 2958 1774 2958 1774 2959 1603 2959 1775 2959 1774 2960 1775 2960 1792 2960 1792 2961 1775 2961 1776 2961 1792 2962 1776 2962 1793 2962 1793 2963 1776 2963 1777 2963 1793 2964 1777 2964 1794 2964 1794 2965 1777 2965 1787 2965 1794 2966 1787 2966 1795 2966 1795 2967 1787 2967 1788 2967 1795 2968 1788 2968 1796 2968 1796 2969 1788 2969 1789 2969 1796 2970 1789 2970 1797 2970 1797 2971 1789 2971 1790 2971 1797 2972 1790 2972 1798 2972 1798 2973 1790 2973 1791 2973 1798 2974 1791 2974 1799 2974 1799 2975 1791 2975 1772 2975 1799 2976 1772 2976 1771 2976 1601 2977 1774 2977 1778 2977 1778 2978 1774 2978 1792 2978 1778 2979 1792 2979 1779 2979 1779 2980 1792 2980 1793 2980 1779 2981 1793 2981 1780 2981 1780 2982 1793 2982 1794 2982 1780 2983 1794 2983 1781 2983 1781 2984 1794 2984 1795 2984 1781 2985 1795 2985 1782 2985 1782 2986 1795 2986 1796 2986 1782 2987 1796 2987 1783 2987 1783 2988 1796 2988 1797 2988 1783 2989 1797 2989 1784 2989 1784 2990 1797 2990 1798 2990 1784 2991 1798 2991 1785 2991 1785 2992 1798 2992 1799 2992 1785 2993 1799 2993 1786 2993 1786 2994 1799 2994 1771 2994 1786 2995 1771 2995 1755 2995 1590 2996 1593 2996 1800 2996 1591 2997 1801 2997 1592 2997 42 2998 1802 2998 40 2998 40 2999 1802 2999 1803 2999 40 3000 1803 3000 39 3000 39 3001 1803 3001 1804 3001 39 3002 1804 3002 38 3002 38 3003 1804 3003 1805 3003 38 3004 1805 3004 34 3004 34 3005 1805 3005 1806 3005 1806 3006 1805 3006 1595 3006 1806 3007 1595 3007 1594 3007 1591 3008 1598 3008 1805 3008 1805 3009 1598 3009 1597 3009 1805 3010 1597 3010 1595 3010 1590 3011 1800 3011 1176 3011 1591 3012 1805 3012 1801 3012 1801 3013 1805 3013 1804 3013 1801 3014 1804 3014 1807 3014 1807 3015 1804 3015 1803 3015 1807 3016 1803 3016 1808 3016 1808 3017 1803 3017 1802 3017 1808 3018 1802 3018 1809 3018 42 3019 1810 3019 1802 3019 1802 3020 1810 3020 1811 3020 1802 3021 1811 3021 1809 3021 1809 3022 1811 3022 1812 3022 1809 3023 1812 3023 1813 3023 1592 3024 1801 3024 1593 3024 1593 3025 1801 3025 1807 3025 1593 3026 1807 3026 1800 3026 1800 3027 1807 3027 1808 3027 1800 3028 1808 3028 1814 3028 1814 3029 1808 3029 1809 3029 1814 3030 1809 3030 1815 3030 1815 3031 1809 3031 1813 3031 1815 3032 1813 3032 1816 3032 1176 3033 1800 3033 1174 3033 1174 3034 1800 3034 1814 3034 1174 3035 1814 3035 1172 3035 1172 3036 1814 3036 1815 3036 1172 3037 1815 3037 1170 3037 1170 3038 1815 3038 1816 3038 1170 3039 1816 3039 1165 3039 42 3040 274 3040 1810 3040 1810 3041 274 3041 1817 3041 1810 3042 1817 3042 1811 3042 1811 3043 1817 3043 1818 3043 1811 3044 1818 3044 1812 3044 1812 3045 1818 3045 1819 3045 1812 3046 1819 3046 1813 3046 1813 3047 1819 3047 1820 3047 1813 3048 1820 3048 1816 3048 1816 3049 1820 3049 1821 3049 1816 3050 1821 3050 1165 3050 1165 3051 1821 3051 1166 3051 1822 3052 276 3052 278 3052 274 3053 275 3053 1817 3053 1817 3054 275 3054 1823 3054 1166 3055 1821 3055 1824 3055 1824 3056 1821 3056 1820 3056 1824 3057 1820 3057 1825 3057 1825 3058 1820 3058 1819 3058 1825 3059 1819 3059 1823 3059 1823 3060 1819 3060 1818 3060 1823 3061 1818 3061 1817 3061 278 3062 1826 3062 1822 3062 1822 3063 1826 3063 1827 3063 1822 3064 1827 3064 1828 3064 1828 3065 1827 3065 1829 3065 1828 3066 1829 3066 1830 3066 1830 3067 1829 3067 1831 3067 1830 3068 1831 3068 1832 3068 1615 3069 1616 3069 1824 3069 1824 3070 1616 3070 1613 3070 1824 3071 1613 3071 1166 3071 275 3072 276 3072 1823 3072 1823 3073 276 3073 1822 3073 1823 3074 1822 3074 1825 3074 1825 3075 1822 3075 1828 3075 1825 3076 1828 3076 1824 3076 1824 3077 1828 3077 1830 3077 1824 3078 1830 3078 1615 3078 1615 3079 1830 3079 1832 3079 1615 3080 1832 3080 1422 3080 278 3081 302 3081 1826 3081 1826 3082 302 3082 1833 3082 1826 3083 1833 3083 1827 3083 1827 3084 1833 3084 1834 3084 1827 3085 1834 3085 1829 3085 1829 3085 1834 3085 1835 3085 1829 3086 1835 3086 1831 3086 1831 3087 1835 3087 1836 3087 1831 3088 1836 3088 1832 3088 1832 3089 1836 3089 1837 3089 1832 3090 1837 3090 1422 3090 1422 3091 1837 3091 1376 3091 302 3092 282 3092 1833 3092 1833 3093 282 3093 1838 3093 1839 3094 1836 3094 1840 3094 1840 3095 1836 3095 1835 3095 1840 3096 1835 3096 1838 3096 1838 3097 1835 3097 1834 3097 1838 3098 1834 3098 1833 3098 1381 3099 1376 3099 1839 3099 1839 3100 1376 3100 1837 3100 1839 3101 1837 3101 1836 3101 282 3102 280 3102 1838 3102 1838 3103 280 3103 1841 3103 1838 3104 1841 3104 1840 3104 1840 3105 1841 3105 1842 3105 1840 3106 1842 3106 1839 3106 1839 3107 1842 3107 1843 3107 1839 3108 1843 3108 1381 3108 1381 3109 1843 3109 1186 3109 283 3110 1844 3110 1845 3110 1844 3111 1846 3111 1847 3111 1846 3112 1848 3112 1849 3112 1848 3113 1256 3113 1254 3113 1848 3114 1254 3114 1849 3114 1849 3115 1254 3115 1252 3115 1849 3116 1252 3116 1850 3116 1252 3117 1250 3117 1850 3117 1850 3118 1250 3118 1248 3118 1850 3119 1248 3119 1851 3119 1248 3120 1247 3120 1851 3120 1851 3121 1247 3121 1245 3121 1851 3122 1245 3122 1852 3122 1852 3123 1245 3123 1243 3123 1852 3124 1243 3124 1853 3124 1853 3125 1243 3125 1241 3125 1853 3126 1241 3126 1854 3126 1854 3127 1241 3127 1234 3127 1234 3128 1276 3128 1854 3128 1854 3129 1276 3129 1277 3129 1854 3130 1277 3130 1855 3130 1855 3131 1277 3131 1274 3131 1855 3132 1274 3132 1856 3132 1856 3133 1274 3133 1273 3133 1856 3134 1273 3134 1857 3134 1273 3135 1271 3135 1857 3135 1857 3136 1271 3136 1270 3136 1857 3137 1270 3137 1858 3137 1270 3138 1268 3138 1858 3138 1858 3139 1268 3139 1267 3139 1858 3140 1267 3140 1859 3140 1859 3141 1267 3141 1263 3141 1859 3142 1263 3142 1860 3142 1860 3143 1263 3143 1265 3143 1860 3144 1265 3144 1861 3144 1861 3145 1265 3145 1266 3145 1266 3146 1261 3146 1861 3146 1861 3147 1261 3147 1260 3147 1861 3148 1260 3148 1862 3148 1862 3149 1260 3149 1258 3149 1862 3150 1258 3150 1863 3150 1863 3151 1258 3151 1210 3151 1863 3152 1210 3152 1864 3152 1210 3153 1208 3153 1864 3153 1864 3154 1208 3154 1206 3154 1864 3155 1206 3155 1865 3155 1206 3156 1204 3156 1865 3156 1865 3157 1204 3157 1202 3157 1865 3158 1202 3158 1866 3158 1866 3159 1202 3159 1201 3159 1866 3160 1201 3160 1867 3160 1867 3161 1201 3161 1192 3161 1867 3162 1192 3162 1868 3162 1868 3163 1192 3163 1190 3163 1190 3164 1188 3164 1868 3164 1868 3165 1188 3165 1186 3165 1868 3166 1186 3166 1843 3166 1846 3167 1849 3167 1847 3167 1847 3168 1849 3168 1850 3168 1847 3169 1850 3169 1869 3169 1869 3170 1850 3170 1851 3170 1869 3171 1851 3171 1870 3171 1870 3172 1851 3172 1852 3172 1870 3173 1852 3173 1871 3173 1871 3174 1852 3174 1853 3174 1871 3175 1853 3175 1872 3175 1872 3176 1853 3176 1854 3176 1872 3177 1854 3177 1873 3177 1873 3178 1854 3178 1855 3178 1873 3179 1855 3179 1874 3179 1874 3180 1855 3180 1856 3180 1874 3181 1856 3181 1875 3181 1875 3182 1856 3182 1857 3182 1875 3183 1857 3183 1876 3183 1876 3184 1857 3184 1858 3184 1876 3185 1858 3185 1877 3185 1877 3186 1858 3186 1859 3186 1877 3187 1859 3187 1878 3187 1878 3188 1859 3188 1860 3188 1878 3189 1860 3189 1879 3189 1879 3190 1860 3190 1861 3190 1879 3191 1861 3191 1880 3191 1880 3192 1861 3192 1862 3192 1880 3193 1862 3193 1881 3193 1881 3194 1862 3194 1863 3194 1881 3195 1863 3195 1882 3195 1882 3196 1863 3196 1864 3196 1882 3197 1864 3197 1883 3197 1883 3198 1864 3198 1865 3198 1883 3199 1865 3199 1884 3199 1884 3200 1865 3200 1866 3200 1884 3201 1866 3201 1885 3201 1885 3202 1866 3202 1867 3202 1885 3203 1867 3203 1886 3203 1886 3204 1867 3204 1868 3204 1886 3205 1868 3205 1887 3205 1887 3206 1868 3206 1843 3206 1887 3207 1843 3207 1842 3207 1844 3208 1847 3208 1845 3208 1845 3209 1847 3209 1869 3209 1845 3210 1869 3210 1888 3210 1888 3211 1869 3211 1870 3211 1888 3212 1870 3212 1889 3212 1889 3213 1870 3213 1871 3213 1889 3214 1871 3214 1890 3214 1890 3215 1871 3215 1872 3215 1890 3216 1872 3216 1891 3216 1891 3217 1872 3217 1873 3217 1891 3218 1873 3218 1892 3218 1892 3219 1873 3219 1874 3219 1892 3220 1874 3220 1893 3220 1893 3221 1874 3221 1875 3221 1893 3222 1875 3222 1894 3222 1894 3223 1875 3223 1876 3223 1894 3224 1876 3224 1895 3224 1895 3225 1876 3225 1877 3225 1895 3226 1877 3226 1896 3226 1896 3227 1877 3227 1878 3227 1896 3228 1878 3228 1897 3228 1897 3229 1878 3229 1879 3229 1897 3230 1879 3230 1898 3230 1898 3231 1879 3231 1880 3231 1898 3232 1880 3232 1899 3232 1899 3233 1880 3233 1881 3233 1899 3234 1881 3234 1900 3234 1900 3235 1881 3235 1882 3235 1900 3236 1882 3236 1901 3236 1901 3237 1882 3237 1883 3237 1901 3238 1883 3238 1902 3238 1902 3239 1883 3239 1884 3239 1902 3240 1884 3240 1903 3240 1903 3241 1884 3241 1885 3241 1903 3242 1885 3242 1904 3242 1904 3243 1885 3243 1886 3243 1904 3244 1886 3244 1905 3244 1905 3245 1886 3245 1887 3245 1905 3246 1887 3246 1906 3246 1906 3247 1887 3247 1842 3247 1906 3248 1842 3248 1841 3248 283 3249 1845 3249 281 3249 281 3250 1845 3250 1888 3250 281 3251 1888 3251 279 3251 279 3252 1888 3252 1889 3252 279 3253 1889 3253 284 3253 284 3254 1889 3254 1890 3254 284 3255 1890 3255 285 3255 285 3256 1890 3256 1891 3256 285 3257 1891 3257 286 3257 286 3258 1891 3258 1892 3258 286 3259 1892 3259 287 3259 287 3260 1892 3260 1893 3260 287 3261 1893 3261 288 3261 288 3262 1893 3262 1894 3262 288 3263 1894 3263 289 3263 289 3264 1894 3264 1895 3264 289 3265 1895 3265 290 3265 290 3266 1895 3266 1896 3266 290 3267 1896 3267 291 3267 291 3268 1896 3268 1897 3268 291 3269 1897 3269 292 3269 292 3270 1897 3270 1898 3270 292 3271 1898 3271 293 3271 293 3272 1898 3272 1899 3272 293 3273 1899 3273 294 3273 294 3274 1899 3274 1900 3274 294 3275 1900 3275 295 3275 295 3276 1900 3276 1901 3276 295 3277 1901 3277 296 3277 296 3278 1901 3278 1902 3278 296 3279 1902 3279 297 3279 297 3280 1902 3280 1903 3280 297 3281 1903 3281 298 3281 298 3282 1903 3282 1904 3282 298 3283 1904 3283 299 3283 299 3284 1904 3284 1905 3284 299 3285 1905 3285 300 3285 300 3286 1905 3286 1906 3286 300 3287 1906 3287 301 3287 301 3288 1906 3288 1841 3288 301 3289 1841 3289 280 3289 1907 3290 304 3290 303 3290 303 3291 1908 3291 1907 3291 1907 3292 1908 3292 1909 3292 1907 3293 1909 3293 1910 3293 1910 3294 1909 3294 1911 3294 1910 3295 1911 3295 1912 3295 283 3296 304 3296 1844 3296 1844 3297 304 3297 1907 3297 1844 3298 1907 3298 1846 3298 1846 3299 1907 3299 1910 3299 1846 3300 1910 3300 1848 3300 1848 3301 1910 3301 1912 3301 1848 3302 1912 3302 1256 3302 1256 3303 1912 3303 1363 3303 1911 3304 1913 3304 1912 3304 1912 3305 1913 3305 1914 3305 1912 3306 1914 3306 1363 3306 1363 3307 1914 3307 1366 3307 303 3308 277 3308 1908 3308 1908 1249 277 1249 1915 1249 1908 3309 1915 3309 1909 3309 1909 3310 1915 3310 1916 3310 1909 3311 1916 3311 1911 3311 1911 3311 1916 3311 1917 3311 1911 3312 1917 3312 1913 3312 1913 3313 1917 3313 1918 3313 1913 3314 1918 3314 1914 3314 1914 3315 1918 3315 1919 3315 1914 3316 1919 3316 1366 3316 1366 3317 1919 3317 1395 3317 1920 3318 272 3318 271 3318 277 3319 273 3319 1915 3319 1915 3320 273 3320 1921 3320 1922 3321 1918 3321 1923 3321 1923 3322 1918 3322 1917 3322 1923 3323 1917 3323 1921 3323 1921 3324 1917 3324 1916 3324 1921 3325 1916 3325 1915 3325 273 3326 272 3326 1921 3326 1921 3327 272 3327 1920 3327 1921 3328 1920 3328 1923 3328 1923 3329 1920 3329 1924 3329 1923 3330 1924 3330 1922 3330 1922 3331 1924 3331 1925 3331 271 3332 1926 3332 1920 3332 1920 3333 1926 3333 1927 3333 1920 3334 1927 3334 1924 3334 1924 3335 1927 3335 1928 3335 1924 3336 1928 3336 1925 3336 1925 3337 1928 3337 1929 3337 1925 3338 1929 3338 1930 3338 1656 3339 1395 3339 1922 3339 1922 3340 1395 3340 1919 3340 1922 3341 1919 3341 1918 3341 1656 3342 1922 3342 1655 3342 1655 3343 1922 3343 1925 3343 1655 3344 1925 3344 1654 3344 1654 3345 1925 3345 1930 3345 1654 3346 1930 3346 1494 3346 271 3347 260 3347 1926 3347 1926 3348 260 3348 1931 3348 1926 3349 1931 3349 1927 3349 1927 3350 1931 3350 1932 3350 1927 3351 1932 3351 1928 3351 1928 3352 1932 3352 1933 3352 1928 3353 1933 3353 1929 3353 1929 3354 1933 3354 1934 3354 1929 3355 1934 3355 1930 3355 1930 3356 1934 3356 1935 3356 1930 3357 1935 3357 1494 3357 1494 3358 1935 3358 1496 3358 1524 3359 1526 3359 1936 3359 1936 3360 1526 3360 1505 3360 1937 3361 1525 3361 1524 3361 1938 3362 1522 3362 1525 3362 269 3363 1939 3363 1519 3363 1519 3364 1521 3364 269 3364 269 3365 1521 3365 1522 3365 269 3366 1522 3366 270 3366 270 3367 1522 3367 1938 3367 270 3368 1938 3368 265 3368 265 3369 1938 3369 266 3369 266 3370 1938 3370 1940 3370 266 3371 1940 3371 264 3371 264 3372 1940 3372 1941 3372 264 3373 1941 3373 263 3373 263 3374 1941 3374 257 3374 257 3375 1941 3375 1942 3375 257 3376 1942 3376 259 3376 259 3377 1942 3377 1931 3377 259 3378 1931 3378 260 3378 1943 3379 1933 3379 1932 3379 1944 3380 1935 3380 1934 3380 1525 3381 1937 3381 1938 3381 1938 3382 1937 3382 1945 3382 1938 3383 1945 3383 1940 3383 1940 3384 1945 3384 1946 3384 1940 3385 1946 3385 1941 3385 1941 3386 1946 3386 1943 3386 1941 3387 1943 3387 1942 3387 1942 3388 1943 3388 1932 3388 1942 3389 1932 3389 1931 3389 1524 3390 1936 3390 1937 3390 1937 3391 1936 3391 1947 3391 1937 3392 1947 3392 1945 3392 1945 3393 1947 3393 1948 3393 1945 3394 1948 3394 1946 3394 1946 3395 1948 3395 1944 3395 1946 3396 1944 3396 1943 3396 1943 3397 1944 3397 1934 3397 1943 3398 1934 3398 1933 3398 1505 3399 1504 3399 1936 3399 1936 3400 1504 3400 1502 3400 1936 3401 1502 3401 1947 3401 1947 3402 1502 3402 1500 3402 1947 3403 1500 3403 1948 3403 1948 3404 1500 3404 1498 3404 1948 3405 1498 3405 1944 3405 1944 3406 1498 3406 1496 3406 1944 3407 1496 3407 1935 3407 1180 3408 1438 3408 1131 3408 1131 3409 1133 3409 1180 3409 1180 3410 1133 3410 1134 3410 1180 3411 1134 3411 1136 3411 1460 3412 1393 3412 1123 3412 1123 3413 1125 3413 1460 3413 1460 3414 1125 3414 1127 3414 1460 2182 1127 2182 1438 2182 1438 3415 1127 3415 1129 3415 1438 3416 1129 3416 1131 3416 1146 3417 1394 3417 1145 3417 1145 3418 1394 3418 1439 3418 1437 3419 1142 3419 1439 3419 1439 3420 1142 3420 1147 3420 1439 3421 1147 3421 1145 3421 1150 3422 1152 3422 1178 3422 1178 3423 1152 3423 1151 3423 1178 3424 1151 3424 1437 3424 1437 3425 1151 3425 1154 3425 1437 3426 1154 3426 1142 3426 1553 3427 1554 3427 1441 3427 1441 3428 1554 3428 1516 3428 1441 3429 1516 3429 1515 3429 1441 3430 1440 3430 1553 3430 1553 3431 1440 3431 1157 3431 1553 3432 1157 3432 1156 3432 1488 3433 1461 3433 1459 3433 1560 3434 1559 3434 1458 3434 1458 3435 1559 3435 1565 3435 1458 3436 1565 3436 1459 3436 1459 3437 1565 3437 1564 3437 1459 3438 1564 3438 1488 3438 1518 0 1550 0 1517 0 1517 0 1550 0 1548 0 1517 0 1548 0 1527 0 1527 0 1548 0 1528 0 1537 0 1532 0 1544 0 1544 3439 1532 3439 1528 3439 1544 0 1528 0 1545 0 1545 3440 1528 3440 1548 3440 1556 3441 1587 3441 1580 3441 1587 0 1556 0 1555 0 1555 3442 1556 3442 1557 3442 1555 0 1557 0 1588 0 1567 0 1566 0 1571 0 1571 0 1566 0 1556 0 1571 0 1556 0 1582 0 1582 0 1556 0 1580 0 33 3443 34 3443 1806 3443 33 3444 1806 3444 32 3444 32 3445 1806 3445 1594 3445 32 3446 1594 3446 1179 3446 1458 3447 1179 3447 1560 3447 1560 3448 1179 3448 1594 3448 1560 3449 1594 3449 1561 3449 1561 3450 1594 3450 1596 3450 1561 3451 1596 3451 1563 3451 1563 3452 1596 3452 1589 3452 1563 3453 1589 3453 1562 3453 1562 3454 1589 3454 1558 3454 1558 3455 1589 3455 1588 3455 1558 3456 1588 3456 1557 3456 1177 3457 1441 3457 1515 3457 1514 3458 1520 3458 1515 3458 1515 3459 1520 3459 1519 3459 1515 3460 1519 3460 1177 3460 1177 3461 1519 3461 267 3461 267 3462 1519 3462 268 3462 268 3463 1519 3463 1939 3463 268 3464 1939 3464 269 3464 1514 3465 1549 3465 1520 3465 1520 3466 1549 3466 1552 3466 1520 3467 1552 3467 1523 3467 1523 3468 1552 3468 1518 3468 1518 3469 1552 3469 1551 3469 1518 3470 1551 3470 1550 3470 1949 3471 1449 3471 1950 3471 1950 3472 1449 3472 1450 3472 1950 3473 1450 3473 1951 3473 1951 3474 1450 3474 1447 3474 1951 3475 1447 3475 1952 3475 1952 3476 1447 3476 1448 3476 1952 3477 1448 3477 1953 3477 1953 3478 1448 3478 1445 3478 1953 3479 1445 3479 1954 3479 1954 3480 1445 3480 1446 3480 1954 3481 1446 3481 1955 3481 1955 3482 1446 3482 1442 3482 1955 3483 1442 3483 1956 3483 1956 3483 1442 3483 1443 3483 1956 2 1443 2 1957 2 1957 2 1443 2 1444 2 1957 3484 1444 3484 1958 3484 1958 3484 1444 3484 1457 3484 1958 3485 1457 3485 1959 3485 1959 3486 1457 3486 1455 3486 1959 3487 1455 3487 1960 3487 1960 3488 1455 3488 1456 3488 1960 3489 1456 3489 1961 3489 1961 3490 1456 3490 1452 3490 1961 3491 1452 3491 1962 3491 1962 3492 1452 3492 1451 3492 1962 3493 1451 3493 1963 3493 1963 3494 1451 3494 1453 3494 1963 3495 1453 3495 1949 3495 1949 3496 1453 3496 1449 3496 1962 3497 1963 3497 1964 3497 1964 101 1963 101 1949 101 1964 101 1949 101 1950 101 1959 101 1960 101 1964 101 1964 3498 1960 3498 1961 3498 1964 101 1961 101 1962 101 1956 101 1957 101 1964 101 1964 101 1957 101 1958 101 1964 3499 1958 3499 1959 3499 1953 101 1954 101 1964 101 1964 3499 1954 3499 1955 3499 1964 101 1955 101 1956 101 1950 101 1951 101 1964 101 1964 101 1951 101 1952 101 1964 3498 1952 3498 1953 3498 1965 3500 1301 3500 1966 3500 1966 3501 1301 3501 1304 3501 1966 3502 1304 3502 1967 3502 1967 3503 1304 3503 1306 3503 1967 3504 1306 3504 1968 3504 1968 3505 1306 3505 1308 3505 1968 3506 1308 3506 1969 3506 1969 3507 1308 3507 1310 3507 1969 3508 1310 3508 1970 3508 1970 3509 1310 3509 1312 3509 1970 3510 1312 3510 1971 3510 1971 3511 1312 3511 1279 3511 1971 3512 1279 3512 1972 3512 1972 3512 1279 3512 1278 3512 1972 0 1278 0 1973 0 1973 0 1278 0 1281 0 1973 3513 1281 3513 1974 3513 1974 3513 1281 3513 1289 3513 1974 3514 1289 3514 1975 3514 1975 3515 1289 3515 1291 3515 1975 3516 1291 3516 1976 3516 1976 3517 1291 3517 1293 3517 1976 3518 1293 3518 1977 3518 1977 3519 1293 3519 1295 3519 1977 3520 1295 3520 1978 3520 1978 3521 1295 3521 1297 3521 1978 3522 1297 3522 1979 3522 1979 3523 1297 3523 1299 3523 1979 3524 1299 3524 1965 3524 1965 3525 1299 3525 1301 3525 1978 3526 1979 3526 1980 3526 1980 219 1979 219 1965 219 1980 219 1965 219 1966 219 1975 219 1976 219 1980 219 1980 3527 1976 3527 1977 3527 1980 219 1977 219 1978 219 1972 219 1973 219 1980 219 1980 3528 1973 3528 1974 3528 1980 3529 1974 3529 1975 3529 1969 219 1970 219 1980 219 1980 3529 1970 3529 1971 3529 1980 3528 1971 3528 1972 3528 1966 3530 1967 3530 1980 3530 1980 219 1967 219 1968 219 1980 3527 1968 3527 1969 3527 1981 3531 1982 3531 1983 3531 1983 3532 1982 3532 1984 3532 1983 3533 1984 3533 1985 3533 1985 3533 1984 3533 1986 3533 1985 3534 1986 3534 1987 3534 1987 3535 1986 3535 1988 3535 1987 3536 1988 3536 1989 3536 1989 3537 1988 3537 1990 3537 1989 3538 1990 3538 1991 3538 1991 3538 1990 3538 1992 3538 1991 3539 1992 3539 1993 3539 1993 3540 1992 3540 1994 3540 1993 3541 1994 3541 1995 3541 1995 3542 1994 3542 1996 3542 1995 3543 1996 3543 1997 3543 1997 3544 1996 3544 1998 3544 1997 3545 1998 3545 1999 3545 1999 3546 1998 3546 2000 3546 1999 3547 2000 3547 2001 3547 2001 3548 2000 3548 2002 3548 2001 3549 2002 3549 2003 3549 2003 3550 2002 3550 2004 3550 2003 3551 2004 3551 1981 3551 1981 3552 2004 3552 1982 3552 1998 0 1996 0 2005 0 2005 3553 1996 3553 1994 3553 2005 3554 1994 3554 1992 3554 2004 0 2002 0 2005 0 2005 0 2002 0 2000 0 2005 0 2000 0 1998 0 1986 0 1984 0 2005 0 2005 3555 1984 3555 1982 3555 2005 3556 1982 3556 2004 3556 1992 0 1990 0 2005 0 2005 0 1990 0 1988 0 2005 0 1988 0 1986 0 2001 3557 2003 3557 2006 3557 2006 3558 2003 3558 1981 3558 2006 3559 1981 3559 1983 3559 1995 3560 1997 3560 2006 3560 2006 2 1997 2 1999 2 2006 2 1999 2 2001 2 1989 3561 1991 3561 2006 3561 2006 3562 1991 3562 1993 3562 2006 3563 1993 3563 1995 3563 1983 3564 1985 3564 2006 3564 2006 2 1985 2 1987 2 2006 2 1987 2 1989 2 2007 3565 2008 3565 2009 3565 2009 3566 2008 3566 2010 3566 2009 3567 2010 3567 2011 3567 2011 3533 2010 3533 2012 3533 2011 3568 2012 3568 2013 3568 2013 3535 2012 3535 2014 3535 2013 3536 2014 3536 2015 3536 2015 3569 2014 3569 2016 3569 2015 3538 2016 3538 2017 3538 2017 3570 2016 3570 2018 3570 2017 3571 2018 3571 2019 3571 2019 3572 2018 3572 2020 3572 2019 3573 2020 3573 2021 3573 2021 3574 2020 3574 2022 3574 2021 3544 2022 3544 2023 3544 2023 3544 2022 3544 2024 3544 2023 3575 2024 3575 2025 3575 2025 3546 2024 3546 2026 3546 2025 3547 2026 3547 2027 3547 2027 3576 2026 3576 2028 3576 2027 3549 2028 3549 2029 3549 2029 3549 2028 3549 2030 3549 2029 3577 2030 3577 2007 3577 2007 3578 2030 3578 2008 3578 2024 0 2022 0 2031 0 2031 3556 2022 3556 2020 3556 2031 3555 2020 3555 2018 3555 2030 0 2028 0 2031 0 2031 0 2028 0 2026 0 2031 0 2026 0 2024 0 2012 0 2010 0 2031 0 2031 3554 2010 3554 2008 3554 2031 3553 2008 3553 2030 3553 2018 0 2016 0 2031 0 2031 0 2016 0 2014 0 2031 0 2014 0 2012 0 2027 3579 2029 3579 2032 3579 2032 3563 2029 3563 2007 3563 2032 3562 2007 3562 2009 3562 2021 3560 2023 3560 2032 3560 2032 2 2023 2 2025 2 2032 2 2025 2 2027 2 2015 3580 2017 3580 2032 3580 2032 3559 2017 3559 2019 3559 2032 3558 2019 3558 2021 3558 2009 3564 2011 3564 2032 3564 2032 2 2011 2 2013 2 2032 2 2013 2 2015 2 2033 3531 2034 3531 2035 3531 2035 3532 2034 3532 2036 3532 2035 3533 2036 3533 2037 3533 2037 3533 2036 3533 2038 3533 2037 3534 2038 3534 2039 3534 2039 3535 2038 3535 2040 3535 2039 3536 2040 3536 2041 3536 2041 3537 2040 3537 2042 3537 2041 3538 2042 3538 2043 3538 2043 3538 2042 3538 2044 3538 2043 3539 2044 3539 2045 3539 2045 3540 2044 3540 2046 3540 2045 3541 2046 3541 2047 3541 2047 3542 2046 3542 2048 3542 2047 3543 2048 3543 2049 3543 2049 3544 2048 3544 2050 3544 2049 3545 2050 3545 2051 3545 2051 3546 2050 3546 2052 3546 2051 3547 2052 3547 2053 3547 2053 3548 2052 3548 2054 3548 2053 3549 2054 3549 2055 3549 2055 3550 2054 3550 2056 3550 2055 3551 2056 3551 2033 3551 2033 3552 2056 3552 2034 3552 2050 0 2048 0 2057 0 2057 3556 2048 3556 2046 3556 2057 3555 2046 3555 2044 3555 2056 0 2054 0 2057 0 2057 0 2054 0 2052 0 2057 0 2052 0 2050 0 2038 0 2036 0 2057 0 2057 3554 2036 3554 2034 3554 2057 3553 2034 3553 2056 3553 2044 0 2042 0 2057 0 2057 0 2042 0 2040 0 2057 0 2040 0 2038 0 2053 3579 2055 3579 2058 3579 2058 3563 2055 3563 2033 3563 2058 3562 2033 3562 2035 3562 2047 3560 2049 3560 2058 3560 2058 2 2049 2 2051 2 2058 2 2051 2 2053 2 2041 3580 2043 3580 2058 3580 2058 3559 2043 3559 2045 3559 2058 3558 2045 3558 2047 3558 2035 3564 2037 3564 2058 3564 2058 2 2037 2 2039 2 2058 2 2039 2 2041 2 2059 3565 2060 3565 2061 3565 2061 3566 2060 3566 2062 3566 2061 3567 2062 3567 2063 3567 2063 3533 2062 3533 2064 3533 2063 3568 2064 3568 2065 3568 2065 3535 2064 3535 2066 3535 2065 3536 2066 3536 2067 3536 2067 3569 2066 3569 2068 3569 2067 3538 2068 3538 2069 3538 2069 3570 2068 3570 2070 3570 2069 3571 2070 3571 2071 3571 2071 3572 2070 3572 2072 3572 2071 3573 2072 3573 2073 3573 2073 3574 2072 3574 2074 3574 2073 3544 2074 3544 2075 3544 2075 3544 2074 3544 2076 3544 2075 3575 2076 3575 2077 3575 2077 3546 2076 3546 2078 3546 2077 3547 2078 3547 2079 3547 2079 3576 2078 3576 2080 3576 2079 3549 2080 3549 2081 3549 2081 3549 2080 3549 2082 3549 2081 3577 2082 3577 2059 3577 2059 3578 2082 3578 2060 3578 2076 0 2074 0 2083 0 2083 3553 2074 3553 2072 3553 2083 3554 2072 3554 2070 3554 2082 0 2080 0 2083 0 2083 0 2080 0 2078 0 2083 0 2078 0 2076 0 2064 0 2062 0 2083 0 2083 3555 2062 3555 2060 3555 2083 3556 2060 3556 2082 3556 2070 0 2068 0 2083 0 2083 0 2068 0 2066 0 2083 0 2066 0 2064 0 2079 3557 2081 3557 2084 3557 2084 3558 2081 3558 2059 3558 2084 3559 2059 3559 2061 3559 2073 3560 2075 3560 2084 3560 2084 2 2075 2 2077 2 2084 2 2077 2 2079 2 2067 3561 2069 3561 2084 3561 2084 3562 2069 3562 2071 3562 2084 3563 2071 3563 2073 3563 2061 3564 2063 3564 2084 3564 2084 2 2063 2 2065 2 2084 2 2065 2 2067 2</p>
        </triangles>
      </mesh>
    </geometry>
  </library_geometries>
  <library_visual_scenes>
    <visual_scene id="Scene" name="Scene">
      <node id="link_5_2" name="link_5_2" type="NODE">
        <matrix sid="transform">0 1 0 0 -1 0 0 0 0 0 1 0 0 0 0 1</matrix>
        <instance_geometry url="#link_5_2-mesh" name="link_5_2">
          <bind_material>
            <technique_common>
              <instance_material symbol="m_1-material" target="#m_1-material"/>
            </technique_common>
          </bind_material>
        </instance_geometry>
      </node>
    </visual_scene>
  </library_visual_scenes>
  <scene>
    <instance_visual_scene url="#Scene"/>
  </scene>
</COLLADA>